complex_id,direction,alpha,n_int,int_recovery,noninterface_recovery,meanL_mpnn,meanL_esmif
1A22_A_B,L,0.0,60,0.2445,0.2946,-0.1517,-0.2721
1A22_A_B,L,0.25,60,0.2604,0.2944,-0.0239,-0.1686
1A22_A_B,L,0.5,60,0.2716,0.2945,0.0953,-0.0821
1A22_A_B,L,1.0,60,0.2938,0.2943,0.2371,0.0267
1A22_A_B,L,2.0,60,0.3091,0.2944,0.3914,0.1277
1A22_A_B,random,0.0,60,0.2445,0.2946,-0.1517,-0.2721
1A22_A_B,random,0.25,60,0.2474,0.2944,-0.1787,-0.2832
1A22_A_B,random,0.5,60,0.2424,0.2939,-0.196,-0.2986
1A22_A_B,random,1.0,60,0.2349,0.294,-0.2633,-0.3832
1A22_A_B,random,2.0,60,0.1995,0.2939,-0.4183,-0.5758
1A4Y_A_B,L,0.0,60,0.1607,0.3723,0.0132,0.1128
1A4Y_A_B,L,0.25,60,0.1622,0.3724,0.096,0.1882
1A4Y_A_B,L,0.5,60,0.1677,0.3724,0.1808,0.2616
1A4Y_A_B,L,1.0,60,0.1768,0.3722,0.3073,0.3608
1A4Y_A_B,L,2.0,60,0.1815,0.3724,0.4591,0.4848
1A4Y_A_B,random,0.0,60,0.1607,0.3723,0.0132,0.1128
1A4Y_A_B,random,0.25,60,0.1557,0.3724,0.0183,0.1325
1A4Y_A_B,random,0.5,60,0.1602,0.3722,0.0079,0.1309
1A4Y_A_B,random,1.0,60,0.156,0.3722,-0.0029,0.1213
1A4Y_A_B,random,2.0,60,0.1401,0.372,-0.0811,0.0385
1ACB_E_I,L,0.0,32,0.2959,0.4123,0.3264,-0.3389
1ACB_E_I,L,0.25,32,0.3032,0.412,0.469,-0.2581
1ACB_E_I,L,0.5,32,0.3071,0.4118,0.555,-0.2123
1ACB_E_I,L,1.0,32,0.3188,0.4117,0.723,-0.1476
1ACB_E_I,L,2.0,32,0.3252,0.4115,0.9348,-0.0766
1ACB_E_I,random,0.0,32,0.2959,0.4123,0.3264,-0.3389
1ACB_E_I,random,0.25,32,0.293,0.4125,0.3138,-0.3614
1ACB_E_I,random,0.5,32,0.2822,0.4122,0.2989,-0.4057
1ACB_E_I,random,1.0,32,0.2573,0.4126,0.2596,-0.4559
1ACB_E_I,random,2.0,32,0.2202,0.4114,0.1406,-0.568
1AHW_AB_C,L,0.0,44,0.1825,0.3456,0.1527,-0.0272
1AHW_AB_C,L,0.25,44,0.1854,0.345,0.313,0.0712
1AHW_AB_C,L,0.5,44,0.185,0.3448,0.4266,0.1339
1AHW_AB_C,L,1.0,44,0.1861,0.3448,0.5441,0.2053
1AHW_AB_C,L,2.0,44,0.1911,0.3451,0.7157,0.3133
1AHW_AB_C,random,0.0,44,0.1825,0.3456,0.1527,-0.0272
1AHW_AB_C,random,0.25,44,0.1808,0.3454,0.1627,-0.0381
1AHW_AB_C,random,0.5,44,0.1783,0.3453,0.159,-0.0464
1AHW_AB_C,random,1.0,44,0.1641,0.3451,0.0976,-0.0786
1AHW_AB_C,random,2.0,44,0.1392,0.3444,-0.0274,-0.14
1AK4_A_D,L,0.0,26,0.366,0.3627,-0.2236,0.0412
1AK4_A_D,L,0.25,26,0.3882,0.3632,-0.1342,0.0785
1AK4_A_D,L,0.5,26,0.4056,0.3635,-0.0674,0.11
1AK4_A_D,L,1.0,26,0.4255,0.3638,0.0423,0.1782
1AK4_A_D,L,2.0,26,0.4285,0.3636,0.1786,0.2368
1AK4_A_D,random,0.0,26,0.366,0.3627,-0.2236,0.0412
1AK4_A_D,random,0.25,26,0.3648,0.363,-0.2352,0.0374
1AK4_A_D,random,0.5,26,0.366,0.3632,-0.2379,0.0171
1AK4_A_D,random,1.0,26,0.3474,0.3632,-0.2819,-0.0187
1AK4_A_D,random,2.0,26,0.256,0.3627,-0.569,-0.2447
1B2S_A_D,L,0.0,28,0.3019,0.4075,0.0793,0.3508
1B2S_A_D,L,0.25,28,0.3214,0.4074,0.2625,0.5627
1B2S_A_D,L,0.5,28,0.3281,0.408,0.3826,0.6853
1B2S_A_D,L,1.0,28,0.3281,0.4078,0.5619,0.8816
1B2S_A_D,L,2.0,28,0.3259,0.4086,0.7484,1.0351
1B2S_A_D,random,0.0,28,0.3019,0.4075,0.0793,0.3508
1B2S_A_D,random,0.25,28,0.3131,0.4075,0.0752,0.3539
1B2S_A_D,random,0.5,28,0.3131,0.4077,0.0254,0.2912
1B2S_A_D,random,1.0,28,0.2997,0.4059,-0.1755,0.0182
1B2S_A_D,random,2.0,28,0.264,0.4049,-0.5699,-0.4424
1B2U_A_D,L,0.0,30,0.2672,0.4106,-0.0112,0.2649
1B2U_A_D,L,0.25,30,0.2911,0.412,0.1696,0.4763
1B2U_A_D,L,0.5,30,0.3094,0.4108,0.2856,0.618
1B2U_A_D,L,1.0,30,0.3266,0.413,0.4736,0.7955
1B2U_A_D,L,2.0,30,0.3271,0.4131,0.6676,0.9802
1B2U_A_D,random,0.0,30,0.2672,0.4106,-0.0112,0.2649
1B2U_A_D,random,0.25,30,0.2714,0.4103,0.0163,0.2524
1B2U_A_D,random,0.5,30,0.2661,0.41,-0.0012,0.182
1B2U_A_D,random,1.0,30,0.2354,0.4088,-0.0968,-0.1042
1B2U_A_D,random,2.0,30,0.1885,0.4062,-0.3044,-0.5044
1B3S_A_D,L,0.0,27,0.2841,0.3974,0.2417,-0.056
1B3S_A_D,L,0.25,27,0.2865,0.3977,0.3849,0.0706
1B3S_A_D,L,0.5,27,0.2894,0.3977,0.4932,0.2322
1B3S_A_D,L,1.0,27,0.2975,0.3988,0.6373,0.3676
1B3S_A_D,L,2.0,27,0.2998,0.3991,0.828,0.55
1B3S_A_D,random,0.0,27,0.2841,0.3974,0.2417,-0.056
1B3S_A_D,random,0.25,27,0.2865,0.3974,0.244,-0.038
1B3S_A_D,random,0.5,27,0.2703,0.3976,0.2222,-0.0551
1B3S_A_D,random,1.0,27,0.2442,0.3956,0.1373,-0.1449
1B3S_A_D,random,2.0,27,0.2008,0.3921,-0.0362,-0.3804
1B41_A_B,L,0.0,40,0.2973,0.3803,0.0423,-0.4051
1B41_A_B,L,0.25,40,0.309,0.3803,0.1798,-0.2773
1B41_A_B,L,0.5,40,0.3148,0.3803,0.2648,-0.1962
1B41_A_B,L,1.0,40,0.3148,0.3802,0.424,-0.0596
1B41_A_B,L,2.0,40,0.298,0.38,0.5876,0.0791
1B41_A_B,random,0.0,40,0.2973,0.3803,0.0423,-0.4051
1B41_A_B,random,0.25,40,0.2941,0.3803,0.0498,-0.4241
1B41_A_B,random,0.5,40,0.2969,0.3801,0.0486,-0.4375
1B41_A_B,random,1.0,40,0.2844,0.3798,0.023,-0.5083
1B41_A_B,random,2.0,40,0.2676,0.3798,-0.1082,-0.7258
1BJ1_HL_VW,L,0.0,36,0.1775,0.3874,0.233,-0.3834
1BJ1_HL_VW,L,0.25,36,0.1806,0.3875,0.3868,-0.2732
1BJ1_HL_VW,L,0.5,36,0.1892,0.3875,0.5157,-0.1748
1BJ1_HL_VW,L,1.0,36,0.1975,0.3874,0.6776,-0.0216
1BJ1_HL_VW,L,2.0,36,0.1984,0.3873,0.882,0.1422
1BJ1_HL_VW,random,0.0,36,0.1775,0.3874,0.233,-0.3834
1BJ1_HL_VW,random,0.25,36,0.1836,0.3875,0.2283,-0.3833
1BJ1_HL_VW,random,0.5,36,0.1845,0.3874,0.1941,-0.401
1BJ1_HL_VW,random,1.0,36,0.1853,0.3875,0.1258,-0.456
1BJ1_HL_VW,random,2.0,36,0.1697,0.3869,0.0082,-0.6455
1BP3_A_B,L,0.0,61,0.1555,0.2387,-0.0419,-0.1464
1BP3_A_B,L,0.25,61,0.1644,0.2388,0.0536,-0.0708
1BP3_A_B,L,0.5,61,0.168,0.2382,0.1398,-0.0029
1BP3_A_B,L,1.0,61,0.1706,0.2381,0.2583,0.0961
1BP3_A_B,L,2.0,61,0.1711,0.2383,0.4255,0.2635
1BP3_A_B,random,0.0,61,0.1555,0.2387,-0.0419,-0.1464
1BP3_A_B,random,0.25,61,0.1537,0.2388,-0.0358,-0.1366
1BP3_A_B,random,0.5,61,0.1519,0.2385,-0.0339,-0.1283
1BP3_A_B,random,1.0,61,0.144,0.2386,-0.0457,-0.1326
1BP3_A_B,random,2.0,61,0.1209,0.239,-0.0884,-0.1334
1BRS_A_D,L,0.0,28,0.3292,0.4258,0.1031,0.5709
1BRS_A_D,L,0.25,28,0.3415,0.4257,0.2693,0.7699
1BRS_A_D,L,0.5,28,0.3555,0.4261,0.403,0.898
1BRS_A_D,L,1.0,28,0.3583,0.4272,0.582,1.0706
1BRS_A_D,L,2.0,28,0.3527,0.4283,0.7485,1.2329
1BRS_A_D,random,0.0,28,0.3292,0.4258,0.1031,0.5709
1BRS_A_D,random,0.25,28,0.3287,0.4264,0.0976,0.5406
1BRS_A_D,random,0.5,28,0.322,0.4266,0.0427,0.4317
1BRS_A_D,random,1.0,28,0.2868,0.4257,-0.0872,0.2071
1BRS_A_D,random,2.0,28,0.2288,0.4261,-0.3502,-0.347
1C1Y_A_B,L,0.0,27,0.1811,0.3055,0.0273,-0.0546
1C1Y_A_B,L,0.25,27,0.1898,0.3052,0.1383,0.0445
1C1Y_A_B,L,0.5,27,0.1956,0.3043,0.2252,0.1191
1C1Y_A_B,L,1.0,27,0.2072,0.3044,0.3735,0.2279
1C1Y_A_B,L,2.0,27,0.2164,0.3036,0.5647,0.3369
1C1Y_A_B,random,0.0,27,0.1811,0.3055,0.0273,-0.0546
1C1Y_A_B,random,0.25,27,0.1782,0.3055,0.0289,-0.0519
1C1Y_A_B,random,0.5,27,0.1719,0.305,0.0186,-0.0306
1C1Y_A_B,random,1.0,27,0.1649,0.3057,0.0011,-0.0528
1C1Y_A_B,random,2.0,27,0.1204,0.3051,-0.1096,-0.1627
1CBW_FGH_I,L,0.0,31,0.3185,0.3708,0.1458,0.0282
1CBW_FGH_I,L,0.25,31,0.3065,0.3709,0.2316,0.0946
1CBW_FGH_I,L,0.5,31,0.3065,0.3711,0.3,0.1589
1CBW_FGH_I,L,1.0,31,0.2828,0.3711,0.4342,0.2891
1CBW_FGH_I,L,2.0,31,0.255,0.371,0.6005,0.4793
1CBW_FGH_I,random,0.0,31,0.3185,0.3708,0.1458,0.0282
1CBW_FGH_I,random,0.25,31,0.3085,0.3714,0.1424,0.044
1CBW_FGH_I,random,0.5,31,0.3024,0.3714,0.1219,0.0387
1CBW_FGH_I,random,1.0,31,0.2903,0.3714,0.0874,0.0135
1CBW_FGH_I,random,2.0,31,0.2812,0.3705,-0.0243,-0.0328
1CHO_EFG_I,L,0.0,34,0.2992,0.4301,0.3211,0.1621
1CHO_EFG_I,L,0.25,34,0.2941,0.4293,0.4541,0.2189
1CHO_EFG_I,L,0.5,34,0.296,0.4289,0.5769,0.2837
1CHO_EFG_I,L,1.0,34,0.2886,0.4278,0.7351,0.3762
1CHO_EFG_I,L,2.0,34,0.2757,0.4263,0.9322,0.5148
1CHO_EFG_I,random,0.0,34,0.2992,0.4301,0.3211,0.1621
1CHO_EFG_I,random,0.25,34,0.295,0.4294,0.3,0.1328
1CHO_EFG_I,random,0.5,34,0.2858,0.4294,0.299,0.1214
1CHO_EFG_I,random,1.0,34,0.2606,0.4296,0.2512,0.081
1CHO_EFG_I,random,2.0,34,0.2348,0.4288,0.1829,0.0681
1CSE_E_I,L,0.0,32,0.3511,0.4353,0.2794,-0.4828
1CSE_E_I,L,0.25,32,0.3604,0.4353,0.4267,-0.3401
1CSE_E_I,L,0.5,32,0.3638,0.4359,0.5331,-0.2393
1CSE_E_I,L,1.0,32,0.3667,0.4347,0.6763,-0.1161
1CSE_E_I,L,2.0,32,0.3623,0.4344,0.8713,0.0319
1CSE_E_I,random,0.0,32,0.3511,0.4353,0.2794,-0.4828
1CSE_E_I,random,0.25,32,0.3413,0.4354,0.277,-0.4863
1CSE_E_I,random,0.5,32,0.3354,0.4351,0.2659,-0.4901
1CSE_E_I,random,1.0,32,0.3047,0.4348,0.1937,-0.573
1CSE_E_I,random,2.0,32,0.2588,0.435,0.0456,-0.7501
1CSO_E_I,L,0.0,29,0.3863,0.4547,0.0579,-0.6126
1CSO_E_I,L,0.25,29,0.4003,0.4555,0.2944,-0.3823
1CSO_E_I,L,0.5,29,0.4014,0.4555,0.4391,-0.2474
1CSO_E_I,L,1.0,29,0.3998,0.4552,0.5879,-0.1271
1CSO_E_I,L,2.0,29,0.3933,0.4542,0.7654,-0.0158
1CSO_E_I,random,0.0,29,0.3863,0.4547,0.0579,-0.6126
1CSO_E_I,random,0.25,29,0.3863,0.4553,0.0733,-0.573
1CSO_E_I,random,0.5,29,0.382,0.4558,0.0801,-0.5468
1CSO_E_I,random,1.0,29,0.3475,0.4552,-0.024,-0.728
1CSO_E_I,random,2.0,29,0.2969,0.4543,-0.236,-1.0584
1CT0_E_I,L,0.0,28,0.404,0.4639,0.1105,-0.2045
1CT0_E_I,L,0.25,28,0.4029,0.4638,0.2848,-0.0225
1CT0_E_I,L,0.5,28,0.4129,0.4645,0.4207,0.1196
1CT0_E_I,L,1.0,28,0.409,0.4645,0.5772,0.2552
1CT0_E_I,L,2.0,28,0.3968,0.4639,0.7634,0.4175
1CT0_E_I,random,0.0,28,0.404,0.4639,0.1105,-0.2045
1CT0_E_I,random,0.25,28,0.3878,0.4636,0.0949,-0.2404
1CT0_E_I,random,0.5,28,0.3783,0.4631,0.098,-0.2515
1CT0_E_I,random,1.0,28,0.3343,0.4624,-0.0609,-0.5086
1CT0_E_I,random,2.0,28,0.2695,0.4607,-0.3877,-1.0013
1CT2_E_I,L,0.0,29,0.3906,0.4677,0.1073,-0.1588
1CT2_E_I,L,0.25,29,0.4019,0.4681,0.2883,0.0102
1CT2_E_I,L,0.5,29,0.4041,0.4679,0.4017,0.1041
1CT2_E_I,L,1.0,29,0.4025,0.4673,0.5601,0.2329
1CT2_E_I,L,2.0,29,0.3879,0.4676,0.7476,0.3964
1CT2_E_I,random,0.0,29,0.3906,0.4677,0.1073,-0.1588
1CT2_E_I,random,0.25,29,0.3971,0.4679,0.1124,-0.1555
1CT2_E_I,random,0.5,29,0.3874,0.4669,0.0947,-0.1919
1CT2_E_I,random,1.0,29,0.3696,0.4669,0.0217,-0.3393
1CT2_E_I,random,2.0,29,0.3071,0.4653,-0.1144,-0.6968
1CT4_E_I,L,0.0,29,0.3885,0.4676,-0.0114,-0.3502
1CT4_E_I,L,0.25,29,0.403,0.4685,0.1621,-0.1574
1CT4_E_I,L,0.5,29,0.4116,0.4688,0.2856,-0.0635
1CT4_E_I,L,1.0,29,0.4133,0.4685,0.4467,0.0975
1CT4_E_I,L,2.0,29,0.4095,0.4684,0.6223,0.2243
1CT4_E_I,random,0.0,29,0.3885,0.4676,-0.0114,-0.3502
1CT4_E_I,random,0.25,29,0.3982,0.4676,-0.0267,-0.3787
1CT4_E_I,random,0.5,29,0.4036,0.4677,-0.0563,-0.4063
1CT4_E_I,random,1.0,29,0.3782,0.4662,-0.1602,-0.5951
1CT4_E_I,random,2.0,29,0.3346,0.4645,-0.3782,-1.0082
1CZ8_HL_VW,L,0.0,34,0.1696,0.3891,0.2341,-0.3494
1CZ8_HL_VW,L,0.25,34,0.1765,0.389,0.3808,-0.2354
1CZ8_HL_VW,L,0.5,34,0.1834,0.389,0.5395,-0.1074
1CZ8_HL_VW,L,1.0,34,0.1935,0.3888,0.7038,0.0001
1CZ8_HL_VW,L,2.0,34,0.2109,0.3888,0.907,0.1498
1CZ8_HL_VW,random,0.0,34,0.1696,0.3891,0.2341,-0.3494
1CZ8_HL_VW,random,0.25,34,0.1691,0.3892,0.2599,-0.3189
1CZ8_HL_VW,random,0.5,34,0.1595,0.389,0.2598,-0.3226
1CZ8_HL_VW,random,1.0,34,0.1622,0.389,0.2295,-0.3339
1CZ8_HL_VW,random,2.0,34,0.153,0.3893,0.0438,-0.4517
1DAN_HL_UT,L,0.0,81,0.2697,0.3861,-0.198,-0.334
1DAN_HL_UT,L,0.25,81,0.2901,0.3856,-0.0854,-0.2144
1DAN_HL_UT,L,0.5,81,0.3108,0.3861,0.0055,-0.1143
1DAN_HL_UT,L,1.0,81,0.3301,0.3866,0.1311,0.0195
1DAN_HL_UT,L,2.0,81,0.3499,0.386,0.2702,0.1471
1DAN_HL_UT,random,0.0,81,0.2697,0.3861,-0.198,-0.334
1DAN_HL_UT,random,0.25,81,0.2689,0.3857,-0.1984,-0.3279
1DAN_HL_UT,random,0.5,81,0.2627,0.3856,-0.2041,-0.3272
1DAN_HL_UT,random,1.0,81,0.2506,0.3857,-0.2391,-0.3678
1DAN_HL_UT,random,2.0,81,0.2205,0.3853,-0.3804,-0.5214
1DQJ_AB_C,L,0.0,41,0.2607,0.4005,0.03,-0.0572
1DQJ_AB_C,L,0.25,41,0.2618,0.4003,0.1138,0.0438
1DQJ_AB_C,L,0.5,41,0.2713,0.4,0.2024,0.1561
1DQJ_AB_C,L,1.0,41,0.2725,0.4003,0.341,0.3209
1DQJ_AB_C,L,2.0,41,0.2656,0.4001,0.5474,0.5249
1DQJ_AB_C,random,0.0,41,0.2607,0.4005,0.03,-0.0572
1DQJ_AB_C,random,0.25,41,0.2702,0.4005,0.036,-0.0132
1DQJ_AB_C,random,0.5,41,0.2801,0.4005,0.0453,0.0679
1DQJ_AB_C,random,1.0,41,0.2881,0.4003,0.0405,0.1261
1DQJ_AB_C,random,2.0,41,0.2771,0.4001,-0.0406,0.1263
1DVF_AB_CD,L,0.0,38,0.2336,0.4279,-0.0901,-0.2609
1DVF_AB_CD,L,0.25,38,0.241,0.4281,-0.0164,-0.1879
1DVF_AB_CD,L,0.5,38,0.2471,0.4278,0.0458,-0.133
1DVF_AB_CD,L,1.0,38,0.2619,0.4278,0.1658,-0.0144
1DVF_AB_CD,L,2.0,38,0.278,0.4284,0.3086,0.119
1DVF_AB_CD,random,0.0,38,0.2336,0.4279,-0.0901,-0.2609
1DVF_AB_CD,random,0.25,38,0.2331,0.4281,-0.0758,-0.2492
1DVF_AB_CD,random,0.5,38,0.2299,0.4282,-0.0669,-0.2334
1DVF_AB_CD,random,1.0,38,0.2294,0.428,-0.063,-0.2235
1DVF_AB_CD,random,2.0,38,0.2175,0.4279,-0.1117,-0.2844
1E50_A_B,L,0.0,50,0.3709,0.3234,0.11,0.0488
1E50_A_B,L,0.25,50,0.3794,0.324,0.2364,0.1898
1E50_A_B,L,0.5,50,0.3853,0.3244,0.3284,0.2771
1E50_A_B,L,1.0,50,0.3825,0.3254,0.4886,0.4488
1E50_A_B,L,2.0,50,0.3759,0.3244,0.6427,0.6054
1E50_A_B,random,0.0,50,0.3709,0.3234,0.11,0.0488
1E50_A_B,random,0.25,50,0.3728,0.3237,0.1132,0.0609
1E50_A_B,random,0.5,50,0.3756,0.3237,0.0942,0.0196
1E50_A_B,random,1.0,50,0.3762,0.3223,0.0201,-0.0673
1E50_A_B,random,2.0,50,0.3328,0.3176,-0.2373,-0.3494
1E96_A_B,L,0.0,26,0.2536,0.3227,-0.2202,0.0326
1E96_A_B,L,0.25,26,0.259,0.3229,-0.1019,0.1611
1E96_A_B,L,0.5,26,0.2698,0.3228,-0.0087,0.2536
1E96_A_B,L,1.0,26,0.2849,0.3225,0.1011,0.3093
1E96_A_B,L,2.0,26,0.3011,0.3221,0.2515,0.4182
1E96_A_B,random,0.0,26,0.2536,0.3227,-0.2202,0.0326
1E96_A_B,random,0.25,26,0.247,0.3228,-0.2595,0.0067
1E96_A_B,random,0.5,26,0.2362,0.3228,-0.2871,-0.0272
1E96_A_B,random,1.0,26,0.2037,0.3223,-0.4546,-0.253
1E96_A_B,random,2.0,26,0.1442,0.3225,-0.6683,-0.5409
1EAW_A_B,L,0.0,38,0.3232,0.3334,0.1649,0.3631
1EAW_A_B,L,0.25,38,0.3215,0.3335,0.2695,0.4243
1EAW_A_B,L,0.5,38,0.3191,0.3334,0.3511,0.4515
1EAW_A_B,L,1.0,38,0.308,0.3331,0.5043,0.5321
1EAW_A_B,L,2.0,38,0.2932,0.3336,0.677,0.6404
1EAW_A_B,random,0.0,38,0.3232,0.3334,0.1649,0.3631
1EAW_A_B,random,0.25,38,0.3133,0.3341,0.1723,0.3879
1EAW_A_B,random,0.5,38,0.3047,0.3341,0.1785,0.3884
1EAW_A_B,random,1.0,38,0.287,0.3337,0.1992,0.3964
1EAW_A_B,random,2.0,38,0.2525,0.3336,0.1969,0.4255
1EFN_A_B,L,0.0,22,0.3629,0.3377,-0.2302,-0.8503
1EFN_A_B,L,0.25,22,0.3928,0.3368,-0.0807,-0.7071
1EFN_A_B,L,0.5,22,0.4134,0.3376,0.042,-0.5971
1EFN_A_B,L,1.0,22,0.4311,0.3385,0.2017,-0.4561
1EFN_A_B,L,2.0,22,0.4503,0.3375,0.3797,-0.3598
1EFN_A_B,random,0.0,22,0.3629,0.3377,-0.2302,-0.8503
1EFN_A_B,random,0.25,22,0.3615,0.3373,-0.2639,-0.8887
1EFN_A_B,random,0.5,22,0.3594,0.3372,-0.3271,-0.9316
1EFN_A_B,random,1.0,22,0.3288,0.337,-0.5057,-1.2339
1EFN_A_B,random,2.0,22,0.2862,0.3355,-0.7081,-1.6404
1EMV_A_B,L,0.0,36,0.3003,0.3581,0.1094,-0.5545
1EMV_A_B,L,0.25,36,0.3181,0.358,0.3057,-0.2957
1EMV_A_B,L,0.5,36,0.3303,0.3581,0.414,-0.1423
1EMV_A_B,L,1.0,36,0.3429,0.3581,0.5735,0.0996
1EMV_A_B,L,2.0,36,0.3563,0.3583,0.7292,0.2568
1EMV_A_B,random,0.0,36,0.3003,0.3581,0.1094,-0.5545
1EMV_A_B,random,0.25,36,0.3051,0.3574,0.1294,-0.5204
1EMV_A_B,random,0.5,36,0.2973,0.3578,0.116,-0.5258
1EMV_A_B,random,1.0,36,0.2799,0.3571,0.0095,-0.582
1EMV_A_B,random,2.0,36,0.2396,0.357,-0.1795,-0.8244
1F47_A_B,L,0.0,24,0.2689,0.3433,-0.4568,-1.1898
1F47_A_B,L,0.25,24,0.304,0.3434,-0.2669,-0.9382
1F47_A_B,L,0.5,24,0.3249,0.3433,-0.1373,-0.7634
1F47_A_B,L,1.0,24,0.3646,0.3424,0.0451,-0.56
1F47_A_B,L,2.0,24,0.388,0.3432,0.2175,-0.4069
1F47_A_B,random,0.0,24,0.2689,0.3433,-0.4568,-1.1898
1F47_A_B,random,0.25,24,0.2721,0.3436,-0.4341,-1.1808
1F47_A_B,random,0.5,24,0.2741,0.3439,-0.4018,-1.1193
1F47_A_B,random,1.0,24,0.2643,0.3444,-0.3985,-1.1089
1F47_A_B,random,2.0,24,0.2467,0.3448,-0.3972,-1.0486
1F5R_A_I,L,0.0,30,0.3875,0.4069,0.1039,-0.1077
1F5R_A_I,L,0.25,30,0.3896,0.4066,0.2141,-0.0456
1F5R_A_I,L,0.5,30,0.3901,0.4069,0.2832,0.0139
1F5R_A_I,L,1.0,30,0.3797,0.4075,0.4232,0.1131
1F5R_A_I,L,2.0,30,0.3375,0.4068,0.5709,0.2653
1F5R_A_I,random,0.0,30,0.3875,0.4069,0.1039,-0.1077
1F5R_A_I,random,0.25,30,0.3807,0.4066,0.0913,-0.0978
1F5R_A_I,random,0.5,30,0.3797,0.4061,0.0867,-0.1135
1F5R_A_I,random,1.0,30,0.362,0.4061,0.0471,-0.1306
1F5R_A_I,random,2.0,30,0.3151,0.4054,-0.0332,-0.1933
1FC2_C_D,L,0.0,24,0.2096,0.2717,0.0344,-0.5676
1FC2_C_D,L,0.25,24,0.2227,0.2722,0.1831,-0.4207
1FC2_C_D,L,0.5,24,0.2233,0.2717,0.2694,-0.3298
1FC2_C_D,L,1.0,24,0.2298,0.2728,0.4263,-0.1731
1FC2_C_D,L,2.0,24,0.2168,0.2725,0.5945,0.0099
1FC2_C_D,random,0.0,24,0.2096,0.2717,0.0344,-0.5676
1FC2_C_D,random,0.25,24,0.2038,0.2716,-0.0014,-0.6054
1FC2_C_D,random,0.5,24,0.1888,0.2712,-0.0423,-0.6422
1FC2_C_D,random,1.0,24,0.1699,0.2713,-0.1735,-0.817
1FC2_C_D,random,2.0,24,0.1439,0.2708,-0.292,-0.9554
1FCC_A_C,L,0.0,26,0.2055,0.2762,0.1441,-0.2303
1FCC_A_C,L,0.25,26,0.2001,0.2761,0.2361,-0.1468
1FCC_A_C,L,0.5,26,0.1983,0.2755,0.3153,-0.0802
1FCC_A_C,L,1.0,26,0.1785,0.2766,0.4307,-0.0048
1FCC_A_C,L,2.0,26,0.1556,0.2766,0.6014,0.1392
1FCC_A_C,random,0.0,26,0.2055,0.2762,0.1441,-0.2303
1FCC_A_C,random,0.25,26,0.1959,0.2768,0.1594,-0.2131
1FCC_A_C,random,0.5,26,0.1881,0.2765,0.1523,-0.2177
1FCC_A_C,random,1.0,26,0.1665,0.2761,0.1685,-0.2056
1FCC_A_C,random,2.0,26,0.14,0.276,0.1743,-0.1978
1FFW_A_B,L,0.0,25,0.3125,0.3732,-0.1824,-0.8735
1FFW_A_B,L,0.25,25,0.3475,0.3732,-0.0113,-0.5791
1FFW_A_B,L,0.5,25,0.3669,0.3727,0.1067,-0.395
1FFW_A_B,L,1.0,25,0.3906,0.3735,0.269,-0.1646
1FFW_A_B,L,2.0,25,0.41,0.3738,0.3789,-0.0119
1FFW_A_B,random,0.0,25,0.3125,0.3732,-0.1824,-0.8735
1FFW_A_B,random,0.25,25,0.3137,0.3736,-0.1843,-0.8727
1FFW_A_B,random,0.5,25,0.3056,0.3735,-0.2192,-0.9405
1FFW_A_B,random,1.0,25,0.2725,0.3734,-0.3473,-1.2221
1FFW_A_B,random,2.0,25,0.1638,0.3717,-0.7483,-2.1248
1FR2_A_B,L,0.0,36,0.309,0.3549,0.1136,-0.6286
1FR2_A_B,L,0.25,36,0.3203,0.3557,0.2868,-0.4291
1FR2_A_B,L,0.5,36,0.3194,0.3564,0.4046,-0.3049
1FR2_A_B,L,1.0,36,0.3268,0.3566,0.5704,-0.152
1FR2_A_B,L,2.0,36,0.3225,0.3564,0.7177,-0.0661
1FR2_A_B,random,0.0,36,0.309,0.3549,0.1136,-0.6286
1FR2_A_B,random,0.25,36,0.2973,0.3552,0.0908,-0.6591
1FR2_A_B,random,0.5,36,0.2826,0.3555,0.0283,-0.7444
1FR2_A_B,random,1.0,36,0.2543,0.3552,-0.1164,-0.9591
1FR2_A_B,random,2.0,36,0.2127,0.3551,-0.3405,-1.2796
1FSS_A_B,L,0.0,42,0.2969,0.3468,-0.0633,-0.5476
1FSS_A_B,L,0.25,42,0.3106,0.3467,0.0367,-0.4247
1FSS_A_B,L,0.5,42,0.3181,0.3466,0.1266,-0.323
1FSS_A_B,L,1.0,42,0.33,0.3468,0.2519,-0.1902
1FSS_A_B,L,2.0,42,0.3118,0.3466,0.3934,-0.0782
1FSS_A_B,random,0.0,42,0.2969,0.3468,-0.0633,-0.5476
1FSS_A_B,random,0.25,42,0.298,0.3468,-0.0762,-0.5685
1FSS_A_B,random,0.5,42,0.3051,0.3467,-0.0727,-0.5531
1FSS_A_B,random,1.0,42,0.2976,0.3465,-0.1348,-0.6295
1FSS_A_B,random,2.0,42,0.2842,0.3465,-0.2712,-0.8209
1FY8_E_I,L,0.0,31,0.3629,0.4191,0.1576,0.0795
1FY8_E_I,L,0.25,31,0.3735,0.4197,0.2762,0.1362
1FY8_E_I,L,0.5,31,0.374,0.419,0.3431,0.1726
1FY8_E_I,L,1.0,31,0.3558,0.4183,0.4656,0.2393
1FY8_E_I,L,2.0,31,0.3261,0.4177,0.6066,0.3165
1FY8_E_I,random,0.0,31,0.3629,0.4191,0.1576,0.0795
1FY8_E_I,random,0.25,31,0.3705,0.4192,0.1658,0.0879
1FY8_E_I,random,0.5,31,0.3705,0.4192,0.171,0.1023
1FY8_E_I,random,1.0,31,0.3533,0.4182,0.1645,0.1105
1FY8_E_I,random,2.0,31,0.3054,0.4191,0.1049,0.1145
1GC1_G_C,L,0.0,45,0.241,0.2563,0.02,-0.1485
1GC1_G_C,L,0.25,45,0.2521,0.2565,0.1196,-0.0575
1GC1_G_C,L,0.5,45,0.2632,0.2567,0.2104,0.0308
1GC1_G_C,L,1.0,45,0.2767,0.2566,0.3384,0.1375
1GC1_G_C,L,2.0,45,0.2944,0.2565,0.5138,0.2916
1GC1_G_C,random,0.0,45,0.241,0.2563,0.02,-0.1485
1GC1_G_C,random,0.25,45,0.2434,0.2563,0.0072,-0.1637
1GC1_G_C,random,0.5,45,0.2431,0.256,-0.0394,-0.213
1GC1_G_C,random,1.0,45,0.2427,0.2558,-0.0701,-0.2507
1GC1_G_C,random,2.0,45,0.2194,0.2558,-0.1755,-0.3724
1GCQ_AB_C,L,0.0,47,0.4292,0.3806,-0.2501,-0.6852
1GCQ_AB_C,L,0.25,47,0.4508,0.3811,-0.1438,-0.4963
1GCQ_AB_C,L,0.5,47,0.4668,0.3818,-0.0678,-0.3836
1GCQ_AB_C,L,1.0,47,0.4907,0.3822,0.0323,-0.2468
1GCQ_AB_C,L,2.0,47,0.5043,0.3811,0.1307,-0.1497
1GCQ_AB_C,random,0.0,47,0.4292,0.3806,-0.2501,-0.6852
1GCQ_AB_C,random,0.25,47,0.4375,0.3819,-0.2428,-0.6272
1GCQ_AB_C,random,0.5,47,0.4392,0.381,-0.2448,-0.6236
1GCQ_AB_C,random,1.0,47,0.4235,0.3806,-0.3117,-0.7393
1GCQ_AB_C,random,2.0,47,0.362,0.3772,-0.5617,-1.3701
1GL0_E_I,L,0.0,43,0.3092,0.3944,0.3879,0.0312
1GL0_E_I,L,0.25,43,0.3052,0.3941,0.5528,0.1702
1GL0_E_I,L,0.5,43,0.3045,0.3933,0.6604,0.2554
1GL0_E_I,L,1.0,43,0.3049,0.3932,0.8102,0.3698
1GL0_E_I,L,2.0,43,0.2914,0.3927,0.9753,0.489
1GL0_E_I,random,0.0,43,0.3092,0.3944,0.3879,0.0312
1GL0_E_I,random,0.25,43,0.306,0.3952,0.383,0.0311
1GL0_E_I,random,0.5,43,0.3052,0.3956,0.3724,0.0324
1GL0_E_I,random,1.0,43,0.2878,0.3955,0.2868,-0.0957
1GL0_E_I,random,2.0,43,0.278,0.3963,0.189,-0.2345
1GL1_A_I,L,0.0,34,0.3387,0.4089,0.5344,0.0912
1GL1_A_I,L,0.25,34,0.3373,0.4089,0.7219,0.2393
1GL1_A_I,L,0.5,34,0.3424,0.4092,0.8705,0.3442
1GL1_A_I,L,1.0,34,0.3378,0.4079,1.0437,0.4455
1GL1_A_I,L,2.0,34,0.3222,0.4075,1.2112,0.5164
1GL1_A_I,random,0.0,34,0.3387,0.4089,0.5344,0.0912
1GL1_A_I,random,0.25,34,0.3359,0.4091,0.5341,0.0758
1GL1_A_I,random,0.5,34,0.3355,0.4093,0.5277,0.0714
1GL1_A_I,random,1.0,34,0.3217,0.4093,0.4427,-0.0114
1GL1_A_I,random,2.0,34,0.3097,0.4096,0.2201,-0.1977
1GRN_A_B,L,0.0,48,0.2419,0.366,-0.0518,0.3371
1GRN_A_B,L,0.25,48,0.2578,0.3662,0.0983,0.4426
1GRN_A_B,L,0.5,48,0.2744,0.3667,0.2133,0.5055
1GRN_A_B,L,1.0,48,0.2923,0.3665,0.3638,0.5913
1GRN_A_B,L,2.0,48,0.3089,0.3663,0.517,0.6751
1GRN_A_B,random,0.0,48,0.2419,0.366,-0.0518,0.3371
1GRN_A_B,random,0.25,48,0.2451,0.3661,-0.0404,0.3649
1GRN_A_B,random,0.5,48,0.2471,0.3663,-0.0348,0.3765
1GRN_A_B,random,1.0,48,0.2272,0.3658,-0.0901,0.3767
1GRN_A_B,random,2.0,48,0.1901,0.3657,-0.267,0.2351
1GUA_A_B,L,0.0,27,0.1834,0.3188,0.0634,-0.2359
1GUA_A_B,L,0.25,27,0.1921,0.3194,0.1898,-0.1248
1GUA_A_B,L,0.5,27,0.195,0.3199,0.2776,-0.0459
1GUA_A_B,L,1.0,27,0.1985,0.3202,0.4383,0.0932
1GUA_A_B,L,2.0,27,0.2008,0.3207,0.6213,0.2431
1GUA_A_B,random,0.0,27,0.1834,0.3188,0.0634,-0.2359
1GUA_A_B,random,0.25,27,0.173,0.3192,0.0877,-0.2076
1GUA_A_B,random,0.5,27,0.1661,0.3194,0.0809,-0.2216
1GUA_A_B,random,1.0,27,0.147,0.3195,0.0662,-0.2161
1GUA_A_B,random,2.0,27,0.1227,0.3192,0.0305,-0.2877
1H9D_A_B,L,0.0,48,0.3923,0.3211,-0.0423,-0.2343
1H9D_A_B,L,0.25,48,0.3981,0.3214,0.0654,-0.1425
1H9D_A_B,L,0.5,48,0.4017,0.3212,0.1596,-0.0478
1H9D_A_B,L,1.0,48,0.403,0.3216,0.3283,0.0887
1H9D_A_B,L,2.0,48,0.4118,0.3213,0.5107,0.2533
1H9D_A_B,random,0.0,48,0.3923,0.3211,-0.0423,-0.2343
1H9D_A_B,random,0.25,48,0.39,0.3209,-0.0363,-0.2332
1H9D_A_B,random,0.5,48,0.3864,0.3205,-0.0637,-0.2775
1H9D_A_B,random,1.0,48,0.3568,0.3199,-0.1095,-0.3664
1H9D_A_B,random,2.0,48,0.2988,0.3161,-0.2236,-0.5628
1IAR_A_B,L,0.0,33,0.1823,0.296,-0.2227,-0.5668
1IAR_A_B,L,0.25,33,0.1899,0.2958,-0.1327,-0.4807
1IAR_A_B,L,0.5,33,0.1993,0.2959,-0.0461,-0.4134
1IAR_A_B,L,1.0,33,0.2083,0.2963,0.0809,-0.3066
1IAR_A_B,L,2.0,33,0.214,0.2963,0.2378,-0.2115
1IAR_A_B,random,0.0,33,0.1823,0.296,-0.2227,-0.5668
1IAR_A_B,random,0.25,33,0.1823,0.2953,-0.2375,-0.598
1IAR_A_B,random,0.5,33,0.1832,0.2949,-0.2586,-0.6106
1IAR_A_B,random,1.0,33,0.1813,0.2944,-0.3048,-0.7008
1IAR_A_B,random,2.0,33,0.1648,0.2937,-0.3912,-0.9108
1JCK_A_B,L,0.0,29,0.2392,0.2822,-0.0376,-0.1131
1JCK_A_B,L,0.25,29,0.2522,0.2824,0.1181,0.0199
1JCK_A_B,L,0.5,29,0.2565,0.2823,0.2792,0.167
1JCK_A_B,L,1.0,29,0.2705,0.2825,0.4584,0.316
1JCK_A_B,L,2.0,29,0.2651,0.2827,0.638,0.4474
1JCK_A_B,random,0.0,29,0.2392,0.2822,-0.0376,-0.1131
1JCK_A_B,random,0.25,29,0.2457,0.2824,0.0018,-0.0905
1JCK_A_B,random,0.5,29,0.2511,0.2825,0.002,-0.1225
1JCK_A_B,random,1.0,29,0.2419,0.2822,0.0057,-0.182
1JCK_A_B,random,2.0,29,0.2322,0.2824,-0.0344,-0.2892
1JRH_LH_I,L,0.0,32,0.2808,0.3277,-0.1839,-0.2999
1JRH_LH_I,L,0.25,32,0.2925,0.3276,-0.101,-0.2191
1JRH_LH_I,L,0.5,32,0.3042,0.3278,-0.0052,-0.1393
1JRH_LH_I,L,1.0,32,0.3301,0.3279,0.1236,-0.0419
1JRH_LH_I,L,2.0,32,0.3687,0.3275,0.2939,0.0786
1JRH_LH_I,random,0.0,32,0.2808,0.3277,-0.1839,-0.2999
1JRH_LH_I,random,0.25,32,0.2842,0.3278,-0.1719,-0.2699
1JRH_LH_I,random,0.5,32,0.2803,0.3279,-0.1744,-0.2846
1JRH_LH_I,random,1.0,32,0.2705,0.3277,-0.1819,-0.2965
1JRH_LH_I,random,2.0,32,0.2476,0.3277,-0.2667,-0.3927
1JTD_A_B,L,0.0,52,0.232,0.4498,0.11,0.1368
1JTD_A_B,L,0.25,52,0.2275,0.4498,0.223,0.2174
1JTD_A_B,L,0.5,52,0.2272,0.4503,0.3221,0.2859
1JTD_A_B,L,1.0,52,0.2218,0.45,0.4924,0.3846
1JTD_A_B,L,2.0,52,0.2224,0.45,0.7038,0.5051
1JTD_A_B,random,0.0,52,0.232,0.4498,0.11,0.1368
1JTD_A_B,random,0.25,52,0.229,0.4501,0.113,0.1369
1JTD_A_B,random,0.5,52,0.229,0.4501,0.1141,0.1372
1JTD_A_B,random,1.0,52,0.2175,0.4501,0.1166,0.1264
1JTD_A_B,random,2.0,52,0.2088,0.4505,0.1072,0.1176
1JTG_A_B,L,0.0,54,0.2581,0.3991,0.1946,-0.0156
1JTG_A_B,L,0.25,54,0.2642,0.3992,0.3194,0.0825
1JTG_A_B,L,0.5,54,0.2659,0.3993,0.4267,0.146
1JTG_A_B,L,1.0,54,0.2731,0.3998,0.6073,0.2809
1JTG_A_B,L,2.0,54,0.2688,0.4,0.7952,0.404
1JTG_A_B,random,0.0,54,0.2581,0.3991,0.1946,-0.0156
1JTG_A_B,random,0.25,54,0.2561,0.3995,0.1974,-0.0205
1JTG_A_B,random,0.5,54,0.2535,0.4001,0.2044,-0.0268
1JTG_A_B,random,1.0,54,0.2419,0.3999,0.1801,-0.0627
1JTG_A_B,random,2.0,54,0.2297,0.399,0.0846,-0.1618
1K8R_A_B,L,0.0,25,0.1519,0.2899,-0.159,0.1249
1K8R_A_B,L,0.25,25,0.1581,0.2899,-0.0793,0.1731
1K8R_A_B,L,0.5,25,0.165,0.2906,-0.0279,0.2187
1K8R_A_B,L,1.0,25,0.1881,0.29,0.0855,0.3444
1K8R_A_B,L,2.0,25,0.2137,0.2901,0.2409,0.4468
1K8R_A_B,random,0.0,25,0.1519,0.2899,-0.159,0.1249
1K8R_A_B,random,0.25,25,0.1562,0.2899,-0.1571,0.1213
1K8R_A_B,random,0.5,25,0.1512,0.2901,-0.1602,0.0964
1K8R_A_B,random,1.0,25,0.1381,0.2897,-0.1844,0.0706
1K8R_A_B,random,2.0,25,0.1237,0.2894,-0.2614,0.0172
1KAC_A_B,L,0.0,34,0.3074,0.3678,-0.1994,-0.4806
1KAC_A_B,L,0.25,34,0.3258,0.3677,-0.0473,-0.3415
1KAC_A_B,L,0.5,34,0.3364,0.3678,0.0494,-0.2543
1KAC_A_B,L,1.0,34,0.3667,0.3671,0.222,-0.1122
1KAC_A_B,L,2.0,34,0.3851,0.367,0.3924,0.0033
1KAC_A_B,random,0.0,34,0.3074,0.3678,-0.1994,-0.4806
1KAC_A_B,random,0.25,34,0.3019,0.3673,-0.2245,-0.4857
1KAC_A_B,random,0.5,34,0.2964,0.3678,-0.214,-0.4893
1KAC_A_B,random,1.0,34,0.2569,0.3677,-0.2704,-0.569
1KAC_A_B,random,2.0,34,0.2004,0.3674,-0.3981,-0.6795
1KIP_AB_C,L,0.0,27,0.2737,0.4121,-0.1244,0.2836
1KIP_AB_C,L,0.25,27,0.2801,0.4118,0.0113,0.3805
1KIP_AB_C,L,0.5,27,0.2934,0.412,0.1332,0.4661
1KIP_AB_C,L,1.0,27,0.3171,0.4111,0.3151,0.5731
1KIP_AB_C,L,2.0,27,0.3582,0.4112,0.5412,0.7236
1KIP_AB_C,random,0.0,27,0.2737,0.4121,-0.1244,0.2836
1KIP_AB_C,random,0.25,27,0.2679,0.4117,-0.1388,0.2584
1KIP_AB_C,random,0.5,27,0.2593,0.4115,-0.155,0.2526
1KIP_AB_C,random,1.0,27,0.2575,0.4118,-0.1492,0.2456
1KIP_AB_C,random,2.0,27,0.2141,0.4119,-0.2472,0.1471
1KIQ_AB_C,L,0.0,30,0.2734,0.4245,-0.0828,0.0165
1KIQ_AB_C,L,0.25,30,0.276,0.4246,0.0616,0.1359
1KIQ_AB_C,L,0.5,30,0.2906,0.4249,0.195,0.2737
1KIQ_AB_C,L,1.0,30,0.301,0.425,0.3745,0.4492
1KIQ_AB_C,L,2.0,30,0.324,0.4244,0.6113,0.6623
1KIQ_AB_C,random,0.0,30,0.2734,0.4245,-0.0828,0.0165
1KIQ_AB_C,random,0.25,30,0.2714,0.4245,-0.0687,0.0176
1KIQ_AB_C,random,0.5,30,0.2677,0.4244,-0.0617,0.0033
1KIQ_AB_C,random,1.0,30,0.263,0.425,-0.053,0.0028
1KIQ_AB_C,random,2.0,30,0.237,0.4247,-0.0297,0.0096
1KIR_AB_C,L,0.0,33,0.2865,0.4132,-0.016,-0.1123
1KIR_AB_C,L,0.25,33,0.2921,0.4129,0.1089,-0.025
1KIR_AB_C,L,0.5,33,0.3063,0.4136,0.2319,0.073
1KIR_AB_C,L,1.0,33,0.3243,0.4133,0.3778,0.1743
1KIR_AB_C,L,2.0,33,0.3565,0.4136,0.593,0.3585
1KIR_AB_C,random,0.0,33,0.2865,0.4132,-0.016,-0.1123
1KIR_AB_C,random,0.25,33,0.2822,0.4133,-0.0059,-0.0962
1KIR_AB_C,random,0.5,33,0.2836,0.4134,0.0181,-0.0758
1KIR_AB_C,random,1.0,33,0.2789,0.4137,0.0312,-0.0154
1KIR_AB_C,random,2.0,33,0.2637,0.4144,0.0498,0.0316
1KNE_A_P,L,0.0,18,0.1458,0.3125,0.1515,-0.2008
1KNE_A_P,L,0.25,18,0.151,0.3109,0.2758,-0.138
1KNE_A_P,L,0.5,18,0.1519,0.3125,0.3636,-0.0627
1KNE_A_P,L,1.0,18,0.1502,0.3137,0.5212,0.0372
1KNE_A_P,L,2.0,18,0.1493,0.3152,0.6874,0.1802
1KNE_A_P,random,0.0,18,0.1458,0.3125,0.1515,-0.2008
1KNE_A_P,random,0.25,18,0.1354,0.3105,0.1466,-0.2129
1KNE_A_P,random,0.5,18,0.1302,0.3121,0.1501,-0.2069
1KNE_A_P,random,1.0,18,0.1111,0.3105,0.1052,-0.2265
1KNE_A_P,random,2.0,18,0.0738,0.3043,-0.1395,-0.491
1KTZ_A_B,L,0.0,19,0.2344,0.3523,-0.2858,-0.8658
1KTZ_A_B,L,0.25,19,0.2442,0.3521,-0.1573,-0.7699
1KTZ_A_B,L,0.5,19,0.2632,0.3522,-0.0359,-0.6548
1KTZ_A_B,L,1.0,19,0.2722,0.3524,0.1231,-0.5678
1KTZ_A_B,L,2.0,19,0.2697,0.3528,0.3055,-0.4778
1KTZ_A_B,random,0.0,19,0.2344,0.3523,-0.2858,-0.8658
1KTZ_A_B,random,0.25,19,0.2278,0.3521,-0.2898,-0.8621
1KTZ_A_B,random,0.5,19,0.2286,0.3524,-0.3247,-0.9215
1KTZ_A_B,random,1.0,19,0.2229,0.3522,-0.3857,-1.0169
1KTZ_A_B,random,2.0,19,0.1809,0.3518,-0.5491,-1.3032
1LFD_A_B,L,0.0,24,0.2982,0.3327,-0.1302,0.0851
1LFD_A_B,L,0.25,24,0.3262,0.3327,0.0023,0.1628
1LFD_A_B,L,0.5,24,0.3294,0.3327,0.1031,0.2357
1LFD_A_B,L,1.0,24,0.3346,0.3326,0.2533,0.3636
1LFD_A_B,L,2.0,24,0.3483,0.3332,0.4412,0.4934
1LFD_A_B,random,0.0,24,0.2982,0.3327,-0.1302,0.0851
1LFD_A_B,random,0.25,24,0.3047,0.3325,-0.1486,0.0449
1LFD_A_B,random,0.5,24,0.3027,0.3324,-0.1705,0.0087
1LFD_A_B,random,1.0,24,0.2956,0.3329,-0.2319,-0.0425
1LFD_A_B,random,2.0,24,0.2689,0.3323,-0.3321,-0.1264
1M9E_A_D,L,0.0,20,0.3977,0.3698,-0.0287,0.5745
1M9E_A_D,L,0.25,20,0.4234,0.3702,0.0935,0.6272
1M9E_A_D,L,0.5,20,0.4344,0.3702,0.1841,0.669
1M9E_A_D,L,1.0,20,0.4328,0.3704,0.3196,0.7419
1M9E_A_D,L,2.0,20,0.4313,0.3701,0.4963,0.8592
1M9E_A_D,random,0.0,20,0.3977,0.3698,-0.0287,0.5745
1M9E_A_D,random,0.25,20,0.3906,0.3702,-0.0461,0.5599
1M9E_A_D,random,0.5,20,0.382,0.3702,-0.0977,0.5184
1M9E_A_D,random,1.0,20,0.332,0.3695,-0.2259,0.4359
1M9E_A_D,random,2.0,20,0.2469,0.3683,-0.4212,0.388
1MAH_A_F,L,0.0,41,0.33,0.3482,0.0883,-0.0448
1MAH_A_F,L,0.25,41,0.3399,0.348,0.2124,0.0544
1MAH_A_F,L,0.5,41,0.3418,0.3479,0.308,0.1343
1MAH_A_F,L,1.0,41,0.3407,0.3481,0.4325,0.1969
1MAH_A_F,L,2.0,41,0.3304,0.348,0.5761,0.2297
1MAH_A_F,random,0.0,41,0.33,0.3482,0.0883,-0.0448
1MAH_A_F,random,0.25,41,0.3289,0.348,0.0662,-0.0751
1MAH_A_F,random,0.5,41,0.3251,0.348,0.0611,-0.0797
1MAH_A_F,random,1.0,41,0.3106,0.3478,-0.0535,-0.2371
1MAH_A_F,random,2.0,41,0.2881,0.3479,-0.2408,-0.4952
1MHP_HL_A,L,0.0,32,0.208,0.3811,0.1277,-0.3912
1MHP_HL_A,L,0.25,32,0.2056,0.3812,0.2314,-0.289
1MHP_HL_A,L,0.5,32,0.2075,0.3812,0.331,-0.1951
1MHP_HL_A,L,1.0,32,0.21,0.3814,0.4886,-0.0482
1MHP_HL_A,L,2.0,32,0.2036,0.3814,0.7011,0.143
1MHP_HL_A,random,0.0,32,0.208,0.3811,0.1277,-0.3912
1MHP_HL_A,random,0.25,32,0.2188,0.3811,0.1108,-0.4123
1MHP_HL_A,random,0.5,32,0.2275,0.3814,0.0898,-0.4447
1MHP_HL_A,random,1.0,32,0.2285,0.3813,0.04,-0.5561
1MHP_HL_A,random,2.0,32,0.2168,0.3811,-0.0452,-0.7649
1MLC_AB_E,L,0.0,35,0.3214,0.3555,0.3852,0.334
1MLC_AB_E,L,0.25,35,0.3152,0.3558,0.4687,0.3996
1MLC_AB_E,L,0.5,35,0.3067,0.3558,0.5427,0.475
1MLC_AB_E,L,1.0,35,0.2938,0.3556,0.6621,0.596
1MLC_AB_E,L,2.0,35,0.267,0.3554,0.8363,0.7948
1MLC_AB_E,random,0.0,35,0.3214,0.3555,0.3852,0.334
1MLC_AB_E,random,0.25,35,0.3183,0.3559,0.3774,0.3294
1MLC_AB_E,random,0.5,35,0.3129,0.356,0.3686,0.3266
1MLC_AB_E,random,1.0,35,0.3143,0.3554,0.3324,0.2813
1MLC_AB_E,random,2.0,35,0.2955,0.3553,0.1708,0.1651
1MQ8_A_B,L,0.0,30,0.1594,0.2579,-0.0567,-0.2707
1MQ8_A_B,L,0.25,30,0.1646,0.2577,0.0273,-0.221
1MQ8_A_B,L,0.5,30,0.1698,0.258,0.1212,-0.1761
1MQ8_A_B,L,1.0,30,0.1797,0.258,0.258,-0.1355
1MQ8_A_B,L,2.0,30,0.1896,0.2579,0.4234,-0.0936
1MQ8_A_B,random,0.0,30,0.1594,0.2579,-0.0567,-0.2707
1MQ8_A_B,random,0.25,30,0.1635,0.258,-0.0475,-0.2663
1MQ8_A_B,random,0.5,30,0.1594,0.2578,-0.0452,-0.2794
1MQ8_A_B,random,1.0,30,0.1656,0.2576,-0.0468,-0.2716
1MQ8_A_B,random,2.0,30,0.163,0.2572,-0.1301,-0.3189
1N8O_ABC_E,L,0.0,40,0.3,0.386,0.2689,-0.128
1N8O_ABC_E,L,0.25,40,0.3098,0.3865,0.4531,0.0192
1N8O_ABC_E,L,0.5,40,0.307,0.3867,0.5891,0.1291
1N8O_ABC_E,L,1.0,40,0.3137,0.3869,0.7859,0.3031
1N8O_ABC_E,L,2.0,40,0.2902,0.3861,0.9757,0.4631
1N8O_ABC_E,random,0.0,40,0.3,0.386,0.2689,-0.128
1N8O_ABC_E,random,0.25,40,0.2918,0.3864,0.2502,-0.1142
1N8O_ABC_E,random,0.5,40,0.282,0.386,0.1842,-0.1411
1N8O_ABC_E,random,1.0,40,0.2582,0.3861,0.0829,-0.2062
1N8O_ABC_E,random,2.0,40,0.2219,0.3863,-0.1326,-0.287
1NMB_N_LH,L,0.0,33,0.1903,0.3265,0.3337,-0.0026
1NMB_N_LH,L,0.25,33,0.1932,0.3267,0.4794,0.0923
1NMB_N_LH,L,0.5,33,0.1918,0.3269,0.6178,0.1945
1NMB_N_LH,L,1.0,33,0.1903,0.327,0.7488,0.3053
1NMB_N_LH,L,2.0,33,0.1875,0.3272,0.8988,0.4395
1NMB_N_LH,random,0.0,33,0.1903,0.3265,0.3337,-0.0026
1NMB_N_LH,random,0.25,33,0.1927,0.3267,0.2986,-0.0402
1NMB_N_LH,random,0.5,33,0.1922,0.3268,0.2246,-0.0885
1NMB_N_LH,random,1.0,33,0.1752,0.3268,0.0644,-0.2316
1NMB_N_LH,random,2.0,33,0.1449,0.3265,-0.123,-0.444
1OHZ_A_B,L,0.0,37,0.3209,0.4345,-0.2684,-0.525
1OHZ_A_B,L,0.25,37,0.3476,0.435,-0.1357,-0.401
1OHZ_A_B,L,0.5,37,0.3628,0.4345,-0.0573,-0.3228
1OHZ_A_B,L,1.0,37,0.3809,0.4349,0.0478,-0.2493
1OHZ_A_B,L,2.0,37,0.3986,0.4352,0.1967,-0.1217
1OHZ_A_B,random,0.0,37,0.3209,0.4345,-0.2684,-0.525
1OHZ_A_B,random,0.25,37,0.2981,0.4336,-0.3303,-0.5977
1OHZ_A_B,random,0.5,37,0.2825,0.4341,-0.395,-0.6749
1OHZ_A_B,random,1.0,37,0.2348,0.4337,-0.6431,-0.9573
1OHZ_A_B,random,2.0,37,0.1845,0.434,-0.9068,-1.1823
1P69_A_B,L,0.0,34,0.3019,0.3677,-0.1721,-0.4797
1P69_A_B,L,0.25,34,0.313,0.3677,-0.0085,-0.3566
1P69_A_B,L,0.5,34,0.3258,0.3679,0.107,-0.2716
1P69_A_B,L,1.0,34,0.3488,0.3674,0.2811,-0.1321
1P69_A_B,L,2.0,34,0.3667,0.3668,0.4517,-0.0329
1P69_A_B,random,0.0,34,0.3019,0.3677,-0.1721,-0.4797
1P69_A_B,random,0.25,34,0.3061,0.3676,-0.1781,-0.4593
1P69_A_B,random,0.5,34,0.3097,0.3678,-0.1871,-0.4448
1P69_A_B,random,1.0,34,0.3125,0.3678,-0.2082,-0.4335
1P69_A_B,random,2.0,34,0.2923,0.3677,-0.3215,-0.5449
1P6A_A_B,L,0.0,33,0.3149,0.3659,-0.2443,-0.6308
1P6A_A_B,L,0.25,33,0.3329,0.3659,-0.1231,-0.5242
1P6A_A_B,L,0.5,33,0.3556,0.3659,-0.021,-0.4437
1P6A_A_B,L,1.0,33,0.3783,0.3657,0.1337,-0.2926
1P6A_A_B,L,2.0,33,0.393,0.3654,0.2994,-0.1679
1P6A_A_B,random,0.0,33,0.3149,0.3659,-0.2443,-0.6308
1P6A_A_B,random,0.25,33,0.3101,0.3654,-0.2394,-0.6201
1P6A_A_B,random,0.5,33,0.3092,0.3655,-0.2345,-0.6078
1P6A_A_B,random,1.0,33,0.3063,0.3658,-0.2502,-0.5996
1P6A_A_B,random,2.0,33,0.2647,0.365,-0.3753,-0.7798
1PPF_E_I,L,0.0,30,0.3542,0.4046,0.123,-0.1038
1PPF_E_I,L,0.25,30,0.3573,0.4048,0.3024,0.0181
1PPF_E_I,L,0.5,30,0.3542,0.405,0.4356,0.0727
1PPF_E_I,L,1.0,30,0.3427,0.4049,0.6185,0.1592
1PPF_E_I,L,2.0,30,0.3286,0.4064,0.8328,0.2434
1PPF_E_I,random,0.0,30,0.3542,0.4046,0.123,-0.1038
1PPF_E_I,random,0.25,30,0.3432,0.405,0.1137,-0.1351
1PPF_E_I,random,0.5,30,0.3292,0.4048,0.0662,-0.2139
1PPF_E_I,random,1.0,30,0.2906,0.4045,-0.1196,-0.5015
1PPF_E_I,random,2.0,30,0.263,0.4046,-0.2532,-0.7334
1QAB_ABCD_E,L,0.0,35,0.1763,0.2391,0.0338,0.04
1QAB_ABCD_E,L,0.25,35,0.1817,0.2391,0.1342,0.0974
1QAB_ABCD_E,L,0.5,35,0.1772,0.2391,0.2128,0.1761
1QAB_ABCD_E,L,1.0,35,0.1772,0.2391,0.3201,0.2474
1QAB_ABCD_E,L,2.0,35,0.1665,0.239,0.4762,0.3421
1QAB_ABCD_E,random,0.0,35,0.1763,0.2391,0.0338,0.04
1QAB_ABCD_E,random,0.25,35,0.1821,0.2391,0.0221,0.0418
1QAB_ABCD_E,random,0.5,35,0.1768,0.2392,0.0258,0.0442
1QAB_ABCD_E,random,1.0,35,0.179,0.2391,-0.006,0.0528
1QAB_ABCD_E,random,2.0,35,0.1853,0.2389,-0.0358,0.0712
1R0R_E_I,L,0.0,33,0.3286,0.4646,0.2511,0.3054
1R0R_E_I,L,0.25,33,0.3224,0.4647,0.4245,0.4864
1R0R_E_I,L,0.5,33,0.322,0.4647,0.5698,0.6203
1R0R_E_I,L,1.0,33,0.3272,0.4651,0.7539,0.7625
1R0R_E_I,L,2.0,33,0.3447,0.4653,0.9261,0.8597
1R0R_E_I,random,0.0,33,0.3286,0.4646,0.2511,0.3054
1R0R_E_I,random,0.25,33,0.3277,0.4648,0.2192,0.3208
1R0R_E_I,random,0.5,33,0.3172,0.4647,0.2028,0.3387
1R0R_E_I,random,1.0,33,0.3002,0.4652,0.1595,0.3351
1R0R_E_I,random,2.0,33,0.2448,0.4638,0.0585,0.2891
1REW_AB_C,L,0.0,46,0.3366,0.3488,-0.1479,-0.6566
1REW_AB_C,L,0.25,46,0.3624,0.3491,0.0253,-0.4474
1REW_AB_C,L,0.5,46,0.377,0.3495,0.1282,-0.3288
1REW_AB_C,L,1.0,46,0.3865,0.3512,0.2418,-0.207
1REW_AB_C,L,2.0,46,0.3896,0.3502,0.3692,-0.0693
1REW_AB_C,random,0.0,46,0.3366,0.3488,-0.1479,-0.6566
1REW_AB_C,random,0.25,46,0.3291,0.3491,-0.1612,-0.6581
1REW_AB_C,random,0.5,46,0.3207,0.3485,-0.1983,-0.709
1REW_AB_C,random,1.0,46,0.3026,0.3488,-0.2575,-0.7843
1REW_AB_C,random,2.0,46,0.2599,0.3493,-0.4192,-1.0476
1S0W_A_C,L,0.0,50,0.2356,0.3938,0.4313,0.1413
1S0W_A_C,L,0.25,50,0.2397,0.3939,0.5755,0.2376
1S0W_A_C,L,0.5,50,0.2366,0.3946,0.6937,0.3187
1S0W_A_C,L,1.0,50,0.2338,0.3945,0.8662,0.4444
1S0W_A_C,L,2.0,50,0.2172,0.3947,1.0743,0.6412
1S0W_A_C,random,0.0,50,0.2356,0.3938,0.4313,0.1413
1S0W_A_C,random,0.25,50,0.2325,0.3938,0.4174,0.1392
1S0W_A_C,random,0.5,50,0.2225,0.3936,0.392,0.1305
1S0W_A_C,random,1.0,50,0.2097,0.3937,0.3295,0.1085
1S0W_A_C,random,2.0,50,0.1909,0.3936,0.2555,0.0615
1S1Q_A_B,L,0.0,29,0.4256,0.3622,-0.1883,0.8391
1S1Q_A_B,L,0.25,29,0.444,0.3623,-0.093,0.8758
1S1Q_A_B,L,0.5,29,0.452,0.3625,-0.0379,0.9126
1S1Q_A_B,L,1.0,29,0.4666,0.3627,0.0435,0.9185
1S1Q_A_B,L,2.0,29,0.4731,0.3631,0.1542,0.9091
1S1Q_A_B,random,0.0,29,0.4256,0.3622,-0.1883,0.8391
1S1Q_A_B,random,0.25,29,0.4235,0.3613,-0.2039,0.8379
1S1Q_A_B,random,0.5,29,0.4256,0.3612,-0.2302,0.8293
1S1Q_A_B,random,1.0,29,0.4089,0.3612,-0.2724,0.8245
1S1Q_A_B,random,2.0,29,0.3184,0.3594,-0.5609,0.8126
1SBB_A_B,L,0.0,26,0.2758,0.307,-0.1913,-0.083
1SBB_A_B,L,0.25,26,0.2921,0.307,-0.0189,0.0702
1SBB_A_B,L,0.5,26,0.3059,0.3068,0.1815,0.2303
1SBB_A_B,L,1.0,26,0.3089,0.307,0.4187,0.4324
1SBB_A_B,L,2.0,26,0.3137,0.3067,0.623,0.6201
1SBB_A_B,random,0.0,26,0.2758,0.307,-0.1913,-0.083
1SBB_A_B,random,0.25,26,0.2806,0.3071,-0.1806,-0.0653
1SBB_A_B,random,0.5,26,0.2692,0.307,-0.2052,-0.0719
1SBB_A_B,random,1.0,26,0.2692,0.3067,-0.2136,-0.0807
1SBB_A_B,random,2.0,26,0.2248,0.3068,-0.2852,-0.0833
1SBN_E_I,L,0.0,35,0.2821,0.4258,0.3857,0.1488
1SBN_E_I,L,0.25,35,0.279,0.4254,0.536,0.2831
1SBN_E_I,L,0.5,35,0.2804,0.426,0.6277,0.3717
1SBN_E_I,L,1.0,35,0.2696,0.4261,0.773,0.4918
1SBN_E_I,L,2.0,35,0.2469,0.4248,0.9464,0.6425
1SBN_E_I,random,0.0,35,0.2821,0.4258,0.3857,0.1488
1SBN_E_I,random,0.25,35,0.279,0.4248,0.3966,0.1722
1SBN_E_I,random,0.5,35,0.2763,0.425,0.375,0.1491
1SBN_E_I,random,1.0,35,0.2701,0.424,0.3151,0.1085
1SBN_E_I,random,2.0,35,0.2317,0.4234,0.2029,-0.027
1SGD_E_I,L,0.0,27,0.397,0.4498,0.2395,-0.1484
1SGD_E_I,L,0.25,27,0.4103,0.4504,0.44,0.0562
1SGD_E_I,L,0.5,27,0.4126,0.4506,0.5748,0.2065
1SGD_E_I,L,1.0,27,0.4005,0.4512,0.7604,0.3389
1SGD_E_I,L,2.0,27,0.3779,0.4503,0.9604,0.4188
1SGD_E_I,random,0.0,27,0.397,0.4498,0.2395,-0.1484
1SGD_E_I,random,0.25,27,0.4091,0.4509,0.2571,-0.1181
1SGD_E_I,random,0.5,27,0.4155,0.4515,0.2496,-0.1016
1SGD_E_I,random,1.0,27,0.3958,0.45,0.1249,-0.2583
1SGD_E_I,random,2.0,27,0.3368,0.4485,-0.0739,-0.5106
1SGE_E_I,L,0.0,27,0.3733,0.4551,0.2347,-0.2633
1SGE_E_I,L,0.25,27,0.386,0.455,0.4269,-0.0179
1SGE_E_I,L,0.5,27,0.3819,0.455,0.5905,0.155
1SGE_E_I,L,1.0,27,0.3652,0.4552,0.7688,0.3435
1SGE_E_I,L,2.0,27,0.3571,0.4544,0.9805,0.5679
1SGE_E_I,random,0.0,27,0.3733,0.4551,0.2347,-0.2633
1SGE_E_I,random,0.25,27,0.3669,0.4552,0.2449,-0.2723
1SGE_E_I,random,0.5,27,0.3478,0.4551,0.2413,-0.344
1SGE_E_I,random,1.0,27,0.3148,0.4541,0.1218,-0.5694
1SGE_E_I,random,2.0,27,0.2616,0.4546,-0.0603,-0.9135
1SGN_E_I,L,0.0,28,0.3594,0.4566,0.2595,-0.4438
1SGN_E_I,L,0.25,28,0.3672,0.4565,0.4503,-0.2308
1SGN_E_I,L,0.5,28,0.3717,0.4568,0.5818,-0.1
1SGN_E_I,L,1.0,28,0.3521,0.4558,0.734,-0.0195
1SGN_E_I,L,2.0,28,0.3331,0.4552,0.952,0.1839
1SGN_E_I,random,0.0,28,0.3594,0.4566,0.2595,-0.4438
1SGN_E_I,random,0.25,28,0.3588,0.4579,0.2397,-0.4025
1SGN_E_I,random,0.5,28,0.3583,0.4574,0.2259,-0.3371
1SGN_E_I,random,1.0,28,0.3326,0.4558,0.073,-0.3592
1SGN_E_I,random,2.0,28,0.3052,0.4546,-0.0704,-0.4045
1SGP_E_I,L,0.0,29,0.3966,0.4598,0.0573,-0.0595
1SGP_E_I,L,0.25,29,0.4084,0.46,0.2176,0.1363
1SGP_E_I,L,0.5,29,0.4106,0.46,0.3612,0.3032
1SGP_E_I,L,1.0,29,0.4073,0.4594,0.5219,0.504
1SGP_E_I,L,2.0,29,0.3885,0.4596,0.7122,0.69
1SGP_E_I,random,0.0,29,0.3966,0.4598,0.0573,-0.0595
1SGP_E_I,random,0.25,29,0.3949,0.4588,0.0457,-0.0667
1SGP_E_I,random,0.5,29,0.3869,0.4586,-0.0029,-0.1346
1SGP_E_I,random,1.0,29,0.3367,0.4577,-0.1832,-0.384
1SGP_E_I,random,2.0,29,0.2511,0.4536,-0.4749,-0.8766
1SGQ_E_I,L,0.0,26,0.3906,0.4532,0.1082,-0.0722
1SGQ_E_I,L,0.25,26,0.4111,0.4533,0.3203,0.191
1SGQ_E_I,L,0.5,26,0.4081,0.4528,0.5008,0.3929
1SGQ_E_I,L,1.0,26,0.4111,0.4519,0.6764,0.5906
1SGQ_E_I,L,2.0,26,0.3906,0.4526,0.8882,0.7677
1SGQ_E_I,random,0.0,26,0.3906,0.4532,0.1082,-0.0722
1SGQ_E_I,random,0.25,26,0.399,0.4533,0.0802,-0.1091
1SGQ_E_I,random,0.5,26,0.3996,0.4533,0.0122,-0.2207
1SGQ_E_I,random,1.0,26,0.378,0.4529,-0.1532,-0.5061
1SGQ_E_I,random,2.0,26,0.3215,0.45,-0.5209,-1.0344
1SGY_E_I,L,0.0,28,0.404,0.4464,0.031,-0.4884
1SGY_E_I,L,0.25,28,0.4191,0.4464,0.2463,-0.2694
1SGY_E_I,L,0.5,28,0.4286,0.4469,0.3798,-0.127
1SGY_E_I,L,1.0,28,0.4213,0.4467,0.5547,-0.0024
1SGY_E_I,L,2.0,28,0.4096,0.4463,0.7603,0.1577
1SGY_E_I,random,0.0,28,0.404,0.4464,0.031,-0.4884
1SGY_E_I,random,0.25,28,0.404,0.4469,0.0405,-0.4834
1SGY_E_I,random,0.5,28,0.3912,0.4472,0.0392,-0.5206
1SGY_E_I,random,1.0,28,0.361,0.4446,-0.0912,-0.7102
1SGY_E_I,random,2.0,28,0.3075,0.4437,-0.3512,-1.1526
1SIB_E_I,L,0.0,35,0.2835,0.4196,0.105,-0.0795
1SIB_E_I,L,0.25,35,0.2857,0.42,0.219,0.0188
1SIB_E_I,L,0.5,35,0.2808,0.4202,0.3386,0.112
1SIB_E_I,L,1.0,35,0.2799,0.4198,0.4911,0.1931
1SIB_E_I,L,2.0,35,0.2683,0.419,0.6817,0.2946
1SIB_E_I,random,0.0,35,0.2835,0.4196,0.105,-0.0795
1SIB_E_I,random,0.25,35,0.2839,0.4201,0.1075,-0.0644
1SIB_E_I,random,0.5,35,0.275,0.4202,0.094,-0.0932
1SIB_E_I,random,1.0,35,0.2692,0.4202,0.0366,-0.1496
1SIB_E_I,random,2.0,35,0.2183,0.4175,-0.0949,-0.3586
1SMF_E_I,L,0.0,23,0.4334,0.4206,0.4703,-0.0347
1SMF_E_I,L,0.25,23,0.4307,0.4215,0.5664,-0.0024
1SMF_E_I,L,0.5,23,0.426,0.4213,0.624,0.0294
1SMF_E_I,L,1.0,23,0.413,0.4211,0.7366,0.081
1SMF_E_I,L,2.0,23,0.3967,0.4206,0.8585,0.1561
1SMF_E_I,random,0.0,23,0.4334,0.4206,0.4703,-0.0347
1SMF_E_I,random,0.25,23,0.4327,0.4208,0.4707,-0.0423
1SMF_E_I,random,0.5,23,0.4314,0.4205,0.4467,-0.0707
1SMF_E_I,random,1.0,23,0.4117,0.4201,0.3196,-0.1764
1SMF_E_I,random,2.0,23,0.3444,0.4187,0.1306,-0.2715
1TM1_E_I,L,0.0,35,0.3116,0.441,0.1229,-0.1689
1TM1_E_I,L,0.25,35,0.3116,0.441,0.2328,-0.0865
1TM1_E_I,L,0.5,35,0.3085,0.4414,0.3343,-0.0115
1TM1_E_I,L,1.0,35,0.3009,0.4415,0.4801,0.0839
1TM1_E_I,L,2.0,35,0.2884,0.4409,0.6679,0.2218
1TM1_E_I,random,0.0,35,0.3116,0.441,0.1229,-0.1689
1TM1_E_I,random,0.25,35,0.317,0.4413,0.1221,-0.1761
1TM1_E_I,random,0.5,35,0.3174,0.4406,0.1138,-0.1923
1TM1_E_I,random,1.0,35,0.3165,0.4405,0.0751,-0.2636
1TM1_E_I,random,2.0,35,0.3031,0.4414,-0.0397,-0.3875
1TM3_E_I,L,0.0,33,0.3063,0.4426,0.2634,-0.2784
1TM3_E_I,L,0.25,33,0.2997,0.4421,0.395,-0.1729
1TM3_E_I,L,0.5,33,0.2997,0.4417,0.5033,-0.0788
1TM3_E_I,L,1.0,33,0.2898,0.4414,0.6751,0.0668
1TM3_E_I,L,2.0,33,0.2618,0.4411,0.8793,0.2166
1TM3_E_I,random,0.0,33,0.3063,0.4426,0.2634,-0.2784
1TM3_E_I,random,0.25,33,0.3002,0.4429,0.2627,-0.2953
1TM3_E_I,random,0.5,33,0.2992,0.4427,0.231,-0.3442
1TM3_E_I,random,1.0,33,0.2637,0.4416,0.2206,-0.4234
1TM3_E_I,random,2.0,33,0.197,0.4405,0.1395,-0.6409
1TM4_E_I,L,0.0,32,0.2998,0.4427,0.1652,0.0564
1TM4_E_I,L,0.25,32,0.2949,0.4423,0.2998,0.1603
1TM4_E_I,L,0.5,32,0.2964,0.4421,0.4053,0.2425
1TM4_E_I,L,1.0,32,0.2915,0.4419,0.5713,0.3535
1TM4_E_I,L,2.0,32,0.2593,0.4421,0.7935,0.5496
1TM4_E_I,random,0.0,32,0.2998,0.4427,0.1652,0.0564
1TM4_E_I,random,0.25,32,0.3018,0.4431,0.1534,0.0599
1TM4_E_I,random,0.5,32,0.2998,0.4424,0.1247,0.0075
1TM4_E_I,random,1.0,32,0.2954,0.4425,0.0973,-0.0417
1TM4_E_I,random,2.0,32,0.2529,0.4431,0.034,-0.0832
1TM5_E_I,L,0.0,33,0.3168,0.44,0.1114,-0.322
1TM5_E_I,L,0.25,33,0.3168,0.4392,0.2288,-0.2147
1TM5_E_I,L,0.5,33,0.3172,0.4392,0.3402,-0.1218
1TM5_E_I,L,1.0,33,0.322,0.4387,0.5134,-0.0111
1TM5_E_I,L,2.0,33,0.3087,0.4391,0.7313,0.1675
1TM5_E_I,random,0.0,33,0.3168,0.44,0.1114,-0.322
1TM5_E_I,random,0.25,33,0.3172,0.4396,0.0949,-0.3471
1TM5_E_I,random,0.5,33,0.3144,0.4398,0.0903,-0.3667
1TM5_E_I,random,1.0,33,0.3087,0.4395,0.1086,-0.3858
1TM5_E_I,random,2.0,33,0.2869,0.4395,0.0906,-0.406
1TM7_E_I,L,0.0,35,0.3018,0.4407,0.1504,-0.042
1TM7_E_I,L,0.25,35,0.3022,0.4406,0.2765,0.0398
1TM7_E_I,L,0.5,35,0.2982,0.4401,0.3895,0.1213
1TM7_E_I,L,1.0,35,0.3049,0.4401,0.5339,0.1972
1TM7_E_I,L,2.0,35,0.2884,0.4398,0.7517,0.332
1TM7_E_I,random,0.0,35,0.3018,0.4407,0.1504,-0.042
1TM7_E_I,random,0.25,35,0.3004,0.4408,0.1391,-0.0596
1TM7_E_I,random,0.5,35,0.3013,0.4404,0.1178,-0.082
1TM7_E_I,random,1.0,35,0.2946,0.4403,0.0879,-0.115
1TM7_E_I,random,2.0,35,0.2714,0.4394,0.0088,-0.2263
1TMG_E_I,L,0.0,35,0.3049,0.4416,0.1551,-0.1006
1TMG_E_I,L,0.25,35,0.3045,0.4418,0.2605,-0.0151
1TMG_E_I,L,0.5,35,0.3049,0.4419,0.3708,0.0579
1TMG_E_I,L,1.0,35,0.3134,0.4415,0.5205,0.1486
1TMG_E_I,L,2.0,35,0.3045,0.4418,0.715,0.2771
1TMG_E_I,random,0.0,35,0.3049,0.4416,0.1551,-0.1006
1TMG_E_I,random,0.25,35,0.304,0.4415,0.1433,-0.0988
1TMG_E_I,random,0.5,35,0.3018,0.4415,0.1335,-0.1059
1TMG_E_I,random,1.0,35,0.2888,0.4416,0.1032,-0.1414
1TMG_E_I,random,2.0,35,0.2527,0.441,0.0803,-0.2067
1TO1_E_I,L,0.0,33,0.312,0.4403,0.1384,-0.2438
1TO1_E_I,L,0.25,33,0.3134,0.4398,0.2633,-0.1593
1TO1_E_I,L,0.5,33,0.312,0.4393,0.3692,-0.1069
1TO1_E_I,L,1.0,33,0.3082,0.4397,0.543,0.0016
1TO1_E_I,L,2.0,33,0.2964,0.4395,0.772,0.1603
1TO1_E_I,random,0.0,33,0.312,0.4403,0.1384,-0.2438
1TO1_E_I,random,0.25,33,0.3153,0.4401,0.1475,-0.2423
1TO1_E_I,random,0.5,33,0.3239,0.4406,0.1477,-0.2383
1TO1_E_I,random,1.0,33,0.3224,0.4402,0.1522,-0.2509
1TO1_E_I,random,2.0,33,0.3187,0.4399,0.124,-0.2895
1U7F_B_AC,L,0.0,95,0.2383,0.2682,-0.1251,-0.2579
1U7F_B_AC,L,0.25,95,0.2533,0.2682,0.0014,-0.1588
1U7F_B_AC,L,0.5,95,0.2627,0.2679,0.0971,-0.0812
1U7F_B_AC,L,1.0,95,0.2789,0.2681,0.2394,0.0309
1U7F_B_AC,L,2.0,95,0.2919,0.2685,0.3945,0.1242
1U7F_B_AC,random,0.0,95,0.2383,0.2682,-0.1251,-0.2579
1U7F_B_AC,random,0.25,95,0.2451,0.2677,-0.1322,-0.2619
1U7F_B_AC,random,0.5,95,0.2433,0.2679,-0.1326,-0.2727
1U7F_B_AC,random,1.0,95,0.2322,0.267,-0.1705,-0.3107
1U7F_B_AC,random,2.0,95,0.2173,0.2676,-0.244,-0.3822
1UUZ_A_D,L,0.0,42,0.3397,0.3791,0.1345,-0.0398
1UUZ_A_D,L,0.25,42,0.3378,0.3786,0.3138,0.119
1UUZ_A_D,L,0.5,42,0.3411,0.3799,0.4398,0.2355
1UUZ_A_D,L,1.0,42,0.3356,0.3797,0.6079,0.3689
1UUZ_A_D,L,2.0,42,0.3255,0.3791,0.7821,0.4734
1UUZ_A_D,random,0.0,42,0.3397,0.3791,0.1345,-0.0398
1UUZ_A_D,random,0.25,42,0.3393,0.3787,0.1515,-0.0191
1UUZ_A_D,random,0.5,42,0.3363,0.3793,0.1597,0.0099
1UUZ_A_D,random,1.0,42,0.3225,0.3798,0.0611,-0.1502
1UUZ_A_D,random,2.0,42,0.2891,0.3804,-0.1183,-0.4824
1VFB_AB_C,L,0.0,33,0.2888,0.4175,-0.0577,0.0218
1VFB_AB_C,L,0.25,33,0.2926,0.4173,0.0879,0.1247
1VFB_AB_C,L,0.5,33,0.3063,0.4173,0.1844,0.2222
1VFB_AB_C,L,1.0,33,0.3234,0.4172,0.3542,0.3313
1VFB_AB_C,L,2.0,33,0.3575,0.4176,0.5676,0.4992
1VFB_AB_C,random,0.0,33,0.2888,0.4175,-0.0577,0.0218
1VFB_AB_C,random,0.25,33,0.2964,0.4173,-0.0411,0.0408
1VFB_AB_C,random,0.5,33,0.3125,0.4173,-0.0444,0.0566
1VFB_AB_C,random,1.0,33,0.3343,0.4172,-0.0342,0.0627
1VFB_AB_C,random,2.0,33,0.3769,0.4172,-0.014,0.0964
1WQJ_I_B,L,0.0,36,0.4401,0.3914,-0.2557,-0.7003
1WQJ_I_B,L,0.25,36,0.4648,0.3918,-0.117,-0.5366
1WQJ_I_B,L,0.5,36,0.4792,0.3909,-0.0315,-0.4472
1WQJ_I_B,L,1.0,36,0.4957,0.3902,0.076,-0.3532
1WQJ_I_B,L,2.0,36,0.5078,0.3902,0.2003,-0.2834
1WQJ_I_B,random,0.0,36,0.4401,0.3914,-0.2557,-0.7003
1WQJ_I_B,random,0.25,36,0.4401,0.3922,-0.2555,-0.6801
1WQJ_I_B,random,0.5,36,0.4353,0.394,-0.3134,-0.7451
1WQJ_I_B,random,1.0,36,0.3893,0.3933,-0.5377,-1.0803
1WQJ_I_B,random,2.0,36,0.326,0.3921,-0.7492,-1.411
1X1W_A_D,L,0.0,29,0.3017,0.4058,0.1328,0.4477
1X1W_A_D,L,0.25,29,0.3157,0.4053,0.2959,0.6725
1X1W_A_D,L,0.5,29,0.3217,0.4068,0.419,0.8365
1X1W_A_D,L,1.0,29,0.3211,0.4078,0.5924,1.0801
1X1W_A_D,L,2.0,29,0.3308,0.4079,0.7449,1.2402
1X1W_A_D,random,0.0,29,0.3017,0.4058,0.1328,0.4477
1X1W_A_D,random,0.25,29,0.2829,0.4052,0.087,0.382
1X1W_A_D,random,0.5,29,0.2753,0.4052,0.0396,0.2085
1X1W_A_D,random,1.0,29,0.2392,0.4034,-0.1094,-0.1191
1X1W_A_D,random,2.0,29,0.1929,0.4021,-0.4228,-0.6879
1X1X_A_D,L,0.0,30,0.2677,0.3962,0.1498,0.3355
1X1X_A_D,L,0.25,30,0.2766,0.3966,0.2945,0.4956
1X1X_A_D,L,0.5,30,0.2818,0.397,0.4235,0.6579
1X1X_A_D,L,1.0,30,0.2844,0.3971,0.6007,0.8164
1X1X_A_D,L,2.0,30,0.2854,0.3952,0.7878,0.8885
1X1X_A_D,random,0.0,30,0.2677,0.3962,0.1498,0.3355
1X1X_A_D,random,0.25,30,0.2729,0.3966,0.139,0.2961
1X1X_A_D,random,0.5,30,0.2693,0.3965,0.1351,0.3033
1X1X_A_D,random,1.0,30,0.2719,0.3958,0.0841,0.223
1X1X_A_D,random,2.0,30,0.2672,0.3954,-0.0797,-0.1254
1XD3_A_B,L,0.0,42,0.3289,0.3809,-0.2609,0.831
1XD3_A_B,L,0.25,42,0.3527,0.3813,-0.0892,0.9457
1XD3_A_B,L,0.5,42,0.3743,0.3822,0.0447,1.037
1XD3_A_B,L,1.0,42,0.3895,0.3823,0.2075,1.1086
1XD3_A_B,L,2.0,42,0.4133,0.382,0.3766,1.1863
1XD3_A_B,random,0.0,42,0.3289,0.3809,-0.2609,0.831
1XD3_A_B,random,0.25,42,0.3311,0.381,-0.2742,0.8098
1XD3_A_B,random,0.5,42,0.3318,0.3811,-0.3179,0.758
1XD3_A_B,random,1.0,42,0.3177,0.3801,-0.4467,0.6261
1XD3_A_B,random,2.0,42,0.3065,0.38,-0.6302,0.4196
1XGP_AB_C,L,0.0,36,0.2513,0.3961,0.2313,0.2045
1XGP_AB_C,L,0.25,36,0.2522,0.3961,0.3321,0.2838
1XGP_AB_C,L,0.5,36,0.2483,0.3955,0.4205,0.357
1XGP_AB_C,L,1.0,36,0.2383,0.3954,0.5567,0.4488
1XGP_AB_C,L,2.0,36,0.2227,0.3957,0.7707,0.6076
1XGP_AB_C,random,0.0,36,0.2513,0.3961,0.2313,0.2045
1XGP_AB_C,random,0.25,36,0.247,0.3963,0.2375,0.2133
1XGP_AB_C,random,0.5,36,0.2435,0.3964,0.2225,0.1971
1XGP_AB_C,random,1.0,36,0.2305,0.3961,0.1692,0.1471
1XGP_AB_C,random,2.0,36,0.2127,0.3962,0.0371,0.0631
1XGQ_AB_C,L,0.0,39,0.2512,0.4005,0.2285,0.3332
1XGQ_AB_C,L,0.25,39,0.2488,0.4003,0.3006,0.3877
1XGQ_AB_C,L,0.5,39,0.2416,0.4003,0.3886,0.4668
1XGQ_AB_C,L,1.0,39,0.234,0.4,0.5281,0.5815
1XGQ_AB_C,L,2.0,39,0.2127,0.3999,0.7308,0.7083
1XGQ_AB_C,random,0.0,39,0.2512,0.4005,0.2285,0.3332
1XGQ_AB_C,random,0.25,39,0.248,0.4003,0.2122,0.3255
1XGQ_AB_C,random,0.5,39,0.2436,0.4004,0.1856,0.296
1XGQ_AB_C,random,1.0,39,0.2252,0.4005,0.1523,0.3083
1XGQ_AB_C,random,2.0,39,0.2103,0.4004,0.1004,0.3163
1XGR_AB_C,L,0.0,38,0.2636,0.3965,0.1932,0.1476
1XGR_AB_C,L,0.25,38,0.2623,0.3962,0.2884,0.2158
1XGR_AB_C,L,0.5,38,0.2652,0.3959,0.3839,0.3019
1XGR_AB_C,L,1.0,38,0.264,0.3957,0.5455,0.4389
1XGR_AB_C,L,2.0,38,0.2644,0.396,0.7548,0.5896
1XGR_AB_C,random,0.0,38,0.2636,0.3965,0.1932,0.1476
1XGR_AB_C,random,0.25,38,0.2627,0.3964,0.1991,0.122
1XGR_AB_C,random,0.5,38,0.2562,0.3962,0.2141,0.1113
1XGR_AB_C,random,1.0,38,0.2611,0.3959,0.2311,0.0806
1XGR_AB_C,random,2.0,38,0.2475,0.3961,0.1897,-0.0316
1XGT_AB_C,L,0.0,40,0.2535,0.4022,0.1766,0.0409
1XGT_AB_C,L,0.25,40,0.2504,0.4021,0.2796,0.145
1XGT_AB_C,L,0.5,40,0.2473,0.4023,0.3779,0.2356
1XGT_AB_C,L,1.0,40,0.243,0.4022,0.5198,0.3581
1XGT_AB_C,L,2.0,40,0.2469,0.4019,0.7391,0.5449
1XGT_AB_C,random,0.0,40,0.2535,0.4022,0.1766,0.0409
1XGT_AB_C,random,0.25,40,0.2445,0.4023,0.172,0.0286
1XGT_AB_C,random,0.5,40,0.2426,0.4022,0.1636,0.0258
1XGT_AB_C,random,1.0,40,0.2352,0.4024,0.1149,-0.042
1XGT_AB_C,random,2.0,40,0.1855,0.4018,-0.0571,-0.1867
1XGU_AB_C,L,0.0,41,0.2508,0.4003,0.076,-0.0485
1XGU_AB_C,L,0.25,41,0.2534,0.4002,0.1617,0.0225
1XGU_AB_C,L,0.5,41,0.2523,0.4005,0.2396,0.1153
1XGU_AB_C,L,1.0,41,0.2481,0.4006,0.3671,0.2361
1XGU_AB_C,L,2.0,41,0.2454,0.4002,0.5724,0.4238
1XGU_AB_C,random,0.0,41,0.2508,0.4003,0.076,-0.0485
1XGU_AB_C,random,0.25,41,0.2519,0.4003,0.0752,-0.0551
1XGU_AB_C,random,0.5,41,0.2485,0.4,0.0678,-0.0472
1XGU_AB_C,random,1.0,41,0.2485,0.4007,0.0722,-0.0391
1XGU_AB_C,random,2.0,41,0.2153,0.4,0.0208,-0.0924
1XXM_A_C,L,0.0,48,0.2295,0.3933,0.2574,-0.1566
1XXM_A_C,L,0.25,48,0.236,0.3933,0.3712,-0.0824
1XXM_A_C,L,0.5,48,0.2425,0.3931,0.4929,0.0024
1XXM_A_C,L,1.0,48,0.2438,0.3931,0.6611,0.1326
1XXM_A_C,L,2.0,48,0.2204,0.392,0.8791,0.2733
1XXM_A_C,random,0.0,48,0.2295,0.3933,0.2574,-0.1566
1XXM_A_C,random,0.25,48,0.2347,0.3939,0.2352,-0.1586
1XXM_A_C,random,0.5,48,0.2376,0.3937,0.2225,-0.1655
1XXM_A_C,random,1.0,48,0.249,0.3938,0.19,-0.1538
1XXM_A_C,random,2.0,48,0.2174,0.3935,0.0296,-0.2569
1Y1K_E_I,L,0.0,33,0.2912,0.4403,0.2527,0.0426
1Y1K_E_I,L,0.25,33,0.2902,0.4404,0.3833,0.1246
1Y1K_E_I,L,0.5,33,0.2798,0.4408,0.4877,0.1842
1Y1K_E_I,L,1.0,33,0.2831,0.4407,0.6529,0.2922
1Y1K_E_I,L,2.0,33,0.2708,0.4411,0.852,0.414
1Y1K_E_I,random,0.0,33,0.2912,0.4403,0.2527,0.0426
1Y1K_E_I,random,0.25,33,0.295,0.4404,0.263,0.0572
1Y1K_E_I,random,0.5,33,0.2869,0.4405,0.2782,0.0549
1Y1K_E_I,random,1.0,33,0.2812,0.4401,0.2858,0.0562
1Y1K_E_I,random,2.0,33,0.2396,0.4399,0.1807,-0.0206
1Y33_E_I,L,0.0,34,0.3107,0.44,0.1773,-0.0765
1Y33_E_I,L,0.25,34,0.3203,0.4401,0.33,0.0355
1Y33_E_I,L,0.5,34,0.3304,0.44,0.4541,0.1379
1Y33_E_I,L,1.0,34,0.3272,0.4405,0.6022,0.2367
1Y33_E_I,L,2.0,34,0.3199,0.4411,0.7753,0.3452
1Y33_E_I,random,0.0,34,0.3107,0.44,0.1773,-0.0765
1Y33_E_I,random,0.25,34,0.3235,0.4403,0.1612,-0.0799
1Y33_E_I,random,0.5,34,0.3125,0.4403,0.1016,-0.1116
1Y33_E_I,random,1.0,34,0.2803,0.4399,-0.0374,-0.2014
1Y33_E_I,random,2.0,34,0.2289,0.44,-0.1773,-0.3021
1Y34_E_I,L,0.0,32,0.3218,0.4402,0.1434,-0.2226
1Y34_E_I,L,0.25,32,0.3223,0.44,0.2588,-0.1375
1Y34_E_I,L,0.5,32,0.3184,0.4404,0.39,-0.0616
1Y34_E_I,L,1.0,32,0.3267,0.4404,0.5349,0.0538
1Y34_E_I,L,2.0,32,0.3174,0.4403,0.7216,0.1482
1Y34_E_I,random,0.0,32,0.3218,0.4402,0.1434,-0.2226
1Y34_E_I,random,0.25,32,0.3213,0.4399,0.1452,-0.2166
1Y34_E_I,random,0.5,32,0.3208,0.4401,0.1163,-0.2581
1Y34_E_I,random,1.0,32,0.3003,0.439,0.0749,-0.3371
1Y34_E_I,random,2.0,32,0.25,0.4391,-0.0236,-0.5246
1Y3B_E_I,L,0.0,33,0.3125,0.4401,0.1099,-0.1568
1Y3B_E_I,L,0.25,33,0.3092,0.439,0.2453,-0.0709
1Y3B_E_I,L,0.5,33,0.313,0.4394,0.3388,0.0173
1Y3B_E_I,L,1.0,33,0.3097,0.4391,0.5068,0.1406
1Y3B_E_I,L,2.0,33,0.2902,0.4392,0.6945,0.2809
1Y3B_E_I,random,0.0,33,0.3125,0.4401,0.1099,-0.1568
1Y3B_E_I,random,0.25,33,0.3054,0.4396,0.1169,-0.132
1Y3B_E_I,random,0.5,33,0.295,0.4395,0.1211,-0.1131
1Y3B_E_I,random,1.0,33,0.2652,0.4389,0.089,-0.1508
1Y3B_E_I,random,2.0,33,0.2027,0.4382,-0.0291,-0.2366
1Y3C_E_I,L,0.0,32,0.3164,0.4391,0.1435,-0.3563
1Y3C_E_I,L,0.25,32,0.3242,0.4392,0.2724,-0.2727
1Y3C_E_I,L,0.5,32,0.3237,0.4395,0.3919,-0.1982
1Y3C_E_I,L,1.0,32,0.3252,0.4391,0.5402,-0.111
1Y3C_E_I,L,2.0,32,0.3164,0.4389,0.7389,0.0172
1Y3C_E_I,random,0.0,32,0.3164,0.4391,0.1435,-0.3563
1Y3C_E_I,random,0.25,32,0.3145,0.439,0.145,-0.3739
1Y3C_E_I,random,0.5,32,0.3135,0.4393,0.12,-0.4017
1Y3C_E_I,random,1.0,32,0.2866,0.4391,0.0631,-0.4415
1Y3C_E_I,random,2.0,32,0.2642,0.4385,0.029,-0.5133
1Y3D_E_I,L,0.0,35,0.3174,0.4413,0.0707,-0.4206
1Y3D_E_I,L,0.25,35,0.3179,0.4413,0.1754,-0.3405
1Y3D_E_I,L,0.5,35,0.3237,0.4413,0.2724,-0.2688
1Y3D_E_I,L,1.0,35,0.3187,0.4419,0.423,-0.1633
1Y3D_E_I,L,2.0,35,0.3116,0.4413,0.5975,-0.0493
1Y3D_E_I,random,0.0,35,0.3174,0.4413,0.0707,-0.4206
1Y3D_E_I,random,0.25,35,0.3179,0.4415,0.0716,-0.4221
1Y3D_E_I,random,0.5,35,0.3165,0.4417,0.0733,-0.4
1Y3D_E_I,random,1.0,35,0.3067,0.4422,0.0639,-0.3783
1Y3D_E_I,random,2.0,35,0.283,0.4419,0.0511,-0.4261
1Y48_E_I,L,0.0,35,0.3299,0.4329,0.1033,-0.2954
1Y48_E_I,L,0.25,35,0.3277,0.4331,0.2413,-0.2004
1Y48_E_I,L,0.5,35,0.3304,0.4324,0.3524,-0.148
1Y48_E_I,L,1.0,35,0.3393,0.4323,0.5125,-0.0367
1Y48_E_I,L,2.0,35,0.3317,0.4331,0.6903,0.0536
1Y48_E_I,random,0.0,35,0.3299,0.4329,0.1033,-0.2954
1Y48_E_I,random,0.25,35,0.333,0.4326,0.1011,-0.2657
1Y48_E_I,random,0.5,35,0.3219,0.4327,0.0704,-0.2923
1Y48_E_I,random,1.0,35,0.3107,0.4324,0.0375,-0.3324
1Y48_E_I,random,2.0,35,0.2763,0.432,-0.0335,-0.4296
1Y4A_E_I,L,0.0,41,0.2797,0.4696,0.3383,0.0797
1Y4A_E_I,L,0.25,41,0.2732,0.4693,0.4515,0.1438
1Y4A_E_I,L,0.5,41,0.266,0.4692,0.5566,0.2011
1Y4A_E_I,L,1.0,41,0.2542,0.4691,0.7235,0.2885
1Y4A_E_I,L,2.0,41,0.2298,0.4695,0.9184,0.3976
1Y4A_E_I,random,0.0,41,0.2797,0.4696,0.3383,0.0797
1Y4A_E_I,random,0.25,41,0.2832,0.4698,0.3263,0.0822
1Y4A_E_I,random,0.5,41,0.2843,0.4699,0.3241,0.092
1Y4A_E_I,random,1.0,41,0.2717,0.4696,0.3127,0.0869
1Y4A_E_I,random,2.0,41,0.2393,0.469,0.2169,0.0711
1YCS_A_B,L,0.0,31,0.1517,0.3005,0.1469,0.0549
1YCS_A_B,L,0.25,31,0.1573,0.3005,0.2413,0.1188
1YCS_A_B,L,0.5,31,0.1547,0.3006,0.3344,0.1726
1YCS_A_B,L,1.0,31,0.1588,0.3011,0.4737,0.2469
1YCS_A_B,L,2.0,31,0.182,0.3011,0.6578,0.3471
1YCS_A_B,random,0.0,31,0.1517,0.3005,0.1469,0.0549
1YCS_A_B,random,0.25,31,0.1517,0.3009,0.1409,0.0635
1YCS_A_B,random,0.5,31,0.1472,0.3009,0.1249,0.051
1YCS_A_B,random,1.0,31,0.1341,0.3005,0.0674,0.0262
1YCS_A_B,random,2.0,31,0.1154,0.3003,-0.0894,-0.011
1YQV_HL_Y,L,0.0,32,0.3535,0.4076,0.1631,0.1725
1YQV_HL_Y,L,0.25,32,0.3594,0.4074,0.2711,0.3015
1YQV_HL_Y,L,0.5,32,0.3555,0.4074,0.3644,0.3792
1YQV_HL_Y,L,1.0,32,0.3511,0.4071,0.4699,0.5049
1YQV_HL_Y,L,2.0,32,0.3364,0.4072,0.6101,0.6299
1YQV_HL_Y,random,0.0,32,0.3535,0.4076,0.1631,0.1725
1YQV_HL_Y,random,0.25,32,0.3511,0.4078,0.1582,0.1445
1YQV_HL_Y,random,0.5,32,0.3467,0.4078,0.1673,0.1594
1YQV_HL_Y,random,1.0,32,0.3398,0.4074,0.1237,0.0797
1YQV_HL_Y,random,2.0,32,0.311,0.4072,0.0234,-0.0359
1Z7X_W_X,L,0.0,64,0.2131,0.3803,0.1068,0.1764
1Z7X_W_X,L,0.25,64,0.2173,0.38,0.209,0.27
1Z7X_W_X,L,0.5,64,0.2192,0.3799,0.309,0.3729
1Z7X_W_X,L,1.0,64,0.2183,0.3795,0.453,0.4901
1Z7X_W_X,L,2.0,64,0.2119,0.3795,0.6065,0.5699
1Z7X_W_X,random,0.0,64,0.2131,0.3803,0.1068,0.1764
1Z7X_W_X,random,0.25,64,0.2092,0.3801,0.1068,0.1722
1Z7X_W_X,random,0.5,64,0.2083,0.3799,0.1053,0.1654
1Z7X_W_X,random,1.0,64,0.2063,0.3802,0.0745,0.1174
1Z7X_W_X,random,2.0,64,0.1946,0.3799,-0.0247,-0.017
2A9K_A_B,L,0.0,37,0.3235,0.3573,-0.1013,-0.4168
2A9K_A_B,L,0.25,37,0.348,0.3572,0.0861,-0.2326
2A9K_A_B,L,0.5,37,0.3594,0.3574,0.1981,-0.1435
2A9K_A_B,L,1.0,37,0.3733,0.3572,0.3338,-0.0155
2A9K_A_B,L,2.0,37,0.3691,0.3573,0.4725,0.1201
2A9K_A_B,random,0.0,37,0.3235,0.3573,-0.1013,-0.4168
2A9K_A_B,random,0.25,37,0.3311,0.3574,-0.0638,-0.3666
2A9K_A_B,random,0.5,37,0.3269,0.357,-0.0685,-0.3942
2A9K_A_B,random,1.0,37,0.3184,0.3565,-0.0864,-0.4664
2A9K_A_B,random,2.0,37,0.2475,0.356,-0.3083,-0.8376
2ABZ_B_E,L,0.0,34,0.2459,0.3546,0.0054,0.0567
2ABZ_B_E,L,0.25,34,0.2619,0.3549,0.113,0.145
2ABZ_B_E,L,0.5,34,0.2808,0.3545,0.2161,0.2228
2ABZ_B_E,L,1.0,34,0.295,0.3543,0.3334,0.3317
2ABZ_B_E,L,2.0,34,0.3107,0.355,0.4899,0.4596
2ABZ_B_E,random,0.0,34,0.2459,0.3546,0.0054,0.0567
2ABZ_B_E,random,0.25,34,0.2362,0.3546,-0.0045,0.0247
2ABZ_B_E,random,0.5,34,0.2316,0.3547,-0.0113,0.0029
2ABZ_B_E,random,1.0,34,0.2109,0.3544,-0.0377,-0.0496
2ABZ_B_E,random,2.0,34,0.1719,0.3539,-0.0798,-0.071
2AW2_A_B,L,0.0,42,0.317,0.34,0.0138,-0.2462
2AW2_A_B,L,0.25,42,0.3285,0.3401,0.1106,-0.158
2AW2_A_B,L,0.5,42,0.3352,0.3398,0.178,-0.1008
2AW2_A_B,L,1.0,42,0.3318,0.3408,0.2775,-0.0305
2AW2_A_B,L,2.0,42,0.3356,0.3415,0.4108,0.0696
2AW2_A_B,random,0.0,42,0.317,0.34,0.0138,-0.2462
2AW2_A_B,random,0.25,42,0.3147,0.3398,0.0103,-0.2473
2AW2_A_B,random,0.5,42,0.3103,0.3394,-0.0046,-0.2904
2AW2_A_B,random,1.0,42,0.2835,0.3393,-0.0806,-0.4383
2AW2_A_B,random,2.0,42,0.2329,0.3384,-0.216,-0.7435
2B0U_AB_C,L,0.0,66,0.272,0.3249,-0.1209,-0.3336
2B0U_AB_C,L,0.25,66,0.2929,0.3253,0.0075,-0.2125
2B0U_AB_C,L,0.5,66,0.3085,0.3251,0.111,-0.1229
2B0U_AB_C,L,1.0,66,0.3355,0.3252,0.2527,-0.0057
2B0U_AB_C,L,2.0,66,0.3539,0.3252,0.437,0.1253
2B0U_AB_C,random,0.0,66,0.272,0.3249,-0.1209,-0.3336
2B0U_AB_C,random,0.25,66,0.2706,0.3254,-0.1497,-0.3921
2B0U_AB_C,random,0.5,66,0.2704,0.3252,-0.1711,-0.4463
2B0U_AB_C,random,1.0,66,0.2524,0.325,-0.2755,-0.6231
2B0U_AB_C,random,2.0,66,0.2135,0.3241,-0.4843,-0.9714
2B0Z_A_B,L,0.0,23,0.3071,0.341,0.0415,0.0855
2B0Z_A_B,L,0.25,23,0.3173,0.341,0.1792,0.2278
2B0Z_A_B,L,0.5,23,0.3247,0.341,0.3027,0.3549
2B0Z_A_B,L,1.0,23,0.324,0.3409,0.4531,0.4927
2B0Z_A_B,L,2.0,23,0.3295,0.3405,0.5709,0.5774
2B0Z_A_B,random,0.0,23,0.3071,0.341,0.0415,0.0855
2B0Z_A_B,random,0.25,23,0.3213,0.3409,0.06,0.1073
2B0Z_A_B,random,0.5,23,0.322,0.3407,0.085,0.144
2B0Z_A_B,random,1.0,23,0.3213,0.3406,0.0979,0.162
2B0Z_A_B,random,2.0,23,0.3227,0.341,0.0663,0.0884
2B10_A_B,L,0.0,31,0.1754,0.3611,0.1035,0.098
2B10_A_B,L,0.25,31,0.1835,0.3607,0.2187,0.2012
2B10_A_B,L,0.5,31,0.1865,0.3606,0.3326,0.3088
2B10_A_B,L,1.0,31,0.1925,0.3605,0.4885,0.4513
2B10_A_B,L,2.0,31,0.1704,0.3604,0.6864,0.6254
2B10_A_B,random,0.0,31,0.1754,0.3611,0.1035,0.098
2B10_A_B,random,0.25,31,0.1709,0.3613,0.0765,0.0815
2B10_A_B,random,0.5,31,0.1668,0.3614,0.0578,0.078
2B10_A_B,random,1.0,31,0.1573,0.3616,0.0139,0.0763
2B10_A_B,random,2.0,31,0.1411,0.3619,-0.0518,0.1053
2B11_A_B,L,0.0,29,0.2295,0.3689,0.0295,-0.0263
2B11_A_B,L,0.25,29,0.2355,0.3686,0.1781,0.0977
2B11_A_B,L,0.5,29,0.2414,0.3686,0.2857,0.1723
2B11_A_B,L,1.0,29,0.2468,0.3685,0.4728,0.3412
2B11_A_B,L,2.0,29,0.2419,0.3685,0.6892,0.5302
2B11_A_B,random,0.0,29,0.2295,0.3689,0.0295,-0.0263
2B11_A_B,random,0.25,29,0.2328,0.3685,0.0307,-0.0243
2B11_A_B,random,0.5,29,0.2376,0.3689,0.0316,-0.0096
2B11_A_B,random,1.0,29,0.2414,0.3693,0.025,0.01
2B11_A_B,random,2.0,29,0.2522,0.3689,-0.0013,0.0169
2B12_A_B,L,0.0,21,0.2626,0.3323,0.0392,-0.094
2B12_A_B,L,0.25,21,0.2701,0.3322,0.1571,-0.0059
2B12_A_B,L,0.5,21,0.2775,0.3323,0.2842,0.1065
2B12_A_B,L,1.0,21,0.2723,0.3321,0.439,0.2282
2B12_A_B,L,2.0,21,0.2753,0.3319,0.6547,0.3099
2B12_A_B,random,0.0,21,0.2626,0.3323,0.0392,-0.094
2B12_A_B,random,0.25,21,0.2589,0.3324,0.046,-0.0933
2B12_A_B,random,0.5,21,0.2574,0.3326,0.0502,-0.1003
2B12_A_B,random,1.0,21,0.2411,0.3324,0.0447,-0.1303
2B12_A_B,random,2.0,21,0.1808,0.3324,0.0166,-0.2642
2B2X_HL_A,L,0.0,39,0.2067,0.3952,0.1882,-0.3235
2B2X_HL_A,L,0.25,39,0.2027,0.3953,0.2929,-0.2537
2B2X_HL_A,L,0.5,39,0.2023,0.3952,0.3906,-0.1818
2B2X_HL_A,L,1.0,39,0.2003,0.3952,0.5684,-0.0509
2B2X_HL_A,L,2.0,39,0.1975,0.3949,0.7891,0.0828
2B2X_HL_A,random,0.0,39,0.2067,0.3952,0.1882,-0.3235
2B2X_HL_A,random,0.25,39,0.2035,0.3952,0.1828,-0.3327
2B2X_HL_A,random,0.5,39,0.2059,0.3951,0.1758,-0.3449
2B2X_HL_A,random,1.0,39,0.2023,0.395,0.1359,-0.3969
2B2X_HL_A,random,2.0,39,0.1823,0.3948,0.016,-0.6062
2B42_A_B,L,0.0,58,0.3607,0.3913,0.2187,0.5418
2B42_A_B,L,0.25,58,0.365,0.3917,0.3405,0.6536
2B42_A_B,L,0.5,58,0.3677,0.3918,0.4498,0.757
2B42_A_B,L,1.0,58,0.3629,0.3922,0.5664,0.858
2B42_A_B,L,2.0,58,0.3518,0.3913,0.7141,0.9714
2B42_A_B,random,0.0,58,0.3607,0.3913,0.2187,0.5418
2B42_A_B,random,0.25,58,0.3537,0.3912,0.1862,0.51
2B42_A_B,random,0.5,58,0.3467,0.3913,0.1434,0.4549
2B42_A_B,random,1.0,58,0.3279,0.3909,0.0012,0.2961
2B42_A_B,random,2.0,58,0.2942,0.3908,-0.2266,0.1193
2BDN_HL_A,L,0.0,30,0.2198,0.3643,-0.0481,-0.3956
2BDN_HL_A,L,0.25,30,0.2328,0.3642,0.0484,-0.3106
2BDN_HL_A,L,0.5,30,0.2443,0.3641,0.1483,-0.2466
2BDN_HL_A,L,1.0,30,0.2562,0.3642,0.2665,-0.1499
2BDN_HL_A,L,2.0,30,0.2844,0.3643,0.4191,-0.0256
2BDN_HL_A,random,0.0,30,0.2198,0.3643,-0.0481,-0.3956
2BDN_HL_A,random,0.25,30,0.2245,0.3643,-0.0376,-0.3931
2BDN_HL_A,random,0.5,30,0.2281,0.3643,-0.0285,-0.4229
2BDN_HL_A,random,1.0,30,0.2198,0.3641,-0.0844,-0.5321
2BDN_HL_A,random,2.0,30,0.1891,0.364,-0.1812,-0.6952
2BTF_A_P,L,0.0,41,0.2332,0.305,0.1762,-0.1176
2BTF_A_P,L,0.25,41,0.2515,0.3052,0.3486,0.0497
2BTF_A_P,L,0.5,41,0.2633,0.3051,0.4605,0.1464
2BTF_A_P,L,1.0,41,0.2851,0.3045,0.6333,0.2905
2BTF_A_P,L,2.0,41,0.2995,0.305,0.7931,0.4109
2BTF_A_P,random,0.0,41,0.2332,0.305,0.1762,-0.1176
2BTF_A_P,random,0.25,41,0.2287,0.3048,0.1747,-0.0877
2BTF_A_P,random,0.5,41,0.2188,0.3048,0.1221,-0.1308
2BTF_A_P,random,1.0,41,0.1921,0.3047,-0.0491,-0.2831
2BTF_A_P,random,2.0,41,0.1639,0.3045,-0.179,-0.4322
2C0L_A_B,L,0.0,43,0.2991,0.3164,-0.0076,-0.3224
2C0L_A_B,L,0.25,43,0.3209,0.3163,0.1981,-0.1492
2C0L_A_B,L,0.5,43,0.3205,0.317,0.319,-0.0556
2C0L_A_B,L,1.0,43,0.3212,0.3181,0.4887,0.0684
2C0L_A_B,L,2.0,43,0.3081,0.3182,0.6462,0.185
2C0L_A_B,random,0.0,43,0.2991,0.3164,-0.0076,-0.3224
2C0L_A_B,random,0.25,43,0.2936,0.3168,-0.0363,-0.3744
2C0L_A_B,random,0.5,43,0.2802,0.3168,-0.0946,-0.4602
2C0L_A_B,random,1.0,43,0.2235,0.316,-0.3724,-0.922
2C0L_A_B,random,2.0,43,0.1555,0.3148,-0.6691,-1.4961
2C5D_A_C,L,0.0,48,0.2223,0.3354,-0.1597,-0.3888
2C5D_A_C,L,0.25,48,0.2406,0.3354,-0.0254,-0.273
2C5D_A_C,L,0.5,48,0.2529,0.3352,0.0781,-0.179
2C5D_A_C,L,1.0,48,0.2663,0.3351,0.2157,-0.0692
2C5D_A_C,L,2.0,48,0.2796,0.3354,0.3395,0.0195
2C5D_A_C,random,0.0,48,0.2223,0.3354,-0.1597,-0.3888
2C5D_A_C,random,0.25,48,0.2201,0.3355,-0.1747,-0.4052
2C5D_A_C,random,0.5,48,0.2178,0.3351,-0.1925,-0.431
2C5D_A_C,random,1.0,48,0.209,0.3351,-0.2409,-0.5011
2C5D_A_C,random,2.0,48,0.1794,0.3351,-0.3459,-0.6285
2CCL_A_B,L,0.0,36,0.2652,0.4196,-0.0442,-0.6842
2CCL_A_B,L,0.25,36,0.2778,0.4194,0.1024,-0.5464
2CCL_A_B,L,0.5,36,0.2956,0.42,0.2197,-0.419
2CCL_A_B,L,1.0,36,0.3108,0.4204,0.3659,-0.2986
2CCL_A_B,L,2.0,36,0.3164,0.4188,0.5302,-0.0808
2CCL_A_B,random,0.0,36,0.2652,0.4196,-0.0442,-0.6842
2CCL_A_B,random,0.25,36,0.2656,0.4197,-0.0671,-0.6966
2CCL_A_B,random,0.5,36,0.26,0.4189,-0.1094,-0.7312
2CCL_A_B,random,1.0,36,0.2331,0.4178,-0.2735,-0.9105
2CCL_A_B,random,2.0,36,0.1901,0.4188,-0.4873,-1.2682
2DSQ_I_G,L,0.0,30,0.2781,0.3359,-0.0783,-0.2922
2DSQ_I_G,L,0.25,30,0.2984,0.3371,0.0376,-0.1851
2DSQ_I_G,L,0.5,30,0.3198,0.3373,0.1578,-0.065
2DSQ_I_G,L,1.0,30,0.3443,0.3368,0.2998,0.0807
2DSQ_I_G,L,2.0,30,0.3557,0.3356,0.4444,0.2366
2DSQ_I_G,random,0.0,30,0.2781,0.3359,-0.0783,-0.2922
2DSQ_I_G,random,0.25,30,0.2906,0.3366,-0.0723,-0.3242
2DSQ_I_G,random,0.5,30,0.3031,0.3381,-0.0653,-0.3506
2DSQ_I_G,random,1.0,30,0.3323,0.3378,-0.1013,-0.4371
2DSQ_I_G,random,2.0,30,0.3443,0.3368,-0.1418,-0.6026
2DVW_A_B,L,0.0,52,0.2124,0.4162,0.0906,0.0422
2DVW_A_B,L,0.25,52,0.2221,0.4154,0.2223,0.1903
2DVW_A_B,L,0.5,52,0.2281,0.4149,0.3433,0.3162
2DVW_A_B,L,1.0,52,0.2374,0.4142,0.5197,0.4778
2DVW_A_B,L,2.0,52,0.2329,0.4144,0.7069,0.6494
2DVW_A_B,random,0.0,52,0.2124,0.4162,0.0906,0.0422
2DVW_A_B,random,0.25,52,0.2055,0.4161,0.0931,0.0399
2DVW_A_B,random,0.5,52,0.1956,0.4151,0.0817,0.0225
2DVW_A_B,random,1.0,52,0.1719,0.4159,0.0257,-0.0746
2DVW_A_B,random,2.0,52,0.1271,0.4148,-0.109,-0.3016
2E7L_EQ_AD,L,0.0,45,0.2524,0.3413,0.054,-0.4609
2E7L_EQ_AD,L,0.25,45,0.2573,0.3416,0.1367,-0.3775
2E7L_EQ_AD,L,0.5,45,0.2503,0.3415,0.2208,-0.3113
2E7L_EQ_AD,L,1.0,45,0.2618,0.3411,0.3572,-0.1787
2E7L_EQ_AD,L,2.0,45,0.2483,0.3403,0.5452,-0.0662
2E7L_EQ_AD,random,0.0,45,0.2524,0.3413,0.054,-0.4609
2E7L_EQ_AD,random,0.25,45,0.2576,0.3411,0.0559,-0.4597
2E7L_EQ_AD,random,0.5,45,0.2569,0.3417,0.0583,-0.4495
2E7L_EQ_AD,random,1.0,45,0.2524,0.3417,0.0608,-0.49
2E7L_EQ_AD,random,2.0,45,0.2118,0.3415,0.023,-0.6165
2FTL_E_I,L,0.0,28,0.3689,0.4128,0.2447,0.1155
2FTL_E_I,L,0.25,28,0.3683,0.4131,0.383,0.2318
2FTL_E_I,L,0.5,28,0.3705,0.4122,0.4833,0.3174
2FTL_E_I,L,1.0,28,0.3538,0.4127,0.5997,0.4134
2FTL_E_I,L,2.0,28,0.3142,0.4125,0.7471,0.6064
2FTL_E_I,random,0.0,28,0.3689,0.4128,0.2447,0.1155
2FTL_E_I,random,0.25,28,0.3717,0.4129,0.218,0.1268
2FTL_E_I,random,0.5,28,0.3677,0.413,0.2107,0.1617
2FTL_E_I,random,1.0,28,0.3504,0.4124,0.1704,0.1998
2FTL_E_I,random,2.0,28,0.293,0.4118,-0.0033,0.2419
2G2U_A_B,L,0.0,53,0.242,0.4051,0.1589,-0.2913
2G2U_A_B,L,0.25,53,0.2547,0.4053,0.2931,-0.177
2G2U_A_B,L,0.5,53,0.2627,0.4048,0.4066,-0.097
2G2U_A_B,L,1.0,53,0.2665,0.405,0.5671,-0.034
2G2U_A_B,L,2.0,53,0.2559,0.4047,0.7569,0.0649
2G2U_A_B,random,0.0,53,0.242,0.4051,0.1589,-0.2913
2G2U_A_B,random,0.25,53,0.2356,0.4056,0.1494,-0.2738
2G2U_A_B,random,0.5,53,0.2314,0.4053,0.1199,-0.2777
2G2U_A_B,random,1.0,53,0.2176,0.4053,0.0713,-0.3278
2G2U_A_B,random,2.0,53,0.1881,0.4048,-0.0408,-0.3994
2G2W_A_B,L,0.0,47,0.2706,0.4003,0.2625,-0.1626
2G2W_A_B,L,0.25,47,0.2759,0.4006,0.419,-0.0642
2G2W_A_B,L,0.5,47,0.2849,0.4001,0.5788,0.0521
2G2W_A_B,L,1.0,47,0.2886,0.4002,0.7709,0.1702
2G2W_A_B,L,2.0,47,0.2709,0.4,0.9593,0.2704
2G2W_A_B,random,0.0,47,0.2706,0.4003,0.2625,-0.1626
2G2W_A_B,random,0.25,47,0.2723,0.4002,0.2758,-0.1084
2G2W_A_B,random,0.5,47,0.2746,0.4001,0.2782,-0.0824
2G2W_A_B,random,1.0,47,0.2703,0.4012,0.225,-0.1228
2G2W_A_B,random,2.0,47,0.251,0.4005,0.0949,-0.1646
2GOX_A_B,L,0.0,37,0.204,0.3623,0.1032,-0.0799
2GOX_A_B,L,0.25,37,0.2057,0.3627,0.2474,0.0289
2GOX_A_B,L,0.5,37,0.2095,0.3625,0.377,0.1181
2GOX_A_B,L,1.0,37,0.1993,0.3625,0.5424,0.1994
2GOX_A_B,L,2.0,37,0.1892,0.362,0.7201,0.3405
2GOX_A_B,random,0.0,37,0.204,0.3623,0.1032,-0.0799
2GOX_A_B,random,0.25,37,0.1997,0.3622,0.0811,-0.0794
2GOX_A_B,random,0.5,37,0.19,0.363,0.0644,-0.0857
2GOX_A_B,random,1.0,37,0.1723,0.3632,-0.0562,-0.1889
2GOX_A_B,random,2.0,37,0.1356,0.3627,-0.2503,-0.4483
2GYK_A_B,L,0.0,36,0.2522,0.3601,0.1556,-0.4246
2GYK_A_B,L,0.25,36,0.2674,0.3597,0.3486,-0.1879
2GYK_A_B,L,0.5,36,0.2669,0.3598,0.4484,-0.1081
2GYK_A_B,L,1.0,36,0.2869,0.3606,0.6159,0.0673
2GYK_A_B,L,2.0,36,0.3003,0.3606,0.7499,0.1874
2GYK_A_B,random,0.0,36,0.2522,0.3601,0.1556,-0.4246
2GYK_A_B,random,0.25,36,0.2522,0.3602,0.1386,-0.441
2GYK_A_B,random,0.5,36,0.2474,0.3594,0.1124,-0.4631
2GYK_A_B,random,1.0,36,0.2326,0.3599,-0.0211,-0.7017
2GYK_A_B,random,2.0,36,0.2036,0.3585,-0.3477,-1.2994
2HLE_A_B,L,0.0,48,0.2936,0.3192,-0.0458,-0.6814
2HLE_A_B,L,0.25,48,0.2995,0.3197,0.075,-0.5458
2HLE_A_B,L,0.5,48,0.3132,0.319,0.1852,-0.4218
2HLE_A_B,L,1.0,48,0.3226,0.3189,0.3154,-0.299
2HLE_A_B,L,2.0,48,0.3421,0.3187,0.4403,-0.193
2HLE_A_B,random,0.0,48,0.2936,0.3192,-0.0458,-0.6814
2HLE_A_B,random,0.25,48,0.2965,0.3193,-0.049,-0.6978
2HLE_A_B,random,0.5,48,0.2839,0.3187,-0.0844,-0.7632
2HLE_A_B,random,1.0,48,0.266,0.3186,-0.2104,-0.9331
2HLE_A_B,random,2.0,48,0.2262,0.3186,-0.3627,-1.1901
2HRK_A_B,L,0.0,25,0.2781,0.336,-0.1759,-0.7378
2HRK_A_B,L,0.25,25,0.3063,0.3369,0.0521,-0.4631
2HRK_A_B,L,0.5,25,0.32,0.3369,0.1921,-0.3227
2HRK_A_B,L,1.0,25,0.3425,0.3369,0.3823,-0.1794
2HRK_A_B,L,2.0,25,0.3456,0.3363,0.5975,-0.0539
2HRK_A_B,random,0.0,25,0.2781,0.336,-0.1759,-0.7378
2HRK_A_B,random,0.25,25,0.2806,0.3361,-0.185,-0.7732
2HRK_A_B,random,0.5,25,0.2694,0.3364,-0.1913,-0.7942
2HRK_A_B,random,1.0,25,0.2269,0.3354,-0.309,-1.0291
2HRK_A_B,random,2.0,25,0.1644,0.3354,-0.4765,-1.334
2I26_N_L,L,0.0,28,0.3075,0.3881,-0.2296,-0.2286
2I26_N_L,L,0.25,28,0.3259,0.3891,-0.0773,-0.0557
2I26_N_L,L,0.5,28,0.3415,0.3895,0.028,0.0105
2I26_N_L,L,1.0,28,0.3566,0.3901,0.1697,0.1423
2I26_N_L,L,2.0,28,0.3588,0.3897,0.2855,0.2691
2I26_N_L,random,0.0,28,0.3075,0.3881,-0.2296,-0.2286
2I26_N_L,random,0.25,28,0.3119,0.3882,-0.2285,-0.1934
2I26_N_L,random,0.5,28,0.3103,0.3886,-0.249,-0.1852
2I26_N_L,random,1.0,28,0.2952,0.3884,-0.372,-0.2452
2I26_N_L,random,2.0,28,0.2288,0.3866,-0.6431,-0.5009
2J0T_A_D,L,0.0,34,0.3313,0.3553,0.1257,-0.0121
2J0T_A_D,L,0.25,34,0.33,0.3548,0.2163,0.0127
2J0T_A_D,L,0.5,34,0.3318,0.3548,0.3026,0.0562
2J0T_A_D,L,1.0,34,0.3263,0.3548,0.4266,0.1374
2J0T_A_D,L,2.0,34,0.2973,0.3555,0.6,0.2418
2J0T_A_D,random,0.0,34,0.3313,0.3553,0.1257,-0.0121
2J0T_A_D,random,0.25,34,0.3281,0.3555,0.1256,-0.0074
2J0T_A_D,random,0.5,34,0.3166,0.3556,0.1232,0.0128
2J0T_A_D,random,1.0,34,0.307,0.3559,0.1058,0.0241
2J0T_A_D,random,2.0,34,0.25,0.354,-0.0586,-0.1515
2J12_A_B,L,0.0,39,0.234,0.3841,0.0951,-0.4589
2J12_A_B,L,0.25,39,0.2492,0.3839,0.2035,-0.3749
2J12_A_B,L,0.5,39,0.2616,0.3839,0.2821,-0.3245
2J12_A_B,L,1.0,39,0.2744,0.3839,0.4231,-0.2299
2J12_A_B,L,2.0,39,0.2865,0.3836,0.5822,-0.103
2J12_A_B,random,0.0,39,0.234,0.3841,0.0951,-0.4589
2J12_A_B,random,0.25,39,0.2308,0.3843,0.0725,-0.5
2J12_A_B,random,0.5,39,0.2268,0.3833,0.0587,-0.4986
2J12_A_B,random,1.0,39,0.2204,0.3839,0.0417,-0.5151
2J12_A_B,random,2.0,39,0.2027,0.3832,-0.0285,-0.6145
2J1K_C_T,L,0.0,36,0.3411,0.3627,-0.0416,-0.7114
2J1K_C_T,L,0.25,36,0.3624,0.3626,0.0875,-0.6168
2J1K_C_T,L,0.5,36,0.3763,0.363,0.2036,-0.5503
2J1K_C_T,L,1.0,36,0.3954,0.3637,0.365,-0.4278
2J1K_C_T,L,2.0,36,0.4123,0.3636,0.5134,-0.3232
2J1K_C_T,random,0.0,36,0.3411,0.3627,-0.0416,-0.7114
2J1K_C_T,random,0.25,36,0.3403,0.3621,-0.0393,-0.7226
2J1K_C_T,random,0.5,36,0.332,0.3617,-0.048,-0.773
2J1K_C_T,random,1.0,36,0.3095,0.3614,-0.0428,-0.8271
2J1K_C_T,random,2.0,36,0.2405,0.36,-0.2144,-1.0594
2JEL_LH_P,L,0.0,32,0.2471,0.3859,-0.0101,0.027
2JEL_LH_P,L,0.25,32,0.2524,0.3858,0.1158,0.2038
2JEL_LH_P,L,0.5,32,0.2495,0.3859,0.2071,0.3012
2JEL_LH_P,L,1.0,32,0.2612,0.3858,0.3611,0.4822
2JEL_LH_P,L,2.0,32,0.2666,0.3859,0.5369,0.7098
2JEL_LH_P,random,0.0,32,0.2471,0.3859,-0.0101,0.027
2JEL_LH_P,random,0.25,32,0.2534,0.3862,0.0045,0.0487
2JEL_LH_P,random,0.5,32,0.2588,0.3861,-0.0033,0.0305
2JEL_LH_P,random,1.0,32,0.2588,0.3862,0.0035,0.0398
2JEL_LH_P,random,2.0,32,0.2266,0.3865,-0.0904,-0.0855
2KSO_A_B,L,0.0,22,0.1825,0.2264,0.3926,0.2261
2KSO_A_B,L,0.25,22,0.1868,0.2255,0.4999,0.2598
2KSO_A_B,L,0.5,22,0.1875,0.2258,0.5643,0.2845
2KSO_A_B,L,1.0,22,0.1967,0.2256,0.6399,0.3385
2KSO_A_B,L,2.0,22,0.2017,0.2241,0.7432,0.4187
2KSO_A_B,random,0.0,22,0.1825,0.2264,0.3926,0.2261
2KSO_A_B,random,0.25,22,0.1797,0.2252,0.3824,0.2382
2KSO_A_B,random,0.5,22,0.1839,0.2259,0.3893,0.2329
2KSO_A_B,random,1.0,22,0.1726,0.2263,0.3017,0.2963
2KSO_A_B,random,2.0,22,0.1562,0.2289,0.1555,0.3357
2NOJ_A_B,L,0.0,34,0.1916,0.2889,0.2137,-0.067
2NOJ_A_B,L,0.25,34,0.1926,0.2893,0.3292,0.0521
2NOJ_A_B,L,0.5,34,0.1861,0.289,0.4304,0.1715
2NOJ_A_B,L,1.0,34,0.1811,0.2883,0.5626,0.3165
2NOJ_A_B,L,2.0,34,0.1898,0.2883,0.716,0.4789
2NOJ_A_B,random,0.0,34,0.1916,0.2889,0.2137,-0.067
2NOJ_A_B,random,0.25,34,0.199,0.289,0.2271,-0.0567
2NOJ_A_B,random,0.5,34,0.2027,0.2889,0.2232,-0.0278
2NOJ_A_B,random,1.0,34,0.204,0.2885,0.2069,-0.0116
2NOJ_A_B,random,2.0,34,0.2073,0.2898,0.1092,-0.1309
2NU0_E_I,L,0.0,29,0.4138,0.4567,-0.0304,-0.328
2NU0_E_I,L,0.25,29,0.4294,0.4568,0.167,-0.0955
2NU0_E_I,L,0.5,29,0.4407,0.4566,0.2981,0.0691
2NU0_E_I,L,1.0,29,0.4353,0.4558,0.4816,0.1945
2NU0_E_I,L,2.0,29,0.4111,0.4553,0.6722,0.3354
2NU0_E_I,random,0.0,29,0.4138,0.4567,-0.0304,-0.328
2NU0_E_I,random,0.25,29,0.4246,0.4577,-0.0141,-0.2685
2NU0_E_I,random,0.5,29,0.423,0.4567,-0.0498,-0.3072
2NU0_E_I,random,1.0,29,0.3971,0.4563,-0.15,-0.4185
2NU0_E_I,random,2.0,29,0.3249,0.4538,-0.5598,-0.9371
2NU1_E_I,L,0.0,29,0.3869,0.4635,0.081,-0.2379
2NU1_E_I,L,0.25,29,0.4003,0.4632,0.2788,-0.0139
2NU1_E_I,L,0.5,29,0.4122,0.4638,0.4066,0.1357
2NU1_E_I,L,1.0,29,0.4079,0.4638,0.577,0.3051
2NU1_E_I,L,2.0,29,0.3922,0.4621,0.761,0.4518
2NU1_E_I,random,0.0,29,0.3869,0.4635,0.081,-0.2379
2NU1_E_I,random,0.25,29,0.3852,0.4632,0.0914,-0.2619
2NU1_E_I,random,0.5,29,0.3782,0.4637,0.0338,-0.3657
2NU1_E_I,random,1.0,29,0.3464,0.4638,-0.0299,-0.4963
2NU1_E_I,random,2.0,29,0.2748,0.4617,-0.3603,-0.9614
2NU2_E_I,L,0.0,29,0.4089,0.4669,0.066,-0.2943
2NU2_E_I,L,0.25,29,0.4203,0.4665,0.2469,-0.1227
2NU2_E_I,L,0.5,29,0.4235,0.4665,0.3914,0.0129
2NU2_E_I,L,1.0,29,0.4154,0.4661,0.5632,0.1497
2NU2_E_I,L,2.0,29,0.3901,0.465,0.7728,0.2649
2NU2_E_I,random,0.0,29,0.4089,0.4669,0.066,-0.2943
2NU2_E_I,random,0.25,29,0.4143,0.4666,0.0871,-0.2654
2NU2_E_I,random,0.5,29,0.3955,0.4662,0.0789,-0.2862
2NU2_E_I,random,1.0,29,0.3772,0.4671,0.0132,-0.3919
2NU2_E_I,random,2.0,29,0.3233,0.4663,-0.2082,-0.8405
2NU4_E_I,L,0.0,29,0.4165,0.4638,0.0817,-0.2023
2NU4_E_I,L,0.25,29,0.4256,0.4638,0.2829,-0.0016
2NU4_E_I,L,0.5,29,0.4256,0.4635,0.4064,0.1086
2NU4_E_I,L,1.0,29,0.4176,0.4629,0.5788,0.2908
2NU4_E_I,L,2.0,29,0.4003,0.4627,0.7772,0.4117
2NU4_E_I,random,0.0,29,0.4165,0.4638,0.0817,-0.2023
2NU4_E_I,random,0.25,29,0.4154,0.4635,0.0889,-0.2132
2NU4_E_I,random,0.5,29,0.4159,0.4632,0.0702,-0.2546
2NU4_E_I,random,1.0,29,0.382,0.4623,-0.1251,-0.561
2NU4_E_I,random,2.0,29,0.2915,0.4587,-0.4768,-1.1627
2O3B_A_B,L,0.0,37,0.2652,0.3724,0.0003,0.0119
2O3B_A_B,L,0.25,37,0.2787,0.3721,0.1247,0.1254
2O3B_A_B,L,0.5,37,0.2876,0.372,0.2479,0.2185
2O3B_A_B,L,1.0,37,0.2931,0.3726,0.4225,0.3626
2O3B_A_B,L,2.0,37,0.2922,0.3726,0.6295,0.5175
2O3B_A_B,random,0.0,37,0.2652,0.3724,0.0003,0.0119
2O3B_A_B,random,0.25,37,0.269,0.3723,-0.0068,0.0124
2O3B_A_B,random,0.5,37,0.266,0.3726,-0.0259,-0.0001
2O3B_A_B,random,1.0,37,0.2593,0.372,-0.0707,-0.0172
2O3B_A_B,random,2.0,37,0.2226,0.372,-0.2097,-0.1499
2OI9_AQ_BC,L,0.0,42,0.2381,0.33,-0.0959,-0.3567
2OI9_AQ_BC,L,0.25,42,0.2444,0.3292,0.0071,-0.285
2OI9_AQ_BC,L,0.5,42,0.2481,0.33,0.0886,-0.2289
2OI9_AQ_BC,L,1.0,42,0.2496,0.3303,0.242,-0.1103
2OI9_AQ_BC,L,2.0,42,0.2571,0.3306,0.4245,0.0136
2OI9_AQ_BC,random,0.0,42,0.2381,0.33,-0.0959,-0.3567
2OI9_AQ_BC,random,0.25,42,0.2329,0.33,-0.0945,-0.374
2OI9_AQ_BC,random,0.5,42,0.2336,0.3293,-0.0896,-0.392
2OI9_AQ_BC,random,1.0,42,0.2281,0.3301,-0.1194,-0.4319
2OI9_AQ_BC,random,2.0,42,0.2288,0.3298,-0.223,-0.5058
2OOB_A_B,L,0.0,17,0.3971,0.3846,-0.3719,0.0448
2OOB_A_B,L,0.25,17,0.4265,0.3848,-0.1788,0.3053
2OOB_A_B,L,0.5,17,0.4531,0.3842,-0.0651,0.4514
2OOB_A_B,L,1.0,17,0.4697,0.3854,0.0653,0.5557
2OOB_A_B,L,2.0,17,0.4724,0.3856,0.1453,0.6141
2OOB_A_B,random,0.0,17,0.3971,0.3846,-0.3719,0.0448
2OOB_A_B,random,0.25,17,0.3787,0.3846,-0.4175,-0.0986
2OOB_A_B,random,0.5,17,0.3585,0.3849,-0.5146,-0.2852
2OOB_A_B,random,1.0,17,0.2739,0.3842,-0.9615,-0.9672
2OOB_A_B,random,2.0,17,0.1811,0.3843,-1.5191,-1.7412
2PCB_A_B,L,0.0,25,0.1706,0.3472,0.0916,0.1731
2PCB_A_B,L,0.25,25,0.1756,0.3475,0.1772,0.2578
2PCB_A_B,L,0.5,25,0.1781,0.3477,0.2449,0.3212
2PCB_A_B,L,1.0,25,0.1744,0.3472,0.3605,0.4318
2PCB_A_B,L,2.0,25,0.1575,0.3468,0.5157,0.5505
2PCB_A_B,random,0.0,25,0.1706,0.3472,0.0916,0.1731
2PCB_A_B,random,0.25,25,0.1663,0.3476,0.0978,0.1746
2PCB_A_B,random,0.5,25,0.1675,0.3478,0.1077,0.1933
2PCB_A_B,random,1.0,25,0.1681,0.3479,0.1064,0.1832
2PCB_A_B,random,2.0,25,0.165,0.3478,0.0332,0.1167
2PCC_A_B,L,0.0,29,0.2123,0.3478,0.1004,0.0146
2PCC_A_B,L,0.25,29,0.2128,0.3477,0.2268,0.14
2PCC_A_B,L,0.5,29,0.2161,0.3477,0.3454,0.2504
2PCC_A_B,L,1.0,29,0.2225,0.3482,0.5077,0.4049
2PCC_A_B,L,2.0,29,0.2096,0.3482,0.7036,0.56
2PCC_A_B,random,0.0,29,0.2123,0.3478,0.1004,0.0146
2PCC_A_B,random,0.25,29,0.202,0.348,0.0934,0.0022
2PCC_A_B,random,0.5,29,0.1902,0.3482,0.0768,-0.0186
2PCC_A_B,random,1.0,29,0.1762,0.3481,0.0308,-0.0888
2PCC_A_B,random,2.0,29,0.1439,0.3485,-0.0679,-0.2114
2QJ9_AB_C,L,0.0,45,0.2802,0.3343,0.1179,-0.0534
2QJ9_AB_C,L,0.25,45,0.2878,0.3342,0.2421,0.0805
2QJ9_AB_C,L,0.5,45,0.2938,0.3347,0.3328,0.1736
2QJ9_AB_C,L,1.0,45,0.2944,0.335,0.4677,0.3276
2QJ9_AB_C,L,2.0,45,0.2806,0.3346,0.5994,0.4667
2QJ9_AB_C,random,0.0,45,0.2802,0.3343,0.1179,-0.0534
2QJ9_AB_C,random,0.25,45,0.2774,0.3337,0.0952,-0.0753
2QJ9_AB_C,random,0.5,45,0.2674,0.3344,0.0668,-0.1006
2QJ9_AB_C,random,1.0,45,0.2524,0.3339,0.0071,-0.2083
2QJ9_AB_C,random,2.0,45,0.226,0.3328,-0.0763,-0.4492
2QJA_AB_C,L,0.0,43,0.2954,0.3246,0.0448,-0.136
2QJA_AB_C,L,0.25,43,0.3041,0.3248,0.1554,-0.0196
2QJA_AB_C,L,0.5,43,0.3143,0.3247,0.2621,0.1121
2QJA_AB_C,L,1.0,43,0.3289,0.3254,0.4094,0.2758
2QJA_AB_C,L,2.0,43,0.3339,0.3241,0.5434,0.4145
2QJA_AB_C,random,0.0,43,0.2954,0.3246,0.0448,-0.136
2QJA_AB_C,random,0.25,43,0.294,0.3238,0.0359,-0.1505
2QJA_AB_C,random,0.5,43,0.294,0.3235,0.0274,-0.1399
2QJA_AB_C,random,1.0,43,0.2812,0.3239,-0.0208,-0.2145
2QJA_AB_C,random,2.0,43,0.2355,0.3242,-0.2114,-0.5379
2QJB_AB_C,L,0.0,44,0.2852,0.3202,-0.0225,-0.1635
2QJB_AB_C,L,0.25,44,0.3018,0.3204,0.0866,0.004
2QJB_AB_C,L,0.5,44,0.3143,0.3211,0.1746,0.1196
2QJB_AB_C,L,1.0,44,0.3324,0.3211,0.3123,0.3047
2QJB_AB_C,L,2.0,44,0.3377,0.3212,0.4717,0.4703
2QJB_AB_C,random,0.0,44,0.2852,0.3202,-0.0225,-0.1635
2QJB_AB_C,random,0.25,44,0.2852,0.3204,-0.0296,-0.175
2QJB_AB_C,random,0.5,44,0.2802,0.3205,-0.0518,-0.2042
2QJB_AB_C,random,1.0,44,0.2553,0.3194,-0.1503,-0.3797
2QJB_AB_C,random,2.0,44,0.2077,0.3187,-0.2943,-0.7073
2REX_A_B,L,0.0,26,0.3041,0.332,-0.1869,-0.9699
2REX_A_B,L,0.25,26,0.3347,0.332,-0.0486,-0.8321
2REX_A_B,L,0.5,26,0.3468,0.3325,0.0389,-0.7348
2REX_A_B,L,1.0,26,0.378,0.3319,0.1572,-0.619
2REX_A_B,L,2.0,26,0.4026,0.3319,0.2961,-0.4906
2REX_A_B,random,0.0,26,0.3041,0.332,-0.1869,-0.9699
2REX_A_B,random,0.25,26,0.3029,0.3317,-0.2026,-1.0185
2REX_A_B,random,0.5,26,0.2957,0.3317,-0.2204,-1.0784
2REX_A_B,random,1.0,26,0.2915,0.3312,-0.2587,-1.1727
2REX_A_B,random,2.0,26,0.2512,0.3304,-0.5506,-1.5366
2SGP_E_I,L,0.0,28,0.4124,0.4407,0.1928,-0.0403
2SGP_E_I,L,0.25,28,0.4263,0.4416,0.3809,0.1356
2SGP_E_I,L,0.5,28,0.4302,0.4418,0.5048,0.2601
2SGP_E_I,L,1.0,28,0.4219,0.4413,0.6446,0.3676
2SGP_E_I,L,2.0,28,0.4118,0.4411,0.7705,0.5055
2SGP_E_I,random,0.0,28,0.4124,0.4407,0.1928,-0.0403
2SGP_E_I,random,0.25,28,0.4347,0.4415,0.1897,-0.0476
2SGP_E_I,random,0.5,28,0.4319,0.4409,0.1475,-0.1338
2SGP_E_I,random,1.0,28,0.4297,0.4398,0.0394,-0.2201
2SGP_E_I,random,2.0,28,0.4062,0.4381,-0.1648,-0.3504
2SGQ_E_I,L,0.0,30,0.3891,0.4581,0.1646,-0.2125
2SGQ_E_I,L,0.25,30,0.4042,0.4577,0.3354,-0.0353
2SGQ_E_I,L,0.5,30,0.4062,0.4579,0.4683,0.1106
2SGQ_E_I,L,1.0,30,0.4036,0.4581,0.651,0.3331
2SGQ_E_I,L,2.0,30,0.3911,0.4584,0.8335,0.5772
2SGQ_E_I,random,0.0,30,0.3891,0.4581,0.1646,-0.2125
2SGQ_E_I,random,0.25,30,0.3979,0.4575,0.1867,-0.2408
2SGQ_E_I,random,0.5,30,0.4036,0.458,0.1692,-0.2568
2SGQ_E_I,random,1.0,30,0.3786,0.4581,0.0911,-0.4481
2SGQ_E_I,random,2.0,30,0.3375,0.4554,-0.0867,-0.8243
2SIC_E_I,L,0.0,32,0.2959,0.4099,0.3635,0.6068
2SIC_E_I,L,0.25,32,0.2866,0.4095,0.6037,0.8148
2SIC_E_I,L,0.5,32,0.2837,0.4099,0.758,0.9281
2SIC_E_I,L,1.0,32,0.2817,0.4105,0.9789,1.1151
2SIC_E_I,L,2.0,32,0.3032,0.41,1.1662,1.2112
2SIC_E_I,random,0.0,32,0.2959,0.4099,0.3635,0.6068
2SIC_E_I,random,0.25,32,0.2896,0.4092,0.3973,0.6544
2SIC_E_I,random,0.5,32,0.2832,0.4095,0.4046,0.6979
2SIC_E_I,random,1.0,32,0.2695,0.4096,0.4021,0.7072
2SIC_E_I,random,2.0,32,0.2217,0.4098,0.2284,0.5783
2VIR_AB_C,L,0.0,34,0.3258,0.3422,-0.0374,-0.0438
2VIR_AB_C,L,0.25,34,0.3355,0.3423,0.1031,0.0717
2VIR_AB_C,L,0.5,34,0.3355,0.3421,0.1934,0.146
2VIR_AB_C,L,1.0,34,0.3428,0.3421,0.3311,0.2583
2VIR_AB_C,L,2.0,34,0.3543,0.3422,0.4728,0.3867
2VIR_AB_C,random,0.0,34,0.3258,0.3422,-0.0374,-0.0438
2VIR_AB_C,random,0.25,34,0.3318,0.3423,-0.02,-0.0231
2VIR_AB_C,random,0.5,34,0.3346,0.3421,-0.0177,-0.0115
2VIR_AB_C,random,1.0,34,0.3281,0.342,-0.0518,-0.0287
2VIR_AB_C,random,2.0,34,0.2904,0.3415,-0.1719,-0.1375
2VIS_AB_C,L,0.0,33,0.3319,0.3496,-0.0094,-0.0189
2VIS_AB_C,L,0.25,33,0.34,0.3492,0.1299,0.1163
2VIS_AB_C,L,0.5,33,0.3428,0.3491,0.2276,0.2077
2VIS_AB_C,L,1.0,33,0.3433,0.3489,0.3653,0.3323
2VIS_AB_C,L,2.0,33,0.3385,0.3487,0.5272,0.474
2VIS_AB_C,random,0.0,33,0.3319,0.3496,-0.0094,-0.0189
2VIS_AB_C,random,0.25,33,0.3286,0.3494,-0.0224,-0.0441
2VIS_AB_C,random,0.5,33,0.3182,0.3493,-0.0353,-0.0771
2VIS_AB_C,random,1.0,33,0.2694,0.3488,-0.1943,-0.2183
2VIS_AB_C,random,2.0,33,0.2116,0.3484,-0.3596,-0.3464
2VLN_A_B,L,0.0,36,0.2921,0.3625,0.0215,-0.6513
2VLN_A_B,L,0.25,36,0.3142,0.363,0.2272,-0.4279
2VLN_A_B,L,0.5,36,0.329,0.3642,0.3779,-0.2437
2VLN_A_B,L,1.0,36,0.339,0.3653,0.5621,-0.0823
2VLN_A_B,L,2.0,36,0.3572,0.3673,0.73,0.0323
2VLN_A_B,random,0.0,36,0.2921,0.3625,0.0215,-0.6513
2VLN_A_B,random,0.25,36,0.2899,0.3624,-0.025,-0.7269
2VLN_A_B,random,0.5,36,0.2799,0.3625,-0.0559,-0.7939
2VLN_A_B,random,1.0,36,0.2439,0.3608,-0.2622,-1.1017
2VLN_A_B,random,2.0,36,0.184,0.3591,-0.6019,-1.5667
2VLO_A_B,L,0.0,35,0.2835,0.3449,0.0923,-0.4559
2VLO_A_B,L,0.25,35,0.3045,0.3452,0.314,-0.2327
2VLO_A_B,L,0.5,35,0.3183,0.345,0.413,-0.1498
2VLO_A_B,L,1.0,35,0.3232,0.3469,0.5562,-0.0128
2VLO_A_B,L,2.0,35,0.3411,0.3469,0.697,0.1419
2VLO_A_B,random,0.0,35,0.2835,0.3449,0.0923,-0.4559
2VLO_A_B,random,0.25,35,0.2844,0.3445,0.0775,-0.4948
2VLO_A_B,random,0.5,35,0.2821,0.3448,0.0636,-0.5341
2VLO_A_B,random,1.0,35,0.2625,0.3438,-0.1091,-0.8004
2VLO_A_B,random,2.0,35,0.2143,0.3415,-0.3986,-1.1304
2VLP_A_B,L,0.0,35,0.3036,0.3463,0.1136,-0.6104
2VLP_A_B,L,0.25,35,0.3196,0.3465,0.3143,-0.373
2VLP_A_B,L,0.5,35,0.3228,0.3477,0.4558,-0.2452
2VLP_A_B,L,1.0,35,0.3317,0.347,0.6026,-0.1323
2VLP_A_B,L,2.0,35,0.3384,0.3485,0.7805,-0.0812
2VLP_A_B,random,0.0,35,0.3036,0.3463,0.1136,-0.6104
2VLP_A_B,random,0.25,35,0.2991,0.3464,0.1266,-0.6057
2VLP_A_B,random,0.5,35,0.2969,0.3466,0.1235,-0.6087
2VLP_A_B,random,1.0,35,0.2705,0.3463,0.0304,-0.6816
2VLP_A_B,random,2.0,35,0.2214,0.3461,-0.1698,-1.0082
2VLQ_A_B,L,0.0,35,0.2536,0.3422,0.0457,-0.3026
2VLQ_A_B,L,0.25,35,0.2683,0.343,0.2548,-0.1205
2VLQ_A_B,L,0.5,35,0.2728,0.3428,0.4159,0.0195
2VLQ_A_B,L,1.0,35,0.2799,0.3435,0.5863,0.1282
2VLQ_A_B,L,2.0,35,0.2683,0.3438,0.7562,0.1937
2VLQ_A_B,random,0.0,35,0.2536,0.3422,0.0457,-0.3026
2VLQ_A_B,random,0.25,35,0.2589,0.3416,0.043,-0.2929
2VLQ_A_B,random,0.5,35,0.267,0.3408,0.0456,-0.2958
2VLQ_A_B,random,1.0,35,0.2647,0.3419,-0.0043,-0.3495
2VLQ_A_B,random,2.0,35,0.2196,0.3416,-0.2306,-0.4946
2VN5_A_B,L,0.0,31,0.2686,0.4275,0.0439,-1.0173
2VN5_A_B,L,0.25,31,0.2833,0.428,0.2128,-0.8082
2VN5_A_B,L,0.5,31,0.2893,0.4275,0.3384,-0.6816
2VN5_A_B,L,1.0,31,0.2959,0.4271,0.5136,-0.5327
2VN5_A_B,L,2.0,31,0.3125,0.4258,0.7218,-0.3361
2VN5_A_B,random,0.0,31,0.2686,0.4275,0.0439,-1.0173
2VN5_A_B,random,0.25,31,0.2591,0.4277,-0.0027,-1.1041
2VN5_A_B,random,0.5,31,0.2379,0.4266,-0.0776,-1.2385
2VN5_A_B,random,1.0,31,0.191,0.4272,-0.2805,-1.5656
2VN5_A_B,random,2.0,31,0.13,0.4258,-0.6745,-2.0028
2WPT_A_B,L,0.0,36,0.2821,0.3618,-0.0694,-0.337
2WPT_A_B,L,0.25,36,0.2969,0.3625,0.1428,-0.1316
2WPT_A_B,L,0.5,36,0.3181,0.3634,0.2813,0.0248
2WPT_A_B,L,1.0,36,0.326,0.3645,0.4921,0.176
2WPT_A_B,L,2.0,36,0.3351,0.3632,0.6867,0.3047
2WPT_A_B,random,0.0,36,0.2821,0.3618,-0.0694,-0.337
2WPT_A_B,random,0.25,36,0.2847,0.3617,-0.0661,-0.3586
2WPT_A_B,random,0.5,36,0.2947,0.3622,-0.068,-0.3684
2WPT_A_B,random,1.0,36,0.2899,0.3617,-0.1896,-0.5906
2WPT_A_B,random,2.0,36,0.26,0.361,-0.4485,-1.0378
3AAA_AB_C,L,0.0,36,0.2135,0.3087,-0.0947,-0.7497
3AAA_AB_C,L,0.25,36,0.2274,0.3083,0.0465,-0.6069
3AAA_AB_C,L,0.5,36,0.2357,0.3082,0.1446,-0.5268
3AAA_AB_C,L,1.0,36,0.2622,0.3079,0.3156,-0.2846
3AAA_AB_C,L,2.0,36,0.2808,0.3078,0.5079,0.0002
3AAA_AB_C,random,0.0,36,0.2135,0.3087,-0.0947,-0.7497
3AAA_AB_C,random,0.25,36,0.2057,0.3085,-0.0935,-0.7683
3AAA_AB_C,random,0.5,36,0.1997,0.3082,-0.1065,-0.808
3AAA_AB_C,random,1.0,36,0.1862,0.308,-0.1402,-0.8295
3AAA_AB_C,random,2.0,36,0.1649,0.3073,-0.2268,-0.8388
3B4V_AB_C,L,0.0,73,0.3245,0.3671,-0.0235,-0.4994
3B4V_AB_C,L,0.25,73,0.3393,0.3676,0.1276,-0.3495
3B4V_AB_C,L,0.5,73,0.3493,0.3679,0.2357,-0.2413
3B4V_AB_C,L,1.0,73,0.3566,0.3679,0.4055,-0.1003
3B4V_AB_C,L,2.0,73,0.3564,0.3675,0.5564,-0.0129
3B4V_AB_C,random,0.0,73,0.3245,0.3671,-0.0235,-0.4994
3B4V_AB_C,random,0.25,73,0.3202,0.3669,-0.0375,-0.5252
3B4V_AB_C,random,0.5,73,0.3125,0.3666,-0.054,-0.5749
3B4V_AB_C,random,1.0,73,0.284,0.3665,-0.1433,-0.7616
3B4V_AB_C,random,2.0,73,0.2057,0.3652,-0.4045,-1.3562
3BDY_HL_V,L,0.0,28,0.2243,0.4004,-0.0835,-0.2097
3BDY_HL_V,L,0.25,28,0.2372,0.4002,0.0228,-0.0907
3BDY_HL_V,L,0.5,28,0.245,0.4003,0.1101,0.0028
3BDY_HL_V,L,1.0,28,0.2427,0.4004,0.2371,0.1223
3BDY_HL_V,L,2.0,28,0.2366,0.3997,0.4132,0.274
3BDY_HL_V,random,0.0,28,0.2243,0.4004,-0.0835,-0.2097
3BDY_HL_V,random,0.25,28,0.2104,0.4004,-0.0798,-0.2211
3BDY_HL_V,random,0.5,28,0.2065,0.4003,-0.0739,-0.2279
3BDY_HL_V,random,1.0,28,0.1931,0.4003,-0.0923,-0.2951
3BDY_HL_V,random,2.0,28,0.1735,0.4001,-0.1497,-0.4406
3BK3_A_C,L,0.0,29,0.299,0.3105,-0.2178,-0.1935
3BK3_A_C,L,0.25,29,0.3173,0.3117,-0.0911,-0.088
3BK3_A_C,L,0.5,29,0.3314,0.3114,0.0077,0.0191
3BK3_A_C,L,1.0,29,0.3594,0.3118,0.1228,0.1348
3BK3_A_C,L,2.0,29,0.3906,0.3115,0.2417,0.2427
3BK3_A_C,random,0.0,29,0.299,0.3105,-0.2178,-0.1935
3BK3_A_C,random,0.25,29,0.2926,0.3111,-0.2496,-0.1986
3BK3_A_C,random,0.5,29,0.2753,0.3113,-0.3023,-0.2305
3BK3_A_C,random,1.0,29,0.2317,0.3093,-0.4822,-0.3762
3BK3_A_C,random,2.0,29,0.167,0.306,-0.7491,-0.6021
3BN9_B_CD,L,0.0,48,0.3506,0.3914,0.0384,-0.2404
3BN9_B_CD,L,0.25,48,0.3594,0.3915,0.1509,-0.1595
3BN9_B_CD,L,0.5,48,0.3695,0.3915,0.2486,-0.0765
3BN9_B_CD,L,1.0,48,0.3734,0.3916,0.3731,0.0107
3BN9_B_CD,L,2.0,48,0.3607,0.3914,0.543,0.0858
3BN9_B_CD,random,0.0,48,0.3506,0.3914,0.0384,-0.2404
3BN9_B_CD,random,0.25,48,0.3464,0.3909,0.0241,-0.2583
3BN9_B_CD,random,0.5,48,0.3421,0.391,0.0051,-0.2787
3BN9_B_CD,random,1.0,48,0.3141,0.3911,-0.1142,-0.3927
3BN9_B_CD,random,2.0,48,0.2712,0.3909,-0.2607,-0.5577
3BP8_A_C,L,0.0,32,0.2451,0.303,0.0236,0.9655
3BP8_A_C,L,0.25,32,0.2544,0.3031,0.1784,1.0486
3BP8_A_C,L,0.5,32,0.2578,0.3033,0.3071,1.1152
3BP8_A_C,L,1.0,32,0.2539,0.3029,0.4703,1.2115
3BP8_A_C,L,2.0,32,0.2354,0.3027,0.6695,1.3641
3BP8_A_C,random,0.0,32,0.2451,0.303,0.0236,0.9655
3BP8_A_C,random,0.25,32,0.252,0.3031,0.0224,0.9435
3BP8_A_C,random,0.5,32,0.2554,0.3033,0.0161,0.9044
3BP8_A_C,random,1.0,32,0.2461,0.3038,-0.0728,0.8032
3BP8_A_C,random,2.0,32,0.208,0.3031,-0.2418,0.7696
3BT1_A_U,L,0.0,58,0.232,0.3123,0.0891,-0.3152
3BT1_A_U,L,0.25,58,0.2484,0.3127,0.2151,-0.1665
3BT1_A_U,L,0.5,58,0.2465,0.3126,0.3156,-0.0666
3BT1_A_U,L,1.0,58,0.2465,0.3117,0.4505,0.0694
3BT1_A_U,L,2.0,58,0.2344,0.3124,0.6278,0.2229
3BT1_A_U,random,0.0,58,0.232,0.3123,0.0891,-0.3152
3BT1_A_U,random,0.25,58,0.233,0.3122,0.0983,-0.3122
3BT1_A_U,random,0.5,58,0.2284,0.3122,0.1023,-0.3204
3BT1_A_U,random,1.0,58,0.2055,0.3114,0.0723,-0.4021
3BT1_A_U,random,2.0,58,0.1695,0.3119,-0.0574,-0.6469
3BTD_E_I,L,0.0,29,0.3551,0.4185,0.3029,-0.1283
3BTD_E_I,L,0.25,29,0.3572,0.4191,0.4156,-0.0519
3BTD_E_I,L,0.5,29,0.3502,0.4185,0.5191,0.0426
3BTD_E_I,L,1.0,29,0.3319,0.4182,0.6571,0.1813
3BTD_E_I,L,2.0,29,0.3039,0.4181,0.8104,0.3656
3BTD_E_I,random,0.0,29,0.3551,0.4185,0.3029,-0.1283
3BTD_E_I,random,0.25,29,0.3545,0.4187,0.3012,-0.1209
3BTD_E_I,random,0.5,29,0.3588,0.4184,0.2766,-0.1494
3BTD_E_I,random,1.0,29,0.3545,0.4174,0.2113,-0.1528
3BTD_E_I,random,2.0,29,0.3405,0.4175,0.0854,-0.1884
3BTE_E_I,L,0.0,31,0.3674,0.4231,0.3276,0.0241
3BTE_E_I,L,0.25,31,0.3649,0.4236,0.4401,0.102
3BTE_E_I,L,0.5,31,0.3654,0.4233,0.5275,0.1593
3BTE_E_I,L,1.0,31,0.3453,0.4234,0.6519,0.2634
3BTE_E_I,L,2.0,31,0.3145,0.423,0.7843,0.39
3BTE_E_I,random,0.0,31,0.3674,0.4231,0.3276,0.0241
3BTE_E_I,random,0.25,31,0.372,0.4235,0.3233,0.0304
3BTE_E_I,random,0.5,31,0.37,0.4239,0.3153,0.0046
3BTE_E_I,random,1.0,31,0.3548,0.4236,0.3001,-0.073
3BTE_E_I,random,2.0,31,0.3251,0.423,0.2663,-0.1443
3BTF_E_I,L,0.0,31,0.38,0.4219,0.1893,-0.1061
3BTF_E_I,L,0.25,31,0.381,0.4223,0.3069,0.0418
3BTF_E_I,L,0.5,31,0.3755,0.422,0.3989,0.1456
3BTF_E_I,L,1.0,31,0.371,0.4219,0.5164,0.2902
3BTF_E_I,L,2.0,31,0.3397,0.4209,0.6638,0.4666
3BTF_E_I,random,0.0,31,0.38,0.4219,0.1893,-0.1061
3BTF_E_I,random,0.25,31,0.3846,0.4227,0.1779,-0.0992
3BTF_E_I,random,0.5,31,0.3896,0.4232,0.1595,-0.108
3BTF_E_I,random,1.0,31,0.3926,0.424,0.0446,-0.1636
3BTF_E_I,random,2.0,31,0.3518,0.4229,-0.0121,-0.1634
3BTG_E_I,L,0.0,27,0.3472,0.4294,0.3882,0.0879
3BTG_E_I,L,0.25,27,0.3455,0.4291,0.5338,0.175
3BTG_E_I,L,0.5,27,0.3414,0.4296,0.6245,0.2581
3BTG_E_I,L,1.0,27,0.3229,0.4299,0.7468,0.3826
3BTG_E_I,L,2.0,27,0.2865,0.4291,0.8952,0.547
3BTG_E_I,random,0.0,27,0.3472,0.4294,0.3882,0.0879
3BTG_E_I,random,0.25,27,0.3432,0.4299,0.404,0.0988
3BTG_E_I,random,0.5,27,0.3403,0.4295,0.4039,0.0878
3BTG_E_I,random,1.0,27,0.349,0.4299,0.3086,0.0593
3BTG_E_I,random,2.0,27,0.3646,0.4288,0.1871,-0.0935
3BTH_E_I,L,0.0,31,0.3604,0.4122,0.2652,0.1108
3BTH_E_I,L,0.25,31,0.3629,0.4128,0.3951,0.2295
3BTH_E_I,L,0.5,31,0.3589,0.4128,0.5117,0.3234
3BTH_E_I,L,1.0,31,0.3478,0.4121,0.6568,0.4647
3BTH_E_I,L,2.0,31,0.3155,0.4109,0.7943,0.6276
3BTH_E_I,random,0.0,31,0.3604,0.4122,0.2652,0.1108
3BTH_E_I,random,0.25,31,0.3639,0.4119,0.2592,0.133
3BTH_E_I,random,0.5,31,0.3644,0.4122,0.2436,0.147
3BTH_E_I,random,1.0,31,0.3584,0.4123,0.1995,0.1618
3BTH_E_I,random,2.0,31,0.3211,0.4106,0.0943,0.1364
3BTM_E_I,L,0.0,30,0.3672,0.4217,0.2158,0.1049
3BTM_E_I,L,0.25,30,0.3641,0.4211,0.3418,0.2325
3BTM_E_I,L,0.5,30,0.3583,0.4209,0.4418,0.3142
3BTM_E_I,L,1.0,30,0.3469,0.4209,0.571,0.4204
3BTM_E_I,L,2.0,30,0.3271,0.4206,0.7091,0.5497
3BTM_E_I,random,0.0,30,0.3672,0.4217,0.2158,0.1049
3BTM_E_I,random,0.25,30,0.3651,0.4214,0.2335,0.1555
3BTM_E_I,random,0.5,30,0.3604,0.4212,0.2467,0.1919
3BTM_E_I,random,1.0,30,0.3615,0.4207,0.209,0.205
3BTM_E_I,random,2.0,30,0.3339,0.4184,0.0555,0.1171
3BTQ_E_I,L,0.0,30,0.349,0.4295,0.2898,-0.049
3BTQ_E_I,L,0.25,30,0.3443,0.4289,0.4177,0.0376
3BTQ_E_I,L,0.5,30,0.3438,0.4291,0.5115,0.0918
3BTQ_E_I,L,1.0,30,0.3297,0.4293,0.6469,0.2
3BTQ_E_I,L,2.0,30,0.3021,0.4285,0.7891,0.339
3BTQ_E_I,random,0.0,30,0.349,0.4295,0.2898,-0.049
3BTQ_E_I,random,0.25,30,0.3448,0.4291,0.2934,-0.0592
3BTQ_E_I,random,0.5,30,0.3406,0.4289,0.2807,-0.0471
3BTQ_E_I,random,1.0,30,0.3245,0.4291,0.255,-0.0786
3BTQ_E_I,random,2.0,30,0.2844,0.4275,0.1683,-0.1609
3BTT_E_I,L,0.0,29,0.3761,0.4216,0.2139,-0.3144
3BTT_E_I,L,0.25,29,0.368,0.4215,0.3472,-0.2379
3BTT_E_I,L,0.5,29,0.3615,0.4213,0.4357,-0.1603
3BTT_E_I,L,1.0,29,0.3459,0.4207,0.584,-0.0724
3BTT_E_I,L,2.0,29,0.3136,0.4203,0.7367,0.0849
3BTT_E_I,random,0.0,29,0.3761,0.4216,0.2139,-0.3144
3BTT_E_I,random,0.25,29,0.3702,0.4207,0.2381,-0.2949
3BTT_E_I,random,0.5,29,0.3648,0.4209,0.2466,-0.3132
3BTT_E_I,random,1.0,29,0.3481,0.4202,0.2014,-0.3808
3BTT_E_I,random,2.0,29,0.3303,0.4192,0.0744,-0.4863
3BTW_E_I,L,0.0,31,0.3589,0.417,0.1648,-0.0859
3BTW_E_I,L,0.25,31,0.3543,0.4166,0.2831,-0.0119
3BTW_E_I,L,0.5,31,0.3453,0.4169,0.3626,0.0104
3BTW_E_I,L,1.0,31,0.3322,0.4175,0.5026,0.0945
3BTW_E_I,L,2.0,31,0.3004,0.417,0.6435,0.1873
3BTW_E_I,random,0.0,31,0.3589,0.417,0.1648,-0.0859
3BTW_E_I,random,0.25,31,0.3463,0.4169,0.203,-0.0572
3BTW_E_I,random,0.5,31,0.3337,0.4175,0.2299,-0.039
3BTW_E_I,random,1.0,31,0.3115,0.4171,0.254,-0.0523
3BTW_E_I,random,2.0,31,0.2802,0.416,0.245,-0.1137
3BX1_A_C,L,0.0,41,0.4413,0.4024,-0.003,-0.4063
3BX1_A_C,L,0.25,41,0.444,0.4025,0.1124,-0.3356
3BX1_A_C,L,0.5,41,0.4459,0.4024,0.1927,-0.2653
3BX1_A_C,L,1.0,41,0.4356,0.4017,0.322,-0.1785
3BX1_A_C,L,2.0,41,0.4238,0.4016,0.4737,-0.0628
3BX1_A_C,random,0.0,41,0.4413,0.4024,-0.003,-0.4063
3BX1_A_C,random,0.25,41,0.4463,0.4022,-0.0297,-0.4243
3BX1_A_C,random,0.5,41,0.4421,0.4024,-0.0705,-0.4603
3BX1_A_C,random,1.0,41,0.4284,0.403,-0.1845,-0.596
3BX1_A_C,random,2.0,41,0.3784,0.4031,-0.3768,-0.8754
3D5R_A_C,L,0.0,37,0.1791,0.368,0.2836,-0.151
3D5R_A_C,L,0.25,37,0.1799,0.3675,0.4471,-0.0461
3D5R_A_C,L,0.5,37,0.1795,0.3676,0.5906,0.0551
3D5R_A_C,L,1.0,37,0.1744,0.3667,0.7856,0.1468
3D5R_A_C,L,2.0,37,0.171,0.3664,1.0042,0.2985
3D5R_A_C,random,0.0,37,0.1791,0.368,0.2836,-0.151
3D5R_A_C,random,0.25,37,0.1719,0.3687,0.2488,-0.1399
3D5R_A_C,random,0.5,37,0.1668,0.3685,0.2091,-0.1466
3D5R_A_C,random,1.0,37,0.1533,0.3683,0.083,-0.1787
3D5R_A_C,random,2.0,37,0.1237,0.3682,-0.0581,-0.2626
3D5S_A_C,L,0.0,35,0.2223,0.3648,0.0826,-0.2213
3D5S_A_C,L,0.25,35,0.2277,0.3643,0.2637,-0.0923
3D5S_A_C,L,0.5,35,0.221,0.3644,0.3852,-0.0309
3D5S_A_C,L,1.0,35,0.2116,0.3639,0.5698,0.0688
3D5S_A_C,L,2.0,35,0.2138,0.3638,0.7679,0.1529
3D5S_A_C,random,0.0,35,0.2223,0.3648,0.0826,-0.2213
3D5S_A_C,random,0.25,35,0.2165,0.3651,0.0808,-0.2193
3D5S_A_C,random,0.5,35,0.2121,0.3648,0.0564,-0.2576
3D5S_A_C,random,1.0,35,0.179,0.3646,-0.0415,-0.4001
3D5S_A_C,random,2.0,35,0.1406,0.3646,-0.1977,-0.5957
3EG5_A_B,L,0.0,38,0.287,0.284,0.1367,0.3845
3EG5_A_B,L,0.25,38,0.3059,0.2835,0.278,0.4895
3EG5_A_B,L,0.5,38,0.3141,0.2838,0.3817,0.5618
3EG5_A_B,L,1.0,38,0.3289,0.2841,0.4995,0.6607
3EG5_A_B,L,2.0,38,0.3351,0.284,0.6509,0.7239
3EG5_A_B,random,0.0,38,0.287,0.284,0.1367,0.3845
3EG5_A_B,random,0.25,38,0.2919,0.2838,0.131,0.3945
3EG5_A_B,random,0.5,38,0.2903,0.2839,0.0874,0.3605
3EG5_A_B,random,1.0,38,0.2771,0.2838,0.0084,0.3066
3EG5_A_B,random,2.0,38,0.2307,0.2833,-0.2356,0.1076
3EQS_A_B,L,0.0,23,0.2643,0.3609,-0.3261,-1.4329
3EQS_A_B,L,0.25,23,0.2969,0.362,-0.1529,-1.1794
3EQS_A_B,L,0.5,23,0.3227,0.3611,-0.0096,-0.9512
3EQS_A_B,L,1.0,23,0.3458,0.3618,0.1601,-0.744
3EQS_A_B,L,2.0,23,0.3356,0.362,0.3185,-0.7
3EQS_A_B,random,0.0,23,0.2643,0.3609,-0.3261,-1.4329
3EQS_A_B,random,0.25,23,0.2568,0.3598,-0.3822,-1.5247
3EQS_A_B,random,0.5,23,0.2534,0.3592,-0.4319,-1.609
3EQS_A_B,random,1.0,23,0.2072,0.3609,-0.6788,-2.1053
3EQS_A_B,random,2.0,23,0.1155,0.3579,-1.2239,-3.0714
3EQY_A_C,L,0.0,22,0.3487,0.3429,-0.2465,-1.2645
3EQY_A_C,L,0.25,22,0.3849,0.3448,0.0037,-0.8904
3EQY_A_C,L,0.5,22,0.402,0.3438,0.1839,-0.6626
3EQY_A_C,L,1.0,22,0.4162,0.3444,0.3361,-0.5559
3EQY_A_C,L,2.0,22,0.4219,0.3446,0.4699,-0.4764
3EQY_A_C,random,0.0,22,0.3487,0.3429,-0.2465,-1.2645
3EQY_A_C,random,0.25,22,0.3615,0.344,-0.2453,-1.1531
3EQY_A_C,random,0.5,22,0.348,0.3427,-0.2881,-1.2342
3EQY_A_C,random,1.0,22,0.2834,0.3412,-0.4932,-1.5451
3EQY_A_C,random,2.0,22,0.1314,0.3416,-1.0214,-2.6055
3F1S_A_B,L,0.0,46,0.2517,0.3188,-0.0394,-0.3488
3F1S_A_B,L,0.25,46,0.2629,0.3192,0.0766,-0.2257
3F1S_A_B,L,0.5,46,0.2704,0.3193,0.1654,-0.1586
3F1S_A_B,L,1.0,46,0.2857,0.3192,0.3018,-0.0487
3F1S_A_B,L,2.0,46,0.2976,0.3187,0.4778,0.098
3F1S_A_B,random,0.0,46,0.2517,0.3188,-0.0394,-0.3488
3F1S_A_B,random,0.25,46,0.2374,0.3187,-0.064,-0.3998
3F1S_A_B,random,0.5,46,0.2296,0.3189,-0.0898,-0.4552
3F1S_A_B,random,1.0,46,0.2089,0.3189,-0.1763,-0.5825
3F1S_A_B,random,2.0,46,0.1712,0.3184,-0.3113,-0.7999
3G6D_LH_A,L,0.0,42,0.2098,0.3762,-0.1449,-0.3977
3G6D_LH_A,L,0.25,42,0.224,0.3762,-0.0213,-0.3142
3G6D_LH_A,L,0.5,42,0.2325,0.3763,0.0598,-0.243
3G6D_LH_A,L,1.0,42,0.2526,0.3764,0.2147,-0.1356
3G6D_LH_A,L,2.0,42,0.2853,0.3763,0.3616,-0.0272
3G6D_LH_A,random,0.0,42,0.2098,0.3762,-0.1449,-0.3977
3G6D_LH_A,random,0.25,42,0.2031,0.376,-0.1595,-0.4
3G6D_LH_A,random,0.5,42,0.192,0.3759,-0.2023,-0.4122
3G6D_LH_A,random,1.0,42,0.1749,0.3756,-0.2714,-0.4216
3G6D_LH_A,random,2.0,42,0.1696,0.3758,-0.3192,-0.4768
3HFM_HL_Y,L,0.0,38,0.1809,0.3027,0.0177,0.287
3HFM_HL_Y,L,0.25,38,0.1875,0.3028,0.1051,0.3461
3HFM_HL_Y,L,0.5,38,0.1846,0.3023,0.1594,0.4037
3HFM_HL_Y,L,1.0,38,0.185,0.3023,0.2651,0.5
3HFM_HL_Y,L,2.0,38,0.1706,0.3024,0.4154,0.6679
3HFM_HL_Y,random,0.0,38,0.1809,0.3027,0.0177,0.287
3HFM_HL_Y,random,0.25,38,0.176,0.3028,0.0178,0.2881
3HFM_HL_Y,random,0.5,38,0.1727,0.3029,0.0049,0.2861
3HFM_HL_Y,random,1.0,38,0.1488,0.3031,-0.031,0.2905
3HFM_HL_Y,random,2.0,38,0.1234,0.3027,-0.058,0.321
3HH2_AB_C,L,0.0,79,0.3018,0.3805,-0.2054,-0.5427
3HH2_AB_C,L,0.25,79,0.3228,0.381,-0.0542,-0.3827
3HH2_AB_C,L,0.5,79,0.3414,0.3808,0.0662,-0.2585
3HH2_AB_C,L,1.0,79,0.3596,0.3806,0.2284,-0.1009
3HH2_AB_C,L,2.0,79,0.3645,0.3805,0.4087,0.0458
3HH2_AB_C,random,0.0,79,0.3018,0.3805,-0.2054,-0.5427
3HH2_AB_C,random,0.25,79,0.3123,0.3804,-0.2014,-0.5305
3HH2_AB_C,random,0.5,79,0.3159,0.3805,-0.1942,-0.5325
3HH2_AB_C,random,1.0,79,0.3113,0.3803,-0.2394,-0.6004
3HH2_AB_C,random,2.0,79,0.2939,0.3798,-0.3354,-0.727
3KUD_A_B,L,0.0,23,0.1413,0.3147,-0.0692,0.0455
3KUD_A_B,L,0.25,23,0.1488,0.3148,0.0301,0.1066
3KUD_A_B,L,0.5,23,0.1522,0.3144,0.0955,0.1363
3KUD_A_B,L,1.0,23,0.1583,0.3142,0.2241,0.1712
3KUD_A_B,L,2.0,23,0.1495,0.3147,0.4232,0.2232
3KUD_A_B,random,0.0,23,0.1413,0.3147,-0.0692,0.0455
3KUD_A_B,random,0.25,23,0.1399,0.3147,-0.0792,0.0211
3KUD_A_B,random,0.5,23,0.1284,0.314,-0.0856,0.0159
3KUD_A_B,random,1.0,23,0.123,0.3149,-0.0577,-0.013
3KUD_A_B,random,2.0,23,0.1209,0.3146,-0.0301,-0.0269
3L5X_A_HL,L,0.0,22,0.2223,0.4223,-0.2428,-0.643
3L5X_A_HL,L,0.25,22,0.2486,0.4222,-0.0845,-0.4789
3L5X_A_HL,L,0.5,22,0.2706,0.4223,0.0171,-0.3594
3L5X_A_HL,L,1.0,22,0.2962,0.4224,0.1322,-0.2504
3L5X_A_HL,L,2.0,22,0.3359,0.4225,0.2787,-0.0938
3L5X_A_HL,random,0.0,22,0.2223,0.4223,-0.2428,-0.643
3L5X_A_HL,random,0.25,22,0.223,0.422,-0.1879,-0.6166
3L5X_A_HL,random,0.5,22,0.218,0.4223,-0.1642,-0.6196
3L5X_A_HL,random,1.0,22,0.2166,0.4226,-0.189,-0.7188
3L5X_A_HL,random,2.0,22,0.1818,0.4222,-0.3491,-1.0379
3LB6_A_C,L,0.0,35,0.2571,0.3082,-0.2154,-0.2905
3LB6_A_C,L,0.25,35,0.2768,0.3077,-0.1075,-0.1433
3LB6_A_C,L,0.5,35,0.2875,0.3079,-0.0112,-0.0035
3LB6_A_C,L,1.0,35,0.3054,0.3078,0.1257,0.1695
3LB6_A_C,L,2.0,35,0.329,0.3076,0.2846,0.3365
3LB6_A_C,random,0.0,35,0.2571,0.3082,-0.2154,-0.2905
3LB6_A_C,random,0.25,35,0.2527,0.3081,-0.2294,-0.304
3LB6_A_C,random,0.5,35,0.254,0.3082,-0.2392,-0.32
3LB6_A_C,random,1.0,35,0.2281,0.3086,-0.3042,-0.4168
3LB6_A_C,random,2.0,35,0.1763,0.3076,-0.5254,-0.8593
3LNZ_A_B,L,0.0,21,0.2254,0.3244,-0.379,-1.3591
3LNZ_A_B,L,0.25,21,0.2515,0.3248,-0.1592,-1.0804
3LNZ_A_B,L,0.5,21,0.2731,0.3244,0.0124,-0.8624
3LNZ_A_B,L,1.0,21,0.2946,0.3256,0.233,-0.5982
3LNZ_A_B,L,2.0,21,0.317,0.3244,0.4212,-0.4198
3LNZ_A_B,random,0.0,21,0.2254,0.3244,-0.379,-1.3591
3LNZ_A_B,random,0.25,21,0.2076,0.3254,-0.392,-1.4645
3LNZ_A_B,random,0.5,21,0.1778,0.3248,-0.4449,-1.6303
3LNZ_A_B,random,1.0,21,0.1488,0.3258,-0.6012,-1.8652
3LNZ_A_B,random,2.0,21,0.0997,0.3235,-0.8763,-2.3209
3MZG_A_B,L,0.0,48,0.1842,0.2972,0.0381,-0.2508
3MZG_A_B,L,0.25,48,0.1865,0.2973,0.1579,-0.1435
3MZG_A_B,L,0.5,48,0.1878,0.2972,0.2626,-0.0509
3MZG_A_B,L,1.0,48,0.1826,0.2967,0.4662,0.1277
3MZG_A_B,L,2.0,48,0.1895,0.2975,0.6932,0.3153
3MZG_A_B,random,0.0,48,0.1842,0.2972,0.0381,-0.2508
3MZG_A_B,random,0.25,48,0.1895,0.2971,0.0596,-0.2086
3MZG_A_B,random,0.5,48,0.1921,0.2973,0.0735,-0.1758
3MZG_A_B,random,1.0,48,0.1895,0.2978,0.0585,-0.1611
3MZG_A_B,random,2.0,48,0.1667,0.2966,-0.0256,-0.2425
3MZW_A_B,L,0.0,43,0.2507,0.3701,0.0699,-0.365
3MZW_A_B,L,0.25,43,0.2536,0.37,0.2008,-0.2525
3MZW_A_B,L,0.5,43,0.2536,0.3701,0.2879,-0.1815
3MZW_A_B,L,1.0,43,0.2406,0.3701,0.4423,-0.071
3MZW_A_B,L,2.0,43,0.2249,0.3697,0.6531,0.0951
3MZW_A_B,random,0.0,43,0.2507,0.3701,0.0699,-0.365
3MZW_A_B,random,0.25,43,0.2482,0.3702,0.0691,-0.3722
3MZW_A_B,random,0.5,43,0.2482,0.3704,0.0692,-0.3627
3MZW_A_B,random,1.0,43,0.2453,0.3701,0.0325,-0.3973
3MZW_A_B,random,2.0,43,0.2122,0.3698,-0.0157,-0.4714
3N06_A_B,L,0.0,48,0.1715,0.2999,0.0174,-0.4219
3N06_A_B,L,0.25,48,0.1813,0.2999,0.1405,-0.2959
3N06_A_B,L,0.5,48,0.1852,0.2997,0.2625,-0.173
3N06_A_B,L,1.0,48,0.1862,0.3001,0.4674,0.0139
3N06_A_B,L,2.0,48,0.195,0.3005,0.7137,0.2553
3N06_A_B,random,0.0,48,0.1715,0.2999,0.0174,-0.4219
3N06_A_B,random,0.25,48,0.1696,0.2996,0.0374,-0.4271
3N06_A_B,random,0.5,48,0.1683,0.2995,0.035,-0.4321
3N06_A_B,random,1.0,48,0.1647,0.2992,0.0353,-0.4651
3N06_A_B,random,2.0,48,0.1504,0.2994,-0.0878,-0.6464
3N0P_A_B,L,0.0,48,0.2083,0.2994,0.018,-0.3543
3N0P_A_B,L,0.25,48,0.2194,0.2992,0.148,-0.2303
3N0P_A_B,L,0.5,48,0.2249,0.2991,0.2306,-0.135
3N0P_A_B,L,1.0,48,0.2347,0.299,0.3949,0.0301
3N0P_A_B,L,2.0,48,0.2399,0.2985,0.6091,0.2277
3N0P_A_B,random,0.0,48,0.2083,0.2994,0.018,-0.3543
3N0P_A_B,random,0.25,48,0.209,0.2992,0.0175,-0.3571
3N0P_A_B,random,0.5,48,0.2057,0.2994,0.0081,-0.3634
3N0P_A_B,random,1.0,48,0.1995,0.2988,-0.0566,-0.4208
3N0P_A_B,random,2.0,48,0.1839,0.2992,-0.1836,-0.5711
3N4I_A_B,L,0.0,55,0.233,0.4085,0.25,-0.1568
3N4I_A_B,L,0.25,55,0.2415,0.4083,0.4063,-0.0582
3N4I_A_B,L,0.5,55,0.2432,0.4082,0.5142,0.0217
3N4I_A_B,L,1.0,55,0.2369,0.4079,0.6758,0.1152
3N4I_A_B,L,2.0,55,0.2193,0.4078,0.8823,0.2177
3N4I_A_B,random,0.0,55,0.233,0.4085,0.25,-0.1568
3N4I_A_B,random,0.25,55,0.2344,0.409,0.2598,-0.164
3N4I_A_B,random,0.5,55,0.2276,0.4092,0.2701,-0.1574
3N4I_A_B,random,1.0,55,0.2102,0.4085,0.258,-0.1716
3N4I_A_B,random,2.0,55,0.1832,0.4089,0.1844,-0.2326
3NCB_A_B,L,0.0,48,0.1794,0.3037,0.0811,-0.0591
3NCB_A_B,L,0.25,48,0.1911,0.3044,0.248,0.088
3NCB_A_B,L,0.5,48,0.1836,0.3043,0.3776,0.1828
3NCB_A_B,L,1.0,48,0.1771,0.3043,0.5308,0.2917
3NCB_A_B,L,2.0,48,0.18,0.3042,0.7012,0.3751
3NCB_A_B,random,0.0,48,0.1794,0.3037,0.0811,-0.0591
3NCB_A_B,random,0.25,48,0.1745,0.3038,0.1207,-0.0211
3NCB_A_B,random,0.5,48,0.1676,0.304,0.1577,0.0122
3NCB_A_B,random,1.0,48,0.1641,0.3043,0.1253,-0.0271
3NCB_A_B,random,2.0,48,0.1364,0.3037,-0.009,-0.2102
3NCC_A_B,L,0.0,47,0.1912,0.2909,-0.0072,-0.1799
3NCC_A_B,L,0.25,47,0.1995,0.2906,0.1203,-0.065
3NCC_A_B,L,0.5,47,0.2058,0.2906,0.2485,0.0561
3NCC_A_B,L,1.0,47,0.2098,0.2909,0.4409,0.211
3NCC_A_B,L,2.0,47,0.2124,0.2903,0.6917,0.387
3NCC_A_B,random,0.0,47,0.1912,0.2909,-0.0072,-0.1799
3NCC_A_B,random,0.25,47,0.1845,0.2907,-0.0154,-0.206
3NCC_A_B,random,0.5,47,0.1825,0.2908,-0.0446,-0.257
3NCC_A_B,random,1.0,47,0.1759,0.2909,-0.0885,-0.319
3NCC_A_B,random,2.0,47,0.143,0.2911,-0.2228,-0.4497
3NPS_A_BC,L,0.0,45,0.291,0.4142,-0.2114,-0.1953
3NPS_A_BC,L,0.25,45,0.2997,0.4143,-0.1159,-0.0978
3NPS_A_BC,L,0.5,45,0.3073,0.4141,-0.0415,-0.0306
3NPS_A_BC,L,1.0,45,0.3153,0.4139,0.0984,0.0894
3NPS_A_BC,L,2.0,45,0.3174,0.4138,0.2664,0.2083
3NPS_A_BC,random,0.0,45,0.291,0.4142,-0.2114,-0.1953
3NPS_A_BC,random,0.25,45,0.2892,0.4141,-0.2198,-0.185
3NPS_A_BC,random,0.5,45,0.2833,0.4142,-0.2366,-0.1729
3NPS_A_BC,random,1.0,45,0.2649,0.4137,-0.2842,-0.1948
3NPS_A_BC,random,2.0,45,0.2424,0.4137,-0.3648,-0.2175
3Q3J_A_B,L,0.0,25,0.3344,0.3163,-0.1723,-0.3721
3Q3J_A_B,L,0.25,25,0.3644,0.3166,-0.0058,-0.2041
3Q3J_A_B,L,0.5,25,0.3862,0.3168,0.0884,-0.1055
3Q3J_A_B,L,1.0,25,0.4156,0.317,0.2053,-0.0202
3Q3J_A_B,L,2.0,25,0.4425,0.3169,0.3162,0.0688
3Q3J_A_B,random,0.0,25,0.3344,0.3163,-0.1723,-0.3721
3Q3J_A_B,random,0.25,25,0.3225,0.3162,-0.2037,-0.3783
3Q3J_A_B,random,0.5,25,0.3056,0.3162,-0.2422,-0.3896
3Q3J_A_B,random,1.0,25,0.2506,0.3164,-0.5211,-0.7025
3Q3J_A_B,random,2.0,25,0.1669,0.3152,-0.9473,-1.1956
3Q8D_A_E,L,0.0,7,0.1295,0.3147,0.2716,0.8688
3Q8D_A_E,L,0.25,7,0.1295,0.3146,0.3484,0.8839
3Q8D_A_E,L,0.5,7,0.125,0.3148,0.4033,0.9024
3Q8D_A_E,L,1.0,7,0.1295,0.3148,0.4843,0.9295
3Q8D_A_E,L,2.0,7,0.1496,0.3144,0.6494,0.9513
3Q8D_A_E,random,0.0,7,0.1295,0.3147,0.2716,0.8688
3Q8D_A_E,random,0.25,7,0.1295,0.3146,0.2842,0.8482
3Q8D_A_E,random,0.5,7,0.1317,0.3144,0.2492,0.8525
3Q8D_A_E,random,1.0,7,0.1205,0.3141,0.2097,0.8492
3Q8D_A_E,random,2.0,7,0.0804,0.3148,0.1502,0.9662
3QHY_A_B,L,0.0,47,0.26,0.455,-0.0352,-0.1261
3QHY_A_B,L,0.25,47,0.2706,0.4549,0.0769,-0.0826
3QHY_A_B,L,0.5,47,0.2766,0.4546,0.1697,-0.0388
3QHY_A_B,L,1.0,47,0.2842,0.4546,0.325,0.0415
3QHY_A_B,L,2.0,47,0.2919,0.4547,0.5186,0.166
3QHY_A_B,random,0.0,47,0.26,0.455,-0.0352,-0.1261
3QHY_A_B,random,0.25,47,0.2593,0.4552,-0.0238,-0.1362
3QHY_A_B,random,0.5,47,0.2503,0.4552,-0.0401,-0.1567
3QHY_A_B,random,1.0,47,0.2447,0.455,-0.0632,-0.187
3QHY_A_B,random,2.0,47,0.2347,0.4544,-0.1055,-0.2808
3RF3_A_C,L,0.0,45,0.3694,0.226,-0.286,-1.153
3RF3_A_C,L,0.25,45,0.3958,0.226,-0.0971,-0.9019
3RF3_A_C,L,0.5,45,0.4094,0.2257,0.0318,-0.7607
3RF3_A_C,L,1.0,45,0.4215,0.2258,0.1904,-0.6064
3RF3_A_C,L,2.0,45,0.4368,0.2253,0.3208,-0.4893
3RF3_A_C,random,0.0,45,0.3694,0.226,-0.286,-1.153
3RF3_A_C,random,0.25,45,0.3497,0.2255,-0.3214,-1.2258
3RF3_A_C,random,0.5,45,0.3337,0.2256,-0.3533,-1.2887
3RF3_A_C,random,1.0,45,0.2944,0.2256,-0.5621,-1.5416
3RF3_A_C,random,2.0,45,0.2198,0.2243,-1.0696,-2.2101
3S9D_A_B,L,0.0,39,0.2015,0.2972,-0.1261,-0.8427
3S9D_A_B,L,0.25,39,0.2115,0.2977,0.019,-0.6964
3S9D_A_B,L,0.5,39,0.2364,0.2977,0.1463,-0.5779
3S9D_A_B,L,1.0,39,0.2592,0.2975,0.3096,-0.4455
3S9D_A_B,L,2.0,39,0.2857,0.2968,0.4878,-0.2786
3S9D_A_B,random,0.0,39,0.2015,0.2972,-0.1261,-0.8427
3S9D_A_B,random,0.25,39,0.2047,0.2979,-0.1388,-0.8278
3S9D_A_B,random,0.5,39,0.2067,0.2983,-0.1754,-0.8571
3S9D_A_B,random,1.0,39,0.2151,0.2981,-0.2062,-0.8815
3S9D_A_B,random,2.0,39,0.1935,0.2989,-0.4046,-1.0903
3SE3_B_A,L,0.0,43,0.1526,0.2409,0.0389,-0.231
3SE3_B_A,L,0.25,43,0.1621,0.2409,0.1856,-0.1084
3SE3_B_A,L,0.5,43,0.1766,0.2411,0.3214,0.0057
3SE3_B_A,L,1.0,43,0.1915,0.2412,0.4809,0.1258
3SE3_B_A,L,2.0,43,0.2097,0.2413,0.67,0.2739
3SE3_B_A,random,0.0,43,0.1526,0.2409,0.0389,-0.231
3SE3_B_A,random,0.25,43,0.1552,0.241,0.0129,-0.2492
3SE3_B_A,random,0.5,43,0.157,0.241,-0.0285,-0.2848
3SE3_B_A,random,1.0,43,0.1515,0.241,-0.1763,-0.4369
3SE3_B_A,random,2.0,43,0.1632,0.2408,-0.3123,-0.5886
3SE3_B_C,L,0.0,39,0.1863,0.253,0.0552,-0.2646
3SE3_B_C,L,0.25,39,0.1971,0.2532,0.2565,-0.0508
3SE3_B_C,L,0.5,39,0.2099,0.2534,0.4052,0.0793
3SE3_B_C,L,1.0,39,0.2332,0.2529,0.5945,0.224
3SE3_B_C,L,2.0,39,0.2516,0.2533,0.7814,0.3816
3SE3_B_C,random,0.0,39,0.1863,0.253,0.0552,-0.2646
3SE3_B_C,random,0.25,39,0.1903,0.2524,0.0759,-0.2422
3SE3_B_C,random,0.5,39,0.1899,0.253,0.0637,-0.2405
3SE3_B_C,random,1.0,39,0.1799,0.253,-0.0228,-0.3385
3SE3_B_C,random,2.0,39,0.1562,0.2531,-0.187,-0.5382
3SE4_B_A,L,0.0,52,0.1352,0.249,0.0521,0.0189
3SE4_B_A,L,0.25,52,0.1412,0.2488,0.1631,0.1222
3SE4_B_A,L,0.5,52,0.1475,0.249,0.2431,0.189
3SE4_B_A,L,1.0,52,0.1463,0.2482,0.3565,0.287
3SE4_B_A,L,2.0,52,0.1517,0.249,0.4893,0.3892
3SE4_B_A,random,0.0,52,0.1352,0.249,0.0521,0.0189
3SE4_B_A,random,0.25,52,0.131,0.2483,0.0322,-0.0028
3SE4_B_A,random,0.5,52,0.1301,0.2485,-0.0117,-0.0426
3SE4_B_A,random,1.0,52,0.1238,0.2488,-0.1351,-0.171
3SE4_B_A,random,2.0,52,0.1208,0.2483,-0.236,-0.2822
3SE4_B_C,L,0.0,39,0.1835,0.2363,0.0069,-0.3133
3SE4_B_C,L,0.25,39,0.1975,0.2363,0.1184,-0.2032
3SE4_B_C,L,0.5,39,0.2079,0.2358,0.2076,-0.1194
3SE4_B_C,L,1.0,39,0.2067,0.2359,0.3593,0.0146
3SE4_B_C,L,2.0,39,0.2015,0.236,0.5433,0.1743
3SE4_B_C,random,0.0,39,0.1835,0.2363,0.0069,-0.3133
3SE4_B_C,random,0.25,39,0.1883,0.236,0.0147,-0.2986
3SE4_B_C,random,0.5,39,0.1883,0.2361,0.0166,-0.2964
3SE4_B_C,random,1.0,39,0.1863,0.236,0.0159,-0.2932
3SE4_B_C,random,2.0,39,0.1659,0.2357,-0.0821,-0.4312
3SEK_B_C,L,0.0,69,0.2788,0.3797,0.0678,-0.4435
3SEK_B_C,L,0.25,69,0.2933,0.3784,0.2197,-0.3127
3SEK_B_C,L,0.5,69,0.2971,0.378,0.3502,-0.2086
3SEK_B_C,L,1.0,69,0.3039,0.378,0.5074,-0.0744
3SEK_B_C,L,2.0,69,0.3025,0.3768,0.6808,0.0792
3SEK_B_C,random,0.0,69,0.2788,0.3797,0.0678,-0.4435
3SEK_B_C,random,0.25,69,0.2765,0.3786,0.0701,-0.4504
3SEK_B_C,random,0.5,69,0.2683,0.3779,0.0598,-0.4668
3SEK_B_C,random,1.0,69,0.2568,0.3794,0.0216,-0.502
3SEK_B_C,random,2.0,69,0.2015,0.3762,-0.167,-0.7548
3SF4_A_D,L,0.0,91,0.2351,0.3021,-0.0264,-0.4463
3SF4_A_D,L,0.25,91,0.2615,0.3027,0.1635,-0.2776
3SF4_A_D,L,0.5,91,0.2758,0.3023,0.2978,-0.1677
3SF4_A_D,L,1.0,91,0.2986,0.3012,0.4738,-0.042
3SF4_A_D,L,2.0,91,0.3073,0.3002,0.675,0.0609
3SF4_A_D,random,0.0,91,0.2351,0.3021,-0.0264,-0.4463
3SF4_A_D,random,0.25,91,0.2304,0.303,-0.0378,-0.4549
3SF4_A_D,random,0.5,91,0.2215,0.3026,-0.0453,-0.4735
3SF4_A_D,random,1.0,91,0.1904,0.3017,-0.1366,-0.6498
3SF4_A_D,random,2.0,91,0.1192,0.2996,-0.3727,-1.1339
3SGB_E_I,L,0.0,30,0.4099,0.4479,0.0803,-0.7401
3SGB_E_I,L,0.25,30,0.4141,0.4471,0.2359,-0.5939
3SGB_E_I,L,0.5,30,0.4161,0.4467,0.3484,-0.4792
3SGB_E_I,L,1.0,30,0.4104,0.4465,0.4844,-0.3837
3SGB_E_I,L,2.0,30,0.3932,0.4461,0.6429,-0.2818
3SGB_E_I,random,0.0,30,0.4099,0.4479,0.0803,-0.7401
3SGB_E_I,random,0.25,30,0.3937,0.4479,0.0581,-0.7628
3SGB_E_I,random,0.5,30,0.3781,0.448,0.0334,-0.805
3SGB_E_I,random,1.0,30,0.3214,0.4491,-0.1909,-1.087
3SGB_E_I,random,2.0,30,0.2609,0.4481,-0.552,-1.4946
3SZK_AB_C,L,0.0,27,0.2425,0.3296,0.21,-0.233
3SZK_AB_C,L,0.25,27,0.2431,0.3298,0.3951,-0.0325
3SZK_AB_C,L,0.5,27,0.2459,0.3298,0.5747,0.1887
3SZK_AB_C,L,1.0,27,0.2459,0.3297,0.7973,0.4216
3SZK_AB_C,L,2.0,27,0.2396,0.33,1.0636,0.6492
3SZK_AB_C,random,0.0,27,0.2425,0.3296,0.21,-0.233
3SZK_AB_C,random,0.25,27,0.2355,0.3299,0.2147,-0.2414
3SZK_AB_C,random,0.5,27,0.2361,0.3302,0.1929,-0.3142
3SZK_AB_C,random,1.0,27,0.2159,0.3305,0.1166,-0.4876
3SZK_AB_C,random,2.0,27,0.1817,0.3303,0.0091,-0.6281
3TGK_E_I,L,0.0,32,0.3872,0.4138,0.1285,0.0408
3TGK_E_I,L,0.25,32,0.3862,0.4139,0.2655,0.1393
3TGK_E_I,L,0.5,32,0.3799,0.4136,0.3539,0.1887
3TGK_E_I,L,1.0,32,0.3652,0.4131,0.4831,0.2727
3TGK_E_I,L,2.0,32,0.3354,0.4126,0.6087,0.3634
3TGK_E_I,random,0.0,32,0.3872,0.4138,0.1285,0.0408
3TGK_E_I,random,0.25,32,0.3945,0.4131,0.133,0.0541
3TGK_E_I,random,0.5,32,0.3999,0.413,0.1332,0.0662
3TGK_E_I,random,1.0,32,0.3916,0.4136,0.1015,0.0378
3TGK_E_I,random,2.0,32,0.3511,0.4116,0.0414,0.0083
3U82_A_B,L,0.0,39,0.1883,0.3589,0.1347,0.5244
3U82_A_B,L,0.25,39,0.1875,0.3588,0.2742,0.6436
3U82_A_B,L,0.5,39,0.1847,0.3586,0.3709,0.714
3U82_A_B,L,1.0,39,0.1819,0.3584,0.5436,0.8302
3U82_A_B,L,2.0,39,0.1755,0.3584,0.7157,0.9655
3U82_A_B,random,0.0,39,0.1883,0.3589,0.1347,0.5244
3U82_A_B,random,0.25,39,0.1875,0.3588,0.1345,0.5224
3U82_A_B,random,0.5,39,0.1883,0.3587,0.1261,0.5054
3U82_A_B,random,1.0,39,0.1851,0.3588,0.069,0.4567
3U82_A_B,random,2.0,39,0.1683,0.3592,-0.1152,0.3725
3UIG_A_P,L,0.0,14,0.2098,0.2975,0.3,-0.1902
3UIG_A_P,L,0.25,14,0.2087,0.2984,0.4714,-0.1233
3UIG_A_P,L,0.5,14,0.2009,0.2997,0.5808,-0.0601
3UIG_A_P,L,1.0,14,0.2065,0.2981,0.8022,0.008
3UIG_A_P,L,2.0,14,0.2076,0.2984,0.9985,0.0719
3UIG_A_P,random,0.0,14,0.2098,0.2975,0.3,-0.1902
3UIG_A_P,random,0.25,14,0.2333,0.298,0.3388,-0.1654
3UIG_A_P,random,0.5,14,0.2444,0.2989,0.338,-0.178
3UIG_A_P,random,1.0,14,0.2533,0.2986,0.3464,-0.2239
3UIG_A_P,random,2.0,14,0.2254,0.2968,0.2525,-0.4027
3UIH_A_P,L,0.0,9,0.1979,0.2976,0.4618,0.4211
3UIH_A_P,L,0.25,9,0.2118,0.299,0.5976,0.485
3UIH_A_P,L,0.5,9,0.2188,0.2989,0.696,0.5182
3UIH_A_P,L,1.0,9,0.2188,0.2999,0.8515,0.6096
3UIH_A_P,L,2.0,9,0.2222,0.2987,1.064,0.67
3UIH_A_P,random,0.0,9,0.1979,0.2976,0.4618,0.4211
3UIH_A_P,random,0.25,9,0.2066,0.2981,0.4652,0.4194
3UIH_A_P,random,0.5,9,0.2031,0.2982,0.4625,0.4181
3UIH_A_P,random,1.0,9,0.1979,0.2981,0.3234,0.3026
3UIH_A_P,random,2.0,9,0.1892,0.2978,0.1057,0.0922
3UII_A_P,L,0.0,9,0.1997,0.2946,0.4909,0.0407
3UII_A_P,L,0.25,9,0.2049,0.2947,0.6303,0.1435
3UII_A_P,L,0.5,9,0.2222,0.2942,0.762,0.2415
3UII_A_P,L,1.0,9,0.217,0.294,1.0059,0.3986
3UII_A_P,L,2.0,9,0.2066,0.2938,1.1608,0.4737
3UII_A_P,random,0.0,9,0.1997,0.2946,0.4909,0.0407
3UII_A_P,random,0.25,9,0.2031,0.2946,0.5634,0.0914
3UII_A_P,random,0.5,9,0.2066,0.2946,0.6184,0.1236
3UII_A_P,random,1.0,9,0.1997,0.2938,0.7413,0.188
3UII_A_P,random,2.0,9,0.1354,0.2915,0.5577,0.0334
3W2D_A_HL,L,0.0,27,0.1291,0.2826,-0.1184,0.2472
3W2D_A_HL,L,0.25,27,0.1285,0.2826,-0.0653,0.2816
3W2D_A_HL,L,0.5,27,0.1331,0.2826,-0.0139,0.3075
3W2D_A_HL,L,1.0,27,0.14,0.2824,0.0816,0.3595
3W2D_A_HL,L,2.0,27,0.1435,0.2824,0.2469,0.4693
3W2D_A_HL,random,0.0,27,0.1291,0.2826,-0.1184,0.2472
3W2D_A_HL,random,0.25,27,0.1262,0.2827,-0.1246,0.2403
3W2D_A_HL,random,0.5,27,0.1221,0.2826,-0.1202,0.2514
3W2D_A_HL,random,1.0,27,0.1169,0.2825,-0.128,0.2373
3W2D_A_HL,random,2.0,27,0.1071,0.2824,-0.1232,0.2253
3WWN_A_B,L,0.0,40,0.3059,0.4019,0.0382,-0.2476
3WWN_A_B,L,0.25,40,0.318,0.4017,0.1223,-0.1883
3WWN_A_B,L,0.5,40,0.3254,0.4017,0.1942,-0.1365
3WWN_A_B,L,1.0,40,0.3348,0.4023,0.3077,-0.0618
3WWN_A_B,L,2.0,40,0.3387,0.4016,0.4614,0.0267
3WWN_A_B,random,0.0,40,0.3059,0.4019,0.0382,-0.2476
3WWN_A_B,random,0.25,40,0.2949,0.4016,0.0279,-0.2506
3WWN_A_B,random,0.5,40,0.2844,0.4015,0.0081,-0.2623
3WWN_A_B,random,1.0,40,0.2582,0.4013,-0.0533,-0.2752
3WWN_A_B,random,2.0,40,0.2121,0.4006,-0.1288,-0.3411
4B0M_A_BM,L,0.0,43,0.3517,0.3491,-0.1878,-0.6864
4B0M_A_BM,L,0.25,43,0.3775,0.3492,-0.0212,-0.5021
4B0M_A_BM,L,0.5,43,0.3921,0.3492,0.0707,-0.4071
4B0M_A_BM,L,1.0,43,0.4062,0.3495,0.1906,-0.3204
4B0M_A_BM,L,2.0,43,0.4008,0.3502,0.3307,-0.2426
4B0M_A_BM,random,0.0,43,0.3517,0.3491,-0.1878,-0.6864
4B0M_A_BM,random,0.25,43,0.3416,0.349,-0.197,-0.7078
4B0M_A_BM,random,0.5,43,0.3198,0.3486,-0.2439,-0.7773
4B0M_A_BM,random,1.0,43,0.2773,0.3487,-0.3557,-0.9661
4B0M_A_BM,random,2.0,43,0.2046,0.3491,-0.6029,-1.2528
4BFI_A_B,L,0.0,41,0.2557,0.31,0.0187,-0.6143
4BFI_A_B,L,0.25,41,0.2805,0.3097,0.1756,-0.433
4BFI_A_B,L,0.5,41,0.2885,0.31,0.2818,-0.337
4BFI_A_B,L,1.0,41,0.3079,0.3099,0.4027,-0.2286
4BFI_A_B,L,2.0,41,0.3258,0.3101,0.5427,-0.0807
4BFI_A_B,random,0.0,41,0.2557,0.31,0.0187,-0.6143
4BFI_A_B,random,0.25,41,0.245,0.3098,0.0052,-0.6673
4BFI_A_B,random,0.5,41,0.2355,0.3097,0.005,-0.681
4BFI_A_B,random,1.0,41,0.1966,0.3101,-0.1454,-0.9049
4BFI_A_B,random,2.0,41,0.1399,0.3102,-0.457,-1.3762
4CPA_A_I,L,0.0,26,0.1725,0.3031,-0.234,-0.0179
4CPA_A_I,L,0.25,26,0.1815,0.3028,-0.1631,-0.0015
4CPA_A_I,L,0.5,26,0.1953,0.3028,-0.1031,0.006
4CPA_A_I,L,1.0,26,0.2145,0.3029,-0.0094,0.0325
4CPA_A_I,L,2.0,26,0.244,0.3037,0.1392,0.0714
4CPA_A_I,random,0.0,26,0.1725,0.3031,-0.234,-0.0179
4CPA_A_I,random,0.25,26,0.1719,0.3034,-0.2543,-0.0283
4CPA_A_I,random,0.5,26,0.1689,0.3033,-0.2677,-0.0437
4CPA_A_I,random,1.0,26,0.1605,0.3033,-0.2997,-0.0367
4CPA_A_I,random,2.0,26,0.1562,0.3033,-0.3441,-0.0215
4E6K_AB_G,L,0.0,22,0.4013,0.3713,-0.2888,-0.4712
4E6K_AB_G,L,0.25,22,0.4254,0.3713,-0.1336,-0.2595
4E6K_AB_G,L,0.5,22,0.4482,0.3716,0.0146,-0.0502
4E6K_AB_G,L,1.0,22,0.4716,0.3712,0.1644,0.1458
4E6K_AB_G,L,2.0,22,0.5192,0.3722,0.324,0.4023
4E6K_AB_G,random,0.0,22,0.4013,0.3713,-0.2888,-0.4712
4E6K_AB_G,random,0.25,22,0.3949,0.3706,-0.2901,-0.4533
4E6K_AB_G,random,0.5,22,0.3864,0.3705,-0.2854,-0.4398
4E6K_AB_G,random,1.0,22,0.3651,0.3703,-0.3115,-0.4413
4E6K_AB_G,random,2.0,22,0.2926,0.3701,-0.4697,-0.66
4EKD_A_B,L,0.0,47,0.2001,0.2581,0.0231,0.1216
4EKD_A_B,L,0.25,47,0.2088,0.2583,0.1285,0.1789
4EKD_A_B,L,0.5,47,0.2131,0.2582,0.211,0.2096
4EKD_A_B,L,1.0,47,0.2254,0.2586,0.3505,0.2671
4EKD_A_B,L,2.0,47,0.2407,0.2583,0.5131,0.3313
4EKD_A_B,random,0.0,47,0.2001,0.2581,0.0231,0.1216
4EKD_A_B,random,0.25,47,0.1961,0.2581,0.0146,0.1033
4EKD_A_B,random,0.5,47,0.1912,0.2581,0.0075,0.0787
4EKD_A_B,random,1.0,47,0.1818,0.2581,-0.0361,0.0101
4EKD_A_B,random,2.0,47,0.1729,0.2581,-0.0747,-0.0223
4FZA_A_B,L,0.0,41,0.1845,0.2809,0.1138,-0.2128
4FZA_A_B,L,0.25,41,0.1856,0.2813,0.2018,-0.1337
4FZA_A_B,L,0.5,41,0.1833,0.2811,0.2868,-0.0602
4FZA_A_B,L,1.0,41,0.1883,0.2808,0.3836,0.05
4FZA_A_B,L,2.0,41,0.1768,0.28,0.5269,0.1787
4FZA_A_B,random,0.0,41,0.1845,0.2809,0.1138,-0.2128
4FZA_A_B,random,0.25,41,0.1818,0.2812,0.1098,-0.2123
4FZA_A_B,random,0.5,41,0.1837,0.2813,0.0794,-0.208
4FZA_A_B,random,1.0,41,0.1799,0.2812,0.0139,-0.2413
4FZA_A_B,random,2.0,41,0.1673,0.2815,-0.0738,-0.2915
4G0N_A_B,L,0.0,25,0.1825,0.3358,0.042,0.166
4G0N_A_B,L,0.25,25,0.1913,0.3358,0.1532,0.2624
4G0N_A_B,L,0.5,25,0.1919,0.3361,0.2479,0.3372
4G0N_A_B,L,1.0,25,0.2,0.3358,0.4171,0.4526
4G0N_A_B,L,2.0,25,0.215,0.336,0.6084,0.526
4G0N_A_B,random,0.0,25,0.1825,0.3358,0.042,0.166
4G0N_A_B,random,0.25,25,0.1769,0.3358,0.04,0.1229
4G0N_A_B,random,0.5,25,0.1744,0.3364,0.0399,0.0966
4G0N_A_B,random,1.0,25,0.1663,0.3366,0.0229,-0.0176
4G0N_A_B,random,2.0,25,0.1381,0.3371,-0.118,-0.2891
4G2V_A_B,L,0.0,49,0.243,0.2965,0.2367,-0.15
4G2V_A_B,L,0.25,49,0.2615,0.2967,0.4361,0.0503
4G2V_A_B,L,0.5,49,0.2602,0.2973,0.5696,0.1522
4G2V_A_B,L,1.0,49,0.2663,0.2964,0.7575,0.3011
4G2V_A_B,L,2.0,49,0.2771,0.296,0.9363,0.449
4G2V_A_B,random,0.0,49,0.243,0.2965,0.2367,-0.15
4G2V_A_B,random,0.25,49,0.2481,0.2958,0.2329,-0.1736
4G2V_A_B,random,0.5,49,0.2436,0.2958,0.2127,-0.2225
4G2V_A_B,random,1.0,49,0.2251,0.2929,0.108,-0.4353
4G2V_A_B,random,2.0,49,0.1834,0.2935,-0.1349,-0.7726
4HFK_A_BD,L,0.0,39,0.3586,0.3966,0.1542,-0.6574
4HFK_A_BD,L,0.25,39,0.3698,0.3967,0.3041,-0.4727
4HFK_A_BD,L,0.5,39,0.3714,0.3966,0.4113,-0.3605
4HFK_A_BD,L,1.0,39,0.3702,0.3968,0.5741,-0.2002
4HFK_A_BD,L,2.0,39,0.3546,0.3967,0.7478,-0.1066
4HFK_A_BD,random,0.0,39,0.3586,0.3966,0.1542,-0.6574
4HFK_A_BD,random,0.25,39,0.3578,0.3962,0.1485,-0.7024
4HFK_A_BD,random,0.5,39,0.3389,0.3962,0.09,-0.8139
4HFK_A_BD,random,1.0,39,0.3113,0.3961,-0.0444,-0.9834
4HFK_A_BD,random,2.0,39,0.2472,0.3955,-0.3002,-1.4001
4HRN_A_D,L,0.0,34,0.2665,0.4783,-0.0728,-0.7691
4HRN_A_D,L,0.25,34,0.2803,0.4781,0.1009,-0.6434
4HRN_A_D,L,0.5,34,0.2946,0.479,0.2127,-0.5597
4HRN_A_D,L,1.0,34,0.3079,0.4779,0.3994,-0.459
4HRN_A_D,L,2.0,34,0.3143,0.4797,0.6184,-0.3699
4HRN_A_D,random,0.0,34,0.2665,0.4783,-0.0728,-0.7691
4HRN_A_D,random,0.25,34,0.2688,0.4774,-0.0852,-0.748
4HRN_A_D,random,0.5,34,0.2615,0.477,-0.0951,-0.7769
4HRN_A_D,random,1.0,34,0.2482,0.4764,-0.11,-0.7801
4HRN_A_D,random,2.0,34,0.2137,0.4751,-0.2378,-0.9379
4HSA_AB_C,L,0.0,92,0.2276,0.3101,0.0138,-0.1017
4HSA_AB_C,L,0.25,92,0.241,0.3101,0.1328,0.0035
4HSA_AB_C,L,0.5,92,0.2437,0.3102,0.2162,0.0643
4HSA_AB_C,L,1.0,92,0.2498,0.3099,0.3472,0.1399
4HSA_AB_C,L,2.0,92,0.2571,0.3104,0.5073,0.2295
4HSA_AB_C,random,0.0,92,0.2276,0.3101,0.0138,-0.1017
4HSA_AB_C,random,0.25,92,0.2271,0.3102,-0.0024,-0.1109
4HSA_AB_C,random,0.5,92,0.2244,0.31,-0.0334,-0.1401
4HSA_AB_C,random,1.0,92,0.2109,0.31,-0.1698,-0.3049
4HSA_AB_C,random,2.0,92,0.186,0.3099,-0.2752,-0.432
4I77_HL_Z,L,0.0,42,0.2868,0.394,-0.1566,-0.3539
4I77_HL_Z,L,0.25,42,0.301,0.3942,-0.028,-0.1948
4I77_HL_Z,L,0.5,42,0.3114,0.3939,0.0623,-0.089
4I77_HL_Z,L,1.0,42,0.3214,0.3945,0.192,0.0107
4I77_HL_Z,L,2.0,42,0.3318,0.3943,0.3253,0.0914
4I77_HL_Z,random,0.0,42,0.2868,0.394,-0.1566,-0.3539
4I77_HL_Z,random,0.25,42,0.2846,0.3941,-0.1709,-0.3731
4I77_HL_Z,random,0.5,42,0.2757,0.394,-0.1997,-0.4179
4I77_HL_Z,random,1.0,42,0.2511,0.3933,-0.3038,-0.6035
4I77_HL_Z,random,2.0,42,0.2173,0.3923,-0.4351,-0.8799
4J2L_A_CD,L,0.0,45,0.2906,0.2405,0.0952,-0.0305
4J2L_A_CD,L,0.25,45,0.2993,0.2414,0.2266,0.0657
4J2L_A_CD,L,0.5,45,0.308,0.2409,0.3487,0.166
4J2L_A_CD,L,1.0,45,0.317,0.2433,0.486,0.2557
4J2L_A_CD,L,2.0,45,0.3111,0.2437,0.6489,0.3503
4J2L_A_CD,random,0.0,45,0.2906,0.2405,0.0952,-0.0305
4J2L_A_CD,random,0.25,45,0.2847,0.2416,0.0602,-0.0698
4J2L_A_CD,random,0.5,45,0.2854,0.2408,0.0492,-0.0869
4J2L_A_CD,random,1.0,45,0.2729,0.2397,-0.0893,-0.2321
4J2L_A_CD,random,2.0,45,0.2351,0.2351,-0.3793,-0.4832
4JPK_HL_A,L,0.0,50,0.2566,0.3932,0.1087,-0.3543
4JPK_HL_A,L,0.25,50,0.2609,0.393,0.2152,-0.2675
4JPK_HL_A,L,0.5,50,0.2606,0.393,0.3068,-0.206
4JPK_HL_A,L,1.0,50,0.2566,0.393,0.4573,-0.1087
4JPK_HL_A,L,2.0,50,0.2581,0.393,0.6076,-0.0094
4JPK_HL_A,random,0.0,50,0.2566,0.3932,0.1087,-0.3543
4JPK_HL_A,random,0.25,50,0.2569,0.3933,0.1027,-0.3628
4JPK_HL_A,random,0.5,50,0.2587,0.3929,0.1112,-0.3548
4JPK_HL_A,random,1.0,50,0.2541,0.3925,0.082,-0.4163
4JPK_HL_A,random,2.0,50,0.2219,0.3919,-0.0608,-0.6461
4KRL_A_B,L,0.0,30,0.2906,0.3837,0.0822,-0.2603
4KRL_A_B,L,0.25,30,0.2927,0.3834,0.1518,-0.2038
4KRL_A_B,L,0.5,30,0.2927,0.3835,0.2308,-0.1554
4KRL_A_B,L,1.0,30,0.2906,0.3831,0.3692,-0.0932
4KRL_A_B,L,2.0,30,0.2719,0.3833,0.5471,0.0021
4KRL_A_B,random,0.0,30,0.2906,0.3837,0.0822,-0.2603
4KRL_A_B,random,0.25,30,0.3031,0.3837,0.084,-0.2396
4KRL_A_B,random,0.5,30,0.3109,0.3837,0.0893,-0.2195
4KRL_A_B,random,1.0,30,0.3203,0.3835,0.0919,-0.2018
4KRL_A_B,random,2.0,30,0.337,0.3837,0.1196,-0.1727
4KRO_A_B,L,0.0,32,0.2119,0.3314,0.0356,-0.4085
4KRO_A_B,L,0.25,32,0.2183,0.3314,0.1458,-0.3389
4KRO_A_B,L,0.5,32,0.228,0.3315,0.2397,-0.2999
4KRO_A_B,L,1.0,32,0.2378,0.3314,0.3652,-0.2302
4KRO_A_B,L,2.0,32,0.2471,0.3314,0.5294,-0.1526
4KRO_A_B,random,0.0,32,0.2119,0.3314,0.0356,-0.4085
4KRO_A_B,random,0.25,32,0.207,0.3311,0.0254,-0.4419
4KRO_A_B,random,0.5,32,0.1987,0.3311,0.0143,-0.4661
4KRO_A_B,random,1.0,32,0.1914,0.3309,0.0036,-0.4696
4KRO_A_B,random,2.0,32,0.1655,0.3308,-0.0817,-0.5429
4KRP_A_B,L,0.0,33,0.179,0.344,0.1492,-0.2389
4KRP_A_B,L,0.25,33,0.1884,0.3439,0.2533,-0.1733
4KRP_A_B,L,0.5,33,0.1903,0.3438,0.3401,-0.1211
4KRP_A_B,L,1.0,33,0.1946,0.344,0.4762,-0.046
4KRP_A_B,L,2.0,33,0.1894,0.3435,0.6693,0.0373
4KRP_A_B,random,0.0,33,0.179,0.344,0.1492,-0.2389
4KRP_A_B,random,0.25,33,0.1842,0.3439,0.1682,-0.2347
4KRP_A_B,random,0.5,33,0.178,0.3438,0.1663,-0.2591
4KRP_A_B,random,1.0,33,0.1719,0.3436,0.1435,-0.2731
4KRP_A_B,random,2.0,33,0.142,0.3434,0.0516,-0.3642
4L0P_A_B,L,0.0,56,0.2271,0.345,-0.1659,-0.7425
4L0P_A_B,L,0.25,56,0.248,0.346,-0.0502,-0.5785
4L0P_A_B,L,0.5,56,0.2573,0.3459,0.023,-0.4945
4L0P_A_B,L,1.0,56,0.2746,0.347,0.132,-0.3837
4L0P_A_B,L,2.0,56,0.2972,0.3476,0.2532,-0.2613
4L0P_A_B,random,0.0,56,0.2271,0.345,-0.1659,-0.7425
4L0P_A_B,random,0.25,56,0.2257,0.3448,-0.1618,-0.7419
4L0P_A_B,random,0.5,56,0.2263,0.3454,-0.1798,-0.7764
4L0P_A_B,random,1.0,56,0.2134,0.3442,-0.2533,-0.9103
4L0P_A_B,random,2.0,56,0.1763,0.3434,-0.3872,-1.2745
4MYW_A_B,L,0.0,45,0.2444,0.3243,-0.1371,-0.193
4MYW_A_B,L,0.25,45,0.2503,0.3244,-0.0503,-0.0758
4MYW_A_B,L,0.5,45,0.2608,0.3243,0.0281,-0.0107
4MYW_A_B,L,1.0,45,0.283,0.324,0.1605,0.1334
4MYW_A_B,L,2.0,45,0.2983,0.3237,0.3242,0.3136
4MYW_A_B,random,0.0,45,0.2444,0.3243,-0.1371,-0.193
4MYW_A_B,random,0.25,45,0.2358,0.3241,-0.148,-0.19
4MYW_A_B,random,0.5,45,0.2306,0.3242,-0.1778,-0.2145
4MYW_A_B,random,1.0,45,0.2111,0.3243,-0.2676,-0.3405
4MYW_A_B,random,2.0,45,0.1812,0.3238,-0.3881,-0.5121
4N8V_G_ABC,L,0.0,29,0.2193,0.3181,0.1296,-0.215
4N8V_G_ABC,L,0.25,29,0.2268,0.3177,0.2965,-0.0538
4N8V_G_ABC,L,0.5,29,0.2311,0.3179,0.393,0.0367
4N8V_G_ABC,L,1.0,29,0.2468,0.3179,0.5327,0.1584
4N8V_G_ABC,L,2.0,29,0.271,0.3176,0.7262,0.3555
4N8V_G_ABC,random,0.0,29,0.2193,0.3181,0.1296,-0.215
4N8V_G_ABC,random,0.25,29,0.2096,0.318,0.1243,-0.2211
4N8V_G_ABC,random,0.5,29,0.2096,0.3179,0.1007,-0.2204
4N8V_G_ABC,random,1.0,29,0.1961,0.3177,0.0627,-0.2273
4N8V_G_ABC,random,2.0,29,0.1681,0.3178,-0.0093,-0.2797
4NKQ_C_AB,L,0.0,36,0.1111,0.2258,0.0855,0.0457
4NKQ_C_AB,L,0.25,36,0.105,0.2258,0.1546,0.1074
4NKQ_C_AB,L,0.5,36,0.1003,0.2259,0.2306,0.1784
4NKQ_C_AB,L,1.0,36,0.0924,0.226,0.3549,0.283
4NKQ_C_AB,L,2.0,36,0.0903,0.226,0.5084,0.3977
4NKQ_C_AB,random,0.0,36,0.1111,0.2258,0.0855,0.0457
4NKQ_C_AB,random,0.25,36,0.112,0.2258,0.0821,0.0389
4NKQ_C_AB,random,0.5,36,0.1098,0.2259,0.0955,0.0583
4NKQ_C_AB,random,1.0,36,0.1033,0.2261,0.1097,0.0801
4NKQ_C_AB,random,2.0,36,0.0977,0.2258,0.1032,0.0926
4NZW_A_B,L,0.0,42,0.1693,0.298,-0.1146,-0.1833
4NZW_A_B,L,0.25,42,0.1767,0.2979,-0.0452,-0.1192
4NZW_A_B,L,0.5,42,0.1871,0.2977,0.0173,-0.059
4NZW_A_B,L,1.0,42,0.2009,0.2974,0.1122,0.0198
4NZW_A_B,L,2.0,42,0.215,0.2976,0.2457,0.1248
4NZW_A_B,random,0.0,42,0.1693,0.298,-0.1146,-0.1833
4NZW_A_B,random,0.25,42,0.1626,0.298,-0.1292,-0.1985
4NZW_A_B,random,0.5,42,0.1514,0.298,-0.1453,-0.2272
4NZW_A_B,random,1.0,42,0.138,0.2978,-0.1556,-0.2656
4NZW_A_B,random,2.0,42,0.1116,0.2975,-0.1873,-0.3029
4O27_A_B,L,0.0,42,0.2054,0.2981,0.0255,-0.1415
4O27_A_B,L,0.25,42,0.2169,0.2977,0.1242,-0.0335
4O27_A_B,L,0.5,42,0.2202,0.2978,0.208,0.0433
4O27_A_B,L,1.0,42,0.2284,0.2977,0.339,0.1828
4O27_A_B,L,2.0,42,0.2478,0.2972,0.4899,0.3368
4O27_A_B,random,0.0,42,0.2054,0.2981,0.0255,-0.1415
4O27_A_B,random,0.25,42,0.2072,0.2981,0.0239,-0.1345
4O27_A_B,random,0.5,42,0.2068,0.2981,0.0138,-0.1556
4O27_A_B,random,1.0,42,0.1938,0.2981,-0.0565,-0.2703
4O27_A_B,random,2.0,42,0.1737,0.2985,-0.1857,-0.451
4OFY_A_D,L,0.0,33,0.2083,0.3026,0.105,-0.2515
4OFY_A_D,L,0.25,33,0.215,0.3023,0.2303,-0.1238
4OFY_A_D,L,0.5,33,0.2188,0.3024,0.3082,-0.0518
4OFY_A_D,L,1.0,33,0.2164,0.3023,0.4548,0.0807
4OFY_A_D,L,2.0,33,0.2183,0.3026,0.6215,0.2528
4OFY_A_D,random,0.0,33,0.2083,0.3026,0.105,-0.2515
4OFY_A_D,random,0.25,33,0.2069,0.3025,0.1216,-0.2527
4OFY_A_D,random,0.5,33,0.2031,0.3023,0.1183,-0.2488
4OFY_A_D,random,1.0,33,0.1941,0.3025,0.1084,-0.2508
4OFY_A_D,random,2.0,33,0.1738,0.3026,0.0436,-0.3341
4RA0_A_C,L,0.0,52,0.2383,0.3482,0.0104,-0.0493
4RA0_A_C,L,0.25,52,0.2422,0.3484,0.1488,0.0684
4RA0_A_C,L,0.5,52,0.2416,0.3486,0.2552,0.1521
4RA0_A_C,L,1.0,52,0.2425,0.3487,0.4248,0.2812
4RA0_A_C,L,2.0,52,0.2365,0.3482,0.5989,0.4253
4RA0_A_C,random,0.0,52,0.2383,0.3482,0.0104,-0.0493
4RA0_A_C,random,0.25,52,0.2383,0.3482,0.0089,-0.0396
4RA0_A_C,random,0.5,52,0.2326,0.3483,0.003,-0.0656
4RA0_A_C,random,1.0,52,0.2172,0.3483,-0.0638,-0.1312
4RA0_A_C,random,2.0,52,0.1866,0.3479,-0.2357,-0.3099
4RS1_A_B,L,0.0,48,0.1589,0.2636,0.0255,-0.2477
4RS1_A_B,L,0.25,48,0.1654,0.2634,0.1174,-0.1667
4RS1_A_B,L,0.5,48,0.1729,0.2633,0.1948,-0.0816
4RS1_A_B,L,1.0,48,0.1771,0.2632,0.3399,0.0857
4RS1_A_B,L,2.0,48,0.1735,0.2638,0.5328,0.2958
4RS1_A_B,random,0.0,48,0.1589,0.2636,0.0255,-0.2477
4RS1_A_B,random,0.25,48,0.1582,0.2632,0.0265,-0.241
4RS1_A_B,random,0.5,48,0.1602,0.2633,0.0104,-0.244
4RS1_A_B,random,1.0,48,0.1517,0.2629,-0.0128,-0.2508
4RS1_A_B,random,2.0,48,0.1354,0.2625,-0.087,-0.2811
4U6H_AB_E,L,0.0,35,0.2393,0.352,-0.0602,-0.2042
4U6H_AB_E,L,0.25,35,0.2388,0.352,0.0602,-0.0998
4U6H_AB_E,L,0.5,35,0.2397,0.3519,0.1403,-0.0435
4U6H_AB_E,L,1.0,35,0.2321,0.3519,0.2896,0.0563
4U6H_AB_E,L,2.0,35,0.2085,0.352,0.4792,0.2047
4U6H_AB_E,random,0.0,35,0.2393,0.352,-0.0602,-0.2042
4U6H_AB_E,random,0.25,35,0.233,0.3519,-0.0491,-0.2
4U6H_AB_E,random,0.5,35,0.2286,0.3519,-0.0498,-0.1861
4U6H_AB_E,random,1.0,35,0.2196,0.3517,-0.0412,-0.1128
4U6H_AB_E,random,2.0,35,0.1955,0.3517,0.0162,0.0024
4UYP_A_D,L,0.0,34,0.3686,0.4024,0.0046,-0.3291
4UYP_A_D,L,0.25,34,0.3814,0.4024,0.1686,-0.1458
4UYP_A_D,L,0.5,34,0.3975,0.4024,0.2875,-0.0395
4UYP_A_D,L,1.0,34,0.4085,0.4019,0.4511,0.053
4UYP_A_D,L,2.0,34,0.4076,0.4016,0.6442,0.1619
4UYP_A_D,random,0.0,34,0.3686,0.4024,0.0046,-0.3291
4UYP_A_D,random,0.25,34,0.369,0.4025,0.0317,-0.2827
4UYP_A_D,random,0.5,34,0.3585,0.4022,0.0412,-0.2825
4UYP_A_D,random,1.0,34,0.3359,0.4036,0.0121,-0.3174
4UYP_A_D,random,2.0,34,0.261,0.4034,-0.237,-0.5978
4UYQ_A_B,L,0.0,37,0.3552,0.4294,-0.1469,-0.6294
4UYQ_A_B,L,0.25,37,0.3796,0.4289,0.0,-0.4788
4UYQ_A_B,L,0.5,37,0.3948,0.4289,0.1177,-0.3859
4UYQ_A_B,L,1.0,37,0.4084,0.4286,0.2885,-0.2301
4UYQ_A_B,L,2.0,37,0.4041,0.4291,0.4818,-0.1613
4UYQ_A_B,random,0.0,37,0.3552,0.4294,-0.1469,-0.6294
4UYQ_A_B,random,0.25,37,0.3547,0.4298,-0.1278,-0.6625
4UYQ_A_B,random,0.5,37,0.3467,0.4302,-0.1386,-0.7305
4UYQ_A_B,random,1.0,37,0.3247,0.4295,-0.2268,-0.9809
4UYQ_A_B,random,2.0,37,0.2475,0.4291,-0.4131,-1.4293
4WND_A_B,L,0.0,67,0.2183,0.3067,-0.0067,-0.3476
4WND_A_B,L,0.25,67,0.2351,0.3067,0.1258,-0.2654
4WND_A_B,L,0.5,67,0.2453,0.3076,0.2314,-0.1838
4WND_A_B,L,1.0,67,0.2551,0.3081,0.3798,-0.0906
4WND_A_B,L,2.0,67,0.2582,0.3073,0.5582,0.047
4WND_A_B,random,0.0,67,0.2183,0.3067,-0.0067,-0.3476
4WND_A_B,random,0.25,67,0.2194,0.3079,-0.0003,-0.3462
4WND_A_B,random,0.5,67,0.2146,0.3087,-0.0154,-0.3553
4WND_A_B,random,1.0,67,0.1903,0.3086,-0.0869,-0.4387
4WND_A_B,random,2.0,67,0.1583,0.307,-0.2461,-0.6774
4X4M_AB_E,L,0.0,44,0.207,0.2674,-0.0019,-0.058
4X4M_AB_E,L,0.25,44,0.2124,0.2675,0.096,-0.0045
4X4M_AB_E,L,0.5,44,0.2173,0.2674,0.1834,0.0489
4X4M_AB_E,L,1.0,44,0.2237,0.2672,0.3074,0.1063
4X4M_AB_E,L,2.0,44,0.2248,0.2672,0.4678,0.1915
4X4M_AB_E,random,0.0,44,0.207,0.2674,-0.0019,-0.058
4X4M_AB_E,random,0.25,44,0.2006,0.2671,-0.0096,-0.0669
4X4M_AB_E,random,0.5,44,0.1967,0.2672,-0.0175,-0.084
4X4M_AB_E,random,1.0,44,0.1879,0.2671,-0.0985,-0.1427
4X4M_AB_E,random,2.0,44,0.1619,0.2672,-0.2087,-0.2111
4Y61_A_B,L,0.0,47,0.1639,0.3667,-0.1166,-0.6056
4Y61_A_B,L,0.25,47,0.1702,0.3665,-0.0416,-0.5155
4Y61_A_B,L,0.5,47,0.1722,0.3665,0.0149,-0.458
4Y61_A_B,L,1.0,47,0.1785,0.3664,0.1115,-0.3765
4Y61_A_B,L,2.0,47,0.1902,0.366,0.2435,-0.2416
4Y61_A_B,random,0.0,47,0.1639,0.3667,-0.1166,-0.6056
4Y61_A_B,random,0.25,47,0.1592,0.3667,-0.116,-0.6103
4Y61_A_B,random,0.5,47,0.1539,0.3664,-0.1116,-0.6089
4Y61_A_B,random,1.0,47,0.1406,0.3663,-0.122,-0.6595
4Y61_A_B,random,2.0,47,0.1267,0.3661,-0.1397,-0.7132
4YEB_A_B,L,0.0,44,0.1165,0.3101,-0.0811,-0.0327
4YEB_A_B,L,0.25,44,0.1207,0.3097,-0.0384,-0.0108
4YEB_A_B,L,0.5,44,0.125,0.3099,0.0066,0.0013
4YEB_A_B,L,1.0,44,0.1321,0.3101,0.0802,0.0326
4YEB_A_B,L,2.0,44,0.1339,0.3099,0.1976,0.0765
4YEB_A_B,random,0.0,44,0.1165,0.3101,-0.0811,-0.0327
4YEB_A_B,random,0.25,44,0.1186,0.3099,-0.0761,-0.0386
4YEB_A_B,random,0.5,44,0.1222,0.3102,-0.0749,-0.0397
4YEB_A_B,random,1.0,44,0.1225,0.31,-0.0737,-0.0537
4YEB_A_B,random,2.0,44,0.1254,0.3099,-0.0455,-0.0453
4ZS6_HL_A,L,0.0,26,0.3047,0.3591,-0.1752,-0.3578
4ZS6_HL_A,L,0.25,26,0.3275,0.359,-0.0176,-0.2218
4ZS6_HL_A,L,0.5,26,0.345,0.3592,0.0988,-0.1116
4ZS6_HL_A,L,1.0,26,0.366,0.3594,0.2465,0.0115
4ZS6_HL_A,L,2.0,26,0.3744,0.3595,0.3957,0.1347
4ZS6_HL_A,random,0.0,26,0.3047,0.3591,-0.1752,-0.3578
4ZS6_HL_A,random,0.25,26,0.3131,0.3593,-0.1627,-0.349
4ZS6_HL_A,random,0.5,26,0.3143,0.3594,-0.1757,-0.3441
4ZS6_HL_A,random,1.0,26,0.3005,0.3593,-0.233,-0.3933
4ZS6_HL_A,random,2.0,26,0.2764,0.3596,-0.4308,-0.5446
5E6P_A_B,L,0.0,33,0.2585,0.2467,-0.094,-0.1577
5E6P_A_B,L,0.25,33,0.2656,0.2466,0.0057,-0.0646
5E6P_A_B,L,0.5,33,0.2812,0.2469,0.1125,0.0306
5E6P_A_B,L,1.0,33,0.2959,0.2469,0.2583,0.1546
5E6P_A_B,L,2.0,33,0.3002,0.2468,0.4129,0.2513
5E6P_A_B,random,0.0,33,0.2585,0.2467,-0.094,-0.1577
5E6P_A_B,random,0.25,33,0.2599,0.2467,-0.1033,-0.1612
5E6P_A_B,random,0.5,33,0.2557,0.2469,-0.1109,-0.1442
5E6P_A_B,random,1.0,33,0.2386,0.2474,-0.19,-0.1653
5E6P_A_B,random,2.0,33,0.2216,0.2472,-0.3259,-0.2625
5E9D_AB_CDE,L,0.0,48,0.2419,0.3412,-0.1047,-0.5231
5E9D_AB_CDE,L,0.25,48,0.264,0.3411,0.1051,-0.4103
5E9D_AB_CDE,L,0.5,48,0.2731,0.3411,0.2448,-0.3232
5E9D_AB_CDE,L,1.0,48,0.2832,0.3415,0.4357,-0.2414
5E9D_AB_CDE,L,2.0,48,0.29,0.3413,0.6328,-0.1744
5E9D_AB_CDE,random,0.0,48,0.2419,0.3412,-0.1047,-0.5231
5E9D_AB_CDE,random,0.25,48,0.2259,0.3409,-0.0962,-0.5491
5E9D_AB_CDE,random,0.5,48,0.2181,0.3411,-0.0954,-0.5726
5E9D_AB_CDE,random,1.0,48,0.1774,0.3407,-0.1997,-0.7512
5E9D_AB_CDE,random,2.0,48,0.1211,0.3406,-0.4436,-1.0703
5F4E_A_B,L,0.0,38,0.2479,0.3286,-0.103,-0.3896
5F4E_A_B,L,0.25,38,0.2611,0.3286,0.0266,-0.2474
5F4E_A_B,L,0.5,38,0.2693,0.3286,0.1117,-0.1703
5F4E_A_B,L,1.0,38,0.2845,0.3287,0.2375,-0.0515
5F4E_A_B,L,2.0,38,0.2956,0.3289,0.3991,0.1009
5F4E_A_B,random,0.0,38,0.2479,0.3286,-0.103,-0.3896
5F4E_A_B,random,0.25,38,0.2418,0.3291,-0.1188,-0.4008
5F4E_A_B,random,0.5,38,0.2311,0.3289,-0.1616,-0.4576
5F4E_A_B,random,1.0,38,0.2233,0.3291,-0.2121,-0.5562
5F4E_A_B,random,2.0,38,0.2011,0.3286,-0.3054,-0.6978
5K39_A_B,L,0.0,42,0.3032,0.4121,-0.0576,-0.7063
5K39_A_B,L,0.25,42,0.3166,0.4115,0.1641,-0.5127
5K39_A_B,L,0.5,42,0.3259,0.4112,0.312,-0.4
5K39_A_B,L,1.0,42,0.343,0.4114,0.4896,-0.2506
5K39_A_B,L,2.0,42,0.3601,0.4111,0.697,-0.0961
5K39_A_B,random,0.0,42,0.3032,0.4121,-0.0576,-0.7063
5K39_A_B,random,0.25,42,0.3058,0.4117,-0.0273,-0.674
5K39_A_B,random,0.5,42,0.3028,0.4121,-0.0175,-0.6946
5K39_A_B,random,1.0,42,0.279,0.4114,-0.1065,-0.9141
5K39_A_B,random,2.0,42,0.2433,0.4107,-0.3306,-1.35
5M2O_A_B,L,0.0,40,0.352,0.4366,-0.0267,-0.5645
5M2O_A_B,L,0.25,40,0.3703,0.437,0.1038,-0.4428
5M2O_A_B,L,0.5,40,0.3867,0.4373,0.2089,-0.3671
5M2O_A_B,L,1.0,40,0.4098,0.4367,0.3594,-0.2291
5M2O_A_B,L,2.0,40,0.4316,0.4368,0.5089,-0.1006
5M2O_A_B,random,0.0,40,0.352,0.4366,-0.0267,-0.5645
5M2O_A_B,random,0.25,40,0.3461,0.4377,-0.0582,-0.5971
5M2O_A_B,random,0.5,40,0.3297,0.4379,-0.0827,-0.6373
5M2O_A_B,random,1.0,40,0.2898,0.438,-0.2102,-0.8045
5M2O_A_B,random,2.0,40,0.2461,0.4389,-0.3106,-0.9969
5TAR_A_B,L,0.0,15,0.2031,0.2952,-0.013,-0.0811
5TAR_A_B,L,0.25,15,0.2104,0.2951,0.1521,0.0147
5TAR_A_B,L,0.5,15,0.2104,0.295,0.2919,0.1086
5TAR_A_B,L,1.0,15,0.2062,0.2946,0.4773,0.2092
5TAR_A_B,L,2.0,15,0.1729,0.2949,0.6962,0.1539
5TAR_A_B,random,0.0,15,0.2031,0.2952,-0.013,-0.0811
5TAR_A_B,random,0.25,15,0.2094,0.2949,-0.0206,-0.0447
5TAR_A_B,random,0.5,15,0.2073,0.2947,-0.0196,-0.0432
5TAR_A_B,random,1.0,15,0.1917,0.2951,-0.0569,-0.0529
5TAR_A_B,random,2.0,15,0.1302,0.2949,-0.2458,-0.1939
5UFE_A_B,L,0.0,27,0.1898,0.3324,-0.4244,-1.115
5UFE_A_B,L,0.25,27,0.2164,0.3331,-0.2054,-0.8303
5UFE_A_B,L,0.5,27,0.2309,0.334,-0.0378,-0.5904
5UFE_A_B,L,1.0,27,0.2396,0.3339,0.1812,-0.369
5UFE_A_B,L,2.0,27,0.2581,0.3326,0.4168,-0.1648
5UFE_A_B,random,0.0,27,0.1898,0.3324,-0.4244,-1.115
5UFE_A_B,random,0.25,27,0.1875,0.3322,-0.4224,-1.1233
5UFE_A_B,random,0.5,27,0.173,0.3329,-0.4994,-1.2108
5UFE_A_B,random,1.0,27,0.1464,0.3332,-0.6414,-1.4581
5UFE_A_B,random,2.0,27,0.1157,0.3317,-0.826,-1.8508
5UFQ_A_C,L,0.0,29,0.1897,0.3393,-0.4572,-1.2778
5UFQ_A_C,L,0.25,29,0.2015,0.3387,-0.2862,-1.0696
5UFQ_A_C,L,0.5,29,0.2258,0.3391,-0.1483,-0.9002
5UFQ_A_C,L,1.0,29,0.2484,0.338,0.0607,-0.7094
5UFQ_A_C,L,2.0,29,0.2791,0.3385,0.3078,-0.4657
5UFQ_A_C,random,0.0,29,0.1897,0.3393,-0.4572,-1.2778
5UFQ_A_C,random,0.25,29,0.1827,0.3391,-0.5076,-1.3536
5UFQ_A_C,random,0.5,29,0.1649,0.3391,-0.5614,-1.4267
5UFQ_A_C,random,1.0,29,0.1498,0.3397,-0.6672,-1.5499
5UFQ_A_C,random,2.0,29,0.1492,0.3381,-0.8196,-1.6598
5XCO_A_B,L,0.0,24,0.263,0.3435,-0.1432,-1.0836
5XCO_A_B,L,0.25,24,0.2891,0.3438,0.0537,-0.8547
5XCO_A_B,L,0.5,24,0.306,0.3452,0.2227,-0.7025
5XCO_A_B,L,1.0,24,0.3092,0.3446,0.3861,-0.6239
5XCO_A_B,L,2.0,24,0.2962,0.3441,0.5919,-0.5641
5XCO_A_B,random,0.0,24,0.263,0.3435,-0.1432,-1.0836
5XCO_A_B,random,0.25,24,0.2611,0.3438,-0.1679,-1.1491
5XCO_A_B,random,0.5,24,0.2604,0.3437,-0.214,-1.1814
5XCO_A_B,random,1.0,24,0.2311,0.3438,-0.3634,-1.4675
5XCO_A_B,random,2.0,24,0.1628,0.3438,-0.5836,-1.884
