setid,lane,complex_id,chain,wt,resnum,icode,mut,ddg_bind,ddg_bind_sd,ie_mut,ie_wt,n_ie_mut,n_ie_wt,n_used,n_dropped
1A22_A_B__A__A18A,A,1A22_A_B,A,H,18,,A,0.1271,0.1514,-33.031,-33.1581,5,5,1,0
1AK4_A_D__A__D86A,A,1AK4_A_D,D,V,86,,A,0.3475,0.0006,-10.4817,-10.8292,5,5,1,0
1B41_A_B__A__B34T,A,1B41_A_B,B,V,34,,T,1.5198,0.0412,-24.9686,-26.4884,5,5,1,0
1C4Z_ABC_D__A__D59A,A,1C4Z_ABC_D,D,P,59,,A,0.9205,0.0,-11.4534,-12.3739,5,5,1,0
1CHO_EFG_I__A__I15I,A,1CHO_EFG_I,I,L,15,,I,3.5536,0.0577,-12.9409,-16.4945,5,5,1,0
1CHO_EFG_I__A__I33Q,A,1CHO_EFG_I,I,N,33,,Q,0.4943,0.2111,-15.7755,-16.2697,5,5,1,0
1E50_A_B__A__A11A,A,1E50_A_B,A,N,11,,A,-0.5518,0.1736,-21.1865,-20.6347,5,5,1,0
1FSS_A_B__A__B27Y,A,1FSS_A_B,B,R,27,,Y,1.9903,0.8559,-15.9369,-17.9272,5,5,1,0
1JRH_LH_I__A__I41A,A,1JRH_LH_I,I,V,41,,A,1.6095,0.1693,-17.619,-19.2285,5,5,1,0
1JTG_A_B__A__B160A,A,1JTG_A_B,B,R,160,,A,1.4625,0.0381,-26.089,-27.5515,5,5,1,0
1MHP_HL_A__A__L30K,A,1MHP_HL_A,L,H,30,,K,-0.5092,0.8417,-13.2216,-12.7124,5,5,1,0
1PPF_E_I__A__I14E,A,1PPF_E_I,I,P,14,,E,-0.8981,0.0387,-19.8567,-18.9586,5,5,1,0
1PPF_E_I__A__I20K,A,1PPF_E_I,I,Y,20,,K,1.9062,0.1411,-17.0532,-18.9594,5,5,1,0
1R0R_E_I__A__I9Q,A,1R0R_E_I,I,P,9,,Q,0.4583,0.1815,-12.8199,-13.2782,5,5,1,0
1R0R_E_I__A__I15V,A,1R0R_E_I,I,Y,15,,V,0.7524,0.8864,-13.4348,-14.1873,5,5,1,0
1VFB_AB_C__A__B32A,A,1VFB_AB_C,B,Y,32,,A,-0.0607,0.3751,-15.9238,-15.8632,5,5,1,0
2AK4_ABC_DE__A__E94A,A,2AK4_ABC_DE,E,L,94,,A,1.8518,0.0002,-15.1102,-16.962,5,5,1,0
2HLE_A_B__A__A141Q,A,2HLE_A_B,A,K,141,,Q,2.3769,0.1525,-19.8279,-22.2048,5,5,1,0
2PCB_A_B__A__A193F,A,2PCB_A_B,A,A,193,,F,-0.3812,0.2952,-3.5453,-3.1641,5,5,1,0
3BN9_B_CD__A__D103S,A,3BN9_B_CD,D,Y,103,,S,1.225,0.0526,-19.4155,-20.6405,5,5,1,0
3G6D_LH_A__A__H105A,A,3G6D_LH_A,H,W,105,,A,2.3149,0.3068,-19.9111,-22.226,5,5,1,0
3M62_A_B__A__B45A,A,3M62_A_B,B,S,45,,A,1.4518,0.1189,-11.7273,-13.1791,5,5,1,0
3QDG_ABC_DE__A__E95W,A,3QDG_ABC_DE,E,L,95,,W,0.0982,0.0565,-15.7137,-15.8119,5,5,1,0
3S9D_A_B__A__B85A,A,3S9D_A_B,B,N,85,,A,-0.4024,0.0004,-23.0285,-22.6261,5,5,1,0
3SGB_E_I__A__I7F,A,3SGB_E_I,I,K,7,,F,-0.0341,0.0792,-12.4003,-12.3661,5,5,1,0
3SGB_E_I__A__I13M,A,3SGB_E_I,I,E,13,,M,-1.304,1.1336,-13.6418,-12.3378,5,5,1,0
3W2D_A_HL__A__A45L,A,3W2D_A_HL,A,Y,45,,L,1.3119,0.0727,-10.8451,-12.157,5,5,1,0
4J2L_A_CD__A__A118E,A,4J2L_A_CD,A,L,118,,E,2.108,0.3353,-34.9272,-37.0352,5,5,1,0
4P23_CD_AB__A__C68A,A,4P23_CD_AB,C,K,68,,A,0.0525,0.4289,-17.256,-17.3085,5,5,1,0
5E6P_A_B__A__A495E,A,5E6P_A_B,A,A,495,,E,3.4238,0.6433,-14.2904,-17.7142,5,5,1,0
1A22_A_B__A__A62A,A,1A22_A_B,A,S,62,,A,-0.4837,0.0354,-34.2736,-33.7899,5,5,1,0
1AK4_A_D__A__D91A,A,1AK4_A_D,D,I,91,,A,0.2855,0.0058,-10.5428,-10.8283,5,5,1,0
1BD2_ABC_DE__A__D30N,A,1BD2_ABC_DE,D,D,30,,N,1.331,0.5147,-17.0315,-18.3625,5,5,1,0
1C4Z_ABC_D__A__D97E,A,1C4Z_ABC_D,D,K,97,,E,0.7168,0.4491,-15.1256,-15.8424,5,5,1,0
1CHO_EFG_I__A__I15W,A,1CHO_EFG_I,I,L,15,,W,0.2304,0.6846,-16.0387,-16.2691,5,5,1,0
1CSE_E_I__A__I38I,A,1CSE_E_I,I,L,38,,I,2.5382,0.7146,-14.536,-17.0742,5,5,1,0
1E50_A_B__A__B62A,A,1E50_A_B,B,N,62,,A,2.1835,0.8831,-17.92,-20.1035,5,5,1,0
1FSS_A_B__A__B47F,A,1FSS_A_B,B,N,47,,F,-0.9009,0.0819,-18.3983,-17.4974,5,5,1,0
1JRH_LH_I__A__I72F,A,1JRH_LH_I,I,W,72,,F,0.7103,0.0315,-18.4624,-19.1727,5,5,1,0
1K8R_A_B__A__A40C,A,1K8R_A_B,A,Y,40,,C,2.2408,0.1015,-13.1066,-15.3474,5,5,1,0
1MI5_ABC_DE__A__D26A,A,1MI5_ABC_DE,D,S,26,,A,0.7812,0.0019,-20.3044,-21.0856,5,5,1,0
1PPF_E_I__A__I14R,A,1PPF_E_I,I,P,14,,R,-0.3635,0.0831,-19.3221,-18.9586,5,5,1,0
1PPF_E_I__A__I20W,A,1PPF_E_I,I,Y,20,,W,-1.2569,0.5307,-20.2637,-19.0068,5,5,1,0
1R0R_E_I__A__I10F,A,1R0R_E_I,I,A,10,,F,-0.5357,0.5329,-13.8668,-13.3311,5,5,1,0
1R0R_E_I__A__I16K,A,1R0R_E_I,I,R,16,,K,1.5962,0.1272,-12.1563,-13.7525,5,5,1,0
1VFB_AB_C__A__C19A,A,1VFB_AB_C,C,N,19,,A,0.4845,0.0036,-14.9478,-15.4324,5,5,1,0
2B0U_AB_C__A__C52A,A,2B0U_AB_C,C,F,52,,A,2.722,0.1038,-22.3937,-25.1158,5,5,1,0
2J0T_A_D__A__D4I,A,2J0T_A_D,D,V,4,,I,-0.4903,0.1181,-2.8408,-2.3504,5,5,1,0
2SGP_E_I__A__I13L,A,2SGP_E_I,I,P,13,,L,0.0293,0.3578,-4.2305,-4.2598,5,5,1,0
3BT1_A_U__A__U29A,A,3BT1_A_U,U,V,29,,A,1.517,0.0006,-21.8967,-23.4136,5,5,1,0
3HFM_HL_Y__A__H50L,A,3HFM_HL_Y,H,Y,50,,L,2.3491,0.469,-4.3997,-6.7489,5,5,1,0
3M63_A_B__A__A98A,A,3M63_A_B,A,R,98,,A,0.3702,0.5879,-9.8818,-10.252,5,5,1,0
3QDJ_ABC_DE__A__D28N,A,3QDJ_ABC_DE,D,G,28,,N,-1.6063,0.6091,-16.8624,-15.2561,5,5,1,0
3SE3_B_A__A__A140T,A,3SE3_B_A,A,N,140,,T,0.1217,0.0024,-26.2804,-26.4022,5,5,1,0
3SGB_E_I__A__I7S,A,3SGB_E_I,I,K,7,,S,0.6339,0.0268,-11.7357,-12.3696,5,5,1,0
3SGB_E_I__A__I14A,A,3SGB_E_I,I,Y,14,,A,1.8157,0.0338,-10.4769,-12.2926,5,5,1,0
4B0M_A_BM__A__M99S,A,4B0M_A_BM,M,P,99,,S,0.8779,0.2403,-28.2269,-29.1048,5,5,1,0
4JFF_ABC_DE__A__C1A,A,4JFF_ABC_DE,C,E,1,,A,1.3726,0.0277,-26.4051,-27.7777,5,5,1,0
4P5T_CD_AB__A__C56A,A,4P5T_CD_AB,C,D,56,,A,0.4272,1.1023,-19.9605,-20.3877,5,5,1,0
5F4E_A_B__A__A136A,A,5F4E_A_B,A,H,136,,A,1.2748,0.2794,-15.5032,-16.778,5,5,1,0
1A22_A_B__A__A63A,A,1A22_A_B,A,N,63,,A,-0.2013,0.0524,-34.0095,-33.8082,5,5,1,0
1AK4_A_D__A__D91V,A,1AK4_A_D,D,I,91,,V,0.0985,0.0,-10.7298,-10.8283,5,5,1,0
1BD2_ABC_DE__A__D93A,A,1BD2_ABC_DE,D,E,93,,A,1.4392,0.5458,-16.8948,-18.334,5,5,1,0
1CBW_FGH_I__A__I11A,A,1CBW_FGH_I,I,T,11,,A,0.2766,0.0046,-10.5248,-10.8014,5,5,1,0
1CHO_EFG_I__A__I15Y,A,1CHO_EFG_I,I,L,15,,Y,2.8919,1.0814,-13.8018,-16.6937,5,5,1,0
1CSE_E_I__A__I38P,A,1CSE_E_I,I,L,38,,P,4.5092,0.0945,-12.7021,-17.2113,5,5,1,0
1E50_A_B__A__B64A,A,1E50_A_B,B,S,64,,A,-0.7961,0.0009,-20.0293,-19.2332,5,5,1,0
1FSS_A_B__A__B47R,A,1FSS_A_B,B,N,47,,R,-1.5871,0.6098,-19.2568,-17.6697,5,5,1,0
1JRH_LH_I__A__I72Y,A,1JRH_LH_I,I,W,72,,Y,0.8002,0.0486,-18.3729,-19.1731,5,5,1,0
1K8R_A_B__A__A40F,A,1K8R_A_B,A,Y,40,,F,-0.3138,0.3336,-13.0249,-12.7111,5,5,1,0
1MI5_ABC_DE__A__D28A,A,1MI5_ABC_DE,D,T,28,,A,0.4515,0.0042,-20.6327,-21.0842,5,5,1,0
1PPF_E_I__A__I14S,A,1PPF_E_I,I,P,14,,S,0.3812,0.0328,-18.5774,-18.9586,5,5,1,0
1PPF_E_I__A__I21A,A,1PPF_E_I,I,R,21,,A,0.591,0.2149,-18.4314,-19.0224,5,5,1,0
1R0R_E_I__A__I10G,A,1R0R_E_I,I,A,10,,G,1.6492,0.0139,-11.6418,-13.291,5,5,1,0
1R0R_E_I__A__I16L,A,1R0R_E_I,I,R,16,,L,1.6378,0.2127,-12.1293,-13.7671,5,5,1,0
1VFB_AB_C__A__C24A,A,1VFB_AB_C,C,S,24,,A,0.4061,0.1739,-15.8947,-16.3008,5,5,1,0
2B0U_AB_C__A__C52E,A,2B0U_AB_C,C,F,52,,E,2.5577,0.8468,-23.1138,-25.6715,5,5,1,0
2J0T_A_D__A__D4K,A,2J0T_A_D,D,V,4,,K,-0.1486,0.4458,-2.4805,-2.3319,5,5,1,0
2SGQ_E_I__A__I13L,A,2SGQ_E_I,I,Q,13,,L,-2.7071,0.043,-14.1406,-11.4334,5,5,1,0
3BT1_A_U__A__U31A,A,3BT1_A_U,U,L,31,,A,0.548,0.0643,-22.8901,-23.4381,5,5,1,0
3HFM_HL_Y__A__H53A,A,3HFM_HL_Y,H,Y,53,,A,0.4701,0.0156,-4.9666,-5.4367,5,5,1,0
3M63_A_B__A__A102A,A,3M63_A_B,A,G,102,,A,0.9514,0.0,-8.6018,-9.5532,5,5,1,0
3QDJ_ABC_DE__A__D28P,A,3QDJ_ABC_DE,D,G,28,,P,-0.7883,0.3735,-15.9134,-15.1251,5,5,1,0
3SE3_B_A__A__A166A,A,3SE3_B_A,A,T,166,,A,1.3249,0.0,-25.0702,-26.3951,5,5,1,0
3SGB_E_I__A__I7T,A,3SGB_E_I,I,K,7,,T,0.1824,0.0292,-12.1598,-12.3422,5,5,1,0
3SGB_E_I__A__I14C,A,3SGB_E_I,I,Y,14,,C,2.1874,0.1402,-10.1656,-12.3531,5,5,1,0
4BFI_A_B__A__B29K,A,4BFI_A_B,B,L,29,,K,0.907,0.0358,-20.9683,-21.8753,5,5,1,0
4JFF_ABC_DE__A__C4A,A,4JFF_ABC_DE,C,G,4,,A,-0.999,0.0516,-28.6086,-27.6096,5,5,1,0
4P5T_CD_AB__A__C58A,A,4P5T_CD_AB,C,Q,58,,A,1.3169,0.8763,-18.695,-20.0119,5,5,1,0
5F4E_A_B__A__A139A,A,5F4E_A_B,A,R,139,,A,1.9616,0.298,-14.9328,-16.8945,5,5,1,0
1A22_A_B__A__A64A,A,1A22_A_B,A,R,64,,A,3.5742,0.2897,-29.5176,-33.0918,5,5,1,0
1AK4_A_D__A__D92G,A,1AK4_A_D,D,A,92,,G,1.0395,0.0008,-9.7888,-10.8283,5,5,1,0
1BD2_ABC_DE__A__E99A,A,1BD2_ABC_DE,E,Y,99,,A,0.5879,0.0404,-16.9079,-17.4958,5,5,1,0
1CBW_FGH_I__A__I12A,A,1CBW_FGH_I,I,G,12,,A,0.083,0.2245,-10.7595,-10.8424,5,5,1,0
1CHO_EFG_I__A__I16A,A,1CHO_EFG_I,I,E,16,,A,1.2504,0.6524,-15.4852,-16.7357,5,5,1,0
1CSE_E_I__A__I38S,A,1CSE_E_I,I,L,38,,S,3.1512,0.3216,-14.0477,-17.1989,5,5,1,0
1E50_A_B__A__B99A,A,1E50_A_B,B,N,99,,A,1.6778,0.257,-17.7222,-19.3999,5,5,1,0
1FSS_A_B__A__B47W,A,1FSS_A_B,B,N,47,,W,-0.3709,0.0952,-17.8683,-17.4974,5,5,1,0
1JRH_LH_I__A__I74A,A,1JRH_LH_I,I,R,74,,A,2.3836,0.0756,-16.7508,-19.1344,5,5,1,0
1K8R_A_B__A__A41A,A,1K8R_A_B,A,R,41,,A,-0.806,0.0108,-16.1373,-15.3313,5,5,1,0
1MI5_ABC_DE__A__D30A,A,1MI5_ABC_DE,D,Y,30,,A,3.1268,0.3645,-18.6644,-21.7912,5,5,1,0
1PPF_E_I__A__I14T,A,1PPF_E_I,I,P,14,,T,0.3907,0.0328,-18.5679,-18.9586,5,5,1,0
1PPF_E_I__A__I21C,A,1PPF_E_I,I,R,21,,C,-0.3969,0.2272,-19.4663,-19.0695,5,5,1,0
1R0R_E_I__A__I10H,A,1R0R_E_I,I,A,10,,H,4.1905,3.1513,-9.1359,-13.3264,5,5,1,0
1R0R_E_I__A__I16M,A,1R0R_E_I,I,R,16,,M,1.48,0.2065,-12.2871,-13.7671,5,5,1,0
1VFB_AB_C__A__C116A,A,1VFB_AB_C,C,K,116,,A,-0.2615,0.0895,-15.5543,-15.2928,5,5,1,0
2B10_A_B__A__B87F,A,2B10_A_B,B,S,87,,F,0.0409,0.5148,-6.1494,-6.1903,5,5,1,0
2J0T_A_D__A__D4S,A,2J0T_A_D,D,V,4,,S,0.0178,0.0398,-2.322,-2.3399,5,5,1,0
2SIC_E_I__A__I67A,A,2SIC_E_I,I,M,67,,A,1.2582,0.0375,-17.9282,-19.1864,5,5,1,0
3BT1_A_U__A__U33A,A,3BT1_A_U,U,E,33,,A,-0.3582,0.1224,-23.6547,-23.2965,5,5,1,0
3HFM_HL_Y__A__H53F,A,3HFM_HL_Y,H,Y,53,,F,0.2379,0.139,-5.1967,-5.4346,5,5,1,0
3M63_A_B__A__A103A,A,3M63_A_B,A,Y,103,,A,0.8237,0.2256,-8.9288,-9.7525,5,5,1,0
3QDJ_ABC_DE__A__D28Y,A,3QDJ_ABC_DE,D,G,28,,Y,4.7914,1.1713,-9.9701,-14.7615,5,5,1,0
3SE3_B_A__A__A167A,A,3SE3_B_A,A,S,167,,A,-0.1054,0.0205,-26.4922,-26.3868,5,5,1,0
3SGB_E_I__A__I7V,A,3SGB_E_I,I,K,7,,V,0.465,0.1624,-11.9184,-12.3834,5,5,1,0
3SGB_E_I__A__I14D,A,3SGB_E_I,I,Y,14,,D,0.907,0.0195,-11.3856,-12.2926,5,5,1,0
4BFI_A_B__A__B43A,A,4BFI_A_B,B,N,43,,A,2.776,0.1712,-19.7181,-22.4941,5,5,1,0
4JFF_ABC_DE__A__C7A,A,4JFF_ABC_DE,C,I,7,,A,0.0489,0.0376,-27.5749,-27.6238,5,5,1,0
4P5T_CD_AB__A__C61A,A,4P5T_CD_AB,C,L,61,,A,0.4495,0.1214,-20.21,-20.6594,5,5,1,0
5F4E_A_B__A__A139E,A,5F4E_A_B,A,R,139,,E,1.9938,0.7913,-14.5328,-16.5266,5,5,1,0
1A22_A_B__A__A64K,A,1A22_A_B,A,R,64,,K,2.0158,0.4222,-31.1036,-33.1193,5,5,1,0
1AK4_A_D__A__D92V,A,1AK4_A_D,D,A,92,,V,-1.023,0.0715,-11.865,-10.842,5,5,1,0
1BJ1_HL_VW__A__H31H,A,1BJ1_HL_VW,H,N,31,,H,-0.6828,0.2448,-20.9398,-20.2569,5,5,1,0
1CBW_FGH_I__A__I13A,A,1CBW_FGH_I,I,P,13,,A,0.3002,0.0495,-10.4787,-10.7788,5,5,1,0
1CHO_EFG_I__A__I16C,A,1CHO_EFG_I,I,E,16,,C,1.278,0.8386,-15.469,-16.747,5,5,1,0
1CSO_E_I__A__I13L,A,1CSO_E_I,I,I,13,,L,-0.2267,0.007,-10.8107,-10.584,5,5,1,0
1E96_A_B__A__A26H,A,1E96_A_B,A,N,26,,H,0.5352,0.127,-11.84,-12.3752,5,5,1,0
1GC1_G_C__A__C25A,A,1GC1_G_C,C,Q,25,,A,0.3959,0.5748,-10.6025,-10.9983,5,5,1,0
1JRH_LH_I__A__I88A,A,1JRH_LH_I,I,K,88,,A,0.4109,0.0,-18.7235,-19.1344,5,5,1,0
1K8R_A_B__A__B11A,A,1K8R_A_B,B,Q,11,,A,0.2175,0.0158,-15.1217,-15.3392,5,5,1,0
1MI5_ABC_DE__A__D47A,A,1MI5_ABC_DE,D,H,47,,A,0.688,0.0806,-21.0347,-21.7227,5,5,1,0
1PPF_E_I__A__I14V,A,1PPF_E_I,I,P,14,,V,0.0086,0.0315,-18.95,-18.9586,5,5,1,0
1PPF_E_I__A__I21D,A,1PPF_E_I,I,R,21,,D,0.4851,0.1661,-18.5535,-19.0386,5,5,1,0
1R0R_E_I__A__I10I,A,1R0R_E_I,I,A,10,,I,-2.4962,0.2724,-15.7872,-13.291,5,5,1,0
1R0R_E_I__A__I16N,A,1R0R_E_I,I,R,16,,N,1.2024,0.3267,-12.6709,-13.8733,5,5,1,0
1VFB_AB_C__A__C118A,A,1VFB_AB_C,C,T,118,,A,1.194,0.1429,-15.4236,-16.6176,5,5,1,0
2B11_A_B__A__B87F,A,2B11_A_B,B,W,87,,F,0.1422,0.0038,-8.0733,-8.2155,5,5,1,0
2J0T_A_D__A__D66A,A,2J0T_A_D,D,M,66,,A,0.1692,0.06,-2.1709,-2.3401,5,5,1,0
2SIC_E_I__A__I67D,A,2SIC_E_I,I,M,67,,D,2.0892,0.0804,-17.1212,-19.2104,5,5,1,0
3BT1_A_U__A__U36A,A,3BT1_A_U,U,E,36,,A,0.4552,0.0,-22.9588,-23.414,5,5,1,0
3HFM_HL_Y__A__H53L,A,3HFM_HL_Y,H,Y,53,,L,-0.3535,0.0579,-5.7841,-5.4306,5,5,1,0
3M63_A_B__A__A106A,A,3M63_A_B,A,V,106,,A,1.947,0.0007,-7.6063,-9.5533,5,5,1,0
3QDJ_ABC_DE__A__E52P,A,3QDJ_ABC_DE,E,A,52,,P,-0.5335,0.0097,-15.6815,-15.1481,5,5,1,0
3SE3_B_A__A__A223A,A,3SE3_B_A,A,F,223,,A,2.1582,0.2372,-24.3163,-26.4744,5,5,1,0
3SGB_E_I__A__I7W,A,3SGB_E_I,I,K,7,,W,-0.2384,0.0796,-12.6045,-12.3661,5,5,1,0
3SGB_E_I__A__I14E,A,3SGB_E_I,I,Y,14,,E,1.2703,0.0587,-11.0136,-12.2839,5,5,1,0
4BFI_A_B__A__B43D,A,4BFI_A_B,B,N,43,,D,2.1276,0.4481,-20.1744,-22.302,5,5,1,0
4JFF_ABC_DE__A__C8A,A,4JFF_ABC_DE,C,L,8,,A,0.9793,0.7727,-26.9842,-27.9635,5,5,1,0
4P5T_CD_AB__A__C62A,A,4P5T_CD_AB,C,Q,62,,A,0.6265,0.1354,-18.8355,-19.462,5,5,1,0
5F4E_A_B__A__B26A,A,5F4E_A_B,B,E,26,,A,1.5116,0.5545,-14.8879,-16.3995,5,5,1,0
1A22_A_B__A__A65A,A,1A22_A_B,A,E,65,,A,-0.0668,0.0603,-33.233,-33.1662,5,5,1,0
1AK4_A_D__A__D93A,A,1AK4_A_D,D,P,93,,A,1.1628,0.0368,-9.7268,-10.8897,5,5,1,0
1BJ1_HL_VW__A__H54A,A,1BJ1_HL_VW,H,Y,54,,A,1.4182,0.0335,-18.8279,-20.2461,5,5,1,0
1CBW_FGH_I__A__I15A,A,1CBW_FGH_I,I,K,15,,A,-0.4205,0.1518,-11.4208,-11.0003,5,5,1,0
1CHO_EFG_I__A__I16D,A,1CHO_EFG_I,I,E,16,,D,0.5256,0.1063,-15.7694,-16.295,5,5,1,0
1CT0_E_I__A__I13L,A,1CT0_E_I,I,S,13,,L,-3.0428,0.0295,-14.5192,-11.4764,5,5,1,0
1E96_A_B__A__A33N,A,1E96_A_B,A,I,33,,N,0.3286,0.0117,-12.068,-12.3966,5,5,1,0
1GC1_G_C__A__C27A,A,1GC1_G_C,C,H,27,,A,0.4918,0.0411,-10.6377,-11.1295,5,5,1,0
1JRH_LH_I__A__L27A,A,1JRH_LH_I,L,E,27,,A,2.9478,0.0,-16.1866,-19.1344,5,5,1,0
1K8R_A_B__A__B13A,A,1K8R_A_B,B,R,13,,A,4.1341,0.2725,-11.1572,-15.2913,5,5,1,0
1MI5_ABC_DE__A__D49A,A,1MI5_ABC_DE,D,L,49,,A,1.7554,0.1182,-19.5438,-21.2992,5,5,1,0
1PPF_E_I__A__I14W,A,1PPF_E_I,I,P,14,,W,-0.0678,0.0918,-19.0218,-18.954,5,5,1,0
1PPF_E_I__A__I21E,A,1PPF_E_I,I,R,21,,E,0.1234,0.2172,-18.899,-19.0224,5,5,1,0
1R0R_E_I__A__I10K,A,1R0R_E_I,I,A,10,,K,2.7722,0.4327,-10.5369,-13.3091,5,5,1,0
1R0R_E_I__A__I16P,A,1R0R_E_I,I,R,16,,P,2.333,0.129,-11.4858,-13.8188,5,5,1,0
1VFB_AB_C__A__C119A,A,1VFB_AB_C,C,D,119,,A,2.1101,0.0747,-13.1507,-15.2609,5,5,1,0
2B2X_HL_A__A__L52E,A,2B2X_HL_A,L,Y,52,,E,0.2647,0.0102,-12.4519,-12.7166,5,5,1,0
2J0T_A_D__A__D68A,A,2J0T_A_D,D,S,68,,A,0.0332,0.0,-2.3071,-2.3403,5,5,1,0
2SIC_E_I__A__I67E,A,2SIC_E_I,I,M,67,,E,1.9458,0.1452,-17.2593,-19.2051,5,5,1,0
3BT1_A_U__A__U38A,A,3BT1_A_U,U,L,38,,A,0.5982,0.0906,-22.8392,-23.4374,5,5,1,0
3HFM_HL_Y__A__H53W,A,3HFM_HL_Y,H,Y,53,,W,-0.6195,0.1675,-6.0581,-5.4386,5,5,1,0
3M63_A_B__A__A110A,A,3M63_A_B,A,I,110,,A,2.8652,0.2641,-6.9381,-9.8033,5,5,1,0
3QDJ_ABC_DE__A__E95W,A,3QDJ_ABC_DE,E,L,95,,W,0.009,0.2396,-15.1245,-15.1335,5,5,1,0
3SE3_B_A__A__A226A,A,3SE3_B_A,A,R,226,,A,3.28,0.68,-22.9593,-26.2392,5,5,1,0
3SGB_E_I__A__I7Y,A,3SGB_E_I,I,K,7,,Y,0.2082,0.2647,-12.1579,-12.3661,5,5,1,0
3SGB_E_I__A__I14F,A,3SGB_E_I,I,Y,14,,F,1.2894,0.1922,-11.0032,-12.2926,5,5,1,0
4BFI_A_B__A__B91A,A,4BFI_A_B,B,L,91,,A,0.5775,0.0173,-20.8038,-21.3813,5,5,1,0
4JFF_ABC_DE__A__C9A,A,4JFF_ABC_DE,C,T,9,,A,0.2732,0.0153,-27.3429,-27.6161,5,5,1,0
4P5T_CD_AB__A__C66A,A,4P5T_CD_AB,C,V,66,,A,1.6275,0.0042,-19.0308,-20.6583,5,5,1,0
5F4E_A_B__A__B26K,A,5F4E_A_B,B,E,26,,K,2.4469,0.6717,-14.1621,-16.609,5,5,1,0
1A22_A_B__A__A68A,A,1A22_A_B,A,Q,68,,A,3.1369,0.3217,-29.7484,-32.8853,5,5,1,0
1AO7_ABC_DE__A__A58A,A,1AO7_ABC_DE,A,E,58,,A,-0.0712,0.0135,-17.1162,-17.045,5,5,1,0
1BJ1_HL_VW__A__H54W,A,1BJ1_HL_VW,H,Y,54,,W,-0.1989,0.0333,-20.4346,-20.2357,5,5,1,0
1CBW_FGH_I__A__I15D,A,1CBW_FGH_I,I,K,15,,D,1.8596,0.1098,-9.1868,-11.0464,5,5,1,0
1CHO_EFG_I__A__I16F,A,1CHO_EFG_I,I,E,16,,F,0.6656,0.9053,-15.9764,-16.642,5,5,1,0
1CT2_E_I__A__I13L,A,1CT2_E_I,I,T,13,,L,-2.6859,0.0415,-14.1107,-11.4248,5,5,1,0
1EAW_A_B__A__A23A,A,1EAW_A_B,A,Q,23,,A,-0.3799,0.011,-10.5134,-10.1335,5,5,1,0
1GC1_G_C__A__C29A,A,1GC1_G_C,C,K,29,,A,1.4264,0.1783,-9.9967,-11.4231,5,5,1,0
1JRH_LH_I__A__L28A,A,1JRH_LH_I,L,D,28,,A,0.2615,0.0152,-18.8768,-19.1383,5,5,1,0
1K8R_A_B__A__B31A,A,1K8R_A_B,B,K,31,,A,1.4325,0.0595,-11.5471,-12.9796,5,5,1,0
1MI5_ABC_DE__A__D50A,A,1MI5_ABC_DE,D,T,50,,A,0.9159,0.3848,-20.4196,-21.3354,5,5,1,0
1PPF_E_I__A__I14Y,A,1PPF_E_I,I,P,14,,Y,-0.6903,0.0907,-19.6489,-18.9586,5,5,1,0
1PPF_E_I__A__I21F,A,1PPF_E_I,I,R,21,,F,-1.5777,0.1663,-20.6005,-19.0228,5,5,1,0
1R0R_E_I__A__I10L,A,1R0R_E_I,I,A,10,,L,-0.9124,1.5331,-14.2409,-13.3285,5,5,1,0
1R0R_E_I__A__I16Q,A,1R0R_E_I,I,R,16,,Q,1.213,0.1884,-12.511,-13.7241,5,5,1,0
1VFB_AB_C__A__C120A,A,1VFB_AB_C,C,V,120,,A,0.4779,0.0004,-14.8973,-15.3752,5,5,1,0
2B42_A_B__A__A357A,A,2B42_A_B,A,H,357,,A,2.521,0.3238,-18.627,-21.1481,5,5,1,0
2J0T_A_D__A__D68E,A,2J0T_A_D,D,S,68,,E,0.767,1.3408,-1.5738,-2.3408,5,5,1,0
2SIC_E_I__A__I67G,A,2SIC_E_I,I,M,67,,G,2.2345,0.0375,-16.9519,-19.1864,5,5,1,0
3BT1_A_U__A__U40A,A,3BT1_A_U,U,L,40,,A,1.1409,0.1986,-22.2028,-23.3437,5,5,1,0
3HFM_HL_Y__A__H58A,A,3HFM_HL_Y,H,Y,58,,A,0.2837,0.1163,-6.4262,-6.7099,5,5,1,0
3M63_A_B__A__A113A,A,3M63_A_B,A,F,113,,A,2.047,0.1318,-7.6993,-9.7463,5,5,1,0
3QDJ_ABC_DE__A__E97W,A,3QDJ_ABC_DE,E,F,97,,W,2.908,1.7711,-12.0253,-14.9333,5,5,1,0
3SE3_B_A__A__A230A,A,3SE3_B_A,A,N,230,,A,0.0,0.0,-26.3951,-26.3951,5,5,1,0
3SGB_E_I__A__I8A,A,3SGB_E_I,I,P,8,,A,0.3347,0.2474,-11.6916,-12.0263,5,5,1,0
3SGB_E_I__A__I14G,A,3SGB_E_I,I,Y,14,,G,2.7873,0.1251,-9.5658,-12.3531,5,5,1,0
4BFI_A_B__A__B93K,A,4BFI_A_B,B,N,93,,K,0.4068,0.3937,-20.9091,-21.3159,5,5,1,0
4JGH_ABC_D__A__D44A,A,4JGH_ABC_D,D,W,44,,A,1.8613,0.3332,-19.8607,-21.722,5,5,1,0
4P5T_CD_AB__A__C69A,A,4P5T_CD_AB,C,H,69,,A,0.8691,0.0477,-19.746,-20.615,5,5,1,0
5F4E_A_B__A__B43A,A,5F4E_A_B,B,W,43,,A,2.285,0.0742,-13.414,-15.699,5,5,1,0
1A22_A_B__A__A153A,A,1A22_A_B,A,Y,153,,A,1.1201,0.2813,-32.5174,-33.6376,5,5,1,0
1AO7_ABC_DE__A__A65A,A,1AO7_ABC_DE,A,R,65,,A,2.0322,0.2846,-15.2002,-17.2324,5,5,1,0
1BJ1_HL_VW__A__H59A,A,1BJ1_HL_VW,H,T,59,,A,0.0697,0.1633,-20.2822,-20.3518,5,5,1,0
1CBW_FGH_I__A__I15E,A,1CBW_FGH_I,I,K,15,,E,1.8922,0.1534,-9.0935,-10.9856,5,5,1,0
1CHO_EFG_I__A__I16G,A,1CHO_EFG_I,I,E,16,,G,2.2524,0.7323,-14.4442,-16.6966,5,5,1,0
1CT4_E_I__A__I13L,A,1CT4_E_I,I,V,13,,L,0.0632,0.0858,-14.6218,-14.685,5,5,1,0
1EAW_A_B__A__A26A,A,1EAW_A_B,A,I,26,,A,0.2715,0.0509,-9.8453,-10.1168,5,5,1,0
1GC1_G_C__A__C32A,A,1GC1_G_C,C,N,32,,A,0.1838,0.0,-10.9457,-11.1295,5,5,1,0
1JRH_LH_I__A__L30A,A,1JRH_LH_I,L,Y,30,,A,0.9081,0.0891,-18.2509,-19.1591,5,5,1,0
1K8R_A_B__A__B77A,A,1K8R_A_B,B,R,77,,A,4.0811,0.5112,-8.7908,-12.8719,5,5,1,0
1MI5_ABC_DE__A__D51A,A,1MI5_ABC_DE,D,S,51,,A,-0.0935,0.0005,-21.1797,-21.0862,5,5,1,0
1PPF_E_I__A__I15C,A,1PPF_E_I,I,A,15,,C,-0.247,0.0088,-19.2056,-18.9586,5,5,1,0
1PPF_E_I__A__I21G,A,1PPF_E_I,I,R,21,,G,0.5935,0.2014,-18.4546,-19.0481,5,5,1,0
1R0R_E_I__A__I10M,A,1R0R_E_I,I,A,10,,M,-0.9022,0.6082,-14.2168,-13.3146,5,5,1,0
1R0R_E_I__A__I16S,A,1R0R_E_I,I,R,16,,S,1.4498,0.1429,-12.3691,-13.8188,5,5,1,0
1VFB_AB_C__A__C121A,A,1VFB_AB_C,C,Q,121,,A,4.4826,0.3323,-11.4998,-15.9824,5,5,1,0
2B42_A_B__A__A357K,A,2B42_A_B,A,H,357,,K,1.1368,1.0501,-19.8471,-20.9838,5,5,1,0
2J0T_A_D__A__D68R,A,2J0T_A_D,D,S,68,,R,0.4174,0.5778,-1.8739,-2.2913,5,5,1,0
2SIC_E_I__A__I67H,A,2SIC_E_I,I,M,67,,H,2.9679,1.1074,-16.2185,-19.1864,5,5,1,0
3BT1_A_U__A__U42A,A,3BT1_A_U,U,E,42,,A,0.2184,0.0,-23.1956,-23.414,5,5,1,0
3HFM_HL_Y__A__H58F,A,3HFM_HL_Y,H,Y,58,,F,0.1425,0.4638,-6.542,-6.6845,5,5,1,0
3MZG_A_B__A__A14A,A,3MZG_A_B,A,H,14,,A,1.229,0.0385,-23.9058,-25.1348,5,5,1,0
3QDJ_ABC_DE__A__E97Y,A,3QDJ_ABC_DE,E,F,97,,Y,1.2543,0.2458,-13.7332,-14.9875,5,5,1,0
3SE4_B_A__A__A55A,A,3SE4_B_A,A,Y,55,,A,1.3892,0.1135,-22.989,-24.3782,5,5,1,0
3SGB_E_I__A__I8C,A,3SGB_E_I,I,P,8,,C,0.2163,0.033,-12.1377,-12.3541,5,5,1,0
3SGB_E_I__A__I14H,A,3SGB_E_I,I,Y,14,,H,0.7257,0.0652,-11.5669,-12.2926,5,5,1,0
4BFI_A_B__A__B95A,A,4BFI_A_B,B,F,95,,A,2.8824,0.0593,-18.8667,-21.7492,5,5,1,0
4JPK_HL_A__A__A30N,A,4JPK_HL_A,A,V,30,,N,0.453,0.0096,-16.7324,-17.1854,5,5,1,0
4P5T_CD_AB__A__D2A,A,4P5T_CD_AB,D,E,2,,A,1.6963,0.8427,-19.2598,-20.9561,5,5,1,0
5F4E_A_B__A__B62A,A,5F4E_A_B,B,L,62,,A,2.6214,0.3269,-15.1124,-17.7338,5,5,1,0
1A22_A_B__A__A156A,A,1A22_A_B,A,R,156,,A,1.202,0.374,-31.0063,-32.2083,5,5,1,0
1AO7_ABC_DE__A__A66A,A,1AO7_ABC_DE,A,K,66,,A,0.9558,0.2163,-16.1602,-17.116,5,5,1,0
1BJ1_HL_VW__A__H99A,A,1BJ1_HL_VW,H,Y,99,,A,1.7162,0.0379,-18.4865,-20.2027,5,5,1,0
1CBW_FGH_I__A__I15F,A,1CBW_FGH_I,I,K,15,,F,-2.9755,0.1652,-13.9053,-10.9298,5,5,1,0
1CHO_EFG_I__A__I16H,A,1CHO_EFG_I,I,E,16,,H,0.8138,0.6407,-15.9648,-16.7786,5,5,1,0
1DAN_HL_UT__A__H125A,A,1DAN_HL_UT,H,R,125,,A,0.18,0.0969,-27.316,-27.4961,5,5,1,0
1EAW_A_B__A__A47A,A,1EAW_A_B,A,D,47,,A,2.3612,0.5865,-8.4053,-10.7665,5,5,1,0
1GC1_G_C__A__C33A,A,1GC1_G_C,C,Q,33,,A,0.2425,0.6043,-10.7799,-11.0224,5,5,1,0
1JRH_LH_I__A__L92A,A,1JRH_LH_I,L,W,92,,A,1.851,0.0274,-17.3208,-19.1718,5,5,1,0
1KAC_A_B__A__A15S,A,1KAC_A_B,A,P,15,,S,0.277,0.173,-9.7515,-10.0285,5,5,1,0
1MI5_ABC_DE__A__D90A,A,1MI5_ABC_DE,D,L,90,,A,1.2182,0.2521,-20.0507,-21.2689,5,5,1,0
1PPF_E_I__A__I15D,A,1PPF_E_I,I,A,15,,D,0.6739,0.227,-18.2812,-18.955,5,5,1,0
1PPF_E_I__A__I21H,A,1PPF_E_I,I,R,21,,H,-0.2299,0.1198,-19.1634,-18.9334,5,5,1,0
1R0R_E_I__A__I10N,A,1R0R_E_I,I,A,10,,N,1.6776,0.3537,-11.6178,-13.2953,5,5,1,0
1R0R_E_I__A__I16T,A,1R0R_E_I,I,R,16,,T,0.7801,0.4125,-13.0258,-13.8059,5,5,1,0
1VFB_AB_C__A__C124A,A,1VFB_AB_C,C,I,124,,A,0.6654,0.5136,-14.8169,-15.4823,5,5,1,0
2B42_A_B__A__A357Q,A,2B42_A_B,A,H,357,,Q,1.1932,1.1843,-19.6023,-20.7956,5,5,1,0
2J0T_A_D__A__D68Y,A,2J0T_A_D,D,S,68,,Y,0.6197,0.2842,-1.7108,-2.3305,5,5,1,0
2SIC_E_I__A__I67I,A,2SIC_E_I,I,M,67,,I,2.646,0.5544,-16.5528,-19.1988,5,5,1,0
3BT1_A_U__A__U50A,A,3BT1_A_U,U,K,50,,A,1.3117,0.1824,-21.9743,-23.2859,5,5,1,0
3HFM_HL_Y__A__H58L,A,3HFM_HL_Y,H,Y,58,,L,0.4553,0.1218,-6.2928,-6.7481,5,5,1,0
3MZG_A_B__A__A17A,A,3MZG_A_B,A,H,17,,A,1.1024,0.3623,-24.1026,-25.2051,5,5,1,0
3QDJ_ABC_DE__A__E99F,A,3QDJ_ABC_DE,E,T,99,,F,0.3061,1.4918,-14.8619,-15.1679,5,5,1,0
3SE4_B_A__A__A116A,A,3SE4_B_A,A,L,116,,A,0.8623,0.2936,-23.0817,-23.9439,5,5,1,0
3SGB_E_I__A__I8D,A,3SGB_E_I,I,P,8,,D,0.492,0.0625,-11.8622,-12.3542,5,5,1,0
3SGB_E_I__A__I14I,A,3SGB_E_I,I,Y,14,,I,2.0797,0.5266,-10.2725,-12.3522,5,5,1,0
4BFI_A_B__A__B95D,A,4BFI_A_B,B,F,95,,D,3.5412,0.1019,-18.1672,-21.7084,5,5,1,0
4JPK_HL_A__A__A81T,A,4JPK_HL_A,A,R,81,,T,1.797,0.4136,-15.4648,-17.2617,5,5,1,0
4P5T_CD_AB__A__D4A,A,4P5T_CD_AB,D,Q,4,,A,1.886,0.8043,-18.993,-20.879,5,5,1,0
5F4E_A_B__A__B139A,A,5F4E_A_B,B,K,139,,A,0.0308,0.0828,-15.334,-15.3648,5,5,1,0
1A22_A_B__A__A157A,A,1A22_A_B,A,K,157,,A,2.0866,1.1845,-30.7628,-32.8494,5,5,1,0
1AO7_ABC_DE__A__A69G,A,1AO7_ABC_DE,A,A,69,,G,0.9616,0.226,-16.2234,-17.1851,5,5,1,0
1BJ1_HL_VW__A__H101Y,A,1BJ1_HL_VW,H,H,101,,Y,-1.2821,0.6474,-21.998,-20.716,5,5,1,0
1CBW_FGH_I__A__I15G,A,1CBW_FGH_I,I,K,15,,G,0.5323,0.1515,-10.5259,-11.0582,5,5,1,0
1CHO_EFG_I__A__I16I,A,1CHO_EFG_I,I,E,16,,I,0.7661,0.7649,-15.7601,-16.5262,5,5,1,0
1DAN_HL_UT__A__H154A,A,1DAN_HL_UT,H,M,154,,A,1.9387,0.1359,-25.4694,-27.4082,5,5,1,0
1EAW_A_B__A__A48A,A,1EAW_A_B,A,R,48,,A,0.1834,0.6042,-10.6935,-10.8769,5,5,1,0
1GC1_G_C__A__C35A,A,1GC1_G_C,C,K,35,,A,0.0633,0.0025,-11.0662,-11.1295,5,5,1,0
1JRH_LH_I__A__L93A,A,1JRH_LH_I,L,S,93,,A,-0.4149,0.1528,-19.7578,-19.3429,5,5,1,0
1KAC_A_B__A__A87Y,A,1KAC_A_B,A,S,87,,Y,-2.6865,0.8681,-12.2305,-9.5441,5,5,1,0
1MI5_ABC_DE__A__D92A,A,1MI5_ABC_DE,D,G,92,,A,0.2013,0.0424,-20.9519,-21.1532,5,5,1,0
1PPF_E_I__A__I15E,A,1PPF_E_I,I,A,15,,E,-0.8558,0.0334,-19.796,-18.9402,5,5,1,0
1PPF_E_I__A__I21I,A,1PPF_E_I,I,R,21,,I,-0.4119,0.2446,-19.5536,-19.1417,5,5,1,0
1R0R_E_I__A__I10P,A,1R0R_E_I,I,A,10,,P,1.1987,0.7872,-12.0924,-13.291,5,5,1,0
1R0R_E_I__A__I16V,A,1R0R_E_I,I,R,16,,V,1.462,0.1396,-12.3034,-13.7654,5,5,1,0
1VFB_AB_C__A__C125A,A,1VFB_AB_C,C,R,125,,A,2.2951,0.2057,-13.2766,-15.5718,5,5,1,0
2BDN_HL_A__A__H31E,A,2BDN_HL_A,H,D,31,,E,0.7664,0.0218,-12.4436,-13.21,5,5,1,0
2J0T_A_D__A__D69I,A,2J0T_A_D,D,V,69,,I,-0.015,0.0113,-2.3547,-2.3397,5,5,1,0
2SIC_E_I__A__I67K,A,2SIC_E_I,I,M,67,,K,0.8575,0.0556,-18.3453,-19.2027,5,5,1,0
3BT1_A_U__A__U53A,A,3BT1_A_U,U,R,53,,A,2.0896,0.0051,-21.3197,-23.4093,5,5,1,0
3HFM_HL_Y__A__H98A,A,3HFM_HL_Y,H,W,98,,A,0.9028,0.0295,-4.6788,-5.5816,5,5,1,0
3MZG_A_B__A__A160A,A,3MZG_A_B,A,H,160,,A,0.5884,0.7174,-26.7585,-27.3469,5,5,1,0
3QFJ_ABC_DE__A__C5Y,A,3QFJ_ABC_DE,C,F,5,,Y,1.4637,0.4847,-18.8214,-20.2851,5,5,1,0
3SE4_B_A__A__A117A,A,3SE4_B_A,A,D,117,,A,1.7118,0.6544,-23.0629,-24.7747,5,5,1,0
3SGB_E_I__A__I8E,A,3SGB_E_I,I,P,8,,E,-0.0658,0.2565,-12.0751,-12.0093,5,5,1,0
3SGB_E_I__A__I14K,A,3SGB_E_I,I,Y,14,,K,1.9304,0.0549,-10.3393,-12.2697,5,5,1,0
4BFI_A_B__A__B99E,A,4BFI_A_B,B,K,99,,E,2.2164,0.2488,-19.0288,-21.2452,5,5,1,0
4JPK_HL_A__A__A141R,A,4JPK_HL_A,A,D,141,,R,3.2094,0.0823,-13.9822,-17.1916,5,5,1,0
4P5T_CD_AB__A__D5A,A,4P5T_CD_AB,D,K,5,,A,-1.0693,0.7994,-21.3446,-20.2753,5,5,1,0
5F4E_A_B__A__B139E,A,5F4E_A_B,B,K,139,,E,0.5496,0.1585,-14.8439,-15.3935,5,5,1,0
1A22_A_B__A__A160A,A,1A22_A_B,A,D,160,,A,3.329,0.4769,-30.1094,-33.4384,5,5,1,0
1AO7_ABC_DE__A__A72A,A,1AO7_ABC_DE,A,Q,72,,A,0.2632,0.2441,-16.9228,-17.186,5,5,1,0
1BP3_A_B__A__A18A,A,1BP3_A_B,A,H,18,,A,2.2813,0.0,-20.1305,-22.4118,5,5,1,0
1CBW_FGH_I__A__I15H,A,1CBW_FGH_I,I,K,15,,H,-0.6927,0.176,-11.7022,-11.0095,5,5,1,0
1CHO_EFG_I__A__I16K,A,1CHO_EFG_I,I,E,16,,K,-0.9719,0.139,-17.0193,-16.0473,5,5,1,0
1DAN_HL_UT__A__T12A,A,1DAN_HL_UT,T,T,12,,A,0.4324,0.0,-26.5555,-26.9879,5,5,1,0
1EAW_A_B__A__A50A,A,1EAW_A_B,A,F,50,,A,-0.6154,0.4989,-10.729,-10.1136,5,5,1,0
1GC1_G_C__A__C40A,A,1GC1_G_C,C,Q,40,,A,0.4993,0.4754,-11.0625,-11.5618,5,5,1,0
1JRH_LH_I__A__L94A,A,1JRH_LH_I,L,T,94,,A,0.5143,0.2869,-18.7925,-19.3068,5,5,1,0
1KBH_A_B__A__A896W,A,1KBH_A_B,A,Q,896,,W,,,,,0,0,0,0
1MI5_ABC_DE__A__D93A,A,1MI5_ABC_DE,D,G,93,,A,0.8557,0.0458,-20.2322,-21.0879,5,5,1,0
1PPF_E_I__A__I15F,A,1PPF_E_I,I,A,15,,F,-0.0929,0.0685,-19.0464,-18.9535,5,5,1,0
1PPF_E_I__A__I21K,A,1PPF_E_I,I,R,21,,K,-0.3343,0.0876,-19.2669,-18.9326,5,5,1,0
1R0R_E_I__A__I10Q,A,1R0R_E_I,I,A,10,,Q,0.9499,0.8703,-12.3341,-13.284,5,5,1,0
1R0R_E_I__A__I16W,A,1R0R_E_I,I,R,16,,W,1.137,0.4653,-12.53,-13.667,5,5,1,0
1VFB_AB_C__A__C129A,A,1VFB_AB_C,C,L,129,,A,-0.5793,0.0665,-15.957,-15.3777,5,5,1,0
2BDN_HL_A__A__L30K,A,2BDN_HL_A,L,Y,30,,K,-0.8336,0.1257,-14.0485,-13.215,5,5,1,0
2J0T_A_D__A__D69T,A,2J0T_A_D,D,V,69,,T,0.3175,0.0064,-2.0228,-2.3403,5,5,1,0
2SIC_E_I__A__I67L,A,2SIC_E_I,I,M,67,,L,-0.6015,0.0421,-19.7879,-19.1864,5,5,1,0
3BT1_A_U__A__U55A,A,3BT1_A_U,U,L,55,,A,0.7051,0.0737,-22.8236,-23.5287,5,5,1,0
3HFM_HL_Y__A__H98F,A,3HFM_HL_Y,H,W,98,,F,0.0811,0.465,-5.4661,-5.5473,5,5,1,0
3MZG_A_B__A__A167A,A,3MZG_A_B,A,H,167,,A,1.8052,0.0663,-23.3993,-25.2046,5,5,1,0
3QHY_A_B__A__B10A,A,3QHY_A_B,B,N,10,,A,0.553,0.0764,-15.7096,-16.2626,5,5,1,0
3SE4_B_A__A__A120A,A,3SE4_B_A,A,S,120,,A,-0.0232,0.0664,-24.8618,-24.8386,5,5,1,0
3SGB_E_I__A__I8F,A,3SGB_E_I,I,P,8,,F,0.1385,0.2483,-11.8878,-12.0263,5,5,1,0
3SGB_E_I__A__I14L,A,3SGB_E_I,I,Y,14,,L,1.2241,0.1396,-11.1289,-12.3531,5,5,1,0
4CPA_A_I__A__I35G,A,4CPA_A_I,I,P,35,,G,1.056,0.0326,-3.0648,-4.1207,5,5,1,0
4JPK_HL_A__A__A144I,A,4JPK_HL_A,A,F,144,,I,0.2116,0.0052,-16.9327,-17.1443,5,5,1,0
4P5T_CD_AB__A__D7A,A,4P5T_CD_AB,D,K,7,,A,1.7588,0.7942,-19.7566,-21.5154,5,5,1,0
5K39_A_B__A__B108A,A,5K39_A_B,B,M,108,,A,1.4035,0.1613,-29.3809,-30.7844,5,5,1,0
1A22_A_B__A__A21A,A,1A22_A_B,A,H,21,,A,-0.1385,0.0583,-33.3312,-33.1928,5,5,1,0
1AK4_A_D__A__D87A,A,1AK4_A_D,D,H,87,,A,-0.1313,0.1805,-11.7915,-11.6603,5,5,1,0
1B41_A_B__A__B35W,A,1B41_A_B,B,L,35,,W,0.4532,0.6791,-26.6857,-27.139,5,5,1,0
1C4Z_ABC_D__A__D60A,A,1C4Z_ABC_D,D,F,60,,A,2.8247,0.0202,-9.7405,-12.5652,5,5,1,0
1CHO_EFG_I__A__I15K,A,1CHO_EFG_I,I,L,15,,K,1.5656,0.2358,-14.9561,-16.5217,5,5,1,0
1CHO_EFG_I__A__I33R,A,1CHO_EFG_I,I,N,33,,R,-0.1894,0.6232,-16.3951,-16.2057,5,5,1,0
1E50_A_B__A__A48A,A,1E50_A_B,A,M,48,,A,0.7613,0.1127,-18.0513,-18.8127,5,5,1,0
1FSS_A_B__A__B29K,A,1FSS_A_B,B,H,29,,K,0.1266,0.1793,-17.4272,-17.5538,5,5,1,0
1JRH_LH_I__A__I42A,A,1JRH_LH_I,I,K,42,,A,1.8662,0.0825,-17.205,-19.0712,5,5,1,0
1JTG_A_B__A__B162A,A,1JTG_A_B,B,W,162,,A,2.6328,0.1069,-26.1579,-28.7907,5,5,1,0
1MHP_HL_A__A__L30R,A,1MHP_HL_A,L,H,30,,R,-2.205,0.7937,-14.6599,-12.4549,5,5,1,0
1PPF_E_I__A__I14F,A,1PPF_E_I,I,P,14,,F,-1.337,0.034,-20.2956,-18.9586,5,5,1,0
1PPF_E_I__A__I20L,A,1PPF_E_I,I,Y,20,,L,-0.0291,0.3269,-18.9713,-18.9422,5,5,1,0
1R0R_E_I__A__I9R,A,1R0R_E_I,I,P,9,,R,0.4838,0.0803,-12.7944,-13.2782,5,5,1,0
1R0R_E_I__A__I15W,A,1R0R_E_I,I,Y,15,,W,-0.0729,0.034,-13.3889,-13.3159,5,5,1,0
1VFB_AB_C__A__B32E,A,1VFB_AB_C,B,Y,32,,E,-0.4451,0.4311,-16.2876,-15.8425,5,5,1,0
2AK4_ABC_DE__A__E97A,A,2AK4_ABC_DE,E,E,97,,A,0.1293,0.0167,-16.7751,-16.9044,5,5,1,0
2HRK_A_B__A__A108V,A,2HRK_A_B,A,T,108,,V,-1.3024,0.1702,-15.649,-14.3466,5,5,1,0
2PCB_A_B__A__A290N,A,2PCB_A_B,A,E,290,,N,0.9931,0.1993,-1.4549,-2.448,5,5,1,0
3BN9_B_CD__A__D105V,A,3BN9_B_CD,D,Q,105,,V,0.8727,0.0641,-19.7774,-20.6501,5,5,1,0
3HFM_HL_Y__A__H31A,A,3HFM_HL_Y,H,S,31,,A,-1.0797,0.1531,-6.5201,-5.4404,5,5,1,0
3M62_A_B__A__B48A,A,3M62_A_B,B,V,48,,A,1.2755,0.2672,-11.6776,-12.9531,5,5,1,0
3QDG_ABC_DE__A__E97W,A,3QDG_ABC_DE,E,F,97,,W,2.2048,1.1429,-13.6783,-15.8831,5,5,1,0
3S9D_A_B__A__B87A,A,3S9D_A_B,B,W,87,,A,3.3125,0.3907,-20.3059,-23.6185,5,5,1,0
3SGB_E_I__A__I7G,A,3SGB_E_I,I,K,7,,G,0.6887,0.1487,-11.6775,-12.3661,5,5,1,0
3SGB_E_I__A__I13N,A,3SGB_E_I,I,E,13,,N,0.7655,1.0354,-11.5619,-12.3274,5,5,1,0
3W2D_A_HL__A__A67N,A,3W2D_A_HL,A,K,67,,N,2.5718,0.2061,-9.7275,-12.2993,5,5,1,0
4J2L_A_CD__A__C17A,A,4J2L_A_CD,C,W,17,,A,3.7969,0.6691,-34.0774,-37.8743,5,5,1,0
4P23_CD_AB__A__C69A,A,4P23_CD_AB,C,H,69,,A,0.3247,0.2317,-17.3383,-17.663,5,5,1,0
5E6P_A_B__A__B22A,A,5E6P_A_B,B,I,22,,A,1.9283,0.0746,-15.9178,-17.8461,5,5,1,0
1A22_A_B__A__A161A,A,1A22_A_B,A,K,161,,A,0.8296,0.1675,-32.3647,-33.1943,5,5,1,0
1AO7_ABC_DE__A__A149G,A,1AO7_ABC_DE,A,A,149,,G,-0.0207,0.2091,-18.0621,-18.0415,5,5,1,0
1BP3_A_B__A__A21A,A,1BP3_A_B,A,H,21,,A,1.4215,0.1349,-21.0597,-22.4812,5,5,1,0
1CBW_FGH_I__A__I15I,A,1CBW_FGH_I,I,K,15,,I,-0.0265,0.6495,-11.1028,-11.0763,5,5,1,0
1CHO_EFG_I__A__I16L,A,1CHO_EFG_I,I,E,16,,L,0.8992,0.2842,-15.3832,-16.2824,5,5,1,0
1DAN_HL_UT__A__T13A,A,1DAN_HL_UT,T,N,13,,A,-0.3702,0.0527,-26.7277,-26.3575,5,5,1,0
1EAW_A_B__A__A52A,A,1EAW_A_B,A,Y,52,,A,-0.3968,1.6008,-12.323,-11.9262,5,5,1,0
1GC1_G_C__A__C42A,A,1GC1_G_C,C,S,42,,A,-1.4922,0.0,-12.6217,-11.1295,5,5,1,0
1JTD_A_B__A__A73A,A,1JTD_A_B,A,Q,73,,A,1.7658,0.0254,-15.8938,-17.6596,5,5,1,0
1KIQ_AB_C__A__B101Y,A,1KIQ_AB_C,B,F,101,,Y,1.2778,0.1572,-13.2262,-14.5041,5,5,1,0
1MI5_ABC_DE__A__D94A,A,1MI5_ABC_DE,D,T,94,,A,0.5203,0.0724,-20.5752,-21.0955,5,5,1,0
1PPF_E_I__A__I15G,A,1PPF_E_I,I,A,15,,G,0.9195,0.1221,-17.9754,-18.8949,5,5,1,0
1PPF_E_I__A__I21L,A,1PPF_E_I,I,R,21,,L,-0.777,0.187,-19.7915,-19.0146,5,5,1,0
1R0R_E_I__A__I10R,A,1R0R_E_I,I,A,10,,R,3.2082,0.4802,-10.0873,-13.2954,5,5,1,0
1R0R_E_I__A__I16Y,A,1R0R_E_I,I,R,16,,Y,1.4698,0.18,-12.2973,-13.7671,5,5,1,0
1X1X_A_D__A__D76E,A,1X1X_A_D,D,A,76,,E,-0.8427,0.489,-13.8163,-12.9736,5,5,1,0
2BNR_ABC_DE__A__A43A,A,2BNR_ABC_DE,A,Q,43,,A,0.1901,0.6891,-22.2286,-22.4187,5,5,1,0
2J0T_A_D__A__D70S,A,2J0T_A_D,D,C,70,,S,0.2095,0.0015,-2.1309,-2.3404,5,5,1,0
2SIC_E_I__A__I67R,A,2SIC_E_I,I,M,67,,R,-0.9305,0.5379,-20.1413,-19.2108,5,5,1,0
3BT1_A_U__A__U62A,A,3BT1_A_U,U,K,62,,A,-0.629,0.1512,-24.108,-23.479,5,5,1,0
3HFM_HL_Y__A__L31A,A,3HFM_HL_Y,L,N,31,,A,0.329,0.2536,-5.1555,-5.4845,5,5,1,0
3MZG_A_B__A__B188A,A,3MZG_A_B,B,H,188,,A,2.4442,0.0862,-23.3399,-25.7841,5,5,1,0
3QHY_A_B__A__B12A,A,3QHY_A_B,B,D,12,,A,1.0351,0.4896,-15.1797,-16.2148,5,5,1,0
3SE4_B_A__A__A140T,A,3SE4_B_A,A,N,140,,T,-0.0858,0.2514,-24.2505,-24.1647,5,5,1,0
3SGB_E_I__A__I8G,A,3SGB_E_I,I,P,8,,G,0.3178,0.2474,-11.7085,-12.0263,5,5,1,0
3SGB_E_I__A__I14M,A,3SGB_E_I,I,Y,14,,M,0.9619,0.1139,-11.3776,-12.3394,5,5,1,0
4CPA_A_I__A__I36F,A,4CPA_A_I,I,Y,36,,F,0.3915,0.0103,-3.5945,-3.986,5,5,1,0
4K71_A_BC__A__A503E,A,4K71_A_BC,A,G,503,,E,4.3168,1.5486,-31.5475,-35.8643,5,5,1,0
4P5T_CD_AB__A__D10A,A,4P5T_CD_AB,D,K,10,,A,0.4221,0.0491,-20.1806,-20.6027,5,5,1,0
5K39_A_B__A__B112A,A,5K39_A_B,B,M,112,,A,0.2984,0.0113,-30.3892,-30.6876,5,5,1,0
1A22_A_B__A__A163A,A,1A22_A_B,A,E,163,,A,0.8028,0.9268,-32.3208,-33.1237,5,5,1,0
1AO7_ABC_DE__A__A150G,A,1AO7_ABC_DE,A,A,150,,G,0.0959,0.2227,-17.9456,-18.0415,5,5,1,0
1BP3_A_B__A__A25A,A,1BP3_A_B,A,F,25,,A,2.3926,0.2154,-20.1818,-22.5744,5,5,1,0
1CBW_FGH_I__A__I15L,A,1CBW_FGH_I,I,K,15,,L,-2.2204,0.1482,-13.3095,-11.0891,5,5,1,0
1CHO_EFG_I__A__I16M,A,1CHO_EFG_I,I,E,16,,M,0.555,0.8008,-15.9425,-16.4974,5,5,1,0
1DAN_HL_UT__A__T15A,A,1DAN_HL_UT,T,K,15,,A,2.616,0.4482,-26.2035,-28.8195,5,5,1,0
1EAW_A_B__A__A91A,A,1EAW_A_B,A,D,91,,A,0.4044,0.072,-9.6418,-10.0462,5,5,1,0
1GC1_G_C__A__C44A,A,1GC1_G_C,C,L,44,,A,0.361,0.0319,-10.7288,-11.0898,5,5,1,0
1JTD_A_B__A__A74A,A,1JTD_A_B,A,N,74,,A,0.0526,0.2393,-17.4974,-17.55,5,5,1,0
1KIR_AB_C__A__A50Y,A,1KIR_AB_C,A,S,50,,Y,-0.0082,0.4098,-16.378,-16.3698,5,5,1,0
1MI5_ABC_DE__A__D95A,A,1MI5_ABC_DE,D,S,95,,A,0.0813,0.0,-21.0052,-21.0865,5,5,1,0
1PPF_E_I__A__I15H,A,1PPF_E_I,I,A,15,,H,0.4532,0.3531,-18.5003,-18.9535,5,5,1,0
1PPF_E_I__A__I21M,A,1PPF_E_I,I,R,21,,M,-1.3823,0.127,-20.3114,-18.9291,5,5,1,0
1R0R_E_I__A__I10S,A,1R0R_E_I,I,A,10,,S,1.5583,0.0185,-11.7328,-13.291,5,5,1,0
1R0R_E_I__A__I27A,A,1R0R_E_I,I,G,27,,A,-0.1475,0.0,-13.4473,-13.2998,5,5,1,0
1XD3_A_B__A__B8A,A,1XD3_A_B,B,L,8,,A,2.978,0.042,-29.1692,-32.1472,5,5,1,0
2BNR_ABC_DE__A__A65A,A,2BNR_ABC_DE,A,R,65,,A,1.511,0.3462,-20.4426,-21.9536,5,5,1,0
2J1K_C_T__A__C10D,A,2J1K_C_T,C,G,10,,D,-0.0458,0.0131,-19.5935,-19.5477,5,5,1,0
2SIC_E_I__A__I67V,A,2SIC_E_I,I,M,67,,V,2.8239,0.6458,-16.3788,-19.2026,5,5,1,0
3BT1_A_U__A__U64A,A,3BT1_A_U,U,T,64,,A,0.0292,0.1112,-23.3843,-23.4134,5,5,1,0
3HFM_HL_Y__A__L31D,A,3HFM_HL_Y,L,N,31,,D,0.1479,0.2707,-5.3871,-5.535,5,5,1,0
3N0P_A_B__A__A17H,A,3N0P_A_B,A,A,17,,H,5.6021,1.4201,-20.0774,-25.6795,5,5,1,0
3QHY_A_B__A__B13A,A,3QHY_A_B,B,W,13,,A,3.0511,0.0969,-12.8731,-15.9242,5,5,1,0
3SE4_B_A__A__A166A,A,3SE4_B_A,A,T,166,,A,1.6082,0.0979,-22.7385,-24.3466,5,5,1,0
3SGB_E_I__A__I8H,A,3SGB_E_I,I,P,8,,H,-0.0803,0.2554,-12.1077,-12.0274,5,5,1,0
3SGB_E_I__A__I14N,A,3SGB_E_I,I,Y,14,,N,0.6901,0.0671,-11.6026,-12.2926,5,5,1,0
4CPA_A_I__A__I36G,A,4CPA_A_I,I,Y,36,,G,2.3393,0.0679,-1.6252,-3.9645,5,5,1,0
4K71_A_BC__A__B157A,A,4K71_A_BC,B,H,157,,A,1.1517,0.2795,-34.705,-35.8567,5,5,1,0
4P5T_CD_AB__A__D74A,A,4P5T_CD_AB,D,E,74,,A,-0.7004,0.1942,-21.6466,-20.9462,5,5,1,0
5K39_A_B__A__B115A,A,5K39_A_B,B,S,115,,A,-0.255,0.0005,-30.9429,-30.6879,5,5,1,0
1A22_A_B__A__A164A,A,1A22_A_B,A,T,164,,A,1.1933,0.994,-32.1688,-33.3621,5,5,1,0
1AO7_ABC_DE__A__A150P,A,1AO7_ABC_DE,A,A,150,,P,0.4637,0.828,-16.9858,-17.4495,5,5,1,0
1BP3_A_B__A__A62A,A,1BP3_A_B,A,S,62,,A,-0.3153,0.0112,-22.853,-22.5377,5,5,1,0
1CBW_FGH_I__A__I15M,A,1CBW_FGH_I,I,K,15,,M,-1.8699,0.172,-12.9489,-11.079,5,5,1,0
1CHO_EFG_I__A__I16N,A,1CHO_EFG_I,I,E,16,,N,1.1303,0.6922,-15.3942,-16.5245,5,5,1,0
1DAN_HL_UT__A__T15R,A,1DAN_HL_UT,T,K,15,,R,1.2874,0.681,-27.4057,-28.6931,5,5,1,0
1EAW_A_B__A__A92A,A,1EAW_A_B,A,F,92,,A,0.7544,0.0797,-9.374,-10.1283,5,5,1,0
1GC1_G_C__A__C45A,A,1GC1_G_C,C,T,45,,A,0.1234,0.0004,-11.0059,-11.1293,5,5,1,0
1JTD_A_B__A__A76A,A,1JTD_A_B,A,L,76,,A,0.7966,0.0299,-16.9413,-17.7379,5,5,1,0
1KNE_A_P__A__A3F,A,1KNE_A_P,A,A,3,,F,-0.5704,0.0162,-12.0327,-11.4623,5,5,1,0
1MI5_ABC_DE__A__D96A,A,1MI5_ABC_DE,D,Y,96,,A,1.2459,0.3087,-19.9942,-21.2401,5,5,1,0
1PPF_E_I__A__I15I,A,1PPF_E_I,I,A,15,,I,-0.8441,0.3624,-19.835,-18.991,5,5,1,0
1PPF_E_I__A__I21N,A,1PPF_E_I,I,R,21,,N,-0.4813,0.2457,-19.6231,-19.1418,5,5,1,0
1R0R_E_I__A__I10T,A,1R0R_E_I,I,A,10,,T,-0.5631,0.4544,-13.8539,-13.2908,5,5,1,0
1R0R_E_I__A__I27C,A,1R0R_E_I,I,G,27,,C,-0.2789,0.7485,-14.7783,-14.4995,5,5,1,0
1XD3_A_B__A__B11R,A,1XD3_A_B,B,K,11,,R,-0.2395,0.6605,-33.1696,-32.9301,5,5,1,0
2BNR_ABC_DE__A__A66A,A,2BNR_ABC_DE,A,K,66,,A,0.1243,0.0413,-21.6097,-21.734,5,5,1,0
2J1K_C_T__A__C24A,A,2J1K_C_T,C,R,24,,A,5.7939,0.532,-15.6552,-21.4491,5,5,1,0
2UWE_ABC_EF__A__A163T,A,2UWE_ABC_EF,A,A,163,,T,0.6648,0.0756,-21.399,-22.0638,5,5,1,0
3BT1_A_U__A__U66A,A,3BT1_A_U,U,L,66,,A,2.7718,0.1751,-20.9898,-23.7617,5,5,1,0
3HFM_HL_Y__A__L31E,A,3HFM_HL_Y,L,N,31,,E,-0.1453,0.9215,-5.6499,-5.5046,5,5,1,0
3N4I_A_B__A__A79D,A,3N4I_A_B,A,E,79,,D,3.4921,0.7914,-23.5757,-27.0679,5,5,1,0
3QHY_A_B__A__B33A,A,3QHY_A_B,B,Y,33,,A,1.327,0.2164,-15.2195,-16.5465,5,5,1,0
3SE4_B_A__A__A223A,A,3SE4_B_A,A,F,223,,A,1.8327,0.036,-24.5203,-26.3529,5,5,1,0
3SGB_E_I__A__I8I,A,3SGB_E_I,I,P,8,,I,-0.5743,0.07,-12.937,-12.3627,5,5,1,0
3SGB_E_I__A__I14P,A,3SGB_E_I,I,Y,14,,P,9.1712,0.1586,-3.1819,-12.3531,5,5,1,0
4CPA_A_I__A__I37A,A,4CPA_A_I,I,V,37,,A,0.6546,0.4506,-3.8446,-4.4992,5,5,1,0
4K71_A_BC__A__B157F,A,4K71_A_BC,B,H,157,,F,0.3488,0.3258,-35.2979,-35.6467,5,5,1,0
4P5T_CD_AB__A__D77A,A,4P5T_CD_AB,D,E,77,,A,0.4417,0.0843,-20.1711,-20.6128,5,5,1,0
5K39_A_B__A__B142A,A,5K39_A_B,B,F,142,,A,2.0691,0.0172,-28.6179,-30.687,5,5,1,0
1A22_A_B__A__A164S,A,1A22_A_B,A,T,164,,S,1.6216,0.0709,-31.6634,-33.285,5,5,1,0
1AO7_ABC_DE__A__A151A,A,1AO7_ABC_DE,A,H,151,,A,0.2021,0.6873,-18.9935,-19.1956,5,5,1,0
1BP3_A_B__A__A63A,A,1BP3_A_B,A,N,63,,A,0.5585,0.0,-21.8533,-22.4118,5,5,1,0
1CBW_FGH_I__A__I15N,A,1CBW_FGH_I,I,K,15,,N,0.0073,0.1782,-11.0689,-11.0763,5,5,1,0
1CHO_EFG_I__A__I16P,A,1CHO_EFG_I,I,E,16,,P,-0.0957,0.6337,-16.8203,-16.7247,5,5,1,0
1DAN_HL_UT__A__T17A,A,1DAN_HL_UT,T,I,17,,A,1.0175,0.3058,-27.1091,-28.1266,5,5,1,0
1EAW_A_B__A__A138A,A,1EAW_A_B,A,H,138,,A,0.2214,0.4227,-10.178,-10.3994,5,5,1,0
1GC1_G_C__A__C46A,A,1GC1_G_C,C,K,46,,A,0.7455,0.0224,-10.3709,-11.1164,5,5,1,0
1JTD_A_B__A__A78A,A,1JTD_A_B,A,E,78,,A,-0.1588,0.4432,-17.2632,-17.1044,5,5,1,0
1KNE_A_P__A__A3K,A,1KNE_A_P,A,A,3,,K,-0.5269,0.0453,-11.9891,-11.4623,5,5,1,0
1MI5_ABC_DE__A__E28A,A,1MI5_ABC_DE,E,V,28,,A,0.2482,0.7672,-23.495,-23.7432,5,5,1,0
1PPF_E_I__A__I15K,A,1PPF_E_I,I,A,15,,K,-0.4053,0.1015,-19.3556,-18.9504,5,5,1,0
1PPF_E_I__A__I21P,A,1PPF_E_I,I,R,21,,P,0.6006,0.307,-18.4002,-19.0008,5,5,1,0
1R0R_E_I__A__I10V,A,1R0R_E_I,I,A,10,,V,-2.1236,0.174,-15.4143,-13.2908,5,5,1,0
1R0R_E_I__A__I27D,A,1R0R_E_I,I,G,27,,D,0.5247,0.0366,-12.8049,-13.3296,5,5,1,0
1XD3_A_B__A__B39A,A,1XD3_A_B,B,D,39,,A,-0.406,0.0,-32.4044,-31.9984,5,5,1,0
2BNR_ABC_DE__A__A68A,A,2BNR_ABC_DE,A,K,68,,A,1.4183,0.6328,-22.0801,-23.4984,5,5,1,0
2J8U_ABC_EF__A__A66K,A,2J8U_ABC_EF,A,A,66,,K,2.0995,1.2023,-14.104,-16.2036,5,5,1,0
2VIR_AB_C__A__C89I,A,2VIR_AB_C,C,T,89,,I,-1.2304,0.0192,-10.9493,-9.7189,5,5,1,0
3BT1_A_U__A__U68A,A,3BT1_A_U,U,E,68,,A,1.8235,0.1114,-21.64,-23.4635,5,5,1,0
3HFM_HL_Y__A__L32A,A,3HFM_HL_Y,L,N,32,,A,0.8789,0.0903,-5.3741,-6.253,5,5,1,0
3N85_A_LH__A__H30K,A,3N85_A_LH,H,W,30,,K,0.5826,0.024,-23.6059,-24.1885,5,5,1,0
3QHY_A_B__A__B34A,A,3QHY_A_B,B,F,34,,A,1.4874,0.1509,-14.3748,-15.8622,5,5,1,0
3SE4_B_A__A__A226A,A,3SE4_B_A,A,R,226,,A,6.4935,0.532,-20.8386,-27.3321,5,5,1,0
3SGB_E_I__A__I8K,A,3SGB_E_I,I,P,8,,K,0.0006,0.0885,-11.9093,-11.91,5,5,1,0
3SGB_E_I__A__I14Q,A,3SGB_E_I,I,Y,14,,Q,1.9284,0.2521,-10.4247,-12.3531,5,5,1,0
4CPA_A_I__A__I37F,A,4CPA_A_I,I,V,37,,F,6.733,1.4822,2.0541,-4.679,5,5,1,0
4KRL_A_B__A__B30A,A,4KRL_A_B,B,R,30,,A,4.561,0.0491,-12.3417,-16.9027,5,5,1,0
4P5T_CD_AB__A__D78A,A,4P5T_CD_AB,D,R,78,,A,1.1118,0.44,-19.5583,-20.6701,5,5,1,0
5K39_A_B__A__B148A,A,5K39_A_B,B,I,148,,A,2.4238,0.0197,-28.4662,-30.89,5,5,1,0
1A22_A_B__A__A167A,A,1A22_A_B,A,R,167,,A,0.3357,0.0167,-32.7676,-33.1033,5,5,1,0
1AO7_ABC_DE__A__A154A,A,1AO7_ABC_DE,A,E,154,,A,0.8321,0.0656,-16.2516,-17.0837,5,5,1,0
1BP3_A_B__A__A64A,A,1BP3_A_B,A,R,64,,A,0.9127,0.5999,-21.6994,-22.6121,5,5,1,0
1CBW_FGH_I__A__I15Q,A,1CBW_FGH_I,I,K,15,,Q,0.4812,0.1449,-10.5994,-11.0806,5,5,1,0
1CHO_EFG_I__A__I16Q,A,1CHO_EFG_I,I,E,16,,Q,1.0112,0.1455,-15.3395,-16.3507,5,5,1,0
1DAN_HL_UT__A__T19A,A,1DAN_HL_UT,T,E,19,,A,0.2559,0.4039,-27.4806,-27.7365,5,5,1,0
1EAW_A_B__A__A141A,A,1EAW_A_B,A,Y,141,,A,0.7112,0.0007,-9.3939,-10.1051,5,5,1,0
1GC1_G_C__A__C52A,A,1GC1_G_C,C,N,52,,A,-0.2604,0.0143,-11.3657,-11.1053,5,5,1,0
1JTD_A_B__A__A79A,A,1JTD_A_B,A,Y,79,,A,2.4003,0.4252,-14.9459,-17.3463,5,5,1,0
1KNE_A_P__A__A3L,A,1KNE_A_P,A,A,3,,L,-1.1173,0.0207,-12.5714,-11.4541,5,5,1,0
1MI5_ABC_DE__A__E48A,A,1MI5_ABC_DE,E,Q,48,,A,1.9811,0.887,-21.4159,-23.397,5,5,1,0
1PPF_E_I__A__I15L,A,1PPF_E_I,I,A,15,,L,-0.7035,0.3325,-19.6473,-18.9437,5,5,1,0
1PPF_E_I__A__I21Q,A,1PPF_E_I,I,R,21,,Q,-0.7132,0.2284,-19.7827,-19.0695,5,5,1,0
1R0R_E_I__A__I10W,A,1R0R_E_I,I,A,10,,W,1.76,0.8518,-11.5684,-13.3285,5,5,1,0
1R0R_E_I__A__I27E,A,1R0R_E_I,I,G,27,,E,-0.1043,0.4217,-14.9016,-14.7973,5,5,1,0
1XD3_A_B__A__B42L,A,1XD3_A_B,B,R,42,,L,1.8799,0.2241,-30.3331,-32.213,5,5,1,0
2BNR_ABC_DE__A__A69G,A,2BNR_ABC_DE,A,A,69,,G,1.1188,0.0481,-20.6008,-21.7196,5,5,1,0
2JEL_LH_P__A__P2W,A,2JEL_LH_P,P,F,2,,W,0.8413,0.8613,-9.991,-10.8324,5,5,1,0
2VIR_AB_C__A__C115L,A,2VIR_AB_C,C,S,115,,L,1.2381,0.4903,-7.9362,-9.1743,5,5,1,0
3BT1_A_U__A__U99A,A,3BT1_A_U,U,S,99,,A,-0.3557,0.0055,-23.7954,-23.4397,5,5,1,0
3HFM_HL_Y__A__L50A,A,3HFM_HL_Y,L,Y,50,,A,0.8464,0.1637,-5.394,-6.2405,5,5,1,0
3N85_A_LH__A__H30R,A,3N85_A_LH,H,W,30,,R,-1.9128,1.4137,-26.1013,-24.1885,5,5,1,0
3QHY_A_B__A__B51A,A,3QHY_A_B,B,L,51,,A,0.6764,0.3783,-14.9301,-15.6065,5,5,1,0
3SE4_B_A__A__A227A,A,3SE4_B_A,A,N,227,,A,-0.0895,0.0001,-24.3688,-24.2793,5,5,1,0
3SGB_E_I__A__I8L,A,3SGB_E_I,I,P,8,,L,-0.1441,0.3789,-12.1714,-12.0272,5,5,1,0
3SGB_E_I__A__I14R,A,3SGB_E_I,I,Y,14,,R,2.0291,0.3607,-10.2318,-12.261,5,5,1,0
4CPA_A_I__A__I37G,A,4CPA_A_I,I,V,37,,G,0.5237,0.4417,-3.9664,-4.4901,5,5,1,0
4KRL_A_B__A__B112A,A,4KRL_A_B,B,D,112,,A,3.8712,0.0088,-13.0811,-16.9523,5,5,1,0
4P5T_CD_AB__A__D84A,A,4P5T_CD_AB,D,D,84,,A,0.537,0.1839,-20.0947,-20.6317,5,5,1,0
5M2O_A_B__A__A64A,A,5M2O_A_B,A,N,64,,A,1.1933,0.0134,-22.4732,-23.6665,5,5,1,0
1A22_A_B__A__A167K,A,1A22_A_B,A,R,167,,K,-0.0643,0.022,-33.1676,-33.1033,5,5,1,0
1AO7_ABC_DE__A__A155A,A,1AO7_ABC_DE,A,Q,155,,A,1.5483,0.0,-15.4967,-17.045,5,5,1,0
1BP3_A_B__A__A65A,A,1BP3_A_B,A,E,65,,A,-0.0591,0.0272,-22.4781,-22.419,5,5,1,0
1CBW_FGH_I__A__I15R,A,1CBW_FGH_I,I,K,15,,R,-1.0434,0.4448,-12.1732,-11.1298,5,5,1,0
1CHO_EFG_I__A__I16R,A,1CHO_EFG_I,I,E,16,,R,-2.5889,0.6527,-18.896,-16.3071,5,5,1,0
1DAN_HL_UT__A__T32A,A,1DAN_HL_UT,T,Q,32,,A,1.1021,0.8273,-25.8219,-26.924,5,5,1,0
1EFN_A_B__A__A12A,A,1EFN_A_B,A,I,12,,A,3.3855,0.0251,-18.4878,-21.8733,5,5,1,0
1GC1_G_C__A__C59A,A,1GC1_G_C,C,R,59,,A,1.8074,0.583,-8.7902,-10.5976,5,5,1,0
1JTD_A_B__A__A81A,A,1JTD_A_B,A,P,81,,A,1.4597,0.3398,-16.916,-18.3757,5,5,1,0
1KNE_A_P__A__A3T,A,1KNE_A_P,A,A,3,,T,-0.1101,0.0256,-11.5887,-11.4786,5,5,1,0
1MI5_ABC_DE__A__E49A,A,1MI5_ABC_DE,E,N,49,,A,-0.0431,1.3518,-21.9149,-21.8718,5,5,1,0
1PPF_E_I__A__I15M,A,1PPF_E_I,I,A,15,,M,-1.3913,0.1199,-20.3417,-18.9504,5,5,1,0
1PPF_E_I__A__I21S,A,1PPF_E_I,I,R,21,,S,-0.1473,0.2014,-19.1955,-19.0481,5,5,1,0
1R0R_E_I__A__I10Y,A,1R0R_E_I,I,A,10,,Y,0.6751,0.9406,-12.6497,-13.3248,5,5,1,0
1R0R_E_I__A__I27F,A,1R0R_E_I,I,G,27,,F,-0.0213,0.0458,-13.3509,-13.3296,5,5,1,0
1XD3_A_B__A__B44A,A,1XD3_A_B,B,I,44,,A,0.428,0.0976,-31.7099,-32.1379,5,5,1,0
2BNR_ABC_DE__A__A72A,A,2BNR_ABC_DE,A,Q,72,,A,0.9552,0.3709,-20.3572,-21.3124,5,5,1,0
2JEL_LH_P__A__P2Y,A,2JEL_LH_P,P,F,2,,Y,0.9319,0.24,-8.8372,-9.7692,5,5,1,0
2VIS_AB_C__A__C89T,A,2VIS_AB_C,C,I,89,,T,1.2057,0.0107,-9.23,-10.4356,5,5,1,0
3BT1_A_U__A__U123A,A,3BT1_A_U,U,V,123,,A,0.6023,0.3445,-24.0392,-24.6415,5,5,1,0
3HFM_HL_Y__A__L50F,A,3HFM_HL_Y,L,Y,50,,F,2.1488,0.4165,-4.2746,-6.4234,5,5,1,0
3N85_A_LH__A__H32A,A,3N85_A_LH,H,S,32,,A,-0.1403,0.0,-24.3288,-24.1885,5,5,1,0
3QHY_A_B__A__B72A,A,3QHY_A_B,B,N,72,,A,0.0692,0.418,-15.9157,-15.9848,5,5,1,0
3SE4_B_C__A__B27A,A,3SE4_B_C,B,P,27,,A,1.064,0.1167,-20.5688,-21.6328,5,5,1,0
3SGB_E_I__A__I8M,A,3SGB_E_I,I,P,8,,M,-0.6147,0.064,-12.9691,-12.3544,5,5,1,0
3SGB_E_I__A__I14S,A,3SGB_E_I,I,Y,14,,S,3.1769,0.1258,-9.1762,-12.3531,5,5,1,0
4CPA_A_I__A__I37I,A,4CPA_A_I,I,V,37,,I,2.6149,2.6123,-1.6887,-4.3037,5,5,1,0
4KRO_A_B__A__B15A,A,4KRO_A_B,B,R,15,,A,2.5819,0.7935,-11.0475,-13.6294,5,5,1,0
4P5T_CD_AB__A__D85A,A,4P5T_CD_AB,D,T,85,,A,1.0264,0.0797,-19.6001,-20.6265,5,5,1,0
5M2O_A_B__A__A71A,A,5M2O_A_B,A,N,71,,A,3.0357,0.1048,-20.817,-23.8527,5,5,1,0
1A22_A_B__A__A167N,A,1A22_A_B,A,R,167,,N,0.161,0.0242,-32.9424,-33.1033,5,5,1,0
1AO7_ABC_DE__A__A158G,A,1AO7_ABC_DE,A,A,158,,G,0.9294,0.0,-16.1156,-17.045,5,5,1,0
1BP3_A_B__A__A68A,A,1BP3_A_B,A,Q,68,,A,0.8796,0.3566,-21.6384,-22.518,5,5,1,0
1CBW_FGH_I__A__I15S,A,1CBW_FGH_I,I,K,15,,S,0.8907,0.1446,-10.1913,-11.0821,5,5,1,0
1CHO_EFG_I__A__I16S,A,1CHO_EFG_I,I,E,16,,S,1.8005,0.5294,-15.0779,-16.8784,5,5,1,0
1DAN_HL_UT__A__T36A,A,1DAN_HL_UT,T,K,36,,A,-0.0578,0.0,-27.0457,-26.9879,5,5,1,0
1EFN_A_B__A__A13H,A,1EFN_A_B,A,T,13,,H,1.3672,0.2306,-20.1031,-21.4703,5,5,1,0
1GC1_G_C__A__C60A,A,1GC1_G_C,C,S,60,,A,-0.6206,0.0,-11.7501,-11.1295,5,5,1,0
1JTD_A_B__A__A84A,A,1JTD_A_B,A,E,84,,A,-1.1733,0.4719,-18.6395,-17.4662,5,5,1,0
1KNE_A_P__A__A40F,A,1KNE_A_P,A,D,40,,F,-0.7615,0.0625,-12.3056,-11.5441,5,5,1,0
1MI5_ABC_DE__A__E50A,A,1MI5_ABC_DE,E,E,50,,A,1.1845,1.1771,-20.9662,-22.1507,5,5,1,0
1PPF_E_I__A__I15N,A,1PPF_E_I,I,A,15,,N,0.3666,0.0174,-18.592,-18.9586,5,5,1,0
1PPF_E_I__A__I21T,A,1PPF_E_I,I,R,21,,T,-0.0685,0.1634,-19.1057,-19.0372,5,5,1,0
1R0R_E_I__A__I12A,A,1R0R_E_I,I,T,12,,A,-0.0007,0.2538,-13.9879,-13.9871,5,5,1,0
1R0R_E_I__A__I27H,A,1R0R_E_I,I,G,27,,H,-0.409,0.0639,-13.7386,-13.3296,5,5,1,0
1XD3_A_B__A__B68N,A,1XD3_A_B,B,H,68,,N,0.4695,0.0178,-31.5248,-31.9943,5,5,1,0
2BNR_ABC_DE__A__A73A,A,2BNR_ABC_DE,A,T,73,,A,1.8633,0.3098,-20.125,-21.9883,5,5,1,0
2JEL_LH_P__A__P3K,A,2JEL_LH_P,P,Q,3,,K,1.148,0.4808,-9.1015,-10.2495,5,5,1,0
2VLN_A_B__A__B75N,A,2VLN_A_B,B,A,75,,N,-0.5151,0.2519,-25.338,-24.823,5,5,1,0
3BT1_A_U__A__U125A,A,3BT1_A_U,U,T,125,,A,1.1006,0.2958,-23.7574,-24.8581,5,5,1,0
3HFM_HL_Y__A__L50L,A,3HFM_HL_Y,L,Y,50,,L,-0.1734,0.177,-6.1943,-6.0209,5,5,1,0
3N85_A_LH__A__H32Y,A,3N85_A_LH,H,S,32,,Y,3.3638,0.9751,-20.8254,-24.1892,5,5,1,0
3QHY_A_B__A__B73A,A,3QHY_A_B,B,Y,73,,A,0.4702,0.0893,-15.3143,-15.7845,5,5,1,0
3SE4_B_C__A__B27L,A,3SE4_B_C,B,P,27,,L,2.8038,0.354,-18.7308,-21.5346,5,5,1,0
3SGB_E_I__A__I8N,A,3SGB_E_I,I,P,8,,N,0.5235,0.1762,-11.8306,-12.3541,5,5,1,0
3SGB_E_I__A__I14T,A,3SGB_E_I,I,Y,14,,T,3.7175,0.9019,-8.6356,-12.3531,5,5,1,0
4CPA_A_I__A__I37L,A,4CPA_A_I,I,V,37,,L,2.1987,0.133,-2.1324,-4.3311,5,5,1,0
4KRO_A_B__A__B92A,A,4KRO_A_B,B,D,92,,A,-0.7045,0.2705,-12.7739,-12.0694,5,5,1,0
4P5T_CD_AB__A__D89A,A,4P5T_CD_AB,D,H,89,,A,-0.0203,0.0011,-20.6315,-20.6112,5,5,1,0
5M2O_A_B__A__A73A,A,5M2O_A_B,A,K,73,,A,0.7268,0.1099,-23.0585,-23.7853,5,5,1,0
1A22_A_B__A__A168A,A,1A22_A_B,A,I,168,,A,1.048,0.1052,-32.1363,-33.1843,5,5,1,0
1AO7_ABC_DE__A__A163A,A,1AO7_ABC_DE,A,T,163,,A,-0.349,0.0023,-17.3999,-17.0509,5,5,1,0
1BP3_A_B__A__A160A,A,1BP3_A_B,A,Y,160,,A,0.9722,0.9454,-23.1835,-24.1556,5,5,1,0
1CBW_FGH_I__A__I15T,A,1CBW_FGH_I,I,K,15,,T,0.263,0.1482,-10.743,-11.0061,5,5,1,0
1CHO_EFG_I__A__I16T,A,1CHO_EFG_I,I,E,16,,T,0.9839,0.4868,-15.5558,-16.5397,5,5,1,0
1DAN_HL_UT__A__T37A,A,1DAN_HL_UT,T,S,37,,A,0.2071,0.0021,-26.7825,-26.9896,5,5,1,0
1EMV_A_B__A__A21A,A,1EMV_A_B,A,C,21,,A,-0.0167,0.0005,-22.3748,-22.3581,5,5,1,0
1GC1_G_C__A__C63A,A,1GC1_G_C,C,D,63,,A,0.0193,0.0791,-11.6885,-11.7079,5,5,1,0
1JTD_A_B__A__A85A,A,1JTD_A_B,A,K,85,,A,1.363,0.0064,-16.2828,-17.6458,5,5,1,0
1KNE_A_P__A__A40I,A,1KNE_A_P,A,D,40,,I,-0.0196,0.0191,-11.5615,-11.542,5,5,1,0
1MI5_ABC_DE__A__E94A,A,1MI5_ABC_DE,E,L,94,,A,0.3812,0.0954,-20.4127,-20.7939,5,5,1,0
1PPF_E_I__A__I15P,A,1PPF_E_I,I,A,15,,P,-0.6664,0.0603,-19.625,-18.9586,5,5,1,0
1PPF_E_I__A__I21V,A,1PPF_E_I,I,R,21,,V,0.2162,0.218,-18.7525,-18.9686,5,5,1,0
1R0R_E_I__A__I12C,A,1R0R_E_I,I,T,12,,C,0.0677,0.1315,-13.3603,-13.4281,5,5,1,0
1R0R_E_I__A__I27I,A,1R0R_E_I,I,G,27,,I,-0.5748,0.0532,-15.372,-14.7973,5,5,1,0
1XD3_A_B__A__B72L,A,1XD3_A_B,B,R,72,,L,4.959,0.7403,-27.7472,-32.7062,5,5,1,0
2BNR_ABC_DE__A__A75A,A,2BNR_ABC_DE,A,R,75,,A,-0.3385,0.1531,-21.511,-21.1726,5,5,1,0
2JEL_LH_P__A__P4K,A,2JEL_LH_P,P,Q,4,,K,0.7219,0.0939,-9.3362,-10.0581,5,5,1,0
2VLO_A_B__A__B95K,A,2VLO_A_B,B,A,95,,K,-3.038,0.0339,-21.2081,-18.1701,5,5,1,0
3BT1_A_U__A__U137A,A,3BT1_A_U,U,K,137,,A,0.4834,0.0408,-22.951,-23.4344,5,5,1,0
3HFM_HL_Y__A__L53A,A,3HFM_HL_Y,L,Q,53,,A,1.6409,0.2249,-4.0469,-5.6878,5,5,1,0
3N85_A_LH__A__H52Y,A,3N85_A_LH,H,S,52,,Y,13.4039,3.1575,-11.0208,-24.4248,5,5,1,0
3QHY_A_B__A__B91A,A,3QHY_A_B,B,D,91,,A,0.9681,0.2828,-15.2656,-16.2338,5,5,1,0
3SE4_B_C__A__B31A,A,3SE4_B_C,B,L,31,,A,1.9547,0.0057,-18.9979,-20.9526,5,5,1,0
3SGB_E_I__A__I8Q,A,3SGB_E_I,I,P,8,,Q,-0.1758,0.4164,-12.2805,-12.1048,5,5,1,0
3SGB_E_I__A__I14V,A,3SGB_E_I,I,Y,14,,V,1.3151,0.4807,-10.9775,-12.2926,5,5,1,0
4CVW_A_C__A__A720R,A,4CVW_A_C,A,D,720,,R,1.6748,0.5116,-26.3698,-28.0446,5,5,1,0
4KRP_A_B__A__B105A,A,4KRP_A_B,B,E,105,,A,1.1418,0.9944,-20.5081,-21.6499,5,5,1,0
4PWX_AB_CD__A__A194A,A,4PWX_AB_CD,A,F,194,,A,0.8319,0.1098,-12.8778,-13.7097,5,5,1,0
5M2O_A_B__A__A75A,A,5M2O_A_B,A,L,75,,A,2.4578,0.1112,-21.4365,-23.8943,5,5,1,0
1A22_A_B__A__A171A,A,1A22_A_B,A,C,171,,A,0.0926,0.009,-33.0848,-33.1774,5,5,1,0
1AO7_ABC_DE__A__A166A,A,1AO7_ABC_DE,A,E,166,,A,0.7703,0.0162,-16.7382,-17.5085,5,5,1,0
1BP3_A_B__A__A163A,A,1BP3_A_B,A,R,163,,A,2.3549,1.015,-21.9213,-24.2763,5,5,1,0
1CBW_FGH_I__A__I15V,A,1CBW_FGH_I,I,K,15,,V,0.2247,0.1733,-10.8155,-11.0402,5,5,1,0
1CHO_EFG_I__A__I16V,A,1CHO_EFG_I,I,E,16,,V,0.9316,1.1571,-15.4309,-16.3626,5,5,1,0
1DAN_HL_UT__A__T38A,A,1DAN_HL_UT,T,G,38,,A,0.226,0.3313,-26.9873,-27.2133,5,5,1,0
1EMV_A_B__A__A22A,A,1EMV_A_B,A,N,22,,A,0.0057,0.0007,-22.351,-22.3566,5,5,1,0
1GC1_G_C__A__C64A,A,1GC1_G_C,C,Q,64,,A,0.1637,0.3935,-11.6126,-11.7763,5,5,1,0
1JTD_A_B__A__A103A,A,1JTD_A_B,A,M,103,,A,1.9622,0.4663,-16.1273,-18.0894,5,5,1,0
1KNE_A_P__A__A40K,A,1KNE_A_P,A,D,40,,K,0.0515,0.0114,-11.4908,-11.5423,5,5,1,0
1MI5_ABC_DE__A__E95A,A,1MI5_ABC_DE,E,G,95,,A,0.3538,0.8426,-23.2375,-23.5912,5,5,1,0
1PPF_E_I__A__I15Q,A,1PPF_E_I,I,A,15,,Q,-0.7673,0.2691,-19.7172,-18.95,5,5,1,0
1PPF_E_I__A__I21W,A,1PPF_E_I,I,R,21,,W,0.5879,0.1229,-18.4256,-19.0135,5,5,1,0
1R0R_E_I__A__I12D,A,1R0R_E_I,I,T,12,,D,0.3389,0.2183,-13.646,-13.9849,5,5,1,0
1R0R_E_I__A__I27K,A,1R0R_E_I,I,G,27,,K,0.1433,0.8422,-14.3481,-14.4914,5,5,1,0
1XD3_A_B__A__B74L,A,1XD3_A_B,B,R,74,,L,5.806,0.0539,-26.1924,-31.9984,5,5,1,0
2BNR_ABC_DE__A__A76A,A,2BNR_ABC_DE,A,V,76,,A,0.6018,0.3981,-21.4896,-22.0914,5,5,1,0
2JEL_LH_P__A__P34N,A,2JEL_LH_P,P,T,34,,N,0.1035,0.0106,-9.9556,-10.0591,5,5,1,0
2VLQ_A_B__A__B86F,A,2VLQ_A_B,B,A,86,,F,-3.4277,0.1065,-22.7856,-19.3579,5,5,1,0
3BT1_A_U__A__U138A,A,3BT1_A_U,U,D,138,,A,1.1436,0.6321,-23.921,-25.0646,5,5,1,0
3HFM_HL_Y__A__L96A,A,3HFM_HL_Y,L,Y,96,,A,-0.0384,0.7257,-5.7604,-5.722,5,5,1,0
3N85_A_LH__A__H100F,A,3N85_A_LH,H,W,100,,F,0.6618,0.1354,-23.4677,-24.1294,5,5,1,0
3QHY_A_B__A__B112A,A,3QHY_A_B,B,W,112,,A,2.2717,0.4231,-13.9207,-16.1924,5,5,1,0
3SE4_B_C__A__B130A,A,3SE4_B_C,B,M,130,,A,2.3344,0.0093,-18.7756,-21.11,5,5,1,0
3SGB_E_I__A__I8R,A,3SGB_E_I,I,P,8,,R,0.1035,0.3113,-11.9058,-12.0093,5,5,1,0
3SGB_E_I__A__I14W,A,3SGB_E_I,I,Y,14,,W,0.8197,0.0481,-11.4729,-12.2926,5,5,1,0
4CVW_A_C__A__A720W,A,4CVW_A_C,A,D,720,,W,1.6851,1.9588,-27.2595,-28.9447,5,5,1,0
4L0P_A_B__A__A27K,A,4L0P_A_B,A,E,27,,K,5.1047,1.6734,-26.1476,-31.2523,5,5,1,0
4PWX_AB_CD__A__A198A,A,4PWX_AB_CD,A,Y,198,,A,0.8119,1.0969,-12.7497,-13.5615,5,5,1,0
5M2O_A_B__A__A80A,A,5M2O_A_B,A,E,80,,A,1.1864,0.2152,-22.4454,-23.6318,5,5,1,0
1A22_A_B__A__B11A,A,1A22_A_B,B,R,11,,A,4.4963,0.4053,-28.8825,-33.3788,5,5,1,0
1AO7_ABC_DE__A__A167A,A,1AO7_ABC_DE,A,W,167,,A,0.7311,0.214,-16.7386,-17.4697,5,5,1,0
1BP3_A_B__A__A164A,A,1BP3_A_B,A,K,164,,A,0.65,1.2629,-23.178,-23.828,5,5,1,0
1CBW_FGH_I__A__I15W,A,1CBW_FGH_I,I,K,15,,W,-1.9062,0.1891,-12.927,-11.0208,5,5,1,0
1CHO_EFG_I__A__I16W,A,1CHO_EFG_I,I,E,16,,W,0.9082,0.8084,-15.9204,-16.8285,5,5,1,0
1DAN_HL_UT__A__T39A,A,1DAN_HL_UT,T,D,39,,A,1.6298,0.5287,-26.2478,-27.8776,5,5,1,0
1EMV_A_B__A__A25A,A,1EMV_A_B,A,T,25,,A,0.8872,0.1443,-21.1417,-22.0289,5,5,1,0
1GCQ_AB_C__A__C5A,A,1GCQ_AB_C,C,P,5,,A,1.052,0.4443,-27.7083,-28.7603,5,5,1,0
1JTD_A_B__A__A190A,A,1JTD_A_B,A,V,190,,A,0.9527,0.2704,-17.3578,-18.3105,5,5,1,0
1KNE_A_P__A__A40T,A,1KNE_A_P,A,D,40,,T,0.5027,0.0076,-11.0396,-11.5423,5,5,1,0
1MI5_ABC_DE__A__E96A,A,1MI5_ABC_DE,E,Q,96,,A,1.7235,0.1768,-19.8217,-21.5452,5,5,1,0
1PPF_E_I__A__I15R,A,1PPF_E_I,I,A,15,,R,0.1916,0.3841,-18.6354,-18.827,5,5,1,0
1PPF_E_I__A__I21Y,A,1PPF_E_I,I,R,21,,Y,0.2761,0.3842,-18.6694,-18.9455,5,5,1,0
1R0R_E_I__A__I12E,A,1R0R_E_I,I,T,12,,E,1.2019,0.2965,-12.7061,-13.908,5,5,1,0
1R0R_E_I__A__I27L,A,1R0R_E_I,I,G,27,,L,-0.5121,0.0626,-15.3094,-14.7973,5,5,1,0
1XGQ_AB_C__A__B33A,A,1XGQ_AB_C,B,V,33,,A,0.427,0.0626,-11.7675,-12.1944,5,5,1,0
2BNR_ABC_DE__A__A146A,A,2BNR_ABC_DE,A,K,146,,A,0.1547,0.0001,-21.5799,-21.7346,5,5,1,0
2JEL_LH_P__A__P34Q,A,2JEL_LH_P,P,T,34,,Q,-0.1168,0.1421,-10.216,-10.0991,5,5,1,0
2VLR_ABC_DE__A__E95S,A,2VLR_ABC_DE,E,A,95,,S,-0.0853,0.0166,-15.0108,-14.9255,5,5,1,0
3BT1_A_U__A__U139A,A,3BT1_A_U,U,D,139,,A,0.199,0.3766,-23.599,-23.7979,5,5,1,0
3HFM_HL_Y__A__L96F,A,3HFM_HL_Y,L,Y,96,,F,-0.3902,0.0106,-5.7748,-5.3847,5,5,1,0
3N85_A_LH__A__L94Y,A,3N85_A_LH,L,W,94,,Y,-1.0437,0.2551,-25.2252,-24.1814,5,5,1,0
3QHY_A_B__A__B130A,A,3QHY_A_B,B,D,130,,A,1.3076,0.3268,-15.122,-16.4297,5,5,1,0
3SE4_B_C__A__B134A,A,3SE4_B_C,B,K,134,,A,0.1633,0.1131,-20.4866,-20.65,5,5,1,0
3SGB_E_I__A__I8S,A,3SGB_E_I,I,P,8,,S,0.436,0.0328,-11.918,-12.3541,5,5,1,0
3SGB_E_I__A__I15A,A,3SGB_E_I,I,R,15,,A,0.2155,0.02,-12.0584,-12.2739,5,5,1,0
4CVW_A_C__A__C27A,A,4CVW_A_C,C,R,27,,A,4.9622,1.4791,-24.2705,-29.2327,5,5,1,0
4L0P_A_B__A__A76Q,A,4L0P_A_B,A,T,76,,Q,3.1394,1.2515,-26.7863,-29.9256,5,5,1,0
4PWX_AB_CD__A__A201K,A,4PWX_AB_CD,A,E,201,,K,4.4974,0.4102,-7.5905,-12.0879,5,5,1,0
5M2O_A_B__A__A117A,A,5M2O_A_B,A,H,117,,A,2.6659,0.2908,-21.3122,-23.9781,5,5,1,0
1A22_A_B__A__A22A,A,1A22_A_B,A,Q,22,,A,0.0605,0.0094,-33.1067,-33.1671,5,5,1,0
1AK4_A_D__A__D87Q,A,1AK4_A_D,D,H,87,,Q,-0.331,0.1947,-11.9905,-11.6595,5,5,1,0
1B41_A_B__A__B47F,A,1B41_A_B,B,N,47,,F,-0.7048,0.0731,-27.1401,-26.4353,5,5,1,0
1C4Z_ABC_D__A__D61A,A,1C4Z_ABC_D,D,K,61,,A,1.2035,0.0135,-11.1766,-12.3801,5,5,1,0
1CHO_EFG_I__A__I15M,A,1CHO_EFG_I,I,L,15,,M,0.682,0.0263,-15.8124,-16.4945,5,5,1,0
1CHO_EFG_I__A__I33S,A,1CHO_EFG_I,I,N,33,,S,1.0348,0.149,-15.2338,-16.2686,5,5,1,0
1E50_A_B__A__A51A,A,1E50_A_B,A,N,51,,A,0.3175,0.0109,-18.9079,-19.2254,5,5,1,0
1FSS_A_B__A__B29R,A,1FSS_A_B,B,H,29,,R,-0.6607,1.01,-18.5126,-17.8519,5,5,1,0
1JRH_LH_I__A__I42M,A,1JRH_LH_I,I,K,42,,M,-0.2081,0.17,-19.3687,-19.1606,5,5,1,0
1JTG_A_B__A__B163A,A,1JTG_A_B,B,D,163,,A,-0.5416,0.0256,-27.471,-26.9294,5,5,1,0
1MHP_HL_A__A__L30W,A,1MHP_HL_A,L,H,30,,W,-1.2871,0.4447,-13.5299,-12.2429,5,5,1,0
1PPF_E_I__A__I14G,A,1PPF_E_I,I,P,14,,G,0.1548,0.0316,-18.8038,-18.9586,5,5,1,0
1PPF_E_I__A__I20M,A,1PPF_E_I,I,Y,20,,M,0.0991,0.1949,-18.8619,-18.961,5,5,1,0
1R0R_E_I__A__I9S,A,1R0R_E_I,I,P,9,,S,0.3798,0.012,-12.9112,-13.291,5,5,1,0
1R0R_E_I__A__I16A,A,1R0R_E_I,I,R,16,,A,1.5202,0.1346,-12.2986,-13.8188,5,5,1,0
1VFB_AB_C__A__B52A,A,1VFB_AB_C,B,W,52,,A,1.8134,0.0407,-13.2985,-15.112,5,5,1,0
2AW2_A_B__A__B16A,A,2AW2_A_B,B,P,16,,A,1.1171,0.0508,-15.6786,-16.7957,5,5,1,0
2HRK_A_B__A__A140A,A,2HRK_A_B,A,K,140,,A,0.4834,0.0,-14.1915,-14.6749,5,5,1,0
2PCC_A_B__A__A34A,A,2PCC_A_B,A,D,34,,A,1.1372,0.0083,-5.8591,-6.9963,5,5,1,0
3BP8_A_C__A__A115A,A,3BP8_A_C,A,F,115,,A,1.2871,2.6186,-9.3488,-10.6359,5,5,1,0
3HFM_HL_Y__A__H32A,A,3HFM_HL_Y,H,D,32,,A,0.3696,0.2027,-5.616,-5.9855,5,5,1,0
3M62_A_B__A__B50A,A,3M62_A_B,B,Q,50,,A,0.2883,0.2401,-12.7202,-13.0085,5,5,1,0
3QDG_ABC_DE__A__E97Y,A,3QDG_ABC_DE,E,F,97,,Y,-0.4505,0.1635,-16.2499,-15.7993,5,5,1,0
3S9D_A_B__A__B90A,A,3S9D_A_B,B,I,90,,A,2.2755,0.131,-20.3731,-22.6486,5,5,1,0
3SGB_E_I__A__I7H,A,3SGB_E_I,I,K,7,,H,0.7371,0.0599,-11.629,-12.3661,5,5,1,0
3SGB_E_I__A__I13P,A,3SGB_E_I,I,E,13,,P,-1.1863,1.0376,-13.5722,-12.3859,5,5,1,0
3W2D_A_HL__A__A67R,A,3W2D_A_HL,A,K,67,,R,-0.4917,1.6619,-12.8158,-12.3241,5,5,1,0
4J2L_A_CD__A__C20S,A,4J2L_A_CD,C,L,20,,S,4.1251,0.0647,-32.8368,-36.962,5,5,1,0
4P23_CD_AB__A__D2A,A,4P23_CD_AB,D,E,2,,A,0.4297,0.0,-16.6422,-17.0719,5,5,1,0
5E6P_A_B__A__B24A,A,5E6P_A_B,B,L,24,,A,1.8794,0.0318,-16.0511,-17.9305,5,5,1,0
1A22_A_B__A__B11L,A,1A22_A_B,B,R,11,,L,3.9938,0.2744,-29.5153,-33.5092,5,5,1,0
1AO7_ABC_DE__A__A170A,A,1AO7_ABC_DE,A,R,170,,A,-0.2927,0.0292,-17.3131,-17.0204,5,5,1,0
1BP3_A_B__A__A167A,A,1BP3_A_B,A,D,167,,A,1.3388,0.1457,-21.188,-22.5268,5,5,1,0
1CBW_FGH_I__A__I15Y,A,1CBW_FGH_I,I,K,15,,Y,-2.7252,0.1783,-13.735,-11.0098,5,5,1,0
1CHO_EFG_I__A__I16Y,A,1CHO_EFG_I,I,E,16,,Y,0.9657,1.1599,-15.8208,-16.7865,5,5,1,0
1DAN_HL_UT__A__T40A,A,1DAN_HL_UT,T,W,40,,A,-0.4504,0.5038,-27.5793,-27.1289,5,5,1,0
1EMV_A_B__A__A27A,A,1EMV_A_B,A,S,27,,A,-0.1323,0.0059,-22.4681,-22.3358,5,5,1,0
1GCQ_AB_C__A__C18A,A,1GCQ_AB_C,C,P,18,,A,1.6217,0.0491,-25.7627,-27.3844,5,5,1,0
1JTD_A_B__A__A244A,A,1JTD_A_B,A,M,244,,A,0.2781,0.3552,-17.5388,-17.8169,5,5,1,0
1KNE_A_P__A__P2F,A,1KNE_A_P,P,T,2,,F,-1.113,0.0598,-12.5753,-11.4623,5,5,1,0
1MI5_ABC_DE__A__E97G,A,1MI5_ABC_DE,E,A,97,,G,1.3991,0.303,-19.7928,-21.1919,5,5,1,0
1PPF_E_I__A__I15S,A,1PPF_E_I,I,A,15,,S,1.0971,0.0006,-17.8615,-18.9586,5,5,1,0
1PPF_E_I__A__I32A,A,1PPF_E_I,I,G,32,,A,2.9319,0.1118,-16.0231,-18.955,5,5,1,0
1R0R_E_I__A__I12F,A,1R0R_E_I,I,T,12,,F,1.0909,0.7774,-12.8694,-13.9603,5,5,1,0
1R0R_E_I__A__I27M,A,1R0R_E_I,I,G,27,,M,-0.7765,0.0656,-15.5738,-14.7973,5,5,1,0
1XGQ_AB_C__A__B33F,A,1XGQ_AB_C,B,V,33,,F,0.4195,0.4402,-11.7745,-12.1939,5,5,1,0
2BNR_ABC_DE__A__A150G,A,2BNR_ABC_DE,A,A,150,,G,0.4757,0.0004,-21.2587,-21.7344,5,5,1,0
2JEL_LH_P__A__P36Q,A,2JEL_LH_P,P,T,36,,Q,-0.0428,0.108,-10.1006,-10.0578,5,5,1,0
2WPT_A_B__A__A27A,A,2WPT_A_B,A,E,27,,A,2.5721,0.1987,-16.0735,-18.6456,5,5,1,0
3BT1_A_U__A__U142A,A,3BT1_A_U,U,L,142,,A,0.3755,0.0667,-23.1026,-23.4781,5,5,1,0
3HFM_HL_Y__A__Y15A,A,3HFM_HL_Y,Y,H,15,,A,0.1797,0.004,-5.203,-5.3827,5,5,1,0
3NCB_A_B__A__A167H,A,3NCB_A_B,A,A,167,,H,-0.5233,0.0833,-24.6829,-24.1596,5,5,1,0
3QHY_A_B__A__B151A,A,3QHY_A_B,B,Y,151,,A,3.6682,0.2324,-12.4055,-16.0738,5,5,1,0
3SE4_B_C__A__B134R,A,3SE4_B_C,B,K,134,,R,-0.3441,0.1214,-21.1479,-20.8038,5,5,1,0
3SGB_E_I__A__I8T,A,3SGB_E_I,I,P,8,,T,0.4048,0.0328,-11.9493,-12.3541,5,5,1,0
3SGB_E_I__A__I15C,A,3SGB_E_I,I,R,15,,C,-1.1877,0.02,-13.4616,-12.2739,5,5,1,0
4CVW_A_C__A__C31A,A,4CVW_A_C,C,R,31,,A,3.5327,0.2972,-23.9523,-27.485,5,5,1,0
4L3E_ABC_DE__A__A65A,A,4L3E_ABC_DE,A,R,65,,A,1.5742,0.0635,-16.2219,-17.796,5,5,1,0
4PWX_AB_CD__A__A205A,A,4PWX_AB_CD,A,Q,205,,A,-0.1425,0.0309,-12.2489,-12.1064,5,5,1,0
5M2O_A_B__A__A120A,A,5M2O_A_B,A,N,120,,A,0.84,0.0238,-22.8352,-23.6752,5,5,1,0
1A22_A_B__A__B11M,A,1A22_A_B,B,R,11,,M,4.2101,0.5431,-29.5075,-33.7176,5,5,1,0
1AO7_ABC_DE__A__C1A,A,1AO7_ABC_DE,C,L,1,,A,0.5159,0.2334,-16.618,-17.1339,5,5,1,0
1BP3_A_B__A__A168A,A,1BP3_A_B,A,K,168,,A,1.0043,0.3876,-21.5451,-22.5494,5,5,1,0
1CBW_FGH_I__A__I17A,A,1CBW_FGH_I,I,R,17,,A,0.6815,0.3815,-10.3518,-11.0333,5,5,1,0
1CHO_EFG_I__A__I17A,A,1CHO_EFG_I,I,Y,17,,A,0.5379,0.0396,-15.7087,-16.2467,5,5,1,0
1DAN_HL_UT__A__T40F,A,1DAN_HL_UT,T,W,40,,F,-1.1184,0.2955,-28.3488,-27.2304,5,5,1,0
1EMV_A_B__A__A28A,A,1EMV_A_B,A,E,28,,A,4.163,0.2073,-18.2134,-22.3764,5,5,1,0
1GCQ_AB_C__A__C21V,A,1GCQ_AB_C,C,G,21,,V,7.7361,2.9329,-19.4259,-27.162,5,5,1,0
1JTD_A_B__A__B12A,A,1JTD_A_B,B,N,12,,A,1.9952,0.0864,-15.6611,-17.6563,5,5,1,0
1KNE_A_P__A__P2I,A,1KNE_A_P,P,T,2,,I,-0.6012,0.0206,-12.0635,-11.4623,5,5,1,0
1MI5_ABC_DE__A__E98A,A,1MI5_ABC_DE,E,Y,98,,A,3.3858,0.3894,-17.5089,-20.8948,5,5,1,0
1PPF_E_I__A__I15T,A,1PPF_E_I,I,A,15,,T,0.4303,0.0815,-18.513,-18.9433,5,5,1,0
1PPF_E_I__A__I32C,A,1PPF_E_I,I,G,32,,C,5.0722,0.1219,-13.96,-19.0322,5,5,1,0
1R0R_E_I__A__I12G,A,1R0R_E_I,I,T,12,,G,0.7911,0.1729,-13.1565,-13.9476,5,5,1,0
1R0R_E_I__A__I27N,A,1R0R_E_I,I,G,27,,N,0.0728,0.1919,-13.2419,-13.3147,5,5,1,0
1XGQ_AB_C__A__B33I,A,1XGQ_AB_C,B,V,33,,I,-0.4061,0.0322,-12.636,-12.23,5,5,1,0
2BNR_ABC_DE__A__A151A,A,2BNR_ABC_DE,A,H,151,,A,0.0038,0.5299,-21.0659,-21.0697,5,5,1,0
2JEL_LH_P__A__P41C,A,2JEL_LH_P,P,S,41,,C,0.4485,0.1128,-9.6095,-10.0581,5,5,1,0
2WPT_A_B__A__A30A,A,2WPT_A_B,A,D,30,,A,1.2976,0.0557,-17.1393,-18.4369,5,5,1,0
3BT1_A_U__A__U148A,A,3BT1_A_U,U,L,148,,A,1.726,0.039,-22.1289,-23.8549,5,5,1,0
3HFM_HL_Y__A__Y19D,A,3HFM_HL_Y,Y,N,19,,D,-0.0407,0.0144,-5.4429,-5.4022,5,5,1,0
3NCC_A_B__A__B188H,A,3NCC_A_B,B,A,188,,H,-0.2458,3.1,-24.3444,-24.0986,5,5,1,0
3QHY_A_B__A__B166A,A,3QHY_A_B,B,D,166,,A,0.2617,0.1914,-15.7343,-15.996,5,5,1,0
3SE4_B_C__A__C36A,A,3SE4_B_C,C,T,36,,A,0.3731,0.5429,-20.4776,-20.8507,5,5,1,0
3SGB_E_I__A__I8V,A,3SGB_E_I,I,P,8,,V,0.0,0.0461,-12.3544,-12.3544,5,5,1,0
3SGB_E_I__A__I15D,A,3SGB_E_I,I,R,15,,D,-0.1355,0.0203,-12.4094,-12.2739,5,5,1,0
4CVW_A_C__A__C31W,A,4CVW_A_C,C,R,31,,W,1.3431,0.3043,-26.1419,-27.485,5,5,1,0
4L3E_ABC_DE__A__A155A,A,4L3E_ABC_DE,A,Q,155,,A,0.3905,0.0579,-15.4714,-15.8618,5,5,1,0
4PWX_AB_CD__A__A246K,A,4PWX_AB_CD,A,E,246,,K,1.0883,0.1054,-11.6158,-12.7041,5,5,1,0
5M2O_A_B__A__B17A,A,5M2O_A_B,B,I,17,,A,1.8878,0.0779,-21.9084,-23.7962,5,5,1,0
1A22_A_B__A__B12A,A,1A22_A_B,B,E,12,,A,0.6744,0.1547,-32.5957,-33.2701,5,5,1,0
1AO7_ABC_DE__A__C5A,A,1AO7_ABC_DE,C,Y,5,,A,4.5236,0.0992,-12.4971,-17.0207,5,5,1,0
1BP3_A_B__A__A170A,A,1BP3_A_B,A,E,170,,A,0.1913,0.2442,-22.2167,-22.4079,5,5,1,0
1CBW_FGH_I__A__I18A,A,1CBW_FGH_I,I,I,18,,A,0.3002,0.1616,-10.508,-10.8083,5,5,1,0
1CHO_EFG_I__A__I17C,A,1CHO_EFG_I,I,Y,17,,C,0.8411,0.0456,-15.4056,-16.2467,5,5,1,0
1DAN_HL_UT__A__T41A,A,1DAN_HL_UT,T,K,41,,A,1.1582,0.605,-26.8915,-28.0497,5,5,1,0
1EMV_A_B__A__A31A,A,1EMV_A_B,A,L,31,,A,1.1499,0.0209,-21.0399,-22.1898,5,5,1,0
1GCQ_AB_C__A__C42G,A,1GCQ_AB_C,C,A,42,,G,1.6964,0.1005,-26.1408,-27.8371,5,5,1,0
1JTD_A_B__A__B14A,A,1JTD_A_B,B,D,14,,A,0.4571,0.0107,-17.1021,-17.5592,5,5,1,0
1KNE_A_P__A__P2K,A,1KNE_A_P,P,T,2,,K,-0.818,0.3327,-12.4349,-11.6169,5,5,1,0
1MLC_AB_E__A__A32G,A,1MLC_AB_E,A,N,32,,G,0.5433,0.1308,-13.0094,-13.5526,5,5,1,0
1PPF_E_I__A__I15V,A,1PPF_E_I,I,A,15,,V,-1.1764,0.1197,-20.1489,-18.9725,5,5,1,0
1PPF_E_I__A__I32D,A,1PPF_E_I,I,G,32,,D,9.8646,1.2431,-9.0677,-18.9323,5,5,1,0
1R0R_E_I__A__I12H,A,1R0R_E_I,I,T,12,,H,-0.2766,0.2551,-14.2254,-13.9488,5,5,1,0
1R0R_E_I__A__I27P,A,1R0R_E_I,I,G,27,,P,-0.1232,0.0373,-13.4528,-13.3296,5,5,1,0
1XGQ_AB_C__A__B33L,A,1XGQ_AB_C,B,V,33,,L,-0.8841,0.0273,-13.114,-12.23,5,5,1,0
2BNR_ABC_DE__A__A154A,A,2BNR_ABC_DE,A,E,154,,A,0.0699,0.1054,-21.6184,-21.6883,5,5,1,0
2JEL_LH_P__A__P64T,A,2JEL_LH_P,P,S,64,,T,-0.4771,0.1163,-10.6622,-10.1851,5,5,1,0
2WPT_A_B__A__A30L,A,2WPT_A_B,A,D,30,,L,0.2626,0.1679,-18.1884,-18.4509,5,5,1,0
3BT1_A_U__A__U149A,A,3BT1_A_U,U,P,149,,A,0.4002,0.0018,-23.014,-23.4142,5,5,1,0
3HFM_HL_Y__A__Y19K,A,3HFM_HL_Y,Y,N,19,,K,0.0139,0.0178,-5.386,-5.3999,5,5,1,0
3NGB_HL_G__A__H30A,A,3NGB_HL_G,H,I,30,,A,0.0076,0.0053,-16.8608,-16.8684,5,5,1,0
3QHY_A_B__A__B168A,A,3QHY_A_B,B,Y,168,,A,1.6072,0.1021,-14.3576,-15.9647,5,5,1,0
3SE4_B_C__A__C38A,A,3SE4_B_C,C,M,38,,A,2.4124,0.0202,-18.85,-21.2624,5,5,1,0
3SGB_E_I__A__I8W,A,3SGB_E_I,I,P,8,,W,-0.2191,0.3297,-12.4136,-12.1946,5,5,1,0
3SGB_E_I__A__I15E,A,3SGB_E_I,I,R,15,,E,-0.1032,0.0262,-12.3772,-12.2739,5,5,1,0
4CVW_A_C__A__C34G,A,4CVW_A_C,C,L,34,,G,3.1735,0.1946,-24.6273,-27.8008,5,5,1,0
4L3E_ABC_DE__A__A166A,A,4L3E_ABC_DE,A,E,166,,A,0.1686,0.0041,-15.1095,-15.2781,5,5,1,0
4PWX_AB_CD__A__B65A,A,4PWX_AB_CD,B,K,65,,A,0.5571,0.1267,-11.4899,-12.047,5,5,1,0
5M2O_A_B__A__B18A,A,5M2O_A_B,B,S,18,,A,1.3892,0.2532,-22.559,-23.9482,5,5,1,0
1A22_A_B__A__B30A,A,1A22_A_B,B,R,30,,A,2.3863,1.4659,-31.0585,-33.4447,5,5,1,0
1AO7_ABC_DE__A__C5F,A,1AO7_ABC_DE,C,Y,5,,F,2.121,0.1439,-14.8954,-17.0163,5,5,1,0
1BP3_A_B__A__A171S,A,1BP3_A_B,A,T,171,,S,0.3743,0.0063,-22.0224,-22.3967,5,5,1,0
1CBW_FGH_I__A__I19A,A,1CBW_FGH_I,I,I,19,,A,0.4644,0.0344,-10.3123,-10.7767,5,5,1,0
1CHO_EFG_I__A__I17D,A,1CHO_EFG_I,I,Y,17,,D,1.5644,0.1359,-14.6253,-16.1897,5,5,1,0
1DAN_HL_UT__A__T42A,A,1DAN_HL_UT,T,S,42,,A,0.0373,0.0,-26.9506,-26.9879,5,5,1,0
1EMV_A_B__A__A32A,A,1EMV_A_B,A,V,32,,A,1.1257,0.0,-21.2304,-22.3561,5,5,1,0
1GCQ_AB_C__A__C47Y,A,1GCQ_AB_C,C,W,47,,Y,1.8781,0.0569,-25.4401,-27.3182,5,5,1,0
1JTD_A_B__A__B15A,A,1JTD_A_B,B,W,15,,A,3.2356,0.3251,-14.9128,-18.1484,5,5,1,0
1KNE_A_P__A__P2L,A,1KNE_A_P,P,T,2,,L,-0.8297,0.2529,-12.3872,-11.5575,5,5,1,0
1MLC_AB_E__A__A32Y,A,1MLC_AB_E,A,N,32,,Y,-0.9046,0.322,-14.4055,-13.5009,5,5,1,0
1PPF_E_I__A__I15W,A,1PPF_E_I,I,A,15,,W,0.0533,0.4354,-18.7775,-18.8308,5,5,1,0
1PPF_E_I__A__I32E,A,1PPF_E_I,I,G,32,,E,10.1176,1.3771,-8.8626,-18.9803,5,5,1,0
1R0R_E_I__A__I12I,A,1R0R_E_I,I,T,12,,I,-1.5548,0.2247,-15.5426,-13.9877,5,5,1,0
1R0R_E_I__A__I27Q,A,1R0R_E_I,I,G,27,,Q,-0.6301,0.4356,-15.4274,-14.7973,5,5,1,0
1XGR_AB_C__A__B33A,A,1XGR_AB_C,B,I,33,,A,1.5307,0.247,-12.592,-14.1227,5,5,1,0
2BNR_ABC_DE__A__A155A,A,2BNR_ABC_DE,A,Q,155,,A,0.6074,0.2368,-20.9514,-21.5587,5,5,1,0
2JEL_LH_P__A__P66K,A,2JEL_LH_P,P,E,66,,K,0.4763,0.4264,-9.6198,-10.0961,5,5,1,0
2WPT_A_B__A__A31A,A,2WPT_A_B,A,N,31,,A,0.4352,0.0764,-18.6196,-19.0549,5,5,1,0
3BT1_A_U__A__U164A,A,3BT1_A_U,U,H,164,,A,1.6125,0.3712,-23.2295,-24.842,5,5,1,0
3HFM_HL_Y__A__Y19Q,A,3HFM_HL_Y,Y,N,19,,Q,0.0943,0.0341,-5.2976,-5.3919,5,5,1,0
3NGB_HL_G__A__H30T,A,3NGB_HL_G,H,I,30,,T,0.008,0.0087,-16.8604,-16.8684,5,5,1,0
3QHY_A_B__A__B169A,A,3QHY_A_B,B,F,169,,A,1.0948,0.3925,-14.9571,-16.0519,5,5,1,0
3SE4_B_C__A__C38V,A,3SE4_B_C,C,M,38,,V,1.2864,0.0239,-19.976,-21.2624,5,5,1,0
3SGB_E_I__A__I8Y,A,3SGB_E_I,I,P,8,,Y,0.1525,0.2485,-11.8738,-12.0263,5,5,1,0
3SGB_E_I__A__I15F,A,3SGB_E_I,I,R,15,,F,0.0722,0.0214,-12.2019,-12.2741,5,5,1,0
4CVW_A_C__A__C34W,A,4CVW_A_C,C,L,34,,W,0.5383,0.7412,-28.3005,-28.8388,5,5,1,0
4L3E_ABC_DE__A__D26A,A,4L3E_ABC_DE,D,Y,26,,A,0.5648,0.2063,-15.1809,-15.7457,5,5,1,0
4PWX_AB_CD__A__B65D,A,4PWX_AB_CD,B,K,65,,D,0.2447,0.3511,-11.917,-12.1617,5,5,1,0
5M2O_A_B__A__B21A,A,5M2O_A_B,B,V,21,,A,2.1782,0.0024,-21.5325,-23.7107,5,5,1,0
1A22_A_B__A__B33A,A,1A22_A_B,B,Q,33,,A,0.3005,0.1393,-32.8054,-33.1059,5,5,1,0
1AO7_ABC_DE__A__C5W,A,1AO7_ABC_DE,C,Y,5,,W,1.2474,0.1405,-15.7872,-17.0347,5,5,1,0
1BP3_A_B__A__A174A,A,1BP3_A_B,A,R,174,,A,1.4746,0.2896,-21.0723,-22.5469,5,5,1,0
1CBW_FGH_I__A__I37A,A,1CBW_FGH_I,I,G,37,,A,1.8789,0.5168,-8.7348,-10.6137,5,5,1,0
1CHO_EFG_I__A__I17E,A,1CHO_EFG_I,I,Y,17,,E,1.1623,0.1934,-15.1813,-16.3436,5,5,1,0
1DAN_HL_UT__A__T43A,A,1DAN_HL_UT,T,K,43,,A,0.5681,0.7797,-27.9674,-28.5356,5,5,1,0
1EMV_A_B__A__A35A,A,1EMV_A_B,A,V,35,,A,1.1496,0.0099,-21.3663,-22.5159,5,5,1,0
1GCQ_AB_C__A__C67A,A,1GCQ_AB_C,C,P,67,,A,0.4145,0.0276,-26.9416,-27.3561,5,5,1,0
1JTD_A_B__A__B19A,A,1JTD_A_B,B,T,19,,A,1.1142,0.1449,-17.6698,-18.784,5,5,1,0
1KTZ_A_B__A__A13A,A,1KTZ_A_B,A,R,13,,A,3.9773,0.223,-13.6567,-17.6339,5,5,1,0
1MLC_AB_E__A__A92A,A,1MLC_AB_E,A,N,92,,A,-0.2639,0.3285,-14.1147,-13.8508,5,5,1,0
1PPF_E_I__A__I15Y,A,1PPF_E_I,I,A,15,,Y,-0.0453,0.4795,-18.9887,-18.9434,5,5,1,0
1PPF_E_I__A__I32F,A,1PPF_E_I,I,G,32,,F,8.1073,4.6622,-10.7962,-18.9034,5,5,1,0
1R0R_E_I__A__I12K,A,1R0R_E_I,I,T,12,,K,-0.4123,0.2932,-14.3352,-13.9229,5,5,1,0
1R0R_E_I__A__I27R,A,1R0R_E_I,I,G,27,,R,-0.1076,0.8384,-14.5993,-14.4917,5,5,1,0
1XGR_AB_C__A__B33F,A,1XGR_AB_C,B,I,33,,F,2.3416,0.3741,-11.3527,-13.6943,5,5,1,0
2BNR_ABC_DE__A__A163A,A,2BNR_ABC_DE,A,T,163,,A,0.0859,0.0045,-21.651,-21.7369,5,5,1,0
2JEL_LH_P__A__P68A,A,2JEL_LH_P,P,E,68,,A,0.3033,0.1636,-9.7086,-10.0119,5,5,1,0
2WPT_A_B__A__A31V,A,2WPT_A_B,A,N,31,,V,-0.5171,0.1952,-19.6917,-19.1745,5,5,1,0
3BT1_A_U__A__U166A,A,3BT1_A_U,U,L,166,,A,0.4608,0.019,-22.9247,-23.3855,5,5,1,0
3HFM_HL_Y__A__Y20A,A,3HFM_HL_Y,Y,Y,20,,A,1.953,0.4346,-4.1623,-6.1153,5,5,1,0
3NGB_HL_G__A__H47A,A,3NGB_HL_G,H,W,47,,A,0.677,0.0395,-16.1602,-16.8372,5,5,1,0
3QHY_A_B__A__B189A,A,3QHY_A_B,B,I,189,,A,0.992,0.603,-15.0141,-16.0061,5,5,1,0
3SE4_B_C__A__C39A,A,3SE4_B_C,C,S,39,,A,-0.142,0.3829,-20.9476,-20.8056,5,5,1,0
3SGB_E_I__A__I9C,A,3SGB_E_I,I,A,9,,C,0.0279,0.1368,-12.5298,-12.5577,5,5,1,0
3SGB_E_I__A__I15G,A,3SGB_E_I,I,R,15,,G,-0.0142,0.02,-12.2881,-12.2739,5,5,1,0
4CVW_A_C__A__C35D,A,4CVW_A_C,C,V,35,,D,2.0034,0.1922,-25.5621,-27.5655,5,5,1,0
4L3E_ABC_DE__A__D50A,A,4L3E_ABC_DE,D,Y,50,,A,1.5185,0.0531,-14.3577,-15.8762,5,5,1,0
4PWX_AB_CD__A__B68A,A,4PWX_AB_CD,B,K,68,,A,0.6368,0.0675,-11.549,-12.1858,5,5,1,0
5M2O_A_B__A__B25A,A,5M2O_A_B,B,Q,25,,A,2.6905,0.2309,-21.1244,-23.815,5,5,1,0
1A22_A_B__A__B34A,A,1A22_A_B,B,E,34,,A,0.4062,0.0672,-32.7508,-33.157,5,5,1,0
1AO7_ABC_DE__A__C7R,A,1AO7_ABC_DE,C,V,7,,R,0.4317,0.6373,-17.6384,-18.0702,5,5,1,0
1BP3_A_B__A__A175A,A,1BP3_A_B,A,I,175,,A,0.9904,0.066,-21.6013,-22.5918,5,5,1,0
1CBW_FGH_I__A__I39A,A,1CBW_FGH_I,I,R,39,,A,1.7475,0.0488,-9.0249,-10.7724,5,5,1,0
1CHO_EFG_I__A__I17F,A,1CHO_EFG_I,I,Y,17,,F,-0.1783,0.0109,-16.4473,-16.269,5,5,1,0
1DAN_HL_UT__A__T45A,A,1DAN_HL_UT,T,F,45,,A,2.3697,0.0608,-24.5523,-26.922,5,5,1,0
1EMV_A_B__A__A36A,A,1EMV_A_B,A,T,36,,A,0.02,0.0,-22.3361,-22.3561,5,5,1,0
1GL0_E_I__A__I28K,A,1GL0_E_I,I,M,28,,K,0.1645,0.1425,-13.6892,-13.8537,5,5,1,0
1JTD_A_B__A__B35A,A,1JTD_A_B,B,Y,35,,A,1.4758,0.8094,-15.886,-17.3618,5,5,1,0
1KTZ_A_B__A__A13K,A,1KTZ_A_B,A,R,13,,K,3.503,0.2865,-14.0374,-17.5404,5,5,1,0
1MLC_AB_E__A__B31A,A,1MLC_AB_E,B,T,31,,A,0.4694,0.0009,-13.0116,-13.4811,5,5,1,0
1PPF_E_I__A__I17A,A,1PPF_E_I,I,T,17,,A,0.2983,0.0375,-18.6619,-18.9603,5,5,1,0
1PPF_E_I__A__I32H,A,1PPF_E_I,I,G,32,,H,12.3889,3.2789,-6.5954,-18.9843,5,5,1,0
1R0R_E_I__A__I12L,A,1R0R_E_I,I,T,12,,L,-1.5852,0.0944,-15.0,-13.4148,5,5,1,0
1R0R_E_I__A__I27S,A,1R0R_E_I,I,G,27,,S,0.0185,0.0367,-13.3111,-13.3296,5,5,1,0
1XGR_AB_C__A__B33L,A,1XGR_AB_C,B,I,33,,L,-0.3491,0.0658,-13.9399,-13.5908,5,5,1,0
2BTF_A_P__A__P59A,A,2BTF_A_P,P,F,59,,A,0.7154,0.0152,-17.8881,-18.6035,5,5,1,0
2JEL_LH_P__A__P70A,A,2JEL_LH_P,P,E,70,,A,2.0498,0.0878,-9.1899,-11.2398,5,5,1,0
2WPT_A_B__A__A34A,A,2WPT_A_B,A,V,34,,A,1.3709,0.089,-17.186,-18.5569,5,5,1,0
3BT1_A_U__A__U252A,A,3BT1_A_U,U,D,252,,A,-0.1877,0.0044,-23.5993,-23.4115,5,5,1,0
3HFM_HL_Y__A__Y20F,A,3HFM_HL_Y,Y,Y,20,,F,0.2512,0.0842,-5.8581,-6.1093,5,5,1,0
3NGB_HL_G__A__H50A,A,3NGB_HL_G,H,W,50,,A,0.6436,0.2411,-16.358,-17.0016,5,5,1,0
3QHY_A_B__A__B190A,A,3QHY_A_B,B,F,190,,A,2.737,0.2395,-13.297,-16.0339,5,5,1,0
3SE4_B_C__A__C68A,A,3SE4_B_C,C,H,68,,A,0.3265,0.1689,-20.3352,-20.6617,5,5,1,0
3SGB_E_I__A__I9D,A,3SGB_E_I,I,A,9,,D,1.2169,0.3289,-11.0679,-12.2848,5,5,1,0
3SGB_E_I__A__I15H,A,3SGB_E_I,I,R,15,,H,-0.3044,0.0203,-12.5785,-12.2741,5,5,1,0
4E6K_AB_G__A__G2F,A,4E6K_AB_G,G,Y,2,,F,-0.0296,0.0752,-10.6134,-10.5838,5,5,1,0
4L3E_ABC_DE__A__E48A,A,4L3E_ABC_DE,E,Y,48,,A,-0.0185,0.3524,-17.5253,-17.5067,5,5,1,0
4PWX_AB_CD__A__B68D,A,4PWX_AB_CD,B,K,68,,D,0.5342,0.0574,-11.6767,-12.2109,5,5,1,0
5M2O_A_B__A__B32A,A,5M2O_A_B,B,K,32,,A,0.7941,0.0871,-22.6274,-23.4215,5,5,1,0
1A22_A_B__A__B35A,A,1A22_A_B,B,W,35,,A,4.2616,0.1474,-28.8517,-33.1133,5,5,1,0
1AO7_ABC_DE__A__C8A,A,1AO7_ABC_DE,C,Y,8,,A,1.4499,0.1939,-15.6737,-17.1236,5,5,1,0
1BP3_A_B__A__A175M,A,1BP3_A_B,A,I,175,,M,-0.0848,0.3373,-22.488,-22.4032,5,5,1,0
1CHO_EFG_I__A__I11A,A,1CHO_EFG_I,I,P,11,,A,0.307,0.2411,-15.9142,-16.2212,5,5,1,0
1CHO_EFG_I__A__I17G,A,1CHO_EFG_I,I,Y,17,,G,1.1586,0.0283,-14.9238,-16.0825,5,5,1,0
1DAN_HL_UT__A__T46A,A,1DAN_HL_UT,T,Y,46,,A,0.5123,0.1849,-26.4271,-26.9394,5,5,1,0
1EMV_A_B__A__A39A,A,1EMV_A_B,A,E,39,,A,1.7314,0.1051,-20.9292,-22.6606,5,5,1,0
1GL1_A_I__A__I29V,A,1GL1_A_I,I,L,29,,V,2.1974,0.2922,-11.1978,-13.3952,5,5,1,0
1JTD_A_B__A__B36A,A,1JTD_A_B,B,F,36,,A,1.3291,0.2624,-16.3381,-17.6672,5,5,1,0
1KTZ_A_B__A__A62I,A,1KTZ_A_B,A,V,62,,I,-0.5779,0.019,-17.2957,-16.7177,5,5,1,0
1MLC_AB_E__A__B31V,A,1MLC_AB_E,B,T,31,,V,-0.1444,0.0065,-13.6251,-13.4807,5,5,1,0
1PPF_E_I__A__I17C,A,1PPF_E_I,I,T,17,,C,-0.2284,0.0802,-19.2459,-19.0175,5,5,1,0
1PPF_E_I__A__I32I,A,1PPF_E_I,I,G,32,,I,14.9053,0.5554,-4.1301,-19.0354,5,5,1,0
1R0R_E_I__A__I12M,A,1R0R_E_I,I,T,12,,M,-0.635,0.2901,-14.3623,-13.7273,5,5,1,0
1R0R_E_I__A__I27T,A,1R0R_E_I,I,G,27,,T,-0.3468,0.0365,-13.6764,-13.3296,5,5,1,0
1XGR_AB_C__A__B33V,A,1XGR_AB_C,B,I,33,,V,0.4796,0.0138,-13.1113,-13.5909,5,5,1,0
2BTF_A_P__A__P60E,A,2BTF_A_P,P,V,60,,E,-0.4605,0.046,-19.1052,-18.6447,5,5,1,0
2JEL_LH_P__A__P70K,A,2JEL_LH_P,P,E,70,,K,1.8713,0.414,-9.6035,-11.4748,5,5,1,0
2WPT_A_B__A__A35A,A,2WPT_A_B,A,R,35,,A,0.0289,0.11,-18.444,-18.473,5,5,1,0
3BT1_A_U__A__U253S,A,3BT1_A_U,U,A,253,,S,0.1866,0.0011,-23.2274,-23.414,5,5,1,0
3HFM_HL_Y__A__Y20L,A,3HFM_HL_Y,Y,Y,20,,L,1.024,0.4802,-4.9514,-5.9753,5,5,1,0
3NGB_HL_G__A__H52A,A,3NGB_HL_G,H,K,52,,A,-0.0018,0.0221,-16.5404,-16.5385,5,5,1,0
3QHY_A_B__A__B208A,A,3QHY_A_B,B,Y,208,,A,0.1917,0.2926,-15.7027,-15.8943,5,5,1,0
3SE4_B_C__A__C69A,A,3SE4_B_C,C,E,69,,A,0.0656,0.0728,-20.7292,-20.7948,5,5,1,0
3SGB_E_I__A__I9E,A,3SGB_E_I,I,A,9,,E,0.0744,0.1535,-12.4836,-12.5579,5,5,1,0
3SGB_E_I__A__I15I,A,3SGB_E_I,I,R,15,,I,-0.3195,0.0239,-12.5934,-12.2739,5,5,1,0
4E6K_AB_G__A__G5A,A,4E6K_AB_G,G,L,5,,A,3.3627,0.0322,-7.2439,-10.6065,5,5,1,0
4MNQ_ABC_DE__A__C4A,A,4MNQ_ABC_DE,C,K,4,,A,3.0223,0.2628,-20.3408,-23.3631,5,5,1,0
4PWX_AB_CD__A__B71A,A,4PWX_AB_CD,B,R,71,,A,1.4811,0.0455,-10.6444,-12.1255,5,5,1,0
5M2O_A_B__A__B61A,A,5M2O_A_B,B,Q,61,,A,1.1756,0.3212,-22.84,-24.0156,5,5,1,0
1A22_A_B__A__B57A,A,1A22_A_B,B,S,57,,A,-0.0505,0.0,-33.2086,-33.1581,5,5,1,0
1AO7_ABC_DE__A__D26A,A,1AO7_ABC_DE,D,D,26,,A,-0.2626,0.0929,-17.3712,-17.1087,5,5,1,0
1BP3_A_B__A__A179A,A,1BP3_A_B,A,R,179,,A,0.5131,0.0303,-22.0243,-22.5374,5,5,1,0
1CHO_EFG_I__A__I11C,A,1CHO_EFG_I,I,P,11,,C,0.1186,0.217,-16.1026,-16.2212,5,5,1,0
1CHO_EFG_I__A__I17H,A,1CHO_EFG_I,I,Y,17,,H,0.4105,0.0497,-15.8612,-16.2717,5,5,1,0
1DAN_HL_UT__A__T53A,A,1DAN_HL_UT,T,D,53,,A,1.2091,0.4493,-26.8588,-28.068,5,5,1,0
1EMV_A_B__A__A45A,A,1EMV_A_B,A,P,45,,A,0.1656,0.0,-22.1917,-22.3573,5,5,1,0
1GUA_A_B__A__A37A,A,1GUA_A_B,A,E,37,,A,4.5094,0.0833,-16.8506,-21.36,5,5,1,0
1JTD_A_B__A__B53A,A,1JTD_A_B,B,L,53,,A,0.2578,0.407,-16.754,-17.0118,5,5,1,0
1KTZ_A_B__A__A64A,A,1KTZ_A_B,A,R,64,,A,5.2065,0.0032,-11.504,-16.7104,5,5,1,0
1MLC_AB_E__A__B31W,A,1MLC_AB_E,B,T,31,,W,-0.541,0.0113,-14.0221,-13.4811,5,5,1,0
1PPF_E_I__A__I17D,A,1PPF_E_I,I,T,17,,D,2.9612,0.1212,-16.0523,-19.0135,5,5,1,0
1PPF_E_I__A__I32K,A,1PPF_E_I,I,G,32,,K,12.0623,2.6618,-6.8665,-18.9288,5,5,1,0
1R0R_E_I__A__I12N,A,1R0R_E_I,I,T,12,,N,0.1739,0.5778,-13.5521,-13.726,5,5,1,0
1R0R_E_I__A__I27V,A,1R0R_E_I,I,G,27,,V,-0.3606,0.051,-15.1579,-14.7973,5,5,1,0
1XGT_AB_C__A__B33A,A,1XGT_AB_C,B,L,33,,A,1.4248,0.1119,-12.8148,-14.2396,5,5,1,0
2BTF_A_P__A__P120F,A,2BTF_A_P,P,G,120,,F,4.035,2.7306,-15.5687,-19.6037,5,5,1,0
2JEL_LH_P__A__P71E,A,2JEL_LH_P,P,Q,71,,E,1.0333,0.0633,-10.7295,-11.7628,5,5,1,0
2WPT_A_B__A__A35T,A,2WPT_A_B,A,R,35,,T,-0.174,0.3459,-18.5819,-18.4079,5,5,1,0
3BT1_A_U__A__U255A,A,3BT1_A_U,U,S,255,,A,-0.0629,0.0004,-23.4263,-23.3634,5,5,1,0
3HFM_HL_Y__A__Y21A,A,3HFM_HL_Y,Y,R,21,,A,0.3099,0.4858,-6.0096,-6.3194,5,5,1,0
3NGB_HL_G__A__H52N,A,3NGB_HL_G,H,K,52,,N,0.1016,0.136,-16.3828,-16.4844,5,5,1,0
3QHY_A_B__A__B228A,A,3QHY_A_B,B,E,228,,A,-2.1509,0.4281,-18.2346,-16.0838,5,5,1,0
3SE4_B_C__A__C72A,A,3SE4_B_C,C,V,72,,A,1.3423,0.0375,-19.607,-20.9493,5,5,1,0
3SGB_E_I__A__I9F,A,3SGB_E_I,I,A,9,,F,0.4564,1.1156,-12.0434,-12.4997,5,5,1,0
3SGB_E_I__A__I15K,A,3SGB_E_I,I,R,15,,K,-0.1274,0.043,-12.4014,-12.2739,5,5,1,0
4E6K_AB_G__A__G40A,A,4E6K_AB_G,G,K,40,,A,1.2617,0.2676,-9.6356,-10.8973,5,5,1,0
4MNQ_ABC_DE__A__C6A,A,4MNQ_ABC_DE,C,L,6,,A,2.7307,0.0184,-20.4155,-23.1462,5,5,1,0
4PWX_AB_CD__A__B269A,A,4PWX_AB_CD,B,R,269,,A,0.9304,1.4545,-12.2629,-13.1933,5,5,1,0
5M2O_A_B__A__B65A,A,5M2O_A_B,B,L,65,,A,2.8805,0.228,-21.0863,-23.9667,5,5,1,0
1A22_A_B__A__B60A,A,1A22_A_B,B,T,60,,A,0.0693,0.0,-33.0888,-33.1581,5,5,1,0
1AO7_ABC_DE__A__D26M,A,1AO7_ABC_DE,D,D,26,,M,-1.353,0.0335,-18.4286,-17.0756,5,5,1,0
1BP3_A_B__A__A184A,A,1BP3_A_B,A,S,184,,A,-0.001,0.0,-22.4128,-22.4118,5,5,1,0
1CHO_EFG_I__A__I11D,A,1CHO_EFG_I,I,P,11,,D,-0.373,0.2324,-16.5942,-16.2212,5,5,1,0
1CHO_EFG_I__A__I17I,A,1CHO_EFG_I,I,Y,17,,I,0.2423,0.2165,-16.0398,-16.2821,5,5,1,0
1DAN_HL_UT__A__T53E,A,1DAN_HL_UT,T,D,53,,E,1.3483,0.8757,-26.568,-27.9163,5,5,1,0
1EMV_A_B__A__A46A,A,1EMV_A_B,A,S,46,,A,-0.0644,0.0832,-22.3443,-22.2799,5,5,1,0
1GUA_A_B__A__A39A,A,1GUA_A_B,A,S,39,,A,-0.1264,0.0,-21.443,-21.3166,5,5,1,0
1JTD_A_B__A__B74A,A,1JTD_A_B,B,N,74,,A,1.3621,0.675,-15.9324,-17.2945,5,5,1,0
1KTZ_A_B__A__A64K,A,1KTZ_A_B,A,R,64,,K,3.4768,0.1273,-13.2336,-16.7104,5,5,1,0
1MLC_AB_E__A__B57A,A,1MLC_AB_E,B,S,57,,A,-0.1865,0.0,-13.6672,-13.4807,5,5,1,0
1PPF_E_I__A__I17E,A,1PPF_E_I,I,T,17,,E,0.4671,0.0757,-18.5509,-19.018,5,5,1,0
1PPF_E_I__A__I32L,A,1PPF_E_I,I,G,32,,L,11.7451,1.8391,-7.2436,-18.9888,5,5,1,0
1R0R_E_I__A__I12P,A,1R0R_E_I,I,T,12,,P,0.5562,0.171,-13.3914,-13.9476,5,5,1,0
1R0R_E_I__A__I27W,A,1R0R_E_I,I,G,27,,W,-0.4688,1.0732,-14.345,-13.8762,5,5,1,0
1XGT_AB_C__A__B33F,A,1XGT_AB_C,B,L,33,,F,1.8117,0.3331,-12.1395,-13.9512,5,5,1,0
2BTF_A_P__A__P125A,A,2BTF_A_P,P,K,125,,A,0.8582,0.0,-17.7368,-18.595,5,5,1,0
2JEL_LH_P__A__P72E,A,2JEL_LH_P,P,K,72,,E,-0.5323,0.6191,-10.4534,-9.9211,5,5,1,0
2WPT_A_B__A__A38A,A,2WPT_A_B,A,E,38,,A,1.131,0.2218,-17.6304,-18.7614,5,5,1,0
3BTD_E_I__A__I13K,A,3BTD_E_I,I,D,13,,K,-3.7253,0.374,-11.731,-8.0056,5,5,1,0
3HFM_HL_Y__A__Y21E,A,3HFM_HL_Y,Y,R,21,,E,0.4579,0.736,-5.4561,-5.914,5,5,1,0
3NGB_HL_G__A__H54A,A,3NGB_HL_G,H,R,54,,A,1.3851,0.0,-15.4825,-16.8676,5,5,1,0
3QHY_A_B__A__B229A,A,3QHY_A_B,B,W,229,,A,1.2072,0.5469,-14.9496,-16.1568,5,5,1,0
3SE4_B_C__A__C95A,A,3SE4_B_C,C,I,95,,A,1.9284,0.0749,-19.291,-21.2194,5,5,1,0
3SGB_E_I__A__I9G,A,3SGB_E_I,I,A,9,,G,1.2799,0.0,-11.004,-12.2839,5,5,1,0
3SGB_E_I__A__I15L,A,3SGB_E_I,I,R,15,,L,-0.0717,0.2355,-12.3458,-12.2741,5,5,1,0
4FTV_ABC_DE__A__A65A,A,4FTV_ABC_DE,A,R,65,,A,3.6592,0.5042,-21.6749,-25.3341,5,5,1,0
4MYW_A_B__A__B48A,A,4MYW_A_B,B,I,48,,A,1.8529,0.0264,-21.1545,-23.0074,5,5,1,0
4PWX_AB_CD__A__C16A,A,4PWX_AB_CD,C,Y,16,,A,0.3452,0.3286,-12.7909,-13.1361,5,5,1,0
5TAR_A_B__A__B86A,A,5TAR_A_B,B,E,86,,A,0.9847,0.2088,-5.7409,-6.7255,5,5,1,0
1A22_A_B__A__B61A,A,1A22_A_B,B,S,61,,A,-0.2679,0.0823,-33.4576,-33.1897,5,5,1,0
1AO7_ABC_DE__A__D26V,A,1AO7_ABC_DE,D,D,26,,V,-0.35,0.0893,-17.427,-17.077,5,5,1,0
1BRS_A_D__A__A25A,A,1BRS_A_D,A,K,25,,A,0.6352,0.1707,-17.2288,-17.8639,5,5,1,0
1CHO_EFG_I__A__I11E,A,1CHO_EFG_I,I,P,11,,E,-1.0765,0.2189,-17.2483,-16.1718,5,5,1,0
1CHO_EFG_I__A__I17K,A,1CHO_EFG_I,I,Y,17,,K,0.3563,0.1967,-15.966,-16.3224,5,5,1,0
1DAN_HL_UT__A__T56A,A,1DAN_HL_UT,T,D,56,,A,-0.2529,0.2061,-27.979,-27.7261,5,5,1,0
1EMV_A_B__A__A47A,A,1EMV_A_B,A,G,47,,A,0.1233,0.0445,-22.2328,-22.3561,5,5,1,0
1GUA_A_B__A__B4A,A,1GUA_A_B,B,R,4,,A,3.7554,0.2544,-17.5937,-21.349,5,5,1,0
1JTD_A_B__A__B75A,A,1JTD_A_B,B,Y,75,,A,0.3943,0.4507,-16.4651,-16.8594,5,5,1,0
1KTZ_A_B__A__B3A,A,1KTZ_A_B,B,L,3,,A,1.4375,0.3539,-16.0828,-17.5203,5,5,1,0
1MLC_AB_E__A__B57V,A,1MLC_AB_E,B,S,57,,V,-1.9325,0.0605,-15.4102,-13.4776,5,5,1,0
1PPF_E_I__A__I17F,A,1PPF_E_I,I,T,17,,F,0.7954,1.6355,-18.2364,-19.0318,5,5,1,0
1PPF_E_I__A__I32M,A,1PPF_E_I,I,G,32,,M,8.1605,0.8687,-10.8718,-19.0322,5,5,1,0
1R0R_E_I__A__I12Q,A,1R0R_E_I,I,T,12,,Q,-0.1078,0.1631,-14.0589,-13.9511,5,5,1,0
1R0R_E_I__A__I27Y,A,1R0R_E_I,I,G,27,,Y,-0.2464,0.1858,-13.576,-13.3296,5,5,1,0
1XGT_AB_C__A__B33I,A,1XGT_AB_C,B,L,33,,I,0.4573,0.0495,-14.5144,-14.9718,5,5,1,0
2C5D_A_C__A__C66A,A,2C5D_A_C,C,V,66,,A,0.6705,0.0026,-27.2012,-27.8717,5,5,1,0
2JEL_LH_P__A__P72R,A,2JEL_LH_P,P,K,72,,R,-0.2927,1.1987,-11.1817,-10.889,5,5,1,0
2WPT_A_B__A__A47A,A,2WPT_A_B,A,S,47,,A,0.2445,0.0381,-18.4062,-18.6507,5,5,1,0
3BTE_E_I__A__I13K,A,3BTE_E_I,I,E,13,,K,-5.03,0.8109,-9.3825,-4.3525,5,5,1,0
3HFM_HL_Y__A__Y21G,A,3HFM_HL_Y,Y,R,21,,G,0.5226,0.2444,-6.8803,-7.4029,5,5,1,0
3NGB_HL_G__A__H54N,A,3NGB_HL_G,H,R,54,,N,1.9607,0.3049,-14.736,-16.6967,5,5,1,0
3QHY_A_B__A__B246A,A,3QHY_A_B,B,R,246,,A,0.5984,0.0132,-15.1914,-15.7898,5,5,1,0
3SE8_HL_G__A__H30A,A,3SE8_HL_G,H,R,30,,A,1.4,0.1343,-14.7835,-16.1836,5,5,1,0
3SGB_E_I__A__I9H,A,3SGB_E_I,I,A,9,,H,1.7472,2.068,-10.7413,-12.4885,5,5,1,0
3SGB_E_I__A__I15M,A,3SGB_E_I,I,R,15,,M,0.1396,0.0356,-12.1403,-12.2799,5,5,1,0
4FTV_ABC_DE__A__A163A,A,4FTV_ABC_DE,A,T,163,,A,0.4438,0.3552,-24.9242,-25.368,5,5,1,0
4N8V_G_ABC__A__G38A,A,4N8V_G_ABC,G,K,38,,A,0.0802,0.029,-12.9041,-12.9843,5,5,1,0
4PWX_AB_CD__A__C20A,A,4PWX_AB_CD,C,Q,20,,A,1.1924,0.718,-11.0632,-12.2556,5,5,1,0
5TAR_A_B__A__B88A,A,5TAR_A_B,B,W,88,,A,2.4644,0.1394,-4.4877,-6.9522,5,5,1,0
1A22_A_B__A__A25A,A,1A22_A_B,A,F,25,,A,0.3607,0.0059,-32.8034,-33.1641,5,5,1,0
1AK4_A_D__A__D87R,A,1AK4_A_D,D,H,87,,R,-0.1111,0.222,-11.5803,-11.4692,5,5,1,0
1B41_A_B__A__B47R,A,1B41_A_B,B,N,47,,R,0.2952,0.2465,-26.079,-26.3742,5,5,1,0
1C4Z_ABC_D__A__D61E,A,1C4Z_ABC_D,D,K,61,,E,1.1929,0.2534,-11.0806,-12.2735,5,5,1,0
1CHO_EFG_I__A__I15N,A,1CHO_EFG_I,I,L,15,,N,1.7286,0.0293,-14.7659,-16.4945,5,5,1,0
1CHO_EFG_I__A__I33T,A,1CHO_EFG_I,I,N,33,,T,0.4417,0.2491,-15.8268,-16.2685,5,5,1,0
1E50_A_B__A__A55A,A,1E50_A_B,A,Y,55,,A,1.8313,1.1224,-17.8275,-19.6588,5,5,1,0
1FSS_A_B__A__B32R,A,1FSS_A_B,B,K,32,,R,-0.4894,0.454,-18.1227,-17.6333,5,5,1,0
1JRH_LH_I__A__I43A,A,1JRH_LH_I,I,N,43,,A,-0.0507,0.0469,-19.219,-19.1682,5,5,1,0
1JTG_A_B__A__B163K,A,1JTG_A_B,B,D,163,,K,-1.6824,1.2347,-29.1843,-27.5019,5,5,1,0
1MHP_HL_A__A__L48F,A,1MHP_HL_A,L,L,48,,F,-0.0985,0.0396,-12.3071,-12.2086,5,5,1,0
1PPF_E_I__A__I14H,A,1PPF_E_I,I,P,14,,H,-0.3824,0.0389,-19.341,-18.9586,5,5,1,0
1PPF_E_I__A__I20N,A,1PPF_E_I,I,Y,20,,N,1.9442,0.0531,-17.0219,-18.966,5,5,1,0
1R0R_E_I__A__I9T,A,1R0R_E_I,I,P,9,,T,0.5048,0.0139,-12.7863,-13.291,5,5,1,0
1R0R_E_I__A__I16C,A,1R0R_E_I,I,R,16,,C,1.3196,0.497,-12.4864,-13.8059,5,5,1,0
1VFB_AB_C__A__B54A,A,1VFB_AB_C,B,D,54,,A,1.0128,0.0934,-15.567,-16.5798,5,5,1,0
2AW2_A_B__A__B22A,A,2AW2_A_B,B,Y,22,,A,1.3069,0.0303,-15.0806,-16.3876,5,5,1,0
2HRK_A_B__A__B55V,A,2HRK_A_B,B,T,55,,V,-1.0728,0.3814,-15.5437,-14.4709,5,5,1,0
2PCC_A_B__A__A197A,A,2PCC_A_B,A,V,197,,A,1.2143,0.0771,-5.47,-6.6843,5,5,1,0
3BP8_A_C__A__C51F,A,3BP8_A_C,C,A,51,,F,1.8493,1.6476,-10.969,-12.8183,5,5,1,0
3HFM_HL_Y__A__H32N,A,3HFM_HL_Y,H,D,32,,N,0.0406,0.404,-5.9971,-6.0377,5,5,1,0
3M62_A_B__A__B65A,A,3M62_A_B,B,Q,65,,A,-0.0261,0.0707,-13.659,-13.6329,5,5,1,0
3QDG_ABC_DE__A__E99F,A,3QDG_ABC_DE,E,T,99,,F,4.9165,2.0063,-10.8885,-15.805,5,5,1,0
3S9D_A_B__A__B166A,A,3S9D_A_B,B,H,166,,A,-0.3682,0.2611,-23.0775,-22.7093,5,5,1,0
3SGB_E_I__A__I7I,A,3SGB_E_I,I,K,7,,I,0.2284,0.023,-12.1366,-12.3649,5,5,1,0
3SGB_E_I__A__I13Q,A,3SGB_E_I,I,E,13,,Q,0.4133,0.2193,-11.9245,-12.3378,5,5,1,0
3WWN_A_B__A__A221E,A,3WWN_A_B,A,R,221,,E,4.3543,0.8978,-8.1899,-12.5441,5,5,1,0
4JEU_A_B__A__A37C,A,4JEU_A_B,A,R,37,,C,1.0471,0.63,-58.9525,-59.9996,5,5,1,0
4P23_CD_AB__A__D4A,A,4P23_CD_AB,D,Q,4,,A,0.6363,0.2977,-16.5615,-17.1978,5,5,1,0
5E6P_A_B__A__B42A,A,5E6P_A_B,B,R,42,,A,0.8998,0.1464,-16.9894,-17.8892,5,5,1,0
1A22_A_B__A__B62A,A,1A22_A_B,B,I,62,,A,0.7128,0.0278,-32.4462,-33.159,5,5,1,0
1AO7_ABC_DE__A__D26W,A,1AO7_ABC_DE,D,D,26,,W,-0.9519,0.0733,-18.0531,-17.1012,5,5,1,0
1BRS_A_D__A__A57A,A,1BRS_A_D,A,R,57,,A,4.3512,0.1574,-14.4755,-18.8267,5,5,1,0
1CHO_EFG_I__A__I11F,A,1CHO_EFG_I,I,P,11,,F,-0.0403,0.2646,-16.2753,-16.2351,5,5,1,0
1CHO_EFG_I__A__I17L,A,1CHO_EFG_I,I,Y,17,,L,-0.8809,0.3345,-17.1103,-16.2294,5,5,1,0
1DAN_HL_UT__A__T71A,A,1DAN_HL_UT,T,F,71,,A,0.9309,0.0238,-25.9501,-26.8811,5,5,1,0
1EMV_A_B__A__A48A,A,1EMV_A_B,A,S,48,,A,0.4093,0.0337,-22.0558,-22.4651,5,5,1,0
1GUA_A_B__A__B9A,A,1GUA_A_B,B,N,9,,A,0.9944,0.0,-20.3222,-21.3166,5,5,1,0
1JTD_A_B__A__B93A,A,1JTD_A_B,B,D,93,,A,-0.3432,0.014,-17.9708,-17.6276,5,5,1,0
1KTZ_A_B__A__B6A,A,1KTZ_A_B,B,F,6,,A,2.1731,0.0,-14.5378,-16.7109,5,5,1,0
1N8O_ABC_E__A__E80K,A,1N8O_ABC_E,E,M,80,,K,1.5117,0.187,-17.2809,-18.7926,5,5,1,0
1PPF_E_I__A__I17G,A,1PPF_E_I,I,T,17,,G,1.2947,0.0327,-17.7181,-19.0128,5,5,1,0
1PPF_E_I__A__I32N,A,1PPF_E_I,I,G,32,,N,8.8521,2.0669,-10.1322,-18.9843,5,5,1,0
1R0R_E_I__A__I12R,A,1R0R_E_I,I,T,12,,R,-1.1035,0.1882,-15.0071,-13.9035,5,5,1,0
1REW_AB_C__A__C55A,A,1REW_AB_C,C,Q,55,,A,1.2913,0.0239,-32.4518,-33.7431,5,5,1,0
1XGT_AB_C__A__B33V,A,1XGT_AB_C,B,L,33,,V,1.0181,0.206,-14.1479,-15.166,5,5,1,0
2DVW_A_B__A__A39A,A,2DVW_A_B,A,R,39,,A,3.6359,0.161,-28.0369,-31.6728,5,5,1,0
2JEL_LH_P__A__P75R,A,2JEL_LH_P,P,E,75,,R,-0.029,0.0445,-10.0871,-10.0581,5,5,1,0
2WPT_A_B__A__A48A,A,2WPT_A_B,A,D,48,,A,1.1085,0.1088,-17.6311,-18.7396,5,5,1,0
3BTF_E_I__A__I13K,A,3BTF_E_I,I,F,13,,K,1.4492,0.0846,-9.641,-11.0902,5,5,1,0
3HFM_HL_Y__A__Y21H,A,3HFM_HL_Y,Y,R,21,,H,-0.4106,0.7296,-6.3583,-5.9476,5,5,1,0
3NGB_HL_G__A__H55A,A,3NGB_HL_G,H,G,55,,A,0.4017,0.0279,-16.466,-16.8677,5,5,1,0
3QHY_A_B__A__B264A,A,3QHY_A_B,B,N,264,,A,-0.2641,0.1018,-16.6894,-16.4252,5,5,1,0
3SE8_HL_G__A__H47A,A,3SE8_HL_G,H,W,47,,A,1.1551,0.1083,-15.0153,-16.1705,5,5,1,0
3SGB_E_I__A__I9I,A,3SGB_E_I,I,A,9,,I,0.7861,0.6467,-11.7778,-12.564,5,5,1,0
3SGB_E_I__A__I15N,A,3SGB_E_I,I,R,15,,N,-0.2815,0.02,-12.5554,-12.2739,5,5,1,0
4FTV_ABC_DE__A__D66A,A,4FTV_ABC_DE,D,K,66,,A,0.7826,0.3356,-24.363,-25.1456,5,5,1,0
4N8V_G_ABC__A__G39F,A,4N8V_G_ABC,G,Y,39,,F,-0.0312,0.5044,-13.2129,-13.1817,5,5,1,0
4PWX_AB_CD__A__C28A,A,4PWX_AB_CD,C,R,28,,A,5.8743,0.2621,-6.3142,-12.1885,5,5,1,0
5TAR_A_B__A__B114A,A,5TAR_A_B,B,Q,114,,A,-0.0969,0.1704,-7.089,-6.9921,5,5,1,0
1A22_A_B__A__B63A,A,1A22_A_B,B,W,63,,A,6.6857,0.5351,-26.6025,-33.2881,5,5,1,0
1AO7_ABC_DE__A__D27A,A,1AO7_ABC_DE,D,R,27,,A,0.6079,0.019,-16.4371,-17.045,5,5,1,0
1BRS_A_D__A__A57K,A,1BRS_A_D,A,R,57,,K,3.1346,0.4168,-15.2774,-18.412,5,5,1,0
1CHO_EFG_I__A__I11G,A,1CHO_EFG_I,I,P,11,,G,0.5544,0.2553,-15.6667,-16.2212,5,5,1,0
1CHO_EFG_I__A__I17M,A,1CHO_EFG_I,I,Y,17,,M,-0.2426,0.2926,-16.547,-16.3045,5,5,1,0
1DAN_HL_UT__A__U2A,A,1DAN_HL_UT,U,P,2,,A,0.3481,0.0633,-27.0033,-27.3514,5,5,1,0
1EMV_A_B__A__A49A,A,1EMV_A_B,A,D,49,,A,1.2396,0.0869,-21.4278,-22.6674,5,5,1,0
1GUA_A_B__A__B10A,A,1GUA_A_B,B,K,10,,A,0.3492,0.0039,-20.9726,-21.3218,5,5,1,0
1JTD_A_B__A__B114A,A,1JTD_A_B,B,W,114,,A,2.5834,0.0634,-14.9444,-17.5279,5,5,1,0
1KTZ_A_B__A__B8A,A,1KTZ_A_B,B,D,8,,A,3.505,0.033,-13.1909,-16.696,5,5,1,0
1N8O_ABC_E__A__E80L,A,1N8O_ABC_E,E,M,80,,L,0.0252,0.1813,-18.8261,-18.8514,5,5,1,0
1PPF_E_I__A__I17H,A,1PPF_E_I,I,T,17,,H,-0.4306,0.2817,-19.5014,-19.0708,5,5,1,0
1PPF_E_I__A__I32P,A,1PPF_E_I,I,G,32,,P,4.0921,0.1231,-14.8605,-18.9526,5,5,1,0
1R0R_E_I__A__I12S,A,1R0R_E_I,I,T,12,,S,0.7502,0.126,-12.6779,-13.4281,5,5,1,0
1S0W_A_C__A__C142F,A,1S0W_A_C,C,A,142,,F,-1.1854,0.0521,-16.3479,-15.1625,5,5,1,0
1XGU_AB_C__A__B33A,A,1XGU_AB_C,B,F,33,,A,2.3405,0.9831,-9.5013,-11.8418,5,5,1,0
2DVW_A_B__A__A114A,A,2DVW_A_B,A,K,114,,A,3.3084,0.1878,-28.7006,-32.009,5,5,1,0
2KSO_A_B__A__A10D,A,2KSO_A_B,A,K,10,,D,4.0605,0.6548,-5.5316,-9.5921,5,5,1,0
2WPT_A_B__A__A51A,A,2WPT_A_B,A,Y,51,,A,1.9828,0.0403,-16.4616,-18.4444,5,5,1,0
3BTG_E_I__A__I13K,A,3BTG_E_I,I,G,13,,K,-1.1343,0.1075,-12.0978,-10.9635,5,5,1,0
3HFM_HL_Y__A__Y21K,A,3HFM_HL_Y,Y,R,21,,K,-1.1856,1.0749,-7.4562,-6.2706,5,5,1,0
3NGB_HL_G__A__H55S,A,3NGB_HL_G,H,G,55,,S,1.2156,0.0498,-15.6521,-16.8677,5,5,1,0
3QIB_ABP_CD__A__A57A,A,3QIB_ABP_CD,A,Q,57,,A,0.6851,0.0,-31.4639,-32.149,5,5,1,0
3SE8_HL_G__A__H50A,A,3SE8_HL_G,H,W,50,,A,0.6251,0.5016,-15.5105,-16.1356,5,5,1,0
3SGB_E_I__A__I9K,A,3SGB_E_I,I,A,9,,K,-0.0449,0.6925,-12.604,-12.5591,5,5,1,0
3SGB_E_I__A__I15P,A,3SGB_E_I,I,R,15,,P,-0.0859,0.0206,-12.3598,-12.2739,5,5,1,0
4FTV_ABC_DE__A__D93A,A,4FTV_ABC_DE,D,D,93,,A,3.0578,0.3556,-21.9579,-25.0156,5,5,1,0
4NKQ_C_AB__A__B80A,A,4NKQ_C_AB,B,R,80,,A,0.6753,0.6794,-11.7076,-12.3829,5,5,1,0
4PWX_AB_CD__A__C31A,A,4PWX_AB_CD,C,R,31,,A,1.2825,0.3571,-10.471,-11.7536,5,5,1,0
5XCO_A_B__A__B6A,A,5XCO_A_B,B,P,6,,A,1.6504,0.0054,-29.6099,-31.2603,5,5,1,0
1A22_A_B__A__B63F,A,1A22_A_B,B,W,63,,F,3.6846,0.292,-29.5922,-33.2768,5,5,1,0
1AO7_ABC_DE__A__D27F,A,1AO7_ABC_DE,D,R,27,,F,-0.7461,0.2179,-18.0381,-17.292,5,5,1,0
1BRS_A_D__A__A58A,A,1BRS_A_D,A,E,58,,A,0.1713,0.0684,-17.7586,-17.9299,5,5,1,0
1CHO_EFG_I__A__I11H,A,1CHO_EFG_I,I,P,11,,H,0.1203,0.0576,-16.0621,-16.1824,5,5,1,0
1CHO_EFG_I__A__I17N,A,1CHO_EFG_I,I,Y,17,,N,0.78,0.099,-15.4153,-16.1953,5,5,1,0
1DAN_HL_UT__A__U4A,A,1DAN_HL_UT,U,Y,4,,A,2.2679,0.924,-25.4942,-27.7621,5,5,1,0
1EMV_A_B__A__A51A,A,1EMV_A_B,A,I,51,,A,0.4461,0.043,-21.9643,-22.4104,5,5,1,0
1GUA_A_B__A__B11A,A,1GUA_A_B,B,Q,11,,A,1.1263,0.0368,-20.2156,-21.342,5,5,1,0
1JTD_A_B__A__B131A,A,1JTD_A_B,B,S,131,,A,-0.1415,0.0001,-17.7823,-17.6408,5,5,1,0
1KTZ_A_B__A__B8N,A,1KTZ_A_B,B,D,8,,N,2.9976,0.0304,-13.6984,-16.696,5,5,1,0
1N8O_ABC_E__A__E80R,A,1N8O_ABC_E,E,M,80,,R,2.7792,0.2346,-16.0776,-18.8568,5,5,1,0
1PPF_E_I__A__I17I,A,1PPF_E_I,I,T,17,,I,-1.1396,0.2295,-20.1576,-19.018,5,5,1,0
1PPF_E_I__A__I32Q,A,1PPF_E_I,I,G,32,,Q,9.648,0.7611,-9.386,-19.034,5,5,1,0
1R0R_E_I__A__I12V,A,1R0R_E_I,I,T,12,,V,-1.5518,0.1599,-14.9016,-13.3499,5,5,1,0
1S1Q_A_B__A__A41A,A,1S1Q_A_B,A,V,41,,A,2.3617,0.0359,-6.7847,-9.1464,5,5,1,0
1XGU_AB_C__A__B33I,A,1XGU_AB_C,B,F,33,,I,1.775,1.0242,-9.9776,-11.7525,5,5,1,0
2DVW_A_B__A__A180A,A,2DVW_A_B,A,E,180,,A,5.6245,0.7803,-26.8243,-32.4488,5,5,1,0
2KSO_A_B__A__A49D,A,2KSO_A_B,A,K,49,,D,2.9748,0.6601,-6.82,-9.7949,5,5,1,0
2WPT_A_B__A__A52A,A,2WPT_A_B,A,Y,52,,A,2.4957,0.0667,-16.2231,-18.7187,5,5,1,0
3BTH_E_I__A__I13K,A,3BTH_E_I,I,H,13,,K,-1.3208,0.4054,-8.8796,-7.5588,5,5,1,0
3HFM_HL_Y__A__Y21M,A,3HFM_HL_Y,Y,R,21,,M,-0.9703,0.6142,-7.0571,-6.0867,5,5,1,0
3NGB_HL_G__A__H56A,A,3NGB_HL_G,H,G,56,,A,2.0795,0.0,-14.7881,-16.8676,5,5,1,0
3QIB_ABP_CD__A__A61G,A,3QIB_ABP_CD,A,A,61,,G,1.2316,0.0,-30.9174,-32.149,5,5,1,0
3SE8_HL_G__A__H52A,A,3SE8_HL_G,H,K,52,,A,0.2673,0.0001,-15.8381,-16.1054,5,5,1,0
3SGB_E_I__A__I9L,A,3SGB_E_I,I,A,9,,L,-0.231,0.4211,-12.7901,-12.5591,5,5,1,0
3SGB_E_I__A__I15Q,A,3SGB_E_I,I,R,15,,Q,-0.0265,0.3681,-12.3004,-12.2739,5,5,1,0
4FTV_ABC_DE__A__E101E,A,4FTV_ABC_DE,E,Q,101,,E,-0.0293,0.1233,-24.889,-24.8597,5,5,1,0
4NKQ_C_AB__A__B80D,A,4NKQ_C_AB,B,R,80,,D,1.78,0.511,-10.3391,-12.1191,5,5,1,0
4PWX_AB_CD__A__C60K,A,4PWX_AB_CD,C,D,60,,K,0.5329,0.3306,-11.4527,-11.9856,5,5,1,0
5XCO_A_B__A__B7A,A,5XCO_A_B,B,L,7,,A,3.7919,0.0137,-27.5805,-31.3724,5,5,1,0
1A22_A_B__A__B64A,A,1A22_A_B,B,I,64,,A,0.5464,0.5925,-32.2876,-32.834,5,5,1,0
1AO7_ABC_DE__A__D27P,A,1AO7_ABC_DE,D,R,27,,P,0.2651,0.0381,-16.7799,-17.045,5,5,1,0
1BRS_A_D__A__A81Q,A,1BRS_A_D,A,R,81,,Q,2.7442,0.5849,-15.1061,-17.8503,5,5,1,0
1CHO_EFG_I__A__I11I,A,1CHO_EFG_I,I,P,11,,I,0.0432,0.241,-16.1779,-16.2212,5,5,1,0
1CHO_EFG_I__A__I17P,A,1CHO_EFG_I,I,Y,17,,P,5.9785,0.0929,-10.104,-16.0825,5,5,1,0
1DAN_HL_UT__A__U20A,A,1DAN_HL_UT,U,Q,20,,A,0.0285,0.0144,-27.0208,-27.0493,5,5,1,0
1EMV_A_B__A__A52A,A,1EMV_A_B,A,Y,52,,A,2.5217,0.0524,-20.6738,-23.1955,5,5,1,0
1GUA_A_B__A__B13A,A,1GUA_A_B,B,T,13,,A,1.4859,0.021,-19.8467,-21.3326,5,5,1,0
1JTD_A_B__A__B132A,A,1JTD_A_B,B,D,132,,A,-0.4988,0.0225,-17.8968,-17.398,5,5,1,0
1KTZ_A_B__A__B25A,A,1KTZ_A_B,B,S,25,,A,0.4725,0.0,-16.2384,-16.7109,5,5,1,0
1N8Z_AB_C__A__A30S,A,1N8Z_AB_C,A,N,30,,S,2.6262,0.2967,-17.3728,-19.999,5,5,1,0
1PPF_E_I__A__I17K,A,1PPF_E_I,I,T,17,,K,0.3994,0.2151,-18.5768,-18.9762,5,5,1,0
1PPF_E_I__A__I32R,A,1PPF_E_I,I,G,32,,R,11.642,1.9242,-7.3565,-18.9984,5,5,1,0
1R0R_E_I__A__I12W,A,1R0R_E_I,I,T,12,,W,3.3837,1.9772,-10.4726,-13.8563,5,5,1,0
1S1Q_A_B__A__A43A,A,1S1Q_A_B,A,N,43,,A,0.2171,0.0,-8.9211,-9.1382,5,5,1,0
1XGU_AB_C__A__B33L,A,1XGU_AB_C,B,F,33,,L,0.8268,1.1268,-10.9723,-11.7991,5,5,1,0
2DVW_A_B__A__B7A,A,2DVW_A_B,B,R,7,,A,7.7151,0.7335,-27.155,-34.87,5,5,1,0
2KSO_A_B__A__A49E,A,2KSO_A_B,A,K,49,,E,1.8598,0.8551,-7.2893,-9.1491,5,5,1,0
2WPT_A_B__A__B47A,A,2WPT_A_B,B,R,47,,A,2.3391,1.1102,-16.9413,-19.2804,5,5,1,0
3BTM_E_I__A__I13K,A,3BTM_E_I,I,M,13,,K,0.0297,0.3086,-11.411,-11.4407,5,5,1,0
3HFM_HL_Y__A__Y21N,A,3HFM_HL_Y,Y,R,21,,N,-0.0938,0.2554,-6.7005,-6.6067,5,5,1,0
3NGB_HL_G__A__H57G,A,3NGB_HL_G,H,A,57,,G,0.4283,0.2474,-16.0984,-16.5267,5,5,1,0
3QIB_ABP_CD__A__A64G,A,3QIB_ABP_CD,A,A,64,,G,0.6122,0.0,-31.5368,-32.149,5,5,1,0
3SE8_HL_G__A__H54A,A,3SE8_HL_G,H,L,54,,A,1.3652,0.0062,-14.7722,-16.1374,5,5,1,0
3SGB_E_I__A__I9M,A,3SGB_E_I,I,A,9,,M,-0.5703,0.4434,-12.7631,-12.1928,5,5,1,0
3SGB_E_I__A__I15S,A,3SGB_E_I,I,R,15,,S,-0.8138,0.02,-13.0877,-12.2739,5,5,1,0
4FTV_ABC_DE__A__E101R,A,4FTV_ABC_DE,E,Q,101,,R,-0.2163,0.3952,-25.1793,-24.963,5,5,1,0
4NKQ_C_AB__A__B89A,A,4NKQ_C_AB,B,K,89,,A,0.7333,0.5075,-11.4888,-12.2221,5,5,1,0
4RA0_A_C__A__C66V,A,4RA0_A_C,C,A,66,,V,-0.8223,0.0008,-31.2451,-30.4228,5,5,1,0
5XCO_A_B__A__B8A,A,5XCO_A_B,B,Y,8,,A,0.7888,0.0361,-30.4059,-31.1947,5,5,1,0
1A22_A_B__A__B65A,A,1A22_A_B,B,P,65,,A,0.3607,0.2301,-32.6932,-33.0538,5,5,1,0
1AO7_ABC_DE__A__D28A,A,1AO7_ABC_DE,D,G,28,,A,-0.8454,0.0032,-17.9295,-17.0842,5,5,1,0
1BRS_A_D__A__A100A,A,1BRS_A_D,A,H,100,,A,1.0794,0.1889,-16.5515,-17.6309,5,5,1,0
1CHO_EFG_I__A__I11K,A,1CHO_EFG_I,I,P,11,,K,-0.0105,0.2465,-16.2317,-16.2212,5,5,1,0
1CHO_EFG_I__A__I17Q,A,1CHO_EFG_I,I,Y,17,,Q,-0.0768,0.3864,-16.3936,-16.3168,5,5,1,0
1DAN_HL_UT__A__U38A,A,1DAN_HL_UT,U,E,38,,A,0.1438,0.0774,-26.7076,-26.8513,5,5,1,0
1EMV_A_B__A__A53A,A,1EMV_A_B,A,Y,53,,A,2.0715,0.0894,-20.2909,-22.3625,5,5,1,0
1GUA_A_B__A__B14A,A,1GUA_A_B,B,V,14,,A,1.8761,0.0201,-19.673,-21.5491,5,5,1,0
1JTD_A_B__A__B153A,A,1JTD_A_B,B,Y,153,,A,2.6004,0.1126,-14.8449,-17.4453,5,5,1,0
1KTZ_A_B__A__B26A,A,1KTZ_A_B,B,I,26,,A,1.2719,0.0325,-15.3875,-16.6593,5,5,1,0
1N8Z_AB_C__A__A91F,A,1N8Z_AB_C,A,H,91,,F,0.8926,0.079,-18.991,-19.8836,5,5,1,0
1PPF_E_I__A__I17L,A,1PPF_E_I,I,T,17,,L,-0.9154,0.4567,-19.8654,-18.9501,5,5,1,0
1PPF_E_I__A__I32S,A,1PPF_E_I,I,G,32,,S,5.6169,0.1615,-13.3876,-19.0045,5,5,1,0
1R0R_E_I__A__I12Y,A,1R0R_E_I,I,T,12,,Y,1.92,0.3085,-11.9804,-13.9004,5,5,1,0
1S1Q_A_B__A__A44A,A,1S1Q_A_B,A,D,44,,A,0.2749,0.007,-8.8511,-9.126,5,5,1,0
1XGU_AB_C__A__B33V,A,1XGU_AB_C,B,F,33,,V,2.2793,1.03,-9.4732,-11.7525,5,5,1,0
2DVW_A_B__A__B62E,A,2DVW_A_B,B,K,62,,E,1.8927,0.6694,-31.4817,-33.3744,5,5,1,0
2KSO_A_B__A__B20E,A,2KSO_A_B,B,H,20,,E,-0.0127,0.0959,-9.5087,-9.496,5,5,1,0
2WPT_A_B__A__B65A,A,2WPT_A_B,B,N,65,,A,1.1872,0.0757,-17.1966,-18.3837,5,5,1,0
3BTQ_E_I__A__I13K,A,3BTQ_E_I,I,Q,13,,K,-1.4494,0.0566,-8.1052,-6.6559,5,5,1,0
3HFM_HL_Y__A__Y21Q,A,3HFM_HL_Y,Y,R,21,,Q,-0.8738,0.618,-7.0967,-6.2229,5,5,1,0
3NGB_HL_G__A__H58A,A,3NGB_HL_G,H,V,58,,A,0.4565,0.0659,-16.5847,-17.0412,5,5,1,0
3QIB_ABP_CD__A__A67A,A,3QIB_ABP_CD,A,K,67,,A,0.2529,0.0925,-31.8523,-32.1052,5,5,1,0
3SE8_HL_G__A__H55A,A,3SE8_HL_G,H,W,55,,A,4.6467,0.0772,-11.4929,-16.1396,5,5,1,0
3SGB_E_I__A__I9N,A,3SGB_E_I,I,A,9,,N,1.0369,0.2164,-11.311,-12.3479,5,5,1,0
3SGB_E_I__A__I15T,A,3SGB_E_I,I,R,15,,T,-0.6861,0.02,-12.9601,-12.2739,5,5,1,0
4FZA_A_B__A__A168E,A,4FZA_A_B,A,F,168,,E,2.8958,0.459,-15.9393,-18.8351,5,5,1,0
4NKQ_C_AB__A__B89D,A,4NKQ_C_AB,B,K,89,,D,1.5493,0.4459,-10.6346,-12.1839,5,5,1,0
4RS1_A_B__A__A10D,A,4RS1_A_B,A,R,10,,D,0.9502,0.2478,-19.836,-20.7862,5,5,1,0
5XCO_A_B__A__B9A,A,5XCO_A_B,B,I,9,,A,3.0402,0.0251,-28.1706,-31.2108,5,5,1,0
1A22_A_B__A__B67A,A,1A22_A_B,B,C,67,,A,0.0327,0.0035,-33.1258,-33.1585,5,5,1,0
1AO7_ABC_DE__A__D28I,A,1AO7_ABC_DE,D,G,28,,I,-2.4856,0.0469,-19.5697,-17.0842,5,5,1,0
1BRS_A_D__A__A100D,A,1BRS_A_D,A,H,100,,D,0.9229,0.1274,-16.7691,-17.692,5,5,1,0
1CHO_EFG_I__A__I11L,A,1CHO_EFG_I,I,P,11,,L,-0.3561,0.2337,-16.5839,-16.2278,5,5,1,0
1CHO_EFG_I__A__I17R,A,1CHO_EFG_I,I,Y,17,,R,-1.4016,0.2145,-17.7368,-16.3352,5,5,1,0
1DAN_HL_UT__A__U41A,A,1DAN_HL_UT,U,R,41,,A,0.4003,0.0,-26.5876,-26.9879,5,5,1,0
1EMV_A_B__A__B54A,A,1EMV_A_B,B,R,54,,A,3.9543,0.1155,-18.5956,-22.5499,5,5,1,0
1GUA_A_B__A__B29A,A,1GUA_A_B,B,K,29,,A,0.9971,0.101,-20.4817,-21.4788,5,5,1,0
1JTD_A_B__A__B168A,A,1JTD_A_B,B,D,168,,A,1.7197,0.3087,-16.1412,-17.8608,5,5,1,0
1KTZ_A_B__A__B27A,A,1KTZ_A_B,B,T,27,,A,0.7488,0.0389,-16.0202,-16.769,5,5,1,0
1N8Z_AB_C__A__A94S,A,1N8Z_AB_C,A,T,94,,S,0.1675,0.0294,-19.948,-20.1156,5,5,1,0
1PPF_E_I__A__I17M,A,1PPF_E_I,I,T,17,,M,-1.0681,0.3761,-20.0878,-19.0197,5,5,1,0
1PPF_E_I__A__I32T,A,1PPF_E_I,I,G,32,,T,11.4283,0.7488,-7.6039,-19.0322,5,5,1,0
1R0R_E_I__A__I13A,A,1R0R_E_I,I,L,13,,A,1.9576,0.9043,-11.9596,-13.9172,5,5,1,0
1S1Q_A_B__A__A86A,A,1S1Q_A_B,A,F,86,,A,0.9627,0.0007,-8.1756,-9.1383,5,5,1,0
1Y1K_E_I__A__I39T,A,1Y1K_E_I,I,A,39,,T,0.9339,0.1917,-18.9602,-19.8941,5,5,1,0
2E7L_EQ_AD__A__Q5R,A,2E7L_EQ_AD,Q,F,5,,R,0.776,0.4368,-18.6656,-19.4416,5,5,1,0
2NU0_E_I__A__I13L,A,2NU0_E_I,I,W,13,,L,1.3418,0.1149,-14.3513,-15.6931,5,5,1,0
2WPT_A_B__A__B67A,A,2WPT_A_B,B,S,67,,A,-1.2572,0.0086,-19.67,-18.4128,5,5,1,0
3BTT_E_I__A__I13K,A,3BTT_E_I,I,T,13,,K,-0.425,0.0735,-11.9648,-11.5398,5,5,1,0
3HFM_HL_Y__A__Y21W,A,3HFM_HL_Y,Y,R,21,,W,-1.0175,0.7579,-7.1585,-6.1411,5,5,1,0
3NGB_HL_G__A__H58T,A,3NGB_HL_G,H,V,58,,T,-0.1582,0.0221,-17.118,-16.9598,5,5,1,0
3QIB_ABP_CD__A__A68G,A,3QIB_ABP_CD,A,A,68,,G,0.0251,0.005,-32.126,-32.1511,5,5,1,0
3SE8_HL_G__A__H56A,A,3SE8_HL_G,H,G,56,,A,2.6168,0.5191,-13.6274,-16.2442,5,5,1,0
3SGB_E_I__A__I9P,A,3SGB_E_I,I,A,9,,P,-0.7584,0.0525,-13.063,-12.3046,5,5,1,0
3SGB_E_I__A__I15V,A,3SGB_E_I,I,R,15,,V,0.0227,0.02,-12.2512,-12.2739,5,5,1,0
4FZA_A_B__A__A213A,A,4FZA_A_B,A,Y,213,,A,3.3258,0.5516,-15.6382,-18.964,5,5,1,0
4NKQ_C_AB__A__B90A,A,4NKQ_C_AB,B,K,90,,A,0.5084,0.6755,-13.7718,-14.2803,5,5,1,0
4RS1_A_B__A__A25A,A,4RS1_A_B,A,E,25,,A,0.1955,0.0573,-20.126,-20.3215,5,5,1,0
5XCO_A_B__A__B10A,A,5XCO_A_B,B,S,10,,A,0.9374,0.0998,-30.4422,-31.3796,5,5,1,0
1A22_A_B__A__B79A,A,1A22_A_B,B,E,79,,A,0.0161,0.6828,-33.0619,-33.078,5,5,1,0
1AO7_ABC_DE__A__D28L,A,1AO7_ABC_DE,D,G,28,,L,-3.2671,0.0184,-20.3512,-17.0842,5,5,1,0
1BRS_A_D__A__A100G,A,1BRS_A_D,A,H,100,,G,1.9742,0.0689,-15.6566,-17.6309,5,5,1,0
1CHO_EFG_I__A__I11M,A,1CHO_EFG_I,I,P,11,,M,-0.0887,0.2659,-16.3092,-16.2205,5,5,1,0
1CHO_EFG_I__A__I17S,A,1CHO_EFG_I,I,Y,17,,S,1.5822,0.0835,-14.6645,-16.2467,5,5,1,0
1DAN_HL_UT__A__U43A,A,1DAN_HL_UT,U,L,43,,A,1.3894,0.1964,-26.5888,-27.9783,5,5,1,0
1EMV_A_B__A__B72A,A,1EMV_A_B,B,N,72,,A,0.4077,0.0655,-21.9919,-22.3995,5,5,1,0
1GUA_A_B__A__B32A,A,1GUA_A_B,B,K,32,,A,1.0495,0.0202,-20.2816,-21.3311,5,5,1,0
1JTD_A_B__A__B170A,A,1JTD_A_B,B,Y,170,,A,0.9723,0.0314,-16.3992,-17.3716,5,5,1,0
1KTZ_A_B__A__B28A,A,1KTZ_A_B,B,S,28,,A,0.7884,0.0007,-15.9228,-16.7112,5,5,1,0
1N8Z_AB_C__A__B50A,A,1N8Z_AB_C,B,R,50,,A,2.6247,1.0475,-17.8144,-20.4391,5,5,1,0
1PPF_E_I__A__I17N,A,1PPF_E_I,I,T,17,,N,-1.205,0.6095,-20.2296,-19.0246,5,5,1,0
1PPF_E_I__A__I32V,A,1PPF_E_I,I,G,32,,V,10.9378,0.6945,-8.0944,-19.0322,5,5,1,0
1R0R_E_I__A__I13C,A,1R0R_E_I,I,L,13,,C,1.7313,0.8933,-12.1859,-13.9172,5,5,1,0
1SBB_A_B__A__B20T,A,1SBB_A_B,B,L,20,,T,2.2844,0.4373,-5.5798,-7.8642,5,5,1,0
1Y33_E_I__A__I39T,A,1Y33_E_I,I,P,39,,T,3.746,0.366,-14.9081,-18.6541,5,5,1,0
2FTL_E_I__A__I11A,A,2FTL_E_I,I,T,11,,A,0.1041,0.0006,-13.1425,-13.2466,5,5,1,0
2NU1_E_I__A__I13L,A,2NU1_E_I,I,H,13,,L,-2.0883,0.063,-13.3092,-11.2209,5,5,1,0
2WPT_A_B__A__B68A,A,2WPT_A_B,B,N,68,,A,0.4376,0.0267,-18.0246,-18.4622,5,5,1,0
3BTW_E_I__A__I13K,A,3BTW_E_I,I,W,13,,K,2.936,0.2824,-13.1254,-16.0614,5,5,1,0
3HFM_HL_Y__A__Y63A,A,3HFM_HL_Y,Y,W,63,,A,0.1476,0.2701,-5.8724,-6.02,5,5,1,0
3NGB_HL_G__A__H59A,A,3NGB_HL_G,H,N,59,,A,0.8855,0.1193,-16.2004,-17.086,5,5,1,0
3QIB_ABP_CD__A__B62A,A,3QIB_ABP_CD,B,Q,62,,A,0.8227,0.2628,-32.199,-33.0216,5,5,1,0
3SE8_HL_G__A__H58A,A,3SE8_HL_G,H,V,58,,A,0.2654,0.0367,-15.7687,-16.0341,5,5,1,0
3SGB_E_I__A__I9Q,A,3SGB_E_I,I,A,9,,Q,0.1822,0.1859,-12.3059,-12.4882,5,5,1,0
3SGB_E_I__A__I15W,A,3SGB_E_I,I,R,15,,W,0.2282,0.0206,-12.0609,-12.289,5,5,1,0
4FZA_A_B__A__A217A,A,4FZA_A_B,A,R,217,,A,4.13,0.239,-14.9382,-19.0681,5,5,1,0
4NKQ_C_AB__A__B90D,A,4NKQ_C_AB,B,K,90,,D,0.6061,0.7252,-13.6795,-14.2856,5,5,1,0
4RS1_A_B__A__A25K,A,4RS1_A_B,A,E,25,,K,0.1242,0.1885,-20.2259,-20.3501,5,5,1,0
5XCO_A_B__A__B11A,A,5XCO_A_B,B,Y,11,,A,4.2612,0.0182,-26.9393,-31.2005,5,5,1,0
1A22_A_B__A__B80A,A,1A22_A_B,B,K,80,,A,0.248,0.7249,-33.335,-33.583,5,5,1,0
1AO7_ABC_DE__A__D28M,A,1AO7_ABC_DE,D,G,28,,M,-3.395,0.0903,-20.4792,-17.0842,5,5,1,0
1BRS_A_D__A__A100L,A,1BRS_A_D,A,H,100,,L,1.0471,0.2217,-16.6707,-17.7178,5,5,1,0
1CHO_EFG_I__A__I11N,A,1CHO_EFG_I,I,P,11,,N,-0.009,0.2375,-16.2302,-16.2212,5,5,1,0
1CHO_EFG_I__A__I17T,A,1CHO_EFG_I,I,Y,17,,T,1.6706,0.0847,-14.5716,-16.2422,5,5,1,0
1DAN_HL_UT__A__U45A,A,1DAN_HL_UT,U,R,45,,A,0.5996,0.4747,-27.9507,-28.5504,5,5,1,0
1EMV_A_B__A__B74A,A,1EMV_A_B,B,S,74,,A,-1.3701,0.0006,-23.7265,-22.3564,5,5,1,0
1GUA_A_B__A__B33A,A,1GUA_A_B,B,V,33,,A,1.5645,0.0931,-19.8,-21.3645,5,5,1,0
1JTD_A_B__A__B171A,A,1JTD_A_B,B,F,171,,A,0.7641,0.1457,-17.0241,-17.7882,5,5,1,0
1KTZ_A_B__A__B28L,A,1KTZ_A_B,B,S,28,,L,8.0823,0.0333,-8.5619,-16.6442,5,5,1,0
1N8Z_AB_C__A__B59A,A,1N8Z_AB_C,B,R,59,,A,0.5668,0.2554,-19.5823,-20.1492,5,5,1,0
1PPF_E_I__A__I17P,A,1PPF_E_I,I,T,17,,P,-1.2214,0.039,-20.2472,-19.0258,5,5,1,0
1PPF_E_I__A__I32W,A,1PPF_E_I,I,G,32,,W,16.605,5.6327,-2.3985,-19.0035,5,5,1,0
1R0R_E_I__A__I13D,A,1R0R_E_I,I,L,13,,D,3.2957,0.1205,-10.0873,-13.383,5,5,1,0
1SBB_A_B__A__B26Y,A,1SBB_A_B,B,V,26,,Y,0.0741,0.2158,-7.9372,-8.0114,5,5,1,0
1Y34_E_I__A__I41E,A,1Y34_E_I,I,A,41,,E,-1.017,0.2326,-19.7436,-18.7266,5,5,1,0
2FTL_E_I__A__I13A,A,2FTL_E_I,I,P,13,,A,0.4229,0.2621,-12.9316,-13.3546,5,5,1,0
2NU2_E_I__A__I13L,A,2NU2_E_I,I,R,13,,L,0.6307,0.7368,-15.6012,-16.2319,5,5,1,0
2WPT_A_B__A__B70A,A,2WPT_A_B,B,S,70,,A,0.1444,0.0,-18.2925,-18.4369,5,5,1,0
3BX1_A_C__A__C85G,A,3BX1_A_C,C,R,85,,G,-0.2963,0.8061,-13.9545,-13.6582,5,5,1,0
3HFM_HL_Y__A__Y73A,A,3HFM_HL_Y,Y,R,73,,A,2.4403,0.3207,-4.1021,-6.5424,5,5,1,0
3NGB_HL_G__A__H60A,A,3NGB_HL_G,H,Y,60,,A,0.3727,0.0273,-16.5318,-16.9045,5,5,1,0
3QIB_ABP_CD__A__B64A,A,3QIB_ABP_CD,B,E,64,,A,0.1099,0.4428,-32.3271,-32.437,5,5,1,0
3SE8_HL_G__A__H59A,A,3SE8_HL_G,H,S,59,,A,-0.1606,0.0094,-16.2707,-16.1101,5,5,1,0
3SGB_E_I__A__I9R,A,3SGB_E_I,I,A,9,,R,0.4798,0.5872,-12.0098,-12.4896,5,5,1,0
3SGB_E_I__A__I15Y,A,3SGB_E_I,I,R,15,,Y,0.1148,0.0235,-12.1593,-12.2741,5,5,1,0
4FZA_A_B__A__B122A,A,4FZA_A_B,B,E,122,,A,-0.0074,0.4024,-18.1205,-18.1131,5,5,1,0
4NKQ_C_AB__A__B126A,A,4NKQ_C_AB,B,D,126,,A,1.6187,0.2139,-10.2981,-11.9168,5,5,1,0
4RS1_A_B__A__A28A,A,4RS1_A_B,A,D,28,,A,1.594,0.0448,-18.6929,-20.287,5,5,1,0
5XCO_A_B__A__B12A,A,5XCO_A_B,B,D,12,,A,6.1045,0.0612,-25.772,-31.8765,5,5,1,0
1A22_A_B__A__B81A,A,1A22_A_B,B,C,81,,A,-0.3239,0.6786,-33.6739,-33.3501,5,5,1,0
1AO7_ABC_DE__A__D28R,A,1AO7_ABC_DE,D,G,28,,R,-1.5268,0.3805,-18.6381,-17.1113,5,5,1,0
1BRS_A_D__A__A100Q,A,1BRS_A_D,A,H,100,,Q,1.9637,0.1239,-15.6647,-17.6285,5,5,1,0
1CHO_EFG_I__A__I11Q,A,1CHO_EFG_I,I,P,11,,Q,-1.0018,0.2064,-17.223,-16.2212,5,5,1,0
1CHO_EFG_I__A__I17V,A,1CHO_EFG_I,I,Y,17,,V,0.6317,0.5944,-16.0157,-16.6474,5,5,1,0
1DAN_HL_UT__A__U48A,A,1DAN_HL_UT,U,N,48,,A,-0.011,0.0,-26.9989,-26.9879,5,5,1,0
1EMV_A_B__A__B75A,A,1EMV_A_B,B,N,75,,A,0.3455,0.1218,-22.0419,-22.3874,5,5,1,0
1H9D_A_B__A__B2A,A,1H9D_A_B,B,R,2,,A,0.2668,0.0096,-16.2662,-16.533,5,5,1,0
1JTD_A_B__A__B191A,A,1JTD_A_B,B,I,191,,A,1.3934,0.8302,-15.9468,-17.3402,5,5,1,0
1KTZ_A_B__A__B29A,A,1KTZ_A_B,B,I,29,,A,2.296,0.2765,-14.698,-16.9939,5,5,1,0
1N8Z_AB_C__A__B105F,A,1N8Z_AB_C,B,Y,105,,F,-0.6546,0.0582,-20.7455,-20.0909,5,5,1,0
1PPF_E_I__A__I17Q,A,1PPF_E_I,I,T,17,,Q,-0.5571,0.4622,-19.5443,-18.9872,5,5,1,0
1PPF_E_I__A__I32Y,A,1PPF_E_I,I,G,32,,Y,8.3274,1.8245,-10.5592,-18.8866,5,5,1,0
1R0R_E_I__A__I13E,A,1R0R_E_I,I,L,13,,E,1.7172,0.1105,-11.698,-13.4152,5,5,1,0
1SBB_A_B__A__B91V,A,1SBB_A_B,B,Y,91,,V,0.3369,0.0003,-7.0611,-7.398,5,5,1,0
1Y3B_E_I__A__I41E,A,1Y3B_E_I,I,S,41,,E,-1.5093,0.5674,-16.3252,-14.8159,5,5,1,0
2FTL_E_I__A__I15A,A,2FTL_E_I,I,K,15,,A,1.98,0.3975,-11.5028,-13.4828,5,5,1,0
2NU4_E_I__A__I13L,A,2NU4_E_I,I,K,13,,L,-1.7676,0.0529,-15.4102,-13.6425,5,5,1,0
2WPT_A_B__A__B71A,A,2WPT_A_B,B,S,71,,A,-0.05,0.0003,-18.4871,-18.4371,5,5,1,0
3BX1_A_C__A__C86T,A,3BX1_A_C,C,A,86,,T,0.2085,0.8847,-13.2096,-13.4181,5,5,1,0
3HFM_HL_Y__A__Y75A,A,3HFM_HL_Y,Y,L,75,,A,0.9731,0.2447,-5.1145,-6.0875,5,5,1,0
3NGB_HL_G__A__H62A,A,3NGB_HL_G,H,R,62,,A,3.2905,0.4746,-15.5357,-18.8261,5,5,1,0
3QIB_ABP_CD__A__B67A,A,3QIB_ABP_CD,B,E,67,,A,1.0881,0.0168,-31.0942,-32.1823,5,5,1,0
3SE8_HL_G__A__H60A,A,3SE8_HL_G,H,Y,60,,A,0.486,0.0343,-15.6269,-16.1129,5,5,1,0
3SGB_E_I__A__I9S,A,3SGB_E_I,I,A,9,,S,0.3554,0.0006,-11.9285,-12.2839,5,5,1,0
3SGB_E_I__A__I26A,A,3SGB_E_I,I,G,26,,A,1.6504,0.004,-10.6738,-12.3242,5,5,1,0
4G0N_A_B__A__A21A,A,4G0N_A_B,A,I,21,,A,1.2623,0.007,-19.3417,-20.6041,5,5,1,0
4NKQ_C_AB__A__B178A,A,4NKQ_C_AB,B,R,178,,A,4.5158,0.2505,-7.6198,-12.1356,5,5,1,0
4RS1_A_B__A__A28K,A,4RS1_A_B,A,D,28,,K,0.3535,0.5413,-19.9745,-20.328,5,5,1,0
5XCO_A_B__A__B14A,A,5XCO_A_B,B,V,14,,A,0.8298,0.19,-30.6993,-31.5291,5,5,1,0
1A22_A_B__A__B83A,A,1A22_A_B,B,S,83,,A,0.0973,0.0006,-33.3555,-33.4528,5,5,1,0
1AO7_ABC_DE__A__D28T,A,1AO7_ABC_DE,D,G,28,,T,-1.646,0.0131,-18.7289,-17.0828,5,5,1,0
1BRS_A_D__A__D29A,A,1BRS_A_D,D,Y,29,,A,2.4364,0.0004,-15.1907,-17.6271,5,5,1,0
1CHO_EFG_I__A__I11R,A,1CHO_EFG_I,I,P,11,,R,0.0835,0.1197,-16.0977,-16.1812,5,5,1,0
1CHO_EFG_I__A__I17W,A,1CHO_EFG_I,I,Y,17,,W,-1.2084,0.0264,-17.4776,-16.2692,5,5,1,0
1DAN_HL_UT__A__U50A,A,1DAN_HL_UT,U,F,50,,A,1.2674,0.0,-25.7205,-26.9879,5,5,1,0
1EMV_A_B__A__B77A,A,1EMV_A_B,B,S,77,,A,-0.1902,0.0385,-22.5648,-22.3746,5,5,1,0
1H9D_A_B__A__B60A,A,1H9D_A_B,B,G,60,,A,6.5308,0.031,-10.3206,-16.8514,5,5,1,0
1JTD_A_B__A__B192A,A,1JTD_A_B,B,F,192,,A,2.2242,0.1769,-15.4098,-17.634,5,5,1,0
1KTZ_A_B__A__B31A,A,1KTZ_A_B,B,E,31,,A,0.3145,0.1454,-16.3949,-16.7094,5,5,1,0
1NCA_N_LH__A__H31Q,A,1NCA_N_LH,H,N,31,,Q,0.1974,0.0737,-22.2464,-22.4437,5,5,1,0
1PPF_E_I__A__I17R,A,1PPF_E_I,I,T,17,,R,-0.0464,0.9567,-19.0704,-19.024,5,5,1,0
1PPF_E_I__A__I36A,A,1PPF_E_I,I,N,36,,A,0.5398,0.0,-18.4188,-18.9586,5,5,1,0
1R0R_E_I__A__I13F,A,1R0R_E_I,I,L,13,,F,0.5522,0.2591,-12.8363,-13.3885,5,5,1,0
1SBN_E_I__A__I38K,A,1SBN_E_I,I,R,38,,K,-0.3521,0.036,-10.4461,-10.094,5,5,1,0
1YCS_A_B__A__A177H,A,1YCS_A_B,A,R,177,,H,0.6731,0.0322,-14.0176,-14.6908,5,5,1,0
2FTL_E_I__A__I15D,A,2FTL_E_I,I,K,15,,D,5.0887,0.1657,-8.2119,-13.3006,5,5,1,0
2NYY_DC_A__A__A874A,A,2NYY_DC_A,A,S,874,,A,-0.2478,0.1087,-27.5052,-27.2575,5,5,1,0
2WPT_A_B__A__B79A,A,2WPT_A_B,B,F,79,,A,2.6196,0.0575,-15.7764,-18.3959,5,5,1,0
3BX1_A_C__A__C87A,A,3BX1_A_C,C,Y,87,,A,4.5394,0.1796,-8.8043,-13.3437,5,5,1,0
3HFM_HL_Y__A__Y89A,A,3HFM_HL_Y,Y,T,89,,A,0.2414,0.0123,-5.1525,-5.3939,5,5,1,0
3NGB_HL_G__A__H62Q,A,3NGB_HL_G,H,R,62,,Q,3.1457,0.8131,-15.9123,-19.058,5,5,1,0
3QIB_ABP_CD__A__B71G,A,3QIB_ABP_CD,B,A,71,,G,0.2956,0.0,-31.8534,-32.149,5,5,1,0
3SE8_HL_G__A__H62A,A,3SE8_HL_G,H,R,62,,A,1.5065,0.4605,-16.3413,-17.8478,5,5,1,0
3SGB_E_I__A__I9T,A,3SGB_E_I,I,A,9,,T,1.1674,0.2674,-11.3915,-12.5589,5,5,1,0
3SGB_E_I__A__I26C,A,3SGB_E_I,I,G,26,,C,1.7787,0.0301,-10.5187,-12.2974,5,5,1,0
4G0N_A_B__A__A31A,A,4G0N_A_B,A,E,31,,A,0.4237,0.0203,-20.3446,-20.7683,5,5,1,0
4NKQ_C_AB__A__B178D,A,4NKQ_C_AB,B,R,178,,D,4.436,1.2396,-8.1608,-12.5968,5,5,1,0
4RS1_A_B__A__A79A,A,4RS1_A_B,A,Q,79,,A,-0.2563,0.3911,-20.9561,-20.6997,5,5,1,0
1A22_A_B__A__A42A,A,1A22_A_B,A,Y,42,,A,0.8748,0.632,-32.9373,-33.8121,5,5,1,0
1AK4_A_D__A__D88G,A,1AK4_A_D,D,A,88,,G,1.0716,0.0,-9.7567,-10.8283,5,5,1,0
1B41_A_B__A__B47W,A,1B41_A_B,B,N,47,,W,-0.766,0.2539,-27.1024,-26.3364,5,5,1,0
1C4Z_ABC_D__A__D92A,A,1C4Z_ABC_D,D,W,92,,A,-0.1578,1.2623,-13.6605,-13.5027,5,5,1,0
1CHO_EFG_I__A__I15P,A,1CHO_EFG_I,I,L,15,,P,3.3073,0.034,-13.2288,-16.5361,5,5,1,0
1CHO_EFG_I__A__I33V,A,1CHO_EFG_I,I,N,33,,V,-0.4443,0.1948,-16.7129,-16.2686,5,5,1,0
1E50_A_B__A__A56A,A,1E50_A_B,A,S,56,,A,0.1857,0.0713,-19.1548,-19.3405,5,5,1,0
1FSS_A_B__A__B33F,A,1FSS_A_B,B,M,33,,F,4.0226,1.7434,-13.3758,-17.3984,5,5,1,0
1JRH_LH_I__A__I44A,A,1JRH_LH_I,I,S,44,,A,0.4529,0.0009,-18.685,-19.1379,5,5,1,0
1K8R_A_B__A__A33A,A,1K8R_A_B,A,D,33,,A,0.6441,0.0006,-12.0968,-12.7409,5,5,1,0
1MHP_HL_A__A__L48K,A,1MHP_HL_A,L,L,48,,K,-0.4969,0.0457,-12.7198,-12.223,5,5,1,0
1PPF_E_I__A__I14I,A,1PPF_E_I,I,P,14,,I,-0.345,0.0314,-19.3036,-18.9586,5,5,1,0
1PPF_E_I__A__I20P,A,1PPF_E_I,I,Y,20,,P,8.356,0.3685,-10.6071,-18.9631,5,5,1,0
1R0R_E_I__A__I9V,A,1R0R_E_I,I,P,9,,V,0.1291,0.0174,-13.1619,-13.291,5,5,1,0
1R0R_E_I__A__I16D,A,1R0R_E_I,I,R,16,,D,1.4921,0.1482,-12.1693,-13.6613,5,5,1,0
1VFB_AB_C__A__B99A,A,1VFB_AB_C,B,R,99,,A,-0.0706,0.0277,-17.3098,-17.2392,5,5,1,0
2AW2_A_B__A__B35A,A,2AW2_A_B,B,V,35,,A,1.2059,0.0301,-15.1482,-16.3541,5,5,1,0
2I26_N_L__A__N29V,A,2I26_N_L,N,A,29,,V,-0.4434,0.0588,-17.3147,-16.8713,5,5,1,0
2PCC_A_B__A__A290A,A,2PCC_A_B,A,E,290,,A,1.7511,0.0875,-5.3663,-7.1174,5,5,1,0
3BT1_A_U__A__U8A,A,3BT1_A_U,U,T,8,,A,1.6722,0.1296,-21.9296,-23.6018,5,5,1,0
3HFM_HL_Y__A__H33A,A,3HFM_HL_Y,H,Y,33,,A,1.8881,0.006,-3.6776,-5.5658,5,5,1,0
3M62_A_B__A__B67A,A,3M62_A_B,B,V,67,,A,1.0389,0.044,-12.4673,-13.5062,5,5,1,0
3QDJ_ABC_DE__A__D26W,A,3QDJ_ABC_DE,D,D,26,,W,-0.4272,1.1065,-15.8669,-15.4397,5,5,1,0
3SE3_B_A__A__A53A,A,3SE3_B_A,A,N,53,,A,0.3116,0.0487,-26.1074,-26.419,5,5,1,0
3SGB_E_I__A__I7L,A,3SGB_E_I,I,K,7,,L,-0.6289,0.2933,-13.0079,-12.379,5,5,1,0
3SGB_E_I__A__I13R,A,3SGB_E_I,I,E,13,,R,-1.9926,0.9151,-14.8332,-12.8407,5,5,1,0
3WWN_A_B__A__A225E,A,3WWN_A_B,A,K,225,,E,0.9304,0.1685,-10.9481,-11.8785,5,5,1,0
4JEU_A_B__A__B3A,A,4JEU_A_B,B,R,3,,A,7.5081,0.1853,-53.7568,-61.2649,5,5,1,0
4P23_CD_AB__A__D5A,A,4P23_CD_AB,D,K,5,,A,3.5725,0.3128,-13.6627,-17.2352,5,5,1,0
5E6P_A_B__A__B42E,A,5E6P_A_B,B,R,42,,E,1.4753,0.0346,-16.3772,-17.8525,5,5,1,0
1A22_A_B__A__B85A,A,1A22_A_B,B,D,85,,A,0.3525,1.2283,-33.4418,-33.7943,5,5,1,0
1AO7_ABC_DE__A__D28V,A,1AO7_ABC_DE,D,G,28,,V,-2.0165,0.0243,-19.1007,-17.0842,5,5,1,0
1BRS_A_D__A__D29F,A,1BRS_A_D,D,Y,29,,F,0.4901,0.0021,-17.1368,-17.6269,5,5,1,0
1CHO_EFG_I__A__I11S,A,1CHO_EFG_I,I,P,11,,S,0.0945,0.2295,-16.1266,-16.2212,5,5,1,0
1CHO_EFG_I__A__I18A,A,1CHO_EFG_I,I,R,18,,A,2.6671,0.1613,-15.1614,-17.8285,5,5,1,0
1DAN_HL_UT__A__U68F,A,1DAN_HL_UT,U,W,68,,F,0.2603,0.8171,-26.9898,-27.2501,5,5,1,0
1EMV_A_B__A__B78A,A,1EMV_A_B,B,S,78,,A,-0.1143,0.0123,-22.4804,-22.3661,5,5,1,0
1H9D_A_B__A__B66A,A,1H9D_A_B,B,Q,66,,A,0.1199,0.3965,-16.4217,-16.5416,5,5,1,0
1JTD_A_B__A__B210A,A,1JTD_A_B,B,Y,210,,A,1.0646,0.281,-16.4342,-17.4988,5,5,1,0
1KTZ_A_B__A__B94A,A,1KTZ_A_B,B,D,94,,A,0.2373,0.2047,-16.606,-16.8433,5,5,1,0
1NCA_N_LH__A__H100D,A,1NCA_N_LH,H,E,100,,D,2.878,0.0579,-19.4301,-22.3081,5,5,1,0
1PPF_E_I__A__I17S,A,1PPF_E_I,I,T,17,,S,0.6878,0.0271,-18.2721,-18.9599,5,5,1,0
1PPF_E_I__A__I36C,A,1PPF_E_I,I,N,36,,C,0.3764,0.0003,-18.5822,-18.9586,5,5,1,0
1R0R_E_I__A__I13G,A,1R0R_E_I,I,L,13,,G,3.0215,0.2346,-11.7386,-14.7601,5,5,1,0
1SGD_E_I__A__I13L,A,1SGD_E_I,I,D,13,,L,-3.7001,0.4876,-12.9291,-9.229,5,5,1,0
1YQV_HL_Y__A__Y45K,A,1YQV_HL_Y,Y,R,45,,K,2.1158,0.5579,-13.0228,-15.1386,5,5,1,0
2FTL_E_I__A__I15E,A,2FTL_E_I,I,K,15,,E,5.0655,0.7136,-8.2601,-13.3255,5,5,1,0
2NYY_DC_A__A__A875A,A,2NYY_DC_A,A,K,875,,A,1.1914,0.5236,-26.4641,-27.6555,5,5,1,0
2WPT_A_B__A__B85A,A,2WPT_A_B,B,Q,85,,A,1.3734,0.175,-17.2919,-18.6653,5,5,1,0
3BX1_A_C__A__C87I,A,3BX1_A_C,C,Y,87,,I,2.5144,0.1945,-10.9583,-13.4727,5,5,1,0
3HFM_HL_Y__A__Y93A,A,3HFM_HL_Y,Y,N,93,,A,1.3218,0.2956,-4.4428,-5.7646,5,5,1,0
3NGB_HL_G__A__H63A,A,3NGB_HL_G,H,P,63,,A,0.5299,0.0036,-16.3377,-16.8675,5,5,1,0
3QIB_ABP_CD__A__B74A,A,3QIB_ABP_CD,B,D,74,,A,0.3327,0.3355,-31.3275,-31.6602,5,5,1,0
3SE8_HL_G__A__H63A,A,3SE8_HL_G,H,Q,63,,A,0.5644,0.0229,-15.4939,-16.0582,5,5,1,0
3SGB_E_I__A__I9V,A,3SGB_E_I,I,A,9,,V,-0.6965,0.1406,-13.2554,-12.5589,5,5,1,0
3SGB_E_I__A__I26D,A,3SGB_E_I,I,G,26,,D,3.5919,0.0627,-8.6942,-12.2861,5,5,1,0
4G0N_A_B__A__A33A,A,4G0N_A_B,A,D,33,,A,0.7768,0.1927,-19.5739,-20.3506,5,5,1,0
4NKQ_C_AB__A__B178M,A,4NKQ_C_AB,B,R,178,,M,2.7418,0.3681,-9.4544,-12.1963,5,5,1,0
4RS1_A_B__A__A79E,A,4RS1_A_B,A,Q,79,,E,0.4312,0.5885,-20.4722,-20.9034,5,5,1,0
1A22_A_B__A__B86A,A,1A22_A_B,B,E,86,,A,1.0401,0.1697,-32.3536,-33.3936,5,5,1,0
1AO7_ABC_DE__A__D30E,A,1AO7_ABC_DE,D,Q,30,,E,-0.1582,0.1059,-17.2804,-17.1222,5,5,1,0
1BRS_A_D__A__D35A,A,1BRS_A_D,D,D,35,,A,0.0392,0.2275,-17.8324,-17.8715,5,5,1,0
1CHO_EFG_I__A__I11T,A,1CHO_EFG_I,I,P,11,,T,0.5843,0.2117,-15.5847,-16.1689,5,5,1,0
1CHO_EFG_I__A__I18C,A,1CHO_EFG_I,I,R,18,,C,1.8184,0.609,-15.7954,-17.6138,5,5,1,0
1DAN_HL_UT__A__U69A,A,1DAN_HL_UT,U,S,69,,A,-0.1251,0.1805,-27.2439,-27.1189,5,5,1,0
1EMV_A_B__A__B86A,A,1EMV_A_B,B,F,86,,A,4.1314,0.1539,-19.1375,-23.2689,5,5,1,0
1H9D_A_B__A__B93A,A,1H9D_A_B,B,L,93,,A,1.372,0.1948,-15.0385,-16.4105,5,5,1,0
1JTD_A_B__A__B230A,A,1JTD_A_B,B,E,230,,A,-2.2148,0.3349,-19.6195,-17.4048,5,5,1,0
1KTZ_A_B__A__B95A,A,1KTZ_A_B,B,E,95,,A,3.8215,0.0671,-13.8402,-17.6617,5,5,1,0
1NCA_N_LH__A__H101K,A,1NCA_N_LH,H,D,101,,K,2.7771,0.6911,-20.6741,-23.4511,5,5,1,0
1PPF_E_I__A__I17V,A,1PPF_E_I,I,T,17,,V,-1.2269,0.0304,-20.2449,-19.018,5,5,1,0
1PPF_E_I__A__I36D,A,1PPF_E_I,I,N,36,,D,-0.1855,0.0551,-19.1293,-18.9439,5,5,1,0
1R0R_E_I__A__I13H,A,1R0R_E_I,I,L,13,,H,2.0082,0.2034,-11.3803,-13.3885,5,5,1,0
1SGE_E_I__A__I13L,A,1SGE_E_I,I,E,13,,L,-2.0325,0.1697,-10.7197,-8.6872,5,5,1,0
1YY9_CD_A__A__C93A,A,1YY9_CD_A,C,N,93,,A,1.7447,0.0191,-18.3963,-20.141,5,5,1,0
2FTL_E_I__A__I15F,A,2FTL_E_I,I,K,15,,F,0.078,0.5886,-13.2211,-13.299,5,5,1,0
2NYY_DC_A__A__A889A,A,2NYY_DC_A,A,F,889,,A,0.1397,0.5808,-27.379,-27.5187,5,5,1,0
2WPT_A_B__A__B90A,A,2WPT_A_B,B,K,90,,A,-0.0483,0.1628,-18.5326,-18.4843,5,5,1,0
3BX1_A_C__A__C88V,A,3BX1_A_C,C,T,88,,V,0.5964,0.0979,-13.5817,-14.1781,5,5,1,0
3HFM_HL_Y__A__Y96A,A,3HFM_HL_Y,Y,K,96,,A,1.2007,0.3146,-5.39,-6.5907,5,5,1,0
3NGB_HL_G__A__H63K,A,3NGB_HL_G,H,P,63,,K,0.3022,0.3213,-16.5654,-16.8675,5,5,1,0
3QIB_ABP_CD__A__B75A,A,3QIB_ABP_CD,B,T,75,,A,-0.2026,0.0213,-32.4032,-32.2006,5,5,1,0
3SE8_HL_G__A__H65A,A,3SE8_HL_G,H,Q,65,,A,1.2596,0.8147,-15.4944,-16.754,5,5,1,0
3SGB_E_I__A__I9W,A,3SGB_E_I,I,A,9,,W,-0.3653,1.4965,-12.9233,-12.5579,5,5,1,0
3SGB_E_I__A__I26E,A,3SGB_E_I,I,G,26,,E,3.5563,0.0692,-8.721,-12.2773,5,5,1,0
4G0N_A_B__A__A36A,A,4G0N_A_B,A,I,36,,A,1.4484,0.1397,-19.1546,-20.603,5,5,1,0
4NKQ_C_AB__A__C4E,A,4NKQ_C_AB,C,N,4,,E,-0.0737,0.2331,-12.238,-12.1643,5,5,1,0
4RS1_A_B__A__A92A,A,4RS1_A_B,A,D,92,,A,0.5057,0.0452,-20.1781,-20.6838,5,5,1,0
1A22_A_B__A__B119A,A,1A22_A_B,B,D,119,,A,4.1568,0.2344,-28.7462,-32.9031,5,5,1,0
1AO7_ABC_DE__A__D30L,A,1AO7_ABC_DE,D,Q,30,,L,-0.9854,0.0179,-18.0737,-17.0883,5,5,1,0
1BRS_A_D__A__D38F,A,1BRS_A_D,D,W,38,,F,0.8823,0.5473,-17.6408,-18.5231,5,5,1,0
1CHO_EFG_I__A__I11V,A,1CHO_EFG_I,I,P,11,,V,0.2565,0.2482,-15.9646,-16.2212,5,5,1,0
1CHO_EFG_I__A__I18D,A,1CHO_EFG_I,I,R,18,,D,2.7692,0.3545,-14.7797,-17.5489,5,5,1,0
1DAN_HL_UT__A__U109A,A,1DAN_HL_UT,U,T,109,,A,0.4965,0.0318,-26.5026,-26.9991,5,5,1,0
1EMV_A_B__A__B92A,A,1EMV_A_B,B,Q,92,,A,1.131,0.1341,-21.3656,-22.4966,5,5,1,0
1H9D_A_B__A__B94A,A,1H9D_A_B,B,N,94,,A,2.1671,0.2667,-14.3937,-16.5608,5,5,1,0
1JTD_A_B__A__B231A,A,1JTD_A_B,B,W,231,,A,-0.0325,0.5567,-17.5829,-17.5504,5,5,1,0
1KTZ_A_B__A__B95Q,A,1KTZ_A_B,B,E,95,,Q,4.3097,0.0633,-13.3659,-17.6756,5,5,1,0
1NCA_N_LH__A__H102Q,A,1NCA_N_LH,H,N,102,,Q,1.9536,0.5768,-20.4165,-22.3701,5,5,1,0
1PPF_E_I__A__I17W,A,1PPF_E_I,I,T,17,,W,1.945,1.4649,-17.0826,-19.0277,5,5,1,0
1PPF_E_I__A__I36E,A,1PPF_E_I,I,N,36,,E,-0.2692,0.9478,-19.2131,-18.9439,5,5,1,0
1R0R_E_I__A__I13I,A,1R0R_E_I,I,L,13,,I,2.1636,0.6296,-12.7009,-14.8645,5,5,1,0
1SGN_E_I__A__I13L,A,1SGN_E_I,I,N,13,,L,-3.5244,0.0306,-12.0852,-8.5608,5,5,1,0
1YY9_CD_A__A__D52P,A,1YY9_CD_A,D,W,52,,P,3.1121,0.0669,-15.3266,-18.4387,5,5,1,0
2FTL_E_I__A__I15G,A,2FTL_E_I,I,K,15,,G,2.8319,0.4133,-10.651,-13.4828,5,5,1,0
2NYY_DC_A__A__A890A,A,2NYY_DC_A,A,N,890,,A,0.0806,0.0014,-27.1597,-27.2403,5,5,1,0
2WPT_A_B__A__B91A,A,2WPT_A_B,B,V,91,,A,0.3108,0.0266,-18.1241,-18.4349,5,5,1,0
3BX1_A_C__A__C89A,A,3BX1_A_C,C,T,89,,A,-0.3545,0.0207,-13.5576,-13.2031,5,5,1,0
3HFM_HL_Y__A__Y96M,A,3HFM_HL_Y,Y,K,96,,M,-0.8146,0.1341,-6.5027,-5.6881,5,5,1,0
3NGB_HL_G__A__H65A,A,3NGB_HL_G,H,Q,65,,A,1.2695,0.1376,-16.9668,-18.2363,5,5,1,0
3QIB_ABP_CD__A__B79A,A,3QIB_ABP_CD,B,H,79,,A,1.4384,0.6062,-30.1552,-31.5936,5,5,1,0
3SE8_HL_G__A__H72A,A,3SE8_HL_G,H,R,72,,A,3.3477,0.0559,-12.9025,-16.2501,5,5,1,0
3SGB_E_I__A__I9Y,A,3SGB_E_I,I,A,9,,Y,-0.2513,0.5392,-12.8093,-12.5579,5,5,1,0
3SGB_E_I__A__I26F,A,3SGB_E_I,I,G,26,,F,1.8966,0.1353,-10.4024,-12.299,5,5,1,0
4G0N_A_B__A__A37A,A,4G0N_A_B,A,E,37,,A,3.899,0.171,-16.7967,-20.6957,5,5,1,0
4NKQ_C_AB__A__C8R,A,4NKQ_C_AB,C,E,8,,R,0.0274,0.8202,-11.9096,-11.937,5,5,1,0
4RS1_A_B__A__A92K,A,4RS1_A_B,A,D,92,,K,1.0931,0.195,-19.7996,-20.8927,5,5,1,0
1A22_A_B__A__B120A,A,1A22_A_B,B,I,120,,A,0.7827,0.0326,-32.4216,-33.2043,5,5,1,0
1AO7_ABC_DE__A__D30N,A,1AO7_ABC_DE,D,Q,30,,N,0.0153,0.0916,-17.0968,-17.1122,5,5,1,0
1BRS_A_D__A__D39A,A,1BRS_A_D,D,D,39,,A,4.9668,0.811,-13.5578,-18.5246,5,5,1,0
1CHO_EFG_I__A__I11W,A,1CHO_EFG_I,I,P,11,,W,0.4899,0.2208,-15.732,-16.2219,5,5,1,0
1CHO_EFG_I__A__I18E,A,1CHO_EFG_I,I,R,18,,E,2.8007,0.2537,-14.8849,-17.6857,5,5,1,0
1DAN_HL_UT__A__U113A,A,1DAN_HL_UT,U,V,113,,A,2.2857,0.2379,-24.9311,-27.2168,5,5,1,0
1EMV_A_B__A__B97A,A,1EMV_A_B,B,K,97,,A,1.9807,0.1104,-20.4615,-22.4422,5,5,1,0
1HE8_A_B__A__A80V,A,1HE8_A_B,A,K,80,,V,0.6347,0.0495,-7.0595,-7.6942,5,5,1,0
1JTD_A_B__A__B248A,A,1JTD_A_B,B,R,248,,A,1.8615,0.6025,-15.8283,-17.6898,5,5,1,0
1LFD_A_B__A__A5A,A,1LFD_A_B,A,I,5,,A,2.6032,0.0376,-12.3532,-14.9563,5,5,1,0
1NMB_N_LH__A__H57E,A,1NMB_N_LH,H,D,57,,E,0.453,0.2652,-12.9961,-13.4491,5,5,1,0
1PPF_E_I__A__I17Y,A,1PPF_E_I,I,T,17,,Y,1.2251,0.1947,-17.796,-19.021,5,5,1,0
1PPF_E_I__A__I36F,A,1PPF_E_I,I,N,36,,F,0.0342,0.0052,-18.9244,-18.9586,5,5,1,0
1R0R_E_I__A__I13K,A,1R0R_E_I,I,L,13,,K,1.5333,0.156,-11.8552,-13.3885,5,5,1,0
1SGP_E_I__A__I13L,A,1SGP_E_I,I,A,13,,L,-1.9342,0.1182,-13.8205,-11.8863,5,5,1,0
1YY9_CD_A__A__D53P,A,1YY9_CD_A,D,S,53,,P,0.7132,0.1083,-17.6425,-18.3557,5,5,1,0
2FTL_E_I__A__I15H,A,2FTL_E_I,I,K,15,,H,2.5927,0.7197,-10.7181,-13.3107,5,5,1,0
2NYY_DC_A__A__A891A,A,2NYY_DC_A,A,L,891,,A,1.4627,0.5953,-25.8706,-27.3333,5,5,1,0
3AAA_AB_C__A__A248A,A,3AAA_AB_C,A,K,248,,A,1.6274,0.231,-21.7834,-23.4108,5,5,1,0
3C60_CD_AB__A__C40A,A,3C60_CD_AB,C,K,40,,A,0.3345,0.0243,-10.7741,-11.1087,5,5,1,0
3HFM_HL_Y__A__Y96R,A,3HFM_HL_Y,Y,K,96,,R,-0.7401,0.5683,-6.5449,-5.8049,5,5,1,0
3NGB_HL_G__A__H72A,A,3NGB_HL_G,H,R,72,,A,4.0471,0.0746,-13.3161,-17.3631,5,5,1,0
3QIB_ABP_CD__A__C89P,A,3QIB_ABP_CD,C,R,89,,P,2.6579,0.3711,-31.0696,-33.7275,5,5,1,0
3SE8_HL_G__A__H76A,A,3SE8_HL_G,H,Q,76,,A,0.0422,0.0779,-16.3596,-16.4017,5,5,1,0
3SGB_E_I__A__I11A,A,3SGB_E_I,I,T,11,,A,0.5158,0.0011,-11.7688,-12.2846,5,5,1,0
3SGB_E_I__A__I26H,A,3SGB_E_I,I,G,26,,H,2.2189,0.0517,-10.058,-12.2769,5,5,1,0
4G0N_A_B__A__A38A,A,4G0N_A_B,A,D,38,,A,3.322,0.2046,-17.7487,-21.0707,5,5,1,0
4NKQ_C_AB__A__C10D,A,4NKQ_C_AB,C,R,10,,D,0.8891,0.2098,-11.1518,-12.0408,5,5,1,0
4RS1_A_B__A__A92N,A,4RS1_A_B,A,D,92,,N,0.2258,0.01,-20.458,-20.6838,5,5,1,0
1A22_A_B__A__B121A,A,1A22_A_B,B,Q,121,,A,1.039,0.449,-32.1644,-33.2034,5,5,1,0
1AO7_ABC_DE__A__D30V,A,1AO7_ABC_DE,D,Q,30,,V,-0.0495,0.0488,-17.1575,-17.108,5,5,1,0
1BRS_A_D__A__D42A,A,1BRS_A_D,D,T,42,,A,0.0481,0.1967,-17.6862,-17.7343,5,5,1,0
1CHO_EFG_I__A__I11Y,A,1CHO_EFG_I,I,P,11,,Y,0.0924,0.1176,-16.096,-16.1884,5,5,1,0
1CHO_EFG_I__A__I18F,A,1CHO_EFG_I,I,R,18,,F,1.5251,0.2324,-16.2731,-17.7983,5,5,1,0
1DAN_HL_UT__A__U114A,A,1DAN_HL_UT,U,E,114,,A,0.1155,0.1682,-26.874,-26.9895,5,5,1,0
1EMV_A_B__A__B98A,A,1EMV_A_B,B,V,98,,A,0.6392,0.0008,-21.7154,-22.3546,5,5,1,0
1IAR_A_B__A__A5A,A,1IAR_A_B,A,I,5,,A,1.7471,0.0428,-27.9057,-29.6528,5,5,1,0
1JTD_A_B__A__B266A,A,1JTD_A_B,B,N,266,,A,0.3366,0.3079,-17.0146,-17.3512,5,5,1,0
1LFD_A_B__A__A14A,A,1LFD_A_B,A,N,14,,A,0.3493,0.0477,-14.6591,-15.0084,5,5,1,0
1NMB_N_LH__A__H57N,A,1NMB_N_LH,H,D,57,,N,1.7083,0.3015,-11.7669,-13.4753,5,5,1,0
1PPF_E_I__A__I18A,A,1PPF_E_I,I,L,18,,A,3.8434,0.0572,-15.3404,-19.1838,5,5,1,0
1PPF_E_I__A__I36G,A,1PPF_E_I,I,N,36,,G,1.1321,0.004,-17.8592,-18.9913,5,5,1,0
1R0R_E_I__A__I13M,A,1R0R_E_I,I,L,13,,M,0.6093,0.0278,-12.7792,-13.3885,5,5,1,0
1SGQ_E_I__A__I13L,A,1SGQ_E_I,I,G,13,,L,-3.2209,0.0229,-13.7377,-10.5168,5,5,1,0
1YY9_CD_A__A__D54P,A,1YY9_CD_A,D,G,54,,P,-0.8326,0.0725,-19.0814,-18.2487,5,5,1,0
2FTL_E_I__A__I15I,A,2FTL_E_I,I,K,15,,I,4.5672,0.0273,-8.9535,-13.5208,5,5,1,0
2NYY_DC_A__A__A892A,A,2NYY_DC_A,A,E,892,,A,1.1312,0.4585,-27.4749,-28.6062,5,5,1,0
3AAA_AB_C__A__A248E,A,3AAA_AB_C,A,K,248,,E,2.0486,0.2492,-21.4888,-23.5373,5,5,1,0
3C60_CD_AB__A__C58A,A,3C60_CD_AB,C,Q,58,,A,0.0623,1.0613,-11.4408,-11.5032,5,5,1,0
3HFM_HL_Y__A__Y97A,A,3HFM_HL_Y,Y,K,97,,A,1.0512,0.0246,-5.091,-6.1422,5,5,1,0
3NGB_HL_G__A__H74A,A,3NGB_HL_G,H,V,74,,A,0.0802,0.0,-16.7874,-16.8676,5,5,1,0
3QIB_ABP_CD__A__C94P,A,3QIB_ABP_CD,C,N,94,,P,-0.6629,0.038,-32.8198,-32.1568,5,5,1,0
3SE8_HL_G__A__H78A,A,3SE8_HL_G,H,P,78,,A,0.5171,0.0008,-15.5889,-16.106,5,5,1,0
3SGB_E_I__A__I11C,A,3SGB_E_I,I,T,11,,C,-0.8597,0.0053,-13.1437,-12.284,5,5,1,0
3SGB_E_I__A__I26I,A,3SGB_E_I,I,G,26,,I,9.7676,0.1119,-2.5314,-12.299,5,5,1,0
4G0N_A_B__A__A39A,A,4G0N_A_B,A,S,39,,A,-0.6303,0.1158,-21.4866,-20.8563,5,5,1,0
4NKQ_C_AB__A__C11D,A,4NKQ_C_AB,C,R,11,,D,1.7839,0.4829,-10.5519,-12.3358,5,5,1,0
4RS1_A_B__A__A92R,A,4RS1_A_B,A,D,92,,R,1.3217,0.4655,-19.7973,-21.119,5,5,1,0
1A22_A_B__A__B122A,A,1A22_A_B,B,K,122,,A,0.0692,0.0807,-33.1972,-33.2664,5,5,1,0
1AO7_ABC_DE__A__D31A,A,1AO7_ABC_DE,D,S,31,,A,0.9511,0.0049,-16.0541,-17.0052,5,5,1,0
1BRS_A_D__A__D44F,A,1BRS_A_D,D,W,44,,F,1.8746,0.1707,-15.7523,-17.6269,5,5,1,0
1CHO_EFG_I__A__I12C,A,1CHO_EFG_I,I,A,12,,C,0.2841,0.0481,-15.91,-16.1941,5,5,1,0
1CHO_EFG_I__A__I18G,A,1CHO_EFG_I,I,R,18,,G,2.52,0.2452,-15.034,-17.554,5,5,1,0
1DQJ_AB_C__A__A31A,A,1DQJ_AB_C,A,N,31,,A,0.4193,0.0062,-15.6567,-16.0761,5,5,1,0
1F47_A_B__A__A4A,A,1F47_A_B,A,D,4,,A,0.3008,0.1274,-16.393,-16.6937,5,5,1,0
1IAR_A_B__A__A5R,A,1IAR_A_B,A,I,5,,R,-1.8313,1.034,-31.5566,-29.7253,5,5,1,0
1JTG_A_B__A__A74A,A,1JTG_A_B,A,Q,74,,A,0.0336,0.0097,-26.8621,-26.8956,5,5,1,0
1LFD_A_B__A__A14K,A,1LFD_A_B,A,N,14,,K,0.2938,0.0001,-14.6833,-14.9771,5,5,1,0
1NMB_N_LH__A__H103A,A,1NMB_N_LH,H,Y,103,,A,1.4836,0.2668,-12.093,-13.5766,5,5,1,0
1PPF_E_I__A__I18C,A,1PPF_E_I,I,L,18,,C,3.3036,0.0159,-15.8709,-19.1745,5,5,1,0
1PPF_E_I__A__I36H,A,1PPF_E_I,I,N,36,,H,-0.4218,0.0341,-19.3804,-18.9586,5,5,1,0
1R0R_E_I__A__I13N,A,1R0R_E_I,I,L,13,,N,2.3232,0.2141,-11.0653,-13.3885,5,5,1,0
1SGY_E_I__A__I13L,A,1SGY_E_I,I,Y,13,,L,-0.4674,0.0032,-10.2858,-9.8184,5,5,1,0
1YY9_CD_A__A__D56A,A,1YY9_CD_A,D,N,56,,A,0.1382,0.0,-18.0927,-18.2309,5,5,1,0
2FTL_E_I__A__I15L,A,2FTL_E_I,I,K,15,,L,0.359,0.026,-13.1618,-13.5208,5,5,1,0
2NYY_DC_A__A__A925A,A,2NYY_DC_A,A,F,925,,A,3.2048,0.025,-24.137,-27.3418,5,5,1,0
3AAA_AB_C__A__A252A,A,3AAA_AB_C,A,R,252,,A,6.6312,0.2778,-16.4186,-23.0498,5,5,1,0
3C60_CD_AB__A__C61A,A,3C60_CD_AB,C,L,61,,A,0.3326,1.3087,-11.3018,-11.6344,5,5,1,0
3HFM_HL_Y__A__Y97D,A,3HFM_HL_Y,Y,K,97,,D,2.3041,0.1355,-4.0032,-6.3073,5,5,1,0
3NGB_HL_G__A__H74T,A,3NGB_HL_G,H,V,74,,T,0.0707,0.0002,-16.7969,-16.8676,5,5,1,0
3QIB_ABP_CD__A__D95P,A,3QIB_ABP_CD,D,L,95,,P,0.7145,0.0944,-31.617,-32.3315,5,5,1,0
3SE8_HL_G__A__H81A,A,3SE8_HL_G,H,P,81,,A,0.0696,0.0004,-16.0357,-16.1054,5,5,1,0
3SGB_E_I__A__I11D,A,3SGB_E_I,I,T,11,,D,1.8243,0.0447,-10.5024,-12.3266,5,5,1,0
3SGB_E_I__A__I26K,A,3SGB_E_I,I,G,26,,K,2.2341,0.0675,-10.0428,-12.2769,5,5,1,0
4G0N_A_B__A__A41A,A,4G0N_A_B,A,R,41,,A,0.6888,0.0257,-19.9816,-20.6704,5,5,1,0
4NKQ_C_AB__A__C15D,A,4NKQ_C_AB,C,L,15,,D,0.2077,0.0689,-11.907,-12.1147,5,5,1,0
4RS1_A_B__A__A95A,A,4RS1_A_B,A,L,95,,A,1.6309,0.289,-19.8579,-21.4888,5,5,1,0
1A22_A_B__A__B124A,A,1A22_A_B,B,W,124,,A,4.7499,0.533,-29.3615,-34.1114,5,5,1,0
1AO7_ABC_DE__A__D50A,A,1AO7_ABC_DE,D,Y,50,,A,1.315,0.2947,-15.7112,-17.0262,5,5,1,0
1BRS_A_D__A__D74A,A,1BRS_A_D,D,E,74,,A,2.0054,0.0944,-16.4393,-18.4448,5,5,1,0
1CHO_EFG_I__A__I12D,A,1CHO_EFG_I,I,A,12,,D,0.6399,0.3293,-15.5399,-16.1798,5,5,1,0
1CHO_EFG_I__A__I18H,A,1CHO_EFG_I,I,R,18,,H,2.136,0.2679,-15.5404,-17.6764,5,5,1,0
1DQJ_AB_C__A__A32A,A,1DQJ_AB_C,A,N,32,,A,1.8259,0.3941,-14.0924,-15.9183,5,5,1,0
1F47_A_B__A__A5A,A,1F47_A_B,A,Y,5,,A,2.9122,0.1002,-13.814,-16.7262,5,5,1,0
1IAR_A_B__A__A6A,A,1IAR_A_B,A,T,6,,A,1.1362,0.0372,-28.6298,-29.7661,5,5,1,0
1JTG_A_B__A__A75A,A,1JTG_A_B,A,N,75,,A,0.1209,0.3132,-27.23,-27.3509,5,5,1,0
1LFD_A_B__A__A16A,A,1LFD_A_B,A,N,16,,A,1.2618,0.3727,-13.657,-14.9188,5,5,1,0
1NMB_N_LH__A__H105F,A,1NMB_N_LH,H,Y,105,,F,-0.1293,0.035,-13.1927,-13.0634,5,5,1,0
1PPF_E_I__A__I18D,A,1PPF_E_I,I,L,18,,D,6.3426,0.1258,-12.6857,-19.0282,5,5,1,0
1PPF_E_I__A__I36I,A,1PPF_E_I,I,N,36,,I,0.2227,0.0145,-18.7359,-18.9586,5,5,1,0
1R0R_E_I__A__I13P,A,1R0R_E_I,I,L,13,,P,8.4101,1.3763,-5.7759,-14.1861,5,5,1,0
1SMF_E_I__A__I2A,A,1SMF_E_I,I,T,2,,A,0.7491,0.0628,-10.1191,-10.8682,5,5,1,0
1YY9_CD_A__A__D101P,A,1YY9_CD_A,D,Y,101,,P,1.7682,0.0248,-16.4633,-18.2315,5,5,1,0
2FTL_E_I__A__I15M,A,2FTL_E_I,I,K,15,,M,1.1527,0.0279,-12.368,-13.5208,5,5,1,0
2NYY_DC_A__A__A926A,A,2NYY_DC_A,A,N,926,,A,0.9889,0.0937,-26.1314,-27.1203,5,5,1,0
3AAA_AB_C__A__A252E,A,3AAA_AB_C,A,R,252,,E,8.4209,0.4075,-14.8822,-23.3032,5,5,1,0
3C60_CD_AB__A__C62A,A,3C60_CD_AB,C,Q,62,,A,2.7562,0.1643,-12.8015,-15.5578,5,5,1,0
3HFM_HL_Y__A__Y97E,A,3HFM_HL_Y,Y,K,97,,E,1.9143,0.1629,-4.3425,-6.2568,5,5,1,0
3NGB_HL_G__A__H75A,A,3NGB_HL_G,H,Y,75,,A,0.0079,0.0,-16.8597,-16.8676,5,5,1,0
3QIB_ABP_CD__A__P6A,A,3QIB_ABP_CD,P,Y,6,,A,0.9517,0.0,-31.1973,-32.149,5,5,1,0
3SE8_HL_G__A__H110A,A,3SE8_HL_G,H,D,110,,A,-0.0184,0.0092,-16.1167,-16.0983,5,5,1,0
3SGB_E_I__A__I11E,A,3SGB_E_I,I,T,11,,E,-0.2721,0.0873,-12.6724,-12.4003,5,5,1,0
3SGB_E_I__A__I26L,A,3SGB_E_I,I,G,26,,L,2.9706,0.2898,-9.3284,-12.299,5,5,1,0
4G0N_A_B__A__B11A,A,4G0N_A_B,B,N,11,,A,0.1441,0.0006,-20.5488,-20.6929,5,5,1,0
4NKQ_C_AB__A__C99K,A,4NKQ_C_AB,C,D,99,,K,0.6725,1.0397,-12.0918,-12.7643,5,5,1,0
4RS1_A_B__A__A99A,A,4RS1_A_B,A,F,99,,A,3.9857,0.065,-17.1076,-21.0933,5,5,1,0
1A22_A_B__A__B126A,A,1A22_A_B,B,V,126,,A,0.0306,0.3357,-33.0973,-33.1279,5,5,1,0
1AO7_ABC_DE__A__D51M,A,1AO7_ABC_DE,D,S,51,,M,-1.1214,0.0778,-18.2479,-17.1265,5,5,1,0
1C1Y_A_B__A__A38A,A,1C1Y_A_B,A,D,38,,A,2.731,0.2993,-16.3481,-19.0791,5,5,1,0
1CHO_EFG_I__A__I12E,A,1CHO_EFG_I,I,A,12,,E,0.1324,0.1909,-16.0888,-16.2212,5,5,1,0
1CHO_EFG_I__A__I18I,A,1CHO_EFG_I,I,R,18,,I,1.8477,0.3134,-15.7716,-17.6193,5,5,1,0
1DQJ_AB_C__A__A50A,A,1DQJ_AB_C,A,Y,50,,A,0.842,0.2907,-15.8118,-16.6538,5,5,1,0
1F47_A_B__A__A6A,A,1F47_A_B,A,L,6,,A,0.9513,0.0913,-15.7356,-16.6869,5,5,1,0
1IAR_A_B__A__A6D,A,1IAR_A_B,A,T,6,,D,1.7584,0.6398,-28.0622,-29.8206,5,5,1,0
1JTG_A_B__A__A77A,A,1JTG_A_B,A,L,77,,A,0.7729,0.0291,-26.2152,-26.988,5,5,1,0
1LFD_A_B__A__A17K,A,1LFD_A_B,A,M,17,,K,0.6737,0.1233,-14.2641,-14.9378,5,5,1,0
1NMB_N_LH__A__L32F,A,1NMB_N_LH,L,Y,32,,F,0.7495,0.1106,-12.2583,-13.0078,5,5,1,0
1PPF_E_I__A__I18E,A,1PPF_E_I,I,L,18,,E,6.0913,0.2907,-12.8878,-18.9792,5,5,1,0
1PPF_E_I__A__I36K,A,1PPF_E_I,I,N,36,,K,0.8751,0.2485,-18.0688,-18.9439,5,5,1,0
1R0R_E_I__A__I13Q,A,1R0R_E_I,I,L,13,,Q,0.71,0.012,-12.6785,-13.3885,5,5,1,0
1SMF_E_I__A__I3A,A,1SMF_E_I,I,K,3,,A,2.5813,0.2034,-7.2806,-9.8619,5,5,1,0
1Z7X_W_X__A__W261A,A,1Z7X_W_X,W,W,261,,A,1.4169,0.1474,-28.9666,-30.3834,5,5,1,0
2FTL_E_I__A__I15N,A,2FTL_E_I,I,K,15,,N,3.394,0.0267,-10.1268,-13.5208,5,5,1,0
2NYY_DC_A__A__A927A,A,2NYY_DC_A,A,S,927,,A,1.0386,0.1448,-26.2017,-27.2403,5,5,1,0
3AAA_AB_C__A__A258A,A,3AAA_AB_C,A,R,258,,A,5.845,0.3099,-17.5298,-23.3747,5,5,1,0
3C60_CD_AB__A__C66A,A,3C60_CD_AB,C,V,66,,A,1.4378,0.2175,-9.1595,-10.5973,5,5,1,0
3HFM_HL_Y__A__Y97G,A,3HFM_HL_Y,Y,K,97,,G,1.2544,0.0246,-4.8878,-6.1422,5,5,1,0
3NGB_HL_G__A__H75S,A,3NGB_HL_G,H,Y,75,,S,0.0731,0.0,-16.7945,-16.8676,5,5,1,0
3QIB_ABP_CD__A__P6F,A,3QIB_ABP_CD,P,Y,6,,F,0.5631,0.0127,-31.5859,-32.149,5,5,1,0
3SE8_HL_G__A__H111A,A,3SE8_HL_G,H,Y,111,,A,-0.0076,0.0094,-16.1101,-16.1025,5,5,1,0
3SGB_E_I__A__I11F,A,3SGB_E_I,I,T,11,,F,-0.2672,0.7006,-12.6057,-12.3385,5,5,1,0
3SGB_E_I__A__I26M,A,3SGB_E_I,I,G,26,,M,2.375,0.1666,-9.9273,-12.3023,5,5,1,0
4G0N_A_B__A__B11D,A,4G0N_A_B,B,N,11,,D,-0.4932,0.0318,-21.1865,-20.6933,5,5,1,0
4NM8_ABCDEF_HL__A__B18M,A,4NM8_ABCDEF_HL,B,I,18,,M,1.1478,0.0737,-10.0248,-11.1725,5,5,1,0
4RS1_A_B__A__B174A,A,4RS1_A_B,B,K,174,,A,0.9442,0.2044,-19.7796,-20.7238,5,5,1,0
1A22_A_B__A__B172A,A,1A22_A_B,B,R,172,,A,0.9701,0.1041,-32.2169,-33.1869,5,5,1,0
1AO7_ABC_DE__A__D52A,A,1AO7_ABC_DE,D,N,52,,A,-0.1697,0.0,-17.2147,-17.045,5,5,1,0
1C1Y_A_B__A__B5A,A,1C1Y_A_B,B,R,5,,A,3.9978,0.1466,-15.1969,-19.1947,5,5,1,0
1CHO_EFG_I__A__I12F,A,1CHO_EFG_I,I,A,12,,F,0.2397,0.1509,-15.9809,-16.2207,5,5,1,0
1CHO_EFG_I__A__I18K,A,1CHO_EFG_I,I,R,18,,K,1.4761,0.2068,-16.1297,-17.6058,5,5,1,0
1DQJ_AB_C__A__A91A,A,1DQJ_AB_C,A,S,91,,A,-0.0576,0.0001,-16.1702,-16.1126,5,5,1,0
1F47_A_B__A__A7A,A,1F47_A_B,A,D,7,,A,0.1941,0.1609,-16.4922,-16.6863,5,5,1,0
1IAR_A_B__A__A8A,A,1IAR_A_B,A,Q,8,,A,-0.0466,0.2726,-29.9946,-29.9479,5,5,1,0
1JTG_A_B__A__A78A,A,1JTG_A_B,A,V,78,,A,0.4642,0.4498,-26.8436,-27.3079,5,5,1,0
1LFD_A_B__A__A18A,A,1LFD_A_B,A,Y,18,,A,1.5334,0.8341,-13.3775,-14.9108,5,5,1,0
1NMB_N_LH__A__L93F,A,1NMB_N_LH,L,T,93,,F,1.0227,0.9076,-12.2502,-13.2729,5,5,1,0
1PPF_E_I__A__I18F,A,1PPF_E_I,I,L,18,,F,6.5881,1.5488,-12.4957,-19.0837,5,5,1,0
1PPF_E_I__A__I36L,A,1PPF_E_I,I,N,36,,L,-0.2692,0.001,-19.2277,-18.9586,5,5,1,0
1R0R_E_I__A__I13R,A,1R0R_E_I,I,L,13,,R,2.4297,0.2607,-10.9862,-13.416,5,5,1,0
1SMF_E_I__A__I4A,A,1SMF_E_I,I,S,4,,A,0.4835,0.0032,-10.2956,-10.7791,5,5,1,0
1Z7X_W_X__A__W263A,A,1Z7X_W_X,W,W,263,,A,1.4688,0.0359,-29.028,-30.4968,5,5,1,0
2FTL_E_I__A__I15Q,A,2FTL_E_I,I,K,15,,Q,3.0593,0.0274,-10.4614,-13.5207,5,5,1,0
2NYY_DC_A__A__A928A,A,2NYY_DC_A,A,I,928,,A,0.7722,0.0217,-26.4606,-27.2328,5,5,1,0
3AAA_AB_C__A__A258E,A,3AAA_AB_C,A,R,258,,E,6.5642,1.4011,-16.1864,-22.7506,5,5,1,0
3C60_CD_AB__A__C69A,A,3C60_CD_AB,C,H,69,,A,0.3664,0.1886,-10.5256,-10.892,5,5,1,0
3HFM_HL_Y__A__Y97M,A,3HFM_HL_Y,Y,K,97,,M,-0.8303,0.4078,-7.0074,-6.1771,5,5,1,0
3NGB_HL_G__A__H103A,A,3NGB_HL_G,H,D,103,,A,0.0179,0.1401,-16.9169,-16.9348,5,5,1,0
3QIB_ABP_CD__A__P8A,A,3QIB_ABP_CD,P,K,8,,A,2.1124,0.0309,-29.9836,-32.096,5,5,1,0
3SE8_HL_G__A__H114A,A,3SE8_HL_G,H,D,114,,A,-0.2515,0.1704,-16.2748,-16.0234,5,5,1,0
3SGB_E_I__A__I11G,A,3SGB_E_I,I,T,11,,G,1.69,0.0045,-10.5947,-12.2846,5,5,1,0
3SGB_E_I__A__I26N,A,3SGB_E_I,I,G,26,,N,2.1107,0.0441,-10.1904,-12.3011,5,5,1,0
4G0N_A_B__A__B12A,A,4G0N_A_B,B,K,12,,A,0.2794,0.0267,-20.4089,-20.6884,5,5,1,0
4NM8_ABCDEF_HL__A__B19N,A,4NM8_ABCDEF_HL,B,D,19,,N,2.0902,0.7658,-10.7222,-12.8124,5,5,1,0
4RS1_A_B__A__B203A,A,4RS1_A_B,B,K,203,,A,0.4964,0.0483,-19.8234,-20.3198,5,5,1,0
1A22_A_B__A__B173A,A,1A22_A_B,B,N,173,,A,0.5021,0.0372,-32.656,-33.1581,5,5,1,0
1AO7_ABC_DE__A__D66A,A,1AO7_ABC_DE,D,K,66,,A,0.7389,0.1727,-16.6445,-17.3834,5,5,1,0
1C1Y_A_B__A__B10A,A,1C1Y_A_B,B,N,10,,A,1.1418,0.0077,-17.8808,-19.0226,5,5,1,0
1CHO_EFG_I__A__I12G,A,1CHO_EFG_I,I,A,12,,G,1.473,0.0026,-14.7969,-16.2699,5,5,1,0
1CHO_EFG_I__A__I18L,A,1CHO_EFG_I,I,R,18,,L,1.3938,0.268,-16.3009,-17.6947,5,5,1,0
1DQJ_AB_C__A__A96A,A,1DQJ_AB_C,A,Y,96,,A,-0.4236,0.2618,-16.4331,-16.0095,5,5,1,0
1F47_A_B__A__A7G,A,1F47_A_B,A,D,7,,G,0.2387,0.1527,-16.4476,-16.6863,5,5,1,0
1IAR_A_B__A__A8R,A,1IAR_A_B,A,Q,8,,R,-0.0806,0.4927,-29.8302,-29.7496,5,5,1,0
1JTG_A_B__A__A79A,A,1JTG_A_B,A,E,79,,A,3.5344,0.4526,-23.368,-26.9024,5,5,1,0
1LFD_A_B__A__A18F,A,1LFD_A_B,A,Y,18,,F,1.2758,0.2621,-13.7017,-14.9774,5,5,1,0
1NMB_N_LH__A__L93W,A,1NMB_N_LH,L,T,93,,W,3.8838,0.6986,-9.4451,-13.3289,5,5,1,0
1PPF_E_I__A__I18G,A,1PPF_E_I,I,L,18,,G,5.133,0.0154,-14.0755,-19.2085,5,5,1,0
1PPF_E_I__A__I36M,A,1PPF_E_I,I,N,36,,M,0.0202,0.0598,-18.9461,-18.9663,5,5,1,0
1R0R_E_I__A__I13S,A,1R0R_E_I,I,L,13,,S,2.0875,1.0142,-12.4393,-14.5268,5,5,1,0
1SMF_E_I__A__I5A,A,1SMF_E_I,I,I,5,,A,1.5865,0.2879,-8.9605,-10.5471,5,5,1,0
1Z7X_W_X__A__W287A,A,1Z7X_W_X,W,E,287,,A,0.4507,0.3579,-29.9384,-30.3891,5,5,1,0
2FTL_E_I__A__I15R,A,2FTL_E_I,I,K,15,,R,0.9342,1.6494,-12.5378,-13.4721,5,5,1,0
2NYY_DC_A__A__A1030A,A,2NYY_DC_A,A,D,1030,,A,1.2834,0.0111,-25.9677,-27.2511,5,5,1,0
3AAA_AB_C__A__C7A,A,3AAA_AB_C,C,W,7,,A,6.7332,0.2276,-14.5519,-21.2851,5,5,1,0
3C60_CD_AB__A__D2A,A,3C60_CD_AB,D,E,2,,A,-0.4348,0.0108,-10.667,-10.2322,5,5,1,0
3HFM_HL_Y__A__Y97R,A,3HFM_HL_Y,Y,K,97,,R,-1.183,0.0878,-7.3404,-6.1573,5,5,1,0
3NGB_HL_G__A__H104A,A,3NGB_HL_G,H,Y,104,,A,-0.0916,0.0833,-17.1471,-17.0555,5,5,1,0
3QIB_ABP_CD__A__P8R,A,3QIB_ABP_CD,P,K,8,,R,2.2925,0.7245,-29.941,-32.2336,5,5,1,0
3SE8_HL_G__A__H115A,A,3SE8_HL_G,H,F,115,,A,0.1027,0.0917,-14.9873,-15.09,5,5,1,0
3SGB_E_I__A__I11H,A,3SGB_E_I,I,T,11,,H,0.1911,1.2645,-12.0968,-12.2879,5,5,1,0
3SGB_E_I__A__I26P,A,3SGB_E_I,I,G,26,,P,1.2973,0.0235,-11.0271,-12.3244,5,5,1,0
4G0N_A_B__A__B12E,A,4G0N_A_B,B,K,12,,E,-1.2191,0.0284,-21.8949,-20.6758,5,5,1,0
4NM8_ABCDEF_HL__A__B25M,A,4NM8_ABCDEF_HL,B,R,25,,M,-0.8489,0.0307,-10.8836,-10.0347,5,5,1,0
4RS1_A_B__A__B205A,A,4RS1_A_B,B,S,205,,A,-0.0791,0.0079,-20.3815,-20.3023,5,5,1,0
1A22_A_B__A__A45A,A,1A22_A_B,A,L,45,,A,1.263,0.7583,-32.2971,-33.5601,5,5,1,0
1AK4_A_D__A__D88V,A,1AK4_A_D,D,A,88,,V,1.5785,0.9218,-9.2496,-10.8281,5,5,1,0
1BD2_ABC_DE__A__A65A,A,1BD2_ABC_DE,A,R,65,,A,3.3433,0.3341,-15.0829,-18.4262,5,5,1,0
1C4Z_ABC_D__A__D93A,A,1C4Z_ABC_D,D,K,93,,A,0.5929,0.0348,-11.7567,-12.3497,5,5,1,0
1CHO_EFG_I__A__I15Q,A,1CHO_EFG_I,I,L,15,,Q,2.4569,0.201,-14.0376,-16.4945,5,5,1,0
1CHO_EFG_I__A__I33W,A,1CHO_EFG_I,I,N,33,,W,-1.2162,0.4896,-17.4859,-16.2697,5,5,1,0
1E50_A_B__A__A91A,A,1E50_A_B,A,T,91,,A,0.059,0.5121,-19.5938,-19.6528,5,5,1,0
1FSS_A_B__A__B33L,A,1FSS_A_B,B,M,33,,L,0.1035,0.4571,-17.1714,-17.2749,5,5,1,0
1JRH_LH_I__A__I45A,A,1JRH_LH_I,I,E,45,,A,0.3294,0.0351,-18.8206,-19.15,5,5,1,0
1K8R_A_B__A__A37A,A,1K8R_A_B,A,E,37,,A,3.6304,0.2345,-9.1094,-12.7398,5,5,1,0
1MHP_HL_A__A__L48W,A,1MHP_HL_A,L,L,48,,W,-0.0608,0.0378,-12.288,-12.2272,5,5,1,0
1PPF_E_I__A__I14K,A,1PPF_E_I,I,P,14,,K,-0.6856,0.017,-19.6442,-18.9586,5,5,1,0
1PPF_E_I__A__I20Q,A,1PPF_E_I,I,Y,20,,Q,1.798,0.1736,-17.1648,-18.9629,5,5,1,0
1R0R_E_I__A__I9W,A,1R0R_E_I,I,P,9,,W,0.504,0.0589,-12.752,-13.256,5,5,1,0
1R0R_E_I__A__I16E,A,1R0R_E_I,I,R,16,,E,1.3171,0.1783,-12.3796,-13.6967,5,5,1,0
1VFB_AB_C__A__B99W,A,1VFB_AB_C,B,R,99,,W,-0.5835,0.0262,-16.5938,-16.0103,5,5,1,0
2B0U_AB_C__A__C15E,A,2B0U_AB_C,C,V,15,,E,0.3759,0.1211,-23.7379,-24.1139,5,5,1,0
2J0T_A_D__A__D2A,A,2J0T_A_D,D,T,2,,A,2.5668,0.0526,0.1859,-2.3809,5,5,1,0
2PCC_A_B__A__B77A,A,2PCC_A_B,B,K,77,,A,0.2281,0.1185,-6.6166,-6.8447,5,5,1,0
3BT1_A_U__A__U9A,A,3BT1_A_U,U,N,9,,A,0.0557,0.1184,-23.5671,-23.6229,5,5,1,0
3HFM_HL_Y__A__H33F,A,3HFM_HL_Y,H,Y,33,,F,1.1028,0.7037,-4.5539,-5.6567,5,5,1,0
3M62_A_B__A__B69A,A,3M62_A_B,B,M,69,,A,1.8297,0.1372,-11.5284,-13.3581,5,5,1,0
3QDJ_ABC_DE__A__D26Y,A,3QDJ_ABC_DE,D,D,26,,Y,-1.3409,0.1716,-16.2065,-14.8656,5,5,1,0
3SE3_B_A__A__A55A,A,3SE3_B_A,A,Y,55,,A,1.1662,0.3301,-25.5523,-26.7184,5,5,1,0
3SGB_E_I__A__I7M,A,3SGB_E_I,I,K,7,,M,-0.4654,0.0441,-12.8454,-12.38,5,5,1,0
3SGB_E_I__A__I13S,A,3SGB_E_I,I,E,13,,S,1.2457,0.0674,-11.0919,-12.3376,5,5,1,0
4B0M_A_BM__A__A8A,A,4B0M_A_BM,A,M,8,,A,2.1932,0.0147,-27.0162,-29.2094,5,5,1,0
4JEU_A_B__A__B4A,A,4JEU_A_B,B,T,4,,A,0.5577,0.0615,-58.6838,-59.2415,5,5,1,0
4P23_CD_AB__A__D7A,A,4P23_CD_AB,D,K,7,,A,1.9975,0.0557,-15.1117,-17.1092,5,5,1,0
5E9D_AB_CDE__A__D49W,A,5E9D_AB_CDE,D,Y,49,,W,-1.1243,0.2115,-33.582,-32.4577,5,5,1,0
1A22_A_B__A__B174A,A,1A22_A_B,B,S,174,,A,-0.2475,0.0,-33.4056,-33.1581,5,5,1,0
1AO7_ABC_DE__A__D66H,A,1AO7_ABC_DE,D,K,66,,H,0.4994,0.1732,-16.8847,-17.3841,5,5,1,0
1C1Y_A_B__A__B10D,A,1C1Y_A_B,B,N,10,,D,0.3806,0.0081,-18.6467,-19.0273,5,5,1,0
1CHO_EFG_I__A__I12H,A,1CHO_EFG_I,I,A,12,,H,0.1489,0.0661,-16.0269,-16.1758,5,5,1,0
1CHO_EFG_I__A__I18M,A,1CHO_EFG_I,I,R,18,,M,1.3353,0.6385,-16.3571,-17.6925,5,5,1,0
1DQJ_AB_C__A__B32A,A,1DQJ_AB_C,B,D,32,,A,0.4533,0.0881,-15.605,-16.0584,5,5,1,0
1F47_A_B__A__A7S,A,1F47_A_B,A,D,7,,S,0.2301,0.168,-16.4562,-16.6863,5,5,1,0
1IAR_A_B__A__A9Q,A,1IAR_A_B,A,E,9,,Q,1.4198,0.5027,-28.6488,-30.0687,5,5,1,0
1JTG_A_B__A__A79D,A,1JTG_A_B,A,E,79,,D,4.2006,0.1305,-22.7309,-26.9315,5,5,1,0
1LFD_A_B__A__A19A,A,1LFD_A_B,A,K,19,,A,1.8107,0.5627,-12.9116,-14.7222,5,5,1,0
1NMB_N_LH__A__L94V,A,1NMB_N_LH,L,L,94,,V,1.06,0.0286,-12.0271,-13.0872,5,5,1,0
1PPF_E_I__A__I18H,A,1PPF_E_I,I,L,18,,H,8.0797,1.6567,-10.9612,-19.0409,5,5,1,0
1PPF_E_I__A__I36P,A,1PPF_E_I,I,N,36,,P,1.9216,0.8524,-16.9446,-18.8663,5,5,1,0
1R0R_E_I__A__I13T,A,1R0R_E_I,I,L,13,,T,3.3202,0.6739,-10.3032,-13.6234,5,5,1,0
1SMF_E_I__A__I8A,A,1SMF_E_I,I,E,8,,A,0.5416,0.0,-9.4221,-9.9636,5,5,1,0
1Z7X_W_X__A__W318A,A,1Z7X_W_X,W,W,318,,A,0.5008,0.2045,-29.8946,-30.3954,5,5,1,0
2FTL_E_I__A__I15S,A,2FTL_E_I,I,K,15,,S,3.6594,0.3065,-9.7171,-13.3764,5,5,1,0
2NYY_DC_A__A__A1033A,A,2NYY_DC_A,A,R,1033,,A,2.2777,0.2046,-25.0551,-27.3328,5,5,1,0
3AAA_AB_C__A__C43A,A,3AAA_AB_C,C,D,43,,A,6.8193,0.2715,-16.3603,-23.1797,5,5,1,0
3C60_CD_AB__A__D4A,A,3C60_CD_AB,D,Q,4,,A,0.0568,0.0,-10.4579,-10.5147,5,5,1,0
3HFM_HL_Y__A__Y100A,A,3HFM_HL_Y,Y,S,100,,A,-0.1722,0.007,-5.7382,-5.5661,5,5,1,0
3NGB_HL_G__A__H105A,A,3NGB_HL_G,H,N,105,,A,0.1784,0.0363,-16.6599,-16.8383,5,5,1,0
3QIB_ABP_CD__A__P11A,A,3QIB_ABP_CD,P,T,11,,A,1.428,0.1371,-30.7552,-32.1833,5,5,1,0
3SE8_HL_G__A__L1A,A,3SE8_HL_G,L,E,1,,A,-1.0241,0.2338,-17.337,-16.3129,5,5,1,0
3SGB_E_I__A__I11I,A,3SGB_E_I,I,T,11,,I,-2.3664,1.0936,-15.1798,-12.8134,5,5,1,0
3SGB_E_I__A__I26Q,A,3SGB_E_I,I,G,26,,Q,2.6656,0.344,-9.6113,-12.2769,5,5,1,0
4G0N_A_B__A__B12M,A,4G0N_A_B,B,K,12,,M,-0.0606,0.0515,-20.7448,-20.6842,5,5,1,0
4NM8_ABCDEF_HL__A__B32E,A,4NM8_ABCDEF_HL,B,T,32,,E,-2.0526,0.1053,-12.0683,-10.0157,5,5,1,0
4U6H_AB_E__A__E21A,A,4U6H_AB_E,E,N,21,,A,0.6839,0.1738,-15.6583,-16.3422,5,5,1,0
1A4Y_A_B__A__A261A,A,1A4Y_A_B,A,W,261,,A,1.4855,0.1161,-32.2358,-33.7213,5,5,1,0
1AO7_ABC_DE__A__D92A,A,1AO7_ABC_DE,D,T,92,,A,0.1643,0.0105,-16.9136,-17.0779,5,5,1,0
1C1Y_A_B__A__B11A,A,1C1Y_A_B,B,K,11,,A,0.3137,0.0,-18.4971,-18.8108,5,5,1,0
1CHO_EFG_I__A__I12I,A,1CHO_EFG_I,I,A,12,,I,-1.2222,0.6239,-17.5523,-16.3301,5,5,1,0
1CHO_EFG_I__A__I18N,A,1CHO_EFG_I,I,R,18,,N,1.2006,0.1994,-16.4132,-17.6138,5,5,1,0
1DQJ_AB_C__A__B33A,A,1DQJ_AB_C,B,Y,33,,A,3.2649,0.1351,-12.7025,-15.9674,5,5,1,0
1F47_A_B__A__A8A,A,1F47_A_B,A,I,8,,A,2.5939,0.0169,-14.0875,-16.6814,5,5,1,0
1IAR_A_B__A__A12E,A,1IAR_A_B,A,K,12,,E,0.4163,0.2003,-29.6319,-30.0482,5,5,1,0
1JTG_A_B__A__A79K,A,1JTG_A_B,A,E,79,,K,4.8052,0.1531,-22.1202,-26.9254,5,5,1,0
1LFD_A_B__A__A20A,A,1LFD_A_B,A,S,20,,A,0.0725,0.0,-14.9046,-14.9771,5,5,1,0
1OGA_ABC_DE__A__A65A,A,1OGA_ABC_DE,A,R,65,,A,0.8163,0.0134,-16.3089,-17.1252,5,5,1,0
1PPF_E_I__A__I18I,A,1PPF_E_I,I,L,18,,I,3.5359,0.1307,-15.5915,-19.1274,5,5,1,0
1PPF_E_I__A__I36Q,A,1PPF_E_I,I,N,36,,Q,0.5369,0.0115,-18.4217,-18.9586,5,5,1,0
1R0R_E_I__A__I13V,A,1R0R_E_I,I,L,13,,V,2.7782,0.5261,-12.0862,-14.8645,5,5,1,0
1TM1_E_I__A__I39A,A,1TM1_E_I,I,T,39,,A,0.2597,0.1134,-18.1157,-18.3754,5,5,1,0
1Z7X_W_X__A__W320A,A,1Z7X_W_X,W,K,320,,A,1.0855,0.136,-29.234,-30.3195,5,5,1,0
2FTL_E_I__A__I15T,A,2FTL_E_I,I,K,15,,T,4.0645,0.1093,-9.5042,-13.5687,5,5,1,0
2NYY_DC_A__A__A1035A,A,2NYY_DC_A,A,T,1035,,A,0.1403,0.0637,-27.0885,-27.2289,5,5,1,0
3AAA_AB_C__A__C77A,A,3AAA_AB_C,C,E,77,,A,3.7455,0.3171,-16.737,-20.4825,5,5,1,0
3C60_CD_AB__A__D5A,A,3C60_CD_AB,D,K,5,,A,0.1559,0.0214,-10.3617,-10.5176,5,5,1,0
3HFM_HL_Y__A__Y101A,A,3HFM_HL_Y,Y,D,101,,A,-1.2374,0.4908,-6.6218,-5.3843,5,5,1,0
3NGB_HL_G__A__H106A,A,3NGB_HL_G,H,W,106,,A,1.6357,0.0463,-15.0914,-16.7271,5,5,1,0
3QIB_ABP_CD__A__P11N,A,3QIB_ABP_CD,P,T,11,,N,1.7412,0.1466,-30.4431,-32.1843,5,5,1,0
3SE8_HL_G__A__L30A,A,3SE8_HL_G,L,N,30,,A,-0.018,0.029,-16.1867,-16.1687,5,5,1,0
3SGB_E_I__A__I11K,A,3SGB_E_I,I,T,11,,K,-0.3999,0.0414,-12.6845,-12.2846,5,5,1,0
3SGB_E_I__A__I26R,A,3SGB_E_I,I,G,26,,R,2.5168,0.1319,-9.7601,-12.2769,5,5,1,0
4G0N_A_B__A__B13A,A,4G0N_A_B,B,Q,13,,A,1.4003,0.0114,-19.2969,-20.6972,5,5,1,0
4NM8_ABCDEF_HL__A__B32I,A,4NM8_ABCDEF_HL,B,T,32,,I,-0.6829,0.1435,-10.8242,-10.1413,5,5,1,0
4U6H_AB_E__A__E25A,A,4U6H_AB_E,E,Q,25,,A,0.956,0.0555,-15.0864,-16.0424,5,5,1,0
1A4Y_A_B__A__A263A,A,1A4Y_A_B,A,W,263,,A,1.8559,0.1592,-31.8713,-33.7272,5,5,1,0
1AO7_ABC_DE__A__D93A,A,1AO7_ABC_DE,D,D,93,,A,2.8738,0.4403,-15.7696,-18.6434,5,5,1,0
1C1Y_A_B__A__B11E,A,1C1Y_A_B,B,K,11,,E,-0.7734,0.0681,-19.4742,-18.7008,5,5,1,0
1CHO_EFG_I__A__I12K,A,1CHO_EFG_I,I,A,12,,K,-0.2404,0.1954,-16.493,-16.2526,5,5,1,0
1CHO_EFG_I__A__I18P,A,1CHO_EFG_I,I,R,18,,P,2.2176,0.2063,-15.4035,-17.6211,5,5,1,0
1DQJ_AB_C__A__B50A,A,1DQJ_AB_C,B,Y,50,,A,2.5002,0.3948,-13.6656,-16.1658,5,5,1,0
1F47_A_B__A__A11A,A,1F47_A_B,A,F,11,,A,2.5106,0.1749,-14.389,-16.8996,5,5,1,0
1IAR_A_B__A__A12S,A,1IAR_A_B,A,K,12,,S,0.5169,0.3043,-29.4543,-29.9712,5,5,1,0
1JTG_A_B__A__A80A,A,1JTG_A_B,A,Y,80,,A,3.2434,0.2441,-23.7531,-26.9965,5,5,1,0
1LFD_A_B__A__A38A,A,1LFD_A_B,A,D,38,,A,-0.0936,0.1253,-15.0749,-14.9814,5,5,1,0
1OGA_ABC_DE__A__A66A,A,1OGA_ABC_DE,A,K,66,,A,0.1058,0.008,-16.9808,-17.0866,5,5,1,0
1PPF_E_I__A__I18K,A,1PPF_E_I,I,L,18,,K,4.9121,0.629,-14.0684,-18.9805,5,5,1,0
1PPF_E_I__A__I36R,A,1PPF_E_I,I,N,36,,R,1.0688,0.1819,-17.8639,-18.9327,5,5,1,0
1R0R_E_I__A__I13W,A,1R0R_E_I,I,L,13,,W,0.7626,0.9508,-12.9255,-13.6882,5,5,1,0
1TM1_E_I__A__I39D,A,1TM1_E_I,I,T,39,,D,3.5036,0.2537,-14.7923,-18.2959,5,5,1,0
1Z7X_W_X__A__W375A,A,1Z7X_W_X,W,W,375,,A,1.5424,0.0831,-28.8712,-30.4135,5,5,1,0
2FTL_E_I__A__I15V,A,2FTL_E_I,I,K,15,,V,3.4363,0.2151,-10.1497,-13.586,5,5,1,0
2NYY_DC_A__A__A1036A,A,2NYY_DC_A,A,H,1036,,A,4.7932,0.0705,-24.256,-29.0492,5,5,1,0
3AAA_AB_C__A__C77R,A,3AAA_AB_C,C,E,77,,R,6.5142,0.895,-14.1179,-20.6322,5,5,1,0
3C60_CD_AB__A__D7A,A,3C60_CD_AB,D,K,7,,A,1.3093,0.3129,-9.6766,-10.9859,5,5,1,0
3HFM_HL_Y__A__Y101E,A,3HFM_HL_Y,Y,D,101,,E,2.0107,0.3625,-3.3804,-5.3911,5,5,1,0
3NGB_HL_G__A__L1A,A,3NGB_HL_G,L,V,1,,A,-0.1842,0.3377,-16.8683,-16.6841,5,5,1,0
3QIB_ABP_CD__A__P11S,A,3QIB_ABP_CD,P,T,11,,S,0.8277,0.0236,-31.3481,-32.1758,5,5,1,0
3SE8_HL_G__A__L90A,A,3SE8_HL_G,L,F,90,,A,1.0834,0.1228,-15.0681,-16.1515,5,5,1,0
3SGB_E_I__A__I11L,A,3SGB_E_I,I,T,11,,L,-2.0946,0.0774,-14.3793,-12.2846,5,5,1,0
3SGB_E_I__A__I26S,A,3SGB_E_I,I,G,26,,S,2.5488,0.0111,-9.7753,-12.3241,5,5,1,0
4G0N_A_B__A__B14A,A,4G0N_A_B,B,R,14,,A,1.1393,0.1508,-19.7445,-20.8838,5,5,1,0
4NM8_ABCDEF_HL__A__B32R,A,4NM8_ABCDEF_HL,B,T,32,,R,0.565,0.1191,-9.6833,-10.2483,5,5,1,0
4WND_A_B__A__A263R,A,4WND_A_B,A,N,263,,R,0.0196,1.1706,-45.6251,-45.6447,5,5,1,0
1A4Y_A_B__A__A289A,A,1A4Y_A_B,A,S,289,,A,0.8587,0.0,-32.6322,-33.4909,5,5,1,0
1AO7_ABC_DE__A__D93N,A,1AO7_ABC_DE,D,D,93,,N,2.4005,0.4564,-15.9003,-18.3008,5,5,1,0
1C1Y_A_B__A__B11M,A,1C1Y_A_B,B,K,11,,M,0.2282,0.1176,-18.5462,-18.7743,5,5,1,0
1CHO_EFG_I__A__I12L,A,1CHO_EFG_I,I,A,12,,L,-1.5638,0.0476,-17.7372,-16.1734,5,5,1,0
1CHO_EFG_I__A__I18Q,A,1CHO_EFG_I,I,R,18,,Q,1.0249,0.1971,-16.5877,-17.6126,5,5,1,0
1DQJ_AB_C__A__B53A,A,1DQJ_AB_C,B,Y,53,,A,1.7691,0.0277,-14.9768,-16.7459,5,5,1,0
1F47_A_B__A__A12A,A,1F47_A_B,A,L,12,,A,1.1624,0.0611,-15.6131,-16.7754,5,5,1,0
1IAR_A_B__A__A53Q,A,1IAR_A_B,A,R,53,,Q,0.749,0.2927,-28.8284,-29.5774,5,5,1,0
1JTG_A_B__A__A82A,A,1JTG_A_B,A,P,82,,A,1.073,0.1113,-26.0567,-27.1297,5,5,1,0
1LFD_A_B__A__A38K,A,1LFD_A_B,A,D,38,,K,-0.1302,0.314,-15.1402,-15.0101,5,5,1,0
1OGA_ABC_DE__A__A69G,A,1OGA_ABC_DE,A,A,69,,G,0.6044,0.0,-16.5102,-17.1146,5,5,1,0
1PPF_E_I__A__I18M,A,1PPF_E_I,I,L,18,,M,1.4221,0.0389,-17.7524,-19.1745,5,5,1,0
1PPF_E_I__A__I36S,A,1PPF_E_I,I,N,36,,S,0.1683,0.0015,-18.7903,-18.9586,5,5,1,0
1R0R_E_I__A__I13Y,A,1R0R_E_I,I,L,13,,Y,2.4327,1.421,-11.1865,-13.6191,5,5,1,0
1TM1_E_I__A__I39P,A,1TM1_E_I,I,T,39,,P,1.513,0.1242,-16.8625,-18.3754,5,5,1,0
1Z7X_W_X__A__W401A,A,1Z7X_W_X,W,E,401,,A,5.3201,0.3312,-25.0904,-30.4105,5,5,1,0
2FTL_E_I__A__I15W,A,2FTL_E_I,I,K,15,,W,-0.2219,0.8071,-13.5143,-13.2924,5,5,1,0
2NYY_DC_A__A__A1266A,A,2NYY_DC_A,A,R,1266,,A,1.1254,0.3985,-25.501,-26.6264,5,5,1,0
3B4V_AB_C__A__C16E,A,3B4V_AB_C,C,L,16,,E,2.129,0.0573,-32.7692,-34.8983,5,5,1,0
3C60_CD_AB__A__D10A,A,3C60_CD_AB,D,K,10,,A,0.8892,0.0949,-10.5638,-11.453,5,5,1,0
3HFM_HL_Y__A__Y101F,A,3HFM_HL_Y,Y,D,101,,F,1.2802,0.8375,-4.927,-6.2072,5,5,1,0
3NGB_HL_G__A__L25A,A,3NGB_HL_G,L,Q,25,,A,0.0046,0.2483,-16.6231,-16.6278,5,5,1,0
3R9A_AC_B__A__A323W,A,3R9A_AC_B,A,A,323,,W,-0.4463,0.201,-21.1505,-20.7042,5,5,1,0
3SE8_HL_G__A__L91A,A,3SE8_HL_G,L,E,91,,A,1.6107,0.5125,-14.4299,-16.0406,5,5,1,0
3SGB_E_I__A__I11M,A,3SGB_E_I,I,T,11,,M,-1.2971,0.1059,-13.5862,-12.2891,5,5,1,0
3SGB_E_I__A__I26T,A,3SGB_E_I,I,G,26,,T,6.2964,0.5343,-5.9781,-12.2746,5,5,1,0
4G0N_A_B__A__B15A,A,4G0N_A_B,B,T,15,,A,1.4623,0.0172,-19.6729,-21.1352,5,5,1,0
4NM8_ABCDEF_HL__A__B34R,A,4NM8_ABCDEF_HL,B,Q,34,,R,-1.4206,1.0877,-12.2529,-10.8323,5,5,1,0
4X4M_AB_E__A__E153A,A,4X4M_AB_E,E,K,153,,A,-0.4201,0.0923,-4.583,-4.1628,5,5,1,0
1A4Y_A_B__A__A318A,A,1A4Y_A_B,A,W,318,,A,1.9742,0.1441,-31.5179,-33.4921,5,5,1,0
1AO7_ABC_DE__A__D94A,A,1AO7_ABC_DE,D,S,94,,A,-0.3688,0.0,-17.4138,-17.045,5,5,1,0
1C1Y_A_B__A__B12A,A,1C1Y_A_B,B,Q,12,,A,0.9719,0.0124,-18.0508,-19.0226,5,5,1,0
1CHO_EFG_I__A__I12M,A,1CHO_EFG_I,I,A,12,,M,-1.5428,0.1952,-17.7692,-16.2264,5,5,1,0
1CHO_EFG_I__A__I18S,A,1CHO_EFG_I,I,R,18,,S,1.3966,0.1959,-16.2172,-17.6138,5,5,1,0
1DQJ_AB_C__A__B98A,A,1DQJ_AB_C,B,W,98,,A,2.2983,0.0729,-13.7383,-16.0366,5,5,1,0
1F47_A_B__A__A15A,A,1F47_A_B,A,Q,15,,A,-0.0176,0.0474,-16.8163,-16.7987,5,5,1,0
1IAR_A_B__A__A78A,A,1IAR_A_B,A,Q,78,,A,0.8181,1.3998,-29.4598,-30.278,5,5,1,0
1JTG_A_B__A__A82Q,A,1JTG_A_B,A,P,82,,Q,0.3316,0.5193,-26.8285,-27.1602,5,5,1,0
1LFD_A_B__A__A39A,A,1LFD_A_B,A,K,39,,A,2.0123,0.4052,-13.1629,-15.1752,5,5,1,0
1OGA_ABC_DE__A__A72A,A,1OGA_ABC_DE,A,Q,72,,A,0.8256,0.391,-16.6391,-17.4646,5,5,1,0
1PPF_E_I__A__I18N,A,1PPF_E_I,I,L,18,,N,3.8314,0.3237,-15.3431,-19.1745,5,5,1,0
1PPF_E_I__A__I36T,A,1PPF_E_I,I,N,36,,T,1.6034,0.6404,-17.3492,-18.9526,5,5,1,0
1R0R_E_I__A__I14A,A,1R0R_E_I,I,E,14,,A,0.4774,0.2469,-13.3535,-13.8309,5,5,1,0
1TM1_E_I__A__I40A,A,1TM1_E_I,I,M,40,,A,1.4904,0.0478,-16.4562,-17.9466,5,5,1,0
1Z7X_W_X__A__W434A,A,1Z7X_W_X,W,Y,434,,A,3.1072,0.188,-27.875,-30.9823,5,5,1,0
2FTL_E_I__A__I15Y,A,2FTL_E_I,I,K,15,,Y,1.8668,0.6137,-11.4322,-13.299,5,5,1,0
2NYY_DC_A__A__C28Q,A,2NYY_DC_A,C,S,28,,Q,-0.0212,0.0933,-27.2652,-27.2439,5,5,1,0
3B4V_AB_C__A__C49A,A,3B4V_AB_C,C,L,49,,A,3.7383,0.1567,-31.0434,-34.7817,5,5,1,0
3C60_CD_AB__A__D79A,A,3C60_CD_AB,D,E,79,,A,-0.1079,0.0034,-10.4397,-10.3318,5,5,1,0
3HFM_HL_Y__A__Y101G,A,3HFM_HL_Y,Y,D,101,,G,-0.7519,0.7642,-6.3917,-5.6398,5,5,1,0
3NGB_HL_G__A__L26A,A,3NGB_HL_G,L,Y,26,,A,0.567,0.0026,-16.454,-17.021,5,5,1,0
3R9A_AC_B__A__A325A,A,3R9A_AC_B,A,Y,325,,A,0.0677,0.0336,-20.649,-20.7167,5,5,1,0
3SE8_HL_G__A__L92A,A,3SE8_HL_G,L,F,92,,A,0.8419,0.1551,-15.4103,-16.2522,5,5,1,0
3SGB_E_I__A__I11N,A,3SGB_E_I,I,T,11,,N,-1.1923,0.0777,-13.4769,-12.2846,5,5,1,0
3SGB_E_I__A__I26V,A,3SGB_E_I,I,G,26,,V,6.3353,0.0745,-5.9476,-12.2829,5,5,1,0
4G0N_A_B__A__B16A,A,4G0N_A_B,B,V,16,,A,1.8368,0.0284,-18.88,-20.7168,5,5,1,0
4NM8_ABCDEF_HL__A__B34T,A,4NM8_ABCDEF_HL,B,Q,34,,T,-0.2468,0.3674,-11.2769,-11.0301,5,5,1,0
4X4M_AB_E__A__E153E,A,4X4M_AB_E,E,K,153,,E,0.6323,0.1146,-3.4628,-4.0952,5,5,1,0
1A4Y_A_B__A__A320A,A,1A4Y_A_B,A,K,320,,A,-0.4668,0.0109,-33.9577,-33.4909,5,5,1,0
1AO7_ABC_DE__A__D94N,A,1AO7_ABC_DE,D,S,94,,N,-1.5777,0.2405,-18.7638,-17.1861,5,5,1,0
1C1Y_A_B__A__B13A,A,1C1Y_A_B,B,R,13,,A,2.2505,0.1487,-16.522,-18.7725,5,5,1,0
1CHO_EFG_I__A__I12N,A,1CHO_EFG_I,I,A,12,,N,0.5767,0.0858,-15.6047,-16.1815,5,5,1,0
1CHO_EFG_I__A__I18T,A,1CHO_EFG_I,I,R,18,,T,1.5991,0.1622,-16.2294,-17.8285,5,5,1,0
1DQJ_AB_C__A__C20A,A,1DQJ_AB_C,C,Y,20,,A,1.1944,0.3945,-14.9402,-16.1345,5,5,1,0
1FC2_C_D__A__C1M,A,1FC2_C_D,C,F,1,,M,0.1896,0.5342,-11.5295,-11.7191,5,5,1,0
1IAR_A_B__A__A78E,A,1IAR_A_B,A,Q,78,,E,0.8444,1.6093,-29.7624,-30.6067,5,5,1,0
1JTG_A_B__A__A85A,A,1JTG_A_B,A,E,85,,A,0.4228,0.0056,-26.496,-26.9188,5,5,1,0
1LFD_A_B__A__A41K,A,1LFD_A_B,A,N,41,,K,-0.0354,0.0451,-15.4782,-15.4428,5,5,1,0
1OGA_ABC_DE__A__A73A,A,1OGA_ABC_DE,A,T,73,,A,-0.0277,0.0,-17.1423,-17.1146,5,5,1,0
1PPF_E_I__A__I18P,A,1PPF_E_I,I,L,18,,P,5.4291,0.1102,-13.7604,-19.1895,5,5,1,0
1PPF_E_I__A__I36V,A,1PPF_E_I,I,N,36,,V,0.1693,0.0024,-18.7892,-18.9586,5,5,1,0
1R0R_E_I__A__I14C,A,1R0R_E_I,I,E,14,,C,0.2304,0.1842,-13.5446,-13.775,5,5,1,0
1TM1_E_I__A__I40F,A,1TM1_E_I,I,M,40,,F,1.0853,0.4694,-16.8236,-17.909,5,5,1,0
1Z7X_W_X__A__W434F,A,1Z7X_W_X,W,Y,434,,F,0.3026,0.0266,-30.1009,-30.4035,5,5,1,0
2FTL_E_I__A__I17A,A,2FTL_E_I,I,R,17,,A,1.0201,0.3936,-14.1239,-15.1441,5,5,1,0
2NYY_DC_A__A__C30Y,A,2NYY_DC_A,C,D,30,,Y,0.4669,0.4139,-26.8108,-27.2777,5,5,1,0
3B4V_AB_C__A__C49E,A,3B4V_AB_C,C,L,49,,E,3.1112,0.2295,-31.5902,-34.7015,5,5,1,0
3C60_CD_AB__A__D80A,A,3C60_CD_AB,D,R,80,,A,0.4313,0.42,-10.6288,-11.0601,5,5,1,0
3HFM_HL_Y__A__Y101K,A,3HFM_HL_Y,Y,D,101,,K,0.5048,0.8251,-4.8195,-5.3243,5,5,1,0
3NGB_HL_G__A__L26S,A,3NGB_HL_G,L,Y,26,,S,0.4095,0.0026,-16.6115,-17.021,5,5,1,0
3R9A_AC_B__A__A325W,A,3R9A_AC_B,A,Y,325,,W,-0.2225,0.0409,-20.9269,-20.7044,5,5,1,0
3SE9_HL_G__A__H34A,A,3SE9_HL_G,H,L,34,,A,0.0685,0.0626,-11.6887,-11.7572,5,5,1,0
3SGB_E_I__A__I11P,A,3SGB_E_I,I,T,11,,P,-1.0137,0.0004,-13.2977,-12.284,5,5,1,0
3SGB_E_I__A__I26W,A,3SGB_E_I,I,G,26,,W,1.4292,0.0927,-10.8477,-12.2769,5,5,1,0
4G0N_A_B__A__B18R,A,4G0N_A_B,B,N,18,,R,-2.2614,0.5218,-22.7469,-20.4855,5,5,1,0
4NM8_ABCDEF_HL__A__B38Y,A,4NM8_ABCDEF_HL,B,L,38,,Y,0.776,0.072,-9.2531,-10.0291,5,5,1,0
4Y61_A_B__A__A246A,A,4Y61_A_B,A,Y,246,,A,3.3365,0.1231,-25.7772,-29.1137,5,5,1,0
1A4Y_A_B__A__A344A,A,1A4Y_A_B,A,E,344,,A,0.8906,0.4351,-32.817,-33.7076,5,5,1,0
1AO7_ABC_DE__A__D94T,A,1AO7_ABC_DE,D,S,94,,T,-0.4032,0.2261,-17.5893,-17.1861,5,5,1,0
1C1Y_A_B__A__B14A,A,1C1Y_A_B,B,T,14,,A,1.4428,0.0716,-17.3707,-18.8135,5,5,1,0
1CHO_EFG_I__A__I12P,A,1CHO_EFG_I,I,A,12,,P,-0.5843,0.1364,-16.8278,-16.2435,5,5,1,0
1CHO_EFG_I__A__I18V,A,1CHO_EFG_I,I,R,18,,V,2.3845,0.2003,-15.3675,-17.752,5,5,1,0
1DQJ_AB_C__A__C21A,A,1DQJ_AB_C,C,R,21,,A,1.3883,0.058,-14.9566,-16.3449,5,5,1,0
1FC2_C_D__A__C7F,A,1FC2_C_D,C,N,7,,F,0.7858,0.259,-11.4147,-12.2005,5,5,1,0
1IAR_A_B__A__A81A,A,1IAR_A_B,A,R,81,,A,5.2701,0.6391,-29.1106,-34.3807,5,5,1,0
1JTG_A_B__A__A85G,A,1JTG_A_B,A,E,85,,G,0.7783,0.0056,-26.1405,-26.9188,5,5,1,0
1LFD_A_B__A__B25A,A,1LFD_A_B,B,Q,25,,A,-0.2854,0.0879,-15.1857,-14.9003,5,5,1,0
1OGA_ABC_DE__A__A75A,A,1OGA_ABC_DE,A,R,75,,A,1.2537,0.4251,-16.1472,-17.4009,5,5,1,0
1PPF_E_I__A__I18Q,A,1PPF_E_I,I,L,18,,Q,2.8588,0.0815,-16.3169,-19.1757,5,5,1,0
1PPF_E_I__A__I36W,A,1PPF_E_I,I,N,36,,W,0.4802,0.0208,-18.4637,-18.9439,5,5,1,0
1R0R_E_I__A__I14D,A,1R0R_E_I,I,E,14,,D,1.3395,0.2898,-12.472,-13.8115,5,5,1,0
1TM1_E_I__A__I40G,A,1TM1_E_I,I,M,40,,G,2.814,0.3781,-15.2703,-18.0843,5,5,1,0
1Z7X_W_X__A__W435A,A,1Z7X_W_X,W,D,435,,A,0.0138,0.2248,-31.0154,-31.0292,5,5,1,0
2FTL_E_I__A__I18A,A,2FTL_E_I,I,I,18,,A,1.0427,0.0046,-12.352,-13.3947,5,5,1,0
2NYY_DC_A__A__C31N,A,2NYY_DC_A,C,S,31,,N,2.0881,1.1146,-25.6559,-27.7439,5,5,1,0
3B4V_AB_C__A__C52A,A,3B4V_AB_C,C,F,52,,A,2.0804,0.0143,-32.7004,-34.7808,5,5,1,0
3C60_CD_AB__A__D87A,A,3C60_CD_AB,D,T,87,,A,0.2915,0.0015,-10.2247,-10.5162,5,5,1,0
3HFM_HL_Y__A__Y101N,A,3HFM_HL_Y,Y,D,101,,N,-0.7772,0.0318,-6.1619,-5.3847,5,5,1,0
3NGB_HL_G__A__L87A,A,3NGB_HL_G,L,Y,87,,A,1.3567,0.3084,-15.275,-16.6317,5,5,1,0
3RF3_A_C__A__C8K,A,3RF3_A_C,C,A,8,,K,5.2723,3.2079,-37.7831,-43.0554,5,5,1,0
3SE9_HL_G__A__H51A,A,3SE9_HL_G,H,W,51,,A,1.094,0.1296,-10.9764,-12.0704,5,5,1,0
3SGB_E_I__A__I11Q,A,3SGB_E_I,I,T,11,,Q,-0.3864,0.0436,-12.671,-12.2846,5,5,1,0
3SGB_E_I__A__I26Y,A,3SGB_E_I,I,G,26,,Y,1.8359,0.2706,-10.488,-12.3239,5,5,1,0
4G0N_A_B__A__B31A,A,4G0N_A_B,B,K,31,,A,1.0337,0.0082,-19.6579,-20.6916,5,5,1,0
4NZW_A_B__A__A77A,A,4NZW_A_B,A,K,77,,A,0.7146,0.153,-8.8951,-9.6097,5,5,1,0
4Y61_A_B__A__B86A,A,4Y61_A_B,B,R,86,,A,2.1781,0.0262,-26.7415,-28.9196,5,5,1,0
1A4Y_A_B__A__A375A,A,1A4Y_A_B,A,W,375,,A,3.0316,0.0784,-30.4716,-33.5032,5,5,1,0
1AO7_ABC_DE__A__D94Y,A,1AO7_ABC_DE,D,S,94,,Y,6.6455,1.5594,-10.9095,-17.5549,5,5,1,0
1C1Y_A_B__A__B15A,A,1C1Y_A_B,B,V,15,,A,1.9155,0.0291,-16.9694,-18.8849,5,5,1,0
1CHO_EFG_I__A__I12Q,A,1CHO_EFG_I,I,A,12,,Q,-0.5,0.3846,-16.7264,-16.2264,5,5,1,0
1CHO_EFG_I__A__I18W,A,1CHO_EFG_I,I,R,18,,W,1.0379,0.2551,-16.6987,-17.7366,5,5,1,0
1DQJ_AB_C__A__C62A,A,1DQJ_AB_C,C,W,62,,A,1.0172,0.0104,-15.0435,-16.0607,5,5,1,0
1FC2_C_D__A__C10F,A,1FC2_C_D,C,Y,10,,F,-0.0358,0.2461,-11.5764,-11.5406,5,5,1,0
1IAR_A_B__A__A81E,A,1IAR_A_B,A,R,81,,E,6.3313,0.5524,-28.2704,-34.6017,5,5,1,0
1JTG_A_B__A__A85V,A,1JTG_A_B,A,E,85,,V,-0.2687,0.143,-27.3128,-27.0441,5,5,1,0
1LFD_A_B__A__B33A,A,1LFD_A_B,B,D,33,,A,0.2455,0.7876,-15.2483,-15.4938,5,5,1,0
1OGA_ABC_DE__A__A76A,A,1OGA_ABC_DE,A,V,76,,A,0.9288,0.0005,-16.1863,-17.1151,5,5,1,0
1PPF_E_I__A__I18R,A,1PPF_E_I,I,L,18,,R,7.5148,1.9091,-11.4822,-18.997,5,5,1,0
1PPF_E_I__A__I36Y,A,1PPF_E_I,I,N,36,,Y,0.0628,0.0101,-18.8958,-18.9586,5,5,1,0
1R0R_E_I__A__I14F,A,1R0R_E_I,I,E,14,,F,1.7927,1.0938,-12.0047,-13.7974,5,5,1,0
1TM1_E_I__A__I40K,A,1TM1_E_I,I,M,40,,K,1.2424,0.6096,-17.2894,-18.5318,5,5,1,0
1Z7X_W_X__A__W437A,A,1Z7X_W_X,W,Y,437,,A,3.7895,0.32,-28.4026,-32.1922,5,5,1,0
2FTL_E_I__A__I19A,A,2FTL_E_I,I,I,19,,A,0.7307,0.0811,-12.5462,-13.2769,5,5,1,0
2NYY_DC_A__A__C34R,A,2NYY_DC_A,C,H,34,,R,0.7007,0.5653,-27.1127,-27.8134,5,5,1,0
3B4V_AB_C__A__C52E,A,3B4V_AB_C,C,F,52,,E,1.743,0.1841,-33.0377,-34.7808,5,5,1,0
3C60_CD_AB__A__D91A,A,3C60_CD_AB,D,H,91,,A,0.601,0.207,-9.893,-10.494,5,5,1,0
3HFM_HL_Y__A__Y101Q,A,3HFM_HL_Y,Y,D,101,,Q,1.1465,0.7875,-4.2411,-5.3876,5,5,1,0
3NGB_HL_G__A__L88A,A,3NGB_HL_G,L,E,88,,A,1.7928,0.2211,-15.2928,-17.0856,5,5,1,0
3S9D_A_B__A__A5A,A,3S9D_A_B,A,R,5,,A,0.5019,0.2407,-22.0908,-22.5927,5,5,1,0
3SE9_HL_G__A__H55A,A,3SE9_HL_G,H,V,55,,A,0.2587,0.1055,-12.0486,-12.3074,5,5,1,0
3SGB_E_I__A__I11R,A,3SGB_E_I,I,T,11,,R,-0.2831,0.1119,-12.6255,-12.3424,5,5,1,0
3SGB_E_I__A__I30A,A,3SGB_E_I,I,N,30,,A,0.2444,0.0,-12.0395,-12.2839,5,5,1,0
4G0N_A_B__A__B31E,A,4G0N_A_B,B,K,31,,E,1.4905,0.0336,-19.242,-20.7325,5,5,1,0
4NZW_A_B__A__B49A,A,4NZW_A_B,B,E,49,,A,0.7897,0.1984,-8.8215,-9.6112,5,5,1,0
4YEB_A_B__A__B131A,A,4YEB_A_B,B,F,131,,A,1.3548,0.1463,-18.5023,-19.8571,5,5,1,0
1A4Y_A_B__A__A401A,A,1A4Y_A_B,A,E,401,,A,-0.055,0.0677,-33.4901,-33.4351,5,5,1,0
1AO7_ABC_DE__A__D95A,A,1AO7_ABC_DE,D,W,95,,A,2.6375,0.0677,-14.8543,-17.4919,5,5,1,0
1C1Y_A_B__A__B30A,A,1C1Y_A_B,B,K,30,,A,0.5468,0.0305,-18.2879,-18.8347,5,5,1,0
1CHO_EFG_I__A__I12R,A,1CHO_EFG_I,I,A,12,,R,0.3185,0.3898,-15.9079,-16.2264,5,5,1,0
1CHO_EFG_I__A__I18Y,A,1CHO_EFG_I,I,R,18,,Y,2.114,0.6405,-15.661,-17.7749,5,5,1,0
1DQJ_AB_C__A__C63A,A,1DQJ_AB_C,C,W,63,,A,1.0319,0.2725,-15.1,-16.1319,5,5,1,0
1FC2_C_D__A__C10W,A,1FC2_C_D,C,Y,10,,W,0.7731,0.4987,-11.4325,-12.2055,5,5,1,0
1IAR_A_B__A__A82A,A,1IAR_A_B,A,F,82,,A,0.7325,2.9888,-30.8347,-31.5672,5,5,1,0
1JTG_A_B__A__A86A,A,1JTG_A_B,A,K,86,,A,0.3465,0.5421,-28.8751,-29.2217,5,5,1,0
1LFD_A_B__A__B37A,A,1LFD_A_B,B,E,37,,A,1.4928,0.039,-13.8582,-15.351,5,5,1,0
1OGA_ABC_DE__A__A149G,A,1OGA_ABC_DE,A,A,149,,G,-0.0171,0.0,-17.1317,-17.1146,5,5,1,0
1PPF_E_I__A__I18S,A,1PPF_E_I,I,L,18,,S,3.6868,0.0425,-15.497,-19.1838,5,5,1,0
1QSE_ABC_DE__A__C7V,A,1QSE_ABC_DE,C,R,7,,V,1.479,0.906,-17.2267,-18.7056,5,5,1,0
1R0R_E_I__A__I14G,A,1R0R_E_I,I,E,14,,G,1.4229,0.1354,-12.3361,-13.7589,5,5,1,0
1TM1_E_I__A__I40Y,A,1TM1_E_I,I,M,40,,Y,3.585,2.0608,-14.3284,-17.9134,5,5,1,0
1Z7X_W_X__A__W437F,A,1Z7X_W_X,W,Y,437,,F,0.3468,0.0279,-30.0763,-30.4231,5,5,1,0
2FTL_E_I__A__I34A,A,2FTL_E_I,I,V,34,,A,0.1997,0.5967,-12.8184,-13.0181,5,5,1,0
2NYY_DC_A__A__D30D,A,2NYY_DC_A,D,Y,30,,D,1.5918,0.8078,-26.2799,-27.8717,5,5,1,0
3B4V_AB_C__A__C53A,A,3B4V_AB_C,C,L,53,,A,3.0991,0.0791,-31.7014,-34.8005,5,5,1,0
3D3V_ABC_DE__A__C8A,A,3D3V_ABC_DE,C,Y,8,,A,2.4627,0.5599,-15.699,-18.1617,5,5,1,0
3HFM_HL_Y__A__Y101R,A,3HFM_HL_Y,Y,D,101,,R,0.2433,0.4246,-5.2056,-5.4489,5,5,1,0
3NGB_HL_G__A__L89A,A,3NGB_HL_G,L,F,89,,A,2.1692,0.0012,-14.6978,-16.867,5,5,1,0
3S9D_A_B__A__A8A,A,3S9D_A_B,A,L,8,,A,1.2529,0.0829,-21.9418,-23.1947,5,5,1,0
3SE9_HL_G__A__H56A,A,3SE9_HL_G,H,T,56,,A,0.2369,0.005,-11.7752,-12.0121,5,5,1,0
3SGB_E_I__A__I11S,A,3SGB_E_I,I,T,11,,S,1.1174,0.0124,-11.1666,-12.284,5,5,1,0
3SGB_E_I__A__I30C,A,3SGB_E_I,I,N,30,,C,-0.0456,0.0011,-12.3295,-12.2839,5,5,1,0
4G0N_A_B__A__B35A,A,4G0N_A_B,B,V,35,,A,1.3031,0.0441,-19.3205,-20.6235,5,5,1,0
4NZW_A_B__A__B124A,A,4NZW_A_B,B,E,124,,A,-0.0572,0.1692,-9.6163,-9.5591,5,5,1,0
4YFD_A_B__A__A169A,A,4YFD_A_B,A,R,169,,A,2.438,0.575,-30.6737,-33.1117,5,5,1,0
1A4Y_A_B__A__A434A,A,1A4Y_A_B,A,Y,434,,A,2.0396,0.532,-32.1652,-34.2048,5,5,1,0
1AO7_ABC_DE__A__E28A,A,1AO7_ABC_DE,E,E,28,,A,1.1214,0.0451,-15.9494,-17.0708,5,5,1,0
1C1Y_A_B__A__B30E,A,1C1Y_A_B,B,K,30,,E,0.8213,0.1386,-18.0422,-18.8635,5,5,1,0
1CHO_EFG_I__A__I12S,A,1CHO_EFG_I,I,A,12,,S,1.0633,0.0001,-15.2066,-16.2699,5,5,1,0
1CHO_EFG_I__A__I29A,A,1CHO_EFG_I,I,G,29,,A,0.9667,0.0204,-15.6931,-16.6598,5,5,1,0
1DQJ_AB_C__A__C75A,A,1DQJ_AB_C,C,L,75,,A,0.8543,0.1344,-15.1763,-16.0305,5,5,1,0
1FC2_C_D__A__C13D,A,1FC2_C_D,C,L,13,,D,2.3295,0.6232,-9.1744,-11.5039,5,5,1,0
1IAR_A_B__A__A82D,A,1IAR_A_B,A,F,82,,D,1.7059,2.9675,-29.7789,-31.4849,5,5,1,0
1JTG_A_B__A__A86N,A,1JTG_A_B,A,K,86,,N,-0.6375,0.2891,-29.7548,-29.1173,5,5,1,0
1LFD_A_B__A__B38A,A,1LFD_A_B,B,D,38,,A,0.6411,0.4703,-14.4099,-15.051,5,5,1,0
1OGA_ABC_DE__A__A150G,A,1OGA_ABC_DE,A,A,150,,G,0.839,0.0,-16.2756,-17.1146,5,5,1,0
1PPF_E_I__A__I18T,A,1PPF_E_I,I,L,18,,T,2.769,0.1872,-16.4146,-19.1836,5,5,1,0
1R0R_E_I__A__I8A,A,1R0R_E_I,I,K,8,,A,0.5624,0.0,-12.7374,-13.2998,5,5,1,0
1R0R_E_I__A__I14H,A,1R0R_E_I,I,E,14,,H,-0.4623,0.1401,-14.1966,-13.7343,5,5,1,0
1TM1_E_I__A__I41A,A,1TM1_E_I,I,E,41,,A,1.3979,0.2681,-16.8452,-18.2432,5,5,1,0
1Z7X_W_X__A__W457A,A,1Z7X_W_X,W,R,457,,A,-0.387,0.0046,-30.7739,-30.3869,5,5,1,0
2FTL_E_I__A__I37A,A,2FTL_E_I,I,G,37,,A,1.842,0.2111,-11.1763,-13.0183,5,5,1,0
2NYY_DC_A__A__D30Q,A,2NYY_DC_A,D,Y,30,,Q,-0.1152,0.77,-27.7257,-27.6105,5,5,1,0
3B4V_AB_C__A__C53E,A,3B4V_AB_C,C,L,53,,E,3.8854,0.0586,-30.7986,-34.684,5,5,1,0
3D3V_ABC_DE__A__C8F,A,3D3V_ABC_DE,C,Y,8,,F,1.3158,0.0487,-17.3057,-18.6215,5,5,1,0
3HFM_HL_Y__A__Y101S,A,3HFM_HL_Y,Y,D,101,,S,0.1084,0.0595,-5.2763,-5.3847,5,5,1,0
3NPS_A_BC__A__A26A,A,3NPS_A_BC,A,I,26,,A,0.0168,0.0,-24.0834,-24.1002,5,5,1,0
3S9D_A_B__A__A9A,A,3S9D_A_B,A,M,9,,A,0.6129,0.1157,-22.0238,-22.6367,5,5,1,0
3SE9_HL_G__A__H57A,A,3SE9_HL_G,H,G,57,,A,1.0547,0.0,-10.9551,-12.0098,5,5,1,0
3SGB_E_I__A__I11V,A,3SGB_E_I,I,T,11,,V,-1.208,0.163,-13.4921,-12.284,5,5,1,0
3SGB_E_I__A__I30D,A,3SGB_E_I,I,N,30,,D,0.4642,0.0168,-11.7968,-12.261,5,5,1,0
4G0N_A_B__A__B35I,A,4G0N_A_B,B,V,35,,I,-0.2434,0.0102,-20.9868,-20.7435,5,5,1,0
4O27_A_B__A__A88A,A,4O27_A_B,A,K,88,,A,1.3244,0.1947,-14.3867,-15.711,5,5,1,0
4YFD_A_B__A__A259A,A,4YFD_A_B,A,E,259,,A,3.2481,0.2485,-29.2955,-32.5436,5,5,1,0
1A22_A_B__A__A46A,A,1A22_A_B,A,Q,46,,A,1.1168,0.0,-32.0413,-33.1581,5,5,1,0
1AK4_A_D__A__D89A,A,1AK4_A_D,D,G,89,,A,0.9897,0.2792,-9.7472,-10.7368,5,5,1,0
1BD2_ABC_DE__A__C5A,A,1BD2_ABC_DE,C,Y,5,,A,2.16,0.2719,-15.6339,-17.7939,5,5,1,0
1C4Z_ABC_D__A__D93E,A,1C4Z_ABC_D,D,K,93,,E,1.6092,1.4088,-12.6281,-14.2373,5,5,1,0
1CHO_EFG_I__A__I15R,A,1CHO_EFG_I,I,L,15,,R,3.4976,0.5387,-12.9936,-16.4912,5,5,1,0
1CHO_EFG_I__A__I33Y,A,1CHO_EFG_I,I,N,33,,Y,-1.2689,0.0676,-17.5393,-16.2703,5,5,1,0
1E50_A_B__A__A101A,A,1E50_A_B,A,V,101,,A,2.3868,0.6143,-17.0737,-19.4605,5,5,1,0
1FSS_A_B__A__B33Q,A,1FSS_A_B,B,M,33,,Q,1.2463,0.2402,-15.9837,-17.23,5,5,1,0
1JRH_LH_I__A__I45P,A,1JRH_LH_I,I,E,45,,P,-0.4674,0.0377,-19.6174,-19.15,5,5,1,0
1K8R_A_B__A__A38A,A,1K8R_A_B,A,D,38,,A,2.0355,0.0532,-10.9593,-12.9948,5,5,1,0
1MHP_HL_A__A__L89Q,A,1MHP_HL_A,L,W,89,,Q,1.7404,0.022,-10.4047,-12.145,5,5,1,0
1PPF_E_I__A__I14L,A,1PPF_E_I,I,P,14,,L,-0.5914,0.0476,-19.55,-18.9586,5,5,1,0
1PPF_E_I__A__I20R,A,1PPF_E_I,I,Y,20,,R,2.1282,0.1483,-16.8395,-18.9677,5,5,1,0
1R0R_E_I__A__I9Y,A,1R0R_E_I,I,P,9,,Y,0.5583,0.036,-12.7415,-13.2998,5,5,1,0
1R0R_E_I__A__I16F,A,1R0R_E_I,I,R,16,,F,1.4649,0.1758,-12.2978,-13.7627,5,5,1,0
1VFB_AB_C__A__B99Y,A,1VFB_AB_C,B,R,99,,Y,-0.077,0.039,-16.0873,-16.0103,5,5,1,0
2B0U_AB_C__A__C47A,A,2B0U_AB_C,C,F,47,,A,2.5182,0.1717,-21.7178,-24.236,5,5,1,0
2J0T_A_D__A__D2L,A,2J0T_A_D,D,T,2,,L,0.4674,0.5949,-1.8821,-2.3495,5,5,1,0
2PCC_A_B__A__B86G,A,2PCC_A_B,B,A,86,,G,0.6229,0.0567,-6.3695,-6.9924,5,5,1,0
3BT1_A_U__A__U10A,A,3BT1_A_U,U,G,10,,A,-0.1871,0.0904,-23.735,-23.5479,5,5,1,0
3HFM_HL_Y__A__H33L,A,3HFM_HL_Y,H,Y,33,,L,1.0506,0.765,-4.6111,-5.6617,5,5,1,0
3M63_A_B__A__A46A,A,3M63_A_B,A,D,46,,A,-0.1191,0.0643,-9.8133,-9.6942,5,5,1,0
3QDJ_ABC_DE__A__D27P,A,3QDJ_ABC_DE,D,R,27,,P,-0.2204,0.3274,-15.4989,-15.2785,5,5,1,0
3SE3_B_A__A__A81A,A,3SE3_B_A,A,F,81,,A,1.7402,0.3296,-24.9116,-26.6519,5,5,1,0
3SGB_E_I__A__I7N,A,3SGB_E_I,I,K,7,,N,0.3523,0.288,-12.0173,-12.3696,5,5,1,0
3SGB_E_I__A__I13T,A,3SGB_E_I,I,E,13,,T,0.5623,1.0279,-11.8039,-12.3662,5,5,1,0
4B0M_A_BM__A__B127G,A,4B0M_A_BM,B,A,127,,G,0.5275,0.0,-28.4856,-29.0131,5,5,1,0
4JEU_A_B__A__B7A,A,4JEU_A_B,B,L,7,,A,4.1294,0.0314,-55.3566,-59.4861,5,5,1,0
4P23_CD_AB__A__D10A,A,4P23_CD_AB,D,K,10,,A,0.5255,0.1008,-17.3491,-17.8746,5,5,1,0
5E9D_AB_CDE__A__D50G,A,5E9D_AB_CDE,D,S,50,,G,-0.0465,0.0,-32.3275,-32.281,5,5,1,0
1A4Y_A_B__A__A434F,A,1A4Y_A_B,A,Y,434,,F,-0.2564,0.2925,-34.2516,-33.9952,5,5,1,0
1AO7_ABC_DE__A__E96K,A,1AO7_ABC_DE,E,A,96,,K,-0.9898,0.1419,-18.0327,-17.0429,5,5,1,0
1C1Y_A_B__A__B35L,A,1C1Y_A_B,B,R,35,,L,6.9728,0.2822,-12.2133,-19.1861,5,5,1,0
1CHO_EFG_I__A__I12T,A,1CHO_EFG_I,I,A,12,,T,0.4165,0.0718,-15.8452,-16.2617,5,5,1,0
1CHO_EFG_I__A__I29C,A,1CHO_EFG_I,I,G,29,,C,2.6944,0.5372,-14.0018,-16.6962,5,5,1,0
1DQJ_AB_C__A__C89A,A,1DQJ_AB_C,C,T,89,,A,0.1982,0.0088,-15.8756,-16.0738,5,5,1,0
1FC2_C_D__A__C24A,A,1FC2_C_D,C,N,24,,A,0.6936,0.194,-10.6496,-11.3432,5,5,1,0
1IAR_A_B__A__A85A,A,1IAR_A_B,A,R,85,,A,3.8883,2.19,-29.0084,-32.8967,5,5,1,0
1JTG_A_B__A__A104A,A,1JTG_A_B,A,M,104,,A,1.0919,0.0928,-25.9889,-27.0808,5,5,1,0
1LFD_A_B__A__B39A,A,1LFD_A_B,B,S,39,,A,-0.4653,0.0,-15.4424,-14.9771,5,5,1,0
1OGA_ABC_DE__A__A151A,A,1OGA_ABC_DE,A,H,151,,A,0.941,0.1466,-16.1986,-17.1396,5,5,1,0
1PPF_E_I__A__I18V,A,1PPF_E_I,I,L,18,,V,4.4322,0.0183,-14.7504,-19.1826,5,5,1,0
1R0R_E_I__A__I8C,A,1R0R_E_I,I,K,8,,C,0.7646,0.0025,-12.5352,-13.2998,5,5,1,0
1R0R_E_I__A__I14I,A,1R0R_E_I,I,E,14,,I,-0.5919,0.3249,-14.3508,-13.7589,5,5,1,0
1TM1_E_I__A__I41S,A,1TM1_E_I,I,E,41,,S,0.7777,0.2521,-17.4654,-18.2432,5,5,1,0
1Z7X_W_X__A__W459A,A,1Z7X_W_X,W,I,459,,A,1.1613,0.0623,-29.2534,-30.4147,5,5,1,0
2FTL_E_I__A__I39A,A,2FTL_E_I,I,R,39,,A,1.0322,0.1007,-12.3126,-13.3448,5,5,1,0
2NYY_DC_A__A__D56Q,A,2NYY_DC_A,D,Y,56,,Q,1.4065,0.3909,-26.991,-28.3975,5,5,1,0
3BK3_A_C__A__C2A,A,3BK3_A_C,C,L,2,,A,0.8658,0.1042,-15.9276,-16.7934,5,5,1,0
3D3V_ABC_DE__A__E30A,A,3D3V_ABC_DE,E,E,30,,A,2.7292,0.0481,-15.8939,-18.6231,5,5,1,0
3HFM_HL_Y__A__Y102V,A,3HFM_HL_Y,Y,G,102,,V,-0.0896,0.0273,-6.7561,-6.6665,5,5,1,0
3NPS_A_BC__A__A47A,A,3NPS_A_BC,A,D,47,,A,0.237,0.3773,-23.9891,-24.2261,5,5,1,0
3S9D_A_B__A__A12W,A,3S9D_A_B,A,A,12,,W,-1.3965,0.5839,-24.0226,-22.6261,5,5,1,0
3SE9_HL_G__A__H59A,A,3SE9_HL_G,H,V,59,,A,0.3195,0.0034,-11.691,-12.0105,5,5,1,0
3SGB_E_I__A__I11W,A,3SGB_E_I,I,T,11,,W,-1.1864,1.8946,-13.5704,-12.384,5,5,1,0
3SGB_E_I__A__I30E,A,3SGB_E_I,I,N,30,,E,0.6201,0.1294,-11.6411,-12.2613,5,5,1,0
4G0N_A_B__A__B36L,A,4G0N_A_B,B,R,36,,L,8.26,0.4132,-12.6668,-20.9268,5,5,1,0
4O27_A_B__A__A215A,A,4O27_A_B,A,Y,215,,A,3.5002,1.2359,-14.9766,-18.4768,5,5,1,0
4YFD_A_B__A__B4A,A,4YFD_A_B,B,W,4,,A,5.0016,0.1881,-28.2123,-33.2139,5,5,1,0
1A4Y_A_B__A__A435A,A,1A4Y_A_B,A,D,435,,A,1.7977,0.4739,-31.9701,-33.7678,5,5,1,0
1AO7_ABC_DE__A__E96M,A,1AO7_ABC_DE,E,A,96,,M,-1.1607,0.0589,-18.2044,-17.0437,5,5,1,0
1C4Z_ABC_D__A__A138A,A,1C4Z_ABC_D,A,V,138,,A,0.9227,0.0419,-11.4511,-12.3738,5,5,1,0
1CHO_EFG_I__A__I12V,A,1CHO_EFG_I,I,A,12,,V,-0.9925,0.4048,-17.309,-16.3165,5,5,1,0
1CHO_EFG_I__A__I29D,A,1CHO_EFG_I,I,G,29,,D,3.9644,0.5237,-12.7262,-16.6906,5,5,1,0
1DQJ_AB_C__A__C93A,A,1DQJ_AB_C,C,N,93,,A,2.2333,0.105,-14.8054,-17.0387,5,5,1,0
1FC2_C_D__A__C24F,A,1FC2_C_D,C,N,24,,F,-0.8083,0.1495,-12.1923,-11.384,5,5,1,0
1IAR_A_B__A__A85E,A,1IAR_A_B,A,R,85,,E,5.3604,1.4224,-29.3833,-34.7436,5,5,1,0
1JTG_A_B__A__A105A,A,1JTG_A_B,A,S,105,,A,1.2971,0.1515,-25.7976,-27.0947,5,5,1,0
1LFD_A_B__A__B40A,A,1LFD_A_B,B,Y,40,,A,2.7749,0.028,-12.2045,-14.9794,5,5,1,0
1OGA_ABC_DE__A__A152A,A,1OGA_ABC_DE,A,V,152,,A,0.518,0.001,-16.5584,-17.0764,5,5,1,0
1PPF_E_I__A__I18W,A,1PPF_E_I,I,L,18,,W,11.6289,0.8526,-7.4011,-19.0299,5,5,1,0
1R0R_E_I__A__I8D,A,1R0R_E_I,I,K,8,,D,1.6776,0.0529,-11.6222,-13.2998,5,5,1,0
1R0R_E_I__A__I14K,A,1R0R_E_I,I,E,14,,K,0.804,0.2666,-13.015,-13.819,5,5,1,0
1TM1_E_I__A__I42A,A,1TM1_E_I,I,Y,42,,A,1.4985,0.1475,-16.6976,-18.1961,5,5,1,0
2A9K_A_B__A__B55D,A,2A9K_A_B,B,G,55,,D,1.264,0.7721,-19.6775,-20.9414,5,5,1,0
2G2U_A_B__A__A79A,A,2G2U_A_B,A,D,79,,A,-0.4545,0.2451,-24.3237,-23.8692,5,5,1,0
2NZ9_DC_A__A__A874A,A,2NZ9_DC_A,A,S,874,,A,-0.1199,0.0008,-26.8978,-26.7779,5,5,1,0
3BK3_A_C__A__C2R,A,3BK3_A_C,C,L,2,,R,0.3535,0.1253,-16.4907,-16.8442,5,5,1,0
3D3V_ABC_DE__A__E97A,A,3D3V_ABC_DE,E,L,97,,A,3.2241,0.217,-15.6137,-18.8378,5,5,1,0
3HH2_AB_C__A__C15E,A,3HH2_AB_C,C,V,15,,E,1.1132,0.5846,-49.843,-50.9562,5,5,1,0
3NPS_A_BC__A__A48A,A,3NPS_A_BC,A,R,48,,A,1.2804,0.2878,-22.9482,-24.2286,5,5,1,0
3S9D_A_B__A__A15A,A,3S9D_A_B,A,R,15,,A,-0.1629,0.0072,-22.789,-22.6261,5,5,1,0
3SE9_HL_G__A__H60A,A,3SE9_HL_G,H,N,60,,A,2.6301,0.1972,-9.8733,-12.5034,5,5,1,0
3SGB_E_I__A__I11Y,A,3SGB_E_I,I,T,11,,Y,0.8452,1.1743,-11.5116,-12.3568,5,5,1,0
3SGB_E_I__A__I30F,A,3SGB_E_I,I,N,30,,F,-1.4752,0.0343,-13.7362,-12.261,5,5,1,0
4GXU_ABCDEF_MN__A__A189E,A,4GXU_ABCDEF_MN,A,D,189,,E,5.5345,0.6659,-15.894,-21.4286,5,5,1,0
4O27_A_B__A__B42A,A,4O27_A_B,B,E,42,,A,2.9589,1.3548,-15.3684,-18.3274,5,5,1,0
4YFD_A_B__A__B71A,A,4YFD_A_B,B,K,71,,A,2.9022,0.1926,-29.5138,-32.4161,5,5,1,0
1A4Y_A_B__A__A437A,A,1A4Y_A_B,A,Y,437,,A,2.0652,0.3864,-31.5814,-33.6466,5,5,1,0
1AO7_ABC_DE__A__E97S,A,1AO7_ABC_DE,E,G,97,,S,-0.4757,0.4267,-18.504,-18.0283,5,5,1,0
1C4Z_ABC_D__A__A139A,A,1C4Z_ABC_D,A,L,139,,A,0.7152,0.0154,-11.5973,-12.3125,5,5,1,0
1CHO_EFG_I__A__I12W,A,1CHO_EFG_I,I,A,12,,W,-1.0112,0.3065,-17.2651,-16.2539,5,5,1,0
1CHO_EFG_I__A__I29E,A,1CHO_EFG_I,I,G,29,,E,3.0541,0.772,-13.6297,-16.6838,5,5,1,0
1DQJ_AB_C__A__C96A,A,1DQJ_AB_C,C,K,96,,A,0.3614,0.5711,-16.0283,-16.3897,5,5,1,0
1FC2_C_D__A__C27A,A,1FC2_C_D,C,I,27,,A,1.1502,0.273,-10.3082,-11.4585,5,5,1,0
1IAR_A_B__A__A88A,A,1IAR_A_B,A,R,88,,A,5.4126,0.5215,-24.7388,-30.1514,5,5,1,0
1JTG_A_B__A__A143A,A,1JTG_A_B,A,E,143,,A,0.0711,0.4076,-27.2807,-27.3518,5,5,1,0
1LFD_A_B__A__B40F,A,1LFD_A_B,B,Y,40,,F,0.5298,0.0244,-14.4557,-14.9854,5,5,1,0
1OGA_ABC_DE__A__A154A,A,1OGA_ABC_DE,A,E,154,,A,1.0749,0.0957,-16.1022,-17.177,5,5,1,0
1PPF_E_I__A__I18Y,A,1PPF_E_I,I,L,18,,Y,14.187,2.9911,-4.8457,-19.0327,5,5,1,0
1R0R_E_I__A__I8E,A,1R0R_E_I,I,K,8,,E,0.6082,0.1355,-12.6916,-13.2998,5,5,1,0
1R0R_E_I__A__I14L,A,1R0R_E_I,I,E,14,,L,-0.6108,0.3064,-14.4201,-13.8093,5,5,1,0
1TM1_E_I__A__I42G,A,1TM1_E_I,I,Y,42,,G,2.7749,0.6522,-16.6209,-19.3958,5,5,1,0
2A9K_A_B__A__B65A,A,2A9K_A_B,B,E,65,,A,-0.1945,0.0632,-21.2607,-21.0662,5,5,1,0
2G2U_A_B__A__A79E,A,2G2U_A_B,A,D,79,,E,-0.4213,0.339,-24.3443,-23.923,5,5,1,0
2NZ9_DC_A__A__A875A,A,2NZ9_DC_A,A,K,875,,A,0.1184,0.0,-26.6582,-26.7766,5,5,1,0
3BK3_A_C__A__C3A,A,3BK3_A_C,C,I,3,,A,1.4756,0.0454,-15.4187,-16.8943,5,5,1,0
3D5R_A_C__A__C38N,A,3D5R_A_C,C,A,38,,N,-1.0102,0.1269,-12.3248,-11.3145,5,5,1,0
3HH2_AB_C__A__C47A,A,3HH2_AB_C,C,F,47,,A,1.9953,0.3847,-48.9242,-50.9195,5,5,1,0
3NPS_A_BC__A__A91A,A,3NPS_A_BC,A,D,91,,A,0.6586,0.3622,-23.5665,-24.2251,5,5,1,0
3S9D_A_B__A__A18A,A,3S9D_A_B,A,S,18,,A,0.0072,0.0221,-22.6338,-22.6409,5,5,1,0
3SE9_HL_G__A__H62A,A,3SE9_HL_G,H,G,62,,A,0.4653,0.5466,-12.8388,-13.3041,5,5,1,0
3SGB_E_I__A__I12A,A,3SGB_E_I,I,L,12,,A,2.5588,0.0191,-9.847,-12.4058,5,5,1,0
3SGB_E_I__A__I30G,A,3SGB_E_I,I,N,30,,G,0.5846,0.0,-11.6993,-12.2839,5,5,1,0
4GXU_ABCDEF_MN__A__A224G,A,4GXU_ABCDEF_MN,A,D,224,,G,2.3709,0.6092,-19.2058,-21.5767,5,5,1,0
4OFY_A_D__A__A34A,A,4OFY_A_D,A,Q,34,,A,0.3857,0.7336,-11.836,-12.2218,5,5,1,0
4YH7_A_B__A__A169A,A,4YH7_A_B,A,R,169,,A,3.0612,0.2797,-15.9406,-19.0018,5,5,1,0
1A4Y_A_B__A__A437F,A,1A4Y_A_B,A,Y,437,,F,-0.338,0.2656,-34.021,-33.683,5,5,1,0
1AO7_ABC_DE__A__E98A,A,1AO7_ABC_DE,E,G,98,,A,-0.4335,0.0,-17.4785,-17.045,5,5,1,0
1C4Z_ABC_D__A__A141A,A,1C4Z_ABC_D,A,Q,141,,A,0.1294,0.1138,-12.4412,-12.5706,5,5,1,0
1CHO_EFG_I__A__I12Y,A,1CHO_EFG_I,I,A,12,,Y,-0.1946,0.1231,-16.3714,-16.1768,5,5,1,0
1CHO_EFG_I__A__I29F,A,1CHO_EFG_I,I,G,29,,F,4.0993,3.2995,-12.615,-16.7143,5,5,1,0
1DQJ_AB_C__A__C97A,A,1DQJ_AB_C,C,K,97,,A,1.2051,0.1178,-14.7523,-15.9574,5,5,1,0
1FC2_C_D__A__C28K,A,1FC2_C_D,C,Q,28,,K,0.7271,0.5853,-10.507,-11.2341,5,5,1,0
1IAR_A_B__A__A88Q,A,1IAR_A_B,A,R,88,,Q,4.0392,0.4504,-26.3389,-30.3781,5,5,1,0
1JTG_A_B__A__A143G,A,1JTG_A_B,A,E,143,,G,0.1761,0.4013,-27.1352,-27.3113,5,5,1,0
1LFD_A_B__A__B41A,A,1LFD_A_B,B,R,41,,A,0.9305,0.2995,-13.9873,-14.9178,5,5,1,0
1OGA_ABC_DE__A__A155A,A,1OGA_ABC_DE,A,Q,155,,A,2.3809,0.2305,-14.6668,-17.0477,5,5,1,0
1PPF_E_I__A__I19A,A,1PPF_E_I,I,E,19,,A,2.1025,0.2423,-16.8709,-18.9734,5,5,1,0
1R0R_E_I__A__I8F,A,1R0R_E_I,I,K,8,,F,-0.0512,0.5025,-13.351,-13.2998,5,5,1,0
1R0R_E_I__A__I14M,A,1R0R_E_I,I,E,14,,M,-1.0808,0.1881,-14.8782,-13.7974,5,5,1,0
1TM1_E_I__A__I43A,A,1TM1_E_I,I,R,43,,A,0.1228,0.0194,-17.7494,-17.8721,5,5,1,0
2AJF_A_E__A__A20A,A,2AJF_A_E,A,D,20,,A,2.6143,0.3486,-14.7538,-17.3681,5,5,1,0
2G2U_A_B__A__A79K,A,2G2U_A_B,A,D,79,,K,-0.3328,0.2002,-24.2058,-23.873,5,5,1,0
2NZ9_DC_A__A__A889A,A,2NZ9_DC_A,A,F,889,,A,0.031,0.1692,-26.8146,-26.8456,5,5,1,0
3BK3_A_C__A__C3R,A,3BK3_A_C,C,I,3,,R,0.8204,0.0572,-16.0738,-16.8943,5,5,1,0
3D5S_A_C__A__C31R,A,3D5S_A_C,C,A,31,,R,-3.166,0.5526,-16.7676,-13.6016,5,5,1,0
3HH2_AB_C__A__C47E,A,3HH2_AB_C,C,F,47,,E,1.2417,1.0621,-49.6289,-50.8706,5,5,1,0
3NPS_A_BC__A__A92A,A,3NPS_A_BC,A,F,92,,A,1.7296,0.1942,-22.4541,-24.1837,5,5,1,0
3S9D_A_B__A__A19A,A,3S9D_A_B,A,L,19,,A,1.6543,0.0453,-21.122,-22.7763,5,5,1,0
3SE9_HL_G__A__H64A,A,3SE9_HL_G,H,P,64,,A,0.1714,0.0042,-11.8865,-12.0579,5,5,1,0
3SGB_E_I__A__I12C,A,3SGB_E_I,I,L,12,,C,1.372,0.0193,-11.0337,-12.4058,5,5,1,0
3SGB_E_I__A__I30H,A,3SGB_E_I,I,N,30,,H,-0.5141,0.1099,-12.7751,-12.261,5,5,1,0
4HFK_A_BD__A__B22A,A,4HFK_A_BD,B,R,22,,A,2.2449,0.8479,-20.3778,-22.6227,5,5,1,0
4OFY_A_D__A__A36A,A,4OFY_A_D,A,M,36,,A,0.7714,0.206,-10.4281,-11.1995,5,5,1,0
4YH7_A_B__A__A246A,A,4YH7_A_B,A,Y,246,,A,2.1006,0.0536,-15.7961,-17.8967,5,5,1,0
1A4Y_A_B__A__A459A,A,1A4Y_A_B,A,I,459,,A,0.3979,0.292,-33.8188,-34.2167,5,5,1,0
1AO7_ABC_DE__A__E98P,A,1AO7_ABC_DE,E,G,98,,P,3.4128,0.2149,-14.6242,-18.037,5,5,1,0
1C4Z_ABC_D__A__A142A,A,1C4Z_ABC_D,A,S,142,,A,-0.4315,0.0,-12.8054,-12.3739,5,5,1,0
1CHO_EFG_I__A__I14A,A,1CHO_EFG_I,I,T,14,,A,0.42,0.2043,-15.8693,-16.2893,5,5,1,0
1CHO_EFG_I__A__I29H,A,1CHO_EFG_I,I,G,29,,H,7.8302,4.4603,-8.9184,-16.7485,5,5,1,0
1DQJ_AB_C__A__C100A,A,1DQJ_AB_C,C,S,100,,A,-0.3303,0.1598,-16.6123,-16.282,5,5,1,0
1FC2_C_D__A__C28L,A,1FC2_C_D,C,Q,28,,L,0.209,0.5375,-10.667,-10.8761,5,5,1,0
1IAR_A_B__A__A89A,A,1IAR_A_B,A,N,89,,A,2.4457,0.0733,-27.0853,-29.5311,5,5,1,0
1JTG_A_B__A__A190A,A,1JTG_A_B,A,V,190,,A,1.5251,0.1276,-25.5231,-27.0482,5,5,1,0
1LP9_ABC_EF__A__A66A,A,1LP9_ABC_EF,A,K,66,,A,2.1277,0.0936,-23.6676,-25.7953,5,5,1,0
1OGA_ABC_DE__A__A158G,A,1OGA_ABC_DE,A,A,158,,G,0.0728,0.0006,-17.042,-17.1148,5,5,1,0
1PPF_E_I__A__I19C,A,1PPF_E_I,I,E,19,,C,1.8887,0.0921,-17.2042,-19.0929,5,5,1,0
1R0R_E_I__A__I8G,A,1R0R_E_I,I,K,8,,G,-0.0593,0.0,-13.3591,-13.2998,5,5,1,0
1R0R_E_I__A__I14N,A,1R0R_E_I,I,E,14,,N,-0.2308,0.2639,-13.9897,-13.7589,5,5,1,0
1TM3_E_I__A__I40M,A,1TM3_E_I,I,K,40,,M,-0.4202,0.0292,-20.0279,-19.6077,5,5,1,0
2AJF_A_E__A__A23A,A,2AJF_A_E,A,Y,23,,A,1.9457,0.1207,-15.7978,-17.7434,5,5,1,0
2G2U_A_B__A__B31A,A,2G2U_A_B,B,E,31,,A,0.4074,0.0,-23.5831,-23.9905,5,5,1,0
2NZ9_DC_A__A__A890A,A,2NZ9_DC_A,A,N,890,,A,0.791,0.0924,-26.8144,-27.6054,5,5,1,0
3BK3_A_C__A__C4P,A,3BK3_A_C,C,T,4,,P,0.0329,0.0491,-16.822,-16.855,5,5,1,0
3EG5_A_B__A__A104F,A,3EG5_A_B,A,H,104,,F,-0.4751,0.3285,-23.3076,-22.8326,5,5,1,0
3HH2_AB_C__A__C51A,A,3HH2_AB_C,C,I,51,,A,2.583,0.0021,-48.0632,-50.6462,5,5,1,0
3NPS_A_BC__A__A93A,A,3NPS_A_BC,A,T,93,,A,0.1442,0.2893,-23.8649,-24.0091,5,5,1,0
3S9D_A_B__A__A20A,A,3S9D_A_B,A,F,20,,A,2.1934,0.0156,-20.4476,-22.641,5,5,1,0
3SE9_HL_G__A__H67A,A,3SE9_HL_G,H,R,67,,A,1.2079,0.0428,-10.8204,-12.0283,5,5,1,0
3SGB_E_I__A__I12D,A,3SGB_E_I,I,L,12,,D,4.4356,0.0233,-8.0183,-12.454,5,5,1,0
3SGB_E_I__A__I30I,A,3SGB_E_I,I,N,30,,I,-0.5687,0.0181,-12.8526,-12.2839,5,5,1,0
4HFK_A_BD__A__B45A,A,4HFK_A_BD,B,L,45,,A,1.7709,0.1505,-20.877,-22.6478,5,5,1,0
4OFY_A_D__A__A38A,A,4OFY_A_D,A,D,38,,A,0.5542,0.0,-8.79,-9.3442,5,5,1,0
4YH7_A_B__A__B258A,A,4YH7_A_B,B,D,258,,A,0.7078,0.1741,-16.1457,-16.8535,5,5,1,0
1A4Y_A_B__A__B5A,A,1A4Y_A_B,B,R,5,,A,3.9688,0.5224,-29.5799,-33.5487,5,5,1,0
1AO7_ABC_DE__A__E99A,A,1AO7_ABC_DE,E,R,99,,A,0.2362,0.1932,-17.7947,-18.0309,5,5,1,0
1C4Z_ABC_D__A__A145A,A,1C4Z_ABC_D,A,D,145,,A,-0.0896,0.0744,-12.5091,-12.4194,5,5,1,0
1CHO_EFG_I__A__I14C,A,1CHO_EFG_I,I,T,14,,C,0.0975,0.0941,-16.29,-16.3875,5,5,1,0
1CHO_EFG_I__A__I29I,A,1CHO_EFG_I,I,G,29,,I,4.3907,0.3233,-12.3203,-16.7109,5,5,1,0
1DQJ_AB_C__A__C101A,A,1DQJ_AB_C,C,D,101,,A,1.645,0.0678,-14.9067,-16.5517,5,5,1,0
1FC2_C_D__A__C31A,A,1FC2_C_D,C,K,31,,A,0.6066,0.0,-10.752,-11.3586,5,5,1,0
1IAR_A_B__A__A91A,A,1IAR_A_B,A,W,91,,A,1.1271,0.3259,-28.7226,-29.8497,5,5,1,0
1JTG_A_B__A__A212S,A,1JTG_A_B,A,G,212,,S,-0.1361,0.1314,-27.0001,-26.864,5,5,1,0
1LP9_ABC_EF__A__A163A,A,1LP9_ABC_EF,A,T,163,,A,1.1796,0.0171,-24.6512,-25.8308,5,5,1,0
1OGA_ABC_DE__A__D29A,A,1OGA_ABC_DE,D,S,29,,A,-1.0128,0.0003,-18.1276,-17.1148,5,5,1,0
1PPF_E_I__A__I19D,A,1PPF_E_I,I,E,19,,D,1.9387,0.7672,-17.0285,-18.9672,5,5,1,0
1R0R_E_I__A__I8H,A,1R0R_E_I,I,K,8,,H,0.4492,0.2499,-12.8506,-13.2998,5,5,1,0
1R0R_E_I__A__I14P,A,1R0R_E_I,I,E,14,,P,1.8845,0.194,-11.9558,-13.8403,5,5,1,0
1TM4_E_I__A__I40M,A,1TM4_E_I,I,G,40,,M,-2.2431,0.027,-19.2008,-16.9577,5,5,1,0
2AJF_A_E__A__A23F,A,2AJF_A_E,A,Y,23,,F,0.1313,0.0295,-17.0761,-17.2074,5,5,1,0
2G2U_A_B__A__B35A,A,2G2U_A_B,B,S,35,,A,0.8161,0.065,-23.2626,-24.0787,5,5,1,0
2NZ9_DC_A__A__A891A,A,2NZ9_DC_A,A,L,891,,A,2.4589,0.1023,-24.3189,-26.7779,5,5,1,0
3BK3_A_C__A__C6P,A,3BK3_A_C,C,T,6,,P,0.4963,0.1511,-16.3255,-16.8218,5,5,1,0
3EQS_A_B__A__B1A,A,3EQS_A_B,B,T,1,,A,-0.0486,0.0265,-20.3717,-20.323,5,5,1,0
3HH2_AB_C__A__C51E,A,3HH2_AB_C,C,I,51,,E,2.9536,0.1123,-47.6927,-50.6462,5,5,1,0
3NPS_A_BC__A__A138A,A,3NPS_A_BC,A,H,138,,A,0.3487,0.1295,-23.6429,-23.9916,5,5,1,0
3S9D_A_B__A__A23A,A,3S9D_A_B,A,L,23,,A,2.7064,0.0298,-19.939,-22.6454,5,5,1,0
3SE9_HL_G__A__H74A,A,3SE9_HL_G,H,R,74,,A,3.1894,0.2948,-8.9495,-12.1389,5,5,1,0
3SGB_E_I__A__I12E,A,3SGB_E_I,I,L,12,,E,3.6155,0.1088,-8.8153,-12.4307,5,5,1,0
3SGB_E_I__A__I30K,A,3SGB_E_I,I,N,30,,K,-0.1311,0.0924,-12.3921,-12.261,5,5,1,0
4HFK_A_BD__A__B46A,A,4HFK_A_BD,B,E,46,,A,2.2941,0.3598,-20.9785,-23.2726,5,5,1,0
4OFY_A_D__A__A40A,A,4OFY_A_D,A,F,40,,A,2.7169,0.0357,-6.7767,-9.4936,5,5,1,0
4ZS6_HL_A__A__A156A,A,4ZS6_HL_A,A,E,156,,A,1.2308,0.2168,-14.4839,-15.7148,5,5,1,0
1A4Y_A_B__A__B8A,A,1A4Y_A_B,B,H,8,,A,1.4412,0.4516,-33.0839,-34.5251,5,5,1,0
1AO7_ABC_DE__A__E99P,A,1AO7_ABC_DE,E,R,99,,P,-0.401,0.1979,-18.427,-18.026,5,5,1,0
1C4Z_ABC_D__A__A145K,A,1C4Z_ABC_D,A,D,145,,K,-0.0481,0.0666,-12.7122,-12.6642,5,5,1,0
1CHO_EFG_I__A__I14D,A,1CHO_EFG_I,I,T,14,,D,1.2016,0.1122,-15.1636,-16.3652,5,5,1,0
1CHO_EFG_I__A__I29K,A,1CHO_EFG_I,I,G,29,,K,3.4673,1.2471,-13.2436,-16.7109,5,5,1,0
1DVF_AB_CD__A__A30A,A,1DVF_AB_CD,A,H,30,,A,0.6682,0.0026,-18.6079,-19.2761,5,5,1,0
1FCC_A_C__A__C25A,A,1FCC_A_C,C,T,25,,A,0.2961,0.2012,-8.819,-9.1151,5,5,1,0
1IAR_A_B__A__A91D,A,1IAR_A_B,A,W,91,,D,1.0955,0.0346,-28.5995,-29.695,5,5,1,0
1JTG_A_B__A__A213K,A,1JTG_A_B,A,E,213,,K,-0.4156,0.0627,-27.2824,-26.8669,5,5,1,0
1LP9_ABC_EF__A__A167A,A,1LP9_ABC_EF,A,W,167,,A,0.49,0.0142,-25.303,-25.793,5,5,1,0
1OGA_ABC_DE__A__E28A,A,1OGA_ABC_DE,E,D,28,,A,0.3327,0.2446,-16.5141,-16.8468,5,5,1,0
1PPF_E_I__A__I19F,A,1PPF_E_I,I,E,19,,F,1.9814,0.5139,-17.2167,-19.1981,5,5,1,0
1R0R_E_I__A__I8I,A,1R0R_E_I,I,K,8,,I,3.6388,0.318,-9.6609,-13.2998,5,5,1,0
1R0R_E_I__A__I14Q,A,1R0R_E_I,I,E,14,,Q,0.0891,0.6037,-13.649,-13.738,5,5,1,0
1TM5_E_I__A__I40M,A,1TM5_E_I,I,A,40,,M,-1.2829,0.4127,-18.7337,-17.4508,5,5,1,0
2AJF_A_E__A__E151K,A,2AJF_A_E,E,N,151,,K,-1.2012,0.3149,-18.6492,-17.448,5,5,1,0
2G2U_A_B__A__B36A,A,2G2U_A_B,B,F,36,,A,1.3265,0.6132,-22.7432,-24.0697,5,5,1,0
2NZ9_DC_A__A__A892A,A,2NZ9_DC_A,A,E,892,,A,1.642,0.3738,-25.5574,-27.1994,5,5,1,0
3BK3_A_C__A__C19A,A,3BK3_A_C,C,I,19,,A,0.634,0.0133,-16.0655,-16.6995,5,5,1,0
3EQS_A_B__A__B2A,A,3EQS_A_B,B,S,2,,A,-0.2352,0.0045,-20.5003,-20.265,5,5,1,0
3HH2_AB_C__A__C52A,A,3HH2_AB_C,C,F,52,,A,4.8793,0.0317,-47.4944,-52.3737,5,5,1,0
3NPS_A_BC__A__A141A,A,3NPS_A_BC,A,Y,141,,A,1.6462,0.2894,-22.0371,-23.6833,5,5,1,0
3S9D_A_B__A__A23V,A,3S9D_A_B,A,L,23,,V,1.9986,0.0288,-20.6462,-22.6448,5,5,1,0
3SE9_HL_G__A__H76A,A,3SE9_HL_G,H,R,76,,A,1.4626,0.1027,-10.8648,-12.3273,5,5,1,0
3SGB_E_I__A__I12F,A,3SGB_E_I,I,L,12,,F,-0.6009,0.0322,-13.0562,-12.4554,5,5,1,0
3SGB_E_I__A__I30L,A,3SGB_E_I,I,N,30,,L,-0.5961,0.016,-12.8719,-12.2757,5,5,1,0
4HFK_A_BD__A__B48A,A,4HFK_A_BD,B,S,48,,A,0.5006,0.0103,-22.1458,-22.6464,5,5,1,0
4OFY_A_D__A__A85A,A,4OFY_A_D,A,Q,85,,A,-0.2863,0.5767,-11.8818,-11.5955,5,5,1,0
4ZS6_HL_A__A__A160A,A,4ZS6_HL_A,A,Y,160,,A,0.2824,0.015,-13.5954,-13.8778,5,5,1,0
1A4Y_A_B__A__B12A,A,1A4Y_A_B,B,Q,12,,A,0.979,0.2377,-33.4102,-34.3891,5,5,1,0
1AO7_ABC_DE__A__E99Q,A,1AO7_ABC_DE,E,R,99,,Q,-0.1408,0.408,-18.3039,-18.1631,5,5,1,0
1C4Z_ABC_D__A__A149A,A,1C4Z_ABC_D,A,Y,149,,A,0.4088,0.0421,-11.881,-12.2898,5,5,1,0
1CHO_EFG_I__A__I14E,A,1CHO_EFG_I,I,T,14,,E,-0.4219,0.1849,-16.7975,-16.3756,5,5,1,0
1CHO_EFG_I__A__I29L,A,1CHO_EFG_I,I,G,29,,L,2.5096,0.5683,-14.1905,-16.7001,5,5,1,0
1DVF_AB_CD__A__A32A,A,1DVF_AB_CD,A,Y,32,,A,-0.2218,0.1958,-19.4384,-19.2166,5,5,1,0
1FCC_A_C__A__C27A,A,1FCC_A_C,C,E,27,,A,3.9663,0.0209,-6.1596,-10.1259,5,5,1,0
1JCK_A_B__A__B20A,A,1JCK_A_B,B,T,20,,A,0.1606,0.0001,-2.9337,-3.0943,5,5,1,0
1JTG_A_B__A__A214Y,A,1JTG_A_B,A,R,214,,Y,0.0338,0.028,-26.9165,-26.9503,5,5,1,0
1M9E_A_D__A__D76H,A,1M9E_A_D,D,A,76,,H,-1.09,0.0887,-11.4259,-10.3359,5,5,1,0
1OGA_ABC_DE__A__E28S,A,1OGA_ABC_DE,E,D,28,,S,0.5074,0.2445,-16.3393,-16.8468,5,5,1,0
1PPF_E_I__A__I19G,A,1PPF_E_I,I,E,19,,G,2.5123,0.2407,-16.4465,-18.9588,5,5,1,0
1R0R_E_I__A__I8L,A,1R0R_E_I,I,K,8,,L,-0.8582,0.023,-14.158,-13.2998,5,5,1,0
1R0R_E_I__A__I14R,A,1R0R_E_I,I,E,14,,R,-0.4068,0.4183,-14.3155,-13.9087,5,5,1,0
1TM7_E_I__A__I40M,A,1TM7_E_I,I,Y,40,,M,0.1224,0.0205,-21.6381,-21.7605,5,5,1,0
2AJF_A_E__A__E159S,A,2AJF_A_E,E,T,159,,S,1.071,0.0213,-16.648,-17.719,5,5,1,0
2G2U_A_B__A__B39A,A,2G2U_A_B,B,S,39,,A,1.0578,0.0044,-22.9522,-24.01,5,5,1,0
2NZ9_DC_A__A__A925A,A,2NZ9_DC_A,A,F,925,,A,2.2944,0.0714,-25.5013,-27.7958,5,5,1,0
3BK3_A_C__A__C19R,A,3BK3_A_C,C,I,19,,R,-1.6629,0.1012,-18.38,-16.7171,5,5,1,0
3EQS_A_B__A__B3A,A,3EQS_A_B,B,F,3,,A,4.2047,0.1284,-16.2576,-20.4623,5,5,1,0
3HH2_AB_C__A__C52E,A,3HH2_AB_C,C,F,52,,E,3.7867,0.0879,-48.587,-52.3737,5,5,1,0
3NPS_A_BC__A__A144A,A,3NPS_A_BC,A,T,144,,A,-0.3633,0.0,-24.4481,-24.0848,5,5,1,0
3S9D_A_B__A__A26A,A,3S9D_A_B,A,R,26,,A,4.6341,0.0449,-18.9197,-23.5538,5,5,1,0
3SE9_HL_G__A__H77A,A,3SE9_HL_G,H,D,77,,A,-0.4489,0.0103,-12.468,-12.0191,5,5,1,0
3SGB_E_I__A__I12G,A,3SGB_E_I,I,L,12,,G,3.6932,0.0188,-8.7126,-12.4058,5,5,1,0
3SGB_E_I__A__I30M,A,3SGB_E_I,I,N,30,,M,-1.1657,0.0741,-13.4266,-12.261,5,5,1,0
4HFK_A_BD__A__B49A,A,4HFK_A_BD,B,N,49,,A,-0.0116,0.0864,-23.0461,-23.0344,5,5,1,0
4OFY_A_D__A__A87A,A,4OFY_A_D,A,S,87,,A,0.5189,0.1797,-10.6778,-11.1967,5,5,1,0
5C6T_HL_A__A__A182A,A,5C6T_HL_A,A,Y,182,,A,0.9858,0.0674,-7.5154,-8.5011,5,5,1,0
1A4Y_A_B__A__B31A,A,1A4Y_A_B,B,R,31,,A,4.5168,0.2883,-29.7789,-34.2956,5,5,1,0
1AO7_ABC_DE__A__E100A,A,1AO7_ABC_DE,E,P,100,,A,1.4556,0.2564,-16.5516,-18.0071,5,5,1,0
1C4Z_ABC_D__A__A156A,A,1C4Z_ABC_D,A,D,156,,A,0.2772,2.1059,-14.4564,-14.7337,5,5,1,0
1CHO_EFG_I__A__I14F,A,1CHO_EFG_I,I,T,14,,F,0.0222,0.5369,-16.3582,-16.3803,5,5,1,0
1CHO_EFG_I__A__I29M,A,1CHO_EFG_I,I,G,29,,M,1.1222,0.8806,-15.5947,-16.7169,5,5,1,0
1DVF_AB_CD__A__A49A,A,1DVF_AB_CD,A,Y,49,,A,1.1299,0.3582,-18.2277,-19.3576,5,5,1,0
1FCC_A_C__A__C28A,A,1FCC_A_C,C,K,28,,A,0.3104,0.1928,-8.0926,-8.403,5,5,1,0
1JCK_A_B__A__B23A,A,1JCK_A_B,B,N,23,,A,1.7118,0.0042,-2.6315,-4.3433,5,5,1,0
1JTG_A_B__A__A244A,A,1JTG_A_B,A,M,244,,A,0.2661,0.0427,-26.5996,-26.8657,5,5,1,0
1MAH_A_F__A__A69N,A,1MAH_A_F,A,Y,69,,N,0.7168,0.7995,-21.0484,-21.7652,5,5,1,0
1OGA_ABC_DE__A__E48A,A,1OGA_ABC_DE,E,Q,48,,A,1.2256,0.3566,-16.0466,-17.2722,5,5,1,0
1PPF_E_I__A__I19H,A,1PPF_E_I,I,E,19,,H,1.696,0.225,-17.369,-19.065,5,5,1,0
1R0R_E_I__A__I8M,A,1R0R_E_I,I,K,8,,M,-0.2778,0.064,-13.5776,-13.2998,5,5,1,0
1R0R_E_I__A__I14S,A,1R0R_E_I,I,E,14,,S,0.7785,0.1829,-13.0252,-13.8037,5,5,1,0
1TMG_E_I__A__I40M,A,1TMG_E_I,I,F,40,,M,0.9641,0.0932,-19.0109,-19.975,5,5,1,0
2AK4_ABC_DE__A__A65A,A,2AK4_ABC_DE,A,Q,65,,A,0.2805,0.1642,-17.4086,-17.6891,5,5,1,0
2G2U_A_B__A__B48A,A,2G2U_A_B,B,G,48,,A,3.9125,0.0268,-20.0967,-24.0092,5,5,1,0
2NZ9_DC_A__A__A926A,A,2NZ9_DC_A,A,N,926,,A,1.207,0.0522,-25.6099,-26.8168,5,5,1,0
3BK3_A_C__A__C22A,A,3BK3_A_C,C,I,22,,A,2.9177,0.0104,-13.8966,-16.8143,5,5,1,0
3EQS_A_B__A__B6A,A,3EQS_A_B,B,Y,6,,A,1.1595,0.0142,-19.1511,-20.3106,5,5,1,0
3KBH_A_E__A__A23A,A,3KBH_A_E,A,Y,23,,A,0.4849,0.0604,-4.9801,-5.465,5,5,1,0
3NPS_A_BC__A__A168A,A,3NPS_A_BC,A,Q,168,,A,0.2538,0.0786,-23.7675,-24.0213,5,5,1,0
3S9D_A_B__A__A26K,A,3S9D_A_B,A,R,26,,K,3.1966,0.3586,-20.1431,-23.3397,5,5,1,0
3SE9_HL_G__A__H104A,A,3SE9_HL_G,H,Y,104,,A,-0.1201,0.0,-12.1299,-12.0098,5,5,1,0
3SGB_E_I__A__I12H,A,3SGB_E_I,I,L,12,,H,2.0935,0.1094,-10.3773,-12.4708,5,5,1,0
3SGB_E_I__A__I30P,A,3SGB_E_I,I,N,30,,P,0.2438,0.0567,-12.2776,-12.5214,5,5,1,0
4HFK_A_BD__A__B50A,A,4HFK_A_BD,B,L,50,,A,0.0625,0.0104,-22.5631,-22.6257,5,5,1,0
4OFY_A_D__A__A88A,A,4OFY_A_D,A,E,88,,A,0.1714,0.3528,-8.7716,-8.943,5,5,1,0
5C6T_HL_A__A__A185A,A,5C6T_HL_A,A,T,185,,A,0.4429,0.0129,-8.011,-8.4538,5,5,1,0
1A4Y_A_B__A__B32A,A,1A4Y_A_B,B,R,32,,A,3.7546,0.1324,-30.5195,-34.2741,5,5,1,0
1B2S_A_D__A__A27K,A,1B2S_A_D,A,A,27,,K,-0.6555,0.1092,-19.0723,-18.4168,5,5,1,0
1C4Z_ABC_D__A__A156R,A,1C4Z_ABC_D,A,D,156,,R,0.634,1.0703,-14.9188,-15.5527,5,5,1,0
1CHO_EFG_I__A__I14G,A,1CHO_EFG_I,I,T,14,,G,1.589,0.214,-14.8445,-16.4335,5,5,1,0
1CHO_EFG_I__A__I29N,A,1CHO_EFG_I,I,G,29,,N,3.3085,0.8024,-13.3645,-16.6729,5,5,1,0
1DVF_AB_CD__A__A50A,A,1DVF_AB_CD,A,Y,50,,A,0.3941,0.0659,-18.8498,-19.2439,5,5,1,0
1FCC_A_C__A__C31A,A,1FCC_A_C,C,K,31,,A,0.1534,0.0283,-9.9365,-10.09,5,5,1,0
1JCK_A_B__A__B26A,A,1JCK_A_B,B,Y,26,,A,1.1001,0.0722,-2.0653,-3.1654,5,5,1,0
1JTG_A_B__A__B31A,A,1JTG_A_B,B,E,31,,A,1.0376,0.0007,-25.5749,-26.6125,5,5,1,0
1MAH_A_F__A__A276R,A,1MAH_A_F,A,W,276,,R,1.1157,0.2037,-19.7318,-20.8475,5,5,1,0
1OGA_ABC_DE__A__E48E,A,1OGA_ABC_DE,E,Q,48,,E,1.0445,0.2317,-16.1995,-17.244,5,5,1,0
1PPF_E_I__A__I19I,A,1PPF_E_I,I,E,19,,I,1.3912,0.1006,-17.6831,-19.0743,5,5,1,0
1R0R_E_I__A__I8N,A,1R0R_E_I,I,K,8,,N,0.59,0.0819,-12.7098,-13.2998,5,5,1,0
1R0R_E_I__A__I14T,A,1R0R_E_I,I,E,14,,T,-0.2896,0.1812,-14.0702,-13.7806,5,5,1,0
1TO1_E_I__A__I42Y,A,1TO1_E_I,I,A,42,,Y,-0.9109,0.4041,-17.945,-17.0341,5,5,1,0
2AK4_ABC_DE__A__A69A,A,2AK4_ABC_DE,A,T,69,,A,0.0669,0.0,-16.895,-16.9619,5,5,1,0
2G2U_A_B__A__B50A,A,2G2U_A_B,B,Y,50,,A,2.9533,0.6563,-21.589,-24.5423,5,5,1,0
2NZ9_DC_A__A__A927A,A,2NZ9_DC_A,A,S,927,,A,1.0242,0.1231,-26.037,-27.0611,5,5,1,0
3BK3_A_C__A__C22R,A,3BK3_A_C,C,I,22,,R,5.7198,1.3885,-11.2359,-16.9557,5,5,1,0
3EQS_A_B__A__B7A,A,3EQS_A_B,B,W,7,,A,5.8752,0.061,-14.5432,-20.4184,5,5,1,0
3KBH_A_E__A__A23F,A,3KBH_A_E,A,Y,23,,F,-0.2023,0.0665,-5.6713,-5.469,5,5,1,0
3NPS_A_BC__A__A169A,A,3NPS_A_BC,A,Q,169,,A,2.1249,0.2233,-22.6628,-24.7876,5,5,1,0
3S9D_A_B__A__A26Q,A,3S9D_A_B,A,R,26,,Q,4.7686,0.0486,-18.7852,-23.5538,5,5,1,0
3SE9_HL_G__A__H105A,A,3SE9_HL_G,H,T,105,,A,0.1742,0.0641,-11.5785,-11.7527,5,5,1,0
3SGB_E_I__A__I12I,A,3SGB_E_I,I,L,12,,I,4.471,0.7453,-7.9961,-12.4671,5,5,1,0
3SGB_E_I__A__I30Q,A,3SGB_E_I,I,N,30,,Q,0.0955,0.0169,-12.1817,-12.2772,5,5,1,0
4HFK_A_BD__A__B56A,A,4HFK_A_BD,B,E,56,,A,2.2002,0.179,-20.3664,-22.5666,5,5,1,0
4OFY_A_D__A__D34A,A,4OFY_A_D,D,Q,34,,A,1.7806,0.9098,-8.9988,-10.7794,5,5,1,0
5C6T_HL_A__A__A188A,A,5C6T_HL_A,A,N,188,,A,0.3002,0.2626,-8.6738,-8.974,5,5,1,0
1A22_A_B__A__A48A,A,1A22_A_B,A,P,48,,A,1.2683,0.1907,-31.8728,-33.1411,5,5,1,0
1AK4_A_D__A__D89V,A,1AK4_A_D,D,G,89,,V,2.0604,1.0194,-9.0168,-11.0772,5,5,1,0
1BD2_ABC_DE__A__C5F,A,1BD2_ABC_DE,C,Y,5,,F,-2.3499,0.2365,-19.3134,-16.9635,5,5,1,0
1C4Z_ABC_D__A__D94A,A,1C4Z_ABC_D,D,P,94,,A,0.9924,0.1267,-11.3927,-12.3851,5,5,1,0
1CHO_EFG_I__A__I15S,A,1CHO_EFG_I,I,L,15,,S,2.6876,0.0249,-13.8352,-16.5229,5,5,1,0
1CSE_E_I__A__I38D,A,1CSE_E_I,I,L,38,,D,2.8044,0.1106,-14.4081,-17.2125,5,5,1,0
1E50_A_B__A__A103A,A,1E50_A_B,A,T,103,,A,1.7278,0.191,-18.0645,-19.7923,5,5,1,0
1FSS_A_B__A__B33Y,A,1FSS_A_B,B,M,33,,Y,4.0986,1.1923,-13.1942,-17.2928,5,5,1,0
1JRH_LH_I__A__I46F,A,1JRH_LH_I,I,W,46,,F,-0.3041,0.076,-19.4135,-19.1094,5,5,1,0
1K8R_A_B__A__A38E,A,1K8R_A_B,A,D,38,,E,-0.2545,0.0852,-13.009,-12.7545,5,5,1,0
1MHP_HL_A__A__L90Q,A,1MHP_HL_A,L,S,90,,Q,-0.2387,0.0535,-12.3415,-12.1027,5,5,1,0
1PPF_E_I__A__I14M,A,1PPF_E_I,I,P,14,,M,-1.3326,0.079,-20.2912,-18.9586,5,5,1,0
1PPF_E_I__A__I20S,A,1PPF_E_I,I,Y,20,,S,2.9295,0.025,-16.0321,-18.9616,5,5,1,0
1R0R_E_I__A__I10C,A,1R0R_E_I,I,A,10,,C,-0.1377,0.0259,-13.4373,-13.2995,5,5,1,0
1R0R_E_I__A__I16G,A,1R0R_E_I,I,R,16,,G,1.313,0.1342,-12.5058,-13.8188,5,5,1,0
1VFB_AB_C__A__B100A,A,1VFB_AB_C,B,D,100,,A,2.8505,0.0162,-13.7176,-16.5681,5,5,1,0
2B0U_AB_C__A__C47E,A,2B0U_AB_C,C,F,47,,E,2.0747,0.2122,-22.1731,-24.2478,5,5,1,0
2J0T_A_D__A__D2R,A,2J0T_A_D,D,T,2,,R,3.5439,1.3151,1.1615,-2.3824,5,5,1,0
2PCC_A_B__A__B92A,A,2PCC_A_B,B,K,92,,A,0.2724,0.153,-6.6746,-6.947,5,5,1,0
3BT1_A_U__A__U11A,A,3BT1_A_U,U,D,11,,A,-0.1073,0.0029,-23.5213,-23.414,5,5,1,0
3HFM_HL_Y__A__H33W,A,3HFM_HL_Y,H,Y,33,,W,6.0568,1.6361,-0.2901,-6.3469,5,5,1,0
3M63_A_B__A__A50A,A,3M63_A_B,A,L,50,,A,0.863,0.1112,-9.0128,-9.8758,5,5,1,0
3QDJ_ABC_DE__A__D27W,A,3QDJ_ABC_DE,D,R,27,,W,-0.5075,0.3494,-15.7043,-15.1967,5,5,1,0
3SE3_B_A__A__A116A,A,3SE3_B_A,A,L,116,,A,1.8633,0.0302,-24.5101,-26.3735,5,5,1,0
3SGB_E_I__A__I7P,A,3SGB_E_I,I,K,7,,P,0.4169,0.1793,-11.9738,-12.3907,5,5,1,0
3SGB_E_I__A__I13V,A,3SGB_E_I,I,E,13,,V,-0.5427,1.0426,-12.8803,-12.3376,5,5,1,0
4B0M_A_BM__A__M37A,A,4B0M_A_BM,M,Y,37,,A,0.0055,0.0576,-29.0526,-29.0581,5,5,1,0
4JEU_A_B__A__B215A,A,4JEU_A_B,B,I,215,,A,3.7922,0.2917,-56.2245,-60.0167,5,5,1,0
4P23_CD_AB__A__D75A,A,4P23_CD_AB,D,E,75,,A,-0.1715,0.0264,-17.2509,-17.0795,5,5,1,0
5E9D_AB_CDE__A__E98Y,A,5E9D_AB_CDE,E,A,98,,Y,-0.4313,0.3691,-34.0259,-33.5946,5,5,1,0
1A4Y_A_B__A__B40G,A,1A4Y_A_B,B,K,40,,G,3.8649,0.2392,-30.1919,-34.0567,5,5,1,0
1B2S_A_D__A__D43T,A,1B2S_A_D,D,A,43,,T,0.0643,0.022,-18.4566,-18.5208,5,5,1,0
1C4Z_ABC_D__A__A157A,A,1C4Z_ABC_D,A,M,157,,A,0.7255,1.3638,-13.5933,-14.3188,5,5,1,0
1CHO_EFG_I__A__I14H,A,1CHO_EFG_I,I,T,14,,H,2.2908,1.1226,-14.0972,-16.388,5,5,1,0
1CHO_EFG_I__A__I29P,A,1CHO_EFG_I,I,G,29,,P,0.792,0.3153,-15.8554,-16.6473,5,5,1,0
1DVF_AB_CD__A__A92A,A,1DVF_AB_CD,A,W,92,,A,1.2016,0.0112,-18.0706,-19.2722,5,5,1,0
1FCC_A_C__A__C35A,A,1FCC_A_C,C,N,35,,A,0.4383,0.0646,-8.5854,-9.0237,5,5,1,0
1JCK_A_B__A__B60A,A,1JCK_A_B,B,N,60,,A,-0.2411,0.0198,-3.3261,-3.085,5,5,1,0
1JTG_A_B__A__B35A,A,1JTG_A_B,B,S,35,,A,-0.136,0.0017,-27.0379,-26.9019,5,5,1,0
1MHP_HL_A__A__H31Q,A,1MHP_HL_A,H,R,31,,Q,1.3379,0.3159,-11.3157,-12.6536,5,5,1,0
1OGA_ABC_DE__A__E49A,A,1OGA_ABC_DE,E,I,49,,A,2.7648,0.2074,-14.6559,-17.4207,5,5,1,0
1PPF_E_I__A__I19K,A,1PPF_E_I,I,E,19,,K,1.3859,0.5893,-17.6089,-18.9948,5,5,1,0
1R0R_E_I__A__I8P,A,1R0R_E_I,I,K,8,,P,0.1884,0.0559,-13.1121,-13.3005,5,5,1,0
1R0R_E_I__A__I14V,A,1R0R_E_I,I,E,14,,V,-0.1833,0.1829,-13.9807,-13.7974,5,5,1,0
1U7F_B_AC__A__B65A,A,1U7F_B_AC,B,R,65,,A,2.5037,0.3223,-32.064,-34.5677,5,5,1,0
2AK4_ABC_DE__A__A151A,A,2AK4_ABC_DE,A,R,151,,A,0.4813,0.0059,-16.4806,-16.9619,5,5,1,0
2G2U_A_B__A__B51A,A,2G2U_A_B,B,Y,51,,A,-0.0492,0.0655,-24.1625,-24.1132,5,5,1,0
2NZ9_DC_A__A__A928A,A,2NZ9_DC_A,A,I,928,,A,0.7735,0.1846,-26.4537,-27.2272,5,5,1,0
3BK3_A_C__A__C28A,A,3BK3_A_C,C,I,28,,A,1.1036,0.0043,-15.7194,-16.823,5,5,1,0
3EQS_A_B__A__B8A,A,3EQS_A_B,B,N,8,,A,0.1688,0.0,-20.1533,-20.3221,5,5,1,0
3KBH_A_E__A__E17A,A,3KBH_A_E,E,Y,17,,A,2.3716,0.353,-4.0334,-6.4049,5,5,1,0
3NVN_B_A__A__A193E,A,3NVN_B_A,A,R,193,,E,3.366,1.714,-17.0443,-20.4103,5,5,1,0
3S9D_A_B__A__A27A,A,3S9D_A_B,A,H,27,,A,0.1038,0.0574,-22.4741,-22.578,5,5,1,0
3SE9_HL_G__A__H106A,A,3SE9_HL_G,H,G,106,,A,-0.8522,0.0,-12.862,-12.0098,5,5,1,0
3SGB_E_I__A__I12K,A,3SGB_E_I,I,L,12,,K,1.2967,0.0442,-11.1091,-12.4058,5,5,1,0
3SGB_E_I__A__I30R,A,3SGB_E_I,I,N,30,,R,-1.2411,0.3129,-13.5021,-12.261,5,5,1,0
4HFK_A_BD__A__D72A,A,4HFK_A_BD,D,T,72,,A,1.3338,0.3885,-21.6235,-22.9572,5,5,1,0
4OFY_A_D__A__D42A,A,4OFY_A_D,D,L,42,,A,2.092,0.9942,-8.44,-10.532,5,5,1,0
5C6T_HL_A__A__A194A,A,5C6T_HL_A,A,E,194,,A,0.0954,0.0063,-8.3553,-8.4507,5,5,1,0
1A4Y_A_B__A__B40Q,A,1A4Y_A_B,B,K,40,,Q,2.572,0.4293,-31.3231,-33.8951,5,5,1,0
1B2U_A_D__A__A27K,A,1B2U_A_D,A,A,27,,K,-0.5892,0.0751,-16.3875,-15.7983,5,5,1,0
1C4Z_ABC_D__A__A158A,A,1C4Z_ABC_D,A,M,158,,A,0.0828,0.0167,-12.4149,-12.4977,5,5,1,0
1CHO_EFG_I__A__I14I,A,1CHO_EFG_I,I,T,14,,I,-0.453,0.838,-16.8514,-16.3984,5,5,1,0
1CHO_EFG_I__A__I29Q,A,1CHO_EFG_I,I,G,29,,Q,2.5213,0.4814,-14.1963,-16.7176,5,5,1,0
1DVF_AB_CD__A__A93A,A,1DVF_AB_CD,A,S,93,,A,0.213,0.0009,-19.0599,-19.2729,5,5,1,0
1FCC_A_C__A__C40A,A,1FCC_A_C,C,D,40,,A,1.2583,0.0468,-7.7694,-9.0277,5,5,1,0
1JCK_A_B__A__B90A,A,1JCK_A_B,B,Y,90,,A,0.2973,0.1787,-2.9172,-3.2144,5,5,1,0
1JTG_A_B__A__B36A,A,1JTG_A_B,B,F,36,,A,1.9805,0.2848,-25.0487,-27.0291,5,5,1,0
1MHP_HL_A__A__H33N,A,1MHP_HL_A,H,T,33,,N,-0.0359,0.4505,-12.2907,-12.2548,5,5,1,0
1OGA_ABC_DE__A__E49G,A,1OGA_ABC_DE,E,I,49,,G,3.3512,0.3483,-14.0695,-17.4207,5,5,1,0
1PPF_E_I__A__I19L,A,1PPF_E_I,I,E,19,,L,1.2873,0.1804,-17.8013,-19.0887,5,5,1,0
1R0R_E_I__A__I8Q,A,1R0R_E_I,I,K,8,,Q,0.5787,0.0168,-12.7211,-13.2998,5,5,1,0
1R0R_E_I__A__I14W,A,1R0R_E_I,I,E,14,,W,1.9199,0.8956,-11.8695,-13.7894,5,5,1,0
1U7F_B_AC__A__B140A,A,1U7F_B_AC,B,D,140,,A,2.097,1.6976,-34.9264,-37.0233,5,5,1,0
2AK4_ABC_DE__A__A154A,A,2AK4_ABC_DE,A,E,154,,A,-0.2229,0.011,-17.1848,-16.9619,5,5,1,0
2G2U_A_B__A__B53A,A,2G2U_A_B,B,Y,53,,A,0.5207,0.0361,-23.4607,-23.9814,5,5,1,0
2NZ9_DC_A__A__A1030A,A,2NZ9_DC_A,A,D,1030,,A,1.2208,0.5965,-25.559,-26.7798,5,5,1,0
3BK3_A_C__A__C28R,A,3BK3_A_C,C,I,28,,R,0.0165,0.1032,-16.8072,-16.8237,5,5,1,0
3EQS_A_B__A__B9A,A,3EQS_A_B,B,L,9,,A,0.013,0.0,-20.3091,-20.3221,5,5,1,0
3KBH_A_E__A__E54A,A,3KBH_A_E,E,S,54,,A,0.3838,0.0056,-5.108,-5.4918,5,5,1,0
3NVN_B_A__A__B186S,A,3NVN_B_A,B,R,186,,S,2.2781,0.3313,-15.4162,-17.6942,5,5,1,0
3S9D_A_B__A__A28A,A,3S9D_A_B,A,D,28,,A,0.4746,0.4797,-23.3689,-23.8435,5,5,1,0
3SE9_HL_G__A__H107A,A,3SE9_HL_G,H,G,107,,A,-0.2556,0.0,-12.2654,-12.0098,5,5,1,0
3SGB_E_I__A__I12M,A,3SGB_E_I,I,L,12,,M,0.4049,0.0422,-12.0512,-12.4561,5,5,1,0
3SGB_E_I__A__I30S,A,3SGB_E_I,I,N,30,,S,0.3544,0.0002,-11.9295,-12.2839,5,5,1,0
4HRN_A_D__A__D17A,A,4HRN_A_D,D,L,17,,A,3.0021,0.0333,-14.8688,-17.8709,5,5,1,0
4OFY_A_D__A__D86A,A,4OFY_A_D,D,Q,86,,A,2.33,0.4527,-7.7987,-10.1287,5,5,1,0
5C6T_HL_A__A__A199A,A,5C6T_HL_A,A,F,199,,A,0.054,0.0445,-8.4619,-8.5159,5,5,1,0
1A4Y_A_B__A__B68A,A,1A4Y_A_B,B,N,68,,A,-0.1797,0.0061,-33.6698,-33.4901,5,5,1,0
1B2U_A_D__A__D36D,A,1B2U_A_D,D,A,36,,D,2.1149,0.3371,-13.9585,-16.0734,5,5,1,0
1C4Z_ABC_D__A__A159A,A,1C4Z_ABC_D,A,I,159,,A,1.056,1.3693,-13.3607,-14.4166,5,5,1,0
1CHO_EFG_I__A__I14K,A,1CHO_EFG_I,I,T,14,,K,-0.1871,0.212,-16.5632,-16.3761,5,5,1,0
1CHO_EFG_I__A__I29R,A,1CHO_EFG_I,I,G,29,,R,4.6234,2.5639,-12.0744,-16.6978,5,5,1,0
1DVF_AB_CD__A__B30A,A,1DVF_AB_CD,B,T,30,,A,0.0081,0.0,-19.2643,-19.2724,5,5,1,0
1FCC_A_C__A__C42A,A,1FCC_A_C,C,E,42,,A,0.7885,0.0053,-8.2317,-9.0203,5,5,1,0
1JCK_A_B__A__B91A,A,1JCK_A_B,B,V,91,,A,1.0192,0.218,-2.0742,-3.0934,5,5,1,0
1JTG_A_B__A__B39A,A,1JTG_A_B,B,S,39,,A,0.1971,0.0046,-26.8035,-27.0006,5,5,1,0
1MHP_HL_A__A__H33V,A,1MHP_HL_A,H,T,33,,V,-0.1864,0.077,-12.3018,-12.1155,5,5,1,0
1OGA_ABC_DE__A__E49L,A,1OGA_ABC_DE,E,I,49,,L,0.6342,0.1992,-16.5213,-17.1555,5,5,1,0
1PPF_E_I__A__I19M,A,1PPF_E_I,I,E,19,,M,1.4002,0.0665,-17.6741,-19.0743,5,5,1,0
1R0R_E_I__A__I8R,A,1R0R_E_I,I,K,8,,R,0.4123,0.0482,-12.8875,-13.2998,5,5,1,0
1R0R_E_I__A__I14Y,A,1R0R_E_I,I,E,14,,Y,2.4921,1.1444,-11.3053,-13.7974,5,5,1,0
1UUZ_A_D__A__A62A,A,1UUZ_A_D,A,H,62,,A,0.9758,0.3288,-17.6102,-18.586,5,5,1,0
2AK4_ABC_DE__A__A155A,A,2AK4_ABC_DE,A,Q,155,,A,0.2505,0.0246,-16.0784,-16.3288,5,5,1,0
2G2U_A_B__A__B71A,A,2G2U_A_B,B,S,71,,A,-0.286,0.111,-24.4985,-24.2125,5,5,1,0
2NZ9_DC_A__A__A1033A,A,2NZ9_DC_A,A,R,1033,,A,1.8373,0.1924,-25.4628,-27.3002,5,5,1,0
3BK3_A_C__A__C37R,A,3BK3_A_C,C,A,37,,R,0.662,0.579,-16.4488,-17.1109,5,5,1,0
3EQS_A_B__A__B10A,A,3EQS_A_B,B,L,10,,A,3.2292,0.1417,-17.3116,-20.5408,5,5,1,0
3KBH_A_E__A__E54T,A,3KBH_A_E,E,S,54,,T,2.1863,0.6162,-3.6618,-5.8481,5,5,1,0
3NVQ_B_A__A__A157E,A,3NVQ_B_A,A,R,157,,E,2.5894,1.2678,-13.6438,-16.2331,5,5,1,0
3S9D_A_B__A__A116G,A,3S9D_A_B,A,A,116,,G,0.7024,0.0,-21.9235,-22.6259,5,5,1,0
3SE9_HL_G__A__H109A,A,3SE9_HL_G,H,G,109,,A,0.1533,0.0,-11.8565,-12.0098,5,5,1,0
3SGB_E_I__A__I12N,A,3SGB_E_I,I,L,12,,N,3.1624,0.0428,-9.2412,-12.4035,5,5,1,0
3SGB_E_I__A__I30T,A,3SGB_E_I,I,N,30,,T,-0.1821,0.001,-12.466,-12.2839,5,5,1,0
4HRN_A_D__A__D43A,A,4HRN_A_D,D,S,43,,A,-0.1502,0.0014,-18.0182,-17.868,5,5,1,0
4OFY_A_D__A__D96A,A,4OFY_A_D,D,R,96,,A,4.4142,0.2518,-4.9939,-9.4081,5,5,1,0
5C6T_HL_A__A__A200A,A,5C6T_HL_A,A,F,200,,A,0.3292,0.0662,-8.0861,-8.4154,5,5,1,0
1A4Y_A_B__A__B84A,A,1A4Y_A_B,B,H,84,,A,1.7294,0.7889,-31.7137,-33.443,5,5,1,0
1B3S_A_D__A__A102H,A,1B3S_A_D,A,A,102,,H,-0.7961,0.0145,-13.3748,-12.5787,5,5,1,0
1C4Z_ABC_D__A__A160A,A,1C4Z_ABC_D,A,T,160,,A,0.6323,0.9961,-12.0609,-12.6932,5,5,1,0
1CHO_EFG_I__A__I14L,A,1CHO_EFG_I,I,T,14,,L,-0.8187,0.2391,-17.1832,-16.3645,5,5,1,0
1CHO_EFG_I__A__I29S,A,1CHO_EFG_I,I,G,29,,S,1.4966,0.0389,-15.1632,-16.6598,5,5,1,0
1DVF_AB_CD__A__B32A,A,1DVF_AB_CD,B,Y,32,,A,0.6763,0.6165,-18.7435,-19.4198,5,5,1,0
1FCC_A_C__A__C43A,A,1FCC_A_C,C,W,43,,A,1.4843,0.3148,-7.5438,-9.0281,5,5,1,0
1JCK_A_B__A__B102A,A,1JCK_A_B,B,G,102,,A,0.1834,0.0101,-2.9095,-3.0929,5,5,1,0
1JTG_A_B__A__B48A,A,1JTG_A_B,B,G,48,,A,3.339,0.0069,-23.5613,-26.9003,5,5,1,0
1MHP_HL_A__A__H52M,A,1MHP_HL_A,H,S,52,,M,-0.16,0.2777,-12.5493,-12.3893,5,5,1,0
1OGA_ABC_DE__A__E49N,A,1OGA_ABC_DE,E,I,49,,N,1.2259,0.2936,-16.1948,-17.4207,5,5,1,0
1PPF_E_I__A__I19N,A,1PPF_E_I,I,E,19,,N,0.8847,0.1606,-18.0713,-18.9561,5,5,1,0
1R0R_E_I__A__I8S,A,1R0R_E_I,I,K,8,,S,1.0737,0.0004,-12.2261,-13.2998,5,5,1,0
1R0R_E_I__A__I15A,A,1R0R_E_I,I,Y,15,,A,1.5607,0.0425,-11.7432,-13.3039,5,5,1,0
1UUZ_A_D__A__A62D,A,1UUZ_A_D,A,H,62,,D,1.1945,0.1399,-17.3596,-18.5542,5,5,1,0
2AK4_ABC_DE__A__A157A,A,2AK4_ABC_DE,A,R,157,,A,1.6381,0.6096,-15.6751,-17.3131,5,5,1,0
2G2U_A_B__A__B73A,A,2G2U_A_B,B,E,73,,A,0.9122,0.488,-22.9588,-23.8711,5,5,1,0
2NZ9_DC_A__A__A1035A,A,2NZ9_DC_A,A,T,1035,,A,1.2968,0.1906,-25.9344,-27.2312,5,5,1,0
3BN9_B_CD__A__B26A,A,3BN9_B_CD,B,I,26,,A,0.0001,0.0013,-20.585,-20.5851,5,5,1,0
3EQS_A_B__A__B11A,A,3EQS_A_B,B,S,11,,A,-0.6064,0.2125,-21.0347,-20.4283,5,5,1,0
3KUD_A_B__A__B16R,A,3KUD_A_B,B,N,16,,R,-1.9427,0.3361,-12.1167,-10.1741,5,5,1,0
3NVQ_B_A__A__A159E,A,3NVQ_B_A,A,R,159,,E,4.1792,0.297,-12.4544,-16.6337,5,5,1,0
3S9D_A_B__A__A116M,A,3S9D_A_B,A,A,116,,M,-0.0303,0.5281,-22.7933,-22.7631,5,5,1,0
3SE9_HL_G__A__L3A,A,3SE9_HL_G,L,V,3,,A,0.1017,0.0915,-11.8624,-11.9641,5,5,1,0
3SGB_E_I__A__I12P,A,3SGB_E_I,I,L,12,,P,1.3351,1.5137,-11.1128,-12.4479,5,5,1,0
3SGB_E_I__A__I30V,A,3SGB_E_I,I,N,30,,V,-0.1062,0.0021,-12.3901,-12.2839,5,5,1,0
4HRN_A_D__A__D44A,A,4HRN_A_D,D,V,44,,A,1.9366,0.0005,-15.9344,-17.871,5,5,1,0
4OZG_ABJ_GH__A__G29A,A,4OZG_ABJ_GH,G,N,29,,A,0.4407,0.0003,-26.4861,-26.9268,5,5,1,0
5C6T_HL_A__A__A201A,A,5C6T_HL_A,A,I,201,,A,1.5018,0.0441,-6.9622,-8.4641,5,5,1,0
1A4Y_A_B__A__B89A,A,1A4Y_A_B,B,W,89,,A,3.0324,0.029,-30.5497,-33.5821,5,5,1,0
1B3S_A_D__A__D30Y,A,1B3S_A_D,D,F,30,,Y,0.0267,0.0264,-12.5615,-12.5882,5,5,1,0
1C4Z_ABC_D__A__A164A,A,1C4Z_ABC_D,A,S,164,,A,-0.3305,0.0052,-12.6995,-12.369,5,5,1,0
1CHO_EFG_I__A__I14M,A,1CHO_EFG_I,I,T,14,,M,-0.9579,0.1144,-17.3627,-16.4048,5,5,1,0
1CHO_EFG_I__A__I29T,A,1CHO_EFG_I,I,G,29,,T,3.5389,0.5747,-13.0924,-16.6313,5,5,1,0
1DVF_AB_CD__A__B52A,A,1DVF_AB_CD,B,W,52,,A,2.4733,0.2142,-16.8954,-19.3687,5,5,1,0
1FFW_A_B__A__A89V,A,1FFW_A_B,A,A,89,,V,-0.3403,0.091,-15.1189,-14.7786,5,5,1,0
1JCK_A_B__A__B103A,A,1JCK_A_B,B,K,103,,A,-1.4304,0.0865,-4.5132,-3.0828,5,5,1,0
1JTG_A_B__A__B49A,A,1JTG_A_B,B,D,49,,A,3.7357,0.2791,-21.7287,-25.4645,5,5,1,0
1MHP_HL_A__A__H53A,A,1MHP_HL_A,H,G,53,,A,-0.5509,0.2815,-12.7888,-12.2379,5,5,1,0
1OGA_ABC_DE__A__E49V,A,1OGA_ABC_DE,E,I,49,,V,0.5153,0.004,-16.5993,-17.1146,5,5,1,0
1PPF_E_I__A__I19P,A,1PPF_E_I,I,E,19,,P,0.6135,0.1545,-18.3453,-18.9588,5,5,1,0
1R0R_E_I__A__I8T,A,1R0R_E_I,I,K,8,,T,0.9324,0.0641,-12.3674,-13.2998,5,5,1,0
1R0R_E_I__A__I15C,A,1R0R_E_I,I,Y,15,,C,1.3842,0.0302,-11.9317,-13.3159,5,5,1,0
1UUZ_A_D__A__A62N,A,1UUZ_A_D,A,H,62,,N,0.1233,0.0724,-18.4516,-18.5749,5,5,1,0
2AK4_ABC_DE__A__A158G,A,2AK4_ABC_DE,A,A,158,,G,1.1762,0.0751,-15.8268,-17.003,5,5,1,0
2G2U_A_B__A__B73M,A,2G2U_A_B,B,E,73,,M,1.1624,0.4257,-22.733,-23.8954,5,5,1,0
2NZ9_DC_A__A__A1036A,A,2NZ9_DC_A,A,H,1036,,A,5.3207,0.0542,-21.641,-26.9617,5,5,1,0
3BN9_B_CD__A__B45A,A,3BN9_B_CD,B,I,45,,A,0.3807,0.0165,-20.2246,-20.6053,5,5,1,0
3EQY_A_C__A__C1A,A,3EQY_A_C,C,T,1,,A,-0.0057,0.0166,-19.8051,-19.7994,5,5,1,0
3KUD_A_B__A__B30A,A,3KUD_A_B,B,K,30,,A,0.3581,0.9836,-10.9001,-11.2582,5,5,1,0
3Q3J_A_B__A__B100F,A,3Q3J_A_B,B,Y,100,,F,-0.2686,0.0107,-15.3443,-15.0757,5,5,1,0
3S9D_A_B__A__A119A,A,3S9D_A_B,A,M,119,,A,1.5993,0.0451,-21.2764,-22.8757,5,5,1,0
3SE9_HL_G__A__L89A,A,3SE9_HL_G,L,L,89,,A,1.2071,0.2001,-13.4211,-14.6282,5,5,1,0
3SGB_E_I__A__I12Q,A,3SGB_E_I,I,L,12,,Q,2.3524,0.046,-10.0903,-12.4427,5,5,1,0
3SGB_E_I__A__I30W,A,3SGB_E_I,I,N,30,,W,-1.9731,0.1795,-14.2379,-12.2648,5,5,1,0
4HRN_A_D__A__D47A,A,4HRN_A_D,D,F,47,,A,2.6035,0.108,-15.2798,-17.8833,5,5,1,0
4OZG_ABJ_GH__A__G31A,A,4OZG_ABJ_GH,G,Y,31,,A,2.4291,0.3545,-24.7649,-27.194,5,5,1,0
5C6T_HL_A__A__H31S,A,5C6T_HL_A,H,R,31,,S,1.4954,0.1587,-7.3958,-8.8912,5,5,1,0
1A4Y_A_B__A__B108A,A,1A4Y_A_B,B,E,108,,A,1.7274,0.2572,-31.9214,-33.6488,5,5,1,0
1B41_A_B__A__B8V,A,1B41_A_B,B,T,8,,V,-2.08,0.0525,-28.6079,-26.5279,5,5,1,0
1C4Z_ABC_D__A__A166A,A,1C4Z_ABC_D,A,T,166,,A,0.0632,0.0002,-12.3106,-12.3738,5,5,1,0
1CHO_EFG_I__A__I14N,A,1CHO_EFG_I,I,T,14,,N,0.7002,0.1342,-15.6664,-16.3666,5,5,1,0
1CHO_EFG_I__A__I29V,A,1CHO_EFG_I,I,G,29,,V,3.815,0.5369,-12.8736,-16.6886,5,5,1,0
1DVF_AB_CD__A__B54A,A,1DVF_AB_CD,B,D,54,,A,3.197,0.1014,-17.4652,-20.6622,5,5,1,0
1FFW_A_B__A__A102V,A,1FFW_A_B,A,A,102,,V,1.4793,0.0604,-13.314,-14.7934,5,5,1,0
1JCK_A_B__A__B176A,A,1JCK_A_B,B,F,176,,A,0.5623,0.6413,-2.2822,-2.8444,5,5,1,0
1JTG_A_B__A__B50A,A,1JTG_A_B,B,Y,50,,A,4.3989,0.1684,-22.7613,-27.1602,5,5,1,0
1MHP_HL_A__A__H53N,A,1MHP_HL_A,H,G,53,,N,0.0466,0.4715,-12.1565,-12.2031,5,5,1,0
1OGA_ABC_DE__A__E51A,A,1OGA_ABC_DE,E,N,51,,A,1.5254,0.4288,-15.6988,-17.2243,5,5,1,0
1PPF_E_I__A__I19Q,A,1PPF_E_I,I,E,19,,Q,1.4178,0.1692,-17.6615,-19.0794,5,5,1,0
1R0R_E_I__A__I8V,A,1R0R_E_I,I,K,8,,V,1.9067,0.5726,-11.3931,-13.2998,5,5,1,0
1R0R_E_I__A__I15D,A,1R0R_E_I,I,Y,15,,D,1.6191,1.3501,-12.2682,-13.8873,5,5,1,0
1UUZ_A_D__A__A62Q,A,1UUZ_A_D,A,H,62,,Q,0.507,0.149,-18.0821,-18.5891,5,5,1,0
2AK4_ABC_DE__A__A161A,A,2AK4_ABC_DE,A,E,161,,A,0.1347,0.6106,-17.1227,-17.2574,5,5,1,0
2G2U_A_B__A__B74A,A,2G2U_A_B,B,K,74,,A,1.087,0.2558,-22.9922,-24.0791,5,5,1,0
2NZ9_DC_A__A__A1266A,A,2NZ9_DC_A,A,R,1266,,A,0.9453,0.4534,-26.9242,-27.8695,5,5,1,0
3BN9_B_CD__A__B46A,A,3BN9_B_CD,B,D,46,,A,0.0661,0.0,-20.525,-20.5911,5,5,1,0
3EQY_A_C__A__C2A,A,3EQY_A_C,C,S,2,,A,-0.2766,0.0081,-19.9705,-19.6938,5,5,1,0
3LB6_A_C__A__A10A,A,3LB6_A_C,A,I,10,,A,0.7001,0.018,-22.0822,-22.7823,5,5,1,0
3Q8D_A_E__A__A131A,A,3Q8D_A_E,A,R,131,,A,0.9748,0.5517,-2.6529,-3.6277,5,5,1,0
3S9D_A_B__A__A120A,A,3S9D_A_B,A,R,120,,A,2.0674,0.1899,-21.5954,-23.6628,5,5,1,0
3SE9_HL_G__A__L90A,A,3SE9_HL_G,L,E,90,,A,1.5915,0.1983,-11.9783,-13.5697,5,5,1,0
3SGB_E_I__A__I12R,A,3SGB_E_I,I,L,12,,R,0.1243,0.4117,-12.2898,-12.4141,5,5,1,0
3SGB_E_I__A__I30Y,A,3SGB_E_I,I,N,30,,Y,-0.9988,0.0288,-13.2597,-12.261,5,5,1,0
4HSA_AB_C__A__A58I,A,4HSA_AB_C,A,Y,58,,I,0.6925,0.0177,-46.4138,-47.1063,5,5,1,0
4OZG_ABJ_GH__A__G50A,A,4OZG_ABJ_GH,G,L,50,,A,1.7703,0.2246,-25.7261,-27.4964,5,5,1,0
5C6T_HL_A__A__H32A,A,5C6T_HL_A,H,S,32,,A,-1.0086,0.4881,-10.1423,-9.1337,5,5,1,0
1A4Y_A_B__A__B114A,A,1A4Y_A_B,B,H,114,,A,1.534,0.2824,-32.1709,-33.7049,5,5,1,0
1B41_A_B__A__B9I,A,1B41_A_B,B,T,9,,I,-1.2716,0.1007,-27.7853,-26.5137,5,5,1,0
1C4Z_ABC_D__A__A174A,A,1C4Z_ABC_D,A,M,174,,A,0.0824,0.0965,-12.3155,-12.398,5,5,1,0
1CHO_EFG_I__A__I14P,A,1CHO_EFG_I,I,T,14,,P,-0.8047,0.21,-17.0774,-16.2727,5,5,1,0
1CHO_EFG_I__A__I29W,A,1CHO_EFG_I,I,G,29,,W,2.7721,1.7663,-13.9857,-16.7578,5,5,1,0
1DVF_AB_CD__A__B56A,A,1DVF_AB_CD,B,N,56,,A,-0.341,0.1403,-20.8186,-20.4776,5,5,1,0
1FFW_A_B__A__A105W,A,1FFW_A_B,A,Y,105,,W,0.348,0.2353,-14.5698,-14.9178,5,5,1,0
1JCK_A_B__A__B210A,A,1JCK_A_B,B,Q,210,,A,0.5016,0.0783,-4.025,-4.5266,5,5,1,0
1JTG_A_B__A__B51A,A,1JTG_A_B,B,Y,51,,A,1.6358,0.6704,-25.1925,-26.8283,5,5,1,0
1MHP_HL_A__A__H53S,A,1MHP_HL_A,H,G,53,,S,0.3436,0.2813,-11.8924,-12.2359,5,5,1,0
1OGA_ABC_DE__A__E51D,A,1OGA_ABC_DE,E,N,51,,D,1.1364,0.191,-16.1116,-17.2481,5,5,1,0
1PPF_E_I__A__I19R,A,1PPF_E_I,I,E,19,,R,0.9374,0.6128,-18.0775,-19.0149,5,5,1,0
1R0R_E_I__A__I8W,A,1R0R_E_I,I,K,8,,W,0.2167,0.2179,-13.0831,-13.2998,5,5,1,0
1R0R_E_I__A__I15E,A,1R0R_E_I,I,Y,15,,E,1.6624,0.0795,-11.6467,-13.3092,5,5,1,0
1UUZ_A_D__A__A64A,A,1UUZ_A_D,A,C,64,,A,-0.324,0.0891,-18.958,-18.6339,5,5,1,0
2AK4_ABC_DE__A__A163A,A,2AK4_ABC_DE,A,L,163,,A,0.6303,0.1011,-16.2246,-16.855,5,5,1,0
2G2U_A_B__A__B112A,A,2G2U_A_B,B,W,112,,A,1.9507,0.3712,-22.5777,-24.5285,5,5,1,0
2O3B_A_B__A__B24A,A,2O3B_A_B,B,E,24,,A,2.8349,0.8036,-16.2044,-19.0393,5,5,1,0
3BN9_B_CD__A__B47A,A,3BN9_B_CD,B,D,47,,A,2.4943,0.1858,-18.2823,-20.7766,5,5,1,0
3EQY_A_C__A__C3A,A,3EQY_A_C,C,F,3,,A,3.6365,0.1395,-16.2948,-19.9313,5,5,1,0
3LB6_A_C__A__A100A,A,3LB6_A_C,A,K,100,,A,1.1274,0.081,-21.704,-22.8315,5,5,1,0
3Q8D_A_E__A__A209A,A,3Q8D_A_E,A,R,209,,A,0.126,0.0732,-3.9704,-4.0964,5,5,1,0
3S9D_A_B__A__A123A,A,3S9D_A_B,A,S,123,,A,0.0411,0.3287,-23.1618,-23.2029,5,5,1,0
3SE9_HL_G__A__L91A,A,3SE9_HL_G,L,F,91,,A,0.6724,0.3148,-12.6142,-13.2866,5,5,1,0
3SGB_E_I__A__I12S,A,3SGB_E_I,I,L,12,,S,3.6831,0.2242,-8.7709,-12.454,5,5,1,0
3SZK_AB_C__A__C40A,A,3SZK_AB_C,C,Y,40,,A,0.3953,0.0092,-15.084,-15.4793,5,5,1,0
4HSA_AB_C__A__A59S,A,4HSA_AB_C,A,H,59,,S,1.0148,0.0378,-46.3424,-47.3572,5,5,1,0
4OZG_ABJ_GH__A__H46F,A,4OZG_ABJ_GH,H,Y,46,,F,0.7251,0.123,-26.2003,-26.9254,5,5,1,0
5C6T_HL_A__A__H97A,A,5C6T_HL_A,H,N,97,,A,1.1824,0.0416,-7.0242,-8.2066,5,5,1,0
1ACB_E_I__A__I38D,A,1ACB_E_I,I,L,38,,D,3.6606,0.0849,-12.3144,-15.9749,5,5,1,0
1B41_A_B__A__B9N,A,1B41_A_B,B,T,9,,N,0.5809,0.3641,-25.8117,-26.3926,5,5,1,0
1C4Z_ABC_D__A__A198L,A,1C4Z_ABC_D,A,Y,198,,L,0.0292,0.0045,-12.3445,-12.3737,5,5,1,0
1CHO_EFG_I__A__I14Q,A,1CHO_EFG_I,I,T,14,,Q,-0.3619,0.1026,-16.7285,-16.3666,5,5,1,0
1CHO_EFG_I__A__I29Y,A,1CHO_EFG_I,I,G,29,,Y,4.8311,4.5078,-11.8849,-16.716,5,5,1,0
1DVF_AB_CD__A__B58A,A,1DVF_AB_CD,B,D,58,,A,1.2042,0.0084,-18.0838,-19.288,5,5,1,0
1FFW_A_B__A__B20A,A,1FFW_A_B,B,E,20,,A,2.1768,0.0997,-12.7186,-14.8954,5,5,1,0
1JRH_LH_I__A__H32A,A,1JRH_LH_I,H,Y,32,,A,0.9802,0.0808,-18.2294,-19.2096,5,5,1,0
1JTG_A_B__A__B53A,A,1JTG_A_B,B,Y,53,,A,2.1684,0.1543,-24.9391,-27.1075,5,5,1,0
1MHP_HL_A__A__H54I,A,1MHP_HL_A,H,G,54,,I,-1.271,0.2114,-13.4292,-12.1582,5,5,1,0
1OGA_ABC_DE__A__E52A,A,1OGA_ABC_DE,E,D,52,,A,0.6813,0.0,-16.4333,-17.1146,5,5,1,0
1PPF_E_I__A__I19S,A,1PPF_E_I,I,E,19,,S,1.3215,0.2411,-17.6373,-18.9588,5,5,1,0
1R0R_E_I__A__I8Y,A,1R0R_E_I,I,K,8,,Y,-0.4815,0.3618,-13.7813,-13.2998,5,5,1,0
1R0R_E_I__A__I15F,A,1R0R_E_I,I,Y,15,,F,0.1714,0.0356,-13.1446,-13.3159,5,5,1,0
1VFB_AB_C__A__A30A,A,1VFB_AB_C,A,H,30,,A,-0.2801,0.0841,-15.633,-15.3529,5,5,1,0
2AK4_ABC_DE__A__C4A,A,2AK4_ABC_DE,C,P,4,,A,0.9172,0.0781,-15.9525,-16.8697,5,5,1,0
2G2U_A_B__A__B113A,A,2G2U_A_B,B,S,113,,A,-0.2453,0.0004,-24.2356,-23.9903,5,5,1,0
2O3B_A_B__A__B24D,A,2O3B_A_B,B,E,24,,D,1.5464,0.0123,-16.5842,-18.1306,5,5,1,0
3BN9_B_CD__A__B48A,A,3BN9_B_CD,B,R,48,,A,0.8166,0.0695,-19.9573,-20.7739,5,5,1,0
3EQY_A_C__A__C6A,A,3EQY_A_C,C,Y,6,,A,1.0573,0.0959,-18.8643,-19.9216,5,5,1,0
3LB6_A_C__A__A101A,A,3LB6_A_C,A,K,101,,A,0.5593,0.2538,-22.3037,-22.8631,5,5,1,0
3Q8D_A_E__A__A209E,A,3Q8D_A_E,A,R,209,,E,-0.4394,0.224,-4.5337,-4.0943,5,5,1,0
3S9D_A_B__A__A124A,A,3S9D_A_B,A,L,124,,A,0.7916,0.365,-22.3977,-23.1892,5,5,1,0
3SEK_B_C__A__C11E,A,3SEK_B_C,C,L,11,,E,1.2337,0.6032,-31.4467,-32.6804,5,5,1,0
3SGB_E_I__A__I12T,A,3SGB_E_I,I,L,12,,T,2.1414,0.3325,-10.3126,-12.454,5,5,1,0
3SZK_AB_C__A__C41A,A,3SZK_AB_C,C,Y,41,,A,1.6904,0.7565,-13.5339,-15.2243,5,5,1,0
4I77_HL_Z__A__H52A,A,4I77_HL_Z,H,W,52,,A,2.0179,0.6422,-14.4101,-16.428,5,5,1,0
4OZG_ABJ_GH__A__H48A,A,4OZG_ABJ_GH,H,Q,48,,A,0.8143,0.0278,-26.1279,-26.9422,5,5,1,0
5C6T_HL_A__A__H98A,A,5C6T_HL_A,H,Y,98,,A,1.3541,0.029,-7.595,-8.9491,5,5,1,0
1ACB_E_I__A__I38E,A,1ACB_E_I,I,L,38,,E,3.717,0.1154,-12.2835,-16.0004,5,5,1,0
1B41_A_B__A__B11K,A,1B41_A_B,B,R,11,,K,1.458,0.6552,-26.0313,-27.4893,5,5,1,0
1C4Z_ABC_D__A__D1A,A,1C4Z_ABC_D,D,S,1,,A,-0.3004,0.0,-12.6743,-12.3739,5,5,1,0
1CHO_EFG_I__A__I14R,A,1CHO_EFG_I,I,T,14,,R,-0.0404,0.2486,-16.4384,-16.398,5,5,1,0
1CHO_EFG_I__A__I33A,A,1CHO_EFG_I,I,N,33,,A,0.905,0.1446,-15.3636,-16.2686,5,5,1,0
1DVF_AB_CD__A__B99A,A,1DVF_AB_CD,B,R,99,,A,0.9639,0.0849,-18.4757,-19.4396,5,5,1,0
1FFW_A_B__A__B23A,A,1FFW_A_B,B,H,23,,A,1.3117,0.0627,-13.4669,-14.7785,5,5,1,0
1JRH_LH_I__A__H54A,A,1JRH_LH_I,H,W,54,,A,1.733,0.1089,-17.5777,-19.3107,5,5,1,0
1JTG_A_B__A__B71A,A,1JTG_A_B,B,S,71,,A,0.8897,0.0895,-26.0438,-26.9335,5,5,1,0
1MHP_HL_A__A__H54T,A,1MHP_HL_A,H,G,54,,T,-0.7072,0.1561,-12.8599,-12.1527,5,5,1,0
1OGA_ABC_DE__A__E54A,A,1OGA_ABC_DE,E,Q,54,,A,0.3807,0.2362,-16.8721,-17.2528,5,5,1,0
1PPF_E_I__A__I19T,A,1PPF_E_I,I,E,19,,T,1.6317,0.0938,-17.461,-19.0926,5,5,1,0
1R0R_E_I__A__I9A,A,1R0R_E_I,I,P,9,,A,0.9044,0.0129,-12.3866,-13.291,5,5,1,0
1R0R_E_I__A__I15G,A,1R0R_E_I,I,Y,15,,G,3.0302,0.0637,-11.741,-14.7712,5,5,1,0
1VFB_AB_C__A__A32A,A,1VFB_AB_C,A,Y,32,,A,2.3673,0.3458,-13.4565,-15.8238,5,5,1,0
2AK4_ABC_DE__A__C5A,A,2AK4_ABC_DE,C,L,5,,A,-0.0355,0.1494,-17.0108,-16.9753,5,5,1,0
2G2U_A_B__A__B142A,A,2G2U_A_B,B,F,142,,A,2.4961,0.4092,-21.7273,-24.2234,5,5,1,0
2O3B_A_B__A__B24Q,A,2O3B_A_B,B,E,24,,Q,2.505,0.8284,-16.1138,-18.6188,5,5,1,0
3BN9_B_CD__A__B90A,A,3BN9_B_CD,B,N,90,,A,1.7277,0.0234,-18.8671,-20.5948,5,5,1,0
3EQY_A_C__A__C7A,A,3EQY_A_C,C,W,7,,A,5.5496,0.0944,-14.2237,-19.7733,5,5,1,0
3LB6_A_C__A__A103A,A,3LB6_A_C,A,F,103,,A,2.2002,0.1992,-21.9897,-24.1899,5,5,1,0
3Q8D_A_E__A__A227A,A,3Q8D_A_E,A,F,227,,A,1.01,0.0419,-3.1775,-4.1875,5,5,1,0
3S9D_A_B__A__A127A,A,3S9D_A_B,A,N,127,,A,0.0131,0.0149,-22.6298,-22.6429,5,5,1,0
3SEK_B_C__A__C44A,A,3SEK_B_C,C,L,44,,A,1.301,0.1531,-31.3486,-32.6496,5,5,1,0
3SGB_E_I__A__I12V,A,3SGB_E_I,I,L,12,,V,1.2633,0.8723,-11.1907,-12.454,5,5,1,0
3SZK_AB_C__A__C43A,A,3SZK_AB_C,C,F,43,,A,0.4803,0.0208,-15.0089,-15.4891,5,5,1,0
4I77_HL_Z__A__H52F,A,4I77_HL_Z,H,W,52,,F,1.6055,0.6558,-14.575,-16.1806,5,5,1,0
4OZG_ABJ_GH__A__H50A,A,4OZG_ABJ_GH,H,N,50,,A,-0.0068,0.007,-26.927,-26.9202,5,5,1,0
5C6T_HL_A__A__H99A,A,5C6T_HL_A,H,F,99,,A,3.3733,0.1555,-5.0955,-8.4687,5,5,1,0
1ACB_E_I__A__I38G,A,1ACB_E_I,I,L,38,,G,3.8126,0.0676,-12.193,-16.0055,5,5,1,0
1B41_A_B__A__B12S,A,1B41_A_B,B,A,12,,S,0.7251,0.0066,-25.7085,-26.4336,5,5,1,0
1C4Z_ABC_D__A__D2A,A,1C4Z_ABC_D,D,R,2,,A,1.9476,0.0673,-10.4321,-12.3797,5,5,1,0
1CHO_EFG_I__A__I14S,A,1CHO_EFG_I,I,T,14,,S,0.9396,0.1827,-15.3688,-16.3084,5,5,1,0
1CHO_EFG_I__A__I33C,A,1CHO_EFG_I,I,N,33,,C,0.3234,0.0366,-15.9451,-16.2686,5,5,1,0
1DVF_AB_CD__A__B100A,A,1DVF_AB_CD,B,D,100,,A,3.4301,0.2129,-16.0653,-19.4954,5,5,1,0
1FFW_A_B__A__B49A,A,1FFW_A_B,B,D,49,,A,0.3061,0.2765,-14.5034,-14.8096,5,5,1,0
1JRH_LH_I__A__H55A,A,1JRH_LH_I,H,W,55,,A,1.0937,0.0792,-18.0005,-19.0942,5,5,1,0
1JTG_A_B__A__B73A,A,1JTG_A_B,B,E,73,,A,2.2217,0.1001,-24.8253,-27.047,5,5,1,0
1MHP_HL_A__A__H54Y,A,1MHP_HL_A,H,G,54,,Y,-1.0917,0.1601,-13.246,-12.1543,5,5,1,0
1OGA_ABC_DE__A__E54E,A,1OGA_ABC_DE,E,Q,54,,E,-0.1792,0.0109,-17.3044,-17.1251,5,5,1,0
1PPF_E_I__A__I19V,A,1PPF_E_I,I,E,19,,V,1.2259,0.0683,-17.8484,-19.0743,5,5,1,0
1R0R_E_I__A__I9C,A,1R0R_E_I,I,P,9,,C,0.1664,0.0219,-13.1247,-13.291,5,5,1,0
1R0R_E_I__A__I15H,A,1R0R_E_I,I,Y,15,,H,1.2662,0.0201,-12.0447,-13.3108,5,5,1,0
1VFB_AB_C__A__A32W,A,1VFB_AB_C,A,Y,32,,W,-0.6676,0.6796,-16.8006,-16.1329,5,5,1,0
2AK4_ABC_DE__A__C6A,A,2AK4_ABC_DE,C,P,6,,A,0.4768,0.2545,-16.6067,-17.0835,5,5,1,0
2G2U_A_B__A__B143A,A,2G2U_A_B,B,Y,143,,A,0.5787,0.1491,-23.6665,-24.2452,5,5,1,0
2O3B_A_B__A__B74A,A,2O3B_A_B,B,Q,74,,A,1.2753,0.6392,-17.2983,-18.5736,5,5,1,0
3BN9_B_CD__A__B91A,A,3BN9_B_CD,B,D,91,,A,1.9834,0.2647,-18.7759,-20.7593,5,5,1,0
3EQY_A_C__A__C10A,A,3EQY_A_C,C,L,10,,A,2.9568,0.2594,-17.2061,-20.1629,5,5,1,0
3M62_A_B__A__A32A,A,3M62_A_B,A,E,32,,A,0.723,0.3274,-12.6943,-13.4173,5,5,1,0
3Q8D_A_E__A__A227D,A,3Q8D_A_E,A,F,227,,D,1.5978,0.0448,-2.5897,-4.1875,5,5,1,0
3S9D_A_B__A__B33A,A,3S9D_A_B,B,T,33,,A,1.6442,0.0002,-20.9817,-22.6259,5,5,1,0
3SEK_B_C__A__C44E,A,3SEK_B_C,C,L,44,,E,1.5752,0.0815,-31.0744,-32.6496,5,5,1,0
3SGB_E_I__A__I12W,A,3SGB_E_I,I,L,12,,W,4.3246,0.838,-8.0872,-12.4118,5,5,1,0
3SZK_AB_C__A__C44A,A,3SZK_AB_C,C,F,44,,A,2.8418,0.0867,-12.9199,-15.7617,5,5,1,0
4I77_HL_Z__A__H54A,A,4I77_HL_Z,H,D,54,,A,2.4973,0.0178,-13.3968,-15.8941,5,5,1,0
4OZG_ABJ_GH__A__H94A,A,4OZG_ABJ_GH,H,F,94,,A,2.9588,0.1106,-24.0497,-27.0085,5,5,1,0
5C6T_HL_A__A__H104A,A,5C6T_HL_A,H,Y,104,,A,1.1071,0.32,-7.4566,-8.5637,5,5,1,0
1A22_A_B__A__A51A,A,1A22_A_B,A,S,51,,A,-0.1183,0.0003,-33.2766,-33.1583,5,5,1,0
1AK4_A_D__A__D90A,A,1AK4_A_D,D,P,90,,A,2.1984,0.0006,-8.6828,-10.8813,5,5,1,0
1BD2_ABC_DE__A__C5W,A,1BD2_ABC_DE,C,Y,5,,W,0.1601,0.5792,-17.2708,-17.4309,5,5,1,0
1C4Z_ABC_D__A__D95G,A,1C4Z_ABC_D,D,A,95,,G,0.9281,0.0069,-11.4742,-12.4023,5,5,1,0
1CHO_EFG_I__A__I15T,A,1CHO_EFG_I,I,L,15,,T,2.0615,0.0249,-14.4613,-16.5229,5,5,1,0
1CSE_E_I__A__I38E,A,1CSE_E_I,I,L,38,,E,1.4311,0.0082,-15.1156,-16.5467,5,5,1,0
1E50_A_B__A__B32A,A,1E50_A_B,B,R,32,,A,2.0175,0.4166,-18.3457,-20.3631,5,5,1,0
1FSS_A_B__A__B34T,A,1FSS_A_B,B,V,34,,T,0.8142,0.0011,-16.6768,-17.4909,5,5,1,0
1JRH_LH_I__A__I46Y,A,1JRH_LH_I,I,W,46,,Y,-1.6494,0.0202,-20.7589,-19.1094,5,5,1,0
1K8R_A_B__A__A38N,A,1K8R_A_B,A,D,38,,N,2.0922,0.0834,-10.6557,-12.7479,5,5,1,0
1MHP_HL_A__A__L90R,A,1MHP_HL_A,L,S,90,,R,-2.1295,0.8369,-14.4039,-12.2744,5,5,1,0
1PPF_E_I__A__I14N,A,1PPF_E_I,I,P,14,,N,0.3297,0.0324,-18.6289,-18.9586,5,5,1,0
1PPF_E_I__A__I20T,A,1PPF_E_I,I,Y,20,,T,3.118,0.3454,-15.8452,-18.9632,5,5,1,0
1R0R_E_I__A__I10D,A,1R0R_E_I,I,A,10,,D,2.9966,0.1999,-10.2974,-13.294,5,5,1,0
1R0R_E_I__A__I16H,A,1R0R_E_I,I,R,16,,H,1.4664,0.1966,-12.3076,-13.774,5,5,1,0
1VFB_AB_C__A__B101F,A,1VFB_AB_C,B,Y,101,,F,2.4092,0.1095,-12.8382,-15.2474,5,5,1,0
2B0U_AB_C__A__C51A,A,2B0U_AB_C,C,I,51,,A,2.854,0.4891,-22.257,-25.111,5,5,1,0
2J0T_A_D__A__D2S,A,2J0T_A_D,D,T,2,,S,1.7194,0.1204,-0.6573,-2.3766,5,5,1,0
2REX_A_B__A__A70Y,A,2REX_A_B,A,L,70,,Y,4.3959,1.7726,-10.4694,-14.8653,5,5,1,0
3BT1_A_U__A__U25A,A,3BT1_A_U,U,R,25,,A,-0.0724,0.2539,-23.4846,-23.4122,5,5,1,0
3HFM_HL_Y__A__H50A,A,3HFM_HL_Y,H,Y,50,,A,2.3947,0.3693,-4.3227,-6.7174,5,5,1,0
3M63_A_B__A__A54A,A,3M63_A_B,A,T,54,,A,0.5789,0.0365,-8.974,-9.5528,5,5,1,0
3QDJ_ABC_DE__A__D28I,A,3QDJ_ABC_DE,D,G,28,,I,-2.0871,0.3635,-17.1555,-15.0684,5,5,1,0
3SE3_B_A__A__A117A,A,3SE3_B_A,A,D,117,,A,3.226,0.4377,-23.6961,-26.9221,5,5,1,0
3SGB_E_I__A__I7Q,A,3SGB_E_I,I,K,7,,Q,0.5819,0.1867,-11.7877,-12.3696,5,5,1,0
3SGB_E_I__A__I13W,A,3SGB_E_I,I,E,13,,W,1.5584,1.6159,-10.8197,-12.3781,5,5,1,0
4B0M_A_BM__A__M40A,A,4B0M_A_BM,M,L,40,,A,3.6512,0.0997,-25.456,-29.1072,5,5,1,0
4JFD_ABC_DE__A__C4G,A,4JFD_ABC_DE,C,A,4,,G,1.1457,0.0101,-23.5204,-24.6661,5,5,1,0
4P23_CD_AB__A__D79A,A,4P23_CD_AB,D,R,79,,A,1.9248,0.5162,-15.397,-17.3217,5,5,1,0
5F4E_A_B__A__A50A,A,5F4E_A_B,A,E,50,,A,0.0653,0.1664,-15.4048,-15.4701,5,5,1,0
1ACB_E_I__A__I38I,A,1ACB_E_I,I,L,38,,I,3.4577,0.0302,-12.567,-16.0247,5,5,1,0
1B41_A_B__A__B27F,A,1B41_A_B,B,R,27,,F,1.2286,0.5509,-27.4903,-28.7189,5,5,1,0
1C4Z_ABC_D__A__D2E,A,1C4Z_ABC_D,D,R,2,,E,1.5885,0.9876,-12.9578,-14.5463,5,5,1,0
1CHO_EFG_I__A__I14V,A,1CHO_EFG_I,I,T,14,,V,-0.6582,0.4601,-17.241,-16.5828,5,5,1,0
1CHO_EFG_I__A__I33D,A,1CHO_EFG_I,I,N,33,,D,0.0427,0.1197,-16.2166,-16.2593,5,5,1,0
1DVF_AB_CD__A__B101F,A,1DVF_AB_CD,B,Y,101,,F,0.7605,0.0882,-18.5586,-19.3191,5,5,1,0
1FFW_A_B__A__B55A,A,1FFW_A_B,B,C,55,,A,-0.1627,0.1055,-14.8295,-14.6668,5,5,1,0
1JRH_LH_I__A__H56A,A,1JRH_LH_I,H,D,56,,A,-0.1191,0.1172,-19.2077,-19.0886,5,5,1,0
1JTG_A_B__A__B73M,A,1JTG_A_B,B,E,73,,M,1.0934,0.103,-25.9841,-27.0775,5,5,1,0
1MHP_HL_A__A__H58E,A,1MHP_HL_A,H,Y,58,,E,3.6676,0.2309,-8.6773,-12.3449,5,5,1,0
1OGA_ABC_DE__A__E94A,A,1OGA_ABC_DE,E,R,94,,A,4.8088,0.1237,-12.2501,-17.0589,5,5,1,0
1PPF_E_I__A__I19W,A,1PPF_E_I,I,E,19,,W,2.3973,2.5176,-16.6393,-19.0367,5,5,1,0
1R0R_E_I__A__I9D,A,1R0R_E_I,I,P,9,,D,0.4143,0.2712,-12.8767,-13.291,5,5,1,0
1R0R_E_I__A__I15I,A,1R0R_E_I,I,Y,15,,I,1.1029,1.0456,-13.0891,-14.192,5,5,1,0
1VFB_AB_C__A__A49A,A,1VFB_AB_C,A,Y,49,,A,0.4971,0.0718,-14.8457,-15.3427,5,5,1,0
2AK4_ABC_DE__A__C7A,A,2AK4_ABC_DE,C,Q,7,,A,2.1452,0.0346,-14.8806,-17.0258,5,5,1,0
2G2U_A_B__A__B144A,A,2G2U_A_B,B,R,144,,A,0.9054,0.58,-24.0917,-24.9971,5,5,1,0
2O3B_A_B__A__B75E,A,2O3B_A_B,B,D,75,,E,-0.0004,0.0113,-18.1371,-18.1366,5,5,1,0
3BN9_B_CD__A__B92A,A,3BN9_B_CD,B,F,92,,A,2.3678,0.0385,-18.9346,-21.3024,5,5,1,0
3EQY_A_C__A__C11A,A,3EQY_A_C,C,S,11,,A,0.0704,0.0002,-19.8188,-19.8892,5,5,1,0
3M62_A_B__A__A46A,A,3M62_A_B,A,D,46,,A,0.6483,0.3674,-14.2882,-14.9365,5,5,1,0
3QDG_ABC_DE__A__D26W,A,3QDG_ABC_DE,D,D,26,,W,-2.3252,0.6722,-18.3951,-16.0699,5,5,1,0
3S9D_A_B__A__B35A,A,3S9D_A_B,B,M,35,,A,2.9708,0.0679,-19.8887,-22.8595,5,5,1,0
3SEK_B_C__A__C47A,A,3SEK_B_C,C,F,47,,A,1.2127,0.0087,-31.43,-32.6427,5,5,1,0
3SGB_E_I__A__I12Y,A,3SGB_E_I,I,L,12,,Y,0.4523,0.2138,-12.0178,-12.4701,5,5,1,0
3SZK_AB_C__A__C66A,A,3SZK_AB_C,C,N,66,,A,2.6942,1.0495,-12.6802,-15.3744,5,5,1,0
4I77_HL_Z__A__H100A,A,4I77_HL_Z,H,Y,100,,A,0.7226,0.0093,-15.1072,-15.8298,5,5,1,0
4OZG_ABJ_GH__A__H95A,A,4OZG_ABJ_GH,H,R,95,,A,4.011,0.1984,-22.7389,-26.7499,5,5,1,0
5C6T_HL_A__A__L48A,A,5C6T_HL_A,L,R,48,,A,0.0384,0.0714,-8.8209,-8.8593,5,5,1,0
1ACB_E_I__A__I38P,A,1ACB_E_I,I,L,38,,P,4.9242,0.0385,-11.1269,-16.051,5,5,1,0
1B41_A_B__A__B27M,A,1B41_A_B,B,R,27,,M,1.2546,0.7552,-27.8228,-29.0774,5,5,1,0
1C4Z_ABC_D__A__D3A,A,1C4Z_ABC_D,D,R,3,,A,2.9012,0.5306,-14.0104,-16.9116,5,5,1,0
1CHO_EFG_I__A__I14W,A,1CHO_EFG_I,I,T,14,,W,0.3585,0.923,-16.0823,-16.4408,5,5,1,0
1CHO_EFG_I__A__I33E,A,1CHO_EFG_I,I,N,33,,E,0.9023,0.252,-15.3675,-16.2697,5,5,1,0
1DVF_AB_CD__A__C49A,A,1DVF_AB_CD,C,Y,49,,A,1.4904,0.1039,-19.231,-20.7213,5,5,1,0
1FFW_A_B__A__B56A,A,1FFW_A_B,B,F,56,,A,3.1635,0.0609,-11.7222,-14.8857,5,5,1,0
1JRH_LH_I__A__H58A,A,1JRH_LH_I,H,D,58,,A,0.1026,0.1571,-19.0355,-19.1381,5,5,1,0
1JTG_A_B__A__B74A,A,1JTG_A_B,B,K,74,,A,3.6103,0.1897,-23.3307,-26.9409,5,5,1,0
1MHP_HL_A__A__H58Q,A,1MHP_HL_A,H,Y,58,,Q,3.9842,0.1541,-8.4116,-12.3958,5,5,1,0
1OGA_ABC_DE__A__E94H,A,1OGA_ABC_DE,E,R,94,,H,3.1835,0.4057,-13.8142,-16.9977,5,5,1,0
1PPF_E_I__A__I19Y,A,1PPF_E_I,I,E,19,,Y,2.4401,0.4448,-16.7296,-19.1697,5,5,1,0
1R0R_E_I__A__I9E,A,1R0R_E_I,I,P,9,,E,-1.6054,0.0295,-14.8964,-13.291,5,5,1,0
1R0R_E_I__A__I15K,A,1R0R_E_I,I,Y,15,,K,1.3722,0.0708,-11.9382,-13.3104,5,5,1,0
1VFB_AB_C__A__A50A,A,1VFB_AB_C,A,Y,50,,A,1.8802,0.2241,-14.149,-16.0292,5,5,1,0
2AK4_ABC_DE__A__C9A,A,2AK4_ABC_DE,C,Q,9,,A,0.3717,0.0234,-16.5988,-16.9705,5,5,1,0
2G2U_A_B__A__B148A,A,2G2U_A_B,B,H,148,,A,0.9588,0.318,-23.4242,-24.383,5,5,1,0
2O3B_A_B__A__B75N,A,2O3B_A_B,B,D,75,,N,0.2136,0.0071,-17.92,-18.1336,5,5,1,0
3BN9_B_CD__A__B93A,A,3BN9_B_CD,B,T,93,,A,0.1571,0.0029,-20.3747,-20.5318,5,5,1,0
3EQY_A_C__A__C12A,A,3EQY_A_C,C,P,12,,A,1.9307,0.017,-17.865,-19.7957,5,5,1,0
3M62_A_B__A__A50A,A,3M62_A_B,A,L,50,,A,1.1273,0.6625,-13.603,-14.7302,5,5,1,0
3QDG_ABC_DE__A__D26Y,A,3QDG_ABC_DE,D,D,26,,Y,-2.1969,0.3393,-18.2707,-16.0737,5,5,1,0
3S9D_A_B__A__B35V,A,3S9D_A_B,B,M,35,,V,1.6085,0.3265,-21.7666,-23.3751,5,5,1,0
3SEK_B_C__A__C47E,A,3SEK_B_C,C,F,47,,E,1.3255,0.0462,-31.1045,-32.43,5,5,1,0
3SGB_E_I__A__I13A,A,3SGB_E_I,I,E,13,,A,0.6773,0.0383,-11.6604,-12.3376,5,5,1,0
3SZK_AB_C__A__C69A,A,3SZK_AB_C,C,S,69,,A,-0.0728,0.0536,-15.5829,-15.5101,5,5,1,0
4I77_HL_Z__A__H100F,A,4I77_HL_Z,H,Y,100,,F,-0.2312,0.0125,-16.052,-15.8208,5,5,1,0
4OZG_ABJ_GH__A__H96A,A,4OZG_ABJ_GH,H,F,96,,A,2.1452,0.0553,-24.7017,-26.8469,5,5,1,0
5CXB_A_B__A__B49D,A,5CXB_A_B,B,E,49,,D,1.7731,0.1341,-23.0929,-24.866,5,5,1,0
1ACB_E_I__A__I38S,A,1ACB_E_I,I,L,38,,S,3.4605,0.0422,-12.5892,-16.0497,5,5,1,0
1B41_A_B__A__B27Y,A,1B41_A_B,B,R,27,,Y,1.9208,0.9595,-26.8688,-28.7896,5,5,1,0
1C4Z_ABC_D__A__D3E,A,1C4Z_ABC_D,D,R,3,,E,4.2724,0.5978,-12.8707,-17.1431,5,5,1,0
1CHO_EFG_I__A__I14Y,A,1CHO_EFG_I,I,T,14,,Y,0.0042,0.4512,-16.3605,-16.3647,5,5,1,0
1CHO_EFG_I__A__I33F,A,1CHO_EFG_I,I,N,33,,F,-0.2023,0.6839,-16.4615,-16.2593,5,5,1,0
1DVF_AB_CD__A__D33A,A,1DVF_AB_CD,D,H,33,,A,0.6491,0.0147,-18.6131,-19.2622,5,5,1,0
1FR2_A_B__A__A39E,A,1FR2_A_B,A,A,39,,E,0.1344,0.1216,-26.9388,-27.0732,5,5,1,0
1JRH_LH_I__A__H60A,A,1JRH_LH_I,H,Y,60,,A,1.1605,0.0939,-18.0276,-19.1882,5,5,1,0
1JTG_A_B__A__B112A,A,1JTG_A_B,B,W,112,,A,2.4809,0.0033,-24.4178,-26.8987,5,5,1,0
1MHP_HL_A__A__H58W,A,1MHP_HL_A,H,Y,58,,W,-0.3084,0.0522,-12.6404,-12.332,5,5,1,0
1OGA_ABC_DE__A__E95A,A,1OGA_ABC_DE,E,S,95,,A,0.1822,0.0001,-16.9324,-17.1146,5,5,1,0
1PPF_E_I__A__I20A,A,1PPF_E_I,I,Y,20,,A,2.0916,0.0338,-16.8699,-18.9616,5,5,1,0
1R0R_E_I__A__I9F,A,1R0R_E_I,I,P,9,,F,0.3755,0.0216,-12.9155,-13.291,5,5,1,0
1R0R_E_I__A__I15L,A,1R0R_E_I,I,Y,15,,L,0.2816,0.1412,-13.0298,-13.3114,5,5,1,0
1VFB_AB_C__A__A50K,A,1VFB_AB_C,A,Y,50,,K,1.8377,0.1074,-13.54,-15.3777,5,5,1,0
2AK4_ABC_DE__A__D30A,A,2AK4_ABC_DE,D,T,30,,A,-0.1911,0.1046,-16.976,-16.7849,5,5,1,0
2G2U_A_B__A__B150A,A,2G2U_A_B,B,W,150,,A,1.4246,0.2631,-22.4668,-23.8914,5,5,1,0
2O3B_A_B__A__B76A,A,2O3B_A_B,B,W,76,,A,4.9672,0.1698,-13.3772,-18.3444,5,5,1,0
3BN9_B_CD__A__B141A,A,3BN9_B_CD,B,Y,141,,A,2.0038,0.052,-18.6656,-20.6693,5,5,1,0
3F1S_A_B__A__A33A,A,3F1S_A_B,A,M,33,,A,1.4582,0.5984,-25.6305,-27.0887,5,5,1,0
3M62_A_B__A__A54A,A,3M62_A_B,A,T,54,,A,0.7549,0.0966,-12.7287,-13.4836,5,5,1,0
3QDG_ABC_DE__A__D27P,A,3QDG_ABC_DE,D,R,27,,P,1.0935,0.5252,-14.7183,-15.8118,5,5,1,0
3S9D_A_B__A__B36A,A,3S9D_A_B,B,S,36,,A,-0.5644,0.0009,-23.1623,-22.5979,5,5,1,0
3SF4_A_D__A__A264R,A,3SF4_A_D,A,N,264,,R,0.0776,0.3699,-54.5394,-54.617,5,5,1,0
3SGB_E_I__A__I13C,A,3SGB_E_I,I,E,13,,C,0.2599,1.0763,-12.0778,-12.3376,5,5,1,0
3SZK_AB_C__A__C70A,A,3SZK_AB_C,C,T,70,,A,1.0905,0.5055,-12.9144,-14.0049,5,5,1,0
4I77_HL_Z__A__H101A,A,4I77_HL_Z,H,Y,101,,A,3.1092,0.1821,-12.9529,-16.0621,5,5,1,0
4OZG_ABJ_GH__A__H98A,A,4OZG_ABJ_GH,H,D,98,,A,3.5647,0.5469,-24.1097,-27.6744,5,5,1,0
5CXB_A_B__A__B52Q,A,5CXB_A_B,B,T,52,,Q,0.1973,0.0559,-24.7276,-24.9249,5,5,1,0
1AHW_AB_C__A__C145A,A,1AHW_AB_C,C,Y,145,,A,3.6166,1.2217,-19.509,-23.1256,5,5,1,0
1B41_A_B__A__B29K,A,1B41_A_B,B,H,29,,K,-0.5536,1.0618,-27.5807,-27.0271,5,5,1,0
1C4Z_ABC_D__A__D6A,A,1C4Z_ABC_D,D,K,6,,A,0.7453,1.2014,-14.5116,-15.2569,5,5,1,0
1CHO_EFG_I__A__I15A,A,1CHO_EFG_I,I,L,15,,A,2.6923,0.0258,-13.8022,-16.4945,5,5,1,0
1CHO_EFG_I__A__I33G,A,1CHO_EFG_I,I,N,33,,G,1.2754,0.1454,-14.9932,-16.2686,5,5,1,0
1DVF_AB_CD__A__D52A,A,1DVF_AB_CD,D,D,52,,A,0.2019,0.4793,-19.2827,-19.4846,5,5,1,0
1FSS_A_B__A__B8V,A,1FSS_A_B,B,T,8,,V,-1.8198,0.0096,-19.3125,-17.4927,5,5,1,0
1JRH_LH_I__A__H104A,A,1JRH_LH_I,H,Y,104,,A,1.2877,0.0093,-17.8485,-19.1362,5,5,1,0
1JTG_A_B__A__B113A,A,1JTG_A_B,B,S,113,,A,0.6248,0.0126,-26.3219,-26.9468,5,5,1,0
1MHP_HL_A__A__H100F,A,1MHP_HL_A,H,G,100,,F,1.9607,0.2548,-10.236,-12.1966,5,5,1,0
1OGA_ABC_DE__A__E97A,A,1OGA_ABC_DE,E,Y,97,,A,0.9112,0.0005,-16.2036,-17.1148,5,5,1,0
1PPF_E_I__A__I20C,A,1PPF_E_I,I,Y,20,,C,1.6224,0.0453,-17.3392,-18.9616,5,5,1,0
1R0R_E_I__A__I9G,A,1R0R_E_I,I,P,9,,G,1.3289,0.011,-11.9621,-13.291,5,5,1,0
1R0R_E_I__A__I15M,A,1R0R_E_I,I,Y,15,,M,0.7706,0.0614,-12.5341,-13.3047,5,5,1,0
1VFB_AB_C__A__A50R,A,1VFB_AB_C,A,Y,50,,R,-0.7154,0.8203,-18.0208,-17.3054,5,5,1,0
2AK4_ABC_DE__A__D51A,A,2AK4_ABC_DE,D,N,51,,A,-0.0936,0.0896,-17.1036,-17.01,5,5,1,0
2G2U_A_B__A__B160A,A,2G2U_A_B,B,R,160,,A,1.086,0.5887,-23.0537,-24.1398,5,5,1,0
2OI9_AQ_BC__A__Q5R,A,2OI9_AQ_BC,Q,F,5,,R,0.3393,0.1575,-18.4927,-18.8319,5,5,1,0
3BN9_B_CD__A__B168A,A,3BN9_B_CD,B,Q,168,,A,-0.0993,0.0676,-20.8491,-20.7498,5,5,1,0
3F1S_A_B__A__A36A,A,3F1S_A_B,A,D,36,,A,3.4156,0.1807,-22.1806,-25.5962,5,5,1,0
3M62_A_B__A__A55A,A,3M62_A_B,A,E,55,,A,0.0506,0.0142,-12.9576,-13.0082,5,5,1,0
3QDG_ABC_DE__A__D27W,A,3QDG_ABC_DE,D,R,27,,W,0.5974,0.3255,-15.322,-15.9194,5,5,1,0
3S9D_A_B__A__B37A,A,3S9D_A_B,B,K,37,,A,0.9849,0.6791,-22.1107,-23.0957,5,5,1,0
3SF4_A_D__A__D8A,A,3SF4_A_D,D,W,8,,A,3.1506,0.1494,-50.8719,-54.0225,5,5,1,0
3SGB_E_I__A__I13D,A,3SGB_E_I,I,E,13,,D,0.3135,0.0636,-11.9704,-12.2839,5,5,1,0
3U82_A_B__A__B45A,A,3U82_A_B,B,I,45,,A,1.5958,0.6386,-10.3591,-11.9549,5,5,1,0
4I77_HL_Z__A__H101F,A,4I77_HL_Z,H,Y,101,,F,0.3752,0.0233,-15.4691,-15.8443,5,5,1,0
4OZG_ABJ_GH__A__H101F,A,4OZG_ABJ_GH,H,Y,101,,F,1.5483,0.1005,-25.6131,-27.1614,5,5,1,0
5CXB_A_B__A__B54A,A,5CXB_A_B,B,R,54,,A,3.8493,0.195,-21.1036,-24.9529,5,5,1,0
1AHW_AB_C__A__C156A,A,1AHW_AB_C,C,T,156,,A,0.0642,0.0124,-19.7101,-19.7743,5,5,1,0
1B41_A_B__A__B29R,A,1B41_A_B,B,H,29,,R,-0.0855,0.9492,-28.3275,-28.242,5,5,1,0
1C4Z_ABC_D__A__D6E,A,1C4Z_ABC_D,D,K,6,,E,1.1311,1.3209,-13.6508,-14.7819,5,5,1,0
1CHO_EFG_I__A__I15C,A,1CHO_EFG_I,I,L,15,,C,1.315,0.0258,-15.1795,-16.4945,5,5,1,0
1CHO_EFG_I__A__I33H,A,1CHO_EFG_I,I,N,33,,H,0.3297,0.3972,-15.9412,-16.2709,5,5,1,0
1DVF_AB_CD__A__D55A,A,1DVF_AB_CD,D,N,55,,A,1.2494,0.0161,-18.0551,-19.3045,5,5,1,0
1FSS_A_B__A__B9I,A,1FSS_A_B,B,T,9,,I,-1.4198,0.0264,-18.8939,-17.4741,5,5,1,0
1JRH_LH_I__A__H107A,A,1JRH_LH_I,H,H,107,,A,1.0998,0.0305,-18.0806,-19.1804,5,5,1,0
1JTG_A_B__A__B141A,A,1JTG_A_B,B,G,141,,A,-0.0769,0.0,-26.9772,-26.9003,5,5,1,0
1MHP_HL_A__A__H100L,A,1MHP_HL_A,H,G,100,,L,0.4354,0.0978,-11.6704,-12.1059,5,5,1,0
1OGA_ABC_DE__A__E97F,A,1OGA_ABC_DE,E,Y,97,,F,-0.4572,0.159,-17.5718,-17.1146,5,5,1,0
1PPF_E_I__A__I20D,A,1PPF_E_I,I,Y,20,,D,2.7307,0.0241,-16.1744,-18.9051,5,5,1,0
1R0R_E_I__A__I9H,A,1R0R_E_I,I,P,9,,H,1.1836,0.0751,-12.0722,-13.2558,5,5,1,0
1R0R_E_I__A__I15N,A,1R0R_E_I,I,Y,15,,N,1.6984,0.0313,-11.6175,-13.3159,5,5,1,0
1VFB_AB_C__A__A53R,A,1VFB_AB_C,A,T,53,,R,0.6366,0.0417,-14.786,-15.4226,5,5,1,0
2AK4_ABC_DE__A__D97A,A,2AK4_ABC_DE,D,Y,97,,A,2.5253,0.342,-13.86,-16.3852,5,5,1,0
2G2U_A_B__A__B162A,A,2G2U_A_B,B,W,162,,A,-0.5784,0.0571,-24.5537,-23.9753,5,5,1,0
2OOB_A_B__A__A9E,A,2OOB_A_B,A,A,9,,E,1.8653,0.2673,-10.8154,-12.6807,5,5,1,0
3BN9_B_CD__A__B169A,A,3BN9_B_CD,B,Q,169,,A,1.5433,0.3369,-20.4442,-21.9875,5,5,1,0
3F1S_A_B__A__A200A,A,3F1S_A_B,A,D,200,,A,-0.9203,0.11,-25.992,-25.0717,5,5,1,0
3M62_A_B__A__A98A,A,3M62_A_B,A,R,98,,A,0.4614,1.2725,-12.876,-13.3373,5,5,1,0
3QDG_ABC_DE__A__D28I,A,3QDG_ABC_DE,D,G,28,,I,1.6336,2.0646,-14.1387,-15.7723,5,5,1,0
3S9D_A_B__A__B39A,A,3S9D_A_B,B,E,39,,A,1.2704,0.0154,-22.2619,-23.5323,5,5,1,0
3SF4_A_D__A__D19R,A,3SF4_A_D,D,E,19,,R,8.5185,0.7991,-45.7651,-54.2836,5,5,1,0
3SGB_E_I__A__I13F,A,3SGB_E_I,I,E,13,,F,0.7094,0.4873,-11.6112,-12.3206,5,5,1,0
3UIG_A_P__A__A47A,A,3UIG_A_P,A,E,47,,A,-0.2167,0.0512,-8.3793,-8.1626,5,5,1,0
4I77_HL_Z__A__H103A,A,4I77_HL_Z,H,Y,103,,A,1.8509,0.0254,-14.1869,-16.0378,5,5,1,0
4P23_CD_AB__A__C40A,A,4P23_CD_AB,C,K,40,,A,0.0038,0.0266,-17.0814,-17.0852,5,5,1,0
5CXB_A_B__A__B54E,A,5CXB_A_B,B,R,54,,E,4.3299,0.2043,-20.5796,-24.9095,5,5,1,0
1AHW_AB_C__A__C159A,A,1AHW_AB_C,C,T,159,,A,-0.0083,0.077,-19.7358,-19.7275,5,5,1,0
1B41_A_B__A__B32R,A,1B41_A_B,B,K,32,,R,0.1281,1.3361,-26.8475,-26.9756,5,5,1,0
1C4Z_ABC_D__A__D28A,A,1C4Z_ABC_D,D,N,28,,A,0.1029,0.0001,-12.271,-12.3739,5,5,1,0
1CHO_EFG_I__A__I15D,A,1CHO_EFG_I,I,L,15,,D,4.2352,0.1223,-12.278,-16.5132,5,5,1,0
1CHO_EFG_I__A__I33I,A,1CHO_EFG_I,I,N,33,,I,-1.0338,0.1351,-17.3062,-16.2724,5,5,1,0
1DVF_AB_CD__A__D101A,A,1DVF_AB_CD,D,I,101,,A,1.172,0.0112,-18.0977,-19.2697,5,5,1,0
1FSS_A_B__A__B9N,A,1FSS_A_B,B,T,9,,N,0.6417,0.0204,-16.8219,-17.4636,5,5,1,0
1JRH_LH_I__A__I37A,A,1JRH_LH_I,I,K,37,,A,1.7484,0.0309,-17.4075,-19.1559,5,5,1,0
1JTG_A_B__A__B142A,A,1JTG_A_B,B,F,142,,A,3.2933,0.0869,-23.5343,-26.8275,5,5,1,0
1MHP_HL_A__A__H100M,A,1MHP_HL_A,H,G,100,,M,0.3134,0.1555,-11.7925,-12.1059,5,5,1,0
1P69_A_B__A__A15P,A,1P69_A_B,A,S,15,,P,-0.5893,0.4809,-8.2784,-7.6891,5,5,1,0
1PPF_E_I__A__I20E,A,1PPF_E_I,I,Y,20,,E,2.4359,0.1437,-16.4992,-18.9351,5,5,1,0
1R0R_E_I__A__I9I,A,1R0R_E_I,I,P,9,,I,0.2344,0.0694,-13.0392,-13.2736,5,5,1,0
1R0R_E_I__A__I15P,A,1R0R_E_I,I,Y,15,,P,7.1367,1.573,-7.8738,-15.0105,5,5,1,0
1VFB_AB_C__A__A92A,A,1VFB_AB_C,A,W,92,,A,2.3826,0.1965,-13.2002,-15.5828,5,5,1,0
2AK4_ABC_DE__A__D98A,A,2AK4_ABC_DE,D,N,98,,A,0.4074,0.0458,-17.4511,-17.8585,5,5,1,0
2G2W_A_B__A__A79D,A,2G2W_A_B,A,K,79,,D,1.4764,0.5667,-24.2395,-25.7159,5,5,1,0
2OOB_A_B__A__A13S,A,2OOB_A_B,A,G,13,,S,-0.2823,0.0598,-13.0715,-12.7891,5,5,1,0
3BN9_B_CD__A__B214A,A,3BN9_B_CD,B,D,214,,A,-0.0585,0.0234,-20.7056,-20.6472,5,5,1,0
3F1S_A_B__A__A201A,A,3F1S_A_B,A,K,201,,A,1.5647,0.23,-23.4667,-25.0314,5,5,1,0
3M62_A_B__A__A102A,A,3M62_A_B,A,G,102,,A,2.7189,0.0,-10.4602,-13.1791,5,5,1,0
3QDG_ABC_DE__A__D28L,A,3QDG_ABC_DE,D,G,28,,L,-0.3934,1.197,-16.3678,-15.9744,5,5,1,0
3S9D_A_B__A__B39R,A,3S9D_A_B,B,E,39,,R,1.087,0.2211,-22.5846,-23.6717,5,5,1,0
3SF4_A_D__A__D27D,A,3SF4_A_D,D,K,27,,D,4.7199,0.1436,-49.5215,-54.2414,5,5,1,0
3SGB_E_I__A__I13G,A,3SGB_E_I,I,E,13,,G,1.9686,0.0491,-10.3589,-12.3274,5,5,1,0
3UIG_A_P__A__A58A,A,3UIG_A_P,A,K,58,,A,0.7071,0.0513,-7.4557,-8.1628,5,5,1,0
4I77_HL_Z__A__H103F,A,4I77_HL_Z,H,Y,103,,F,0.4708,0.0534,-15.5603,-16.0311,5,5,1,0
4P23_CD_AB__A__C56A,A,4P23_CD_AB,C,D,56,,A,0.0972,0.0069,-17.212,-17.3092,5,5,1,0
5CXB_A_B__A__B56W,A,5CXB_A_B,B,V,56,,W,-0.6786,0.0831,-25.7814,-25.1028,5,5,1,0
1AHW_AB_C__A__C167A,A,1AHW_AB_C,C,D,167,,A,-0.2146,0.219,-20.2338,-20.0192,5,5,1,0
1B41_A_B__A__B33F,A,1B41_A_B,B,M,33,,F,0.2363,1.7373,-26.2892,-26.5256,5,5,1,0
1C4Z_ABC_D__A__D30A,A,1C4Z_ABC_D,D,L,30,,A,0.4342,0.1378,-11.8311,-12.2653,5,5,1,0
1CHO_EFG_I__A__I15E,A,1CHO_EFG_I,I,L,15,,E,4.7569,0.06,-11.778,-16.5349,5,5,1,0
1CHO_EFG_I__A__I33K,A,1CHO_EFG_I,I,N,33,,K,0.1374,0.3936,-16.1311,-16.2686,5,5,1,0
1DVF_AB_CD__A__D102A,A,1DVF_AB_CD,D,Y,102,,A,4.5779,0.0182,-14.7855,-19.3634,5,5,1,0
1FSS_A_B__A__B11K,A,1FSS_A_B,B,R,11,,K,1.8233,0.5266,-16.0965,-17.9198,5,5,1,0
1JRH_LH_I__A__I37M,A,1JRH_LH_I,I,K,37,,M,0.0888,0.1041,-19.0456,-19.1344,5,5,1,0
1JTG_A_B__A__B143A,A,1JTG_A_B,B,Y,143,,A,1.8178,0.0966,-25.0683,-26.8861,5,5,1,0
1MHP_HL_A__A__H100S,A,1MHP_HL_A,H,G,100,,S,-0.4696,0.0067,-12.5754,-12.1059,5,5,1,0
1P6A_A_B__A__A87S,A,1P6A_A_B,A,Y,87,,S,3.9636,0.0068,-8.8148,-12.7784,5,5,1,0
1PPF_E_I__A__I20F,A,1PPF_E_I,I,Y,20,,F,-0.3915,0.0105,-19.3525,-18.961,5,5,1,0
1R0R_E_I__A__I9K,A,1R0R_E_I,I,P,9,,K,0.5615,0.0429,-12.7167,-13.2782,5,5,1,0
1R0R_E_I__A__I15Q,A,1R0R_E_I,I,Y,15,,Q,1.0442,0.888,-13.4405,-14.4847,5,5,1,0
1VFB_AB_C__A__A93A,A,1VFB_AB_C,A,S,93,,A,0.6612,0.1289,-14.9744,-15.6356,5,5,1,0
2AK4_ABC_DE__A__E26A,A,2AK4_ABC_DE,E,N,26,,A,-0.1014,0.0963,-17.074,-16.9726,5,5,1,0
2GOX_A_B__A__B31A,A,2GOX_A_B,B,R,31,,A,3.6546,0.1919,-14.5296,-18.1842,5,5,1,0
2P5E_ABC_DE__A__D32D,A,2P5E_ABC_DE,D,Y,32,,D,3.7919,0.0974,-26.8159,-30.6077,5,5,1,0
3BN9_B_CD__A__B218A,A,3BN9_B_CD,B,Q,218,,A,0.0562,0.0214,-20.5345,-20.5908,5,5,1,0
3F1S_A_B__A__A201C,A,3F1S_A_B,A,K,201,,C,1.5431,0.3172,-23.394,-24.9371,5,5,1,0
3M62_A_B__A__A103A,A,3M62_A_B,A,Y,103,,A,1.0406,0.5318,-13.8566,-14.8972,5,5,1,0
3QDG_ABC_DE__A__D28N,A,3QDG_ABC_DE,D,G,28,,N,1.728,0.8799,-14.4549,-16.183,5,5,1,0
3S9D_A_B__A__B65A,A,3S9D_A_B,B,H,65,,A,1.1104,0.0226,-21.6131,-22.7235,5,5,1,0
3SGB_E_I__A__I7A,A,3SGB_E_I,I,K,7,,A,0.6521,0.1454,-11.714,-12.3661,5,5,1,0
3SGB_E_I__A__I13H,A,3SGB_E_I,I,E,13,,H,0.6959,0.0641,-11.6417,-12.3376,5,5,1,0
3UIG_A_P__A__A61A,A,3UIG_A_P,A,E,61,,A,-0.3481,0.0308,-8.5062,-8.1581,5,5,1,0
4I77_HL_Z__A__L32A,A,4I77_HL_Z,L,Y,32,,A,1.6317,0.0039,-14.1792,-15.8109,5,5,1,0
4P23_CD_AB__A__C58A,A,4P23_CD_AB,C,Q,58,,A,0.8134,0.3191,-16.5252,-17.3387,5,5,1,0
5CYK_A_B__A__B52A,A,5CYK_A_B,B,E,52,,A,-0.7462,0.0908,-15.0754,-14.3293,5,5,1,0
1AHW_AB_C__A__C186A,A,1AHW_AB_C,C,T,186,,A,0.0178,0.0003,-19.849,-19.8668,5,5,1,0
1B41_A_B__A__B33L,A,1B41_A_B,B,M,33,,L,-0.057,1.2021,-26.9764,-26.9194,5,5,1,0
1C4Z_ABC_D__A__D56G,A,1C4Z_ABC_D,D,A,56,,G,0.8713,0.0122,-11.5025,-12.3738,5,5,1,0
1CHO_EFG_I__A__I15F,A,1CHO_EFG_I,I,L,15,,F,1.0147,0.0571,-15.507,-16.5217,5,5,1,0
1CHO_EFG_I__A__I33L,A,1CHO_EFG_I,I,N,33,,L,0.2194,0.4262,-16.1404,-16.3598,5,5,1,0
1DVF_AB_CD__A__D104A,A,1DVF_AB_CD,D,Q,104,,A,0.8252,0.2304,-18.4676,-19.2927,5,5,1,0
1FSS_A_B__A__B12S,A,1FSS_A_B,B,A,12,,S,0.9605,0.0059,-16.5282,-17.4887,5,5,1,0
1JRH_LH_I__A__I39A,A,1JRH_LH_I,I,Y,39,,A,1.8871,0.0,-17.2473,-19.1344,5,5,1,0
1JTG_A_B__A__B144A,A,1JTG_A_B,B,R,144,,A,0.8377,0.0587,-26.0721,-26.9098,5,5,1,0
1MHP_HL_A__A__L29V,A,1MHP_HL_A,L,N,29,,V,0.2512,0.1199,-12.0759,-12.3271,5,5,1,0
1PPF_E_I__A__I14A,A,1PPF_E_I,I,P,14,,A,0.1491,0.0314,-18.8095,-18.9586,5,5,1,0
1PPF_E_I__A__I20G,A,1PPF_E_I,I,Y,20,,G,2.8874,0.0155,-16.0731,-18.9605,5,5,1,0
1R0R_E_I__A__I9L,A,1R0R_E_I,I,P,9,,L,0.3538,0.0539,-12.9199,-13.2736,5,5,1,0
1R0R_E_I__A__I15R,A,1R0R_E_I,I,Y,15,,R,1.4642,0.0879,-11.8449,-13.3092,5,5,1,0
1VFB_AB_C__A__B31A,A,1VFB_AB_C,B,G,31,,A,-0.2599,0.1025,-15.6665,-15.4066,5,5,1,0
2AK4_ABC_DE__A__E28A,A,2AK4_ABC_DE,E,N,28,,A,1.0954,0.0022,-15.9982,-17.0936,5,5,1,0
2GOX_A_B__A__B38A,A,2GOX_A_B,B,N,38,,A,3.3067,0.0453,-14.3573,-17.6641,5,5,1,0
2PCB_A_B__A__A32Q,A,2PCB_A_B,A,E,32,,Q,-0.5484,0.0583,-3.0253,-2.4769,5,5,1,0
3BN9_B_CD__A__D28R,A,3BN9_B_CD,D,T,28,,R,0.424,0.3382,-20.3369,-20.7609,5,5,1,0
3F1S_A_B__A__A202A,A,3F1S_A_B,A,Y,202,,A,3.3992,0.092,-21.6761,-25.0753,5,5,1,0
3M62_A_B__A__A110A,A,3M62_A_B,A,I,110,,A,2.5478,0.2508,-10.5597,-13.1075,5,5,1,0
3QDG_ABC_DE__A__D28P,A,3QDG_ABC_DE,D,G,28,,P,0.4061,0.4054,-15.3968,-15.8029,5,5,1,0
3S9D_A_B__A__B66A,A,3S9D_A_B,B,E,66,,A,1.1371,0.4318,-22.3969,-23.534,5,5,1,0
3SGB_E_I__A__I7C,A,3SGB_E_I,I,K,7,,C,0.4142,0.0255,-11.9554,-12.3696,5,5,1,0
3SGB_E_I__A__I13I,A,3SGB_E_I,I,E,13,,I,-1.58,0.8091,-13.9613,-12.3813,5,5,1,0
3UIG_A_P__A__A72A,A,3UIG_A_P,A,E,72,,A,-0.0473,0.0196,-8.2099,-8.1626,5,5,1,0
4I77_HL_Z__A__L32F,A,4I77_HL_Z,L,Y,32,,F,-0.0764,0.1188,-15.8858,-15.8094,5,5,1,0
4P23_CD_AB__A__C61A,A,4P23_CD_AB,C,L,61,,A,0.0862,0.2205,-17.0642,-17.1504,5,5,1,0
5CYK_A_B__A__B52R,A,5CYK_A_B,B,E,52,,R,-4.081,1.9715,-19.385,-15.304,5,5,1,0
1AHW_AB_C__A__C187A,A,1AHW_AB_C,C,V,187,,A,-0.0899,0.0,-19.9566,-19.8667,5,5,1,0
1B41_A_B__A__B33Q,A,1B41_A_B,B,M,33,,Q,1.8079,0.1452,-24.6098,-26.4178,5,5,1,0
1C4Z_ABC_D__A__D57A,A,1C4Z_ABC_D,D,E,57,,A,0.055,0.4531,-11.9581,-12.0131,5,5,1,0
1CHO_EFG_I__A__I15G,A,1CHO_EFG_I,I,L,15,,G,3.5754,0.0248,-12.953,-16.5284,5,5,1,0
1CHO_EFG_I__A__I33M,A,1CHO_EFG_I,I,N,33,,M,-0.9551,0.1495,-17.2236,-16.2686,5,5,1,0
1DVF_AB_CD__A__D106A,A,1DVF_AB_CD,D,R,106,,A,0.9563,0.2174,-18.3772,-19.3335,5,5,1,0
1FSS_A_B__A__B27F,A,1FSS_A_B,B,R,27,,F,2.0246,0.8225,-15.9026,-17.9272,5,5,1,0
1JRH_LH_I__A__I39F,A,1JRH_LH_I,I,Y,39,,F,-0.5422,0.0122,-19.6766,-19.1344,5,5,1,0
1JTG_A_B__A__B148A,A,1JTG_A_B,B,H,148,,A,0.8684,0.1775,-26.0152,-26.8836,5,5,1,0
1MHP_HL_A__A__L29W,A,1MHP_HL_A,L,N,29,,W,0.0011,1.0914,-12.1507,-12.1517,5,5,1,0
1PPF_E_I__A__I14C,A,1PPF_E_I,I,P,14,,C,0.0877,0.0314,-18.8709,-18.9586,5,5,1,0
1PPF_E_I__A__I20H,A,1PPF_E_I,I,Y,20,,H,0.9352,0.0102,-18.0258,-18.961,5,5,1,0
1R0R_E_I__A__I9M,A,1R0R_E_I,I,P,9,,M,0.266,0.0569,-13.0251,-13.291,5,5,1,0
1R0R_E_I__A__I15S,A,1R0R_E_I,I,Y,15,,S,2.5122,0.196,-10.7917,-13.3039,5,5,1,0
1VFB_AB_C__A__B31E,A,1VFB_AB_C,B,G,31,,E,0.3654,0.5138,-15.314,-15.6794,5,5,1,0
2AK4_ABC_DE__A__E29G,A,2AK4_ABC_DE,E,S,29,,G,1.3153,0.0002,-15.6822,-16.9975,5,5,1,0
2GYK_A_B__A__A49D,A,2GYK_A_B,A,A,49,,D,-0.7545,0.0811,-22.9252,-22.1708,5,5,1,0
2PCB_A_B__A__A34N,A,2PCB_A_B,A,D,34,,N,-0.4398,0.2677,-3.3133,-2.8735,5,5,1,0
3BN9_B_CD__A__D30G,A,3BN9_B_CD,D,S,30,,G,1.0384,0.0697,-20.0099,-21.0482,5,5,1,0
3F1S_A_B__A__A255A,A,3F1S_A_B,A,D,255,,A,5.1398,0.1087,-24.2961,-29.4359,5,5,1,0
3M62_A_B__A__B7A,A,3M62_A_B,B,F,7,,A,1.7281,0.1571,-11.6552,-13.3833,5,5,1,0
3QDG_ABC_DE__A__D28Y,A,3QDG_ABC_DE,D,G,28,,Y,4.5882,1.411,-11.3604,-15.9486,5,5,1,0
3S9D_A_B__A__B67M,A,3S9D_A_B,B,A,67,,M,-1.7137,0.6144,-24.448,-22.7343,5,5,1,0
3SGB_E_I__A__I7D,A,3SGB_E_I,I,K,7,,D,1.3577,0.0255,-11.0208,-12.3785,5,5,1,0
3SGB_E_I__A__I13K,A,3SGB_E_I,I,E,13,,K,-0.3567,0.8769,-12.6827,-12.326,5,5,1,0
3UII_A_P__A__A58A,A,3UII_A_P,A,K,58,,A,0.7997,0.2957,-6.7179,-7.5175,5,5,1,0
4I77_HL_Z__A__L95A,A,4I77_HL_Z,L,N,95,,A,-0.2055,0.1417,-16.2019,-15.9964,5,5,1,0
4P23_CD_AB__A__C62A,A,4P23_CD_AB,C,Q,62,,A,0.8365,0.0664,-16.7318,-17.5682,5,5,1,0
5E6P_A_B__A__A468A,A,5E6P_A_B,A,Y,468,,A,1.2516,0.2343,-16.6957,-17.9473,5,5,1,0
1AK4_A_D__A__D85A,A,1AK4_A_D,D,P,85,,A,0.0704,0.0035,-10.7504,-10.8208,5,5,1,0
1B41_A_B__A__B33Y,A,1B41_A_B,B,M,33,,Y,-0.9753,1.1078,-27.5787,-26.6035,5,5,1,0
1C4Z_ABC_D__A__D57R,A,1C4Z_ABC_D,D,E,57,,R,0.6234,0.4892,-11.4035,-12.0269,5,5,1,0
1CHO_EFG_I__A__I15H,A,1CHO_EFG_I,I,L,15,,H,1.5238,0.0333,-14.9707,-16.4945,5,5,1,0
1CHO_EFG_I__A__I33P,A,1CHO_EFG_I,I,N,33,,P,0.8719,0.2612,-15.7027,-16.5746,5,5,1,0
1E50_A_B__A__A8A,A,1E50_A_B,A,D,8,,A,0.3333,0.4265,-19.3294,-19.6628,5,5,1,0
1FSS_A_B__A__B27M,A,1FSS_A_B,B,R,27,,M,1.9713,0.734,-16.0444,-18.0157,5,5,1,0
1JRH_LH_I__A__I40A,A,1JRH_LH_I,I,G,40,,A,0.9823,0.0209,-18.1454,-19.1277,5,5,1,0
1JTG_A_B__A__B150A,A,1JTG_A_B,B,W,150,,A,1.2483,0.9279,-26.0514,-27.2998,5,5,1,0
1MHP_HL_A__A__L29Y,A,1MHP_HL_A,L,N,29,,Y,-1.0683,0.238,-13.2396,-12.1713,5,5,1,0
1PPF_E_I__A__I14D,A,1PPF_E_I,I,P,14,,D,-0.1472,0.2024,-19.1058,-18.9586,5,5,1,0
1PPF_E_I__A__I20I,A,1PPF_E_I,I,Y,20,,I,1.6881,0.5036,-17.2713,-18.9594,5,5,1,0
1R0R_E_I__A__I9N,A,1R0R_E_I,I,P,9,,N,0.8812,0.0109,-12.4098,-13.291,5,5,1,0
1R0R_E_I__A__I15T,A,1R0R_E_I,I,Y,15,,T,2.3288,0.242,-12.4538,-14.7827,5,5,1,0
1VFB_AB_C__A__B31W,A,1VFB_AB_C,B,G,31,,W,-1.2803,0.1553,-16.9222,-15.6419,5,5,1,0
2AK4_ABC_DE__A__E49A,A,2AK4_ABC_DE,E,S,49,,A,-0.3519,0.0015,-17.3148,-16.9629,5,5,1,0
2HLE_A_B__A__A87R,A,2HLE_A_B,A,L,87,,R,1.1996,0.5608,-21.1677,-22.3672,5,5,1,0
2PCB_A_B__A__A35Q,A,2PCB_A_B,A,E,35,,Q,-0.3103,0.0502,-2.7616,-2.4513,5,5,1,0
3BN9_B_CD__A__D30N,A,3BN9_B_CD,D,S,30,,N,0.6765,0.3957,-19.9221,-20.5986,5,5,1,0
3G6D_LH_A__A__H104A,A,3G6D_LH_A,H,H,104,,A,-0.0548,0.1652,-21.9635,-21.9088,5,5,1,0
3M62_A_B__A__B43A,A,3M62_A_B,B,I,43,,A,2.9101,0.2095,-10.4178,-13.3279,5,5,1,0
3QDG_ABC_DE__A__E52P,A,3QDG_ABC_DE,E,A,52,,P,-0.4359,0.007,-16.2478,-15.8119,5,5,1,0
3S9D_A_B__A__B69A,A,3S9D_A_B,B,V,69,,A,1.7988,0.0331,-20.8613,-22.6601,5,5,1,0
3SGB_E_I__A__I7E,A,3SGB_E_I,I,K,7,,E,1.3921,0.0322,-10.9725,-12.3646,5,5,1,0
3SGB_E_I__A__I13L,A,3SGB_E_I,I,E,13,,L,-0.4596,1.6354,-12.7853,-12.3257,5,5,1,0
3W2D_A_HL__A__A45F,A,3W2D_A_HL,A,Y,45,,F,0.5767,0.0246,-11.5803,-12.157,5,5,1,0
4J2L_A_CD__A__A34D,A,4J2L_A_CD,A,S,34,,D,-0.262,0.0878,-37.3,-37.0379,5,5,1,0
4P23_CD_AB__A__C66A,A,4P23_CD_AB,C,V,66,,A,1.5159,0.2941,-16.6643,-18.1801,5,5,1,0
5E6P_A_B__A__A494E,A,5E6P_A_B,A,A,494,,E,-0.2186,0.1495,-18.0637,-17.8451,5,5,1,0
1A22_A_B__A__A56A,A,1A22_A_B,A,E,56,,A,1.8827,0.9329,-31.2964,-33.1791,5,5,1,0
1AK4_A_D__A__D90V,A,1AK4_A_D,D,P,90,,V,4.4865,0.3647,-6.3832,-10.8697,5,5,1,0
1BD2_ABC_DE__A__C8A,A,1BD2_ABC_DE,C,Y,8,,A,2.4118,0.5114,-15.8592,-18.271,5,5,1,0
1C4Z_ABC_D__A__D97A,A,1C4Z_ABC_D,D,K,97,,A,0.1433,2.1145,-14.0228,-14.1661,5,5,1,0
1CHO_EFG_I__A__I15V,A,1CHO_EFG_I,I,L,15,,V,2.5665,0.2084,-13.9549,-16.5215,5,5,1,0
1CSE_E_I__A__I38G,A,1CSE_E_I,I,L,38,,G,3.3262,0.0729,-13.8836,-17.2098,5,5,1,0
1E50_A_B__A__B57A,A,1E50_A_B,B,V,57,,A,0.4305,0.0397,-18.8309,-19.2614,5,5,1,0
1FSS_A_B__A__B35W,A,1FSS_A_B,B,L,35,,W,0.2804,1.1128,-17.9695,-18.2499,5,5,1,0
1JRH_LH_I__A__I72A,A,1JRH_LH_I,I,W,72,,A,1.7526,0.0234,-17.4377,-19.1903,5,5,1,0
1K8R_A_B__A__A39A,A,1K8R_A_B,A,S,39,,A,0.8197,0.0181,-11.9201,-12.7398,5,5,1,0
1MHP_HL_A__A__L90T,A,1MHP_HL_A,L,S,90,,T,-0.2664,0.6122,-12.5525,-12.286,5,5,1,0
1PPF_E_I__A__I14Q,A,1PPF_E_I,I,P,14,,Q,-0.3822,0.2919,-19.3408,-18.9586,5,5,1,0
1PPF_E_I__A__I20V,A,1PPF_E_I,I,Y,20,,V,1.2261,0.5592,-17.6535,-18.8796,5,5,1,0
1R0R_E_I__A__I10E,A,1R0R_E_I,I,A,10,,E,2.4921,0.5965,-10.7957,-13.2878,5,5,1,0
1R0R_E_I__A__I16I,A,1R0R_E_I,I,R,16,,I,1.4148,0.2007,-12.2714,-13.6862,5,5,1,0
1VFB_AB_C__A__C18A,A,1VFB_AB_C,C,D,18,,A,0.7971,0.0721,-14.5806,-15.3777,5,5,1,0
2B0U_AB_C__A__C51E,A,2B0U_AB_C,C,I,51,,E,2.4623,0.4113,-22.8029,-25.2652,5,5,1,0
2J0T_A_D__A__D4A,A,2J0T_A_D,D,V,4,,A,0.6087,0.0115,-1.7275,-2.3362,5,5,1,0
2REX_A_B__A__B97F,A,2REX_A_B,B,Y,97,,F,-0.5283,0.321,-15.2148,-14.6865,5,5,1,0
3BT1_A_U__A__U27A,A,3BT1_A_U,U,T,27,,A,0.687,0.1042,-22.7994,-23.4864,5,5,1,0
3HFM_HL_Y__A__H50F,A,3HFM_HL_Y,H,Y,50,,F,2.1386,0.4933,-4.5406,-6.6792,5,5,1,0
3M63_A_B__A__A55A,A,3M63_A_B,A,E,55,,A,-0.2438,0.0362,-9.8151,-9.5713,5,5,1,0
3QDJ_ABC_DE__A__D28L,A,3QDJ_ABC_DE,D,G,28,,L,-1.9291,0.3297,-17.2465,-15.3173,5,5,1,0
3SE3_B_A__A__A120A,A,3SE3_B_A,A,S,120,,A,-0.394,0.0,-26.7891,-26.3951,5,5,1,0
3SGB_E_I__A__I7R,A,3SGB_E_I,I,K,7,,R,0.0179,0.2996,-12.3623,-12.3802,5,5,1,0
3SGB_E_I__A__I13Y,A,3SGB_E_I,I,E,13,,Y,0.9154,0.9303,-11.4623,-12.3778,5,5,1,0
4B0M_A_BM__A__M99A,A,4B0M_A_BM,M,P,99,,A,1.2942,0.0305,-27.7934,-29.0877,5,5,1,0
4JFE_ABC_DE__A__C7I,A,4JFE_ABC_DE,C,A,7,,I,0.2643,0.039,-25.7883,-26.0526,5,5,1,0
4P5T_CD_AB__A__C40A,A,4P5T_CD_AB,C,K,40,,A,0.011,0.086,-20.6668,-20.6778,5,5,1,0
5F4E_A_B__A__A50K,A,5F4E_A_B,A,E,50,,K,0.0279,0.0787,-15.448,-15.4759,5,5,1,0
