lane,complex_id,arm,k,chain,wt,resnum,icode,mut
A,1A22_A_B,skempi,0,A,H,18,,A
A,1A22_A_B,skempi,0,A,H,21,,A
A,1A22_A_B,skempi,0,A,Q,22,,A
A,1A22_A_B,skempi,0,A,F,25,,A
A,1A22_A_B,skempi,0,A,Y,42,,A
A,1A22_A_B,skempi,0,A,L,45,,A
A,1A22_A_B,skempi,0,A,Q,46,,A
A,1A22_A_B,skempi,0,A,P,48,,A
A,1A22_A_B,skempi,0,A,S,51,,A
A,1A22_A_B,skempi,0,A,E,56,,A
A,1A22_A_B,skempi,0,A,S,62,,A
A,1A22_A_B,skempi,0,A,N,63,,A
A,1A22_A_B,skempi,0,A,R,64,,A
A,1A22_A_B,skempi,0,A,R,64,,K
A,1A22_A_B,skempi,0,A,E,65,,A
A,1A22_A_B,skempi,0,A,Q,68,,A
A,1A22_A_B,skempi,0,A,Y,153,,A
A,1A22_A_B,skempi,0,A,R,156,,A
A,1A22_A_B,skempi,0,A,K,157,,A
A,1A22_A_B,skempi,0,A,D,160,,A
A,1A22_A_B,skempi,0,A,K,161,,A
A,1A22_A_B,skempi,0,A,E,163,,A
A,1A22_A_B,skempi,0,A,T,164,,A
A,1A22_A_B,skempi,0,A,T,164,,S
A,1A22_A_B,skempi,0,A,R,167,,A
A,1A22_A_B,skempi,0,A,R,167,,K
A,1A22_A_B,skempi,0,A,R,167,,N
A,1A22_A_B,skempi,0,A,I,168,,A
A,1A22_A_B,skempi,0,A,C,171,,A
A,1A22_A_B,skempi,0,B,R,11,,A
A,1A22_A_B,skempi,0,B,R,11,,L
A,1A22_A_B,skempi,0,B,R,11,,M
A,1A22_A_B,skempi,0,B,E,12,,A
A,1A22_A_B,skempi,0,B,R,30,,A
A,1A22_A_B,skempi,0,B,Q,33,,A
A,1A22_A_B,skempi,0,B,E,34,,A
A,1A22_A_B,skempi,0,B,W,35,,A
A,1A22_A_B,skempi,0,B,S,57,,A
A,1A22_A_B,skempi,0,B,T,60,,A
A,1A22_A_B,skempi,0,B,S,61,,A
A,1A22_A_B,skempi,0,B,I,62,,A
A,1A22_A_B,skempi,0,B,W,63,,A
A,1A22_A_B,skempi,0,B,W,63,,F
A,1A22_A_B,skempi,0,B,I,64,,A
A,1A22_A_B,skempi,0,B,P,65,,A
A,1A22_A_B,skempi,0,B,C,67,,A
A,1A22_A_B,skempi,0,B,E,79,,A
A,1A22_A_B,skempi,0,B,K,80,,A
A,1A22_A_B,skempi,0,B,C,81,,A
A,1A22_A_B,skempi,0,B,S,83,,A
A,1A22_A_B,skempi,0,B,D,85,,A
A,1A22_A_B,skempi,0,B,E,86,,A
A,1A22_A_B,skempi,0,B,D,119,,A
A,1A22_A_B,skempi,0,B,I,120,,A
A,1A22_A_B,skempi,0,B,Q,121,,A
A,1A22_A_B,skempi,0,B,K,122,,A
A,1A22_A_B,skempi,0,B,W,124,,A
A,1A22_A_B,skempi,0,B,V,126,,A
A,1A22_A_B,skempi,0,B,R,172,,A
A,1A22_A_B,skempi,0,B,N,173,,A
A,1A22_A_B,skempi,0,B,S,174,,A
A,1A4Y_A_B,skempi,0,A,W,261,,A
A,1A4Y_A_B,skempi,0,A,W,263,,A
A,1A4Y_A_B,skempi,0,A,S,289,,A
A,1A4Y_A_B,skempi,0,A,W,318,,A
A,1A4Y_A_B,skempi,0,A,K,320,,A
A,1A4Y_A_B,skempi,0,A,E,344,,A
A,1A4Y_A_B,skempi,0,A,W,375,,A
A,1A4Y_A_B,skempi,0,A,E,401,,A
A,1A4Y_A_B,skempi,0,A,Y,434,,A
A,1A4Y_A_B,skempi,0,A,Y,434,,F
A,1A4Y_A_B,skempi,0,A,D,435,,A
A,1A4Y_A_B,skempi,0,A,Y,437,,A
A,1A4Y_A_B,skempi,0,A,Y,437,,F
A,1A4Y_A_B,skempi,0,A,I,459,,A
A,1A4Y_A_B,skempi,0,B,R,5,,A
A,1A4Y_A_B,skempi,0,B,H,8,,A
A,1A4Y_A_B,skempi,0,B,Q,12,,A
A,1A4Y_A_B,skempi,0,B,R,31,,A
A,1A4Y_A_B,skempi,0,B,R,32,,A
A,1A4Y_A_B,skempi,0,B,K,40,,G
A,1A4Y_A_B,skempi,0,B,K,40,,Q
A,1A4Y_A_B,skempi,0,B,N,68,,A
A,1A4Y_A_B,skempi,0,B,H,84,,A
A,1A4Y_A_B,skempi,0,B,W,89,,A
A,1A4Y_A_B,skempi,0,B,E,108,,A
A,1A4Y_A_B,skempi,0,B,H,114,,A
A,1ACB_E_I,skempi,0,I,L,38,,D
A,1ACB_E_I,skempi,0,I,L,38,,E
A,1ACB_E_I,skempi,0,I,L,38,,G
A,1ACB_E_I,skempi,0,I,L,38,,I
A,1ACB_E_I,skempi,0,I,L,38,,P
A,1ACB_E_I,skempi,0,I,L,38,,S
A,1AHW_AB_C,skempi,0,C,Y,145,,A
A,1AHW_AB_C,skempi,0,C,T,156,,A
A,1AHW_AB_C,skempi,0,C,T,159,,A
A,1AHW_AB_C,skempi,0,C,D,167,,A
A,1AHW_AB_C,skempi,0,C,T,186,,A
A,1AHW_AB_C,skempi,0,C,V,187,,A
A,1AK4_A_D,skempi,0,D,P,85,,A
A,1AK4_A_D,skempi,0,D,V,86,,A
A,1AK4_A_D,skempi,0,D,H,87,,A
A,1AK4_A_D,skempi,0,D,H,87,,Q
A,1AK4_A_D,skempi,0,D,H,87,,R
A,1AK4_A_D,skempi,0,D,A,88,,G
A,1AK4_A_D,skempi,0,D,A,88,,V
A,1AK4_A_D,skempi,0,D,G,89,,A
A,1AK4_A_D,skempi,0,D,G,89,,V
A,1AK4_A_D,skempi,0,D,P,90,,A
A,1AK4_A_D,skempi,0,D,P,90,,V
A,1AK4_A_D,skempi,0,D,I,91,,A
A,1AK4_A_D,skempi,0,D,I,91,,V
A,1AK4_A_D,skempi,0,D,A,92,,G
A,1AK4_A_D,skempi,0,D,A,92,,V
A,1AK4_A_D,skempi,0,D,P,93,,A
A,1AO7_ABC_DE,skempi,0,A,E,58,,A
A,1AO7_ABC_DE,skempi,0,A,R,65,,A
A,1AO7_ABC_DE,skempi,0,A,K,66,,A
A,1AO7_ABC_DE,skempi,0,A,A,69,,G
A,1AO7_ABC_DE,skempi,0,A,Q,72,,A
A,1AO7_ABC_DE,skempi,0,A,A,149,,G
A,1AO7_ABC_DE,skempi,0,A,A,150,,G
A,1AO7_ABC_DE,skempi,0,A,A,150,,P
A,1AO7_ABC_DE,skempi,0,A,H,151,,A
A,1AO7_ABC_DE,skempi,0,A,E,154,,A
A,1AO7_ABC_DE,skempi,0,A,Q,155,,A
A,1AO7_ABC_DE,skempi,0,A,A,158,,G
A,1AO7_ABC_DE,skempi,0,A,T,163,,A
A,1AO7_ABC_DE,skempi,0,A,E,166,,A
A,1AO7_ABC_DE,skempi,0,A,W,167,,A
A,1AO7_ABC_DE,skempi,0,A,R,170,,A
A,1AO7_ABC_DE,skempi,0,C,L,1,,A
A,1AO7_ABC_DE,skempi,0,C,Y,5,,A
A,1AO7_ABC_DE,skempi,0,C,Y,5,,F
A,1AO7_ABC_DE,skempi,0,C,Y,5,,W
A,1AO7_ABC_DE,skempi,0,C,V,7,,R
A,1AO7_ABC_DE,skempi,0,C,Y,8,,A
A,1AO7_ABC_DE,skempi,0,D,D,26,,A
A,1AO7_ABC_DE,skempi,0,D,D,26,,M
A,1AO7_ABC_DE,skempi,0,D,D,26,,V
A,1AO7_ABC_DE,skempi,0,D,D,26,,W
A,1AO7_ABC_DE,skempi,0,D,R,27,,A
A,1AO7_ABC_DE,skempi,0,D,R,27,,F
A,1AO7_ABC_DE,skempi,0,D,R,27,,P
A,1AO7_ABC_DE,skempi,0,D,G,28,,A
A,1AO7_ABC_DE,skempi,0,D,G,28,,I
A,1AO7_ABC_DE,skempi,0,D,G,28,,L
A,1AO7_ABC_DE,skempi,0,D,G,28,,M
A,1AO7_ABC_DE,skempi,0,D,G,28,,R
A,1AO7_ABC_DE,skempi,0,D,G,28,,T
A,1AO7_ABC_DE,skempi,0,D,G,28,,V
A,1AO7_ABC_DE,skempi,0,D,Q,30,,E
A,1AO7_ABC_DE,skempi,0,D,Q,30,,L
A,1AO7_ABC_DE,skempi,0,D,Q,30,,N
A,1AO7_ABC_DE,skempi,0,D,Q,30,,V
A,1AO7_ABC_DE,skempi,0,D,S,31,,A
A,1AO7_ABC_DE,skempi,0,D,Y,50,,A
A,1AO7_ABC_DE,skempi,0,D,S,51,,M
A,1AO7_ABC_DE,skempi,0,D,N,52,,A
A,1AO7_ABC_DE,skempi,0,D,K,66,,A
A,1AO7_ABC_DE,skempi,0,D,K,66,,H
A,1AO7_ABC_DE,skempi,0,D,T,92,,A
A,1AO7_ABC_DE,skempi,0,D,D,93,,A
A,1AO7_ABC_DE,skempi,0,D,D,93,,N
A,1AO7_ABC_DE,skempi,0,D,S,94,,A
A,1AO7_ABC_DE,skempi,0,D,S,94,,N
A,1AO7_ABC_DE,skempi,0,D,S,94,,T
A,1AO7_ABC_DE,skempi,0,D,S,94,,Y
A,1AO7_ABC_DE,skempi,0,D,W,95,,A
A,1AO7_ABC_DE,skempi,0,E,E,28,,A
A,1AO7_ABC_DE,skempi,0,E,A,96,,K
A,1AO7_ABC_DE,skempi,0,E,A,96,,M
A,1AO7_ABC_DE,skempi,0,E,G,97,,S
A,1AO7_ABC_DE,skempi,0,E,G,98,,A
A,1AO7_ABC_DE,skempi,0,E,G,98,,P
A,1AO7_ABC_DE,skempi,0,E,R,99,,A
A,1AO7_ABC_DE,skempi,0,E,R,99,,P
A,1AO7_ABC_DE,skempi,0,E,R,99,,Q
A,1AO7_ABC_DE,skempi,0,E,P,100,,A
A,1B2S_A_D,skempi,0,A,A,27,,K
A,1B2S_A_D,skempi,0,D,A,43,,T
A,1B2U_A_D,skempi,0,A,A,27,,K
A,1B2U_A_D,skempi,0,D,A,36,,D
A,1B3S_A_D,skempi,0,A,A,102,,H
A,1B3S_A_D,skempi,0,D,F,30,,Y
A,1B41_A_B,skempi,0,B,T,8,,V
A,1B41_A_B,skempi,0,B,T,9,,I
A,1B41_A_B,skempi,0,B,T,9,,N
A,1B41_A_B,skempi,0,B,R,11,,K
A,1B41_A_B,skempi,0,B,A,12,,S
A,1B41_A_B,skempi,0,B,R,27,,F
A,1B41_A_B,skempi,0,B,R,27,,M
A,1B41_A_B,skempi,0,B,R,27,,Y
A,1B41_A_B,skempi,0,B,H,29,,K
A,1B41_A_B,skempi,0,B,H,29,,R
A,1B41_A_B,skempi,0,B,K,32,,R
A,1B41_A_B,skempi,0,B,M,33,,F
A,1B41_A_B,skempi,0,B,M,33,,L
A,1B41_A_B,skempi,0,B,M,33,,Q
A,1B41_A_B,skempi,0,B,M,33,,Y
A,1B41_A_B,skempi,0,B,V,34,,T
A,1B41_A_B,skempi,0,B,L,35,,W
A,1B41_A_B,skempi,0,B,N,47,,F
A,1B41_A_B,skempi,0,B,N,47,,R
A,1B41_A_B,skempi,0,B,N,47,,W
A,1BD2_ABC_DE,skempi,0,A,R,65,,A
A,1BD2_ABC_DE,skempi,0,C,Y,5,,A
A,1BD2_ABC_DE,skempi,0,C,Y,5,,F
A,1BD2_ABC_DE,skempi,0,C,Y,5,,W
A,1BD2_ABC_DE,skempi,0,C,Y,8,,A
A,1BD2_ABC_DE,skempi,0,D,D,30,,N
A,1BD2_ABC_DE,skempi,0,D,E,93,,A
A,1BD2_ABC_DE,skempi,0,E,Y,99,,A
A,1BJ1_HL_VW,skempi,0,H,N,31,,H
A,1BJ1_HL_VW,skempi,0,H,Y,54,,A
A,1BJ1_HL_VW,skempi,0,H,Y,54,,W
A,1BJ1_HL_VW,skempi,0,H,T,59,,A
A,1BJ1_HL_VW,skempi,0,H,Y,99,,A
A,1BJ1_HL_VW,skempi,0,H,H,101,,Y
A,1BP3_A_B,skempi,0,A,H,18,,A
A,1BP3_A_B,skempi,0,A,H,21,,A
A,1BP3_A_B,skempi,0,A,F,25,,A
A,1BP3_A_B,skempi,0,A,S,62,,A
A,1BP3_A_B,skempi,0,A,N,63,,A
A,1BP3_A_B,skempi,0,A,R,64,,A
A,1BP3_A_B,skempi,0,A,E,65,,A
A,1BP3_A_B,skempi,0,A,Q,68,,A
A,1BP3_A_B,skempi,0,A,Y,160,,A
A,1BP3_A_B,skempi,0,A,R,163,,A
A,1BP3_A_B,skempi,0,A,K,164,,A
A,1BP3_A_B,skempi,0,A,D,167,,A
A,1BP3_A_B,skempi,0,A,K,168,,A
A,1BP3_A_B,skempi,0,A,E,170,,A
A,1BP3_A_B,skempi,0,A,T,171,,S
A,1BP3_A_B,skempi,0,A,R,174,,A
A,1BP3_A_B,skempi,0,A,I,175,,A
A,1BP3_A_B,skempi,0,A,I,175,,M
A,1BP3_A_B,skempi,0,A,R,179,,A
A,1BP3_A_B,skempi,0,A,S,184,,A
A,1BRS_A_D,skempi,0,A,K,25,,A
A,1BRS_A_D,skempi,0,A,R,57,,A
A,1BRS_A_D,skempi,0,A,R,57,,K
A,1BRS_A_D,skempi,0,A,E,58,,A
A,1BRS_A_D,skempi,0,A,R,81,,Q
A,1BRS_A_D,skempi,0,A,H,100,,A
A,1BRS_A_D,skempi,0,A,H,100,,D
A,1BRS_A_D,skempi,0,A,H,100,,G
A,1BRS_A_D,skempi,0,A,H,100,,L
A,1BRS_A_D,skempi,0,A,H,100,,Q
A,1BRS_A_D,skempi,0,D,Y,29,,A
A,1BRS_A_D,skempi,0,D,Y,29,,F
A,1BRS_A_D,skempi,0,D,D,35,,A
A,1BRS_A_D,skempi,0,D,W,38,,F
A,1BRS_A_D,skempi,0,D,D,39,,A
A,1BRS_A_D,skempi,0,D,T,42,,A
A,1BRS_A_D,skempi,0,D,W,44,,F
A,1BRS_A_D,skempi,0,D,E,74,,A
A,1C1Y_A_B,skempi,0,A,D,38,,A
A,1C1Y_A_B,skempi,0,B,R,5,,A
A,1C1Y_A_B,skempi,0,B,N,10,,A
A,1C1Y_A_B,skempi,0,B,N,10,,D
A,1C1Y_A_B,skempi,0,B,K,11,,A
A,1C1Y_A_B,skempi,0,B,K,11,,E
A,1C1Y_A_B,skempi,0,B,K,11,,M
A,1C1Y_A_B,skempi,0,B,Q,12,,A
A,1C1Y_A_B,skempi,0,B,R,13,,A
A,1C1Y_A_B,skempi,0,B,T,14,,A
A,1C1Y_A_B,skempi,0,B,V,15,,A
A,1C1Y_A_B,skempi,0,B,K,30,,A
A,1C1Y_A_B,skempi,0,B,K,30,,E
A,1C1Y_A_B,skempi,0,B,R,35,,L
A,1C4Z_ABC_D,skempi,0,A,V,138,,A
A,1C4Z_ABC_D,skempi,0,A,L,139,,A
A,1C4Z_ABC_D,skempi,0,A,Q,141,,A
A,1C4Z_ABC_D,skempi,0,A,S,142,,A
A,1C4Z_ABC_D,skempi,0,A,D,145,,A
A,1C4Z_ABC_D,skempi,0,A,D,145,,K
A,1C4Z_ABC_D,skempi,0,A,Y,149,,A
A,1C4Z_ABC_D,skempi,0,A,D,156,,A
A,1C4Z_ABC_D,skempi,0,A,D,156,,R
A,1C4Z_ABC_D,skempi,0,A,M,157,,A
A,1C4Z_ABC_D,skempi,0,A,M,158,,A
A,1C4Z_ABC_D,skempi,0,A,I,159,,A
A,1C4Z_ABC_D,skempi,0,A,T,160,,A
A,1C4Z_ABC_D,skempi,0,A,S,164,,A
A,1C4Z_ABC_D,skempi,0,A,T,166,,A
A,1C4Z_ABC_D,skempi,0,A,M,174,,A
A,1C4Z_ABC_D,skempi,0,A,Y,198,,L
A,1C4Z_ABC_D,skempi,0,D,S,1,,A
A,1C4Z_ABC_D,skempi,0,D,R,2,,A
A,1C4Z_ABC_D,skempi,0,D,R,2,,E
A,1C4Z_ABC_D,skempi,0,D,R,3,,A
A,1C4Z_ABC_D,skempi,0,D,R,3,,E
A,1C4Z_ABC_D,skempi,0,D,K,6,,A
A,1C4Z_ABC_D,skempi,0,D,K,6,,E
A,1C4Z_ABC_D,skempi,0,D,N,28,,A
A,1C4Z_ABC_D,skempi,0,D,L,30,,A
A,1C4Z_ABC_D,skempi,0,D,A,56,,G
A,1C4Z_ABC_D,skempi,0,D,E,57,,A
A,1C4Z_ABC_D,skempi,0,D,E,57,,R
A,1C4Z_ABC_D,skempi,0,D,P,59,,A
A,1C4Z_ABC_D,skempi,0,D,F,60,,A
A,1C4Z_ABC_D,skempi,0,D,K,61,,A
A,1C4Z_ABC_D,skempi,0,D,K,61,,E
A,1C4Z_ABC_D,skempi,0,D,W,92,,A
A,1C4Z_ABC_D,skempi,0,D,K,93,,A
A,1C4Z_ABC_D,skempi,0,D,K,93,,E
A,1C4Z_ABC_D,skempi,0,D,P,94,,A
A,1C4Z_ABC_D,skempi,0,D,A,95,,G
A,1C4Z_ABC_D,skempi,0,D,K,97,,A
A,1C4Z_ABC_D,skempi,0,D,K,97,,E
A,1CBW_FGH_I,skempi,0,I,T,11,,A
A,1CBW_FGH_I,skempi,0,I,G,12,,A
A,1CBW_FGH_I,skempi,0,I,P,13,,A
A,1CBW_FGH_I,skempi,0,I,K,15,,A
A,1CBW_FGH_I,skempi,0,I,K,15,,D
A,1CBW_FGH_I,skempi,0,I,K,15,,E
A,1CBW_FGH_I,skempi,0,I,K,15,,F
A,1CBW_FGH_I,skempi,0,I,K,15,,G
A,1CBW_FGH_I,skempi,0,I,K,15,,H
A,1CBW_FGH_I,skempi,0,I,K,15,,I
A,1CBW_FGH_I,skempi,0,I,K,15,,L
A,1CBW_FGH_I,skempi,0,I,K,15,,M
A,1CBW_FGH_I,skempi,0,I,K,15,,N
A,1CBW_FGH_I,skempi,0,I,K,15,,Q
A,1CBW_FGH_I,skempi,0,I,K,15,,R
A,1CBW_FGH_I,skempi,0,I,K,15,,S
A,1CBW_FGH_I,skempi,0,I,K,15,,T
A,1CBW_FGH_I,skempi,0,I,K,15,,V
A,1CBW_FGH_I,skempi,0,I,K,15,,W
A,1CBW_FGH_I,skempi,0,I,K,15,,Y
A,1CBW_FGH_I,skempi,0,I,R,17,,A
A,1CBW_FGH_I,skempi,0,I,I,18,,A
A,1CBW_FGH_I,skempi,0,I,I,19,,A
A,1CBW_FGH_I,skempi,0,I,G,37,,A
A,1CBW_FGH_I,skempi,0,I,R,39,,A
A,1CHO_EFG_I,skempi,0,I,P,11,,A
A,1CHO_EFG_I,skempi,0,I,P,11,,C
A,1CHO_EFG_I,skempi,0,I,P,11,,D
A,1CHO_EFG_I,skempi,0,I,P,11,,E
A,1CHO_EFG_I,skempi,0,I,P,11,,F
A,1CHO_EFG_I,skempi,0,I,P,11,,G
A,1CHO_EFG_I,skempi,0,I,P,11,,H
A,1CHO_EFG_I,skempi,0,I,P,11,,I
A,1CHO_EFG_I,skempi,0,I,P,11,,K
A,1CHO_EFG_I,skempi,0,I,P,11,,L
A,1CHO_EFG_I,skempi,0,I,P,11,,M
A,1CHO_EFG_I,skempi,0,I,P,11,,N
A,1CHO_EFG_I,skempi,0,I,P,11,,Q
A,1CHO_EFG_I,skempi,0,I,P,11,,R
A,1CHO_EFG_I,skempi,0,I,P,11,,S
A,1CHO_EFG_I,skempi,0,I,P,11,,T
A,1CHO_EFG_I,skempi,0,I,P,11,,V
A,1CHO_EFG_I,skempi,0,I,P,11,,W
A,1CHO_EFG_I,skempi,0,I,P,11,,Y
A,1CHO_EFG_I,skempi,0,I,A,12,,C
A,1CHO_EFG_I,skempi,0,I,A,12,,D
A,1CHO_EFG_I,skempi,0,I,A,12,,E
A,1CHO_EFG_I,skempi,0,I,A,12,,F
A,1CHO_EFG_I,skempi,0,I,A,12,,G
A,1CHO_EFG_I,skempi,0,I,A,12,,H
A,1CHO_EFG_I,skempi,0,I,A,12,,I
A,1CHO_EFG_I,skempi,0,I,A,12,,K
A,1CHO_EFG_I,skempi,0,I,A,12,,L
A,1CHO_EFG_I,skempi,0,I,A,12,,M
A,1CHO_EFG_I,skempi,0,I,A,12,,N
A,1CHO_EFG_I,skempi,0,I,A,12,,P
A,1CHO_EFG_I,skempi,0,I,A,12,,Q
A,1CHO_EFG_I,skempi,0,I,A,12,,R
A,1CHO_EFG_I,skempi,0,I,A,12,,S
A,1CHO_EFG_I,skempi,0,I,A,12,,T
A,1CHO_EFG_I,skempi,0,I,A,12,,V
A,1CHO_EFG_I,skempi,0,I,A,12,,W
A,1CHO_EFG_I,skempi,0,I,A,12,,Y
A,1CHO_EFG_I,skempi,0,I,T,14,,A
A,1CHO_EFG_I,skempi,0,I,T,14,,C
A,1CHO_EFG_I,skempi,0,I,T,14,,D
A,1CHO_EFG_I,skempi,0,I,T,14,,E
A,1CHO_EFG_I,skempi,0,I,T,14,,F
A,1CHO_EFG_I,skempi,0,I,T,14,,G
A,1CHO_EFG_I,skempi,0,I,T,14,,H
A,1CHO_EFG_I,skempi,0,I,T,14,,I
A,1CHO_EFG_I,skempi,0,I,T,14,,K
A,1CHO_EFG_I,skempi,0,I,T,14,,L
A,1CHO_EFG_I,skempi,0,I,T,14,,M
A,1CHO_EFG_I,skempi,0,I,T,14,,N
A,1CHO_EFG_I,skempi,0,I,T,14,,P
A,1CHO_EFG_I,skempi,0,I,T,14,,Q
A,1CHO_EFG_I,skempi,0,I,T,14,,R
A,1CHO_EFG_I,skempi,0,I,T,14,,S
A,1CHO_EFG_I,skempi,0,I,T,14,,V
A,1CHO_EFG_I,skempi,0,I,T,14,,W
A,1CHO_EFG_I,skempi,0,I,T,14,,Y
A,1CHO_EFG_I,skempi,0,I,L,15,,A
A,1CHO_EFG_I,skempi,0,I,L,15,,C
A,1CHO_EFG_I,skempi,0,I,L,15,,D
A,1CHO_EFG_I,skempi,0,I,L,15,,E
A,1CHO_EFG_I,skempi,0,I,L,15,,F
A,1CHO_EFG_I,skempi,0,I,L,15,,G
A,1CHO_EFG_I,skempi,0,I,L,15,,H
A,1CHO_EFG_I,skempi,0,I,L,15,,I
A,1CHO_EFG_I,skempi,0,I,L,15,,K
A,1CHO_EFG_I,skempi,0,I,L,15,,M
A,1CHO_EFG_I,skempi,0,I,L,15,,N
A,1CHO_EFG_I,skempi,0,I,L,15,,P
A,1CHO_EFG_I,skempi,0,I,L,15,,Q
A,1CHO_EFG_I,skempi,0,I,L,15,,R
A,1CHO_EFG_I,skempi,0,I,L,15,,S
A,1CHO_EFG_I,skempi,0,I,L,15,,T
A,1CHO_EFG_I,skempi,0,I,L,15,,V
A,1CHO_EFG_I,skempi,0,I,L,15,,W
A,1CHO_EFG_I,skempi,0,I,L,15,,Y
A,1CHO_EFG_I,skempi,0,I,E,16,,A
A,1CHO_EFG_I,skempi,0,I,E,16,,C
A,1CHO_EFG_I,skempi,0,I,E,16,,D
A,1CHO_EFG_I,skempi,0,I,E,16,,F
A,1CHO_EFG_I,skempi,0,I,E,16,,G
A,1CHO_EFG_I,skempi,0,I,E,16,,H
A,1CHO_EFG_I,skempi,0,I,E,16,,I
A,1CHO_EFG_I,skempi,0,I,E,16,,K
A,1CHO_EFG_I,skempi,0,I,E,16,,L
A,1CHO_EFG_I,skempi,0,I,E,16,,M
A,1CHO_EFG_I,skempi,0,I,E,16,,N
A,1CHO_EFG_I,skempi,0,I,E,16,,P
A,1CHO_EFG_I,skempi,0,I,E,16,,Q
A,1CHO_EFG_I,skempi,0,I,E,16,,R
A,1CHO_EFG_I,skempi,0,I,E,16,,S
A,1CHO_EFG_I,skempi,0,I,E,16,,T
A,1CHO_EFG_I,skempi,0,I,E,16,,V
A,1CHO_EFG_I,skempi,0,I,E,16,,W
A,1CHO_EFG_I,skempi,0,I,E,16,,Y
A,1CHO_EFG_I,skempi,0,I,Y,17,,A
A,1CHO_EFG_I,skempi,0,I,Y,17,,C
A,1CHO_EFG_I,skempi,0,I,Y,17,,D
A,1CHO_EFG_I,skempi,0,I,Y,17,,E
A,1CHO_EFG_I,skempi,0,I,Y,17,,F
A,1CHO_EFG_I,skempi,0,I,Y,17,,G
A,1CHO_EFG_I,skempi,0,I,Y,17,,H
A,1CHO_EFG_I,skempi,0,I,Y,17,,I
A,1CHO_EFG_I,skempi,0,I,Y,17,,K
A,1CHO_EFG_I,skempi,0,I,Y,17,,L
A,1CHO_EFG_I,skempi,0,I,Y,17,,M
A,1CHO_EFG_I,skempi,0,I,Y,17,,N
A,1CHO_EFG_I,skempi,0,I,Y,17,,P
A,1CHO_EFG_I,skempi,0,I,Y,17,,Q
A,1CHO_EFG_I,skempi,0,I,Y,17,,R
A,1CHO_EFG_I,skempi,0,I,Y,17,,S
A,1CHO_EFG_I,skempi,0,I,Y,17,,T
A,1CHO_EFG_I,skempi,0,I,Y,17,,V
A,1CHO_EFG_I,skempi,0,I,Y,17,,W
A,1CHO_EFG_I,skempi,0,I,R,18,,A
A,1CHO_EFG_I,skempi,0,I,R,18,,C
A,1CHO_EFG_I,skempi,0,I,R,18,,D
A,1CHO_EFG_I,skempi,0,I,R,18,,E
A,1CHO_EFG_I,skempi,0,I,R,18,,F
A,1CHO_EFG_I,skempi,0,I,R,18,,G
A,1CHO_EFG_I,skempi,0,I,R,18,,H
A,1CHO_EFG_I,skempi,0,I,R,18,,I
A,1CHO_EFG_I,skempi,0,I,R,18,,K
A,1CHO_EFG_I,skempi,0,I,R,18,,L
A,1CHO_EFG_I,skempi,0,I,R,18,,M
A,1CHO_EFG_I,skempi,0,I,R,18,,N
A,1CHO_EFG_I,skempi,0,I,R,18,,P
A,1CHO_EFG_I,skempi,0,I,R,18,,Q
A,1CHO_EFG_I,skempi,0,I,R,18,,S
A,1CHO_EFG_I,skempi,0,I,R,18,,T
A,1CHO_EFG_I,skempi,0,I,R,18,,V
A,1CHO_EFG_I,skempi,0,I,R,18,,W
A,1CHO_EFG_I,skempi,0,I,R,18,,Y
A,1CHO_EFG_I,skempi,0,I,G,29,,A
A,1CHO_EFG_I,skempi,0,I,G,29,,C
A,1CHO_EFG_I,skempi,0,I,G,29,,D
A,1CHO_EFG_I,skempi,0,I,G,29,,E
A,1CHO_EFG_I,skempi,0,I,G,29,,F
A,1CHO_EFG_I,skempi,0,I,G,29,,H
A,1CHO_EFG_I,skempi,0,I,G,29,,I
A,1CHO_EFG_I,skempi,0,I,G,29,,K
A,1CHO_EFG_I,skempi,0,I,G,29,,L
A,1CHO_EFG_I,skempi,0,I,G,29,,M
A,1CHO_EFG_I,skempi,0,I,G,29,,N
A,1CHO_EFG_I,skempi,0,I,G,29,,P
A,1CHO_EFG_I,skempi,0,I,G,29,,Q
A,1CHO_EFG_I,skempi,0,I,G,29,,R
A,1CHO_EFG_I,skempi,0,I,G,29,,S
A,1CHO_EFG_I,skempi,0,I,G,29,,T
A,1CHO_EFG_I,skempi,0,I,G,29,,V
A,1CHO_EFG_I,skempi,0,I,G,29,,W
A,1CHO_EFG_I,skempi,0,I,G,29,,Y
A,1CHO_EFG_I,skempi,0,I,N,33,,A
A,1CHO_EFG_I,skempi,0,I,N,33,,C
A,1CHO_EFG_I,skempi,0,I,N,33,,D
A,1CHO_EFG_I,skempi,0,I,N,33,,E
A,1CHO_EFG_I,skempi,0,I,N,33,,F
A,1CHO_EFG_I,skempi,0,I,N,33,,G
A,1CHO_EFG_I,skempi,0,I,N,33,,H
A,1CHO_EFG_I,skempi,0,I,N,33,,I
A,1CHO_EFG_I,skempi,0,I,N,33,,K
A,1CHO_EFG_I,skempi,0,I,N,33,,L
A,1CHO_EFG_I,skempi,0,I,N,33,,M
A,1CHO_EFG_I,skempi,0,I,N,33,,P
A,1CHO_EFG_I,skempi,0,I,N,33,,Q
A,1CHO_EFG_I,skempi,0,I,N,33,,R
A,1CHO_EFG_I,skempi,0,I,N,33,,S
A,1CHO_EFG_I,skempi,0,I,N,33,,T
A,1CHO_EFG_I,skempi,0,I,N,33,,V
A,1CHO_EFG_I,skempi,0,I,N,33,,W
A,1CHO_EFG_I,skempi,0,I,N,33,,Y
A,1CSE_E_I,skempi,0,I,L,38,,D
A,1CSE_E_I,skempi,0,I,L,38,,E
A,1CSE_E_I,skempi,0,I,L,38,,G
A,1CSE_E_I,skempi,0,I,L,38,,I
A,1CSE_E_I,skempi,0,I,L,38,,P
A,1CSE_E_I,skempi,0,I,L,38,,S
A,1CSO_E_I,skempi,0,I,I,13,,L
A,1CT0_E_I,skempi,0,I,S,13,,L
A,1CT2_E_I,skempi,0,I,T,13,,L
A,1CT4_E_I,skempi,0,I,V,13,,L
A,1DAN_HL_UT,skempi,0,H,R,125,,A
A,1DAN_HL_UT,skempi,0,H,M,154,,A
A,1DAN_HL_UT,skempi,0,T,T,12,,A
A,1DAN_HL_UT,skempi,0,T,N,13,,A
A,1DAN_HL_UT,skempi,0,T,K,15,,A
A,1DAN_HL_UT,skempi,0,T,K,15,,R
A,1DAN_HL_UT,skempi,0,T,I,17,,A
A,1DAN_HL_UT,skempi,0,T,E,19,,A
A,1DAN_HL_UT,skempi,0,T,Q,32,,A
A,1DAN_HL_UT,skempi,0,T,K,36,,A
A,1DAN_HL_UT,skempi,0,T,S,37,,A
A,1DAN_HL_UT,skempi,0,T,G,38,,A
A,1DAN_HL_UT,skempi,0,T,D,39,,A
A,1DAN_HL_UT,skempi,0,T,W,40,,A
A,1DAN_HL_UT,skempi,0,T,W,40,,F
A,1DAN_HL_UT,skempi,0,T,K,41,,A
A,1DAN_HL_UT,skempi,0,T,S,42,,A
A,1DAN_HL_UT,skempi,0,T,K,43,,A
A,1DAN_HL_UT,skempi,0,T,F,45,,A
A,1DAN_HL_UT,skempi,0,T,Y,46,,A
A,1DAN_HL_UT,skempi,0,T,D,53,,A
A,1DAN_HL_UT,skempi,0,T,D,53,,E
A,1DAN_HL_UT,skempi,0,T,D,56,,A
A,1DAN_HL_UT,skempi,0,T,F,71,,A
A,1DAN_HL_UT,skempi,0,U,P,2,,A
A,1DAN_HL_UT,skempi,0,U,Y,4,,A
A,1DAN_HL_UT,skempi,0,U,Q,20,,A
A,1DAN_HL_UT,skempi,0,U,E,38,,A
A,1DAN_HL_UT,skempi,0,U,R,41,,A
A,1DAN_HL_UT,skempi,0,U,L,43,,A
A,1DAN_HL_UT,skempi,0,U,R,45,,A
A,1DAN_HL_UT,skempi,0,U,N,48,,A
A,1DAN_HL_UT,skempi,0,U,F,50,,A
A,1DAN_HL_UT,skempi,0,U,W,68,,F
A,1DAN_HL_UT,skempi,0,U,S,69,,A
A,1DAN_HL_UT,skempi,0,U,T,109,,A
A,1DAN_HL_UT,skempi,0,U,V,113,,A
A,1DAN_HL_UT,skempi,0,U,E,114,,A
A,1DQJ_AB_C,skempi,0,A,N,31,,A
A,1DQJ_AB_C,skempi,0,A,N,32,,A
A,1DQJ_AB_C,skempi,0,A,Y,50,,A
A,1DQJ_AB_C,skempi,0,A,S,91,,A
A,1DQJ_AB_C,skempi,0,A,Y,96,,A
A,1DQJ_AB_C,skempi,0,B,D,32,,A
A,1DQJ_AB_C,skempi,0,B,Y,33,,A
A,1DQJ_AB_C,skempi,0,B,Y,50,,A
A,1DQJ_AB_C,skempi,0,B,Y,53,,A
A,1DQJ_AB_C,skempi,0,B,W,98,,A
A,1DQJ_AB_C,skempi,0,C,Y,20,,A
A,1DQJ_AB_C,skempi,0,C,R,21,,A
A,1DQJ_AB_C,skempi,0,C,W,62,,A
A,1DQJ_AB_C,skempi,0,C,W,63,,A
A,1DQJ_AB_C,skempi,0,C,L,75,,A
A,1DQJ_AB_C,skempi,0,C,T,89,,A
A,1DQJ_AB_C,skempi,0,C,N,93,,A
A,1DQJ_AB_C,skempi,0,C,K,96,,A
A,1DQJ_AB_C,skempi,0,C,K,97,,A
A,1DQJ_AB_C,skempi,0,C,S,100,,A
A,1DQJ_AB_C,skempi,0,C,D,101,,A
A,1DVF_AB_CD,skempi,0,A,H,30,,A
A,1DVF_AB_CD,skempi,0,A,Y,32,,A
A,1DVF_AB_CD,skempi,0,A,Y,49,,A
A,1DVF_AB_CD,skempi,0,A,Y,50,,A
A,1DVF_AB_CD,skempi,0,A,W,92,,A
A,1DVF_AB_CD,skempi,0,A,S,93,,A
A,1DVF_AB_CD,skempi,0,B,T,30,,A
A,1DVF_AB_CD,skempi,0,B,Y,32,,A
A,1DVF_AB_CD,skempi,0,B,W,52,,A
A,1DVF_AB_CD,skempi,0,B,D,54,,A
A,1DVF_AB_CD,skempi,0,B,N,56,,A
A,1DVF_AB_CD,skempi,0,B,D,58,,A
A,1DVF_AB_CD,skempi,0,B,R,99,,A
A,1DVF_AB_CD,skempi,0,B,D,100,,A
A,1DVF_AB_CD,skempi,0,B,Y,101,,F
A,1DVF_AB_CD,skempi,0,C,Y,49,,A
A,1DVF_AB_CD,skempi,0,D,H,33,,A
A,1DVF_AB_CD,skempi,0,D,D,52,,A
A,1DVF_AB_CD,skempi,0,D,N,55,,A
A,1DVF_AB_CD,skempi,0,D,I,101,,A
A,1DVF_AB_CD,skempi,0,D,Y,102,,A
A,1DVF_AB_CD,skempi,0,D,Q,104,,A
A,1DVF_AB_CD,skempi,0,D,R,106,,A
A,1E50_A_B,skempi,0,A,D,8,,A
A,1E50_A_B,skempi,0,A,N,11,,A
A,1E50_A_B,skempi,0,A,M,48,,A
A,1E50_A_B,skempi,0,A,N,51,,A
A,1E50_A_B,skempi,0,A,Y,55,,A
A,1E50_A_B,skempi,0,A,S,56,,A
A,1E50_A_B,skempi,0,A,T,91,,A
A,1E50_A_B,skempi,0,A,V,101,,A
A,1E50_A_B,skempi,0,A,T,103,,A
A,1E50_A_B,skempi,0,B,R,32,,A
A,1E50_A_B,skempi,0,B,V,57,,A
A,1E50_A_B,skempi,0,B,N,62,,A
A,1E50_A_B,skempi,0,B,S,64,,A
A,1E50_A_B,skempi,0,B,N,99,,A
A,1E96_A_B,skempi,0,A,N,26,,H
A,1E96_A_B,skempi,0,A,I,33,,N
A,1EAW_A_B,skempi,0,A,Q,23,,A
A,1EAW_A_B,skempi,0,A,I,26,,A
A,1EAW_A_B,skempi,0,A,D,47,,A
A,1EAW_A_B,skempi,0,A,R,48,,A
A,1EAW_A_B,skempi,0,A,F,50,,A
A,1EAW_A_B,skempi,0,A,Y,52,,A
A,1EAW_A_B,skempi,0,A,D,91,,A
A,1EAW_A_B,skempi,0,A,F,92,,A
A,1EAW_A_B,skempi,0,A,H,138,,A
A,1EAW_A_B,skempi,0,A,Y,141,,A
A,1EFN_A_B,skempi,0,A,I,12,,A
A,1EFN_A_B,skempi,0,A,T,13,,H
A,1EMV_A_B,skempi,0,A,C,21,,A
A,1EMV_A_B,skempi,0,A,N,22,,A
A,1EMV_A_B,skempi,0,A,T,25,,A
A,1EMV_A_B,skempi,0,A,S,27,,A
A,1EMV_A_B,skempi,0,A,E,28,,A
A,1EMV_A_B,skempi,0,A,L,31,,A
A,1EMV_A_B,skempi,0,A,V,32,,A
A,1EMV_A_B,skempi,0,A,V,35,,A
A,1EMV_A_B,skempi,0,A,T,36,,A
A,1EMV_A_B,skempi,0,A,E,39,,A
A,1EMV_A_B,skempi,0,A,P,45,,A
A,1EMV_A_B,skempi,0,A,S,46,,A
A,1EMV_A_B,skempi,0,A,G,47,,A
A,1EMV_A_B,skempi,0,A,S,48,,A
A,1EMV_A_B,skempi,0,A,D,49,,A
A,1EMV_A_B,skempi,0,A,I,51,,A
A,1EMV_A_B,skempi,0,A,Y,52,,A
A,1EMV_A_B,skempi,0,A,Y,53,,A
A,1EMV_A_B,skempi,0,B,R,54,,A
A,1EMV_A_B,skempi,0,B,N,72,,A
A,1EMV_A_B,skempi,0,B,S,74,,A
A,1EMV_A_B,skempi,0,B,N,75,,A
A,1EMV_A_B,skempi,0,B,S,77,,A
A,1EMV_A_B,skempi,0,B,S,78,,A
A,1EMV_A_B,skempi,0,B,F,86,,A
A,1EMV_A_B,skempi,0,B,Q,92,,A
A,1EMV_A_B,skempi,0,B,K,97,,A
A,1EMV_A_B,skempi,0,B,V,98,,A
A,1F47_A_B,skempi,0,A,D,4,,A
A,1F47_A_B,skempi,0,A,Y,5,,A
A,1F47_A_B,skempi,0,A,L,6,,A
A,1F47_A_B,skempi,0,A,D,7,,A
A,1F47_A_B,skempi,0,A,D,7,,G
A,1F47_A_B,skempi,0,A,D,7,,S
A,1F47_A_B,skempi,0,A,I,8,,A
A,1F47_A_B,skempi,0,A,F,11,,A
A,1F47_A_B,skempi,0,A,L,12,,A
A,1F47_A_B,skempi,0,A,Q,15,,A
A,1FC2_C_D,skempi,0,C,F,1,,M
A,1FC2_C_D,skempi,0,C,N,7,,F
A,1FC2_C_D,skempi,0,C,Y,10,,F
A,1FC2_C_D,skempi,0,C,Y,10,,W
A,1FC2_C_D,skempi,0,C,L,13,,D
A,1FC2_C_D,skempi,0,C,N,24,,A
A,1FC2_C_D,skempi,0,C,N,24,,F
A,1FC2_C_D,skempi,0,C,I,27,,A
A,1FC2_C_D,skempi,0,C,Q,28,,K
A,1FC2_C_D,skempi,0,C,Q,28,,L
A,1FC2_C_D,skempi,0,C,K,31,,A
A,1FCC_A_C,skempi,0,C,T,25,,A
A,1FCC_A_C,skempi,0,C,E,27,,A
A,1FCC_A_C,skempi,0,C,K,28,,A
A,1FCC_A_C,skempi,0,C,K,31,,A
A,1FCC_A_C,skempi,0,C,N,35,,A
A,1FCC_A_C,skempi,0,C,D,40,,A
A,1FCC_A_C,skempi,0,C,E,42,,A
A,1FCC_A_C,skempi,0,C,W,43,,A
A,1FFW_A_B,skempi,0,A,A,89,,V
A,1FFW_A_B,skempi,0,A,A,102,,V
A,1FFW_A_B,skempi,0,A,Y,105,,W
A,1FFW_A_B,skempi,0,B,E,20,,A
A,1FFW_A_B,skempi,0,B,H,23,,A
A,1FFW_A_B,skempi,0,B,D,49,,A
A,1FFW_A_B,skempi,0,B,C,55,,A
A,1FFW_A_B,skempi,0,B,F,56,,A
A,1FR2_A_B,skempi,0,A,A,39,,E
A,1FSS_A_B,skempi,0,B,T,8,,V
A,1FSS_A_B,skempi,0,B,T,9,,I
A,1FSS_A_B,skempi,0,B,T,9,,N
A,1FSS_A_B,skempi,0,B,R,11,,K
A,1FSS_A_B,skempi,0,B,A,12,,S
A,1FSS_A_B,skempi,0,B,R,27,,F
A,1FSS_A_B,skempi,0,B,R,27,,M
A,1FSS_A_B,skempi,0,B,R,27,,Y
A,1FSS_A_B,skempi,0,B,H,29,,K
A,1FSS_A_B,skempi,0,B,H,29,,R
A,1FSS_A_B,skempi,0,B,K,32,,R
A,1FSS_A_B,skempi,0,B,M,33,,F
A,1FSS_A_B,skempi,0,B,M,33,,L
A,1FSS_A_B,skempi,0,B,M,33,,Q
A,1FSS_A_B,skempi,0,B,M,33,,Y
A,1FSS_A_B,skempi,0,B,V,34,,T
A,1FSS_A_B,skempi,0,B,L,35,,W
A,1FSS_A_B,skempi,0,B,N,47,,F
A,1FSS_A_B,skempi,0,B,N,47,,R
A,1FSS_A_B,skempi,0,B,N,47,,W
A,1GC1_G_C,skempi,0,C,Q,25,,A
A,1GC1_G_C,skempi,0,C,H,27,,A
A,1GC1_G_C,skempi,0,C,K,29,,A
A,1GC1_G_C,skempi,0,C,N,32,,A
A,1GC1_G_C,skempi,0,C,Q,33,,A
A,1GC1_G_C,skempi,0,C,K,35,,A
A,1GC1_G_C,skempi,0,C,Q,40,,A
A,1GC1_G_C,skempi,0,C,S,42,,A
A,1GC1_G_C,skempi,0,C,L,44,,A
A,1GC1_G_C,skempi,0,C,T,45,,A
A,1GC1_G_C,skempi,0,C,K,46,,A
A,1GC1_G_C,skempi,0,C,N,52,,A
A,1GC1_G_C,skempi,0,C,R,59,,A
A,1GC1_G_C,skempi,0,C,S,60,,A
A,1GC1_G_C,skempi,0,C,D,63,,A
A,1GC1_G_C,skempi,0,C,Q,64,,A
A,1GCQ_AB_C,skempi,0,C,P,5,,A
A,1GCQ_AB_C,skempi,0,C,P,18,,A
A,1GCQ_AB_C,skempi,0,C,G,21,,V
A,1GCQ_AB_C,skempi,0,C,A,42,,G
A,1GCQ_AB_C,skempi,0,C,W,47,,Y
A,1GCQ_AB_C,skempi,0,C,P,67,,A
A,1GL0_E_I,skempi,0,I,M,28,,K
A,1GL1_A_I,skempi,0,I,L,29,,V
A,1GUA_A_B,skempi,0,A,E,37,,A
A,1GUA_A_B,skempi,0,A,S,39,,A
A,1GUA_A_B,skempi,0,B,R,4,,A
A,1GUA_A_B,skempi,0,B,N,9,,A
A,1GUA_A_B,skempi,0,B,K,10,,A
A,1GUA_A_B,skempi,0,B,Q,11,,A
A,1GUA_A_B,skempi,0,B,T,13,,A
A,1GUA_A_B,skempi,0,B,V,14,,A
A,1GUA_A_B,skempi,0,B,K,29,,A
A,1GUA_A_B,skempi,0,B,K,32,,A
A,1GUA_A_B,skempi,0,B,V,33,,A
A,1H9D_A_B,skempi,0,B,R,2,,A
A,1H9D_A_B,skempi,0,B,G,60,,A
A,1H9D_A_B,skempi,0,B,Q,66,,A
A,1H9D_A_B,skempi,0,B,L,93,,A
A,1H9D_A_B,skempi,0,B,N,94,,A
A,1HE8_A_B,skempi,0,A,K,80,,V
A,1IAR_A_B,skempi,0,A,I,5,,A
A,1IAR_A_B,skempi,0,A,I,5,,R
A,1IAR_A_B,skempi,0,A,T,6,,A
A,1IAR_A_B,skempi,0,A,T,6,,D
A,1IAR_A_B,skempi,0,A,Q,8,,A
A,1IAR_A_B,skempi,0,A,Q,8,,R
A,1IAR_A_B,skempi,0,A,E,9,,Q
A,1IAR_A_B,skempi,0,A,K,12,,E
A,1IAR_A_B,skempi,0,A,K,12,,S
A,1IAR_A_B,skempi,0,A,R,53,,Q
A,1IAR_A_B,skempi,0,A,Q,78,,A
A,1IAR_A_B,skempi,0,A,Q,78,,E
A,1IAR_A_B,skempi,0,A,R,81,,A
A,1IAR_A_B,skempi,0,A,R,81,,E
A,1IAR_A_B,skempi,0,A,F,82,,A
A,1IAR_A_B,skempi,0,A,F,82,,D
A,1IAR_A_B,skempi,0,A,R,85,,A
A,1IAR_A_B,skempi,0,A,R,85,,E
A,1IAR_A_B,skempi,0,A,R,88,,A
A,1IAR_A_B,skempi,0,A,R,88,,Q
A,1IAR_A_B,skempi,0,A,N,89,,A
A,1IAR_A_B,skempi,0,A,W,91,,A
A,1IAR_A_B,skempi,0,A,W,91,,D
A,1JCK_A_B,skempi,0,B,T,20,,A
A,1JCK_A_B,skempi,0,B,N,23,,A
A,1JCK_A_B,skempi,0,B,Y,26,,A
A,1JCK_A_B,skempi,0,B,N,60,,A
A,1JCK_A_B,skempi,0,B,Y,90,,A
A,1JCK_A_B,skempi,0,B,V,91,,A
A,1JCK_A_B,skempi,0,B,G,102,,A
A,1JCK_A_B,skempi,0,B,K,103,,A
A,1JCK_A_B,skempi,0,B,F,176,,A
A,1JCK_A_B,skempi,0,B,Q,210,,A
A,1JRH_LH_I,skempi,0,H,Y,32,,A
A,1JRH_LH_I,skempi,0,H,W,54,,A
A,1JRH_LH_I,skempi,0,H,W,55,,A
A,1JRH_LH_I,skempi,0,H,D,56,,A
A,1JRH_LH_I,skempi,0,H,D,58,,A
A,1JRH_LH_I,skempi,0,H,Y,60,,A
A,1JRH_LH_I,skempi,0,H,Y,104,,A
A,1JRH_LH_I,skempi,0,H,H,107,,A
A,1JRH_LH_I,skempi,0,I,K,37,,A
A,1JRH_LH_I,skempi,0,I,K,37,,M
A,1JRH_LH_I,skempi,0,I,Y,39,,A
A,1JRH_LH_I,skempi,0,I,Y,39,,F
A,1JRH_LH_I,skempi,0,I,G,40,,A
A,1JRH_LH_I,skempi,0,I,V,41,,A
A,1JRH_LH_I,skempi,0,I,K,42,,A
A,1JRH_LH_I,skempi,0,I,K,42,,M
A,1JRH_LH_I,skempi,0,I,N,43,,A
A,1JRH_LH_I,skempi,0,I,S,44,,A
A,1JRH_LH_I,skempi,0,I,E,45,,A
A,1JRH_LH_I,skempi,0,I,E,45,,P
A,1JRH_LH_I,skempi,0,I,W,46,,F
A,1JRH_LH_I,skempi,0,I,W,46,,Y
A,1JRH_LH_I,skempi,0,I,W,72,,A
A,1JRH_LH_I,skempi,0,I,W,72,,F
A,1JRH_LH_I,skempi,0,I,W,72,,Y
A,1JRH_LH_I,skempi,0,I,R,74,,A
A,1JRH_LH_I,skempi,0,I,K,88,,A
A,1JRH_LH_I,skempi,0,L,E,27,,A
A,1JRH_LH_I,skempi,0,L,D,28,,A
A,1JRH_LH_I,skempi,0,L,Y,30,,A
A,1JRH_LH_I,skempi,0,L,W,92,,A
A,1JRH_LH_I,skempi,0,L,S,93,,A
A,1JRH_LH_I,skempi,0,L,T,94,,A
A,1JTD_A_B,skempi,0,A,Q,73,,A
A,1JTD_A_B,skempi,0,A,N,74,,A
A,1JTD_A_B,skempi,0,A,L,76,,A
A,1JTD_A_B,skempi,0,A,E,78,,A
A,1JTD_A_B,skempi,0,A,Y,79,,A
A,1JTD_A_B,skempi,0,A,P,81,,A
A,1JTD_A_B,skempi,0,A,E,84,,A
A,1JTD_A_B,skempi,0,A,K,85,,A
A,1JTD_A_B,skempi,0,A,M,103,,A
A,1JTD_A_B,skempi,0,A,V,190,,A
A,1JTD_A_B,skempi,0,A,M,244,,A
A,1JTD_A_B,skempi,0,B,N,12,,A
A,1JTD_A_B,skempi,0,B,D,14,,A
A,1JTD_A_B,skempi,0,B,W,15,,A
A,1JTD_A_B,skempi,0,B,T,19,,A
A,1JTD_A_B,skempi,0,B,Y,35,,A
A,1JTD_A_B,skempi,0,B,F,36,,A
A,1JTD_A_B,skempi,0,B,L,53,,A
A,1JTD_A_B,skempi,0,B,N,74,,A
A,1JTD_A_B,skempi,0,B,Y,75,,A
A,1JTD_A_B,skempi,0,B,D,93,,A
A,1JTD_A_B,skempi,0,B,W,114,,A
A,1JTD_A_B,skempi,0,B,S,131,,A
A,1JTD_A_B,skempi,0,B,D,132,,A
A,1JTD_A_B,skempi,0,B,Y,153,,A
A,1JTD_A_B,skempi,0,B,D,168,,A
A,1JTD_A_B,skempi,0,B,Y,170,,A
A,1JTD_A_B,skempi,0,B,F,171,,A
A,1JTD_A_B,skempi,0,B,I,191,,A
A,1JTD_A_B,skempi,0,B,F,192,,A
A,1JTD_A_B,skempi,0,B,Y,210,,A
A,1JTD_A_B,skempi,0,B,E,230,,A
A,1JTD_A_B,skempi,0,B,W,231,,A
A,1JTD_A_B,skempi,0,B,R,248,,A
A,1JTD_A_B,skempi,0,B,N,266,,A
A,1JTG_A_B,skempi,0,A,Q,74,,A
A,1JTG_A_B,skempi,0,A,N,75,,A
A,1JTG_A_B,skempi,0,A,L,77,,A
A,1JTG_A_B,skempi,0,A,V,78,,A
A,1JTG_A_B,skempi,0,A,E,79,,A
A,1JTG_A_B,skempi,0,A,E,79,,D
A,1JTG_A_B,skempi,0,A,E,79,,K
A,1JTG_A_B,skempi,0,A,Y,80,,A
A,1JTG_A_B,skempi,0,A,P,82,,A
A,1JTG_A_B,skempi,0,A,P,82,,Q
A,1JTG_A_B,skempi,0,A,E,85,,A
A,1JTG_A_B,skempi,0,A,E,85,,G
A,1JTG_A_B,skempi,0,A,E,85,,V
A,1JTG_A_B,skempi,0,A,K,86,,A
A,1JTG_A_B,skempi,0,A,K,86,,N
A,1JTG_A_B,skempi,0,A,M,104,,A
A,1JTG_A_B,skempi,0,A,S,105,,A
A,1JTG_A_B,skempi,0,A,E,143,,A
A,1JTG_A_B,skempi,0,A,E,143,,G
A,1JTG_A_B,skempi,0,A,V,190,,A
A,1JTG_A_B,skempi,0,A,G,212,,S
A,1JTG_A_B,skempi,0,A,E,213,,K
A,1JTG_A_B,skempi,0,A,R,214,,Y
A,1JTG_A_B,skempi,0,A,M,244,,A
A,1JTG_A_B,skempi,0,B,E,31,,A
A,1JTG_A_B,skempi,0,B,S,35,,A
A,1JTG_A_B,skempi,0,B,F,36,,A
A,1JTG_A_B,skempi,0,B,S,39,,A
A,1JTG_A_B,skempi,0,B,G,48,,A
A,1JTG_A_B,skempi,0,B,D,49,,A
A,1JTG_A_B,skempi,0,B,Y,50,,A
A,1JTG_A_B,skempi,0,B,Y,51,,A
A,1JTG_A_B,skempi,0,B,Y,53,,A
A,1JTG_A_B,skempi,0,B,S,71,,A
A,1JTG_A_B,skempi,0,B,E,73,,A
A,1JTG_A_B,skempi,0,B,E,73,,M
A,1JTG_A_B,skempi,0,B,K,74,,A
A,1JTG_A_B,skempi,0,B,W,112,,A
A,1JTG_A_B,skempi,0,B,S,113,,A
A,1JTG_A_B,skempi,0,B,G,141,,A
A,1JTG_A_B,skempi,0,B,F,142,,A
A,1JTG_A_B,skempi,0,B,Y,143,,A
A,1JTG_A_B,skempi,0,B,R,144,,A
A,1JTG_A_B,skempi,0,B,H,148,,A
A,1JTG_A_B,skempi,0,B,W,150,,A
A,1JTG_A_B,skempi,0,B,R,160,,A
A,1JTG_A_B,skempi,0,B,W,162,,A
A,1JTG_A_B,skempi,0,B,D,163,,A
A,1JTG_A_B,skempi,0,B,D,163,,K
A,1K8R_A_B,skempi,0,A,D,33,,A
A,1K8R_A_B,skempi,0,A,E,37,,A
A,1K8R_A_B,skempi,0,A,D,38,,A
A,1K8R_A_B,skempi,0,A,D,38,,E
A,1K8R_A_B,skempi,0,A,D,38,,N
A,1K8R_A_B,skempi,0,A,S,39,,A
A,1K8R_A_B,skempi,0,A,Y,40,,C
A,1K8R_A_B,skempi,0,A,Y,40,,F
A,1K8R_A_B,skempi,0,A,R,41,,A
A,1K8R_A_B,skempi,0,B,Q,11,,A
A,1K8R_A_B,skempi,0,B,R,13,,A
A,1K8R_A_B,skempi,0,B,K,31,,A
A,1K8R_A_B,skempi,0,B,R,77,,A
A,1KAC_A_B,skempi,0,A,P,15,,S
A,1KAC_A_B,skempi,0,A,S,87,,Y
A,1KBH_A_B,skempi,0,A,Q,896,,W
A,1KIQ_AB_C,skempi,0,B,F,101,,Y
A,1KIR_AB_C,skempi,0,A,S,50,,Y
A,1KNE_A_P,skempi,0,A,A,3,,F
A,1KNE_A_P,skempi,0,A,A,3,,K
A,1KNE_A_P,skempi,0,A,A,3,,L
A,1KNE_A_P,skempi,0,A,A,3,,T
A,1KNE_A_P,skempi,0,A,D,40,,F
A,1KNE_A_P,skempi,0,A,D,40,,I
A,1KNE_A_P,skempi,0,A,D,40,,K
A,1KNE_A_P,skempi,0,A,D,40,,T
A,1KNE_A_P,skempi,0,P,T,2,,F
A,1KNE_A_P,skempi,0,P,T,2,,I
A,1KNE_A_P,skempi,0,P,T,2,,K
A,1KNE_A_P,skempi,0,P,T,2,,L
A,1KTZ_A_B,skempi,0,A,R,13,,A
A,1KTZ_A_B,skempi,0,A,R,13,,K
A,1KTZ_A_B,skempi,0,A,V,62,,I
A,1KTZ_A_B,skempi,0,A,R,64,,A
A,1KTZ_A_B,skempi,0,A,R,64,,K
A,1KTZ_A_B,skempi,0,B,L,3,,A
A,1KTZ_A_B,skempi,0,B,F,6,,A
A,1KTZ_A_B,skempi,0,B,D,8,,A
A,1KTZ_A_B,skempi,0,B,D,8,,N
A,1KTZ_A_B,skempi,0,B,S,25,,A
A,1KTZ_A_B,skempi,0,B,I,26,,A
A,1KTZ_A_B,skempi,0,B,T,27,,A
A,1KTZ_A_B,skempi,0,B,S,28,,A
A,1KTZ_A_B,skempi,0,B,S,28,,L
A,1KTZ_A_B,skempi,0,B,I,29,,A
A,1KTZ_A_B,skempi,0,B,E,31,,A
A,1KTZ_A_B,skempi,0,B,D,94,,A
A,1KTZ_A_B,skempi,0,B,E,95,,A
A,1KTZ_A_B,skempi,0,B,E,95,,Q
A,1LFD_A_B,skempi,0,A,I,5,,A
A,1LFD_A_B,skempi,0,A,N,14,,A
A,1LFD_A_B,skempi,0,A,N,14,,K
A,1LFD_A_B,skempi,0,A,N,16,,A
A,1LFD_A_B,skempi,0,A,M,17,,K
A,1LFD_A_B,skempi,0,A,Y,18,,A
A,1LFD_A_B,skempi,0,A,Y,18,,F
A,1LFD_A_B,skempi,0,A,K,19,,A
A,1LFD_A_B,skempi,0,A,S,20,,A
A,1LFD_A_B,skempi,0,A,D,38,,A
A,1LFD_A_B,skempi,0,A,D,38,,K
A,1LFD_A_B,skempi,0,A,K,39,,A
A,1LFD_A_B,skempi,0,A,N,41,,K
A,1LFD_A_B,skempi,0,B,Q,25,,A
A,1LFD_A_B,skempi,0,B,D,33,,A
A,1LFD_A_B,skempi,0,B,E,37,,A
A,1LFD_A_B,skempi,0,B,D,38,,A
A,1LFD_A_B,skempi,0,B,S,39,,A
A,1LFD_A_B,skempi,0,B,Y,40,,A
A,1LFD_A_B,skempi,0,B,Y,40,,F
A,1LFD_A_B,skempi,0,B,R,41,,A
A,1LP9_ABC_EF,skempi,0,A,K,66,,A
A,1LP9_ABC_EF,skempi,0,A,T,163,,A
A,1LP9_ABC_EF,skempi,0,A,W,167,,A
A,1M9E_A_D,skempi,0,D,A,76,,H
A,1MAH_A_F,skempi,0,A,Y,69,,N
A,1MAH_A_F,skempi,0,A,W,276,,R
A,1MHP_HL_A,skempi,0,H,R,31,,Q
A,1MHP_HL_A,skempi,0,H,T,33,,N
A,1MHP_HL_A,skempi,0,H,T,33,,V
A,1MHP_HL_A,skempi,0,H,S,52,,M
A,1MHP_HL_A,skempi,0,H,G,53,,A
A,1MHP_HL_A,skempi,0,H,G,53,,N
A,1MHP_HL_A,skempi,0,H,G,53,,S
A,1MHP_HL_A,skempi,0,H,G,54,,I
A,1MHP_HL_A,skempi,0,H,G,54,,T
A,1MHP_HL_A,skempi,0,H,G,54,,Y
A,1MHP_HL_A,skempi,0,H,Y,58,,E
A,1MHP_HL_A,skempi,0,H,Y,58,,Q
A,1MHP_HL_A,skempi,0,H,Y,58,,W
A,1MHP_HL_A,skempi,0,H,G,100,,F
A,1MHP_HL_A,skempi,0,H,G,100,,L
A,1MHP_HL_A,skempi,0,H,G,100,,M
A,1MHP_HL_A,skempi,0,H,G,100,,S
A,1MHP_HL_A,skempi,0,L,N,29,,V
A,1MHP_HL_A,skempi,0,L,N,29,,W
A,1MHP_HL_A,skempi,0,L,N,29,,Y
A,1MHP_HL_A,skempi,0,L,H,30,,K
A,1MHP_HL_A,skempi,0,L,H,30,,R
A,1MHP_HL_A,skempi,0,L,H,30,,W
A,1MHP_HL_A,skempi,0,L,L,48,,F
A,1MHP_HL_A,skempi,0,L,L,48,,K
A,1MHP_HL_A,skempi,0,L,L,48,,W
A,1MHP_HL_A,skempi,0,L,W,89,,Q
A,1MHP_HL_A,skempi,0,L,S,90,,Q
A,1MHP_HL_A,skempi,0,L,S,90,,R
A,1MHP_HL_A,skempi,0,L,S,90,,T
A,1MI5_ABC_DE,skempi,0,D,S,26,,A
A,1MI5_ABC_DE,skempi,0,D,T,28,,A
A,1MI5_ABC_DE,skempi,0,D,Y,30,,A
A,1MI5_ABC_DE,skempi,0,D,H,47,,A
A,1MI5_ABC_DE,skempi,0,D,L,49,,A
A,1MI5_ABC_DE,skempi,0,D,T,50,,A
A,1MI5_ABC_DE,skempi,0,D,S,51,,A
A,1MI5_ABC_DE,skempi,0,D,L,90,,A
A,1MI5_ABC_DE,skempi,0,D,G,92,,A
A,1MI5_ABC_DE,skempi,0,D,G,93,,A
A,1MI5_ABC_DE,skempi,0,D,T,94,,A
A,1MI5_ABC_DE,skempi,0,D,S,95,,A
A,1MI5_ABC_DE,skempi,0,D,Y,96,,A
A,1MI5_ABC_DE,skempi,0,E,V,28,,A
A,1MI5_ABC_DE,skempi,0,E,Q,48,,A
A,1MI5_ABC_DE,skempi,0,E,N,49,,A
A,1MI5_ABC_DE,skempi,0,E,E,50,,A
A,1MI5_ABC_DE,skempi,0,E,L,94,,A
A,1MI5_ABC_DE,skempi,0,E,G,95,,A
A,1MI5_ABC_DE,skempi,0,E,Q,96,,A
A,1MI5_ABC_DE,skempi,0,E,A,97,,G
A,1MI5_ABC_DE,skempi,0,E,Y,98,,A
A,1MLC_AB_E,skempi,0,A,N,32,,G
A,1MLC_AB_E,skempi,0,A,N,32,,Y
A,1MLC_AB_E,skempi,0,A,N,92,,A
A,1MLC_AB_E,skempi,0,B,T,31,,A
A,1MLC_AB_E,skempi,0,B,T,31,,V
A,1MLC_AB_E,skempi,0,B,T,31,,W
A,1MLC_AB_E,skempi,0,B,S,57,,A
A,1MLC_AB_E,skempi,0,B,S,57,,V
A,1N8O_ABC_E,skempi,0,E,M,80,,K
A,1N8O_ABC_E,skempi,0,E,M,80,,L
A,1N8O_ABC_E,skempi,0,E,M,80,,R
A,1N8Z_AB_C,skempi,0,A,N,30,,S
A,1N8Z_AB_C,skempi,0,A,H,91,,F
A,1N8Z_AB_C,skempi,0,A,T,94,,S
A,1N8Z_AB_C,skempi,0,B,R,50,,A
A,1N8Z_AB_C,skempi,0,B,R,59,,A
A,1N8Z_AB_C,skempi,0,B,Y,105,,F
A,1NCA_N_LH,skempi,0,H,N,31,,Q
A,1NCA_N_LH,skempi,0,H,E,100,,D
A,1NCA_N_LH,skempi,0,H,D,101,,K
A,1NCA_N_LH,skempi,0,H,N,102,,Q
A,1NMB_N_LH,skempi,0,H,D,57,,E
A,1NMB_N_LH,skempi,0,H,D,57,,N
A,1NMB_N_LH,skempi,0,H,Y,103,,A
A,1NMB_N_LH,skempi,0,H,Y,105,,F
A,1NMB_N_LH,skempi,0,L,Y,32,,F
A,1NMB_N_LH,skempi,0,L,T,93,,F
A,1NMB_N_LH,skempi,0,L,T,93,,W
A,1NMB_N_LH,skempi,0,L,L,94,,V
A,1OGA_ABC_DE,skempi,0,A,R,65,,A
A,1OGA_ABC_DE,skempi,0,A,K,66,,A
A,1OGA_ABC_DE,skempi,0,A,A,69,,G
A,1OGA_ABC_DE,skempi,0,A,Q,72,,A
A,1OGA_ABC_DE,skempi,0,A,T,73,,A
A,1OGA_ABC_DE,skempi,0,A,R,75,,A
A,1OGA_ABC_DE,skempi,0,A,V,76,,A
A,1OGA_ABC_DE,skempi,0,A,A,149,,G
A,1OGA_ABC_DE,skempi,0,A,A,150,,G
A,1OGA_ABC_DE,skempi,0,A,H,151,,A
A,1OGA_ABC_DE,skempi,0,A,V,152,,A
A,1OGA_ABC_DE,skempi,0,A,E,154,,A
A,1OGA_ABC_DE,skempi,0,A,Q,155,,A
A,1OGA_ABC_DE,skempi,0,A,A,158,,G
A,1OGA_ABC_DE,skempi,0,D,S,29,,A
A,1OGA_ABC_DE,skempi,0,E,D,28,,A
A,1OGA_ABC_DE,skempi,0,E,D,28,,S
A,1OGA_ABC_DE,skempi,0,E,Q,48,,A
A,1OGA_ABC_DE,skempi,0,E,Q,48,,E
A,1OGA_ABC_DE,skempi,0,E,I,49,,A
A,1OGA_ABC_DE,skempi,0,E,I,49,,G
A,1OGA_ABC_DE,skempi,0,E,I,49,,L
A,1OGA_ABC_DE,skempi,0,E,I,49,,N
A,1OGA_ABC_DE,skempi,0,E,I,49,,V
A,1OGA_ABC_DE,skempi,0,E,N,51,,A
A,1OGA_ABC_DE,skempi,0,E,N,51,,D
A,1OGA_ABC_DE,skempi,0,E,D,52,,A
A,1OGA_ABC_DE,skempi,0,E,Q,54,,A
A,1OGA_ABC_DE,skempi,0,E,Q,54,,E
A,1OGA_ABC_DE,skempi,0,E,R,94,,A
A,1OGA_ABC_DE,skempi,0,E,R,94,,H
A,1OGA_ABC_DE,skempi,0,E,S,95,,A
A,1OGA_ABC_DE,skempi,0,E,Y,97,,A
A,1OGA_ABC_DE,skempi,0,E,Y,97,,F
A,1P69_A_B,skempi,0,A,S,15,,P
A,1P6A_A_B,skempi,0,A,Y,87,,S
A,1PPF_E_I,skempi,0,I,P,14,,A
A,1PPF_E_I,skempi,0,I,P,14,,C
A,1PPF_E_I,skempi,0,I,P,14,,D
A,1PPF_E_I,skempi,0,I,P,14,,E
A,1PPF_E_I,skempi,0,I,P,14,,F
A,1PPF_E_I,skempi,0,I,P,14,,G
A,1PPF_E_I,skempi,0,I,P,14,,H
A,1PPF_E_I,skempi,0,I,P,14,,I
A,1PPF_E_I,skempi,0,I,P,14,,K
A,1PPF_E_I,skempi,0,I,P,14,,L
A,1PPF_E_I,skempi,0,I,P,14,,M
A,1PPF_E_I,skempi,0,I,P,14,,N
A,1PPF_E_I,skempi,0,I,P,14,,Q
A,1PPF_E_I,skempi,0,I,P,14,,R
A,1PPF_E_I,skempi,0,I,P,14,,S
A,1PPF_E_I,skempi,0,I,P,14,,T
A,1PPF_E_I,skempi,0,I,P,14,,V
A,1PPF_E_I,skempi,0,I,P,14,,W
A,1PPF_E_I,skempi,0,I,P,14,,Y
A,1PPF_E_I,skempi,0,I,A,15,,C
A,1PPF_E_I,skempi,0,I,A,15,,D
A,1PPF_E_I,skempi,0,I,A,15,,E
A,1PPF_E_I,skempi,0,I,A,15,,F
A,1PPF_E_I,skempi,0,I,A,15,,G
A,1PPF_E_I,skempi,0,I,A,15,,H
A,1PPF_E_I,skempi,0,I,A,15,,I
A,1PPF_E_I,skempi,0,I,A,15,,K
A,1PPF_E_I,skempi,0,I,A,15,,L
A,1PPF_E_I,skempi,0,I,A,15,,M
A,1PPF_E_I,skempi,0,I,A,15,,N
A,1PPF_E_I,skempi,0,I,A,15,,P
A,1PPF_E_I,skempi,0,I,A,15,,Q
A,1PPF_E_I,skempi,0,I,A,15,,R
A,1PPF_E_I,skempi,0,I,A,15,,S
A,1PPF_E_I,skempi,0,I,A,15,,T
A,1PPF_E_I,skempi,0,I,A,15,,V
A,1PPF_E_I,skempi,0,I,A,15,,W
A,1PPF_E_I,skempi,0,I,A,15,,Y
A,1PPF_E_I,skempi,0,I,T,17,,A
A,1PPF_E_I,skempi,0,I,T,17,,C
A,1PPF_E_I,skempi,0,I,T,17,,D
A,1PPF_E_I,skempi,0,I,T,17,,E
A,1PPF_E_I,skempi,0,I,T,17,,F
A,1PPF_E_I,skempi,0,I,T,17,,G
A,1PPF_E_I,skempi,0,I,T,17,,H
A,1PPF_E_I,skempi,0,I,T,17,,I
A,1PPF_E_I,skempi,0,I,T,17,,K
A,1PPF_E_I,skempi,0,I,T,17,,L
A,1PPF_E_I,skempi,0,I,T,17,,M
A,1PPF_E_I,skempi,0,I,T,17,,N
A,1PPF_E_I,skempi,0,I,T,17,,P
A,1PPF_E_I,skempi,0,I,T,17,,Q
A,1PPF_E_I,skempi,0,I,T,17,,R
A,1PPF_E_I,skempi,0,I,T,17,,S
A,1PPF_E_I,skempi,0,I,T,17,,V
A,1PPF_E_I,skempi,0,I,T,17,,W
A,1PPF_E_I,skempi,0,I,T,17,,Y
A,1PPF_E_I,skempi,0,I,L,18,,A
A,1PPF_E_I,skempi,0,I,L,18,,C
A,1PPF_E_I,skempi,0,I,L,18,,D
A,1PPF_E_I,skempi,0,I,L,18,,E
A,1PPF_E_I,skempi,0,I,L,18,,F
A,1PPF_E_I,skempi,0,I,L,18,,G
A,1PPF_E_I,skempi,0,I,L,18,,H
A,1PPF_E_I,skempi,0,I,L,18,,I
A,1PPF_E_I,skempi,0,I,L,18,,K
A,1PPF_E_I,skempi,0,I,L,18,,M
A,1PPF_E_I,skempi,0,I,L,18,,N
A,1PPF_E_I,skempi,0,I,L,18,,P
A,1PPF_E_I,skempi,0,I,L,18,,Q
A,1PPF_E_I,skempi,0,I,L,18,,R
A,1PPF_E_I,skempi,0,I,L,18,,S
A,1PPF_E_I,skempi,0,I,L,18,,T
A,1PPF_E_I,skempi,0,I,L,18,,V
A,1PPF_E_I,skempi,0,I,L,18,,W
A,1PPF_E_I,skempi,0,I,L,18,,Y
A,1PPF_E_I,skempi,0,I,E,19,,A
A,1PPF_E_I,skempi,0,I,E,19,,C
A,1PPF_E_I,skempi,0,I,E,19,,D
A,1PPF_E_I,skempi,0,I,E,19,,F
A,1PPF_E_I,skempi,0,I,E,19,,G
A,1PPF_E_I,skempi,0,I,E,19,,H
A,1PPF_E_I,skempi,0,I,E,19,,I
A,1PPF_E_I,skempi,0,I,E,19,,K
A,1PPF_E_I,skempi,0,I,E,19,,L
A,1PPF_E_I,skempi,0,I,E,19,,M
A,1PPF_E_I,skempi,0,I,E,19,,N
A,1PPF_E_I,skempi,0,I,E,19,,P
A,1PPF_E_I,skempi,0,I,E,19,,Q
A,1PPF_E_I,skempi,0,I,E,19,,R
A,1PPF_E_I,skempi,0,I,E,19,,S
A,1PPF_E_I,skempi,0,I,E,19,,T
A,1PPF_E_I,skempi,0,I,E,19,,V
A,1PPF_E_I,skempi,0,I,E,19,,W
A,1PPF_E_I,skempi,0,I,E,19,,Y
A,1PPF_E_I,skempi,0,I,Y,20,,A
A,1PPF_E_I,skempi,0,I,Y,20,,C
A,1PPF_E_I,skempi,0,I,Y,20,,D
A,1PPF_E_I,skempi,0,I,Y,20,,E
A,1PPF_E_I,skempi,0,I,Y,20,,F
A,1PPF_E_I,skempi,0,I,Y,20,,G
A,1PPF_E_I,skempi,0,I,Y,20,,H
A,1PPF_E_I,skempi,0,I,Y,20,,I
A,1PPF_E_I,skempi,0,I,Y,20,,K
A,1PPF_E_I,skempi,0,I,Y,20,,L
A,1PPF_E_I,skempi,0,I,Y,20,,M
A,1PPF_E_I,skempi,0,I,Y,20,,N
A,1PPF_E_I,skempi,0,I,Y,20,,P
A,1PPF_E_I,skempi,0,I,Y,20,,Q
A,1PPF_E_I,skempi,0,I,Y,20,,R
A,1PPF_E_I,skempi,0,I,Y,20,,S
A,1PPF_E_I,skempi,0,I,Y,20,,T
A,1PPF_E_I,skempi,0,I,Y,20,,V
A,1PPF_E_I,skempi,0,I,Y,20,,W
A,1PPF_E_I,skempi,0,I,R,21,,A
A,1PPF_E_I,skempi,0,I,R,21,,C
A,1PPF_E_I,skempi,0,I,R,21,,D
A,1PPF_E_I,skempi,0,I,R,21,,E
A,1PPF_E_I,skempi,0,I,R,21,,F
A,1PPF_E_I,skempi,0,I,R,21,,G
A,1PPF_E_I,skempi,0,I,R,21,,H
A,1PPF_E_I,skempi,0,I,R,21,,I
A,1PPF_E_I,skempi,0,I,R,21,,K
A,1PPF_E_I,skempi,0,I,R,21,,L
A,1PPF_E_I,skempi,0,I,R,21,,M
A,1PPF_E_I,skempi,0,I,R,21,,N
A,1PPF_E_I,skempi,0,I,R,21,,P
A,1PPF_E_I,skempi,0,I,R,21,,Q
A,1PPF_E_I,skempi,0,I,R,21,,S
A,1PPF_E_I,skempi,0,I,R,21,,T
A,1PPF_E_I,skempi,0,I,R,21,,V
A,1PPF_E_I,skempi,0,I,R,21,,W
A,1PPF_E_I,skempi,0,I,R,21,,Y
A,1PPF_E_I,skempi,0,I,G,32,,A
A,1PPF_E_I,skempi,0,I,G,32,,C
A,1PPF_E_I,skempi,0,I,G,32,,D
A,1PPF_E_I,skempi,0,I,G,32,,E
A,1PPF_E_I,skempi,0,I,G,32,,F
A,1PPF_E_I,skempi,0,I,G,32,,H
A,1PPF_E_I,skempi,0,I,G,32,,I
A,1PPF_E_I,skempi,0,I,G,32,,K
A,1PPF_E_I,skempi,0,I,G,32,,L
A,1PPF_E_I,skempi,0,I,G,32,,M
A,1PPF_E_I,skempi,0,I,G,32,,N
A,1PPF_E_I,skempi,0,I,G,32,,P
A,1PPF_E_I,skempi,0,I,G,32,,Q
A,1PPF_E_I,skempi,0,I,G,32,,R
A,1PPF_E_I,skempi,0,I,G,32,,S
A,1PPF_E_I,skempi,0,I,G,32,,T
A,1PPF_E_I,skempi,0,I,G,32,,V
A,1PPF_E_I,skempi,0,I,G,32,,W
A,1PPF_E_I,skempi,0,I,G,32,,Y
A,1PPF_E_I,skempi,0,I,N,36,,A
A,1PPF_E_I,skempi,0,I,N,36,,C
A,1PPF_E_I,skempi,0,I,N,36,,D
A,1PPF_E_I,skempi,0,I,N,36,,E
A,1PPF_E_I,skempi,0,I,N,36,,F
A,1PPF_E_I,skempi,0,I,N,36,,G
A,1PPF_E_I,skempi,0,I,N,36,,H
A,1PPF_E_I,skempi,0,I,N,36,,I
A,1PPF_E_I,skempi,0,I,N,36,,K
A,1PPF_E_I,skempi,0,I,N,36,,L
A,1PPF_E_I,skempi,0,I,N,36,,M
A,1PPF_E_I,skempi,0,I,N,36,,P
A,1PPF_E_I,skempi,0,I,N,36,,Q
A,1PPF_E_I,skempi,0,I,N,36,,R
A,1PPF_E_I,skempi,0,I,N,36,,S
A,1PPF_E_I,skempi,0,I,N,36,,T
A,1PPF_E_I,skempi,0,I,N,36,,V
A,1PPF_E_I,skempi,0,I,N,36,,W
A,1PPF_E_I,skempi,0,I,N,36,,Y
A,1QSE_ABC_DE,skempi,0,C,R,7,,V
A,1R0R_E_I,skempi,0,I,K,8,,A
A,1R0R_E_I,skempi,0,I,K,8,,C
A,1R0R_E_I,skempi,0,I,K,8,,D
A,1R0R_E_I,skempi,0,I,K,8,,E
A,1R0R_E_I,skempi,0,I,K,8,,F
A,1R0R_E_I,skempi,0,I,K,8,,G
A,1R0R_E_I,skempi,0,I,K,8,,H
A,1R0R_E_I,skempi,0,I,K,8,,I
A,1R0R_E_I,skempi,0,I,K,8,,L
A,1R0R_E_I,skempi,0,I,K,8,,M
A,1R0R_E_I,skempi,0,I,K,8,,N
A,1R0R_E_I,skempi,0,I,K,8,,P
A,1R0R_E_I,skempi,0,I,K,8,,Q
A,1R0R_E_I,skempi,0,I,K,8,,R
A,1R0R_E_I,skempi,0,I,K,8,,S
A,1R0R_E_I,skempi,0,I,K,8,,T
A,1R0R_E_I,skempi,0,I,K,8,,V
A,1R0R_E_I,skempi,0,I,K,8,,W
A,1R0R_E_I,skempi,0,I,K,8,,Y
A,1R0R_E_I,skempi,0,I,P,9,,A
A,1R0R_E_I,skempi,0,I,P,9,,C
A,1R0R_E_I,skempi,0,I,P,9,,D
A,1R0R_E_I,skempi,0,I,P,9,,E
A,1R0R_E_I,skempi,0,I,P,9,,F
A,1R0R_E_I,skempi,0,I,P,9,,G
A,1R0R_E_I,skempi,0,I,P,9,,H
A,1R0R_E_I,skempi,0,I,P,9,,I
A,1R0R_E_I,skempi,0,I,P,9,,K
A,1R0R_E_I,skempi,0,I,P,9,,L
A,1R0R_E_I,skempi,0,I,P,9,,M
A,1R0R_E_I,skempi,0,I,P,9,,N
A,1R0R_E_I,skempi,0,I,P,9,,Q
A,1R0R_E_I,skempi,0,I,P,9,,R
A,1R0R_E_I,skempi,0,I,P,9,,S
A,1R0R_E_I,skempi,0,I,P,9,,T
A,1R0R_E_I,skempi,0,I,P,9,,V
A,1R0R_E_I,skempi,0,I,P,9,,W
A,1R0R_E_I,skempi,0,I,P,9,,Y
A,1R0R_E_I,skempi,0,I,A,10,,C
A,1R0R_E_I,skempi,0,I,A,10,,D
A,1R0R_E_I,skempi,0,I,A,10,,E
A,1R0R_E_I,skempi,0,I,A,10,,F
A,1R0R_E_I,skempi,0,I,A,10,,G
A,1R0R_E_I,skempi,0,I,A,10,,H
A,1R0R_E_I,skempi,0,I,A,10,,I
A,1R0R_E_I,skempi,0,I,A,10,,K
A,1R0R_E_I,skempi,0,I,A,10,,L
A,1R0R_E_I,skempi,0,I,A,10,,M
A,1R0R_E_I,skempi,0,I,A,10,,N
A,1R0R_E_I,skempi,0,I,A,10,,P
A,1R0R_E_I,skempi,0,I,A,10,,Q
A,1R0R_E_I,skempi,0,I,A,10,,R
A,1R0R_E_I,skempi,0,I,A,10,,S
A,1R0R_E_I,skempi,0,I,A,10,,T
A,1R0R_E_I,skempi,0,I,A,10,,V
A,1R0R_E_I,skempi,0,I,A,10,,W
A,1R0R_E_I,skempi,0,I,A,10,,Y
A,1R0R_E_I,skempi,0,I,T,12,,A
A,1R0R_E_I,skempi,0,I,T,12,,C
A,1R0R_E_I,skempi,0,I,T,12,,D
A,1R0R_E_I,skempi,0,I,T,12,,E
A,1R0R_E_I,skempi,0,I,T,12,,F
A,1R0R_E_I,skempi,0,I,T,12,,G
A,1R0R_E_I,skempi,0,I,T,12,,H
A,1R0R_E_I,skempi,0,I,T,12,,I
A,1R0R_E_I,skempi,0,I,T,12,,K
A,1R0R_E_I,skempi,0,I,T,12,,L
A,1R0R_E_I,skempi,0,I,T,12,,M
A,1R0R_E_I,skempi,0,I,T,12,,N
A,1R0R_E_I,skempi,0,I,T,12,,P
A,1R0R_E_I,skempi,0,I,T,12,,Q
A,1R0R_E_I,skempi,0,I,T,12,,R
A,1R0R_E_I,skempi,0,I,T,12,,S
A,1R0R_E_I,skempi,0,I,T,12,,V
A,1R0R_E_I,skempi,0,I,T,12,,W
A,1R0R_E_I,skempi,0,I,T,12,,Y
A,1R0R_E_I,skempi,0,I,L,13,,A
A,1R0R_E_I,skempi,0,I,L,13,,C
A,1R0R_E_I,skempi,0,I,L,13,,D
A,1R0R_E_I,skempi,0,I,L,13,,E
A,1R0R_E_I,skempi,0,I,L,13,,F
A,1R0R_E_I,skempi,0,I,L,13,,G
A,1R0R_E_I,skempi,0,I,L,13,,H
A,1R0R_E_I,skempi,0,I,L,13,,I
A,1R0R_E_I,skempi,0,I,L,13,,K
A,1R0R_E_I,skempi,0,I,L,13,,M
A,1R0R_E_I,skempi,0,I,L,13,,N
A,1R0R_E_I,skempi,0,I,L,13,,P
A,1R0R_E_I,skempi,0,I,L,13,,Q
A,1R0R_E_I,skempi,0,I,L,13,,R
A,1R0R_E_I,skempi,0,I,L,13,,S
A,1R0R_E_I,skempi,0,I,L,13,,T
A,1R0R_E_I,skempi,0,I,L,13,,V
A,1R0R_E_I,skempi,0,I,L,13,,W
A,1R0R_E_I,skempi,0,I,L,13,,Y
A,1R0R_E_I,skempi,0,I,E,14,,A
A,1R0R_E_I,skempi,0,I,E,14,,C
A,1R0R_E_I,skempi,0,I,E,14,,D
A,1R0R_E_I,skempi,0,I,E,14,,F
A,1R0R_E_I,skempi,0,I,E,14,,G
A,1R0R_E_I,skempi,0,I,E,14,,H
A,1R0R_E_I,skempi,0,I,E,14,,I
A,1R0R_E_I,skempi,0,I,E,14,,K
A,1R0R_E_I,skempi,0,I,E,14,,L
A,1R0R_E_I,skempi,0,I,E,14,,M
A,1R0R_E_I,skempi,0,I,E,14,,N
A,1R0R_E_I,skempi,0,I,E,14,,P
A,1R0R_E_I,skempi,0,I,E,14,,Q
A,1R0R_E_I,skempi,0,I,E,14,,R
A,1R0R_E_I,skempi,0,I,E,14,,S
A,1R0R_E_I,skempi,0,I,E,14,,T
A,1R0R_E_I,skempi,0,I,E,14,,V
A,1R0R_E_I,skempi,0,I,E,14,,W
A,1R0R_E_I,skempi,0,I,E,14,,Y
A,1R0R_E_I,skempi,0,I,Y,15,,A
A,1R0R_E_I,skempi,0,I,Y,15,,C
A,1R0R_E_I,skempi,0,I,Y,15,,D
A,1R0R_E_I,skempi,0,I,Y,15,,E
A,1R0R_E_I,skempi,0,I,Y,15,,F
A,1R0R_E_I,skempi,0,I,Y,15,,G
A,1R0R_E_I,skempi,0,I,Y,15,,H
A,1R0R_E_I,skempi,0,I,Y,15,,I
A,1R0R_E_I,skempi,0,I,Y,15,,K
A,1R0R_E_I,skempi,0,I,Y,15,,L
A,1R0R_E_I,skempi,0,I,Y,15,,M
A,1R0R_E_I,skempi,0,I,Y,15,,N
A,1R0R_E_I,skempi,0,I,Y,15,,P
A,1R0R_E_I,skempi,0,I,Y,15,,Q
A,1R0R_E_I,skempi,0,I,Y,15,,R
A,1R0R_E_I,skempi,0,I,Y,15,,S
A,1R0R_E_I,skempi,0,I,Y,15,,T
A,1R0R_E_I,skempi,0,I,Y,15,,V
A,1R0R_E_I,skempi,0,I,Y,15,,W
A,1R0R_E_I,skempi,0,I,R,16,,A
A,1R0R_E_I,skempi,0,I,R,16,,C
A,1R0R_E_I,skempi,0,I,R,16,,D
A,1R0R_E_I,skempi,0,I,R,16,,E
A,1R0R_E_I,skempi,0,I,R,16,,F
A,1R0R_E_I,skempi,0,I,R,16,,G
A,1R0R_E_I,skempi,0,I,R,16,,H
A,1R0R_E_I,skempi,0,I,R,16,,I
A,1R0R_E_I,skempi,0,I,R,16,,K
A,1R0R_E_I,skempi,0,I,R,16,,L
A,1R0R_E_I,skempi,0,I,R,16,,M
A,1R0R_E_I,skempi,0,I,R,16,,N
A,1R0R_E_I,skempi,0,I,R,16,,P
A,1R0R_E_I,skempi,0,I,R,16,,Q
A,1R0R_E_I,skempi,0,I,R,16,,S
A,1R0R_E_I,skempi,0,I,R,16,,T
A,1R0R_E_I,skempi,0,I,R,16,,V
A,1R0R_E_I,skempi,0,I,R,16,,W
A,1R0R_E_I,skempi,0,I,R,16,,Y
A,1R0R_E_I,skempi,0,I,G,27,,A
A,1R0R_E_I,skempi,0,I,G,27,,C
A,1R0R_E_I,skempi,0,I,G,27,,D
A,1R0R_E_I,skempi,0,I,G,27,,E
A,1R0R_E_I,skempi,0,I,G,27,,F
A,1R0R_E_I,skempi,0,I,G,27,,H
A,1R0R_E_I,skempi,0,I,G,27,,I
A,1R0R_E_I,skempi,0,I,G,27,,K
A,1R0R_E_I,skempi,0,I,G,27,,L
A,1R0R_E_I,skempi,0,I,G,27,,M
A,1R0R_E_I,skempi,0,I,G,27,,N
A,1R0R_E_I,skempi,0,I,G,27,,P
A,1R0R_E_I,skempi,0,I,G,27,,Q
A,1R0R_E_I,skempi,0,I,G,27,,R
A,1R0R_E_I,skempi,0,I,G,27,,S
A,1R0R_E_I,skempi,0,I,G,27,,T
A,1R0R_E_I,skempi,0,I,G,27,,V
A,1R0R_E_I,skempi,0,I,G,27,,W
A,1R0R_E_I,skempi,0,I,G,27,,Y
A,1REW_AB_C,skempi,0,C,Q,55,,A
A,1S0W_A_C,skempi,0,C,A,142,,F
A,1S1Q_A_B,skempi,0,A,V,41,,A
A,1S1Q_A_B,skempi,0,A,N,43,,A
A,1S1Q_A_B,skempi,0,A,D,44,,A
A,1S1Q_A_B,skempi,0,A,F,86,,A
A,1SBB_A_B,skempi,0,B,L,20,,T
A,1SBB_A_B,skempi,0,B,V,26,,Y
A,1SBB_A_B,skempi,0,B,Y,91,,V
A,1SBN_E_I,skempi,0,I,R,38,,K
A,1SGD_E_I,skempi,0,I,D,13,,L
A,1SGE_E_I,skempi,0,I,E,13,,L
A,1SGN_E_I,skempi,0,I,N,13,,L
A,1SGP_E_I,skempi,0,I,A,13,,L
A,1SGQ_E_I,skempi,0,I,G,13,,L
A,1SGY_E_I,skempi,0,I,Y,13,,L
A,1SMF_E_I,skempi,0,I,T,2,,A
A,1SMF_E_I,skempi,0,I,K,3,,A
A,1SMF_E_I,skempi,0,I,S,4,,A
A,1SMF_E_I,skempi,0,I,I,5,,A
A,1SMF_E_I,skempi,0,I,E,8,,A
A,1TM1_E_I,skempi,0,I,T,39,,A
A,1TM1_E_I,skempi,0,I,T,39,,D
A,1TM1_E_I,skempi,0,I,T,39,,P
A,1TM1_E_I,skempi,0,I,M,40,,A
A,1TM1_E_I,skempi,0,I,M,40,,F
A,1TM1_E_I,skempi,0,I,M,40,,G
A,1TM1_E_I,skempi,0,I,M,40,,K
A,1TM1_E_I,skempi,0,I,M,40,,Y
A,1TM1_E_I,skempi,0,I,E,41,,A
A,1TM1_E_I,skempi,0,I,E,41,,S
A,1TM1_E_I,skempi,0,I,Y,42,,A
A,1TM1_E_I,skempi,0,I,Y,42,,G
A,1TM1_E_I,skempi,0,I,R,43,,A
A,1TM3_E_I,skempi,0,I,K,40,,M
A,1TM4_E_I,skempi,0,I,G,40,,M
A,1TM5_E_I,skempi,0,I,A,40,,M
A,1TM7_E_I,skempi,0,I,Y,40,,M
A,1TMG_E_I,skempi,0,I,F,40,,M
A,1TO1_E_I,skempi,0,I,A,42,,Y
A,1U7F_B_AC,skempi,0,B,R,65,,A
A,1U7F_B_AC,skempi,0,B,D,140,,A
A,1UUZ_A_D,skempi,0,A,H,62,,A
A,1UUZ_A_D,skempi,0,A,H,62,,D
A,1UUZ_A_D,skempi,0,A,H,62,,N
A,1UUZ_A_D,skempi,0,A,H,62,,Q
A,1UUZ_A_D,skempi,0,A,C,64,,A
A,1VFB_AB_C,skempi,0,A,H,30,,A
A,1VFB_AB_C,skempi,0,A,Y,32,,A
A,1VFB_AB_C,skempi,0,A,Y,32,,W
A,1VFB_AB_C,skempi,0,A,Y,49,,A
A,1VFB_AB_C,skempi,0,A,Y,50,,A
A,1VFB_AB_C,skempi,0,A,Y,50,,K
A,1VFB_AB_C,skempi,0,A,Y,50,,R
A,1VFB_AB_C,skempi,0,A,T,53,,R
A,1VFB_AB_C,skempi,0,A,W,92,,A
A,1VFB_AB_C,skempi,0,A,S,93,,A
A,1VFB_AB_C,skempi,0,B,G,31,,A
A,1VFB_AB_C,skempi,0,B,G,31,,E
A,1VFB_AB_C,skempi,0,B,G,31,,W
A,1VFB_AB_C,skempi,0,B,Y,32,,A
A,1VFB_AB_C,skempi,0,B,Y,32,,E
A,1VFB_AB_C,skempi,0,B,W,52,,A
A,1VFB_AB_C,skempi,0,B,D,54,,A
A,1VFB_AB_C,skempi,0,B,R,99,,A
A,1VFB_AB_C,skempi,0,B,R,99,,W
A,1VFB_AB_C,skempi,0,B,R,99,,Y
A,1VFB_AB_C,skempi,0,B,D,100,,A
A,1VFB_AB_C,skempi,0,B,Y,101,,F
A,1VFB_AB_C,skempi,0,C,D,18,,A
A,1VFB_AB_C,skempi,0,C,N,19,,A
A,1VFB_AB_C,skempi,0,C,S,24,,A
A,1VFB_AB_C,skempi,0,C,K,116,,A
A,1VFB_AB_C,skempi,0,C,T,118,,A
A,1VFB_AB_C,skempi,0,C,D,119,,A
A,1VFB_AB_C,skempi,0,C,V,120,,A
A,1VFB_AB_C,skempi,0,C,Q,121,,A
A,1VFB_AB_C,skempi,0,C,I,124,,A
A,1VFB_AB_C,skempi,0,C,R,125,,A
A,1VFB_AB_C,skempi,0,C,L,129,,A
A,1X1X_A_D,skempi,0,D,A,76,,E
A,1XD3_A_B,skempi,0,B,L,8,,A
A,1XD3_A_B,skempi,0,B,K,11,,R
A,1XD3_A_B,skempi,0,B,D,39,,A
A,1XD3_A_B,skempi,0,B,R,42,,L
A,1XD3_A_B,skempi,0,B,I,44,,A
A,1XD3_A_B,skempi,0,B,H,68,,N
A,1XD3_A_B,skempi,0,B,R,72,,L
A,1XD3_A_B,skempi,0,B,R,74,,L
A,1XGQ_AB_C,skempi,0,B,V,33,,A
A,1XGQ_AB_C,skempi,0,B,V,33,,F
A,1XGQ_AB_C,skempi,0,B,V,33,,I
A,1XGQ_AB_C,skempi,0,B,V,33,,L
A,1XGR_AB_C,skempi,0,B,I,33,,A
A,1XGR_AB_C,skempi,0,B,I,33,,F
A,1XGR_AB_C,skempi,0,B,I,33,,L
A,1XGR_AB_C,skempi,0,B,I,33,,V
A,1XGT_AB_C,skempi,0,B,L,33,,A
A,1XGT_AB_C,skempi,0,B,L,33,,F
A,1XGT_AB_C,skempi,0,B,L,33,,I
A,1XGT_AB_C,skempi,0,B,L,33,,V
A,1XGU_AB_C,skempi,0,B,F,33,,A
A,1XGU_AB_C,skempi,0,B,F,33,,I
A,1XGU_AB_C,skempi,0,B,F,33,,L
A,1XGU_AB_C,skempi,0,B,F,33,,V
A,1Y1K_E_I,skempi,0,I,A,39,,T
A,1Y33_E_I,skempi,0,I,P,39,,T
A,1Y34_E_I,skempi,0,I,A,41,,E
A,1Y3B_E_I,skempi,0,I,S,41,,E
A,1YCS_A_B,skempi,0,A,R,177,,H
A,1YQV_HL_Y,skempi,0,Y,R,45,,K
A,1YY9_CD_A,skempi,0,C,N,93,,A
A,1YY9_CD_A,skempi,0,D,W,52,,P
A,1YY9_CD_A,skempi,0,D,S,53,,P
A,1YY9_CD_A,skempi,0,D,G,54,,P
A,1YY9_CD_A,skempi,0,D,N,56,,A
A,1YY9_CD_A,skempi,0,D,Y,101,,P
A,1Z7X_W_X,skempi,0,W,W,261,,A
A,1Z7X_W_X,skempi,0,W,W,263,,A
A,1Z7X_W_X,skempi,0,W,E,287,,A
A,1Z7X_W_X,skempi,0,W,W,318,,A
A,1Z7X_W_X,skempi,0,W,K,320,,A
A,1Z7X_W_X,skempi,0,W,W,375,,A
A,1Z7X_W_X,skempi,0,W,E,401,,A
A,1Z7X_W_X,skempi,0,W,Y,434,,A
A,1Z7X_W_X,skempi,0,W,Y,434,,F
A,1Z7X_W_X,skempi,0,W,D,435,,A
A,1Z7X_W_X,skempi,0,W,Y,437,,A
A,1Z7X_W_X,skempi,0,W,Y,437,,F
A,1Z7X_W_X,skempi,0,W,R,457,,A
A,1Z7X_W_X,skempi,0,W,I,459,,A
A,2A9K_A_B,skempi,0,B,G,55,,D
A,2A9K_A_B,skempi,0,B,E,65,,A
A,2AJF_A_E,skempi,0,A,D,20,,A
A,2AJF_A_E,skempi,0,A,Y,23,,A
A,2AJF_A_E,skempi,0,A,Y,23,,F
A,2AJF_A_E,skempi,0,E,N,151,,K
A,2AJF_A_E,skempi,0,E,T,159,,S
A,2AK4_ABC_DE,skempi,0,A,Q,65,,A
A,2AK4_ABC_DE,skempi,0,A,T,69,,A
A,2AK4_ABC_DE,skempi,0,A,R,151,,A
A,2AK4_ABC_DE,skempi,0,A,E,154,,A
A,2AK4_ABC_DE,skempi,0,A,Q,155,,A
A,2AK4_ABC_DE,skempi,0,A,R,157,,A
A,2AK4_ABC_DE,skempi,0,A,A,158,,G
A,2AK4_ABC_DE,skempi,0,A,E,161,,A
A,2AK4_ABC_DE,skempi,0,A,L,163,,A
A,2AK4_ABC_DE,skempi,0,C,P,4,,A
A,2AK4_ABC_DE,skempi,0,C,L,5,,A
A,2AK4_ABC_DE,skempi,0,C,P,6,,A
A,2AK4_ABC_DE,skempi,0,C,Q,7,,A
A,2AK4_ABC_DE,skempi,0,C,Q,9,,A
A,2AK4_ABC_DE,skempi,0,D,T,30,,A
A,2AK4_ABC_DE,skempi,0,D,N,51,,A
A,2AK4_ABC_DE,skempi,0,D,Y,97,,A
A,2AK4_ABC_DE,skempi,0,D,N,98,,A
A,2AK4_ABC_DE,skempi,0,E,N,26,,A
A,2AK4_ABC_DE,skempi,0,E,N,28,,A
A,2AK4_ABC_DE,skempi,0,E,S,29,,G
A,2AK4_ABC_DE,skempi,0,E,S,49,,A
A,2AK4_ABC_DE,skempi,0,E,L,94,,A
A,2AK4_ABC_DE,skempi,0,E,E,97,,A
A,2AW2_A_B,skempi,0,B,P,16,,A
A,2AW2_A_B,skempi,0,B,Y,22,,A
A,2AW2_A_B,skempi,0,B,V,35,,A
A,2B0U_AB_C,skempi,0,C,V,15,,E
A,2B0U_AB_C,skempi,0,C,F,47,,A
A,2B0U_AB_C,skempi,0,C,F,47,,E
A,2B0U_AB_C,skempi,0,C,I,51,,A
A,2B0U_AB_C,skempi,0,C,I,51,,E
A,2B0U_AB_C,skempi,0,C,F,52,,A
A,2B0U_AB_C,skempi,0,C,F,52,,E
A,2B10_A_B,skempi,0,B,S,87,,F
A,2B11_A_B,skempi,0,B,W,87,,F
A,2B2X_HL_A,skempi,0,L,Y,52,,E
A,2B42_A_B,skempi,0,A,H,357,,A
A,2B42_A_B,skempi,0,A,H,357,,K
A,2B42_A_B,skempi,0,A,H,357,,Q
A,2BDN_HL_A,skempi,0,H,D,31,,E
A,2BDN_HL_A,skempi,0,L,Y,30,,K
A,2BNR_ABC_DE,skempi,0,A,Q,43,,A
A,2BNR_ABC_DE,skempi,0,A,R,65,,A
A,2BNR_ABC_DE,skempi,0,A,K,66,,A
A,2BNR_ABC_DE,skempi,0,A,K,68,,A
A,2BNR_ABC_DE,skempi,0,A,A,69,,G
A,2BNR_ABC_DE,skempi,0,A,Q,72,,A
A,2BNR_ABC_DE,skempi,0,A,T,73,,A
A,2BNR_ABC_DE,skempi,0,A,R,75,,A
A,2BNR_ABC_DE,skempi,0,A,V,76,,A
A,2BNR_ABC_DE,skempi,0,A,K,146,,A
A,2BNR_ABC_DE,skempi,0,A,A,150,,G
A,2BNR_ABC_DE,skempi,0,A,H,151,,A
A,2BNR_ABC_DE,skempi,0,A,E,154,,A
A,2BNR_ABC_DE,skempi,0,A,Q,155,,A
A,2BNR_ABC_DE,skempi,0,A,T,163,,A
A,2BTF_A_P,skempi,0,P,F,59,,A
A,2BTF_A_P,skempi,0,P,V,60,,E
A,2BTF_A_P,skempi,0,P,G,120,,F
A,2BTF_A_P,skempi,0,P,K,125,,A
A,2C5D_A_C,skempi,0,C,V,66,,A
A,2DVW_A_B,skempi,0,A,R,39,,A
A,2DVW_A_B,skempi,0,A,K,114,,A
A,2DVW_A_B,skempi,0,A,E,180,,A
A,2DVW_A_B,skempi,0,B,R,7,,A
A,2DVW_A_B,skempi,0,B,K,62,,E
A,2E7L_EQ_AD,skempi,0,Q,F,5,,R
A,2FTL_E_I,skempi,0,I,T,11,,A
A,2FTL_E_I,skempi,0,I,P,13,,A
A,2FTL_E_I,skempi,0,I,K,15,,A
A,2FTL_E_I,skempi,0,I,K,15,,D
A,2FTL_E_I,skempi,0,I,K,15,,E
A,2FTL_E_I,skempi,0,I,K,15,,F
A,2FTL_E_I,skempi,0,I,K,15,,G
A,2FTL_E_I,skempi,0,I,K,15,,H
A,2FTL_E_I,skempi,0,I,K,15,,I
A,2FTL_E_I,skempi,0,I,K,15,,L
A,2FTL_E_I,skempi,0,I,K,15,,M
A,2FTL_E_I,skempi,0,I,K,15,,N
A,2FTL_E_I,skempi,0,I,K,15,,Q
A,2FTL_E_I,skempi,0,I,K,15,,R
A,2FTL_E_I,skempi,0,I,K,15,,S
A,2FTL_E_I,skempi,0,I,K,15,,T
A,2FTL_E_I,skempi,0,I,K,15,,V
A,2FTL_E_I,skempi,0,I,K,15,,W
A,2FTL_E_I,skempi,0,I,K,15,,Y
A,2FTL_E_I,skempi,0,I,R,17,,A
A,2FTL_E_I,skempi,0,I,I,18,,A
A,2FTL_E_I,skempi,0,I,I,19,,A
A,2FTL_E_I,skempi,0,I,V,34,,A
A,2FTL_E_I,skempi,0,I,G,37,,A
A,2FTL_E_I,skempi,0,I,R,39,,A
A,2G2U_A_B,skempi,0,A,D,79,,A
A,2G2U_A_B,skempi,0,A,D,79,,E
A,2G2U_A_B,skempi,0,A,D,79,,K
A,2G2U_A_B,skempi,0,B,E,31,,A
A,2G2U_A_B,skempi,0,B,S,35,,A
A,2G2U_A_B,skempi,0,B,F,36,,A
A,2G2U_A_B,skempi,0,B,S,39,,A
A,2G2U_A_B,skempi,0,B,G,48,,A
A,2G2U_A_B,skempi,0,B,Y,50,,A
A,2G2U_A_B,skempi,0,B,Y,51,,A
A,2G2U_A_B,skempi,0,B,Y,53,,A
A,2G2U_A_B,skempi,0,B,S,71,,A
A,2G2U_A_B,skempi,0,B,E,73,,A
A,2G2U_A_B,skempi,0,B,E,73,,M
A,2G2U_A_B,skempi,0,B,K,74,,A
A,2G2U_A_B,skempi,0,B,W,112,,A
A,2G2U_A_B,skempi,0,B,S,113,,A
A,2G2U_A_B,skempi,0,B,F,142,,A
A,2G2U_A_B,skempi,0,B,Y,143,,A
A,2G2U_A_B,skempi,0,B,R,144,,A
A,2G2U_A_B,skempi,0,B,H,148,,A
A,2G2U_A_B,skempi,0,B,W,150,,A
A,2G2U_A_B,skempi,0,B,R,160,,A
A,2G2U_A_B,skempi,0,B,W,162,,A
A,2G2W_A_B,skempi,0,A,K,79,,D
A,2GOX_A_B,skempi,0,B,R,31,,A
A,2GOX_A_B,skempi,0,B,N,38,,A
A,2GYK_A_B,skempi,0,A,A,49,,D
A,2HLE_A_B,skempi,0,A,L,87,,R
A,2HLE_A_B,skempi,0,A,K,141,,Q
A,2HRK_A_B,skempi,0,A,T,108,,V
A,2HRK_A_B,skempi,0,A,K,140,,A
A,2HRK_A_B,skempi,0,B,T,55,,V
A,2I26_N_L,skempi,0,N,A,29,,V
A,2J0T_A_D,skempi,0,D,T,2,,A
A,2J0T_A_D,skempi,0,D,T,2,,L
A,2J0T_A_D,skempi,0,D,T,2,,R
A,2J0T_A_D,skempi,0,D,T,2,,S
A,2J0T_A_D,skempi,0,D,V,4,,A
A,2J0T_A_D,skempi,0,D,V,4,,I
A,2J0T_A_D,skempi,0,D,V,4,,K
A,2J0T_A_D,skempi,0,D,V,4,,S
A,2J0T_A_D,skempi,0,D,M,66,,A
A,2J0T_A_D,skempi,0,D,S,68,,A
A,2J0T_A_D,skempi,0,D,S,68,,E
A,2J0T_A_D,skempi,0,D,S,68,,R
A,2J0T_A_D,skempi,0,D,S,68,,Y
A,2J0T_A_D,skempi,0,D,V,69,,I
A,2J0T_A_D,skempi,0,D,V,69,,T
A,2J0T_A_D,skempi,0,D,C,70,,S
A,2J1K_C_T,skempi,0,C,G,10,,D
A,2J1K_C_T,skempi,0,C,R,24,,A
A,2J8U_ABC_EF,skempi,0,A,A,66,,K
A,2JEL_LH_P,skempi,0,P,F,2,,W
A,2JEL_LH_P,skempi,0,P,F,2,,Y
A,2JEL_LH_P,skempi,0,P,Q,3,,K
A,2JEL_LH_P,skempi,0,P,Q,4,,K
A,2JEL_LH_P,skempi,0,P,T,34,,N
A,2JEL_LH_P,skempi,0,P,T,34,,Q
A,2JEL_LH_P,skempi,0,P,T,36,,Q
A,2JEL_LH_P,skempi,0,P,S,41,,C
A,2JEL_LH_P,skempi,0,P,S,64,,T
A,2JEL_LH_P,skempi,0,P,E,66,,K
A,2JEL_LH_P,skempi,0,P,E,68,,A
A,2JEL_LH_P,skempi,0,P,E,70,,A
A,2JEL_LH_P,skempi,0,P,E,70,,K
A,2JEL_LH_P,skempi,0,P,Q,71,,E
A,2JEL_LH_P,skempi,0,P,K,72,,E
A,2JEL_LH_P,skempi,0,P,K,72,,R
A,2JEL_LH_P,skempi,0,P,E,75,,R
A,2KSO_A_B,skempi,0,A,K,10,,D
A,2KSO_A_B,skempi,0,A,K,49,,D
A,2KSO_A_B,skempi,0,A,K,49,,E
A,2KSO_A_B,skempi,0,B,H,20,,E
A,2NU0_E_I,skempi,0,I,W,13,,L
A,2NU1_E_I,skempi,0,I,H,13,,L
A,2NU2_E_I,skempi,0,I,R,13,,L
A,2NU4_E_I,skempi,0,I,K,13,,L
A,2NYY_DC_A,skempi,0,A,S,874,,A
A,2NYY_DC_A,skempi,0,A,K,875,,A
A,2NYY_DC_A,skempi,0,A,F,889,,A
A,2NYY_DC_A,skempi,0,A,N,890,,A
A,2NYY_DC_A,skempi,0,A,L,891,,A
A,2NYY_DC_A,skempi,0,A,E,892,,A
A,2NYY_DC_A,skempi,0,A,F,925,,A
A,2NYY_DC_A,skempi,0,A,N,926,,A
A,2NYY_DC_A,skempi,0,A,S,927,,A
A,2NYY_DC_A,skempi,0,A,I,928,,A
A,2NYY_DC_A,skempi,0,A,D,1030,,A
A,2NYY_DC_A,skempi,0,A,R,1033,,A
A,2NYY_DC_A,skempi,0,A,T,1035,,A
A,2NYY_DC_A,skempi,0,A,H,1036,,A
A,2NYY_DC_A,skempi,0,A,R,1266,,A
A,2NYY_DC_A,skempi,0,C,S,28,,Q
A,2NYY_DC_A,skempi,0,C,D,30,,Y
A,2NYY_DC_A,skempi,0,C,S,31,,N
A,2NYY_DC_A,skempi,0,C,H,34,,R
A,2NYY_DC_A,skempi,0,D,Y,30,,D
A,2NYY_DC_A,skempi,0,D,Y,30,,Q
A,2NYY_DC_A,skempi,0,D,Y,56,,Q
A,2NZ9_DC_A,skempi,0,A,S,874,,A
A,2NZ9_DC_A,skempi,0,A,K,875,,A
A,2NZ9_DC_A,skempi,0,A,F,889,,A
A,2NZ9_DC_A,skempi,0,A,N,890,,A
A,2NZ9_DC_A,skempi,0,A,L,891,,A
A,2NZ9_DC_A,skempi,0,A,E,892,,A
A,2NZ9_DC_A,skempi,0,A,F,925,,A
A,2NZ9_DC_A,skempi,0,A,N,926,,A
A,2NZ9_DC_A,skempi,0,A,S,927,,A
A,2NZ9_DC_A,skempi,0,A,I,928,,A
A,2NZ9_DC_A,skempi,0,A,D,1030,,A
A,2NZ9_DC_A,skempi,0,A,R,1033,,A
A,2NZ9_DC_A,skempi,0,A,T,1035,,A
A,2NZ9_DC_A,skempi,0,A,H,1036,,A
A,2NZ9_DC_A,skempi,0,A,R,1266,,A
A,2O3B_A_B,skempi,0,B,E,24,,A
A,2O3B_A_B,skempi,0,B,E,24,,D
A,2O3B_A_B,skempi,0,B,E,24,,Q
A,2O3B_A_B,skempi,0,B,Q,74,,A
A,2O3B_A_B,skempi,0,B,D,75,,E
A,2O3B_A_B,skempi,0,B,D,75,,N
A,2O3B_A_B,skempi,0,B,W,76,,A
A,2OI9_AQ_BC,skempi,0,Q,F,5,,R
A,2OOB_A_B,skempi,0,A,A,9,,E
A,2OOB_A_B,skempi,0,A,G,13,,S
A,2P5E_ABC_DE,skempi,0,D,Y,32,,D
A,2PCB_A_B,skempi,0,A,E,32,,Q
A,2PCB_A_B,skempi,0,A,D,34,,N
A,2PCB_A_B,skempi,0,A,E,35,,Q
A,2PCB_A_B,skempi,0,A,A,193,,F
A,2PCB_A_B,skempi,0,A,E,290,,N
A,2PCC_A_B,skempi,0,A,D,34,,A
A,2PCC_A_B,skempi,0,A,V,197,,A
A,2PCC_A_B,skempi,0,A,E,290,,A
A,2PCC_A_B,skempi,0,B,K,77,,A
A,2PCC_A_B,skempi,0,B,A,86,,G
A,2PCC_A_B,skempi,0,B,K,92,,A
A,2REX_A_B,skempi,0,A,L,70,,Y
A,2REX_A_B,skempi,0,B,Y,97,,F
A,2SGP_E_I,skempi,0,I,P,13,,L
A,2SGQ_E_I,skempi,0,I,Q,13,,L
A,2SIC_E_I,skempi,0,I,M,67,,A
A,2SIC_E_I,skempi,0,I,M,67,,D
A,2SIC_E_I,skempi,0,I,M,67,,E
A,2SIC_E_I,skempi,0,I,M,67,,G
A,2SIC_E_I,skempi,0,I,M,67,,H
A,2SIC_E_I,skempi,0,I,M,67,,I
A,2SIC_E_I,skempi,0,I,M,67,,K
A,2SIC_E_I,skempi,0,I,M,67,,L
A,2SIC_E_I,skempi,0,I,M,67,,R
A,2SIC_E_I,skempi,0,I,M,67,,V
A,2UWE_ABC_EF,skempi,0,A,A,163,,T
A,2VIR_AB_C,skempi,0,C,T,89,,I
A,2VIR_AB_C,skempi,0,C,S,115,,L
A,2VIS_AB_C,skempi,0,C,I,89,,T
A,2VLN_A_B,skempi,0,B,A,75,,N
A,2VLO_A_B,skempi,0,B,A,95,,K
A,2VLQ_A_B,skempi,0,B,A,86,,F
A,2VLR_ABC_DE,skempi,0,E,A,95,,S
A,2WPT_A_B,skempi,0,A,E,27,,A
A,2WPT_A_B,skempi,0,A,D,30,,A
A,2WPT_A_B,skempi,0,A,D,30,,L
A,2WPT_A_B,skempi,0,A,N,31,,A
A,2WPT_A_B,skempi,0,A,N,31,,V
A,2WPT_A_B,skempi,0,A,V,34,,A
A,2WPT_A_B,skempi,0,A,R,35,,A
A,2WPT_A_B,skempi,0,A,R,35,,T
A,2WPT_A_B,skempi,0,A,E,38,,A
A,2WPT_A_B,skempi,0,A,S,47,,A
A,2WPT_A_B,skempi,0,A,D,48,,A
A,2WPT_A_B,skempi,0,A,Y,51,,A
A,2WPT_A_B,skempi,0,A,Y,52,,A
A,2WPT_A_B,skempi,0,B,R,47,,A
A,2WPT_A_B,skempi,0,B,N,65,,A
A,2WPT_A_B,skempi,0,B,S,67,,A
A,2WPT_A_B,skempi,0,B,N,68,,A
A,2WPT_A_B,skempi,0,B,S,70,,A
A,2WPT_A_B,skempi,0,B,S,71,,A
A,2WPT_A_B,skempi,0,B,F,79,,A
A,2WPT_A_B,skempi,0,B,Q,85,,A
A,2WPT_A_B,skempi,0,B,K,90,,A
A,2WPT_A_B,skempi,0,B,V,91,,A
A,3AAA_AB_C,skempi,0,A,K,248,,A
A,3AAA_AB_C,skempi,0,A,K,248,,E
A,3AAA_AB_C,skempi,0,A,R,252,,A
A,3AAA_AB_C,skempi,0,A,R,252,,E
A,3AAA_AB_C,skempi,0,A,R,258,,A
A,3AAA_AB_C,skempi,0,A,R,258,,E
A,3AAA_AB_C,skempi,0,C,W,7,,A
A,3AAA_AB_C,skempi,0,C,D,43,,A
A,3AAA_AB_C,skempi,0,C,E,77,,A
A,3AAA_AB_C,skempi,0,C,E,77,,R
A,3B4V_AB_C,skempi,0,C,L,16,,E
A,3B4V_AB_C,skempi,0,C,L,49,,A
A,3B4V_AB_C,skempi,0,C,L,49,,E
A,3B4V_AB_C,skempi,0,C,F,52,,A
A,3B4V_AB_C,skempi,0,C,F,52,,E
A,3B4V_AB_C,skempi,0,C,L,53,,A
A,3B4V_AB_C,skempi,0,C,L,53,,E
A,3BK3_A_C,skempi,0,C,L,2,,A
A,3BK3_A_C,skempi,0,C,L,2,,R
A,3BK3_A_C,skempi,0,C,I,3,,A
A,3BK3_A_C,skempi,0,C,I,3,,R
A,3BK3_A_C,skempi,0,C,T,4,,P
A,3BK3_A_C,skempi,0,C,T,6,,P
A,3BK3_A_C,skempi,0,C,I,19,,A
A,3BK3_A_C,skempi,0,C,I,19,,R
A,3BK3_A_C,skempi,0,C,I,22,,A
A,3BK3_A_C,skempi,0,C,I,22,,R
A,3BK3_A_C,skempi,0,C,I,28,,A
A,3BK3_A_C,skempi,0,C,I,28,,R
A,3BK3_A_C,skempi,0,C,A,37,,R
A,3BN9_B_CD,skempi,0,B,I,26,,A
A,3BN9_B_CD,skempi,0,B,I,45,,A
A,3BN9_B_CD,skempi,0,B,D,46,,A
A,3BN9_B_CD,skempi,0,B,D,47,,A
A,3BN9_B_CD,skempi,0,B,R,48,,A
A,3BN9_B_CD,skempi,0,B,N,90,,A
A,3BN9_B_CD,skempi,0,B,D,91,,A
A,3BN9_B_CD,skempi,0,B,F,92,,A
A,3BN9_B_CD,skempi,0,B,T,93,,A
A,3BN9_B_CD,skempi,0,B,Y,141,,A
A,3BN9_B_CD,skempi,0,B,Q,168,,A
A,3BN9_B_CD,skempi,0,B,Q,169,,A
A,3BN9_B_CD,skempi,0,B,D,214,,A
A,3BN9_B_CD,skempi,0,B,Q,218,,A
A,3BN9_B_CD,skempi,0,D,T,28,,R
A,3BN9_B_CD,skempi,0,D,S,30,,G
A,3BN9_B_CD,skempi,0,D,S,30,,N
A,3BN9_B_CD,skempi,0,D,Y,103,,S
A,3BN9_B_CD,skempi,0,D,Q,105,,V
A,3BP8_A_C,skempi,0,A,F,115,,A
A,3BP8_A_C,skempi,0,C,A,51,,F
A,3BT1_A_U,skempi,0,U,T,8,,A
A,3BT1_A_U,skempi,0,U,N,9,,A
A,3BT1_A_U,skempi,0,U,G,10,,A
A,3BT1_A_U,skempi,0,U,D,11,,A
A,3BT1_A_U,skempi,0,U,R,25,,A
A,3BT1_A_U,skempi,0,U,T,27,,A
A,3BT1_A_U,skempi,0,U,V,29,,A
A,3BT1_A_U,skempi,0,U,L,31,,A
A,3BT1_A_U,skempi,0,U,E,33,,A
A,3BT1_A_U,skempi,0,U,E,36,,A
A,3BT1_A_U,skempi,0,U,L,38,,A
A,3BT1_A_U,skempi,0,U,L,40,,A
A,3BT1_A_U,skempi,0,U,E,42,,A
A,3BT1_A_U,skempi,0,U,K,50,,A
A,3BT1_A_U,skempi,0,U,R,53,,A
A,3BT1_A_U,skempi,0,U,L,55,,A
A,3BT1_A_U,skempi,0,U,K,62,,A
A,3BT1_A_U,skempi,0,U,T,64,,A
A,3BT1_A_U,skempi,0,U,L,66,,A
A,3BT1_A_U,skempi,0,U,E,68,,A
A,3BT1_A_U,skempi,0,U,S,99,,A
A,3BT1_A_U,skempi,0,U,V,123,,A
A,3BT1_A_U,skempi,0,U,T,125,,A
A,3BT1_A_U,skempi,0,U,K,137,,A
A,3BT1_A_U,skempi,0,U,D,138,,A
A,3BT1_A_U,skempi,0,U,D,139,,A
A,3BT1_A_U,skempi,0,U,L,142,,A
A,3BT1_A_U,skempi,0,U,L,148,,A
A,3BT1_A_U,skempi,0,U,P,149,,A
A,3BT1_A_U,skempi,0,U,H,164,,A
A,3BT1_A_U,skempi,0,U,L,166,,A
A,3BT1_A_U,skempi,0,U,D,252,,A
A,3BT1_A_U,skempi,0,U,A,253,,S
A,3BT1_A_U,skempi,0,U,S,255,,A
A,3BTD_E_I,skempi,0,I,D,13,,K
A,3BTE_E_I,skempi,0,I,E,13,,K
A,3BTF_E_I,skempi,0,I,F,13,,K
A,3BTG_E_I,skempi,0,I,G,13,,K
A,3BTH_E_I,skempi,0,I,H,13,,K
A,3BTM_E_I,skempi,0,I,M,13,,K
A,3BTQ_E_I,skempi,0,I,Q,13,,K
A,3BTT_E_I,skempi,0,I,T,13,,K
A,3BTW_E_I,skempi,0,I,W,13,,K
A,3BX1_A_C,skempi,0,C,R,85,,G
A,3BX1_A_C,skempi,0,C,A,86,,T
A,3BX1_A_C,skempi,0,C,Y,87,,A
A,3BX1_A_C,skempi,0,C,Y,87,,I
A,3BX1_A_C,skempi,0,C,T,88,,V
A,3BX1_A_C,skempi,0,C,T,89,,A
A,3C60_CD_AB,skempi,0,C,K,40,,A
A,3C60_CD_AB,skempi,0,C,Q,58,,A
A,3C60_CD_AB,skempi,0,C,L,61,,A
A,3C60_CD_AB,skempi,0,C,Q,62,,A
A,3C60_CD_AB,skempi,0,C,V,66,,A
A,3C60_CD_AB,skempi,0,C,H,69,,A
A,3C60_CD_AB,skempi,0,D,E,2,,A
A,3C60_CD_AB,skempi,0,D,Q,4,,A
A,3C60_CD_AB,skempi,0,D,K,5,,A
A,3C60_CD_AB,skempi,0,D,K,7,,A
A,3C60_CD_AB,skempi,0,D,K,10,,A
A,3C60_CD_AB,skempi,0,D,E,79,,A
A,3C60_CD_AB,skempi,0,D,R,80,,A
A,3C60_CD_AB,skempi,0,D,T,87,,A
A,3C60_CD_AB,skempi,0,D,H,91,,A
A,3D3V_ABC_DE,skempi,0,C,Y,8,,A
A,3D3V_ABC_DE,skempi,0,C,Y,8,,F
A,3D3V_ABC_DE,skempi,0,E,E,30,,A
A,3D3V_ABC_DE,skempi,0,E,L,97,,A
A,3D5R_A_C,skempi,0,C,A,38,,N
A,3D5S_A_C,skempi,0,C,A,31,,R
A,3EG5_A_B,skempi,0,A,H,104,,F
A,3EQS_A_B,skempi,0,B,T,1,,A
A,3EQS_A_B,skempi,0,B,S,2,,A
A,3EQS_A_B,skempi,0,B,F,3,,A
A,3EQS_A_B,skempi,0,B,Y,6,,A
A,3EQS_A_B,skempi,0,B,W,7,,A
A,3EQS_A_B,skempi,0,B,N,8,,A
A,3EQS_A_B,skempi,0,B,L,9,,A
A,3EQS_A_B,skempi,0,B,L,10,,A
A,3EQS_A_B,skempi,0,B,S,11,,A
A,3EQY_A_C,skempi,0,C,T,1,,A
A,3EQY_A_C,skempi,0,C,S,2,,A
A,3EQY_A_C,skempi,0,C,F,3,,A
A,3EQY_A_C,skempi,0,C,Y,6,,A
A,3EQY_A_C,skempi,0,C,W,7,,A
A,3EQY_A_C,skempi,0,C,L,10,,A
A,3EQY_A_C,skempi,0,C,S,11,,A
A,3EQY_A_C,skempi,0,C,P,12,,A
A,3F1S_A_B,skempi,0,A,M,33,,A
A,3F1S_A_B,skempi,0,A,D,36,,A
A,3F1S_A_B,skempi,0,A,D,200,,A
A,3F1S_A_B,skempi,0,A,K,201,,A
A,3F1S_A_B,skempi,0,A,K,201,,C
A,3F1S_A_B,skempi,0,A,Y,202,,A
A,3F1S_A_B,skempi,0,A,D,255,,A
A,3G6D_LH_A,skempi,0,H,H,104,,A
A,3G6D_LH_A,skempi,0,H,W,105,,A
A,3HFM_HL_Y,skempi,0,H,S,31,,A
A,3HFM_HL_Y,skempi,0,H,D,32,,A
A,3HFM_HL_Y,skempi,0,H,D,32,,N
A,3HFM_HL_Y,skempi,0,H,Y,33,,A
A,3HFM_HL_Y,skempi,0,H,Y,33,,F
A,3HFM_HL_Y,skempi,0,H,Y,33,,L
A,3HFM_HL_Y,skempi,0,H,Y,33,,W
A,3HFM_HL_Y,skempi,0,H,Y,50,,A
A,3HFM_HL_Y,skempi,0,H,Y,50,,F
A,3HFM_HL_Y,skempi,0,H,Y,50,,L
A,3HFM_HL_Y,skempi,0,H,Y,53,,A
A,3HFM_HL_Y,skempi,0,H,Y,53,,F
A,3HFM_HL_Y,skempi,0,H,Y,53,,L
A,3HFM_HL_Y,skempi,0,H,Y,53,,W
A,3HFM_HL_Y,skempi,0,H,Y,58,,A
A,3HFM_HL_Y,skempi,0,H,Y,58,,F
A,3HFM_HL_Y,skempi,0,H,Y,58,,L
A,3HFM_HL_Y,skempi,0,H,W,98,,A
A,3HFM_HL_Y,skempi,0,H,W,98,,F
A,3HFM_HL_Y,skempi,0,L,N,31,,A
A,3HFM_HL_Y,skempi,0,L,N,31,,D
A,3HFM_HL_Y,skempi,0,L,N,31,,E
A,3HFM_HL_Y,skempi,0,L,N,32,,A
A,3HFM_HL_Y,skempi,0,L,Y,50,,A
A,3HFM_HL_Y,skempi,0,L,Y,50,,F
A,3HFM_HL_Y,skempi,0,L,Y,50,,L
A,3HFM_HL_Y,skempi,0,L,Q,53,,A
A,3HFM_HL_Y,skempi,0,L,Y,96,,A
A,3HFM_HL_Y,skempi,0,L,Y,96,,F
A,3HFM_HL_Y,skempi,0,Y,H,15,,A
A,3HFM_HL_Y,skempi,0,Y,N,19,,D
A,3HFM_HL_Y,skempi,0,Y,N,19,,K
A,3HFM_HL_Y,skempi,0,Y,N,19,,Q
A,3HFM_HL_Y,skempi,0,Y,Y,20,,A
A,3HFM_HL_Y,skempi,0,Y,Y,20,,F
A,3HFM_HL_Y,skempi,0,Y,Y,20,,L
A,3HFM_HL_Y,skempi,0,Y,R,21,,A
A,3HFM_HL_Y,skempi,0,Y,R,21,,E
A,3HFM_HL_Y,skempi,0,Y,R,21,,G
A,3HFM_HL_Y,skempi,0,Y,R,21,,H
A,3HFM_HL_Y,skempi,0,Y,R,21,,K
A,3HFM_HL_Y,skempi,0,Y,R,21,,M
A,3HFM_HL_Y,skempi,0,Y,R,21,,N
A,3HFM_HL_Y,skempi,0,Y,R,21,,Q
A,3HFM_HL_Y,skempi,0,Y,R,21,,W
A,3HFM_HL_Y,skempi,0,Y,W,63,,A
A,3HFM_HL_Y,skempi,0,Y,R,73,,A
A,3HFM_HL_Y,skempi,0,Y,L,75,,A
A,3HFM_HL_Y,skempi,0,Y,T,89,,A
A,3HFM_HL_Y,skempi,0,Y,N,93,,A
A,3HFM_HL_Y,skempi,0,Y,K,96,,A
A,3HFM_HL_Y,skempi,0,Y,K,96,,M
A,3HFM_HL_Y,skempi,0,Y,K,96,,R
A,3HFM_HL_Y,skempi,0,Y,K,97,,A
A,3HFM_HL_Y,skempi,0,Y,K,97,,D
A,3HFM_HL_Y,skempi,0,Y,K,97,,E
A,3HFM_HL_Y,skempi,0,Y,K,97,,G
A,3HFM_HL_Y,skempi,0,Y,K,97,,M
A,3HFM_HL_Y,skempi,0,Y,K,97,,R
A,3HFM_HL_Y,skempi,0,Y,S,100,,A
A,3HFM_HL_Y,skempi,0,Y,D,101,,A
A,3HFM_HL_Y,skempi,0,Y,D,101,,E
A,3HFM_HL_Y,skempi,0,Y,D,101,,F
A,3HFM_HL_Y,skempi,0,Y,D,101,,G
A,3HFM_HL_Y,skempi,0,Y,D,101,,K
A,3HFM_HL_Y,skempi,0,Y,D,101,,N
A,3HFM_HL_Y,skempi,0,Y,D,101,,Q
A,3HFM_HL_Y,skempi,0,Y,D,101,,R
A,3HFM_HL_Y,skempi,0,Y,D,101,,S
A,3HFM_HL_Y,skempi,0,Y,G,102,,V
A,3HH2_AB_C,skempi,0,C,V,15,,E
A,3HH2_AB_C,skempi,0,C,F,47,,A
A,3HH2_AB_C,skempi,0,C,F,47,,E
A,3HH2_AB_C,skempi,0,C,I,51,,A
A,3HH2_AB_C,skempi,0,C,I,51,,E
A,3HH2_AB_C,skempi,0,C,F,52,,A
A,3HH2_AB_C,skempi,0,C,F,52,,E
A,3KBH_A_E,skempi,0,A,Y,23,,A
A,3KBH_A_E,skempi,0,A,Y,23,,F
A,3KBH_A_E,skempi,0,E,Y,17,,A
A,3KBH_A_E,skempi,0,E,S,54,,A
A,3KBH_A_E,skempi,0,E,S,54,,T
A,3KUD_A_B,skempi,0,B,N,16,,R
A,3KUD_A_B,skempi,0,B,K,30,,A
A,3LB6_A_C,skempi,0,A,I,10,,A
A,3LB6_A_C,skempi,0,A,K,100,,A
A,3LB6_A_C,skempi,0,A,K,101,,A
A,3LB6_A_C,skempi,0,A,F,103,,A
A,3M62_A_B,skempi,0,A,E,32,,A
A,3M62_A_B,skempi,0,A,D,46,,A
A,3M62_A_B,skempi,0,A,L,50,,A
A,3M62_A_B,skempi,0,A,T,54,,A
A,3M62_A_B,skempi,0,A,E,55,,A
A,3M62_A_B,skempi,0,A,R,98,,A
A,3M62_A_B,skempi,0,A,G,102,,A
A,3M62_A_B,skempi,0,A,Y,103,,A
A,3M62_A_B,skempi,0,A,I,110,,A
A,3M62_A_B,skempi,0,B,F,7,,A
A,3M62_A_B,skempi,0,B,I,43,,A
A,3M62_A_B,skempi,0,B,S,45,,A
A,3M62_A_B,skempi,0,B,V,48,,A
A,3M62_A_B,skempi,0,B,Q,50,,A
A,3M62_A_B,skempi,0,B,Q,65,,A
A,3M62_A_B,skempi,0,B,V,67,,A
A,3M62_A_B,skempi,0,B,M,69,,A
A,3M63_A_B,skempi,0,A,D,46,,A
A,3M63_A_B,skempi,0,A,L,50,,A
A,3M63_A_B,skempi,0,A,T,54,,A
A,3M63_A_B,skempi,0,A,E,55,,A
A,3M63_A_B,skempi,0,A,R,98,,A
A,3M63_A_B,skempi,0,A,G,102,,A
A,3M63_A_B,skempi,0,A,Y,103,,A
A,3M63_A_B,skempi,0,A,V,106,,A
A,3M63_A_B,skempi,0,A,I,110,,A
A,3M63_A_B,skempi,0,A,F,113,,A
A,3MZG_A_B,skempi,0,A,H,14,,A
A,3MZG_A_B,skempi,0,A,H,17,,A
A,3MZG_A_B,skempi,0,A,H,160,,A
A,3MZG_A_B,skempi,0,A,H,167,,A
A,3MZG_A_B,skempi,0,B,H,188,,A
A,3N0P_A_B,skempi,0,A,A,17,,H
A,3N4I_A_B,skempi,0,A,E,79,,D
A,3N85_A_LH,skempi,0,H,W,30,,K
A,3N85_A_LH,skempi,0,H,W,30,,R
A,3N85_A_LH,skempi,0,H,S,32,,A
A,3N85_A_LH,skempi,0,H,S,32,,Y
A,3N85_A_LH,skempi,0,H,S,52,,Y
A,3N85_A_LH,skempi,0,H,W,100,,F
A,3N85_A_LH,skempi,0,L,W,94,,Y
A,3NCB_A_B,skempi,0,A,A,167,,H
A,3NCC_A_B,skempi,0,B,A,188,,H
A,3NGB_HL_G,skempi,0,H,I,30,,A
A,3NGB_HL_G,skempi,0,H,I,30,,T
A,3NGB_HL_G,skempi,0,H,W,47,,A
A,3NGB_HL_G,skempi,0,H,W,50,,A
A,3NGB_HL_G,skempi,0,H,K,52,,A
A,3NGB_HL_G,skempi,0,H,K,52,,N
A,3NGB_HL_G,skempi,0,H,R,54,,A
A,3NGB_HL_G,skempi,0,H,R,54,,N
A,3NGB_HL_G,skempi,0,H,G,55,,A
A,3NGB_HL_G,skempi,0,H,G,55,,S
A,3NGB_HL_G,skempi,0,H,G,56,,A
A,3NGB_HL_G,skempi,0,H,A,57,,G
A,3NGB_HL_G,skempi,0,H,V,58,,A
A,3NGB_HL_G,skempi,0,H,V,58,,T
A,3NGB_HL_G,skempi,0,H,N,59,,A
A,3NGB_HL_G,skempi,0,H,Y,60,,A
A,3NGB_HL_G,skempi,0,H,R,62,,A
A,3NGB_HL_G,skempi,0,H,R,62,,Q
A,3NGB_HL_G,skempi,0,H,P,63,,A
A,3NGB_HL_G,skempi,0,H,P,63,,K
A,3NGB_HL_G,skempi,0,H,Q,65,,A
A,3NGB_HL_G,skempi,0,H,R,72,,A
A,3NGB_HL_G,skempi,0,H,V,74,,A
A,3NGB_HL_G,skempi,0,H,V,74,,T
A,3NGB_HL_G,skempi,0,H,Y,75,,A
A,3NGB_HL_G,skempi,0,H,Y,75,,S
A,3NGB_HL_G,skempi,0,H,D,103,,A
A,3NGB_HL_G,skempi,0,H,Y,104,,A
A,3NGB_HL_G,skempi,0,H,N,105,,A
A,3NGB_HL_G,skempi,0,H,W,106,,A
A,3NGB_HL_G,skempi,0,L,V,1,,A
A,3NGB_HL_G,skempi,0,L,Q,25,,A
A,3NGB_HL_G,skempi,0,L,Y,26,,A
A,3NGB_HL_G,skempi,0,L,Y,26,,S
A,3NGB_HL_G,skempi,0,L,Y,87,,A
A,3NGB_HL_G,skempi,0,L,E,88,,A
A,3NGB_HL_G,skempi,0,L,F,89,,A
A,3NPS_A_BC,skempi,0,A,I,26,,A
A,3NPS_A_BC,skempi,0,A,D,47,,A
A,3NPS_A_BC,skempi,0,A,R,48,,A
A,3NPS_A_BC,skempi,0,A,D,91,,A
A,3NPS_A_BC,skempi,0,A,F,92,,A
A,3NPS_A_BC,skempi,0,A,T,93,,A
A,3NPS_A_BC,skempi,0,A,H,138,,A
A,3NPS_A_BC,skempi,0,A,Y,141,,A
A,3NPS_A_BC,skempi,0,A,T,144,,A
A,3NPS_A_BC,skempi,0,A,Q,168,,A
A,3NPS_A_BC,skempi,0,A,Q,169,,A
A,3NVN_B_A,skempi,0,A,R,193,,E
A,3NVN_B_A,skempi,0,B,R,186,,S
A,3NVQ_B_A,skempi,0,A,R,157,,E
A,3NVQ_B_A,skempi,0,A,R,159,,E
A,3Q3J_A_B,skempi,0,B,Y,100,,F
A,3Q8D_A_E,skempi,0,A,R,131,,A
A,3Q8D_A_E,skempi,0,A,R,209,,A
A,3Q8D_A_E,skempi,0,A,R,209,,E
A,3Q8D_A_E,skempi,0,A,F,227,,A
A,3Q8D_A_E,skempi,0,A,F,227,,D
A,3QDG_ABC_DE,skempi,0,D,D,26,,W
A,3QDG_ABC_DE,skempi,0,D,D,26,,Y
A,3QDG_ABC_DE,skempi,0,D,R,27,,P
A,3QDG_ABC_DE,skempi,0,D,R,27,,W
A,3QDG_ABC_DE,skempi,0,D,G,28,,I
A,3QDG_ABC_DE,skempi,0,D,G,28,,L
A,3QDG_ABC_DE,skempi,0,D,G,28,,N
A,3QDG_ABC_DE,skempi,0,D,G,28,,P
A,3QDG_ABC_DE,skempi,0,D,G,28,,Y
A,3QDG_ABC_DE,skempi,0,E,A,52,,P
A,3QDG_ABC_DE,skempi,0,E,L,95,,W
A,3QDG_ABC_DE,skempi,0,E,F,97,,W
A,3QDG_ABC_DE,skempi,0,E,F,97,,Y
A,3QDG_ABC_DE,skempi,0,E,T,99,,F
A,3QDJ_ABC_DE,skempi,0,D,D,26,,W
A,3QDJ_ABC_DE,skempi,0,D,D,26,,Y
A,3QDJ_ABC_DE,skempi,0,D,R,27,,P
A,3QDJ_ABC_DE,skempi,0,D,R,27,,W
A,3QDJ_ABC_DE,skempi,0,D,G,28,,I
A,3QDJ_ABC_DE,skempi,0,D,G,28,,L
A,3QDJ_ABC_DE,skempi,0,D,G,28,,N
A,3QDJ_ABC_DE,skempi,0,D,G,28,,P
A,3QDJ_ABC_DE,skempi,0,D,G,28,,Y
A,3QDJ_ABC_DE,skempi,0,E,A,52,,P
A,3QDJ_ABC_DE,skempi,0,E,L,95,,W
A,3QDJ_ABC_DE,skempi,0,E,F,97,,W
A,3QDJ_ABC_DE,skempi,0,E,F,97,,Y
A,3QDJ_ABC_DE,skempi,0,E,T,99,,F
A,3QFJ_ABC_DE,skempi,0,C,F,5,,Y
A,3QHY_A_B,skempi,0,B,N,10,,A
A,3QHY_A_B,skempi,0,B,D,12,,A
A,3QHY_A_B,skempi,0,B,W,13,,A
A,3QHY_A_B,skempi,0,B,Y,33,,A
A,3QHY_A_B,skempi,0,B,F,34,,A
A,3QHY_A_B,skempi,0,B,L,51,,A
A,3QHY_A_B,skempi,0,B,N,72,,A
A,3QHY_A_B,skempi,0,B,Y,73,,A
A,3QHY_A_B,skempi,0,B,D,91,,A
A,3QHY_A_B,skempi,0,B,W,112,,A
A,3QHY_A_B,skempi,0,B,D,130,,A
A,3QHY_A_B,skempi,0,B,Y,151,,A
A,3QHY_A_B,skempi,0,B,D,166,,A
A,3QHY_A_B,skempi,0,B,Y,168,,A
A,3QHY_A_B,skempi,0,B,F,169,,A
A,3QHY_A_B,skempi,0,B,I,189,,A
A,3QHY_A_B,skempi,0,B,F,190,,A
A,3QHY_A_B,skempi,0,B,Y,208,,A
A,3QHY_A_B,skempi,0,B,E,228,,A
A,3QHY_A_B,skempi,0,B,W,229,,A
A,3QHY_A_B,skempi,0,B,R,246,,A
A,3QHY_A_B,skempi,0,B,N,264,,A
A,3QIB_ABP_CD,skempi,0,A,Q,57,,A
A,3QIB_ABP_CD,skempi,0,A,A,61,,G
A,3QIB_ABP_CD,skempi,0,A,A,64,,G
A,3QIB_ABP_CD,skempi,0,A,K,67,,A
A,3QIB_ABP_CD,skempi,0,A,A,68,,G
A,3QIB_ABP_CD,skempi,0,B,Q,62,,A
A,3QIB_ABP_CD,skempi,0,B,E,64,,A
A,3QIB_ABP_CD,skempi,0,B,E,67,,A
A,3QIB_ABP_CD,skempi,0,B,A,71,,G
A,3QIB_ABP_CD,skempi,0,B,D,74,,A
A,3QIB_ABP_CD,skempi,0,B,T,75,,A
A,3QIB_ABP_CD,skempi,0,B,H,79,,A
A,3QIB_ABP_CD,skempi,0,C,R,89,,P
A,3QIB_ABP_CD,skempi,0,C,N,94,,P
A,3QIB_ABP_CD,skempi,0,D,L,95,,P
A,3QIB_ABP_CD,skempi,0,P,Y,6,,A
A,3QIB_ABP_CD,skempi,0,P,Y,6,,F
A,3QIB_ABP_CD,skempi,0,P,K,8,,A
A,3QIB_ABP_CD,skempi,0,P,K,8,,R
A,3QIB_ABP_CD,skempi,0,P,T,11,,A
A,3QIB_ABP_CD,skempi,0,P,T,11,,N
A,3QIB_ABP_CD,skempi,0,P,T,11,,S
A,3R9A_AC_B,skempi,0,A,A,323,,W
A,3R9A_AC_B,skempi,0,A,Y,325,,A
A,3R9A_AC_B,skempi,0,A,Y,325,,W
A,3RF3_A_C,skempi,0,C,A,8,,K
A,3S9D_A_B,skempi,0,A,R,5,,A
A,3S9D_A_B,skempi,0,A,L,8,,A
A,3S9D_A_B,skempi,0,A,M,9,,A
A,3S9D_A_B,skempi,0,A,A,12,,W
A,3S9D_A_B,skempi,0,A,R,15,,A
A,3S9D_A_B,skempi,0,A,S,18,,A
A,3S9D_A_B,skempi,0,A,L,19,,A
A,3S9D_A_B,skempi,0,A,F,20,,A
A,3S9D_A_B,skempi,0,A,L,23,,A
A,3S9D_A_B,skempi,0,A,L,23,,V
A,3S9D_A_B,skempi,0,A,R,26,,A
A,3S9D_A_B,skempi,0,A,R,26,,K
A,3S9D_A_B,skempi,0,A,R,26,,Q
A,3S9D_A_B,skempi,0,A,H,27,,A
A,3S9D_A_B,skempi,0,A,D,28,,A
A,3S9D_A_B,skempi,0,A,A,116,,G
A,3S9D_A_B,skempi,0,A,A,116,,M
A,3S9D_A_B,skempi,0,A,M,119,,A
A,3S9D_A_B,skempi,0,A,R,120,,A
A,3S9D_A_B,skempi,0,A,S,123,,A
A,3S9D_A_B,skempi,0,A,L,124,,A
A,3S9D_A_B,skempi,0,A,N,127,,A
A,3S9D_A_B,skempi,0,B,T,33,,A
A,3S9D_A_B,skempi,0,B,M,35,,A
A,3S9D_A_B,skempi,0,B,M,35,,V
A,3S9D_A_B,skempi,0,B,S,36,,A
A,3S9D_A_B,skempi,0,B,K,37,,A
A,3S9D_A_B,skempi,0,B,E,39,,A
A,3S9D_A_B,skempi,0,B,E,39,,R
A,3S9D_A_B,skempi,0,B,H,65,,A
A,3S9D_A_B,skempi,0,B,E,66,,A
A,3S9D_A_B,skempi,0,B,A,67,,M
A,3S9D_A_B,skempi,0,B,V,69,,A
A,3S9D_A_B,skempi,0,B,N,85,,A
A,3S9D_A_B,skempi,0,B,W,87,,A
A,3S9D_A_B,skempi,0,B,I,90,,A
A,3S9D_A_B,skempi,0,B,H,166,,A
A,3SE3_B_A,skempi,0,A,N,53,,A
A,3SE3_B_A,skempi,0,A,Y,55,,A
A,3SE3_B_A,skempi,0,A,F,81,,A
A,3SE3_B_A,skempi,0,A,L,116,,A
A,3SE3_B_A,skempi,0,A,D,117,,A
A,3SE3_B_A,skempi,0,A,S,120,,A
A,3SE3_B_A,skempi,0,A,N,140,,T
A,3SE3_B_A,skempi,0,A,T,166,,A
A,3SE3_B_A,skempi,0,A,S,167,,A
A,3SE3_B_A,skempi,0,A,F,223,,A
A,3SE3_B_A,skempi,0,A,R,226,,A
A,3SE3_B_A,skempi,0,A,N,230,,A
A,3SE4_B_A,skempi,0,A,Y,55,,A
A,3SE4_B_A,skempi,0,A,L,116,,A
A,3SE4_B_A,skempi,0,A,D,117,,A
A,3SE4_B_A,skempi,0,A,S,120,,A
A,3SE4_B_A,skempi,0,A,N,140,,T
A,3SE4_B_A,skempi,0,A,T,166,,A
A,3SE4_B_A,skempi,0,A,F,223,,A
A,3SE4_B_A,skempi,0,A,R,226,,A
A,3SE4_B_A,skempi,0,A,N,227,,A
A,3SE4_B_C,skempi,0,B,P,27,,A
A,3SE4_B_C,skempi,0,B,P,27,,L
A,3SE4_B_C,skempi,0,B,L,31,,A
A,3SE4_B_C,skempi,0,B,M,130,,A
A,3SE4_B_C,skempi,0,B,K,134,,A
A,3SE4_B_C,skempi,0,B,K,134,,R
A,3SE4_B_C,skempi,0,C,T,36,,A
A,3SE4_B_C,skempi,0,C,M,38,,A
A,3SE4_B_C,skempi,0,C,M,38,,V
A,3SE4_B_C,skempi,0,C,S,39,,A
A,3SE4_B_C,skempi,0,C,H,68,,A
A,3SE4_B_C,skempi,0,C,E,69,,A
A,3SE4_B_C,skempi,0,C,V,72,,A
A,3SE4_B_C,skempi,0,C,I,95,,A
A,3SE8_HL_G,skempi,0,H,R,30,,A
A,3SE8_HL_G,skempi,0,H,W,47,,A
A,3SE8_HL_G,skempi,0,H,W,50,,A
A,3SE8_HL_G,skempi,0,H,K,52,,A
A,3SE8_HL_G,skempi,0,H,L,54,,A
A,3SE8_HL_G,skempi,0,H,W,55,,A
A,3SE8_HL_G,skempi,0,H,G,56,,A
A,3SE8_HL_G,skempi,0,H,V,58,,A
A,3SE8_HL_G,skempi,0,H,S,59,,A
A,3SE8_HL_G,skempi,0,H,Y,60,,A
A,3SE8_HL_G,skempi,0,H,R,62,,A
A,3SE8_HL_G,skempi,0,H,Q,63,,A
A,3SE8_HL_G,skempi,0,H,Q,65,,A
A,3SE8_HL_G,skempi,0,H,R,72,,A
A,3SE8_HL_G,skempi,0,H,Q,76,,A
A,3SE8_HL_G,skempi,0,H,P,78,,A
A,3SE8_HL_G,skempi,0,H,P,81,,A
A,3SE8_HL_G,skempi,0,H,D,110,,A
A,3SE8_HL_G,skempi,0,H,Y,111,,A
A,3SE8_HL_G,skempi,0,H,D,114,,A
A,3SE8_HL_G,skempi,0,H,F,115,,A
A,3SE8_HL_G,skempi,0,L,E,1,,A
A,3SE8_HL_G,skempi,0,L,N,30,,A
A,3SE8_HL_G,skempi,0,L,F,90,,A
A,3SE8_HL_G,skempi,0,L,E,91,,A
A,3SE8_HL_G,skempi,0,L,F,92,,A
A,3SE9_HL_G,skempi,0,H,L,34,,A
A,3SE9_HL_G,skempi,0,H,W,51,,A
A,3SE9_HL_G,skempi,0,H,V,55,,A
A,3SE9_HL_G,skempi,0,H,T,56,,A
A,3SE9_HL_G,skempi,0,H,G,57,,A
A,3SE9_HL_G,skempi,0,H,V,59,,A
A,3SE9_HL_G,skempi,0,H,N,60,,A
A,3SE9_HL_G,skempi,0,H,G,62,,A
A,3SE9_HL_G,skempi,0,H,P,64,,A
A,3SE9_HL_G,skempi,0,H,R,67,,A
A,3SE9_HL_G,skempi,0,H,R,74,,A
A,3SE9_HL_G,skempi,0,H,R,76,,A
A,3SE9_HL_G,skempi,0,H,D,77,,A
A,3SE9_HL_G,skempi,0,H,Y,104,,A
A,3SE9_HL_G,skempi,0,H,T,105,,A
A,3SE9_HL_G,skempi,0,H,G,106,,A
A,3SE9_HL_G,skempi,0,H,G,107,,A
A,3SE9_HL_G,skempi,0,H,G,109,,A
A,3SE9_HL_G,skempi,0,L,V,3,,A
A,3SE9_HL_G,skempi,0,L,L,89,,A
A,3SE9_HL_G,skempi,0,L,E,90,,A
A,3SE9_HL_G,skempi,0,L,F,91,,A
A,3SEK_B_C,skempi,0,C,L,11,,E
A,3SEK_B_C,skempi,0,C,L,44,,A
A,3SEK_B_C,skempi,0,C,L,44,,E
A,3SEK_B_C,skempi,0,C,F,47,,A
A,3SEK_B_C,skempi,0,C,F,47,,E
A,3SF4_A_D,skempi,0,A,N,264,,R
A,3SF4_A_D,skempi,0,D,W,8,,A
A,3SF4_A_D,skempi,0,D,E,19,,R
A,3SF4_A_D,skempi,0,D,K,27,,D
A,3SGB_E_I,skempi,0,I,K,7,,A
A,3SGB_E_I,skempi,0,I,K,7,,C
A,3SGB_E_I,skempi,0,I,K,7,,D
A,3SGB_E_I,skempi,0,I,K,7,,E
A,3SGB_E_I,skempi,0,I,K,7,,F
A,3SGB_E_I,skempi,0,I,K,7,,G
A,3SGB_E_I,skempi,0,I,K,7,,H
A,3SGB_E_I,skempi,0,I,K,7,,I
A,3SGB_E_I,skempi,0,I,K,7,,L
A,3SGB_E_I,skempi,0,I,K,7,,M
A,3SGB_E_I,skempi,0,I,K,7,,N
A,3SGB_E_I,skempi,0,I,K,7,,P
A,3SGB_E_I,skempi,0,I,K,7,,Q
A,3SGB_E_I,skempi,0,I,K,7,,R
A,3SGB_E_I,skempi,0,I,K,7,,S
A,3SGB_E_I,skempi,0,I,K,7,,T
A,3SGB_E_I,skempi,0,I,K,7,,V
A,3SGB_E_I,skempi,0,I,K,7,,W
A,3SGB_E_I,skempi,0,I,K,7,,Y
A,3SGB_E_I,skempi,0,I,P,8,,A
A,3SGB_E_I,skempi,0,I,P,8,,C
A,3SGB_E_I,skempi,0,I,P,8,,D
A,3SGB_E_I,skempi,0,I,P,8,,E
A,3SGB_E_I,skempi,0,I,P,8,,F
A,3SGB_E_I,skempi,0,I,P,8,,G
A,3SGB_E_I,skempi,0,I,P,8,,H
A,3SGB_E_I,skempi,0,I,P,8,,I
A,3SGB_E_I,skempi,0,I,P,8,,K
A,3SGB_E_I,skempi,0,I,P,8,,L
A,3SGB_E_I,skempi,0,I,P,8,,M
A,3SGB_E_I,skempi,0,I,P,8,,N
A,3SGB_E_I,skempi,0,I,P,8,,Q
A,3SGB_E_I,skempi,0,I,P,8,,R
A,3SGB_E_I,skempi,0,I,P,8,,S
A,3SGB_E_I,skempi,0,I,P,8,,T
A,3SGB_E_I,skempi,0,I,P,8,,V
A,3SGB_E_I,skempi,0,I,P,8,,W
A,3SGB_E_I,skempi,0,I,P,8,,Y
A,3SGB_E_I,skempi,0,I,A,9,,C
A,3SGB_E_I,skempi,0,I,A,9,,D
A,3SGB_E_I,skempi,0,I,A,9,,E
A,3SGB_E_I,skempi,0,I,A,9,,F
A,3SGB_E_I,skempi,0,I,A,9,,G
A,3SGB_E_I,skempi,0,I,A,9,,H
A,3SGB_E_I,skempi,0,I,A,9,,I
A,3SGB_E_I,skempi,0,I,A,9,,K
A,3SGB_E_I,skempi,0,I,A,9,,L
A,3SGB_E_I,skempi,0,I,A,9,,M
A,3SGB_E_I,skempi,0,I,A,9,,N
A,3SGB_E_I,skempi,0,I,A,9,,P
A,3SGB_E_I,skempi,0,I,A,9,,Q
A,3SGB_E_I,skempi,0,I,A,9,,R
A,3SGB_E_I,skempi,0,I,A,9,,S
A,3SGB_E_I,skempi,0,I,A,9,,T
A,3SGB_E_I,skempi,0,I,A,9,,V
A,3SGB_E_I,skempi,0,I,A,9,,W
A,3SGB_E_I,skempi,0,I,A,9,,Y
A,3SGB_E_I,skempi,0,I,T,11,,A
A,3SGB_E_I,skempi,0,I,T,11,,C
A,3SGB_E_I,skempi,0,I,T,11,,D
A,3SGB_E_I,skempi,0,I,T,11,,E
A,3SGB_E_I,skempi,0,I,T,11,,F
A,3SGB_E_I,skempi,0,I,T,11,,G
A,3SGB_E_I,skempi,0,I,T,11,,H
A,3SGB_E_I,skempi,0,I,T,11,,I
A,3SGB_E_I,skempi,0,I,T,11,,K
A,3SGB_E_I,skempi,0,I,T,11,,L
A,3SGB_E_I,skempi,0,I,T,11,,M
A,3SGB_E_I,skempi,0,I,T,11,,N
A,3SGB_E_I,skempi,0,I,T,11,,P
A,3SGB_E_I,skempi,0,I,T,11,,Q
A,3SGB_E_I,skempi,0,I,T,11,,R
A,3SGB_E_I,skempi,0,I,T,11,,S
A,3SGB_E_I,skempi,0,I,T,11,,V
A,3SGB_E_I,skempi,0,I,T,11,,W
A,3SGB_E_I,skempi,0,I,T,11,,Y
A,3SGB_E_I,skempi,0,I,L,12,,A
A,3SGB_E_I,skempi,0,I,L,12,,C
A,3SGB_E_I,skempi,0,I,L,12,,D
A,3SGB_E_I,skempi,0,I,L,12,,E
A,3SGB_E_I,skempi,0,I,L,12,,F
A,3SGB_E_I,skempi,0,I,L,12,,G
A,3SGB_E_I,skempi,0,I,L,12,,H
A,3SGB_E_I,skempi,0,I,L,12,,I
A,3SGB_E_I,skempi,0,I,L,12,,K
A,3SGB_E_I,skempi,0,I,L,12,,M
A,3SGB_E_I,skempi,0,I,L,12,,N
A,3SGB_E_I,skempi,0,I,L,12,,P
A,3SGB_E_I,skempi,0,I,L,12,,Q
A,3SGB_E_I,skempi,0,I,L,12,,R
A,3SGB_E_I,skempi,0,I,L,12,,S
A,3SGB_E_I,skempi,0,I,L,12,,T
A,3SGB_E_I,skempi,0,I,L,12,,V
A,3SGB_E_I,skempi,0,I,L,12,,W
A,3SGB_E_I,skempi,0,I,L,12,,Y
A,3SGB_E_I,skempi,0,I,E,13,,A
A,3SGB_E_I,skempi,0,I,E,13,,C
A,3SGB_E_I,skempi,0,I,E,13,,D
A,3SGB_E_I,skempi,0,I,E,13,,F
A,3SGB_E_I,skempi,0,I,E,13,,G
A,3SGB_E_I,skempi,0,I,E,13,,H
A,3SGB_E_I,skempi,0,I,E,13,,I
A,3SGB_E_I,skempi,0,I,E,13,,K
A,3SGB_E_I,skempi,0,I,E,13,,L
A,3SGB_E_I,skempi,0,I,E,13,,M
A,3SGB_E_I,skempi,0,I,E,13,,N
A,3SGB_E_I,skempi,0,I,E,13,,P
A,3SGB_E_I,skempi,0,I,E,13,,Q
A,3SGB_E_I,skempi,0,I,E,13,,R
A,3SGB_E_I,skempi,0,I,E,13,,S
A,3SGB_E_I,skempi,0,I,E,13,,T
A,3SGB_E_I,skempi,0,I,E,13,,V
A,3SGB_E_I,skempi,0,I,E,13,,W
A,3SGB_E_I,skempi,0,I,E,13,,Y
A,3SGB_E_I,skempi,0,I,Y,14,,A
A,3SGB_E_I,skempi,0,I,Y,14,,C
A,3SGB_E_I,skempi,0,I,Y,14,,D
A,3SGB_E_I,skempi,0,I,Y,14,,E
A,3SGB_E_I,skempi,0,I,Y,14,,F
A,3SGB_E_I,skempi,0,I,Y,14,,G
A,3SGB_E_I,skempi,0,I,Y,14,,H
A,3SGB_E_I,skempi,0,I,Y,14,,I
A,3SGB_E_I,skempi,0,I,Y,14,,K
A,3SGB_E_I,skempi,0,I,Y,14,,L
A,3SGB_E_I,skempi,0,I,Y,14,,M
A,3SGB_E_I,skempi,0,I,Y,14,,N
A,3SGB_E_I,skempi,0,I,Y,14,,P
A,3SGB_E_I,skempi,0,I,Y,14,,Q
A,3SGB_E_I,skempi,0,I,Y,14,,R
A,3SGB_E_I,skempi,0,I,Y,14,,S
A,3SGB_E_I,skempi,0,I,Y,14,,T
A,3SGB_E_I,skempi,0,I,Y,14,,V
A,3SGB_E_I,skempi,0,I,Y,14,,W
A,3SGB_E_I,skempi,0,I,R,15,,A
A,3SGB_E_I,skempi,0,I,R,15,,C
A,3SGB_E_I,skempi,0,I,R,15,,D
A,3SGB_E_I,skempi,0,I,R,15,,E
A,3SGB_E_I,skempi,0,I,R,15,,F
A,3SGB_E_I,skempi,0,I,R,15,,G
A,3SGB_E_I,skempi,0,I,R,15,,H
A,3SGB_E_I,skempi,0,I,R,15,,I
A,3SGB_E_I,skempi,0,I,R,15,,K
A,3SGB_E_I,skempi,0,I,R,15,,L
A,3SGB_E_I,skempi,0,I,R,15,,M
A,3SGB_E_I,skempi,0,I,R,15,,N
A,3SGB_E_I,skempi,0,I,R,15,,P
A,3SGB_E_I,skempi,0,I,R,15,,Q
A,3SGB_E_I,skempi,0,I,R,15,,S
A,3SGB_E_I,skempi,0,I,R,15,,T
A,3SGB_E_I,skempi,0,I,R,15,,V
A,3SGB_E_I,skempi,0,I,R,15,,W
A,3SGB_E_I,skempi,0,I,R,15,,Y
A,3SGB_E_I,skempi,0,I,G,26,,A
A,3SGB_E_I,skempi,0,I,G,26,,C
A,3SGB_E_I,skempi,0,I,G,26,,D
A,3SGB_E_I,skempi,0,I,G,26,,E
A,3SGB_E_I,skempi,0,I,G,26,,F
A,3SGB_E_I,skempi,0,I,G,26,,H
A,3SGB_E_I,skempi,0,I,G,26,,I
A,3SGB_E_I,skempi,0,I,G,26,,K
A,3SGB_E_I,skempi,0,I,G,26,,L
A,3SGB_E_I,skempi,0,I,G,26,,M
A,3SGB_E_I,skempi,0,I,G,26,,N
A,3SGB_E_I,skempi,0,I,G,26,,P
A,3SGB_E_I,skempi,0,I,G,26,,Q
A,3SGB_E_I,skempi,0,I,G,26,,R
A,3SGB_E_I,skempi,0,I,G,26,,S
A,3SGB_E_I,skempi,0,I,G,26,,T
A,3SGB_E_I,skempi,0,I,G,26,,V
A,3SGB_E_I,skempi,0,I,G,26,,W
A,3SGB_E_I,skempi,0,I,G,26,,Y
A,3SGB_E_I,skempi,0,I,N,30,,A
A,3SGB_E_I,skempi,0,I,N,30,,C
A,3SGB_E_I,skempi,0,I,N,30,,D
A,3SGB_E_I,skempi,0,I,N,30,,E
A,3SGB_E_I,skempi,0,I,N,30,,F
A,3SGB_E_I,skempi,0,I,N,30,,G
A,3SGB_E_I,skempi,0,I,N,30,,H
A,3SGB_E_I,skempi,0,I,N,30,,I
A,3SGB_E_I,skempi,0,I,N,30,,K
A,3SGB_E_I,skempi,0,I,N,30,,L
A,3SGB_E_I,skempi,0,I,N,30,,M
A,3SGB_E_I,skempi,0,I,N,30,,P
A,3SGB_E_I,skempi,0,I,N,30,,Q
A,3SGB_E_I,skempi,0,I,N,30,,R
A,3SGB_E_I,skempi,0,I,N,30,,S
A,3SGB_E_I,skempi,0,I,N,30,,T
A,3SGB_E_I,skempi,0,I,N,30,,V
A,3SGB_E_I,skempi,0,I,N,30,,W
A,3SGB_E_I,skempi,0,I,N,30,,Y
A,3SZK_AB_C,skempi,0,C,Y,40,,A
A,3SZK_AB_C,skempi,0,C,Y,41,,A
A,3SZK_AB_C,skempi,0,C,F,43,,A
A,3SZK_AB_C,skempi,0,C,F,44,,A
A,3SZK_AB_C,skempi,0,C,N,66,,A
A,3SZK_AB_C,skempi,0,C,S,69,,A
A,3SZK_AB_C,skempi,0,C,T,70,,A
A,3U82_A_B,skempi,0,B,I,45,,A
A,3UIG_A_P,skempi,0,A,E,47,,A
A,3UIG_A_P,skempi,0,A,K,58,,A
A,3UIG_A_P,skempi,0,A,E,61,,A
A,3UIG_A_P,skempi,0,A,E,72,,A
A,3UII_A_P,skempi,0,A,K,58,,A
A,3W2D_A_HL,skempi,0,A,Y,45,,F
A,3W2D_A_HL,skempi,0,A,Y,45,,L
A,3W2D_A_HL,skempi,0,A,K,67,,N
A,3W2D_A_HL,skempi,0,A,K,67,,R
A,3WWN_A_B,skempi,0,A,R,221,,E
A,3WWN_A_B,skempi,0,A,K,225,,E
A,4B0M_A_BM,skempi,0,A,M,8,,A
A,4B0M_A_BM,skempi,0,B,A,127,,G
A,4B0M_A_BM,skempi,0,M,Y,37,,A
A,4B0M_A_BM,skempi,0,M,L,40,,A
A,4B0M_A_BM,skempi,0,M,P,99,,A
A,4B0M_A_BM,skempi,0,M,P,99,,S
A,4BFI_A_B,skempi,0,B,L,29,,K
A,4BFI_A_B,skempi,0,B,N,43,,A
A,4BFI_A_B,skempi,0,B,N,43,,D
A,4BFI_A_B,skempi,0,B,L,91,,A
A,4BFI_A_B,skempi,0,B,N,93,,K
A,4BFI_A_B,skempi,0,B,F,95,,A
A,4BFI_A_B,skempi,0,B,F,95,,D
A,4BFI_A_B,skempi,0,B,K,99,,E
A,4CPA_A_I,skempi,0,I,P,35,,G
A,4CPA_A_I,skempi,0,I,Y,36,,F
A,4CPA_A_I,skempi,0,I,Y,36,,G
A,4CPA_A_I,skempi,0,I,V,37,,A
A,4CPA_A_I,skempi,0,I,V,37,,F
A,4CPA_A_I,skempi,0,I,V,37,,G
A,4CPA_A_I,skempi,0,I,V,37,,I
A,4CPA_A_I,skempi,0,I,V,37,,L
A,4CVW_A_C,skempi,0,A,D,720,,R
A,4CVW_A_C,skempi,0,A,D,720,,W
A,4CVW_A_C,skempi,0,C,R,27,,A
A,4CVW_A_C,skempi,0,C,R,31,,A
A,4CVW_A_C,skempi,0,C,R,31,,W
A,4CVW_A_C,skempi,0,C,L,34,,G
A,4CVW_A_C,skempi,0,C,L,34,,W
A,4CVW_A_C,skempi,0,C,V,35,,D
A,4E6K_AB_G,skempi,0,G,Y,2,,F
A,4E6K_AB_G,skempi,0,G,L,5,,A
A,4E6K_AB_G,skempi,0,G,K,40,,A
A,4FTV_ABC_DE,skempi,0,A,R,65,,A
A,4FTV_ABC_DE,skempi,0,A,T,163,,A
A,4FTV_ABC_DE,skempi,0,D,K,66,,A
A,4FTV_ABC_DE,skempi,0,D,D,93,,A
A,4FTV_ABC_DE,skempi,0,E,Q,101,,E
A,4FTV_ABC_DE,skempi,0,E,Q,101,,R
A,4FZA_A_B,skempi,0,A,F,168,,E
A,4FZA_A_B,skempi,0,A,Y,213,,A
A,4FZA_A_B,skempi,0,A,R,217,,A
A,4FZA_A_B,skempi,0,B,E,122,,A
A,4G0N_A_B,skempi,0,A,I,21,,A
A,4G0N_A_B,skempi,0,A,E,31,,A
A,4G0N_A_B,skempi,0,A,D,33,,A
A,4G0N_A_B,skempi,0,A,I,36,,A
A,4G0N_A_B,skempi,0,A,E,37,,A
A,4G0N_A_B,skempi,0,A,D,38,,A
A,4G0N_A_B,skempi,0,A,S,39,,A
A,4G0N_A_B,skempi,0,A,R,41,,A
A,4G0N_A_B,skempi,0,B,N,11,,A
A,4G0N_A_B,skempi,0,B,N,11,,D
A,4G0N_A_B,skempi,0,B,K,12,,A
A,4G0N_A_B,skempi,0,B,K,12,,E
A,4G0N_A_B,skempi,0,B,K,12,,M
A,4G0N_A_B,skempi,0,B,Q,13,,A
A,4G0N_A_B,skempi,0,B,R,14,,A
A,4G0N_A_B,skempi,0,B,T,15,,A
A,4G0N_A_B,skempi,0,B,V,16,,A
A,4G0N_A_B,skempi,0,B,N,18,,R
A,4G0N_A_B,skempi,0,B,K,31,,A
A,4G0N_A_B,skempi,0,B,K,31,,E
A,4G0N_A_B,skempi,0,B,V,35,,A
A,4G0N_A_B,skempi,0,B,V,35,,I
A,4G0N_A_B,skempi,0,B,R,36,,L
A,4GXU_ABCDEF_MN,skempi,0,A,D,189,,E
A,4GXU_ABCDEF_MN,skempi,0,A,D,224,,G
A,4HFK_A_BD,skempi,0,B,R,22,,A
A,4HFK_A_BD,skempi,0,B,L,45,,A
A,4HFK_A_BD,skempi,0,B,E,46,,A
A,4HFK_A_BD,skempi,0,B,S,48,,A
A,4HFK_A_BD,skempi,0,B,N,49,,A
A,4HFK_A_BD,skempi,0,B,L,50,,A
A,4HFK_A_BD,skempi,0,B,E,56,,A
A,4HFK_A_BD,skempi,0,D,T,72,,A
A,4HRN_A_D,skempi,0,D,L,17,,A
A,4HRN_A_D,skempi,0,D,S,43,,A
A,4HRN_A_D,skempi,0,D,V,44,,A
A,4HRN_A_D,skempi,0,D,F,47,,A
A,4HSA_AB_C,skempi,0,A,Y,58,,I
A,4HSA_AB_C,skempi,0,A,H,59,,S
A,4I77_HL_Z,skempi,0,H,W,52,,A
A,4I77_HL_Z,skempi,0,H,W,52,,F
A,4I77_HL_Z,skempi,0,H,D,54,,A
A,4I77_HL_Z,skempi,0,H,Y,100,,A
A,4I77_HL_Z,skempi,0,H,Y,100,,F
A,4I77_HL_Z,skempi,0,H,Y,101,,A
A,4I77_HL_Z,skempi,0,H,Y,101,,F
A,4I77_HL_Z,skempi,0,H,Y,103,,A
A,4I77_HL_Z,skempi,0,H,Y,103,,F
A,4I77_HL_Z,skempi,0,L,Y,32,,A
A,4I77_HL_Z,skempi,0,L,Y,32,,F
A,4I77_HL_Z,skempi,0,L,N,95,,A
A,4J2L_A_CD,skempi,0,A,S,34,,D
A,4J2L_A_CD,skempi,0,A,L,118,,E
A,4J2L_A_CD,skempi,0,C,W,17,,A
A,4J2L_A_CD,skempi,0,C,L,20,,S
A,4JEU_A_B,skempi,0,A,R,37,,C
A,4JEU_A_B,skempi,0,B,R,3,,A
A,4JEU_A_B,skempi,0,B,T,4,,A
A,4JEU_A_B,skempi,0,B,L,7,,A
A,4JEU_A_B,skempi,0,B,I,215,,A
A,4JFD_ABC_DE,skempi,0,C,A,4,,G
A,4JFE_ABC_DE,skempi,0,C,A,7,,I
A,4JFF_ABC_DE,skempi,0,C,E,1,,A
A,4JFF_ABC_DE,skempi,0,C,G,4,,A
A,4JFF_ABC_DE,skempi,0,C,I,7,,A
A,4JFF_ABC_DE,skempi,0,C,L,8,,A
A,4JFF_ABC_DE,skempi,0,C,T,9,,A
A,4JGH_ABC_D,skempi,0,D,W,44,,A
A,4JPK_HL_A,skempi,0,A,V,30,,N
A,4JPK_HL_A,skempi,0,A,R,81,,T
A,4JPK_HL_A,skempi,0,A,D,141,,R
A,4JPK_HL_A,skempi,0,A,F,144,,I
A,4K71_A_BC,skempi,0,A,G,503,,E
A,4K71_A_BC,skempi,0,B,H,157,,A
A,4K71_A_BC,skempi,0,B,H,157,,F
A,4KRL_A_B,skempi,0,B,R,30,,A
A,4KRL_A_B,skempi,0,B,D,112,,A
A,4KRO_A_B,skempi,0,B,R,15,,A
A,4KRO_A_B,skempi,0,B,D,92,,A
A,4KRP_A_B,skempi,0,B,E,105,,A
A,4L0P_A_B,skempi,0,A,E,27,,K
A,4L0P_A_B,skempi,0,A,T,76,,Q
A,4L3E_ABC_DE,skempi,0,A,R,65,,A
A,4L3E_ABC_DE,skempi,0,A,Q,155,,A
A,4L3E_ABC_DE,skempi,0,A,E,166,,A
A,4L3E_ABC_DE,skempi,0,D,Y,26,,A
A,4L3E_ABC_DE,skempi,0,D,Y,50,,A
A,4L3E_ABC_DE,skempi,0,E,Y,48,,A
A,4MNQ_ABC_DE,skempi,0,C,K,4,,A
A,4MNQ_ABC_DE,skempi,0,C,L,6,,A
A,4MYW_A_B,skempi,0,B,I,48,,A
A,4N8V_G_ABC,skempi,0,G,K,38,,A
A,4N8V_G_ABC,skempi,0,G,Y,39,,F
A,4NKQ_C_AB,skempi,0,B,R,80,,A
A,4NKQ_C_AB,skempi,0,B,R,80,,D
A,4NKQ_C_AB,skempi,0,B,K,89,,A
A,4NKQ_C_AB,skempi,0,B,K,89,,D
A,4NKQ_C_AB,skempi,0,B,K,90,,A
A,4NKQ_C_AB,skempi,0,B,K,90,,D
A,4NKQ_C_AB,skempi,0,B,D,126,,A
A,4NKQ_C_AB,skempi,0,B,R,178,,A
A,4NKQ_C_AB,skempi,0,B,R,178,,D
A,4NKQ_C_AB,skempi,0,B,R,178,,M
A,4NKQ_C_AB,skempi,0,C,N,4,,E
A,4NKQ_C_AB,skempi,0,C,E,8,,R
A,4NKQ_C_AB,skempi,0,C,R,10,,D
A,4NKQ_C_AB,skempi,0,C,R,11,,D
A,4NKQ_C_AB,skempi,0,C,L,15,,D
A,4NKQ_C_AB,skempi,0,C,D,99,,K
A,4NM8_ABCDEF_HL,skempi,0,B,I,18,,M
A,4NM8_ABCDEF_HL,skempi,0,B,D,19,,N
A,4NM8_ABCDEF_HL,skempi,0,B,R,25,,M
A,4NM8_ABCDEF_HL,skempi,0,B,T,32,,E
A,4NM8_ABCDEF_HL,skempi,0,B,T,32,,I
A,4NM8_ABCDEF_HL,skempi,0,B,T,32,,R
A,4NM8_ABCDEF_HL,skempi,0,B,Q,34,,R
A,4NM8_ABCDEF_HL,skempi,0,B,Q,34,,T
A,4NM8_ABCDEF_HL,skempi,0,B,L,38,,Y
A,4NZW_A_B,skempi,0,A,K,77,,A
A,4NZW_A_B,skempi,0,B,E,49,,A
A,4NZW_A_B,skempi,0,B,E,124,,A
A,4O27_A_B,skempi,0,A,K,88,,A
A,4O27_A_B,skempi,0,A,Y,215,,A
A,4O27_A_B,skempi,0,B,E,42,,A
A,4OFY_A_D,skempi,0,A,Q,34,,A
A,4OFY_A_D,skempi,0,A,M,36,,A
A,4OFY_A_D,skempi,0,A,D,38,,A
A,4OFY_A_D,skempi,0,A,F,40,,A
A,4OFY_A_D,skempi,0,A,Q,85,,A
A,4OFY_A_D,skempi,0,A,S,87,,A
A,4OFY_A_D,skempi,0,A,E,88,,A
A,4OFY_A_D,skempi,0,D,Q,34,,A
A,4OFY_A_D,skempi,0,D,L,42,,A
A,4OFY_A_D,skempi,0,D,Q,86,,A
A,4OFY_A_D,skempi,0,D,R,96,,A
A,4OZG_ABJ_GH,skempi,0,G,N,29,,A
A,4OZG_ABJ_GH,skempi,0,G,Y,31,,A
A,4OZG_ABJ_GH,skempi,0,G,L,50,,A
A,4OZG_ABJ_GH,skempi,0,H,Y,46,,F
A,4OZG_ABJ_GH,skempi,0,H,Q,48,,A
A,4OZG_ABJ_GH,skempi,0,H,N,50,,A
A,4OZG_ABJ_GH,skempi,0,H,F,94,,A
A,4OZG_ABJ_GH,skempi,0,H,R,95,,A
A,4OZG_ABJ_GH,skempi,0,H,F,96,,A
A,4OZG_ABJ_GH,skempi,0,H,D,98,,A
A,4OZG_ABJ_GH,skempi,0,H,Y,101,,F
A,4P23_CD_AB,skempi,0,C,K,40,,A
A,4P23_CD_AB,skempi,0,C,D,56,,A
A,4P23_CD_AB,skempi,0,C,Q,58,,A
A,4P23_CD_AB,skempi,0,C,L,61,,A
A,4P23_CD_AB,skempi,0,C,Q,62,,A
A,4P23_CD_AB,skempi,0,C,V,66,,A
A,4P23_CD_AB,skempi,0,C,K,68,,A
A,4P23_CD_AB,skempi,0,C,H,69,,A
A,4P23_CD_AB,skempi,0,D,E,2,,A
A,4P23_CD_AB,skempi,0,D,Q,4,,A
A,4P23_CD_AB,skempi,0,D,K,5,,A
A,4P23_CD_AB,skempi,0,D,K,7,,A
A,4P23_CD_AB,skempi,0,D,K,10,,A
A,4P23_CD_AB,skempi,0,D,E,75,,A
A,4P23_CD_AB,skempi,0,D,R,79,,A
A,4P5T_CD_AB,skempi,0,C,K,40,,A
A,4P5T_CD_AB,skempi,0,C,D,56,,A
A,4P5T_CD_AB,skempi,0,C,Q,58,,A
A,4P5T_CD_AB,skempi,0,C,L,61,,A
A,4P5T_CD_AB,skempi,0,C,Q,62,,A
A,4P5T_CD_AB,skempi,0,C,V,66,,A
A,4P5T_CD_AB,skempi,0,C,H,69,,A
A,4P5T_CD_AB,skempi,0,D,E,2,,A
A,4P5T_CD_AB,skempi,0,D,Q,4,,A
A,4P5T_CD_AB,skempi,0,D,K,5,,A
A,4P5T_CD_AB,skempi,0,D,K,7,,A
A,4P5T_CD_AB,skempi,0,D,K,10,,A
A,4P5T_CD_AB,skempi,0,D,E,74,,A
A,4P5T_CD_AB,skempi,0,D,E,77,,A
A,4P5T_CD_AB,skempi,0,D,R,78,,A
A,4P5T_CD_AB,skempi,0,D,D,84,,A
A,4P5T_CD_AB,skempi,0,D,T,85,,A
A,4P5T_CD_AB,skempi,0,D,H,89,,A
A,4PWX_AB_CD,skempi,0,A,F,194,,A
A,4PWX_AB_CD,skempi,0,A,Y,198,,A
A,4PWX_AB_CD,skempi,0,A,E,201,,K
A,4PWX_AB_CD,skempi,0,A,Q,205,,A
A,4PWX_AB_CD,skempi,0,A,E,246,,K
A,4PWX_AB_CD,skempi,0,B,K,65,,A
A,4PWX_AB_CD,skempi,0,B,K,65,,D
A,4PWX_AB_CD,skempi,0,B,K,68,,A
A,4PWX_AB_CD,skempi,0,B,K,68,,D
A,4PWX_AB_CD,skempi,0,B,R,71,,A
A,4PWX_AB_CD,skempi,0,B,R,269,,A
A,4PWX_AB_CD,skempi,0,C,Y,16,,A
A,4PWX_AB_CD,skempi,0,C,Q,20,,A
A,4PWX_AB_CD,skempi,0,C,R,28,,A
A,4PWX_AB_CD,skempi,0,C,R,31,,A
A,4PWX_AB_CD,skempi,0,C,D,60,,K
A,4RA0_A_C,skempi,0,C,A,66,,V
A,4RS1_A_B,skempi,0,A,R,10,,D
A,4RS1_A_B,skempi,0,A,E,25,,A
A,4RS1_A_B,skempi,0,A,E,25,,K
A,4RS1_A_B,skempi,0,A,D,28,,A
A,4RS1_A_B,skempi,0,A,D,28,,K
A,4RS1_A_B,skempi,0,A,Q,79,,A
A,4RS1_A_B,skempi,0,A,Q,79,,E
A,4RS1_A_B,skempi,0,A,D,92,,A
A,4RS1_A_B,skempi,0,A,D,92,,K
A,4RS1_A_B,skempi,0,A,D,92,,N
A,4RS1_A_B,skempi,0,A,D,92,,R
A,4RS1_A_B,skempi,0,A,L,95,,A
A,4RS1_A_B,skempi,0,A,F,99,,A
A,4RS1_A_B,skempi,0,B,K,174,,A
A,4RS1_A_B,skempi,0,B,K,203,,A
A,4RS1_A_B,skempi,0,B,S,205,,A
A,4U6H_AB_E,skempi,0,E,N,21,,A
A,4U6H_AB_E,skempi,0,E,Q,25,,A
A,4WND_A_B,skempi,0,A,N,263,,R
A,4X4M_AB_E,skempi,0,E,K,153,,A
A,4X4M_AB_E,skempi,0,E,K,153,,E
A,4Y61_A_B,skempi,0,A,Y,246,,A
A,4Y61_A_B,skempi,0,B,R,86,,A
A,4YEB_A_B,skempi,0,B,F,131,,A
A,4YFD_A_B,skempi,0,A,R,169,,A
A,4YFD_A_B,skempi,0,A,E,259,,A
A,4YFD_A_B,skempi,0,B,W,4,,A
A,4YFD_A_B,skempi,0,B,K,71,,A
A,4YH7_A_B,skempi,0,A,R,169,,A
A,4YH7_A_B,skempi,0,A,Y,246,,A
A,4YH7_A_B,skempi,0,B,D,258,,A
A,4ZS6_HL_A,skempi,0,A,E,156,,A
A,4ZS6_HL_A,skempi,0,A,Y,160,,A
A,5C6T_HL_A,skempi,0,A,Y,182,,A
A,5C6T_HL_A,skempi,0,A,T,185,,A
A,5C6T_HL_A,skempi,0,A,N,188,,A
A,5C6T_HL_A,skempi,0,A,E,194,,A
A,5C6T_HL_A,skempi,0,A,F,199,,A
A,5C6T_HL_A,skempi,0,A,F,200,,A
A,5C6T_HL_A,skempi,0,A,I,201,,A
A,5C6T_HL_A,skempi,0,H,R,31,,S
A,5C6T_HL_A,skempi,0,H,S,32,,A
A,5C6T_HL_A,skempi,0,H,N,97,,A
A,5C6T_HL_A,skempi,0,H,Y,98,,A
A,5C6T_HL_A,skempi,0,H,F,99,,A
A,5C6T_HL_A,skempi,0,H,Y,104,,A
A,5C6T_HL_A,skempi,0,L,R,48,,A
A,5CXB_A_B,skempi,0,B,E,49,,D
A,5CXB_A_B,skempi,0,B,T,52,,Q
A,5CXB_A_B,skempi,0,B,R,54,,A
A,5CXB_A_B,skempi,0,B,R,54,,E
A,5CXB_A_B,skempi,0,B,V,56,,W
A,5CYK_A_B,skempi,0,B,E,52,,A
A,5CYK_A_B,skempi,0,B,E,52,,R
A,5E6P_A_B,skempi,0,A,Y,468,,A
A,5E6P_A_B,skempi,0,A,A,494,,E
A,5E6P_A_B,skempi,0,A,A,495,,E
A,5E6P_A_B,skempi,0,B,I,22,,A
A,5E6P_A_B,skempi,0,B,L,24,,A
A,5E6P_A_B,skempi,0,B,R,42,,A
A,5E6P_A_B,skempi,0,B,R,42,,E
A,5E9D_AB_CDE,skempi,0,D,Y,49,,W
A,5E9D_AB_CDE,skempi,0,D,S,50,,G
A,5E9D_AB_CDE,skempi,0,E,A,98,,Y
A,5F4E_A_B,skempi,0,A,E,50,,A
A,5F4E_A_B,skempi,0,A,E,50,,K
A,5F4E_A_B,skempi,0,A,H,136,,A
A,5F4E_A_B,skempi,0,A,R,139,,A
A,5F4E_A_B,skempi,0,A,R,139,,E
A,5F4E_A_B,skempi,0,B,E,26,,A
A,5F4E_A_B,skempi,0,B,E,26,,K
A,5F4E_A_B,skempi,0,B,W,43,,A
A,5F4E_A_B,skempi,0,B,L,62,,A
A,5F4E_A_B,skempi,0,B,K,139,,A
A,5F4E_A_B,skempi,0,B,K,139,,E
A,5K39_A_B,skempi,0,B,M,108,,A
A,5K39_A_B,skempi,0,B,M,112,,A
A,5K39_A_B,skempi,0,B,S,115,,A
A,5K39_A_B,skempi,0,B,F,142,,A
A,5K39_A_B,skempi,0,B,I,148,,A
A,5M2O_A_B,skempi,0,A,N,64,,A
A,5M2O_A_B,skempi,0,A,N,71,,A
A,5M2O_A_B,skempi,0,A,K,73,,A
A,5M2O_A_B,skempi,0,A,L,75,,A
A,5M2O_A_B,skempi,0,A,E,80,,A
A,5M2O_A_B,skempi,0,A,H,117,,A
A,5M2O_A_B,skempi,0,A,N,120,,A
A,5M2O_A_B,skempi,0,B,I,17,,A
A,5M2O_A_B,skempi,0,B,S,18,,A
A,5M2O_A_B,skempi,0,B,V,21,,A
A,5M2O_A_B,skempi,0,B,Q,25,,A
A,5M2O_A_B,skempi,0,B,K,32,,A
A,5M2O_A_B,skempi,0,B,Q,61,,A
A,5M2O_A_B,skempi,0,B,L,65,,A
A,5TAR_A_B,skempi,0,B,E,86,,A
A,5TAR_A_B,skempi,0,B,W,88,,A
A,5TAR_A_B,skempi,0,B,Q,114,,A
A,5XCO_A_B,skempi,0,B,P,6,,A
A,5XCO_A_B,skempi,0,B,L,7,,A
A,5XCO_A_B,skempi,0,B,Y,8,,A
A,5XCO_A_B,skempi,0,B,I,9,,A
A,5XCO_A_B,skempi,0,B,S,10,,A
A,5XCO_A_B,skempi,0,B,Y,11,,A
A,5XCO_A_B,skempi,0,B,D,12,,A
A,5XCO_A_B,skempi,0,B,V,14,,A
B,1ACB_E_I,L,0,E,F,39,,K
B,1ACB_E_I,L,0,E,H,55,,S
B,1ACB_E_I,L,0,E,C,56,,G
B,1ACB_E_I,L,0,E,I,97,,Y
B,1ACB_E_I,L,0,E,L,141,,W
B,1ACB_E_I,L,0,E,A,145,,L
B,1ACB_E_I,L,0,E,T,147,,K
B,1ACB_E_I,L,0,E,K,171,,M
B,1ACB_E_I,L,0,E,S,186,,I
B,1ACB_E_I,L,0,E,M,188,,R
B,1ACB_E_I,L,0,E,S,191,,Q
B,1ACB_E_I,L,0,E,W,211,,V
B,1ACB_E_I,L,0,E,S,214,,Q
B,1ACB_E_I,L,0,I,P,35,,L
B,1ACB_E_I,L,0,I,V,36,,I
B,1ACB_E_I,L,0,I,T,37,,P
B,1ACB_E_I,L,0,I,D,39,,N
B,1ACB_E_I,L,0,I,L,40,,Y
B,1ACB_E_I,L,0,I,Y,42,,R
B,1ACB_E_I,L,0,I,F,48,,S
B,1ACB_E_I,L,0,I,H,61,,Y
B,1ACB_E_I,L,1,E,F,37,,Y
B,1ACB_E_I,L,1,E,F,39,,D
B,1ACB_E_I,L,1,E,H,55,,S
B,1ACB_E_I,L,1,E,I,97,,W
B,1ACB_E_I,L,1,E,L,141,,R
B,1ACB_E_I,L,1,E,Y,144,,P
B,1ACB_E_I,L,1,E,A,145,,P
B,1ACB_E_I,L,1,E,T,147,,L
B,1ACB_E_I,L,1,E,W,168,,Y
B,1ACB_E_I,L,1,E,K,171,,A
B,1ACB_E_I,L,1,E,S,186,,A
B,1ACB_E_I,L,1,E,M,188,,R
B,1ACB_E_I,L,1,E,S,191,,E
B,1ACB_E_I,L,1,E,W,211,,K
B,1ACB_E_I,L,1,E,G,212,,A
B,1ACB_E_I,L,1,E,S,214,,Q
B,1ACB_E_I,L,1,I,G,33,,N
B,1ACB_E_I,L,1,I,P,35,,L
B,1ACB_E_I,L,1,I,V,36,,I
B,1ACB_E_I,L,1,I,D,39,,I
B,1ACB_E_I,L,1,I,Y,42,,K
B,1ACB_E_I,L,1,I,H,61,,Y
B,1ACB_E_I,L,2,E,F,37,,N
B,1ACB_E_I,L,2,E,H,55,,S
B,1ACB_E_I,L,2,E,I,97,,F
B,1ACB_E_I,L,2,E,L,141,,R
B,1ACB_E_I,L,2,E,Y,144,,E
B,1ACB_E_I,L,2,E,A,145,,M
B,1ACB_E_I,L,2,E,T,147,,L
B,1ACB_E_I,L,2,E,W,168,,Y
B,1ACB_E_I,L,2,E,K,171,,F
B,1ACB_E_I,L,2,E,S,186,,A
B,1ACB_E_I,L,2,E,C,187,,D
B,1ACB_E_I,L,2,E,M,188,,R
B,1ACB_E_I,L,2,E,S,191,,E
B,1ACB_E_I,L,2,E,V,209,,I
B,1ACB_E_I,L,2,E,W,211,,R
B,1ACB_E_I,L,2,E,S,214,,Q
B,1ACB_E_I,L,2,I,P,35,,T
B,1ACB_E_I,L,2,I,D,39,,R
B,1ACB_E_I,L,2,I,L,40,,Y
B,1ACB_E_I,L,2,I,Y,42,,R
B,1ACB_E_I,L,2,I,H,61,,Q
B,1ACB_E_I,naive,0,E,F,37,,N
B,1ACB_E_I,naive,0,E,H,55,,S
B,1ACB_E_I,naive,0,E,I,97,,L
B,1ACB_E_I,naive,0,E,L,141,,A
B,1ACB_E_I,naive,0,E,Y,144,,P
B,1ACB_E_I,naive,0,E,A,145,,G
B,1ACB_E_I,naive,0,E,T,147,,F
B,1ACB_E_I,naive,0,E,K,171,,M
B,1ACB_E_I,naive,0,E,S,186,,A
B,1ACB_E_I,naive,0,E,M,188,,R
B,1ACB_E_I,naive,0,E,S,191,,A
B,1ACB_E_I,naive,0,E,S,214,,Q
B,1ACB_E_I,naive,0,I,P,35,,L
B,1ACB_E_I,naive,0,I,T,37,,P
B,1ACB_E_I,naive,0,I,D,39,,T
B,1ACB_E_I,naive,0,I,L,40,,Y
B,1ACB_E_I,naive,0,I,Y,42,,P
B,1ACB_E_I,naive,0,I,H,61,,Q
B,1ACB_E_I,naive,1,E,F,37,,N
B,1ACB_E_I,naive,1,E,H,55,,S
B,1ACB_E_I,naive,1,E,I,97,,Y
B,1ACB_E_I,naive,1,E,L,141,,R
B,1ACB_E_I,naive,1,E,Y,144,,P
B,1ACB_E_I,naive,1,E,A,145,,G
B,1ACB_E_I,naive,1,E,T,147,,F
B,1ACB_E_I,naive,1,E,K,171,,A
B,1ACB_E_I,naive,1,E,S,186,,A
B,1ACB_E_I,naive,1,E,M,188,,R
B,1ACB_E_I,naive,1,E,S,191,,A
B,1ACB_E_I,naive,1,E,S,214,,E
B,1ACB_E_I,naive,1,I,P,35,,L
B,1ACB_E_I,naive,1,I,T,37,,P
B,1ACB_E_I,naive,1,I,D,39,,T
B,1ACB_E_I,naive,1,I,L,40,,Y
B,1ACB_E_I,naive,1,I,Y,42,,S
B,1ACB_E_I,naive,1,I,H,61,,R
B,1ACB_E_I,naive,2,E,F,37,,N
B,1ACB_E_I,naive,2,E,H,55,,S
B,1ACB_E_I,naive,2,E,C,56,,A
B,1ACB_E_I,naive,2,E,I,97,,Y
B,1ACB_E_I,naive,2,E,L,141,,E
B,1ACB_E_I,naive,2,E,Y,144,,P
B,1ACB_E_I,naive,2,E,A,145,,G
B,1ACB_E_I,naive,2,E,T,147,,F
B,1ACB_E_I,naive,2,E,K,171,,R
B,1ACB_E_I,naive,2,E,S,186,,A
B,1ACB_E_I,naive,2,E,C,187,,S
B,1ACB_E_I,naive,2,E,M,188,,R
B,1ACB_E_I,naive,2,E,S,191,,A
B,1ACB_E_I,naive,2,E,S,214,,E
B,1ACB_E_I,naive,2,I,P,35,,L
B,1ACB_E_I,naive,2,I,T,37,,P
B,1ACB_E_I,naive,2,I,D,39,,T
B,1ACB_E_I,naive,2,I,L,40,,Y
B,1ACB_E_I,naive,2,I,Y,42,,P
B,1ACB_E_I,naive,2,I,H,61,,R
B,1ACB_E_I,random,0,E,H,55,,S
B,1ACB_E_I,random,0,E,C,56,,G
B,1ACB_E_I,random,0,E,I,97,,Y
B,1ACB_E_I,random,0,E,L,141,,W
B,1ACB_E_I,random,0,E,Y,144,,L
B,1ACB_E_I,random,0,E,A,145,,P
B,1ACB_E_I,random,0,E,T,147,,N
B,1ACB_E_I,random,0,E,W,168,,N
B,1ACB_E_I,random,0,E,K,171,,M
B,1ACB_E_I,random,0,E,S,186,,I
B,1ACB_E_I,random,0,E,M,188,,W
B,1ACB_E_I,random,0,E,S,191,,Q
B,1ACB_E_I,random,0,E,V,209,,Q
B,1ACB_E_I,random,0,E,S,214,,R
B,1ACB_E_I,random,0,I,P,35,,V
B,1ACB_E_I,random,0,I,V,36,,I
B,1ACB_E_I,random,0,I,T,37,,S
B,1ACB_E_I,random,0,I,L,38,,M
B,1ACB_E_I,random,0,I,D,39,,C
B,1ACB_E_I,random,0,I,L,40,,R
B,1ACB_E_I,random,0,I,R,41,,H
B,1ACB_E_I,random,0,I,F,48,,S
B,1ACB_E_I,random,0,I,H,61,,F
B,1ACB_E_I,random,1,E,F,37,,R
B,1ACB_E_I,random,1,E,F,39,,D
B,1ACB_E_I,random,1,E,H,55,,S
B,1ACB_E_I,random,1,E,I,97,,S
B,1ACB_E_I,random,1,E,L,141,,S
B,1ACB_E_I,random,1,E,Y,144,,G
B,1ACB_E_I,random,1,E,A,145,,P
B,1ACB_E_I,random,1,E,T,147,,R
B,1ACB_E_I,random,1,E,K,171,,R
B,1ACB_E_I,random,1,E,S,186,,V
B,1ACB_E_I,random,1,E,M,188,,W
B,1ACB_E_I,random,1,E,S,191,,Q
B,1ACB_E_I,random,1,E,V,209,,N
B,1ACB_E_I,random,1,E,W,211,,K
B,1ACB_E_I,random,1,E,G,212,,F
B,1ACB_E_I,random,1,E,S,214,,W
B,1ACB_E_I,random,1,I,G,33,,N
B,1ACB_E_I,random,1,I,P,35,,V
B,1ACB_E_I,random,1,I,V,36,,I
B,1ACB_E_I,random,1,I,T,37,,D
B,1ACB_E_I,random,1,I,L,38,,H
B,1ACB_E_I,random,1,I,D,39,,R
B,1ACB_E_I,random,1,I,R,41,,H
B,1ACB_E_I,random,1,I,Y,42,,K
B,1ACB_E_I,random,1,I,F,48,,T
B,1ACB_E_I,random,1,I,H,61,,S
B,1ACB_E_I,random,2,E,F,37,,H
B,1ACB_E_I,random,2,E,H,55,,T
B,1ACB_E_I,random,2,E,I,97,,R
B,1ACB_E_I,random,2,E,L,141,,W
B,1ACB_E_I,random,2,E,Y,144,,E
B,1ACB_E_I,random,2,E,A,145,,N
B,1ACB_E_I,random,2,E,T,147,,R
B,1ACB_E_I,random,2,E,K,171,,Q
B,1ACB_E_I,random,2,E,S,186,,M
B,1ACB_E_I,random,2,E,C,187,,D
B,1ACB_E_I,random,2,E,M,188,,W
B,1ACB_E_I,random,2,E,S,191,,Q
B,1ACB_E_I,random,2,E,V,209,,T
B,1ACB_E_I,random,2,E,G,212,,K
B,1ACB_E_I,random,2,I,P,35,,T
B,1ACB_E_I,random,2,I,V,36,,I
B,1ACB_E_I,random,2,I,T,37,,D
B,1ACB_E_I,random,2,I,L,38,,M
B,1ACB_E_I,random,2,I,D,39,,R
B,1ACB_E_I,random,2,I,L,40,,N
B,1ACB_E_I,random,2,I,R,41,,E
B,1ACB_E_I,random,2,I,Y,42,,C
B,1ACB_E_I,random,2,I,F,48,,Y
B,1ACB_E_I,random,2,I,H,61,,R
B,1AK4_A_D,L,0,A,R,69,,K
B,1AK4_A_D,L,0,A,N,71,,Y
B,1AK4_A_D,L,0,A,T,73,,V
B,1AK4_A_D,L,0,A,N,102,,S
B,1AK4_A_D,L,0,A,A,103,,C
B,1AK4_A_D,L,0,A,W,121,,H
B,1AK4_A_D,L,0,A,L,122,,Y
B,1AK4_A_D,L,0,A,H,126,,Y
B,1AK4_A_D,L,0,A,R,148,,D
B,1AK4_A_D,L,0,A,N,149,,D
B,1AK4_A_D,L,0,D,P,85,,K
B,1AK4_A_D,L,0,D,V,86,,K
B,1AK4_A_D,L,0,D,H,87,,R
B,1AK4_A_D,L,0,D,A,88,,C
B,1AK4_A_D,L,0,D,G,89,,Q
B,1AK4_A_D,L,0,D,I,91,,T
B,1AK4_A_D,L,0,D,A,92,,P
B,1AK4_A_D,L,0,D,Q,95,,H
B,1AK4_A_D,L,1,A,I,57,,V
B,1AK4_A_D,L,1,A,R,69,,N
B,1AK4_A_D,L,1,A,N,71,,D
B,1AK4_A_D,L,1,A,T,73,,K
B,1AK4_A_D,L,1,A,N,102,,D
B,1AK4_A_D,L,1,A,W,121,,R
B,1AK4_A_D,L,1,A,L,122,,Y
B,1AK4_A_D,L,1,A,R,148,,P
B,1AK4_A_D,L,1,A,N,149,,D
B,1AK4_A_D,L,1,D,H,87,,T
B,1AK4_A_D,L,1,D,I,91,,E
B,1AK4_A_D,L,1,D,A,92,,P
B,1AK4_A_D,L,1,D,Q,95,,L
B,1AK4_A_D,L,2,A,I,57,,T
B,1AK4_A_D,L,2,A,R,69,,S
B,1AK4_A_D,L,2,A,N,71,,S
B,1AK4_A_D,L,2,A,T,73,,I
B,1AK4_A_D,L,2,A,W,121,,H
B,1AK4_A_D,L,2,A,L,122,,Y
B,1AK4_A_D,L,2,A,R,148,,D
B,1AK4_A_D,L,2,A,N,149,,T
B,1AK4_A_D,L,2,D,P,85,,N
B,1AK4_A_D,L,2,D,H,87,,R
B,1AK4_A_D,L,2,D,A,92,,V
B,1AK4_A_D,L,2,D,Q,95,,N
B,1AK4_A_D,naive,0,A,R,69,,N
B,1AK4_A_D,naive,0,A,N,71,,D
B,1AK4_A_D,naive,0,A,A,103,,S
B,1AK4_A_D,naive,0,A,W,121,,H
B,1AK4_A_D,naive,0,A,R,148,,A
B,1AK4_A_D,naive,0,A,N,149,,D
B,1AK4_A_D,naive,0,D,V,86,,L
B,1AK4_A_D,naive,0,D,H,87,,V
B,1AK4_A_D,naive,0,D,I,91,,V
B,1AK4_A_D,naive,0,D,A,92,,P
B,1AK4_A_D,naive,0,D,Q,95,,A
B,1AK4_A_D,naive,1,A,I,57,,V
B,1AK4_A_D,naive,1,A,R,69,,E
B,1AK4_A_D,naive,1,A,N,71,,D
B,1AK4_A_D,naive,1,A,A,103,,S
B,1AK4_A_D,naive,1,A,W,121,,E
B,1AK4_A_D,naive,1,A,L,122,,Y
B,1AK4_A_D,naive,1,A,R,148,,T
B,1AK4_A_D,naive,1,A,N,149,,D
B,1AK4_A_D,naive,1,D,V,86,,L
B,1AK4_A_D,naive,1,D,H,87,,V
B,1AK4_A_D,naive,1,D,I,91,,T
B,1AK4_A_D,naive,1,D,A,92,,P
B,1AK4_A_D,naive,2,A,I,57,,V
B,1AK4_A_D,naive,2,A,Q,63,,E
B,1AK4_A_D,naive,2,A,R,69,,N
B,1AK4_A_D,naive,2,A,N,71,,D
B,1AK4_A_D,naive,2,A,N,102,,S
B,1AK4_A_D,naive,2,A,A,103,,S
B,1AK4_A_D,naive,2,A,W,121,,E
B,1AK4_A_D,naive,2,A,R,148,,D
B,1AK4_A_D,naive,2,A,N,149,,D
B,1AK4_A_D,naive,2,D,V,86,,L
B,1AK4_A_D,naive,2,D,H,87,,V
B,1AK4_A_D,naive,2,D,I,91,,V
B,1AK4_A_D,naive,2,D,A,92,,P
B,1AK4_A_D,naive,2,D,Q,95,,E
B,1AK4_A_D,random,0,A,I,57,,Y
B,1AK4_A_D,random,0,A,F,60,,Q
B,1AK4_A_D,random,0,A,R,69,,K
B,1AK4_A_D,random,0,A,N,71,,Y
B,1AK4_A_D,random,0,A,T,73,,V
B,1AK4_A_D,random,0,A,N,102,,S
B,1AK4_A_D,random,0,A,A,103,,N
B,1AK4_A_D,random,0,A,W,121,,N
B,1AK4_A_D,random,0,A,L,122,,Y
B,1AK4_A_D,random,0,A,H,126,,F
B,1AK4_A_D,random,0,A,R,148,,D
B,1AK4_A_D,random,0,A,N,149,,D
B,1AK4_A_D,random,0,D,V,86,,K
B,1AK4_A_D,random,0,D,H,87,,S
B,1AK4_A_D,random,0,D,A,88,,Y
B,1AK4_A_D,random,0,D,P,90,,S
B,1AK4_A_D,random,0,D,A,92,,P
B,1AK4_A_D,random,0,D,Q,95,,V
B,1AK4_A_D,random,1,A,R,55,,K
B,1AK4_A_D,random,1,A,I,57,,V
B,1AK4_A_D,random,1,A,Q,63,,A
B,1AK4_A_D,random,1,A,R,69,,N
B,1AK4_A_D,random,1,A,N,71,,D
B,1AK4_A_D,random,1,A,T,73,,V
B,1AK4_A_D,random,1,A,A,101,,N
B,1AK4_A_D,random,1,A,N,102,,G
B,1AK4_A_D,random,1,A,A,103,,N
B,1AK4_A_D,random,1,A,W,121,,R
B,1AK4_A_D,random,1,A,L,122,,Y
B,1AK4_A_D,random,1,A,H,126,,E
B,1AK4_A_D,random,1,A,R,148,,P
B,1AK4_A_D,random,1,A,N,149,,D
B,1AK4_A_D,random,1,D,H,87,,T
B,1AK4_A_D,random,1,D,A,88,,Y
B,1AK4_A_D,random,1,D,P,90,,R
B,1AK4_A_D,random,1,D,I,91,,E
B,1AK4_A_D,random,1,D,A,92,,P
B,1AK4_A_D,random,1,D,Q,95,,E
B,1AK4_A_D,random,2,A,I,57,,T
B,1AK4_A_D,random,2,A,F,60,,Q
B,1AK4_A_D,random,2,A,R,69,,S
B,1AK4_A_D,random,2,A,N,71,,S
B,1AK4_A_D,random,2,A,T,73,,I
B,1AK4_A_D,random,2,A,A,103,,N
B,1AK4_A_D,random,2,A,W,121,,S
B,1AK4_A_D,random,2,A,L,122,,Y
B,1AK4_A_D,random,2,A,R,148,,D
B,1AK4_A_D,random,2,A,N,149,,T
B,1AK4_A_D,random,2,D,V,86,,A
B,1AK4_A_D,random,2,D,H,87,,Q
B,1AK4_A_D,random,2,D,A,88,,F
B,1AK4_A_D,random,2,D,A,92,,W
B,1AK4_A_D,random,2,D,P,93,,R
B,1AK4_A_D,random,2,D,Q,95,,N
B,1B2S_A_D,L,0,A,A,27,,V
B,1B2S_A_D,L,0,A,A,37,,P
B,1B2S_A_D,L,0,A,S,38,,H
B,1B2S_A_D,L,0,A,F,56,,Y
B,1B2S_A_D,L,0,A,R,59,,L
B,1B2S_A_D,L,0,A,E,60,,M
B,1B2S_A_D,L,0,A,E,73,,H
B,1B2S_A_D,L,0,A,F,82,,L
B,1B2S_A_D,L,0,A,R,83,,I
B,1B2S_A_D,L,0,A,S,85,,Y
B,1B2S_A_D,L,0,A,H,102,,W
B,1B2S_A_D,L,0,A,Y,103,,H
B,1B2S_A_D,L,0,D,Y,30,,F
B,1B2S_A_D,L,0,D,A,37,,S
B,1B2S_A_D,L,0,D,W,39,,N
B,1B2S_A_D,L,0,D,A,43,,Q
B,1B2S_A_D,L,0,D,G,44,,R
B,1B2S_A_D,L,0,D,E,47,,A
B,1B2S_A_D,L,1,A,A,27,,I
B,1B2S_A_D,L,1,A,A,37,,P
B,1B2S_A_D,L,1,A,S,38,,H
B,1B2S_A_D,L,1,A,F,56,,Y
B,1B2S_A_D,L,1,A,R,59,,L
B,1B2S_A_D,L,1,A,E,73,,Y
B,1B2S_A_D,L,1,A,F,82,,C
B,1B2S_A_D,L,1,A,R,83,,V
B,1B2S_A_D,L,1,A,S,85,,A
B,1B2S_A_D,L,1,A,H,102,,W
B,1B2S_A_D,L,1,A,Y,103,,H
B,1B2S_A_D,L,1,A,Q,104,,R
B,1B2S_A_D,L,1,D,Y,30,,F
B,1B2S_A_D,L,1,D,A,37,,S
B,1B2S_A_D,L,1,D,W,39,,R
B,1B2S_A_D,L,1,D,D,40,,M
B,1B2S_A_D,L,1,D,A,43,,R
B,1B2S_A_D,L,1,D,G,44,,D
B,1B2S_A_D,L,1,D,E,47,,A
B,1B2S_A_D,L,1,D,E,77,,I
B,1B2S_A_D,L,2,A,A,27,,I
B,1B2S_A_D,L,2,A,A,37,,P
B,1B2S_A_D,L,2,A,S,38,,H
B,1B2S_A_D,L,2,A,R,59,,L
B,1B2S_A_D,L,2,A,E,60,,M
B,1B2S_A_D,L,2,A,E,73,,W
B,1B2S_A_D,L,2,A,F,82,,Y
B,1B2S_A_D,L,2,A,R,83,,I
B,1B2S_A_D,L,2,A,N,84,,T
B,1B2S_A_D,L,2,A,S,85,,P
B,1B2S_A_D,L,2,A,H,102,,W
B,1B2S_A_D,L,2,A,Y,103,,F
B,1B2S_A_D,L,2,A,Q,104,,R
B,1B2S_A_D,L,2,D,L,35,,Y
B,1B2S_A_D,L,2,D,W,39,,Y
B,1B2S_A_D,L,2,D,D,40,,M
B,1B2S_A_D,L,2,D,A,43,,R
B,1B2S_A_D,L,2,D,G,44,,A
B,1B2S_A_D,L,2,D,E,47,,A
B,1B2S_A_D,naive,0,A,A,27,,T
B,1B2S_A_D,naive,0,A,A,37,,P
B,1B2S_A_D,naive,0,A,S,38,,Y
B,1B2S_A_D,naive,0,A,R,59,,L
B,1B2S_A_D,naive,0,A,E,60,,D
B,1B2S_A_D,naive,0,A,E,73,,K
B,1B2S_A_D,naive,0,A,F,82,,Y
B,1B2S_A_D,naive,0,A,R,83,,F
B,1B2S_A_D,naive,0,A,N,84,,F
B,1B2S_A_D,naive,0,A,H,102,,D
B,1B2S_A_D,naive,0,A,Y,103,,F
B,1B2S_A_D,naive,0,A,Q,104,,R
B,1B2S_A_D,naive,0,D,W,39,,E
B,1B2S_A_D,naive,0,D,D,40,,A
B,1B2S_A_D,naive,0,D,A,43,,F
B,1B2S_A_D,naive,0,D,G,44,,E
B,1B2S_A_D,naive,0,D,E,47,,A
B,1B2S_A_D,naive,0,D,E,77,,R
B,1B2S_A_D,naive,1,A,A,27,,T
B,1B2S_A_D,naive,1,A,A,37,,P
B,1B2S_A_D,naive,1,A,S,38,,A
B,1B2S_A_D,naive,1,A,R,59,,L
B,1B2S_A_D,naive,1,A,E,60,,D
B,1B2S_A_D,naive,1,A,E,73,,Y
B,1B2S_A_D,naive,1,A,F,82,,C
B,1B2S_A_D,naive,1,A,R,83,,F
B,1B2S_A_D,naive,1,A,H,102,,D
B,1B2S_A_D,naive,1,A,Y,103,,F
B,1B2S_A_D,naive,1,A,Q,104,,R
B,1B2S_A_D,naive,1,D,A,37,,S
B,1B2S_A_D,naive,1,D,W,39,,E
B,1B2S_A_D,naive,1,D,D,40,,E
B,1B2S_A_D,naive,1,D,A,43,,R
B,1B2S_A_D,naive,1,D,G,44,,N
B,1B2S_A_D,naive,1,D,E,47,,A
B,1B2S_A_D,naive,1,D,E,77,,S
B,1B2S_A_D,naive,2,A,A,27,,T
B,1B2S_A_D,naive,2,A,A,37,,P
B,1B2S_A_D,naive,2,A,S,38,,A
B,1B2S_A_D,naive,2,A,F,56,,Y
B,1B2S_A_D,naive,2,A,R,59,,L
B,1B2S_A_D,naive,2,A,E,60,,D
B,1B2S_A_D,naive,2,A,E,73,,Y
B,1B2S_A_D,naive,2,A,F,82,,C
B,1B2S_A_D,naive,2,A,R,83,,I
B,1B2S_A_D,naive,2,A,H,102,,D
B,1B2S_A_D,naive,2,A,Y,103,,F
B,1B2S_A_D,naive,2,A,Q,104,,R
B,1B2S_A_D,naive,2,D,A,37,,S
B,1B2S_A_D,naive,2,D,W,39,,E
B,1B2S_A_D,naive,2,D,D,40,,L
B,1B2S_A_D,naive,2,D,A,43,,R
B,1B2S_A_D,naive,2,D,G,44,,N
B,1B2S_A_D,naive,2,D,E,47,,A
B,1B2S_A_D,naive,2,D,E,77,,R
B,1B2S_A_D,random,0,A,A,27,,E
B,1B2S_A_D,random,0,A,A,37,,N
B,1B2S_A_D,random,0,A,S,38,,E
B,1B2S_A_D,random,0,A,F,56,,Y
B,1B2S_A_D,random,0,A,R,59,,A
B,1B2S_A_D,random,0,A,E,60,,M
B,1B2S_A_D,random,0,A,E,73,,W
B,1B2S_A_D,random,0,A,F,82,,L
B,1B2S_A_D,random,0,A,R,83,,I
B,1B2S_A_D,random,0,A,H,102,,D
B,1B2S_A_D,random,0,A,Y,103,,Q
B,1B2S_A_D,random,0,A,Q,104,,K
B,1B2S_A_D,random,0,D,Y,30,,T
B,1B2S_A_D,random,0,D,G,32,,L
B,1B2S_A_D,random,0,D,D,36,,A
B,1B2S_A_D,random,0,D,A,37,,S
B,1B2S_A_D,random,0,D,W,39,,R
B,1B2S_A_D,random,0,D,D,40,,G
B,1B2S_A_D,random,0,D,A,43,,Q
B,1B2S_A_D,random,0,D,W,45,,H
B,1B2S_A_D,random,0,D,E,47,,Q
B,1B2S_A_D,random,1,A,A,27,,E
B,1B2S_A_D,random,1,A,A,37,,I
B,1B2S_A_D,random,1,A,S,38,,E
B,1B2S_A_D,random,1,A,F,56,,Y
B,1B2S_A_D,random,1,A,R,59,,A
B,1B2S_A_D,random,1,A,E,73,,T
B,1B2S_A_D,random,1,A,F,82,,C
B,1B2S_A_D,random,1,A,R,83,,L
B,1B2S_A_D,random,1,A,H,102,,D
B,1B2S_A_D,random,1,A,Y,103,,H
B,1B2S_A_D,random,1,A,Q,104,,D
B,1B2S_A_D,random,1,D,Y,30,,T
B,1B2S_A_D,random,1,D,G,32,,L
B,1B2S_A_D,random,1,D,D,36,,A
B,1B2S_A_D,random,1,D,A,37,,S
B,1B2S_A_D,random,1,D,W,39,,R
B,1B2S_A_D,random,1,D,D,40,,Q
B,1B2S_A_D,random,1,D,A,43,,N
B,1B2S_A_D,random,1,D,G,44,,M
B,1B2S_A_D,random,1,D,W,45,,H
B,1B2S_A_D,random,1,D,E,77,,I
B,1B2S_A_D,random,2,A,A,27,,E
B,1B2S_A_D,random,2,A,A,37,,N
B,1B2S_A_D,random,2,A,S,38,,E
B,1B2S_A_D,random,2,A,R,59,,A
B,1B2S_A_D,random,2,A,E,60,,M
B,1B2S_A_D,random,2,A,E,73,,W
B,1B2S_A_D,random,2,A,F,82,,C
B,1B2S_A_D,random,2,A,R,83,,Y
B,1B2S_A_D,random,2,A,H,102,,D
B,1B2S_A_D,random,2,A,Y,103,,F
B,1B2S_A_D,random,2,A,Q,104,,K
B,1B2S_A_D,random,2,D,Y,30,,T
B,1B2S_A_D,random,2,D,G,32,,S
B,1B2S_A_D,random,2,D,L,35,,E
B,1B2S_A_D,random,2,D,D,36,,A
B,1B2S_A_D,random,2,D,W,39,,M
B,1B2S_A_D,random,2,D,D,40,,Q
B,1B2S_A_D,random,2,D,A,43,,R
B,1B2S_A_D,random,2,D,G,44,,S
B,1B2S_A_D,random,2,D,W,45,,H
B,1B2S_A_D,random,2,D,E,47,,H
B,1CT0_E_I,L,0,E,T,11,,K
B,1CT0_E_I,L,0,E,G,12,,H
B,1CT0_E_I,L,0,E,R,13,,C
B,1CT0_E_I,L,0,E,H,33,,S
B,1CT0_E_I,L,0,E,N,119,,D
B,1CT0_E_I,L,0,E,G,122,,D
B,1CT0_E_I,L,0,E,A,136,,G
B,1CT0_E_I,L,0,E,P,138,,G
B,1CT0_E_I,L,0,E,S,141,,E
B,1CT0_E_I,L,0,E,S,159,,Y
B,1CT0_E_I,L,0,I,P,9,,A
B,1CT0_E_I,L,0,I,T,12,,L
B,1CT0_E_I,L,0,I,S,13,,Y
B,1CT0_E_I,L,0,I,E,14,,L
B,1CT0_E_I,L,0,I,Y,15,,L
B,1CT0_E_I,L,0,I,R,16,,V
B,1CT0_E_I,L,0,I,N,31,,E
B,1CT0_E_I,L,1,E,T,11,,R
B,1CT0_E_I,L,1,E,G,12,,H
B,1CT0_E_I,L,1,E,C,14,,K
B,1CT0_E_I,L,1,E,H,33,,S
B,1CT0_E_I,L,1,E,N,119,,D
B,1CT0_E_I,L,1,E,G,122,,D
B,1CT0_E_I,L,1,E,A,136,,G
B,1CT0_E_I,L,1,E,P,138,,A
B,1CT0_E_I,L,1,E,S,141,,E
B,1CT0_E_I,L,1,E,S,159,,R
B,1CT0_E_I,L,1,I,P,9,,A
B,1CT0_E_I,L,1,I,T,12,,L
B,1CT0_E_I,L,1,I,S,13,,L
B,1CT0_E_I,L,1,I,E,14,,L
B,1CT0_E_I,L,1,I,Y,15,,W
B,1CT0_E_I,L,1,I,N,31,,I
B,1CT0_E_I,L,2,E,T,11,,H
B,1CT0_E_I,L,2,E,C,14,,G
B,1CT0_E_I,L,2,E,H,33,,S
B,1CT0_E_I,L,2,E,N,119,,D
B,1CT0_E_I,L,2,E,Y,120,,F
B,1CT0_E_I,L,2,E,G,122,,D
B,1CT0_E_I,L,2,E,P,138,,C
B,1CT0_E_I,L,2,E,S,141,,G
B,1CT0_E_I,L,2,E,S,159,,N
B,1CT0_E_I,L,2,I,K,8,,R
B,1CT0_E_I,L,2,I,P,9,,D
B,1CT0_E_I,L,2,I,C,11,,Y
B,1CT0_E_I,L,2,I,T,12,,L
B,1CT0_E_I,L,2,I,S,13,,F
B,1CT0_E_I,L,2,I,E,14,,L
B,1CT0_E_I,L,2,I,Y,15,,W
B,1CT0_E_I,L,2,I,R,16,,T
B,1CT0_E_I,L,2,I,N,31,,E
B,1CT0_E_I,naive,0,E,T,11,,K
B,1CT0_E_I,naive,0,E,C,14,,G
B,1CT0_E_I,naive,0,E,N,119,,D
B,1CT0_E_I,naive,0,E,Y,120,,F
B,1CT0_E_I,naive,0,E,G,122,,D
B,1CT0_E_I,naive,0,E,S,141,,G
B,1CT0_E_I,naive,0,I,P,9,,A
B,1CT0_E_I,naive,0,I,T,12,,P
B,1CT0_E_I,naive,0,I,S,13,,L
B,1CT0_E_I,naive,0,I,E,14,,L
B,1CT0_E_I,naive,0,I,Y,15,,L
B,1CT0_E_I,naive,0,I,R,16,,T
B,1CT0_E_I,naive,0,I,N,31,,E
B,1CT0_E_I,naive,1,E,T,11,,K
B,1CT0_E_I,naive,1,E,C,14,,T
B,1CT0_E_I,naive,1,E,N,119,,D
B,1CT0_E_I,naive,1,E,Y,120,,F
B,1CT0_E_I,naive,1,E,S,141,,A
B,1CT0_E_I,naive,1,E,S,159,,Y
B,1CT0_E_I,naive,1,I,T,12,,P
B,1CT0_E_I,naive,1,I,S,13,,L
B,1CT0_E_I,naive,1,I,E,14,,I
B,1CT0_E_I,naive,1,I,Y,15,,W
B,1CT0_E_I,naive,1,I,R,16,,Q
B,1CT0_E_I,naive,1,I,N,31,,E
B,1CT0_E_I,naive,2,E,T,11,,Q
B,1CT0_E_I,naive,2,E,R,13,,Q
B,1CT0_E_I,naive,2,E,N,119,,D
B,1CT0_E_I,naive,2,E,Y,120,,F
B,1CT0_E_I,naive,2,E,G,122,,N
B,1CT0_E_I,naive,2,E,S,141,,G
B,1CT0_E_I,naive,2,I,K,8,,L
B,1CT0_E_I,naive,2,I,P,9,,E
B,1CT0_E_I,naive,2,I,T,12,,P
B,1CT0_E_I,naive,2,I,S,13,,L
B,1CT0_E_I,naive,2,I,E,14,,L
B,1CT0_E_I,naive,2,I,Y,15,,L
B,1CT0_E_I,naive,2,I,N,31,,E
B,1CT0_E_I,random,0,E,T,11,,R
B,1CT0_E_I,random,0,E,G,12,,W
B,1CT0_E_I,random,0,E,R,13,,V
B,1CT0_E_I,random,0,E,V,118,,Y
B,1CT0_E_I,random,0,E,N,119,,D
B,1CT0_E_I,random,0,E,Y,120,,L
B,1CT0_E_I,random,0,E,A,136,,N
B,1CT0_E_I,random,0,E,P,138,,N
B,1CT0_E_I,random,0,E,S,141,,L
B,1CT0_E_I,random,0,E,S,159,,Y
B,1CT0_E_I,random,0,I,P,9,,A
B,1CT0_E_I,random,0,I,A,10,,D
B,1CT0_E_I,random,0,I,T,12,,I
B,1CT0_E_I,random,0,I,S,13,,L
B,1CT0_E_I,random,0,I,E,14,,S
B,1CT0_E_I,random,0,I,Y,15,,D
B,1CT0_E_I,random,0,I,R,16,,H
B,1CT0_E_I,random,0,I,G,27,,H
B,1CT0_E_I,random,0,I,N,31,,S
B,1CT0_E_I,random,1,E,T,11,,R
B,1CT0_E_I,random,1,E,R,13,,Q
B,1CT0_E_I,random,1,E,C,14,,K
B,1CT0_E_I,random,1,E,H,33,,S
B,1CT0_E_I,random,1,E,V,118,,Y
B,1CT0_E_I,random,1,E,N,119,,D
B,1CT0_E_I,random,1,E,Y,120,,V
B,1CT0_E_I,random,1,E,A,136,,T
B,1CT0_E_I,random,1,E,P,138,,A
B,1CT0_E_I,random,1,E,S,141,,L
B,1CT0_E_I,random,1,E,S,159,,R
B,1CT0_E_I,random,1,I,P,9,,T
B,1CT0_E_I,random,1,I,A,10,,V
B,1CT0_E_I,random,1,I,T,12,,Y
B,1CT0_E_I,random,1,I,S,13,,T
B,1CT0_E_I,random,1,I,E,14,,S
B,1CT0_E_I,random,1,I,Y,15,,W
B,1CT0_E_I,random,1,I,R,16,,H
B,1CT0_E_I,random,1,I,G,27,,H
B,1CT0_E_I,random,1,I,N,31,,L
B,1CT0_E_I,random,2,E,T,11,,H
B,1CT0_E_I,random,2,E,R,13,,I
B,1CT0_E_I,random,2,E,C,14,,G
B,1CT0_E_I,random,2,E,H,33,,S
B,1CT0_E_I,random,2,E,V,118,,Y
B,1CT0_E_I,random,2,E,N,119,,D
B,1CT0_E_I,random,2,E,Y,120,,T
B,1CT0_E_I,random,2,E,G,122,,E
B,1CT0_E_I,random,2,E,P,138,,N
B,1CT0_E_I,random,2,E,S,141,,N
B,1CT0_E_I,random,2,E,S,159,,N
B,1CT0_E_I,random,2,I,K,8,,N
B,1CT0_E_I,random,2,I,P,9,,D
B,1CT0_E_I,random,2,I,A,10,,D
B,1CT0_E_I,random,2,I,C,11,,Y
B,1CT0_E_I,random,2,I,T,12,,I
B,1CT0_E_I,random,2,I,S,13,,T
B,1CT0_E_I,random,2,I,E,14,,S
B,1CT0_E_I,random,2,I,Y,15,,D
B,1CT0_E_I,random,2,I,R,16,,T
B,1CT0_E_I,random,2,I,G,27,,H
B,1CT0_E_I,random,2,I,N,31,,H
B,1DAN_HL_UT,L,0,H,V,124,,K
B,1DAN_HL_UT,L,0,H,M,154,,R
B,1DAN_HL_UT,L,0,H,T,155,,P
B,1DAN_HL_UT,L,0,H,Q,156,,L
B,1DAN_HL_UT,L,0,H,R,227,,N
B,1DAN_HL_UT,L,0,L,K,18,,Y
B,1DAN_HL_UT,L,0,L,F,31,,L
B,1DAN_HL_UT,L,0,L,E,35,,W
B,1DAN_HL_UT,L,0,L,R,36,,L
B,1DAN_HL_UT,L,0,L,F,40,,Y
B,1DAN_HL_UT,L,0,L,S,43,,N
B,1DAN_HL_UT,L,0,L,S,60,,T
B,1DAN_HL_UT,L,0,L,K,62,,Q
B,1DAN_HL_UT,L,0,L,P,74,,A
B,1DAN_HL_UT,L,0,L,E,77,,Y
B,1DAN_HL_UT,L,0,L,R,79,,F
B,1DAN_HL_UT,L,0,L,K,85,,R
B,1DAN_HL_UT,L,0,L,Q,88,,N
B,1DAN_HL_UT,L,0,L,I,90,,V
B,1DAN_HL_UT,L,0,L,V,92,,M
B,1DAN_HL_UT,L,0,U,P,2,,S
B,1DAN_HL_UT,L,0,U,N,6,,D
B,1DAN_HL_UT,L,0,U,G,19,,P
B,1DAN_HL_UT,L,0,U,Q,20,,V
B,1DAN_HL_UT,L,0,U,E,38,,R
B,1DAN_HL_UT,L,0,U,E,40,,R
B,1DAN_HL_UT,L,0,U,R,41,,Q
B,1DAN_HL_UT,L,0,U,L,43,,M
B,1DAN_HL_UT,L,0,U,N,48,,D
B,1DAN_HL_UT,L,0,U,F,50,,Y
B,1DAN_HL_UT,L,0,U,S,69,,R
B,1DAN_HL_UT,L,0,U,K,71,,A
B,1DAN_HL_UT,L,0,U,T,109,,D
B,1DAN_HL_UT,L,0,U,D,110,,R
B,1DAN_HL_UT,L,0,U,E,114,,V
B,1DAN_HL_UT,L,0,T,T,12,,V
B,1DAN_HL_UT,L,0,T,N,13,,A
B,1DAN_HL_UT,L,0,T,I,17,,V
B,1DAN_HL_UT,L,0,T,E,19,,T
B,1DAN_HL_UT,L,0,T,Q,32,,L
B,1DAN_HL_UT,L,0,T,K,36,,E
B,1DAN_HL_UT,L,0,T,S,37,,D
B,1DAN_HL_UT,L,0,T,G,38,,E
B,1DAN_HL_UT,L,0,T,K,41,,R
B,1DAN_HL_UT,L,0,T,S,42,,N
B,1DAN_HL_UT,L,0,T,K,43,,E
B,1DAN_HL_UT,L,0,T,F,45,,I
B,1DAN_HL_UT,L,0,T,Y,46,,F
B,1DAN_HL_UT,L,0,T,E,51,,Y
B,1DAN_HL_UT,L,0,T,D,56,,H
B,1DAN_HL_UT,L,0,T,F,71,,E
B,1DAN_HL_UT,L,1,H,F,123,,Y
B,1DAN_HL_UT,L,1,H,V,124,,K
B,1DAN_HL_UT,L,1,H,M,154,,F
B,1DAN_HL_UT,L,1,H,T,155,,R
B,1DAN_HL_UT,L,1,H,Q,156,,F
B,1DAN_HL_UT,L,1,H,D,157,,W
B,1DAN_HL_UT,L,1,H,R,227,,N
B,1DAN_HL_UT,L,1,L,L,13,,M
B,1DAN_HL_UT,L,1,L,K,18,,C
B,1DAN_HL_UT,L,1,L,E,35,,Y
B,1DAN_HL_UT,L,1,L,R,36,,W
B,1DAN_HL_UT,L,1,L,F,40,,A
B,1DAN_HL_UT,L,1,L,S,60,,L
B,1DAN_HL_UT,L,1,L,K,62,,L
B,1DAN_HL_UT,L,1,L,Q,64,,D
B,1DAN_HL_UT,L,1,L,P,74,,E
B,1DAN_HL_UT,L,1,L,E,77,,R
B,1DAN_HL_UT,L,1,L,E,82,,V
B,1DAN_HL_UT,L,1,L,K,85,,L
B,1DAN_HL_UT,L,1,L,V,92,,L
B,1DAN_HL_UT,L,1,L,E,94,,N
B,1DAN_HL_UT,L,1,U,P,2,,K
B,1DAN_HL_UT,L,1,U,N,6,,M
B,1DAN_HL_UT,L,1,U,G,19,,M
B,1DAN_HL_UT,L,1,U,Q,20,,R
B,1DAN_HL_UT,L,1,U,E,40,,R
B,1DAN_HL_UT,L,1,U,R,41,,Q
B,1DAN_HL_UT,L,1,U,L,43,,M
B,1DAN_HL_UT,L,1,U,N,48,,Q
B,1DAN_HL_UT,L,1,U,W,68,,R
B,1DAN_HL_UT,L,1,U,S,69,,E
B,1DAN_HL_UT,L,1,U,K,71,,H
B,1DAN_HL_UT,L,1,U,T,109,,L
B,1DAN_HL_UT,L,1,U,D,110,,N
B,1DAN_HL_UT,L,1,U,E,114,,A
B,1DAN_HL_UT,L,1,T,T,12,,V
B,1DAN_HL_UT,L,1,T,N,13,,A
B,1DAN_HL_UT,L,1,T,I,17,,M
B,1DAN_HL_UT,L,1,T,E,19,,N
B,1DAN_HL_UT,L,1,T,Q,32,,Y
B,1DAN_HL_UT,L,1,T,K,36,,P
B,1DAN_HL_UT,L,1,T,S,37,,D
B,1DAN_HL_UT,L,1,T,W,40,,L
B,1DAN_HL_UT,L,1,T,K,41,,E
B,1DAN_HL_UT,L,1,T,S,42,,R
B,1DAN_HL_UT,L,1,T,F,45,,L
B,1DAN_HL_UT,L,1,T,Y,46,,F
B,1DAN_HL_UT,L,1,T,E,51,,Y
B,1DAN_HL_UT,L,1,T,R,69,,A
B,1DAN_HL_UT,L,1,T,F,71,,S
B,1DAN_HL_UT,L,2,H,F,123,,L
B,1DAN_HL_UT,L,2,H,V,124,,K
B,1DAN_HL_UT,L,2,H,M,154,,R
B,1DAN_HL_UT,L,2,H,T,155,,P
B,1DAN_HL_UT,L,2,H,Q,156,,P
B,1DAN_HL_UT,L,2,H,D,157,,L
B,1DAN_HL_UT,L,2,L,L,13,,I
B,1DAN_HL_UT,L,2,L,K,18,,D
B,1DAN_HL_UT,L,2,L,E,35,,W
B,1DAN_HL_UT,L,2,L,R,36,,L
B,1DAN_HL_UT,L,2,L,F,40,,A
B,1DAN_HL_UT,L,2,L,S,60,,T
B,1DAN_HL_UT,L,2,L,K,62,,Q
B,1DAN_HL_UT,L,2,L,L,65,,K
B,1DAN_HL_UT,L,2,L,P,74,,E
B,1DAN_HL_UT,L,2,L,E,77,,S
B,1DAN_HL_UT,L,2,L,R,79,,F
B,1DAN_HL_UT,L,2,L,E,82,,Q
B,1DAN_HL_UT,L,2,L,K,85,,H
B,1DAN_HL_UT,L,2,L,Q,88,,L
B,1DAN_HL_UT,L,2,L,V,92,,L
B,1DAN_HL_UT,L,2,L,E,94,,N
B,1DAN_HL_UT,L,2,U,P,2,,V
B,1DAN_HL_UT,L,2,U,N,6,,F
B,1DAN_HL_UT,L,2,U,G,19,,P
B,1DAN_HL_UT,L,2,U,Q,20,,T
B,1DAN_HL_UT,L,2,U,E,38,,S
B,1DAN_HL_UT,L,2,U,E,40,,T
B,1DAN_HL_UT,L,2,U,R,41,,I
B,1DAN_HL_UT,L,2,U,L,43,,N
B,1DAN_HL_UT,L,2,U,N,48,,G
B,1DAN_HL_UT,L,2,U,F,50,,Y
B,1DAN_HL_UT,L,2,U,S,69,,E
B,1DAN_HL_UT,L,2,U,K,71,,F
B,1DAN_HL_UT,L,2,U,C,92,,G
B,1DAN_HL_UT,L,2,U,T,109,,L
B,1DAN_HL_UT,L,2,U,D,110,,K
B,1DAN_HL_UT,L,2,U,C,115,,I
B,1DAN_HL_UT,L,2,T,T,12,,V
B,1DAN_HL_UT,L,2,T,N,13,,A
B,1DAN_HL_UT,L,2,T,K,15,,H
B,1DAN_HL_UT,L,2,T,I,17,,V
B,1DAN_HL_UT,L,2,T,E,19,,T
B,1DAN_HL_UT,L,2,T,Q,32,,R
B,1DAN_HL_UT,L,2,T,K,36,,P
B,1DAN_HL_UT,L,2,T,S,37,,D
B,1DAN_HL_UT,L,2,T,K,41,,Y
B,1DAN_HL_UT,L,2,T,S,42,,N
B,1DAN_HL_UT,L,2,T,K,43,,R
B,1DAN_HL_UT,L,2,T,F,45,,L
B,1DAN_HL_UT,L,2,T,Y,46,,K
B,1DAN_HL_UT,L,2,T,E,51,,Y
B,1DAN_HL_UT,L,2,T,D,56,,H
B,1DAN_HL_UT,L,2,T,F,71,,D
B,1DAN_HL_UT,naive,0,H,F,123,,Y
B,1DAN_HL_UT,naive,0,H,V,124,,I
B,1DAN_HL_UT,naive,0,H,R,125,,K
B,1DAN_HL_UT,naive,0,H,F,126,,Y
B,1DAN_HL_UT,naive,0,H,M,154,,P
B,1DAN_HL_UT,naive,0,H,T,155,,N
B,1DAN_HL_UT,naive,0,H,Q,156,,E
B,1DAN_HL_UT,naive,0,H,D,157,,E
B,1DAN_HL_UT,naive,0,L,L,13,,W
B,1DAN_HL_UT,naive,0,L,K,18,,E
B,1DAN_HL_UT,naive,0,L,E,35,,S
B,1DAN_HL_UT,naive,0,L,R,36,,L
B,1DAN_HL_UT,naive,0,L,F,40,,A
B,1DAN_HL_UT,naive,0,L,S,60,,T
B,1DAN_HL_UT,naive,0,L,K,62,,V
B,1DAN_HL_UT,naive,0,L,L,65,,Y
B,1DAN_HL_UT,naive,0,L,E,77,,S
B,1DAN_HL_UT,naive,0,L,R,79,,P
B,1DAN_HL_UT,naive,0,L,K,85,,L
B,1DAN_HL_UT,naive,0,L,Q,88,,L
B,1DAN_HL_UT,naive,0,L,V,92,,E
B,1DAN_HL_UT,naive,0,L,E,94,,G
B,1DAN_HL_UT,naive,0,U,P,2,,A
B,1DAN_HL_UT,naive,0,U,Y,4,,F
B,1DAN_HL_UT,naive,0,U,N,6,,W
B,1DAN_HL_UT,naive,0,U,G,19,,P
B,1DAN_HL_UT,naive,0,U,E,38,,T
B,1DAN_HL_UT,naive,0,U,E,40,,P
B,1DAN_HL_UT,naive,0,U,R,41,,P
B,1DAN_HL_UT,naive,0,U,L,43,,A
B,1DAN_HL_UT,naive,0,U,N,48,,G
B,1DAN_HL_UT,naive,0,U,F,50,,Y
B,1DAN_HL_UT,naive,0,U,S,69,,K
B,1DAN_HL_UT,naive,0,U,K,71,,I
B,1DAN_HL_UT,naive,0,U,T,109,,P
B,1DAN_HL_UT,naive,0,U,D,110,,W
B,1DAN_HL_UT,naive,0,U,E,114,,V
B,1DAN_HL_UT,naive,0,T,T,12,,V
B,1DAN_HL_UT,naive,0,T,N,13,,A
B,1DAN_HL_UT,naive,0,T,E,19,,T
B,1DAN_HL_UT,naive,0,T,Q,32,,L
B,1DAN_HL_UT,naive,0,T,K,36,,E
B,1DAN_HL_UT,naive,0,T,S,37,,D
B,1DAN_HL_UT,naive,0,T,K,41,,V
B,1DAN_HL_UT,naive,0,T,S,42,,N
B,1DAN_HL_UT,naive,0,T,K,43,,A
B,1DAN_HL_UT,naive,0,T,F,45,,I
B,1DAN_HL_UT,naive,0,T,Y,46,,K
B,1DAN_HL_UT,naive,0,T,E,51,,Y
B,1DAN_HL_UT,naive,0,T,D,56,,P
B,1DAN_HL_UT,naive,0,T,F,71,,E
B,1DAN_HL_UT,naive,1,H,F,123,,H
B,1DAN_HL_UT,naive,1,H,V,124,,I
B,1DAN_HL_UT,naive,1,H,R,125,,K
B,1DAN_HL_UT,naive,1,H,F,126,,Y
B,1DAN_HL_UT,naive,1,H,M,154,,P
B,1DAN_HL_UT,naive,1,H,T,155,,N
B,1DAN_HL_UT,naive,1,H,Q,156,,A
B,1DAN_HL_UT,naive,1,H,D,157,,E
B,1DAN_HL_UT,naive,1,H,R,227,,K
B,1DAN_HL_UT,naive,1,L,K,18,,I
B,1DAN_HL_UT,naive,1,L,E,35,,S
B,1DAN_HL_UT,naive,1,L,R,36,,L
B,1DAN_HL_UT,naive,1,L,F,40,,A
B,1DAN_HL_UT,naive,1,L,S,60,,T
B,1DAN_HL_UT,naive,1,L,K,62,,V
B,1DAN_HL_UT,naive,1,L,P,74,,A
B,1DAN_HL_UT,naive,1,L,E,77,,Y
B,1DAN_HL_UT,naive,1,L,R,79,,K
B,1DAN_HL_UT,naive,1,L,K,85,,I
B,1DAN_HL_UT,naive,1,L,Q,88,,E
B,1DAN_HL_UT,naive,1,L,V,92,,L
B,1DAN_HL_UT,naive,1,L,E,94,,R
B,1DAN_HL_UT,naive,1,U,N,6,,W
B,1DAN_HL_UT,naive,1,U,E,40,,L
B,1DAN_HL_UT,naive,1,U,R,41,,K
B,1DAN_HL_UT,naive,1,U,L,43,,A
B,1DAN_HL_UT,naive,1,U,N,48,,G
B,1DAN_HL_UT,naive,1,U,F,50,,Y
B,1DAN_HL_UT,naive,1,U,S,69,,N
B,1DAN_HL_UT,naive,1,U,K,71,,V
B,1DAN_HL_UT,naive,1,U,T,109,,P
B,1DAN_HL_UT,naive,1,U,D,110,,W
B,1DAN_HL_UT,naive,1,U,E,114,,K
B,1DAN_HL_UT,naive,1,T,T,12,,V
B,1DAN_HL_UT,naive,1,T,E,19,,T
B,1DAN_HL_UT,naive,1,T,Q,32,,K
B,1DAN_HL_UT,naive,1,T,K,36,,P
B,1DAN_HL_UT,naive,1,T,S,37,,D
B,1DAN_HL_UT,naive,1,T,G,38,,E
B,1DAN_HL_UT,naive,1,T,K,41,,V
B,1DAN_HL_UT,naive,1,T,S,42,,R
B,1DAN_HL_UT,naive,1,T,K,43,,A
B,1DAN_HL_UT,naive,1,T,F,45,,L
B,1DAN_HL_UT,naive,1,T,Y,46,,L
B,1DAN_HL_UT,naive,1,T,E,51,,H
B,1DAN_HL_UT,naive,1,T,D,56,,H
B,1DAN_HL_UT,naive,1,T,R,69,,K
B,1DAN_HL_UT,naive,1,T,F,71,,E
B,1DAN_HL_UT,naive,2,H,F,123,,Y
B,1DAN_HL_UT,naive,2,H,V,124,,I
B,1DAN_HL_UT,naive,2,H,R,125,,K
B,1DAN_HL_UT,naive,2,H,F,126,,Y
B,1DAN_HL_UT,naive,2,H,M,154,,E
B,1DAN_HL_UT,naive,2,H,T,155,,D
B,1DAN_HL_UT,naive,2,H,R,227,,D
B,1DAN_HL_UT,naive,2,L,L,13,,W
B,1DAN_HL_UT,naive,2,L,K,18,,L
B,1DAN_HL_UT,naive,2,L,E,35,,A
B,1DAN_HL_UT,naive,2,L,R,36,,L
B,1DAN_HL_UT,naive,2,L,F,40,,Y
B,1DAN_HL_UT,naive,2,L,S,60,,E
B,1DAN_HL_UT,naive,2,L,K,62,,V
B,1DAN_HL_UT,naive,2,L,E,77,,T
B,1DAN_HL_UT,naive,2,L,K,85,,L
B,1DAN_HL_UT,naive,2,L,Q,88,,W
B,1DAN_HL_UT,naive,2,L,V,92,,A
B,1DAN_HL_UT,naive,2,L,E,94,,D
B,1DAN_HL_UT,naive,2,U,P,2,,F
B,1DAN_HL_UT,naive,2,U,Y,4,,F
B,1DAN_HL_UT,naive,2,U,N,6,,R
B,1DAN_HL_UT,naive,2,U,G,19,,P
B,1DAN_HL_UT,naive,2,U,E,38,,S
B,1DAN_HL_UT,naive,2,U,E,40,,L
B,1DAN_HL_UT,naive,2,U,R,41,,K
B,1DAN_HL_UT,naive,2,U,L,43,,A
B,1DAN_HL_UT,naive,2,U,N,48,,G
B,1DAN_HL_UT,naive,2,U,F,50,,Y
B,1DAN_HL_UT,naive,2,U,S,69,,L
B,1DAN_HL_UT,naive,2,U,K,71,,V
B,1DAN_HL_UT,naive,2,U,T,109,,P
B,1DAN_HL_UT,naive,2,U,D,110,,W
B,1DAN_HL_UT,naive,2,U,E,114,,R
B,1DAN_HL_UT,naive,2,T,N,13,,A
B,1DAN_HL_UT,naive,2,T,E,19,,T
B,1DAN_HL_UT,naive,2,T,T,30,,I
B,1DAN_HL_UT,naive,2,T,K,36,,P
B,1DAN_HL_UT,naive,2,T,S,37,,D
B,1DAN_HL_UT,naive,2,T,K,41,,S
B,1DAN_HL_UT,naive,2,T,S,42,,F
B,1DAN_HL_UT,naive,2,T,K,43,,A
B,1DAN_HL_UT,naive,2,T,F,45,,L
B,1DAN_HL_UT,naive,2,T,Y,46,,F
B,1DAN_HL_UT,naive,2,T,E,51,,Y
B,1DAN_HL_UT,naive,2,T,D,56,,H
B,1DAN_HL_UT,naive,2,T,F,71,,Y
B,1DAN_HL_UT,random,0,H,R,125,,K
B,1DAN_HL_UT,random,0,H,F,126,,H
B,1DAN_HL_UT,random,0,H,M,154,,N
B,1DAN_HL_UT,random,0,H,T,155,,N
B,1DAN_HL_UT,random,0,H,Q,156,,E
B,1DAN_HL_UT,random,0,H,D,157,,V
B,1DAN_HL_UT,random,0,H,R,227,,N
B,1DAN_HL_UT,random,0,L,K,18,,Y
B,1DAN_HL_UT,random,0,L,F,31,,R
B,1DAN_HL_UT,random,0,L,R,36,,P
B,1DAN_HL_UT,random,0,L,L,39,,R
B,1DAN_HL_UT,random,0,L,F,40,,C
B,1DAN_HL_UT,random,0,L,S,43,,N
B,1DAN_HL_UT,random,0,L,S,60,,T
B,1DAN_HL_UT,random,0,L,K,62,,T
B,1DAN_HL_UT,random,0,L,Q,64,,I
B,1DAN_HL_UT,random,0,L,F,71,,K
B,1DAN_HL_UT,random,0,L,E,77,,S
B,1DAN_HL_UT,random,0,L,R,79,,Q
B,1DAN_HL_UT,random,0,L,K,85,,L
B,1DAN_HL_UT,random,0,L,I,90,,V
B,1DAN_HL_UT,random,0,L,V,92,,S
B,1DAN_HL_UT,random,0,L,N,93,,I
B,1DAN_HL_UT,random,0,L,E,94,,N
B,1DAN_HL_UT,random,0,U,E,1,,T
B,1DAN_HL_UT,random,0,U,P,2,,S
B,1DAN_HL_UT,random,0,U,N,6,,D
B,1DAN_HL_UT,random,0,U,G,19,,N
B,1DAN_HL_UT,random,0,U,Q,20,,V
B,1DAN_HL_UT,random,0,U,E,38,,R
B,1DAN_HL_UT,random,0,U,E,40,,A
B,1DAN_HL_UT,random,0,U,R,41,,Q
B,1DAN_HL_UT,random,0,U,L,43,,A
B,1DAN_HL_UT,random,0,U,R,45,,Q
B,1DAN_HL_UT,random,0,U,N,48,,D
B,1DAN_HL_UT,random,0,U,W,68,,Q
B,1DAN_HL_UT,random,0,U,S,69,,L
B,1DAN_HL_UT,random,0,U,K,71,,V
B,1DAN_HL_UT,random,0,U,C,92,,S
B,1DAN_HL_UT,random,0,U,T,109,,D
B,1DAN_HL_UT,random,0,U,D,110,,W
B,1DAN_HL_UT,random,0,U,P,112,,K
B,1DAN_HL_UT,random,0,U,V,113,,R
B,1DAN_HL_UT,random,0,U,E,114,,V
B,1DAN_HL_UT,random,0,T,T,12,,V
B,1DAN_HL_UT,random,0,T,N,13,,A
B,1DAN_HL_UT,random,0,T,K,15,,Q
B,1DAN_HL_UT,random,0,T,I,17,,V
B,1DAN_HL_UT,random,0,T,E,19,,T
B,1DAN_HL_UT,random,0,T,T,30,,S
B,1DAN_HL_UT,random,0,T,K,36,,E
B,1DAN_HL_UT,random,0,T,S,37,,L
B,1DAN_HL_UT,random,0,T,G,38,,D
B,1DAN_HL_UT,random,0,T,D,39,,K
B,1DAN_HL_UT,random,0,T,K,41,,R
B,1DAN_HL_UT,random,0,T,S,42,,Y
B,1DAN_HL_UT,random,0,T,K,43,,V
B,1DAN_HL_UT,random,0,T,F,45,,N
B,1DAN_HL_UT,random,0,T,Y,46,,F
B,1DAN_HL_UT,random,0,T,D,56,,H
B,1DAN_HL_UT,random,0,T,F,71,,W
B,1DAN_HL_UT,random,1,H,V,124,,E
B,1DAN_HL_UT,random,1,H,R,125,,K
B,1DAN_HL_UT,random,1,H,M,154,,N
B,1DAN_HL_UT,random,1,H,T,155,,R
B,1DAN_HL_UT,random,1,H,Q,156,,F
B,1DAN_HL_UT,random,1,H,D,157,,W
B,1DAN_HL_UT,random,1,H,R,227,,N
B,1DAN_HL_UT,random,1,L,L,13,,Y
B,1DAN_HL_UT,random,1,L,K,18,,V
B,1DAN_HL_UT,random,1,L,F,31,,Y
B,1DAN_HL_UT,random,1,L,E,35,,Y
B,1DAN_HL_UT,random,1,L,R,36,,W
B,1DAN_HL_UT,random,1,L,L,39,,R
B,1DAN_HL_UT,random,1,L,F,40,,C
B,1DAN_HL_UT,random,1,L,S,43,,A
B,1DAN_HL_UT,random,1,L,S,60,,L
B,1DAN_HL_UT,random,1,L,K,62,,L
B,1DAN_HL_UT,random,1,L,Q,64,,N
B,1DAN_HL_UT,random,1,L,I,69,,D
B,1DAN_HL_UT,random,1,L,F,71,,K
B,1DAN_HL_UT,random,1,L,P,74,,S
B,1DAN_HL_UT,random,1,L,E,77,,S
B,1DAN_HL_UT,random,1,L,E,82,,V
B,1DAN_HL_UT,random,1,L,K,85,,L
B,1DAN_HL_UT,random,1,L,I,90,,T
B,1DAN_HL_UT,random,1,L,V,92,,D
B,1DAN_HL_UT,random,1,L,N,93,,V
B,1DAN_HL_UT,random,1,L,E,94,,N
B,1DAN_HL_UT,random,1,U,E,1,,T
B,1DAN_HL_UT,random,1,U,P,2,,K
B,1DAN_HL_UT,random,1,U,N,6,,M
B,1DAN_HL_UT,random,1,U,G,19,,Q
B,1DAN_HL_UT,random,1,U,Q,20,,I
B,1DAN_HL_UT,random,1,U,E,40,,V
B,1DAN_HL_UT,random,1,U,R,41,,Q
B,1DAN_HL_UT,random,1,U,L,43,,A
B,1DAN_HL_UT,random,1,U,R,45,,M
B,1DAN_HL_UT,random,1,U,N,48,,Q
B,1DAN_HL_UT,random,1,U,W,68,,V
B,1DAN_HL_UT,random,1,U,S,69,,E
B,1DAN_HL_UT,random,1,U,K,71,,H
B,1DAN_HL_UT,random,1,U,C,92,,S
B,1DAN_HL_UT,random,1,U,T,109,,D
B,1DAN_HL_UT,random,1,U,D,110,,W
B,1DAN_HL_UT,random,1,U,P,112,,K
B,1DAN_HL_UT,random,1,U,V,113,,H
B,1DAN_HL_UT,random,1,U,E,114,,C
B,1DAN_HL_UT,random,1,T,T,12,,V
B,1DAN_HL_UT,random,1,T,N,13,,C
B,1DAN_HL_UT,random,1,T,K,15,,Q
B,1DAN_HL_UT,random,1,T,I,17,,M
B,1DAN_HL_UT,random,1,T,E,19,,N
B,1DAN_HL_UT,random,1,T,K,36,,P
B,1DAN_HL_UT,random,1,T,S,37,,D
B,1DAN_HL_UT,random,1,T,D,39,,Y
B,1DAN_HL_UT,random,1,T,W,40,,Q
B,1DAN_HL_UT,random,1,T,K,41,,E
B,1DAN_HL_UT,random,1,T,S,42,,W
B,1DAN_HL_UT,random,1,T,F,45,,N
B,1DAN_HL_UT,random,1,T,Y,46,,S
B,1DAN_HL_UT,random,1,T,E,51,,Y
B,1DAN_HL_UT,random,1,T,R,69,,A
B,1DAN_HL_UT,random,1,T,F,71,,S
B,1DAN_HL_UT,random,2,H,F,123,,E
B,1DAN_HL_UT,random,2,H,V,124,,I
B,1DAN_HL_UT,random,2,H,R,125,,K
B,1DAN_HL_UT,random,2,H,F,126,,Y
B,1DAN_HL_UT,random,2,H,M,154,,L
B,1DAN_HL_UT,random,2,H,T,155,,P
B,1DAN_HL_UT,random,2,H,Q,156,,P
B,1DAN_HL_UT,random,2,H,D,157,,Q
B,1DAN_HL_UT,random,2,H,R,227,,D
B,1DAN_HL_UT,random,2,L,L,13,,I
B,1DAN_HL_UT,random,2,L,K,18,,D
B,1DAN_HL_UT,random,2,L,E,35,,K
B,1DAN_HL_UT,random,2,L,R,36,,P
B,1DAN_HL_UT,random,2,L,L,39,,M
B,1DAN_HL_UT,random,2,L,F,40,,C
B,1DAN_HL_UT,random,2,L,S,43,,N
B,1DAN_HL_UT,random,2,L,S,60,,T
B,1DAN_HL_UT,random,2,L,K,62,,T
B,1DAN_HL_UT,random,2,L,Q,64,,N
B,1DAN_HL_UT,random,2,L,L,65,,K
B,1DAN_HL_UT,random,2,L,I,69,,D
B,1DAN_HL_UT,random,2,L,F,71,,K
B,1DAN_HL_UT,random,2,L,E,77,,S
B,1DAN_HL_UT,random,2,L,R,79,,Q
B,1DAN_HL_UT,random,2,L,E,82,,Q
B,1DAN_HL_UT,random,2,L,K,85,,E
B,1DAN_HL_UT,random,2,L,Q,88,,L
B,1DAN_HL_UT,random,2,L,V,92,,S
B,1DAN_HL_UT,random,2,L,N,93,,Y
B,1DAN_HL_UT,random,2,L,E,94,,N
B,1DAN_HL_UT,random,2,U,E,1,,S
B,1DAN_HL_UT,random,2,U,P,2,,V
B,1DAN_HL_UT,random,2,U,Y,4,,S
B,1DAN_HL_UT,random,2,U,N,6,,F
B,1DAN_HL_UT,random,2,U,G,19,,P
B,1DAN_HL_UT,random,2,U,Q,20,,T
B,1DAN_HL_UT,random,2,U,E,38,,S
B,1DAN_HL_UT,random,2,U,E,40,,T
B,1DAN_HL_UT,random,2,U,R,41,,L
B,1DAN_HL_UT,random,2,U,L,43,,A
B,1DAN_HL_UT,random,2,U,R,45,,M
B,1DAN_HL_UT,random,2,U,N,48,,G
B,1DAN_HL_UT,random,2,U,S,69,,E
B,1DAN_HL_UT,random,2,U,K,71,,T
B,1DAN_HL_UT,random,2,U,C,92,,K
B,1DAN_HL_UT,random,2,U,T,109,,L
B,1DAN_HL_UT,random,2,U,D,110,,K
B,1DAN_HL_UT,random,2,U,P,112,,K
B,1DAN_HL_UT,random,2,U,E,114,,H
B,1DAN_HL_UT,random,2,T,T,12,,V
B,1DAN_HL_UT,random,2,T,N,13,,G
B,1DAN_HL_UT,random,2,T,K,15,,N
B,1DAN_HL_UT,random,2,T,I,17,,V
B,1DAN_HL_UT,random,2,T,E,19,,T
B,1DAN_HL_UT,random,2,T,Q,32,,R
B,1DAN_HL_UT,random,2,T,K,36,,S
B,1DAN_HL_UT,random,2,T,S,37,,D
B,1DAN_HL_UT,random,2,T,D,39,,K
B,1DAN_HL_UT,random,2,T,K,41,,W
B,1DAN_HL_UT,random,2,T,S,42,,Y
B,1DAN_HL_UT,random,2,T,K,43,,R
B,1DAN_HL_UT,random,2,T,F,45,,L
B,1DAN_HL_UT,random,2,T,Y,46,,M
B,1DAN_HL_UT,random,2,T,E,51,,R
B,1DAN_HL_UT,random,2,T,D,56,,G
B,1DAN_HL_UT,random,2,T,R,69,,V
B,1DAN_HL_UT,random,2,T,F,71,,L
B,1DQJ_AB_C,L,0,A,S,30,,G
B,1DQJ_AB_C,L,0,A,N,31,,V
B,1DQJ_AB_C,L,0,A,Y,50,,W
B,1DQJ_AB_C,L,0,A,Q,53,,R
B,1DQJ_AB_C,L,0,A,S,91,,N
B,1DQJ_AB_C,L,0,A,N,92,,K
B,1DQJ_AB_C,L,0,A,S,93,,Q
B,1DQJ_AB_C,L,0,A,W,94,,Q
B,1DQJ_AB_C,L,0,A,Y,96,,R
B,1DQJ_AB_C,L,0,B,T,30,,D
B,1DQJ_AB_C,L,0,B,S,31,,D
B,1DQJ_AB_C,L,0,B,D,32,,N
B,1DQJ_AB_C,L,0,B,Y,33,,H
B,1DQJ_AB_C,L,0,B,S,52,,D
B,1DQJ_AB_C,L,0,B,S,54,,T
B,1DQJ_AB_C,L,0,B,S,56,,G
B,1DQJ_AB_C,L,0,B,Y,58,,N
B,1DQJ_AB_C,L,0,B,W,98,,F
B,1DQJ_AB_C,L,0,C,R,14,,Q
B,1DQJ_AB_C,L,0,C,H,15,,L
B,1DQJ_AB_C,L,0,C,N,19,,G
B,1DQJ_AB_C,L,0,C,Y,20,,F
B,1DQJ_AB_C,L,0,C,R,21,,L
B,1DQJ_AB_C,L,0,C,W,62,,L
B,1DQJ_AB_C,L,0,C,W,63,,Y
B,1DQJ_AB_C,L,0,C,R,73,,K
B,1DQJ_AB_C,L,0,C,N,77,,D
B,1DQJ_AB_C,L,0,C,T,89,,W
B,1DQJ_AB_C,L,0,C,N,93,,S
B,1DQJ_AB_C,L,0,C,K,96,,A
B,1DQJ_AB_C,L,0,C,K,97,,N
B,1DQJ_AB_C,L,0,C,S,100,,D
B,1DQJ_AB_C,L,1,A,S,30,,G
B,1DQJ_AB_C,L,1,A,N,31,,I
B,1DQJ_AB_C,L,1,A,Y,50,,D
B,1DQJ_AB_C,L,1,A,Q,53,,W
B,1DQJ_AB_C,L,1,A,S,91,,T
B,1DQJ_AB_C,L,1,A,N,92,,K
B,1DQJ_AB_C,L,1,A,S,93,,A
B,1DQJ_AB_C,L,1,A,W,94,,V
B,1DQJ_AB_C,L,1,B,T,30,,Y
B,1DQJ_AB_C,L,1,B,S,31,,C
B,1DQJ_AB_C,L,1,B,D,32,,G
B,1DQJ_AB_C,L,1,B,Y,33,,Q
B,1DQJ_AB_C,L,1,B,Y,50,,F
B,1DQJ_AB_C,L,1,B,S,52,,D
B,1DQJ_AB_C,L,1,B,Y,53,,A
B,1DQJ_AB_C,L,1,B,S,54,,D
B,1DQJ_AB_C,L,1,B,S,56,,G
B,1DQJ_AB_C,L,1,B,Y,58,,K
B,1DQJ_AB_C,L,1,B,W,98,,M
B,1DQJ_AB_C,L,1,C,R,14,,D
B,1DQJ_AB_C,L,1,C,H,15,,L
B,1DQJ_AB_C,L,1,C,N,19,,G
B,1DQJ_AB_C,L,1,C,Y,20,,D
B,1DQJ_AB_C,L,1,C,R,21,,L
B,1DQJ_AB_C,L,1,C,W,62,,V
B,1DQJ_AB_C,L,1,C,N,77,,H
B,1DQJ_AB_C,L,1,C,N,93,,I
B,1DQJ_AB_C,L,1,C,K,97,,M
B,1DQJ_AB_C,L,1,C,S,100,,D
B,1DQJ_AB_C,L,1,C,N,103,,G
B,1DQJ_AB_C,L,2,A,S,30,,N
B,1DQJ_AB_C,L,2,A,N,31,,V
B,1DQJ_AB_C,L,2,A,Q,53,,R
B,1DQJ_AB_C,L,2,A,S,91,,V
B,1DQJ_AB_C,L,2,A,N,92,,K
B,1DQJ_AB_C,L,2,A,S,93,,H
B,1DQJ_AB_C,L,2,A,W,94,,L
B,1DQJ_AB_C,L,2,A,Y,96,,T
B,1DQJ_AB_C,L,2,B,T,30,,E
B,1DQJ_AB_C,L,2,B,S,31,,D
B,1DQJ_AB_C,L,2,B,D,32,,G
B,1DQJ_AB_C,L,2,B,Y,33,,W
B,1DQJ_AB_C,L,2,B,S,52,,D
B,1DQJ_AB_C,L,2,B,S,54,,D
B,1DQJ_AB_C,L,2,B,S,56,,G
B,1DQJ_AB_C,L,2,B,Y,58,,W
B,1DQJ_AB_C,L,2,B,W,98,,T
B,1DQJ_AB_C,L,2,C,H,15,,L
B,1DQJ_AB_C,L,2,C,N,19,,G
B,1DQJ_AB_C,L,2,C,Y,20,,F
B,1DQJ_AB_C,L,2,C,R,21,,L
B,1DQJ_AB_C,L,2,C,W,62,,I
B,1DQJ_AB_C,L,2,C,R,73,,K
B,1DQJ_AB_C,L,2,C,L,75,,I
B,1DQJ_AB_C,L,2,C,N,77,,D
B,1DQJ_AB_C,L,2,C,T,89,,Y
B,1DQJ_AB_C,L,2,C,N,93,,I
B,1DQJ_AB_C,L,2,C,K,97,,N
B,1DQJ_AB_C,L,2,C,S,100,,N
B,1DQJ_AB_C,L,2,C,G,102,,S
B,1DQJ_AB_C,L,2,C,N,103,,T
B,1DQJ_AB_C,naive,0,A,S,30,,G
B,1DQJ_AB_C,naive,0,A,Y,50,,D
B,1DQJ_AB_C,naive,0,A,Q,53,,R
B,1DQJ_AB_C,naive,0,A,S,91,,T
B,1DQJ_AB_C,naive,0,A,N,92,,K
B,1DQJ_AB_C,naive,0,A,S,93,,Y
B,1DQJ_AB_C,naive,0,A,W,94,,Y
B,1DQJ_AB_C,naive,0,B,T,30,,D
B,1DQJ_AB_C,naive,0,B,S,31,,D
B,1DQJ_AB_C,naive,0,B,D,32,,T
B,1DQJ_AB_C,naive,0,B,Y,33,,A
B,1DQJ_AB_C,naive,0,B,Y,53,,P
B,1DQJ_AB_C,naive,0,B,S,54,,D
B,1DQJ_AB_C,naive,0,B,S,56,,G
B,1DQJ_AB_C,naive,0,B,Y,58,,R
B,1DQJ_AB_C,naive,0,B,W,98,,F
B,1DQJ_AB_C,naive,0,C,R,14,,A
B,1DQJ_AB_C,naive,0,C,H,15,,L
B,1DQJ_AB_C,naive,0,C,N,19,,D
B,1DQJ_AB_C,naive,0,C,R,21,,L
B,1DQJ_AB_C,naive,0,C,W,62,,T
B,1DQJ_AB_C,naive,0,C,R,73,,K
B,1DQJ_AB_C,naive,0,C,N,77,,D
B,1DQJ_AB_C,naive,0,C,N,93,,R
B,1DQJ_AB_C,naive,0,C,K,97,,L
B,1DQJ_AB_C,naive,0,C,N,103,,K
B,1DQJ_AB_C,naive,1,A,S,30,,G
B,1DQJ_AB_C,naive,1,A,N,31,,I
B,1DQJ_AB_C,naive,1,A,Y,50,,D
B,1DQJ_AB_C,naive,1,A,Q,53,,E
B,1DQJ_AB_C,naive,1,A,N,92,,K
B,1DQJ_AB_C,naive,1,A,S,93,,Y
B,1DQJ_AB_C,naive,1,A,W,94,,L
B,1DQJ_AB_C,naive,1,A,Y,96,,W
B,1DQJ_AB_C,naive,1,B,T,30,,N
B,1DQJ_AB_C,naive,1,B,D,32,,G
B,1DQJ_AB_C,naive,1,B,Y,33,,R
B,1DQJ_AB_C,naive,1,B,S,52,,D
B,1DQJ_AB_C,naive,1,B,Y,53,,P
B,1DQJ_AB_C,naive,1,B,S,54,,D
B,1DQJ_AB_C,naive,1,B,S,56,,G
B,1DQJ_AB_C,naive,1,B,Y,58,,S
B,1DQJ_AB_C,naive,1,B,W,98,,L
B,1DQJ_AB_C,naive,1,C,R,14,,K
B,1DQJ_AB_C,naive,1,C,H,15,,L
B,1DQJ_AB_C,naive,1,C,R,21,,L
B,1DQJ_AB_C,naive,1,C,W,62,,L
B,1DQJ_AB_C,naive,1,C,R,73,,K
B,1DQJ_AB_C,naive,1,C,T,89,,R
B,1DQJ_AB_C,naive,1,C,N,93,,R
B,1DQJ_AB_C,naive,1,C,K,97,,L
B,1DQJ_AB_C,naive,1,C,N,103,,K
B,1DQJ_AB_C,naive,2,A,S,30,,G
B,1DQJ_AB_C,naive,2,A,Y,50,,L
B,1DQJ_AB_C,naive,2,A,Q,53,,E
B,1DQJ_AB_C,naive,2,A,S,91,,T
B,1DQJ_AB_C,naive,2,A,N,92,,K
B,1DQJ_AB_C,naive,2,A,S,93,,Y
B,1DQJ_AB_C,naive,2,A,W,94,,F
B,1DQJ_AB_C,naive,2,A,Y,96,,W
B,1DQJ_AB_C,naive,2,B,T,30,,N
B,1DQJ_AB_C,naive,2,B,S,31,,E
B,1DQJ_AB_C,naive,2,B,D,32,,G
B,1DQJ_AB_C,naive,2,B,Y,33,,S
B,1DQJ_AB_C,naive,2,B,S,52,,D
B,1DQJ_AB_C,naive,2,B,Y,53,,P
B,1DQJ_AB_C,naive,2,B,S,54,,D
B,1DQJ_AB_C,naive,2,B,Y,58,,R
B,1DQJ_AB_C,naive,2,B,W,98,,A
B,1DQJ_AB_C,naive,2,C,R,14,,E
B,1DQJ_AB_C,naive,2,C,Y,20,,F
B,1DQJ_AB_C,naive,2,C,R,21,,L
B,1DQJ_AB_C,naive,2,C,W,62,,T
B,1DQJ_AB_C,naive,2,C,R,73,,K
B,1DQJ_AB_C,naive,2,C,N,77,,D
B,1DQJ_AB_C,naive,2,C,T,89,,S
B,1DQJ_AB_C,naive,2,C,N,93,,K
B,1DQJ_AB_C,naive,2,C,K,97,,L
B,1DQJ_AB_C,naive,2,C,S,100,,A
B,1DQJ_AB_C,naive,2,C,N,103,,D
B,1DQJ_AB_C,random,0,A,S,30,,Q
B,1DQJ_AB_C,random,0,A,N,31,,V
B,1DQJ_AB_C,random,0,A,Y,50,,N
B,1DQJ_AB_C,random,0,A,Q,53,,R
B,1DQJ_AB_C,random,0,A,S,91,,N
B,1DQJ_AB_C,random,0,A,N,92,,A
B,1DQJ_AB_C,random,0,A,S,93,,Q
B,1DQJ_AB_C,random,0,A,W,94,,F
B,1DQJ_AB_C,random,0,A,Y,96,,R
B,1DQJ_AB_C,random,0,B,T,30,,N
B,1DQJ_AB_C,random,0,B,S,31,,D
B,1DQJ_AB_C,random,0,B,D,32,,N
B,1DQJ_AB_C,random,0,B,Y,33,,H
B,1DQJ_AB_C,random,0,B,S,52,,D
B,1DQJ_AB_C,random,0,B,Y,53,,W
B,1DQJ_AB_C,random,0,B,S,56,,E
B,1DQJ_AB_C,random,0,B,Y,58,,N
B,1DQJ_AB_C,random,0,B,W,98,,F
B,1DQJ_AB_C,random,0,C,R,14,,Q
B,1DQJ_AB_C,random,0,C,H,15,,L
B,1DQJ_AB_C,random,0,C,N,19,,G
B,1DQJ_AB_C,random,0,C,Y,20,,F
B,1DQJ_AB_C,random,0,C,R,21,,H
B,1DQJ_AB_C,random,0,C,W,62,,L
B,1DQJ_AB_C,random,0,C,W,63,,Y
B,1DQJ_AB_C,random,0,C,R,73,,L
B,1DQJ_AB_C,random,0,C,T,89,,W
B,1DQJ_AB_C,random,0,C,N,93,,S
B,1DQJ_AB_C,random,0,C,K,96,,A
B,1DQJ_AB_C,random,0,C,K,97,,I
B,1DQJ_AB_C,random,0,C,S,100,,D
B,1DQJ_AB_C,random,1,A,S,30,,E
B,1DQJ_AB_C,random,1,A,N,31,,V
B,1DQJ_AB_C,random,1,A,Y,50,,R
B,1DQJ_AB_C,random,1,A,Q,53,,D
B,1DQJ_AB_C,random,1,A,S,91,,T
B,1DQJ_AB_C,random,1,A,N,92,,W
B,1DQJ_AB_C,random,1,A,S,93,,A
B,1DQJ_AB_C,random,1,A,W,94,,Y
B,1DQJ_AB_C,random,1,B,T,30,,Y
B,1DQJ_AB_C,random,1,B,S,31,,D
B,1DQJ_AB_C,random,1,B,D,32,,G
B,1DQJ_AB_C,random,1,B,Y,33,,Q
B,1DQJ_AB_C,random,1,B,S,52,,A
B,1DQJ_AB_C,random,1,B,Y,53,,A
B,1DQJ_AB_C,random,1,B,S,56,,E
B,1DQJ_AB_C,random,1,B,Y,58,,K
B,1DQJ_AB_C,random,1,B,W,98,,M
B,1DQJ_AB_C,random,1,C,R,14,,G
B,1DQJ_AB_C,random,1,C,H,15,,L
B,1DQJ_AB_C,random,1,C,D,18,,N
B,1DQJ_AB_C,random,1,C,N,19,,G
B,1DQJ_AB_C,random,1,C,R,21,,L
B,1DQJ_AB_C,random,1,C,W,62,,V
B,1DQJ_AB_C,random,1,C,L,75,,H
B,1DQJ_AB_C,random,1,C,N,77,,V
B,1DQJ_AB_C,random,1,C,T,89,,S
B,1DQJ_AB_C,random,1,C,N,93,,T
B,1DQJ_AB_C,random,1,C,K,97,,M
B,1DQJ_AB_C,random,1,C,S,100,,D
B,1DQJ_AB_C,random,1,C,G,102,,R
B,1DQJ_AB_C,random,2,A,S,30,,E
B,1DQJ_AB_C,random,2,A,N,31,,V
B,1DQJ_AB_C,random,2,A,Y,50,,L
B,1DQJ_AB_C,random,2,A,Q,53,,R
B,1DQJ_AB_C,random,2,A,S,91,,H
B,1DQJ_AB_C,random,2,A,N,92,,D
B,1DQJ_AB_C,random,2,A,S,93,,H
B,1DQJ_AB_C,random,2,A,W,94,,L
B,1DQJ_AB_C,random,2,A,Y,96,,T
B,1DQJ_AB_C,random,2,B,T,30,,E
B,1DQJ_AB_C,random,2,B,S,31,,D
B,1DQJ_AB_C,random,2,B,D,32,,G
B,1DQJ_AB_C,random,2,B,Y,33,,W
B,1DQJ_AB_C,random,2,B,S,52,,A
B,1DQJ_AB_C,random,2,B,Y,53,,W
B,1DQJ_AB_C,random,2,B,S,54,,D
B,1DQJ_AB_C,random,2,B,S,56,,A
B,1DQJ_AB_C,random,2,B,Y,58,,W
B,1DQJ_AB_C,random,2,B,W,98,,T
B,1DQJ_AB_C,random,2,C,H,15,,L
B,1DQJ_AB_C,random,2,C,D,18,,N
B,1DQJ_AB_C,random,2,C,N,19,,G
B,1DQJ_AB_C,random,2,C,Y,20,,F
B,1DQJ_AB_C,random,2,C,R,21,,Q
B,1DQJ_AB_C,random,2,C,W,62,,I
B,1DQJ_AB_C,random,2,C,R,73,,K
B,1DQJ_AB_C,random,2,C,T,89,,Y
B,1DQJ_AB_C,random,2,C,N,93,,I
B,1DQJ_AB_C,random,2,C,K,97,,E
B,1DQJ_AB_C,random,2,C,N,103,,M
B,1FY8_E_I,L,0,E,Y,22,,H
B,1FY8_E_I,L,0,E,H,23,,P
B,1FY8_E_I,L,0,E,F,24,,Y
B,1FY8_E_I,L,0,E,H,40,,S
B,1FY8_E_I,L,0,E,K,43,,R
B,1FY8_E_I,L,0,E,R,78,,P
B,1FY8_E_I,L,0,E,K,79,,T
B,1FY8_E_I,L,0,E,P,124,,N
B,1FY8_E_I,L,0,E,K,147,,Q
B,1FY8_E_I,L,0,E,S,164,,A
B,1FY8_E_I,L,0,E,C,165,,G
B,1FY8_E_I,L,0,E,Q,166,,R
B,1FY8_E_I,L,0,E,S,169,,G
B,1FY8_E_I,L,0,E,W,185,,C
B,1FY8_E_I,L,0,E,G,186,,A
B,1FY8_E_I,L,0,I,T,11,,S
B,1FY8_E_I,L,0,I,A,16,,N
B,1FY8_E_I,L,0,I,I,18,,F
B,1FY8_E_I,L,0,I,I,19,,T
B,1FY8_E_I,L,0,I,V,34,,T
B,1FY8_E_I,L,0,I,R,39,,N
B,1FY8_E_I,L,1,E,Y,22,,H
B,1FY8_E_I,L,1,E,H,23,,V
B,1FY8_E_I,L,1,E,F,24,,Y
B,1FY8_E_I,L,1,E,H,40,,S
B,1FY8_E_I,L,1,E,K,43,,R
B,1FY8_E_I,L,1,E,R,78,,Y
B,1FY8_E_I,L,1,E,K,79,,Q
B,1FY8_E_I,L,1,E,L,81,,W
B,1FY8_E_I,L,1,E,P,124,,M
B,1FY8_E_I,L,1,E,C,165,,G
B,1FY8_E_I,L,1,E,Q,166,,Y
B,1FY8_E_I,L,1,E,S,169,,G
B,1FY8_E_I,L,1,E,W,185,,N
B,1FY8_E_I,L,1,E,G,186,,R
B,1FY8_E_I,L,1,I,P,13,,Y
B,1FY8_E_I,L,1,I,A,16,,N
B,1FY8_E_I,L,1,I,R,17,,A
B,1FY8_E_I,L,1,I,I,18,,Y
B,1FY8_E_I,L,1,I,I,19,,F
B,1FY8_E_I,L,1,I,R,39,,N
B,1FY8_E_I,L,2,E,Y,22,,H
B,1FY8_E_I,L,2,E,H,23,,P
B,1FY8_E_I,L,2,E,F,24,,Y
B,1FY8_E_I,L,2,E,H,40,,S
B,1FY8_E_I,L,2,E,K,43,,R
B,1FY8_E_I,L,2,E,R,78,,S
B,1FY8_E_I,L,2,E,K,79,,V
B,1FY8_E_I,L,2,E,K,147,,L
B,1FY8_E_I,L,2,E,S,164,,A
B,1FY8_E_I,L,2,E,C,165,,G
B,1FY8_E_I,L,2,E,Q,166,,R
B,1FY8_E_I,L,2,E,S,169,,G
B,1FY8_E_I,L,2,E,W,185,,A
B,1FY8_E_I,L,2,E,G,186,,R
B,1FY8_E_I,L,2,I,T,11,,P
B,1FY8_E_I,L,2,I,G,12,,E
B,1FY8_E_I,L,2,I,P,13,,Q
B,1FY8_E_I,L,2,I,K,15,,Y
B,1FY8_E_I,L,2,I,A,16,,N
B,1FY8_E_I,L,2,I,R,17,,A
B,1FY8_E_I,L,2,I,I,18,,F
B,1FY8_E_I,L,2,I,I,19,,E
B,1FY8_E_I,L,2,I,R,39,,N
B,1FY8_E_I,naive,0,E,H,23,,P
B,1FY8_E_I,naive,0,E,F,24,,Y
B,1FY8_E_I,naive,0,E,K,43,,Q
B,1FY8_E_I,naive,0,E,R,78,,A
B,1FY8_E_I,naive,0,E,K,79,,V
B,1FY8_E_I,naive,0,E,P,124,,G
B,1FY8_E_I,naive,0,E,K,147,,R
B,1FY8_E_I,naive,0,E,S,164,,T
B,1FY8_E_I,naive,0,E,C,165,,G
B,1FY8_E_I,naive,0,E,Q,166,,Y
B,1FY8_E_I,naive,0,E,S,169,,G
B,1FY8_E_I,naive,0,I,T,11,,S
B,1FY8_E_I,naive,0,I,A,16,,N
B,1FY8_E_I,naive,0,I,R,17,,N
B,1FY8_E_I,naive,0,I,I,18,,K
B,1FY8_E_I,naive,0,I,I,19,,Q
B,1FY8_E_I,naive,0,I,V,34,,T
B,1FY8_E_I,naive,0,I,R,39,,N
B,1FY8_E_I,naive,1,E,Y,22,,H
B,1FY8_E_I,naive,1,E,F,24,,Y
B,1FY8_E_I,naive,1,E,K,43,,Q
B,1FY8_E_I,naive,1,E,R,78,,S
B,1FY8_E_I,naive,1,E,K,79,,T
B,1FY8_E_I,naive,1,E,P,124,,G
B,1FY8_E_I,naive,1,E,S,164,,A
B,1FY8_E_I,naive,1,E,C,165,,G
B,1FY8_E_I,naive,1,E,Q,166,,P
B,1FY8_E_I,naive,1,E,S,169,,A
B,1FY8_E_I,naive,1,E,W,185,,F
B,1FY8_E_I,naive,1,E,G,186,,Q
B,1FY8_E_I,naive,1,I,A,16,,G
B,1FY8_E_I,naive,1,I,R,17,,N
B,1FY8_E_I,naive,1,I,I,19,,R
B,1FY8_E_I,naive,1,I,R,39,,N
B,1FY8_E_I,naive,2,E,Y,22,,H
B,1FY8_E_I,naive,2,E,H,23,,P
B,1FY8_E_I,naive,2,E,K,43,,H
B,1FY8_E_I,naive,2,E,R,78,,S
B,1FY8_E_I,naive,2,E,K,79,,V
B,1FY8_E_I,naive,2,E,K,147,,T
B,1FY8_E_I,naive,2,E,S,164,,A
B,1FY8_E_I,naive,2,E,C,165,,G
B,1FY8_E_I,naive,2,E,Q,166,,P
B,1FY8_E_I,naive,2,E,S,169,,G
B,1FY8_E_I,naive,2,E,G,186,,A
B,1FY8_E_I,naive,2,I,G,12,,S
B,1FY8_E_I,naive,2,I,A,16,,N
B,1FY8_E_I,naive,2,I,R,17,,N
B,1FY8_E_I,naive,2,I,I,19,,V
B,1FY8_E_I,naive,2,I,R,39,,N
B,1FY8_E_I,random,0,E,Y,22,,C
B,1FY8_E_I,random,0,E,H,23,,P
B,1FY8_E_I,random,0,E,F,24,,Y
B,1FY8_E_I,random,0,E,H,40,,C
B,1FY8_E_I,random,0,E,K,43,,R
B,1FY8_E_I,random,0,E,R,78,,P
B,1FY8_E_I,random,0,E,K,79,,T
B,1FY8_E_I,random,0,E,P,124,,A
B,1FY8_E_I,random,0,E,K,147,,Q
B,1FY8_E_I,random,0,E,S,164,,A
B,1FY8_E_I,random,0,E,C,165,,G
B,1FY8_E_I,random,0,E,Q,166,,R
B,1FY8_E_I,random,0,E,S,169,,R
B,1FY8_E_I,random,0,E,G,186,,S
B,1FY8_E_I,random,0,I,T,11,,S
B,1FY8_E_I,random,0,I,C,14,,T
B,1FY8_E_I,random,0,I,K,15,,W
B,1FY8_E_I,random,0,I,A,16,,N
B,1FY8_E_I,random,0,I,I,18,,E
B,1FY8_E_I,random,0,I,I,19,,T
B,1FY8_E_I,random,0,I,V,34,,T
B,1FY8_E_I,random,0,I,C,38,,G
B,1FY8_E_I,random,0,I,R,39,,P
B,1FY8_E_I,random,1,E,H,23,,V
B,1FY8_E_I,random,1,E,F,24,,Y
B,1FY8_E_I,random,1,E,H,40,,S
B,1FY8_E_I,random,1,E,K,43,,R
B,1FY8_E_I,random,1,E,R,78,,Y
B,1FY8_E_I,random,1,E,K,79,,S
B,1FY8_E_I,random,1,E,L,81,,W
B,1FY8_E_I,random,1,E,P,124,,M
B,1FY8_E_I,random,1,E,C,165,,G
B,1FY8_E_I,random,1,E,Q,166,,R
B,1FY8_E_I,random,1,E,S,169,,R
B,1FY8_E_I,random,1,E,W,185,,N
B,1FY8_E_I,random,1,E,G,186,,P
B,1FY8_E_I,random,1,I,P,13,,Y
B,1FY8_E_I,random,1,I,K,15,,D
B,1FY8_E_I,random,1,I,A,16,,N
B,1FY8_E_I,random,1,I,R,17,,N
B,1FY8_E_I,random,1,I,I,18,,Y
B,1FY8_E_I,random,1,I,I,19,,V
B,1FY8_E_I,random,1,I,V,34,,T
B,1FY8_E_I,random,1,I,R,39,,K
B,1FY8_E_I,random,2,E,H,23,,Q
B,1FY8_E_I,random,2,E,F,24,,Y
B,1FY8_E_I,random,2,E,H,40,,I
B,1FY8_E_I,random,2,E,K,43,,R
B,1FY8_E_I,random,2,E,R,78,,S
B,1FY8_E_I,random,2,E,K,79,,V
B,1FY8_E_I,random,2,E,P,124,,A
B,1FY8_E_I,random,2,E,K,147,,L
B,1FY8_E_I,random,2,E,S,164,,A
B,1FY8_E_I,random,2,E,C,165,,G
B,1FY8_E_I,random,2,E,Q,166,,R
B,1FY8_E_I,random,2,E,S,169,,R
B,1FY8_E_I,random,2,E,W,185,,F
B,1FY8_E_I,random,2,E,G,186,,S
B,1FY8_E_I,random,2,I,T,11,,S
B,1FY8_E_I,random,2,I,G,12,,E
B,1FY8_E_I,random,2,I,P,13,,H
B,1FY8_E_I,random,2,I,K,15,,D
B,1FY8_E_I,random,2,I,A,16,,N
B,1FY8_E_I,random,2,I,R,17,,N
B,1FY8_E_I,random,2,I,I,18,,F
B,1FY8_E_I,random,2,I,I,19,,L
B,1FY8_E_I,random,2,I,V,34,,T
B,1GL0_E_I,L,0,E,D,31,,T
B,1GL0_E_I,L,0,E,F,37,,I
B,1GL0_E_I,L,0,E,H,53,,S
B,1GL0_E_I,L,0,E,C,54,,A
B,1GL0_E_I,L,0,E,S,92,,P
B,1GL0_E_I,L,0,E,L,93,,I
B,1GL0_E_I,L,0,E,I,95,,F
B,1GL0_E_I,L,0,E,Y,142,,P
B,1GL0_E_I,L,0,E,W,168,,Y
B,1GL0_E_I,L,0,E,K,171,,L
B,1GL0_E_I,L,0,E,S,186,,A
B,1GL0_E_I,L,0,E,M,188,,F
B,1GL0_E_I,L,0,E,S,191,,E
B,1GL0_E_I,L,0,E,W,211,,C
B,1GL0_E_I,L,0,E,S,214,,C
B,1GL0_E_I,L,0,I,V,7,,S
B,1GL0_E_I,L,0,I,Q,10,,T
B,1GL0_E_I,L,0,I,N,13,,V
B,1GL0_E_I,L,0,I,T,14,,L
B,1GL0_E_I,L,0,I,T,16,,L
B,1GL0_E_I,L,0,I,T,18,,N
B,1GL0_E_I,L,0,I,P,19,,S
B,1GL0_E_I,L,0,I,T,20,,K
B,1GL0_E_I,L,0,I,W,23,,K
B,1GL0_E_I,L,0,I,G,24,,V
B,1GL0_E_I,L,0,I,M,28,,V
B,1GL0_E_I,L,0,I,Q,31,,P
B,1GL0_E_I,L,1,E,F,37,,T
B,1GL0_E_I,L,1,E,H,53,,S
B,1GL0_E_I,L,1,E,S,92,,T
B,1GL0_E_I,L,1,E,I,95,,F
B,1GL0_E_I,L,1,E,Y,142,,N
B,1GL0_E_I,L,1,E,Y,167,,T
B,1GL0_E_I,L,1,E,W,168,,Y
B,1GL0_E_I,L,1,E,K,171,,F
B,1GL0_E_I,L,1,E,S,186,,P
B,1GL0_E_I,L,1,E,C,187,,S
B,1GL0_E_I,L,1,E,M,188,,Y
B,1GL0_E_I,L,1,E,S,191,,E
B,1GL0_E_I,L,1,E,W,211,,A
B,1GL0_E_I,L,1,E,S,213,,D
B,1GL0_E_I,L,1,E,S,214,,C
B,1GL0_E_I,L,1,I,V,7,,K
B,1GL0_E_I,L,1,I,Q,10,,T
B,1GL0_E_I,L,1,I,T,14,,P
B,1GL0_E_I,L,1,I,T,16,,F
B,1GL0_E_I,L,1,I,T,18,,N
B,1GL0_E_I,L,1,I,P,19,,S
B,1GL0_E_I,L,1,I,T,20,,K
B,1GL0_E_I,L,1,I,W,23,,Q
B,1GL0_E_I,L,1,I,G,24,,M
B,1GL0_E_I,L,1,I,M,28,,R
B,1GL0_E_I,L,1,I,Q,31,,K
B,1GL0_E_I,L,2,E,T,33,,K
B,1GL0_E_I,L,2,E,F,37,,R
B,1GL0_E_I,L,2,E,H,53,,S
B,1GL0_E_I,L,2,E,C,54,,S
B,1GL0_E_I,L,2,E,S,92,,E
B,1GL0_E_I,L,2,E,I,95,,F
B,1GL0_E_I,L,2,E,Y,142,,I
B,1GL0_E_I,L,2,E,T,170,,N
B,1GL0_E_I,L,2,E,K,171,,F
B,1GL0_E_I,L,2,E,S,186,,A
B,1GL0_E_I,L,2,E,C,187,,M
B,1GL0_E_I,L,2,E,M,188,,R
B,1GL0_E_I,L,2,E,S,191,,E
B,1GL0_E_I,L,2,E,W,211,,A
B,1GL0_E_I,L,2,E,S,213,,M
B,1GL0_E_I,L,2,E,S,214,,H
B,1GL0_E_I,L,2,I,V,7,,Q
B,1GL0_E_I,L,2,I,Q,10,,L
B,1GL0_E_I,L,2,I,N,13,,R
B,1GL0_E_I,L,2,I,T,14,,R
B,1GL0_E_I,L,2,I,T,16,,Y
B,1GL0_E_I,L,2,I,T,18,,S
B,1GL0_E_I,L,2,I,P,19,,S
B,1GL0_E_I,L,2,I,T,20,,K
B,1GL0_E_I,L,2,I,W,23,,K
B,1GL0_E_I,L,2,I,G,24,,V
B,1GL0_E_I,L,2,I,M,28,,V
B,1GL0_E_I,L,2,I,Q,31,,K
B,1GL0_E_I,naive,0,E,T,33,,N
B,1GL0_E_I,naive,0,E,F,35,,N
B,1GL0_E_I,naive,0,E,H,53,,S
B,1GL0_E_I,naive,0,E,S,92,,P
B,1GL0_E_I,naive,0,E,L,93,,V
B,1GL0_E_I,naive,0,E,I,95,,L
B,1GL0_E_I,naive,0,E,Y,142,,F
B,1GL0_E_I,naive,0,E,W,168,,Y
B,1GL0_E_I,naive,0,E,T,170,,N
B,1GL0_E_I,naive,0,E,K,171,,L
B,1GL0_E_I,naive,0,E,S,186,,P
B,1GL0_E_I,naive,0,E,M,188,,Y
B,1GL0_E_I,naive,0,E,S,191,,E
B,1GL0_E_I,naive,0,E,W,211,,F
B,1GL0_E_I,naive,0,E,S,214,,A
B,1GL0_E_I,naive,0,I,V,7,,Q
B,1GL0_E_I,naive,0,I,Q,10,,S
B,1GL0_E_I,naive,0,I,T,14,,R
B,1GL0_E_I,naive,0,I,T,16,,Y
B,1GL0_E_I,naive,0,I,T,18,,N
B,1GL0_E_I,naive,0,I,P,19,,S
B,1GL0_E_I,naive,0,I,T,20,,K
B,1GL0_E_I,naive,0,I,V,22,,R
B,1GL0_E_I,naive,0,I,W,23,,A
B,1GL0_E_I,naive,0,I,G,24,,V
B,1GL0_E_I,naive,0,I,T,26,,S
B,1GL0_E_I,naive,0,I,M,28,,R
B,1GL0_E_I,naive,0,I,Q,31,,S
B,1GL0_E_I,naive,1,E,T,33,,N
B,1GL0_E_I,naive,1,E,F,35,,N
B,1GL0_E_I,naive,1,E,H,53,,S
B,1GL0_E_I,naive,1,E,S,92,,P
B,1GL0_E_I,naive,1,E,L,93,,I
B,1GL0_E_I,naive,1,E,I,95,,L
B,1GL0_E_I,naive,1,E,T,170,,S
B,1GL0_E_I,naive,1,E,K,171,,L
B,1GL0_E_I,naive,1,E,S,186,,P
B,1GL0_E_I,naive,1,E,M,188,,Y
B,1GL0_E_I,naive,1,E,S,191,,E
B,1GL0_E_I,naive,1,E,W,211,,F
B,1GL0_E_I,naive,1,E,S,214,,A
B,1GL0_E_I,naive,1,I,Q,10,,L
B,1GL0_E_I,naive,1,I,T,16,,V
B,1GL0_E_I,naive,1,I,T,18,,N
B,1GL0_E_I,naive,1,I,P,19,,S
B,1GL0_E_I,naive,1,I,T,20,,K
B,1GL0_E_I,naive,1,I,V,22,,R
B,1GL0_E_I,naive,1,I,W,23,,Q
B,1GL0_E_I,naive,1,I,G,24,,V
B,1GL0_E_I,naive,1,I,M,28,,N
B,1GL0_E_I,naive,1,I,Q,31,,A
B,1GL0_E_I,naive,2,E,T,33,,N
B,1GL0_E_I,naive,2,E,F,35,,N
B,1GL0_E_I,naive,2,E,H,53,,S
B,1GL0_E_I,naive,2,E,S,92,,P
B,1GL0_E_I,naive,2,E,L,93,,T
B,1GL0_E_I,naive,2,E,I,95,,L
B,1GL0_E_I,naive,2,E,Y,142,,P
B,1GL0_E_I,naive,2,E,T,170,,D
B,1GL0_E_I,naive,2,E,K,171,,L
B,1GL0_E_I,naive,2,E,S,186,,A
B,1GL0_E_I,naive,2,E,C,187,,S
B,1GL0_E_I,naive,2,E,M,188,,F
B,1GL0_E_I,naive,2,E,S,191,,E
B,1GL0_E_I,naive,2,E,W,211,,A
B,1GL0_E_I,naive,2,E,S,213,,D
B,1GL0_E_I,naive,2,I,Q,10,,Y
B,1GL0_E_I,naive,2,I,T,16,,A
B,1GL0_E_I,naive,2,I,T,18,,N
B,1GL0_E_I,naive,2,I,P,19,,S
B,1GL0_E_I,naive,2,I,T,20,,K
B,1GL0_E_I,naive,2,I,V,22,,R
B,1GL0_E_I,naive,2,I,W,23,,K
B,1GL0_E_I,naive,2,I,G,24,,V
B,1GL0_E_I,naive,2,I,M,28,,N
B,1GL0_E_I,naive,2,I,Q,31,,A
B,1GL0_E_I,random,0,E,F,35,,D
B,1GL0_E_I,random,0,E,H,53,,C
B,1GL0_E_I,random,0,E,L,93,,I
B,1GL0_E_I,random,0,E,I,95,,F
B,1GL0_E_I,random,0,E,Y,142,,P
B,1GL0_E_I,random,0,E,Y,167,,W
B,1GL0_E_I,random,0,E,W,168,,P
B,1GL0_E_I,random,0,E,T,170,,D
B,1GL0_E_I,random,0,E,K,171,,F
B,1GL0_E_I,random,0,E,S,186,,T
B,1GL0_E_I,random,0,E,M,188,,C
B,1GL0_E_I,random,0,E,S,191,,N
B,1GL0_E_I,random,0,E,W,211,,C
B,1GL0_E_I,random,0,E,S,214,,E
B,1GL0_E_I,random,0,I,V,7,,S
B,1GL0_E_I,random,0,I,Q,10,,D
B,1GL0_E_I,random,0,I,T,14,,L
B,1GL0_E_I,random,0,I,T,16,,K
B,1GL0_E_I,random,0,I,T,18,,N
B,1GL0_E_I,random,0,I,P,19,,S
B,1GL0_E_I,random,0,I,T,20,,W
B,1GL0_E_I,random,0,I,V,22,,R
B,1GL0_E_I,random,0,I,W,23,,N
B,1GL0_E_I,random,0,I,G,24,,V
B,1GL0_E_I,random,0,I,T,26,,Q
B,1GL0_E_I,random,0,I,L,27,,G
B,1GL0_E_I,random,0,I,M,28,,N
B,1GL0_E_I,random,0,I,G,29,,R
B,1GL0_E_I,random,0,I,Q,31,,P
B,1GL0_E_I,random,1,E,D,31,,K
B,1GL0_E_I,random,1,E,F,35,,D
B,1GL0_E_I,random,1,E,F,37,,T
B,1GL0_E_I,random,1,E,H,53,,S
B,1GL0_E_I,random,1,E,I,95,,K
B,1GL0_E_I,random,1,E,Y,142,,N
B,1GL0_E_I,random,1,E,Y,167,,T
B,1GL0_E_I,random,1,E,W,168,,C
B,1GL0_E_I,random,1,E,T,170,,D
B,1GL0_E_I,random,1,E,K,171,,F
B,1GL0_E_I,random,1,E,S,186,,P
B,1GL0_E_I,random,1,E,C,187,,S
B,1GL0_E_I,random,1,E,M,188,,T
B,1GL0_E_I,random,1,E,S,191,,Q
B,1GL0_E_I,random,1,E,W,211,,S
B,1GL0_E_I,random,1,E,S,213,,D
B,1GL0_E_I,random,1,E,S,214,,Q
B,1GL0_E_I,random,1,I,V,7,,K
B,1GL0_E_I,random,1,I,Q,10,,R
B,1GL0_E_I,random,1,I,T,14,,S
B,1GL0_E_I,random,1,I,T,16,,F
B,1GL0_E_I,random,1,I,T,18,,N
B,1GL0_E_I,random,1,I,P,19,,S
B,1GL0_E_I,random,1,I,T,20,,A
B,1GL0_E_I,random,1,I,W,23,,Q
B,1GL0_E_I,random,1,I,G,24,,M
B,1GL0_E_I,random,1,I,T,26,,D
B,1GL0_E_I,random,1,I,L,27,,G
B,1GL0_E_I,random,1,I,M,28,,R
B,1GL0_E_I,random,1,I,G,29,,R
B,1GL0_E_I,random,1,I,Q,31,,E
B,1GL0_E_I,random,2,E,T,33,,K
B,1GL0_E_I,random,2,E,F,37,,H
B,1GL0_E_I,random,2,E,H,53,,C
B,1GL0_E_I,random,2,E,C,54,,S
B,1GL0_E_I,random,2,E,I,95,,F
B,1GL0_E_I,random,2,E,Y,142,,I
B,1GL0_E_I,random,2,E,T,170,,N
B,1GL0_E_I,random,2,E,K,171,,F
B,1GL0_E_I,random,2,E,S,186,,G
B,1GL0_E_I,random,2,E,M,188,,R
B,1GL0_E_I,random,2,E,S,191,,N
B,1GL0_E_I,random,2,E,W,211,,C
B,1GL0_E_I,random,2,E,S,213,,M
B,1GL0_E_I,random,2,E,S,214,,T
B,1GL0_E_I,random,2,I,Q,10,,D
B,1GL0_E_I,random,2,I,T,16,,Y
B,1GL0_E_I,random,2,I,P,19,,S
B,1GL0_E_I,random,2,I,T,20,,A
B,1GL0_E_I,random,2,I,W,23,,S
B,1GL0_E_I,random,2,I,G,24,,A
B,1GL0_E_I,random,2,I,T,26,,Q
B,1GL0_E_I,random,2,I,L,27,,G
B,1GL0_E_I,random,2,I,M,28,,N
B,1GL0_E_I,random,2,I,G,29,,R
B,1GL0_E_I,random,2,I,Q,31,,K
B,1GL1_A_I,L,0,A,F,38,,K
B,1GL1_A_I,L,0,A,H,54,,S
B,1GL1_A_I,L,0,A,L,94,,E
B,1GL1_A_I,L,0,A,I,96,,W
B,1GL1_A_I,L,0,A,W,166,,Y
B,1GL1_A_I,L,0,A,K,169,,L
B,1GL1_A_I,L,0,A,C,185,,S
B,1GL1_A_I,L,0,A,M,186,,F
B,1GL1_A_I,L,0,A,S,189,,E
B,1GL1_A_I,L,0,A,W,209,,L
B,1GL1_A_I,L,0,A,S,211,,H
B,1GL1_A_I,L,0,A,S,212,,C
B,1GL1_A_I,L,0,A,T,213,,L
B,1GL1_A_I,L,0,I,I,1,,L
B,1GL1_A_I,L,0,I,T,8,,R
B,1GL1_A_I,L,0,I,K,12,,D
B,1GL1_A_I,L,0,I,T,15,,V
B,1GL1_A_I,L,0,I,R,17,,K
B,1GL1_A_I,L,0,I,A,26,,V
B,1GL1_A_I,L,0,I,K,30,,N
B,1GL1_A_I,L,0,I,A,31,,L
B,1GL1_A_I,L,0,I,P,33,,R
B,1GL1_A_I,L,1,A,F,38,,E
B,1GL1_A_I,L,1,A,H,54,,S
B,1GL1_A_I,L,1,A,L,94,,Q
B,1GL1_A_I,L,1,A,I,96,,F
B,1GL1_A_I,L,1,A,W,166,,Y
B,1GL1_A_I,L,1,A,K,169,,L
B,1GL1_A_I,L,1,A,S,184,,A
B,1GL1_A_I,L,1,A,C,185,,S
B,1GL1_A_I,L,1,A,M,186,,F
B,1GL1_A_I,L,1,A,S,189,,E
B,1GL1_A_I,L,1,A,W,209,,F
B,1GL1_A_I,L,1,A,S,211,,H
B,1GL1_A_I,L,1,A,S,212,,C
B,1GL1_A_I,L,1,A,T,213,,D
B,1GL1_A_I,L,1,I,I,1,,L
B,1GL1_A_I,L,1,I,T,8,,R
B,1GL1_A_I,L,1,I,K,12,,P
B,1GL1_A_I,L,1,I,T,15,,R
B,1GL1_A_I,L,1,I,R,17,,I
B,1GL1_A_I,L,1,I,A,26,,M
B,1GL1_A_I,L,1,I,K,30,,R
B,1GL1_A_I,L,1,I,A,31,,R
B,1GL1_A_I,L,1,I,P,33,,R
B,1GL1_A_I,L,2,A,F,38,,T
B,1GL1_A_I,L,2,A,H,54,,S
B,1GL1_A_I,L,2,A,C,55,,G
B,1GL1_A_I,L,2,A,I,96,,W
B,1GL1_A_I,L,2,A,W,166,,Y
B,1GL1_A_I,L,2,A,K,169,,L
B,1GL1_A_I,L,2,A,S,184,,A
B,1GL1_A_I,L,2,A,C,185,,T
B,1GL1_A_I,L,2,A,M,186,,F
B,1GL1_A_I,L,2,A,S,189,,E
B,1GL1_A_I,L,2,A,W,209,,F
B,1GL1_A_I,L,2,A,S,211,,H
B,1GL1_A_I,L,2,A,S,212,,C
B,1GL1_A_I,L,2,A,T,213,,M
B,1GL1_A_I,L,2,I,I,1,,L
B,1GL1_A_I,L,2,I,T,8,,Q
B,1GL1_A_I,L,2,I,K,12,,N
B,1GL1_A_I,L,2,I,T,15,,R
B,1GL1_A_I,L,2,I,R,17,,I
B,1GL1_A_I,L,2,I,A,26,,W
B,1GL1_A_I,L,2,I,K,30,,N
B,1GL1_A_I,L,2,I,A,31,,R
B,1GL1_A_I,L,2,I,P,33,,K
B,1GL1_A_I,naive,0,A,H,54,,S
B,1GL1_A_I,naive,0,A,L,94,,E
B,1GL1_A_I,naive,0,A,I,96,,L
B,1GL1_A_I,naive,0,A,K,169,,L
B,1GL1_A_I,naive,0,A,S,184,,N
B,1GL1_A_I,naive,0,A,C,185,,S
B,1GL1_A_I,naive,0,A,M,186,,Y
B,1GL1_A_I,naive,0,A,S,189,,E
B,1GL1_A_I,naive,0,A,S,212,,A
B,1GL1_A_I,naive,0,A,T,213,,N
B,1GL1_A_I,naive,0,I,I,1,,M
B,1GL1_A_I,naive,0,I,T,8,,R
B,1GL1_A_I,naive,0,I,K,12,,S
B,1GL1_A_I,naive,0,I,T,15,,K
B,1GL1_A_I,naive,0,I,R,17,,I
B,1GL1_A_I,naive,0,I,A,26,,L
B,1GL1_A_I,naive,0,I,T,28,,S
B,1GL1_A_I,naive,0,I,K,30,,R
B,1GL1_A_I,naive,0,I,A,31,,L
B,1GL1_A_I,naive,0,I,P,33,,K
B,1GL1_A_I,naive,1,A,H,54,,S
B,1GL1_A_I,naive,1,A,L,94,,Q
B,1GL1_A_I,naive,1,A,I,96,,F
B,1GL1_A_I,naive,1,A,K,169,,L
B,1GL1_A_I,naive,1,A,S,184,,A
B,1GL1_A_I,naive,1,A,C,185,,A
B,1GL1_A_I,naive,1,A,M,186,,F
B,1GL1_A_I,naive,1,A,S,189,,E
B,1GL1_A_I,naive,1,A,W,209,,F
B,1GL1_A_I,naive,1,A,S,211,,D
B,1GL1_A_I,naive,1,A,S,212,,A
B,1GL1_A_I,naive,1,A,T,213,,L
B,1GL1_A_I,naive,1,I,I,1,,L
B,1GL1_A_I,naive,1,I,T,8,,R
B,1GL1_A_I,naive,1,I,T,15,,R
B,1GL1_A_I,naive,1,I,R,17,,T
B,1GL1_A_I,naive,1,I,A,26,,I
B,1GL1_A_I,naive,1,I,K,30,,R
B,1GL1_A_I,naive,1,I,A,31,,R
B,1GL1_A_I,naive,1,I,P,33,,K
B,1GL1_A_I,naive,2,A,C,55,,S
B,1GL1_A_I,naive,2,A,L,94,,E
B,1GL1_A_I,naive,2,A,I,96,,F
B,1GL1_A_I,naive,2,A,K,169,,L
B,1GL1_A_I,naive,2,A,S,184,,A
B,1GL1_A_I,naive,2,A,C,185,,S
B,1GL1_A_I,naive,2,A,M,186,,Y
B,1GL1_A_I,naive,2,A,S,189,,E
B,1GL1_A_I,naive,2,A,W,209,,Y
B,1GL1_A_I,naive,2,A,S,211,,H
B,1GL1_A_I,naive,2,A,S,212,,I
B,1GL1_A_I,naive,2,A,T,213,,D
B,1GL1_A_I,naive,2,I,I,1,,L
B,1GL1_A_I,naive,2,I,T,8,,R
B,1GL1_A_I,naive,2,I,K,12,,Y
B,1GL1_A_I,naive,2,I,N,14,,R
B,1GL1_A_I,naive,2,I,T,15,,K
B,1GL1_A_I,naive,2,I,R,17,,I
B,1GL1_A_I,naive,2,I,A,26,,V
B,1GL1_A_I,naive,2,I,K,30,,L
B,1GL1_A_I,naive,2,I,A,31,,L
B,1GL1_A_I,naive,2,I,P,33,,K
B,1GL1_A_I,random,0,A,F,36,,Y
B,1GL1_A_I,random,0,A,F,38,,K
B,1GL1_A_I,random,0,A,H,54,,T
B,1GL1_A_I,random,0,A,L,94,,E
B,1GL1_A_I,random,0,A,I,96,,Q
B,1GL1_A_I,random,0,A,W,166,,Y
B,1GL1_A_I,random,0,A,K,169,,N
B,1GL1_A_I,random,0,A,C,185,,S
B,1GL1_A_I,random,0,A,M,186,,F
B,1GL1_A_I,random,0,A,S,189,,I
B,1GL1_A_I,random,0,A,W,209,,Y
B,1GL1_A_I,random,0,A,S,212,,K
B,1GL1_A_I,random,0,A,T,213,,F
B,1GL1_A_I,random,0,I,I,1,,L
B,1GL1_A_I,random,0,I,T,8,,R
B,1GL1_A_I,random,0,I,K,12,,D
B,1GL1_A_I,random,0,I,T,15,,V
B,1GL1_A_I,random,0,I,R,17,,K
B,1GL1_A_I,random,0,I,A,26,,N
B,1GL1_A_I,random,0,I,L,29,,S
B,1GL1_A_I,random,0,I,K,30,,H
B,1GL1_A_I,random,0,I,P,33,,W
B,1GL1_A_I,random,1,A,F,36,,Y
B,1GL1_A_I,random,1,A,F,38,,E
B,1GL1_A_I,random,1,A,L,94,,Q
B,1GL1_A_I,random,1,A,I,96,,M
B,1GL1_A_I,random,1,A,K,169,,N
B,1GL1_A_I,random,1,A,S,184,,G
B,1GL1_A_I,random,1,A,C,185,,S
B,1GL1_A_I,random,1,A,M,186,,F
B,1GL1_A_I,random,1,A,S,189,,T
B,1GL1_A_I,random,1,A,S,211,,D
B,1GL1_A_I,random,1,A,S,212,,Y
B,1GL1_A_I,random,1,A,T,213,,D
B,1GL1_A_I,random,1,I,I,1,,F
B,1GL1_A_I,random,1,I,T,8,,R
B,1GL1_A_I,random,1,I,K,12,,R
B,1GL1_A_I,random,1,I,R,17,,I
B,1GL1_A_I,random,1,I,A,26,,M
B,1GL1_A_I,random,1,I,L,29,,S
B,1GL1_A_I,random,1,I,K,30,,R
B,1GL1_A_I,random,1,I,A,31,,V
B,1GL1_A_I,random,1,I,C,32,,S
B,1GL1_A_I,random,1,I,P,33,,L
B,1GL1_A_I,random,2,A,F,36,,Y
B,1GL1_A_I,random,2,A,F,38,,T
B,1GL1_A_I,random,2,A,H,54,,S
B,1GL1_A_I,random,2,A,C,55,,G
B,1GL1_A_I,random,2,A,L,94,,V
B,1GL1_A_I,random,2,A,I,96,,Q
B,1GL1_A_I,random,2,A,K,169,,F
B,1GL1_A_I,random,2,A,S,184,,A
B,1GL1_A_I,random,2,A,C,185,,T
B,1GL1_A_I,random,2,A,M,186,,K
B,1GL1_A_I,random,2,A,S,189,,I
B,1GL1_A_I,random,2,A,W,209,,Y
B,1GL1_A_I,random,2,A,S,211,,H
B,1GL1_A_I,random,2,A,S,212,,K
B,1GL1_A_I,random,2,A,T,213,,M
B,1GL1_A_I,random,2,I,I,1,,V
B,1GL1_A_I,random,2,I,T,8,,G
B,1GL1_A_I,random,2,I,K,12,,N
B,1GL1_A_I,random,2,I,T,15,,K
B,1GL1_A_I,random,2,I,R,17,,I
B,1GL1_A_I,random,2,I,A,25,,E
B,1GL1_A_I,random,2,I,A,26,,W
B,1GL1_A_I,random,2,I,L,29,,S
B,1GL1_A_I,random,2,I,K,30,,Y
B,1GL1_A_I,random,2,I,P,33,,K
B,1KAC_A_B,L,0,A,D,13,,Q
B,1KAC_A_B,L,0,A,P,15,,Y
B,1KAC_A_B,L,0,A,K,27,,V
B,1KAC_A_B,L,0,A,L,53,,K
B,1KAC_A_B,L,0,A,Q,85,,Y
B,1KAC_A_B,L,0,A,S,87,,N
B,1KAC_A_B,L,0,A,Q,92,,C
B,1KAC_A_B,L,0,A,Q,94,,L
B,1KAC_A_B,L,0,A,V,96,,I
B,1KAC_A_B,L,0,A,T,98,,N
B,1KAC_A_B,L,0,B,Q,30,,T
B,1KAC_A_B,L,0,B,D,34,,W
B,1KAC_A_B,L,0,B,E,36,,Q
B,1KAC_A_B,L,0,B,V,50,,W
B,1KAC_A_B,L,0,B,S,55,,F
B,1KAC_A_B,L,0,B,G,56,,D
B,1KAC_A_B,L,0,B,Y,60,,H
B,1KAC_A_B,L,0,B,D,61,,T
B,1KAC_A_B,L,0,B,D,62,,A
B,1KAC_A_B,L,0,B,K,101,,V
B,1KAC_A_B,L,0,B,K,103,,R
B,1KAC_A_B,L,0,B,A,105,,N
B,1KAC_A_B,L,0,B,V,108,,I
B,1KAC_A_B,L,1,A,D,13,,F
B,1KAC_A_B,L,1,A,E,23,,P
B,1KAC_A_B,L,1,A,K,27,,A
B,1KAC_A_B,L,1,A,K,49,,R
B,1KAC_A_B,L,1,A,L,53,,T
B,1KAC_A_B,L,1,A,Q,85,,F
B,1KAC_A_B,L,1,A,Q,92,,W
B,1KAC_A_B,L,1,A,Q,94,,N
B,1KAC_A_B,L,1,A,T,98,,N
B,1KAC_A_B,L,1,B,Q,30,,T
B,1KAC_A_B,L,1,B,D,34,,H
B,1KAC_A_B,L,1,B,V,50,,F
B,1KAC_A_B,L,1,B,S,55,,A
B,1KAC_A_B,L,1,B,G,56,,D
B,1KAC_A_B,L,1,B,D,61,,G
B,1KAC_A_B,L,1,B,D,62,,N
B,1KAC_A_B,L,1,B,K,103,,R
B,1KAC_A_B,L,1,B,A,105,,N
B,1KAC_A_B,L,1,B,V,108,,I
B,1KAC_A_B,L,2,A,D,13,,K
B,1KAC_A_B,L,2,A,P,15,,Y
B,1KAC_A_B,L,2,A,K,27,,V
B,1KAC_A_B,L,2,A,K,49,,R
B,1KAC_A_B,L,2,A,L,53,,V
B,1KAC_A_B,L,2,A,Q,85,,F
B,1KAC_A_B,L,2,A,S,87,,M
B,1KAC_A_B,L,2,A,Q,92,,C
B,1KAC_A_B,L,2,A,Q,94,,P
B,1KAC_A_B,L,2,A,T,98,,N
B,1KAC_A_B,L,2,B,Q,30,,T
B,1KAC_A_B,L,2,B,P,32,,H
B,1KAC_A_B,L,2,B,D,34,,V
B,1KAC_A_B,L,2,B,V,50,,P
B,1KAC_A_B,L,2,B,S,55,,A
B,1KAC_A_B,L,2,B,G,56,,D
B,1KAC_A_B,L,2,B,D,61,,G
B,1KAC_A_B,L,2,B,D,62,,N
B,1KAC_A_B,L,2,B,K,101,,V
B,1KAC_A_B,L,2,B,K,103,,R
B,1KAC_A_B,L,2,B,A,105,,Q
B,1KAC_A_B,L,2,B,V,108,,I
B,1KAC_A_B,naive,0,A,D,13,,A
B,1KAC_A_B,naive,0,A,E,23,,D
B,1KAC_A_B,naive,0,A,K,27,,I
B,1KAC_A_B,naive,0,A,K,49,,R
B,1KAC_A_B,naive,0,A,L,53,,T
B,1KAC_A_B,naive,0,A,Q,85,,T
B,1KAC_A_B,naive,0,A,S,87,,P
B,1KAC_A_B,naive,0,A,Q,94,,D
B,1KAC_A_B,naive,0,A,T,98,,N
B,1KAC_A_B,naive,0,B,Q,30,,T
B,1KAC_A_B,naive,0,B,D,34,,I
B,1KAC_A_B,naive,0,B,V,50,,P
B,1KAC_A_B,naive,0,B,S,55,,Y
B,1KAC_A_B,naive,0,B,G,56,,D
B,1KAC_A_B,naive,0,B,D,61,,T
B,1KAC_A_B,naive,0,B,D,62,,N
B,1KAC_A_B,naive,0,B,K,101,,R
B,1KAC_A_B,naive,0,B,K,103,,R
B,1KAC_A_B,naive,0,B,A,105,,D
B,1KAC_A_B,naive,0,B,V,108,,E
B,1KAC_A_B,naive,1,A,D,13,,K
B,1KAC_A_B,naive,1,A,E,23,,P
B,1KAC_A_B,naive,1,A,K,27,,I
B,1KAC_A_B,naive,1,A,L,53,,T
B,1KAC_A_B,naive,1,A,Q,85,,S
B,1KAC_A_B,naive,1,A,S,87,,P
B,1KAC_A_B,naive,1,A,Q,92,,E
B,1KAC_A_B,naive,1,A,Q,94,,N
B,1KAC_A_B,naive,1,A,T,98,,N
B,1KAC_A_B,naive,1,B,Q,30,,T
B,1KAC_A_B,naive,1,B,D,34,,H
B,1KAC_A_B,naive,1,B,V,50,,P
B,1KAC_A_B,naive,1,B,S,55,,A
B,1KAC_A_B,naive,1,B,G,56,,D
B,1KAC_A_B,naive,1,B,Y,60,,H
B,1KAC_A_B,naive,1,B,D,61,,F
B,1KAC_A_B,naive,1,B,K,101,,V
B,1KAC_A_B,naive,1,B,K,103,,R
B,1KAC_A_B,naive,1,B,V,108,,I
B,1KAC_A_B,naive,2,A,D,13,,T
B,1KAC_A_B,naive,2,A,E,23,,A
B,1KAC_A_B,naive,2,A,K,27,,V
B,1KAC_A_B,naive,2,A,K,49,,R
B,1KAC_A_B,naive,2,A,L,53,,T
B,1KAC_A_B,naive,2,A,Q,85,,T
B,1KAC_A_B,naive,2,A,S,87,,P
B,1KAC_A_B,naive,2,A,Q,94,,N
B,1KAC_A_B,naive,2,A,T,98,,N
B,1KAC_A_B,naive,2,B,Q,30,,T
B,1KAC_A_B,naive,2,B,D,34,,I
B,1KAC_A_B,naive,2,B,E,36,,L
B,1KAC_A_B,naive,2,B,V,50,,P
B,1KAC_A_B,naive,2,B,S,55,,F
B,1KAC_A_B,naive,2,B,G,56,,D
B,1KAC_A_B,naive,2,B,D,61,,T
B,1KAC_A_B,naive,2,B,Y,63,,F
B,1KAC_A_B,naive,2,B,K,101,,I
B,1KAC_A_B,naive,2,B,K,103,,Q
B,1KAC_A_B,naive,2,B,A,105,,N
B,1KAC_A_B,naive,2,B,V,108,,I
B,1KAC_A_B,random,0,A,D,13,,A
B,1KAC_A_B,random,0,A,E,23,,P
B,1KAC_A_B,random,0,A,L,24,,F
B,1KAC_A_B,random,0,A,K,27,,V
B,1KAC_A_B,random,0,A,L,53,,K
B,1KAC_A_B,random,0,A,Q,85,,G
B,1KAC_A_B,random,0,A,S,87,,Y
B,1KAC_A_B,random,0,A,Q,92,,W
B,1KAC_A_B,random,0,A,Q,94,,D
B,1KAC_A_B,random,0,A,V,96,,I
B,1KAC_A_B,random,0,A,T,98,,N
B,1KAC_A_B,random,0,B,Q,30,,N
B,1KAC_A_B,random,0,B,P,32,,R
B,1KAC_A_B,random,0,B,D,34,,W
B,1KAC_A_B,random,0,B,E,36,,Q
B,1KAC_A_B,random,0,B,V,50,,F
B,1KAC_A_B,random,0,B,L,53,,D
B,1KAC_A_B,random,0,B,S,55,,F
B,1KAC_A_B,random,0,B,G,56,,D
B,1KAC_A_B,random,0,B,D,61,,T
B,1KAC_A_B,random,0,B,D,62,,A
B,1KAC_A_B,random,0,B,Y,63,,H
B,1KAC_A_B,random,0,B,K,101,,E
B,1KAC_A_B,random,0,B,K,103,,I
B,1KAC_A_B,random,0,B,A,105,,S
B,1KAC_A_B,random,0,B,V,108,,K
B,1KAC_A_B,random,1,A,D,13,,A
B,1KAC_A_B,random,1,A,E,23,,P
B,1KAC_A_B,random,1,A,L,24,,F
B,1KAC_A_B,random,1,A,K,27,,A
B,1KAC_A_B,random,1,A,K,49,,R
B,1KAC_A_B,random,1,A,L,53,,T
B,1KAC_A_B,random,1,A,Q,85,,G
B,1KAC_A_B,random,1,A,S,87,,K
B,1KAC_A_B,random,1,A,Q,92,,L
B,1KAC_A_B,random,1,A,Q,94,,D
B,1KAC_A_B,random,1,A,S,95,,E
B,1KAC_A_B,random,1,A,T,98,,N
B,1KAC_A_B,random,1,B,Q,30,,T
B,1KAC_A_B,random,1,B,P,32,,E
B,1KAC_A_B,random,1,B,D,34,,H
B,1KAC_A_B,random,1,B,E,36,,T
B,1KAC_A_B,random,1,B,V,50,,F
B,1KAC_A_B,random,1,B,L,53,,D
B,1KAC_A_B,random,1,B,S,55,,F
B,1KAC_A_B,random,1,B,G,56,,N
B,1KAC_A_B,random,1,B,Y,60,,F
B,1KAC_A_B,random,1,B,D,61,,Y
B,1KAC_A_B,random,1,B,D,62,,N
B,1KAC_A_B,random,1,B,K,103,,I
B,1KAC_A_B,random,1,B,A,105,,S
B,1KAC_A_B,random,1,B,V,108,,T
B,1KAC_A_B,random,2,A,D,13,,K
B,1KAC_A_B,random,2,A,P,15,,C
B,1KAC_A_B,random,2,A,E,23,,P
B,1KAC_A_B,random,2,A,L,24,,F
B,1KAC_A_B,random,2,A,K,27,,V
B,1KAC_A_B,random,2,A,K,49,,R
B,1KAC_A_B,random,2,A,L,53,,V
B,1KAC_A_B,random,2,A,Q,85,,E
B,1KAC_A_B,random,2,A,S,87,,M
B,1KAC_A_B,random,2,A,Q,92,,E
B,1KAC_A_B,random,2,A,Q,94,,D
B,1KAC_A_B,random,2,A,S,95,,A
B,1KAC_A_B,random,2,A,T,98,,N
B,1KAC_A_B,random,2,B,Q,30,,T
B,1KAC_A_B,random,2,B,P,32,,E
B,1KAC_A_B,random,2,B,D,34,,H
B,1KAC_A_B,random,2,B,E,36,,R
B,1KAC_A_B,random,2,B,V,50,,T
B,1KAC_A_B,random,2,B,L,53,,D
B,1KAC_A_B,random,2,B,S,55,,T
B,1KAC_A_B,random,2,B,G,56,,S
B,1KAC_A_B,random,2,B,Y,60,,F
B,1KAC_A_B,random,2,B,D,61,,G
B,1KAC_A_B,random,2,B,D,62,,N
B,1KAC_A_B,random,2,B,Y,63,,H
B,1KAC_A_B,random,2,B,K,101,,Y
B,1KAC_A_B,random,2,B,K,103,,I
B,1KAC_A_B,random,2,B,A,105,,R
B,1KAC_A_B,random,2,B,V,108,,T
B,1KIQ_AB_C,L,0,A,Y,32,,F
B,1KIQ_AB_C,L,0,A,Y,49,,F
B,1KIQ_AB_C,L,0,A,T,53,,Q
B,1KIQ_AB_C,L,0,A,S,93,,E
B,1KIQ_AB_C,L,0,B,T,30,,K
B,1KIQ_AB_C,L,0,B,G,31,,K
B,1KIQ_AB_C,L,0,B,Y,32,,F
B,1KIQ_AB_C,L,0,B,R,99,,W
B,1KIQ_AB_C,L,0,B,D,100,,R
B,1KIQ_AB_C,L,0,B,F,101,,Y
B,1KIQ_AB_C,L,0,B,R,102,,A
B,1KIQ_AB_C,L,0,C,N,19,,W
B,1KIQ_AB_C,L,0,C,G,22,,R
B,1KIQ_AB_C,L,0,C,S,24,,R
B,1KIQ_AB_C,L,0,C,N,27,,T
B,1KIQ_AB_C,L,0,C,G,102,,P
B,1KIQ_AB_C,L,0,C,K,116,,Q
B,1KIQ_AB_C,L,0,C,D,119,,V
B,1KIQ_AB_C,L,0,C,V,120,,Q
B,1KIQ_AB_C,L,0,C,R,125,,Y
B,1KIQ_AB_C,L,1,A,Y,32,,F
B,1KIQ_AB_C,L,1,A,Y,49,,F
B,1KIQ_AB_C,L,1,A,T,53,,L
B,1KIQ_AB_C,L,1,A,W,92,,Y
B,1KIQ_AB_C,L,1,B,T,30,,K
B,1KIQ_AB_C,L,1,B,G,31,,H
B,1KIQ_AB_C,L,1,B,Y,32,,T
B,1KIQ_AB_C,L,1,B,D,54,,N
B,1KIQ_AB_C,L,1,B,D,100,,Y
B,1KIQ_AB_C,L,1,B,F,101,,Y
B,1KIQ_AB_C,L,1,B,R,102,,S
B,1KIQ_AB_C,L,1,C,D,18,,S
B,1KIQ_AB_C,L,1,C,N,19,,W
B,1KIQ_AB_C,L,1,C,G,22,,N
B,1KIQ_AB_C,L,1,C,S,24,,P
B,1KIQ_AB_C,L,1,C,N,27,,G
B,1KIQ_AB_C,L,1,C,G,102,,Q
B,1KIQ_AB_C,L,1,C,K,116,,V
B,1KIQ_AB_C,L,1,C,D,119,,E
B,1KIQ_AB_C,L,1,C,Q,121,,D
B,1KIQ_AB_C,L,1,C,I,124,,V
B,1KIQ_AB_C,L,1,C,R,125,,I
B,1KIQ_AB_C,L,2,A,Y,49,,W
B,1KIQ_AB_C,L,2,A,T,53,,I
B,1KIQ_AB_C,L,2,A,S,93,,G
B,1KIQ_AB_C,L,2,B,T,30,,K
B,1KIQ_AB_C,L,2,B,G,31,,K
B,1KIQ_AB_C,L,2,B,Y,32,,R
B,1KIQ_AB_C,L,2,B,D,54,,N
B,1KIQ_AB_C,L,2,B,R,99,,T
B,1KIQ_AB_C,L,2,B,D,100,,M
B,1KIQ_AB_C,L,2,B,F,101,,Y
B,1KIQ_AB_C,L,2,C,D,18,,Q
B,1KIQ_AB_C,L,2,C,N,19,,W
B,1KIQ_AB_C,L,2,C,G,22,,R
B,1KIQ_AB_C,L,2,C,S,24,,P
B,1KIQ_AB_C,L,2,C,G,102,,S
B,1KIQ_AB_C,L,2,C,K,116,,T
B,1KIQ_AB_C,L,2,C,D,119,,R
B,1KIQ_AB_C,L,2,C,V,120,,S
B,1KIQ_AB_C,L,2,C,Q,121,,D
B,1KIQ_AB_C,L,2,C,I,124,,V
B,1KIQ_AB_C,L,2,C,R,125,,Y
B,1KIQ_AB_C,naive,0,A,Y,32,,R
B,1KIQ_AB_C,naive,0,A,Y,49,,K
B,1KIQ_AB_C,naive,0,A,Y,50,,N
B,1KIQ_AB_C,naive,0,A,T,53,,Q
B,1KIQ_AB_C,naive,0,A,W,92,,Y
B,1KIQ_AB_C,naive,0,A,S,93,,G
B,1KIQ_AB_C,naive,0,B,T,30,,A
B,1KIQ_AB_C,naive,0,B,G,31,,D
B,1KIQ_AB_C,naive,0,B,Y,32,,V
B,1KIQ_AB_C,naive,0,B,R,99,,W
B,1KIQ_AB_C,naive,0,B,D,100,,R
B,1KIQ_AB_C,naive,0,B,F,101,,G
B,1KIQ_AB_C,naive,0,B,R,102,,A
B,1KIQ_AB_C,naive,0,C,N,19,,W
B,1KIQ_AB_C,naive,0,C,S,24,,P
B,1KIQ_AB_C,naive,0,C,N,27,,G
B,1KIQ_AB_C,naive,0,C,G,102,,N
B,1KIQ_AB_C,naive,0,C,V,120,,A
B,1KIQ_AB_C,naive,0,C,Q,121,,E
B,1KIQ_AB_C,naive,0,C,I,124,,V
B,1KIQ_AB_C,naive,1,A,Y,32,,K
B,1KIQ_AB_C,naive,1,A,Y,49,,H
B,1KIQ_AB_C,naive,1,A,Y,50,,H
B,1KIQ_AB_C,naive,1,A,T,53,,I
B,1KIQ_AB_C,naive,1,A,W,92,,Y
B,1KIQ_AB_C,naive,1,A,S,93,,G
B,1KIQ_AB_C,naive,1,B,T,30,,K
B,1KIQ_AB_C,naive,1,B,G,31,,D
B,1KIQ_AB_C,naive,1,B,Y,32,,H
B,1KIQ_AB_C,naive,1,B,D,54,,N
B,1KIQ_AB_C,naive,1,B,R,99,,D
B,1KIQ_AB_C,naive,1,B,D,100,,R
B,1KIQ_AB_C,naive,1,B,F,101,,G
B,1KIQ_AB_C,naive,1,B,R,102,,A
B,1KIQ_AB_C,naive,1,C,N,19,,W
B,1KIQ_AB_C,naive,1,C,S,24,,P
B,1KIQ_AB_C,naive,1,C,N,27,,S
B,1KIQ_AB_C,naive,1,C,G,102,,D
B,1KIQ_AB_C,naive,1,C,V,120,,A
B,1KIQ_AB_C,naive,1,C,Q,121,,D
B,1KIQ_AB_C,naive,2,A,Y,32,,K
B,1KIQ_AB_C,naive,2,A,Y,49,,W
B,1KIQ_AB_C,naive,2,A,Y,50,,H
B,1KIQ_AB_C,naive,2,A,T,53,,I
B,1KIQ_AB_C,naive,2,A,W,92,,Y
B,1KIQ_AB_C,naive,2,A,S,93,,Q
B,1KIQ_AB_C,naive,2,B,T,30,,K
B,1KIQ_AB_C,naive,2,B,G,31,,D
B,1KIQ_AB_C,naive,2,B,R,99,,K
B,1KIQ_AB_C,naive,2,B,D,100,,N
B,1KIQ_AB_C,naive,2,B,F,101,,G
B,1KIQ_AB_C,naive,2,B,R,102,,S
B,1KIQ_AB_C,naive,2,C,N,19,,W
B,1KIQ_AB_C,naive,2,C,S,24,,P
B,1KIQ_AB_C,naive,2,C,N,27,,S
B,1KIQ_AB_C,naive,2,C,G,102,,S
B,1KIQ_AB_C,naive,2,C,V,120,,A
B,1KIQ_AB_C,naive,2,C,Q,121,,E
B,1KIQ_AB_C,naive,2,C,I,124,,V
B,1KIQ_AB_C,naive,2,C,R,125,,Y
B,1KIQ_AB_C,random,0,A,Y,32,,A
B,1KIQ_AB_C,random,0,A,Y,49,,F
B,1KIQ_AB_C,random,0,A,Y,50,,D
B,1KIQ_AB_C,random,0,A,T,53,,G
B,1KIQ_AB_C,random,0,A,W,92,,L
B,1KIQ_AB_C,random,0,A,S,93,,G
B,1KIQ_AB_C,random,0,B,T,30,,N
B,1KIQ_AB_C,random,0,B,G,31,,A
B,1KIQ_AB_C,random,0,B,Y,32,,F
B,1KIQ_AB_C,random,0,B,D,54,,N
B,1KIQ_AB_C,random,0,B,R,99,,Q
B,1KIQ_AB_C,random,0,B,D,100,,I
B,1KIQ_AB_C,random,0,B,F,101,,G
B,1KIQ_AB_C,random,0,B,R,102,,A
B,1KIQ_AB_C,random,0,C,N,19,,Y
B,1KIQ_AB_C,random,0,C,G,22,,Y
B,1KIQ_AB_C,random,0,C,S,24,,R
B,1KIQ_AB_C,random,0,C,N,27,,H
B,1KIQ_AB_C,random,0,C,G,102,,P
B,1KIQ_AB_C,random,0,C,K,116,,N
B,1KIQ_AB_C,random,0,C,T,118,,R
B,1KIQ_AB_C,random,0,C,D,119,,V
B,1KIQ_AB_C,random,0,C,V,120,,A
B,1KIQ_AB_C,random,0,C,I,124,,V
B,1KIQ_AB_C,random,0,C,R,125,,T
B,1KIQ_AB_C,random,1,A,Y,32,,K
B,1KIQ_AB_C,random,1,A,Y,49,,F
B,1KIQ_AB_C,random,1,A,Y,50,,D
B,1KIQ_AB_C,random,1,A,T,53,,L
B,1KIQ_AB_C,random,1,A,W,92,,Y
B,1KIQ_AB_C,random,1,A,S,93,,W
B,1KIQ_AB_C,random,1,B,T,30,,H
B,1KIQ_AB_C,random,1,B,G,31,,D
B,1KIQ_AB_C,random,1,B,Y,32,,T
B,1KIQ_AB_C,random,1,B,D,54,,N
B,1KIQ_AB_C,random,1,B,D,100,,E
B,1KIQ_AB_C,random,1,B,R,102,,S
B,1KIQ_AB_C,random,1,C,D,18,,S
B,1KIQ_AB_C,random,1,C,N,19,,Y
B,1KIQ_AB_C,random,1,C,G,22,,N
B,1KIQ_AB_C,random,1,C,S,24,,P
B,1KIQ_AB_C,random,1,C,N,27,,H
B,1KIQ_AB_C,random,1,C,G,102,,Q
B,1KIQ_AB_C,random,1,C,T,118,,R
B,1KIQ_AB_C,random,1,C,D,119,,A
B,1KIQ_AB_C,random,1,C,I,124,,V
B,1KIQ_AB_C,random,1,C,R,125,,I
B,1KIQ_AB_C,random,2,A,Y,32,,Q
B,1KIQ_AB_C,random,2,A,Y,49,,W
B,1KIQ_AB_C,random,2,A,Y,50,,D
B,1KIQ_AB_C,random,2,A,T,53,,I
B,1KIQ_AB_C,random,2,A,W,92,,F
B,1KIQ_AB_C,random,2,A,S,93,,W
B,1KIQ_AB_C,random,2,B,T,30,,K
B,1KIQ_AB_C,random,2,B,G,31,,N
B,1KIQ_AB_C,random,2,B,W,52,,L
B,1KIQ_AB_C,random,2,B,D,54,,N
B,1KIQ_AB_C,random,2,B,R,99,,E
B,1KIQ_AB_C,random,2,B,D,100,,T
B,1KIQ_AB_C,random,2,C,D,18,,Q
B,1KIQ_AB_C,random,2,C,N,19,,Y
B,1KIQ_AB_C,random,2,C,S,24,,P
B,1KIQ_AB_C,random,2,C,G,102,,S
B,1KIQ_AB_C,random,2,C,K,116,,N
B,1KIQ_AB_C,random,2,C,T,118,,I
B,1KIQ_AB_C,random,2,C,D,119,,Y
B,1KIQ_AB_C,random,2,C,V,120,,S
B,1KIQ_AB_C,random,2,C,Q,121,,N
B,1KIQ_AB_C,random,2,C,I,124,,V
B,1KIQ_AB_C,random,2,C,R,125,,K
B,1LFD_A_B,L,0,A,I,5,,V
B,1LFD_A_B,L,0,A,N,14,,D
B,1LFD_A_B,L,0,A,N,16,,W
B,1LFD_A_B,L,0,A,M,17,,L
B,1LFD_A_B,L,0,A,Y,18,,F
B,1LFD_A_B,L,0,A,K,19,,R
B,1LFD_A_B,L,0,A,S,20,,G
B,1LFD_A_B,L,0,A,L,22,,I
B,1LFD_A_B,L,0,A,D,38,,R
B,1LFD_A_B,L,0,A,K,39,,H
B,1LFD_A_B,L,0,A,N,41,,R
B,1LFD_A_B,L,0,B,I,24,,V
B,1LFD_A_B,L,0,B,K,31,,L
B,1LFD_A_B,L,0,B,E,37,,N
B,1LFD_A_B,L,0,B,S,39,,K
B,1LFD_A_B,L,0,B,R,41,,Q
B,1LFD_A_B,L,0,B,Y,64,,W
B,1LFD_A_B,L,0,B,M,67,,R
B,1LFD_A_B,L,1,A,N,14,,D
B,1LFD_A_B,L,1,A,N,16,,Y
B,1LFD_A_B,L,1,A,M,17,,L
B,1LFD_A_B,L,1,A,Y,18,,W
B,1LFD_A_B,L,1,A,K,19,,R
B,1LFD_A_B,L,1,A,L,22,,V
B,1LFD_A_B,L,1,A,D,38,,R
B,1LFD_A_B,L,1,A,K,39,,R
B,1LFD_A_B,L,1,A,N,41,,E
B,1LFD_A_B,L,1,B,K,31,,R
B,1LFD_A_B,L,1,B,E,37,,H
B,1LFD_A_B,L,1,B,S,39,,Q
B,1LFD_A_B,L,1,B,M,67,,W
B,1LFD_A_B,L,2,A,N,14,,D
B,1LFD_A_B,L,2,A,N,16,,Y
B,1LFD_A_B,L,2,A,M,17,,V
B,1LFD_A_B,L,2,A,K,19,,R
B,1LFD_A_B,L,2,A,S,20,,G
B,1LFD_A_B,L,2,A,L,22,,V
B,1LFD_A_B,L,2,A,D,38,,Y
B,1LFD_A_B,L,2,A,N,41,,K
B,1LFD_A_B,L,2,B,I,24,,V
B,1LFD_A_B,L,2,B,K,31,,W
B,1LFD_A_B,L,2,B,E,37,,M
B,1LFD_A_B,L,2,B,S,39,,L
B,1LFD_A_B,L,2,B,Y,40,,W
B,1LFD_A_B,L,2,B,R,41,,E
B,1LFD_A_B,L,2,B,M,67,,F
B,1LFD_A_B,naive,0,A,N,14,,D
B,1LFD_A_B,naive,0,A,N,16,,V
B,1LFD_A_B,naive,0,A,M,17,,L
B,1LFD_A_B,naive,0,A,K,19,,R
B,1LFD_A_B,naive,0,A,S,20,,E
B,1LFD_A_B,naive,0,A,L,22,,E
B,1LFD_A_B,naive,0,A,D,38,,K
B,1LFD_A_B,naive,0,A,K,39,,A
B,1LFD_A_B,naive,0,A,N,41,,G
B,1LFD_A_B,naive,0,B,I,24,,V
B,1LFD_A_B,naive,0,B,E,37,,L
B,1LFD_A_B,naive,0,B,S,39,,K
B,1LFD_A_B,naive,0,B,Y,40,,F
B,1LFD_A_B,naive,0,B,R,41,,Q
B,1LFD_A_B,naive,0,B,M,67,,L
B,1LFD_A_B,naive,1,A,N,14,,D
B,1LFD_A_B,naive,1,A,N,16,,V
B,1LFD_A_B,naive,1,A,M,17,,L
B,1LFD_A_B,naive,1,A,K,19,,R
B,1LFD_A_B,naive,1,A,L,22,,T
B,1LFD_A_B,naive,1,A,D,38,,K
B,1LFD_A_B,naive,1,A,N,41,,E
B,1LFD_A_B,naive,1,B,I,24,,V
B,1LFD_A_B,naive,1,B,E,37,,L
B,1LFD_A_B,naive,1,B,S,39,,K
B,1LFD_A_B,naive,1,B,R,41,,K
B,1LFD_A_B,naive,1,B,Y,64,,W
B,1LFD_A_B,naive,1,B,M,67,,L
B,1LFD_A_B,naive,2,A,N,14,,D
B,1LFD_A_B,naive,2,A,N,16,,T
B,1LFD_A_B,naive,2,A,M,17,,E
B,1LFD_A_B,naive,2,A,K,19,,R
B,1LFD_A_B,naive,2,A,S,20,,E
B,1LFD_A_B,naive,2,A,L,22,,I
B,1LFD_A_B,naive,2,A,K,39,,R
B,1LFD_A_B,naive,2,A,N,41,,R
B,1LFD_A_B,naive,2,B,K,31,,R
B,1LFD_A_B,naive,2,B,E,37,,L
B,1LFD_A_B,naive,2,B,S,39,,K
B,1LFD_A_B,naive,2,B,R,41,,K
B,1LFD_A_B,naive,2,B,M,67,,K
B,1LFD_A_B,random,0,A,I,5,,V
B,1LFD_A_B,random,0,A,N,14,,W
B,1LFD_A_B,random,0,A,N,16,,L
B,1LFD_A_B,random,0,A,M,17,,R
B,1LFD_A_B,random,0,A,Y,18,,F
B,1LFD_A_B,random,0,A,L,22,,I
B,1LFD_A_B,random,0,A,D,38,,K
B,1LFD_A_B,random,0,A,K,39,,V
B,1LFD_A_B,random,0,A,N,41,,P
B,1LFD_A_B,random,0,B,Q,25,,V
B,1LFD_A_B,random,0,B,D,33,,E
B,1LFD_A_B,random,0,B,E,37,,N
B,1LFD_A_B,random,0,B,D,38,,W
B,1LFD_A_B,random,0,B,R,41,,Y
B,1LFD_A_B,random,0,B,Y,64,,W
B,1LFD_A_B,random,0,B,M,67,,Q
B,1LFD_A_B,random,1,A,I,5,,F
B,1LFD_A_B,random,1,A,N,14,,E
B,1LFD_A_B,random,1,A,N,16,,L
B,1LFD_A_B,random,1,A,M,17,,L
B,1LFD_A_B,random,1,A,Y,18,,W
B,1LFD_A_B,random,1,A,L,22,,V
B,1LFD_A_B,random,1,A,D,38,,N
B,1LFD_A_B,random,1,A,K,39,,R
B,1LFD_A_B,random,1,A,N,41,,E
B,1LFD_A_B,random,1,B,Q,25,,V
B,1LFD_A_B,random,1,B,K,31,,G
B,1LFD_A_B,random,1,B,I,36,,P
B,1LFD_A_B,random,1,B,E,37,,H
B,1LFD_A_B,random,1,B,D,38,,V
B,1LFD_A_B,random,1,B,S,39,,Q
B,1LFD_A_B,random,1,B,R,41,,E
B,1LFD_A_B,random,1,B,M,67,,F
B,1LFD_A_B,random,2,A,I,5,,E
B,1LFD_A_B,random,2,A,N,14,,D
B,1LFD_A_B,random,2,A,N,16,,T
B,1LFD_A_B,random,2,A,M,17,,K
B,1LFD_A_B,random,2,A,L,22,,Y
B,1LFD_A_B,random,2,A,D,38,,K
B,1LFD_A_B,random,2,A,K,39,,A
B,1LFD_A_B,random,2,A,N,41,,G
B,1LFD_A_B,random,2,B,I,24,,K
B,1LFD_A_B,random,2,B,Q,25,,V
B,1LFD_A_B,random,2,B,D,33,,H
B,1LFD_A_B,random,2,B,I,36,,P
B,1LFD_A_B,random,2,B,E,37,,M
B,1LFD_A_B,random,2,B,D,38,,S
B,1LFD_A_B,random,2,B,S,39,,L
B,1LFD_A_B,random,2,B,R,41,,E
B,1LFD_A_B,random,2,B,Y,64,,F
B,1LFD_A_B,random,2,B,M,67,,F
B,1P69_A_B,L,0,A,D,13,,Q
B,1P69_A_B,L,0,A,S,15,,Y
B,1P69_A_B,L,0,A,K,27,,V
B,1P69_A_B,L,0,A,K,49,,R
B,1P69_A_B,L,0,A,L,53,,T
B,1P69_A_B,L,0,A,Q,85,,Y
B,1P69_A_B,L,0,A,S,87,,N
B,1P69_A_B,L,0,A,Q,92,,C
B,1P69_A_B,L,0,A,Q,94,,V
B,1P69_A_B,L,0,A,V,96,,I
B,1P69_A_B,L,0,A,T,98,,N
B,1P69_A_B,L,0,B,Q,30,,T
B,1P69_A_B,L,0,B,D,34,,W
B,1P69_A_B,L,0,B,E,36,,Q
B,1P69_A_B,L,0,B,V,50,,F
B,1P69_A_B,L,0,B,S,55,,F
B,1P69_A_B,L,0,B,G,56,,D
B,1P69_A_B,L,0,B,D,61,,T
B,1P69_A_B,L,0,B,D,62,,A
B,1P69_A_B,L,0,B,K,101,,E
B,1P69_A_B,L,0,B,K,103,,R
B,1P69_A_B,L,0,B,A,105,,N
B,1P69_A_B,L,0,B,V,108,,K
B,1P69_A_B,L,1,A,D,13,,F
B,1P69_A_B,L,1,A,S,15,,P
B,1P69_A_B,L,1,A,E,23,,V
B,1P69_A_B,L,1,A,K,27,,A
B,1P69_A_B,L,1,A,K,49,,R
B,1P69_A_B,L,1,A,L,53,,T
B,1P69_A_B,L,1,A,Q,85,,F
B,1P69_A_B,L,1,A,Q,92,,W
B,1P69_A_B,L,1,A,Q,94,,N
B,1P69_A_B,L,1,A,T,98,,N
B,1P69_A_B,L,1,B,Q,30,,T
B,1P69_A_B,L,1,B,D,34,,H
B,1P69_A_B,L,1,B,V,50,,F
B,1P69_A_B,L,1,B,S,55,,A
B,1P69_A_B,L,1,B,G,56,,D
B,1P69_A_B,L,1,B,D,61,,G
B,1P69_A_B,L,1,B,D,62,,N
B,1P69_A_B,L,1,B,K,103,,R
B,1P69_A_B,L,1,B,A,105,,N
B,1P69_A_B,L,1,B,V,108,,I
B,1P69_A_B,L,2,A,D,13,,K
B,1P69_A_B,L,2,A,S,15,,F
B,1P69_A_B,L,2,A,K,27,,V
B,1P69_A_B,L,2,A,K,49,,R
B,1P69_A_B,L,2,A,L,53,,V
B,1P69_A_B,L,2,A,Q,85,,F
B,1P69_A_B,L,2,A,S,87,,M
B,1P69_A_B,L,2,A,Q,92,,C
B,1P69_A_B,L,2,A,Q,94,,P
B,1P69_A_B,L,2,A,T,98,,N
B,1P69_A_B,L,2,B,Q,30,,T
B,1P69_A_B,L,2,B,P,32,,H
B,1P69_A_B,L,2,B,D,34,,V
B,1P69_A_B,L,2,B,V,50,,P
B,1P69_A_B,L,2,B,S,55,,A
B,1P69_A_B,L,2,B,G,56,,D
B,1P69_A_B,L,2,B,D,61,,G
B,1P69_A_B,L,2,B,D,62,,N
B,1P69_A_B,L,2,B,K,101,,V
B,1P69_A_B,L,2,B,K,103,,R
B,1P69_A_B,L,2,B,A,105,,Q
B,1P69_A_B,L,2,B,V,108,,I
B,1P69_A_B,naive,0,A,D,13,,A
B,1P69_A_B,naive,0,A,S,15,,P
B,1P69_A_B,naive,0,A,E,23,,D
B,1P69_A_B,naive,0,A,K,27,,I
B,1P69_A_B,naive,0,A,K,49,,R
B,1P69_A_B,naive,0,A,L,53,,T
B,1P69_A_B,naive,0,A,Q,85,,T
B,1P69_A_B,naive,0,A,S,87,,P
B,1P69_A_B,naive,0,A,Q,94,,D
B,1P69_A_B,naive,0,A,T,98,,N
B,1P69_A_B,naive,0,B,Q,30,,T
B,1P69_A_B,naive,0,B,D,34,,I
B,1P69_A_B,naive,0,B,V,50,,P
B,1P69_A_B,naive,0,B,G,56,,D
B,1P69_A_B,naive,0,B,D,61,,T
B,1P69_A_B,naive,0,B,D,62,,N
B,1P69_A_B,naive,0,B,K,101,,R
B,1P69_A_B,naive,0,B,K,103,,R
B,1P69_A_B,naive,0,B,A,105,,D
B,1P69_A_B,naive,0,B,V,108,,E
B,1P69_A_B,naive,1,A,D,13,,K
B,1P69_A_B,naive,1,A,S,15,,P
B,1P69_A_B,naive,1,A,E,23,,P
B,1P69_A_B,naive,1,A,K,27,,I
B,1P69_A_B,naive,1,A,K,49,,R
B,1P69_A_B,naive,1,A,L,53,,T
B,1P69_A_B,naive,1,A,Q,85,,S
B,1P69_A_B,naive,1,A,S,87,,P
B,1P69_A_B,naive,1,A,Q,92,,E
B,1P69_A_B,naive,1,A,Q,94,,N
B,1P69_A_B,naive,1,A,T,98,,N
B,1P69_A_B,naive,1,B,Q,30,,T
B,1P69_A_B,naive,1,B,D,34,,H
B,1P69_A_B,naive,1,B,V,50,,P
B,1P69_A_B,naive,1,B,S,55,,A
B,1P69_A_B,naive,1,B,G,56,,D
B,1P69_A_B,naive,1,B,D,61,,F
B,1P69_A_B,naive,1,B,K,101,,V
B,1P69_A_B,naive,1,B,K,103,,R
B,1P69_A_B,naive,1,B,V,108,,I
B,1P69_A_B,naive,2,A,D,13,,T
B,1P69_A_B,naive,2,A,S,15,,P
B,1P69_A_B,naive,2,A,E,23,,A
B,1P69_A_B,naive,2,A,K,27,,V
B,1P69_A_B,naive,2,A,K,49,,R
B,1P69_A_B,naive,2,A,L,53,,T
B,1P69_A_B,naive,2,A,Q,85,,Y
B,1P69_A_B,naive,2,A,S,87,,P
B,1P69_A_B,naive,2,A,Q,94,,G
B,1P69_A_B,naive,2,A,T,98,,N
B,1P69_A_B,naive,2,B,Q,30,,T
B,1P69_A_B,naive,2,B,D,34,,V
B,1P69_A_B,naive,2,B,E,36,,L
B,1P69_A_B,naive,2,B,V,50,,P
B,1P69_A_B,naive,2,B,S,55,,A
B,1P69_A_B,naive,2,B,G,56,,D
B,1P69_A_B,naive,2,B,D,61,,T
B,1P69_A_B,naive,2,B,K,101,,I
B,1P69_A_B,naive,2,B,K,103,,Q
B,1P69_A_B,naive,2,B,A,105,,Q
B,1P69_A_B,naive,2,B,V,108,,I
B,1P69_A_B,random,0,A,D,13,,Q
B,1P69_A_B,random,0,A,L,24,,M
B,1P69_A_B,random,0,A,K,27,,V
B,1P69_A_B,random,0,A,K,49,,R
B,1P69_A_B,random,0,A,L,53,,T
B,1P69_A_B,random,0,A,Q,85,,C
B,1P69_A_B,random,0,A,S,87,,C
B,1P69_A_B,random,0,A,Q,92,,F
B,1P69_A_B,random,0,A,Q,94,,D
B,1P69_A_B,random,0,A,V,96,,C
B,1P69_A_B,random,0,B,Q,30,,T
B,1P69_A_B,random,0,B,P,32,,Q
B,1P69_A_B,random,0,B,D,34,,C
B,1P69_A_B,random,0,B,E,36,,Q
B,1P69_A_B,random,0,B,L,53,,S
B,1P69_A_B,random,0,B,S,55,,T
B,1P69_A_B,random,0,B,G,56,,A
B,1P69_A_B,random,0,B,Y,60,,P
B,1P69_A_B,random,0,B,D,61,,T
B,1P69_A_B,random,0,B,D,62,,A
B,1P69_A_B,random,0,B,K,101,,E
B,1P69_A_B,random,0,B,K,103,,T
B,1P69_A_B,random,0,B,A,105,,Q
B,1P69_A_B,random,0,B,V,108,,K
B,1P69_A_B,random,1,A,S,15,,P
B,1P69_A_B,random,1,A,E,23,,P
B,1P69_A_B,random,1,A,K,27,,A
B,1P69_A_B,random,1,A,K,49,,R
B,1P69_A_B,random,1,A,L,53,,I
B,1P69_A_B,random,1,A,Q,85,,W
B,1P69_A_B,random,1,A,S,87,,A
B,1P69_A_B,random,1,A,Q,92,,D
B,1P69_A_B,random,1,A,Q,94,,D
B,1P69_A_B,random,1,B,Q,30,,T
B,1P69_A_B,random,1,B,D,34,,F
B,1P69_A_B,random,1,B,E,36,,Q
B,1P69_A_B,random,1,B,V,50,,M
B,1P69_A_B,random,1,B,L,53,,T
B,1P69_A_B,random,1,B,S,55,,A
B,1P69_A_B,random,1,B,G,56,,N
B,1P69_A_B,random,1,B,Y,60,,L
B,1P69_A_B,random,1,B,D,61,,Y
B,1P69_A_B,random,1,B,D,62,,N
B,1P69_A_B,random,1,B,K,103,,T
B,1P69_A_B,random,1,B,A,105,,Q
B,1P69_A_B,random,1,B,V,108,,L
B,1P69_A_B,random,2,A,D,13,,K
B,1P69_A_B,random,2,A,S,15,,A
B,1P69_A_B,random,2,A,P,16,,A
B,1P69_A_B,random,2,A,K,27,,V
B,1P69_A_B,random,2,A,K,49,,R
B,1P69_A_B,random,2,A,L,53,,I
B,1P69_A_B,random,2,A,Q,85,,K
B,1P69_A_B,random,2,A,S,87,,G
B,1P69_A_B,random,2,A,Q,92,,D
B,1P69_A_B,random,2,A,Q,94,,L
B,1P69_A_B,random,2,B,Q,30,,L
B,1P69_A_B,random,2,B,P,32,,N
B,1P69_A_B,random,2,B,D,34,,Q
B,1P69_A_B,random,2,B,E,36,,R
B,1P69_A_B,random,2,B,V,50,,D
B,1P69_A_B,random,2,B,L,53,,S
B,1P69_A_B,random,2,B,S,55,,T
B,1P69_A_B,random,2,B,G,56,,S
B,1P69_A_B,random,2,B,Y,60,,C
B,1P69_A_B,random,2,B,D,61,,G
B,1P69_A_B,random,2,B,D,62,,N
B,1P69_A_B,random,2,B,K,101,,Y
B,1P69_A_B,random,2,B,K,103,,S
B,1P69_A_B,random,2,B,A,105,,Q
B,1P69_A_B,random,2,B,V,108,,L
B,1R0R_E_I,L,0,E,H,63,,N
B,1R0R_E_I,L,0,E,N,96,,D
B,1R0R_E_I,L,0,E,S,98,,R
B,1R0R_E_I,L,0,E,S,102,,T
B,1R0R_E_I,L,0,E,Y,103,,V
B,1R0R_E_I,L,0,E,G,126,,Y
B,1R0R_E_I,L,0,E,G,127,,C
B,1R0R_E_I,L,0,E,F,188,,T
B,1R0R_E_I,L,0,E,Y,208,,H
B,1R0R_E_I,L,0,E,N,217,,H
B,1R0R_E_I,L,0,E,S,220,,G
B,1R0R_E_I,L,0,I,E,5,,Q
B,1R0R_E_I,L,0,I,Y,6,,T
B,1R0R_E_I,L,0,I,K,8,,R
B,1R0R_E_I,L,0,I,A,10,,V
B,1R0R_E_I,L,0,I,C,11,,I
B,1R0R_E_I,L,0,I,T,12,,V
B,1R0R_E_I,L,0,I,L,13,,A
B,1R0R_E_I,L,0,I,E,14,,V
B,1R0R_E_I,L,0,I,R,16,,A
B,1R0R_E_I,L,0,I,G,27,,E
B,1R0R_E_I,L,0,I,C,30,,G
B,1R0R_E_I,L,1,E,H,63,,W
B,1R0R_E_I,L,1,E,N,96,,D
B,1R0R_E_I,L,1,E,S,98,,N
B,1R0R_E_I,L,1,E,S,102,,K
B,1R0R_E_I,L,1,E,F,188,,E
B,1R0R_E_I,L,1,E,Y,208,,H
B,1R0R_E_I,L,1,E,L,216,,M
B,1R0R_E_I,L,1,E,S,220,,G
B,1R0R_E_I,L,1,I,E,5,,A
B,1R0R_E_I,L,1,I,Y,6,,H
B,1R0R_E_I,L,1,I,A,10,,I
B,1R0R_E_I,L,1,I,C,11,,G
B,1R0R_E_I,L,1,I,T,12,,N
B,1R0R_E_I,L,1,I,L,13,,A
B,1R0R_E_I,L,1,I,E,14,,I
B,1R0R_E_I,L,1,I,R,16,,A
B,1R0R_E_I,L,1,I,G,27,,S
B,1R0R_E_I,L,1,I,C,30,,G
B,1R0R_E_I,L,2,E,H,63,,N
B,1R0R_E_I,L,2,E,N,96,,D
B,1R0R_E_I,L,2,E,S,98,,L
B,1R0R_E_I,L,2,E,S,100,,A
B,1R0R_E_I,L,2,E,S,102,,Y
B,1R0R_E_I,L,2,E,Y,103,,N
B,1R0R_E_I,L,2,E,L,125,,A
B,1R0R_E_I,L,2,E,G,126,,Y
B,1R0R_E_I,L,2,E,F,188,,S
B,1R0R_E_I,L,2,E,Y,208,,M
B,1R0R_E_I,L,2,E,L,216,,R
B,1R0R_E_I,L,2,E,N,217,,D
B,1R0R_E_I,L,2,E,S,220,,G
B,1R0R_E_I,L,2,I,E,5,,H
B,1R0R_E_I,L,2,I,Y,6,,F
B,1R0R_E_I,L,2,I,A,10,,V
B,1R0R_E_I,L,2,I,C,11,,I
B,1R0R_E_I,L,2,I,T,12,,H
B,1R0R_E_I,L,2,I,L,13,,A
B,1R0R_E_I,L,2,I,E,14,,Q
B,1R0R_E_I,L,2,I,R,16,,T
B,1R0R_E_I,L,2,I,G,27,,Q
B,1R0R_E_I,L,2,I,C,30,,G
B,1R0R_E_I,naive,0,E,S,98,,R
B,1R0R_E_I,naive,0,E,S,102,,T
B,1R0R_E_I,naive,0,E,L,125,,A
B,1R0R_E_I,naive,0,E,G,126,,A
B,1R0R_E_I,naive,0,E,G,127,,C
B,1R0R_E_I,naive,0,E,F,188,,W
B,1R0R_E_I,naive,0,E,N,217,,S
B,1R0R_E_I,naive,0,E,S,220,,A
B,1R0R_E_I,naive,0,I,E,5,,D
B,1R0R_E_I,naive,0,I,A,10,,I
B,1R0R_E_I,naive,0,I,T,12,,N
B,1R0R_E_I,naive,0,I,L,13,,A
B,1R0R_E_I,naive,0,I,E,14,,I
B,1R0R_E_I,naive,0,I,R,16,,A
B,1R0R_E_I,naive,0,I,G,27,,Q
B,1R0R_E_I,naive,0,I,C,30,,G
B,1R0R_E_I,naive,1,E,N,96,,D
B,1R0R_E_I,naive,1,E,S,98,,N
B,1R0R_E_I,naive,1,E,S,102,,L
B,1R0R_E_I,naive,1,E,Y,103,,E
B,1R0R_E_I,naive,1,E,L,125,,A
B,1R0R_E_I,naive,1,E,G,127,,S
B,1R0R_E_I,naive,1,E,F,188,,E
B,1R0R_E_I,naive,1,E,Y,208,,F
B,1R0R_E_I,naive,1,E,N,217,,T
B,1R0R_E_I,naive,1,E,S,220,,A
B,1R0R_E_I,naive,1,I,E,5,,N
B,1R0R_E_I,naive,1,I,A,10,,V
B,1R0R_E_I,naive,1,I,T,12,,N
B,1R0R_E_I,naive,1,I,L,13,,A
B,1R0R_E_I,naive,1,I,R,16,,L
B,1R0R_E_I,naive,1,I,G,27,,Q
B,1R0R_E_I,naive,1,I,C,30,,G
B,1R0R_E_I,naive,2,E,N,96,,D
B,1R0R_E_I,naive,2,E,S,98,,N
B,1R0R_E_I,naive,2,E,S,100,,T
B,1R0R_E_I,naive,2,E,S,102,,T
B,1R0R_E_I,naive,2,E,L,125,,A
B,1R0R_E_I,naive,2,E,G,126,,Y
B,1R0R_E_I,naive,2,E,G,127,,S
B,1R0R_E_I,naive,2,E,F,188,,A
B,1R0R_E_I,naive,2,E,N,217,,S
B,1R0R_E_I,naive,2,I,E,5,,N
B,1R0R_E_I,naive,2,I,A,10,,V
B,1R0R_E_I,naive,2,I,T,12,,D
B,1R0R_E_I,naive,2,I,L,13,,A
B,1R0R_E_I,naive,2,I,E,14,,I
B,1R0R_E_I,naive,2,I,R,16,,S
B,1R0R_E_I,naive,2,I,G,27,,Q
B,1R0R_E_I,naive,2,I,C,30,,G
B,1R0R_E_I,random,0,E,H,63,,N
B,1R0R_E_I,random,0,E,L,95,,I
B,1R0R_E_I,random,0,E,N,96,,D
B,1R0R_E_I,random,0,E,S,98,,N
B,1R0R_E_I,random,0,E,S,100,,A
B,1R0R_E_I,random,0,E,S,102,,N
B,1R0R_E_I,random,0,E,Y,103,,A
B,1R0R_E_I,random,0,E,L,125,,R
B,1R0R_E_I,random,0,E,G,126,,Y
B,1R0R_E_I,random,0,E,N,154,,M
B,1R0R_E_I,random,0,E,F,188,,T
B,1R0R_E_I,random,0,E,Y,208,,H
B,1R0R_E_I,random,0,E,L,216,,Y
B,1R0R_E_I,random,0,E,N,217,,T
B,1R0R_E_I,random,0,E,S,220,,N
B,1R0R_E_I,random,0,I,E,5,,N
B,1R0R_E_I,random,0,I,Y,6,,W
B,1R0R_E_I,random,0,I,K,8,,F
B,1R0R_E_I,random,0,I,P,9,,T
B,1R0R_E_I,random,0,I,A,10,,Y
B,1R0R_E_I,random,0,I,C,11,,T
B,1R0R_E_I,random,0,I,T,12,,G
B,1R0R_E_I,random,0,I,L,13,,S
B,1R0R_E_I,random,0,I,E,14,,V
B,1R0R_E_I,random,0,I,Y,15,,G
B,1R0R_E_I,random,0,I,R,16,,A
B,1R0R_E_I,random,0,I,G,27,,Y
B,1R0R_E_I,random,0,I,C,30,,K
B,1R0R_E_I,random,1,E,H,63,,V
B,1R0R_E_I,random,1,E,L,95,,N
B,1R0R_E_I,random,1,E,N,96,,D
B,1R0R_E_I,random,1,E,S,98,,N
B,1R0R_E_I,random,1,E,S,100,,A
B,1R0R_E_I,random,1,E,S,102,,K
B,1R0R_E_I,random,1,E,Y,103,,A
B,1R0R_E_I,random,1,E,L,125,,R
B,1R0R_E_I,random,1,E,G,127,,L
B,1R0R_E_I,random,1,E,N,154,,M
B,1R0R_E_I,random,1,E,F,188,,Q
B,1R0R_E_I,random,1,E,Y,208,,H
B,1R0R_E_I,random,1,E,L,216,,R
B,1R0R_E_I,random,1,E,N,217,,T
B,1R0R_E_I,random,1,E,S,220,,A
B,1R0R_E_I,random,1,I,E,5,,A
B,1R0R_E_I,random,1,I,Y,6,,H
B,1R0R_E_I,random,1,I,K,8,,L
B,1R0R_E_I,random,1,I,P,9,,T
B,1R0R_E_I,random,1,I,A,10,,Y
B,1R0R_E_I,random,1,I,T,12,,D
B,1R0R_E_I,random,1,I,L,13,,E
B,1R0R_E_I,random,1,I,E,14,,I
B,1R0R_E_I,random,1,I,R,16,,A
B,1R0R_E_I,random,1,I,G,27,,Q
B,1R0R_E_I,random,1,I,C,30,,Y
B,1R0R_E_I,random,2,E,H,63,,S
B,1R0R_E_I,random,2,E,L,95,,M
B,1R0R_E_I,random,2,E,N,96,,D
B,1R0R_E_I,random,2,E,S,98,,N
B,1R0R_E_I,random,2,E,G,99,,D
B,1R0R_E_I,random,2,E,S,100,,A
B,1R0R_E_I,random,2,E,Y,103,,R
B,1R0R_E_I,random,2,E,L,125,,S
B,1R0R_E_I,random,2,E,G,126,,Y
B,1R0R_E_I,random,2,E,F,188,,S
B,1R0R_E_I,random,2,E,Y,208,,M
B,1R0R_E_I,random,2,E,L,216,,R
B,1R0R_E_I,random,2,E,N,217,,S
B,1R0R_E_I,random,2,E,S,220,,R
B,1R0R_E_I,random,2,I,E,5,,R
B,1R0R_E_I,random,2,I,Y,6,,A
B,1R0R_E_I,random,2,I,K,8,,W
B,1R0R_E_I,random,2,I,P,9,,T
B,1R0R_E_I,random,2,I,A,10,,Y
B,1R0R_E_I,random,2,I,T,12,,G
B,1R0R_E_I,random,2,I,L,13,,E
B,1R0R_E_I,random,2,I,E,14,,Q
B,1R0R_E_I,random,2,I,Y,15,,I
B,1R0R_E_I,random,2,I,R,16,,T
B,1R0R_E_I,random,2,I,G,27,,Q
B,1R0R_E_I,random,2,I,C,30,,K
B,1S0W_A_C,L,0,A,Q,74,,F
B,1S0W_A_C,L,0,A,E,79,,P
B,1S0W_A_C,L,0,A,Y,80,,D
B,1S0W_A_C,L,0,A,S,81,,H
B,1S0W_A_C,L,0,A,P,82,,A
B,1S0W_A_C,L,0,A,E,85,,L
B,1S0W_A_C,L,0,A,K,86,,N
B,1S0W_A_C,L,0,A,H,87,,R
B,1S0W_A_C,L,0,A,T,89,,W
B,1S0W_A_C,L,0,A,M,104,,Y
B,1S0W_A_C,L,0,A,E,143,,A
B,1S0W_A_C,L,0,A,K,190,,Q
B,1S0W_A_C,L,0,A,V,191,,H
B,1S0W_A_C,L,0,A,A,212,,T
B,1S0W_A_C,L,0,A,E,214,,K
B,1S0W_A_C,L,0,A,R,218,,W
B,1S0W_A_C,L,0,A,M,245,,Q
B,1S0W_A_C,L,0,C,E,31,,T
B,1S0W_A_C,L,0,C,S,35,,P
B,1S0W_A_C,L,0,C,G,37,,N
B,1S0W_A_C,L,0,C,S,39,,N
B,1S0W_A_C,L,0,C,A,46,,Y
B,1S0W_A_C,L,0,C,G,48,,M
B,1S0W_A_C,L,0,C,D,49,,T
B,1S0W_A_C,L,0,C,Y,50,,W
B,1S0W_A_C,L,0,C,T,55,,L
B,1S0W_A_C,L,0,C,S,71,,M
B,1S0W_A_C,L,0,C,W,112,,T
B,1S0W_A_C,L,0,C,S,113,,Y
B,1S0W_A_C,L,0,C,Y,115,,R
B,1S0W_A_C,L,0,C,T,126,,E
B,1S0W_A_C,L,0,C,S,128,,L
B,1S0W_A_C,L,0,C,A,142,,L
B,1S0W_A_C,L,0,C,Y,143,,P
B,1S0W_A_C,L,0,C,H,148,,Y
B,1S0W_A_C,L,0,C,R,160,,H
B,1S0W_A_C,L,0,C,W,162,,Y
B,1S0W_A_C,L,0,C,D,163,,R
B,1S0W_A_C,L,1,A,Q,74,,F
B,1S0W_A_C,L,1,A,N,75,,A
B,1S0W_A_C,L,1,A,E,79,,P
B,1S0W_A_C,L,1,A,Y,80,,N
B,1S0W_A_C,L,1,A,S,81,,A
B,1S0W_A_C,L,1,A,P,82,,R
B,1S0W_A_C,L,1,A,E,85,,L
B,1S0W_A_C,L,1,A,K,86,,N
B,1S0W_A_C,L,1,A,T,89,,D
B,1S0W_A_C,L,1,A,M,104,,H
B,1S0W_A_C,L,1,A,E,143,,Q
B,1S0W_A_C,L,1,A,K,190,,A
B,1S0W_A_C,L,1,A,V,191,,H
B,1S0W_A_C,L,1,A,A,212,,I
B,1S0W_A_C,L,1,A,E,214,,N
B,1S0W_A_C,L,1,A,R,218,,Y
B,1S0W_A_C,L,1,A,M,245,,R
B,1S0W_A_C,L,1,C,E,31,,I
B,1S0W_A_C,L,1,C,S,35,,M
B,1S0W_A_C,L,1,C,G,37,,D
B,1S0W_A_C,L,1,C,S,39,,A
B,1S0W_A_C,L,1,C,A,46,,R
B,1S0W_A_C,L,1,C,G,48,,M
B,1S0W_A_C,L,1,C,D,49,,V
B,1S0W_A_C,L,1,C,Y,50,,T
B,1S0W_A_C,L,1,C,Y,53,,W
B,1S0W_A_C,L,1,C,T,55,,N
B,1S0W_A_C,L,1,C,S,71,,M
B,1S0W_A_C,L,1,C,W,112,,M
B,1S0W_A_C,L,1,C,S,113,,Y
B,1S0W_A_C,L,1,C,T,126,,V
B,1S0W_A_C,L,1,C,S,128,,I
B,1S0W_A_C,L,1,C,A,142,,F
B,1S0W_A_C,L,1,C,Y,143,,P
B,1S0W_A_C,L,1,C,R,144,,K
B,1S0W_A_C,L,1,C,H,148,,Y
B,1S0W_A_C,L,1,C,W,150,,A
B,1S0W_A_C,L,1,C,R,160,,K
B,1S0W_A_C,L,1,C,D,163,,E
B,1S0W_A_C,L,2,A,Q,74,,W
B,1S0W_A_C,L,2,A,N,75,,V
B,1S0W_A_C,L,2,A,L,77,,M
B,1S0W_A_C,L,2,A,E,79,,P
B,1S0W_A_C,L,2,A,Y,80,,H
B,1S0W_A_C,L,2,A,P,82,,M
B,1S0W_A_C,L,2,A,E,85,,L
B,1S0W_A_C,L,2,A,K,86,,N
B,1S0W_A_C,L,2,A,H,87,,R
B,1S0W_A_C,L,2,A,T,89,,D
B,1S0W_A_C,L,2,A,M,104,,Y
B,1S0W_A_C,L,2,A,S,105,,A
B,1S0W_A_C,L,2,A,K,190,,E
B,1S0W_A_C,L,2,A,A,212,,T
B,1S0W_A_C,L,2,A,E,214,,N
B,1S0W_A_C,L,2,A,R,218,,F
B,1S0W_A_C,L,2,A,M,245,,Q
B,1S0W_A_C,L,2,C,E,31,,T
B,1S0W_A_C,L,2,C,S,35,,L
B,1S0W_A_C,L,2,C,G,37,,H
B,1S0W_A_C,L,2,C,S,39,,N
B,1S0W_A_C,L,2,C,A,46,,R
B,1S0W_A_C,L,2,C,G,48,,M
B,1S0W_A_C,L,2,C,D,49,,V
B,1S0W_A_C,L,2,C,Y,50,,T
B,1S0W_A_C,L,2,C,Y,53,,W
B,1S0W_A_C,L,2,C,T,55,,N
B,1S0W_A_C,L,2,C,W,112,,Y
B,1S0W_A_C,L,2,C,S,113,,Y
B,1S0W_A_C,L,2,C,Y,115,,H
B,1S0W_A_C,L,2,C,T,126,,E
B,1S0W_A_C,L,2,C,S,128,,L
B,1S0W_A_C,L,2,C,A,142,,F
B,1S0W_A_C,L,2,C,Y,143,,P
B,1S0W_A_C,L,2,C,R,144,,N
B,1S0W_A_C,L,2,C,H,148,,Y
B,1S0W_A_C,L,2,C,R,160,,K
B,1S0W_A_C,L,2,C,W,162,,F
B,1S0W_A_C,L,2,C,D,163,,I
B,1S0W_A_C,naive,0,A,Q,74,,Y
B,1S0W_A_C,naive,0,A,N,75,,S
B,1S0W_A_C,naive,0,A,L,77,,I
B,1S0W_A_C,naive,0,A,E,79,,P
B,1S0W_A_C,naive,0,A,Y,80,,G
B,1S0W_A_C,naive,0,A,S,81,,A
B,1S0W_A_C,naive,0,A,E,85,,L
B,1S0W_A_C,naive,0,A,K,86,,A
B,1S0W_A_C,naive,0,A,T,89,,E
B,1S0W_A_C,naive,0,A,M,104,,F
B,1S0W_A_C,naive,0,A,K,190,,R
B,1S0W_A_C,naive,0,A,V,191,,N
B,1S0W_A_C,naive,0,A,A,212,,V
B,1S0W_A_C,naive,0,A,E,214,,H
B,1S0W_A_C,naive,0,A,R,218,,A
B,1S0W_A_C,naive,0,A,M,245,,Q
B,1S0W_A_C,naive,0,C,E,31,,T
B,1S0W_A_C,naive,0,C,S,35,,P
B,1S0W_A_C,naive,0,C,A,46,,P
B,1S0W_A_C,naive,0,C,D,49,,V
B,1S0W_A_C,naive,0,C,Y,50,,G
B,1S0W_A_C,naive,0,C,T,55,,V
B,1S0W_A_C,naive,0,C,S,71,,A
B,1S0W_A_C,naive,0,C,K,74,,W
B,1S0W_A_C,naive,0,C,W,112,,Y
B,1S0W_A_C,naive,0,C,S,113,,Y
B,1S0W_A_C,naive,0,C,Y,115,,S
B,1S0W_A_C,naive,0,C,T,126,,K
B,1S0W_A_C,naive,0,C,S,128,,L
B,1S0W_A_C,naive,0,C,A,142,,Y
B,1S0W_A_C,naive,0,C,Y,143,,P
B,1S0W_A_C,naive,0,C,R,144,,N
B,1S0W_A_C,naive,0,C,H,148,,Y
B,1S0W_A_C,naive,0,C,R,160,,K
B,1S0W_A_C,naive,0,C,W,162,,Y
B,1S0W_A_C,naive,0,C,D,163,,K
B,1S0W_A_C,naive,1,A,Q,74,,Y
B,1S0W_A_C,naive,1,A,N,75,,K
B,1S0W_A_C,naive,1,A,L,77,,I
B,1S0W_A_C,naive,1,A,E,79,,P
B,1S0W_A_C,naive,1,A,Y,80,,N
B,1S0W_A_C,naive,1,A,E,85,,L
B,1S0W_A_C,naive,1,A,K,86,,N
B,1S0W_A_C,naive,1,A,H,87,,R
B,1S0W_A_C,naive,1,A,T,89,,E
B,1S0W_A_C,naive,1,A,M,104,,Y
B,1S0W_A_C,naive,1,A,E,143,,A
B,1S0W_A_C,naive,1,A,K,190,,M
B,1S0W_A_C,naive,1,A,V,191,,I
B,1S0W_A_C,naive,1,A,A,212,,T
B,1S0W_A_C,naive,1,A,E,214,,N
B,1S0W_A_C,naive,1,A,R,218,,I
B,1S0W_A_C,naive,1,A,M,245,,R
B,1S0W_A_C,naive,1,C,E,31,,T
B,1S0W_A_C,naive,1,C,S,35,,A
B,1S0W_A_C,naive,1,C,S,39,,A
B,1S0W_A_C,naive,1,C,A,46,,P
B,1S0W_A_C,naive,1,C,D,49,,V
B,1S0W_A_C,naive,1,C,Y,50,,T
B,1S0W_A_C,naive,1,C,T,55,,L
B,1S0W_A_C,naive,1,C,S,71,,A
B,1S0W_A_C,naive,1,C,W,112,,Y
B,1S0W_A_C,naive,1,C,S,113,,Y
B,1S0W_A_C,naive,1,C,Y,115,,E
B,1S0W_A_C,naive,1,C,T,126,,I
B,1S0W_A_C,naive,1,C,S,128,,I
B,1S0W_A_C,naive,1,C,A,142,,F
B,1S0W_A_C,naive,1,C,Y,143,,P
B,1S0W_A_C,naive,1,C,R,144,,D
B,1S0W_A_C,naive,1,C,H,148,,F
B,1S0W_A_C,naive,1,C,W,150,,S
B,1S0W_A_C,naive,1,C,R,160,,K
B,1S0W_A_C,naive,1,C,W,162,,F
B,1S0W_A_C,naive,1,C,D,163,,E
B,1S0W_A_C,naive,2,A,Q,74,,Y
B,1S0W_A_C,naive,2,A,N,75,,L
B,1S0W_A_C,naive,2,A,E,79,,P
B,1S0W_A_C,naive,2,A,Y,80,,N
B,1S0W_A_C,naive,2,A,E,85,,L
B,1S0W_A_C,naive,2,A,K,86,,S
B,1S0W_A_C,naive,2,A,H,87,,R
B,1S0W_A_C,naive,2,A,T,89,,E
B,1S0W_A_C,naive,2,A,M,104,,Y
B,1S0W_A_C,naive,2,A,K,190,,N
B,1S0W_A_C,naive,2,A,V,191,,T
B,1S0W_A_C,naive,2,A,A,212,,T
B,1S0W_A_C,naive,2,A,E,214,,K
B,1S0W_A_C,naive,2,A,R,218,,I
B,1S0W_A_C,naive,2,A,M,245,,L
B,1S0W_A_C,naive,2,C,E,31,,T
B,1S0W_A_C,naive,2,C,S,35,,P
B,1S0W_A_C,naive,2,C,S,39,,D
B,1S0W_A_C,naive,2,C,A,46,,P
B,1S0W_A_C,naive,2,C,D,49,,V
B,1S0W_A_C,naive,2,C,Y,50,,G
B,1S0W_A_C,naive,2,C,T,55,,L
B,1S0W_A_C,naive,2,C,S,71,,A
B,1S0W_A_C,naive,2,C,W,112,,Y
B,1S0W_A_C,naive,2,C,S,113,,Y
B,1S0W_A_C,naive,2,C,Y,115,,E
B,1S0W_A_C,naive,2,C,T,126,,K
B,1S0W_A_C,naive,2,C,S,128,,L
B,1S0W_A_C,naive,2,C,A,142,,F
B,1S0W_A_C,naive,2,C,Y,143,,P
B,1S0W_A_C,naive,2,C,R,144,,D
B,1S0W_A_C,naive,2,C,H,148,,Y
B,1S0W_A_C,naive,2,C,W,150,,S
B,1S0W_A_C,naive,2,C,R,160,,K
B,1S0W_A_C,naive,2,C,W,162,,Y
B,1S0W_A_C,naive,2,C,D,163,,G
B,1S0W_A_C,random,0,A,Q,74,,G
B,1S0W_A_C,random,0,A,E,79,,S
B,1S0W_A_C,random,0,A,Y,80,,G
B,1S0W_A_C,random,0,A,P,82,,A
B,1S0W_A_C,random,0,A,E,85,,I
B,1S0W_A_C,random,0,A,K,86,,E
B,1S0W_A_C,random,0,A,H,87,,N
B,1S0W_A_C,random,0,A,T,89,,W
B,1S0W_A_C,random,0,A,M,104,,H
B,1S0W_A_C,random,0,A,E,143,,A
B,1S0W_A_C,random,0,A,K,190,,Q
B,1S0W_A_C,random,0,A,V,191,,H
B,1S0W_A_C,random,0,A,A,212,,T
B,1S0W_A_C,random,0,A,E,214,,K
B,1S0W_A_C,random,0,A,R,218,,W
B,1S0W_A_C,random,0,A,M,245,,R
B,1S0W_A_C,random,0,C,E,31,,T
B,1S0W_A_C,random,0,C,S,35,,P
B,1S0W_A_C,random,0,C,F,36,,S
B,1S0W_A_C,random,0,C,G,37,,S
B,1S0W_A_C,random,0,C,S,39,,N
B,1S0W_A_C,random,0,C,A,46,,Y
B,1S0W_A_C,random,0,C,G,48,,A
B,1S0W_A_C,random,0,C,D,49,,H
B,1S0W_A_C,random,0,C,Y,50,,G
B,1S0W_A_C,random,0,C,Y,53,,W
B,1S0W_A_C,random,0,C,T,55,,D
B,1S0W_A_C,random,0,C,S,71,,R
B,1S0W_A_C,random,0,C,E,73,,F
B,1S0W_A_C,random,0,C,W,112,,C
B,1S0W_A_C,random,0,C,S,113,,Q
B,1S0W_A_C,random,0,C,Y,115,,R
B,1S0W_A_C,random,0,C,T,126,,E
B,1S0W_A_C,random,0,C,A,142,,F
B,1S0W_A_C,random,0,C,Y,143,,G
B,1S0W_A_C,random,0,C,H,148,,R
B,1S0W_A_C,random,0,C,W,150,,Y
B,1S0W_A_C,random,0,C,R,160,,K
B,1S0W_A_C,random,0,C,W,162,,Y
B,1S0W_A_C,random,0,C,D,163,,F
B,1S0W_A_C,random,1,A,Q,74,,T
B,1S0W_A_C,random,1,A,N,75,,A
B,1S0W_A_C,random,1,A,E,79,,Y
B,1S0W_A_C,random,1,A,Y,80,,N
B,1S0W_A_C,random,1,A,S,81,,A
B,1S0W_A_C,random,1,A,P,82,,G
B,1S0W_A_C,random,1,A,E,85,,I
B,1S0W_A_C,random,1,A,K,86,,A
B,1S0W_A_C,random,1,A,H,87,,N
B,1S0W_A_C,random,1,A,T,89,,D
B,1S0W_A_C,random,1,A,M,104,,H
B,1S0W_A_C,random,1,A,E,143,,Q
B,1S0W_A_C,random,1,A,K,190,,V
B,1S0W_A_C,random,1,A,V,191,,H
B,1S0W_A_C,random,1,A,A,212,,I
B,1S0W_A_C,random,1,A,E,214,,D
B,1S0W_A_C,random,1,A,R,218,,Y
B,1S0W_A_C,random,1,A,M,245,,F
B,1S0W_A_C,random,1,C,E,31,,S
B,1S0W_A_C,random,1,C,S,35,,H
B,1S0W_A_C,random,1,C,G,37,,S
B,1S0W_A_C,random,1,C,S,39,,A
B,1S0W_A_C,random,1,C,A,46,,R
B,1S0W_A_C,random,1,C,D,49,,H
B,1S0W_A_C,random,1,C,Y,50,,G
B,1S0W_A_C,random,1,C,Y,53,,W
B,1S0W_A_C,random,1,C,T,55,,L
B,1S0W_A_C,random,1,C,S,71,,T
B,1S0W_A_C,random,1,C,E,73,,F
B,1S0W_A_C,random,1,C,W,112,,M
B,1S0W_A_C,random,1,C,S,113,,R
B,1S0W_A_C,random,1,C,Y,115,,E
B,1S0W_A_C,random,1,C,T,126,,V
B,1S0W_A_C,random,1,C,S,128,,P
B,1S0W_A_C,random,1,C,A,142,,F
B,1S0W_A_C,random,1,C,Y,143,,P
B,1S0W_A_C,random,1,C,R,144,,K
B,1S0W_A_C,random,1,C,H,148,,A
B,1S0W_A_C,random,1,C,W,150,,A
B,1S0W_A_C,random,1,C,R,160,,V
B,1S0W_A_C,random,1,C,W,162,,N
B,1S0W_A_C,random,1,C,D,163,,E
B,1S0W_A_C,random,2,A,Q,74,,G
B,1S0W_A_C,random,2,A,N,75,,S
B,1S0W_A_C,random,2,A,L,77,,M
B,1S0W_A_C,random,2,A,E,79,,D
B,1S0W_A_C,random,2,A,Y,80,,H
B,1S0W_A_C,random,2,A,P,82,,G
B,1S0W_A_C,random,2,A,V,83,,R
B,1S0W_A_C,random,2,A,E,85,,G
B,1S0W_A_C,random,2,A,K,86,,A
B,1S0W_A_C,random,2,A,H,87,,A
B,1S0W_A_C,random,2,A,M,104,,H
B,1S0W_A_C,random,2,A,S,105,,A
B,1S0W_A_C,random,2,A,V,191,,Q
B,1S0W_A_C,random,2,A,A,212,,M
B,1S0W_A_C,random,2,A,E,214,,D
B,1S0W_A_C,random,2,A,R,218,,N
B,1S0W_A_C,random,2,A,M,245,,R
B,1S0W_A_C,random,2,C,E,31,,T
B,1S0W_A_C,random,2,C,S,35,,H
B,1S0W_A_C,random,2,C,F,36,,S
B,1S0W_A_C,random,2,C,G,37,,T
B,1S0W_A_C,random,2,C,S,39,,N
B,1S0W_A_C,random,2,C,A,46,,R
B,1S0W_A_C,random,2,C,G,48,,W
B,1S0W_A_C,random,2,C,D,49,,H
B,1S0W_A_C,random,2,C,Y,50,,G
B,1S0W_A_C,random,2,C,Y,53,,W
B,1S0W_A_C,random,2,C,T,55,,V
B,1S0W_A_C,random,2,C,E,73,,F
B,1S0W_A_C,random,2,C,W,112,,H
B,1S0W_A_C,random,2,C,S,113,,Q
B,1S0W_A_C,random,2,C,Y,115,,E
B,1S0W_A_C,random,2,C,S,128,,C
B,1S0W_A_C,random,2,C,A,142,,F
B,1S0W_A_C,random,2,C,Y,143,,G
B,1S0W_A_C,random,2,C,R,144,,N
B,1S0W_A_C,random,2,C,H,148,,Y
B,1S0W_A_C,random,2,C,R,160,,K
B,1S0W_A_C,random,2,C,W,162,,H
B,1S0W_A_C,random,2,C,D,163,,I
B,1SBB_A_B,L,0,A,H,45,,C
B,1SBB_A_B,L,0,A,Y,48,,R
B,1SBB_A_B,L,0,A,G,49,,C
B,1SBB_A_B,L,0,A,A,50,,I
B,1SBB_A_B,L,0,A,G,51,,F
B,1SBB_A_B,L,0,A,S,52,,D
B,1SBB_A_B,L,0,A,T,53,,S
B,1SBB_A_B,L,0,A,E,54,,N
B,1SBB_A_B,L,0,A,K,55,,R
B,1SBB_A_B,L,0,A,K,63,,L
B,1SBB_A_B,L,0,A,A,64,,C
B,1SBB_A_B,L,0,A,S,68,,N
B,1SBB_A_B,L,0,B,T,18,,N
B,1SBB_A_B,L,0,B,L,20,,M
B,1SBB_A_B,L,0,B,E,22,,Y
B,1SBB_A_B,L,0,B,L,58,,Y
B,1SBB_A_B,L,0,B,Y,90,,W
B,1SBB_A_B,L,0,B,Y,91,,V
B,1SBB_A_B,L,0,B,N,178,,Y
B,1SBB_A_B,L,0,B,Q,210,,D
B,1SBB_A_B,L,1,A,H,45,,L
B,1SBB_A_B,L,1,A,Y,48,,R
B,1SBB_A_B,L,1,A,A,50,,I
B,1SBB_A_B,L,1,A,G,51,,Y
B,1SBB_A_B,L,1,A,S,52,,D
B,1SBB_A_B,L,1,A,T,53,,V
B,1SBB_A_B,L,1,A,E,54,,D
B,1SBB_A_B,L,1,A,K,55,,A
B,1SBB_A_B,L,1,A,S,68,,N
B,1SBB_A_B,L,1,B,L,20,,M
B,1SBB_A_B,L,1,B,E,22,,Y
B,1SBB_A_B,L,1,B,L,58,,H
B,1SBB_A_B,L,1,B,N,60,,T
B,1SBB_A_B,L,1,B,Y,90,,F
B,1SBB_A_B,L,1,B,Y,91,,V
B,1SBB_A_B,L,1,B,N,178,,Y
B,1SBB_A_B,L,1,B,Q,210,,T
B,1SBB_A_B,L,2,A,H,45,,E
B,1SBB_A_B,L,2,A,Y,48,,L
B,1SBB_A_B,L,2,A,A,50,,I
B,1SBB_A_B,L,2,A,G,51,,Y
B,1SBB_A_B,L,2,A,S,52,,D
B,1SBB_A_B,L,2,A,T,53,,C
B,1SBB_A_B,L,2,A,E,54,,K
B,1SBB_A_B,L,2,A,K,63,,E
B,1SBB_A_B,L,2,A,A,64,,C
B,1SBB_A_B,L,2,A,S,68,,T
B,1SBB_A_B,L,2,B,T,18,,G
B,1SBB_A_B,L,2,B,E,22,,Y
B,1SBB_A_B,L,2,B,L,58,,Y
B,1SBB_A_B,L,2,B,N,60,,R
B,1SBB_A_B,L,2,B,Y,90,,F
B,1SBB_A_B,L,2,B,Y,91,,V
B,1SBB_A_B,L,2,B,N,178,,Y
B,1SBB_A_B,naive,0,A,H,45,,L
B,1SBB_A_B,naive,0,A,Y,48,,K
B,1SBB_A_B,naive,0,A,A,50,,P
B,1SBB_A_B,naive,0,A,T,53,,V
B,1SBB_A_B,naive,0,A,E,54,,L
B,1SBB_A_B,naive,0,B,T,18,,E
B,1SBB_A_B,naive,0,B,E,22,,Y
B,1SBB_A_B,naive,0,B,L,58,,N
B,1SBB_A_B,naive,0,B,Y,91,,T
B,1SBB_A_B,naive,0,B,N,178,,Y
B,1SBB_A_B,naive,0,B,Q,210,,V
B,1SBB_A_B,naive,1,A,H,45,,L
B,1SBB_A_B,naive,1,A,Y,48,,T
B,1SBB_A_B,naive,1,A,A,50,,P
B,1SBB_A_B,naive,1,A,T,53,,V
B,1SBB_A_B,naive,1,A,E,54,,L
B,1SBB_A_B,naive,1,A,K,55,,A
B,1SBB_A_B,naive,1,A,K,63,,Q
B,1SBB_A_B,naive,1,B,G,19,,N
B,1SBB_A_B,naive,1,B,E,22,,Y
B,1SBB_A_B,naive,1,B,L,58,,D
B,1SBB_A_B,naive,1,B,Y,91,,T
B,1SBB_A_B,naive,1,B,N,178,,W
B,1SBB_A_B,naive,1,B,Q,210,,P
B,1SBB_A_B,naive,2,A,H,45,,L
B,1SBB_A_B,naive,2,A,Y,48,,R
B,1SBB_A_B,naive,2,A,A,50,,P
B,1SBB_A_B,naive,2,A,T,53,,V
B,1SBB_A_B,naive,2,A,E,54,,L
B,1SBB_A_B,naive,2,A,K,55,,E
B,1SBB_A_B,naive,2,A,K,63,,E
B,1SBB_A_B,naive,2,A,A,64,,G
B,1SBB_A_B,naive,2,B,T,18,,R
B,1SBB_A_B,naive,2,B,E,22,,Y
B,1SBB_A_B,naive,2,B,L,58,,T
B,1SBB_A_B,naive,2,B,N,60,,T
B,1SBB_A_B,naive,2,B,Y,90,,F
B,1SBB_A_B,naive,2,B,Y,91,,V
B,1SBB_A_B,naive,2,B,N,178,,T
B,1SBB_A_B,naive,2,B,Q,210,,A
B,1SBB_A_B,random,0,A,H,45,,K
B,1SBB_A_B,random,0,A,Y,48,,I
B,1SBB_A_B,random,0,A,G,49,,C
B,1SBB_A_B,random,0,A,A,50,,V
B,1SBB_A_B,random,0,A,G,51,,P
B,1SBB_A_B,random,0,A,S,52,,E
B,1SBB_A_B,random,0,A,T,53,,S
B,1SBB_A_B,random,0,A,E,54,,N
B,1SBB_A_B,random,0,A,K,55,,D
B,1SBB_A_B,random,0,A,K,63,,L
B,1SBB_A_B,random,0,A,A,64,,C
B,1SBB_A_B,random,0,A,S,68,,N
B,1SBB_A_B,random,0,B,T,18,,N
B,1SBB_A_B,random,0,B,L,20,,N
B,1SBB_A_B,random,0,B,E,22,,N
B,1SBB_A_B,random,0,B,V,26,,E
B,1SBB_A_B,random,0,B,L,58,,Y
B,1SBB_A_B,random,0,B,N,60,,T
B,1SBB_A_B,random,0,B,Y,90,,A
B,1SBB_A_B,random,0,B,Y,91,,V
B,1SBB_A_B,random,0,B,F,177,,D
B,1SBB_A_B,random,0,B,N,178,,V
B,1SBB_A_B,random,0,B,Q,210,,D
B,1SBB_A_B,random,1,A,Y,48,,Q
B,1SBB_A_B,random,1,A,A,50,,V
B,1SBB_A_B,random,1,A,G,51,,M
B,1SBB_A_B,random,1,A,S,52,,E
B,1SBB_A_B,random,1,A,T,53,,V
B,1SBB_A_B,random,1,A,E,54,,D
B,1SBB_A_B,random,1,A,K,55,,A
B,1SBB_A_B,random,1,A,K,63,,S
B,1SBB_A_B,random,1,A,S,68,,N
B,1SBB_A_B,random,1,B,L,20,,T
B,1SBB_A_B,random,1,B,E,22,,Y
B,1SBB_A_B,random,1,B,L,58,,H
B,1SBB_A_B,random,1,B,N,60,,T
B,1SBB_A_B,random,1,B,Y,90,,E
B,1SBB_A_B,random,1,B,Y,91,,V
B,1SBB_A_B,random,1,B,F,177,,R
B,1SBB_A_B,random,1,B,N,178,,E
B,1SBB_A_B,random,1,B,Q,210,,T
B,1SBB_A_B,random,2,A,H,45,,E
B,1SBB_A_B,random,2,A,Y,48,,L
B,1SBB_A_B,random,2,A,A,50,,V
B,1SBB_A_B,random,2,A,G,51,,M
B,1SBB_A_B,random,2,A,S,52,,E
B,1SBB_A_B,random,2,A,T,53,,V
B,1SBB_A_B,random,2,A,E,54,,K
B,1SBB_A_B,random,2,A,K,63,,E
B,1SBB_A_B,random,2,A,A,64,,G
B,1SBB_A_B,random,2,A,S,68,,T
B,1SBB_A_B,random,2,B,T,18,,G
B,1SBB_A_B,random,2,B,L,20,,N
B,1SBB_A_B,random,2,B,E,22,,T
B,1SBB_A_B,random,2,B,V,26,,E
B,1SBB_A_B,random,2,B,L,58,,Y
B,1SBB_A_B,random,2,B,N,60,,R
B,1SBB_A_B,random,2,B,Y,90,,A
B,1SBB_A_B,random,2,B,Y,91,,V
B,1SBB_A_B,random,2,B,F,177,,R
B,1SBB_A_B,random,2,B,N,178,,V
B,1SBB_A_B,random,2,B,Q,210,,V
B,1SBN_E_I,L,0,E,H,64,,F
B,1SBN_E_I,L,0,E,G,100,,P
B,1SBN_E_I,L,0,E,S,101,,F
B,1SBN_E_I,L,0,E,Y,104,,I
B,1SBN_E_I,L,0,E,L,126,,I
B,1SBN_E_I,L,0,E,G,128,,C
B,1SBN_E_I,L,0,E,P,129,,R
B,1SBN_E_I,L,0,E,S,130,,K
B,1SBN_E_I,L,0,E,A,152,,S
B,1SBN_E_I,L,0,E,N,155,,I
B,1SBN_E_I,L,0,E,E,156,,W
B,1SBN_E_I,L,0,E,G,166,,L
B,1SBN_E_I,L,0,E,F,189,,W
B,1SBN_E_I,L,0,E,Y,217,,L
B,1SBN_E_I,L,0,E,N,218,,S
B,1SBN_E_I,L,0,E,S,221,,G
B,1SBN_E_I,L,0,I,Y,28,,I
B,1SBN_E_I,L,0,I,L,30,,I
B,1SBN_E_I,L,0,I,G,33,,N
B,1SBN_E_I,L,0,I,S,34,,A
B,1SBN_E_I,L,0,I,V,36,,R
B,1SBN_E_I,L,0,I,T,37,,V
B,1SBN_E_I,L,0,I,R,38,,M
B,1SBN_E_I,L,0,I,D,39,,L
B,1SBN_E_I,L,0,I,L,40,,I
B,1SBN_E_I,L,0,I,R,41,,K
B,1SBN_E_I,L,0,I,Y,42,,T
B,1SBN_E_I,L,0,I,R,46,,T
B,1SBN_E_I,L,0,I,H,61,,E
B,1SBN_E_I,L,1,E,H,64,,F
B,1SBN_E_I,L,1,E,D,99,,E
B,1SBN_E_I,L,1,E,S,101,,Y
B,1SBN_E_I,L,1,E,Y,104,,L
B,1SBN_E_I,L,1,E,L,126,,I
B,1SBN_E_I,L,1,E,G,128,,C
B,1SBN_E_I,L,1,E,P,129,,W
B,1SBN_E_I,L,1,E,S,130,,Q
B,1SBN_E_I,L,1,E,N,155,,I
B,1SBN_E_I,L,1,E,E,156,,N
B,1SBN_E_I,L,1,E,G,166,,V
B,1SBN_E_I,L,1,E,F,189,,W
B,1SBN_E_I,L,1,E,Y,217,,W
B,1SBN_E_I,L,1,E,N,218,,D
B,1SBN_E_I,L,1,E,S,221,,G
B,1SBN_E_I,L,1,I,Y,28,,V
B,1SBN_E_I,L,1,I,L,30,,I
B,1SBN_E_I,L,1,I,G,33,,Y
B,1SBN_E_I,L,1,I,V,36,,K
B,1SBN_E_I,L,1,I,T,37,,I
B,1SBN_E_I,L,1,I,R,38,,Q
B,1SBN_E_I,L,1,I,D,39,,I
B,1SBN_E_I,L,1,I,L,40,,I
B,1SBN_E_I,L,1,I,Y,42,,R
B,1SBN_E_I,L,1,I,R,46,,I
B,1SBN_E_I,L,2,E,N,62,,L
B,1SBN_E_I,L,2,E,H,64,,F
B,1SBN_E_I,L,2,E,D,99,,K
B,1SBN_E_I,L,2,E,S,101,,F
B,1SBN_E_I,L,2,E,Y,104,,I
B,1SBN_E_I,L,2,E,L,126,,I
B,1SBN_E_I,L,2,E,G,127,,I
B,1SBN_E_I,L,2,E,G,128,,C
B,1SBN_E_I,L,2,E,P,129,,R
B,1SBN_E_I,L,2,E,S,130,,I
B,1SBN_E_I,L,2,E,E,156,,I
B,1SBN_E_I,L,2,E,G,166,,T
B,1SBN_E_I,L,2,E,Y,217,,I
B,1SBN_E_I,L,2,E,N,218,,D
B,1SBN_E_I,L,2,E,S,221,,G
B,1SBN_E_I,L,2,I,Y,28,,H
B,1SBN_E_I,L,2,I,L,30,,I
B,1SBN_E_I,L,2,I,G,33,,N
B,1SBN_E_I,L,2,I,T,37,,A
B,1SBN_E_I,L,2,I,R,38,,M
B,1SBN_E_I,L,2,I,D,39,,F
B,1SBN_E_I,L,2,I,R,41,,N
B,1SBN_E_I,L,2,I,Y,42,,P
B,1SBN_E_I,L,2,I,R,46,,V
B,1SBN_E_I,L,2,I,H,61,,K
B,1SBN_E_I,naive,0,E,H,64,,F
B,1SBN_E_I,naive,0,E,S,101,,T
B,1SBN_E_I,naive,0,E,Y,104,,V
B,1SBN_E_I,naive,0,E,G,128,,L
B,1SBN_E_I,naive,0,E,P,129,,K
B,1SBN_E_I,naive,0,E,S,130,,T
B,1SBN_E_I,naive,0,E,E,156,,A
B,1SBN_E_I,naive,0,E,G,166,,L
B,1SBN_E_I,naive,0,E,F,189,,W
B,1SBN_E_I,naive,0,E,Y,217,,L
B,1SBN_E_I,naive,0,E,N,218,,D
B,1SBN_E_I,naive,0,E,S,221,,G
B,1SBN_E_I,naive,0,I,Y,28,,V
B,1SBN_E_I,naive,0,I,L,30,,I
B,1SBN_E_I,naive,0,I,S,34,,T
B,1SBN_E_I,naive,0,I,V,36,,R
B,1SBN_E_I,naive,0,I,T,37,,L
B,1SBN_E_I,naive,0,I,R,38,,M
B,1SBN_E_I,naive,0,I,D,39,,F
B,1SBN_E_I,naive,0,I,L,40,,I
B,1SBN_E_I,naive,0,I,R,41,,N
B,1SBN_E_I,naive,0,I,Y,42,,E
B,1SBN_E_I,naive,0,I,R,46,,V
B,1SBN_E_I,naive,0,I,H,61,,T
B,1SBN_E_I,naive,1,E,N,62,,S
B,1SBN_E_I,naive,1,E,H,64,,F
B,1SBN_E_I,naive,1,E,S,101,,F
B,1SBN_E_I,naive,1,E,Y,104,,I
B,1SBN_E_I,naive,1,E,G,128,,C
B,1SBN_E_I,naive,1,E,S,130,,T
B,1SBN_E_I,naive,1,E,G,166,,L
B,1SBN_E_I,naive,1,E,Y,217,,R
B,1SBN_E_I,naive,1,E,S,221,,G
B,1SBN_E_I,naive,1,I,Y,28,,T
B,1SBN_E_I,naive,1,I,L,30,,I
B,1SBN_E_I,naive,1,I,S,34,,T
B,1SBN_E_I,naive,1,I,V,36,,R
B,1SBN_E_I,naive,1,I,T,37,,L
B,1SBN_E_I,naive,1,I,R,38,,T
B,1SBN_E_I,naive,1,I,D,39,,F
B,1SBN_E_I,naive,1,I,R,41,,D
B,1SBN_E_I,naive,1,I,Y,42,,P
B,1SBN_E_I,naive,1,I,R,46,,I
B,1SBN_E_I,naive,1,I,H,61,,Q
B,1SBN_E_I,naive,2,E,H,64,,F
B,1SBN_E_I,naive,2,E,D,99,,N
B,1SBN_E_I,naive,2,E,S,101,,Y
B,1SBN_E_I,naive,2,E,Y,104,,L
B,1SBN_E_I,naive,2,E,G,128,,C
B,1SBN_E_I,naive,2,E,P,129,,K
B,1SBN_E_I,naive,2,E,S,130,,E
B,1SBN_E_I,naive,2,E,G,166,,L
B,1SBN_E_I,naive,2,E,F,189,,W
B,1SBN_E_I,naive,2,E,Y,217,,K
B,1SBN_E_I,naive,2,E,N,218,,D
B,1SBN_E_I,naive,2,E,S,221,,G
B,1SBN_E_I,naive,2,I,Y,28,,V
B,1SBN_E_I,naive,2,I,L,30,,I
B,1SBN_E_I,naive,2,I,S,34,,T
B,1SBN_E_I,naive,2,I,V,36,,T
B,1SBN_E_I,naive,2,I,T,37,,L
B,1SBN_E_I,naive,2,I,R,38,,Q
B,1SBN_E_I,naive,2,I,D,39,,F
B,1SBN_E_I,naive,2,I,L,40,,I
B,1SBN_E_I,naive,2,I,R,41,,D
B,1SBN_E_I,naive,2,I,Y,42,,E
B,1SBN_E_I,naive,2,I,R,46,,V
B,1SBN_E_I,naive,2,I,H,61,,K
B,1SBN_E_I,random,0,E,H,64,,E
B,1SBN_E_I,random,0,E,G,100,,P
B,1SBN_E_I,random,0,E,S,101,,T
B,1SBN_E_I,random,0,E,Y,104,,I
B,1SBN_E_I,random,0,E,L,126,,F
B,1SBN_E_I,random,0,E,G,128,,C
B,1SBN_E_I,random,0,E,P,129,,A
B,1SBN_E_I,random,0,E,S,130,,K
B,1SBN_E_I,random,0,E,N,155,,T
B,1SBN_E_I,random,0,E,E,156,,L
B,1SBN_E_I,random,0,E,G,166,,L
B,1SBN_E_I,random,0,E,Y,217,,K
B,1SBN_E_I,random,0,E,N,218,,S
B,1SBN_E_I,random,0,E,S,221,,C
B,1SBN_E_I,random,0,I,Y,28,,I
B,1SBN_E_I,random,0,I,L,30,,V
B,1SBN_E_I,random,0,I,S,34,,T
B,1SBN_E_I,random,0,I,P,35,,W
B,1SBN_E_I,random,0,I,V,36,,R
B,1SBN_E_I,random,0,I,T,37,,H
B,1SBN_E_I,random,0,I,R,38,,L
B,1SBN_E_I,random,0,I,D,39,,R
B,1SBN_E_I,random,0,I,L,40,,Q
B,1SBN_E_I,random,0,I,R,41,,K
B,1SBN_E_I,random,0,I,Y,42,,T
B,1SBN_E_I,random,0,I,R,46,,I
B,1SBN_E_I,random,0,I,H,61,,E
B,1SBN_E_I,random,1,E,N,62,,S
B,1SBN_E_I,random,1,E,H,64,,A
B,1SBN_E_I,random,1,E,D,99,,S
B,1SBN_E_I,random,1,E,S,101,,T
B,1SBN_E_I,random,1,E,Y,104,,L
B,1SBN_E_I,random,1,E,L,126,,C
B,1SBN_E_I,random,1,E,G,128,,C
B,1SBN_E_I,random,1,E,P,129,,W
B,1SBN_E_I,random,1,E,S,130,,Q
B,1SBN_E_I,random,1,E,N,155,,T
B,1SBN_E_I,random,1,E,E,156,,N
B,1SBN_E_I,random,1,E,G,166,,P
B,1SBN_E_I,random,1,E,Y,217,,Q
B,1SBN_E_I,random,1,E,S,221,,C
B,1SBN_E_I,random,1,I,Y,28,,I
B,1SBN_E_I,random,1,I,L,30,,V
B,1SBN_E_I,random,1,I,P,35,,W
B,1SBN_E_I,random,1,I,V,36,,R
B,1SBN_E_I,random,1,I,T,37,,I
B,1SBN_E_I,random,1,I,R,38,,L
B,1SBN_E_I,random,1,I,D,39,,I
B,1SBN_E_I,random,1,I,L,40,,Q
B,1SBN_E_I,random,1,I,R,41,,K
B,1SBN_E_I,random,1,I,Y,42,,N
B,1SBN_E_I,random,1,I,R,46,,I
B,1SBN_E_I,random,2,E,D,99,,K
B,1SBN_E_I,random,2,E,S,101,,F
B,1SBN_E_I,random,2,E,Y,104,,I
B,1SBN_E_I,random,2,E,L,126,,V
B,1SBN_E_I,random,2,E,G,127,,I
B,1SBN_E_I,random,2,E,G,128,,C
B,1SBN_E_I,random,2,E,S,130,,T
B,1SBN_E_I,random,2,E,E,156,,I
B,1SBN_E_I,random,2,E,G,166,,S
B,1SBN_E_I,random,2,E,Y,217,,E
B,1SBN_E_I,random,2,E,N,218,,D
B,1SBN_E_I,random,2,E,S,221,,C
B,1SBN_E_I,random,2,I,Y,28,,I
B,1SBN_E_I,random,2,I,G,33,,N
B,1SBN_E_I,random,2,I,P,35,,W
B,1SBN_E_I,random,2,I,T,37,,N
B,1SBN_E_I,random,2,I,R,38,,L
B,1SBN_E_I,random,2,I,D,39,,K
B,1SBN_E_I,random,2,I,L,40,,T
B,1SBN_E_I,random,2,I,R,41,,N
B,1SBN_E_I,random,2,I,Y,42,,P
B,1SBN_E_I,random,2,I,H,61,,K
B,1SGY_E_I,L,0,E,T,11,,K
B,1SGY_E_I,L,0,E,G,12,,H
B,1SGY_E_I,L,0,E,R,13,,C
B,1SGY_E_I,L,0,E,C,14,,G
B,1SGY_E_I,L,0,E,N,119,,D
B,1SGY_E_I,L,0,E,Y,120,,F
B,1SGY_E_I,L,0,E,A,136,,G
B,1SGY_E_I,L,0,E,P,138,,C
B,1SGY_E_I,L,0,E,S,141,,G
B,1SGY_E_I,L,0,E,S,159,,Y
B,1SGY_E_I,L,0,I,P,9,,A
B,1SGY_E_I,L,0,I,T,12,,L
B,1SGY_E_I,L,0,I,Y,13,,L
B,1SGY_E_I,L,0,I,E,14,,L
B,1SGY_E_I,L,0,I,Y,15,,L
B,1SGY_E_I,L,0,I,R,16,,V
B,1SGY_E_I,L,0,I,N,31,,E
B,1SGY_E_I,L,1,E,T,11,,R
B,1SGY_E_I,L,1,E,G,12,,H
B,1SGY_E_I,L,1,E,C,14,,K
B,1SGY_E_I,L,1,E,H,33,,S
B,1SGY_E_I,L,1,E,N,119,,D
B,1SGY_E_I,L,1,E,Y,120,,F
B,1SGY_E_I,L,1,E,A,136,,G
B,1SGY_E_I,L,1,E,P,138,,A
B,1SGY_E_I,L,1,E,S,141,,G
B,1SGY_E_I,L,1,E,G,160,,H
B,1SGY_E_I,L,1,I,P,9,,A
B,1SGY_E_I,L,1,I,T,12,,L
B,1SGY_E_I,L,1,I,Y,13,,L
B,1SGY_E_I,L,1,I,E,14,,N
B,1SGY_E_I,L,1,I,Y,15,,W
B,1SGY_E_I,L,1,I,N,31,,T
B,1SGY_E_I,L,2,E,T,11,,H
B,1SGY_E_I,L,2,E,G,12,,H
B,1SGY_E_I,L,2,E,C,14,,G
B,1SGY_E_I,L,2,E,H,33,,S
B,1SGY_E_I,L,2,E,N,119,,D
B,1SGY_E_I,L,2,E,Y,120,,F
B,1SGY_E_I,L,2,E,P,138,,C
B,1SGY_E_I,L,2,E,S,141,,G
B,1SGY_E_I,L,2,E,S,159,,N
B,1SGY_E_I,L,2,I,K,8,,L
B,1SGY_E_I,L,2,I,P,9,,D
B,1SGY_E_I,L,2,I,C,11,,V
B,1SGY_E_I,L,2,I,T,12,,L
B,1SGY_E_I,L,2,I,Y,13,,L
B,1SGY_E_I,L,2,I,E,14,,N
B,1SGY_E_I,L,2,I,Y,15,,L
B,1SGY_E_I,L,2,I,R,16,,T
B,1SGY_E_I,L,2,I,N,31,,E
B,1SGY_E_I,naive,0,E,T,11,,N
B,1SGY_E_I,naive,0,E,C,14,,G
B,1SGY_E_I,naive,0,E,N,119,,D
B,1SGY_E_I,naive,0,E,Y,120,,F
B,1SGY_E_I,naive,0,E,S,141,,G
B,1SGY_E_I,naive,0,I,P,9,,A
B,1SGY_E_I,naive,0,I,T,12,,P
B,1SGY_E_I,naive,0,I,Y,13,,L
B,1SGY_E_I,naive,0,I,E,14,,V
B,1SGY_E_I,naive,0,I,Y,15,,L
B,1SGY_E_I,naive,0,I,R,16,,K
B,1SGY_E_I,naive,0,I,N,31,,E
B,1SGY_E_I,naive,1,E,T,11,,S
B,1SGY_E_I,naive,1,E,C,14,,T
B,1SGY_E_I,naive,1,E,N,119,,D
B,1SGY_E_I,naive,1,E,Y,120,,F
B,1SGY_E_I,naive,1,E,S,141,,G
B,1SGY_E_I,naive,1,I,T,12,,P
B,1SGY_E_I,naive,1,I,Y,13,,L
B,1SGY_E_I,naive,1,I,E,14,,I
B,1SGY_E_I,naive,1,I,Y,15,,L
B,1SGY_E_I,naive,1,I,R,16,,K
B,1SGY_E_I,naive,1,I,N,31,,E
B,1SGY_E_I,naive,2,E,T,11,,Q
B,1SGY_E_I,naive,2,E,R,13,,Q
B,1SGY_E_I,naive,2,E,C,14,,G
B,1SGY_E_I,naive,2,E,N,119,,D
B,1SGY_E_I,naive,2,E,Y,120,,F
B,1SGY_E_I,naive,2,E,A,136,,S
B,1SGY_E_I,naive,2,E,S,141,,G
B,1SGY_E_I,naive,2,I,K,8,,L
B,1SGY_E_I,naive,2,I,P,9,,E
B,1SGY_E_I,naive,2,I,T,12,,P
B,1SGY_E_I,naive,2,I,Y,13,,L
B,1SGY_E_I,naive,2,I,E,14,,I
B,1SGY_E_I,naive,2,I,Y,15,,L
B,1SGY_E_I,naive,2,I,N,31,,E
B,1SGY_E_I,random,0,E,T,11,,Y
B,1SGY_E_I,random,0,E,G,12,,H
B,1SGY_E_I,random,0,E,R,13,,T
B,1SGY_E_I,random,0,E,V,118,,L
B,1SGY_E_I,random,0,E,N,119,,D
B,1SGY_E_I,random,0,E,Y,120,,V
B,1SGY_E_I,random,0,E,A,136,,N
B,1SGY_E_I,random,0,E,P,138,,E
B,1SGY_E_I,random,0,E,S,141,,G
B,1SGY_E_I,random,0,E,S,159,,V
B,1SGY_E_I,random,0,I,P,9,,A
B,1SGY_E_I,random,0,I,A,10,,P
B,1SGY_E_I,random,0,I,T,12,,Y
B,1SGY_E_I,random,0,I,Y,13,,C
B,1SGY_E_I,random,0,I,E,14,,S
B,1SGY_E_I,random,0,I,Y,15,,V
B,1SGY_E_I,random,0,I,G,27,,T
B,1SGY_E_I,random,0,I,N,31,,S
B,1SGY_E_I,random,1,E,T,11,,F
B,1SGY_E_I,random,1,E,G,12,,H
B,1SGY_E_I,random,1,E,R,13,,Q
B,1SGY_E_I,random,1,E,C,14,,K
B,1SGY_E_I,random,1,E,V,118,,L
B,1SGY_E_I,random,1,E,N,119,,D
B,1SGY_E_I,random,1,E,Y,120,,V
B,1SGY_E_I,random,1,E,P,138,,A
B,1SGY_E_I,random,1,E,S,141,,G
B,1SGY_E_I,random,1,E,S,159,,P
B,1SGY_E_I,random,1,E,G,160,,H
B,1SGY_E_I,random,1,I,P,9,,T
B,1SGY_E_I,random,1,I,A,10,,V
B,1SGY_E_I,random,1,I,T,12,,Y
B,1SGY_E_I,random,1,I,Y,13,,C
B,1SGY_E_I,random,1,I,E,14,,T
B,1SGY_E_I,random,1,I,Y,15,,F
B,1SGY_E_I,random,1,I,R,16,,H
B,1SGY_E_I,random,1,I,G,27,,T
B,1SGY_E_I,random,1,I,N,31,,R
B,1SGY_E_I,random,2,E,G,12,,N
B,1SGY_E_I,random,2,E,C,14,,G
B,1SGY_E_I,random,2,E,H,33,,S
B,1SGY_E_I,random,2,E,V,118,,L
B,1SGY_E_I,random,2,E,N,119,,D
B,1SGY_E_I,random,2,E,Y,120,,V
B,1SGY_E_I,random,2,E,P,138,,H
B,1SGY_E_I,random,2,E,S,141,,Y
B,1SGY_E_I,random,2,E,S,159,,N
B,1SGY_E_I,random,2,I,K,8,,N
B,1SGY_E_I,random,2,I,P,9,,D
B,1SGY_E_I,random,2,I,A,10,,P
B,1SGY_E_I,random,2,I,C,11,,Y
B,1SGY_E_I,random,2,I,T,12,,N
B,1SGY_E_I,random,2,I,Y,13,,C
B,1SGY_E_I,random,2,I,E,14,,S
B,1SGY_E_I,random,2,I,Y,15,,W
B,1SGY_E_I,random,2,I,R,16,,T
B,1SGY_E_I,random,2,I,G,27,,T
B,1SGY_E_I,random,2,I,N,31,,R
B,1TM7_E_I,L,0,E,H,64,,N
B,1TM7_E_I,L,0,E,D,99,,H
B,1TM7_E_I,L,0,E,S,101,,I
B,1TM7_E_I,L,0,E,Q,103,,Y
B,1TM7_E_I,L,0,E,Y,104,,P
B,1TM7_E_I,L,0,E,I,107,,V
B,1TM7_E_I,L,0,E,G,128,,M
B,1TM7_E_I,L,0,E,P,129,,R
B,1TM7_E_I,L,0,E,E,156,,L
B,1TM7_E_I,L,0,E,G,166,,L
B,1TM7_E_I,L,0,E,F,189,,W
B,1TM7_E_I,L,0,E,Y,217,,R
B,1TM7_E_I,L,0,E,N,218,,S
B,1TM7_E_I,L,0,E,S,221,,G
B,1TM7_E_I,L,0,I,I,37,,C
B,1TM7_E_I,L,0,I,V,38,,S
B,1TM7_E_I,L,0,I,Y,40,,Q
B,1TM7_E_I,L,0,I,E,41,,F
B,1TM7_E_I,L,0,I,R,48,,N
B,1TM7_E_I,L,0,I,Q,59,,D
B,1TM7_E_I,L,0,I,R,62,,H
B,1TM7_E_I,L,1,E,H,64,,N
B,1TM7_E_I,L,1,E,D,99,,N
B,1TM7_E_I,L,1,E,S,101,,F
B,1TM7_E_I,L,1,E,Q,103,,Y
B,1TM7_E_I,L,1,E,Y,104,,P
B,1TM7_E_I,L,1,E,I,107,,V
B,1TM7_E_I,L,1,E,G,128,,S
B,1TM7_E_I,L,1,E,P,129,,H
B,1TM7_E_I,L,1,E,N,155,,I
B,1TM7_E_I,L,1,E,E,156,,D
B,1TM7_E_I,L,1,E,G,166,,M
B,1TM7_E_I,L,1,E,F,189,,E
B,1TM7_E_I,L,1,E,Y,217,,R
B,1TM7_E_I,L,1,E,N,218,,D
B,1TM7_E_I,L,1,E,S,221,,A
B,1TM7_E_I,L,1,I,L,32,,I
B,1TM7_E_I,L,1,I,I,37,,F
B,1TM7_E_I,L,1,I,V,38,,S
B,1TM7_E_I,L,1,I,Y,40,,M
B,1TM7_E_I,L,1,I,E,41,,F
B,1TM7_E_I,L,1,I,Y,42,,F
B,1TM7_E_I,L,1,I,R,48,,T
B,1TM7_E_I,L,1,I,Q,59,,Y
B,1TM7_E_I,L,1,I,R,62,,H
B,1TM7_E_I,L,2,E,H,64,,V
B,1TM7_E_I,L,2,E,D,99,,Q
B,1TM7_E_I,L,2,E,S,101,,V
B,1TM7_E_I,L,2,E,Q,103,,L
B,1TM7_E_I,L,2,E,Y,104,,V
B,1TM7_E_I,L,2,E,I,107,,V
B,1TM7_E_I,L,2,E,G,128,,L
B,1TM7_E_I,L,2,E,P,129,,L
B,1TM7_E_I,L,2,E,N,155,,V
B,1TM7_E_I,L,2,E,E,156,,L
B,1TM7_E_I,L,2,E,G,166,,T
B,1TM7_E_I,L,2,E,F,189,,E
B,1TM7_E_I,L,2,E,Y,217,,M
B,1TM7_E_I,L,2,E,N,218,,S
B,1TM7_E_I,L,2,E,S,221,,G
B,1TM7_E_I,L,2,I,I,30,,V
B,1TM7_E_I,L,2,I,L,32,,H
B,1TM7_E_I,L,2,I,G,35,,T
B,1TM7_E_I,L,2,I,T,36,,Y
B,1TM7_E_I,L,2,I,I,37,,F
B,1TM7_E_I,L,2,I,V,38,,Q
B,1TM7_E_I,L,2,I,Y,40,,M
B,1TM7_E_I,L,2,I,E,41,,I
B,1TM7_E_I,L,2,I,Y,42,,W
B,1TM7_E_I,L,2,I,R,48,,D
B,1TM7_E_I,L,2,I,Q,59,,L
B,1TM7_E_I,naive,0,E,D,99,,K
B,1TM7_E_I,naive,0,E,Q,103,,T
B,1TM7_E_I,naive,0,E,Y,104,,V
B,1TM7_E_I,naive,0,E,I,107,,L
B,1TM7_E_I,naive,0,E,L,126,,A
B,1TM7_E_I,naive,0,E,G,128,,S
B,1TM7_E_I,naive,0,E,P,129,,R
B,1TM7_E_I,naive,0,E,E,156,,L
B,1TM7_E_I,naive,0,E,G,166,,L
B,1TM7_E_I,naive,0,E,F,189,,E
B,1TM7_E_I,naive,0,E,Y,217,,A
B,1TM7_E_I,naive,0,E,N,218,,S
B,1TM7_E_I,naive,0,E,S,221,,A
B,1TM7_E_I,naive,0,I,L,32,,V
B,1TM7_E_I,naive,0,I,I,37,,V
B,1TM7_E_I,naive,0,I,V,38,,R
B,1TM7_E_I,naive,0,I,Y,40,,Q
B,1TM7_E_I,naive,0,I,E,41,,F
B,1TM7_E_I,naive,0,I,R,48,,T
B,1TM7_E_I,naive,0,I,Q,59,,T
B,1TM7_E_I,naive,1,E,H,64,,N
B,1TM7_E_I,naive,1,E,D,99,,S
B,1TM7_E_I,naive,1,E,Q,103,,E
B,1TM7_E_I,naive,1,E,Y,104,,I
B,1TM7_E_I,naive,1,E,I,107,,V
B,1TM7_E_I,naive,1,E,G,128,,S
B,1TM7_E_I,naive,1,E,P,129,,R
B,1TM7_E_I,naive,1,E,E,156,,L
B,1TM7_E_I,naive,1,E,G,166,,L
B,1TM7_E_I,naive,1,E,F,189,,E
B,1TM7_E_I,naive,1,E,Y,217,,F
B,1TM7_E_I,naive,1,E,N,218,,S
B,1TM7_E_I,naive,1,E,S,221,,A
B,1TM7_E_I,naive,1,I,I,30,,V
B,1TM7_E_I,naive,1,I,I,37,,V
B,1TM7_E_I,naive,1,I,Y,40,,A
B,1TM7_E_I,naive,1,I,E,41,,F
B,1TM7_E_I,naive,1,I,R,48,,L
B,1TM7_E_I,naive,1,I,Q,59,,D
B,1TM7_E_I,naive,2,E,D,99,,N
B,1TM7_E_I,naive,2,E,S,101,,T
B,1TM7_E_I,naive,2,E,Q,103,,L
B,1TM7_E_I,naive,2,E,Y,104,,P
B,1TM7_E_I,naive,2,E,I,107,,V
B,1TM7_E_I,naive,2,E,L,126,,A
B,1TM7_E_I,naive,2,E,G,128,,S
B,1TM7_E_I,naive,2,E,P,129,,T
B,1TM7_E_I,naive,2,E,E,156,,L
B,1TM7_E_I,naive,2,E,G,166,,L
B,1TM7_E_I,naive,2,E,F,189,,E
B,1TM7_E_I,naive,2,E,Y,217,,M
B,1TM7_E_I,naive,2,E,N,218,,S
B,1TM7_E_I,naive,2,E,S,221,,A
B,1TM7_E_I,naive,2,I,I,30,,R
B,1TM7_E_I,naive,2,I,L,32,,I
B,1TM7_E_I,naive,2,I,I,37,,V
B,1TM7_E_I,naive,2,I,V,38,,T
B,1TM7_E_I,naive,2,I,Y,40,,L
B,1TM7_E_I,naive,2,I,E,41,,F
B,1TM7_E_I,naive,2,I,R,48,,T
B,1TM7_E_I,naive,2,I,Q,59,,Y
B,1TM7_E_I,random,0,E,H,64,,N
B,1TM7_E_I,random,0,E,D,99,,N
B,1TM7_E_I,random,0,E,S,101,,I
B,1TM7_E_I,random,0,E,Q,103,,K
B,1TM7_E_I,random,0,E,Y,104,,A
B,1TM7_E_I,random,0,E,I,107,,V
B,1TM7_E_I,random,0,E,L,126,,S
B,1TM7_E_I,random,0,E,P,129,,N
B,1TM7_E_I,random,0,E,E,156,,L
B,1TM7_E_I,random,0,E,G,166,,R
B,1TM7_E_I,random,0,E,F,189,,W
B,1TM7_E_I,random,0,E,Y,217,,K
B,1TM7_E_I,random,0,E,N,218,,S
B,1TM7_E_I,random,0,E,S,221,,Q
B,1TM7_E_I,random,0,I,I,37,,F
B,1TM7_E_I,random,0,I,V,38,,S
B,1TM7_E_I,random,0,I,T,39,,I
B,1TM7_E_I,random,0,I,Y,40,,Q
B,1TM7_E_I,random,0,I,E,41,,N
B,1TM7_E_I,random,0,I,Y,42,,R
B,1TM7_E_I,random,0,I,R,48,,N
B,1TM7_E_I,random,0,I,Q,59,,S
B,1TM7_E_I,random,0,I,R,62,,K
B,1TM7_E_I,random,1,E,H,64,,E
B,1TM7_E_I,random,1,E,D,99,,R
B,1TM7_E_I,random,1,E,S,101,,F
B,1TM7_E_I,random,1,E,Q,103,,N
B,1TM7_E_I,random,1,E,Y,104,,L
B,1TM7_E_I,random,1,E,L,126,,W
B,1TM7_E_I,random,1,E,P,129,,T
B,1TM7_E_I,random,1,E,E,156,,G
B,1TM7_E_I,random,1,E,G,166,,Y
B,1TM7_E_I,random,1,E,Y,217,,R
B,1TM7_E_I,random,1,E,N,218,,D
B,1TM7_E_I,random,1,I,L,32,,I
B,1TM7_E_I,random,1,I,I,37,,F
B,1TM7_E_I,random,1,I,V,38,,A
B,1TM7_E_I,random,1,I,T,39,,N
B,1TM7_E_I,random,1,I,Y,40,,H
B,1TM7_E_I,random,1,I,E,41,,H
B,1TM7_E_I,random,1,I,Y,42,,F
B,1TM7_E_I,random,1,I,R,48,,V
B,1TM7_E_I,random,1,I,Q,59,,E
B,1TM7_E_I,random,1,I,R,62,,A
B,1TM7_E_I,random,2,E,D,99,,Q
B,1TM7_E_I,random,2,E,S,101,,H
B,1TM7_E_I,random,2,E,Q,103,,L
B,1TM7_E_I,random,2,E,Y,104,,L
B,1TM7_E_I,random,2,E,I,107,,L
B,1TM7_E_I,random,2,E,L,126,,G
B,1TM7_E_I,random,2,E,G,128,,C
B,1TM7_E_I,random,2,E,P,129,,T
B,1TM7_E_I,random,2,E,A,152,,S
B,1TM7_E_I,random,2,E,E,156,,L
B,1TM7_E_I,random,2,E,G,166,,T
B,1TM7_E_I,random,2,E,F,189,,D
B,1TM7_E_I,random,2,E,Y,217,,D
B,1TM7_E_I,random,2,E,N,218,,S
B,1TM7_E_I,random,2,I,I,30,,V
B,1TM7_E_I,random,2,I,L,32,,I
B,1TM7_E_I,random,2,I,G,35,,T
B,1TM7_E_I,random,2,I,I,37,,F
B,1TM7_E_I,random,2,I,V,38,,Q
B,1TM7_E_I,random,2,I,T,39,,I
B,1TM7_E_I,random,2,I,Y,40,,G
B,1TM7_E_I,random,2,I,E,41,,I
B,1TM7_E_I,random,2,I,Y,42,,R
B,1TM7_E_I,random,2,I,R,48,,I
B,1TM7_E_I,random,2,I,Q,59,,E
B,1TM7_E_I,random,2,I,R,62,,K
B,1TMG_E_I,L,0,E,H,64,,N
B,1TMG_E_I,L,0,E,D,99,,N
B,1TMG_E_I,L,0,E,S,101,,I
B,1TMG_E_I,L,0,E,Q,103,,Y
B,1TMG_E_I,L,0,E,Y,104,,V
B,1TMG_E_I,L,0,E,I,107,,V
B,1TMG_E_I,L,0,E,G,128,,M
B,1TMG_E_I,L,0,E,P,129,,R
B,1TMG_E_I,L,0,E,E,156,,L
B,1TMG_E_I,L,0,E,G,166,,L
B,1TMG_E_I,L,0,E,F,189,,E
B,1TMG_E_I,L,0,E,Y,217,,R
B,1TMG_E_I,L,0,E,N,218,,S
B,1TMG_E_I,L,0,E,S,221,,G
B,1TMG_E_I,L,0,I,I,37,,C
B,1TMG_E_I,L,0,I,V,38,,S
B,1TMG_E_I,L,0,I,F,40,,A
B,1TMG_E_I,L,0,I,E,41,,F
B,1TMG_E_I,L,0,I,R,48,,N
B,1TMG_E_I,L,0,I,Q,59,,D
B,1TMG_E_I,L,1,E,H,64,,N
B,1TMG_E_I,L,1,E,D,99,,R
B,1TMG_E_I,L,1,E,G,102,,L
B,1TMG_E_I,L,1,E,Q,103,,Y
B,1TMG_E_I,L,1,E,Y,104,,P
B,1TMG_E_I,L,1,E,I,107,,V
B,1TMG_E_I,L,1,E,G,128,,S
B,1TMG_E_I,L,1,E,P,129,,R
B,1TMG_E_I,L,1,E,N,155,,V
B,1TMG_E_I,L,1,E,E,156,,D
B,1TMG_E_I,L,1,E,G,166,,Y
B,1TMG_E_I,L,1,E,F,189,,E
B,1TMG_E_I,L,1,E,Y,217,,R
B,1TMG_E_I,L,1,E,N,218,,D
B,1TMG_E_I,L,1,E,S,221,,A
B,1TMG_E_I,L,1,I,L,32,,I
B,1TMG_E_I,L,1,I,I,37,,F
B,1TMG_E_I,L,1,I,V,38,,S
B,1TMG_E_I,L,1,I,F,40,,M
B,1TMG_E_I,L,1,I,E,41,,F
B,1TMG_E_I,L,1,I,Y,42,,F
B,1TMG_E_I,L,1,I,R,48,,T
B,1TMG_E_I,L,1,I,Q,59,,T
B,1TMG_E_I,L,2,E,H,64,,N
B,1TMG_E_I,L,2,E,D,99,,Q
B,1TMG_E_I,L,2,E,S,101,,Y
B,1TMG_E_I,L,2,E,Q,103,,L
B,1TMG_E_I,L,2,E,Y,104,,V
B,1TMG_E_I,L,2,E,I,107,,V
B,1TMG_E_I,L,2,E,G,128,,L
B,1TMG_E_I,L,2,E,P,129,,R
B,1TMG_E_I,L,2,E,A,152,,S
B,1TMG_E_I,L,2,E,N,155,,V
B,1TMG_E_I,L,2,E,E,156,,D
B,1TMG_E_I,L,2,E,G,166,,R
B,1TMG_E_I,L,2,E,F,189,,E
B,1TMG_E_I,L,2,E,Y,217,,Q
B,1TMG_E_I,L,2,E,N,218,,S
B,1TMG_E_I,L,2,E,S,221,,G
B,1TMG_E_I,L,2,I,I,30,,V
B,1TMG_E_I,L,2,I,L,32,,I
B,1TMG_E_I,L,2,I,G,35,,T
B,1TMG_E_I,L,2,I,I,37,,V
B,1TMG_E_I,L,2,I,V,38,,S
B,1TMG_E_I,L,2,I,F,40,,M
B,1TMG_E_I,L,2,I,E,41,,F
B,1TMG_E_I,L,2,I,R,48,,T
B,1TMG_E_I,naive,0,E,D,99,,K
B,1TMG_E_I,naive,0,E,Q,103,,T
B,1TMG_E_I,naive,0,E,Y,104,,V
B,1TMG_E_I,naive,0,E,I,107,,L
B,1TMG_E_I,naive,0,E,L,126,,A
B,1TMG_E_I,naive,0,E,G,128,,S
B,1TMG_E_I,naive,0,E,P,129,,R
B,1TMG_E_I,naive,0,E,E,156,,L
B,1TMG_E_I,naive,0,E,G,166,,L
B,1TMG_E_I,naive,0,E,F,189,,E
B,1TMG_E_I,naive,0,E,Y,217,,A
B,1TMG_E_I,naive,0,E,N,218,,S
B,1TMG_E_I,naive,0,E,S,221,,A
B,1TMG_E_I,naive,0,I,L,32,,V
B,1TMG_E_I,naive,0,I,I,37,,V
B,1TMG_E_I,naive,0,I,V,38,,R
B,1TMG_E_I,naive,0,I,F,40,,A
B,1TMG_E_I,naive,0,I,E,41,,F
B,1TMG_E_I,naive,0,I,R,48,,T
B,1TMG_E_I,naive,0,I,Q,59,,T
B,1TMG_E_I,naive,1,E,H,64,,N
B,1TMG_E_I,naive,1,E,D,99,,S
B,1TMG_E_I,naive,1,E,S,101,,T
B,1TMG_E_I,naive,1,E,Q,103,,E
B,1TMG_E_I,naive,1,E,Y,104,,I
B,1TMG_E_I,naive,1,E,I,107,,V
B,1TMG_E_I,naive,1,E,G,128,,S
B,1TMG_E_I,naive,1,E,P,129,,R
B,1TMG_E_I,naive,1,E,E,156,,L
B,1TMG_E_I,naive,1,E,G,166,,L
B,1TMG_E_I,naive,1,E,F,189,,E
B,1TMG_E_I,naive,1,E,Y,217,,I
B,1TMG_E_I,naive,1,E,N,218,,S
B,1TMG_E_I,naive,1,E,S,221,,A
B,1TMG_E_I,naive,1,I,I,30,,V
B,1TMG_E_I,naive,1,I,L,32,,V
B,1TMG_E_I,naive,1,I,I,37,,V
B,1TMG_E_I,naive,1,I,V,38,,S
B,1TMG_E_I,naive,1,I,F,40,,A
B,1TMG_E_I,naive,1,I,E,41,,F
B,1TMG_E_I,naive,1,I,R,48,,T
B,1TMG_E_I,naive,1,I,Q,59,,D
B,1TMG_E_I,naive,2,E,D,99,,N
B,1TMG_E_I,naive,2,E,S,101,,T
B,1TMG_E_I,naive,2,E,Q,103,,L
B,1TMG_E_I,naive,2,E,Y,104,,P
B,1TMG_E_I,naive,2,E,I,107,,L
B,1TMG_E_I,naive,2,E,L,126,,A
B,1TMG_E_I,naive,2,E,G,128,,S
B,1TMG_E_I,naive,2,E,P,129,,T
B,1TMG_E_I,naive,2,E,E,156,,L
B,1TMG_E_I,naive,2,E,G,166,,L
B,1TMG_E_I,naive,2,E,F,189,,E
B,1TMG_E_I,naive,2,E,Y,217,,M
B,1TMG_E_I,naive,2,E,N,218,,S
B,1TMG_E_I,naive,2,E,S,221,,A
B,1TMG_E_I,naive,2,I,I,30,,R
B,1TMG_E_I,naive,2,I,L,32,,I
B,1TMG_E_I,naive,2,I,I,37,,V
B,1TMG_E_I,naive,2,I,V,38,,T
B,1TMG_E_I,naive,2,I,F,40,,L
B,1TMG_E_I,naive,2,I,E,41,,F
B,1TMG_E_I,naive,2,I,R,48,,T
B,1TMG_E_I,naive,2,I,Q,59,,Y
B,1TMG_E_I,random,0,E,H,64,,Y
B,1TMG_E_I,random,0,E,L,96,,E
B,1TMG_E_I,random,0,E,D,99,,H
B,1TMG_E_I,random,0,E,S,101,,I
B,1TMG_E_I,random,0,E,Q,103,,K
B,1TMG_E_I,random,0,E,Y,104,,K
B,1TMG_E_I,random,0,E,I,107,,V
B,1TMG_E_I,random,0,E,G,128,,T
B,1TMG_E_I,random,0,E,P,129,,L
B,1TMG_E_I,random,0,E,E,156,,L
B,1TMG_E_I,random,0,E,G,166,,L
B,1TMG_E_I,random,0,E,F,189,,C
B,1TMG_E_I,random,0,E,Y,217,,A
B,1TMG_E_I,random,0,E,N,218,,S
B,1TMG_E_I,random,0,E,S,221,,A
B,1TMG_E_I,random,0,I,I,37,,C
B,1TMG_E_I,random,0,I,V,38,,S
B,1TMG_E_I,random,0,I,T,39,,I
B,1TMG_E_I,random,0,I,F,40,,S
B,1TMG_E_I,random,0,I,E,41,,A
B,1TMG_E_I,random,0,I,Y,42,,P
B,1TMG_E_I,random,0,I,R,48,,N
B,1TMG_E_I,random,0,I,Q,59,,R
B,1TMG_E_I,random,1,E,H,64,,S
B,1TMG_E_I,random,1,E,D,99,,N
B,1TMG_E_I,random,1,E,S,101,,H
B,1TMG_E_I,random,1,E,G,102,,L
B,1TMG_E_I,random,1,E,Q,103,,K
B,1TMG_E_I,random,1,E,Y,104,,K
B,1TMG_E_I,random,1,E,I,107,,T
B,1TMG_E_I,random,1,E,G,128,,Y
B,1TMG_E_I,random,1,E,P,129,,E
B,1TMG_E_I,random,1,E,N,155,,M
B,1TMG_E_I,random,1,E,E,156,,R
B,1TMG_E_I,random,1,E,G,166,,M
B,1TMG_E_I,random,1,E,F,189,,T
B,1TMG_E_I,random,1,E,Y,217,,R
B,1TMG_E_I,random,1,E,N,218,,D
B,1TMG_E_I,random,1,E,S,221,,A
B,1TMG_E_I,random,1,I,L,32,,I
B,1TMG_E_I,random,1,I,I,37,,Q
B,1TMG_E_I,random,1,I,V,38,,Q
B,1TMG_E_I,random,1,I,T,39,,I
B,1TMG_E_I,random,1,I,F,40,,S
B,1TMG_E_I,random,1,I,E,41,,F
B,1TMG_E_I,random,1,I,Y,42,,F
B,1TMG_E_I,random,1,I,R,48,,V
B,1TMG_E_I,random,1,I,Q,59,,T
B,1TMG_E_I,random,1,I,R,62,,S
B,1TMG_E_I,random,2,E,H,64,,G
B,1TMG_E_I,random,2,E,S,101,,Q
B,1TMG_E_I,random,2,E,Q,103,,L
B,1TMG_E_I,random,2,E,Y,104,,V
B,1TMG_E_I,random,2,E,I,107,,L
B,1TMG_E_I,random,2,E,L,126,,N
B,1TMG_E_I,random,2,E,G,128,,I
B,1TMG_E_I,random,2,E,P,129,,E
B,1TMG_E_I,random,2,E,A,152,,S
B,1TMG_E_I,random,2,E,E,156,,R
B,1TMG_E_I,random,2,E,G,166,,V
B,1TMG_E_I,random,2,E,F,189,,A
B,1TMG_E_I,random,2,E,Y,217,,G
B,1TMG_E_I,random,2,E,N,218,,S
B,1TMG_E_I,random,2,I,I,30,,V
B,1TMG_E_I,random,2,I,L,32,,K
B,1TMG_E_I,random,2,I,G,35,,T
B,1TMG_E_I,random,2,I,T,36,,F
B,1TMG_E_I,random,2,I,I,37,,R
B,1TMG_E_I,random,2,I,V,38,,Q
B,1TMG_E_I,random,2,I,T,39,,I
B,1TMG_E_I,random,2,I,F,40,,G
B,1TMG_E_I,random,2,I,E,41,,K
B,1TMG_E_I,random,2,I,Y,42,,P
B,1TMG_E_I,random,2,I,R,48,,I
B,1TMG_E_I,random,2,I,Q,59,,C
B,1TMG_E_I,random,2,I,R,62,,S
B,1VFB_AB_C,L,0,A,H,30,,K
B,1VFB_AB_C,L,0,A,Y,32,,F
B,1VFB_AB_C,L,0,A,Y,49,,F
B,1VFB_AB_C,L,0,A,T,53,,L
B,1VFB_AB_C,L,0,A,S,93,,E
B,1VFB_AB_C,L,0,B,G,31,,D
B,1VFB_AB_C,L,0,B,Y,32,,F
B,1VFB_AB_C,L,0,B,R,99,,W
B,1VFB_AB_C,L,0,B,D,100,,R
B,1VFB_AB_C,L,0,B,R,102,,A
B,1VFB_AB_C,L,0,C,N,19,,W
B,1VFB_AB_C,L,0,C,G,22,,Y
B,1VFB_AB_C,L,0,C,S,24,,R
B,1VFB_AB_C,L,0,C,N,27,,H
B,1VFB_AB_C,L,0,C,G,102,,P
B,1VFB_AB_C,L,0,C,N,103,,Y
B,1VFB_AB_C,L,0,C,K,116,,Q
B,1VFB_AB_C,L,0,C,D,119,,V
B,1VFB_AB_C,L,0,C,V,120,,A
B,1VFB_AB_C,L,0,C,R,125,,Y
B,1VFB_AB_C,L,0,C,L,129,,G
B,1VFB_AB_C,L,1,A,H,30,,R
B,1VFB_AB_C,L,1,A,Y,32,,F
B,1VFB_AB_C,L,1,A,Y,49,,F
B,1VFB_AB_C,L,1,A,T,53,,L
B,1VFB_AB_C,L,1,A,W,92,,Y
B,1VFB_AB_C,L,1,B,G,31,,H
B,1VFB_AB_C,L,1,B,Y,32,,T
B,1VFB_AB_C,L,1,B,D,54,,N
B,1VFB_AB_C,L,1,B,D,100,,Y
B,1VFB_AB_C,L,1,B,R,102,,S
B,1VFB_AB_C,L,1,C,D,18,,S
B,1VFB_AB_C,L,1,C,N,19,,W
B,1VFB_AB_C,L,1,C,G,22,,S
B,1VFB_AB_C,L,1,C,S,24,,P
B,1VFB_AB_C,L,1,C,N,27,,H
B,1VFB_AB_C,L,1,C,G,102,,Q
B,1VFB_AB_C,L,1,C,N,103,,R
B,1VFB_AB_C,L,1,C,K,116,,R
B,1VFB_AB_C,L,1,C,D,119,,E
B,1VFB_AB_C,L,1,C,I,124,,V
B,1VFB_AB_C,L,1,C,R,125,,I
B,1VFB_AB_C,L,1,C,G,126,,C
B,1VFB_AB_C,L,2,A,H,30,,D
B,1VFB_AB_C,L,2,A,Y,49,,W
B,1VFB_AB_C,L,2,A,T,53,,I
B,1VFB_AB_C,L,2,A,S,93,,W
B,1VFB_AB_C,L,2,B,G,31,,H
B,1VFB_AB_C,L,2,B,Y,32,,H
B,1VFB_AB_C,L,2,B,W,52,,L
B,1VFB_AB_C,L,2,B,D,54,,N
B,1VFB_AB_C,L,2,B,R,99,,T
B,1VFB_AB_C,L,2,B,D,100,,M
B,1VFB_AB_C,L,2,C,D,18,,Q
B,1VFB_AB_C,L,2,C,N,19,,W
B,1VFB_AB_C,L,2,C,G,22,,R
B,1VFB_AB_C,L,2,C,S,24,,P
B,1VFB_AB_C,L,2,C,G,102,,S
B,1VFB_AB_C,L,2,C,K,116,,R
B,1VFB_AB_C,L,2,C,D,119,,R
B,1VFB_AB_C,L,2,C,V,120,,S
B,1VFB_AB_C,L,2,C,I,124,,V
B,1VFB_AB_C,L,2,C,R,125,,Y
B,1VFB_AB_C,L,2,C,L,129,,V
B,1VFB_AB_C,naive,0,A,Y,32,,R
B,1VFB_AB_C,naive,0,A,Y,49,,K
B,1VFB_AB_C,naive,0,A,Y,50,,N
B,1VFB_AB_C,naive,0,A,T,53,,I
B,1VFB_AB_C,naive,0,A,W,92,,Y
B,1VFB_AB_C,naive,0,A,S,93,,G
B,1VFB_AB_C,naive,0,B,G,31,,D
B,1VFB_AB_C,naive,0,B,Y,32,,V
B,1VFB_AB_C,naive,0,B,W,52,,F
B,1VFB_AB_C,naive,0,B,R,99,,E
B,1VFB_AB_C,naive,0,B,D,100,,R
B,1VFB_AB_C,naive,0,B,Y,101,,G
B,1VFB_AB_C,naive,0,B,R,102,,A
B,1VFB_AB_C,naive,0,C,N,19,,W
B,1VFB_AB_C,naive,0,C,S,24,,P
B,1VFB_AB_C,naive,0,C,N,27,,E
B,1VFB_AB_C,naive,0,C,G,102,,N
B,1VFB_AB_C,naive,0,C,N,103,,T
B,1VFB_AB_C,naive,0,C,V,120,,A
B,1VFB_AB_C,naive,0,C,Q,121,,E
B,1VFB_AB_C,naive,0,C,I,124,,V
B,1VFB_AB_C,naive,1,A,H,30,,N
B,1VFB_AB_C,naive,1,A,Y,32,,K
B,1VFB_AB_C,naive,1,A,Y,49,,H
B,1VFB_AB_C,naive,1,A,Y,50,,N
B,1VFB_AB_C,naive,1,A,T,53,,I
B,1VFB_AB_C,naive,1,A,W,92,,Y
B,1VFB_AB_C,naive,1,A,S,93,,G
B,1VFB_AB_C,naive,1,B,G,31,,D
B,1VFB_AB_C,naive,1,B,Y,32,,H
B,1VFB_AB_C,naive,1,B,D,54,,N
B,1VFB_AB_C,naive,1,B,R,99,,D
B,1VFB_AB_C,naive,1,B,D,100,,R
B,1VFB_AB_C,naive,1,B,Y,101,,G
B,1VFB_AB_C,naive,1,B,R,102,,A
B,1VFB_AB_C,naive,1,C,N,19,,W
B,1VFB_AB_C,naive,1,C,S,24,,P
B,1VFB_AB_C,naive,1,C,N,27,,S
B,1VFB_AB_C,naive,1,C,G,102,,D
B,1VFB_AB_C,naive,1,C,N,103,,T
B,1VFB_AB_C,naive,1,C,V,120,,A
B,1VFB_AB_C,naive,1,C,Q,121,,E
B,1VFB_AB_C,naive,2,A,H,30,,N
B,1VFB_AB_C,naive,2,A,Y,32,,K
B,1VFB_AB_C,naive,2,A,Y,49,,S
B,1VFB_AB_C,naive,2,A,Y,50,,H
B,1VFB_AB_C,naive,2,A,T,53,,I
B,1VFB_AB_C,naive,2,A,W,92,,Y
B,1VFB_AB_C,naive,2,A,S,93,,Q
B,1VFB_AB_C,naive,2,B,G,31,,D
B,1VFB_AB_C,naive,2,B,R,99,,K
B,1VFB_AB_C,naive,2,B,D,100,,R
B,1VFB_AB_C,naive,2,B,Y,101,,N
B,1VFB_AB_C,naive,2,B,R,102,,S
B,1VFB_AB_C,naive,2,C,N,19,,W
B,1VFB_AB_C,naive,2,C,S,24,,P
B,1VFB_AB_C,naive,2,C,N,27,,S
B,1VFB_AB_C,naive,2,C,G,102,,S
B,1VFB_AB_C,naive,2,C,N,103,,R
B,1VFB_AB_C,naive,2,C,V,120,,A
B,1VFB_AB_C,naive,2,C,Q,121,,E
B,1VFB_AB_C,naive,2,C,I,124,,V
B,1VFB_AB_C,naive,2,C,R,125,,Y
B,1VFB_AB_C,random,0,A,Y,32,,A
B,1VFB_AB_C,random,0,A,Y,49,,F
B,1VFB_AB_C,random,0,A,Y,50,,G
B,1VFB_AB_C,random,0,A,T,53,,K
B,1VFB_AB_C,random,0,B,G,31,,D
B,1VFB_AB_C,random,0,B,Y,32,,F
B,1VFB_AB_C,random,0,B,R,99,,Y
B,1VFB_AB_C,random,0,B,D,100,,H
B,1VFB_AB_C,random,0,B,R,102,,A
B,1VFB_AB_C,random,0,C,N,19,,R
B,1VFB_AB_C,random,0,C,S,24,,P
B,1VFB_AB_C,random,0,C,N,27,,H
B,1VFB_AB_C,random,0,C,G,102,,D
B,1VFB_AB_C,random,0,C,N,103,,A
B,1VFB_AB_C,random,0,C,K,116,,I
B,1VFB_AB_C,random,0,C,T,118,,L
B,1VFB_AB_C,random,0,C,V,120,,A
B,1VFB_AB_C,random,0,C,I,124,,V
B,1VFB_AB_C,random,0,C,R,125,,K
B,1VFB_AB_C,random,0,C,L,129,,G
B,1VFB_AB_C,random,1,A,H,30,,G
B,1VFB_AB_C,random,1,A,Y,32,,K
B,1VFB_AB_C,random,1,A,Y,50,,G
B,1VFB_AB_C,random,1,A,T,53,,L
B,1VFB_AB_C,random,1,A,W,92,,Y
B,1VFB_AB_C,random,1,B,G,31,,H
B,1VFB_AB_C,random,1,B,Y,32,,T
B,1VFB_AB_C,random,1,B,D,54,,N
B,1VFB_AB_C,random,1,B,D,100,,H
B,1VFB_AB_C,random,1,B,R,102,,S
B,1VFB_AB_C,random,1,C,N,19,,R
B,1VFB_AB_C,random,1,C,S,24,,P
B,1VFB_AB_C,random,1,C,N,27,,H
B,1VFB_AB_C,random,1,C,G,102,,Q
B,1VFB_AB_C,random,1,C,N,103,,A
B,1VFB_AB_C,random,1,C,K,116,,V
B,1VFB_AB_C,random,1,C,I,124,,V
B,1VFB_AB_C,random,1,C,R,125,,I
B,1VFB_AB_C,random,1,C,G,126,,C
B,1VFB_AB_C,random,1,C,L,129,,K
B,1VFB_AB_C,random,2,A,Y,32,,L
B,1VFB_AB_C,random,2,A,Y,49,,W
B,1VFB_AB_C,random,2,A,T,53,,K
B,1VFB_AB_C,random,2,A,W,92,,Y
B,1VFB_AB_C,random,2,B,G,31,,H
B,1VFB_AB_C,random,2,B,Y,32,,H
B,1VFB_AB_C,random,2,B,W,52,,L
B,1VFB_AB_C,random,2,B,D,54,,N
B,1VFB_AB_C,random,2,B,R,99,,T
B,1VFB_AB_C,random,2,B,D,100,,H
B,1VFB_AB_C,random,2,C,N,19,,R
B,1VFB_AB_C,random,2,C,S,24,,P
B,1VFB_AB_C,random,2,C,N,27,,H
B,1VFB_AB_C,random,2,C,G,102,,S
B,1VFB_AB_C,random,2,C,N,103,,S
B,1VFB_AB_C,random,2,C,K,116,,N
B,1VFB_AB_C,random,2,C,T,118,,I
B,1VFB_AB_C,random,2,C,V,120,,S
B,1VFB_AB_C,random,2,C,Q,121,,N
B,1VFB_AB_C,random,2,C,I,124,,V
B,1VFB_AB_C,random,2,C,R,125,,K
B,1VFB_AB_C,random,2,C,L,129,,V
B,1X1X_A_D,L,0,A,K,27,,I
B,1X1X_A_D,L,0,A,A,37,,F
B,1X1X_A_D,L,0,A,S,38,,H
B,1X1X_A_D,L,0,A,I,55,,Q
B,1X1X_A_D,L,0,A,F,56,,L
B,1X1X_A_D,L,0,A,R,59,,L
B,1X1X_A_D,L,0,A,E,60,,S
B,1X1X_A_D,L,0,A,E,73,,H
B,1X1X_A_D,L,0,A,F,82,,L
B,1X1X_A_D,L,0,A,R,83,,V
B,1X1X_A_D,L,0,A,S,85,,G
B,1X1X_A_D,L,0,A,H,102,,W
B,1X1X_A_D,L,0,D,Y,29,,F
B,1X1X_A_D,L,0,D,A,36,,S
B,1X1X_A_D,L,0,D,W,38,,Y
B,1X1X_A_D,L,0,D,G,43,,A
B,1X1X_A_D,L,0,D,E,46,,A
B,1X1X_A_D,L,0,D,Y,47,,E
B,1X1X_A_D,L,0,D,A,76,,L
B,1X1X_A_D,L,1,A,K,27,,V
B,1X1X_A_D,L,1,A,A,37,,P
B,1X1X_A_D,L,1,A,S,38,,A
B,1X1X_A_D,L,1,A,I,55,,P
B,1X1X_A_D,L,1,A,F,56,,I
B,1X1X_A_D,L,1,A,R,59,,L
B,1X1X_A_D,L,1,A,E,60,,D
B,1X1X_A_D,L,1,A,E,73,,Y
B,1X1X_A_D,L,1,A,F,82,,N
B,1X1X_A_D,L,1,A,R,83,,V
B,1X1X_A_D,L,1,A,N,84,,G
B,1X1X_A_D,L,1,A,S,85,,P
B,1X1X_A_D,L,1,A,H,102,,D
B,1X1X_A_D,L,1,A,Y,103,,F
B,1X1X_A_D,L,1,A,Q,104,,R
B,1X1X_A_D,L,1,D,A,36,,S
B,1X1X_A_D,L,1,D,D,39,,F
B,1X1X_A_D,L,1,D,T,42,,R
B,1X1X_A_D,L,1,D,G,43,,A
B,1X1X_A_D,L,1,D,W,44,,Y
B,1X1X_A_D,L,1,D,E,46,,A
B,1X1X_A_D,L,1,D,Y,47,,V
B,1X1X_A_D,L,1,D,A,76,,R
B,1X1X_A_D,L,2,A,K,27,,I
B,1X1X_A_D,L,2,A,A,37,,F
B,1X1X_A_D,L,2,A,S,38,,Y
B,1X1X_A_D,L,2,A,I,55,,E
B,1X1X_A_D,L,2,A,R,59,,L
B,1X1X_A_D,L,2,A,E,60,,S
B,1X1X_A_D,L,2,A,E,73,,F
B,1X1X_A_D,L,2,A,F,82,,C
B,1X1X_A_D,L,2,A,R,83,,I
B,1X1X_A_D,L,2,A,N,84,,G
B,1X1X_A_D,L,2,A,S,85,,P
B,1X1X_A_D,L,2,A,H,102,,W
B,1X1X_A_D,L,2,A,Y,103,,F
B,1X1X_A_D,L,2,A,Q,104,,S
B,1X1X_A_D,L,2,D,A,36,,S
B,1X1X_A_D,L,2,D,W,38,,N
B,1X1X_A_D,L,2,D,D,39,,I
B,1X1X_A_D,L,2,D,T,42,,Q
B,1X1X_A_D,L,2,D,G,43,,A
B,1X1X_A_D,L,2,D,E,46,,A
B,1X1X_A_D,L,2,D,Y,47,,R
B,1X1X_A_D,L,2,D,A,76,,M
B,1X1X_A_D,naive,0,A,K,27,,V
B,1X1X_A_D,naive,0,A,A,37,,P
B,1X1X_A_D,naive,0,A,I,55,,T
B,1X1X_A_D,naive,0,A,F,56,,Y
B,1X1X_A_D,naive,0,A,R,59,,L
B,1X1X_A_D,naive,0,A,E,60,,S
B,1X1X_A_D,naive,0,A,E,73,,Y
B,1X1X_A_D,naive,0,A,F,82,,C
B,1X1X_A_D,naive,0,A,R,83,,F
B,1X1X_A_D,naive,0,A,H,102,,D
B,1X1X_A_D,naive,0,A,Y,103,,F
B,1X1X_A_D,naive,0,A,Q,104,,K
B,1X1X_A_D,naive,0,D,A,36,,S
B,1X1X_A_D,naive,0,D,W,38,,Y
B,1X1X_A_D,naive,0,D,D,39,,R
B,1X1X_A_D,naive,0,D,G,43,,A
B,1X1X_A_D,naive,0,D,W,44,,H
B,1X1X_A_D,naive,0,D,E,46,,A
B,1X1X_A_D,naive,0,D,A,76,,D
B,1X1X_A_D,naive,1,A,K,27,,V
B,1X1X_A_D,naive,1,A,A,37,,P
B,1X1X_A_D,naive,1,A,I,55,,S
B,1X1X_A_D,naive,1,A,R,59,,L
B,1X1X_A_D,naive,1,A,E,60,,D
B,1X1X_A_D,naive,1,A,E,73,,Y
B,1X1X_A_D,naive,1,A,R,83,,I
B,1X1X_A_D,naive,1,A,H,102,,D
B,1X1X_A_D,naive,1,A,Y,103,,F
B,1X1X_A_D,naive,1,A,Q,104,,K
B,1X1X_A_D,naive,1,D,A,36,,S
B,1X1X_A_D,naive,1,D,W,38,,Y
B,1X1X_A_D,naive,1,D,D,39,,R
B,1X1X_A_D,naive,1,D,T,42,,L
B,1X1X_A_D,naive,1,D,G,43,,E
B,1X1X_A_D,naive,1,D,W,44,,Y
B,1X1X_A_D,naive,1,D,E,46,,A
B,1X1X_A_D,naive,1,D,Y,47,,E
B,1X1X_A_D,naive,1,D,A,76,,R
B,1X1X_A_D,naive,2,A,K,27,,T
B,1X1X_A_D,naive,2,A,A,37,,P
B,1X1X_A_D,naive,2,A,F,56,,Y
B,1X1X_A_D,naive,2,A,R,59,,L
B,1X1X_A_D,naive,2,A,E,60,,D
B,1X1X_A_D,naive,2,A,E,73,,W
B,1X1X_A_D,naive,2,A,R,83,,I
B,1X1X_A_D,naive,2,A,H,102,,D
B,1X1X_A_D,naive,2,A,Y,103,,F
B,1X1X_A_D,naive,2,A,Q,104,,R
B,1X1X_A_D,naive,2,D,W,38,,Y
B,1X1X_A_D,naive,2,D,D,39,,L
B,1X1X_A_D,naive,2,D,G,43,,K
B,1X1X_A_D,naive,2,D,W,44,,Y
B,1X1X_A_D,naive,2,D,E,46,,A
B,1X1X_A_D,naive,2,D,A,76,,D
B,1X1X_A_D,random,0,A,K,27,,T
B,1X1X_A_D,random,0,A,A,37,,P
B,1X1X_A_D,random,0,A,S,38,,W
B,1X1X_A_D,random,0,A,I,55,,R
B,1X1X_A_D,random,0,A,F,56,,P
B,1X1X_A_D,random,0,A,R,59,,K
B,1X1X_A_D,random,0,A,E,60,,P
B,1X1X_A_D,random,0,A,E,73,,A
B,1X1X_A_D,random,0,A,F,82,,L
B,1X1X_A_D,random,0,A,R,83,,P
B,1X1X_A_D,random,0,A,S,85,,N
B,1X1X_A_D,random,0,A,H,102,,C
B,1X1X_A_D,random,0,D,Y,29,,K
B,1X1X_A_D,random,0,D,G,31,,C
B,1X1X_A_D,random,0,D,L,34,,E
B,1X1X_A_D,random,0,D,D,35,,M
B,1X1X_A_D,random,0,D,A,36,,S
B,1X1X_A_D,random,0,D,W,38,,N
B,1X1X_A_D,random,0,D,G,43,,N
B,1X1X_A_D,random,0,D,W,44,,V
B,1X1X_A_D,random,0,D,E,46,,Q
B,1X1X_A_D,random,0,D,Y,47,,S
B,1X1X_A_D,random,0,D,A,76,,K
B,1X1X_A_D,random,1,A,K,27,,V
B,1X1X_A_D,random,1,A,A,37,,P
B,1X1X_A_D,random,1,A,S,38,,W
B,1X1X_A_D,random,1,A,I,55,,P
B,1X1X_A_D,random,1,A,F,56,,I
B,1X1X_A_D,random,1,A,R,59,,L
B,1X1X_A_D,random,1,A,E,73,,Y
B,1X1X_A_D,random,1,A,F,82,,N
B,1X1X_A_D,random,1,A,R,83,,I
B,1X1X_A_D,random,1,A,S,85,,A
B,1X1X_A_D,random,1,A,H,102,,C
B,1X1X_A_D,random,1,A,Y,103,,F
B,1X1X_A_D,random,1,D,Y,29,,K
B,1X1X_A_D,random,1,D,D,35,,N
B,1X1X_A_D,random,1,D,A,36,,D
B,1X1X_A_D,random,1,D,W,38,,V
B,1X1X_A_D,random,1,D,D,39,,A
B,1X1X_A_D,random,1,D,T,42,,E
B,1X1X_A_D,random,1,D,G,43,,I
B,1X1X_A_D,random,1,D,W,44,,Y
B,1X1X_A_D,random,1,D,E,46,,P
B,1X1X_A_D,random,1,D,V,73,,A
B,1X1X_A_D,random,1,D,A,76,,S
B,1X1X_A_D,random,2,A,K,27,,T
B,1X1X_A_D,random,2,A,A,37,,P
B,1X1X_A_D,random,2,A,S,38,,W
B,1X1X_A_D,random,2,A,I,55,,E
B,1X1X_A_D,random,2,A,R,59,,K
B,1X1X_A_D,random,2,A,E,60,,S
B,1X1X_A_D,random,2,A,E,73,,F
B,1X1X_A_D,random,2,A,F,82,,C
B,1X1X_A_D,random,2,A,R,83,,I
B,1X1X_A_D,random,2,A,S,85,,Y
B,1X1X_A_D,random,2,A,H,102,,F
B,1X1X_A_D,random,2,A,Y,103,,F
B,1X1X_A_D,random,2,A,Q,104,,S
B,1X1X_A_D,random,2,D,Y,29,,K
B,1X1X_A_D,random,2,D,D,35,,M
B,1X1X_A_D,random,2,D,A,36,,G
B,1X1X_A_D,random,2,D,W,38,,N
B,1X1X_A_D,random,2,D,D,39,,Q
B,1X1X_A_D,random,2,D,T,42,,L
B,1X1X_A_D,random,2,D,G,43,,N
B,1X1X_A_D,random,2,D,W,44,,Y
B,1X1X_A_D,random,2,D,E,46,,Q
B,1X1X_A_D,random,2,D,Y,47,,R
B,1X1X_A_D,random,2,D,A,76,,K
B,1XGP_AB_C,L,0,A,S,29,,N
B,1XGP_AB_C,L,0,A,S,31,,Q
B,1XGP_AB_C,L,0,A,N,32,,V
B,1XGP_AB_C,L,0,A,Y,51,,R
B,1XGP_AB_C,L,0,A,Q,54,,W
B,1XGP_AB_C,L,0,A,S,92,,V
B,1XGP_AB_C,L,0,A,N,93,,K
B,1XGP_AB_C,L,0,A,S,94,,Q
B,1XGP_AB_C,L,0,A,W,95,,R
B,1XGP_AB_C,L,0,A,Y,97,,W
B,1XGP_AB_C,L,0,B,T,30,,D
B,1XGP_AB_C,L,0,B,S,31,,N
B,1XGP_AB_C,L,0,B,D,32,,C
B,1XGP_AB_C,L,0,B,Y,50,,F
B,1XGP_AB_C,L,0,B,S,52,,D
B,1XGP_AB_C,L,0,B,Y,53,,W
B,1XGP_AB_C,L,0,B,S,54,,Y
B,1XGP_AB_C,L,0,B,S,56,,G
B,1XGP_AB_C,L,0,B,Y,58,,W
B,1XGP_AB_C,L,0,B,W,98,,F
B,1XGP_AB_C,L,0,C,H,15,,L
B,1XGP_AB_C,L,0,C,R,21,,L
B,1XGP_AB_C,L,0,C,R,73,,K
B,1XGP_AB_C,L,0,C,T,89,,W
B,1XGP_AB_C,L,0,C,N,93,,E
B,1XGP_AB_C,L,0,C,K,96,,N
B,1XGP_AB_C,L,0,C,K,97,,Y
B,1XGP_AB_C,L,0,C,D,101,,F
B,1XGP_AB_C,L,1,A,S,29,,P
B,1XGP_AB_C,L,1,A,S,31,,G
B,1XGP_AB_C,L,1,A,N,32,,V
B,1XGP_AB_C,L,1,A,Y,51,,L
B,1XGP_AB_C,L,1,A,Q,54,,W
B,1XGP_AB_C,L,1,A,S,92,,I
B,1XGP_AB_C,L,1,A,N,93,,K
B,1XGP_AB_C,L,1,A,S,94,,Y
B,1XGP_AB_C,L,1,A,W,95,,L
B,1XGP_AB_C,L,1,B,S,31,,E
B,1XGP_AB_C,L,1,B,Y,50,,F
B,1XGP_AB_C,L,1,B,S,52,,D
B,1XGP_AB_C,L,1,B,Y,53,,H
B,1XGP_AB_C,L,1,B,S,54,,Y
B,1XGP_AB_C,L,1,B,S,56,,G
B,1XGP_AB_C,L,1,B,Y,58,,H
B,1XGP_AB_C,L,1,B,W,98,,L
B,1XGP_AB_C,L,1,C,H,15,,L
B,1XGP_AB_C,L,1,C,Y,20,,F
B,1XGP_AB_C,L,1,C,R,21,,L
B,1XGP_AB_C,L,1,C,T,89,,L
B,1XGP_AB_C,L,1,C,N,93,,R
B,1XGP_AB_C,L,1,C,K,97,,Y
B,1XGP_AB_C,L,1,C,S,100,,N
B,1XGP_AB_C,L,1,C,D,101,,S
B,1XGP_AB_C,L,1,C,G,102,,D
B,1XGP_AB_C,L,2,A,S,29,,P
B,1XGP_AB_C,L,2,A,S,31,,G
B,1XGP_AB_C,L,2,A,N,32,,V
B,1XGP_AB_C,L,2,A,Y,51,,W
B,1XGP_AB_C,L,2,A,Q,54,,W
B,1XGP_AB_C,L,2,A,S,92,,R
B,1XGP_AB_C,L,2,A,N,93,,K
B,1XGP_AB_C,L,2,A,S,94,,T
B,1XGP_AB_C,L,2,A,W,95,,L
B,1XGP_AB_C,L,2,B,T,30,,D
B,1XGP_AB_C,L,2,B,S,31,,Q
B,1XGP_AB_C,L,2,B,D,32,,S
B,1XGP_AB_C,L,2,B,Y,50,,F
B,1XGP_AB_C,L,2,B,Y,53,,W
B,1XGP_AB_C,L,2,B,S,54,,Y
B,1XGP_AB_C,L,2,B,S,56,,G
B,1XGP_AB_C,L,2,B,Y,58,,N
B,1XGP_AB_C,L,2,B,W,98,,E
B,1XGP_AB_C,L,2,C,H,15,,M
B,1XGP_AB_C,L,2,C,Y,20,,F
B,1XGP_AB_C,L,2,C,R,21,,L
B,1XGP_AB_C,L,2,C,L,75,,I
B,1XGP_AB_C,L,2,C,T,89,,W
B,1XGP_AB_C,L,2,C,N,93,,R
B,1XGP_AB_C,L,2,C,K,96,,E
B,1XGP_AB_C,L,2,C,K,97,,N
B,1XGP_AB_C,L,2,C,S,100,,R
B,1XGP_AB_C,L,2,C,D,101,,R
B,1XGP_AB_C,naive,0,A,S,29,,P
B,1XGP_AB_C,naive,0,A,S,31,,G
B,1XGP_AB_C,naive,0,A,Y,51,,N
B,1XGP_AB_C,naive,0,A,Q,54,,E
B,1XGP_AB_C,naive,0,A,S,92,,T
B,1XGP_AB_C,naive,0,A,N,93,,K
B,1XGP_AB_C,naive,0,A,S,94,,A
B,1XGP_AB_C,naive,0,A,W,95,,Y
B,1XGP_AB_C,naive,0,A,Y,97,,W
B,1XGP_AB_C,naive,0,B,T,30,,S
B,1XGP_AB_C,naive,0,B,S,31,,E
B,1XGP_AB_C,naive,0,B,D,32,,G
B,1XGP_AB_C,naive,0,B,Y,50,,F
B,1XGP_AB_C,naive,0,B,S,52,,D
B,1XGP_AB_C,naive,0,B,Y,53,,W
B,1XGP_AB_C,naive,0,B,S,54,,Y
B,1XGP_AB_C,naive,0,B,S,56,,G
B,1XGP_AB_C,naive,0,B,Y,58,,T
B,1XGP_AB_C,naive,0,B,W,98,,Q
B,1XGP_AB_C,naive,0,C,H,15,,L
B,1XGP_AB_C,naive,0,C,D,18,,N
B,1XGP_AB_C,naive,0,C,N,19,,E
B,1XGP_AB_C,naive,0,C,R,21,,L
B,1XGP_AB_C,naive,0,C,R,73,,K
B,1XGP_AB_C,naive,0,C,N,93,,K
B,1XGP_AB_C,naive,0,C,K,97,,L
B,1XGP_AB_C,naive,0,C,D,101,,T
B,1XGP_AB_C,naive,1,A,S,31,,G
B,1XGP_AB_C,naive,1,A,N,32,,S
B,1XGP_AB_C,naive,1,A,Y,51,,N
B,1XGP_AB_C,naive,1,A,S,92,,T
B,1XGP_AB_C,naive,1,A,N,93,,K
B,1XGP_AB_C,naive,1,A,S,94,,K
B,1XGP_AB_C,naive,1,A,W,95,,F
B,1XGP_AB_C,naive,1,A,Y,97,,W
B,1XGP_AB_C,naive,1,B,S,31,,E
B,1XGP_AB_C,naive,1,B,S,52,,D
B,1XGP_AB_C,naive,1,B,Y,53,,W
B,1XGP_AB_C,naive,1,B,S,54,,Y
B,1XGP_AB_C,naive,1,B,S,56,,G
B,1XGP_AB_C,naive,1,B,Y,58,,T
B,1XGP_AB_C,naive,1,B,W,98,,Q
B,1XGP_AB_C,naive,1,C,H,15,,L
B,1XGP_AB_C,naive,1,C,N,19,,G
B,1XGP_AB_C,naive,1,C,R,21,,L
B,1XGP_AB_C,naive,1,C,R,73,,K
B,1XGP_AB_C,naive,1,C,T,89,,S
B,1XGP_AB_C,naive,1,C,N,93,,D
B,1XGP_AB_C,naive,1,C,K,97,,L
B,1XGP_AB_C,naive,1,C,D,101,,E
B,1XGP_AB_C,naive,2,A,S,29,,N
B,1XGP_AB_C,naive,2,A,S,31,,G
B,1XGP_AB_C,naive,2,A,Y,51,,D
B,1XGP_AB_C,naive,2,A,Q,54,,E
B,1XGP_AB_C,naive,2,A,S,92,,T
B,1XGP_AB_C,naive,2,A,N,93,,K
B,1XGP_AB_C,naive,2,A,S,94,,R
B,1XGP_AB_C,naive,2,A,W,95,,F
B,1XGP_AB_C,naive,2,B,S,31,,E
B,1XGP_AB_C,naive,2,B,D,32,,N
B,1XGP_AB_C,naive,2,B,Y,50,,H
B,1XGP_AB_C,naive,2,B,S,52,,D
B,1XGP_AB_C,naive,2,B,Y,53,,W
B,1XGP_AB_C,naive,2,B,S,54,,Y
B,1XGP_AB_C,naive,2,B,S,56,,G
B,1XGP_AB_C,naive,2,B,Y,58,,R
B,1XGP_AB_C,naive,2,B,W,98,,T
B,1XGP_AB_C,naive,2,C,H,15,,L
B,1XGP_AB_C,naive,2,C,N,19,,G
B,1XGP_AB_C,naive,2,C,R,21,,L
B,1XGP_AB_C,naive,2,C,R,73,,K
B,1XGP_AB_C,naive,2,C,N,93,,K
B,1XGP_AB_C,naive,2,C,K,97,,I
B,1XGP_AB_C,naive,2,C,D,101,,E
B,1XGP_AB_C,random,0,A,S,29,,P
B,1XGP_AB_C,random,0,A,S,31,,Q
B,1XGP_AB_C,random,0,A,N,32,,L
B,1XGP_AB_C,random,0,A,Y,51,,Q
B,1XGP_AB_C,random,0,A,Q,54,,F
B,1XGP_AB_C,random,0,A,S,92,,N
B,1XGP_AB_C,random,0,A,N,93,,Q
B,1XGP_AB_C,random,0,A,S,94,,Q
B,1XGP_AB_C,random,0,A,W,95,,F
B,1XGP_AB_C,random,0,A,Y,97,,W
B,1XGP_AB_C,random,0,B,T,30,,S
B,1XGP_AB_C,random,0,B,S,31,,N
B,1XGP_AB_C,random,0,B,D,32,,S
B,1XGP_AB_C,random,0,B,Y,50,,E
B,1XGP_AB_C,random,0,B,S,52,,A
B,1XGP_AB_C,random,0,B,Y,53,,H
B,1XGP_AB_C,random,0,B,S,54,,Y
B,1XGP_AB_C,random,0,B,Y,58,,K
B,1XGP_AB_C,random,0,B,W,98,,Q
B,1XGP_AB_C,random,0,C,H,15,,L
B,1XGP_AB_C,random,0,C,R,21,,N
B,1XGP_AB_C,random,0,C,R,73,,L
B,1XGP_AB_C,random,0,C,T,89,,K
B,1XGP_AB_C,random,0,C,N,93,,E
B,1XGP_AB_C,random,0,C,K,96,,N
B,1XGP_AB_C,random,0,C,K,97,,A
B,1XGP_AB_C,random,0,C,D,101,,G
B,1XGP_AB_C,random,0,C,G,102,,S
B,1XGP_AB_C,random,1,A,S,29,,D
B,1XGP_AB_C,random,1,A,S,31,,A
B,1XGP_AB_C,random,1,A,Y,51,,Q
B,1XGP_AB_C,random,1,A,Q,54,,I
B,1XGP_AB_C,random,1,A,S,92,,N
B,1XGP_AB_C,random,1,A,N,93,,K
B,1XGP_AB_C,random,1,A,S,94,,Y
B,1XGP_AB_C,random,1,A,W,95,,L
B,1XGP_AB_C,random,1,B,T,30,,S
B,1XGP_AB_C,random,1,B,Y,50,,F
B,1XGP_AB_C,random,1,B,S,52,,T
B,1XGP_AB_C,random,1,B,Y,53,,H
B,1XGP_AB_C,random,1,B,S,54,,Y
B,1XGP_AB_C,random,1,B,Y,58,,Q
B,1XGP_AB_C,random,1,B,W,98,,L
B,1XGP_AB_C,random,1,C,H,15,,L
B,1XGP_AB_C,random,1,C,N,19,,G
B,1XGP_AB_C,random,1,C,R,21,,N
B,1XGP_AB_C,random,1,C,L,75,,M
B,1XGP_AB_C,random,1,C,T,89,,A
B,1XGP_AB_C,random,1,C,N,93,,A
B,1XGP_AB_C,random,1,C,K,97,,Q
B,1XGP_AB_C,random,1,C,S,100,,N
B,1XGP_AB_C,random,1,C,D,101,,N
B,1XGP_AB_C,random,1,C,G,102,,V
B,1XGP_AB_C,random,2,A,S,29,,P
B,1XGP_AB_C,random,2,A,S,31,,G
B,1XGP_AB_C,random,2,A,N,32,,L
B,1XGP_AB_C,random,2,A,Y,51,,L
B,1XGP_AB_C,random,2,A,Q,54,,K
B,1XGP_AB_C,random,2,A,S,92,,M
B,1XGP_AB_C,random,2,A,N,93,,F
B,1XGP_AB_C,random,2,A,S,94,,T
B,1XGP_AB_C,random,2,A,W,95,,L
B,1XGP_AB_C,random,2,A,Y,97,,W
B,1XGP_AB_C,random,2,B,T,30,,D
B,1XGP_AB_C,random,2,B,S,31,,Q
B,1XGP_AB_C,random,2,B,D,32,,S
B,1XGP_AB_C,random,2,B,Y,50,,F
B,1XGP_AB_C,random,2,B,Y,53,,H
B,1XGP_AB_C,random,2,B,S,54,,Y
B,1XGP_AB_C,random,2,B,Y,58,,N
B,1XGP_AB_C,random,2,B,W,98,,T
B,1XGP_AB_C,random,2,C,H,15,,M
B,1XGP_AB_C,random,2,C,Y,20,,F
B,1XGP_AB_C,random,2,C,R,21,,N
B,1XGP_AB_C,random,2,C,R,73,,V
B,1XGP_AB_C,random,2,C,L,75,,M
B,1XGP_AB_C,random,2,C,T,89,,W
B,1XGP_AB_C,random,2,C,N,93,,T
B,1XGP_AB_C,random,2,C,K,96,,E
B,1XGP_AB_C,random,2,C,K,97,,N
B,1XGP_AB_C,random,2,C,S,100,,M
B,1XGP_AB_C,random,2,C,D,101,,K
B,1XGP_AB_C,random,2,C,G,102,,S
B,1Y48_E_I,L,0,E,H,64,,Y
B,1Y48_E_I,L,0,E,D,99,,R
B,1Y48_E_I,L,0,E,Q,103,,L
B,1Y48_E_I,L,0,E,Y,104,,P
B,1Y48_E_I,L,0,E,I,107,,V
B,1Y48_E_I,L,0,E,L,126,,M
B,1Y48_E_I,L,0,E,G,128,,C
B,1Y48_E_I,L,0,E,P,129,,R
B,1Y48_E_I,L,0,E,E,156,,L
B,1Y48_E_I,L,0,E,F,189,,E
B,1Y48_E_I,L,0,E,Y,217,,I
B,1Y48_E_I,L,0,E,N,218,,S
B,1Y48_E_I,L,0,E,S,221,,G
B,1Y48_E_I,L,0,I,L,32,,H
B,1Y48_E_I,L,0,I,G,35,,D
B,1Y48_E_I,L,0,I,I,37,,Y
B,1Y48_E_I,L,0,I,V,38,,C
B,1Y48_E_I,L,0,I,T,39,,H
B,1Y48_E_I,L,0,I,E,41,,M
B,1Y48_E_I,L,0,I,Y,42,,W
B,1Y48_E_I,L,0,I,R,43,,Y
B,1Y48_E_I,L,0,I,Q,59,,Y
B,1Y48_E_I,L,0,I,R,62,,H
B,1Y48_E_I,L,1,E,H,64,,F
B,1Y48_E_I,L,1,E,D,99,,R
B,1Y48_E_I,L,1,E,Q,103,,L
B,1Y48_E_I,L,1,E,Y,104,,P
B,1Y48_E_I,L,1,E,I,107,,V
B,1Y48_E_I,L,1,E,G,128,,N
B,1Y48_E_I,L,1,E,P,129,,C
B,1Y48_E_I,L,1,E,N,155,,I
B,1Y48_E_I,L,1,E,E,156,,R
B,1Y48_E_I,L,1,E,F,189,,E
B,1Y48_E_I,L,1,E,Y,217,,L
B,1Y48_E_I,L,1,E,N,218,,D
B,1Y48_E_I,L,1,E,S,221,,G
B,1Y48_E_I,L,1,I,L,32,,I
B,1Y48_E_I,L,1,I,G,35,,N
B,1Y48_E_I,L,1,I,I,37,,F
B,1Y48_E_I,L,1,I,V,38,,T
B,1Y48_E_I,L,1,I,M,40,,Q
B,1Y48_E_I,L,1,I,E,41,,V
B,1Y48_E_I,L,1,I,Y,42,,W
B,1Y48_E_I,L,1,I,R,43,,D
B,1Y48_E_I,L,1,I,Q,59,,H
B,1Y48_E_I,L,1,I,R,62,,H
B,1Y48_E_I,L,2,E,N,62,,S
B,1Y48_E_I,L,2,E,H,64,,N
B,1Y48_E_I,L,2,E,D,99,,E
B,1Y48_E_I,L,2,E,S,101,,A
B,1Y48_E_I,L,2,E,Q,103,,T
B,1Y48_E_I,L,2,E,Y,104,,E
B,1Y48_E_I,L,2,E,I,107,,V
B,1Y48_E_I,L,2,E,L,126,,V
B,1Y48_E_I,L,2,E,G,128,,N
B,1Y48_E_I,L,2,E,P,129,,R
B,1Y48_E_I,L,2,E,N,155,,I
B,1Y48_E_I,L,2,E,E,156,,W
B,1Y48_E_I,L,2,E,F,189,,E
B,1Y48_E_I,L,2,E,Y,217,,R
B,1Y48_E_I,L,2,E,N,218,,D
B,1Y48_E_I,L,2,E,S,221,,G
B,1Y48_E_I,L,2,I,I,30,,K
B,1Y48_E_I,L,2,I,L,32,,I
B,1Y48_E_I,L,2,I,P,33,,F
B,1Y48_E_I,L,2,I,T,36,,N
B,1Y48_E_I,L,2,I,I,37,,F
B,1Y48_E_I,L,2,I,V,38,,S
B,1Y48_E_I,L,2,I,E,41,,L
B,1Y48_E_I,L,2,I,R,43,,D
B,1Y48_E_I,L,2,I,R,62,,H
B,1Y48_E_I,naive,0,E,D,99,,A
B,1Y48_E_I,naive,0,E,S,101,,A
B,1Y48_E_I,naive,0,E,Q,103,,K
B,1Y48_E_I,naive,0,E,Y,104,,V
B,1Y48_E_I,naive,0,E,I,107,,V
B,1Y48_E_I,naive,0,E,L,126,,A
B,1Y48_E_I,naive,0,E,G,128,,S
B,1Y48_E_I,naive,0,E,P,129,,V
B,1Y48_E_I,naive,0,E,E,156,,L
B,1Y48_E_I,naive,0,E,Y,217,,F
B,1Y48_E_I,naive,0,E,N,218,,S
B,1Y48_E_I,naive,0,E,S,221,,G
B,1Y48_E_I,naive,0,I,I,30,,V
B,1Y48_E_I,naive,0,I,L,32,,V
B,1Y48_E_I,naive,0,I,I,37,,Y
B,1Y48_E_I,naive,0,I,V,38,,R
B,1Y48_E_I,naive,0,I,T,39,,N
B,1Y48_E_I,naive,0,I,M,40,,Q
B,1Y48_E_I,naive,0,I,E,41,,L
B,1Y48_E_I,naive,0,I,R,43,,D
B,1Y48_E_I,naive,0,I,Q,59,,S
B,1Y48_E_I,naive,1,E,D,99,,N
B,1Y48_E_I,naive,1,E,Q,103,,D
B,1Y48_E_I,naive,1,E,Y,104,,F
B,1Y48_E_I,naive,1,E,I,107,,V
B,1Y48_E_I,naive,1,E,L,126,,A
B,1Y48_E_I,naive,1,E,G,128,,S
B,1Y48_E_I,naive,1,E,E,156,,L
B,1Y48_E_I,naive,1,E,F,189,,E
B,1Y48_E_I,naive,1,E,Y,217,,V
B,1Y48_E_I,naive,1,E,N,218,,S
B,1Y48_E_I,naive,1,E,S,221,,A
B,1Y48_E_I,naive,1,I,I,30,,T
B,1Y48_E_I,naive,1,I,L,32,,V
B,1Y48_E_I,naive,1,I,I,37,,F
B,1Y48_E_I,naive,1,I,V,38,,T
B,1Y48_E_I,naive,1,I,M,40,,Q
B,1Y48_E_I,naive,1,I,E,41,,I
B,1Y48_E_I,naive,1,I,R,43,,N
B,1Y48_E_I,naive,1,I,Q,59,,S
B,1Y48_E_I,naive,1,I,R,62,,H
B,1Y48_E_I,naive,2,E,N,62,,S
B,1Y48_E_I,naive,2,E,Q,103,,L
B,1Y48_E_I,naive,2,E,Y,104,,P
B,1Y48_E_I,naive,2,E,I,107,,V
B,1Y48_E_I,naive,2,E,L,126,,A
B,1Y48_E_I,naive,2,E,G,128,,S
B,1Y48_E_I,naive,2,E,P,129,,R
B,1Y48_E_I,naive,2,E,E,156,,Q
B,1Y48_E_I,naive,2,E,F,189,,E
B,1Y48_E_I,naive,2,E,Y,217,,L
B,1Y48_E_I,naive,2,E,N,218,,S
B,1Y48_E_I,naive,2,E,S,221,,A
B,1Y48_E_I,naive,2,I,I,30,,V
B,1Y48_E_I,naive,2,I,I,37,,Y
B,1Y48_E_I,naive,2,I,T,39,,N
B,1Y48_E_I,naive,2,I,M,40,,Q
B,1Y48_E_I,naive,2,I,E,41,,F
B,1Y48_E_I,naive,2,I,R,43,,D
B,1Y48_E_I,naive,2,I,Q,59,,E
B,1Y48_E_I,naive,2,I,R,62,,H
B,1Y48_E_I,random,0,E,H,64,,F
B,1Y48_E_I,random,0,E,L,96,,P
B,1Y48_E_I,random,0,E,D,99,,N
B,1Y48_E_I,random,0,E,S,101,,C
B,1Y48_E_I,random,0,E,Q,103,,S
B,1Y48_E_I,random,0,E,Y,104,,F
B,1Y48_E_I,random,0,E,L,126,,M
B,1Y48_E_I,random,0,E,G,128,,S
B,1Y48_E_I,random,0,E,P,129,,R
B,1Y48_E_I,random,0,E,E,156,,L
B,1Y48_E_I,random,0,E,F,189,,Y
B,1Y48_E_I,random,0,E,Y,217,,I
B,1Y48_E_I,random,0,E,N,218,,S
B,1Y48_E_I,random,0,E,S,221,,A
B,1Y48_E_I,random,0,I,I,30,,K
B,1Y48_E_I,random,0,I,L,32,,Y
B,1Y48_E_I,random,0,I,G,35,,N
B,1Y48_E_I,random,0,I,T,36,,S
B,1Y48_E_I,random,0,I,V,38,,N
B,1Y48_E_I,random,0,I,T,39,,H
B,1Y48_E_I,random,0,I,M,40,,N
B,1Y48_E_I,random,0,I,E,41,,M
B,1Y48_E_I,random,0,I,Y,42,,I
B,1Y48_E_I,random,0,I,R,43,,Y
B,1Y48_E_I,random,0,I,Q,59,,Y
B,1Y48_E_I,random,0,I,R,62,,Q
B,1Y48_E_I,random,1,E,H,64,,F
B,1Y48_E_I,random,1,E,D,99,,Q
B,1Y48_E_I,random,1,E,G,100,,W
B,1Y48_E_I,random,1,E,S,101,,M
B,1Y48_E_I,random,1,E,Q,103,,L
B,1Y48_E_I,random,1,E,Y,104,,P
B,1Y48_E_I,random,1,E,L,126,,V
B,1Y48_E_I,random,1,E,G,128,,S
B,1Y48_E_I,random,1,E,P,129,,C
B,1Y48_E_I,random,1,E,N,155,,E
B,1Y48_E_I,random,1,E,E,156,,R
B,1Y48_E_I,random,1,E,F,189,,E
B,1Y48_E_I,random,1,E,Y,217,,L
B,1Y48_E_I,random,1,E,N,218,,S
B,1Y48_E_I,random,1,E,S,221,,A
B,1Y48_E_I,random,1,I,L,32,,I
B,1Y48_E_I,random,1,I,G,35,,N
B,1Y48_E_I,random,1,I,T,36,,F
B,1Y48_E_I,random,1,I,V,38,,T
B,1Y48_E_I,random,1,I,T,39,,H
B,1Y48_E_I,random,1,I,M,40,,S
B,1Y48_E_I,random,1,I,E,41,,V
B,1Y48_E_I,random,1,I,Y,42,,I
B,1Y48_E_I,random,1,I,R,43,,D
B,1Y48_E_I,random,1,I,Q,59,,H
B,1Y48_E_I,random,1,I,R,62,,K
B,1Y48_E_I,random,2,E,N,62,,S
B,1Y48_E_I,random,2,E,H,64,,M
B,1Y48_E_I,random,2,E,L,96,,T
B,1Y48_E_I,random,2,E,D,99,,N
B,1Y48_E_I,random,2,E,S,101,,C
B,1Y48_E_I,random,2,E,Q,103,,S
B,1Y48_E_I,random,2,E,Y,104,,E
B,1Y48_E_I,random,2,E,L,126,,V
B,1Y48_E_I,random,2,E,G,128,,S
B,1Y48_E_I,random,2,E,P,129,,T
B,1Y48_E_I,random,2,E,E,156,,A
B,1Y48_E_I,random,2,E,F,189,,E
B,1Y48_E_I,random,2,E,Y,217,,T
B,1Y48_E_I,random,2,E,N,218,,S
B,1Y48_E_I,random,2,E,S,221,,A
B,1Y48_E_I,random,2,I,I,30,,K
B,1Y48_E_I,random,2,I,L,32,,Y
B,1Y48_E_I,random,2,I,P,33,,F
B,1Y48_E_I,random,2,I,T,36,,Q
B,1Y48_E_I,random,2,I,I,37,,F
B,1Y48_E_I,random,2,I,V,38,,T
B,1Y48_E_I,random,2,I,T,39,,I
B,1Y48_E_I,random,2,I,M,40,,N
B,1Y48_E_I,random,2,I,E,41,,D
B,1Y48_E_I,random,2,I,Y,42,,I
B,1Y48_E_I,random,2,I,R,43,,D
B,1Y48_E_I,random,2,I,R,62,,E
B,1Y4A_E_I,L,0,E,H,64,,Y
B,1Y4A_E_I,L,0,E,D,99,,Q
B,1Y4A_E_I,L,0,E,S,101,,I
B,1Y4A_E_I,L,0,E,Q,103,,K
B,1Y4A_E_I,L,0,E,Y,104,,F
B,1Y4A_E_I,L,0,E,I,107,,V
B,1Y4A_E_I,L,0,E,G,128,,N
B,1Y4A_E_I,L,0,E,P,129,,Y
B,1Y4A_E_I,L,0,E,S,130,,N
B,1Y4A_E_I,L,0,E,N,155,,V
B,1Y4A_E_I,L,0,E,E,156,,W
B,1Y4A_E_I,L,0,E,T,158,,K
B,1Y4A_E_I,L,0,E,S,159,,D
B,1Y4A_E_I,L,0,E,G,166,,R
B,1Y4A_E_I,L,0,E,F,189,,E
B,1Y4A_E_I,L,0,E,Y,217,,H
B,1Y4A_E_I,L,0,E,N,218,,S
B,1Y4A_E_I,L,0,E,S,221,,G
B,1Y4A_E_I,L,0,I,E,3,,R
B,1Y4A_E_I,L,0,I,I,29,,R
B,1Y4A_E_I,L,0,I,V,33,,Q
B,1Y4A_E_I,L,0,I,G,34,,D
B,1Y4A_E_I,L,0,I,V,37,,T
B,1Y4A_E_I,L,0,I,T,38,,H
B,1Y4A_E_I,L,0,I,R,39,,A
B,1Y4A_E_I,L,0,I,S,40,,F
B,1Y4A_E_I,L,0,I,R,42,,C
B,1Y4A_E_I,L,0,I,Q,58,,F
B,1Y4A_E_I,L,1,E,H,64,,F
B,1Y4A_E_I,L,1,E,D,99,,Q
B,1Y4A_E_I,L,1,E,S,101,,T
B,1Y4A_E_I,L,1,E,Q,103,,I
B,1Y4A_E_I,L,1,E,Y,104,,F
B,1Y4A_E_I,L,1,E,G,127,,H
B,1Y4A_E_I,L,1,E,G,128,,N
B,1Y4A_E_I,L,1,E,P,129,,F
B,1Y4A_E_I,L,1,E,S,130,,W
B,1Y4A_E_I,L,1,E,N,155,,V
B,1Y4A_E_I,L,1,E,E,156,,D
B,1Y4A_E_I,L,1,E,T,158,,A
B,1Y4A_E_I,L,1,E,S,159,,N
B,1Y4A_E_I,L,1,E,G,166,,T
B,1Y4A_E_I,L,1,E,F,189,,E
B,1Y4A_E_I,L,1,E,Y,217,,I
B,1Y4A_E_I,L,1,E,N,218,,D
B,1Y4A_E_I,L,1,E,S,221,,G
B,1Y4A_E_I,L,1,I,E,3,,K
B,1Y4A_E_I,L,1,I,I,29,,V
B,1Y4A_E_I,L,1,I,L,31,,I
B,1Y4A_E_I,L,1,I,V,33,,A
B,1Y4A_E_I,L,1,I,G,34,,D
B,1Y4A_E_I,L,1,I,I,36,,F
B,1Y4A_E_I,L,1,I,V,37,,T
B,1Y4A_E_I,L,1,I,T,38,,N
B,1Y4A_E_I,L,1,I,R,39,,M
B,1Y4A_E_I,L,1,I,S,40,,F
B,1Y4A_E_I,L,1,I,R,42,,K
B,1Y4A_E_I,L,1,I,F,49,,R
B,1Y4A_E_I,L,1,I,Q,58,,Y
B,1Y4A_E_I,L,1,I,R,61,,Q
B,1Y4A_E_I,L,2,E,H,64,,N
B,1Y4A_E_I,L,2,E,D,99,,R
B,1Y4A_E_I,L,2,E,S,101,,T
B,1Y4A_E_I,L,2,E,Q,103,,K
B,1Y4A_E_I,L,2,E,Y,104,,F
B,1Y4A_E_I,L,2,E,I,107,,V
B,1Y4A_E_I,L,2,E,G,127,,H
B,1Y4A_E_I,L,2,E,G,128,,N
B,1Y4A_E_I,L,2,E,P,129,,Y
B,1Y4A_E_I,L,2,E,S,130,,M
B,1Y4A_E_I,L,2,E,N,155,,I
B,1Y4A_E_I,L,2,E,E,156,,N
B,1Y4A_E_I,L,2,E,T,158,,I
B,1Y4A_E_I,L,2,E,S,159,,E
B,1Y4A_E_I,L,2,E,G,166,,M
B,1Y4A_E_I,L,2,E,F,189,,E
B,1Y4A_E_I,L,2,E,Y,217,,R
B,1Y4A_E_I,L,2,E,N,218,,D
B,1Y4A_E_I,L,2,E,S,221,,G
B,1Y4A_E_I,L,2,I,E,3,,R
B,1Y4A_E_I,L,2,I,I,29,,K
B,1Y4A_E_I,L,2,I,L,31,,I
B,1Y4A_E_I,L,2,I,V,33,,S
B,1Y4A_E_I,L,2,I,G,34,,D
B,1Y4A_E_I,L,2,I,V,37,,Q
B,1Y4A_E_I,L,2,I,T,38,,N
B,1Y4A_E_I,L,2,I,R,39,,A
B,1Y4A_E_I,L,2,I,S,40,,F
B,1Y4A_E_I,L,2,I,Y,41,,W
B,1Y4A_E_I,L,2,I,R,42,,N
B,1Y4A_E_I,L,2,I,F,49,,R
B,1Y4A_E_I,L,2,I,Q,58,,F
B,1Y4A_E_I,L,2,I,R,61,,Q
B,1Y4A_E_I,naive,0,E,D,99,,N
B,1Y4A_E_I,naive,0,E,S,101,,T
B,1Y4A_E_I,naive,0,E,Q,103,,K
B,1Y4A_E_I,naive,0,E,Y,104,,F
B,1Y4A_E_I,naive,0,E,I,107,,V
B,1Y4A_E_I,naive,0,E,G,128,,S
B,1Y4A_E_I,naive,0,E,P,129,,L
B,1Y4A_E_I,naive,0,E,S,130,,E
B,1Y4A_E_I,naive,0,E,G,154,,Q
B,1Y4A_E_I,naive,0,E,E,156,,H
B,1Y4A_E_I,naive,0,E,T,158,,F
B,1Y4A_E_I,naive,0,E,S,159,,D
B,1Y4A_E_I,naive,0,E,G,166,,V
B,1Y4A_E_I,naive,0,E,F,189,,E
B,1Y4A_E_I,naive,0,E,Y,217,,R
B,1Y4A_E_I,naive,0,E,N,218,,S
B,1Y4A_E_I,naive,0,I,E,3,,S
B,1Y4A_E_I,naive,0,I,I,29,,E
B,1Y4A_E_I,naive,0,I,V,33,,Y
B,1Y4A_E_I,naive,0,I,G,34,,D
B,1Y4A_E_I,naive,0,I,I,36,,V
B,1Y4A_E_I,naive,0,I,V,37,,R
B,1Y4A_E_I,naive,0,I,T,38,,H
B,1Y4A_E_I,naive,0,I,R,39,,A
B,1Y4A_E_I,naive,0,I,S,40,,M
B,1Y4A_E_I,naive,0,I,R,42,,D
B,1Y4A_E_I,naive,0,I,Q,58,,S
B,1Y4A_E_I,naive,0,I,R,61,,K
B,1Y4A_E_I,naive,1,E,S,101,,T
B,1Y4A_E_I,naive,1,E,Q,103,,R
B,1Y4A_E_I,naive,1,E,Y,104,,F
B,1Y4A_E_I,naive,1,E,I,107,,L
B,1Y4A_E_I,naive,1,E,G,128,,S
B,1Y4A_E_I,naive,1,E,P,129,,R
B,1Y4A_E_I,naive,1,E,S,130,,A
B,1Y4A_E_I,naive,1,E,E,156,,D
B,1Y4A_E_I,naive,1,E,T,158,,R
B,1Y4A_E_I,naive,1,E,S,159,,D
B,1Y4A_E_I,naive,1,E,G,166,,M
B,1Y4A_E_I,naive,1,E,F,189,,E
B,1Y4A_E_I,naive,1,E,N,218,,S
B,1Y4A_E_I,naive,1,E,S,221,,G
B,1Y4A_E_I,naive,1,I,E,3,,R
B,1Y4A_E_I,naive,1,I,I,29,,V
B,1Y4A_E_I,naive,1,I,V,33,,E
B,1Y4A_E_I,naive,1,I,G,34,,D
B,1Y4A_E_I,naive,1,I,I,36,,V
B,1Y4A_E_I,naive,1,I,V,37,,T
B,1Y4A_E_I,naive,1,I,T,38,,N
B,1Y4A_E_I,naive,1,I,R,39,,A
B,1Y4A_E_I,naive,1,I,S,40,,I
B,1Y4A_E_I,naive,1,I,R,42,,K
B,1Y4A_E_I,naive,1,I,Q,58,,V
B,1Y4A_E_I,naive,1,I,R,61,,Q
B,1Y4A_E_I,naive,2,E,S,101,,T
B,1Y4A_E_I,naive,2,E,Q,103,,K
B,1Y4A_E_I,naive,2,E,Y,104,,E
B,1Y4A_E_I,naive,2,E,I,107,,V
B,1Y4A_E_I,naive,2,E,G,128,,A
B,1Y4A_E_I,naive,2,E,P,129,,R
B,1Y4A_E_I,naive,2,E,S,130,,K
B,1Y4A_E_I,naive,2,E,E,156,,Y
B,1Y4A_E_I,naive,2,E,T,158,,V
B,1Y4A_E_I,naive,2,E,S,159,,N
B,1Y4A_E_I,naive,2,E,G,166,,M
B,1Y4A_E_I,naive,2,E,F,189,,W
B,1Y4A_E_I,naive,2,E,Y,217,,R
B,1Y4A_E_I,naive,2,E,N,218,,S
B,1Y4A_E_I,naive,2,I,E,3,,K
B,1Y4A_E_I,naive,2,I,I,29,,V
B,1Y4A_E_I,naive,2,I,V,33,,E
B,1Y4A_E_I,naive,2,I,G,34,,N
B,1Y4A_E_I,naive,2,I,T,38,,N
B,1Y4A_E_I,naive,2,I,R,39,,A
B,1Y4A_E_I,naive,2,I,S,40,,E
B,1Y4A_E_I,naive,2,I,R,42,,I
B,1Y4A_E_I,naive,2,I,Q,58,,F
B,1Y4A_E_I,naive,2,I,R,61,,Q
B,1Y4A_E_I,random,0,E,H,64,,Q
B,1Y4A_E_I,random,0,E,L,96,,Y
B,1Y4A_E_I,random,0,E,D,99,,Q
B,1Y4A_E_I,random,0,E,S,101,,I
B,1Y4A_E_I,random,0,E,Q,103,,K
B,1Y4A_E_I,random,0,E,Y,104,,E
B,1Y4A_E_I,random,0,E,I,107,,V
B,1Y4A_E_I,random,0,E,L,126,,H
B,1Y4A_E_I,random,0,E,G,128,,N
B,1Y4A_E_I,random,0,E,P,129,,Y
B,1Y4A_E_I,random,0,E,S,130,,Y
B,1Y4A_E_I,random,0,E,E,156,,W
B,1Y4A_E_I,random,0,E,T,158,,K
B,1Y4A_E_I,random,0,E,S,159,,V
B,1Y4A_E_I,random,0,E,G,166,,L
B,1Y4A_E_I,random,0,E,F,189,,E
B,1Y4A_E_I,random,0,E,Y,217,,H
B,1Y4A_E_I,random,0,E,N,218,,S
B,1Y4A_E_I,random,0,E,S,221,,T
B,1Y4A_E_I,random,0,I,E,3,,R
B,1Y4A_E_I,random,0,I,I,29,,R
B,1Y4A_E_I,random,0,I,V,33,,Q
B,1Y4A_E_I,random,0,I,G,34,,S
B,1Y4A_E_I,random,0,I,I,36,,S
B,1Y4A_E_I,random,0,I,V,37,,E
B,1Y4A_E_I,random,0,I,T,38,,H
B,1Y4A_E_I,random,0,I,R,39,,G
B,1Y4A_E_I,random,0,I,S,40,,K
B,1Y4A_E_I,random,0,I,Y,41,,F
B,1Y4A_E_I,random,0,I,R,42,,C
B,1Y4A_E_I,random,0,I,Q,58,,V
B,1Y4A_E_I,random,1,E,H,64,,D
B,1Y4A_E_I,random,1,E,L,96,,Q
B,1Y4A_E_I,random,1,E,D,99,,Q
B,1Y4A_E_I,random,1,E,S,101,,Q
B,1Y4A_E_I,random,1,E,Q,103,,A
B,1Y4A_E_I,random,1,E,Y,104,,F
B,1Y4A_E_I,random,1,E,I,107,,F
B,1Y4A_E_I,random,1,E,L,126,,A
B,1Y4A_E_I,random,1,E,G,128,,N
B,1Y4A_E_I,random,1,E,P,129,,V
B,1Y4A_E_I,random,1,E,S,130,,W
B,1Y4A_E_I,random,1,E,A,152,,Q
B,1Y4A_E_I,random,1,E,N,155,,P
B,1Y4A_E_I,random,1,E,E,156,,S
B,1Y4A_E_I,random,1,E,T,158,,A
B,1Y4A_E_I,random,1,E,S,159,,N
B,1Y4A_E_I,random,1,E,G,166,,N
B,1Y4A_E_I,random,1,E,Y,217,,I
B,1Y4A_E_I,random,1,E,N,218,,D
B,1Y4A_E_I,random,1,E,S,221,,T
B,1Y4A_E_I,random,1,I,E,3,,S
B,1Y4A_E_I,random,1,I,I,29,,V
B,1Y4A_E_I,random,1,I,V,33,,I
B,1Y4A_E_I,random,1,I,G,34,,H
B,1Y4A_E_I,random,1,I,I,36,,M
B,1Y4A_E_I,random,1,I,V,37,,T
B,1Y4A_E_I,random,1,I,T,38,,N
B,1Y4A_E_I,random,1,I,R,39,,Q
B,1Y4A_E_I,random,1,I,S,40,,F
B,1Y4A_E_I,random,1,I,Y,41,,F
B,1Y4A_E_I,random,1,I,F,49,,R
B,1Y4A_E_I,random,1,I,Q,58,,V
B,1Y4A_E_I,random,2,E,D,99,,N
B,1Y4A_E_I,random,2,E,S,101,,W
B,1Y4A_E_I,random,2,E,Q,103,,K
B,1Y4A_E_I,random,2,E,Y,104,,G
B,1Y4A_E_I,random,2,E,I,107,,V
B,1Y4A_E_I,random,2,E,G,127,,H
B,1Y4A_E_I,random,2,E,G,128,,N
B,1Y4A_E_I,random,2,E,P,129,,L
B,1Y4A_E_I,random,2,E,S,130,,M
B,1Y4A_E_I,random,2,E,A,152,,C
B,1Y4A_E_I,random,2,E,E,156,,C
B,1Y4A_E_I,random,2,E,T,158,,I
B,1Y4A_E_I,random,2,E,S,159,,N
B,1Y4A_E_I,random,2,E,G,166,,M
B,1Y4A_E_I,random,2,E,F,189,,E
B,1Y4A_E_I,random,2,E,Y,217,,R
B,1Y4A_E_I,random,2,E,N,218,,T
B,1Y4A_E_I,random,2,I,E,3,,T
B,1Y4A_E_I,random,2,I,I,29,,V
B,1Y4A_E_I,random,2,I,V,33,,S
B,1Y4A_E_I,random,2,I,G,34,,D
B,1Y4A_E_I,random,2,I,I,36,,M
B,1Y4A_E_I,random,2,I,T,38,,G
B,1Y4A_E_I,random,2,I,R,39,,G
B,1Y4A_E_I,random,2,I,S,40,,F
B,1Y4A_E_I,random,2,I,Y,41,,A
B,1Y4A_E_I,random,2,I,R,42,,N
B,1Y4A_E_I,random,2,I,F,49,,R
B,1Y4A_E_I,random,2,I,Q,58,,A
B,1Y4A_E_I,random,2,I,R,61,,V
B,2AW2_A_B,L,0,A,D,2,,N
B,2AW2_A_B,L,0,A,Q,4,,D
B,2AW2_A_B,L,0,A,Y,6,,M
B,2AW2_A_B,L,0,A,K,8,,P
B,2AW2_A_B,L,0,A,L,41,,C
B,2AW2_A_B,L,0,A,T,44,,N
B,2AW2_A_B,L,0,A,R,81,,V
B,2AW2_A_B,L,0,A,N,85,,D
B,2AW2_A_B,L,0,A,S,88,,R
B,2AW2_A_B,L,0,A,N,89,,L
B,2AW2_A_B,L,0,A,L,90,,R
B,2AW2_A_B,L,0,A,I,91,,V
B,2AW2_A_B,L,0,A,E,92,,V
B,2AW2_A_B,L,0,A,H,94,,W
B,2AW2_A_B,L,0,A,S,95,,P
B,2AW2_A_B,L,0,B,E,5,,Y
B,2AW2_A_B,L,0,B,D,6,,Y
B,2AW2_A_B,L,0,B,E,13,,S
B,2AW2_A_B,L,0,B,C,14,,A
B,2AW2_A_B,L,0,B,K,17,,R
B,2AW2_A_B,L,0,B,S,19,,P
B,2AW2_A_B,L,0,B,K,25,,L
B,2AW2_A_B,L,0,B,E,26,,A
B,2AW2_A_B,L,0,B,G,29,,T
B,2AW2_A_B,L,0,B,E,30,,K
B,2AW2_A_B,L,0,B,L,31,,I
B,2AW2_A_B,L,0,B,T,32,,L
B,2AW2_A_B,L,0,B,V,35,,L
B,2AW2_A_B,L,0,B,L,48,,V
B,2AW2_A_B,L,1,A,Q,4,,T
B,2AW2_A_B,L,1,A,K,8,,D
B,2AW2_A_B,L,1,A,L,41,,I
B,2AW2_A_B,L,1,A,G,43,,K
B,2AW2_A_B,L,1,A,T,44,,H
B,2AW2_A_B,L,1,A,C,46,,A
B,2AW2_A_B,L,1,A,S,79,,Y
B,2AW2_A_B,L,1,A,R,81,,V
B,2AW2_A_B,L,1,A,N,85,,E
B,2AW2_A_B,L,1,A,S,88,,I
B,2AW2_A_B,L,1,A,N,89,,L
B,2AW2_A_B,L,1,A,L,90,,K
B,2AW2_A_B,L,1,A,I,91,,T
B,2AW2_A_B,L,1,A,E,92,,V
B,2AW2_A_B,L,1,A,H,94,,W
B,2AW2_A_B,L,1,A,S,95,,P
B,2AW2_A_B,L,1,B,K,4,,P
B,2AW2_A_B,L,1,B,E,5,,M
B,2AW2_A_B,L,1,B,D,6,,W
B,2AW2_A_B,L,1,B,E,13,,Q
B,2AW2_A_B,L,1,B,K,17,,R
B,2AW2_A_B,L,1,B,S,19,,P
B,2AW2_A_B,L,1,B,K,25,,D
B,2AW2_A_B,L,1,B,E,26,,R
B,2AW2_A_B,L,1,B,G,29,,T
B,2AW2_A_B,L,1,B,E,30,,R
B,2AW2_A_B,L,1,B,L,31,,V
B,2AW2_A_B,L,1,B,T,32,,V
B,2AW2_A_B,L,1,B,V,35,,L
B,2AW2_A_B,L,1,B,L,48,,I
B,2AW2_A_B,L,2,A,D,2,,E
B,2AW2_A_B,L,2,A,Y,6,,L
B,2AW2_A_B,L,2,A,K,8,,P
B,2AW2_A_B,L,2,A,L,41,,V
B,2AW2_A_B,L,2,A,T,44,,K
B,2AW2_A_B,L,2,A,S,79,,T
B,2AW2_A_B,L,2,A,N,85,,M
B,2AW2_A_B,L,2,A,S,88,,T
B,2AW2_A_B,L,2,A,N,89,,L
B,2AW2_A_B,L,2,A,L,90,,R
B,2AW2_A_B,L,2,A,I,91,,V
B,2AW2_A_B,L,2,A,E,92,,V
B,2AW2_A_B,L,2,A,H,94,,W
B,2AW2_A_B,L,2,A,S,95,,P
B,2AW2_A_B,L,2,B,K,4,,E
B,2AW2_A_B,L,2,B,E,5,,T
B,2AW2_A_B,L,2,B,D,6,,W
B,2AW2_A_B,L,2,B,E,13,,D
B,2AW2_A_B,L,2,B,K,17,,R
B,2AW2_A_B,L,2,B,S,19,,P
B,2AW2_A_B,L,2,B,K,25,,E
B,2AW2_A_B,L,2,B,E,26,,K
B,2AW2_A_B,L,2,B,G,29,,T
B,2AW2_A_B,L,2,B,E,30,,H
B,2AW2_A_B,L,2,B,L,31,,V
B,2AW2_A_B,L,2,B,T,32,,R
B,2AW2_A_B,L,2,B,V,35,,L
B,2AW2_A_B,L,2,B,L,48,,M
B,2AW2_A_B,naive,0,A,D,2,,E
B,2AW2_A_B,naive,0,A,Q,4,,S
B,2AW2_A_B,naive,0,A,L,5,,I
B,2AW2_A_B,naive,0,A,Y,6,,L
B,2AW2_A_B,naive,0,A,K,8,,P
B,2AW2_A_B,naive,0,A,L,41,,V
B,2AW2_A_B,naive,0,A,T,44,,G
B,2AW2_A_B,naive,0,A,S,79,,Y
B,2AW2_A_B,naive,0,A,R,81,,M
B,2AW2_A_B,naive,0,A,N,85,,I
B,2AW2_A_B,naive,0,A,S,88,,D
B,2AW2_A_B,naive,0,A,N,89,,K
B,2AW2_A_B,naive,0,A,E,92,,V
B,2AW2_A_B,naive,0,A,S,95,,P
B,2AW2_A_B,naive,0,B,K,4,,P
B,2AW2_A_B,naive,0,B,E,5,,P
B,2AW2_A_B,naive,0,B,D,6,,F
B,2AW2_A_B,naive,0,B,E,13,,S
B,2AW2_A_B,naive,0,B,K,17,,R
B,2AW2_A_B,naive,0,B,S,19,,P
B,2AW2_A_B,naive,0,B,K,25,,A
B,2AW2_A_B,naive,0,B,E,26,,Q
B,2AW2_A_B,naive,0,B,G,29,,T
B,2AW2_A_B,naive,0,B,L,31,,T
B,2AW2_A_B,naive,0,B,V,35,,L
B,2AW2_A_B,naive,1,A,D,2,,E
B,2AW2_A_B,naive,1,A,Q,4,,S
B,2AW2_A_B,naive,1,A,Y,6,,L
B,2AW2_A_B,naive,1,A,K,8,,P
B,2AW2_A_B,naive,1,A,L,41,,Y
B,2AW2_A_B,naive,1,A,T,44,,D
B,2AW2_A_B,naive,1,A,R,81,,M
B,2AW2_A_B,naive,1,A,N,85,,E
B,2AW2_A_B,naive,1,A,S,88,,G
B,2AW2_A_B,naive,1,A,N,89,,K
B,2AW2_A_B,naive,1,A,I,91,,V
B,2AW2_A_B,naive,1,A,E,92,,V
B,2AW2_A_B,naive,1,A,S,95,,P
B,2AW2_A_B,naive,1,B,D,6,,Y
B,2AW2_A_B,naive,1,B,E,13,,S
B,2AW2_A_B,naive,1,B,S,19,,P
B,2AW2_A_B,naive,1,B,K,25,,D
B,2AW2_A_B,naive,1,B,E,26,,K
B,2AW2_A_B,naive,1,B,G,29,,T
B,2AW2_A_B,naive,1,B,E,30,,D
B,2AW2_A_B,naive,1,B,L,31,,T
B,2AW2_A_B,naive,1,B,T,32,,S
B,2AW2_A_B,naive,1,B,V,35,,L
B,2AW2_A_B,naive,1,B,L,48,,R
B,2AW2_A_B,naive,2,A,D,2,,E
B,2AW2_A_B,naive,2,A,Q,4,,D
B,2AW2_A_B,naive,2,A,Y,6,,L
B,2AW2_A_B,naive,2,A,K,8,,P
B,2AW2_A_B,naive,2,A,L,41,,E
B,2AW2_A_B,naive,2,A,T,44,,Q
B,2AW2_A_B,naive,2,A,C,46,,W
B,2AW2_A_B,naive,2,A,N,85,,H
B,2AW2_A_B,naive,2,A,S,88,,N
B,2AW2_A_B,naive,2,A,N,89,,Q
B,2AW2_A_B,naive,2,A,E,92,,V
B,2AW2_A_B,naive,2,A,S,95,,P
B,2AW2_A_B,naive,2,B,K,4,,A
B,2AW2_A_B,naive,2,B,E,5,,A
B,2AW2_A_B,naive,2,B,D,6,,H
B,2AW2_A_B,naive,2,B,E,13,,T
B,2AW2_A_B,naive,2,B,C,14,,A
B,2AW2_A_B,naive,2,B,S,19,,P
B,2AW2_A_B,naive,2,B,E,26,,Q
B,2AW2_A_B,naive,2,B,G,29,,T
B,2AW2_A_B,naive,2,B,L,31,,T
B,2AW2_A_B,naive,2,B,V,35,,L
B,2AW2_A_B,random,0,A,D,2,,K
B,2AW2_A_B,random,0,A,Q,4,,D
B,2AW2_A_B,random,0,A,Y,6,,L
B,2AW2_A_B,random,0,A,K,8,,P
B,2AW2_A_B,random,0,A,R,9,,L
B,2AW2_A_B,random,0,A,L,41,,T
B,2AW2_A_B,random,0,A,T,44,,N
B,2AW2_A_B,random,0,A,C,46,,M
B,2AW2_A_B,random,0,A,R,81,,V
B,2AW2_A_B,random,0,A,S,88,,R
B,2AW2_A_B,random,0,A,N,89,,K
B,2AW2_A_B,random,0,A,L,90,,C
B,2AW2_A_B,random,0,A,I,91,,Y
B,2AW2_A_B,random,0,A,E,92,,V
B,2AW2_A_B,random,0,A,S,95,,P
B,2AW2_A_B,random,0,B,E,5,,Y
B,2AW2_A_B,random,0,B,D,6,,L
B,2AW2_A_B,random,0,B,E,13,,S
B,2AW2_A_B,random,0,B,C,14,,A
B,2AW2_A_B,random,0,B,P,16,,T
B,2AW2_A_B,random,0,B,S,19,,I
B,2AW2_A_B,random,0,B,K,25,,E
B,2AW2_A_B,random,0,B,E,26,,A
B,2AW2_A_B,random,0,B,G,29,,S
B,2AW2_A_B,random,0,B,E,30,,K
B,2AW2_A_B,random,0,B,L,31,,F
B,2AW2_A_B,random,0,B,G,33,,V
B,2AW2_A_B,random,0,B,V,35,,H
B,2AW2_A_B,random,0,B,L,48,,E
B,2AW2_A_B,random,1,A,Q,4,,S
B,2AW2_A_B,random,1,A,Y,6,,I
B,2AW2_A_B,random,1,A,K,8,,D
B,2AW2_A_B,random,1,A,R,9,,L
B,2AW2_A_B,random,1,A,L,41,,S
B,2AW2_A_B,random,1,A,G,43,,K
B,2AW2_A_B,random,1,A,T,44,,Q
B,2AW2_A_B,random,1,A,C,46,,M
B,2AW2_A_B,random,1,A,S,79,,Y
B,2AW2_A_B,random,1,A,N,85,,E
B,2AW2_A_B,random,1,A,S,88,,I
B,2AW2_A_B,random,1,A,N,89,,T
B,2AW2_A_B,random,1,A,L,90,,M
B,2AW2_A_B,random,1,A,I,91,,T
B,2AW2_A_B,random,1,A,E,92,,V
B,2AW2_A_B,random,1,A,S,95,,P
B,2AW2_A_B,random,1,B,K,4,,P
B,2AW2_A_B,random,1,B,E,5,,M
B,2AW2_A_B,random,1,B,D,6,,H
B,2AW2_A_B,random,1,B,E,7,,I
B,2AW2_A_B,random,1,B,E,13,,Q
B,2AW2_A_B,random,1,B,P,16,,T
B,2AW2_A_B,random,1,B,K,17,,R
B,2AW2_A_B,random,1,B,S,19,,V
B,2AW2_A_B,random,1,B,K,25,,D
B,2AW2_A_B,random,1,B,E,26,,R
B,2AW2_A_B,random,1,B,G,29,,V
B,2AW2_A_B,random,1,B,E,30,,R
B,2AW2_A_B,random,1,B,L,31,,D
B,2AW2_A_B,random,1,B,T,32,,V
B,2AW2_A_B,random,1,B,G,33,,V
B,2AW2_A_B,random,1,B,V,35,,Y
B,2AW2_A_B,random,1,B,L,48,,F
B,2AW2_A_B,random,2,A,D,2,,K
B,2AW2_A_B,random,2,A,Y,6,,L
B,2AW2_A_B,random,2,A,K,8,,P
B,2AW2_A_B,random,2,A,R,9,,L
B,2AW2_A_B,random,2,A,L,41,,V
B,2AW2_A_B,random,2,A,T,44,,V
B,2AW2_A_B,random,2,A,C,46,,N
B,2AW2_A_B,random,2,A,S,79,,T
B,2AW2_A_B,random,2,A,S,88,,K
B,2AW2_A_B,random,2,A,N,89,,E
B,2AW2_A_B,random,2,A,L,90,,E
B,2AW2_A_B,random,2,A,I,91,,Y
B,2AW2_A_B,random,2,A,E,92,,V
B,2AW2_A_B,random,2,A,S,95,,P
B,2AW2_A_B,random,2,B,K,4,,D
B,2AW2_A_B,random,2,B,E,5,,C
B,2AW2_A_B,random,2,B,D,6,,L
B,2AW2_A_B,random,2,B,E,13,,Q
B,2AW2_A_B,random,2,B,P,16,,T
B,2AW2_A_B,random,2,B,S,19,,D
B,2AW2_A_B,random,2,B,K,25,,I
B,2AW2_A_B,random,2,B,E,26,,K
B,2AW2_A_B,random,2,B,E,30,,N
B,2AW2_A_B,random,2,B,L,31,,F
B,2AW2_A_B,random,2,B,T,32,,Q
B,2AW2_A_B,random,2,B,G,33,,V
B,2AW2_A_B,random,2,B,V,35,,W
B,2AW2_A_B,random,2,B,P,38,,Q
B,2AW2_A_B,random,2,B,L,48,,K
B,2B12_A_B,L,0,A,A,193,,N
B,2B12_A_B,L,0,A,N,195,,T
B,2B12_A_B,L,0,A,V,197,,H
B,2B12_A_B,L,0,A,E,201,,D
B,2B12_A_B,L,0,A,L,204,,R
B,2B12_A_B,L,0,A,N,205,,E
B,2B12_A_B,L,0,A,N,208,,G
B,2B12_A_B,L,0,A,S,227,,C
B,2B12_A_B,L,0,A,Y,229,,T
B,2B12_A_B,L,0,A,Q,255,,A
B,2B12_A_B,L,0,B,A,56,,N
B,2B12_A_B,L,0,B,N,75,,Q
B,2B12_A_B,L,0,B,K,77,,E
B,2B12_A_B,L,0,B,K,78,,R
B,2B12_A_B,L,0,B,K,84,,H
B,2B12_A_B,L,0,B,A,86,,M
B,2B12_A_B,L,0,B,G,88,,A
B,2B12_A_B,L,1,A,A,193,,H
B,2B12_A_B,L,1,A,N,195,,T
B,2B12_A_B,L,1,A,E,201,,D
B,2B12_A_B,L,1,A,L,204,,R
B,2B12_A_B,L,1,A,N,205,,S
B,2B12_A_B,L,1,A,N,208,,R
B,2B12_A_B,L,1,A,S,227,,C
B,2B12_A_B,L,1,A,Y,229,,C
B,2B12_A_B,L,1,A,Q,255,,E
B,2B12_A_B,L,1,B,A,56,,E
B,2B12_A_B,L,1,B,N,75,,R
B,2B12_A_B,L,1,B,K,77,,R
B,2B12_A_B,L,1,B,K,78,,Q
B,2B12_A_B,L,1,B,K,84,,P
B,2B12_A_B,L,1,B,A,86,,V
B,2B12_A_B,L,1,B,G,88,,C
B,2B12_A_B,L,2,A,N,195,,R
B,2B12_A_B,L,2,A,E,201,,D
B,2B12_A_B,L,2,A,L,204,,R
B,2B12_A_B,L,2,A,N,205,,E
B,2B12_A_B,L,2,A,N,208,,G
B,2B12_A_B,L,2,A,S,227,,C
B,2B12_A_B,L,2,A,Y,229,,N
B,2B12_A_B,L,2,A,Q,255,,P
B,2B12_A_B,L,2,B,A,56,,N
B,2B12_A_B,L,2,B,N,75,,Q
B,2B12_A_B,L,2,B,K,77,,R
B,2B12_A_B,L,2,B,K,78,,R
B,2B12_A_B,L,2,B,K,84,,P
B,2B12_A_B,L,2,B,A,86,,I
B,2B12_A_B,naive,0,A,A,193,,D
B,2B12_A_B,naive,0,A,N,195,,V
B,2B12_A_B,naive,0,A,V,197,,T
B,2B12_A_B,naive,0,A,T,199,,N
B,2B12_A_B,naive,0,A,L,204,,R
B,2B12_A_B,naive,0,A,N,205,,V
B,2B12_A_B,naive,0,A,Y,229,,T
B,2B12_A_B,naive,0,A,Q,255,,E
B,2B12_A_B,naive,0,B,K,77,,R
B,2B12_A_B,naive,0,B,K,78,,A
B,2B12_A_B,naive,0,B,A,86,,S
B,2B12_A_B,naive,1,A,A,193,,D
B,2B12_A_B,naive,1,A,N,195,,L
B,2B12_A_B,naive,1,A,E,201,,D
B,2B12_A_B,naive,1,A,L,204,,R
B,2B12_A_B,naive,1,A,N,205,,E
B,2B12_A_B,naive,1,A,S,227,,N
B,2B12_A_B,naive,1,A,Y,229,,T
B,2B12_A_B,naive,1,A,Q,255,,E
B,2B12_A_B,naive,1,B,N,75,,S
B,2B12_A_B,naive,1,B,K,77,,R
B,2B12_A_B,naive,1,B,K,78,,A
B,2B12_A_B,naive,1,B,A,86,,P
B,2B12_A_B,naive,2,A,A,193,,S
B,2B12_A_B,naive,2,A,N,195,,R
B,2B12_A_B,naive,2,A,T,199,,N
B,2B12_A_B,naive,2,A,L,204,,R
B,2B12_A_B,naive,2,A,S,227,,N
B,2B12_A_B,naive,2,A,Y,229,,T
B,2B12_A_B,naive,2,A,Q,255,,P
B,2B12_A_B,naive,2,B,A,56,,S
B,2B12_A_B,naive,2,B,K,77,,R
B,2B12_A_B,naive,2,B,K,78,,A
B,2B12_A_B,naive,2,B,K,84,,R
B,2B12_A_B,naive,2,B,A,86,,S
B,2B12_A_B,random,0,A,A,193,,N
B,2B12_A_B,random,0,A,A,194,,P
B,2B12_A_B,random,0,A,N,195,,T
B,2B12_A_B,random,0,A,T,199,,R
B,2B12_A_B,random,0,A,E,201,,Q
B,2B12_A_B,random,0,A,L,204,,K
B,2B12_A_B,random,0,A,N,205,,E
B,2B12_A_B,random,0,A,N,208,,T
B,2B12_A_B,random,0,A,S,227,,C
B,2B12_A_B,random,0,A,Y,229,,G
B,2B12_A_B,random,0,A,Q,255,,A
B,2B12_A_B,random,0,B,A,56,,D
B,2B12_A_B,random,0,B,N,75,,D
B,2B12_A_B,random,0,B,K,77,,E
B,2B12_A_B,random,0,B,K,78,,R
B,2B12_A_B,random,0,B,K,84,,H
B,2B12_A_B,random,0,B,A,86,,S
B,2B12_A_B,random,0,B,G,88,,D
B,2B12_A_B,random,1,A,A,193,,E
B,2B12_A_B,random,1,A,A,194,,P
B,2B12_A_B,random,1,A,N,195,,T
B,2B12_A_B,random,1,A,T,199,,N
B,2B12_A_B,random,1,A,E,201,,M
B,2B12_A_B,random,1,A,L,204,,R
B,2B12_A_B,random,1,A,N,205,,S
B,2B12_A_B,random,1,A,N,208,,Q
B,2B12_A_B,random,1,A,S,227,,A
B,2B12_A_B,random,1,A,Y,229,,N
B,2B12_A_B,random,1,A,Q,255,,E
B,2B12_A_B,random,1,B,A,56,,E
B,2B12_A_B,random,1,B,N,75,,S
B,2B12_A_B,random,1,B,K,77,,A
B,2B12_A_B,random,1,B,K,78,,Q
B,2B12_A_B,random,1,B,K,84,,P
B,2B12_A_B,random,1,B,A,86,,G
B,2B12_A_B,random,1,B,G,88,,E
B,2B12_A_B,random,2,A,A,193,,F
B,2B12_A_B,random,2,A,A,194,,P
B,2B12_A_B,random,2,A,N,195,,R
B,2B12_A_B,random,2,A,V,197,,I
B,2B12_A_B,random,2,A,T,199,,Y
B,2B12_A_B,random,2,A,E,201,,M
B,2B12_A_B,random,2,A,L,204,,Q
B,2B12_A_B,random,2,A,N,205,,E
B,2B12_A_B,random,2,A,N,208,,T
B,2B12_A_B,random,2,A,S,227,,C
B,2B12_A_B,random,2,A,Y,229,,R
B,2B12_A_B,random,2,B,A,56,,I
B,2B12_A_B,random,2,B,N,75,,T
B,2B12_A_B,random,2,B,K,77,,A
B,2B12_A_B,random,2,B,K,78,,D
B,2B12_A_B,random,2,B,K,84,,P
B,2B12_A_B,random,2,B,A,86,,S
B,2B12_A_B,random,2,B,G,88,,C
B,2HRK_A_B,L,0,A,N,105,,T
B,2HRK_A_B,L,0,A,L,106,,F
B,2HRK_A_B,L,0,A,R,107,,H
B,2HRK_A_B,L,0,A,T,108,,M
B,2HRK_A_B,L,0,A,V,143,,P
B,2HRK_A_B,L,0,A,L,151,,W
B,2HRK_A_B,L,0,A,D,155,,Y
B,2HRK_A_B,L,0,B,R,52,,T
B,2HRK_A_B,L,0,B,D,53,,Y
B,2HRK_A_B,L,0,B,T,55,,M
B,2HRK_A_B,L,0,B,S,59,,D
B,2HRK_A_B,L,0,B,T,60,,Y
B,2HRK_A_B,L,0,B,R,96,,H
B,2HRK_A_B,L,0,B,H,97,,N
B,2HRK_A_B,L,0,B,N,107,,R
B,2HRK_A_B,L,0,B,H,121,,D
B,2HRK_A_B,L,1,A,N,105,,K
B,2HRK_A_B,L,1,A,L,106,,F
B,2HRK_A_B,L,1,A,R,107,,N
B,2HRK_A_B,L,1,A,T,108,,M
B,2HRK_A_B,L,1,A,K,140,,N
B,2HRK_A_B,L,1,A,V,143,,S
B,2HRK_A_B,L,1,A,N,144,,A
B,2HRK_A_B,L,1,A,L,151,,H
B,2HRK_A_B,L,1,A,D,155,,Y
B,2HRK_A_B,L,1,B,R,52,,K
B,2HRK_A_B,L,1,B,D,53,,F
B,2HRK_A_B,L,1,B,T,55,,M
B,2HRK_A_B,L,1,B,S,59,,D
B,2HRK_A_B,L,1,B,R,96,,C
B,2HRK_A_B,L,1,B,H,97,,A
B,2HRK_A_B,L,1,B,N,107,,D
B,2HRK_A_B,L,1,B,H,121,,V
B,2HRK_A_B,L,2,A,N,105,,C
B,2HRK_A_B,L,2,A,L,106,,F
B,2HRK_A_B,L,2,A,R,107,,H
B,2HRK_A_B,L,2,A,T,108,,L
B,2HRK_A_B,L,2,A,V,143,,I
B,2HRK_A_B,L,2,A,L,151,,W
B,2HRK_A_B,L,2,A,D,155,,F
B,2HRK_A_B,L,2,B,R,52,,E
B,2HRK_A_B,L,2,B,D,53,,M
B,2HRK_A_B,L,2,B,T,55,,M
B,2HRK_A_B,L,2,B,S,59,,D
B,2HRK_A_B,L,2,B,R,96,,H
B,2HRK_A_B,L,2,B,H,97,,N
B,2HRK_A_B,L,2,B,N,107,,R
B,2HRK_A_B,L,2,B,H,121,,E
B,2HRK_A_B,naive,0,A,N,105,,Q
B,2HRK_A_B,naive,0,A,L,106,,F
B,2HRK_A_B,naive,0,A,R,107,,K
B,2HRK_A_B,naive,0,A,T,108,,L
B,2HRK_A_B,naive,0,A,V,143,,P
B,2HRK_A_B,naive,0,A,L,151,,H
B,2HRK_A_B,naive,0,A,M,154,,K
B,2HRK_A_B,naive,0,A,D,155,,N
B,2HRK_A_B,naive,0,B,R,52,,Q
B,2HRK_A_B,naive,0,B,D,53,,N
B,2HRK_A_B,naive,0,B,T,55,,L
B,2HRK_A_B,naive,0,B,S,59,,D
B,2HRK_A_B,naive,0,B,T,60,,S
B,2HRK_A_B,naive,0,B,H,97,,N
B,2HRK_A_B,naive,0,B,H,121,,N
B,2HRK_A_B,naive,1,A,N,105,,K
B,2HRK_A_B,naive,1,A,L,106,,F
B,2HRK_A_B,naive,1,A,T,108,,N
B,2HRK_A_B,naive,1,A,V,143,,P
B,2HRK_A_B,naive,1,A,L,151,,H
B,2HRK_A_B,naive,1,A,M,154,,K
B,2HRK_A_B,naive,1,B,R,52,,K
B,2HRK_A_B,naive,1,B,D,53,,Y
B,2HRK_A_B,naive,1,B,T,55,,N
B,2HRK_A_B,naive,1,B,S,59,,N
B,2HRK_A_B,naive,1,B,T,60,,S
B,2HRK_A_B,naive,1,B,H,97,,N
B,2HRK_A_B,naive,1,B,N,107,,E
B,2HRK_A_B,naive,1,B,H,121,,L
B,2HRK_A_B,naive,2,A,N,105,,K
B,2HRK_A_B,naive,2,A,L,106,,Y
B,2HRK_A_B,naive,2,A,R,107,,N
B,2HRK_A_B,naive,2,A,T,108,,L
B,2HRK_A_B,naive,2,A,V,143,,E
B,2HRK_A_B,naive,2,A,L,151,,H
B,2HRK_A_B,naive,2,A,M,154,,K
B,2HRK_A_B,naive,2,A,D,155,,Y
B,2HRK_A_B,naive,2,B,R,52,,K
B,2HRK_A_B,naive,2,B,D,53,,Y
B,2HRK_A_B,naive,2,B,T,55,,L
B,2HRK_A_B,naive,2,B,S,59,,E
B,2HRK_A_B,naive,2,B,H,97,,N
B,2HRK_A_B,naive,2,B,N,107,,A
B,2HRK_A_B,naive,2,B,H,121,,R
B,2HRK_A_B,random,0,A,N,105,,K
B,2HRK_A_B,random,0,A,L,106,,T
B,2HRK_A_B,random,0,A,R,107,,K
B,2HRK_A_B,random,0,A,T,108,,L
B,2HRK_A_B,random,0,A,L,114,,S
B,2HRK_A_B,random,0,A,V,143,,P
B,2HRK_A_B,random,0,A,L,151,,W
B,2HRK_A_B,random,0,A,M,154,,R
B,2HRK_A_B,random,0,A,D,155,,C
B,2HRK_A_B,random,0,B,R,52,,K
B,2HRK_A_B,random,0,B,D,53,,T
B,2HRK_A_B,random,0,B,T,55,,L
B,2HRK_A_B,random,0,B,S,59,,N
B,2HRK_A_B,random,0,B,T,60,,Y
B,2HRK_A_B,random,0,B,L,61,,T
B,2HRK_A_B,random,0,B,R,96,,C
B,2HRK_A_B,random,0,B,H,97,,N
B,2HRK_A_B,random,0,B,N,107,,R
B,2HRK_A_B,random,0,B,H,121,,L
B,2HRK_A_B,random,1,A,N,105,,K
B,2HRK_A_B,random,1,A,L,106,,D
B,2HRK_A_B,random,1,A,R,107,,Q
B,2HRK_A_B,random,1,A,T,108,,N
B,2HRK_A_B,random,1,A,L,114,,S
B,2HRK_A_B,random,1,A,K,140,,N
B,2HRK_A_B,random,1,A,V,143,,S
B,2HRK_A_B,random,1,A,N,144,,T
B,2HRK_A_B,random,1,A,L,151,,M
B,2HRK_A_B,random,1,A,M,154,,R
B,2HRK_A_B,random,1,A,D,155,,N
B,2HRK_A_B,random,1,B,R,52,,K
B,2HRK_A_B,random,1,B,D,53,,Y
B,2HRK_A_B,random,1,B,T,55,,L
B,2HRK_A_B,random,1,B,S,59,,N
B,2HRK_A_B,random,1,B,L,61,,T
B,2HRK_A_B,random,1,B,R,96,,C
B,2HRK_A_B,random,1,B,H,97,,T
B,2HRK_A_B,random,1,B,N,107,,D
B,2HRK_A_B,random,1,B,H,121,,V
B,2HRK_A_B,random,2,A,N,105,,K
B,2HRK_A_B,random,2,A,L,106,,T
B,2HRK_A_B,random,2,A,R,107,,C
B,2HRK_A_B,random,2,A,T,108,,N
B,2HRK_A_B,random,2,A,L,114,,S
B,2HRK_A_B,random,2,A,K,140,,A
B,2HRK_A_B,random,2,A,V,143,,P
B,2HRK_A_B,random,2,A,N,144,,Y
B,2HRK_A_B,random,2,A,L,151,,M
B,2HRK_A_B,random,2,A,M,154,,R
B,2HRK_A_B,random,2,A,D,155,,C
B,2HRK_A_B,random,2,B,R,52,,K
B,2HRK_A_B,random,2,B,D,53,,M
B,2HRK_A_B,random,2,B,T,55,,C
B,2HRK_A_B,random,2,B,S,59,,C
B,2HRK_A_B,random,2,B,L,61,,T
B,2HRK_A_B,random,2,B,R,96,,D
B,2HRK_A_B,random,2,B,H,97,,E
B,2HRK_A_B,random,2,B,L,108,,N
B,2HRK_A_B,random,2,B,H,121,,E
B,2JEL_LH_P,L,0,L,H,31,,N
B,2JEL_LH_P,L,0,L,G,32,,F
B,2JEL_LH_P,L,0,L,N,33,,D
B,2JEL_LH_P,L,0,L,Y,37,,F
B,2JEL_LH_P,L,0,L,V,99,,W
B,2JEL_LH_P,L,0,L,Y,101,,L
B,2JEL_LH_P,L,0,H,T,31,,K
B,2JEL_LH_P,L,0,H,L,50,,S
B,2JEL_LH_P,L,0,H,S,55,,D
B,2JEL_LH_P,L,0,H,Y,57,,R
B,2JEL_LH_P,L,0,H,V,99,,T
B,2JEL_LH_P,L,0,H,M,100,,N
B,2JEL_LH_P,L,0,H,Y,104,,S
B,2JEL_LH_P,L,0,P,M,1,,P
B,2JEL_LH_P,L,0,P,F,2,,W
B,2JEL_LH_P,L,0,P,Q,3,,C
B,2JEL_LH_P,L,0,P,T,34,,W
B,2JEL_LH_P,L,0,P,T,36,,A
B,2JEL_LH_P,L,0,P,S,41,,A
B,2JEL_LH_P,L,0,P,S,64,,C
B,2JEL_LH_P,L,0,P,E,66,,I
B,2JEL_LH_P,L,0,P,E,68,,D
B,2JEL_LH_P,L,0,P,Q,71,,L
B,2JEL_LH_P,L,0,P,K,72,,A
B,2JEL_LH_P,L,0,P,E,75,,S
B,2JEL_LH_P,L,1,L,N,33,,D
B,2JEL_LH_P,L,1,L,V,99,,W
B,2JEL_LH_P,L,1,H,T,31,,K
B,2JEL_LH_P,L,1,H,A,33,,S
B,2JEL_LH_P,L,1,H,L,50,,C
B,2JEL_LH_P,L,1,H,S,55,,N
B,2JEL_LH_P,L,1,H,Y,57,,N
B,2JEL_LH_P,L,1,H,V,99,,A
B,2JEL_LH_P,L,1,H,M,100,,N
B,2JEL_LH_P,L,1,H,G,101,,E
B,2JEL_LH_P,L,1,H,Y,104,,L
B,2JEL_LH_P,L,1,P,M,1,,A
B,2JEL_LH_P,L,1,P,F,2,,W
B,2JEL_LH_P,L,1,P,Q,3,,S
B,2JEL_LH_P,L,1,P,Q,4,,M
B,2JEL_LH_P,L,1,P,T,34,,F
B,2JEL_LH_P,L,1,P,T,36,,E
B,2JEL_LH_P,L,1,P,S,41,,A
B,2JEL_LH_P,L,1,P,S,64,,T
B,2JEL_LH_P,L,1,P,E,66,,V
B,2JEL_LH_P,L,1,P,E,68,,P
B,2JEL_LH_P,L,1,P,Q,71,,L
B,2JEL_LH_P,L,1,P,K,72,,A
B,2JEL_LH_P,L,1,P,E,75,,N
B,2JEL_LH_P,L,2,L,G,32,,Y
B,2JEL_LH_P,L,2,L,N,33,,D
B,2JEL_LH_P,L,2,L,Y,37,,F
B,2JEL_LH_P,L,2,L,V,99,,R
B,2JEL_LH_P,L,2,H,T,31,,K
B,2JEL_LH_P,L,2,H,L,50,,S
B,2JEL_LH_P,L,2,H,Y,57,,L
B,2JEL_LH_P,L,2,H,V,99,,N
B,2JEL_LH_P,L,2,H,M,100,,C
B,2JEL_LH_P,L,2,H,Y,104,,T
B,2JEL_LH_P,L,2,P,M,1,,P
B,2JEL_LH_P,L,2,P,F,2,,W
B,2JEL_LH_P,L,2,P,Q,3,,E
B,2JEL_LH_P,L,2,P,Q,4,,I
B,2JEL_LH_P,L,2,P,T,34,,W
B,2JEL_LH_P,L,2,P,T,36,,S
B,2JEL_LH_P,L,2,P,S,41,,A
B,2JEL_LH_P,L,2,P,S,64,,Y
B,2JEL_LH_P,L,2,P,E,66,,I
B,2JEL_LH_P,L,2,P,E,68,,T
B,2JEL_LH_P,L,2,P,Q,71,,L
B,2JEL_LH_P,L,2,P,K,72,,A
B,2JEL_LH_P,L,2,P,E,75,,A
B,2JEL_LH_P,naive,0,L,H,31,,N
B,2JEL_LH_P,naive,0,L,G,32,,A
B,2JEL_LH_P,naive,0,L,Y,37,,R
B,2JEL_LH_P,naive,0,L,V,99,,L
B,2JEL_LH_P,naive,0,L,Y,101,,R
B,2JEL_LH_P,naive,0,H,T,31,,K
B,2JEL_LH_P,naive,0,H,A,33,,D
B,2JEL_LH_P,naive,0,H,L,50,,S
B,2JEL_LH_P,naive,0,H,Y,57,,D
B,2JEL_LH_P,naive,0,H,V,99,,S
B,2JEL_LH_P,naive,0,H,M,100,,N
B,2JEL_LH_P,naive,0,H,Y,104,,D
B,2JEL_LH_P,naive,0,P,M,1,,A
B,2JEL_LH_P,naive,0,P,F,2,,Y
B,2JEL_LH_P,naive,0,P,Q,3,,S
B,2JEL_LH_P,naive,0,P,Q,4,,K
B,2JEL_LH_P,naive,0,P,T,36,,E
B,2JEL_LH_P,naive,0,P,E,66,,T
B,2JEL_LH_P,naive,0,P,G,67,,W
B,2JEL_LH_P,naive,0,P,E,68,,I
B,2JEL_LH_P,naive,0,P,Q,71,,L
B,2JEL_LH_P,naive,0,P,K,72,,A
B,2JEL_LH_P,naive,0,P,E,75,,A
B,2JEL_LH_P,naive,1,L,H,31,,A
B,2JEL_LH_P,naive,1,L,G,32,,A
B,2JEL_LH_P,naive,1,L,N,33,,D
B,2JEL_LH_P,naive,1,L,V,99,,S
B,2JEL_LH_P,naive,1,H,T,31,,R
B,2JEL_LH_P,naive,1,H,A,33,,S
B,2JEL_LH_P,naive,1,H,L,50,,S
B,2JEL_LH_P,naive,1,H,Y,57,,A
B,2JEL_LH_P,naive,1,H,V,99,,S
B,2JEL_LH_P,naive,1,H,M,100,,N
B,2JEL_LH_P,naive,1,P,F,2,,Y
B,2JEL_LH_P,naive,1,P,Q,3,,A
B,2JEL_LH_P,naive,1,P,Q,4,,R
B,2JEL_LH_P,naive,1,P,T,36,,E
B,2JEL_LH_P,naive,1,P,E,66,,T
B,2JEL_LH_P,naive,1,P,Q,71,,L
B,2JEL_LH_P,naive,1,P,E,75,,A
B,2JEL_LH_P,naive,2,L,H,31,,A
B,2JEL_LH_P,naive,2,L,G,32,,A
B,2JEL_LH_P,naive,2,L,N,33,,D
B,2JEL_LH_P,naive,2,L,V,99,,S
B,2JEL_LH_P,naive,2,H,T,31,,A
B,2JEL_LH_P,naive,2,H,A,33,,D
B,2JEL_LH_P,naive,2,H,L,50,,S
B,2JEL_LH_P,naive,2,H,S,55,,D
B,2JEL_LH_P,naive,2,H,Y,57,,S
B,2JEL_LH_P,naive,2,H,V,99,,S
B,2JEL_LH_P,naive,2,H,M,100,,R
B,2JEL_LH_P,naive,2,H,Y,104,,T
B,2JEL_LH_P,naive,2,P,M,1,,A
B,2JEL_LH_P,naive,2,P,F,2,,Y
B,2JEL_LH_P,naive,2,P,Q,3,,S
B,2JEL_LH_P,naive,2,P,Q,4,,R
B,2JEL_LH_P,naive,2,P,T,34,,W
B,2JEL_LH_P,naive,2,P,T,36,,S
B,2JEL_LH_P,naive,2,P,E,66,,T
B,2JEL_LH_P,naive,2,P,G,67,,P
B,2JEL_LH_P,naive,2,P,E,68,,T
B,2JEL_LH_P,naive,2,P,Q,71,,L
B,2JEL_LH_P,naive,2,P,E,75,,A
B,2JEL_LH_P,random,0,L,H,31,,N
B,2JEL_LH_P,random,0,L,G,32,,C
B,2JEL_LH_P,random,0,L,N,33,,D
B,2JEL_LH_P,random,0,L,Y,37,,W
B,2JEL_LH_P,random,0,L,V,99,,W
B,2JEL_LH_P,random,0,L,Y,101,,L
B,2JEL_LH_P,random,0,H,T,31,,K
B,2JEL_LH_P,random,0,H,A,33,,S
B,2JEL_LH_P,random,0,H,L,50,,S
B,2JEL_LH_P,random,0,H,S,52,,V
B,2JEL_LH_P,random,0,H,Y,54,,V
B,2JEL_LH_P,random,0,H,Y,57,,S
B,2JEL_LH_P,random,0,H,V,99,,T
B,2JEL_LH_P,random,0,H,M,100,,A
B,2JEL_LH_P,random,0,H,Y,104,,S
B,2JEL_LH_P,random,0,P,M,1,,P
B,2JEL_LH_P,random,0,P,F,2,,M
B,2JEL_LH_P,random,0,P,Q,3,,C
B,2JEL_LH_P,random,0,P,T,36,,A
B,2JEL_LH_P,random,0,P,S,64,,C
B,2JEL_LH_P,random,0,P,E,66,,V
B,2JEL_LH_P,random,0,P,E,68,,A
B,2JEL_LH_P,random,0,P,E,70,,S
B,2JEL_LH_P,random,0,P,Q,71,,W
B,2JEL_LH_P,random,0,P,K,72,,E
B,2JEL_LH_P,random,0,P,E,75,,A
B,2JEL_LH_P,random,1,L,H,31,,N
B,2JEL_LH_P,random,1,L,G,32,,N
B,2JEL_LH_P,random,1,L,N,33,,D
B,2JEL_LH_P,random,1,L,V,99,,W
B,2JEL_LH_P,random,1,H,T,31,,K
B,2JEL_LH_P,random,1,H,A,33,,D
B,2JEL_LH_P,random,1,H,L,50,,C
B,2JEL_LH_P,random,1,H,Y,54,,V
B,2JEL_LH_P,random,1,H,Y,57,,N
B,2JEL_LH_P,random,1,H,V,99,,S
B,2JEL_LH_P,random,1,H,M,100,,N
B,2JEL_LH_P,random,1,H,Y,104,,L
B,2JEL_LH_P,random,1,P,M,1,,A
B,2JEL_LH_P,random,1,P,F,2,,M
B,2JEL_LH_P,random,1,P,Q,3,,S
B,2JEL_LH_P,random,1,P,Q,4,,M
B,2JEL_LH_P,random,1,P,T,36,,K
B,2JEL_LH_P,random,1,P,S,64,,V
B,2JEL_LH_P,random,1,P,E,66,,V
B,2JEL_LH_P,random,1,P,E,68,,P
B,2JEL_LH_P,random,1,P,E,70,,S
B,2JEL_LH_P,random,1,P,Q,71,,W
B,2JEL_LH_P,random,1,P,K,72,,L
B,2JEL_LH_P,random,1,P,E,75,,N
B,2JEL_LH_P,random,2,L,H,31,,N
B,2JEL_LH_P,random,2,L,G,32,,Y
B,2JEL_LH_P,random,2,L,N,33,,D
B,2JEL_LH_P,random,2,L,V,99,,R
B,2JEL_LH_P,random,2,L,Y,101,,W
B,2JEL_LH_P,random,2,H,T,31,,K
B,2JEL_LH_P,random,2,H,A,33,,S
B,2JEL_LH_P,random,2,H,L,50,,S
B,2JEL_LH_P,random,2,H,S,52,,Q
B,2JEL_LH_P,random,2,H,Y,54,,V
B,2JEL_LH_P,random,2,H,Y,57,,S
B,2JEL_LH_P,random,2,H,M,100,,V
B,2JEL_LH_P,random,2,H,Y,104,,T
B,2JEL_LH_P,random,2,P,M,1,,P
B,2JEL_LH_P,random,2,P,F,2,,Y
B,2JEL_LH_P,random,2,P,Q,3,,E
B,2JEL_LH_P,random,2,P,Q,4,,I
B,2JEL_LH_P,random,2,P,T,34,,V
B,2JEL_LH_P,random,2,P,T,36,,K
B,2JEL_LH_P,random,2,P,S,64,,Y
B,2JEL_LH_P,random,2,P,E,66,,I
B,2JEL_LH_P,random,2,P,E,68,,S
B,2JEL_LH_P,random,2,P,Q,71,,L
B,2JEL_LH_P,random,2,P,K,72,,A
B,2JEL_LH_P,random,2,P,E,75,,A
B,2KSO_A_B,L,0,A,S,8,,E
B,2KSO_A_B,L,0,A,K,10,,N
B,2KSO_A_B,L,0,A,L,44,,K
B,2KSO_A_B,L,0,A,H,47,,M
B,2KSO_A_B,L,0,A,K,49,,H
B,2KSO_A_B,L,0,A,R,50,,T
B,2KSO_A_B,L,0,A,Y,53,,D
B,2KSO_A_B,L,0,B,V,19,,K
B,2KSO_A_B,L,0,B,H,20,,D
B,2KSO_A_B,L,0,B,N,21,,A
B,2KSO_A_B,L,0,B,W,23,,F
B,2KSO_A_B,L,0,B,D,25,,T
B,2KSO_A_B,L,0,B,F,28,,N
B,2KSO_A_B,L,0,B,E,35,,N
B,2KSO_A_B,L,0,B,D,36,,E
B,2KSO_A_B,L,0,B,E,38,,A
B,2KSO_A_B,L,0,B,E,39,,V
B,2KSO_A_B,L,1,A,E,7,,R
B,2KSO_A_B,L,1,A,S,8,,E
B,2KSO_A_B,L,1,A,K,10,,N
B,2KSO_A_B,L,1,A,L,44,,Q
B,2KSO_A_B,L,1,A,K,49,,E
B,2KSO_A_B,L,1,A,R,50,,T
B,2KSO_A_B,L,1,A,Y,53,,A
B,2KSO_A_B,L,1,B,V,19,,E
B,2KSO_A_B,L,1,B,H,20,,K
B,2KSO_A_B,L,1,B,N,21,,A
B,2KSO_A_B,L,1,B,W,23,,L
B,2KSO_A_B,L,1,B,D,25,,T
B,2KSO_A_B,L,1,B,F,28,,I
B,2KSO_A_B,L,1,B,E,35,,A
B,2KSO_A_B,L,1,B,D,36,,A
B,2KSO_A_B,L,1,B,E,38,,V
B,2KSO_A_B,L,1,B,E,39,,V
B,2KSO_A_B,L,2,A,S,8,,R
B,2KSO_A_B,L,2,A,K,10,,N
B,2KSO_A_B,L,2,A,L,44,,K
B,2KSO_A_B,L,2,A,H,47,,E
B,2KSO_A_B,L,2,A,K,49,,Y
B,2KSO_A_B,L,2,A,R,50,,S
B,2KSO_A_B,L,2,A,Y,53,,D
B,2KSO_A_B,L,2,B,V,19,,Q
B,2KSO_A_B,L,2,B,H,20,,E
B,2KSO_A_B,L,2,B,N,21,,C
B,2KSO_A_B,L,2,B,W,23,,L
B,2KSO_A_B,L,2,B,D,25,,Q
B,2KSO_A_B,L,2,B,F,28,,I
B,2KSO_A_B,L,2,B,E,35,,D
B,2KSO_A_B,L,2,B,D,36,,E
B,2KSO_A_B,L,2,B,E,39,,V
B,2KSO_A_B,naive,0,A,E,7,,K
B,2KSO_A_B,naive,0,A,S,8,,R
B,2KSO_A_B,naive,0,A,K,10,,G
B,2KSO_A_B,naive,0,A,L,44,,R
B,2KSO_A_B,naive,0,A,H,47,,E
B,2KSO_A_B,naive,0,A,K,49,,H
B,2KSO_A_B,naive,0,A,R,50,,T
B,2KSO_A_B,naive,0,A,Y,53,,A
B,2KSO_A_B,naive,0,B,V,19,,K
B,2KSO_A_B,naive,0,B,H,20,,E
B,2KSO_A_B,naive,0,B,N,21,,C
B,2KSO_A_B,naive,0,B,W,23,,L
B,2KSO_A_B,naive,0,B,F,28,,I
B,2KSO_A_B,naive,0,B,E,35,,A
B,2KSO_A_B,naive,0,B,D,36,,Q
B,2KSO_A_B,naive,0,B,E,39,,V
B,2KSO_A_B,naive,1,A,E,7,,K
B,2KSO_A_B,naive,1,A,S,8,,A
B,2KSO_A_B,naive,1,A,K,10,,G
B,2KSO_A_B,naive,1,A,L,44,,H
B,2KSO_A_B,naive,1,A,H,47,,D
B,2KSO_A_B,naive,1,A,K,49,,E
B,2KSO_A_B,naive,1,A,R,50,,T
B,2KSO_A_B,naive,1,A,Y,53,,R
B,2KSO_A_B,naive,1,B,V,19,,H
B,2KSO_A_B,naive,1,B,H,20,,R
B,2KSO_A_B,naive,1,B,N,21,,C
B,2KSO_A_B,naive,1,B,W,23,,L
B,2KSO_A_B,naive,1,B,D,24,,F
B,2KSO_A_B,naive,1,B,F,28,,V
B,2KSO_A_B,naive,1,B,D,36,,Q
B,2KSO_A_B,naive,1,B,E,38,,S
B,2KSO_A_B,naive,1,B,E,39,,V
B,2KSO_A_B,naive,2,A,E,7,,T
B,2KSO_A_B,naive,2,A,S,8,,F
B,2KSO_A_B,naive,2,A,K,10,,G
B,2KSO_A_B,naive,2,A,L,44,,E
B,2KSO_A_B,naive,2,A,H,47,,D
B,2KSO_A_B,naive,2,A,K,49,,A
B,2KSO_A_B,naive,2,A,R,50,,T
B,2KSO_A_B,naive,2,A,Y,53,,K
B,2KSO_A_B,naive,2,B,V,19,,E
B,2KSO_A_B,naive,2,B,H,20,,K
B,2KSO_A_B,naive,2,B,N,21,,C
B,2KSO_A_B,naive,2,B,W,23,,L
B,2KSO_A_B,naive,2,B,D,24,,G
B,2KSO_A_B,naive,2,B,D,25,,N
B,2KSO_A_B,naive,2,B,F,28,,I
B,2KSO_A_B,naive,2,B,E,35,,Q
B,2KSO_A_B,naive,2,B,D,36,,Q
B,2KSO_A_B,naive,2,B,E,38,,A
B,2KSO_A_B,naive,2,B,E,39,,V
B,2KSO_A_B,random,0,A,E,7,,N
B,2KSO_A_B,random,0,A,S,8,,E
B,2KSO_A_B,random,0,A,K,10,,G
B,2KSO_A_B,random,0,A,L,44,,S
B,2KSO_A_B,random,0,A,G,46,,C
B,2KSO_A_B,random,0,A,H,47,,E
B,2KSO_A_B,random,0,A,K,49,,E
B,2KSO_A_B,random,0,A,R,50,,T
B,2KSO_A_B,random,0,A,Y,53,,N
B,2KSO_A_B,random,0,B,V,19,,K
B,2KSO_A_B,random,0,B,H,20,,K
B,2KSO_A_B,random,0,B,N,21,,A
B,2KSO_A_B,random,0,B,W,23,,F
B,2KSO_A_B,random,0,B,D,24,,N
B,2KSO_A_B,random,0,B,D,25,,T
B,2KSO_A_B,random,0,B,F,28,,T
B,2KSO_A_B,random,0,B,E,35,,N
B,2KSO_A_B,random,0,B,D,36,,E
B,2KSO_A_B,random,0,B,E,38,,A
B,2KSO_A_B,random,0,B,E,39,,V
B,2KSO_A_B,random,1,A,E,7,,R
B,2KSO_A_B,random,1,A,S,8,,E
B,2KSO_A_B,random,1,A,K,10,,D
B,2KSO_A_B,random,1,A,L,44,,Q
B,2KSO_A_B,random,1,A,P,45,,T
B,2KSO_A_B,random,1,A,G,46,,C
B,2KSO_A_B,random,1,A,K,49,,E
B,2KSO_A_B,random,1,A,Y,53,,A
B,2KSO_A_B,random,1,B,V,19,,D
B,2KSO_A_B,random,1,B,H,20,,K
B,2KSO_A_B,random,1,B,N,21,,V
B,2KSO_A_B,random,1,B,W,23,,L
B,2KSO_A_B,random,1,B,D,25,,T
B,2KSO_A_B,random,1,B,F,28,,I
B,2KSO_A_B,random,1,B,E,35,,A
B,2KSO_A_B,random,1,B,D,36,,A
B,2KSO_A_B,random,1,B,E,38,,V
B,2KSO_A_B,random,1,B,E,39,,V
B,2KSO_A_B,random,2,A,S,8,,R
B,2KSO_A_B,random,2,A,K,10,,G
B,2KSO_A_B,random,2,A,L,44,,R
B,2KSO_A_B,random,2,A,G,46,,C
B,2KSO_A_B,random,2,A,H,47,,E
B,2KSO_A_B,random,2,A,K,49,,Y
B,2KSO_A_B,random,2,A,R,50,,T
B,2KSO_A_B,random,2,A,Y,53,,D
B,2KSO_A_B,random,2,B,V,19,,Q
B,2KSO_A_B,random,2,B,H,20,,K
B,2KSO_A_B,random,2,B,N,21,,Q
B,2KSO_A_B,random,2,B,W,23,,Y
B,2KSO_A_B,random,2,B,D,24,,G
B,2KSO_A_B,random,2,B,D,25,,Q
B,2KSO_A_B,random,2,B,F,28,,I
B,2KSO_A_B,random,2,B,E,35,,N
B,2KSO_A_B,random,2,B,D,36,,E
B,2KSO_A_B,random,2,B,E,39,,H
B,2NU2_E_I,L,0,E,T,11,,K
B,2NU2_E_I,L,0,E,G,12,,H
B,2NU2_E_I,L,0,E,R,13,,C
B,2NU2_E_I,L,0,E,H,33,,S
B,2NU2_E_I,L,0,E,N,119,,D
B,2NU2_E_I,L,0,E,Y,120,,F
B,2NU2_E_I,L,0,E,G,122,,D
B,2NU2_E_I,L,0,E,A,136,,G
B,2NU2_E_I,L,0,E,P,138,,G
B,2NU2_E_I,L,0,E,S,141,,E
B,2NU2_E_I,L,0,E,S,159,,Y
B,2NU2_E_I,L,0,I,P,9,,A
B,2NU2_E_I,L,0,I,T,12,,L
B,2NU2_E_I,L,0,I,R,13,,L
B,2NU2_E_I,L,0,I,E,14,,L
B,2NU2_E_I,L,0,I,Y,15,,L
B,2NU2_E_I,L,0,I,R,16,,V
B,2NU2_E_I,L,0,I,N,31,,E
B,2NU2_E_I,L,1,E,T,11,,R
B,2NU2_E_I,L,1,E,G,12,,H
B,2NU2_E_I,L,1,E,C,14,,K
B,2NU2_E_I,L,1,E,H,33,,S
B,2NU2_E_I,L,1,E,N,119,,D
B,2NU2_E_I,L,1,E,Y,120,,F
B,2NU2_E_I,L,1,E,G,122,,D
B,2NU2_E_I,L,1,E,A,136,,G
B,2NU2_E_I,L,1,E,P,138,,A
B,2NU2_E_I,L,1,E,S,141,,E
B,2NU2_E_I,L,1,E,S,159,,R
B,2NU2_E_I,L,1,E,G,160,,H
B,2NU2_E_I,L,1,I,P,9,,T
B,2NU2_E_I,L,1,I,T,12,,L
B,2NU2_E_I,L,1,I,R,13,,L
B,2NU2_E_I,L,1,I,E,14,,L
B,2NU2_E_I,L,1,I,Y,15,,W
B,2NU2_E_I,L,1,I,N,31,,I
B,2NU2_E_I,L,2,E,T,11,,H
B,2NU2_E_I,L,2,E,G,12,,H
B,2NU2_E_I,L,2,E,C,14,,A
B,2NU2_E_I,L,2,E,H,33,,S
B,2NU2_E_I,L,2,E,N,119,,D
B,2NU2_E_I,L,2,E,Y,120,,F
B,2NU2_E_I,L,2,E,G,122,,D
B,2NU2_E_I,L,2,E,A,136,,G
B,2NU2_E_I,L,2,E,P,138,,C
B,2NU2_E_I,L,2,E,S,141,,G
B,2NU2_E_I,L,2,E,S,159,,N
B,2NU2_E_I,L,2,I,K,8,,R
B,2NU2_E_I,L,2,I,P,9,,D
B,2NU2_E_I,L,2,I,C,11,,Y
B,2NU2_E_I,L,2,I,T,12,,L
B,2NU2_E_I,L,2,I,R,13,,L
B,2NU2_E_I,L,2,I,E,14,,L
B,2NU2_E_I,L,2,I,Y,15,,W
B,2NU2_E_I,L,2,I,R,16,,T
B,2NU2_E_I,L,2,I,N,31,,E
B,2NU2_E_I,naive,0,E,T,11,,K
B,2NU2_E_I,naive,0,E,C,14,,G
B,2NU2_E_I,naive,0,E,N,119,,D
B,2NU2_E_I,naive,0,E,Y,120,,F
B,2NU2_E_I,naive,0,E,G,122,,D
B,2NU2_E_I,naive,0,E,S,141,,G
B,2NU2_E_I,naive,0,I,P,9,,A
B,2NU2_E_I,naive,0,I,T,12,,P
B,2NU2_E_I,naive,0,I,R,13,,L
B,2NU2_E_I,naive,0,I,E,14,,L
B,2NU2_E_I,naive,0,I,Y,15,,L
B,2NU2_E_I,naive,0,I,R,16,,K
B,2NU2_E_I,naive,0,I,N,31,,E
B,2NU2_E_I,naive,1,E,T,11,,S
B,2NU2_E_I,naive,1,E,C,14,,T
B,2NU2_E_I,naive,1,E,N,119,,D
B,2NU2_E_I,naive,1,E,Y,120,,F
B,2NU2_E_I,naive,1,E,S,141,,G
B,2NU2_E_I,naive,1,E,S,159,,Y
B,2NU2_E_I,naive,1,I,T,12,,P
B,2NU2_E_I,naive,1,I,R,13,,L
B,2NU2_E_I,naive,1,I,E,14,,I
B,2NU2_E_I,naive,1,I,Y,15,,L
B,2NU2_E_I,naive,1,I,R,16,,K
B,2NU2_E_I,naive,1,I,N,31,,E
B,2NU2_E_I,naive,2,E,T,11,,Q
B,2NU2_E_I,naive,2,E,R,13,,Q
B,2NU2_E_I,naive,2,E,N,119,,D
B,2NU2_E_I,naive,2,E,Y,120,,F
B,2NU2_E_I,naive,2,E,G,122,,N
B,2NU2_E_I,naive,2,E,S,141,,G
B,2NU2_E_I,naive,2,I,K,8,,L
B,2NU2_E_I,naive,2,I,T,12,,P
B,2NU2_E_I,naive,2,I,E,14,,I
B,2NU2_E_I,naive,2,I,Y,15,,L
B,2NU2_E_I,naive,2,I,N,31,,E
B,2NU2_E_I,random,0,E,T,11,,Y
B,2NU2_E_I,random,0,E,G,12,,H
B,2NU2_E_I,random,0,E,R,13,,T
B,2NU2_E_I,random,0,E,H,33,,S
B,2NU2_E_I,random,0,E,V,118,,I
B,2NU2_E_I,random,0,E,N,119,,D
B,2NU2_E_I,random,0,E,Y,120,,F
B,2NU2_E_I,random,0,E,A,136,,W
B,2NU2_E_I,random,0,E,P,138,,G
B,2NU2_E_I,random,0,E,S,141,,W
B,2NU2_E_I,random,0,E,S,159,,Y
B,2NU2_E_I,random,0,I,P,9,,A
B,2NU2_E_I,random,0,I,A,10,,K
B,2NU2_E_I,random,0,I,T,12,,Y
B,2NU2_E_I,random,0,I,R,13,,L
B,2NU2_E_I,random,0,I,E,14,,H
B,2NU2_E_I,random,0,I,R,16,,V
B,2NU2_E_I,random,0,I,G,27,,K
B,2NU2_E_I,random,0,I,N,31,,S
B,2NU2_E_I,random,1,E,T,11,,R
B,2NU2_E_I,random,1,E,G,12,,A
B,2NU2_E_I,random,1,E,R,13,,P
B,2NU2_E_I,random,1,E,C,14,,K
B,2NU2_E_I,random,1,E,H,33,,S
B,2NU2_E_I,random,1,E,V,118,,I
B,2NU2_E_I,random,1,E,N,119,,D
B,2NU2_E_I,random,1,E,Y,120,,F
B,2NU2_E_I,random,1,E,G,122,,A
B,2NU2_E_I,random,1,E,A,136,,G
B,2NU2_E_I,random,1,E,P,138,,G
B,2NU2_E_I,random,1,E,S,141,,Q
B,2NU2_E_I,random,1,E,G,160,,H
B,2NU2_E_I,random,1,I,P,9,,T
B,2NU2_E_I,random,1,I,A,10,,K
B,2NU2_E_I,random,1,I,T,12,,Y
B,2NU2_E_I,random,1,I,R,13,,L
B,2NU2_E_I,random,1,I,E,14,,H
B,2NU2_E_I,random,1,I,R,16,,Y
B,2NU2_E_I,random,1,I,G,27,,K
B,2NU2_E_I,random,1,I,N,31,,E
B,2NU2_E_I,random,2,E,T,11,,H
B,2NU2_E_I,random,2,E,G,12,,N
B,2NU2_E_I,random,2,E,R,13,,I
B,2NU2_E_I,random,2,E,C,14,,A
B,2NU2_E_I,random,2,E,H,33,,S
B,2NU2_E_I,random,2,E,V,118,,I
B,2NU2_E_I,random,2,E,N,119,,D
B,2NU2_E_I,random,2,E,Y,120,,F
B,2NU2_E_I,random,2,E,G,122,,D
B,2NU2_E_I,random,2,E,A,136,,W
B,2NU2_E_I,random,2,E,P,138,,G
B,2NU2_E_I,random,2,E,S,141,,W
B,2NU2_E_I,random,2,E,S,159,,N
B,2NU2_E_I,random,2,I,K,8,,N
B,2NU2_E_I,random,2,I,P,9,,D
B,2NU2_E_I,random,2,I,A,10,,K
B,2NU2_E_I,random,2,I,C,11,,Y
B,2NU2_E_I,random,2,I,R,13,,W
B,2NU2_E_I,random,2,I,R,16,,T
B,2NU2_E_I,random,2,I,G,27,,K
B,2NU2_E_I,random,2,I,N,31,,E
B,2OI9_AQ_BC,L,0,A,Q,65,,R
B,2OI9_AQ_BC,L,0,A,V,66,,E
B,2OI9_AQ_BC,L,0,A,G,69,,F
B,2OI9_AQ_BC,L,0,A,Q,72,,L
B,2OI9_AQ_BC,L,0,A,R,75,,K
B,2OI9_AQ_BC,L,0,A,V,76,,T
B,2OI9_AQ_BC,L,0,A,T,80,,R
B,2OI9_AQ_BC,L,0,A,K,146,,L
B,2OI9_AQ_BC,L,0,A,A,150,,L
B,2OI9_AQ_BC,L,0,A,G,151,,E
B,2OI9_AQ_BC,L,0,A,E,154,,L
B,2OI9_AQ_BC,L,0,A,Y,155,,F
B,2OI9_AQ_BC,L,0,A,A,158,,N
B,2OI9_AQ_BC,L,0,A,E,163,,S
B,2OI9_AQ_BC,L,0,Q,P,4,,K
B,2OI9_AQ_BC,L,0,B,A,28,,E
B,2OI9_AQ_BC,L,0,B,T,29,,D
B,2OI9_AQ_BC,L,0,B,Y,31,,M
B,2OI9_AQ_BC,L,0,B,K,48,,A
B,2OI9_AQ_BC,L,0,B,S,51,,H
B,2OI9_AQ_BC,L,0,B,F,95,,L
B,2OI9_AQ_BC,L,0,B,S,97,,N
B,2OI9_AQ_BC,L,0,C,N,28,,D
B,2OI9_AQ_BC,L,0,C,N,30,,S
B,2OI9_AQ_BC,L,0,C,N,31,,R
B,2OI9_AQ_BC,L,0,C,Y,50,,L
B,2OI9_AQ_BC,L,0,C,A,52,,P
B,2OI9_AQ_BC,L,0,C,S,54,,F
B,2OI9_AQ_BC,L,0,C,G,95,,R
B,2OI9_AQ_BC,L,1,A,Q,65,,R
B,2OI9_AQ_BC,L,1,A,V,66,,E
B,2OI9_AQ_BC,L,1,A,G,69,,Y
B,2OI9_AQ_BC,L,1,A,Q,72,,L
B,2OI9_AQ_BC,L,1,A,R,75,,N
B,2OI9_AQ_BC,L,1,A,R,79,,K
B,2OI9_AQ_BC,L,1,A,T,80,,R
B,2OI9_AQ_BC,L,1,A,K,146,,L
B,2OI9_AQ_BC,L,1,A,A,150,,L
B,2OI9_AQ_BC,L,1,A,G,151,,E
B,2OI9_AQ_BC,L,1,A,E,154,,L
B,2OI9_AQ_BC,L,1,A,A,158,,N
B,2OI9_AQ_BC,L,1,A,E,163,,T
B,2OI9_AQ_BC,L,1,Q,Q,1,,Y
B,2OI9_AQ_BC,L,1,Q,F,5,,Y
B,2OI9_AQ_BC,L,1,B,A,28,,G
B,2OI9_AQ_BC,L,1,B,T,29,,D
B,2OI9_AQ_BC,L,1,B,Y,31,,M
B,2OI9_AQ_BC,L,1,B,K,48,,S
B,2OI9_AQ_BC,L,1,B,S,51,,Y
B,2OI9_AQ_BC,L,1,B,S,97,,N
B,2OI9_AQ_BC,L,1,C,N,28,,E
B,2OI9_AQ_BC,L,1,C,N,30,,S
B,2OI9_AQ_BC,L,1,C,N,31,,R
B,2OI9_AQ_BC,L,1,C,Y,50,,M
B,2OI9_AQ_BC,L,1,C,A,52,,K
B,2OI9_AQ_BC,L,1,C,G,53,,E
B,2OI9_AQ_BC,L,1,C,S,54,,Y
B,2OI9_AQ_BC,L,1,C,G,95,,W
B,2OI9_AQ_BC,L,1,C,G,97,,A
B,2OI9_AQ_BC,L,2,A,Q,65,,E
B,2OI9_AQ_BC,L,2,A,G,69,,D
B,2OI9_AQ_BC,L,2,A,Q,72,,S
B,2OI9_AQ_BC,L,2,A,V,76,,I
B,2OI9_AQ_BC,L,2,A,R,79,,K
B,2OI9_AQ_BC,L,2,A,K,146,,L
B,2OI9_AQ_BC,L,2,A,A,150,,N
B,2OI9_AQ_BC,L,2,A,G,151,,E
B,2OI9_AQ_BC,L,2,A,E,154,,L
B,2OI9_AQ_BC,L,2,A,R,157,,T
B,2OI9_AQ_BC,L,2,A,A,158,,N
B,2OI9_AQ_BC,L,2,A,E,163,,G
B,2OI9_AQ_BC,L,2,Q,Q,1,,C
B,2OI9_AQ_BC,L,2,Q,P,4,,L
B,2OI9_AQ_BC,L,2,Q,F,5,,M
B,2OI9_AQ_BC,L,2,Q,F,7,,H
B,2OI9_AQ_BC,L,2,B,A,28,,Y
B,2OI9_AQ_BC,L,2,B,T,29,,D
B,2OI9_AQ_BC,L,2,B,Y,31,,L
B,2OI9_AQ_BC,L,2,B,K,48,,S
B,2OI9_AQ_BC,L,2,B,Y,50,,L
B,2OI9_AQ_BC,L,2,B,S,51,,H
B,2OI9_AQ_BC,L,2,B,F,95,,R
B,2OI9_AQ_BC,L,2,B,A,96,,N
B,2OI9_AQ_BC,L,2,B,S,97,,N
B,2OI9_AQ_BC,L,2,C,N,30,,S
B,2OI9_AQ_BC,L,2,C,N,31,,R
B,2OI9_AQ_BC,L,2,C,Y,50,,M
B,2OI9_AQ_BC,L,2,C,A,52,,E
B,2OI9_AQ_BC,L,2,C,S,54,,Y
B,2OI9_AQ_BC,L,2,C,G,95,,W
B,2OI9_AQ_BC,L,2,C,G,97,,C
B,2OI9_AQ_BC,naive,0,A,Q,65,,A
B,2OI9_AQ_BC,naive,0,A,V,66,,A
B,2OI9_AQ_BC,naive,0,A,G,69,,L
B,2OI9_AQ_BC,naive,0,A,Q,72,,K
B,2OI9_AQ_BC,naive,0,A,R,75,,E
B,2OI9_AQ_BC,naive,0,A,V,76,,T
B,2OI9_AQ_BC,naive,0,A,R,79,,E
B,2OI9_AQ_BC,naive,0,A,K,146,,S
B,2OI9_AQ_BC,naive,0,A,A,150,,N
B,2OI9_AQ_BC,naive,0,A,E,154,,Q
B,2OI9_AQ_BC,naive,0,A,R,157,,N
B,2OI9_AQ_BC,naive,0,A,A,158,,N
B,2OI9_AQ_BC,naive,0,A,E,163,,S
B,2OI9_AQ_BC,naive,0,Q,Q,1,,G
B,2OI9_AQ_BC,naive,0,Q,F,5,,A
B,2OI9_AQ_BC,naive,0,B,A,28,,G
B,2OI9_AQ_BC,naive,0,B,T,29,,A
B,2OI9_AQ_BC,naive,0,B,Y,31,,K
B,2OI9_AQ_BC,naive,0,B,K,48,,R
B,2OI9_AQ_BC,naive,0,B,Y,50,,L
B,2OI9_AQ_BC,naive,0,B,F,95,,E
B,2OI9_AQ_BC,naive,0,B,S,97,,N
B,2OI9_AQ_BC,naive,0,C,N,30,,P
B,2OI9_AQ_BC,naive,0,C,N,31,,Y
B,2OI9_AQ_BC,naive,0,C,Y,50,,L
B,2OI9_AQ_BC,naive,0,C,A,52,,Q
B,2OI9_AQ_BC,naive,0,C,S,54,,H
B,2OI9_AQ_BC,naive,0,C,G,95,,S
B,2OI9_AQ_BC,naive,0,C,G,97,,L
B,2OI9_AQ_BC,naive,1,A,Q,65,,A
B,2OI9_AQ_BC,naive,1,A,V,66,,E
B,2OI9_AQ_BC,naive,1,A,G,69,,S
B,2OI9_AQ_BC,naive,1,A,Q,72,,R
B,2OI9_AQ_BC,naive,1,A,R,75,,K
B,2OI9_AQ_BC,naive,1,A,V,76,,T
B,2OI9_AQ_BC,naive,1,A,R,79,,E
B,2OI9_AQ_BC,naive,1,A,T,80,,R
B,2OI9_AQ_BC,naive,1,A,K,146,,R
B,2OI9_AQ_BC,naive,1,A,A,150,,N
B,2OI9_AQ_BC,naive,1,A,G,151,,N
B,2OI9_AQ_BC,naive,1,A,E,154,,A
B,2OI9_AQ_BC,naive,1,A,R,157,,K
B,2OI9_AQ_BC,naive,1,A,E,163,,S
B,2OI9_AQ_BC,naive,1,Q,Q,1,,I
B,2OI9_AQ_BC,naive,1,Q,F,5,,M
B,2OI9_AQ_BC,naive,1,Q,F,7,,M
B,2OI9_AQ_BC,naive,1,B,A,28,,R
B,2OI9_AQ_BC,naive,1,B,T,29,,D
B,2OI9_AQ_BC,naive,1,B,Y,31,,H
B,2OI9_AQ_BC,naive,1,B,K,48,,Y
B,2OI9_AQ_BC,naive,1,B,Y,50,,L
B,2OI9_AQ_BC,naive,1,B,F,95,,E
B,2OI9_AQ_BC,naive,1,B,A,96,,N
B,2OI9_AQ_BC,naive,1,B,S,97,,N
B,2OI9_AQ_BC,naive,1,C,N,28,,D
B,2OI9_AQ_BC,naive,1,C,N,30,,P
B,2OI9_AQ_BC,naive,1,C,N,31,,Y
B,2OI9_AQ_BC,naive,1,C,Y,50,,L
B,2OI9_AQ_BC,naive,1,C,S,54,,D
B,2OI9_AQ_BC,naive,1,C,G,95,,P
B,2OI9_AQ_BC,naive,1,C,G,97,,L
B,2OI9_AQ_BC,naive,2,A,Q,65,,D
B,2OI9_AQ_BC,naive,2,A,G,69,,E
B,2OI9_AQ_BC,naive,2,A,Q,72,,L
B,2OI9_AQ_BC,naive,2,A,R,75,,K
B,2OI9_AQ_BC,naive,2,A,V,76,,T
B,2OI9_AQ_BC,naive,2,A,R,79,,K
B,2OI9_AQ_BC,naive,2,A,K,146,,R
B,2OI9_AQ_BC,naive,2,A,A,150,,L
B,2OI9_AQ_BC,naive,2,A,E,163,,T
B,2OI9_AQ_BC,naive,2,Q,Q,1,,P
B,2OI9_AQ_BC,naive,2,Q,F,5,,L
B,2OI9_AQ_BC,naive,2,Q,F,7,,P
B,2OI9_AQ_BC,naive,2,B,A,28,,G
B,2OI9_AQ_BC,naive,2,B,Y,31,,L
B,2OI9_AQ_BC,naive,2,B,K,48,,Y
B,2OI9_AQ_BC,naive,2,B,Y,50,,L
B,2OI9_AQ_BC,naive,2,B,S,51,,D
B,2OI9_AQ_BC,naive,2,B,F,95,,R
B,2OI9_AQ_BC,naive,2,B,S,97,,N
B,2OI9_AQ_BC,naive,2,C,N,28,,Q
B,2OI9_AQ_BC,naive,2,C,N,30,,S
B,2OI9_AQ_BC,naive,2,C,N,31,,R
B,2OI9_AQ_BC,naive,2,C,Y,50,,L
B,2OI9_AQ_BC,naive,2,C,A,52,,P
B,2OI9_AQ_BC,naive,2,C,S,54,,H
B,2OI9_AQ_BC,naive,2,C,G,95,,H
B,2OI9_AQ_BC,naive,2,C,G,97,,I
B,2OI9_AQ_BC,random,0,A,Q,65,,R
B,2OI9_AQ_BC,random,0,A,V,66,,H
B,2OI9_AQ_BC,random,0,A,G,69,,D
B,2OI9_AQ_BC,random,0,A,Q,72,,K
B,2OI9_AQ_BC,random,0,A,R,75,,K
B,2OI9_AQ_BC,random,0,A,V,76,,N
B,2OI9_AQ_BC,random,0,A,R,79,,H
B,2OI9_AQ_BC,random,0,A,T,80,,D
B,2OI9_AQ_BC,random,0,A,G,151,,A
B,2OI9_AQ_BC,random,0,A,E,154,,Q
B,2OI9_AQ_BC,random,0,A,Y,155,,R
B,2OI9_AQ_BC,random,0,A,A,158,,N
B,2OI9_AQ_BC,random,0,A,E,163,,S
B,2OI9_AQ_BC,random,0,Q,F,7,,P
B,2OI9_AQ_BC,random,0,Q,D,8,,K
B,2OI9_AQ_BC,random,0,B,A,28,,E
B,2OI9_AQ_BC,random,0,B,T,29,,R
B,2OI9_AQ_BC,random,0,B,Y,31,,R
B,2OI9_AQ_BC,random,0,B,K,48,,A
B,2OI9_AQ_BC,random,0,B,Y,50,,M
B,2OI9_AQ_BC,random,0,B,S,51,,G
B,2OI9_AQ_BC,random,0,B,F,95,,E
B,2OI9_AQ_BC,random,0,B,A,96,,F
B,2OI9_AQ_BC,random,0,B,S,97,,N
B,2OI9_AQ_BC,random,0,C,N,28,,E
B,2OI9_AQ_BC,random,0,C,N,30,,K
B,2OI9_AQ_BC,random,0,C,N,31,,W
B,2OI9_AQ_BC,random,0,C,Y,50,,L
B,2OI9_AQ_BC,random,0,C,A,52,,P
B,2OI9_AQ_BC,random,0,C,G,95,,D
B,2OI9_AQ_BC,random,0,C,G,97,,F
B,2OI9_AQ_BC,random,1,A,Q,65,,E
B,2OI9_AQ_BC,random,1,A,V,66,,E
B,2OI9_AQ_BC,random,1,A,Q,72,,K
B,2OI9_AQ_BC,random,1,A,R,75,,N
B,2OI9_AQ_BC,random,1,A,V,76,,L
B,2OI9_AQ_BC,random,1,A,R,79,,K
B,2OI9_AQ_BC,random,1,A,T,80,,I
B,2OI9_AQ_BC,random,1,A,E,154,,S
B,2OI9_AQ_BC,random,1,A,Y,155,,R
B,2OI9_AQ_BC,random,1,A,A,158,,N
B,2OI9_AQ_BC,random,1,A,E,163,,T
B,2OI9_AQ_BC,random,1,Q,Q,1,,V
B,2OI9_AQ_BC,random,1,Q,F,5,,P
B,2OI9_AQ_BC,random,1,Q,F,7,,P
B,2OI9_AQ_BC,random,1,Q,D,8,,K
B,2OI9_AQ_BC,random,1,B,A,28,,Y
B,2OI9_AQ_BC,random,1,B,T,29,,R
B,2OI9_AQ_BC,random,1,B,Y,31,,F
B,2OI9_AQ_BC,random,1,B,K,48,,S
B,2OI9_AQ_BC,random,1,B,Y,50,,E
B,2OI9_AQ_BC,random,1,B,S,51,,C
B,2OI9_AQ_BC,random,1,B,F,95,,A
B,2OI9_AQ_BC,random,1,B,A,96,,F
B,2OI9_AQ_BC,random,1,B,S,97,,A
B,2OI9_AQ_BC,random,1,C,N,28,,E
B,2OI9_AQ_BC,random,1,C,N,30,,P
B,2OI9_AQ_BC,random,1,C,N,31,,Y
B,2OI9_AQ_BC,random,1,C,Y,50,,R
B,2OI9_AQ_BC,random,1,C,A,52,,S
B,2OI9_AQ_BC,random,1,C,G,53,,P
B,2OI9_AQ_BC,random,1,C,S,54,,Y
B,2OI9_AQ_BC,random,1,C,G,95,,W
B,2OI9_AQ_BC,random,1,C,G,97,,E
B,2OI9_AQ_BC,random,2,A,Q,65,,E
B,2OI9_AQ_BC,random,2,A,G,69,,D
B,2OI9_AQ_BC,random,2,A,Q,72,,G
B,2OI9_AQ_BC,random,2,A,V,76,,I
B,2OI9_AQ_BC,random,2,A,R,79,,K
B,2OI9_AQ_BC,random,2,A,A,150,,N
B,2OI9_AQ_BC,random,2,A,G,151,,A
B,2OI9_AQ_BC,random,2,A,E,154,,L
B,2OI9_AQ_BC,random,2,A,R,157,,N
B,2OI9_AQ_BC,random,2,A,A,158,,N
B,2OI9_AQ_BC,random,2,A,E,163,,G
B,2OI9_AQ_BC,random,2,Q,Q,1,,C
B,2OI9_AQ_BC,random,2,Q,F,5,,E
B,2OI9_AQ_BC,random,2,Q,F,7,,P
B,2OI9_AQ_BC,random,2,Q,D,8,,T
B,2OI9_AQ_BC,random,2,B,A,28,,Y
B,2OI9_AQ_BC,random,2,B,T,29,,F
B,2OI9_AQ_BC,random,2,B,Y,31,,H
B,2OI9_AQ_BC,random,2,B,K,48,,S
B,2OI9_AQ_BC,random,2,B,Y,50,,M
B,2OI9_AQ_BC,random,2,B,S,51,,C
B,2OI9_AQ_BC,random,2,B,F,95,,R
B,2OI9_AQ_BC,random,2,B,A,96,,F
B,2OI9_AQ_BC,random,2,B,S,97,,N
B,2OI9_AQ_BC,random,2,C,N,28,,E
B,2OI9_AQ_BC,random,2,C,N,30,,R
B,2OI9_AQ_BC,random,2,C,N,31,,Q
B,2OI9_AQ_BC,random,2,C,Y,50,,L
B,2OI9_AQ_BC,random,2,C,A,52,,E
B,2OI9_AQ_BC,random,2,C,G,95,,W
B,2OI9_AQ_BC,random,2,C,G,97,,Q
B,2REX_A_B,L,0,A,W,62,,V
B,2REX_A_B,L,0,A,S,64,,V
B,2REX_A_B,L,0,A,V,66,,E
B,2REX_A_B,L,0,A,A,67,,H
B,2REX_A_B,L,0,A,H,69,,F
B,2REX_A_B,L,0,A,L,70,,V
B,2REX_A_B,L,0,A,I,71,,T
B,2REX_A_B,L,0,A,V,77,,I
B,2REX_A_B,L,0,A,H,93,,T
B,2REX_A_B,L,0,A,K,95,,G
B,2REX_A_B,L,0,B,V,34,,R
B,2REX_A_B,L,0,B,N,37,,I
B,2REX_A_B,L,0,B,W,51,,I
B,2REX_A_B,L,0,B,Y,58,,K
B,2REX_A_B,L,0,B,N,61,,K
B,2REX_A_B,L,0,B,V,62,,L
B,2REX_A_B,L,0,B,Y,97,,F
B,2REX_A_B,L,1,A,W,62,,L
B,2REX_A_B,L,1,A,S,64,,V
B,2REX_A_B,L,1,A,G,65,,N
B,2REX_A_B,L,1,A,V,66,,E
B,2REX_A_B,L,1,A,H,69,,Y
B,2REX_A_B,L,1,A,L,70,,I
B,2REX_A_B,L,1,A,I,71,,T
B,2REX_A_B,L,1,A,V,77,,R
B,2REX_A_B,L,1,A,H,93,,W
B,2REX_A_B,L,1,A,K,95,,Q
B,2REX_A_B,L,1,B,V,34,,T
B,2REX_A_B,L,1,B,E,36,,D
B,2REX_A_B,L,1,B,N,37,,I
B,2REX_A_B,L,1,B,W,51,,L
B,2REX_A_B,L,1,B,Y,58,,Q
B,2REX_A_B,L,1,B,Y,59,,R
B,2REX_A_B,L,1,B,N,61,,R
B,2REX_A_B,L,1,B,V,62,,L
B,2REX_A_B,L,1,B,Y,97,,F
B,2REX_A_B,L,2,A,W,62,,L
B,2REX_A_B,L,2,A,S,64,,I
B,2REX_A_B,L,2,A,V,66,,R
B,2REX_A_B,L,2,A,A,67,,R
B,2REX_A_B,L,2,A,L,70,,I
B,2REX_A_B,L,2,A,V,77,,I
B,2REX_A_B,L,2,A,H,93,,E
B,2REX_A_B,L,2,A,K,95,,G
B,2REX_A_B,L,2,B,V,34,,T
B,2REX_A_B,L,2,B,N,37,,R
B,2REX_A_B,L,2,B,W,51,,I
B,2REX_A_B,L,2,B,Y,58,,R
B,2REX_A_B,L,2,B,Y,59,,R
B,2REX_A_B,L,2,B,N,61,,K
B,2REX_A_B,L,2,B,V,62,,L
B,2REX_A_B,naive,0,A,S,64,,T
B,2REX_A_B,naive,0,A,V,66,,E
B,2REX_A_B,naive,0,A,A,67,,K
B,2REX_A_B,naive,0,A,L,70,,V
B,2REX_A_B,naive,0,A,I,71,,V
B,2REX_A_B,naive,0,A,V,77,,Q
B,2REX_A_B,naive,0,A,H,93,,T
B,2REX_A_B,naive,0,A,K,95,,G
B,2REX_A_B,naive,0,B,V,34,,T
B,2REX_A_B,naive,0,B,N,37,,T
B,2REX_A_B,naive,0,B,W,51,,V
B,2REX_A_B,naive,0,B,Y,58,,E
B,2REX_A_B,naive,0,B,Y,59,,D
B,2REX_A_B,naive,0,B,V,62,,L
B,2REX_A_B,naive,0,B,Y,97,,F
B,2REX_A_B,naive,1,A,W,62,,L
B,2REX_A_B,naive,1,A,S,64,,T
B,2REX_A_B,naive,1,A,V,66,,E
B,2REX_A_B,naive,1,A,L,70,,V
B,2REX_A_B,naive,1,A,V,77,,K
B,2REX_A_B,naive,1,A,H,93,,T
B,2REX_A_B,naive,1,A,K,95,,G
B,2REX_A_B,naive,1,B,V,34,,T
B,2REX_A_B,naive,1,B,N,37,,T
B,2REX_A_B,naive,1,B,W,51,,R
B,2REX_A_B,naive,1,B,Y,58,,A
B,2REX_A_B,naive,1,B,V,62,,L
B,2REX_A_B,naive,2,A,W,62,,L
B,2REX_A_B,naive,2,A,S,64,,T
B,2REX_A_B,naive,2,A,V,66,,R
B,2REX_A_B,naive,2,A,H,69,,Y
B,2REX_A_B,naive,2,A,L,70,,V
B,2REX_A_B,naive,2,A,V,77,,K
B,2REX_A_B,naive,2,A,H,93,,T
B,2REX_A_B,naive,2,A,K,95,,G
B,2REX_A_B,naive,2,B,V,34,,R
B,2REX_A_B,naive,2,B,N,37,,V
B,2REX_A_B,naive,2,B,W,51,,V
B,2REX_A_B,naive,2,B,Y,58,,K
B,2REX_A_B,naive,2,B,Y,59,,D
B,2REX_A_B,naive,2,B,V,62,,L
B,2REX_A_B,random,0,A,W,62,,V
B,2REX_A_B,random,0,A,V,66,,E
B,2REX_A_B,random,0,A,A,67,,H
B,2REX_A_B,random,0,A,G,68,,N
B,2REX_A_B,random,0,A,H,69,,R
B,2REX_A_B,random,0,A,L,70,,F
B,2REX_A_B,random,0,A,I,71,,V
B,2REX_A_B,random,0,A,V,77,,E
B,2REX_A_B,random,0,A,T,78,,A
B,2REX_A_B,random,0,A,H,93,,T
B,2REX_A_B,random,0,A,Y,94,,N
B,2REX_A_B,random,0,A,K,95,,G
B,2REX_A_B,random,0,B,V,34,,R
B,2REX_A_B,random,0,B,F,35,,Y
B,2REX_A_B,random,0,B,E,36,,D
B,2REX_A_B,random,0,B,N,37,,L
B,2REX_A_B,random,0,B,W,51,,I
B,2REX_A_B,random,0,B,Y,58,,F
B,2REX_A_B,random,0,B,N,61,,Q
B,2REX_A_B,random,0,B,V,62,,S
B,2REX_A_B,random,0,B,L,65,,Q
B,2REX_A_B,random,0,B,Y,97,,F
B,2REX_A_B,random,1,A,S,64,,V
B,2REX_A_B,random,1,A,G,65,,N
B,2REX_A_B,random,1,A,V,66,,E
B,2REX_A_B,random,1,A,H,69,,Y
B,2REX_A_B,random,1,A,L,70,,I
B,2REX_A_B,random,1,A,I,71,,T
B,2REX_A_B,random,1,A,V,77,,A
B,2REX_A_B,random,1,A,T,78,,A
B,2REX_A_B,random,1,A,H,93,,T
B,2REX_A_B,random,1,A,K,95,,Q
B,2REX_A_B,random,1,B,V,34,,T
B,2REX_A_B,random,1,B,F,35,,Y
B,2REX_A_B,random,1,B,E,36,,D
B,2REX_A_B,random,1,B,N,37,,M
B,2REX_A_B,random,1,B,W,51,,L
B,2REX_A_B,random,1,B,Y,58,,L
B,2REX_A_B,random,1,B,Y,59,,R
B,2REX_A_B,random,1,B,N,61,,R
B,2REX_A_B,random,1,B,V,62,,T
B,2REX_A_B,random,1,B,Y,97,,W
B,2REX_A_B,random,2,A,W,62,,P
B,2REX_A_B,random,2,A,V,66,,T
B,2REX_A_B,random,2,A,A,67,,S
B,2REX_A_B,random,2,A,H,69,,S
B,2REX_A_B,random,2,A,L,70,,F
B,2REX_A_B,random,2,A,V,77,,E
B,2REX_A_B,random,2,A,T,78,,A
B,2REX_A_B,random,2,A,H,93,,T
B,2REX_A_B,random,2,A,K,95,,G
B,2REX_A_B,random,2,B,V,34,,T
B,2REX_A_B,random,2,B,F,35,,Y
B,2REX_A_B,random,2,B,E,36,,M
B,2REX_A_B,random,2,B,N,37,,M
B,2REX_A_B,random,2,B,W,51,,L
B,2REX_A_B,random,2,B,Y,58,,R
B,2REX_A_B,random,2,B,Y,59,,R
B,2REX_A_B,random,2,B,N,61,,R
B,2REX_A_B,random,2,B,V,62,,T
B,2REX_A_B,random,2,B,L,65,,Q
B,2SIC_E_I,L,0,E,H,64,,F
B,2SIC_E_I,L,0,E,D,99,,N
B,2SIC_E_I,L,0,E,S,101,,L
B,2SIC_E_I,L,0,E,Q,103,,H
B,2SIC_E_I,L,0,E,Y,104,,L
B,2SIC_E_I,L,0,E,G,127,,C
B,2SIC_E_I,L,0,E,G,128,,N
B,2SIC_E_I,L,0,E,P,129,,I
B,2SIC_E_I,L,0,E,S,130,,H
B,2SIC_E_I,L,0,E,N,155,,V
B,2SIC_E_I,L,0,E,E,156,,N
B,2SIC_E_I,L,0,E,F,189,,E
B,2SIC_E_I,L,0,E,N,218,,D
B,2SIC_E_I,L,0,E,S,221,,G
B,2SIC_E_I,L,0,I,R,59,,G
B,2SIC_E_I,L,0,I,E,61,,D
B,2SIC_E_I,L,0,I,D,62,,N
B,2SIC_E_I,L,0,I,V,63,,W
B,2SIC_E_I,L,0,I,M,64,,F
B,2SIC_E_I,L,0,I,C,65,,V
B,2SIC_E_I,L,0,I,V,68,,C
B,2SIC_E_I,L,0,I,S,92,,P
B,2SIC_E_I,L,0,I,C,95,,A
B,2SIC_E_I,L,0,I,E,96,,A
B,2SIC_E_I,L,1,E,H,64,,F
B,2SIC_E_I,L,1,E,S,101,,L
B,2SIC_E_I,L,1,E,Q,103,,Y
B,2SIC_E_I,L,1,E,Y,104,,V
B,2SIC_E_I,L,1,E,L,126,,V
B,2SIC_E_I,L,1,E,G,128,,N
B,2SIC_E_I,L,1,E,P,129,,K
B,2SIC_E_I,L,1,E,S,130,,Y
B,2SIC_E_I,L,1,E,N,155,,V
B,2SIC_E_I,L,1,E,E,156,,A
B,2SIC_E_I,L,1,E,F,189,,A
B,2SIC_E_I,L,1,E,N,218,,T
B,2SIC_E_I,L,1,E,S,221,,G
B,2SIC_E_I,L,1,I,R,59,,G
B,2SIC_E_I,L,1,I,E,61,,K
B,2SIC_E_I,L,1,I,V,63,,T
B,2SIC_E_I,L,1,I,M,64,,F
B,2SIC_E_I,L,1,I,C,65,,A
B,2SIC_E_I,L,1,I,V,68,,L
B,2SIC_E_I,L,1,I,S,92,,A
B,2SIC_E_I,L,1,I,C,95,,A
B,2SIC_E_I,L,1,I,E,96,,V
B,2SIC_E_I,L,2,E,H,64,,F
B,2SIC_E_I,L,2,E,D,99,,Y
B,2SIC_E_I,L,2,E,S,101,,I
B,2SIC_E_I,L,2,E,Q,103,,H
B,2SIC_E_I,L,2,E,L,126,,I
B,2SIC_E_I,L,2,E,G,128,,N
B,2SIC_E_I,L,2,E,P,129,,T
B,2SIC_E_I,L,2,E,S,130,,A
B,2SIC_E_I,L,2,E,N,155,,V
B,2SIC_E_I,L,2,E,E,156,,L
B,2SIC_E_I,L,2,E,F,189,,E
B,2SIC_E_I,L,2,E,S,221,,G
B,2SIC_E_I,L,2,I,R,59,,L
B,2SIC_E_I,L,2,I,E,61,,D
B,2SIC_E_I,L,2,I,D,62,,N
B,2SIC_E_I,L,2,I,V,63,,T
B,2SIC_E_I,L,2,I,M,64,,F
B,2SIC_E_I,L,2,I,C,65,,V
B,2SIC_E_I,L,2,I,V,68,,L
B,2SIC_E_I,L,2,I,Y,69,,W
B,2SIC_E_I,L,2,I,S,92,,F
B,2SIC_E_I,L,2,I,C,95,,A
B,2SIC_E_I,naive,0,E,H,64,,F
B,2SIC_E_I,naive,0,E,D,99,,N
B,2SIC_E_I,naive,0,E,S,101,,I
B,2SIC_E_I,naive,0,E,Y,104,,I
B,2SIC_E_I,naive,0,E,G,127,,Y
B,2SIC_E_I,naive,0,E,G,128,,H
B,2SIC_E_I,naive,0,E,S,130,,H
B,2SIC_E_I,naive,0,E,E,156,,K
B,2SIC_E_I,naive,0,E,F,189,,Y
B,2SIC_E_I,naive,0,E,N,218,,T
B,2SIC_E_I,naive,0,E,S,221,,G
B,2SIC_E_I,naive,0,I,R,59,,E
B,2SIC_E_I,naive,0,I,D,62,,N
B,2SIC_E_I,naive,0,I,V,63,,M
B,2SIC_E_I,naive,0,I,M,64,,F
B,2SIC_E_I,naive,0,I,M,67,,A
B,2SIC_E_I,naive,0,I,V,68,,I
B,2SIC_E_I,naive,1,E,H,64,,F
B,2SIC_E_I,naive,1,E,D,99,,N
B,2SIC_E_I,naive,1,E,S,101,,L
B,2SIC_E_I,naive,1,E,Q,103,,G
B,2SIC_E_I,naive,1,E,Y,104,,I
B,2SIC_E_I,naive,1,E,G,128,,S
B,2SIC_E_I,naive,1,E,P,129,,E
B,2SIC_E_I,naive,1,E,S,130,,E
B,2SIC_E_I,naive,1,E,E,156,,N
B,2SIC_E_I,naive,1,E,F,189,,E
B,2SIC_E_I,naive,1,E,N,218,,S
B,2SIC_E_I,naive,1,E,S,221,,G
B,2SIC_E_I,naive,1,I,R,59,,A
B,2SIC_E_I,naive,1,I,E,61,,Q
B,2SIC_E_I,naive,1,I,D,62,,N
B,2SIC_E_I,naive,1,I,V,63,,L
B,2SIC_E_I,naive,1,I,M,64,,F
B,2SIC_E_I,naive,1,I,M,67,,Q
B,2SIC_E_I,naive,1,I,S,92,,K
B,2SIC_E_I,naive,2,E,H,64,,F
B,2SIC_E_I,naive,2,E,S,101,,I
B,2SIC_E_I,naive,2,E,Q,103,,H
B,2SIC_E_I,naive,2,E,Y,104,,I
B,2SIC_E_I,naive,2,E,L,126,,S
B,2SIC_E_I,naive,2,E,G,128,,T
B,2SIC_E_I,naive,2,E,P,129,,M
B,2SIC_E_I,naive,2,E,S,130,,T
B,2SIC_E_I,naive,2,E,E,156,,L
B,2SIC_E_I,naive,2,E,F,189,,W
B,2SIC_E_I,naive,2,E,N,218,,T
B,2SIC_E_I,naive,2,E,S,221,,A
B,2SIC_E_I,naive,2,I,R,59,,E
B,2SIC_E_I,naive,2,I,E,61,,A
B,2SIC_E_I,naive,2,I,V,63,,L
B,2SIC_E_I,naive,2,I,M,64,,F
B,2SIC_E_I,naive,2,I,M,67,,Q
B,2SIC_E_I,naive,2,I,V,68,,T
B,2SIC_E_I,naive,2,I,S,92,,P
B,2SIC_E_I,naive,2,I,C,95,,A
B,2SIC_E_I,naive,2,I,E,96,,A
B,2SIC_E_I,random,0,E,H,64,,D
B,2SIC_E_I,random,0,E,D,99,,N
B,2SIC_E_I,random,0,E,S,101,,L
B,2SIC_E_I,random,0,E,Q,103,,C
B,2SIC_E_I,random,0,E,Y,104,,L
B,2SIC_E_I,random,0,E,L,126,,M
B,2SIC_E_I,random,0,E,G,127,,Y
B,2SIC_E_I,random,0,E,G,128,,Y
B,2SIC_E_I,random,0,E,P,129,,I
B,2SIC_E_I,random,0,E,S,130,,K
B,2SIC_E_I,random,0,E,E,156,,N
B,2SIC_E_I,random,0,E,F,189,,Y
B,2SIC_E_I,random,0,E,N,218,,S
B,2SIC_E_I,random,0,E,S,221,,F
B,2SIC_E_I,random,0,I,R,59,,E
B,2SIC_E_I,random,0,I,E,61,,D
B,2SIC_E_I,random,0,I,D,62,,F
B,2SIC_E_I,random,0,I,V,63,,K
B,2SIC_E_I,random,0,I,M,64,,G
B,2SIC_E_I,random,0,I,C,65,,R
B,2SIC_E_I,random,0,I,M,67,,G
B,2SIC_E_I,random,0,I,V,68,,C
B,2SIC_E_I,random,0,I,S,92,,P
B,2SIC_E_I,random,0,I,C,95,,V
B,2SIC_E_I,random,0,I,E,96,,S
B,2SIC_E_I,random,1,E,H,64,,D
B,2SIC_E_I,random,1,E,G,100,,Y
B,2SIC_E_I,random,1,E,S,101,,L
B,2SIC_E_I,random,1,E,Q,103,,I
B,2SIC_E_I,random,1,E,Y,104,,H
B,2SIC_E_I,random,1,E,L,126,,V
B,2SIC_E_I,random,1,E,G,128,,Y
B,2SIC_E_I,random,1,E,P,129,,N
B,2SIC_E_I,random,1,E,S,130,,Q
B,2SIC_E_I,random,1,E,E,156,,A
B,2SIC_E_I,random,1,E,F,189,,A
B,2SIC_E_I,random,1,E,N,218,,T
B,2SIC_E_I,random,1,E,S,221,,F
B,2SIC_E_I,random,1,I,R,59,,V
B,2SIC_E_I,random,1,I,E,61,,T
B,2SIC_E_I,random,1,I,D,62,,K
B,2SIC_E_I,random,1,I,V,63,,S
B,2SIC_E_I,random,1,I,M,64,,G
B,2SIC_E_I,random,1,I,C,65,,A
B,2SIC_E_I,random,1,I,M,67,,Q
B,2SIC_E_I,random,1,I,V,68,,L
B,2SIC_E_I,random,1,I,S,92,,T
B,2SIC_E_I,random,1,I,C,95,,M
B,2SIC_E_I,random,1,I,E,96,,L
B,2SIC_E_I,random,2,E,H,64,,D
B,2SIC_E_I,random,2,E,D,99,,K
B,2SIC_E_I,random,2,E,S,101,,L
B,2SIC_E_I,random,2,E,Q,103,,K
B,2SIC_E_I,random,2,E,Y,104,,F
B,2SIC_E_I,random,2,E,L,126,,I
B,2SIC_E_I,random,2,E,G,128,,N
B,2SIC_E_I,random,2,E,P,129,,T
B,2SIC_E_I,random,2,E,S,130,,K
B,2SIC_E_I,random,2,E,N,155,,M
B,2SIC_E_I,random,2,E,E,156,,L
B,2SIC_E_I,random,2,E,F,189,,Q
B,2SIC_E_I,random,2,E,N,218,,T
B,2SIC_E_I,random,2,E,S,221,,F
B,2SIC_E_I,random,2,I,R,59,,S
B,2SIC_E_I,random,2,I,E,61,,K
B,2SIC_E_I,random,2,I,D,62,,K
B,2SIC_E_I,random,2,I,V,63,,D
B,2SIC_E_I,random,2,I,M,64,,G
B,2SIC_E_I,random,2,I,C,65,,L
B,2SIC_E_I,random,2,I,M,67,,N
B,2SIC_E_I,random,2,I,V,68,,L
B,2SIC_E_I,random,2,I,S,92,,T
B,2SIC_E_I,random,2,I,C,95,,M
B,3BK3_A_C,L,0,A,W,18,,Y
B,3BK3_A_C,L,0,A,W,21,,Y
B,3BK3_A_C,L,0,A,S,78,,N
B,3BK3_A_C,L,0,A,V,88,,I
B,3BK3_A_C,L,0,A,V,89,,R
B,3BK3_A_C,L,0,A,K,91,,Y
B,3BK3_A_C,L,0,A,N,92,,R
B,3BK3_A_C,L,0,A,Y,93,,F
B,3BK3_A_C,L,0,A,M,96,,W
B,3BK3_A_C,L,0,C,W,1,,P
B,3BK3_A_C,L,0,C,T,4,,D
B,3BK3_A_C,L,0,C,T,6,,V
B,3BK3_A_C,L,0,C,A,8,,V
B,3BK3_A_C,L,0,C,I,19,,V
B,3BK3_A_C,L,0,C,N,21,,G
B,3BK3_A_C,L,0,C,A,37,,I
B,3BK3_A_C,L,0,C,Q,41,,V
B,3BK3_A_C,L,1,A,W,18,,L
B,3BK3_A_C,L,1,A,W,21,,V
B,3BK3_A_C,L,1,A,V,23,,Q
B,3BK3_A_C,L,1,A,A,24,,Q
B,3BK3_A_C,L,1,A,S,78,,Y
B,3BK3_A_C,L,1,A,V,88,,L
B,3BK3_A_C,L,1,A,V,89,,R
B,3BK3_A_C,L,1,A,K,91,,Y
B,3BK3_A_C,L,1,A,N,92,,K
B,3BK3_A_C,L,1,A,Y,93,,I
B,3BK3_A_C,L,1,A,M,96,,F
B,3BK3_A_C,L,1,C,W,1,,P
B,3BK3_A_C,L,1,C,L,2,,M
B,3BK3_A_C,L,1,C,I,3,,L
B,3BK3_A_C,L,1,C,T,4,,S
B,3BK3_A_C,L,1,C,E,7,,P
B,3BK3_A_C,L,1,C,A,8,,V
B,3BK3_A_C,L,1,C,N,21,,I
B,3BK3_A_C,L,1,C,I,28,,D
B,3BK3_A_C,L,1,C,A,37,,I
B,3BK3_A_C,L,2,A,W,18,,L
B,3BK3_A_C,L,2,A,W,21,,E
B,3BK3_A_C,L,2,A,S,78,,I
B,3BK3_A_C,L,2,A,V,88,,I
B,3BK3_A_C,L,2,A,V,89,,R
B,3BK3_A_C,L,2,A,K,91,,V
B,3BK3_A_C,L,2,A,N,92,,R
B,3BK3_A_C,L,2,A,Y,93,,I
B,3BK3_A_C,L,2,A,M,96,,A
B,3BK3_A_C,L,2,C,W,1,,R
B,3BK3_A_C,L,2,C,L,2,,M
B,3BK3_A_C,L,2,C,I,3,,L
B,3BK3_A_C,L,2,C,T,4,,E
B,3BK3_A_C,L,2,C,T,6,,D
B,3BK3_A_C,L,2,C,E,7,,V
B,3BK3_A_C,L,2,C,A,8,,V
B,3BK3_A_C,L,2,C,N,21,,G
B,3BK3_A_C,L,2,C,A,37,,I
B,3BK3_A_C,L,2,C,Q,41,,V
B,3BK3_A_C,naive,0,A,W,18,,L
B,3BK3_A_C,naive,0,A,W,21,,Y
B,3BK3_A_C,naive,0,A,V,23,,L
B,3BK3_A_C,naive,0,A,S,78,,N
B,3BK3_A_C,naive,0,A,V,88,,P
B,3BK3_A_C,naive,0,A,V,89,,Q
B,3BK3_A_C,naive,0,A,K,91,,V
B,3BK3_A_C,naive,0,A,N,92,,K
B,3BK3_A_C,naive,0,A,Y,93,,V
B,3BK3_A_C,naive,0,A,M,96,,T
B,3BK3_A_C,naive,0,C,W,1,,G
B,3BK3_A_C,naive,0,C,L,2,,S
B,3BK3_A_C,naive,0,C,E,7,,P
B,3BK3_A_C,naive,0,C,A,8,,V
B,3BK3_A_C,naive,0,C,N,21,,G
B,3BK3_A_C,naive,0,C,A,37,,V
B,3BK3_A_C,naive,0,C,Q,41,,I
B,3BK3_A_C,naive,1,A,W,18,,L
B,3BK3_A_C,naive,1,A,W,21,,R
B,3BK3_A_C,naive,1,A,V,23,,I
B,3BK3_A_C,naive,1,A,S,78,,N
B,3BK3_A_C,naive,1,A,V,88,,P
B,3BK3_A_C,naive,1,A,K,91,,I
B,3BK3_A_C,naive,1,A,N,92,,T
B,3BK3_A_C,naive,1,A,Y,93,,V
B,3BK3_A_C,naive,1,A,M,96,,T
B,3BK3_A_C,naive,1,C,W,1,,P
B,3BK3_A_C,naive,1,C,L,2,,K
B,3BK3_A_C,naive,1,C,T,4,,E
B,3BK3_A_C,naive,1,C,E,7,,P
B,3BK3_A_C,naive,1,C,A,8,,V
B,3BK3_A_C,naive,1,C,N,21,,G
B,3BK3_A_C,naive,1,C,A,37,,I
B,3BK3_A_C,naive,1,C,Q,41,,I
B,3BK3_A_C,naive,2,A,W,18,,L
B,3BK3_A_C,naive,2,A,W,21,,F
B,3BK3_A_C,naive,2,A,S,78,,Y
B,3BK3_A_C,naive,2,A,V,88,,P
B,3BK3_A_C,naive,2,A,V,89,,K
B,3BK3_A_C,naive,2,A,K,91,,Y
B,3BK3_A_C,naive,2,A,N,92,,R
B,3BK3_A_C,naive,2,A,Y,93,,V
B,3BK3_A_C,naive,2,A,M,96,,S
B,3BK3_A_C,naive,2,C,W,1,,E
B,3BK3_A_C,naive,2,C,L,2,,K
B,3BK3_A_C,naive,2,C,T,4,,K
B,3BK3_A_C,naive,2,C,T,6,,I
B,3BK3_A_C,naive,2,C,A,8,,V
B,3BK3_A_C,naive,2,C,N,21,,G
B,3BK3_A_C,naive,2,C,A,37,,I
B,3BK3_A_C,naive,2,C,Q,41,,V
B,3BK3_A_C,random,0,A,W,18,,Y
B,3BK3_A_C,random,0,A,W,21,,Y
B,3BK3_A_C,random,0,A,V,23,,K
B,3BK3_A_C,random,0,A,A,24,,N
B,3BK3_A_C,random,0,A,S,78,,N
B,3BK3_A_C,random,0,A,L,80,,I
B,3BK3_A_C,random,0,A,V,88,,I
B,3BK3_A_C,random,0,A,V,89,,T
B,3BK3_A_C,random,0,A,L,90,,S
B,3BK3_A_C,random,0,A,K,91,,G
B,3BK3_A_C,random,0,A,N,92,,T
B,3BK3_A_C,random,0,A,Y,93,,L
B,3BK3_A_C,random,0,A,M,96,,W
B,3BK3_A_C,random,0,C,W,1,,G
B,3BK3_A_C,random,0,C,L,2,,T
B,3BK3_A_C,random,0,C,I,3,,V
B,3BK3_A_C,random,0,C,T,4,,D
B,3BK3_A_C,random,0,C,G,5,,I
B,3BK3_A_C,random,0,C,T,6,,V
B,3BK3_A_C,random,0,C,A,8,,M
B,3BK3_A_C,random,0,C,I,19,,V
B,3BK3_A_C,random,0,C,N,21,,G
B,3BK3_A_C,random,0,C,I,22,,Q
B,3BK3_A_C,random,0,C,A,37,,I
B,3BK3_A_C,random,0,C,Q,41,,V
B,3BK3_A_C,random,1,A,W,18,,L
B,3BK3_A_C,random,1,A,W,21,,I
B,3BK3_A_C,random,1,A,V,23,,Q
B,3BK3_A_C,random,1,A,A,24,,D
B,3BK3_A_C,random,1,A,S,78,,Y
B,3BK3_A_C,random,1,A,L,80,,I
B,3BK3_A_C,random,1,A,V,88,,P
B,3BK3_A_C,random,1,A,V,89,,I
B,3BK3_A_C,random,1,A,L,90,,S
B,3BK3_A_C,random,1,A,K,91,,V
B,3BK3_A_C,random,1,A,N,92,,T
B,3BK3_A_C,random,1,A,Y,93,,I
B,3BK3_A_C,random,1,A,M,96,,F
B,3BK3_A_C,random,1,C,W,1,,D
B,3BK3_A_C,random,1,C,L,2,,M
B,3BK3_A_C,random,1,C,I,3,,V
B,3BK3_A_C,random,1,C,T,4,,M
B,3BK3_A_C,random,1,C,G,5,,I
B,3BK3_A_C,random,1,C,T,6,,V
B,3BK3_A_C,random,1,C,E,7,,K
B,3BK3_A_C,random,1,C,A,8,,M
B,3BK3_A_C,random,1,C,N,21,,I
B,3BK3_A_C,random,1,C,I,28,,D
B,3BK3_A_C,random,1,C,A,37,,I
B,3BK3_A_C,random,1,C,Q,41,,F
B,3BK3_A_C,random,2,A,W,18,,L
B,3BK3_A_C,random,2,A,W,21,,E
B,3BK3_A_C,random,2,A,V,23,,L
B,3BK3_A_C,random,2,A,S,78,,I
B,3BK3_A_C,random,2,A,L,80,,T
B,3BK3_A_C,random,2,A,V,88,,I
B,3BK3_A_C,random,2,A,L,90,,S
B,3BK3_A_C,random,2,A,K,91,,V
B,3BK3_A_C,random,2,A,N,92,,T
B,3BK3_A_C,random,2,A,Y,93,,L
B,3BK3_A_C,random,2,A,M,96,,A
B,3BK3_A_C,random,2,C,W,1,,R
B,3BK3_A_C,random,2,C,L,2,,M
B,3BK3_A_C,random,2,C,I,3,,Y
B,3BK3_A_C,random,2,C,T,4,,N
B,3BK3_A_C,random,2,C,G,5,,I
B,3BK3_A_C,random,2,C,T,6,,V
B,3BK3_A_C,random,2,C,E,7,,V
B,3BK3_A_C,random,2,C,A,8,,M
B,3BK3_A_C,random,2,C,N,21,,G
B,3BK3_A_C,random,2,C,A,37,,I
B,3BK3_A_C,random,2,C,Q,41,,E
B,3BT1_A_U,L,0,A,N,3,,R
B,3BT1_A_U,L,0,A,C,12,,I
B,3BT1_A_U,L,0,A,N,15,,F
B,3BT1_A_U,L,0,A,K,16,,R
B,3BT1_A_U,L,0,A,Y,17,,W
B,3BT1_A_U,L,0,A,S,19,,A
B,3BT1_A_U,L,0,A,I,21,,L
B,3BT1_A_U,L,0,A,W,23,,F
B,3BT1_A_U,L,0,A,N,25,,F
B,3BT1_A_U,L,0,A,K,28,,E
B,3BT1_A_U,L,0,A,G,31,,M
B,3BT1_A_U,L,0,A,Q,33,,F
B,3BT1_A_U,L,0,A,K,39,,M
B,3BT1_A_U,L,0,A,K,54,,V
B,3BT1_A_U,L,0,A,A,79,,C
B,3BT1_A_U,L,0,A,K,91,,R
B,3BT1_A_U,L,0,U,T,8,,Q
B,3BT1_A_U,L,0,U,N,9,,V
B,3BT1_A_U,L,0,U,D,11,,K
B,3BT1_A_U,L,0,U,R,25,,Y
B,3BT1_A_U,L,0,U,T,27,,V
B,3BT1_A_U,L,0,U,V,29,,I
B,3BT1_A_U,L,0,U,L,31,,Q
B,3BT1_A_U,L,0,U,E,33,,I
B,3BT1_A_U,L,0,U,E,36,,N
B,3BT1_A_U,L,0,U,L,38,,E
B,3BT1_A_U,L,0,U,E,42,,Q
B,3BT1_A_U,L,0,U,K,50,,W
B,3BT1_A_U,L,0,U,R,53,,C
B,3BT1_A_U,L,0,U,K,62,,R
B,3BT1_A_U,L,0,U,T,64,,I
B,3BT1_A_U,L,0,U,E,68,,M
B,3BT1_A_U,L,0,U,S,99,,L
B,3BT1_A_U,L,0,U,V,123,,I
B,3BT1_A_U,L,0,U,T,125,,N
B,3BT1_A_U,L,0,U,K,137,,L
B,3BT1_A_U,L,0,U,D,139,,P
B,3BT1_A_U,L,0,U,L,142,,A
B,3BT1_A_U,L,0,U,P,149,,Q
B,3BT1_A_U,L,0,U,H,164,,F
B,3BT1_A_U,L,0,U,L,166,,V
B,3BT1_A_U,L,0,U,D,252,,P
B,3BT1_A_U,L,0,U,A,253,,V
B,3BT1_A_U,L,0,U,S,255,,H
B,3BT1_A_U,L,1,A,N,3,,A
B,3BT1_A_U,L,1,A,C,12,,P
B,3BT1_A_U,L,1,A,S,14,,E
B,3BT1_A_U,L,1,A,N,15,,F
B,3BT1_A_U,L,1,A,K,16,,R
B,3BT1_A_U,L,1,A,Y,17,,W
B,3BT1_A_U,L,1,A,S,19,,A
B,3BT1_A_U,L,1,A,N,20,,R
B,3BT1_A_U,L,1,A,I,21,,M
B,3BT1_A_U,L,1,A,W,23,,F
B,3BT1_A_U,L,1,A,N,25,,Y
B,3BT1_A_U,L,1,A,C,26,,E
B,3BT1_A_U,L,1,A,K,28,,I
B,3BT1_A_U,L,1,A,G,31,,A
B,3BT1_A_U,L,1,A,Q,33,,M
B,3BT1_A_U,L,1,A,K,39,,M
B,3BT1_A_U,L,1,A,K,54,,P
B,3BT1_A_U,L,1,A,A,79,,C
B,3BT1_A_U,L,1,A,K,91,,R
B,3BT1_A_U,L,1,U,T,8,,Q
B,3BT1_A_U,L,1,U,N,9,,E
B,3BT1_A_U,L,1,U,G,10,,L
B,3BT1_A_U,L,1,U,D,11,,K
B,3BT1_A_U,L,1,U,R,25,,Y
B,3BT1_A_U,L,1,U,T,27,,V
B,3BT1_A_U,L,1,U,V,29,,I
B,3BT1_A_U,L,1,U,L,31,,Q
B,3BT1_A_U,L,1,U,E,33,,N
B,3BT1_A_U,L,1,U,E,36,,L
B,3BT1_A_U,L,1,U,L,38,,Q
B,3BT1_A_U,L,1,U,L,40,,Y
B,3BT1_A_U,L,1,U,E,42,,Q
B,3BT1_A_U,L,1,U,K,50,,W
B,3BT1_A_U,L,1,U,K,62,,R
B,3BT1_A_U,L,1,U,T,64,,I
B,3BT1_A_U,L,1,U,E,68,,V
B,3BT1_A_U,L,1,U,S,99,,L
B,3BT1_A_U,L,1,U,V,123,,D
B,3BT1_A_U,L,1,U,T,125,,F
B,3BT1_A_U,L,1,U,K,137,,R
B,3BT1_A_U,L,1,U,D,139,,P
B,3BT1_A_U,L,1,U,L,142,,V
B,3BT1_A_U,L,1,U,P,149,,A
B,3BT1_A_U,L,1,U,H,164,,A
B,3BT1_A_U,L,1,U,L,166,,Q
B,3BT1_A_U,L,1,U,A,253,,I
B,3BT1_A_U,L,1,U,S,255,,N
B,3BT1_A_U,L,2,A,N,3,,F
B,3BT1_A_U,L,2,A,C,12,,I
B,3BT1_A_U,L,2,A,N,15,,F
B,3BT1_A_U,L,2,A,K,16,,R
B,3BT1_A_U,L,2,A,Y,17,,F
B,3BT1_A_U,L,2,A,S,19,,A
B,3BT1_A_U,L,2,A,N,20,,D
B,3BT1_A_U,L,2,A,I,21,,F
B,3BT1_A_U,L,2,A,W,23,,F
B,3BT1_A_U,L,2,A,N,25,,Y
B,3BT1_A_U,L,2,A,K,28,,F
B,3BT1_A_U,L,2,A,G,31,,V
B,3BT1_A_U,L,2,A,Q,33,,L
B,3BT1_A_U,L,2,A,K,39,,I
B,3BT1_A_U,L,2,A,K,54,,P
B,3BT1_A_U,L,2,A,A,79,,C
B,3BT1_A_U,L,2,A,K,91,,R
B,3BT1_A_U,L,2,U,T,8,,Q
B,3BT1_A_U,L,2,U,D,11,,R
B,3BT1_A_U,L,2,U,R,25,,N
B,3BT1_A_U,L,2,U,T,27,,V
B,3BT1_A_U,L,2,U,L,31,,P
B,3BT1_A_U,L,2,U,E,33,,R
B,3BT1_A_U,L,2,U,E,36,,L
B,3BT1_A_U,L,2,U,L,38,,Q
B,3BT1_A_U,L,2,U,L,40,,M
B,3BT1_A_U,L,2,U,E,42,,T
B,3BT1_A_U,L,2,U,K,50,,D
B,3BT1_A_U,L,2,U,K,62,,R
B,3BT1_A_U,L,2,U,T,64,,I
B,3BT1_A_U,L,2,U,E,68,,R
B,3BT1_A_U,L,2,U,S,99,,L
B,3BT1_A_U,L,2,U,V,123,,I
B,3BT1_A_U,L,2,U,T,125,,R
B,3BT1_A_U,L,2,U,K,137,,L
B,3BT1_A_U,L,2,U,D,139,,P
B,3BT1_A_U,L,2,U,L,142,,S
B,3BT1_A_U,L,2,U,H,164,,A
B,3BT1_A_U,L,2,U,L,166,,V
B,3BT1_A_U,L,2,U,D,252,,E
B,3BT1_A_U,L,2,U,A,253,,I
B,3BT1_A_U,naive,0,A,N,3,,T
B,3BT1_A_U,naive,0,A,C,12,,P
B,3BT1_A_U,naive,0,A,K,16,,T
B,3BT1_A_U,naive,0,A,Y,17,,W
B,3BT1_A_U,naive,0,A,S,19,,D
B,3BT1_A_U,naive,0,A,I,21,,V
B,3BT1_A_U,naive,0,A,N,25,,Y
B,3BT1_A_U,naive,0,A,K,28,,D
B,3BT1_A_U,naive,0,A,Q,33,,K
B,3BT1_A_U,naive,0,A,K,39,,E
B,3BT1_A_U,naive,0,A,K,54,,D
B,3BT1_A_U,naive,0,A,A,79,,C
B,3BT1_A_U,naive,0,A,H,80,,F
B,3BT1_A_U,naive,0,A,K,91,,R
B,3BT1_A_U,naive,0,U,T,8,,P
B,3BT1_A_U,naive,0,U,N,9,,D
B,3BT1_A_U,naive,0,U,D,11,,E
B,3BT1_A_U,naive,0,U,R,25,,V
B,3BT1_A_U,naive,0,U,V,29,,I
B,3BT1_A_U,naive,0,U,L,31,,K
B,3BT1_A_U,naive,0,U,E,33,,Y
B,3BT1_A_U,naive,0,U,E,36,,R
B,3BT1_A_U,naive,0,U,L,38,,E
B,3BT1_A_U,naive,0,U,E,42,,R
B,3BT1_A_U,naive,0,U,K,50,,E
B,3BT1_A_U,naive,0,U,L,55,,M
B,3BT1_A_U,naive,0,U,T,64,,Y
B,3BT1_A_U,naive,0,U,E,68,,R
B,3BT1_A_U,naive,0,U,S,99,,L
B,3BT1_A_U,naive,0,U,V,123,,I
B,3BT1_A_U,naive,0,U,T,125,,F
B,3BT1_A_U,naive,0,U,K,137,,L
B,3BT1_A_U,naive,0,U,D,139,,P
B,3BT1_A_U,naive,0,U,L,142,,T
B,3BT1_A_U,naive,0,U,H,164,,A
B,3BT1_A_U,naive,0,U,D,252,,F
B,3BT1_A_U,naive,0,U,A,253,,I
B,3BT1_A_U,naive,0,U,S,255,,N
B,3BT1_A_U,naive,1,A,N,3,,E
B,3BT1_A_U,naive,1,A,C,12,,L
B,3BT1_A_U,naive,1,A,N,15,,D
B,3BT1_A_U,naive,1,A,K,16,,R
B,3BT1_A_U,naive,1,A,Y,17,,W
B,3BT1_A_U,naive,1,A,S,19,,N
B,3BT1_A_U,naive,1,A,N,20,,G
B,3BT1_A_U,naive,1,A,I,21,,L
B,3BT1_A_U,naive,1,A,W,23,,F
B,3BT1_A_U,naive,1,A,N,25,,Y
B,3BT1_A_U,naive,1,A,K,28,,E
B,3BT1_A_U,naive,1,A,K,39,,L
B,3BT1_A_U,naive,1,A,K,54,,P
B,3BT1_A_U,naive,1,A,A,79,,C
B,3BT1_A_U,naive,1,A,K,91,,N
B,3BT1_A_U,naive,1,U,T,8,,P
B,3BT1_A_U,naive,1,U,D,11,,R
B,3BT1_A_U,naive,1,U,R,25,,V
B,3BT1_A_U,naive,1,U,E,33,,N
B,3BT1_A_U,naive,1,U,E,36,,K
B,3BT1_A_U,naive,1,U,L,38,,E
B,3BT1_A_U,naive,1,U,E,42,,T
B,3BT1_A_U,naive,1,U,K,50,,D
B,3BT1_A_U,naive,1,U,L,55,,M
B,3BT1_A_U,naive,1,U,K,62,,S
B,3BT1_A_U,naive,1,U,T,64,,I
B,3BT1_A_U,naive,1,U,E,68,,Q
B,3BT1_A_U,naive,1,U,S,99,,L
B,3BT1_A_U,naive,1,U,V,123,,I
B,3BT1_A_U,naive,1,U,T,125,,F
B,3BT1_A_U,naive,1,U,K,137,,N
B,3BT1_A_U,naive,1,U,D,139,,P
B,3BT1_A_U,naive,1,U,L,142,,M
B,3BT1_A_U,naive,1,U,H,164,,V
B,3BT1_A_U,naive,1,U,D,252,,P
B,3BT1_A_U,naive,1,U,A,253,,T
B,3BT1_A_U,naive,1,U,S,255,,D
B,3BT1_A_U,naive,2,A,N,3,,V
B,3BT1_A_U,naive,2,A,C,12,,P
B,3BT1_A_U,naive,2,A,K,16,,R
B,3BT1_A_U,naive,2,A,Y,17,,F
B,3BT1_A_U,naive,2,A,S,19,,E
B,3BT1_A_U,naive,2,A,I,21,,V
B,3BT1_A_U,naive,2,A,N,25,,Y
B,3BT1_A_U,naive,2,A,K,28,,G
B,3BT1_A_U,naive,2,A,Q,33,,R
B,3BT1_A_U,naive,2,A,K,39,,T
B,3BT1_A_U,naive,2,A,K,54,,P
B,3BT1_A_U,naive,2,A,K,91,,N
B,3BT1_A_U,naive,2,U,T,8,,P
B,3BT1_A_U,naive,2,U,N,9,,D
B,3BT1_A_U,naive,2,U,D,11,,K
B,3BT1_A_U,naive,2,U,R,25,,V
B,3BT1_A_U,naive,2,U,T,27,,V
B,3BT1_A_U,naive,2,U,L,31,,K
B,3BT1_A_U,naive,2,U,E,33,,T
B,3BT1_A_U,naive,2,U,E,36,,S
B,3BT1_A_U,naive,2,U,L,38,,E
B,3BT1_A_U,naive,2,U,K,50,,D
B,3BT1_A_U,naive,2,U,K,62,,D
B,3BT1_A_U,naive,2,U,T,64,,F
B,3BT1_A_U,naive,2,U,E,68,,R
B,3BT1_A_U,naive,2,U,S,99,,L
B,3BT1_A_U,naive,2,U,V,123,,I
B,3BT1_A_U,naive,2,U,T,125,,F
B,3BT1_A_U,naive,2,U,D,139,,P
B,3BT1_A_U,naive,2,U,L,142,,I
B,3BT1_A_U,naive,2,U,H,164,,Y
B,3BT1_A_U,naive,2,U,L,166,,E
B,3BT1_A_U,naive,2,U,D,252,,P
B,3BT1_A_U,naive,2,U,A,253,,M
B,3BT1_A_U,naive,2,U,S,255,,R
B,3BT1_A_U,random,0,A,N,3,,R
B,3BT1_A_U,random,0,A,C,12,,A
B,3BT1_A_U,random,0,A,V,13,,K
B,3BT1_A_U,random,0,A,S,14,,L
B,3BT1_A_U,random,0,A,N,15,,M
B,3BT1_A_U,random,0,A,K,16,,S
B,3BT1_A_U,random,0,A,Y,17,,R
B,3BT1_A_U,random,0,A,F,18,,A
B,3BT1_A_U,random,0,A,S,19,,N
B,3BT1_A_U,random,0,A,N,20,,K
B,3BT1_A_U,random,0,A,I,21,,M
B,3BT1_A_U,random,0,A,W,23,,F
B,3BT1_A_U,random,0,A,N,25,,V
B,3BT1_A_U,random,0,A,K,28,,E
B,3BT1_A_U,random,0,A,G,31,,R
B,3BT1_A_U,random,0,A,Q,33,,P
B,3BT1_A_U,random,0,A,K,39,,T
B,3BT1_A_U,random,0,A,K,54,,P
B,3BT1_A_U,random,0,A,A,79,,C
B,3BT1_A_U,random,0,A,H,80,,N
B,3BT1_A_U,random,0,U,T,8,,V
B,3BT1_A_U,random,0,U,N,9,,V
B,3BT1_A_U,random,0,U,D,11,,T
B,3BT1_A_U,random,0,U,R,25,,Q
B,3BT1_A_U,random,0,U,T,27,,V
B,3BT1_A_U,random,0,U,V,29,,Q
B,3BT1_A_U,random,0,U,L,31,,E
B,3BT1_A_U,random,0,U,E,33,,I
B,3BT1_A_U,random,0,U,E,36,,T
B,3BT1_A_U,random,0,U,L,38,,K
B,3BT1_A_U,random,0,U,E,42,,H
B,3BT1_A_U,random,0,U,R,53,,K
B,3BT1_A_U,random,0,U,L,55,,K
B,3BT1_A_U,random,0,U,K,62,,A
B,3BT1_A_U,random,0,U,T,64,,I
B,3BT1_A_U,random,0,U,L,66,,C
B,3BT1_A_U,random,0,U,E,68,,I
B,3BT1_A_U,random,0,U,S,99,,L
B,3BT1_A_U,random,0,U,V,123,,I
B,3BT1_A_U,random,0,U,T,125,,H
B,3BT1_A_U,random,0,U,K,137,,F
B,3BT1_A_U,random,0,U,D,139,,G
B,3BT1_A_U,random,0,U,L,142,,V
B,3BT1_A_U,random,0,U,P,149,,Q
B,3BT1_A_U,random,0,U,H,164,,F
B,3BT1_A_U,random,0,U,D,252,,S
B,3BT1_A_U,random,0,U,A,253,,I
B,3BT1_A_U,random,0,U,S,255,,H
B,3BT1_A_U,random,1,A,N,3,,A
B,3BT1_A_U,random,1,A,C,12,,L
B,3BT1_A_U,random,1,A,V,13,,E
B,3BT1_A_U,random,1,A,S,14,,I
B,3BT1_A_U,random,1,A,N,15,,Y
B,3BT1_A_U,random,1,A,K,16,,H
B,3BT1_A_U,random,1,A,Y,17,,R
B,3BT1_A_U,random,1,A,F,18,,A
B,3BT1_A_U,random,1,A,S,19,,N
B,3BT1_A_U,random,1,A,N,20,,W
B,3BT1_A_U,random,1,A,I,21,,M
B,3BT1_A_U,random,1,A,W,23,,F
B,3BT1_A_U,random,1,A,N,25,,V
B,3BT1_A_U,random,1,A,C,26,,E
B,3BT1_A_U,random,1,A,K,28,,I
B,3BT1_A_U,random,1,A,G,31,,A
B,3BT1_A_U,random,1,A,Q,33,,P
B,3BT1_A_U,random,1,A,K,39,,T
B,3BT1_A_U,random,1,A,K,54,,P
B,3BT1_A_U,random,1,A,A,79,,C
B,3BT1_A_U,random,1,A,H,80,,N
B,3BT1_A_U,random,1,A,K,91,,R
B,3BT1_A_U,random,1,U,T,8,,V
B,3BT1_A_U,random,1,U,G,10,,D
B,3BT1_A_U,random,1,U,D,11,,Q
B,3BT1_A_U,random,1,U,R,25,,Y
B,3BT1_A_U,random,1,U,T,27,,M
B,3BT1_A_U,random,1,U,V,29,,I
B,3BT1_A_U,random,1,U,L,31,,E
B,3BT1_A_U,random,1,U,E,33,,S
B,3BT1_A_U,random,1,U,E,36,,L
B,3BT1_A_U,random,1,U,L,38,,Q
B,3BT1_A_U,random,1,U,L,40,,A
B,3BT1_A_U,random,1,U,E,42,,K
B,3BT1_A_U,random,1,U,K,50,,W
B,3BT1_A_U,random,1,U,R,53,,Q
B,3BT1_A_U,random,1,U,L,55,,E
B,3BT1_A_U,random,1,U,K,62,,E
B,3BT1_A_U,random,1,U,T,64,,G
B,3BT1_A_U,random,1,U,L,66,,V
B,3BT1_A_U,random,1,U,E,68,,V
B,3BT1_A_U,random,1,U,S,99,,L
B,3BT1_A_U,random,1,U,V,123,,D
B,3BT1_A_U,random,1,U,T,125,,F
B,3BT1_A_U,random,1,U,K,137,,F
B,3BT1_A_U,random,1,U,D,139,,W
B,3BT1_A_U,random,1,U,L,142,,V
B,3BT1_A_U,random,1,U,P,149,,T
B,3BT1_A_U,random,1,U,H,164,,F
B,3BT1_A_U,random,1,U,L,166,,Q
B,3BT1_A_U,random,1,U,A,253,,I
B,3BT1_A_U,random,1,U,S,255,,N
B,3BT1_A_U,random,2,A,N,3,,F
B,3BT1_A_U,random,2,A,C,12,,I
B,3BT1_A_U,random,2,A,V,13,,E
B,3BT1_A_U,random,2,A,S,14,,M
B,3BT1_A_U,random,2,A,N,15,,K
B,3BT1_A_U,random,2,A,K,16,,F
B,3BT1_A_U,random,2,A,Y,17,,R
B,3BT1_A_U,random,2,A,F,18,,A
B,3BT1_A_U,random,2,A,S,19,,A
B,3BT1_A_U,random,2,A,N,20,,E
B,3BT1_A_U,random,2,A,I,21,,E
B,3BT1_A_U,random,2,A,W,23,,F
B,3BT1_A_U,random,2,A,N,25,,V
B,3BT1_A_U,random,2,A,K,28,,Q
B,3BT1_A_U,random,2,A,G,31,,V
B,3BT1_A_U,random,2,A,Q,33,,P
B,3BT1_A_U,random,2,A,K,39,,T
B,3BT1_A_U,random,2,A,K,54,,P
B,3BT1_A_U,random,2,A,H,80,,N
B,3BT1_A_U,random,2,A,K,91,,D
B,3BT1_A_U,random,2,U,T,8,,V
B,3BT1_A_U,random,2,U,D,11,,R
B,3BT1_A_U,random,2,U,R,25,,Q
B,3BT1_A_U,random,2,U,T,27,,V
B,3BT1_A_U,random,2,U,V,29,,Q
B,3BT1_A_U,random,2,U,L,31,,P
B,3BT1_A_U,random,2,U,E,33,,D
B,3BT1_A_U,random,2,U,E,36,,T
B,3BT1_A_U,random,2,U,L,38,,Q
B,3BT1_A_U,random,2,U,E,42,,T
B,3BT1_A_U,random,2,U,K,50,,D
B,3BT1_A_U,random,2,U,R,53,,Q
B,3BT1_A_U,random,2,U,L,55,,E
B,3BT1_A_U,random,2,U,K,62,,N
B,3BT1_A_U,random,2,U,T,64,,L
B,3BT1_A_U,random,2,U,L,66,,C
B,3BT1_A_U,random,2,U,E,68,,R
B,3BT1_A_U,random,2,U,S,99,,L
B,3BT1_A_U,random,2,U,V,123,,I
B,3BT1_A_U,random,2,U,T,125,,R
B,3BT1_A_U,random,2,U,K,137,,F
B,3BT1_A_U,random,2,U,D,138,,V
B,3BT1_A_U,random,2,U,D,139,,S
B,3BT1_A_U,random,2,U,L,142,,S
B,3BT1_A_U,random,2,U,L,148,,P
B,3BT1_A_U,random,2,U,P,149,,R
B,3BT1_A_U,random,2,U,H,164,,T
B,3BT1_A_U,random,2,U,L,166,,Q
B,3BT1_A_U,random,2,U,D,252,,T
B,3BT1_A_U,random,2,U,A,253,,I
B,3BTF_E_I,L,0,E,Y,22,,H
B,3BTF_E_I,L,0,E,H,23,,V
B,3BTF_E_I,L,0,E,F,24,,Y
B,3BTF_E_I,L,0,E,H,40,,S
B,3BTF_E_I,L,0,E,K,43,,Q
B,3BTF_E_I,L,0,E,S,78,,P
B,3BTF_E_I,L,0,E,N,79,,K
B,3BTF_E_I,L,0,E,Y,131,,F
B,3BTF_E_I,L,0,E,Q,155,,E
B,3BTF_E_I,L,0,E,S,172,,A
B,3BTF_E_I,L,0,E,C,173,,N
B,3BTF_E_I,L,0,E,Q,174,,Y
B,3BTF_E_I,L,0,E,S,177,,G
B,3BTF_E_I,L,0,E,W,193,,Q
B,3BTF_E_I,L,0,I,F,13,,Y
B,3BTF_E_I,L,0,I,A,14,,N
B,3BTF_E_I,L,0,I,R,15,,A
B,3BTF_E_I,L,0,I,I,16,,H
B,3BTF_E_I,L,0,I,I,17,,T
B,3BTF_E_I,L,0,I,V,32,,T
B,3BTF_E_I,L,0,I,R,37,,L
B,3BTF_E_I,L,1,E,Y,22,,H
B,3BTF_E_I,L,1,E,H,23,,P
B,3BTF_E_I,L,1,E,F,24,,Y
B,3BTF_E_I,L,1,E,H,40,,S
B,3BTF_E_I,L,1,E,K,43,,N
B,3BTF_E_I,L,1,E,S,78,,A
B,3BTF_E_I,L,1,E,N,79,,K
B,3BTF_E_I,L,1,E,Y,131,,F
B,3BTF_E_I,L,1,E,Q,155,,T
B,3BTF_E_I,L,1,E,S,172,,A
B,3BTF_E_I,L,1,E,C,173,,M
B,3BTF_E_I,L,1,E,Q,174,,F
B,3BTF_E_I,L,1,E,S,177,,G
B,3BTF_E_I,L,1,E,S,192,,Q
B,3BTF_E_I,L,1,E,W,193,,Y
B,3BTF_E_I,L,1,I,F,13,,Y
B,3BTF_E_I,L,1,I,A,14,,N
B,3BTF_E_I,L,1,I,I,16,,K
B,3BTF_E_I,L,1,I,I,17,,V
B,3BTF_E_I,L,1,I,V,32,,T
B,3BTF_E_I,L,1,I,R,37,,L
B,3BTF_E_I,L,2,E,Y,22,,H
B,3BTF_E_I,L,2,E,H,23,,R
B,3BTF_E_I,L,2,E,F,24,,Y
B,3BTF_E_I,L,2,E,H,40,,S
B,3BTF_E_I,L,2,E,K,43,,T
B,3BTF_E_I,L,2,E,S,78,,P
B,3BTF_E_I,L,2,E,N,79,,V
B,3BTF_E_I,L,2,E,Y,131,,F
B,3BTF_E_I,L,2,E,Q,155,,E
B,3BTF_E_I,L,2,E,S,172,,M
B,3BTF_E_I,L,2,E,Q,174,,R
B,3BTF_E_I,L,2,E,S,177,,G
B,3BTF_E_I,L,2,E,S,192,,A
B,3BTF_E_I,L,2,I,C,12,,T
B,3BTF_E_I,L,2,I,F,13,,Y
B,3BTF_E_I,L,2,I,A,14,,N
B,3BTF_E_I,L,2,I,R,15,,A
B,3BTF_E_I,L,2,I,I,16,,K
B,3BTF_E_I,L,2,I,I,17,,R
B,3BTF_E_I,L,2,I,C,36,,A
B,3BTF_E_I,L,2,I,R,37,,L
B,3BTF_E_I,naive,0,E,Y,22,,H
B,3BTF_E_I,naive,0,E,H,23,,I
B,3BTF_E_I,naive,0,E,F,24,,Y
B,3BTF_E_I,naive,0,E,K,43,,A
B,3BTF_E_I,naive,0,E,S,78,,P
B,3BTF_E_I,naive,0,E,N,79,,T
B,3BTF_E_I,naive,0,E,Y,131,,V
B,3BTF_E_I,naive,0,E,Q,155,,S
B,3BTF_E_I,naive,0,E,S,172,,T
B,3BTF_E_I,naive,0,E,C,173,,H
B,3BTF_E_I,naive,0,E,Q,174,,Y
B,3BTF_E_I,naive,0,E,S,177,,G
B,3BTF_E_I,naive,0,I,F,13,,K
B,3BTF_E_I,naive,0,I,A,14,,N
B,3BTF_E_I,naive,0,I,R,15,,D
B,3BTF_E_I,naive,0,I,I,17,,V
B,3BTF_E_I,naive,0,I,V,32,,T
B,3BTF_E_I,naive,0,I,R,37,,K
B,3BTF_E_I,naive,1,E,Y,22,,H
B,3BTF_E_I,naive,1,E,H,23,,L
B,3BTF_E_I,naive,1,E,F,24,,Y
B,3BTF_E_I,naive,1,E,K,43,,A
B,3BTF_E_I,naive,1,E,S,78,,A
B,3BTF_E_I,naive,1,E,N,79,,S
B,3BTF_E_I,naive,1,E,Y,131,,F
B,3BTF_E_I,naive,1,E,Q,155,,R
B,3BTF_E_I,naive,1,E,S,172,,A
B,3BTF_E_I,naive,1,E,C,173,,A
B,3BTF_E_I,naive,1,E,Q,174,,Y
B,3BTF_E_I,naive,1,E,S,177,,G
B,3BTF_E_I,naive,1,E,S,192,,T
B,3BTF_E_I,naive,1,E,W,193,,F
B,3BTF_E_I,naive,1,I,F,13,,K
B,3BTF_E_I,naive,1,I,A,14,,G
B,3BTF_E_I,naive,1,I,I,17,,K
B,3BTF_E_I,naive,1,I,R,37,,N
B,3BTF_E_I,naive,2,E,Y,22,,H
B,3BTF_E_I,naive,2,E,H,23,,P
B,3BTF_E_I,naive,2,E,K,43,,A
B,3BTF_E_I,naive,2,E,S,78,,P
B,3BTF_E_I,naive,2,E,N,79,,K
B,3BTF_E_I,naive,2,E,Y,131,,W
B,3BTF_E_I,naive,2,E,Q,155,,R
B,3BTF_E_I,naive,2,E,S,172,,A
B,3BTF_E_I,naive,2,E,Q,174,,Y
B,3BTF_E_I,naive,2,E,S,177,,G
B,3BTF_E_I,naive,2,I,F,13,,K
B,3BTF_E_I,naive,2,I,A,14,,N
B,3BTF_E_I,naive,2,I,R,15,,N
B,3BTF_E_I,naive,2,I,R,37,,N
B,3BTF_E_I,random,0,E,Y,22,,C
B,3BTF_E_I,random,0,E,H,23,,V
B,3BTF_E_I,random,0,E,F,24,,Y
B,3BTF_E_I,random,0,E,H,40,,F
B,3BTF_E_I,random,0,E,K,43,,Q
B,3BTF_E_I,random,0,E,S,78,,P
B,3BTF_E_I,random,0,E,N,79,,K
B,3BTF_E_I,random,0,E,Y,131,,T
B,3BTF_E_I,random,0,E,Q,155,,E
B,3BTF_E_I,random,0,E,S,172,,A
B,3BTF_E_I,random,0,E,C,173,,N
B,3BTF_E_I,random,0,E,Q,174,,Y
B,3BTF_E_I,random,0,E,W,193,,Q
B,3BTF_E_I,random,0,I,T,9,,C
B,3BTF_E_I,random,0,I,C,12,,A
B,3BTF_E_I,random,0,I,F,13,,K
B,3BTF_E_I,random,0,I,A,14,,Q
B,3BTF_E_I,random,0,I,R,15,,Q
B,3BTF_E_I,random,0,I,I,17,,T
B,3BTF_E_I,random,0,I,V,32,,T
B,3BTF_E_I,random,0,I,C,36,,W
B,3BTF_E_I,random,0,I,R,37,,W
B,3BTF_E_I,random,1,E,Y,22,,C
B,3BTF_E_I,random,1,E,H,23,,P
B,3BTF_E_I,random,1,E,F,24,,Y
B,3BTF_E_I,random,1,E,K,43,,N
B,3BTF_E_I,random,1,E,S,78,,A
B,3BTF_E_I,random,1,E,N,79,,T
B,3BTF_E_I,random,1,E,Y,131,,M
B,3BTF_E_I,random,1,E,Q,155,,T
B,3BTF_E_I,random,1,E,S,172,,P
B,3BTF_E_I,random,1,E,Q,174,,F
B,3BTF_E_I,random,1,E,S,192,,T
B,3BTF_E_I,random,1,E,W,193,,Y
B,3BTF_E_I,random,1,I,T,9,,I
B,3BTF_E_I,random,1,I,C,12,,D
B,3BTF_E_I,random,1,I,F,13,,Y
B,3BTF_E_I,random,1,I,A,14,,G
B,3BTF_E_I,random,1,I,I,16,,Y
B,3BTF_E_I,random,1,I,I,17,,V
B,3BTF_E_I,random,1,I,V,32,,T
B,3BTF_E_I,random,1,I,C,36,,G
B,3BTF_E_I,random,1,I,R,37,,Q
B,3BTF_E_I,random,2,E,Y,22,,C
B,3BTF_E_I,random,2,E,H,23,,R
B,3BTF_E_I,random,2,E,F,24,,Y
B,3BTF_E_I,random,2,E,H,40,,F
B,3BTF_E_I,random,2,E,K,43,,H
B,3BTF_E_I,random,2,E,S,78,,P
B,3BTF_E_I,random,2,E,N,79,,V
B,3BTF_E_I,random,2,E,Y,131,,M
B,3BTF_E_I,random,2,E,Q,155,,K
B,3BTF_E_I,random,2,E,S,172,,M
B,3BTF_E_I,random,2,E,Q,174,,F
B,3BTF_E_I,random,2,I,T,9,,R
B,3BTF_E_I,random,2,I,P,11,,K
B,3BTF_E_I,random,2,I,C,12,,A
B,3BTF_E_I,random,2,I,F,13,,K
B,3BTF_E_I,random,2,I,A,14,,Q
B,3BTF_E_I,random,2,I,R,15,,T
B,3BTF_E_I,random,2,I,I,16,,C
B,3BTF_E_I,random,2,I,I,17,,R
B,3BTF_E_I,random,2,I,C,36,,Y
B,3BTF_E_I,random,2,I,R,37,,Q
B,3BTH_E_I,L,0,E,Y,22,,H
B,3BTH_E_I,L,0,E,H,23,,V
B,3BTH_E_I,L,0,E,F,24,,Y
B,3BTH_E_I,L,0,E,H,40,,S
B,3BTH_E_I,L,0,E,K,43,,T
B,3BTH_E_I,L,0,E,N,79,,R
B,3BTH_E_I,L,0,E,Q,153,,E
B,3BTH_E_I,L,0,E,S,170,,A
B,3BTH_E_I,L,0,E,C,171,,N
B,3BTH_E_I,L,0,E,Q,172,,Y
B,3BTH_E_I,L,0,E,S,175,,G
B,3BTH_E_I,L,0,E,G,192,,S
B,3BTH_E_I,L,0,I,H,13,,Y
B,3BTH_E_I,L,0,I,A,14,,G
B,3BTH_E_I,L,0,I,R,15,,A
B,3BTH_E_I,L,0,I,I,16,,K
B,3BTH_E_I,L,0,I,I,17,,R
B,3BTH_E_I,L,0,I,V,32,,T
B,3BTH_E_I,L,0,I,G,35,,V
B,3BTH_E_I,L,0,I,R,37,,L
B,3BTH_E_I,L,1,E,Y,22,,H
B,3BTH_E_I,L,1,E,H,23,,V
B,3BTH_E_I,L,1,E,H,40,,T
B,3BTH_E_I,L,1,E,K,43,,Q
B,3BTH_E_I,L,1,E,S,78,,P
B,3BTH_E_I,L,1,E,N,79,,M
B,3BTH_E_I,L,1,E,Q,153,,A
B,3BTH_E_I,L,1,E,S,170,,F
B,3BTH_E_I,L,1,E,C,171,,H
B,3BTH_E_I,L,1,E,Q,172,,Y
B,3BTH_E_I,L,1,E,S,175,,G
B,3BTH_E_I,L,1,E,S,190,,T
B,3BTH_E_I,L,1,E,W,191,,H
B,3BTH_E_I,L,1,E,G,192,,A
B,3BTH_E_I,L,1,E,G,194,,Q
B,3BTH_E_I,L,1,I,C,12,,S
B,3BTH_E_I,L,1,I,H,13,,Y
B,3BTH_E_I,L,1,I,A,14,,N
B,3BTH_E_I,L,1,I,I,16,,K
B,3BTH_E_I,L,1,I,I,17,,D
B,3BTH_E_I,L,1,I,C,36,,A
B,3BTH_E_I,L,1,I,R,37,,L
B,3BTH_E_I,L,2,E,F,24,,Y
B,3BTH_E_I,L,2,E,H,40,,T
B,3BTH_E_I,L,2,E,K,43,,H
B,3BTH_E_I,L,2,E,S,78,,P
B,3BTH_E_I,L,2,E,N,79,,E
B,3BTH_E_I,L,2,E,Q,153,,K
B,3BTH_E_I,L,2,E,S,170,,A
B,3BTH_E_I,L,2,E,C,171,,S
B,3BTH_E_I,L,2,E,Q,172,,Y
B,3BTH_E_I,L,2,E,S,175,,G
B,3BTH_E_I,L,2,E,S,190,,N
B,3BTH_E_I,L,2,E,G,192,,K
B,3BTH_E_I,L,2,E,G,194,,Y
B,3BTH_E_I,L,2,I,P,11,,V
B,3BTH_E_I,L,2,I,H,13,,Y
B,3BTH_E_I,L,2,I,A,14,,C
B,3BTH_E_I,L,2,I,R,15,,Y
B,3BTH_E_I,L,2,I,I,16,,M
B,3BTH_E_I,L,2,I,I,17,,P
B,3BTH_E_I,L,2,I,V,32,,N
B,3BTH_E_I,L,2,I,C,36,,L
B,3BTH_E_I,L,2,I,R,37,,N
B,3BTH_E_I,naive,0,E,Y,22,,H
B,3BTH_E_I,naive,0,E,H,23,,L
B,3BTH_E_I,naive,0,E,F,24,,Y
B,3BTH_E_I,naive,0,E,K,43,,A
B,3BTH_E_I,naive,0,E,S,78,,P
B,3BTH_E_I,naive,0,E,N,79,,V
B,3BTH_E_I,naive,0,E,Q,153,,K
B,3BTH_E_I,naive,0,E,S,170,,A
B,3BTH_E_I,naive,0,E,C,171,,S
B,3BTH_E_I,naive,0,E,Q,172,,Y
B,3BTH_E_I,naive,0,E,S,175,,G
B,3BTH_E_I,naive,0,E,W,191,,Y
B,3BTH_E_I,naive,0,I,H,13,,K
B,3BTH_E_I,naive,0,I,A,14,,G
B,3BTH_E_I,naive,0,I,I,17,,K
B,3BTH_E_I,naive,0,I,R,37,,N
B,3BTH_E_I,naive,1,E,H,23,,P
B,3BTH_E_I,naive,1,E,F,24,,Y
B,3BTH_E_I,naive,1,E,K,43,,R
B,3BTH_E_I,naive,1,E,S,78,,P
B,3BTH_E_I,naive,1,E,Y,129,,W
B,3BTH_E_I,naive,1,E,Q,153,,T
B,3BTH_E_I,naive,1,E,S,170,,A
B,3BTH_E_I,naive,1,E,Q,172,,R
B,3BTH_E_I,naive,1,E,S,175,,G
B,3BTH_E_I,naive,1,I,H,13,,K
B,3BTH_E_I,naive,1,I,A,14,,N
B,3BTH_E_I,naive,1,I,R,15,,A
B,3BTH_E_I,naive,1,I,I,17,,K
B,3BTH_E_I,naive,1,I,R,37,,N
B,3BTH_E_I,naive,2,E,Y,22,,H
B,3BTH_E_I,naive,2,E,H,23,,Q
B,3BTH_E_I,naive,2,E,K,43,,Q
B,3BTH_E_I,naive,2,E,S,78,,R
B,3BTH_E_I,naive,2,E,N,79,,H
B,3BTH_E_I,naive,2,E,Y,129,,T
B,3BTH_E_I,naive,2,E,Q,153,,E
B,3BTH_E_I,naive,2,E,S,170,,A
B,3BTH_E_I,naive,2,E,C,171,,S
B,3BTH_E_I,naive,2,E,Q,172,,Y
B,3BTH_E_I,naive,2,E,S,175,,G
B,3BTH_E_I,naive,2,I,H,13,,Y
B,3BTH_E_I,naive,2,I,A,14,,N
B,3BTH_E_I,naive,2,I,I,17,,T
B,3BTH_E_I,naive,2,I,R,37,,N
B,3BTH_E_I,random,0,E,H,23,,P
B,3BTH_E_I,random,0,E,F,24,,Y
B,3BTH_E_I,random,0,E,H,40,,N
B,3BTH_E_I,random,0,E,K,43,,T
B,3BTH_E_I,random,0,E,N,79,,R
B,3BTH_E_I,random,0,E,Y,129,,I
B,3BTH_E_I,random,0,E,Q,153,,H
B,3BTH_E_I,random,0,E,S,170,,V
B,3BTH_E_I,random,0,E,C,171,,S
B,3BTH_E_I,random,0,E,Q,172,,F
B,3BTH_E_I,random,0,E,S,175,,L
B,3BTH_E_I,random,0,E,G,192,,S
B,3BTH_E_I,random,0,I,T,9,,R
B,3BTH_E_I,random,0,I,H,13,,F
B,3BTH_E_I,random,0,I,A,14,,P
B,3BTH_E_I,random,0,I,R,15,,W
B,3BTH_E_I,random,0,I,I,16,,H
B,3BTH_E_I,random,0,I,I,17,,R
B,3BTH_E_I,random,0,I,V,32,,T
B,3BTH_E_I,random,0,I,G,35,,V
B,3BTH_E_I,random,0,I,R,37,,G
B,3BTH_E_I,random,1,E,H,23,,V
B,3BTH_E_I,random,1,E,H,40,,N
B,3BTH_E_I,random,1,E,K,43,,Q
B,3BTH_E_I,random,1,E,S,78,,P
B,3BTH_E_I,random,1,E,N,79,,M
B,3BTH_E_I,random,1,E,L,81,,D
B,3BTH_E_I,random,1,E,Q,153,,A
B,3BTH_E_I,random,1,E,S,170,,F
B,3BTH_E_I,random,1,E,C,171,,S
B,3BTH_E_I,random,1,E,Q,172,,N
B,3BTH_E_I,random,1,E,S,175,,L
B,3BTH_E_I,random,1,E,S,190,,K
B,3BTH_E_I,random,1,E,G,194,,Q
B,3BTH_E_I,random,1,I,T,9,,R
B,3BTH_E_I,random,1,I,P,11,,K
B,3BTH_E_I,random,1,I,C,12,,S
B,3BTH_E_I,random,1,I,H,13,,F
B,3BTH_E_I,random,1,I,A,14,,H
B,3BTH_E_I,random,1,I,R,15,,I
B,3BTH_E_I,random,1,I,I,16,,H
B,3BTH_E_I,random,1,I,I,17,,K
B,3BTH_E_I,random,1,I,V,32,,N
B,3BTH_E_I,random,1,I,C,36,,Q
B,3BTH_E_I,random,1,I,R,37,,N
B,3BTH_E_I,random,2,E,H,40,,N
B,3BTH_E_I,random,2,E,K,43,,H
B,3BTH_E_I,random,2,E,S,78,,P
B,3BTH_E_I,random,2,E,N,79,,L
B,3BTH_E_I,random,2,E,L,81,,R
B,3BTH_E_I,random,2,E,Q,153,,K
B,3BTH_E_I,random,2,E,S,170,,A
B,3BTH_E_I,random,2,E,C,171,,S
B,3BTH_E_I,random,2,E,Q,172,,F
B,3BTH_E_I,random,2,E,S,175,,L
B,3BTH_E_I,random,2,E,S,190,,N
B,3BTH_E_I,random,2,E,G,192,,E
B,3BTH_E_I,random,2,E,G,194,,Y
B,3BTH_E_I,random,2,I,T,9,,R
B,3BTH_E_I,random,2,I,P,11,,V
B,3BTH_E_I,random,2,I,H,13,,F
B,3BTH_E_I,random,2,I,A,14,,Q
B,3BTH_E_I,random,2,I,R,15,,Y
B,3BTH_E_I,random,2,I,I,16,,Q
B,3BTH_E_I,random,2,I,I,17,,P
B,3BTH_E_I,random,2,I,V,32,,N
B,3BTH_E_I,random,2,I,R,37,,N
B,3BTM_E_I,L,0,E,Y,22,,H
B,3BTM_E_I,L,0,E,H,23,,V
B,3BTM_E_I,L,0,E,H,40,,S
B,3BTM_E_I,L,0,E,K,43,,Q
B,3BTM_E_I,L,0,E,S,78,,Q
B,3BTM_E_I,L,0,E,N,79,,K
B,3BTM_E_I,L,0,E,Y,131,,F
B,3BTM_E_I,L,0,E,C,173,,N
B,3BTM_E_I,L,0,E,Q,174,,R
B,3BTM_E_I,L,0,E,S,177,,G
B,3BTM_E_I,L,0,E,S,192,,L
B,3BTM_E_I,L,0,E,G,194,,Q
B,3BTM_E_I,L,0,I,M,13,,K
B,3BTM_E_I,L,0,I,A,14,,N
B,3BTM_E_I,L,0,I,I,16,,V
B,3BTM_E_I,L,0,I,I,17,,H
B,3BTM_E_I,L,0,I,R,37,,N
B,3BTM_E_I,L,1,E,Y,22,,H
B,3BTM_E_I,L,1,E,H,23,,P
B,3BTM_E_I,L,1,E,H,40,,T
B,3BTM_E_I,L,1,E,K,43,,A
B,3BTM_E_I,L,1,E,S,78,,D
B,3BTM_E_I,L,1,E,N,79,,T
B,3BTM_E_I,L,1,E,Y,131,,H
B,3BTM_E_I,L,1,E,Q,155,,E
B,3BTM_E_I,L,1,E,C,173,,A
B,3BTM_E_I,L,1,E,Q,174,,R
B,3BTM_E_I,L,1,E,S,177,,G
B,3BTM_E_I,L,1,E,S,192,,V
B,3BTM_E_I,L,1,E,W,193,,K
B,3BTM_E_I,L,1,E,G,194,,A
B,3BTM_E_I,L,1,I,T,9,,I
B,3BTM_E_I,L,1,I,P,11,,T
B,3BTM_E_I,L,1,I,M,13,,K
B,3BTM_E_I,L,1,I,A,14,,N
B,3BTM_E_I,L,1,I,R,15,,A
B,3BTM_E_I,L,1,I,I,17,,T
B,3BTM_E_I,L,1,I,V,32,,T
B,3BTM_E_I,L,1,I,R,37,,N
B,3BTM_E_I,L,2,E,Y,22,,H
B,3BTM_E_I,L,2,E,H,23,,V
B,3BTM_E_I,L,2,E,F,24,,Y
B,3BTM_E_I,L,2,E,H,40,,S
B,3BTM_E_I,L,2,E,K,43,,E
B,3BTM_E_I,L,2,E,S,78,,P
B,3BTM_E_I,L,2,E,N,79,,V
B,3BTM_E_I,L,2,E,L,81,,G
B,3BTM_E_I,L,2,E,Q,174,,R
B,3BTM_E_I,L,2,E,S,177,,G
B,3BTM_E_I,L,2,E,S,192,,F
B,3BTM_E_I,L,2,E,G,194,,R
B,3BTM_E_I,L,2,E,G,196,,D
B,3BTM_E_I,L,2,I,P,11,,I
B,3BTM_E_I,L,2,I,M,13,,K
B,3BTM_E_I,L,2,I,A,14,,N
B,3BTM_E_I,L,2,I,I,16,,K
B,3BTM_E_I,L,2,I,I,17,,L
B,3BTM_E_I,L,2,I,R,37,,L
B,3BTM_E_I,naive,0,E,Y,22,,H
B,3BTM_E_I,naive,0,E,H,23,,V
B,3BTM_E_I,naive,0,E,F,24,,Y
B,3BTM_E_I,naive,0,E,K,43,,A
B,3BTM_E_I,naive,0,E,S,78,,P
B,3BTM_E_I,naive,0,E,N,79,,I
B,3BTM_E_I,naive,0,E,Q,155,,E
B,3BTM_E_I,naive,0,E,Q,174,,Y
B,3BTM_E_I,naive,0,E,S,177,,A
B,3BTM_E_I,naive,0,I,M,13,,K
B,3BTM_E_I,naive,0,I,A,14,,N
B,3BTM_E_I,naive,0,I,R,15,,N
B,3BTM_E_I,naive,0,I,I,17,,T
B,3BTM_E_I,naive,0,I,V,32,,T
B,3BTM_E_I,naive,0,I,R,37,,N
B,3BTM_E_I,naive,1,E,H,23,,L
B,3BTM_E_I,naive,1,E,F,24,,Y
B,3BTM_E_I,naive,1,E,K,43,,A
B,3BTM_E_I,naive,1,E,S,78,,P
B,3BTM_E_I,naive,1,E,N,79,,T
B,3BTM_E_I,naive,1,E,Y,131,,F
B,3BTM_E_I,naive,1,E,C,173,,A
B,3BTM_E_I,naive,1,E,Q,174,,R
B,3BTM_E_I,naive,1,E,S,177,,A
B,3BTM_E_I,naive,1,E,G,194,,N
B,3BTM_E_I,naive,1,I,T,9,,Y
B,3BTM_E_I,naive,1,I,M,13,,K
B,3BTM_E_I,naive,1,I,A,14,,N
B,3BTM_E_I,naive,1,I,R,15,,N
B,3BTM_E_I,naive,1,I,I,17,,K
B,3BTM_E_I,naive,1,I,R,37,,N
B,3BTM_E_I,naive,2,E,Y,22,,H
B,3BTM_E_I,naive,2,E,F,24,,Y
B,3BTM_E_I,naive,2,E,K,43,,A
B,3BTM_E_I,naive,2,E,S,78,,E
B,3BTM_E_I,naive,2,E,N,79,,K
B,3BTM_E_I,naive,2,E,Y,131,,F
B,3BTM_E_I,naive,2,E,Q,174,,Y
B,3BTM_E_I,naive,2,E,S,177,,A
B,3BTM_E_I,naive,2,E,S,192,,Q
B,3BTM_E_I,naive,2,I,M,13,,K
B,3BTM_E_I,naive,2,I,A,14,,N
B,3BTM_E_I,naive,2,I,R,15,,A
B,3BTM_E_I,naive,2,I,I,17,,K
B,3BTM_E_I,naive,2,I,V,32,,I
B,3BTM_E_I,naive,2,I,R,37,,N
B,3BTM_E_I,random,0,E,Y,22,,S
B,3BTM_E_I,random,0,E,H,23,,V
B,3BTM_E_I,random,0,E,H,40,,T
B,3BTM_E_I,random,0,E,K,43,,Q
B,3BTM_E_I,random,0,E,S,78,,Q
B,3BTM_E_I,random,0,E,N,79,,K
B,3BTM_E_I,random,0,E,Y,131,,K
B,3BTM_E_I,random,0,E,C,173,,S
B,3BTM_E_I,random,0,E,Q,174,,F
B,3BTM_E_I,random,0,E,S,177,,L
B,3BTM_E_I,random,0,E,S,192,,L
B,3BTM_E_I,random,0,E,G,194,,Q
B,3BTM_E_I,random,0,I,T,9,,K
B,3BTM_E_I,random,0,I,P,11,,A
B,3BTM_E_I,random,0,I,M,13,,A
B,3BTM_E_I,random,0,I,A,14,,N
B,3BTM_E_I,random,0,I,R,15,,A
B,3BTM_E_I,random,0,I,I,16,,V
B,3BTM_E_I,random,0,I,I,17,,H
B,3BTM_E_I,random,0,I,R,37,,W
B,3BTM_E_I,random,1,E,Y,22,,S
B,3BTM_E_I,random,1,E,H,23,,P
B,3BTM_E_I,random,1,E,K,43,,A
B,3BTM_E_I,random,1,E,S,78,,D
B,3BTM_E_I,random,1,E,N,79,,T
B,3BTM_E_I,random,1,E,Y,131,,H
B,3BTM_E_I,random,1,E,Q,155,,I
B,3BTM_E_I,random,1,E,C,173,,S
B,3BTM_E_I,random,1,E,Q,174,,F
B,3BTM_E_I,random,1,E,S,177,,G
B,3BTM_E_I,random,1,E,S,192,,V
B,3BTM_E_I,random,1,E,W,193,,K
B,3BTM_E_I,random,1,I,T,9,,I
B,3BTM_E_I,random,1,I,P,11,,M
B,3BTM_E_I,random,1,I,M,13,,A
B,3BTM_E_I,random,1,I,A,14,,M
B,3BTM_E_I,random,1,I,R,15,,I
B,3BTM_E_I,random,1,I,I,17,,T
B,3BTM_E_I,random,1,I,V,32,,I
B,3BTM_E_I,random,1,I,R,37,,T
B,3BTM_E_I,random,2,E,Y,22,,S
B,3BTM_E_I,random,2,E,H,23,,P
B,3BTM_E_I,random,2,E,F,24,,Y
B,3BTM_E_I,random,2,E,H,40,,A
B,3BTM_E_I,random,2,E,K,43,,A
B,3BTM_E_I,random,2,E,N,79,,V
B,3BTM_E_I,random,2,E,L,81,,G
B,3BTM_E_I,random,2,E,Y,131,,V
B,3BTM_E_I,random,2,E,Q,174,,S
B,3BTM_E_I,random,2,E,S,177,,L
B,3BTM_E_I,random,2,E,S,192,,F
B,3BTM_E_I,random,2,E,G,196,,S
B,3BTM_E_I,random,2,I,T,9,,E
B,3BTM_E_I,random,2,I,P,11,,I
B,3BTM_E_I,random,2,I,M,13,,A
B,3BTM_E_I,random,2,I,A,14,,M
B,3BTM_E_I,random,2,I,R,15,,A
B,3BTM_E_I,random,2,I,I,17,,L
B,3BTM_E_I,random,2,I,R,37,,K
B,3EQS_A_B,L,0,A,K,26,,Q
B,3EQS_A_B,L,0,A,F,30,,H
B,3EQS_A_B,L,0,A,M,37,,K
B,3EQS_A_B,L,0,A,H,48,,S
B,3EQS_A_B,L,0,A,V,68,,I
B,3EQS_A_B,L,0,A,K,69,,Q
B,3EQS_A_B,L,0,A,H,71,,R
B,3EQS_A_B,L,0,A,I,74,,V
B,3EQS_A_B,L,0,A,Y,75,,L
B,3EQS_A_B,L,0,B,T,1,,P
B,3EQS_A_B,L,0,B,S,2,,T
B,3EQS_A_B,L,0,B,A,4,,D
B,3EQS_A_B,L,0,B,Y,6,,H
B,3EQS_A_B,L,0,B,N,8,,D
B,3EQS_A_B,L,0,B,L,10,,W
B,3EQS_A_B,L,0,B,S,11,,E
B,3EQS_A_B,L,1,A,K,26,,S
B,3EQS_A_B,L,1,A,L,29,,I
B,3EQS_A_B,L,1,A,F,30,,D
B,3EQS_A_B,L,1,A,I,36,,Y
B,3EQS_A_B,L,1,A,M,37,,I
B,3EQS_A_B,L,1,A,H,48,,S
B,3EQS_A_B,L,1,A,V,68,,I
B,3EQS_A_B,L,1,A,K,69,,T
B,3EQS_A_B,L,1,A,H,71,,K
B,3EQS_A_B,L,1,B,T,1,,K
B,3EQS_A_B,L,1,B,S,2,,R
B,3EQS_A_B,L,1,B,A,4,,P
B,3EQS_A_B,L,1,B,N,8,,D
B,3EQS_A_B,L,1,B,L,9,,I
B,3EQS_A_B,L,1,B,S,11,,A
B,3EQS_A_B,L,2,A,K,26,,I
B,3EQS_A_B,L,2,A,L,29,,M
B,3EQS_A_B,L,2,A,F,30,,V
B,3EQS_A_B,L,2,A,I,36,,L
B,3EQS_A_B,L,2,A,M,37,,I
B,3EQS_A_B,L,2,A,H,48,,A
B,3EQS_A_B,L,2,A,V,68,,I
B,3EQS_A_B,L,2,A,K,69,,T
B,3EQS_A_B,L,2,A,I,74,,V
B,3EQS_A_B,L,2,A,Y,75,,H
B,3EQS_A_B,L,2,B,T,1,,K
B,3EQS_A_B,L,2,B,A,4,,K
B,3EQS_A_B,L,2,B,Y,6,,W
B,3EQS_A_B,L,2,B,N,8,,D
B,3EQS_A_B,L,2,B,L,9,,K
B,3EQS_A_B,L,2,B,L,10,,W
B,3EQS_A_B,L,2,B,S,11,,V
B,3EQS_A_B,naive,0,A,K,26,,Q
B,3EQS_A_B,naive,0,A,F,30,,I
B,3EQS_A_B,naive,0,A,I,36,,L
B,3EQS_A_B,naive,0,A,M,37,,I
B,3EQS_A_B,naive,0,A,H,48,,S
B,3EQS_A_B,naive,0,A,V,68,,L
B,3EQS_A_B,naive,0,A,K,69,,T
B,3EQS_A_B,naive,0,A,H,71,,K
B,3EQS_A_B,naive,0,A,Y,75,,R
B,3EQS_A_B,naive,0,B,T,1,,K
B,3EQS_A_B,naive,0,B,A,4,,E
B,3EQS_A_B,naive,0,B,N,8,,S
B,3EQS_A_B,naive,0,B,L,9,,E
B,3EQS_A_B,naive,0,B,S,11,,V
B,3EQS_A_B,naive,1,A,K,26,,A
B,3EQS_A_B,naive,1,A,L,29,,I
B,3EQS_A_B,naive,1,A,F,30,,D
B,3EQS_A_B,naive,1,A,M,37,,K
B,3EQS_A_B,naive,1,A,H,48,,S
B,3EQS_A_B,naive,1,A,V,68,,L
B,3EQS_A_B,naive,1,A,K,69,,D
B,3EQS_A_B,naive,1,A,H,71,,K
B,3EQS_A_B,naive,1,A,Y,75,,L
B,3EQS_A_B,naive,1,B,T,1,,K
B,3EQS_A_B,naive,1,B,A,4,,W
B,3EQS_A_B,naive,1,B,N,8,,D
B,3EQS_A_B,naive,1,B,L,9,,Q
B,3EQS_A_B,naive,1,B,S,11,,V
B,3EQS_A_B,naive,2,A,K,26,,D
B,3EQS_A_B,naive,2,A,L,29,,I
B,3EQS_A_B,naive,2,A,F,30,,T
B,3EQS_A_B,naive,2,A,M,37,,K
B,3EQS_A_B,naive,2,A,H,48,,S
B,3EQS_A_B,naive,2,A,V,68,,L
B,3EQS_A_B,naive,2,A,K,69,,T
B,3EQS_A_B,naive,2,A,H,71,,K
B,3EQS_A_B,naive,2,A,Y,75,,L
B,3EQS_A_B,naive,2,B,T,1,,M
B,3EQS_A_B,naive,2,B,A,4,,E
B,3EQS_A_B,naive,2,B,Y,6,,H
B,3EQS_A_B,naive,2,B,N,8,,A
B,3EQS_A_B,naive,2,B,L,9,,K
B,3EQS_A_B,naive,2,B,S,11,,V
B,3EQS_A_B,random,0,A,K,26,,Q
B,3EQS_A_B,random,0,A,L,29,,W
B,3EQS_A_B,random,0,A,F,30,,Q
B,3EQS_A_B,random,0,A,G,33,,T
B,3EQS_A_B,random,0,A,M,37,,I
B,3EQS_A_B,random,0,A,H,48,,K
B,3EQS_A_B,random,0,A,V,68,,M
B,3EQS_A_B,random,0,A,K,69,,D
B,3EQS_A_B,random,0,A,H,71,,T
B,3EQS_A_B,random,0,A,I,74,,V
B,3EQS_A_B,random,0,A,Y,75,,T
B,3EQS_A_B,random,0,B,S,2,,T
B,3EQS_A_B,random,0,B,F,3,,D
B,3EQS_A_B,random,0,B,A,4,,E
B,3EQS_A_B,random,0,B,Y,6,,C
B,3EQS_A_B,random,0,B,W,7,,E
B,3EQS_A_B,random,0,B,N,8,,A
B,3EQS_A_B,random,0,B,L,10,,T
B,3EQS_A_B,random,0,B,S,11,,E
B,3EQS_A_B,random,1,A,K,26,,S
B,3EQS_A_B,random,1,A,L,29,,F
B,3EQS_A_B,random,1,A,F,30,,D
B,3EQS_A_B,random,1,A,G,33,,T
B,3EQS_A_B,random,1,A,M,37,,I
B,3EQS_A_B,random,1,A,H,48,,K
B,3EQS_A_B,random,1,A,V,68,,M
B,3EQS_A_B,random,1,A,K,69,,E
B,3EQS_A_B,random,1,A,H,71,,T
B,3EQS_A_B,random,1,A,Y,75,,T
B,3EQS_A_B,random,1,B,T,1,,Q
B,3EQS_A_B,random,1,B,S,2,,R
B,3EQS_A_B,random,1,B,F,3,,D
B,3EQS_A_B,random,1,B,A,4,,E
B,3EQS_A_B,random,1,B,W,7,,E
B,3EQS_A_B,random,1,B,N,8,,S
B,3EQS_A_B,random,1,B,L,9,,I
B,3EQS_A_B,random,1,B,L,10,,T
B,3EQS_A_B,random,1,B,S,11,,A
B,3EQS_A_B,random,2,A,K,26,,E
B,3EQS_A_B,random,2,A,L,29,,M
B,3EQS_A_B,random,2,A,F,30,,V
B,3EQS_A_B,random,2,A,G,33,,T
B,3EQS_A_B,random,2,A,I,36,,L
B,3EQS_A_B,random,2,A,M,37,,I
B,3EQS_A_B,random,2,A,Q,47,,Y
B,3EQS_A_B,random,2,A,H,48,,A
B,3EQS_A_B,random,2,A,V,68,,L
B,3EQS_A_B,random,2,A,K,69,,D
B,3EQS_A_B,random,2,A,H,71,,N
B,3EQS_A_B,random,2,A,Y,75,,K
B,3EQS_A_B,random,2,B,T,1,,Y
B,3EQS_A_B,random,2,B,S,2,,E
B,3EQS_A_B,random,2,B,F,3,,D
B,3EQS_A_B,random,2,B,A,4,,K
B,3EQS_A_B,random,2,B,Y,6,,F
B,3EQS_A_B,random,2,B,W,7,,E
B,3EQS_A_B,random,2,B,N,8,,A
B,3EQS_A_B,random,2,B,L,9,,K
B,3EQS_A_B,random,2,B,L,10,,T
B,3EQS_A_B,random,2,B,S,11,,V
B,3HFM_HL_Y,L,0,H,T,30,,R
B,3HFM_HL_Y,L,0,H,S,31,,G
B,3HFM_HL_Y,L,0,H,D,32,,M
B,3HFM_HL_Y,L,0,H,Y,33,,P
B,3HFM_HL_Y,L,0,H,Y,50,,Q
B,3HFM_HL_Y,L,0,H,S,52,,A
B,3HFM_HL_Y,L,0,H,Y,53,,R
B,3HFM_HL_Y,L,0,H,S,54,,G
B,3HFM_HL_Y,L,0,H,S,56,,C
B,3HFM_HL_Y,L,0,H,Y,58,,Q
B,3HFM_HL_Y,L,0,H,W,98,,N
B,3HFM_HL_Y,L,0,L,G,30,,P
B,3HFM_HL_Y,L,0,L,N,31,,K
B,3HFM_HL_Y,L,0,L,Y,50,,D
B,3HFM_HL_Y,L,0,L,Q,53,,E
B,3HFM_HL_Y,L,0,L,S,91,,T
B,3HFM_HL_Y,L,0,L,N,92,,Y
B,3HFM_HL_Y,L,0,L,W,94,,Y
B,3HFM_HL_Y,L,0,L,Y,96,,Q
B,3HFM_HL_Y,L,0,Y,R,14,,D
B,3HFM_HL_Y,L,0,Y,H,15,,Y
B,3HFM_HL_Y,L,0,Y,N,19,,R
B,3HFM_HL_Y,L,0,Y,Y,20,,W
B,3HFM_HL_Y,L,0,Y,W,63,,H
B,3HFM_HL_Y,L,0,Y,R,73,,F
B,3HFM_HL_Y,L,0,Y,T,89,,R
B,3HFM_HL_Y,L,0,Y,N,93,,S
B,3HFM_HL_Y,L,0,Y,K,96,,E
B,3HFM_HL_Y,L,0,Y,K,97,,L
B,3HFM_HL_Y,L,0,Y,S,100,,N
B,3HFM_HL_Y,L,0,Y,G,102,,C
B,3HFM_HL_Y,L,0,Y,N,103,,K
B,3HFM_HL_Y,L,0,Y,A,107,,N
B,3HFM_HL_Y,L,1,H,T,30,,R
B,3HFM_HL_Y,L,1,H,S,31,,G
B,3HFM_HL_Y,L,1,H,D,32,,L
B,3HFM_HL_Y,L,1,H,Y,33,,M
B,3HFM_HL_Y,L,1,H,S,52,,A
B,3HFM_HL_Y,L,1,H,Y,53,,P
B,3HFM_HL_Y,L,1,H,S,54,,G
B,3HFM_HL_Y,L,1,H,Y,58,,A
B,3HFM_HL_Y,L,1,H,W,98,,Q
B,3HFM_HL_Y,L,1,L,G,30,,N
B,3HFM_HL_Y,L,1,L,N,31,,R
B,3HFM_HL_Y,L,1,L,Y,50,,D
B,3HFM_HL_Y,L,1,L,Q,53,,D
B,3HFM_HL_Y,L,1,L,S,91,,Q
B,3HFM_HL_Y,L,1,L,N,92,,Q
B,3HFM_HL_Y,L,1,L,W,94,,L
B,3HFM_HL_Y,L,1,L,Y,96,,P
B,3HFM_HL_Y,L,1,Y,H,15,,L
B,3HFM_HL_Y,L,1,Y,N,19,,G
B,3HFM_HL_Y,L,1,Y,Y,20,,I
B,3HFM_HL_Y,L,1,Y,R,21,,L
B,3HFM_HL_Y,L,1,Y,R,73,,L
B,3HFM_HL_Y,L,1,Y,L,75,,I
B,3HFM_HL_Y,L,1,Y,T,89,,Q
B,3HFM_HL_Y,L,1,Y,N,93,,R
B,3HFM_HL_Y,L,1,Y,K,96,,I
B,3HFM_HL_Y,L,1,Y,K,97,,Y
B,3HFM_HL_Y,L,1,Y,S,100,,R
B,3HFM_HL_Y,L,1,Y,D,101,,S
B,3HFM_HL_Y,L,1,Y,N,103,,L
B,3HFM_HL_Y,L,1,Y,A,107,,E
B,3HFM_HL_Y,L,2,H,T,30,,E
B,3HFM_HL_Y,L,2,H,S,31,,G
B,3HFM_HL_Y,L,2,H,D,32,,F
B,3HFM_HL_Y,L,2,H,Y,33,,T
B,3HFM_HL_Y,L,2,H,Y,50,,R
B,3HFM_HL_Y,L,2,H,S,52,,A
B,3HFM_HL_Y,L,2,H,Y,53,,R
B,3HFM_HL_Y,L,2,H,S,54,,G
B,3HFM_HL_Y,L,2,H,S,56,,H
B,3HFM_HL_Y,L,2,H,Y,58,,T
B,3HFM_HL_Y,L,2,H,W,98,,E
B,3HFM_HL_Y,L,2,L,G,30,,T
B,3HFM_HL_Y,L,2,L,N,31,,S
B,3HFM_HL_Y,L,2,L,Q,53,,R
B,3HFM_HL_Y,L,2,L,N,92,,H
B,3HFM_HL_Y,L,2,L,W,94,,M
B,3HFM_HL_Y,L,2,Y,R,14,,A
B,3HFM_HL_Y,L,2,Y,H,15,,L
B,3HFM_HL_Y,L,2,Y,Y,20,,F
B,3HFM_HL_Y,L,2,Y,R,21,,M
B,3HFM_HL_Y,L,2,Y,R,73,,F
B,3HFM_HL_Y,L,2,Y,L,75,,I
B,3HFM_HL_Y,L,2,Y,T,89,,M
B,3HFM_HL_Y,L,2,Y,K,96,,L
B,3HFM_HL_Y,L,2,Y,K,97,,R
B,3HFM_HL_Y,L,2,Y,S,100,,R
B,3HFM_HL_Y,L,2,Y,N,103,,R
B,3HFM_HL_Y,L,2,Y,A,107,,Y
B,3HFM_HL_Y,naive,0,H,T,30,,K
B,3HFM_HL_Y,naive,0,H,S,31,,G
B,3HFM_HL_Y,naive,0,H,D,32,,K
B,3HFM_HL_Y,naive,0,H,Y,33,,T
B,3HFM_HL_Y,naive,0,H,Y,50,,S
B,3HFM_HL_Y,naive,0,H,Y,53,,P
B,3HFM_HL_Y,naive,0,H,S,54,,G
B,3HFM_HL_Y,naive,0,H,Y,58,,V
B,3HFM_HL_Y,naive,0,H,W,98,,S
B,3HFM_HL_Y,naive,0,L,G,30,,Q
B,3HFM_HL_Y,naive,0,L,Y,50,,N
B,3HFM_HL_Y,naive,0,L,Q,53,,H
B,3HFM_HL_Y,naive,0,L,S,91,,L
B,3HFM_HL_Y,naive,0,L,N,92,,S
B,3HFM_HL_Y,naive,0,L,W,94,,Y
B,3HFM_HL_Y,naive,0,Y,R,14,,D
B,3HFM_HL_Y,naive,0,Y,H,15,,L
B,3HFM_HL_Y,naive,0,Y,Y,20,,F
B,3HFM_HL_Y,naive,0,Y,R,21,,L
B,3HFM_HL_Y,naive,0,Y,W,63,,D
B,3HFM_HL_Y,naive,0,Y,R,73,,V
B,3HFM_HL_Y,naive,0,Y,L,75,,R
B,3HFM_HL_Y,naive,0,Y,T,89,,K
B,3HFM_HL_Y,naive,0,Y,N,93,,E
B,3HFM_HL_Y,naive,0,Y,K,97,,T
B,3HFM_HL_Y,naive,0,Y,S,100,,C
B,3HFM_HL_Y,naive,0,Y,N,103,,K
B,3HFM_HL_Y,naive,0,Y,A,107,,N
B,3HFM_HL_Y,naive,1,H,S,31,,G
B,3HFM_HL_Y,naive,1,H,D,32,,R
B,3HFM_HL_Y,naive,1,H,Y,33,,T
B,3HFM_HL_Y,naive,1,H,Y,50,,L
B,3HFM_HL_Y,naive,1,H,S,52,,A
B,3HFM_HL_Y,naive,1,H,Y,53,,P
B,3HFM_HL_Y,naive,1,H,S,54,,G
B,3HFM_HL_Y,naive,1,H,Y,58,,R
B,3HFM_HL_Y,naive,1,H,W,98,,G
B,3HFM_HL_Y,naive,1,L,G,30,,N
B,3HFM_HL_Y,naive,1,L,N,31,,R
B,3HFM_HL_Y,naive,1,L,Y,50,,H
B,3HFM_HL_Y,naive,1,L,Q,53,,V
B,3HFM_HL_Y,naive,1,L,S,91,,T
B,3HFM_HL_Y,naive,1,L,N,92,,H
B,3HFM_HL_Y,naive,1,L,Y,96,,F
B,3HFM_HL_Y,naive,1,Y,R,14,,S
B,3HFM_HL_Y,naive,1,Y,H,15,,L
B,3HFM_HL_Y,naive,1,Y,N,19,,S
B,3HFM_HL_Y,naive,1,Y,W,63,,D
B,3HFM_HL_Y,naive,1,Y,R,73,,F
B,3HFM_HL_Y,naive,1,Y,L,75,,R
B,3HFM_HL_Y,naive,1,Y,T,89,,R
B,3HFM_HL_Y,naive,1,Y,N,93,,E
B,3HFM_HL_Y,naive,1,Y,K,97,,L
B,3HFM_HL_Y,naive,1,Y,S,100,,D
B,3HFM_HL_Y,naive,1,Y,N,103,,L
B,3HFM_HL_Y,naive,1,Y,A,107,,N
B,3HFM_HL_Y,naive,2,H,S,31,,G
B,3HFM_HL_Y,naive,2,H,D,32,,V
B,3HFM_HL_Y,naive,2,H,Y,33,,T
B,3HFM_HL_Y,naive,2,H,Y,50,,Q
B,3HFM_HL_Y,naive,2,H,Y,53,,P
B,3HFM_HL_Y,naive,2,H,S,54,,G
B,3HFM_HL_Y,naive,2,H,Y,58,,T
B,3HFM_HL_Y,naive,2,L,G,30,,P
B,3HFM_HL_Y,naive,2,L,N,31,,G
B,3HFM_HL_Y,naive,2,L,Y,50,,R
B,3HFM_HL_Y,naive,2,L,Q,53,,R
B,3HFM_HL_Y,naive,2,L,S,91,,T
B,3HFM_HL_Y,naive,2,L,N,92,,Y
B,3HFM_HL_Y,naive,2,L,W,94,,F
B,3HFM_HL_Y,naive,2,Y,H,15,,L
B,3HFM_HL_Y,naive,2,Y,N,19,,G
B,3HFM_HL_Y,naive,2,Y,Y,20,,F
B,3HFM_HL_Y,naive,2,Y,R,73,,V
B,3HFM_HL_Y,naive,2,Y,T,89,,E
B,3HFM_HL_Y,naive,2,Y,N,93,,A
B,3HFM_HL_Y,naive,2,Y,K,97,,L
B,3HFM_HL_Y,naive,2,Y,S,100,,N
B,3HFM_HL_Y,naive,2,Y,D,101,,N
B,3HFM_HL_Y,naive,2,Y,N,103,,R
B,3HFM_HL_Y,naive,2,Y,A,107,,V
B,3HFM_HL_Y,random,0,H,T,30,,R
B,3HFM_HL_Y,random,0,H,S,31,,G
B,3HFM_HL_Y,random,0,H,D,32,,M
B,3HFM_HL_Y,random,0,H,Y,33,,T
B,3HFM_HL_Y,random,0,H,Y,50,,N
B,3HFM_HL_Y,random,0,H,S,52,,A
B,3HFM_HL_Y,random,0,H,Y,53,,Q
B,3HFM_HL_Y,random,0,H,S,54,,G
B,3HFM_HL_Y,random,0,H,S,56,,F
B,3HFM_HL_Y,random,0,H,Y,58,,Q
B,3HFM_HL_Y,random,0,H,W,98,,N
B,3HFM_HL_Y,random,0,L,G,30,,P
B,3HFM_HL_Y,random,0,L,N,31,,Q
B,3HFM_HL_Y,random,0,L,N,32,,R
B,3HFM_HL_Y,random,0,L,Y,50,,S
B,3HFM_HL_Y,random,0,L,Q,53,,L
B,3HFM_HL_Y,random,0,L,S,91,,T
B,3HFM_HL_Y,random,0,L,N,92,,D
B,3HFM_HL_Y,random,0,L,W,94,,Y
B,3HFM_HL_Y,random,0,L,Y,96,,Q
B,3HFM_HL_Y,random,0,Y,R,14,,G
B,3HFM_HL_Y,random,0,Y,H,15,,Y
B,3HFM_HL_Y,random,0,Y,Y,20,,F
B,3HFM_HL_Y,random,0,Y,R,21,,Y
B,3HFM_HL_Y,random,0,Y,W,63,,H
B,3HFM_HL_Y,random,0,Y,R,73,,F
B,3HFM_HL_Y,random,0,Y,L,75,,W
B,3HFM_HL_Y,random,0,Y,N,93,,Y
B,3HFM_HL_Y,random,0,Y,K,97,,A
B,3HFM_HL_Y,random,0,Y,S,100,,I
B,3HFM_HL_Y,random,0,Y,D,101,,N
B,3HFM_HL_Y,random,0,Y,G,102,,S
B,3HFM_HL_Y,random,0,Y,N,103,,K
B,3HFM_HL_Y,random,0,Y,A,107,,S
B,3HFM_HL_Y,random,1,H,T,30,,R
B,3HFM_HL_Y,random,1,H,S,31,,N
B,3HFM_HL_Y,random,1,H,D,32,,V
B,3HFM_HL_Y,random,1,H,Y,33,,T
B,3HFM_HL_Y,random,1,H,Y,50,,T
B,3HFM_HL_Y,random,1,H,S,52,,A
B,3HFM_HL_Y,random,1,H,Y,53,,P
B,3HFM_HL_Y,random,1,H,S,54,,G
B,3HFM_HL_Y,random,1,H,S,56,,P
B,3HFM_HL_Y,random,1,H,Y,58,,A
B,3HFM_HL_Y,random,1,H,W,98,,Q
B,3HFM_HL_Y,random,1,L,G,30,,N
B,3HFM_HL_Y,random,1,L,N,31,,L
B,3HFM_HL_Y,random,1,L,N,32,,R
B,3HFM_HL_Y,random,1,L,Y,50,,T
B,3HFM_HL_Y,random,1,L,Q,53,,T
B,3HFM_HL_Y,random,1,L,S,91,,Q
B,3HFM_HL_Y,random,1,L,N,92,,Q
B,3HFM_HL_Y,random,1,L,W,94,,L
B,3HFM_HL_Y,random,1,L,Y,96,,P
B,3HFM_HL_Y,random,1,Y,R,14,,H
B,3HFM_HL_Y,random,1,Y,H,15,,Q
B,3HFM_HL_Y,random,1,Y,N,19,,G
B,3HFM_HL_Y,random,1,Y,Y,20,,I
B,3HFM_HL_Y,random,1,Y,R,21,,L
B,3HFM_HL_Y,random,1,Y,W,63,,T
B,3HFM_HL_Y,random,1,Y,R,73,,T
B,3HFM_HL_Y,random,1,Y,L,75,,V
B,3HFM_HL_Y,random,1,Y,T,89,,Q
B,3HFM_HL_Y,random,1,Y,K,97,,S
B,3HFM_HL_Y,random,1,Y,S,100,,H
B,3HFM_HL_Y,random,1,Y,D,101,,S
B,3HFM_HL_Y,random,1,Y,G,102,,S
B,3HFM_HL_Y,random,1,Y,N,103,,L
B,3HFM_HL_Y,random,1,Y,A,107,,E
B,3HFM_HL_Y,random,2,H,T,30,,E
B,3HFM_HL_Y,random,2,H,S,31,,G
B,3HFM_HL_Y,random,2,H,D,32,,V
B,3HFM_HL_Y,random,2,H,Y,33,,T
B,3HFM_HL_Y,random,2,H,Y,50,,R
B,3HFM_HL_Y,random,2,H,S,52,,A
B,3HFM_HL_Y,random,2,H,Y,53,,R
B,3HFM_HL_Y,random,2,H,S,54,,G
B,3HFM_HL_Y,random,2,H,S,56,,W
B,3HFM_HL_Y,random,2,H,Y,58,,E
B,3HFM_HL_Y,random,2,H,W,98,,G
B,3HFM_HL_Y,random,2,L,G,30,,T
B,3HFM_HL_Y,random,2,L,N,31,,S
B,3HFM_HL_Y,random,2,L,N,32,,R
B,3HFM_HL_Y,random,2,L,Q,53,,R
B,3HFM_HL_Y,random,2,L,N,92,,K
B,3HFM_HL_Y,random,2,L,W,94,,M
B,3HFM_HL_Y,random,2,Y,R,14,,A
B,3HFM_HL_Y,random,2,Y,R,21,,K
B,3HFM_HL_Y,random,2,Y,W,63,,T
B,3HFM_HL_Y,random,2,Y,R,73,,V
B,3HFM_HL_Y,random,2,Y,L,75,,V
B,3HFM_HL_Y,random,2,Y,T,89,,A
B,3HFM_HL_Y,random,2,Y,S,100,,D
B,3HFM_HL_Y,random,2,Y,G,102,,S
B,3HFM_HL_Y,random,2,Y,N,103,,E
B,3HFM_HL_Y,random,2,Y,A,107,,Y
B,3KUD_A_B,L,0,A,I,24,,Y
B,3KUD_A_B,L,0,A,Q,25,,S
B,3KUD_A_B,L,0,A,E,31,,H
B,3KUD_A_B,L,0,A,D,33,,N
B,3KUD_A_B,L,0,A,E,37,,L
B,3KUD_A_B,L,0,A,D,38,,Q
B,3KUD_A_B,L,0,A,S,39,,T
B,3KUD_A_B,L,0,A,Y,40,,I
B,3KUD_A_B,L,0,A,R,41,,I
B,3KUD_A_B,L,0,B,N,9,,D
B,3KUD_A_B,L,0,B,K,10,,G
B,3KUD_A_B,L,0,B,R,12,,I
B,3KUD_A_B,L,0,B,V,14,,D
B,3KUD_A_B,L,0,B,N,16,,K
B,3KUD_A_B,L,0,B,K,29,,W
B,3KUD_A_B,L,0,B,K,30,,E
B,3KUD_A_B,L,0,B,V,33,,N
B,3KUD_A_B,L,0,B,G,35,,H
B,3KUD_A_B,L,1,A,I,21,,V
B,3KUD_A_B,L,1,A,I,24,,Y
B,3KUD_A_B,L,1,A,Q,25,,S
B,3KUD_A_B,L,1,A,E,31,,D
B,3KUD_A_B,L,1,A,I,36,,E
B,3KUD_A_B,L,1,A,E,37,,L
B,3KUD_A_B,L,1,A,D,38,,N
B,3KUD_A_B,L,1,A,S,39,,T
B,3KUD_A_B,L,1,A,Y,40,,F
B,3KUD_A_B,L,1,A,R,41,,I
B,3KUD_A_B,L,1,B,N,9,,G
B,3KUD_A_B,L,1,B,K,10,,G
B,3KUD_A_B,L,1,B,Q,11,,N
B,3KUD_A_B,L,1,B,R,12,,I
B,3KUD_A_B,L,1,B,V,14,,D
B,3KUD_A_B,L,1,B,N,16,,Y
B,3KUD_A_B,L,1,B,K,29,,G
B,3KUD_A_B,L,1,B,K,30,,S
B,3KUD_A_B,L,1,B,V,33,,I
B,3KUD_A_B,L,1,B,R,34,,S
B,3KUD_A_B,L,1,B,G,35,,R
B,3KUD_A_B,L,2,A,I,21,,V
B,3KUD_A_B,L,2,A,Q,25,,S
B,3KUD_A_B,L,2,A,I,36,,Y
B,3KUD_A_B,L,2,A,E,37,,I
B,3KUD_A_B,L,2,A,D,38,,E
B,3KUD_A_B,L,2,A,Y,40,,F
B,3KUD_A_B,L,2,A,R,41,,I
B,3KUD_A_B,L,2,B,N,9,,T
B,3KUD_A_B,L,2,B,K,10,,M
B,3KUD_A_B,L,2,B,R,12,,I
B,3KUD_A_B,L,2,B,T,13,,W
B,3KUD_A_B,L,2,B,V,14,,D
B,3KUD_A_B,L,2,B,N,16,,F
B,3KUD_A_B,L,2,B,K,29,,W
B,3KUD_A_B,L,2,B,V,33,,I
B,3KUD_A_B,L,2,B,R,34,,S
B,3KUD_A_B,naive,0,A,I,24,,V
B,3KUD_A_B,naive,0,A,Q,25,,N
B,3KUD_A_B,naive,0,A,E,31,,D
B,3KUD_A_B,naive,0,A,D,33,,E
B,3KUD_A_B,naive,0,A,I,36,,D
B,3KUD_A_B,naive,0,A,E,37,,L
B,3KUD_A_B,naive,0,A,D,38,,N
B,3KUD_A_B,naive,0,A,S,39,,T
B,3KUD_A_B,naive,0,A,Y,40,,L
B,3KUD_A_B,naive,0,B,N,9,,G
B,3KUD_A_B,naive,0,B,K,10,,G
B,3KUD_A_B,naive,0,B,R,12,,T
B,3KUD_A_B,naive,0,B,T,13,,V
B,3KUD_A_B,naive,0,B,V,14,,T
B,3KUD_A_B,naive,0,B,N,16,,K
B,3KUD_A_B,naive,0,B,K,29,,P
B,3KUD_A_B,naive,0,B,K,30,,E
B,3KUD_A_B,naive,0,B,V,33,,I
B,3KUD_A_B,naive,0,B,R,34,,N
B,3KUD_A_B,naive,1,A,I,24,,V
B,3KUD_A_B,naive,1,A,Q,25,,S
B,3KUD_A_B,naive,1,A,E,31,,N
B,3KUD_A_B,naive,1,A,D,33,,R
B,3KUD_A_B,naive,1,A,E,37,,L
B,3KUD_A_B,naive,1,A,D,38,,R
B,3KUD_A_B,naive,1,A,S,39,,T
B,3KUD_A_B,naive,1,A,Y,40,,F
B,3KUD_A_B,naive,1,A,R,41,,T
B,3KUD_A_B,naive,1,B,K,10,,G
B,3KUD_A_B,naive,1,B,R,12,,T
B,3KUD_A_B,naive,1,B,T,13,,V
B,3KUD_A_B,naive,1,B,V,14,,S
B,3KUD_A_B,naive,1,B,N,16,,L
B,3KUD_A_B,naive,1,B,K,29,,P
B,3KUD_A_B,naive,1,B,K,30,,A
B,3KUD_A_B,naive,1,B,V,33,,I
B,3KUD_A_B,naive,1,B,R,34,,N
B,3KUD_A_B,naive,1,B,G,35,,R
B,3KUD_A_B,naive,2,A,I,24,,V
B,3KUD_A_B,naive,2,A,Q,25,,S
B,3KUD_A_B,naive,2,A,E,31,,L
B,3KUD_A_B,naive,2,A,D,33,,S
B,3KUD_A_B,naive,2,A,I,36,,D
B,3KUD_A_B,naive,2,A,E,37,,K
B,3KUD_A_B,naive,2,A,D,38,,R
B,3KUD_A_B,naive,2,A,S,39,,T
B,3KUD_A_B,naive,2,A,Y,40,,F
B,3KUD_A_B,naive,2,A,R,41,,V
B,3KUD_A_B,naive,2,B,K,10,,G
B,3KUD_A_B,naive,2,B,Q,11,,E
B,3KUD_A_B,naive,2,B,R,12,,T
B,3KUD_A_B,naive,2,B,T,13,,V
B,3KUD_A_B,naive,2,B,V,14,,T
B,3KUD_A_B,naive,2,B,N,16,,S
B,3KUD_A_B,naive,2,B,K,29,,P
B,3KUD_A_B,naive,2,B,K,30,,H
B,3KUD_A_B,naive,2,B,V,33,,I
B,3KUD_A_B,naive,2,B,G,35,,E
B,3KUD_A_B,random,0,A,I,21,,V
B,3KUD_A_B,random,0,A,I,24,,Y
B,3KUD_A_B,random,0,A,Q,25,,T
B,3KUD_A_B,random,0,A,E,31,,H
B,3KUD_A_B,random,0,A,D,33,,N
B,3KUD_A_B,random,0,A,I,36,,R
B,3KUD_A_B,random,0,A,E,37,,L
B,3KUD_A_B,random,0,A,D,38,,Q
B,3KUD_A_B,random,0,A,S,39,,M
B,3KUD_A_B,random,0,A,Y,40,,I
B,3KUD_A_B,random,0,A,R,41,,V
B,3KUD_A_B,random,0,B,N,9,,G
B,3KUD_A_B,random,0,B,K,10,,G
B,3KUD_A_B,random,0,B,R,12,,T
B,3KUD_A_B,random,0,B,V,14,,T
B,3KUD_A_B,random,0,B,N,16,,K
B,3KUD_A_B,random,0,B,K,29,,P
B,3KUD_A_B,random,0,B,K,30,,H
B,3KUD_A_B,random,0,B,V,33,,D
B,3KUD_A_B,random,0,B,R,34,,K
B,3KUD_A_B,random,0,B,G,35,,H
B,3KUD_A_B,random,1,A,I,21,,V
B,3KUD_A_B,random,1,A,I,24,,N
B,3KUD_A_B,random,1,A,Q,25,,T
B,3KUD_A_B,random,1,A,E,31,,D
B,3KUD_A_B,random,1,A,I,36,,E
B,3KUD_A_B,random,1,A,E,37,,L
B,3KUD_A_B,random,1,A,D,38,,N
B,3KUD_A_B,random,1,A,S,39,,T
B,3KUD_A_B,random,1,A,Y,40,,R
B,3KUD_A_B,random,1,A,R,41,,K
B,3KUD_A_B,random,1,B,N,9,,G
B,3KUD_A_B,random,1,B,K,10,,G
B,3KUD_A_B,random,1,B,R,12,,T
B,3KUD_A_B,random,1,B,T,13,,V
B,3KUD_A_B,random,1,B,V,14,,T
B,3KUD_A_B,random,1,B,K,29,,V
B,3KUD_A_B,random,1,B,K,30,,T
B,3KUD_A_B,random,1,B,V,33,,R
B,3KUD_A_B,random,1,B,R,34,,N
B,3KUD_A_B,random,1,B,G,35,,R
B,3KUD_A_B,random,2,A,I,21,,V
B,3KUD_A_B,random,2,A,I,24,,S
B,3KUD_A_B,random,2,A,Q,25,,T
B,3KUD_A_B,random,2,A,D,33,,E
B,3KUD_A_B,random,2,A,I,36,,Y
B,3KUD_A_B,random,2,A,D,38,,E
B,3KUD_A_B,random,2,A,S,39,,M
B,3KUD_A_B,random,2,A,Y,40,,I
B,3KUD_A_B,random,2,A,R,41,,L
B,3KUD_A_B,random,2,B,N,9,,T
B,3KUD_A_B,random,2,B,K,10,,M
B,3KUD_A_B,random,2,B,R,12,,T
B,3KUD_A_B,random,2,B,T,13,,W
B,3KUD_A_B,random,2,B,V,14,,T
B,3KUD_A_B,random,2,B,N,16,,I
B,3KUD_A_B,random,2,B,K,29,,E
B,3KUD_A_B,random,2,B,V,33,,R
B,3KUD_A_B,random,2,B,R,34,,S
B,3KUD_A_B,random,2,B,G,35,,H
B,3N0P_A_B,L,0,A,H,14,,S
B,3N0P_A_B,L,0,A,A,17,,P
B,3N0P_A_B,L,0,A,N,18,,S
B,3N0P_A_B,L,0,A,T,39,,W
B,3N0P_A_B,L,0,A,I,42,,L
B,3N0P_A_B,L,0,A,N,43,,D
B,3N0P_A_B,L,0,A,E,54,,L
B,3N0P_A_B,L,0,A,D,55,,T
B,3N0P_A_B,L,0,A,K,56,,E
B,3N0P_A_B,L,0,A,E,57,,N
B,3N0P_A_B,L,0,A,H,160,,R
B,3N0P_A_B,L,0,A,R,163,,K
B,3N0P_A_B,L,0,A,R,164,,N
B,3N0P_A_B,L,0,A,H,167,,L
B,3N0P_A_B,L,0,A,K,168,,M
B,3N0P_A_B,L,0,A,N,171,,T
B,3N0P_A_B,L,0,A,K,174,,S
B,3N0P_A_B,L,0,A,L,175,,F
B,3N0P_A_B,L,0,A,C,178,,S
B,3N0P_A_B,L,0,A,N,184,,C
B,3N0P_A_B,L,0,A,C,186,,Y
B,3N0P_A_B,L,0,B,K,17,,G
B,3N0P_A_B,L,0,B,E,18,,I
B,3N0P_A_B,L,0,B,E,43,,D
B,3N0P_A_B,L,0,B,K,66,,E
B,3N0P_A_B,L,0,B,S,70,,L
B,3N0P_A_B,L,0,B,M,71,,R
B,3N0P_A_B,L,0,B,W,72,,F
B,3N0P_A_B,L,0,B,R,73,,Q
B,3N0P_A_B,L,0,B,T,74,,M
B,3N0P_A_B,L,0,B,I,76,,Q
B,3N0P_A_B,L,0,B,Y,94,,F
B,3N0P_A_B,L,0,B,T,98,,D
B,3N0P_A_B,L,0,B,Y,99,,W
B,3N0P_A_B,L,0,B,D,134,,E
B,3N0P_A_B,L,0,B,L,135,,V
B,3N0P_A_B,L,0,B,K,136,,R
B,3N0P_A_B,L,0,B,T,137,,C
B,3N0P_A_B,L,0,B,T,141,,V
B,3N0P_A_B,L,0,B,D,187,,R
B,3N0P_A_B,L,0,B,H,188,,F
B,3N0P_A_B,L,1,A,H,14,,D
B,3N0P_A_B,L,1,A,N,18,,Q
B,3N0P_A_B,L,1,A,T,39,,R
B,3N0P_A_B,L,1,A,I,42,,L
B,3N0P_A_B,L,1,A,E,54,,L
B,3N0P_A_B,L,1,A,D,55,,T
B,3N0P_A_B,L,1,A,H,160,,Y
B,3N0P_A_B,L,1,A,R,163,,D
B,3N0P_A_B,L,1,A,R,164,,N
B,3N0P_A_B,L,1,A,H,167,,L
B,3N0P_A_B,L,1,A,K,168,,Y
B,3N0P_A_B,L,1,A,N,171,,D
B,3N0P_A_B,L,1,A,K,174,,S
B,3N0P_A_B,L,1,A,L,175,,Y
B,3N0P_A_B,L,1,A,C,178,,A
B,3N0P_A_B,L,1,A,N,185,,R
B,3N0P_A_B,L,1,A,C,186,,A
B,3N0P_A_B,L,1,B,K,17,,L
B,3N0P_A_B,L,1,B,E,18,,Q
B,3N0P_A_B,L,1,B,E,43,,D
B,3N0P_A_B,L,1,B,K,66,,P
B,3N0P_A_B,L,1,B,S,70,,R
B,3N0P_A_B,L,1,B,M,71,,N
B,3N0P_A_B,L,1,B,W,72,,Y
B,3N0P_A_B,L,1,B,T,74,,I
B,3N0P_A_B,L,1,B,I,76,,V
B,3N0P_A_B,L,1,B,T,98,,D
B,3N0P_A_B,L,1,B,L,135,,V
B,3N0P_A_B,L,1,B,K,136,,P
B,3N0P_A_B,L,1,B,T,137,,A
B,3N0P_A_B,L,1,B,T,141,,I
B,3N0P_A_B,L,1,B,H,188,,F
B,3N0P_A_B,L,2,A,H,14,,V
B,3N0P_A_B,L,2,A,N,18,,Q
B,3N0P_A_B,L,2,A,T,39,,W
B,3N0P_A_B,L,2,A,I,42,,L
B,3N0P_A_B,L,2,A,N,43,,C
B,3N0P_A_B,L,2,A,E,54,,L
B,3N0P_A_B,L,2,A,D,55,,N
B,3N0P_A_B,L,2,A,K,56,,E
B,3N0P_A_B,L,2,A,E,57,,K
B,3N0P_A_B,L,2,A,H,160,,D
B,3N0P_A_B,L,2,A,H,167,,Q
B,3N0P_A_B,L,2,A,K,168,,Y
B,3N0P_A_B,L,2,A,N,171,,R
B,3N0P_A_B,L,2,A,K,174,,H
B,3N0P_A_B,L,2,A,L,175,,Y
B,3N0P_A_B,L,2,A,C,178,,A
B,3N0P_A_B,L,2,A,N,184,,G
B,3N0P_A_B,L,2,A,C,186,,R
B,3N0P_A_B,L,2,B,K,17,,L
B,3N0P_A_B,L,2,B,E,18,,K
B,3N0P_A_B,L,2,B,G,44,,C
B,3N0P_A_B,L,2,B,K,66,,E
B,3N0P_A_B,L,2,B,T,69,,Y
B,3N0P_A_B,L,2,B,S,70,,R
B,3N0P_A_B,L,2,B,M,71,,N
B,3N0P_A_B,L,2,B,W,72,,F
B,3N0P_A_B,L,2,B,R,73,,S
B,3N0P_A_B,L,2,B,T,74,,M
B,3N0P_A_B,L,2,B,I,76,,R
B,3N0P_A_B,L,2,B,T,98,,D
B,3N0P_A_B,L,2,B,Y,99,,H
B,3N0P_A_B,L,2,B,D,134,,I
B,3N0P_A_B,L,2,B,L,135,,V
B,3N0P_A_B,L,2,B,K,136,,S
B,3N0P_A_B,L,2,B,T,137,,S
B,3N0P_A_B,L,2,B,T,141,,R
B,3N0P_A_B,L,2,B,D,187,,L
B,3N0P_A_B,L,2,B,H,188,,F
B,3N0P_A_B,naive,0,A,H,14,,S
B,3N0P_A_B,naive,0,A,N,18,,K
B,3N0P_A_B,naive,0,A,I,38,,E
B,3N0P_A_B,naive,0,A,T,39,,E
B,3N0P_A_B,naive,0,A,I,42,,L
B,3N0P_A_B,naive,0,A,E,54,,R
B,3N0P_A_B,naive,0,A,D,55,,N
B,3N0P_A_B,naive,0,A,K,56,,L
B,3N0P_A_B,naive,0,A,H,160,,A
B,3N0P_A_B,naive,0,A,R,164,,T
B,3N0P_A_B,naive,0,A,H,167,,T
B,3N0P_A_B,naive,0,A,K,168,,R
B,3N0P_A_B,naive,0,A,N,171,,R
B,3N0P_A_B,naive,0,A,K,174,,S
B,3N0P_A_B,naive,0,A,L,175,,H
B,3N0P_A_B,naive,0,A,N,184,,R
B,3N0P_A_B,naive,0,B,K,17,,G
B,3N0P_A_B,naive,0,B,E,18,,L
B,3N0P_A_B,naive,0,B,K,66,,R
B,3N0P_A_B,naive,0,B,S,70,,R
B,3N0P_A_B,naive,0,B,M,71,,N
B,3N0P_A_B,naive,0,B,W,72,,Y
B,3N0P_A_B,naive,0,B,R,73,,I
B,3N0P_A_B,naive,0,B,I,76,,K
B,3N0P_A_B,naive,0,B,T,98,,D
B,3N0P_A_B,naive,0,B,Y,99,,D
B,3N0P_A_B,naive,0,B,L,135,,I
B,3N0P_A_B,naive,0,B,K,136,,S
B,3N0P_A_B,naive,0,B,W,139,,F
B,3N0P_A_B,naive,0,B,T,141,,Q
B,3N0P_A_B,naive,0,B,D,187,,L
B,3N0P_A_B,naive,0,B,H,188,,F
B,3N0P_A_B,naive,1,A,H,14,,S
B,3N0P_A_B,naive,1,A,A,17,,S
B,3N0P_A_B,naive,1,A,N,18,,Q
B,3N0P_A_B,naive,1,A,I,38,,M
B,3N0P_A_B,naive,1,A,T,39,,K
B,3N0P_A_B,naive,1,A,I,42,,L
B,3N0P_A_B,naive,1,A,E,54,,R
B,3N0P_A_B,naive,1,A,D,55,,N
B,3N0P_A_B,naive,1,A,K,56,,L
B,3N0P_A_B,naive,1,A,H,160,,N
B,3N0P_A_B,naive,1,A,R,163,,A
B,3N0P_A_B,naive,1,A,H,167,,R
B,3N0P_A_B,naive,1,A,K,168,,Y
B,3N0P_A_B,naive,1,A,N,171,,R
B,3N0P_A_B,naive,1,A,K,174,,N
B,3N0P_A_B,naive,1,A,L,175,,Y
B,3N0P_A_B,naive,1,B,K,17,,G
B,3N0P_A_B,naive,1,B,E,18,,K
B,3N0P_A_B,naive,1,B,K,66,,G
B,3N0P_A_B,naive,1,B,T,69,,A
B,3N0P_A_B,naive,1,B,S,70,,R
B,3N0P_A_B,naive,1,B,M,71,,N
B,3N0P_A_B,naive,1,B,W,72,,F
B,3N0P_A_B,naive,1,B,R,73,,V
B,3N0P_A_B,naive,1,B,I,76,,T
B,3N0P_A_B,naive,1,B,T,98,,D
B,3N0P_A_B,naive,1,B,Y,99,,R
B,3N0P_A_B,naive,1,B,L,135,,T
B,3N0P_A_B,naive,1,B,K,136,,S
B,3N0P_A_B,naive,1,B,W,139,,F
B,3N0P_A_B,naive,1,B,D,187,,E
B,3N0P_A_B,naive,1,B,H,188,,F
B,3N0P_A_B,naive,2,A,H,14,,T
B,3N0P_A_B,naive,2,A,N,18,,A
B,3N0P_A_B,naive,2,A,I,38,,E
B,3N0P_A_B,naive,2,A,T,39,,E
B,3N0P_A_B,naive,2,A,I,42,,L
B,3N0P_A_B,naive,2,A,N,43,,G
B,3N0P_A_B,naive,2,A,E,54,,L
B,3N0P_A_B,naive,2,A,D,55,,N
B,3N0P_A_B,naive,2,A,K,56,,E
B,3N0P_A_B,naive,2,A,E,57,,S
B,3N0P_A_B,naive,2,A,H,160,,T
B,3N0P_A_B,naive,2,A,R,163,,A
B,3N0P_A_B,naive,2,A,H,167,,R
B,3N0P_A_B,naive,2,A,K,168,,Y
B,3N0P_A_B,naive,2,A,N,171,,T
B,3N0P_A_B,naive,2,A,K,174,,N
B,3N0P_A_B,naive,2,A,L,175,,F
B,3N0P_A_B,naive,2,A,C,178,,A
B,3N0P_A_B,naive,2,A,C,186,,L
B,3N0P_A_B,naive,2,B,K,17,,G
B,3N0P_A_B,naive,2,B,E,18,,T
B,3N0P_A_B,naive,2,B,K,66,,E
B,3N0P_A_B,naive,2,B,S,70,,R
B,3N0P_A_B,naive,2,B,M,71,,R
B,3N0P_A_B,naive,2,B,W,72,,F
B,3N0P_A_B,naive,2,B,R,73,,V
B,3N0P_A_B,naive,2,B,T,74,,V
B,3N0P_A_B,naive,2,B,I,76,,K
B,3N0P_A_B,naive,2,B,T,98,,D
B,3N0P_A_B,naive,2,B,Y,99,,E
B,3N0P_A_B,naive,2,B,L,135,,I
B,3N0P_A_B,naive,2,B,K,136,,S
B,3N0P_A_B,naive,2,B,W,139,,F
B,3N0P_A_B,naive,2,B,T,141,,R
B,3N0P_A_B,naive,2,B,D,187,,R
B,3N0P_A_B,naive,2,B,H,188,,F
B,3N0P_A_B,random,0,A,H,14,,R
B,3N0P_A_B,random,0,A,A,17,,S
B,3N0P_A_B,random,0,A,N,18,,S
B,3N0P_A_B,random,0,A,I,38,,C
B,3N0P_A_B,random,0,A,T,39,,Q
B,3N0P_A_B,random,0,A,I,42,,Y
B,3N0P_A_B,random,0,A,N,43,,G
B,3N0P_A_B,random,0,A,E,54,,Y
B,3N0P_A_B,random,0,A,D,55,,C
B,3N0P_A_B,random,0,A,K,56,,E
B,3N0P_A_B,random,0,A,E,57,,N
B,3N0P_A_B,random,0,A,H,160,,R
B,3N0P_A_B,random,0,A,R,163,,K
B,3N0P_A_B,random,0,A,H,167,,S
B,3N0P_A_B,random,0,A,K,168,,L
B,3N0P_A_B,random,0,A,N,171,,T
B,3N0P_A_B,random,0,A,K,174,,S
B,3N0P_A_B,random,0,A,L,175,,Y
B,3N0P_A_B,random,0,A,N,184,,A
B,3N0P_A_B,random,0,A,N,185,,Q
B,3N0P_A_B,random,0,B,K,17,,G
B,3N0P_A_B,random,0,B,E,18,,K
B,3N0P_A_B,random,0,B,E,43,,D
B,3N0P_A_B,random,0,B,K,66,,E
B,3N0P_A_B,random,0,B,S,70,,E
B,3N0P_A_B,random,0,B,M,71,,K
B,3N0P_A_B,random,0,B,W,72,,A
B,3N0P_A_B,random,0,B,R,73,,Q
B,3N0P_A_B,random,0,B,T,74,,I
B,3N0P_A_B,random,0,B,I,76,,S
B,3N0P_A_B,random,0,B,Y,94,,E
B,3N0P_A_B,random,0,B,D,96,,N
B,3N0P_A_B,random,0,B,T,98,,D
B,3N0P_A_B,random,0,B,Y,99,,D
B,3N0P_A_B,random,0,B,D,134,,E
B,3N0P_A_B,random,0,B,L,135,,V
B,3N0P_A_B,random,0,B,K,136,,R
B,3N0P_A_B,random,0,B,T,137,,S
B,3N0P_A_B,random,0,B,W,139,,K
B,3N0P_A_B,random,0,B,D,187,,A
B,3N0P_A_B,random,0,B,H,188,,D
B,3N0P_A_B,random,1,A,H,14,,R
B,3N0P_A_B,random,1,A,N,18,,I
B,3N0P_A_B,random,1,A,I,38,,W
B,3N0P_A_B,random,1,A,T,39,,Q
B,3N0P_A_B,random,1,A,I,42,,Y
B,3N0P_A_B,random,1,A,N,43,,G
B,3N0P_A_B,random,1,A,E,54,,K
B,3N0P_A_B,random,1,A,D,55,,N
B,3N0P_A_B,random,1,A,H,160,,A
B,3N0P_A_B,random,1,A,R,163,,S
B,3N0P_A_B,random,1,A,R,164,,S
B,3N0P_A_B,random,1,A,H,167,,S
B,3N0P_A_B,random,1,A,K,168,,L
B,3N0P_A_B,random,1,A,N,171,,D
B,3N0P_A_B,random,1,A,K,174,,S
B,3N0P_A_B,random,1,A,L,175,,Y
B,3N0P_A_B,random,1,A,C,178,,A
B,3N0P_A_B,random,1,A,N,184,,Y
B,3N0P_A_B,random,1,A,N,185,,D
B,3N0P_A_B,random,1,A,C,186,,A
B,3N0P_A_B,random,1,B,K,17,,M
B,3N0P_A_B,random,1,B,E,18,,Q
B,3N0P_A_B,random,1,B,E,43,,D
B,3N0P_A_B,random,1,B,K,66,,P
B,3N0P_A_B,random,1,B,S,70,,E
B,3N0P_A_B,random,1,B,M,71,,S
B,3N0P_A_B,random,1,B,W,72,,A
B,3N0P_A_B,random,1,B,R,73,,I
B,3N0P_A_B,random,1,B,T,74,,I
B,3N0P_A_B,random,1,B,I,76,,S
B,3N0P_A_B,random,1,B,Y,94,,E
B,3N0P_A_B,random,1,B,D,96,,N
B,3N0P_A_B,random,1,B,T,98,,D
B,3N0P_A_B,random,1,B,Y,99,,E
B,3N0P_A_B,random,1,B,L,135,,V
B,3N0P_A_B,random,1,B,K,136,,S
B,3N0P_A_B,random,1,B,T,137,,A
B,3N0P_A_B,random,1,B,W,139,,K
B,3N0P_A_B,random,1,B,T,141,,I
B,3N0P_A_B,random,1,B,H,188,,M
B,3N0P_A_B,random,2,A,H,14,,D
B,3N0P_A_B,random,2,A,N,18,,D
B,3N0P_A_B,random,2,A,I,38,,E
B,3N0P_A_B,random,2,A,T,39,,D
B,3N0P_A_B,random,2,A,I,42,,Q
B,3N0P_A_B,random,2,A,N,43,,G
B,3N0P_A_B,random,2,A,E,54,,L
B,3N0P_A_B,random,2,A,D,55,,N
B,3N0P_A_B,random,2,A,K,56,,E
B,3N0P_A_B,random,2,A,E,57,,K
B,3N0P_A_B,random,2,A,H,160,,D
B,3N0P_A_B,random,2,A,H,167,,Q
B,3N0P_A_B,random,2,A,K,168,,Y
B,3N0P_A_B,random,2,A,N,171,,E
B,3N0P_A_B,random,2,A,K,174,,N
B,3N0P_A_B,random,2,A,L,175,,Y
B,3N0P_A_B,random,2,A,N,184,,G
B,3N0P_A_B,random,2,A,N,185,,D
B,3N0P_A_B,random,2,B,E,18,,K
B,3N0P_A_B,random,2,B,K,66,,P
B,3N0P_A_B,random,2,B,T,69,,Y
B,3N0P_A_B,random,2,B,S,70,,K
B,3N0P_A_B,random,2,B,M,71,,K
B,3N0P_A_B,random,2,B,W,72,,A
B,3N0P_A_B,random,2,B,R,73,,V
B,3N0P_A_B,random,2,B,I,76,,R
B,3N0P_A_B,random,2,B,D,96,,N
B,3N0P_A_B,random,2,B,T,98,,D
B,3N0P_A_B,random,2,B,Y,99,,E
B,3N0P_A_B,random,2,B,D,134,,K
B,3N0P_A_B,random,2,B,L,135,,V
B,3N0P_A_B,random,2,B,K,136,,S
B,3N0P_A_B,random,2,B,T,137,,S
B,3N0P_A_B,random,2,B,W,139,,K
B,3N0P_A_B,random,2,B,D,187,,E
B,3N0P_A_B,random,2,B,H,188,,D
B,3N4I_A_B,L,0,A,Q,74,,W
B,3N4I_A_B,L,0,A,Q,75,,M
B,3N4I_A_B,L,0,A,L,77,,M
B,3N4I_A_B,L,0,A,E,79,,P
B,3N4I_A_B,L,0,A,P,82,,A
B,3N4I_A_B,L,0,A,V,83,,P
B,3N4I_A_B,L,0,A,E,85,,L
B,3N4I_A_B,L,0,A,K,86,,N
B,3N4I_A_B,L,0,A,H,87,,W
B,3N4I_A_B,L,0,A,A,89,,W
B,3N4I_A_B,L,0,A,M,104,,Y
B,3N4I_A_B,L,0,A,S,105,,A
B,3N4I_A_B,L,0,A,T,142,,P
B,3N4I_A_B,L,0,A,E,143,,S
B,3N4I_A_B,L,0,A,N,145,,V
B,3N4I_A_B,L,0,A,E,146,,D
B,3N4I_A_B,L,0,A,R,190,,K
B,3N4I_A_B,L,0,A,V,191,,M
B,3N4I_A_B,L,0,A,E,214,,K
B,3N4I_A_B,L,0,B,S,35,,P
B,3N4I_A_B,L,0,B,G,37,,D
B,3N4I_A_B,L,0,B,S,39,,N
B,3N4I_A_B,L,0,B,A,46,,D
B,3N4I_A_B,L,0,B,G,48,,F
B,3N4I_A_B,L,0,B,D,49,,C
B,3N4I_A_B,L,0,B,Y,50,,T
B,3N4I_A_B,L,0,B,Y,51,,H
B,3N4I_A_B,L,0,B,Y,53,,W
B,3N4I_A_B,L,0,B,T,55,,P
B,3N4I_A_B,L,0,B,S,71,,M
B,3N4I_A_B,L,0,B,K,74,,S
B,3N4I_A_B,L,0,B,W,112,,R
B,3N4I_A_B,L,0,B,S,113,,Y
B,3N4I_A_B,L,0,B,Y,115,,W
B,3N4I_A_B,L,0,B,T,126,,K
B,3N4I_A_B,L,0,B,S,128,,M
B,3N4I_A_B,L,0,B,F,142,,W
B,3N4I_A_B,L,0,B,Y,143,,P
B,3N4I_A_B,L,0,B,R,144,,K
B,3N4I_A_B,L,0,B,H,148,,F
B,3N4I_A_B,L,0,B,W,150,,Y
B,3N4I_A_B,L,0,B,W,162,,Y
B,3N4I_A_B,L,0,B,D,163,,E
B,3N4I_A_B,L,1,A,Q,74,,W
B,3N4I_A_B,L,1,A,Q,75,,M
B,3N4I_A_B,L,1,A,L,77,,I
B,3N4I_A_B,L,1,A,E,79,,P
B,3N4I_A_B,L,1,A,P,82,,D
B,3N4I_A_B,L,1,A,E,85,,L
B,3N4I_A_B,L,1,A,K,86,,N
B,3N4I_A_B,L,1,A,H,87,,W
B,3N4I_A_B,L,1,A,A,89,,D
B,3N4I_A_B,L,1,A,M,104,,Y
B,3N4I_A_B,L,1,A,S,105,,N
B,3N4I_A_B,L,1,A,T,142,,R
B,3N4I_A_B,L,1,A,N,145,,V
B,3N4I_A_B,L,1,A,E,146,,Y
B,3N4I_A_B,L,1,A,R,190,,M
B,3N4I_A_B,L,1,A,V,191,,K
B,3N4I_A_B,L,1,A,E,214,,K
B,3N4I_A_B,L,1,A,M,245,,Q
B,3N4I_A_B,L,1,B,S,35,,A
B,3N4I_A_B,L,1,B,G,37,,R
B,3N4I_A_B,L,1,B,S,39,,A
B,3N4I_A_B,L,1,B,R,43,,S
B,3N4I_A_B,L,1,B,A,46,,R
B,3N4I_A_B,L,1,B,G,48,,A
B,3N4I_A_B,L,1,B,D,49,,C
B,3N4I_A_B,L,1,B,Y,50,,R
B,3N4I_A_B,L,1,B,Y,51,,T
B,3N4I_A_B,L,1,B,T,55,,N
B,3N4I_A_B,L,1,B,S,71,,M
B,3N4I_A_B,L,1,B,K,74,,R
B,3N4I_A_B,L,1,B,W,112,,R
B,3N4I_A_B,L,1,B,S,113,,Y
B,3N4I_A_B,L,1,B,Y,115,,H
B,3N4I_A_B,L,1,B,T,126,,K
B,3N4I_A_B,L,1,B,S,128,,L
B,3N4I_A_B,L,1,B,F,142,,W
B,3N4I_A_B,L,1,B,Y,143,,P
B,3N4I_A_B,L,1,B,R,144,,F
B,3N4I_A_B,L,1,B,H,148,,F
B,3N4I_A_B,L,1,B,W,150,,S
B,3N4I_A_B,L,1,B,R,160,,K
B,3N4I_A_B,L,1,B,W,162,,Y
B,3N4I_A_B,L,1,B,D,163,,E
B,3N4I_A_B,L,2,A,Q,74,,W
B,3N4I_A_B,L,2,A,Q,75,,L
B,3N4I_A_B,L,2,A,L,77,,S
B,3N4I_A_B,L,2,A,E,79,,P
B,3N4I_A_B,L,2,A,S,81,,C
B,3N4I_A_B,L,2,A,P,82,,A
B,3N4I_A_B,L,2,A,E,85,,L
B,3N4I_A_B,L,2,A,K,86,,N
B,3N4I_A_B,L,2,A,A,89,,F
B,3N4I_A_B,L,2,A,M,104,,H
B,3N4I_A_B,L,2,A,S,105,,N
B,3N4I_A_B,L,2,A,T,142,,P
B,3N4I_A_B,L,2,A,E,143,,V
B,3N4I_A_B,L,2,A,N,145,,I
B,3N4I_A_B,L,2,A,E,146,,K
B,3N4I_A_B,L,2,A,V,191,,F
B,3N4I_A_B,L,2,A,E,214,,K
B,3N4I_A_B,L,2,A,M,245,,R
B,3N4I_A_B,L,2,B,S,35,,F
B,3N4I_A_B,L,2,B,G,37,,I
B,3N4I_A_B,L,2,B,S,39,,W
B,3N4I_A_B,L,2,B,R,43,,F
B,3N4I_A_B,L,2,B,A,46,,R
B,3N4I_A_B,L,2,B,A,47,,S
B,3N4I_A_B,L,2,B,G,48,,F
B,3N4I_A_B,L,2,B,D,49,,H
B,3N4I_A_B,L,2,B,Y,50,,Q
B,3N4I_A_B,L,2,B,Y,51,,S
B,3N4I_A_B,L,2,B,T,55,,N
B,3N4I_A_B,L,2,B,S,71,,A
B,3N4I_A_B,L,2,B,K,74,,G
B,3N4I_A_B,L,2,B,W,112,,R
B,3N4I_A_B,L,2,B,S,113,,Y
B,3N4I_A_B,L,2,B,Y,115,,T
B,3N4I_A_B,L,2,B,T,126,,I
B,3N4I_A_B,L,2,B,S,128,,I
B,3N4I_A_B,L,2,B,F,142,,Y
B,3N4I_A_B,L,2,B,Y,143,,P
B,3N4I_A_B,L,2,B,H,148,,F
B,3N4I_A_B,L,2,B,W,150,,A
B,3N4I_A_B,L,2,B,R,160,,H
B,3N4I_A_B,L,2,B,D,163,,E
B,3N4I_A_B,naive,0,A,Q,74,,W
B,3N4I_A_B,naive,0,A,Q,75,,A
B,3N4I_A_B,naive,0,A,L,77,,I
B,3N4I_A_B,naive,0,A,E,79,,P
B,3N4I_A_B,naive,0,A,E,85,,L
B,3N4I_A_B,naive,0,A,K,86,,A
B,3N4I_A_B,naive,0,A,H,87,,R
B,3N4I_A_B,naive,0,A,A,89,,D
B,3N4I_A_B,naive,0,A,M,104,,Y
B,3N4I_A_B,naive,0,A,T,142,,P
B,3N4I_A_B,naive,0,A,E,143,,A
B,3N4I_A_B,naive,0,A,N,145,,K
B,3N4I_A_B,naive,0,A,E,146,,K
B,3N4I_A_B,naive,0,A,R,190,,K
B,3N4I_A_B,naive,0,A,V,191,,M
B,3N4I_A_B,naive,0,A,A,212,,R
B,3N4I_A_B,naive,0,A,E,214,,K
B,3N4I_A_B,naive,0,A,M,245,,R
B,3N4I_A_B,naive,0,B,E,31,,S
B,3N4I_A_B,naive,0,B,S,35,,A
B,3N4I_A_B,naive,0,B,S,39,,N
B,3N4I_A_B,naive,0,B,R,43,,W
B,3N4I_A_B,naive,0,B,A,46,,P
B,3N4I_A_B,naive,0,B,G,48,,F
B,3N4I_A_B,naive,0,B,D,49,,S
B,3N4I_A_B,naive,0,B,Y,50,,S
B,3N4I_A_B,naive,0,B,Y,51,,H
B,3N4I_A_B,naive,0,B,Y,53,,F
B,3N4I_A_B,naive,0,B,T,55,,I
B,3N4I_A_B,naive,0,B,S,71,,A
B,3N4I_A_B,naive,0,B,K,74,,R
B,3N4I_A_B,naive,0,B,W,112,,Y
B,3N4I_A_B,naive,0,B,S,113,,R
B,3N4I_A_B,naive,0,B,Y,115,,L
B,3N4I_A_B,naive,0,B,T,126,,V
B,3N4I_A_B,naive,0,B,S,128,,I
B,3N4I_A_B,naive,0,B,F,142,,Y
B,3N4I_A_B,naive,0,B,Y,143,,P
B,3N4I_A_B,naive,0,B,R,144,,N
B,3N4I_A_B,naive,0,B,H,148,,I
B,3N4I_A_B,naive,0,B,W,150,,S
B,3N4I_A_B,naive,0,B,R,160,,S
B,3N4I_A_B,naive,0,B,W,162,,Y
B,3N4I_A_B,naive,1,A,Q,74,,W
B,3N4I_A_B,naive,1,A,Q,75,,K
B,3N4I_A_B,naive,1,A,L,77,,I
B,3N4I_A_B,naive,1,A,E,79,,P
B,3N4I_A_B,naive,1,A,V,83,,I
B,3N4I_A_B,naive,1,A,E,85,,L
B,3N4I_A_B,naive,1,A,K,86,,N
B,3N4I_A_B,naive,1,A,H,87,,R
B,3N4I_A_B,naive,1,A,A,89,,E
B,3N4I_A_B,naive,1,A,M,104,,Y
B,3N4I_A_B,naive,1,A,T,142,,P
B,3N4I_A_B,naive,1,A,E,143,,G
B,3N4I_A_B,naive,1,A,N,145,,V
B,3N4I_A_B,naive,1,A,E,146,,S
B,3N4I_A_B,naive,1,A,V,191,,K
B,3N4I_A_B,naive,1,A,E,214,,K
B,3N4I_A_B,naive,1,A,M,245,,R
B,3N4I_A_B,naive,1,B,S,35,,A
B,3N4I_A_B,naive,1,B,S,39,,N
B,3N4I_A_B,naive,1,B,R,43,,K
B,3N4I_A_B,naive,1,B,A,46,,P
B,3N4I_A_B,naive,1,B,G,48,,A
B,3N4I_A_B,naive,1,B,D,49,,S
B,3N4I_A_B,naive,1,B,Y,50,,S
B,3N4I_A_B,naive,1,B,Y,51,,H
B,3N4I_A_B,naive,1,B,T,55,,L
B,3N4I_A_B,naive,1,B,S,71,,A
B,3N4I_A_B,naive,1,B,K,74,,G
B,3N4I_A_B,naive,1,B,W,112,,H
B,3N4I_A_B,naive,1,B,S,113,,Y
B,3N4I_A_B,naive,1,B,Y,115,,H
B,3N4I_A_B,naive,1,B,T,126,,E
B,3N4I_A_B,naive,1,B,S,128,,R
B,3N4I_A_B,naive,1,B,F,142,,W
B,3N4I_A_B,naive,1,B,Y,143,,E
B,3N4I_A_B,naive,1,B,R,144,,D
B,3N4I_A_B,naive,1,B,H,148,,F
B,3N4I_A_B,naive,1,B,W,150,,S
B,3N4I_A_B,naive,1,B,R,160,,S
B,3N4I_A_B,naive,1,B,W,162,,Y
B,3N4I_A_B,naive,1,B,D,163,,N
B,3N4I_A_B,naive,2,A,Q,74,,W
B,3N4I_A_B,naive,2,A,Q,75,,W
B,3N4I_A_B,naive,2,A,L,77,,M
B,3N4I_A_B,naive,2,A,E,79,,P
B,3N4I_A_B,naive,2,A,V,83,,I
B,3N4I_A_B,naive,2,A,E,85,,L
B,3N4I_A_B,naive,2,A,K,86,,A
B,3N4I_A_B,naive,2,A,H,87,,R
B,3N4I_A_B,naive,2,A,A,89,,E
B,3N4I_A_B,naive,2,A,M,104,,Y
B,3N4I_A_B,naive,2,A,T,142,,P
B,3N4I_A_B,naive,2,A,E,143,,S
B,3N4I_A_B,naive,2,A,N,145,,K
B,3N4I_A_B,naive,2,A,E,146,,D
B,3N4I_A_B,naive,2,A,V,191,,Q
B,3N4I_A_B,naive,2,A,E,214,,K
B,3N4I_A_B,naive,2,A,M,245,,R
B,3N4I_A_B,naive,2,B,E,31,,K
B,3N4I_A_B,naive,2,B,S,35,,P
B,3N4I_A_B,naive,2,B,S,39,,N
B,3N4I_A_B,naive,2,B,R,43,,F
B,3N4I_A_B,naive,2,B,A,46,,P
B,3N4I_A_B,naive,2,B,G,48,,A
B,3N4I_A_B,naive,2,B,D,49,,S
B,3N4I_A_B,naive,2,B,Y,50,,S
B,3N4I_A_B,naive,2,B,Y,51,,F
B,3N4I_A_B,naive,2,B,T,55,,I
B,3N4I_A_B,naive,2,B,K,74,,R
B,3N4I_A_B,naive,2,B,W,112,,Y
B,3N4I_A_B,naive,2,B,S,113,,L
B,3N4I_A_B,naive,2,B,Y,115,,R
B,3N4I_A_B,naive,2,B,S,128,,V
B,3N4I_A_B,naive,2,B,F,142,,W
B,3N4I_A_B,naive,2,B,Y,143,,P
B,3N4I_A_B,naive,2,B,R,144,,N
B,3N4I_A_B,naive,2,B,H,148,,I
B,3N4I_A_B,naive,2,B,W,150,,S
B,3N4I_A_B,naive,2,B,R,160,,T
B,3N4I_A_B,naive,2,B,W,162,,Y
B,3N4I_A_B,naive,2,B,D,163,,A
B,3N4I_A_B,random,0,A,Q,74,,W
B,3N4I_A_B,random,0,A,Q,75,,V
B,3N4I_A_B,random,0,A,L,77,,V
B,3N4I_A_B,random,0,A,E,79,,P
B,3N4I_A_B,random,0,A,Y,80,,V
B,3N4I_A_B,random,0,A,P,82,,A
B,3N4I_A_B,random,0,A,E,85,,Y
B,3N4I_A_B,random,0,A,K,86,,S
B,3N4I_A_B,random,0,A,H,87,,Q
B,3N4I_A_B,random,0,A,A,89,,L
B,3N4I_A_B,random,0,A,M,104,,H
B,3N4I_A_B,random,0,A,S,105,,A
B,3N4I_A_B,random,0,A,T,142,,P
B,3N4I_A_B,random,0,A,E,143,,S
B,3N4I_A_B,random,0,A,N,145,,K
B,3N4I_A_B,random,0,A,E,146,,D
B,3N4I_A_B,random,0,A,R,190,,K
B,3N4I_A_B,random,0,A,V,191,,L
B,3N4I_A_B,random,0,A,A,212,,R
B,3N4I_A_B,random,0,A,E,214,,M
B,3N4I_A_B,random,0,A,M,245,,Y
B,3N4I_A_B,random,0,B,S,35,,P
B,3N4I_A_B,random,0,B,F,36,,Y
B,3N4I_A_B,random,0,B,G,37,,D
B,3N4I_A_B,random,0,B,S,39,,N
B,3N4I_A_B,random,0,B,G,48,,A
B,3N4I_A_B,random,0,B,D,49,,E
B,3N4I_A_B,random,0,B,Y,50,,S
B,3N4I_A_B,random,0,B,Y,51,,H
B,3N4I_A_B,random,0,B,Y,53,,W
B,3N4I_A_B,random,0,B,T,55,,P
B,3N4I_A_B,random,0,B,S,71,,A
B,3N4I_A_B,random,0,B,E,73,,Q
B,3N4I_A_B,random,0,B,K,74,,S
B,3N4I_A_B,random,0,B,W,112,,M
B,3N4I_A_B,random,0,B,S,113,,D
B,3N4I_A_B,random,0,B,Y,115,,E
B,3N4I_A_B,random,0,B,T,126,,K
B,3N4I_A_B,random,0,B,S,128,,I
B,3N4I_A_B,random,0,B,F,142,,H
B,3N4I_A_B,random,0,B,Y,143,,P
B,3N4I_A_B,random,0,B,R,144,,K
B,3N4I_A_B,random,0,B,H,148,,A
B,3N4I_A_B,random,0,B,W,150,,Y
B,3N4I_A_B,random,0,B,D,163,,G
B,3N4I_A_B,random,1,A,Q,74,,W
B,3N4I_A_B,random,1,A,Q,75,,S
B,3N4I_A_B,random,1,A,L,77,,I
B,3N4I_A_B,random,1,A,E,79,,V
B,3N4I_A_B,random,1,A,Y,80,,V
B,3N4I_A_B,random,1,A,P,82,,D
B,3N4I_A_B,random,1,A,E,85,,L
B,3N4I_A_B,random,1,A,K,86,,S
B,3N4I_A_B,random,1,A,H,87,,Q
B,3N4I_A_B,random,1,A,A,89,,D
B,3N4I_A_B,random,1,A,M,104,,H
B,3N4I_A_B,random,1,A,S,105,,M
B,3N4I_A_B,random,1,A,T,142,,P
B,3N4I_A_B,random,1,A,N,145,,I
B,3N4I_A_B,random,1,A,E,146,,Y
B,3N4I_A_B,random,1,A,R,190,,M
B,3N4I_A_B,random,1,A,V,191,,K
B,3N4I_A_B,random,1,A,A,212,,N
B,3N4I_A_B,random,1,A,E,214,,W
B,3N4I_A_B,random,1,A,M,245,,G
B,3N4I_A_B,random,1,B,E,31,,V
B,3N4I_A_B,random,1,B,S,35,,A
B,3N4I_A_B,random,1,B,F,36,,W
B,3N4I_A_B,random,1,B,S,39,,A
B,3N4I_A_B,random,1,B,R,43,,S
B,3N4I_A_B,random,1,B,G,48,,A
B,3N4I_A_B,random,1,B,D,49,,E
B,3N4I_A_B,random,1,B,Y,50,,S
B,3N4I_A_B,random,1,B,Y,51,,T
B,3N4I_A_B,random,1,B,Y,53,,F
B,3N4I_A_B,random,1,B,T,55,,V
B,3N4I_A_B,random,1,B,S,71,,A
B,3N4I_A_B,random,1,B,E,73,,Q
B,3N4I_A_B,random,1,B,K,74,,R
B,3N4I_A_B,random,1,B,W,112,,Q
B,3N4I_A_B,random,1,B,S,113,,Y
B,3N4I_A_B,random,1,B,Y,115,,H
B,3N4I_A_B,random,1,B,T,126,,K
B,3N4I_A_B,random,1,B,S,128,,I
B,3N4I_A_B,random,1,B,F,142,,H
B,3N4I_A_B,random,1,B,Y,143,,Q
B,3N4I_A_B,random,1,B,R,144,,F
B,3N4I_A_B,random,1,B,H,148,,K
B,3N4I_A_B,random,1,B,W,150,,T
B,3N4I_A_B,random,1,B,R,160,,S
B,3N4I_A_B,random,2,A,Q,74,,W
B,3N4I_A_B,random,2,A,Q,75,,S
B,3N4I_A_B,random,2,A,L,77,,S
B,3N4I_A_B,random,2,A,E,79,,P
B,3N4I_A_B,random,2,A,Y,80,,G
B,3N4I_A_B,random,2,A,S,81,,G
B,3N4I_A_B,random,2,A,P,82,,A
B,3N4I_A_B,random,2,A,E,85,,K
B,3N4I_A_B,random,2,A,K,86,,W
B,3N4I_A_B,random,2,A,H,87,,Y
B,3N4I_A_B,random,2,A,A,89,,L
B,3N4I_A_B,random,2,A,M,104,,H
B,3N4I_A_B,random,2,A,T,142,,P
B,3N4I_A_B,random,2,A,E,143,,V
B,3N4I_A_B,random,2,A,N,145,,I
B,3N4I_A_B,random,2,A,E,146,,K
B,3N4I_A_B,random,2,A,A,212,,S
B,3N4I_A_B,random,2,A,E,214,,N
B,3N4I_A_B,random,2,A,M,245,,Y
B,3N4I_A_B,random,2,B,E,31,,S
B,3N4I_A_B,random,2,B,S,35,,E
B,3N4I_A_B,random,2,B,F,36,,Y
B,3N4I_A_B,random,2,B,G,37,,I
B,3N4I_A_B,random,2,B,S,39,,W
B,3N4I_A_B,random,2,B,R,43,,D
B,3N4I_A_B,random,2,B,A,46,,K
B,3N4I_A_B,random,2,B,G,48,,A
B,3N4I_A_B,random,2,B,D,49,,H
B,3N4I_A_B,random,2,B,Y,50,,S
B,3N4I_A_B,random,2,B,Y,51,,L
B,3N4I_A_B,random,2,B,S,71,,A
B,3N4I_A_B,random,2,B,E,73,,Q
B,3N4I_A_B,random,2,B,K,74,,G
B,3N4I_A_B,random,2,B,W,112,,Q
B,3N4I_A_B,random,2,B,S,113,,D
B,3N4I_A_B,random,2,B,Y,115,,T
B,3N4I_A_B,random,2,B,T,126,,I
B,3N4I_A_B,random,2,B,S,128,,I
B,3N4I_A_B,random,2,B,F,142,,H
B,3N4I_A_B,random,2,B,Y,143,,Q
B,3N4I_A_B,random,2,B,H,148,,S
B,3N4I_A_B,random,2,B,W,150,,A
B,3N4I_A_B,random,2,B,R,160,,N
B,3Q8D_A_E,L,0,A,E,127,,R
B,3Q8D_A_E,L,0,A,R,131,,Q
B,3Q8D_A_E,L,0,A,K,205,,V
B,3Q8D_A_E,L,0,A,R,224,,E
B,3Q8D_A_E,L,0,A,F,227,,A
B,3Q8D_A_E,L,1,A,Y,90,,F
B,3Q8D_A_E,L,1,A,E,127,,L
B,3Q8D_A_E,L,1,A,R,131,,L
B,3Q8D_A_E,L,1,A,K,205,,V
B,3Q8D_A_E,L,1,A,R,209,,K
B,3Q8D_A_E,L,1,A,R,224,,V
B,3Q8D_A_E,L,1,A,F,227,,A
B,3Q8D_A_E,L,2,A,E,127,,K
B,3Q8D_A_E,L,2,A,R,131,,C
B,3Q8D_A_E,L,2,A,K,205,,V
B,3Q8D_A_E,L,2,A,R,224,,E
B,3Q8D_A_E,L,2,A,F,227,,A
B,3Q8D_A_E,naive,0,A,E,127,,L
B,3Q8D_A_E,naive,0,A,R,131,,L
B,3Q8D_A_E,naive,0,A,K,205,,L
B,3Q8D_A_E,naive,0,A,R,224,,E
B,3Q8D_A_E,naive,0,A,F,227,,A
B,3Q8D_A_E,naive,1,A,E,127,,L
B,3Q8D_A_E,naive,1,A,R,131,,L
B,3Q8D_A_E,naive,1,A,K,205,,A
B,3Q8D_A_E,naive,1,A,R,224,,V
B,3Q8D_A_E,naive,1,A,F,227,,A
B,3Q8D_A_E,naive,2,A,E,127,,L
B,3Q8D_A_E,naive,2,A,R,131,,N
B,3Q8D_A_E,naive,2,A,K,205,,Q
B,3Q8D_A_E,naive,2,A,R,224,,E
B,3Q8D_A_E,naive,2,A,F,227,,A
B,3Q8D_A_E,random,0,A,E,127,,R
B,3Q8D_A_E,random,0,A,R,131,,Q
B,3Q8D_A_E,random,0,A,K,205,,F
B,3Q8D_A_E,random,0,A,R,224,,Y
B,3Q8D_A_E,random,0,A,F,227,,A
B,3Q8D_A_E,random,1,A,Y,90,,F
B,3Q8D_A_E,random,1,A,E,127,,A
B,3Q8D_A_E,random,1,A,R,131,,L
B,3Q8D_A_E,random,1,A,K,205,,Q
B,3Q8D_A_E,random,1,A,R,209,,K
B,3Q8D_A_E,random,1,A,R,224,,V
B,3Q8D_A_E,random,1,A,F,227,,G
B,3Q8D_A_E,random,2,A,Y,90,,F
B,3Q8D_A_E,random,2,A,E,127,,K
B,3Q8D_A_E,random,2,A,R,131,,C
B,3Q8D_A_E,random,2,A,K,205,,N
B,3Q8D_A_E,random,2,A,R,209,,I
B,3Q8D_A_E,random,2,A,R,224,,V
B,3Q8D_A_E,random,2,A,F,227,,M
B,3SE3_B_C,L,0,B,L,2,,E
B,3SE3_B_C,L,0,B,R,5,,F
B,3SE3_B_C,L,0,B,M,9,,R
B,3SE3_B_C,L,0,B,A,12,,W
B,3SE3_B_C,L,0,B,R,15,,Y
B,3SE3_B_C,L,0,B,L,19,,Y
B,3SE3_B_C,L,0,B,F,20,,A
B,3SE3_B_C,L,0,B,L,23,,V
B,3SE3_B_C,L,0,B,R,26,,F
B,3SE3_B_C,L,0,B,H,27,,F
B,3SE3_B_C,L,0,B,V,114,,A
B,3SE3_B_C,L,0,B,E,118,,S
B,3SE3_B_C,L,0,B,R,121,,S
B,3SE3_B_C,L,0,B,L,125,,N
B,3SE3_B_C,L,0,B,N,128,,S
B,3SE3_B_C,L,0,C,S,37,,E
B,3SE3_B_C,L,0,C,K,38,,R
B,3SE3_B_C,L,0,C,L,42,,F
B,3SE3_B_C,L,0,C,H,66,,C
B,3SE3_B_C,L,0,C,E,67,,K
B,3SE3_B_C,L,0,C,A,68,,T
B,3SE3_B_C,L,0,C,V,72,,R
B,3SE3_B_C,L,0,C,S,86,,Y
B,3SE3_B_C,L,0,C,N,88,,S
B,3SE3_B_C,L,0,C,W,90,,Y
B,3SE3_B_C,L,0,C,I,93,,L
B,3SE3_B_C,L,0,C,D,122,,L
B,3SE3_B_C,L,0,C,S,167,,H
B,3SE3_B_C,L,0,C,E,169,,L
B,3SE3_B_C,L,1,B,L,2,,E
B,3SE3_B_C,L,1,B,R,5,,Y
B,3SE3_B_C,L,1,B,M,9,,R
B,3SE3_B_C,L,1,B,A,12,,W
B,3SE3_B_C,L,1,B,R,15,,F
B,3SE3_B_C,L,1,B,L,19,,Y
B,3SE3_B_C,L,1,B,F,20,,Y
B,3SE3_B_C,L,1,B,R,26,,F
B,3SE3_B_C,L,1,B,H,27,,K
B,3SE3_B_C,L,1,B,V,114,,A
B,3SE3_B_C,L,1,B,A,117,,C
B,3SE3_B_C,L,1,B,E,118,,H
B,3SE3_B_C,L,1,B,R,121,,T
B,3SE3_B_C,L,1,B,L,125,,R
B,3SE3_B_C,L,1,B,N,128,,Y
B,3SE3_B_C,L,1,C,S,37,,E
B,3SE3_B_C,L,1,C,K,38,,R
B,3SE3_B_C,L,1,C,L,42,,Y
B,3SE3_B_C,L,1,C,H,66,,A
B,3SE3_B_C,L,1,C,E,67,,R
B,3SE3_B_C,L,1,C,A,68,,T
B,3SE3_B_C,L,1,C,V,72,,R
B,3SE3_B_C,L,1,C,S,86,,D
B,3SE3_B_C,L,1,C,N,88,,S
B,3SE3_B_C,L,1,C,W,90,,F
B,3SE3_B_C,L,1,C,I,93,,L
B,3SE3_B_C,L,1,C,D,122,,P
B,3SE3_B_C,L,1,C,S,167,,H
B,3SE3_B_C,L,1,C,E,169,,L
B,3SE3_B_C,L,2,B,L,2,,S
B,3SE3_B_C,L,2,B,R,5,,Y
B,3SE3_B_C,L,2,B,L,8,,V
B,3SE3_B_C,L,2,B,M,9,,K
B,3SE3_B_C,L,2,B,A,12,,W
B,3SE3_B_C,L,2,B,R,15,,Q
B,3SE3_B_C,L,2,B,L,19,,W
B,3SE3_B_C,L,2,B,F,20,,Y
B,3SE3_B_C,L,2,B,L,23,,V
B,3SE3_B_C,L,2,B,R,26,,F
B,3SE3_B_C,L,2,B,H,27,,E
B,3SE3_B_C,L,2,B,D,28,,N
B,3SE3_B_C,L,2,B,V,114,,A
B,3SE3_B_C,L,2,B,E,118,,L
B,3SE3_B_C,L,2,B,M,120,,Y
B,3SE3_B_C,L,2,B,R,121,,S
B,3SE3_B_C,L,2,B,S,124,,L
B,3SE3_B_C,L,2,B,L,125,,T
B,3SE3_B_C,L,2,B,N,128,,Y
B,3SE3_B_C,L,2,C,L,42,,F
B,3SE3_B_C,L,2,C,H,66,,F
B,3SE3_B_C,L,2,C,A,68,,T
B,3SE3_B_C,L,2,C,V,72,,K
B,3SE3_B_C,L,2,C,N,88,,S
B,3SE3_B_C,L,2,C,W,90,,V
B,3SE3_B_C,L,2,C,I,93,,L
B,3SE3_B_C,L,2,C,D,122,,H
B,3SE3_B_C,L,2,C,S,167,,V
B,3SE3_B_C,L,2,C,E,169,,L
B,3SE3_B_C,naive,0,B,L,2,,F
B,3SE3_B_C,naive,0,B,R,5,,Y
B,3SE3_B_C,naive,0,B,M,9,,G
B,3SE3_B_C,naive,0,B,A,12,,K
B,3SE3_B_C,naive,0,B,R,15,,V
B,3SE3_B_C,naive,0,B,S,18,,D
B,3SE3_B_C,naive,0,B,F,20,,A
B,3SE3_B_C,naive,0,B,R,26,,F
B,3SE3_B_C,naive,0,B,H,27,,R
B,3SE3_B_C,naive,0,B,V,114,,A
B,3SE3_B_C,naive,0,B,A,117,,S
B,3SE3_B_C,naive,0,B,E,118,,Y
B,3SE3_B_C,naive,0,B,R,121,,S
B,3SE3_B_C,naive,0,B,L,125,,T
B,3SE3_B_C,naive,0,B,N,128,,H
B,3SE3_B_C,naive,0,C,M,36,,T
B,3SE3_B_C,naive,0,C,S,37,,E
B,3SE3_B_C,naive,0,C,K,38,,A
B,3SE3_B_C,naive,0,C,L,42,,Y
B,3SE3_B_C,naive,0,C,H,66,,D
B,3SE3_B_C,naive,0,C,E,67,,R
B,3SE3_B_C,naive,0,C,A,68,,V
B,3SE3_B_C,naive,0,C,V,72,,R
B,3SE3_B_C,naive,0,C,N,88,,S
B,3SE3_B_C,naive,0,C,W,90,,Y
B,3SE3_B_C,naive,0,C,I,93,,L
B,3SE3_B_C,naive,0,C,D,122,,N
B,3SE3_B_C,naive,0,C,S,167,,H
B,3SE3_B_C,naive,0,C,E,169,,S
B,3SE3_B_C,naive,1,B,L,2,,S
B,3SE3_B_C,naive,1,B,R,5,,Y
B,3SE3_B_C,naive,1,B,M,9,,K
B,3SE3_B_C,naive,1,B,A,12,,W
B,3SE3_B_C,naive,1,B,R,15,,Q
B,3SE3_B_C,naive,1,B,F,20,,Y
B,3SE3_B_C,naive,1,B,L,23,,A
B,3SE3_B_C,naive,1,B,R,26,,F
B,3SE3_B_C,naive,1,B,H,27,,K
B,3SE3_B_C,naive,1,B,V,114,,A
B,3SE3_B_C,naive,1,B,A,117,,N
B,3SE3_B_C,naive,1,B,E,118,,Y
B,3SE3_B_C,naive,1,B,M,120,,I
B,3SE3_B_C,naive,1,B,R,121,,S
B,3SE3_B_C,naive,1,B,S,124,,D
B,3SE3_B_C,naive,1,B,L,125,,Q
B,3SE3_B_C,naive,1,B,N,128,,S
B,3SE3_B_C,naive,1,C,M,36,,T
B,3SE3_B_C,naive,1,C,S,37,,E
B,3SE3_B_C,naive,1,C,K,38,,R
B,3SE3_B_C,naive,1,C,L,42,,Y
B,3SE3_B_C,naive,1,C,H,66,,S
B,3SE3_B_C,naive,1,C,E,67,,D
B,3SE3_B_C,naive,1,C,A,68,,T
B,3SE3_B_C,naive,1,C,V,72,,K
B,3SE3_B_C,naive,1,C,N,88,,S
B,3SE3_B_C,naive,1,C,W,90,,F
B,3SE3_B_C,naive,1,C,I,93,,L
B,3SE3_B_C,naive,1,C,S,167,,H
B,3SE3_B_C,naive,1,C,E,169,,D
B,3SE3_B_C,naive,2,B,L,2,,D
B,3SE3_B_C,naive,2,B,R,5,,V
B,3SE3_B_C,naive,2,B,A,12,,K
B,3SE3_B_C,naive,2,B,S,18,,D
B,3SE3_B_C,naive,2,B,F,20,,A
B,3SE3_B_C,naive,2,B,R,26,,F
B,3SE3_B_C,naive,2,B,H,27,,R
B,3SE3_B_C,naive,2,B,V,114,,A
B,3SE3_B_C,naive,2,B,A,117,,N
B,3SE3_B_C,naive,2,B,E,118,,Y
B,3SE3_B_C,naive,2,B,M,120,,I
B,3SE3_B_C,naive,2,B,R,121,,S
B,3SE3_B_C,naive,2,B,S,124,,N
B,3SE3_B_C,naive,2,B,L,125,,K
B,3SE3_B_C,naive,2,B,N,128,,S
B,3SE3_B_C,naive,2,C,M,36,,T
B,3SE3_B_C,naive,2,C,S,37,,E
B,3SE3_B_C,naive,2,C,K,38,,R
B,3SE3_B_C,naive,2,C,L,42,,F
B,3SE3_B_C,naive,2,C,H,66,,S
B,3SE3_B_C,naive,2,C,E,67,,R
B,3SE3_B_C,naive,2,C,A,68,,T
B,3SE3_B_C,naive,2,C,V,72,,R
B,3SE3_B_C,naive,2,C,S,86,,T
B,3SE3_B_C,naive,2,C,N,88,,E
B,3SE3_B_C,naive,2,C,W,90,,Y
B,3SE3_B_C,naive,2,C,I,93,,L
B,3SE3_B_C,naive,2,C,D,122,,N
B,3SE3_B_C,naive,2,C,E,169,,S
B,3SE3_B_C,random,0,B,L,2,,E
B,3SE3_B_C,random,0,B,R,5,,S
B,3SE3_B_C,random,0,B,M,9,,T
B,3SE3_B_C,random,0,B,A,12,,V
B,3SE3_B_C,random,0,B,L,19,,C
B,3SE3_B_C,random,0,B,F,20,,S
B,3SE3_B_C,random,0,B,L,23,,A
B,3SE3_B_C,random,0,B,R,26,,N
B,3SE3_B_C,random,0,B,H,27,,F
B,3SE3_B_C,random,0,B,V,114,,A
B,3SE3_B_C,random,0,B,A,117,,C
B,3SE3_B_C,random,0,B,E,118,,S
B,3SE3_B_C,random,0,B,M,120,,Y
B,3SE3_B_C,random,0,B,R,121,,P
B,3SE3_B_C,random,0,B,S,124,,D
B,3SE3_B_C,random,0,B,L,125,,N
B,3SE3_B_C,random,0,B,N,128,,S
B,3SE3_B_C,random,0,C,T,34,,S
B,3SE3_B_C,random,0,C,S,37,,D
B,3SE3_B_C,random,0,C,K,38,,S
B,3SE3_B_C,random,0,C,L,42,,W
B,3SE3_B_C,random,0,C,H,66,,Q
B,3SE3_B_C,random,0,C,E,67,,K
B,3SE3_B_C,random,0,C,A,68,,S
B,3SE3_B_C,random,0,C,V,72,,R
B,3SE3_B_C,random,0,C,S,86,,Y
B,3SE3_B_C,random,0,C,N,88,,T
B,3SE3_B_C,random,0,C,I,93,,E
B,3SE3_B_C,random,0,C,D,122,,L
B,3SE3_B_C,random,0,C,S,167,,Q
B,3SE3_B_C,random,0,C,E,169,,Y
B,3SE3_B_C,random,1,B,L,2,,E
B,3SE3_B_C,random,1,B,R,5,,S
B,3SE3_B_C,random,1,B,M,9,,R
B,3SE3_B_C,random,1,B,A,12,,V
B,3SE3_B_C,random,1,B,R,15,,F
B,3SE3_B_C,random,1,B,S,18,,P
B,3SE3_B_C,random,1,B,L,19,,E
B,3SE3_B_C,random,1,B,F,20,,S
B,3SE3_B_C,random,1,B,L,23,,T
B,3SE3_B_C,random,1,B,R,26,,H
B,3SE3_B_C,random,1,B,H,27,,K
B,3SE3_B_C,random,1,B,V,114,,A
B,3SE3_B_C,random,1,B,A,117,,C
B,3SE3_B_C,random,1,B,E,118,,H
B,3SE3_B_C,random,1,B,M,120,,I
B,3SE3_B_C,random,1,B,R,121,,T
B,3SE3_B_C,random,1,B,L,125,,R
B,3SE3_B_C,random,1,B,N,128,,R
B,3SE3_B_C,random,1,C,T,34,,G
B,3SE3_B_C,random,1,C,S,37,,D
B,3SE3_B_C,random,1,C,K,38,,Y
B,3SE3_B_C,random,1,C,L,42,,Y
B,3SE3_B_C,random,1,C,H,66,,D
B,3SE3_B_C,random,1,C,E,67,,R
B,3SE3_B_C,random,1,C,A,68,,S
B,3SE3_B_C,random,1,C,V,70,,T
B,3SE3_B_C,random,1,C,V,72,,R
B,3SE3_B_C,random,1,C,S,86,,Y
B,3SE3_B_C,random,1,C,N,88,,I
B,3SE3_B_C,random,1,C,W,90,,C
B,3SE3_B_C,random,1,C,I,93,,E
B,3SE3_B_C,random,1,C,D,122,,P
B,3SE3_B_C,random,1,C,E,169,,R
B,3SE3_B_C,random,2,B,L,2,,A
B,3SE3_B_C,random,2,B,R,5,,S
B,3SE3_B_C,random,2,B,M,9,,K
B,3SE3_B_C,random,2,B,A,12,,V
B,3SE3_B_C,random,2,B,R,15,,Q
B,3SE3_B_C,random,2,B,L,19,,H
B,3SE3_B_C,random,2,B,F,20,,S
B,3SE3_B_C,random,2,B,L,23,,D
B,3SE3_B_C,random,2,B,R,26,,C
B,3SE3_B_C,random,2,B,H,27,,E
B,3SE3_B_C,random,2,B,D,28,,N
B,3SE3_B_C,random,2,B,V,114,,A
B,3SE3_B_C,random,2,B,A,117,,S
B,3SE3_B_C,random,2,B,E,118,,L
B,3SE3_B_C,random,2,B,M,120,,Y
B,3SE3_B_C,random,2,B,R,121,,P
B,3SE3_B_C,random,2,B,S,124,,R
B,3SE3_B_C,random,2,B,L,125,,T
B,3SE3_B_C,random,2,B,N,128,,R
B,3SE3_B_C,random,2,C,T,34,,S
B,3SE3_B_C,random,2,C,P,39,,E
B,3SE3_B_C,random,2,C,L,42,,Y
B,3SE3_B_C,random,2,C,H,66,,M
B,3SE3_B_C,random,2,C,A,68,,I
B,3SE3_B_C,random,2,C,V,70,,T
B,3SE3_B_C,random,2,C,V,72,,H
B,3SE3_B_C,random,2,C,S,86,,N
B,3SE3_B_C,random,2,C,N,88,,T
B,3SE3_B_C,random,2,C,W,90,,V
B,3SE3_B_C,random,2,C,I,93,,E
B,3SE3_B_C,random,2,C,D,122,,S
B,3SE3_B_C,random,2,C,S,167,,V
B,3SE3_B_C,random,2,C,E,169,,D
B,3SE4_B_C,L,0,B,R,13,,W
B,3SE4_B_C,L,0,B,V,17,,R
B,3SE4_B_C,L,0,B,H,20,,K
B,3SE4_B_C,L,0,B,R,23,,H
B,3SE4_B_C,L,0,B,S,26,,N
B,3SE4_B_C,L,0,B,P,27,,L
B,3SE4_B_C,L,0,B,F,28,,Y
B,3SE4_B_C,L,0,B,L,31,,M
B,3SE4_B_C,L,0,B,R,34,,F
B,3SE4_B_C,L,0,B,R,35,,Y
B,3SE4_B_C,L,0,B,Q,41,,K
B,3SE4_B_C,L,0,B,V,127,,H
B,3SE4_B_C,L,0,B,M,130,,V
B,3SE4_B_C,L,0,B,E,131,,L
B,3SE4_B_C,L,0,B,M,133,,F
B,3SE4_B_C,L,0,B,K,134,,S
B,3SE4_B_C,L,0,B,F,137,,C
B,3SE4_B_C,L,0,B,L,138,,R
B,3SE4_B_C,L,0,C,M,38,,V
B,3SE4_B_C,L,0,C,S,39,,E
B,3SE4_B_C,L,0,C,K,40,,R
B,3SE4_B_C,L,0,C,L,44,,F
B,3SE4_B_C,L,0,C,H,68,,D
B,3SE4_B_C,L,0,C,E,69,,K
B,3SE4_B_C,L,0,C,V,74,,K
B,3SE4_B_C,L,0,C,S,88,,N
B,3SE4_B_C,L,0,C,H,89,,T
B,3SE4_B_C,L,0,C,N,90,,W
B,3SE4_B_C,L,0,C,W,92,,D
B,3SE4_B_C,L,0,C,A,94,,H
B,3SE4_B_C,L,0,C,I,95,,L
B,3SE4_B_C,L,0,C,S,173,,H
B,3SE4_B_C,L,0,C,E,175,,T
B,3SE4_B_C,L,1,B,R,13,,I
B,3SE4_B_C,L,1,B,V,17,,R
B,3SE4_B_C,L,1,B,H,20,,Y
B,3SE4_B_C,L,1,B,R,23,,D
B,3SE4_B_C,L,1,B,S,26,,N
B,3SE4_B_C,L,1,B,P,27,,L
B,3SE4_B_C,L,1,B,F,28,,Y
B,3SE4_B_C,L,1,B,L,31,,S
B,3SE4_B_C,L,1,B,R,34,,F
B,3SE4_B_C,L,1,B,R,35,,M
B,3SE4_B_C,L,1,B,Q,41,,V
B,3SE4_B_C,L,1,B,M,130,,A
B,3SE4_B_C,L,1,B,E,131,,Q
B,3SE4_B_C,L,1,B,M,133,,I
B,3SE4_B_C,L,1,B,K,134,,S
B,3SE4_B_C,L,1,B,F,137,,L
B,3SE4_B_C,L,1,B,L,138,,K
B,3SE4_B_C,L,1,C,M,38,,V
B,3SE4_B_C,L,1,C,S,39,,D
B,3SE4_B_C,L,1,C,E,42,,A
B,3SE4_B_C,L,1,C,L,44,,F
B,3SE4_B_C,L,1,C,H,68,,S
B,3SE4_B_C,L,1,C,E,69,,K
B,3SE4_B_C,L,1,C,V,74,,Q
B,3SE4_B_C,L,1,C,S,88,,Y
B,3SE4_B_C,L,1,C,H,89,,T
B,3SE4_B_C,L,1,C,N,90,,Y
B,3SE4_B_C,L,1,C,W,92,,I
B,3SE4_B_C,L,1,C,A,94,,Y
B,3SE4_B_C,L,1,C,I,95,,F
B,3SE4_B_C,L,1,C,D,96,,N
B,3SE4_B_C,L,1,C,S,173,,R
B,3SE4_B_C,L,1,C,E,175,,T
B,3SE4_B_C,L,2,B,V,17,,R
B,3SE4_B_C,L,2,B,H,20,,Y
B,3SE4_B_C,L,2,B,R,23,,W
B,3SE4_B_C,L,2,B,S,26,,Q
B,3SE4_B_C,L,2,B,P,27,,L
B,3SE4_B_C,L,2,B,F,28,,A
B,3SE4_B_C,L,2,B,L,31,,M
B,3SE4_B_C,L,2,B,R,34,,L
B,3SE4_B_C,L,2,B,Q,41,,Y
B,3SE4_B_C,L,2,B,M,130,,A
B,3SE4_B_C,L,2,B,E,131,,K
B,3SE4_B_C,L,2,B,M,133,,L
B,3SE4_B_C,L,2,B,K,134,,S
B,3SE4_B_C,L,2,B,F,137,,A
B,3SE4_B_C,L,2,B,L,138,,Y
B,3SE4_B_C,L,2,C,M,38,,V
B,3SE4_B_C,L,2,C,S,39,,D
B,3SE4_B_C,L,2,C,E,42,,K
B,3SE4_B_C,L,2,C,L,44,,F
B,3SE4_B_C,L,2,C,H,68,,N
B,3SE4_B_C,L,2,C,E,69,,R
B,3SE4_B_C,L,2,C,V,74,,R
B,3SE4_B_C,L,2,C,H,89,,R
B,3SE4_B_C,L,2,C,N,90,,H
B,3SE4_B_C,L,2,C,A,94,,Y
B,3SE4_B_C,L,2,C,S,173,,D
B,3SE4_B_C,L,2,C,E,175,,A
B,3SE4_B_C,naive,0,B,R,13,,F
B,3SE4_B_C,naive,0,B,V,17,,R
B,3SE4_B_C,naive,0,B,R,23,,Q
B,3SE4_B_C,naive,0,B,S,26,,D
B,3SE4_B_C,naive,0,B,F,28,,A
B,3SE4_B_C,naive,0,B,L,31,,V
B,3SE4_B_C,naive,0,B,R,34,,F
B,3SE4_B_C,naive,0,B,Q,41,,W
B,3SE4_B_C,naive,0,B,M,130,,L
B,3SE4_B_C,naive,0,B,E,131,,H
B,3SE4_B_C,naive,0,B,M,133,,L
B,3SE4_B_C,naive,0,B,K,134,,E
B,3SE4_B_C,naive,0,B,F,137,,L
B,3SE4_B_C,naive,0,C,M,38,,V
B,3SE4_B_C,naive,0,C,E,42,,K
B,3SE4_B_C,naive,0,C,L,44,,Y
B,3SE4_B_C,naive,0,C,H,68,,N
B,3SE4_B_C,naive,0,C,E,69,,H
B,3SE4_B_C,naive,0,C,V,74,,K
B,3SE4_B_C,naive,0,C,H,89,,F
B,3SE4_B_C,naive,0,C,N,90,,S
B,3SE4_B_C,naive,0,C,W,92,,K
B,3SE4_B_C,naive,0,C,A,94,,S
B,3SE4_B_C,naive,0,C,I,95,,L
B,3SE4_B_C,naive,0,C,S,173,,T
B,3SE4_B_C,naive,1,B,R,13,,D
B,3SE4_B_C,naive,1,B,V,17,,N
B,3SE4_B_C,naive,1,B,H,20,,I
B,3SE4_B_C,naive,1,B,R,23,,Q
B,3SE4_B_C,naive,1,B,S,26,,D
B,3SE4_B_C,naive,1,B,P,27,,L
B,3SE4_B_C,naive,1,B,F,28,,A
B,3SE4_B_C,naive,1,B,L,31,,K
B,3SE4_B_C,naive,1,B,R,34,,L
B,3SE4_B_C,naive,1,B,R,35,,F
B,3SE4_B_C,naive,1,B,Q,41,,T
B,3SE4_B_C,naive,1,B,V,127,,I
B,3SE4_B_C,naive,1,B,M,130,,Q
B,3SE4_B_C,naive,1,B,E,131,,H
B,3SE4_B_C,naive,1,B,M,133,,L
B,3SE4_B_C,naive,1,B,K,134,,S
B,3SE4_B_C,naive,1,B,F,137,,L
B,3SE4_B_C,naive,1,B,L,138,,R
B,3SE4_B_C,naive,1,C,M,38,,V
B,3SE4_B_C,naive,1,C,E,42,,Q
B,3SE4_B_C,naive,1,C,L,44,,F
B,3SE4_B_C,naive,1,C,H,68,,S
B,3SE4_B_C,naive,1,C,V,74,,R
B,3SE4_B_C,naive,1,C,H,89,,F
B,3SE4_B_C,naive,1,C,N,90,,S
B,3SE4_B_C,naive,1,C,W,92,,I
B,3SE4_B_C,naive,1,C,A,94,,S
B,3SE4_B_C,naive,1,C,E,175,,Q
B,3SE4_B_C,naive,2,B,V,17,,K
B,3SE4_B_C,naive,2,B,H,20,,K
B,3SE4_B_C,naive,2,B,R,23,,K
B,3SE4_B_C,naive,2,B,S,26,,D
B,3SE4_B_C,naive,2,B,P,27,,L
B,3SE4_B_C,naive,2,B,F,28,,A
B,3SE4_B_C,naive,2,B,R,34,,N
B,3SE4_B_C,naive,2,B,R,35,,F
B,3SE4_B_C,naive,2,B,Q,41,,F
B,3SE4_B_C,naive,2,B,M,130,,A
B,3SE4_B_C,naive,2,B,E,131,,H
B,3SE4_B_C,naive,2,B,M,133,,L
B,3SE4_B_C,naive,2,B,K,134,,S
B,3SE4_B_C,naive,2,B,F,137,,S
B,3SE4_B_C,naive,2,B,L,138,,Q
B,3SE4_B_C,naive,2,C,M,38,,V
B,3SE4_B_C,naive,2,C,E,42,,N
B,3SE4_B_C,naive,2,C,L,44,,Y
B,3SE4_B_C,naive,2,C,H,68,,S
B,3SE4_B_C,naive,2,C,E,69,,K
B,3SE4_B_C,naive,2,C,V,74,,R
B,3SE4_B_C,naive,2,C,S,88,,H
B,3SE4_B_C,naive,2,C,H,89,,F
B,3SE4_B_C,naive,2,C,N,90,,S
B,3SE4_B_C,naive,2,C,W,92,,D
B,3SE4_B_C,naive,2,C,A,94,,S
B,3SE4_B_C,naive,2,C,S,173,,H
B,3SE4_B_C,naive,2,C,E,175,,L
B,3SE4_B_C,random,0,B,R,13,,A
B,3SE4_B_C,random,0,B,V,17,,E
B,3SE4_B_C,random,0,B,H,20,,N
B,3SE4_B_C,random,0,B,S,26,,N
B,3SE4_B_C,random,0,B,P,27,,A
B,3SE4_B_C,random,0,B,F,28,,Y
B,3SE4_B_C,random,0,B,L,31,,M
B,3SE4_B_C,random,0,B,R,35,,V
B,3SE4_B_C,random,0,B,Q,41,,K
B,3SE4_B_C,random,0,B,M,130,,N
B,3SE4_B_C,random,0,B,E,131,,L
B,3SE4_B_C,random,0,B,M,133,,F
B,3SE4_B_C,random,0,B,K,134,,T
B,3SE4_B_C,random,0,B,F,137,,L
B,3SE4_B_C,random,0,B,L,138,,C
B,3SE4_B_C,random,0,C,T,36,,C
B,3SE4_B_C,random,0,C,S,39,,N
B,3SE4_B_C,random,0,C,K,40,,R
B,3SE4_B_C,random,0,C,P,41,,Y
B,3SE4_B_C,random,0,C,L,44,,F
B,3SE4_B_C,random,0,C,H,68,,S
B,3SE4_B_C,random,0,C,E,69,,K
B,3SE4_B_C,random,0,C,V,72,,M
B,3SE4_B_C,random,0,C,V,74,,K
B,3SE4_B_C,random,0,C,S,88,,Y
B,3SE4_B_C,random,0,C,H,89,,T
B,3SE4_B_C,random,0,C,N,90,,V
B,3SE4_B_C,random,0,C,W,92,,T
B,3SE4_B_C,random,0,C,A,94,,R
B,3SE4_B_C,random,0,C,I,95,,L
B,3SE4_B_C,random,0,C,S,173,,A
B,3SE4_B_C,random,0,C,E,175,,D
B,3SE4_B_C,random,1,B,R,13,,I
B,3SE4_B_C,random,1,B,V,17,,E
B,3SE4_B_C,random,1,B,H,20,,N
B,3SE4_B_C,random,1,B,R,23,,D
B,3SE4_B_C,random,1,B,S,26,,F
B,3SE4_B_C,random,1,B,P,27,,A
B,3SE4_B_C,random,1,B,F,28,,Y
B,3SE4_B_C,random,1,B,L,31,,S
B,3SE4_B_C,random,1,B,R,35,,M
B,3SE4_B_C,random,1,B,Q,41,,V
B,3SE4_B_C,random,1,B,M,130,,L
B,3SE4_B_C,random,1,B,E,131,,D
B,3SE4_B_C,random,1,B,M,133,,I
B,3SE4_B_C,random,1,B,K,134,,A
B,3SE4_B_C,random,1,B,F,137,,K
B,3SE4_B_C,random,1,B,L,138,,Q
B,3SE4_B_C,random,1,C,S,39,,N
B,3SE4_B_C,random,1,C,K,40,,R
B,3SE4_B_C,random,1,C,E,42,,A
B,3SE4_B_C,random,1,C,L,44,,F
B,3SE4_B_C,random,1,C,H,68,,S
B,3SE4_B_C,random,1,C,E,69,,K
B,3SE4_B_C,random,1,C,V,72,,M
B,3SE4_B_C,random,1,C,V,74,,K
B,3SE4_B_C,random,1,C,S,88,,Y
B,3SE4_B_C,random,1,C,H,89,,T
B,3SE4_B_C,random,1,C,N,90,,R
B,3SE4_B_C,random,1,C,W,92,,R
B,3SE4_B_C,random,1,C,A,94,,D
B,3SE4_B_C,random,1,C,I,95,,T
B,3SE4_B_C,random,1,C,D,96,,N
B,3SE4_B_C,random,1,C,S,173,,A
B,3SE4_B_C,random,1,C,E,175,,T
B,3SE4_B_C,random,2,B,R,13,,A
B,3SE4_B_C,random,2,B,V,17,,E
B,3SE4_B_C,random,2,B,H,20,,S
B,3SE4_B_C,random,2,B,R,23,,W
B,3SE4_B_C,random,2,B,S,26,,Q
B,3SE4_B_C,random,2,B,P,27,,A
B,3SE4_B_C,random,2,B,F,28,,I
B,3SE4_B_C,random,2,B,L,31,,M
B,3SE4_B_C,random,2,B,R,34,,L
B,3SE4_B_C,random,2,B,D,36,,P
B,3SE4_B_C,random,2,B,Q,41,,Y
B,3SE4_B_C,random,2,B,M,130,,I
B,3SE4_B_C,random,2,B,E,131,,D
B,3SE4_B_C,random,2,B,M,133,,R
B,3SE4_B_C,random,2,B,K,134,,T
B,3SE4_B_C,random,2,B,F,137,,A
B,3SE4_B_C,random,2,B,L,138,,C
B,3SE4_B_C,random,2,C,M,38,,H
B,3SE4_B_C,random,2,C,S,39,,D
B,3SE4_B_C,random,2,C,K,40,,R
B,3SE4_B_C,random,2,C,P,41,,Y
B,3SE4_B_C,random,2,C,E,42,,K
B,3SE4_B_C,random,2,C,L,44,,F
B,3SE4_B_C,random,2,C,H,68,,S
B,3SE4_B_C,random,2,C,E,69,,R
B,3SE4_B_C,random,2,C,V,72,,M
B,3SE4_B_C,random,2,C,V,74,,K
B,3SE4_B_C,random,2,C,S,88,,E
B,3SE4_B_C,random,2,C,H,89,,R
B,3SE4_B_C,random,2,C,N,90,,T
B,3SE4_B_C,random,2,C,W,92,,R
B,3SE4_B_C,random,2,C,A,94,,F
B,3SE4_B_C,random,2,C,I,95,,D
B,3SE4_B_C,random,2,C,S,173,,C
B,3SE4_B_C,random,2,C,E,175,,R
B,3TGK_E_I,L,0,E,Y,21,,H
B,3TGK_E_I,L,0,E,F,23,,C
B,3TGK_E_I,L,0,E,H,39,,S
B,3TGK_E_I,L,0,E,K,42,,A
B,3TGK_E_I,L,0,E,R,77,,P
B,3TGK_E_I,L,0,E,K,78,,N
B,3TGK_E_I,L,0,E,G,121,,R
B,3TGK_E_I,L,0,E,N,122,,V
B,3TGK_E_I,L,0,E,K,149,,A
B,3TGK_E_I,L,0,E,S,166,,A
B,3TGK_E_I,L,0,E,C,167,,E
B,3TGK_E_I,L,0,E,Q,168,,R
B,3TGK_E_I,L,0,E,S,171,,Q
B,3TGK_E_I,L,0,E,S,186,,T
B,3TGK_E_I,L,0,E,W,187,,D
B,3TGK_E_I,L,0,E,G,188,,C
B,3TGK_E_I,L,0,I,C,14,,Y
B,3TGK_E_I,L,0,I,A,16,,C
B,3TGK_E_I,L,0,I,R,17,,A
B,3TGK_E_I,L,0,I,I,18,,V
B,3TGK_E_I,L,0,I,I,19,,D
B,3TGK_E_I,L,0,I,V,34,,T
B,3TGK_E_I,L,0,I,G,37,,V
B,3TGK_E_I,L,0,I,R,39,,N
B,3TGK_E_I,L,1,E,Y,21,,H
B,3TGK_E_I,L,1,E,H,22,,Y
B,3TGK_E_I,L,1,E,F,23,,Y
B,3TGK_E_I,L,1,E,H,39,,S
B,3TGK_E_I,L,1,E,K,42,,Q
B,3TGK_E_I,L,1,E,R,77,,D
B,3TGK_E_I,L,1,E,K,78,,V
B,3TGK_E_I,L,1,E,G,121,,T
B,3TGK_E_I,L,1,E,S,166,,A
B,3TGK_E_I,L,1,E,C,167,,T
B,3TGK_E_I,L,1,E,Q,168,,N
B,3TGK_E_I,L,1,E,S,171,,G
B,3TGK_E_I,L,1,E,G,188,,M
B,3TGK_E_I,L,1,E,G,190,,A
B,3TGK_E_I,L,1,I,A,16,,N
B,3TGK_E_I,L,1,I,R,17,,N
B,3TGK_E_I,L,1,I,I,18,,F
B,3TGK_E_I,L,1,I,V,34,,T
B,3TGK_E_I,L,1,I,R,39,,N
B,3TGK_E_I,L,2,E,Y,21,,H
B,3TGK_E_I,L,2,E,H,22,,I
B,3TGK_E_I,L,2,E,F,23,,Y
B,3TGK_E_I,L,2,E,H,39,,S
B,3TGK_E_I,L,2,E,K,42,,Q
B,3TGK_E_I,L,2,E,R,77,,E
B,3TGK_E_I,L,2,E,K,78,,R
B,3TGK_E_I,L,2,E,L,80,,G
B,3TGK_E_I,L,2,E,G,121,,P
B,3TGK_E_I,L,2,E,N,122,,A
B,3TGK_E_I,L,2,E,K,149,,Q
B,3TGK_E_I,L,2,E,S,166,,A
B,3TGK_E_I,L,2,E,C,167,,T
B,3TGK_E_I,L,2,E,Q,168,,R
B,3TGK_E_I,L,2,E,S,171,,Q
B,3TGK_E_I,L,2,E,S,186,,K
B,3TGK_E_I,L,2,E,W,187,,M
B,3TGK_E_I,L,2,E,G,188,,R
B,3TGK_E_I,L,2,I,T,11,,S
B,3TGK_E_I,L,2,I,P,13,,R
B,3TGK_E_I,L,2,I,C,14,,Y
B,3TGK_E_I,L,2,I,A,16,,G
B,3TGK_E_I,L,2,I,R,17,,N
B,3TGK_E_I,L,2,I,I,18,,R
B,3TGK_E_I,L,2,I,I,19,,T
B,3TGK_E_I,L,2,I,R,39,,N
B,3TGK_E_I,naive,0,E,Y,21,,H
B,3TGK_E_I,naive,0,E,K,42,,C
B,3TGK_E_I,naive,0,E,R,77,,P
B,3TGK_E_I,naive,0,E,K,78,,T
B,3TGK_E_I,naive,0,E,N,122,,A
B,3TGK_E_I,naive,0,E,K,149,,L
B,3TGK_E_I,naive,0,E,S,166,,A
B,3TGK_E_I,naive,0,E,C,167,,T
B,3TGK_E_I,naive,0,E,Q,168,,R
B,3TGK_E_I,naive,0,E,S,171,,G
B,3TGK_E_I,naive,0,E,S,186,,T
B,3TGK_E_I,naive,0,E,G,188,,S
B,3TGK_E_I,naive,0,I,A,16,,N
B,3TGK_E_I,naive,0,I,R,17,,N
B,3TGK_E_I,naive,0,I,I,19,,T
B,3TGK_E_I,naive,0,I,V,34,,T
B,3TGK_E_I,naive,0,I,R,39,,N
B,3TGK_E_I,naive,1,E,Y,21,,H
B,3TGK_E_I,naive,1,E,H,22,,I
B,3TGK_E_I,naive,1,E,K,42,,Q
B,3TGK_E_I,naive,1,E,R,77,,S
B,3TGK_E_I,naive,1,E,K,78,,N
B,3TGK_E_I,naive,1,E,N,122,,T
B,3TGK_E_I,naive,1,E,K,149,,T
B,3TGK_E_I,naive,1,E,S,166,,A
B,3TGK_E_I,naive,1,E,C,167,,E
B,3TGK_E_I,naive,1,E,Q,168,,R
B,3TGK_E_I,naive,1,E,S,171,,G
B,3TGK_E_I,naive,1,E,S,186,,T
B,3TGK_E_I,naive,1,E,G,188,,Q
B,3TGK_E_I,naive,1,I,A,16,,N
B,3TGK_E_I,naive,1,I,R,17,,N
B,3TGK_E_I,naive,1,I,I,19,,T
B,3TGK_E_I,naive,1,I,R,39,,N
B,3TGK_E_I,naive,2,E,Y,21,,H
B,3TGK_E_I,naive,2,E,K,42,,A
B,3TGK_E_I,naive,2,E,R,77,,P
B,3TGK_E_I,naive,2,E,K,78,,H
B,3TGK_E_I,naive,2,E,N,122,,T
B,3TGK_E_I,naive,2,E,S,166,,F
B,3TGK_E_I,naive,2,E,C,167,,G
B,3TGK_E_I,naive,2,E,Q,168,,Y
B,3TGK_E_I,naive,2,E,S,171,,G
B,3TGK_E_I,naive,2,E,S,186,,T
B,3TGK_E_I,naive,2,E,G,188,,R
B,3TGK_E_I,naive,2,I,A,16,,N
B,3TGK_E_I,naive,2,I,R,17,,N
B,3TGK_E_I,naive,2,I,I,19,,K
B,3TGK_E_I,naive,2,I,R,39,,N
B,3TGK_E_I,random,0,E,Y,21,,I
B,3TGK_E_I,random,0,E,H,22,,P
B,3TGK_E_I,random,0,E,F,23,,C
B,3TGK_E_I,random,0,E,H,39,,E
B,3TGK_E_I,random,0,E,K,42,,A
B,3TGK_E_I,random,0,E,R,77,,A
B,3TGK_E_I,random,0,E,K,78,,T
B,3TGK_E_I,random,0,E,L,80,,K
B,3TGK_E_I,random,0,E,G,121,,R
B,3TGK_E_I,random,0,E,N,122,,L
B,3TGK_E_I,random,0,E,K,149,,A
B,3TGK_E_I,random,0,E,S,166,,M
B,3TGK_E_I,random,0,E,C,167,,G
B,3TGK_E_I,random,0,E,Q,168,,P
B,3TGK_E_I,random,0,E,S,171,,Y
B,3TGK_E_I,random,0,E,S,186,,T
B,3TGK_E_I,random,0,E,W,187,,D
B,3TGK_E_I,random,0,E,G,188,,C
B,3TGK_E_I,random,0,I,C,14,,Y
B,3TGK_E_I,random,0,I,A,16,,P
B,3TGK_E_I,random,0,I,R,17,,H
B,3TGK_E_I,random,0,I,I,18,,V
B,3TGK_E_I,random,0,I,I,19,,D
B,3TGK_E_I,random,0,I,V,34,,T
B,3TGK_E_I,random,0,I,G,37,,V
B,3TGK_E_I,random,0,I,R,39,,K
B,3TGK_E_I,random,1,E,Y,21,,P
B,3TGK_E_I,random,1,E,H,22,,Y
B,3TGK_E_I,random,1,E,F,23,,Y
B,3TGK_E_I,random,1,E,K,42,,Q
B,3TGK_E_I,random,1,E,R,77,,D
B,3TGK_E_I,random,1,E,K,78,,V
B,3TGK_E_I,random,1,E,L,80,,K
B,3TGK_E_I,random,1,E,G,121,,T
B,3TGK_E_I,random,1,E,N,122,,S
B,3TGK_E_I,random,1,E,S,166,,A
B,3TGK_E_I,random,1,E,C,167,,T
B,3TGK_E_I,random,1,E,Q,168,,N
B,3TGK_E_I,random,1,E,S,171,,G
B,3TGK_E_I,random,1,E,G,188,,M
B,3TGK_E_I,random,1,E,G,190,,A
B,3TGK_E_I,random,1,I,K,15,,F
B,3TGK_E_I,random,1,I,A,16,,P
B,3TGK_E_I,random,1,I,I,18,,F
B,3TGK_E_I,random,1,I,V,34,,T
B,3TGK_E_I,random,1,I,R,39,,T
B,3TGK_E_I,random,2,E,Y,21,,W
B,3TGK_E_I,random,2,E,H,22,,I
B,3TGK_E_I,random,2,E,F,23,,Y
B,3TGK_E_I,random,2,E,K,42,,R
B,3TGK_E_I,random,2,E,R,77,,E
B,3TGK_E_I,random,2,E,K,78,,R
B,3TGK_E_I,random,2,E,L,80,,G
B,3TGK_E_I,random,2,E,G,121,,P
B,3TGK_E_I,random,2,E,N,122,,G
B,3TGK_E_I,random,2,E,K,149,,Q
B,3TGK_E_I,random,2,E,S,166,,A
B,3TGK_E_I,random,2,E,Q,168,,N
B,3TGK_E_I,random,2,E,S,171,,Y
B,3TGK_E_I,random,2,E,S,186,,K
B,3TGK_E_I,random,2,E,W,187,,M
B,3TGK_E_I,random,2,E,G,188,,R
B,3TGK_E_I,random,2,I,P,13,,R
B,3TGK_E_I,random,2,I,C,14,,Y
B,3TGK_E_I,random,2,I,K,15,,F
B,3TGK_E_I,random,2,I,A,16,,P
B,3TGK_E_I,random,2,I,R,17,,K
B,3TGK_E_I,random,2,I,I,18,,V
B,3TGK_E_I,random,2,I,I,19,,K
B,3TGK_E_I,random,2,I,V,34,,N
B,3TGK_E_I,random,2,I,R,39,,L
B,3UIG_A_P,L,0,A,E,47,,H
B,3UIG_A_P,L,0,A,L,50,,R
B,3UIG_A_P,L,0,A,K,58,,T
B,3UIG_A_P,L,0,A,E,59,,A
B,3UIG_A_P,L,0,A,E,61,,V
B,3UIG_A_P,L,0,A,G,62,,H
B,3UIG_A_P,L,0,A,E,72,,A
B,3UIG_A_P,L,0,A,H,76,,Y
B,3UIG_A_P,L,0,P,R,2,,K
B,3UIG_A_P,L,0,P,T,3,,L
B,3UIG_A_P,L,0,P,K,4,,A
B,3UIG_A_P,L,0,P,Q,5,,D
B,3UIG_A_P,L,1,A,E,47,,N
B,3UIG_A_P,L,1,A,K,58,,V
B,3UIG_A_P,L,1,A,E,59,,Q
B,3UIG_A_P,L,1,A,E,61,,V
B,3UIG_A_P,L,1,A,G,62,,R
B,3UIG_A_P,L,1,A,E,72,,A
B,3UIG_A_P,L,1,A,H,76,,W
B,3UIG_A_P,L,1,P,A,1,,M
B,3UIG_A_P,L,1,P,R,2,,K
B,3UIG_A_P,L,1,P,T,3,,L
B,3UIG_A_P,L,1,P,K,4,,V
B,3UIG_A_P,L,1,P,Q,5,,P
B,3UIG_A_P,L,2,A,E,47,,Y
B,3UIG_A_P,L,2,A,K,58,,Q
B,3UIG_A_P,L,2,A,E,61,,V
B,3UIG_A_P,L,2,A,G,62,,D
B,3UIG_A_P,L,2,A,E,72,,A
B,3UIG_A_P,L,2,A,H,76,,F
B,3UIG_A_P,L,2,P,R,2,,K
B,3UIG_A_P,L,2,P,T,3,,L
B,3UIG_A_P,L,2,P,Q,5,,P
B,3UIG_A_P,naive,0,A,E,47,,A
B,3UIG_A_P,naive,0,A,K,58,,T
B,3UIG_A_P,naive,0,A,E,61,,V
B,3UIG_A_P,naive,0,A,G,62,,N
B,3UIG_A_P,naive,0,A,E,72,,V
B,3UIG_A_P,naive,0,A,H,76,,L
B,3UIG_A_P,naive,0,P,R,2,,V
B,3UIG_A_P,naive,0,P,T,3,,L
B,3UIG_A_P,naive,0,P,K,4,,A
B,3UIG_A_P,naive,0,P,Q,5,,P
B,3UIG_A_P,naive,1,A,K,58,,T
B,3UIG_A_P,naive,1,A,E,59,,R
B,3UIG_A_P,naive,1,A,L,60,,V
B,3UIG_A_P,naive,1,A,E,61,,V
B,3UIG_A_P,naive,1,A,G,62,,N
B,3UIG_A_P,naive,1,A,E,72,,V
B,3UIG_A_P,naive,1,A,H,76,,L
B,3UIG_A_P,naive,1,P,T,3,,L
B,3UIG_A_P,naive,1,P,K,4,,A
B,3UIG_A_P,naive,1,P,Q,5,,P
B,3UIG_A_P,naive,2,A,E,47,,S
B,3UIG_A_P,naive,2,A,K,58,,T
B,3UIG_A_P,naive,2,A,E,61,,T
B,3UIG_A_P,naive,2,A,G,62,,N
B,3UIG_A_P,naive,2,A,E,72,,V
B,3UIG_A_P,naive,2,A,H,76,,L
B,3UIG_A_P,naive,2,P,R,2,,A
B,3UIG_A_P,naive,2,P,T,3,,L
B,3UIG_A_P,naive,2,P,K,4,,A
B,3UIG_A_P,naive,2,P,Q,5,,P
B,3UIG_A_P,random,0,A,E,47,,R
B,3UIG_A_P,random,0,A,L,50,,R
B,3UIG_A_P,random,0,A,K,58,,H
B,3UIG_A_P,random,0,A,E,59,,A
B,3UIG_A_P,random,0,A,L,60,,G
B,3UIG_A_P,random,0,A,E,61,,Y
B,3UIG_A_P,random,0,A,G,62,,H
B,3UIG_A_P,random,0,A,E,72,,A
B,3UIG_A_P,random,0,A,H,76,,Y
B,3UIG_A_P,random,0,P,R,2,,Q
B,3UIG_A_P,random,0,P,T,3,,V
B,3UIG_A_P,random,0,P,K,4,,T
B,3UIG_A_P,random,0,P,Q,5,,L
B,3UIG_A_P,random,1,A,E,47,,N
B,3UIG_A_P,random,1,A,K,58,,V
B,3UIG_A_P,random,1,A,E,59,,Q
B,3UIG_A_P,random,1,A,L,60,,G
B,3UIG_A_P,random,1,A,E,61,,L
B,3UIG_A_P,random,1,A,G,62,,N
B,3UIG_A_P,random,1,A,E,72,,A
B,3UIG_A_P,random,1,A,H,76,,W
B,3UIG_A_P,random,1,P,R,2,,Q
B,3UIG_A_P,random,1,P,T,3,,V
B,3UIG_A_P,random,1,P,K,4,,A
B,3UIG_A_P,random,1,P,Q,5,,P
B,3UIG_A_P,random,2,A,E,47,,R
B,3UIG_A_P,random,2,A,K,58,,Q
B,3UIG_A_P,random,2,A,E,61,,Y
B,3UIG_A_P,random,2,A,G,62,,D
B,3UIG_A_P,random,2,A,E,72,,A
B,3UIG_A_P,random,2,A,H,76,,Y
B,3UIG_A_P,random,2,P,T,3,,V
B,3UIG_A_P,random,2,P,Q,5,,P
B,3UIH_A_P,L,0,A,E,47,,H
B,3UIH_A_P,L,0,A,L,50,,R
B,3UIH_A_P,L,0,A,K,58,,M
B,3UIH_A_P,L,0,A,E,59,,A
B,3UIH_A_P,L,0,A,E,61,,I
B,3UIH_A_P,L,0,A,G,62,,H
B,3UIH_A_P,L,0,A,E,72,,Q
B,3UIH_A_P,L,0,A,H,76,,L
B,3UIH_A_P,L,1,A,E,47,,N
B,3UIH_A_P,L,1,A,K,58,,V
B,3UIH_A_P,L,1,A,E,59,,Q
B,3UIH_A_P,L,1,A,E,61,,V
B,3UIH_A_P,L,1,A,G,62,,R
B,3UIH_A_P,L,1,A,E,72,,M
B,3UIH_A_P,L,1,A,H,76,,W
B,3UIH_A_P,L,2,A,E,47,,Y
B,3UIH_A_P,L,2,A,K,58,,Q
B,3UIH_A_P,L,2,A,E,61,,I
B,3UIH_A_P,L,2,A,G,62,,D
B,3UIH_A_P,L,2,A,E,72,,D
B,3UIH_A_P,L,2,A,H,76,,L
B,3UIH_A_P,naive,0,A,E,47,,Y
B,3UIH_A_P,naive,0,A,K,58,,T
B,3UIH_A_P,naive,0,A,E,61,,T
B,3UIH_A_P,naive,0,A,G,62,,N
B,3UIH_A_P,naive,0,A,E,72,,V
B,3UIH_A_P,naive,0,A,H,76,,L
B,3UIH_A_P,naive,1,A,E,47,,Y
B,3UIH_A_P,naive,1,A,K,58,,T
B,3UIH_A_P,naive,1,A,E,59,,N
B,3UIH_A_P,naive,1,A,L,60,,I
B,3UIH_A_P,naive,1,A,E,61,,T
B,3UIH_A_P,naive,1,A,G,62,,N
B,3UIH_A_P,naive,1,A,E,72,,V
B,3UIH_A_P,naive,1,A,H,76,,L
B,3UIH_A_P,naive,2,A,E,47,,S
B,3UIH_A_P,naive,2,A,K,58,,T
B,3UIH_A_P,naive,2,A,E,61,,T
B,3UIH_A_P,naive,2,A,G,62,,N
B,3UIH_A_P,naive,2,A,E,72,,V
B,3UIH_A_P,naive,2,A,H,76,,L
B,3UIH_A_P,random,0,A,E,47,,R
B,3UIH_A_P,random,0,A,L,50,,R
B,3UIH_A_P,random,0,A,E,59,,A
B,3UIH_A_P,random,0,A,E,61,,S
B,3UIH_A_P,random,0,A,G,62,,H
B,3UIH_A_P,random,0,A,E,72,,M
B,3UIH_A_P,random,0,A,H,76,,L
B,3UIH_A_P,random,1,A,E,47,,N
B,3UIH_A_P,random,1,A,K,58,,V
B,3UIH_A_P,random,1,A,E,59,,Q
B,3UIH_A_P,random,1,A,E,61,,A
B,3UIH_A_P,random,1,A,G,62,,R
B,3UIH_A_P,random,1,A,E,72,,M
B,3UIH_A_P,random,1,A,H,76,,F
B,3UIH_A_P,random,2,A,K,58,,Q
B,3UIH_A_P,random,2,A,E,61,,F
B,3UIH_A_P,random,2,A,G,62,,D
B,3UIH_A_P,random,2,A,E,72,,R
B,3UIH_A_P,random,2,A,H,76,,F
B,4BFI_A_B,L,0,A,P,1,,G
B,4BFI_A_B,L,0,A,T,3,,S
B,4BFI_A_B,L,0,A,Q,4,,S
B,4BFI_A_B,L,0,A,V,30,,I
B,4BFI_A_B,L,0,A,T,33,,N
B,4BFI_A_B,L,0,A,S,43,,D
B,4BFI_A_B,L,0,A,T,45,,Y
B,4BFI_A_B,L,0,A,A,47,,S
B,4BFI_A_B,L,0,A,K,49,,L
B,4BFI_A_B,L,0,A,D,51,,A
B,4BFI_A_B,L,0,A,T,54,,Q
B,4BFI_A_B,L,0,A,E,56,,F
B,4BFI_A_B,L,0,A,E,92,,L
B,4BFI_A_B,L,0,A,V,94,,A
B,4BFI_A_B,L,0,A,E,97,,T
B,4BFI_A_B,L,0,A,N,99,,M
B,4BFI_A_B,L,0,A,E,101,,C
B,4BFI_A_B,L,0,B,L,29,,I
B,4BFI_A_B,L,0,B,T,32,,S
B,4BFI_A_B,L,0,B,P,41,,N
B,4BFI_A_B,L,0,B,E,42,,I
B,4BFI_A_B,L,0,B,T,46,,S
B,4BFI_A_B,L,0,B,T,50,,K
B,4BFI_A_B,L,0,B,H,51,,Y
B,4BFI_A_B,L,0,B,Q,56,,H
B,4BFI_A_B,L,0,B,L,91,,I
B,4BFI_A_B,L,0,B,N,93,,A
B,4BFI_A_B,L,0,B,Q,98,,G
B,4BFI_A_B,L,0,B,K,99,,Y
B,4BFI_A_B,L,1,A,P,1,,D
B,4BFI_A_B,L,1,A,T,3,,N
B,4BFI_A_B,L,1,A,Q,4,,S
B,4BFI_A_B,L,1,A,V,30,,I
B,4BFI_A_B,L,1,A,T,33,,Q
B,4BFI_A_B,L,1,A,I,35,,N
B,4BFI_A_B,L,1,A,S,43,,K
B,4BFI_A_B,L,1,A,T,45,,Y
B,4BFI_A_B,L,1,A,A,47,,S
B,4BFI_A_B,L,1,A,K,49,,L
B,4BFI_A_B,L,1,A,D,51,,A
B,4BFI_A_B,L,1,A,T,54,,K
B,4BFI_A_B,L,1,A,E,56,,C
B,4BFI_A_B,L,1,A,E,92,,L
B,4BFI_A_B,L,1,A,V,94,,F
B,4BFI_A_B,L,1,A,P,96,,K
B,4BFI_A_B,L,1,A,E,97,,D
B,4BFI_A_B,L,1,A,N,99,,F
B,4BFI_A_B,L,1,A,E,101,,T
B,4BFI_A_B,L,1,B,T,32,,V
B,4BFI_A_B,L,1,B,Q,34,,E
B,4BFI_A_B,L,1,B,P,41,,N
B,4BFI_A_B,L,1,B,E,42,,I
B,4BFI_A_B,L,1,B,T,46,,S
B,4BFI_A_B,L,1,B,T,50,,K
B,4BFI_A_B,L,1,B,H,51,,Y
B,4BFI_A_B,L,1,B,Q,56,,N
B,4BFI_A_B,L,1,B,L,91,,I
B,4BFI_A_B,L,1,B,N,93,,V
B,4BFI_A_B,L,1,B,Q,98,,G
B,4BFI_A_B,L,1,B,K,99,,H
B,4BFI_A_B,L,2,A,P,1,,Q
B,4BFI_A_B,L,2,A,T,3,,S
B,4BFI_A_B,L,2,A,Q,4,,K
B,4BFI_A_B,L,2,A,V,30,,I
B,4BFI_A_B,L,2,A,T,33,,M
B,4BFI_A_B,L,2,A,I,35,,C
B,4BFI_A_B,L,2,A,S,43,,P
B,4BFI_A_B,L,2,A,T,45,,Y
B,4BFI_A_B,L,2,A,A,47,,S
B,4BFI_A_B,L,2,A,K,49,,L
B,4BFI_A_B,L,2,A,D,51,,E
B,4BFI_A_B,L,2,A,T,54,,Q
B,4BFI_A_B,L,2,A,E,56,,H
B,4BFI_A_B,L,2,A,E,92,,I
B,4BFI_A_B,L,2,A,V,94,,F
B,4BFI_A_B,L,2,A,E,97,,T
B,4BFI_A_B,L,2,A,N,99,,Y
B,4BFI_A_B,L,2,B,L,29,,I
B,4BFI_A_B,L,2,B,T,32,,V
B,4BFI_A_B,L,2,B,E,42,,V
B,4BFI_A_B,L,2,B,T,46,,S
B,4BFI_A_B,L,2,B,T,50,,E
B,4BFI_A_B,L,2,B,Q,56,,N
B,4BFI_A_B,L,2,B,L,91,,I
B,4BFI_A_B,L,2,B,N,93,,V
B,4BFI_A_B,L,2,B,Q,98,,G
B,4BFI_A_B,L,2,B,K,99,,L
B,4BFI_A_B,naive,0,A,P,1,,S
B,4BFI_A_B,naive,0,A,V,30,,I
B,4BFI_A_B,naive,0,A,I,35,,E
B,4BFI_A_B,naive,0,A,S,43,,N
B,4BFI_A_B,naive,0,A,T,45,,Y
B,4BFI_A_B,naive,0,A,A,47,,S
B,4BFI_A_B,naive,0,A,K,49,,L
B,4BFI_A_B,naive,0,A,D,51,,S
B,4BFI_A_B,naive,0,A,T,54,,S
B,4BFI_A_B,naive,0,A,E,56,,S
B,4BFI_A_B,naive,0,A,E,92,,L
B,4BFI_A_B,naive,0,A,V,94,,S
B,4BFI_A_B,naive,0,A,P,96,,A
B,4BFI_A_B,naive,0,A,E,97,,D
B,4BFI_A_B,naive,0,A,N,99,,Y
B,4BFI_A_B,naive,0,B,L,29,,I
B,4BFI_A_B,naive,0,B,T,32,,V
B,4BFI_A_B,naive,0,B,P,41,,N
B,4BFI_A_B,naive,0,B,E,42,,I
B,4BFI_A_B,naive,0,B,T,46,,S
B,4BFI_A_B,naive,0,B,T,50,,E
B,4BFI_A_B,naive,0,B,Q,56,,H
B,4BFI_A_B,naive,0,B,L,91,,V
B,4BFI_A_B,naive,0,B,T,94,,I
B,4BFI_A_B,naive,0,B,Q,98,,G
B,4BFI_A_B,naive,0,B,K,99,,Y
B,4BFI_A_B,naive,1,A,P,1,,G
B,4BFI_A_B,naive,1,A,T,3,,S
B,4BFI_A_B,naive,1,A,Q,4,,F
B,4BFI_A_B,naive,1,A,V,30,,L
B,4BFI_A_B,naive,1,A,I,35,,E
B,4BFI_A_B,naive,1,A,S,43,,P
B,4BFI_A_B,naive,1,A,T,45,,F
B,4BFI_A_B,naive,1,A,A,47,,S
B,4BFI_A_B,naive,1,A,K,49,,L
B,4BFI_A_B,naive,1,A,D,51,,A
B,4BFI_A_B,naive,1,A,T,54,,R
B,4BFI_A_B,naive,1,A,E,56,,T
B,4BFI_A_B,naive,1,A,E,92,,R
B,4BFI_A_B,naive,1,A,E,97,,N
B,4BFI_A_B,naive,1,A,N,99,,L
B,4BFI_A_B,naive,1,B,T,32,,V
B,4BFI_A_B,naive,1,B,E,42,,K
B,4BFI_A_B,naive,1,B,T,46,,S
B,4BFI_A_B,naive,1,B,T,50,,E
B,4BFI_A_B,naive,1,B,Q,56,,N
B,4BFI_A_B,naive,1,B,L,91,,V
B,4BFI_A_B,naive,1,B,N,93,,V
B,4BFI_A_B,naive,1,B,T,94,,I
B,4BFI_A_B,naive,1,B,Q,98,,G
B,4BFI_A_B,naive,1,B,K,99,,Y
B,4BFI_A_B,naive,2,A,P,1,,G
B,4BFI_A_B,naive,2,A,Q,4,,R
B,4BFI_A_B,naive,2,A,V,30,,I
B,4BFI_A_B,naive,2,A,I,35,,K
B,4BFI_A_B,naive,2,A,S,43,,T
B,4BFI_A_B,naive,2,A,T,45,,Y
B,4BFI_A_B,naive,2,A,A,47,,S
B,4BFI_A_B,naive,2,A,K,49,,L
B,4BFI_A_B,naive,2,A,D,51,,P
B,4BFI_A_B,naive,2,A,E,56,,S
B,4BFI_A_B,naive,2,A,E,92,,M
B,4BFI_A_B,naive,2,A,V,94,,A
B,4BFI_A_B,naive,2,A,P,96,,K
B,4BFI_A_B,naive,2,A,E,97,,Q
B,4BFI_A_B,naive,2,A,N,99,,L
B,4BFI_A_B,naive,2,A,E,101,,Q
B,4BFI_A_B,naive,2,B,L,29,,I
B,4BFI_A_B,naive,2,B,T,32,,V
B,4BFI_A_B,naive,2,B,T,46,,S
B,4BFI_A_B,naive,2,B,T,50,,K
B,4BFI_A_B,naive,2,B,Q,56,,H
B,4BFI_A_B,naive,2,B,L,91,,V
B,4BFI_A_B,naive,2,B,N,93,,V
B,4BFI_A_B,naive,2,B,Q,98,,G
B,4BFI_A_B,naive,2,B,K,99,,F
B,4BFI_A_B,random,0,A,P,1,,G
B,4BFI_A_B,random,0,A,T,3,,S
B,4BFI_A_B,random,0,A,Q,4,,S
B,4BFI_A_B,random,0,A,V,30,,I
B,4BFI_A_B,random,0,A,L,31,,Q
B,4BFI_A_B,random,0,A,T,33,,N
B,4BFI_A_B,random,0,A,S,43,,E
B,4BFI_A_B,random,0,A,T,45,,S
B,4BFI_A_B,random,0,A,A,47,,S
B,4BFI_A_B,random,0,A,K,49,,H
B,4BFI_A_B,random,0,A,D,51,,E
B,4BFI_A_B,random,0,A,T,54,,S
B,4BFI_A_B,random,0,A,E,56,,S
B,4BFI_A_B,random,0,A,E,92,,H
B,4BFI_A_B,random,0,A,E,97,,T
B,4BFI_A_B,random,0,A,N,99,,H
B,4BFI_A_B,random,0,A,E,101,,L
B,4BFI_A_B,random,0,B,L,29,,I
B,4BFI_A_B,random,0,B,I,30,,W
B,4BFI_A_B,random,0,B,T,32,,S
B,4BFI_A_B,random,0,B,Q,34,,L
B,4BFI_A_B,random,0,B,S,40,,T
B,4BFI_A_B,random,0,B,P,41,,D
B,4BFI_A_B,random,0,B,E,42,,S
B,4BFI_A_B,random,0,B,N,43,,M
B,4BFI_A_B,random,0,B,T,46,,F
B,4BFI_A_B,random,0,B,T,50,,K
B,4BFI_A_B,random,0,B,H,51,,A
B,4BFI_A_B,random,0,B,V,54,,W
B,4BFI_A_B,random,0,B,Q,56,,H
B,4BFI_A_B,random,0,B,L,91,,I
B,4BFI_A_B,random,0,B,N,93,,S
B,4BFI_A_B,random,0,B,T,94,,I
B,4BFI_A_B,random,0,B,F,95,,V
B,4BFI_A_B,random,0,B,Q,98,,G
B,4BFI_A_B,random,0,B,K,99,,Q
B,4BFI_A_B,random,1,A,P,1,,G
B,4BFI_A_B,random,1,A,T,3,,S
B,4BFI_A_B,random,1,A,Q,4,,E
B,4BFI_A_B,random,1,A,V,30,,I
B,4BFI_A_B,random,1,A,L,31,,Q
B,4BFI_A_B,random,1,A,T,33,,Q
B,4BFI_A_B,random,1,A,I,35,,N
B,4BFI_A_B,random,1,A,S,43,,K
B,4BFI_A_B,random,1,A,T,45,,V
B,4BFI_A_B,random,1,A,A,47,,S
B,4BFI_A_B,random,1,A,K,49,,R
B,4BFI_A_B,random,1,A,D,51,,E
B,4BFI_A_B,random,1,A,T,54,,N
B,4BFI_A_B,random,1,A,E,56,,W
B,4BFI_A_B,random,1,A,E,92,,N
B,4BFI_A_B,random,1,A,V,94,,I
B,4BFI_A_B,random,1,A,P,96,,A
B,4BFI_A_B,random,1,A,E,97,,S
B,4BFI_A_B,random,1,A,N,99,,E
B,4BFI_A_B,random,1,A,E,101,,Q
B,4BFI_A_B,random,1,B,L,29,,I
B,4BFI_A_B,random,1,B,I,30,,E
B,4BFI_A_B,random,1,B,T,32,,I
B,4BFI_A_B,random,1,B,Q,34,,L
B,4BFI_A_B,random,1,B,S,40,,Q
B,4BFI_A_B,random,1,B,P,41,,D
B,4BFI_A_B,random,1,B,N,43,,M
B,4BFI_A_B,random,1,B,T,46,,A
B,4BFI_A_B,random,1,B,T,50,,K
B,4BFI_A_B,random,1,B,H,51,,G
B,4BFI_A_B,random,1,B,Q,56,,S
B,4BFI_A_B,random,1,B,L,91,,I
B,4BFI_A_B,random,1,B,N,93,,V
B,4BFI_A_B,random,1,B,T,94,,I
B,4BFI_A_B,random,1,B,F,95,,V
B,4BFI_A_B,random,1,B,Q,98,,G
B,4BFI_A_B,random,1,B,K,99,,R
B,4BFI_A_B,random,2,A,P,1,,Q
B,4BFI_A_B,random,2,A,T,3,,S
B,4BFI_A_B,random,2,A,Q,4,,K
B,4BFI_A_B,random,2,A,V,30,,D
B,4BFI_A_B,random,2,A,L,31,,Q
B,4BFI_A_B,random,2,A,T,33,,M
B,4BFI_A_B,random,2,A,I,35,,L
B,4BFI_A_B,random,2,A,S,43,,P
B,4BFI_A_B,random,2,A,A,47,,G
B,4BFI_A_B,random,2,A,K,49,,R
B,4BFI_A_B,random,2,A,D,51,,E
B,4BFI_A_B,random,2,A,T,54,,A
B,4BFI_A_B,random,2,A,E,56,,H
B,4BFI_A_B,random,2,A,E,92,,I
B,4BFI_A_B,random,2,A,V,94,,I
B,4BFI_A_B,random,2,A,E,97,,T
B,4BFI_A_B,random,2,A,N,99,,Y
B,4BFI_A_B,random,2,B,L,29,,D
B,4BFI_A_B,random,2,B,I,30,,E
B,4BFI_A_B,random,2,B,T,32,,I
B,4BFI_A_B,random,2,B,Q,34,,N
B,4BFI_A_B,random,2,B,S,40,,Q
B,4BFI_A_B,random,2,B,P,41,,D
B,4BFI_A_B,random,2,B,N,43,,M
B,4BFI_A_B,random,2,B,T,46,,K
B,4BFI_A_B,random,2,B,H,51,,S
B,4BFI_A_B,random,2,B,Q,56,,T
B,4BFI_A_B,random,2,B,L,91,,I
B,4BFI_A_B,random,2,B,N,93,,V
B,4BFI_A_B,random,2,B,T,94,,I
B,4BFI_A_B,random,2,B,F,95,,V
B,4BFI_A_B,random,2,B,Q,98,,G
B,4BFI_A_B,random,2,B,K,99,,L
B,4EKD_A_B,L,0,A,K,41,,P
B,4EKD_A_B,L,0,A,L,42,,I
B,4EKD_A_B,L,0,A,Q,45,,A
B,4EKD_A_B,L,0,A,T,49,,Q
B,4EKD_A_B,L,0,A,R,56,,L
B,4EKD_A_B,L,0,A,E,83,,L
B,4EKD_A_B,L,0,A,V,148,,I
B,4EKD_A_B,L,0,A,P,149,,T
B,4EKD_A_B,L,0,A,I,154,,V
B,4EKD_A_B,L,0,A,Y,156,,H
B,4EKD_A_B,L,0,A,Q,173,,D
B,4EKD_A_B,L,0,A,S,175,,A
B,4EKD_A_B,L,0,A,E,176,,G
B,4EKD_A_B,L,0,A,K,179,,R
B,4EKD_A_B,L,0,A,V,204,,R
B,4EKD_A_B,L,0,A,E,205,,G
B,4EKD_A_B,L,0,A,S,206,,R
B,4EKD_A_B,L,0,A,D,207,,K
B,4EKD_A_B,L,0,B,E,36,,I
B,4EKD_A_B,L,0,B,F,37,,Y
B,4EKD_A_B,L,0,B,E,40,,I
B,4EKD_A_B,L,0,B,N,41,,L
B,4EKD_A_B,L,0,B,E,79,,Q
B,4EKD_A_B,L,0,B,N,81,,S
B,4EKD_A_B,L,0,B,I,82,,V
B,4EKD_A_B,L,0,B,D,83,,T
B,4EKD_A_B,L,0,B,F,84,,Y
B,4EKD_A_B,L,0,B,Q,85,,G
B,4EKD_A_B,L,0,B,K,107,,N
B,4EKD_A_B,L,0,B,R,108,,H
B,4EKD_A_B,L,0,B,Y,110,,T
B,4EKD_A_B,L,0,B,S,111,,G
B,4EKD_A_B,L,0,B,E,114,,T
B,4EKD_A_B,L,0,B,N,115,,Y
B,4EKD_A_B,L,0,B,N,116,,D
B,4EKD_A_B,L,0,B,E,123,,N
B,4EKD_A_B,L,1,A,K,41,,R
B,4EKD_A_B,L,1,A,L,42,,S
B,4EKD_A_B,L,1,A,Q,45,,A
B,4EKD_A_B,L,1,A,T,49,,I
B,4EKD_A_B,L,1,A,R,56,,N
B,4EKD_A_B,L,1,A,D,81,,R
B,4EKD_A_B,L,1,A,E,83,,L
B,4EKD_A_B,L,1,A,V,148,,I
B,4EKD_A_B,L,1,A,I,153,,R
B,4EKD_A_B,L,1,A,Y,156,,H
B,4EKD_A_B,L,1,A,Q,173,,G
B,4EKD_A_B,L,1,A,E,176,,G
B,4EKD_A_B,L,1,A,K,179,,R
B,4EKD_A_B,L,1,A,E,205,,F
B,4EKD_A_B,L,1,A,S,206,,Y
B,4EKD_A_B,L,1,A,D,207,,R
B,4EKD_A_B,L,1,B,E,36,,I
B,4EKD_A_B,L,1,B,F,37,,H
B,4EKD_A_B,L,1,B,C,38,,N
B,4EKD_A_B,L,1,B,E,40,,R
B,4EKD_A_B,L,1,B,N,41,,L
B,4EKD_A_B,L,1,B,P,77,,E
B,4EKD_A_B,L,1,B,E,79,,A
B,4EKD_A_B,L,1,B,N,81,,P
B,4EKD_A_B,L,1,B,I,82,,V
B,4EKD_A_B,L,1,B,D,83,,R
B,4EKD_A_B,L,1,B,F,84,,Y
B,4EKD_A_B,L,1,B,Q,85,,R
B,4EKD_A_B,L,1,B,K,107,,R
B,4EKD_A_B,L,1,B,R,108,,I
B,4EKD_A_B,L,1,B,Y,110,,R
B,4EKD_A_B,L,1,B,S,111,,G
B,4EKD_A_B,L,1,B,E,114,,I
B,4EKD_A_B,L,1,B,N,115,,F
B,4EKD_A_B,L,1,B,N,116,,E
B,4EKD_A_B,L,1,B,E,123,,S
B,4EKD_A_B,L,2,A,K,41,,R
B,4EKD_A_B,L,2,A,L,42,,I
B,4EKD_A_B,L,2,A,Q,45,,I
B,4EKD_A_B,L,2,A,T,49,,E
B,4EKD_A_B,L,2,A,R,56,,L
B,4EKD_A_B,L,2,A,D,81,,C
B,4EKD_A_B,L,2,A,E,83,,N
B,4EKD_A_B,L,2,A,V,148,,I
B,4EKD_A_B,L,2,A,T,151,,C
B,4EKD_A_B,L,2,A,I,153,,V
B,4EKD_A_B,L,2,A,I,154,,R
B,4EKD_A_B,L,2,A,Y,156,,R
B,4EKD_A_B,L,2,A,Q,173,,S
B,4EKD_A_B,L,2,A,S,175,,A
B,4EKD_A_B,L,2,A,E,176,,G
B,4EKD_A_B,L,2,A,V,204,,A
B,4EKD_A_B,L,2,A,E,205,,N
B,4EKD_A_B,L,2,A,S,206,,D
B,4EKD_A_B,L,2,A,D,207,,M
B,4EKD_A_B,L,2,B,E,36,,I
B,4EKD_A_B,L,2,B,F,37,,Y
B,4EKD_A_B,L,2,B,C,38,,A
B,4EKD_A_B,L,2,B,N,41,,L
B,4EKD_A_B,L,2,B,N,81,,P
B,4EKD_A_B,L,2,B,D,83,,T
B,4EKD_A_B,L,2,B,F,84,,Y
B,4EKD_A_B,L,2,B,Q,85,,G
B,4EKD_A_B,L,2,B,K,107,,T
B,4EKD_A_B,L,2,B,R,108,,Y
B,4EKD_A_B,L,2,B,Y,110,,E
B,4EKD_A_B,L,2,B,S,111,,R
B,4EKD_A_B,L,2,B,E,114,,S
B,4EKD_A_B,L,2,B,N,115,,S
B,4EKD_A_B,L,2,B,N,116,,D
B,4EKD_A_B,naive,0,A,K,41,,R
B,4EKD_A_B,naive,0,A,L,42,,I
B,4EKD_A_B,naive,0,A,Q,45,,A
B,4EKD_A_B,naive,0,A,T,49,,R
B,4EKD_A_B,naive,0,A,R,56,,N
B,4EKD_A_B,naive,0,A,E,83,,N
B,4EKD_A_B,naive,0,A,V,148,,I
B,4EKD_A_B,naive,0,A,T,150,,S
B,4EKD_A_B,naive,0,A,I,153,,C
B,4EKD_A_B,naive,0,A,I,154,,V
B,4EKD_A_B,naive,0,A,Y,156,,H
B,4EKD_A_B,naive,0,A,Q,173,,S
B,4EKD_A_B,naive,0,A,S,175,,A
B,4EKD_A_B,naive,0,A,E,176,,D
B,4EKD_A_B,naive,0,A,K,179,,L
B,4EKD_A_B,naive,0,A,H,182,,N
B,4EKD_A_B,naive,0,A,V,204,,D
B,4EKD_A_B,naive,0,A,E,205,,D
B,4EKD_A_B,naive,0,A,S,206,,D
B,4EKD_A_B,naive,0,A,D,207,,K
B,4EKD_A_B,naive,0,B,E,36,,I
B,4EKD_A_B,naive,0,B,F,37,,H
B,4EKD_A_B,naive,0,B,C,38,,A
B,4EKD_A_B,naive,0,B,E,40,,R
B,4EKD_A_B,naive,0,B,N,41,,L
B,4EKD_A_B,naive,0,B,N,81,,P
B,4EKD_A_B,naive,0,B,D,83,,T
B,4EKD_A_B,naive,0,B,F,84,,Y
B,4EKD_A_B,naive,0,B,Q,85,,E
B,4EKD_A_B,naive,0,B,K,107,,E
B,4EKD_A_B,naive,0,B,R,108,,T
B,4EKD_A_B,naive,0,B,Y,110,,L
B,4EKD_A_B,naive,0,B,S,111,,G
B,4EKD_A_B,naive,0,B,N,116,,D
B,4EKD_A_B,naive,0,B,E,123,,G
B,4EKD_A_B,naive,1,A,K,41,,S
B,4EKD_A_B,naive,1,A,L,42,,I
B,4EKD_A_B,naive,1,A,Q,45,,R
B,4EKD_A_B,naive,1,A,T,49,,R
B,4EKD_A_B,naive,1,A,R,56,,Q
B,4EKD_A_B,naive,1,A,D,81,,S
B,4EKD_A_B,naive,1,A,E,83,,N
B,4EKD_A_B,naive,1,A,V,148,,I
B,4EKD_A_B,naive,1,A,T,151,,V
B,4EKD_A_B,naive,1,A,I,154,,V
B,4EKD_A_B,naive,1,A,Y,156,,T
B,4EKD_A_B,naive,1,A,Q,173,,S
B,4EKD_A_B,naive,1,A,S,175,,A
B,4EKD_A_B,naive,1,A,E,176,,G
B,4EKD_A_B,naive,1,A,R,178,,K
B,4EKD_A_B,naive,1,A,H,182,,N
B,4EKD_A_B,naive,1,A,V,204,,K
B,4EKD_A_B,naive,1,A,E,205,,D
B,4EKD_A_B,naive,1,A,S,206,,A
B,4EKD_A_B,naive,1,A,D,207,,P
B,4EKD_A_B,naive,1,B,E,36,,I
B,4EKD_A_B,naive,1,B,F,37,,Y
B,4EKD_A_B,naive,1,B,C,38,,S
B,4EKD_A_B,naive,1,B,E,40,,R
B,4EKD_A_B,naive,1,B,N,41,,L
B,4EKD_A_B,naive,1,B,P,77,,K
B,4EKD_A_B,naive,1,B,E,79,,K
B,4EKD_A_B,naive,1,B,N,81,,P
B,4EKD_A_B,naive,1,B,I,82,,V
B,4EKD_A_B,naive,1,B,D,83,,S
B,4EKD_A_B,naive,1,B,F,84,,Y
B,4EKD_A_B,naive,1,B,Q,85,,E
B,4EKD_A_B,naive,1,B,K,107,,Q
B,4EKD_A_B,naive,1,B,R,108,,K
B,4EKD_A_B,naive,1,B,Y,110,,R
B,4EKD_A_B,naive,1,B,S,111,,A
B,4EKD_A_B,naive,1,B,N,115,,D
B,4EKD_A_B,naive,1,B,N,116,,D
B,4EKD_A_B,naive,1,B,E,123,,R
B,4EKD_A_B,naive,2,A,K,41,,P
B,4EKD_A_B,naive,2,A,L,42,,I
B,4EKD_A_B,naive,2,A,Q,45,,R
B,4EKD_A_B,naive,2,A,T,49,,Q
B,4EKD_A_B,naive,2,A,R,56,,Q
B,4EKD_A_B,naive,2,A,E,83,,N
B,4EKD_A_B,naive,2,A,V,148,,N
B,4EKD_A_B,naive,2,A,P,149,,T
B,4EKD_A_B,naive,2,A,T,150,,A
B,4EKD_A_B,naive,2,A,T,151,,V
B,4EKD_A_B,naive,2,A,I,153,,C
B,4EKD_A_B,naive,2,A,I,154,,K
B,4EKD_A_B,naive,2,A,Y,156,,H
B,4EKD_A_B,naive,2,A,Q,173,,S
B,4EKD_A_B,naive,2,A,S,175,,A
B,4EKD_A_B,naive,2,A,E,176,,G
B,4EKD_A_B,naive,2,A,R,178,,K
B,4EKD_A_B,naive,2,A,H,182,,N
B,4EKD_A_B,naive,2,A,V,204,,I
B,4EKD_A_B,naive,2,A,E,205,,D
B,4EKD_A_B,naive,2,A,S,206,,A
B,4EKD_A_B,naive,2,A,D,207,,E
B,4EKD_A_B,naive,2,B,E,36,,I
B,4EKD_A_B,naive,2,B,F,37,,N
B,4EKD_A_B,naive,2,B,E,40,,R
B,4EKD_A_B,naive,2,B,N,41,,L
B,4EKD_A_B,naive,2,B,N,81,,P
B,4EKD_A_B,naive,2,B,I,82,,V
B,4EKD_A_B,naive,2,B,D,83,,T
B,4EKD_A_B,naive,2,B,F,84,,Y
B,4EKD_A_B,naive,2,B,Q,85,,E
B,4EKD_A_B,naive,2,B,K,107,,T
B,4EKD_A_B,naive,2,B,R,108,,K
B,4EKD_A_B,naive,2,B,Y,110,,L
B,4EKD_A_B,naive,2,B,N,115,,D
B,4EKD_A_B,naive,2,B,N,116,,D
B,4EKD_A_B,naive,2,B,E,123,,K
B,4EKD_A_B,random,0,A,K,41,,P
B,4EKD_A_B,random,0,A,L,42,,V
B,4EKD_A_B,random,0,A,Q,45,,R
B,4EKD_A_B,random,0,A,T,49,,M
B,4EKD_A_B,random,0,A,R,56,,L
B,4EKD_A_B,random,0,A,E,83,,G
B,4EKD_A_B,random,0,A,V,148,,I
B,4EKD_A_B,random,0,A,T,151,,H
B,4EKD_A_B,random,0,A,I,154,,K
B,4EKD_A_B,random,0,A,Y,156,,H
B,4EKD_A_B,random,0,A,Q,173,,S
B,4EKD_A_B,random,0,A,S,175,,T
B,4EKD_A_B,random,0,A,E,176,,D
B,4EKD_A_B,random,0,A,R,178,,K
B,4EKD_A_B,random,0,A,H,182,,F
B,4EKD_A_B,random,0,A,V,204,,Y
B,4EKD_A_B,random,0,A,E,205,,G
B,4EKD_A_B,random,0,A,S,206,,R
B,4EKD_A_B,random,0,A,D,207,,K
B,4EKD_A_B,random,0,B,E,36,,I
B,4EKD_A_B,random,0,B,F,37,,Q
B,4EKD_A_B,random,0,B,C,38,,A
B,4EKD_A_B,random,0,B,E,40,,I
B,4EKD_A_B,random,0,B,N,41,,Y
B,4EKD_A_B,random,0,B,P,77,,R
B,4EKD_A_B,random,0,B,E,79,,Q
B,4EKD_A_B,random,0,B,N,81,,H
B,4EKD_A_B,random,0,B,I,82,,V
B,4EKD_A_B,random,0,B,D,83,,T
B,4EKD_A_B,random,0,B,F,84,,S
B,4EKD_A_B,random,0,B,Q,85,,G
B,4EKD_A_B,random,0,B,K,107,,N
B,4EKD_A_B,random,0,B,R,108,,H
B,4EKD_A_B,random,0,B,Y,110,,V
B,4EKD_A_B,random,0,B,S,111,,L
B,4EKD_A_B,random,0,B,L,112,,H
B,4EKD_A_B,random,0,B,N,115,,E
B,4EKD_A_B,random,0,B,N,116,,G
B,4EKD_A_B,random,0,B,R,120,,Y
B,4EKD_A_B,random,0,B,E,123,,N
B,4EKD_A_B,random,1,A,L,42,,S
B,4EKD_A_B,random,1,A,Q,45,,A
B,4EKD_A_B,random,1,A,T,49,,I
B,4EKD_A_B,random,1,A,R,56,,N
B,4EKD_A_B,random,1,A,D,81,,R
B,4EKD_A_B,random,1,A,E,83,,F
B,4EKD_A_B,random,1,A,V,148,,I
B,4EKD_A_B,random,1,A,P,149,,V
B,4EKD_A_B,random,1,A,T,151,,H
B,4EKD_A_B,random,1,A,I,153,,R
B,4EKD_A_B,random,1,A,I,154,,E
B,4EKD_A_B,random,1,A,Y,156,,H
B,4EKD_A_B,random,1,A,Q,173,,G
B,4EKD_A_B,random,1,A,E,176,,N
B,4EKD_A_B,random,1,A,R,178,,K
B,4EKD_A_B,random,1,A,H,182,,D
B,4EKD_A_B,random,1,A,E,205,,Y
B,4EKD_A_B,random,1,B,E,36,,I
B,4EKD_A_B,random,1,B,F,37,,H
B,4EKD_A_B,random,1,B,C,38,,T
B,4EKD_A_B,random,1,B,E,40,,Y
B,4EKD_A_B,random,1,B,N,41,,I
B,4EKD_A_B,random,1,B,P,77,,E
B,4EKD_A_B,random,1,B,E,79,,A
B,4EKD_A_B,random,1,B,N,81,,P
B,4EKD_A_B,random,1,B,I,82,,V
B,4EKD_A_B,random,1,B,D,83,,S
B,4EKD_A_B,random,1,B,F,84,,S
B,4EKD_A_B,random,1,B,Q,85,,R
B,4EKD_A_B,random,1,B,K,107,,L
B,4EKD_A_B,random,1,B,R,108,,I
B,4EKD_A_B,random,1,B,Y,110,,R
B,4EKD_A_B,random,1,B,S,111,,M
B,4EKD_A_B,random,1,B,L,112,,H
B,4EKD_A_B,random,1,B,E,114,,A
B,4EKD_A_B,random,1,B,N,115,,E
B,4EKD_A_B,random,1,B,N,116,,K
B,4EKD_A_B,random,1,B,R,120,,A
B,4EKD_A_B,random,1,B,E,123,,S
B,4EKD_A_B,random,2,A,K,41,,R
B,4EKD_A_B,random,2,A,L,42,,W
B,4EKD_A_B,random,2,A,Q,45,,I
B,4EKD_A_B,random,2,A,T,49,,E
B,4EKD_A_B,random,2,A,R,56,,L
B,4EKD_A_B,random,2,A,E,83,,F
B,4EKD_A_B,random,2,A,V,148,,I
B,4EKD_A_B,random,2,A,T,151,,N
B,4EKD_A_B,random,2,A,I,153,,W
B,4EKD_A_B,random,2,A,I,154,,R
B,4EKD_A_B,random,2,A,Y,156,,R
B,4EKD_A_B,random,2,A,Q,173,,S
B,4EKD_A_B,random,2,A,S,175,,A
B,4EKD_A_B,random,2,A,E,176,,G
B,4EKD_A_B,random,2,A,R,178,,C
B,4EKD_A_B,random,2,A,H,182,,F
B,4EKD_A_B,random,2,A,V,204,,A
B,4EKD_A_B,random,2,A,E,205,,N
B,4EKD_A_B,random,2,A,S,206,,D
B,4EKD_A_B,random,2,A,D,207,,M
B,4EKD_A_B,random,2,B,E,36,,I
B,4EKD_A_B,random,2,B,F,37,,H
B,4EKD_A_B,random,2,B,C,38,,A
B,4EKD_A_B,random,2,B,E,40,,Y
B,4EKD_A_B,random,2,B,N,41,,I
B,4EKD_A_B,random,2,B,I,82,,V
B,4EKD_A_B,random,2,B,D,83,,S
B,4EKD_A_B,random,2,B,F,84,,S
B,4EKD_A_B,random,2,B,Q,85,,A
B,4EKD_A_B,random,2,B,K,107,,T
B,4EKD_A_B,random,2,B,R,108,,I
B,4EKD_A_B,random,2,B,Y,110,,E
B,4EKD_A_B,random,2,B,S,111,,R
B,4EKD_A_B,random,2,B,L,112,,Q
B,4EKD_A_B,random,2,B,E,114,,S
B,4EKD_A_B,random,2,B,N,115,,S
B,4EKD_A_B,random,2,B,N,116,,D
B,4EKD_A_B,random,2,B,R,120,,Q
B,4G0N_A_B,L,0,A,I,24,,Y
B,4G0N_A_B,L,0,A,Q,25,,S
B,4G0N_A_B,L,0,A,E,31,,P
B,4G0N_A_B,L,0,A,D,33,,N
B,4G0N_A_B,L,0,A,E,37,,Y
B,4G0N_A_B,L,0,A,D,38,,R
B,4G0N_A_B,L,0,A,Y,40,,F
B,4G0N_A_B,L,0,A,R,41,,N
B,4G0N_A_B,L,0,A,L,56,,D
B,4G0N_A_B,L,0,B,T,4,,Q
B,4G0N_A_B,L,0,B,N,11,,D
B,4G0N_A_B,L,0,B,K,12,,D
B,4G0N_A_B,L,0,B,Q,13,,M
B,4G0N_A_B,L,0,B,R,14,,F
B,4G0N_A_B,L,0,B,T,15,,V
B,4G0N_A_B,L,0,B,N,18,,K
B,4G0N_A_B,L,0,B,K,31,,Y
B,4G0N_A_B,L,0,B,V,35,,Y
B,4G0N_A_B,L,0,B,R,36,,Q
B,4G0N_A_B,L,1,A,I,24,,V
B,4G0N_A_B,L,1,A,Q,25,,D
B,4G0N_A_B,L,1,A,V,29,,L
B,4G0N_A_B,L,1,A,E,31,,D
B,4G0N_A_B,L,1,A,D,33,,R
B,4G0N_A_B,L,1,A,E,37,,F
B,4G0N_A_B,L,1,A,D,38,,K
B,4G0N_A_B,L,1,A,R,41,,V
B,4G0N_A_B,L,1,A,L,56,,T
B,4G0N_A_B,L,1,B,T,4,,Y
B,4G0N_A_B,L,1,B,N,11,,D
B,4G0N_A_B,L,1,B,K,12,,E
B,4G0N_A_B,L,1,B,Q,13,,M
B,4G0N_A_B,L,1,B,R,14,,F
B,4G0N_A_B,L,1,B,T,15,,V
B,4G0N_A_B,L,1,B,N,18,,Y
B,4G0N_A_B,L,1,B,K,31,,N
B,4G0N_A_B,L,1,B,V,35,,H
B,4G0N_A_B,L,1,B,R,36,,N
B,4G0N_A_B,L,1,B,G,37,,K
B,4G0N_A_B,L,2,A,I,21,,V
B,4G0N_A_B,L,2,A,I,24,,V
B,4G0N_A_B,L,2,A,Q,25,,A
B,4G0N_A_B,L,2,A,V,29,,L
B,4G0N_A_B,L,2,A,E,37,,Y
B,4G0N_A_B,L,2,A,D,38,,R
B,4G0N_A_B,L,2,A,Y,40,,F
B,4G0N_A_B,L,2,A,R,41,,V
B,4G0N_A_B,L,2,A,L,56,,F
B,4G0N_A_B,L,2,B,T,4,,H
B,4G0N_A_B,L,2,B,N,11,,D
B,4G0N_A_B,L,2,B,K,12,,E
B,4G0N_A_B,L,2,B,Q,13,,C
B,4G0N_A_B,L,2,B,R,14,,F
B,4G0N_A_B,L,2,B,V,16,,I
B,4G0N_A_B,L,2,B,N,18,,R
B,4G0N_A_B,L,2,B,K,31,,R
B,4G0N_A_B,L,2,B,V,35,,I
B,4G0N_A_B,L,2,B,R,36,,N
B,4G0N_A_B,L,2,B,G,37,,N
B,4G0N_A_B,naive,0,A,I,21,,V
B,4G0N_A_B,naive,0,A,I,24,,V
B,4G0N_A_B,naive,0,A,Q,25,,S
B,4G0N_A_B,naive,0,A,V,29,,L
B,4G0N_A_B,naive,0,A,E,31,,S
B,4G0N_A_B,naive,0,A,D,33,,E
B,4G0N_A_B,naive,0,A,I,36,,R
B,4G0N_A_B,naive,0,A,E,37,,Y
B,4G0N_A_B,naive,0,A,D,38,,E
B,4G0N_A_B,naive,0,A,S,39,,T
B,4G0N_A_B,naive,0,A,Y,40,,F
B,4G0N_A_B,naive,0,A,R,41,,V
B,4G0N_A_B,naive,0,A,L,56,,F
B,4G0N_A_B,naive,0,B,K,12,,D
B,4G0N_A_B,naive,0,B,Q,13,,E
B,4G0N_A_B,naive,0,B,R,14,,E
B,4G0N_A_B,naive,0,B,T,15,,A
B,4G0N_A_B,naive,0,B,N,18,,E
B,4G0N_A_B,naive,0,B,K,31,,E
B,4G0N_A_B,naive,0,B,V,35,,I
B,4G0N_A_B,naive,1,A,I,24,,V
B,4G0N_A_B,naive,1,A,Q,25,,S
B,4G0N_A_B,naive,1,A,V,29,,L
B,4G0N_A_B,naive,1,A,D,33,,R
B,4G0N_A_B,naive,1,A,E,37,,Y
B,4G0N_A_B,naive,1,A,D,38,,R
B,4G0N_A_B,naive,1,A,S,39,,T
B,4G0N_A_B,naive,1,A,Y,40,,F
B,4G0N_A_B,naive,1,A,L,56,,A
B,4G0N_A_B,naive,1,B,N,11,,D
B,4G0N_A_B,naive,1,B,K,12,,L
B,4G0N_A_B,naive,1,B,R,14,,Y
B,4G0N_A_B,naive,1,B,T,15,,A
B,4G0N_A_B,naive,1,B,N,18,,R
B,4G0N_A_B,naive,1,B,K,31,,E
B,4G0N_A_B,naive,1,B,R,36,,Q
B,4G0N_A_B,naive,2,A,I,21,,V
B,4G0N_A_B,naive,2,A,I,24,,V
B,4G0N_A_B,naive,2,A,Q,25,,S
B,4G0N_A_B,naive,2,A,V,29,,L
B,4G0N_A_B,naive,2,A,E,31,,S
B,4G0N_A_B,naive,2,A,D,33,,R
B,4G0N_A_B,naive,2,A,E,37,,N
B,4G0N_A_B,naive,2,A,D,38,,E
B,4G0N_A_B,naive,2,A,S,39,,T
B,4G0N_A_B,naive,2,A,Y,40,,M
B,4G0N_A_B,naive,2,A,L,56,,T
B,4G0N_A_B,naive,2,B,N,11,,D
B,4G0N_A_B,naive,2,B,K,12,,N
B,4G0N_A_B,naive,2,B,Q,13,,M
B,4G0N_A_B,naive,2,B,R,14,,S
B,4G0N_A_B,naive,2,B,T,15,,A
B,4G0N_A_B,naive,2,B,N,18,,K
B,4G0N_A_B,naive,2,B,K,31,,E
B,4G0N_A_B,naive,2,B,V,35,,I
B,4G0N_A_B,naive,2,B,G,37,,E
B,4G0N_A_B,random,0,A,I,21,,T
B,4G0N_A_B,random,0,A,I,24,,L
B,4G0N_A_B,random,0,A,Q,25,,W
B,4G0N_A_B,random,0,A,V,29,,K
B,4G0N_A_B,random,0,A,E,31,,P
B,4G0N_A_B,random,0,A,D,33,,N
B,4G0N_A_B,random,0,A,I,36,,R
B,4G0N_A_B,random,0,A,E,37,,I
B,4G0N_A_B,random,0,A,D,38,,R
B,4G0N_A_B,random,0,A,S,39,,G
B,4G0N_A_B,random,0,A,Y,40,,F
B,4G0N_A_B,random,0,A,R,41,,L
B,4G0N_A_B,random,0,B,T,4,,Q
B,4G0N_A_B,random,0,B,N,11,,E
B,4G0N_A_B,random,0,B,K,12,,D
B,4G0N_A_B,random,0,B,Q,13,,R
B,4G0N_A_B,random,0,B,R,14,,F
B,4G0N_A_B,random,0,B,T,15,,V
B,4G0N_A_B,random,0,B,N,18,,K
B,4G0N_A_B,random,0,B,K,31,,Q
B,4G0N_A_B,random,0,B,V,35,,N
B,4G0N_A_B,random,0,B,R,36,,N
B,4G0N_A_B,random,1,A,I,21,,F
B,4G0N_A_B,random,1,A,I,24,,K
B,4G0N_A_B,random,1,A,Q,25,,D
B,4G0N_A_B,random,1,A,V,29,,L
B,4G0N_A_B,random,1,A,E,31,,R
B,4G0N_A_B,random,1,A,D,33,,R
B,4G0N_A_B,random,1,A,I,36,,M
B,4G0N_A_B,random,1,A,E,37,,F
B,4G0N_A_B,random,1,A,D,38,,K
B,4G0N_A_B,random,1,A,S,39,,C
B,4G0N_A_B,random,1,A,Y,40,,M
B,4G0N_A_B,random,1,A,R,41,,T
B,4G0N_A_B,random,1,A,L,56,,T
B,4G0N_A_B,random,1,B,T,4,,K
B,4G0N_A_B,random,1,B,N,11,,A
B,4G0N_A_B,random,1,B,Q,13,,R
B,4G0N_A_B,random,1,B,R,14,,N
B,4G0N_A_B,random,1,B,T,15,,V
B,4G0N_A_B,random,1,B,V,16,,T
B,4G0N_A_B,random,1,B,N,18,,Y
B,4G0N_A_B,random,1,B,K,31,,N
B,4G0N_A_B,random,1,B,V,35,,H
B,4G0N_A_B,random,1,B,R,36,,N
B,4G0N_A_B,random,2,A,I,21,,F
B,4G0N_A_B,random,2,A,I,24,,V
B,4G0N_A_B,random,2,A,Q,25,,D
B,4G0N_A_B,random,2,A,V,29,,R
B,4G0N_A_B,random,2,A,E,31,,D
B,4G0N_A_B,random,2,A,D,33,,T
B,4G0N_A_B,random,2,A,I,36,,E
B,4G0N_A_B,random,2,A,E,37,,W
B,4G0N_A_B,random,2,A,D,38,,R
B,4G0N_A_B,random,2,A,S,39,,C
B,4G0N_A_B,random,2,A,Y,40,,K
B,4G0N_A_B,random,2,A,R,41,,S
B,4G0N_A_B,random,2,A,L,56,,F
B,4G0N_A_B,random,2,B,T,4,,H
B,4G0N_A_B,random,2,B,N,11,,D
B,4G0N_A_B,random,2,B,K,12,,F
B,4G0N_A_B,random,2,B,Q,13,,R
B,4G0N_A_B,random,2,B,R,14,,F
B,4G0N_A_B,random,2,B,V,16,,T
B,4G0N_A_B,random,2,B,N,18,,R
B,4G0N_A_B,random,2,B,K,31,,E
B,4G0N_A_B,random,2,B,V,35,,R
B,4G0N_A_B,random,2,B,R,36,,N
B,4G0N_A_B,random,2,B,G,37,,N
B,4KRL_A_B,L,0,A,L,19,,F
B,4KRL_A_B,L,0,A,H,40,,I
B,4KRL_A_B,L,0,A,L,42,,F
B,4KRL_A_B,L,0,A,V,44,,T
B,4KRL_A_B,L,0,A,D,49,,Y
B,4KRL_A_B,L,0,A,F,51,,G
B,4KRL_A_B,L,0,A,Q,78,,A
B,4KRL_A_B,L,0,A,H,103,,R
B,4KRL_A_B,L,0,A,S,112,,N
B,4KRL_A_B,L,0,A,G,135,,H
B,4KRL_A_B,L,0,A,S,162,,D
B,4KRL_A_B,L,0,B,Q,1,,M
B,4KRL_A_B,L,0,B,R,30,,T
B,4KRL_A_B,L,0,B,S,31,,C
B,4KRL_A_B,L,0,B,Q,39,,K
B,4KRL_A_B,L,0,B,A,100,,L
B,4KRL_A_B,L,0,B,L,108,,Y
B,4KRL_A_B,L,0,B,Y,109,,K
B,4KRL_A_B,L,0,B,E,110,,Y
B,4KRL_A_B,L,0,B,Y,111,,T
B,4KRL_A_B,L,0,B,Y,113,,F
B,4KRL_A_B,L,0,B,W,114,,H
B,4KRL_A_B,L,0,B,Q,116,,E
B,4KRL_A_B,L,1,A,L,19,,F
B,4KRL_A_B,L,1,A,H,40,,Y
B,4KRL_A_B,L,1,A,V,44,,S
B,4KRL_A_B,L,1,A,D,49,,C
B,4KRL_A_B,L,1,A,F,51,,D
B,4KRL_A_B,L,1,A,Q,78,,N
B,4KRL_A_B,L,1,A,H,103,,Q
B,4KRL_A_B,L,1,A,S,112,,R
B,4KRL_A_B,L,1,A,N,114,,G
B,4KRL_A_B,L,1,A,G,135,,W
B,4KRL_A_B,L,1,A,S,162,,D
B,4KRL_A_B,L,1,B,Q,1,,M
B,4KRL_A_B,L,1,B,S,31,,K
B,4KRL_A_B,L,1,B,Q,39,,V
B,4KRL_A_B,L,1,B,A,100,,I
B,4KRL_A_B,L,1,B,Y,105,,H
B,4KRL_A_B,L,1,B,L,108,,E
B,4KRL_A_B,L,1,B,Y,109,,R
B,4KRL_A_B,L,1,B,E,110,,Y
B,4KRL_A_B,L,1,B,Y,111,,M
B,4KRL_A_B,L,1,B,Y,113,,F
B,4KRL_A_B,L,1,B,W,114,,Y
B,4KRL_A_B,L,1,B,Q,116,,K
B,4KRL_A_B,L,2,A,L,19,,D
B,4KRL_A_B,L,2,A,H,40,,Y
B,4KRL_A_B,L,2,A,V,44,,S
B,4KRL_A_B,L,2,A,D,49,,Y
B,4KRL_A_B,L,2,A,F,51,,Y
B,4KRL_A_B,L,2,A,Q,78,,H
B,4KRL_A_B,L,2,A,H,103,,K
B,4KRL_A_B,L,2,A,S,112,,R
B,4KRL_A_B,L,2,A,N,114,,T
B,4KRL_A_B,L,2,A,G,135,,Y
B,4KRL_A_B,L,2,A,S,162,,Y
B,4KRL_A_B,L,2,B,Q,1,,M
B,4KRL_A_B,L,2,B,S,31,,R
B,4KRL_A_B,L,2,B,A,100,,T
B,4KRL_A_B,L,2,B,L,108,,G
B,4KRL_A_B,L,2,B,Y,109,,I
B,4KRL_A_B,L,2,B,E,110,,Y
B,4KRL_A_B,L,2,B,Y,113,,F
B,4KRL_A_B,L,2,B,W,114,,D
B,4KRL_A_B,L,2,B,Q,116,,T
B,4KRL_A_B,naive,0,A,L,19,,D
B,4KRL_A_B,naive,0,A,H,40,,F
B,4KRL_A_B,naive,0,A,V,44,,S
B,4KRL_A_B,naive,0,A,F,51,,A
B,4KRL_A_B,naive,0,A,Q,78,,R
B,4KRL_A_B,naive,0,A,H,103,,K
B,4KRL_A_B,naive,0,A,S,112,,N
B,4KRL_A_B,naive,0,A,N,114,,T
B,4KRL_A_B,naive,0,A,S,162,,D
B,4KRL_A_B,naive,0,B,Q,1,,M
B,4KRL_A_B,naive,0,B,S,31,,A
B,4KRL_A_B,naive,0,B,A,100,,L
B,4KRL_A_B,naive,0,B,L,108,,R
B,4KRL_A_B,naive,0,B,Y,109,,T
B,4KRL_A_B,naive,0,B,E,110,,H
B,4KRL_A_B,naive,0,B,W,114,,E
B,4KRL_A_B,naive,0,B,Q,116,,E
B,4KRL_A_B,naive,1,A,L,19,,E
B,4KRL_A_B,naive,1,A,H,40,,V
B,4KRL_A_B,naive,1,A,V,44,,S
B,4KRL_A_B,naive,1,A,F,51,,A
B,4KRL_A_B,naive,1,A,Q,78,,N
B,4KRL_A_B,naive,1,A,H,103,,K
B,4KRL_A_B,naive,1,A,S,112,,N
B,4KRL_A_B,naive,1,A,N,114,,S
B,4KRL_A_B,naive,1,A,S,162,,Q
B,4KRL_A_B,naive,1,B,Q,1,,M
B,4KRL_A_B,naive,1,B,S,31,,P
B,4KRL_A_B,naive,1,B,A,100,,L
B,4KRL_A_B,naive,1,B,Y,105,,F
B,4KRL_A_B,naive,1,B,L,108,,P
B,4KRL_A_B,naive,1,B,Y,109,,K
B,4KRL_A_B,naive,1,B,E,110,,Y
B,4KRL_A_B,naive,1,B,Y,113,,F
B,4KRL_A_B,naive,1,B,W,114,,F
B,4KRL_A_B,naive,1,B,Q,116,,E
B,4KRL_A_B,naive,2,A,L,19,,D
B,4KRL_A_B,naive,2,A,H,40,,V
B,4KRL_A_B,naive,2,A,V,44,,S
B,4KRL_A_B,naive,2,A,F,51,,A
B,4KRL_A_B,naive,2,A,Q,78,,T
B,4KRL_A_B,naive,2,A,H,103,,N
B,4KRL_A_B,naive,2,A,S,112,,N
B,4KRL_A_B,naive,2,A,G,135,,N
B,4KRL_A_B,naive,2,A,S,162,,N
B,4KRL_A_B,naive,2,B,Q,1,,M
B,4KRL_A_B,naive,2,B,S,31,,P
B,4KRL_A_B,naive,2,B,Q,39,,R
B,4KRL_A_B,naive,2,B,A,100,,L
B,4KRL_A_B,naive,2,B,L,108,,A
B,4KRL_A_B,naive,2,B,Y,109,,T
B,4KRL_A_B,naive,2,B,E,110,,R
B,4KRL_A_B,naive,2,B,Y,113,,F
B,4KRL_A_B,naive,2,B,Q,116,,K
B,4KRL_A_B,random,0,A,L,19,,D
B,4KRL_A_B,random,0,A,H,40,,I
B,4KRL_A_B,random,0,A,L,42,,K
B,4KRL_A_B,random,0,A,V,44,,T
B,4KRL_A_B,random,0,A,D,49,,G
B,4KRL_A_B,random,0,A,F,51,,Y
B,4KRL_A_B,random,0,A,Q,78,,D
B,4KRL_A_B,random,0,A,H,103,,R
B,4KRL_A_B,random,0,A,S,112,,N
B,4KRL_A_B,random,0,A,S,162,,D
B,4KRL_A_B,random,0,B,Q,1,,M
B,4KRL_A_B,random,0,B,S,31,,Q
B,4KRL_A_B,random,0,B,Q,39,,K
B,4KRL_A_B,random,0,B,A,100,,N
B,4KRL_A_B,random,0,B,L,108,,Y
B,4KRL_A_B,random,0,B,Y,109,,K
B,4KRL_A_B,random,0,B,E,110,,Y
B,4KRL_A_B,random,0,B,Y,111,,I
B,4KRL_A_B,random,0,B,W,114,,H
B,4KRL_A_B,random,0,B,Q,116,,S
B,4KRL_A_B,random,1,A,L,19,,E
B,4KRL_A_B,random,1,A,H,40,,Y
B,4KRL_A_B,random,1,A,D,49,,T
B,4KRL_A_B,random,1,A,F,51,,K
B,4KRL_A_B,random,1,A,Q,78,,N
B,4KRL_A_B,random,1,A,H,103,,Q
B,4KRL_A_B,random,1,A,S,112,,N
B,4KRL_A_B,random,1,A,N,114,,P
B,4KRL_A_B,random,1,A,G,135,,W
B,4KRL_A_B,random,1,A,S,162,,N
B,4KRL_A_B,random,1,B,Q,1,,V
B,4KRL_A_B,random,1,B,S,31,,K
B,4KRL_A_B,random,1,B,Q,39,,V
B,4KRL_A_B,random,1,B,A,100,,I
B,4KRL_A_B,random,1,B,Y,105,,H
B,4KRL_A_B,random,1,B,Y,109,,K
B,4KRL_A_B,random,1,B,E,110,,Y
B,4KRL_A_B,random,1,B,Y,111,,M
B,4KRL_A_B,random,1,B,W,114,,Y
B,4KRL_A_B,random,1,B,Q,116,,K
B,4KRL_A_B,random,2,A,L,19,,D
B,4KRL_A_B,random,2,A,H,40,,Y
B,4KRL_A_B,random,2,A,L,42,,Y
B,4KRL_A_B,random,2,A,V,44,,S
B,4KRL_A_B,random,2,A,D,49,,I
B,4KRL_A_B,random,2,A,F,51,,L
B,4KRL_A_B,random,2,A,Q,78,,H
B,4KRL_A_B,random,2,A,H,103,,M
B,4KRL_A_B,random,2,A,S,112,,M
B,4KRL_A_B,random,2,A,N,114,,T
B,4KRL_A_B,random,2,A,G,135,,Y
B,4KRL_A_B,random,2,A,S,162,,Y
B,4KRL_A_B,random,2,B,Q,1,,A
B,4KRL_A_B,random,2,B,S,31,,Q
B,4KRL_A_B,random,2,B,A,100,,I
B,4KRL_A_B,random,2,B,Y,105,,S
B,4KRL_A_B,random,2,B,L,108,,G
B,4KRL_A_B,random,2,B,Y,109,,F
B,4KRL_A_B,random,2,B,E,110,,D
B,4KRL_A_B,random,2,B,Y,113,,F
B,4KRL_A_B,random,2,B,W,114,,I
B,4KRL_A_B,random,2,B,Q,116,,T
B,4L0P_A_B,L,0,A,Q,13,,A
B,4L0P_A_B,L,0,A,L,16,,Q
B,4L0P_A_B,L,0,A,S,23,,P
B,4L0P_A_B,L,0,A,H,24,,Y
B,4L0P_A_B,L,0,A,E,27,,Q
B,4L0P_A_B,L,0,A,E,28,,N
B,4L0P_A_B,L,0,A,S,30,,T
B,4L0P_A_B,L,0,A,G,31,,T
B,4L0P_A_B,L,0,A,V,32,,I
B,4L0P_A_B,L,0,A,Y,36,,N
B,4L0P_A_B,L,0,A,R,40,,N
B,4L0P_A_B,L,0,A,Q,43,,A
B,4L0P_A_B,L,0,A,M,48,,D
B,4L0P_A_B,L,0,A,R,78,,A
B,4L0P_A_B,L,0,A,L,85,,N
B,4L0P_A_B,L,0,A,L,131,,H
B,4L0P_A_B,L,0,A,I,135,,R
B,4L0P_A_B,L,0,A,L,136,,Y
B,4L0P_A_B,L,0,B,A,1,,Q
B,4L0P_A_B,L,0,B,V,2,,Y
B,4L0P_A_B,L,0,B,A,3,,N
B,4L0P_A_B,L,0,B,Y,31,,N
B,4L0P_A_B,L,0,B,F,71,,R
B,4L0P_A_B,L,0,B,K,72,,L
B,4L0P_A_B,L,0,B,R,73,,Y
B,4L0P_A_B,L,0,B,E,75,,R
B,4L0P_A_B,L,0,B,R,78,,E
B,4L0P_A_B,L,0,B,P,82,,A
B,4L0P_A_B,L,0,B,N,83,,Y
B,4L0P_A_B,L,0,B,K,87,,Q
B,4L0P_A_B,L,0,B,S,89,,K
B,4L0P_A_B,L,0,B,K,91,,V
B,4L0P_A_B,L,0,B,Q,93,,S
B,4L0P_A_B,L,0,B,L,94,,R
B,4L0P_A_B,L,0,B,F,95,,Y
B,4L0P_A_B,L,0,B,T,96,,S
B,4L0P_A_B,L,0,B,F,98,,Y
B,4L0P_A_B,L,0,B,F,102,,E
B,4L0P_A_B,L,1,A,I,12,,V
B,4L0P_A_B,L,1,A,Q,13,,A
B,4L0P_A_B,L,1,A,L,16,,Q
B,4L0P_A_B,L,1,A,S,23,,Y
B,4L0P_A_B,L,1,A,H,24,,E
B,4L0P_A_B,L,1,A,E,27,,V
B,4L0P_A_B,L,1,A,E,28,,S
B,4L0P_A_B,L,1,A,I,29,,D
B,4L0P_A_B,L,1,A,S,30,,T
B,4L0P_A_B,L,1,A,G,31,,A
B,4L0P_A_B,L,1,A,V,32,,Q
B,4L0P_A_B,L,1,A,Y,36,,Q
B,4L0P_A_B,L,1,A,R,40,,L
B,4L0P_A_B,L,1,A,Q,43,,S
B,4L0P_A_B,L,1,A,M,48,,A
B,4L0P_A_B,L,1,A,R,78,,A
B,4L0P_A_B,L,1,A,L,85,,T
B,4L0P_A_B,L,1,A,L,131,,F
B,4L0P_A_B,L,1,A,I,135,,K
B,4L0P_A_B,L,1,A,A,165,,D
B,4L0P_A_B,L,1,B,A,1,,S
B,4L0P_A_B,L,1,B,V,2,,F
B,4L0P_A_B,L,1,B,A,3,,Y
B,4L0P_A_B,L,1,B,Y,31,,R
B,4L0P_A_B,L,1,B,F,71,,T
B,4L0P_A_B,L,1,B,K,72,,L
B,4L0P_A_B,L,1,B,R,73,,L
B,4L0P_A_B,L,1,B,W,74,,Y
B,4L0P_A_B,L,1,B,E,75,,V
B,4L0P_A_B,L,1,B,R,78,,E
B,4L0P_A_B,L,1,B,N,83,,Y
B,4L0P_A_B,L,1,B,K,87,,E
B,4L0P_A_B,L,1,B,S,89,,K
B,4L0P_A_B,L,1,B,K,91,,R
B,4L0P_A_B,L,1,B,Q,93,,V
B,4L0P_A_B,L,1,B,L,94,,P
B,4L0P_A_B,L,1,B,F,95,,I
B,4L0P_A_B,L,1,B,P,97,,A
B,4L0P_A_B,L,1,B,F,98,,Y
B,4L0P_A_B,L,1,B,F,102,,R
B,4L0P_A_B,L,2,A,I,12,,R
B,4L0P_A_B,L,2,A,Q,13,,E
B,4L0P_A_B,L,2,A,L,16,,Q
B,4L0P_A_B,L,2,A,S,23,,P
B,4L0P_A_B,L,2,A,H,24,,E
B,4L0P_A_B,L,2,A,E,27,,L
B,4L0P_A_B,L,2,A,E,28,,Q
B,4L0P_A_B,L,2,A,I,29,,V
B,4L0P_A_B,L,2,A,S,30,,T
B,4L0P_A_B,L,2,A,V,32,,I
B,4L0P_A_B,L,2,A,Y,36,,D
B,4L0P_A_B,L,2,A,R,40,,T
B,4L0P_A_B,L,2,A,M,48,,D
B,4L0P_A_B,L,2,A,R,78,,A
B,4L0P_A_B,L,2,A,L,85,,N
B,4L0P_A_B,L,2,A,L,131,,K
B,4L0P_A_B,L,2,A,L,136,,Y
B,4L0P_A_B,L,2,A,C,163,,A
B,4L0P_A_B,L,2,A,A,165,,C
B,4L0P_A_B,L,2,B,V,2,,S
B,4L0P_A_B,L,2,B,A,3,,E
B,4L0P_A_B,L,2,B,Y,31,,K
B,4L0P_A_B,L,2,B,F,71,,V
B,4L0P_A_B,L,2,B,K,72,,H
B,4L0P_A_B,L,2,B,R,73,,I
B,4L0P_A_B,L,2,B,W,74,,Y
B,4L0P_A_B,L,2,B,E,75,,L
B,4L0P_A_B,L,2,B,R,78,,E
B,4L0P_A_B,L,2,B,P,82,,A
B,4L0P_A_B,L,2,B,N,83,,L
B,4L0P_A_B,L,2,B,L,86,,T
B,4L0P_A_B,L,2,B,K,87,,E
B,4L0P_A_B,L,2,B,S,89,,K
B,4L0P_A_B,L,2,B,K,91,,Y
B,4L0P_A_B,L,2,B,Q,93,,S
B,4L0P_A_B,L,2,B,L,94,,R
B,4L0P_A_B,L,2,B,F,95,,T
B,4L0P_A_B,L,2,B,T,96,,S
B,4L0P_A_B,L,2,B,F,98,,Y
B,4L0P_A_B,L,2,B,F,102,,T
B,4L0P_A_B,naive,0,A,Q,13,,E
B,4L0P_A_B,naive,0,A,L,16,,Q
B,4L0P_A_B,naive,0,A,S,23,,P
B,4L0P_A_B,naive,0,A,H,24,,G
B,4L0P_A_B,naive,0,A,E,28,,R
B,4L0P_A_B,naive,0,A,I,29,,V
B,4L0P_A_B,naive,0,A,S,30,,T
B,4L0P_A_B,naive,0,A,V,32,,I
B,4L0P_A_B,naive,0,A,Y,36,,N
B,4L0P_A_B,naive,0,A,R,40,,A
B,4L0P_A_B,naive,0,A,Q,43,,S
B,4L0P_A_B,naive,0,A,M,48,,N
B,4L0P_A_B,naive,0,A,R,78,,A
B,4L0P_A_B,naive,0,A,L,85,,I
B,4L0P_A_B,naive,0,A,L,131,,Y
B,4L0P_A_B,naive,0,A,I,135,,K
B,4L0P_A_B,naive,0,A,L,136,,F
B,4L0P_A_B,naive,0,A,A,165,,T
B,4L0P_A_B,naive,0,B,A,1,,F
B,4L0P_A_B,naive,0,B,V,2,,R
B,4L0P_A_B,naive,0,B,A,3,,H
B,4L0P_A_B,naive,0,B,Y,31,,S
B,4L0P_A_B,naive,0,B,F,71,,V
B,4L0P_A_B,naive,0,B,K,72,,L
B,4L0P_A_B,naive,0,B,R,73,,V
B,4L0P_A_B,naive,0,B,W,74,,F
B,4L0P_A_B,naive,0,B,E,75,,I
B,4L0P_A_B,naive,0,B,R,78,,N
B,4L0P_A_B,naive,0,B,L,86,,D
B,4L0P_A_B,naive,0,B,K,87,,T
B,4L0P_A_B,naive,0,B,S,89,,L
B,4L0P_A_B,naive,0,B,K,91,,R
B,4L0P_A_B,naive,0,B,Q,93,,K
B,4L0P_A_B,naive,0,B,L,94,,R
B,4L0P_A_B,naive,0,B,F,95,,Y
B,4L0P_A_B,naive,0,B,T,96,,S
B,4L0P_A_B,naive,0,B,P,97,,A
B,4L0P_A_B,naive,0,B,F,98,,D
B,4L0P_A_B,naive,1,A,Q,13,,P
B,4L0P_A_B,naive,1,A,L,16,,Q
B,4L0P_A_B,naive,1,A,S,23,,P
B,4L0P_A_B,naive,1,A,H,24,,D
B,4L0P_A_B,naive,1,A,E,27,,Q
B,4L0P_A_B,naive,1,A,E,28,,H
B,4L0P_A_B,naive,1,A,I,29,,V
B,4L0P_A_B,naive,1,A,S,30,,T
B,4L0P_A_B,naive,1,A,G,31,,S
B,4L0P_A_B,naive,1,A,V,32,,K
B,4L0P_A_B,naive,1,A,Y,36,,N
B,4L0P_A_B,naive,1,A,R,40,,V
B,4L0P_A_B,naive,1,A,Q,43,,S
B,4L0P_A_B,naive,1,A,M,48,,D
B,4L0P_A_B,naive,1,A,R,78,,A
B,4L0P_A_B,naive,1,A,I,83,,L
B,4L0P_A_B,naive,1,A,P,84,,E
B,4L0P_A_B,naive,1,A,L,85,,N
B,4L0P_A_B,naive,1,A,L,131,,K
B,4L0P_A_B,naive,1,A,R,134,,K
B,4L0P_A_B,naive,1,A,I,135,,N
B,4L0P_A_B,naive,1,A,A,165,,N
B,4L0P_A_B,naive,1,B,A,1,,S
B,4L0P_A_B,naive,1,B,V,2,,M
B,4L0P_A_B,naive,1,B,A,3,,Y
B,4L0P_A_B,naive,1,B,Y,31,,K
B,4L0P_A_B,naive,1,B,F,71,,D
B,4L0P_A_B,naive,1,B,K,72,,L
B,4L0P_A_B,naive,1,B,R,73,,L
B,4L0P_A_B,naive,1,B,W,74,,F
B,4L0P_A_B,naive,1,B,E,75,,V
B,4L0P_A_B,naive,1,B,R,78,,E
B,4L0P_A_B,naive,1,B,N,83,,G
B,4L0P_A_B,naive,1,B,L,86,,K
B,4L0P_A_B,naive,1,B,K,87,,V
B,4L0P_A_B,naive,1,B,S,89,,K
B,4L0P_A_B,naive,1,B,K,91,,R
B,4L0P_A_B,naive,1,B,Q,93,,V
B,4L0P_A_B,naive,1,B,L,94,,R
B,4L0P_A_B,naive,1,B,F,95,,Y
B,4L0P_A_B,naive,1,B,T,96,,S
B,4L0P_A_B,naive,1,B,F,98,,D
B,4L0P_A_B,naive,2,A,Q,13,,A
B,4L0P_A_B,naive,2,A,L,16,,Q
B,4L0P_A_B,naive,2,A,H,24,,N
B,4L0P_A_B,naive,2,A,E,27,,Q
B,4L0P_A_B,naive,2,A,E,28,,R
B,4L0P_A_B,naive,2,A,I,29,,V
B,4L0P_A_B,naive,2,A,S,30,,T
B,4L0P_A_B,naive,2,A,Y,36,,N
B,4L0P_A_B,naive,2,A,R,40,,L
B,4L0P_A_B,naive,2,A,Q,43,,S
B,4L0P_A_B,naive,2,A,M,48,,S
B,4L0P_A_B,naive,2,A,L,85,,T
B,4L0P_A_B,naive,2,A,F,126,,Y
B,4L0P_A_B,naive,2,A,L,131,,K
B,4L0P_A_B,naive,2,A,I,135,,V
B,4L0P_A_B,naive,2,A,A,165,,T
B,4L0P_A_B,naive,2,B,A,1,,D
B,4L0P_A_B,naive,2,B,V,2,,S
B,4L0P_A_B,naive,2,B,A,3,,H
B,4L0P_A_B,naive,2,B,F,71,,R
B,4L0P_A_B,naive,2,B,K,72,,L
B,4L0P_A_B,naive,2,B,R,73,,V
B,4L0P_A_B,naive,2,B,W,74,,F
B,4L0P_A_B,naive,2,B,R,78,,H
B,4L0P_A_B,naive,2,B,K,87,,V
B,4L0P_A_B,naive,2,B,S,89,,H
B,4L0P_A_B,naive,2,B,K,91,,V
B,4L0P_A_B,naive,2,B,Q,93,,S
B,4L0P_A_B,naive,2,B,L,94,,R
B,4L0P_A_B,naive,2,B,F,95,,T
B,4L0P_A_B,naive,2,B,T,96,,S
B,4L0P_A_B,naive,2,B,P,97,,A
B,4L0P_A_B,naive,2,B,F,98,,D
B,4L0P_A_B,random,0,A,I,12,,S
B,4L0P_A_B,random,0,A,Q,13,,A
B,4L0P_A_B,random,0,A,L,16,,Q
B,4L0P_A_B,random,0,A,S,23,,P
B,4L0P_A_B,random,0,A,H,24,,Y
B,4L0P_A_B,random,0,A,E,27,,Q
B,4L0P_A_B,random,0,A,E,28,,Q
B,4L0P_A_B,random,0,A,S,30,,Y
B,4L0P_A_B,random,0,A,G,31,,T
B,4L0P_A_B,random,0,A,V,32,,Q
B,4L0P_A_B,random,0,A,Y,36,,N
B,4L0P_A_B,random,0,A,R,40,,N
B,4L0P_A_B,random,0,A,Q,43,,A
B,4L0P_A_B,random,0,A,C,45,,H
B,4L0P_A_B,random,0,A,M,48,,D
B,4L0P_A_B,random,0,A,T,76,,C
B,4L0P_A_B,random,0,A,R,78,,D
B,4L0P_A_B,random,0,A,P,84,,D
B,4L0P_A_B,random,0,A,L,85,,N
B,4L0P_A_B,random,0,A,F,126,,E
B,4L0P_A_B,random,0,A,L,131,,H
B,4L0P_A_B,random,0,A,R,134,,K
B,4L0P_A_B,random,0,A,I,135,,V
B,4L0P_A_B,random,0,A,L,136,,Y
B,4L0P_A_B,random,0,A,C,163,,A
B,4L0P_A_B,random,0,B,A,1,,Q
B,4L0P_A_B,random,0,B,V,2,,H
B,4L0P_A_B,random,0,B,A,3,,N
B,4L0P_A_B,random,0,B,Y,31,,K
B,4L0P_A_B,random,0,B,F,71,,H
B,4L0P_A_B,random,0,B,K,72,,L
B,4L0P_A_B,random,0,B,R,73,,C
B,4L0P_A_B,random,0,B,W,74,,S
B,4L0P_A_B,random,0,B,E,75,,R
B,4L0P_A_B,random,0,B,R,78,,E
B,4L0P_A_B,random,0,B,K,87,,Q
B,4L0P_A_B,random,0,B,S,89,,L
B,4L0P_A_B,random,0,B,K,91,,V
B,4L0P_A_B,random,0,B,Q,93,,S
B,4L0P_A_B,random,0,B,L,94,,Q
B,4L0P_A_B,random,0,B,F,95,,Y
B,4L0P_A_B,random,0,B,T,96,,S
B,4L0P_A_B,random,0,B,P,97,,N
B,4L0P_A_B,random,0,B,F,98,,N
B,4L0P_A_B,random,0,B,S,99,,N
B,4L0P_A_B,random,1,A,I,12,,F
B,4L0P_A_B,random,1,A,Q,13,,A
B,4L0P_A_B,random,1,A,L,16,,G
B,4L0P_A_B,random,1,A,S,23,,Y
B,4L0P_A_B,random,1,A,H,24,,E
B,4L0P_A_B,random,1,A,E,27,,V
B,4L0P_A_B,random,1,A,E,28,,S
B,4L0P_A_B,random,1,A,I,29,,D
B,4L0P_A_B,random,1,A,S,30,,Y
B,4L0P_A_B,random,1,A,G,31,,A
B,4L0P_A_B,random,1,A,V,32,,Q
B,4L0P_A_B,random,1,A,Y,36,,Q
B,4L0P_A_B,random,1,A,P,38,,S
B,4L0P_A_B,random,1,A,R,40,,K
B,4L0P_A_B,random,1,A,Q,43,,M
B,4L0P_A_B,random,1,A,C,45,,D
B,4L0P_A_B,random,1,A,M,48,,A
B,4L0P_A_B,random,1,A,T,76,,C
B,4L0P_A_B,random,1,A,R,78,,V
B,4L0P_A_B,random,1,A,L,85,,V
B,4L0P_A_B,random,1,A,F,126,,E
B,4L0P_A_B,random,1,A,L,131,,F
B,4L0P_A_B,random,1,A,R,134,,K
B,4L0P_A_B,random,1,A,I,135,,V
B,4L0P_A_B,random,1,A,L,136,,F
B,4L0P_A_B,random,1,A,C,163,,A
B,4L0P_A_B,random,1,A,A,165,,S
B,4L0P_A_B,random,1,B,A,1,,S
B,4L0P_A_B,random,1,B,V,2,,F
B,4L0P_A_B,random,1,B,A,3,,Y
B,4L0P_A_B,random,1,B,Y,31,,R
B,4L0P_A_B,random,1,B,F,71,,T
B,4L0P_A_B,random,1,B,K,72,,L
B,4L0P_A_B,random,1,B,R,73,,L
B,4L0P_A_B,random,1,B,W,74,,Y
B,4L0P_A_B,random,1,B,E,75,,T
B,4L0P_A_B,random,1,B,R,78,,N
B,4L0P_A_B,random,1,B,L,86,,D
B,4L0P_A_B,random,1,B,K,87,,V
B,4L0P_A_B,random,1,B,S,89,,V
B,4L0P_A_B,random,1,B,K,91,,L
B,4L0P_A_B,random,1,B,Q,93,,V
B,4L0P_A_B,random,1,B,L,94,,N
B,4L0P_A_B,random,1,B,F,95,,N
B,4L0P_A_B,random,1,B,T,96,,P
B,4L0P_A_B,random,1,B,P,97,,N
B,4L0P_A_B,random,1,B,F,98,,W
B,4L0P_A_B,random,1,B,S,99,,N
B,4L0P_A_B,random,1,B,L,100,,V
B,4L0P_A_B,random,1,B,F,102,,C
B,4L0P_A_B,random,1,B,E,103,,S
B,4L0P_A_B,random,2,A,I,12,,S
B,4L0P_A_B,random,2,A,Q,13,,E
B,4L0P_A_B,random,2,A,L,16,,Q
B,4L0P_A_B,random,2,A,S,23,,P
B,4L0P_A_B,random,2,A,H,24,,E
B,4L0P_A_B,random,2,A,E,27,,L
B,4L0P_A_B,random,2,A,E,28,,Q
B,4L0P_A_B,random,2,A,I,29,,V
B,4L0P_A_B,random,2,A,V,32,,K
B,4L0P_A_B,random,2,A,Y,36,,D
B,4L0P_A_B,random,2,A,R,40,,T
B,4L0P_A_B,random,2,A,C,45,,K
B,4L0P_A_B,random,2,A,M,48,,D
B,4L0P_A_B,random,2,A,T,76,,C
B,4L0P_A_B,random,2,A,R,78,,D
B,4L0P_A_B,random,2,A,L,85,,N
B,4L0P_A_B,random,2,A,F,126,,E
B,4L0P_A_B,random,2,A,L,131,,Q
B,4L0P_A_B,random,2,A,R,134,,K
B,4L0P_A_B,random,2,A,L,136,,N
B,4L0P_A_B,random,2,A,C,163,,A
B,4L0P_A_B,random,2,A,A,165,,H
B,4L0P_A_B,random,2,B,V,2,,S
B,4L0P_A_B,random,2,B,A,3,,S
B,4L0P_A_B,random,2,B,Y,31,,K
B,4L0P_A_B,random,2,B,F,71,,E
B,4L0P_A_B,random,2,B,K,72,,H
B,4L0P_A_B,random,2,B,R,73,,I
B,4L0P_A_B,random,2,B,W,74,,F
B,4L0P_A_B,random,2,B,E,75,,L
B,4L0P_A_B,random,2,B,R,78,,H
B,4L0P_A_B,random,2,B,N,83,,Q
B,4L0P_A_B,random,2,B,L,86,,T
B,4L0P_A_B,random,2,B,S,89,,L
B,4L0P_A_B,random,2,B,K,91,,V
B,4L0P_A_B,random,2,B,Q,93,,S
B,4L0P_A_B,random,2,B,L,94,,Q
B,4L0P_A_B,random,2,B,F,95,,Q
B,4L0P_A_B,random,2,B,T,96,,S
B,4L0P_A_B,random,2,B,P,97,,C
B,4L0P_A_B,random,2,B,F,98,,N
B,4L0P_A_B,random,2,B,L,100,,V
B,4L0P_A_B,random,2,B,E,103,,S
B,4MYW_A_B,L,0,A,L,3,,Y
B,4MYW_A_B,L,0,A,Q,5,,L
B,4MYW_A_B,L,0,A,R,14,,L
B,4MYW_A_B,L,0,A,H,17,,T
B,4MYW_A_B,L,0,A,Q,110,,L
B,4MYW_A_B,L,0,A,P,176,,H
B,4MYW_A_B,L,0,A,D,193,,W
B,4MYW_A_B,L,0,A,S,194,,D
B,4MYW_A_B,L,0,A,I,195,,K
B,4MYW_A_B,L,0,A,R,200,,Q
B,4MYW_A_B,L,0,A,N,205,,A
B,4MYW_A_B,L,0,A,T,208,,Q
B,4MYW_A_B,L,0,B,S,27,,N
B,4MYW_A_B,L,0,B,K,29,,T
B,4MYW_A_B,L,0,B,T,31,,I
B,4MYW_A_B,L,0,B,Q,32,,L
B,4MYW_A_B,L,0,B,T,34,,I
B,4MYW_A_B,L,0,B,Q,36,,M
B,4MYW_A_B,L,0,B,S,42,,V
B,4MYW_A_B,L,0,B,N,45,,M
B,4MYW_A_B,L,0,B,I,48,,V
B,4MYW_A_B,L,0,B,N,50,,R
B,4MYW_A_B,L,0,B,M,53,,I
B,4MYW_A_B,L,0,B,S,56,,R
B,4MYW_A_B,L,0,B,L,58,,Q
B,4MYW_A_B,L,0,B,E,93,,R
B,4MYW_A_B,L,0,B,A,95,,P
B,4MYW_A_B,L,0,B,T,96,,K
B,4MYW_A_B,L,0,B,T,99,,S
B,4MYW_A_B,L,0,B,N,101,,T
B,4MYW_A_B,L,1,A,P,1,,D
B,4MYW_A_B,L,1,A,Q,5,,L
B,4MYW_A_B,L,1,A,R,14,,P
B,4MYW_A_B,L,1,A,H,17,,D
B,4MYW_A_B,L,1,A,Q,110,,I
B,4MYW_A_B,L,1,A,A,178,,S
B,4MYW_A_B,L,1,A,D,193,,E
B,4MYW_A_B,L,1,A,S,194,,R
B,4MYW_A_B,L,1,A,L,198,,V
B,4MYW_A_B,L,1,A,R,200,,W
B,4MYW_A_B,L,1,A,N,205,,D
B,4MYW_A_B,L,1,A,T,208,,Q
B,4MYW_A_B,L,1,A,Y,212,,W
B,4MYW_A_B,L,1,B,S,27,,D
B,4MYW_A_B,L,1,B,T,31,,I
B,4MYW_A_B,L,1,B,Q,32,,Y
B,4MYW_A_B,L,1,B,T,34,,V
B,4MYW_A_B,L,1,B,Q,36,,L
B,4MYW_A_B,L,1,B,G,41,,V
B,4MYW_A_B,L,1,B,S,42,,V
B,4MYW_A_B,L,1,B,K,43,,R
B,4MYW_A_B,L,1,B,Q,44,,M
B,4MYW_A_B,L,1,B,N,45,,S
B,4MYW_A_B,L,1,B,I,48,,V
B,4MYW_A_B,L,1,B,N,50,,C
B,4MYW_A_B,L,1,B,S,56,,K
B,4MYW_A_B,L,1,B,L,58,,V
B,4MYW_A_B,L,1,B,A,95,,Q
B,4MYW_A_B,L,1,B,T,96,,F
B,4MYW_A_B,L,1,B,T,99,,R
B,4MYW_A_B,L,1,B,N,101,,S
B,4MYW_A_B,L,2,A,P,1,,S
B,4MYW_A_B,L,2,A,L,3,,Y
B,4MYW_A_B,L,2,A,Q,5,,K
B,4MYW_A_B,L,2,A,D,193,,E
B,4MYW_A_B,L,2,A,S,194,,D
B,4MYW_A_B,L,2,A,I,195,,F
B,4MYW_A_B,L,2,A,R,200,,Y
B,4MYW_A_B,L,2,A,N,205,,D
B,4MYW_A_B,L,2,A,T,208,,K
B,4MYW_A_B,L,2,B,S,27,,M
B,4MYW_A_B,L,2,B,K,29,,R
B,4MYW_A_B,L,2,B,T,31,,M
B,4MYW_A_B,L,2,B,Q,32,,Y
B,4MYW_A_B,L,2,B,T,34,,Y
B,4MYW_A_B,L,2,B,Q,36,,L
B,4MYW_A_B,L,2,B,G,41,,E
B,4MYW_A_B,L,2,B,S,42,,I
B,4MYW_A_B,L,2,B,K,43,,E
B,4MYW_A_B,L,2,B,Q,44,,R
B,4MYW_A_B,L,2,B,N,45,,C
B,4MYW_A_B,L,2,B,N,50,,Q
B,4MYW_A_B,L,2,B,S,56,,R
B,4MYW_A_B,L,2,B,L,58,,T
B,4MYW_A_B,L,2,B,E,93,,M
B,4MYW_A_B,L,2,B,A,95,,K
B,4MYW_A_B,L,2,B,T,96,,E
B,4MYW_A_B,L,2,B,T,99,,N
B,4MYW_A_B,L,2,B,N,101,,F
B,4MYW_A_B,naive,0,A,P,1,,Q
B,4MYW_A_B,naive,0,A,L,3,,Y
B,4MYW_A_B,naive,0,A,Q,5,,L
B,4MYW_A_B,naive,0,A,R,14,,L
B,4MYW_A_B,naive,0,A,H,17,,E
B,4MYW_A_B,naive,0,A,Q,110,,V
B,4MYW_A_B,naive,0,A,A,178,,D
B,4MYW_A_B,naive,0,A,D,193,,E
B,4MYW_A_B,naive,0,A,S,194,,T
B,4MYW_A_B,naive,0,A,I,195,,V
B,4MYW_A_B,naive,0,A,L,198,,T
B,4MYW_A_B,naive,0,A,R,200,,G
B,4MYW_A_B,naive,0,A,N,205,,D
B,4MYW_A_B,naive,0,A,T,208,,I
B,4MYW_A_B,naive,0,A,Y,212,,V
B,4MYW_A_B,naive,0,B,S,27,,E
B,4MYW_A_B,naive,0,B,K,29,,E
B,4MYW_A_B,naive,0,B,T,31,,I
B,4MYW_A_B,naive,0,B,T,34,,V
B,4MYW_A_B,naive,0,B,Q,36,,L
B,4MYW_A_B,naive,0,B,S,42,,T
B,4MYW_A_B,naive,0,B,K,43,,E
B,4MYW_A_B,naive,0,B,Q,44,,S
B,4MYW_A_B,naive,0,B,N,45,,L
B,4MYW_A_B,naive,0,B,I,48,,T
B,4MYW_A_B,naive,0,B,N,50,,R
B,4MYW_A_B,naive,0,B,M,53,,L
B,4MYW_A_B,naive,0,B,S,56,,K
B,4MYW_A_B,naive,0,B,L,58,,Y
B,4MYW_A_B,naive,0,B,E,93,,T
B,4MYW_A_B,naive,0,B,A,95,,F
B,4MYW_A_B,naive,0,B,T,96,,F
B,4MYW_A_B,naive,0,B,T,99,,K
B,4MYW_A_B,naive,0,B,N,101,,T
B,4MYW_A_B,naive,1,A,P,1,,H
B,4MYW_A_B,naive,1,A,L,3,,Y
B,4MYW_A_B,naive,1,A,Q,5,,L
B,4MYW_A_B,naive,1,A,R,14,,P
B,4MYW_A_B,naive,1,A,H,17,,E
B,4MYW_A_B,naive,1,A,Q,110,,L
B,4MYW_A_B,naive,1,A,A,178,,S
B,4MYW_A_B,naive,1,A,D,193,,E
B,4MYW_A_B,naive,1,A,S,194,,D
B,4MYW_A_B,naive,1,A,L,198,,V
B,4MYW_A_B,naive,1,A,R,200,,T
B,4MYW_A_B,naive,1,A,T,208,,I
B,4MYW_A_B,naive,1,B,S,27,,N
B,4MYW_A_B,naive,1,B,K,29,,T
B,4MYW_A_B,naive,1,B,T,31,,I
B,4MYW_A_B,naive,1,B,Q,32,,R
B,4MYW_A_B,naive,1,B,T,34,,V
B,4MYW_A_B,naive,1,B,Q,36,,L
B,4MYW_A_B,naive,1,B,S,42,,T
B,4MYW_A_B,naive,1,B,K,43,,R
B,4MYW_A_B,naive,1,B,Q,44,,S
B,4MYW_A_B,naive,1,B,N,45,,L
B,4MYW_A_B,naive,1,B,I,48,,T
B,4MYW_A_B,naive,1,B,N,50,,H
B,4MYW_A_B,naive,1,B,M,53,,L
B,4MYW_A_B,naive,1,B,S,56,,K
B,4MYW_A_B,naive,1,B,L,58,,V
B,4MYW_A_B,naive,1,B,E,93,,K
B,4MYW_A_B,naive,1,B,A,95,,Q
B,4MYW_A_B,naive,1,B,T,96,,L
B,4MYW_A_B,naive,1,B,T,99,,Y
B,4MYW_A_B,naive,1,B,N,101,,S
B,4MYW_A_B,naive,2,A,P,1,,N
B,4MYW_A_B,naive,2,A,L,3,,Y
B,4MYW_A_B,naive,2,A,Q,5,,L
B,4MYW_A_B,naive,2,A,R,14,,L
B,4MYW_A_B,naive,2,A,H,17,,D
B,4MYW_A_B,naive,2,A,Q,110,,I
B,4MYW_A_B,naive,2,A,A,178,,E
B,4MYW_A_B,naive,2,A,D,193,,E
B,4MYW_A_B,naive,2,A,S,194,,D
B,4MYW_A_B,naive,2,A,I,195,,V
B,4MYW_A_B,naive,2,A,L,198,,V
B,4MYW_A_B,naive,2,A,R,200,,K
B,4MYW_A_B,naive,2,A,T,208,,I
B,4MYW_A_B,naive,2,A,Y,212,,V
B,4MYW_A_B,naive,2,B,S,27,,T
B,4MYW_A_B,naive,2,B,T,31,,I
B,4MYW_A_B,naive,2,B,Q,32,,R
B,4MYW_A_B,naive,2,B,T,34,,V
B,4MYW_A_B,naive,2,B,Q,36,,L
B,4MYW_A_B,naive,2,B,S,42,,T
B,4MYW_A_B,naive,2,B,K,43,,E
B,4MYW_A_B,naive,2,B,Q,44,,R
B,4MYW_A_B,naive,2,B,N,45,,L
B,4MYW_A_B,naive,2,B,I,48,,T
B,4MYW_A_B,naive,2,B,N,50,,E
B,4MYW_A_B,naive,2,B,M,53,,L
B,4MYW_A_B,naive,2,B,S,56,,K
B,4MYW_A_B,naive,2,B,L,58,,Y
B,4MYW_A_B,naive,2,B,E,93,,R
B,4MYW_A_B,naive,2,B,A,95,,D
B,4MYW_A_B,naive,2,B,T,96,,V
B,4MYW_A_B,naive,2,B,T,99,,E
B,4MYW_A_B,naive,2,B,N,101,,S
B,4MYW_A_B,random,0,A,L,3,,Y
B,4MYW_A_B,random,0,A,Q,5,,R
B,4MYW_A_B,random,0,A,R,14,,L
B,4MYW_A_B,random,0,A,Y,16,,T
B,4MYW_A_B,random,0,A,H,17,,T
B,4MYW_A_B,random,0,A,Q,110,,M
B,4MYW_A_B,random,0,A,P,176,,H
B,4MYW_A_B,random,0,A,A,178,,L
B,4MYW_A_B,random,0,A,D,193,,T
B,4MYW_A_B,random,0,A,S,194,,D
B,4MYW_A_B,random,0,A,I,195,,K
B,4MYW_A_B,random,0,A,G,196,,S
B,4MYW_A_B,random,0,A,R,200,,Q
B,4MYW_A_B,random,0,A,F,201,,D
B,4MYW_A_B,random,0,A,N,205,,V
B,4MYW_A_B,random,0,A,T,208,,Q
B,4MYW_A_B,random,0,A,V,209,,N
B,4MYW_A_B,random,0,A,Y,212,,V
B,4MYW_A_B,random,0,B,S,27,,N
B,4MYW_A_B,random,0,B,K,29,,V
B,4MYW_A_B,random,0,B,T,31,,L
B,4MYW_A_B,random,0,B,Q,32,,E
B,4MYW_A_B,random,0,B,T,34,,I
B,4MYW_A_B,random,0,B,Q,36,,R
B,4MYW_A_B,random,0,B,S,42,,I
B,4MYW_A_B,random,0,B,K,43,,S
B,4MYW_A_B,random,0,B,Q,44,,S
B,4MYW_A_B,random,0,B,N,45,,L
B,4MYW_A_B,random,0,B,I,48,,S
B,4MYW_A_B,random,0,B,N,50,,K
B,4MYW_A_B,random,0,B,M,53,,I
B,4MYW_A_B,random,0,B,S,56,,Y
B,4MYW_A_B,random,0,B,L,58,,Q
B,4MYW_A_B,random,0,B,E,93,,R
B,4MYW_A_B,random,0,B,A,95,,P
B,4MYW_A_B,random,0,B,T,96,,M
B,4MYW_A_B,random,0,B,F,97,,Y
B,4MYW_A_B,random,0,B,T,99,,G
B,4MYW_A_B,random,0,B,N,101,,E
B,4MYW_A_B,random,1,A,P,1,,D
B,4MYW_A_B,random,1,A,Q,5,,R
B,4MYW_A_B,random,1,A,R,14,,I
B,4MYW_A_B,random,1,A,Y,16,,I
B,4MYW_A_B,random,1,A,H,17,,E
B,4MYW_A_B,random,1,A,Q,110,,R
B,4MYW_A_B,random,1,A,A,178,,S
B,4MYW_A_B,random,1,A,D,193,,Q
B,4MYW_A_B,random,1,A,S,194,,R
B,4MYW_A_B,random,1,A,I,195,,V
B,4MYW_A_B,random,1,A,L,198,,V
B,4MYW_A_B,random,1,A,R,200,,W
B,4MYW_A_B,random,1,A,F,201,,D
B,4MYW_A_B,random,1,A,T,208,,Q
B,4MYW_A_B,random,1,A,V,209,,H
B,4MYW_A_B,random,1,A,Y,212,,W
B,4MYW_A_B,random,1,B,S,27,,D
B,4MYW_A_B,random,1,B,K,29,,M
B,4MYW_A_B,random,1,B,T,31,,N
B,4MYW_A_B,random,1,B,Q,32,,V
B,4MYW_A_B,random,1,B,T,34,,V
B,4MYW_A_B,random,1,B,Q,36,,L
B,4MYW_A_B,random,1,B,G,41,,V
B,4MYW_A_B,random,1,B,S,42,,V
B,4MYW_A_B,random,1,B,K,43,,R
B,4MYW_A_B,random,1,B,Q,44,,S
B,4MYW_A_B,random,1,B,N,45,,A
B,4MYW_A_B,random,1,B,I,48,,S
B,4MYW_A_B,random,1,B,N,50,,C
B,4MYW_A_B,random,1,B,M,53,,S
B,4MYW_A_B,random,1,B,S,56,,Y
B,4MYW_A_B,random,1,B,L,58,,F
B,4MYW_A_B,random,1,B,A,95,,E
B,4MYW_A_B,random,1,B,T,96,,F
B,4MYW_A_B,random,1,B,F,97,,Y
B,4MYW_A_B,random,1,B,P,98,,E
B,4MYW_A_B,random,1,B,T,99,,R
B,4MYW_A_B,random,1,B,N,101,,V
B,4MYW_A_B,random,2,A,P,1,,S
B,4MYW_A_B,random,2,A,L,3,,Y
B,4MYW_A_B,random,2,A,Q,5,,R
B,4MYW_A_B,random,2,A,R,14,,T
B,4MYW_A_B,random,2,A,Y,16,,T
B,4MYW_A_B,random,2,A,H,17,,E
B,4MYW_A_B,random,2,A,Q,110,,T
B,4MYW_A_B,random,2,A,D,193,,A
B,4MYW_A_B,random,2,A,S,194,,D
B,4MYW_A_B,random,2,A,I,195,,V
B,4MYW_A_B,random,2,A,L,198,,Q
B,4MYW_A_B,random,2,A,R,200,,K
B,4MYW_A_B,random,2,A,F,201,,D
B,4MYW_A_B,random,2,A,T,208,,K
B,4MYW_A_B,random,2,A,V,209,,N
B,4MYW_A_B,random,2,A,Y,212,,K
B,4MYW_A_B,random,2,B,S,27,,M
B,4MYW_A_B,random,2,B,K,29,,R
B,4MYW_A_B,random,2,B,T,31,,L
B,4MYW_A_B,random,2,B,Q,32,,K
B,4MYW_A_B,random,2,B,T,34,,C
B,4MYW_A_B,random,2,B,Q,36,,N
B,4MYW_A_B,random,2,B,G,41,,E
B,4MYW_A_B,random,2,B,S,42,,I
B,4MYW_A_B,random,2,B,K,43,,E
B,4MYW_A_B,random,2,B,Q,44,,S
B,4MYW_A_B,random,2,B,N,45,,L
B,4MYW_A_B,random,2,B,N,50,,Q
B,4MYW_A_B,random,2,B,M,53,,I
B,4MYW_A_B,random,2,B,S,56,,R
B,4MYW_A_B,random,2,B,L,58,,F
B,4MYW_A_B,random,2,B,E,93,,N
B,4MYW_A_B,random,2,B,A,95,,S
B,4MYW_A_B,random,2,B,T,96,,L
B,4MYW_A_B,random,2,B,F,97,,Y
B,4MYW_A_B,random,2,B,T,99,,L
B,4MYW_A_B,random,2,B,N,101,,T
B,4N8V_G_ABC,L,0,G,K,38,,Y
B,4N8V_G_ABC,L,0,G,Y,39,,E
B,4N8V_G_ABC,L,0,G,M,60,,N
B,4N8V_G_ABC,L,0,G,Q,61,,P
B,4N8V_G_ABC,L,0,G,D,62,,T
B,4N8V_G_ABC,L,0,G,L,94,,Y
B,4N8V_G_ABC,L,0,G,E,96,,Q
B,4N8V_G_ABC,L,0,G,S,122,,A
B,4N8V_G_ABC,L,0,G,D,125,,H
B,4N8V_G_ABC,L,0,G,D,173,,Y
B,4N8V_G_ABC,L,0,G,S,174,,Y
B,4N8V_G_ABC,L,0,A,Q,72,,E
B,4N8V_G_ABC,L,0,A,V,76,,I
B,4N8V_G_ABC,L,0,A,G,79,,F
B,4N8V_G_ABC,L,0,A,T,80,,L
B,4N8V_G_ABC,L,0,A,G,83,,H
B,4N8V_G_ABC,L,0,A,I,142,,W
B,4N8V_G_ABC,L,0,A,K,146,,R
B,4N8V_G_ABC,L,0,A,H,151,,G
B,4N8V_G_ABC,L,0,C,G,8,,Y
B,4N8V_G_ABC,L,1,G,K,38,,N
B,4N8V_G_ABC,L,1,G,Y,39,,E
B,4N8V_G_ABC,L,1,G,M,60,,D
B,4N8V_G_ABC,L,1,G,Q,61,,R
B,4N8V_G_ABC,L,1,G,D,62,,T
B,4N8V_G_ABC,L,1,G,L,94,,Y
B,4N8V_G_ABC,L,1,G,E,96,,D
B,4N8V_G_ABC,L,1,G,S,122,,C
B,4N8V_G_ABC,L,1,G,F,171,,L
B,4N8V_G_ABC,L,1,G,D,173,,Y
B,4N8V_G_ABC,L,1,G,S,174,,Y
B,4N8V_G_ABC,L,1,A,Q,72,,E
B,4N8V_G_ABC,L,1,A,R,75,,A
B,4N8V_G_ABC,L,1,A,T,80,,F
B,4N8V_G_ABC,L,1,A,R,82,,E
B,4N8V_G_ABC,L,1,A,G,83,,Y
B,4N8V_G_ABC,L,1,A,I,142,,Y
B,4N8V_G_ABC,L,1,A,R,145,,K
B,4N8V_G_ABC,L,1,A,K,146,,R
B,4N8V_G_ABC,L,1,A,H,151,,R
B,4N8V_G_ABC,L,1,C,G,8,,Y
B,4N8V_G_ABC,L,2,G,K,38,,H
B,4N8V_G_ABC,L,2,G,Y,39,,T
B,4N8V_G_ABC,L,2,G,M,60,,N
B,4N8V_G_ABC,L,2,G,Q,61,,P
B,4N8V_G_ABC,L,2,G,D,62,,I
B,4N8V_G_ABC,L,2,G,Y,95,,M
B,4N8V_G_ABC,L,2,G,E,96,,Q
B,4N8V_G_ABC,L,2,G,S,122,,C
B,4N8V_G_ABC,L,2,G,D,125,,W
B,4N8V_G_ABC,L,2,G,F,171,,L
B,4N8V_G_ABC,L,2,G,D,173,,F
B,4N8V_G_ABC,L,2,G,S,174,,F
B,4N8V_G_ABC,L,2,A,Q,72,,D
B,4N8V_G_ABC,L,2,A,R,75,,K
B,4N8V_G_ABC,L,2,A,G,79,,Y
B,4N8V_G_ABC,L,2,A,T,80,,F
B,4N8V_G_ABC,L,2,A,R,82,,K
B,4N8V_G_ABC,L,2,A,G,83,,T
B,4N8V_G_ABC,L,2,A,Y,84,,L
B,4N8V_G_ABC,L,2,A,R,145,,K
B,4N8V_G_ABC,L,2,A,K,146,,R
B,4N8V_G_ABC,L,2,A,H,151,,L
B,4N8V_G_ABC,L,2,C,G,8,,Y
B,4N8V_G_ABC,naive,0,G,K,38,,S
B,4N8V_G_ABC,naive,0,G,Y,39,,N
B,4N8V_G_ABC,naive,0,G,M,60,,T
B,4N8V_G_ABC,naive,0,G,Q,61,,P
B,4N8V_G_ABC,naive,0,G,D,62,,T
B,4N8V_G_ABC,naive,0,G,Y,95,,S
B,4N8V_G_ABC,naive,0,G,S,122,,A
B,4N8V_G_ABC,naive,0,G,S,123,,A
B,4N8V_G_ABC,naive,0,G,F,171,,L
B,4N8V_G_ABC,naive,0,G,S,174,,T
B,4N8V_G_ABC,naive,0,A,Q,72,,A
B,4N8V_G_ABC,naive,0,A,R,75,,E
B,4N8V_G_ABC,naive,0,A,T,80,,I
B,4N8V_G_ABC,naive,0,A,G,83,,S
B,4N8V_G_ABC,naive,0,A,I,142,,Q
B,4N8V_G_ABC,naive,0,A,R,145,,K
B,4N8V_G_ABC,naive,0,A,K,146,,R
B,4N8V_G_ABC,naive,0,A,H,151,,G
B,4N8V_G_ABC,naive,0,C,G,8,,Y
B,4N8V_G_ABC,naive,1,G,K,38,,D
B,4N8V_G_ABC,naive,1,G,Y,39,,N
B,4N8V_G_ABC,naive,1,G,M,60,,T
B,4N8V_G_ABC,naive,1,G,Q,61,,P
B,4N8V_G_ABC,naive,1,G,D,62,,E
B,4N8V_G_ABC,naive,1,G,L,94,,Y
B,4N8V_G_ABC,naive,1,G,Y,95,,A
B,4N8V_G_ABC,naive,1,G,S,122,,A
B,4N8V_G_ABC,naive,1,G,S,123,,P
B,4N8V_G_ABC,naive,1,G,D,173,,E
B,4N8V_G_ABC,naive,1,G,S,174,,D
B,4N8V_G_ABC,naive,1,A,Q,72,,A
B,4N8V_G_ABC,naive,1,A,R,75,,A
B,4N8V_G_ABC,naive,1,A,T,80,,R
B,4N8V_G_ABC,naive,1,A,G,83,,R
B,4N8V_G_ABC,naive,1,A,Y,84,,L
B,4N8V_G_ABC,naive,1,A,R,145,,K
B,4N8V_G_ABC,naive,1,A,K,146,,R
B,4N8V_G_ABC,naive,1,A,H,151,,N
B,4N8V_G_ABC,naive,1,C,G,8,,Y
B,4N8V_G_ABC,naive,2,G,K,38,,D
B,4N8V_G_ABC,naive,2,G,Y,39,,N
B,4N8V_G_ABC,naive,2,G,M,60,,N
B,4N8V_G_ABC,naive,2,G,Q,61,,P
B,4N8V_G_ABC,naive,2,G,D,62,,T
B,4N8V_G_ABC,naive,2,G,L,94,,V
B,4N8V_G_ABC,naive,2,G,S,122,,A
B,4N8V_G_ABC,naive,2,G,S,123,,P
B,4N8V_G_ABC,naive,2,G,F,171,,L
B,4N8V_G_ABC,naive,2,G,D,173,,N
B,4N8V_G_ABC,naive,2,G,S,174,,Y
B,4N8V_G_ABC,naive,2,A,Q,72,,R
B,4N8V_G_ABC,naive,2,A,R,75,,Q
B,4N8V_G_ABC,naive,2,A,T,80,,F
B,4N8V_G_ABC,naive,2,A,R,82,,T
B,4N8V_G_ABC,naive,2,A,G,83,,A
B,4N8V_G_ABC,naive,2,A,Y,84,,R
B,4N8V_G_ABC,naive,2,A,I,142,,V
B,4N8V_G_ABC,naive,2,A,R,145,,K
B,4N8V_G_ABC,naive,2,A,K,146,,R
B,4N8V_G_ABC,naive,2,A,H,151,,G
B,4N8V_G_ABC,naive,2,C,G,8,,Y
B,4N8V_G_ABC,random,0,G,K,38,,D
B,4N8V_G_ABC,random,0,G,Y,39,,E
B,4N8V_G_ABC,random,0,G,M,60,,N
B,4N8V_G_ABC,random,0,G,Q,61,,K
B,4N8V_G_ABC,random,0,G,D,62,,V
B,4N8V_G_ABC,random,0,G,L,94,,Y
B,4N8V_G_ABC,random,0,G,Y,95,,T
B,4N8V_G_ABC,random,0,G,E,96,,Q
B,4N8V_G_ABC,random,0,G,S,122,,A
B,4N8V_G_ABC,random,0,G,S,123,,P
B,4N8V_G_ABC,random,0,G,D,173,,Y
B,4N8V_G_ABC,random,0,G,S,174,,E
B,4N8V_G_ABC,random,0,A,Q,72,,F
B,4N8V_G_ABC,random,0,A,V,76,,C
B,4N8V_G_ABC,random,0,A,G,79,,D
B,4N8V_G_ABC,random,0,A,T,80,,E
B,4N8V_G_ABC,random,0,A,G,83,,H
B,4N8V_G_ABC,random,0,A,Y,84,,A
B,4N8V_G_ABC,random,0,A,I,142,,Q
B,4N8V_G_ABC,random,0,A,R,145,,H
B,4N8V_G_ABC,random,0,A,A,149,,P
B,4N8V_G_ABC,random,0,A,H,151,,G
B,4N8V_G_ABC,random,0,C,G,8,,D
B,4N8V_G_ABC,random,1,G,K,38,,D
B,4N8V_G_ABC,random,1,G,Y,39,,H
B,4N8V_G_ABC,random,1,G,M,60,,D
B,4N8V_G_ABC,random,1,G,Q,61,,R
B,4N8V_G_ABC,random,1,G,D,62,,T
B,4N8V_G_ABC,random,1,G,L,94,,Y
B,4N8V_G_ABC,random,1,G,E,96,,D
B,4N8V_G_ABC,random,1,G,S,122,,G
B,4N8V_G_ABC,random,1,G,S,123,,P
B,4N8V_G_ABC,random,1,G,D,125,,R
B,4N8V_G_ABC,random,1,G,F,171,,L
B,4N8V_G_ABC,random,1,G,D,173,,Y
B,4N8V_G_ABC,random,1,G,S,174,,T
B,4N8V_G_ABC,random,1,A,Q,72,,E
B,4N8V_G_ABC,random,1,A,R,75,,A
B,4N8V_G_ABC,random,1,A,V,76,,A
B,4N8V_G_ABC,random,1,A,G,79,,S
B,4N8V_G_ABC,random,1,A,T,80,,E
B,4N8V_G_ABC,random,1,A,R,82,,E
B,4N8V_G_ABC,random,1,A,G,83,,Y
B,4N8V_G_ABC,random,1,A,I,142,,E
B,4N8V_G_ABC,random,1,A,R,145,,H
B,4N8V_G_ABC,random,1,A,A,149,,N
B,4N8V_G_ABC,random,1,A,H,151,,Q
B,4N8V_G_ABC,random,1,C,G,8,,D
B,4N8V_G_ABC,random,2,G,K,38,,D
B,4N8V_G_ABC,random,2,G,M,60,,N
B,4N8V_G_ABC,random,2,G,Q,61,,M
B,4N8V_G_ABC,random,2,G,D,62,,V
B,4N8V_G_ABC,random,2,G,L,94,,R
B,4N8V_G_ABC,random,2,G,Y,95,,T
B,4N8V_G_ABC,random,2,G,E,96,,Q
B,4N8V_G_ABC,random,2,G,S,122,,G
B,4N8V_G_ABC,random,2,G,S,123,,P
B,4N8V_G_ABC,random,2,G,D,125,,W
B,4N8V_G_ABC,random,2,G,F,171,,Y
B,4N8V_G_ABC,random,2,G,D,173,,H
B,4N8V_G_ABC,random,2,G,S,174,,T
B,4N8V_G_ABC,random,2,A,Q,72,,A
B,4N8V_G_ABC,random,2,A,R,75,,Q
B,4N8V_G_ABC,random,2,A,V,76,,A
B,4N8V_G_ABC,random,2,A,G,79,,L
B,4N8V_G_ABC,random,2,A,T,80,,E
B,4N8V_G_ABC,random,2,A,R,82,,K
B,4N8V_G_ABC,random,2,A,G,83,,N
B,4N8V_G_ABC,random,2,A,Y,84,,A
B,4N8V_G_ABC,random,2,A,R,145,,T
B,4N8V_G_ABC,random,2,A,A,149,,N
B,4N8V_G_ABC,random,2,A,A,150,,G
B,4N8V_G_ABC,random,2,A,H,151,,L
B,4N8V_G_ABC,random,2,C,G,8,,D
B,5F4E_A_B,L,0,A,E,50,,D
B,5F4E_A_B,L,0,A,M,54,,L
B,5F4E_A_B,L,0,A,V,120,,L
B,5F4E_A_B,L,0,A,W,127,,H
B,5F4E_A_B,L,0,A,K,129,,Q
B,5F4E_A_B,L,0,A,N,130,,T
B,5F4E_A_B,L,0,A,K,132,,I
B,5F4E_A_B,L,0,A,E,134,,Q
B,5F4E_A_B,L,0,A,V,135,,L
B,5F4E_A_B,L,0,A,H,136,,L
B,5F4E_A_B,L,0,A,A,137,,D
B,5F4E_A_B,L,0,A,R,139,,L
B,5F4E_A_B,L,0,A,S,141,,A
B,5F4E_A_B,L,0,A,N,218,,R
B,5F4E_A_B,L,0,A,S,219,,F
B,5F4E_A_B,L,0,A,S,220,,I
B,5F4E_A_B,L,0,B,E,26,,G
B,5F4E_A_B,L,0,B,L,39,,T
B,5F4E_A_B,L,0,B,H,46,,T
B,5F4E_A_B,L,0,B,D,48,,L
B,5F4E_A_B,L,0,B,H,59,,R
B,5F4E_A_B,L,0,B,M,64,,L
B,5F4E_A_B,L,0,B,R,68,,N
B,5F4E_A_B,L,0,B,M,121,,I
B,5F4E_A_B,L,0,B,Y,123,,F
B,5F4E_A_B,L,0,B,K,139,,Y
B,5F4E_A_B,L,1,A,L,48,,I
B,5F4E_A_B,L,1,A,E,50,,S
B,5F4E_A_B,L,1,A,M,54,,S
B,5F4E_A_B,L,1,A,Y,113,,F
B,5F4E_A_B,L,1,A,V,120,,L
B,5F4E_A_B,L,1,A,W,127,,R
B,5F4E_A_B,L,1,A,K,129,,H
B,5F4E_A_B,L,1,A,K,132,,I
B,5F4E_A_B,L,1,A,V,135,,T
B,5F4E_A_B,L,1,A,H,136,,Y
B,5F4E_A_B,L,1,A,A,137,,R
B,5F4E_A_B,L,1,A,R,139,,F
B,5F4E_A_B,L,1,A,N,218,,A
B,5F4E_A_B,L,1,A,S,219,,T
B,5F4E_A_B,L,1,A,S,220,,W
B,5F4E_A_B,L,1,B,Y,25,,F
B,5F4E_A_B,L,1,B,E,26,,K
B,5F4E_A_B,L,1,B,L,39,,F
B,5F4E_A_B,L,1,B,D,48,,E
B,5F4E_A_B,L,1,B,F,58,,W
B,5F4E_A_B,L,1,B,H,59,,F
B,5F4E_A_B,L,1,B,M,64,,L
B,5F4E_A_B,L,1,B,R,68,,E
B,5F4E_A_B,L,1,B,M,121,,S
B,5F4E_A_B,L,1,B,Y,123,,F
B,5F4E_A_B,L,1,B,K,139,,H
B,5F4E_A_B,L,2,A,L,48,,C
B,5F4E_A_B,L,2,A,E,50,,W
B,5F4E_A_B,L,2,A,M,54,,E
B,5F4E_A_B,L,2,A,Y,113,,F
B,5F4E_A_B,L,2,A,V,120,,E
B,5F4E_A_B,L,2,A,W,127,,H
B,5F4E_A_B,L,2,A,K,129,,Y
B,5F4E_A_B,L,2,A,K,132,,I
B,5F4E_A_B,L,2,A,H,136,,Y
B,5F4E_A_B,L,2,A,A,137,,W
B,5F4E_A_B,L,2,A,R,139,,H
B,5F4E_A_B,L,2,A,S,141,,Q
B,5F4E_A_B,L,2,A,Y,142,,R
B,5F4E_A_B,L,2,A,N,218,,R
B,5F4E_A_B,L,2,A,S,219,,H
B,5F4E_A_B,L,2,B,E,26,,H
B,5F4E_A_B,L,2,B,L,39,,P
B,5F4E_A_B,L,2,B,D,48,,Q
B,5F4E_A_B,L,2,B,F,58,,R
B,5F4E_A_B,L,2,B,H,59,,W
B,5F4E_A_B,L,2,B,M,64,,L
B,5F4E_A_B,L,2,B,R,68,,T
B,5F4E_A_B,L,2,B,M,121,,H
B,5F4E_A_B,L,2,B,Y,123,,F
B,5F4E_A_B,L,2,B,K,139,,V
B,5F4E_A_B,naive,0,A,E,50,,N
B,5F4E_A_B,naive,0,A,M,54,,I
B,5F4E_A_B,naive,0,A,V,120,,I
B,5F4E_A_B,naive,0,A,W,127,,N
B,5F4E_A_B,naive,0,A,K,129,,R
B,5F4E_A_B,naive,0,A,K,132,,I
B,5F4E_A_B,naive,0,A,E,134,,F
B,5F4E_A_B,naive,0,A,V,135,,D
B,5F4E_A_B,naive,0,A,H,136,,Y
B,5F4E_A_B,naive,0,A,R,139,,Y
B,5F4E_A_B,naive,0,A,Y,142,,E
B,5F4E_A_B,naive,0,A,N,218,,H
B,5F4E_A_B,naive,0,A,S,219,,N
B,5F4E_A_B,naive,0,A,S,220,,R
B,5F4E_A_B,naive,0,B,E,26,,G
B,5F4E_A_B,naive,0,B,L,39,,R
B,5F4E_A_B,naive,0,B,L,47,,R
B,5F4E_A_B,naive,0,B,D,48,,E
B,5F4E_A_B,naive,0,B,F,58,,Y
B,5F4E_A_B,naive,0,B,M,64,,L
B,5F4E_A_B,naive,0,B,M,121,,D
B,5F4E_A_B,naive,0,B,K,139,,L
B,5F4E_A_B,naive,1,A,L,48,,I
B,5F4E_A_B,naive,1,A,E,50,,S
B,5F4E_A_B,naive,1,A,M,54,,L
B,5F4E_A_B,naive,1,A,V,120,,T
B,5F4E_A_B,naive,1,A,W,127,,N
B,5F4E_A_B,naive,1,A,K,129,,R
B,5F4E_A_B,naive,1,A,N,130,,T
B,5F4E_A_B,naive,1,A,K,132,,R
B,5F4E_A_B,naive,1,A,V,135,,N
B,5F4E_A_B,naive,1,A,H,136,,L
B,5F4E_A_B,naive,1,A,A,137,,H
B,5F4E_A_B,naive,1,A,R,139,,F
B,5F4E_A_B,naive,1,A,S,141,,K
B,5F4E_A_B,naive,1,A,Y,142,,E
B,5F4E_A_B,naive,1,A,N,218,,L
B,5F4E_A_B,naive,1,A,S,219,,D
B,5F4E_A_B,naive,1,A,S,220,,I
B,5F4E_A_B,naive,1,B,E,26,,G
B,5F4E_A_B,naive,1,B,L,39,,F
B,5F4E_A_B,naive,1,B,L,47,,Q
B,5F4E_A_B,naive,1,B,D,48,,R
B,5F4E_A_B,naive,1,B,F,58,,H
B,5F4E_A_B,naive,1,B,H,59,,L
B,5F4E_A_B,naive,1,B,M,64,,L
B,5F4E_A_B,naive,1,B,R,68,,L
B,5F4E_A_B,naive,1,B,M,121,,D
B,5F4E_A_B,naive,1,B,Y,123,,F
B,5F4E_A_B,naive,1,B,K,139,,Y
B,5F4E_A_B,naive,2,A,E,50,,P
B,5F4E_A_B,naive,2,A,Y,113,,F
B,5F4E_A_B,naive,2,A,V,120,,L
B,5F4E_A_B,naive,2,A,W,127,,H
B,5F4E_A_B,naive,2,A,K,129,,R
B,5F4E_A_B,naive,2,A,N,130,,T
B,5F4E_A_B,naive,2,A,K,132,,I
B,5F4E_A_B,naive,2,A,V,135,,D
B,5F4E_A_B,naive,2,A,H,136,,Y
B,5F4E_A_B,naive,2,A,A,137,,E
B,5F4E_A_B,naive,2,A,R,139,,F
B,5F4E_A_B,naive,2,A,S,141,,T
B,5F4E_A_B,naive,2,A,Y,142,,E
B,5F4E_A_B,naive,2,A,N,218,,L
B,5F4E_A_B,naive,2,A,S,220,,Y
B,5F4E_A_B,naive,2,B,Y,25,,F
B,5F4E_A_B,naive,2,B,E,26,,G
B,5F4E_A_B,naive,2,B,L,39,,T
B,5F4E_A_B,naive,2,B,H,46,,A
B,5F4E_A_B,naive,2,B,D,48,,R
B,5F4E_A_B,naive,2,B,F,58,,E
B,5F4E_A_B,naive,2,B,M,64,,L
B,5F4E_A_B,naive,2,B,M,121,,D
B,5F4E_A_B,naive,2,B,Y,123,,F
B,5F4E_A_B,naive,2,B,K,139,,H
B,5F4E_A_B,random,0,A,L,48,,V
B,5F4E_A_B,random,0,A,E,50,,D
B,5F4E_A_B,random,0,A,M,54,,L
B,5F4E_A_B,random,0,A,V,120,,T
B,5F4E_A_B,random,0,A,W,127,,D
B,5F4E_A_B,random,0,A,E,134,,Y
B,5F4E_A_B,random,0,A,V,135,,L
B,5F4E_A_B,random,0,A,H,136,,K
B,5F4E_A_B,random,0,A,A,137,,S
B,5F4E_A_B,random,0,A,R,139,,L
B,5F4E_A_B,random,0,A,S,141,,A
B,5F4E_A_B,random,0,A,Y,142,,V
B,5F4E_A_B,random,0,A,N,218,,E
B,5F4E_A_B,random,0,A,S,219,,F
B,5F4E_A_B,random,0,A,S,220,,Q
B,5F4E_A_B,random,0,B,E,26,,G
B,5F4E_A_B,random,0,B,L,39,,H
B,5F4E_A_B,random,0,B,W,43,,Q
B,5F4E_A_B,random,0,B,H,46,,T
B,5F4E_A_B,random,0,B,L,47,,Q
B,5F4E_A_B,random,0,B,D,48,,R
B,5F4E_A_B,random,0,B,H,59,,R
B,5F4E_A_B,random,0,B,L,62,,D
B,5F4E_A_B,random,0,B,M,64,,S
B,5F4E_A_B,random,0,B,P,65,,S
B,5F4E_A_B,random,0,B,R,68,,N
B,5F4E_A_B,random,0,B,M,121,,I
B,5F4E_A_B,random,0,B,Y,123,,F
B,5F4E_A_B,random,0,B,K,139,,Y
B,5F4E_A_B,random,1,A,L,48,,I
B,5F4E_A_B,random,1,A,E,50,,S
B,5F4E_A_B,random,1,A,M,54,,K
B,5F4E_A_B,random,1,A,V,120,,T
B,5F4E_A_B,random,1,A,W,127,,D
B,5F4E_A_B,random,1,A,K,129,,H
B,5F4E_A_B,random,1,A,K,132,,I
B,5F4E_A_B,random,1,A,E,134,,Y
B,5F4E_A_B,random,1,A,H,136,,Y
B,5F4E_A_B,random,1,A,A,137,,S
B,5F4E_A_B,random,1,A,R,139,,T
B,5F4E_A_B,random,1,A,Y,142,,A
B,5F4E_A_B,random,1,A,N,218,,A
B,5F4E_A_B,random,1,A,S,219,,N
B,5F4E_A_B,random,1,A,S,220,,A
B,5F4E_A_B,random,1,B,E,26,,N
B,5F4E_A_B,random,1,B,L,39,,K
B,5F4E_A_B,random,1,B,W,43,,Q
B,5F4E_A_B,random,1,B,H,46,,Q
B,5F4E_A_B,random,1,B,L,47,,Q
B,5F4E_A_B,random,1,B,D,48,,E
B,5F4E_A_B,random,1,B,F,58,,W
B,5F4E_A_B,random,1,B,H,59,,F
B,5F4E_A_B,random,1,B,L,62,,R
B,5F4E_A_B,random,1,B,M,64,,L
B,5F4E_A_B,random,1,B,P,65,,N
B,5F4E_A_B,random,1,B,R,68,,N
B,5F4E_A_B,random,1,B,M,121,,S
B,5F4E_A_B,random,1,B,Y,123,,N
B,5F4E_A_B,random,1,B,K,139,,H
B,5F4E_A_B,random,2,A,L,48,,C
B,5F4E_A_B,random,2,A,E,50,,W
B,5F4E_A_B,random,2,A,M,54,,R
B,5F4E_A_B,random,2,A,V,120,,E
B,5F4E_A_B,random,2,A,W,127,,D
B,5F4E_A_B,random,2,A,N,130,,H
B,5F4E_A_B,random,2,A,K,132,,I
B,5F4E_A_B,random,2,A,E,134,,Y
B,5F4E_A_B,random,2,A,H,136,,E
B,5F4E_A_B,random,2,A,A,137,,W
B,5F4E_A_B,random,2,A,R,139,,L
B,5F4E_A_B,random,2,A,S,141,,Q
B,5F4E_A_B,random,2,A,Y,142,,K
B,5F4E_A_B,random,2,A,N,218,,R
B,5F4E_A_B,random,2,A,S,219,,N
B,5F4E_A_B,random,2,B,Y,25,,T
B,5F4E_A_B,random,2,B,E,26,,H
B,5F4E_A_B,random,2,B,L,39,,P
B,5F4E_A_B,random,2,B,W,43,,Q
B,5F4E_A_B,random,2,B,H,46,,Q
B,5F4E_A_B,random,2,B,L,47,,W
B,5F4E_A_B,random,2,B,D,48,,R
B,5F4E_A_B,random,2,B,F,58,,N
B,5F4E_A_B,random,2,B,H,59,,W
B,5F4E_A_B,random,2,B,L,62,,M
B,5F4E_A_B,random,2,B,M,64,,L
B,5F4E_A_B,random,2,B,P,65,,S
B,5F4E_A_B,random,2,B,R,68,,T
B,5F4E_A_B,random,2,B,M,121,,H
B,5F4E_A_B,random,2,B,Y,123,,F
B,5F4E_A_B,random,2,B,K,139,,V
B,5M2O_A_B,L,0,A,A,34,,G
B,5M2O_A_B,L,0,A,D,36,,S
B,5M2O_A_B,L,0,A,M,62,,W
B,5M2O_A_B,L,0,A,I,67,,S
B,5M2O_A_B,L,0,A,G,69,,A
B,5M2O_A_B,L,0,A,N,71,,C
B,5M2O_A_B,L,0,A,K,73,,I
B,5M2O_A_B,L,0,A,D,77,,I
B,5M2O_A_B,L,0,A,K,78,,N
B,5M2O_A_B,L,0,A,E,80,,K
B,5M2O_A_B,L,0,A,K,113,,R
B,5M2O_A_B,L,0,A,H,117,,Y
B,5M2O_A_B,L,0,A,S,119,,D
B,5M2O_A_B,L,0,A,N,120,,I
B,5M2O_A_B,L,0,A,D,121,,H
B,5M2O_A_B,L,0,B,N,10,,H
B,5M2O_A_B,L,0,B,D,12,,K
B,5M2O_A_B,L,0,B,L,22,,R
B,5M2O_A_B,L,0,B,M,24,,R
B,5M2O_A_B,L,0,B,A,28,,L
B,5M2O_A_B,L,0,B,K,32,,V
B,5M2O_A_B,L,0,B,Q,58,,H
B,5M2O_A_B,L,0,B,Q,61,,M
B,5M2O_A_B,L,0,B,S,62,,D
B,5M2O_A_B,L,0,B,C,64,,G
B,5M2O_A_B,L,1,A,A,34,,G
B,5M2O_A_B,L,1,A,D,36,,L
B,5M2O_A_B,L,1,A,M,62,,Y
B,5M2O_A_B,L,1,A,I,67,,A
B,5M2O_A_B,L,1,A,G,69,,A
B,5M2O_A_B,L,1,A,N,71,,C
B,5M2O_A_B,L,1,A,K,73,,V
B,5M2O_A_B,L,1,A,D,77,,E
B,5M2O_A_B,L,1,A,K,78,,N
B,5M2O_A_B,L,1,A,E,80,,V
B,5M2O_A_B,L,1,A,K,113,,R
B,5M2O_A_B,L,1,A,H,117,,Y
B,5M2O_A_B,L,1,A,S,119,,N
B,5M2O_A_B,L,1,A,D,121,,R
B,5M2O_A_B,L,1,B,L,22,,R
B,5M2O_A_B,L,1,B,M,24,,E
B,5M2O_A_B,L,1,B,Q,25,,A
B,5M2O_A_B,L,1,B,A,28,,L
B,5M2O_A_B,L,1,B,N,29,,D
B,5M2O_A_B,L,1,B,K,32,,R
B,5M2O_A_B,L,1,B,Y,33,,V
B,5M2O_A_B,L,1,B,Q,58,,N
B,5M2O_A_B,L,1,B,Q,61,,I
B,5M2O_A_B,L,1,B,S,62,,Y
B,5M2O_A_B,L,1,B,C,64,,G
B,5M2O_A_B,L,2,A,A,34,,G
B,5M2O_A_B,L,2,A,D,36,,S
B,5M2O_A_B,L,2,A,M,62,,Y
B,5M2O_A_B,L,2,A,I,67,,T
B,5M2O_A_B,L,2,A,N,71,,A
B,5M2O_A_B,L,2,A,K,73,,V
B,5M2O_A_B,L,2,A,D,77,,T
B,5M2O_A_B,L,2,A,K,78,,N
B,5M2O_A_B,L,2,A,E,80,,Q
B,5M2O_A_B,L,2,A,K,113,,R
B,5M2O_A_B,L,2,A,H,117,,Y
B,5M2O_A_B,L,2,A,S,119,,G
B,5M2O_A_B,L,2,A,N,120,,I
B,5M2O_A_B,L,2,A,D,121,,Q
B,5M2O_A_B,L,2,B,L,22,,W
B,5M2O_A_B,L,2,B,M,24,,Q
B,5M2O_A_B,L,2,B,A,28,,K
B,5M2O_A_B,L,2,B,Q,58,,E
B,5M2O_A_B,L,2,B,Q,61,,I
B,5M2O_A_B,L,2,B,S,62,,K
B,5M2O_A_B,L,2,B,C,64,,Q
B,5M2O_A_B,naive,0,A,A,34,,G
B,5M2O_A_B,naive,0,A,D,36,,N
B,5M2O_A_B,naive,0,A,M,62,,H
B,5M2O_A_B,naive,0,A,T,63,,V
B,5M2O_A_B,naive,0,A,I,67,,T
B,5M2O_A_B,naive,0,A,G,69,,S
B,5M2O_A_B,naive,0,A,N,71,,A
B,5M2O_A_B,naive,0,A,K,73,,V
B,5M2O_A_B,naive,0,A,D,77,,E
B,5M2O_A_B,naive,0,A,K,78,,N
B,5M2O_A_B,naive,0,A,E,80,,N
B,5M2O_A_B,naive,0,A,K,113,,Q
B,5M2O_A_B,naive,0,A,H,117,,Y
B,5M2O_A_B,naive,0,A,S,119,,D
B,5M2O_A_B,naive,0,A,N,120,,D
B,5M2O_A_B,naive,0,A,D,121,,N
B,5M2O_A_B,naive,0,B,L,22,,A
B,5M2O_A_B,naive,0,B,M,24,,E
B,5M2O_A_B,naive,0,B,Q,25,,R
B,5M2O_A_B,naive,0,B,A,28,,L
B,5M2O_A_B,naive,0,B,N,29,,D
B,5M2O_A_B,naive,0,B,Q,58,,E
B,5M2O_A_B,naive,0,B,Q,61,,I
B,5M2O_A_B,naive,0,B,S,62,,A
B,5M2O_A_B,naive,0,B,L,67,,K
B,5M2O_A_B,naive,1,A,A,34,,G
B,5M2O_A_B,naive,1,A,D,36,,N
B,5M2O_A_B,naive,1,A,M,62,,Y
B,5M2O_A_B,naive,1,A,T,63,,V
B,5M2O_A_B,naive,1,A,I,67,,T
B,5M2O_A_B,naive,1,A,G,69,,A
B,5M2O_A_B,naive,1,A,N,71,,A
B,5M2O_A_B,naive,1,A,K,73,,I
B,5M2O_A_B,naive,1,A,D,77,,S
B,5M2O_A_B,naive,1,A,K,78,,E
B,5M2O_A_B,naive,1,A,E,80,,N
B,5M2O_A_B,naive,1,A,H,117,,Y
B,5M2O_A_B,naive,1,A,S,119,,D
B,5M2O_A_B,naive,1,A,N,120,,D
B,5M2O_A_B,naive,1,A,D,121,,T
B,5M2O_A_B,naive,1,B,L,22,,I
B,5M2O_A_B,naive,1,B,M,24,,D
B,5M2O_A_B,naive,1,B,Q,25,,R
B,5M2O_A_B,naive,1,B,A,28,,L
B,5M2O_A_B,naive,1,B,Q,58,,M
B,5M2O_A_B,naive,1,B,Q,61,,I
B,5M2O_A_B,naive,1,B,S,62,,D
B,5M2O_A_B,naive,2,A,A,34,,G
B,5M2O_A_B,naive,2,A,D,36,,N
B,5M2O_A_B,naive,2,A,M,62,,L
B,5M2O_A_B,naive,2,A,I,67,,T
B,5M2O_A_B,naive,2,A,G,69,,A
B,5M2O_A_B,naive,2,A,N,71,,A
B,5M2O_A_B,naive,2,A,K,73,,V
B,5M2O_A_B,naive,2,A,D,77,,S
B,5M2O_A_B,naive,2,A,K,78,,S
B,5M2O_A_B,naive,2,A,E,80,,N
B,5M2O_A_B,naive,2,A,K,113,,R
B,5M2O_A_B,naive,2,A,H,117,,Y
B,5M2O_A_B,naive,2,A,S,119,,D
B,5M2O_A_B,naive,2,A,N,120,,D
B,5M2O_A_B,naive,2,A,D,121,,K
B,5M2O_A_B,naive,2,B,L,22,,A
B,5M2O_A_B,naive,2,B,M,24,,L
B,5M2O_A_B,naive,2,B,Q,25,,R
B,5M2O_A_B,naive,2,B,A,28,,R
B,5M2O_A_B,naive,2,B,N,29,,D
B,5M2O_A_B,naive,2,B,Q,58,,E
B,5M2O_A_B,naive,2,B,Q,61,,M
B,5M2O_A_B,naive,2,B,S,62,,D
B,5M2O_A_B,naive,2,B,C,64,,M
B,5M2O_A_B,random,0,A,A,34,,G
B,5M2O_A_B,random,0,A,D,36,,S
B,5M2O_A_B,random,0,A,M,62,,T
B,5M2O_A_B,random,0,A,I,67,,N
B,5M2O_A_B,random,0,A,G,69,,Y
B,5M2O_A_B,random,0,A,N,71,,G
B,5M2O_A_B,random,0,A,K,73,,T
B,5M2O_A_B,random,0,A,L,75,,V
B,5M2O_A_B,random,0,A,D,77,,I
B,5M2O_A_B,random,0,A,K,78,,Q
B,5M2O_A_B,random,0,A,E,80,,K
B,5M2O_A_B,random,0,A,K,113,,R
B,5M2O_A_B,random,0,A,H,117,,L
B,5M2O_A_B,random,0,A,S,119,,D
B,5M2O_A_B,random,0,A,N,120,,T
B,5M2O_A_B,random,0,A,D,121,,A
B,5M2O_A_B,random,0,B,N,10,,P
B,5M2O_A_B,random,0,B,D,12,,K
B,5M2O_A_B,random,0,B,I,17,,D
B,5M2O_A_B,random,0,B,S,18,,A
B,5M2O_A_B,random,0,B,L,22,,I
B,5M2O_A_B,random,0,B,M,24,,S
B,5M2O_A_B,random,0,B,A,28,,R
B,5M2O_A_B,random,0,B,N,29,,Q
B,5M2O_A_B,random,0,B,K,32,,V
B,5M2O_A_B,random,0,B,Q,58,,H
B,5M2O_A_B,random,0,B,Q,61,,L
B,5M2O_A_B,random,0,B,S,62,,D
B,5M2O_A_B,random,0,B,C,64,,L
B,5M2O_A_B,random,0,B,L,65,,V
B,5M2O_A_B,random,1,A,A,34,,G
B,5M2O_A_B,random,1,A,D,36,,S
B,5M2O_A_B,random,1,A,M,62,,D
B,5M2O_A_B,random,1,A,I,67,,A
B,5M2O_A_B,random,1,A,G,69,,L
B,5M2O_A_B,random,1,A,N,71,,G
B,5M2O_A_B,random,1,A,K,73,,T
B,5M2O_A_B,random,1,A,L,75,,V
B,5M2O_A_B,random,1,A,D,77,,K
B,5M2O_A_B,random,1,A,K,78,,N
B,5M2O_A_B,random,1,A,E,80,,V
B,5M2O_A_B,random,1,A,K,113,,L
B,5M2O_A_B,random,1,A,H,117,,Y
B,5M2O_A_B,random,1,A,S,119,,N
B,5M2O_A_B,random,1,B,D,16,,N
B,5M2O_A_B,random,1,B,S,18,,A
B,5M2O_A_B,random,1,B,L,22,,A
B,5M2O_A_B,random,1,B,M,24,,D
B,5M2O_A_B,random,1,B,Q,25,,A
B,5M2O_A_B,random,1,B,A,28,,R
B,5M2O_A_B,random,1,B,N,29,,D
B,5M2O_A_B,random,1,B,K,32,,V
B,5M2O_A_B,random,1,B,Y,33,,V
B,5M2O_A_B,random,1,B,Q,58,,N
B,5M2O_A_B,random,1,B,Q,61,,I
B,5M2O_A_B,random,1,B,S,62,,Q
B,5M2O_A_B,random,1,B,C,64,,D
B,5M2O_A_B,random,1,B,L,65,,V
B,5M2O_A_B,random,2,A,A,34,,G
B,5M2O_A_B,random,2,A,D,36,,S
B,5M2O_A_B,random,2,A,M,62,,D
B,5M2O_A_B,random,2,A,I,67,,T
B,5M2O_A_B,random,2,A,G,69,,S
B,5M2O_A_B,random,2,A,N,71,,A
B,5M2O_A_B,random,2,A,K,73,,T
B,5M2O_A_B,random,2,A,L,75,,V
B,5M2O_A_B,random,2,A,D,77,,T
B,5M2O_A_B,random,2,A,K,78,,N
B,5M2O_A_B,random,2,A,E,80,,Q
B,5M2O_A_B,random,2,A,K,113,,C
B,5M2O_A_B,random,2,A,H,117,,Y
B,5M2O_A_B,random,2,A,S,119,,D
B,5M2O_A_B,random,2,A,D,121,,Q
B,5M2O_A_B,random,2,B,D,16,,N
B,5M2O_A_B,random,2,B,I,17,,V
B,5M2O_A_B,random,2,B,S,18,,A
B,5M2O_A_B,random,2,B,L,22,,I
B,5M2O_A_B,random,2,B,M,24,,V
B,5M2O_A_B,random,2,B,A,28,,R
B,5M2O_A_B,random,2,B,Q,58,,L
B,5M2O_A_B,random,2,B,Q,61,,L
B,5M2O_A_B,random,2,B,S,62,,K
B,5M2O_A_B,random,2,B,C,64,,I
B,5M2O_A_B,random,2,B,L,65,,V
B,5M2O_A_B,random,2,B,L,67,,Q
B,5TAR_A_B,L,0,A,S,181,,D
B,5TAR_A_B,L,0,A,K,182,,C
B,5TAR_A_B,L,0,A,T,183,,W
B,5TAR_A_B,L,0,A,K,184,,R
B,5TAR_A_B,L,0,B,E,86,,H
B,5TAR_A_B,L,0,B,W,88,,E
B,5TAR_A_B,L,0,B,I,107,,L
B,5TAR_A_B,L,0,B,E,108,,R
B,5TAR_A_B,L,0,B,A,109,,L
B,5TAR_A_B,L,0,B,A,110,,C
B,5TAR_A_B,L,0,B,Q,114,,K
B,5TAR_A_B,L,0,B,M,115,,Q
B,5TAR_A_B,L,0,B,M,116,,L
B,5TAR_A_B,L,1,A,S,181,,N
B,5TAR_A_B,L,1,A,T,183,,W
B,5TAR_A_B,L,1,A,K,184,,R
B,5TAR_A_B,L,1,B,E,86,,Q
B,5TAR_A_B,L,1,B,W,88,,R
B,5TAR_A_B,L,1,B,I,107,,L
B,5TAR_A_B,L,1,B,E,108,,T
B,5TAR_A_B,L,1,B,A,109,,R
B,5TAR_A_B,L,1,B,Q,114,,D
B,5TAR_A_B,L,1,B,M,115,,L
B,5TAR_A_B,L,2,A,S,181,,D
B,5TAR_A_B,L,2,A,K,182,,C
B,5TAR_A_B,L,2,A,T,183,,F
B,5TAR_A_B,L,2,A,K,184,,V
B,5TAR_A_B,L,2,B,E,86,,Q
B,5TAR_A_B,L,2,B,W,88,,R
B,5TAR_A_B,L,2,B,I,107,,L
B,5TAR_A_B,L,2,B,E,108,,N
B,5TAR_A_B,L,2,B,A,109,,L
B,5TAR_A_B,L,2,B,A,110,,C
B,5TAR_A_B,L,2,B,P,111,,L
B,5TAR_A_B,L,2,B,Q,114,,M
B,5TAR_A_B,L,2,B,M,115,,L
B,5TAR_A_B,L,2,B,M,116,,L
B,5TAR_A_B,naive,0,A,T,183,,F
B,5TAR_A_B,naive,0,A,K,184,,R
B,5TAR_A_B,naive,0,B,E,86,,Q
B,5TAR_A_B,naive,0,B,W,88,,I
B,5TAR_A_B,naive,0,B,I,107,,L
B,5TAR_A_B,naive,0,B,E,108,,K
B,5TAR_A_B,naive,0,B,A,109,,S
B,5TAR_A_B,naive,0,B,Q,114,,K
B,5TAR_A_B,naive,0,B,M,115,,R
B,5TAR_A_B,naive,0,B,M,116,,I
B,5TAR_A_B,naive,1,A,S,181,,N
B,5TAR_A_B,naive,1,A,T,183,,F
B,5TAR_A_B,naive,1,A,K,184,,R
B,5TAR_A_B,naive,1,B,W,88,,R
B,5TAR_A_B,naive,1,B,I,107,,L
B,5TAR_A_B,naive,1,B,E,108,,P
B,5TAR_A_B,naive,1,B,Q,114,,E
B,5TAR_A_B,naive,1,B,M,115,,R
B,5TAR_A_B,naive,2,A,S,181,,K
B,5TAR_A_B,naive,2,A,K,182,,R
B,5TAR_A_B,naive,2,A,T,183,,F
B,5TAR_A_B,naive,2,A,K,184,,I
B,5TAR_A_B,naive,2,B,E,86,,Q
B,5TAR_A_B,naive,2,B,W,88,,L
B,5TAR_A_B,naive,2,B,I,107,,L
B,5TAR_A_B,naive,2,B,E,108,,P
B,5TAR_A_B,naive,2,B,A,109,,H
B,5TAR_A_B,naive,2,B,M,115,,R
B,5TAR_A_B,naive,2,B,M,116,,L
B,5TAR_A_B,random,0,A,S,181,,D
B,5TAR_A_B,random,0,A,K,182,,T
B,5TAR_A_B,random,0,A,T,183,,W
B,5TAR_A_B,random,0,A,K,184,,R
B,5TAR_A_B,random,0,B,E,86,,T
B,5TAR_A_B,random,0,B,W,88,,E
B,5TAR_A_B,random,0,B,I,107,,T
B,5TAR_A_B,random,0,B,E,108,,I
B,5TAR_A_B,random,0,B,A,109,,N
B,5TAR_A_B,random,0,B,A,110,,E
B,5TAR_A_B,random,0,B,Q,114,,K
B,5TAR_A_B,random,0,B,M,115,,R
B,5TAR_A_B,random,0,B,M,116,,L
B,5TAR_A_B,random,1,A,S,181,,R
B,5TAR_A_B,random,1,A,T,183,,W
B,5TAR_A_B,random,1,A,K,184,,R
B,5TAR_A_B,random,1,B,L,85,,M
B,5TAR_A_B,random,1,B,E,86,,T
B,5TAR_A_B,random,1,B,W,88,,R
B,5TAR_A_B,random,1,B,I,107,,A
B,5TAR_A_B,random,1,B,E,108,,L
B,5TAR_A_B,random,1,B,A,109,,N
B,5TAR_A_B,random,1,B,A,110,,E
B,5TAR_A_B,random,1,B,Q,114,,D
B,5TAR_A_B,random,1,B,M,115,,V
B,5TAR_A_B,random,2,A,S,181,,D
B,5TAR_A_B,random,2,A,K,182,,T
B,5TAR_A_B,random,2,A,T,183,,Q
B,5TAR_A_B,random,2,A,K,184,,V
B,5TAR_A_B,random,2,B,E,86,,R
B,5TAR_A_B,random,2,B,W,88,,R
B,5TAR_A_B,random,2,B,I,107,,F
B,5TAR_A_B,random,2,B,E,108,,N
B,5TAR_A_B,random,2,B,A,109,,N
B,5TAR_A_B,random,2,B,A,110,,E
B,5TAR_A_B,random,2,B,P,111,,L
B,5TAR_A_B,random,2,B,Q,114,,M
B,5TAR_A_B,random,2,B,M,115,,K
B,5TAR_A_B,random,2,B,M,116,,L
