complex_id,ddG,d_bind_local,rsasa,logodds
1TM1_E_I,2.178553575342405,0.798461021107483,0.197940152308081,-3.8110246062278743
1TM1_E_I,4.678871077888728,0.798461021107483,0.197940152308081,-4.662912309169769
1TM1_E_I,2.571243983042388,1.5365413496429443,0.004752785094931,-1.4585071802139282
1TM1_E_I,2.923345689967444,-0.23186036972351065,0.0207752524446374,-0.5088903903961182
1TM1_E_I,3.7543280377436967,1.5365413496429443,0.004752785094931,-4.082391381263733
1TM1_E_I,3.7543280377436967,1.5365413496429443,0.004752785094931,-2.33091139793396
1TM1_E_I,3.0528505202640965,-0.23186036972351065,0.0207752524446374,-0.5088903903961182
1TM1_E_I,2.7465381061972938,-0.23186036972351065,0.0207752524446374,0.0617763996124267
1TM1_E_I,1.2555918089614944,0.16032721615600565,0.2940820405636885,-1.0472919940948486
1TM1_E_I,2.2319054750311067,2.2586766935791016,0.06899965967547,-2.0186342000961304
1TM1_E_I,1.0272076276256512,2.2586766935791016,0.06899965967547,-0.4672528505325322
1TM1_E_I,1.0272076276256512,2.2586766935791016,0.06899965967547,-2.630827069282532
1TM1_E_I,1.0272076276256512,2.2586766935791016,0.06899965967547,-0.4672528505325322
1TM1_E_I,1.0272076276256512,2.2586766935791016,0.06899965967547,-2.630827069282532
1TM1_E_I,1.093073966411642,2.2586766935791016,0.06899965967547,-2.540014386177063
1TM1_E_I,2.9802470590666843,0.798461021107483,0.197940152308081,-3.8110246062278743
1IAR_A_B,1.170849396491051,1.6845550798828128,0.2151275201834253,-1.891890287399292
1IAR_A_B,0.7957418087746722,1.6845550798828128,0.2151275201834253,-0.3297364711761474
1IAR_A_B,3.111435325928161,1.3500572458227538,0.0,-2.412139296531677
1IAR_A_B,0.8353893387033426,0.5122082166015625,0.0817425153598388,-1.336578369140625
1IAR_A_B,1.4610797847390675,0.5757879804626465,0.259631075880804,-0.9790456295013428
1IAR_A_B,-0.5803468159520844,0.8957762283752442,0.0460758318863118,0.621959924697876
1IAR_A_B,0.4266978299790874,1.5016012482574463,0.0332304383006829,-2.1229422092437744
1IAR_A_B,1.2240611170637477,1.5016012482574463,0.0332304383006829,-1.856977939605713
1IAR_A_B,2.8277323554298364,1.7573161394134522,0.1020382758915612,-2.6212074756622314
1IAR_A_B,3.753036463245231,1.7573161394134522,0.1020382758915612,-2.9674723148345943
1IAR_A_B,1.5580959354804609,0.9791374159933471,0.0017970131409653,-3.832977414131165
1IAR_A_B,0.7292019564980542,0.6343158276062013,0.1260762385309333,1.6407480239868164
1IAR_A_B,1.3060211281454808,0.6343158276062013,0.1260762385309333,0.048710823059082
1BRS_A_D,5.378539601288845,-0.9208411936279299,0.0822896322804724,0.0170783996582031
1BRS_A_D,5.243022671913886,1.3433962094604492,0.1845633369240203,-3.195240974426269
1BRS_A_D,5.417599030780119,-0.315313289654541,0.0474059223388834,-1.1552352905273438
1BRS_A_D,6.143043228259542,0.48511341143493647,0.0041086401025254,-0.9521031379699708
1BRS_A_D,3.468989944238368,2.8051427686645507,0.2503665579996342,-3.161266684532165
1BRS_A_D,4.501153137793563,1.6296131659902962,0.0201473758816427,-4.195451378822327
1BRS_A_D,1.6418900904659794,0.6799354231201171,0.0738668005075756,-1.3530688285827632
1BRS_A_D,7.647562908423386,1.2526673014282226,0.0157086734980167,-2.269037365913391
1BRS_A_D,1.856797887314728,-0.166213108543396,0.1786001533011696,-3.2695400714874268
1BRS_A_D,1.3635602050590228,-0.03142261523742729,0.2668907257863038,-1.0232658386230469
1BRS_A_D,4.6332957750031,1.3433962094604492,0.1845633369240203,-3.195240974426269
1BRS_A_D,4.548553362532657,0.48511341143493647,0.0041086401025254,-1.978217601776123
1BRS_A_D,4.548553362532657,0.48511341143493647,0.0041086401025254,1.8204624652862549
1BRS_A_D,4.548553362532657,0.48511341143493647,0.0041086401025254,-1.978217601776123
1BRS_A_D,4.548553362532657,0.48511341143493647,0.0041086401025254,1.8204624652862549
1BRS_A_D,6.817801025295113,0.48511341143493647,0.0041086401025254,-2.9115896224975586
1BRS_A_D,6.909087003491876,0.48511341143493647,0.0041086401025254,-0.9521031379699708
1BRS_A_D,7.662920311640112,0.48511341143493647,0.0041086401025254,-2.420490264892578
1BRS_A_D,4.067813423849841,1.6296131659902962,0.0201473758816427,-4.195451378822327
1BRS_A_D,5.932465628050414,1.2526673014282226,0.0157086734980167,-2.269037365913391
1BRS_A_D,0.8231839389123327,-0.03142261523742729,0.2668907257863038,-1.0232658386230469
1BRS_A_D,5.406840595496996,-0.9208411936279299,0.0822896322804724,0.0170783996582031
1BRS_A_D,5.1813521982825606,1.3433962094604492,0.1845633369240203,-3.195240974426269
1BRS_A_D,-0.3257301101460516,0.5287456454956052,0.3033613552900482,-1.979725360870361
1BRS_A_D,6.251959881841995,0.48511341143493647,0.0041086401025254,-0.9521031379699708
1BRS_A_D,4.585895550264006,-0.9208411936279299,0.0822896322804724,0.0170783996582031
1BRS_A_D,4.888399676782973,1.3433962094604492,0.1845633369240203,-3.195240974426269
1BRS_A_D,0.5146326311661867,0.5287456454956052,0.3033613552900482,-1.979725360870361
1BRS_A_D,6.07364945878315,0.48511341143493647,0.0041086401025254,-0.9521031379699708
1JCK_A_B,1.6541005575500751,0.44887617744445807,0.0940966248242698,-2.210934162139893
1JCK_A_B,1.6418900904659794,0.7651601024291992,0.1337282676026069,-0.9927465915679928
1JCK_A_B,2.594977772908507,1.169265573562622,0.0335295636130664,-3.6320472359657288
1JCK_A_B,2.2319054750311067,2.588778911331787,0.1351742405150126,-3.1355575919151306
1JCK_A_B,0.6763348596794906,-0.4784693310119632,0.0240824953330173,1.779689073562622
1JCK_A_B,2.132978272456777,2.1210355857055663,0.4223995965871954,-0.3207716941833496
1JCK_A_B,1.3227035460462468,0.44887617744445807,0.0940966248242698,-2.210934162139893
1JCK_A_B,2.076536854194484,2.4092346936218263,0.0574328820984803,-5.277989566326141
1JCK_A_B,2.076536854194484,2.4092346936218263,0.0574328820984803,-3.6320472359657288
1JCK_A_B,2.076536854194484,2.4092346936218263,0.0574328820984803,-0.0171914100646972
1JCK_A_B,2.076536854194484,1.169265573562622,0.0335295636130664,-5.277989566326141
1JCK_A_B,2.076536854194484,1.169265573562622,0.0335295636130664,-3.6320472359657288
1JCK_A_B,2.076536854194484,1.169265573562622,0.0335295636130664,-0.0171914100646972
1JCK_A_B,2.076536854194484,0.6213028892791748,0.0346251135385702,-5.277989566326141
1JCK_A_B,2.076536854194484,0.6213028892791748,0.0346251135385702,-3.6320472359657288
1JCK_A_B,2.076536854194484,0.6213028892791748,0.0346251135385702,-0.0171914100646972
1JCK_A_B,1.0154807756544282,0.7651601024291992,0.1337282676026069,-0.9927465915679928
1JCK_A_B,1.9294013485121404,2.588778911331787,0.1351742405150126,-3.1355575919151306
1JCK_A_B,1.7870483433170905,2.1210355857055663,0.4223995965871954,-0.3207716941833496
1GCQ_AB_C,0.7674922553824679,0.48188832445510865,0.0,-2.095948427915573
1GCQ_AB_C,1.352889886236563,1.6981588054833985,0.0491993309345338,-4.69991546869278
1GCQ_AB_C,2.1462863981921214,0.03259961028501511,0.0008343325633274,-4.677567176520824
1GCQ_AB_C,1.3158661640535187,0.303030135582962,0.0626834755213165,-4.965946048498154
1AK4_A_D,1.0852303196520656,-0.0719801440616227,0.467264625701016,-3.7339725345373154
1AK4_A_D,1.0095291007048206,-0.8231704401245121,0.4483509639641178,1.739718675613403
1AK4_A_D,0.9725053785217762,-0.8231704401245121,0.4483509639641178,2.671271085739136
1AK4_A_D,1.6449663917882371,-0.8231704401245121,0.4483509639641178,3.5311485528945923
1AK4_A_D,0.7694180673977544,1.8945640290429688,0.0877160883566027,-4.920498728752137
1AK4_A_D,2.6536580848501425,1.8945640290429688,0.0877160883566027,-3.258301377296448
1AK4_A_D,2.076536854194484,-0.00024457098934180244,0.1225301342870786,-5.5227148830890656
1AK4_A_D,3.029624536637012,-0.00024457098934180244,0.1225301342870786,-5.478737145662308
1AK4_A_D,3.029624536637012,-0.00024457098934180244,0.1225301342870786,-3.161835730075836
1AK4_A_D,3.029624536637012,1.9239440528479004,0.0033900605813945,-5.478737145662308
1AK4_A_D,3.029624536637012,1.9239440528479004,0.0033900605813945,-3.161835730075836
1AK4_A_D,2.1720377019480512,1.9239440528479004,0.0033900605813945,-1.2125521302223206
1AK4_A_D,0.0,-0.04874421804199214,0.3446664716884173,0.5439838767051697
1AK4_A_D,0.5808340119259235,-0.08774447247619577,0.0978197714772535,-2.809117794036865
1AK4_A_D,0.3589455447812595,-0.08774447247619577,0.0978197714772535,-0.4849891662597656
1AK4_A_D,0.6826014437951471,0.45386523720321653,0.512136915754087,-3.4372148513793945
2B42_A_B,1.6212374728821843,-0.8319328281311034,0.115510648295963,0.0494706630706791
2B42_A_B,1.0648051899990711,-0.8319328281311034,0.115510648295963,-0.9741113185882564
3BT1_A_U,0.6739763761971361,-0.39830108211669923,0.3190843875964161,-0.4876823425292973
1AHW_AB_C,1.345881678138192,-0.019806042648315536,0.5884115707496431,-1.534378170967102
1UUZ_A_D,3.377703966041606,0.3432734039764398,0.3566117894337805,0.9606161117553712
1UUZ_A_D,0.6505835559235611,-0.09605485150115967,0.026286918544365,-1.8653531670570371
1DVF_AB_CD,1.6493819136772232,-1.2190694907958983,0.2900847586302628,-0.9528360366821288
1DVF_AB_CD,2.030369068345176,0.4912712581604004,0.0751064196457171,-1.3579657077789302
1DVF_AB_CD,2.030369068345176,0.4912712581604004,0.0751064196457171,-1.3579657077789302
1DVF_AB_CD,1.6287221438466404,0.26745929945663455,0.0754904679974413,-4.755142658948898
1DVF_AB_CD,1.6287221438466404,0.26745929945663455,0.0754904679974413,-0.1431813240051274
1DVF_AB_CD,1.6287221438466404,-0.5742292842773442,0.0401750771699365,-4.755142658948898
1DVF_AB_CD,1.6287221438466404,-0.5742292842773442,0.0401750771699365,-0.1431813240051274
1DVF_AB_CD,0.6877734126771439,0.402597626989746,0.2493216026679388,0.2596240043640141
1DVF_AB_CD,1.162438598681201,-2.975142706130981,0.2003881898091644,-0.0563974380493164
1DVF_AB_CD,1.162438598681201,-2.975142706130981,0.2003881898091644,0.2898180484771728
1DVF_AB_CD,1.162438598681201,0.15056249761657714,0.1901504335619604,-0.0563974380493164
1DVF_AB_CD,1.162438598681201,0.15056249761657714,0.1901504335619604,0.2898180484771728
1DVF_AB_CD,1.162438598681201,0.15056249761657714,0.1901504335619604,-0.0563974380493164
1DVF_AB_CD,1.162438598681201,0.15056249761657714,0.1901504335619604,0.2898180484771728
1DVF_AB_CD,1.831470254957875,-1.0090450334472658,0.1219763144622466,0.0167694091796875
1DVF_AB_CD,4.132997661299389,2.0987281178063966,0.0318788140943579,-3.602440297603607
1DVF_AB_CD,4.132997661299389,2.0987281178063966,0.0318788140943579,-3.602440297603607
1DVF_AB_CD,4.281255215961087,1.1705592062258912,0.2128301763072669,-5.299794353544712
1DVF_AB_CD,4.281255215961087,1.1705592062258912,0.2128301763072669,-5.299794353544712
1DVF_AB_CD,1.600004436106896,0.1931667797668455,0.1158832596206211,1.3328007459640503
1DVF_AB_CD,1.600004436106896,0.1931667797668455,0.1158832596206211,1.3328007459640503
1DVF_AB_CD,2.7895135033299456,-0.728018323147583,0.2244964353098937,-1.366405725479126
1DVF_AB_CD,2.7895135033299456,-0.728018323147583,0.2244964353098937,-1.366405725479126
1DVF_AB_CD,2.012313197939765,0.4631741357788086,0.1109584608239318,-0.6146807670593262
1DVF_AB_CD,1.7284574247898894,0.26745929945663455,0.0754904679974413,-4.755142658948898
1DVF_AB_CD,4.73943360805781,2.3787302899291993,0.035108180904075,-0.0649518966674804
1DVF_AB_CD,4.090680615177067,1.2673629465881349,0.0524048754830511,-1.9700387716293333
1DVF_AB_CD,1.682289638940582,-0.0025403773101801974,0.0354375173359598,-1.0939571857452393
1VFB_AB_C,0.8448823642883085,0.45160224591674814,0.2330957018955666,-1.6276342868804932
1VFB_AB_C,1.339385963947013,0.9957341445709229,0.03122169155905,-3.028021454811096
1VFB_AB_C,0.7975413789503337,-0.3331206249526977,0.0953860958616058,-3.0774182081222534
1VFB_AB_C,0.3431238634750515,-0.11647817791748061,0.2478210941647291,-0.2059729099273681
1VFB_AB_C,0.4601460195245533,0.13042761525115965,0.1185289565436442,-3.4370821714401245
1VFB_AB_C,0.364304736767187,1.4585360733825683,0.0593381067433973,-3.162509799003601
1VFB_AB_C,0.638619781895647,0.24909526178131103,0.4064137806952662,-4.577499091625214
1VFB_AB_C,3.0702442735930964,0.1654315953353882,0.172918193961587,-2.377199411392211
1VFB_AB_C,0.9530876824425276,1.5988550333251963,0.0457624671233375,-1.529582262039184
1VFB_AB_C,0.9530876824425276,1.5988550333251963,0.0457624671233375,-2.3507503271102905
1VFB_AB_C,0.9530876824425276,-0.38631592759094247,0.2000831560703803,-1.529582262039184
1VFB_AB_C,0.9530876824425276,-0.38631592759094247,0.2000831560703803,-2.3507503271102905
1VFB_AB_C,0.3064652561563855,-0.5880303774871827,0.1201998928727448,0.6716527938842773
1VFB_AB_C,-0.5097611452037523,-0.5880303774871827,0.1201998928727448,2.36411452293396
1VFB_AB_C,1.902187560773057,0.13042761525115965,0.1185289565436442,-3.7096155881881714
1VFB_AB_C,1.2353786974869034,0.007494754318237096,0.2434356615425314,-0.6067852973937984
1VFB_AB_C,0.7049740047449663,0.007494754318237096,0.2434356615425314,-0.68232250213623
1VFB_AB_C,5.628563439182938,0.9957341445709229,0.03122169155905,-1.7538443803787231
1VFB_AB_C,5.628563439182938,0.9957341445709229,0.03122169155905,-5.204113163053989
1VFB_AB_C,5.628563439182938,0.9957341445709229,0.03122169155905,-4.946868099272251
1VFB_AB_C,0.844323870949657,1.737481794177246,0.1304787338330774,-1.3648173809051514
1VFB_AB_C,1.7156007641010358,1.737481794177246,0.1304787338330774,-1.7718007564544678
1VFB_AB_C,1.6458512201033983,-1.0281570037200929,0.2185839198919453,-0.9595870971679688
1EFN_A_B,1.2429916171691568,-0.25361398003845226,0.1827933312567812,-1.4248864650726318
1EFN_A_B,1.45037682866163,3.206162792333984,0.0555805795993664,-3.649060606956482
2GOX_A_B,2.245733975732098,0.9645396435791016,0.1415774204728797,-1.234268307685852
2GOX_A_B,1.5688266784316196,2.3649783479614257,0.024449111065453,-5.411194838583469
2GOX_A_B,1.3331849997187082,2.3649783479614257,0.024449111065453,-5.411194838583469
2WPT_A_B,-0.8966462641802346,0.3939599370727538,0.1625461874532338,1.8424327373504636
2WPT_A_B,-1.037830094912971,-0.7907262260131835,0.4247574535342627,-1.008009910583496
2WPT_A_B,1.7331760686627418,0.9933085719970702,0.1601804561913726,-0.9557807445526124
2WPT_A_B,-0.3797026576995604,0.3939599370727538,0.1625461874532338,-0.613592386245728
2WPT_A_B,3.80759418473735,0.9615037394024658,0.0,-2.050583600997925
2WPT_A_B,-1.1104335561103833,-0.7907262260131835,0.4247574535342627,0.1506342887878418
2WPT_A_B,4.501153137793563,1.0963954907409668,0.0662632264752852,-3.3728044033050537
2WPT_A_B,2.4246162835990783,0.36396489889068606,0.0020346754868634,-0.7352254390716557
2WPT_A_B,5.214129786929024,1.4072085320343017,0.1674450840473047,-5.31482920050621
2WPT_A_B,5.214129786929024,1.4072085320343017,0.1674450840473047,-2.132477045059204
2WPT_A_B,5.214129786929024,1.4072085320343017,0.1674450840473047,-2.180971622467041
2WPT_A_B,5.214129786929024,-0.8646907762298586,0.0192425586873389,-5.31482920050621
2WPT_A_B,5.214129786929024,-0.8646907762298586,0.0192425586873389,-2.132477045059204
2WPT_A_B,5.214129786929024,-0.8646907762298586,0.0192425586873389,-2.180971622467041
2WPT_A_B,5.214129786929024,3.4516577590759274,0.2972600770774331,-5.31482920050621
2WPT_A_B,5.214129786929024,3.4516577590759274,0.2972600770774331,-2.132477045059204
2WPT_A_B,5.214129786929024,3.4516577590759274,0.2972600770774331,-2.180971622467041
2WPT_A_B,-0.8489275738928358,0.3381498134338381,0.040841605912795,2.2594697773456573
2WPT_A_B,1.2370844692072616,2.0208616247436524,0.0042335204200204,-2.6822228431701665
2WPT_A_B,-0.6113690732998177,0.44063463034057637,0.1820801151179127,2.0883076190948486
2WPT_A_B,0.8997357827538256,-0.6912203479682921,0.0689086845992226,-0.8839251995086672
2WPT_A_B,0.497185608029696,-1.0740391714324953,0.0281037359913988,-1.602860927581787
2WPT_A_B,0.6097268969107853,0.09358740496215834,0.1940640920899987,-0.2711057662963871
2WPT_A_B,0.5808340119259235,0.3381498134338381,0.040841605912795,2.2594697773456573
2WPT_A_B,1.2649917947845504,2.0208616247436524,0.0042335204200204,-2.6822228431701665
2WPT_A_B,-0.3025041265189667,0.44063463034057637,0.1820801151179127,2.0883076190948486
2WPT_A_B,-0.132142637209538,-0.6912203479682921,0.0689086845992226,-0.8839251995086672
2WPT_A_B,0.8008689981434107,-1.0740391714324953,0.0281037359913988,-1.602860927581787
1EMV_A_B,1.665700915381987,-0.025205398120117017,0.1870480289010325,-0.405071496963501
1EMV_A_B,2.334540084521325,1.689186094812012,0.0021992491175291,-2.1188206672668457
1EMV_A_B,-0.2328891551097506,0.2627241342864992,0.1746400679178492,1.9682829976081853
1EMV_A_B,-0.5398966240366272,-0.006307080084227756,0.0016923012451389,2.710469126701355
1EMV_A_B,3.878943232562238,2.005169834688721,0.0061043968142286,-3.831633061170578
1EMV_A_B,-0.2776037214008204,-0.34819327309112547,0.1105903511900693,-0.8362088203430176
1EMV_A_B,1.9596368047844788,-0.8601028769607546,0.0781072903036742,-2.8540635108947754
1EMV_A_B,1.0888522677796106,0.3051347702301026,0.0759630908885788,-1.610966444015503
1EMV_A_B,0.7281339910637894,-0.018988561755371336,0.1525407550806304,-0.4325881004333496
1EMV_A_B,0.9560048640697758,0.011690184456733699,0.2526153000230581,-5.231913536787033
1EMV_A_B,3.417747739994964,0.6452625717144777,0.0041397193867852,-4.760620206594467
1EMV_A_B,2.578295355007741,1.6512783778503417,0.1568258123266874,-2.288168787956238
1EMV_A_B,1.6638669759109947,1.0609145470266723,0.0,-3.885641485452652
1EMV_A_B,0.8995634458074828,-0.04879095135192779,0.2731542348347229,-0.3234395980834961
1EMV_A_B,2.083080419920803,1.1027459190136721,0.1231363806801716,-3.94255056977272
1EMV_A_B,1.485378031018068,-0.1848380402836991,0.0169576445325637,-3.790954083204269
1EMV_A_B,2.1872405284704945,0.03847120601501475,0.0031069009059336,-0.5298206806182866
1EMV_A_B,5.915478273648161,1.3360164123059082,0.1454409918329201,-5.328827619552612
1EMV_A_B,0.8477453956278275,-0.014141137304687579,0.0,-4.509070336818695
1EMV_A_B,4.83463531579262,-0.6535896843505857,0.0093400348574383,-2.871621131896973
1EMV_A_B,4.634756162112646,3.4989521685119627,0.2545563732212751,-2.377509355545044
2PCC_A_B,-0.8966462641802349,0.5566728277862549,0.1458366082743284,-0.701491117477417
2PCC_A_B,2.101740090652802,0.9929483493426514,0.0154183672442851,-5.089202463626862
2PCC_A_B,6.199777156615607,0.17656327931976312,0.4055461011046838,-0.817543625831604
2PCC_A_B,0.9014670708537889,1.1864518786132807,0.3272265991582717,-2.7017498016357417
2PCC_A_B,0.3035331218652746,-0.1952511059005736,0.3360160274072468,-2.686697244644165
2O3B_A_B,5.472463386398492,0.21673007982330317,0.0016457274705271,-3.0114392042160034
2O3B_A_B,0.5990565780883257,0.21673007982330317,0.0016457274705271,-1.3405121564865112
2O3B_A_B,5.3959459210466205,0.21673007982330317,0.0016457274705271,-1.506977677345276
2O3B_A_B,5.435439664215448,0.6175493082885741,0.5925634093253722,0.3014546632766728
2O3B_A_B,5.900614435935818,0.6175493082885741,0.5925634093253722,-2.3138350248336788
2O3B_A_B,4.071879459156426,1.9731706343927002,0.1443374250178999,-4.204408288002014
2J0T_A_D,0.0,-0.3061239913787843,0.2621991299979793,-1.190199613571167
2J0T_A_D,1.6418900904659794,-0.3061239913787843,0.2621991299979793,-0.0839920043945312
2J0T_A_D,2.1054297391793457,0.7752545980834961,0.063235889109478,-0.6486389636993408
2J0T_A_D,2.184505250292012,0.7752545980834961,0.063235889109478,-2.4821032285690308
2J0T_A_D,2.9770198757513056,0.7752545980834961,0.063235889109478,-4.183075308799744
2J0T_A_D,2.6809526242687376,-0.22258044797363263,0.0024630023526529,-2.8753786087036133
2J0T_A_D,5.043768297619596,-0.22258044797363263,0.0024630023526529,-2.147470474243164
2J0T_A_D,1.5937182868909552,-0.22258044797363263,0.0024630023526529,-2.431035041809082
2J0T_A_D,4.387812204059009,-0.22258044797363263,0.0024630023526529,-2.784962654113769
2J0T_A_D,0.8091402723733756,0.596073184979248,0.0583549362335929,-0.4959187507629394
2J0T_A_D,4.40777956123657,0.32012987622650146,0.0126973418185077,-4.868587613105774
2BTF_A_P,1.5950260239100018,-0.5377707281356812,0.1215832612698351,-3.632043719291687
2BTF_A_P,0.9782909189008454,0.971820191009521,0.2898849470543274,-2.3954795598983765
2BTF_A_P,1.7201604530211685,0.09634880220336894,0.0131902017279796,-2.138463497161865
2AJF_A_E,2.0117017506239043,-0.4565964184417717,0.1309586619769521,2.353010892868042
2A9K_A_B,2.409935721897586,2.2855165772021486,0.0241259771266486,-5.049612835049629
2A9K_A_B,3.1516228401257504,1.0428808896322632,0.1937186672678024,-2.353586912155151
4CPA_A_I,2.594977772908507,-0.058650677417068475,0.0139544404227095,-3.486598342657089
4CPA_A_I,0.5017585008132571,0.43942567069396965,0.1059058589395804,-1.9319305419921875
4CPA_A_I,0.0,0.43942567069396965,0.1059058589395804,-0.5461368560791016
4CPA_A_I,0.0,0.43942567069396965,0.1059058589395804,-2.2813994884490967
4CPA_A_I,0.0,0.622214564447021,0.0,-0.5461368560791016
4CPA_A_I,0.0,0.622214564447021,0.0,-2.2813994884490967
4CPA_A_I,3.7330495807530952,0.622214564447021,0.0,-1.4498353004455566
4CPA_A_I,2.3244915342611265,0.622214564447021,0.0,-2.3355486392974854
4CPA_A_I,1.2788177925885793,0.622214564447021,0.0,-1.959820032119751
1S1Q_A_B,0.6592031271890784,0.44376469688110354,0.0987268079108511,-3.481334686279297
1S1Q_A_B,1.210756199261406,-0.18642291807556033,0.3437325086376433,1.1116149425506592
1S1Q_A_B,0.948895993990521,0.041916856640625,0.3750302166562743,-5.100265026092529
1S1Q_A_B,0.7619015372366142,-0.14861773546295165,0.0212551910247342,-3.400338292121887
1LFD_A_B,0.3974569069749218,0.05182708885650644,0.3064946404049998,-2.3834919929504395
1LFD_A_B,-0.4012753057297803,0.28979757865905764,0.3955055979119488,1.4663105010986333
1LFD_A_B,-0.4012753057297803,0.28979757865905764,0.3955055979119488,-0.7786414623260498
1LFD_A_B,-0.4012753057297803,0.28979757865905764,0.3955055979119488,-1.443969488143921
1LFD_A_B,-0.4012753057297803,0.28979757865905764,0.3955055979119488,-0.0648236274719238
1LFD_A_B,1.4967318376148684,0.33270287182311997,0.0496675668425399,-3.930153369903565
1LFD_A_B,-0.6007325184137231,-0.03417301608581491,0.2461914246383155,0.0303947925567626
1LFD_A_B,-0.9013461830788462,-0.03417301608581491,0.2461914246383155,0.9648357629776
1LFD_A_B,-0.9013461830788462,-0.03417301608581491,0.2461914246383155,-1.7338579893112185
1LFD_A_B,1.7992359641338351,0.9389030102203368,0.0810025322250197,-0.5370422601699831
1LFD_A_B,0.4027916539428253,0.05182708885650644,0.3064946404049998,-2.3834919929504395
1LFD_A_B,-0.9204275096134018,0.28979757865905764,0.3955055979119488,1.4663105010986333
1LFD_A_B,1.3257482143099353,0.33270287182311997,0.0496675668425399,-3.930153369903565
1LFD_A_B,-0.5788024947610324,-0.03417301608581491,0.2461914246383155,0.0303947925567626
1LFD_A_B,-1.0859939389362137,-0.03417301608581491,0.2461914246383155,0.9648357629776
1LFD_A_B,1.1787795452740817,0.9389030102203368,0.0810025322250197,-0.5370422601699831
1LFD_A_B,-1.1678047282273625,-0.6776842762878417,0.3610383307806463,-1.4078741073608394
1KTZ_A_B,1.1511820432947826,0.46943595538024896,0.3825358922977446,0.3062193393707275
1KTZ_A_B,1.4809179410227558,0.46943595538024896,0.3825358922977446,0.3564097881317138
1KTZ_A_B,2.8831127136587624,0.878129912295532,0.5110327292684255,-0.0350160598754882
1KTZ_A_B,2.978730575080973,-0.03164056961669903,0.0503822201715571,3.0189454555511475
1KTZ_A_B,1.5209351067738828,0.12317921903686502,0.2167083133492706,-0.475576639175415
1KTZ_A_B,1.999448548546605,0.12317921903686502,0.2167083133492706,0.0582499504089359
1KTZ_A_B,1.895631703462886,0.3167113834411621,0.1111662841228297,-2.8621935844421387
1KTZ_A_B,1.512868875282199,0.5701887481628418,0.0462389352954239,-1.6165668964385986
1KTZ_A_B,0.216420407307929,2.107141074621582,0.0,-0.2233659029006959
1KTZ_A_B,4.035978366073193,2.107141074621582,0.0,-4.572992384433746
1KTZ_A_B,1.369625081346294,1.814003069360352,0.1875491077584223,-3.265762448310852
1KTZ_A_B,1.2159779346079969,0.4393504560546875,0.5107931457100153,0.1463203430175783
1KTZ_A_B,0.814377288380509,0.36131916755523685,0.3299171136458051,-2.8300998210906987
1KTZ_A_B,1.493609074597247,1.0778949729156495,0.1065866419980797,-1.036980390548706
1KTZ_A_B,1.6264504572244918,1.0778949729156495,0.1065866419980797,-0.7814483642578125
3BK3_A_C,0.0,0.224439337496948,0.6063376602812068,-0.5363214015960689
3BK3_A_C,1.038188887212829,1.3709971695159913,0.2774921737213252,-3.456307411193848
3BK3_A_C,0.6505835559235611,1.3709971695159913,0.2774921737213252,-3.0992684364318848
3BK3_A_C,0.48617374156374,0.3136801500946045,0.6809889357844149,-0.8994970321655269
3BK3_A_C,0.48617374156374,0.3136801500946045,0.6809889357844149,-5.22596663236618
3BK3_A_C,0.48617374156374,0.11683885905456537,0.1502386138538034,-0.8994970321655269
3BK3_A_C,0.48617374156374,0.11683885905456537,0.1502386138538034,-5.22596663236618
3BK3_A_C,1.742239110464745,0.4730526343307493,0.539382456549491,-4.105794191360474
3BK3_A_C,0.4237806483518395,0.11683885905456537,0.1502386138538034,-5.030283629894257
3BK3_A_C,1.3071187867967298,0.8858117789114379,0.0036097349395292,-5.352006286382675
3BK3_A_C,2.120614844846763,0.8858117789114379,0.0036097349395292,-5.468131870031358
3BK3_A_C,1.1749761495871918,0.4530859023486328,0.0474544023519793,-5.217086791992188
3BK3_A_C,1.3821089550208034,0.24946141033935643,0.043132641185277,-0.8475370407104492
1JTG_A_B,-0.2676595665844973,-0.010772383663101195,0.073454044925256,-4.699204675853253
1JTG_A_B,4.233493571209065,0.051028942599488314,0.0540326397183503,-3.1972360610961914
1JTG_A_B,2.560337098902304,-0.021152176457214455,0.0581735553346333,0.0890674591064457
1JTG_A_B,3.377703966041606,1.9531333515747071,0.0709922215851227,-3.64918065071106
1JTG_A_B,0.7916184826946558,-0.06238277327690131,0.0289631461991615,-2.3297063261270523
1JTG_A_B,1.7911632887269544,-0.021152176457214455,0.0581735553346333,0.0890674591064457
1JTG_A_B,3.557914940996815,-0.19584148049774175,0.0147395475782741,-2.4213812351226807
1JTG_A_B,2.102050379720839,1.9531333515747071,0.0709922215851227,-3.64918065071106
1JTG_A_B,1.5522571117313473,0.051028942599488314,0.0540326397183503,-2.087916374206543
1JTG_A_B,0.4294094501101326,-1.3296239812347412,0.1743342937471705,1.2386074066162105
1JTG_A_B,-0.4556010607334407,-0.06829260201416032,0.3878701762014765,1.874617576599121
1JTG_A_B,1.90988814615532,-0.005787445945281994,0.0005971861768104,-5.423312291502953
1JTG_A_B,1.767164908580096,0.051028942599488314,0.0540326397183503,-2.087916374206543
1JTG_A_B,-0.3825855002342205,0.4363649186676023,0.002789364860402,-1.1923904418945312
1JTG_A_B,4.060109353992288,0.10896711576843243,0.0675225020966519,-0.1587715148925776
1JTG_A_B,0.7384901746618162,-0.7996005601562501,0.0065755292596665,0.3272809982299804
1JTG_A_B,-0.4067597413462302,0.4689439308746337,0.0798069252751905,-3.1326085329055786
1JTG_A_B,-0.4067597413462302,0.4689439308746337,0.0798069252751905,-1.0308642387390137
1JTG_A_B,-0.4067597413462302,1.4994113050231932,0.0412486158857488,-3.1326085329055786
1JTG_A_B,-0.4067597413462302,1.4994113050231932,0.0412486158857488,-1.0308642387390137
1JTG_A_B,3.1999860259464405,1.1319679617034912,0.0002977567930886,-4.861389338970184
1JTG_A_B,1.6719936594390528,-0.021152176457214455,0.0581735553346333,0.0890674591064457
1JTG_A_B,2.076536854194484,0.5376848537503052,0.0026403894497273,-4.221329033374786
1JTG_A_B,3.009163076795267,-0.07369665505676304,0.0453858918251032,0.4895217418670654
1JTG_A_B,2.5071474947221444,1.9531333515747071,0.0709922215851227,-3.64918065071106
1JTG_A_B,2.7466582373819635,0.10433192644042988,0.0042958268741632,-1.2421607971191406
1JTG_A_B,4.251657016253982,0.9094128521148681,0.10132873176349,-0.5131068229675293
1JTG_A_B,2.3397783648510635,0.828711121572876,0.073246932600216,-2.7657474279403687
1JTG_A_B,-1.3403342214319378,0.01756872956848099,0.4241019130211765,-0.8621954917907715
1JTG_A_B,-1.9818765838323005,0.01756872956848099,0.4241019130211765,0.6192522048950195
1JTG_A_B,0.4611176139554645,0.4363649186676023,0.002789364860402,-3.386248111724853
1JTG_A_B,-0.6721199901226859,0.10896711576843243,0.0675225020966519,-2.1111207008361816
1JTG_A_B,-0.912231023429752,0.10896711576843243,0.0675225020966519,-1.814034938812256
1H9D_A_B,1.0642126527233364,0.3940844575317386,0.2787046872167735,-1.5813832283020024
1H9D_A_B,1.24916757040642,0.25079895227050786,0.1686759369326345,-1.2949032783508303
1H9D_A_B,0.8609389898693321,0.02544998872451787,0.0024434733175333,-4.415882766246796
1H9D_A_B,2.110106560275752,1.6963340540649414,0.0161874087816158,-5.151743113994598
1FFW_A_B,0.7129766491354615,-0.050624274272155656,0.056431602560549,-1.2197475433349607
1FFW_A_B,0.7129766491354615,-0.050624274272155656,0.056431602560549,0.7472648620605469
1FFW_A_B,0.638856703952338,0.022398243579101695,0.0736342235229454,-0.4373056888580318
1FFW_A_B,3.64430699947734,4.212896409599609,0.0931059153040035,-2.758199989795685
1FC2_C_D,1.4333097490566602,0.20113743162231446,0.0850259643884892,-2.7498754262924194
1FC2_C_D,0.6054310925223745,-0.2205013015594477,0.217079332692532,-1.4066696167436277e-05
1FC2_C_D,5.274404142021049,-1.7759280379364015,0.0,-1.4296557903289795
1FC2_C_D,1.5259370339940166,0.740275828942871,0.2838256915519673,-2.2930774688720703
1FC2_C_D,0.8209450452329897,0.20113743162231446,0.0850259643884892,-2.7498754262924194
1FC2_C_D,0.5820172024749775,-0.2205013015594477,0.217079332692532,-1.4066696167436277e-05
1FC2_C_D,2.1845052502920126,-1.7759280379364015,0.0,-1.4296557903289795
1FC2_C_D,0.0912859781967621,0.2585237355590819,0.3256651690953389,-1.1643269062042236
1FC2_C_D,0.4578727473555895,0.16770441595916763,0.3398291729099418,-1.2569124698638916
1FC2_C_D,1.0272076276256512,0.8952982859649659,0.1247427693643593,-0.9150493144989008
1FC2_C_D,0.8451192863449996,-0.2205013015594477,0.217079332692532,-1.0288715362548837
3BN9_B_CD,0.0,-0.031696052597046,0.2072575709930728,-1.0904688835144043
3BN9_B_CD,0.8352152941252199,0.36833779325256366,0.2136990328696142,-4.734494149684906
3BN9_B_CD,0.7733441812669039,-0.04300427158889775,0.1485553247942761,-4.847148954868317
3BN9_B_CD,6.695209993104953,3.0429990015582273,0.1063448382481754,-4.411714047193527
3BN9_B_CD,6.695209993104953,3.0429990015582273,0.1063448382481754,-3.2254323959350586
3BN9_B_CD,6.695209993104953,3.4373202526489255,0.0392590626187145,-4.411714047193527
3BN9_B_CD,6.695209993104953,3.4373202526489255,0.0392590626187145,-3.2254323959350586
3BN9_B_CD,1.1320525192864097,0.10738181772750849,0.1726998055723471,-5.175709068775177
3BN9_B_CD,1.0846522945473152,1.434299947675171,0.2242429051344949,-3.3225247859954843
3BN9_B_CD,2.5089841145082503,0.16674980917053217,0.065891662211423,-2.481699824333191
3BN9_B_CD,0.5662113758332921,-0.48392965939636223,0.1645747692810505,-1.179956197738647
3BN9_B_CD,0.7057104638285671,-0.30740739764099123,0.2694991859355687,-1.4494874477386477
3BN9_B_CD,0.3329057681742249,-1.1150827146728517,0.2280671232733044,0.2314753532409668
3BN9_B_CD,1.1861065750208222,1.1146020080889893,0.0616589738519911,-4.24473062902689
3BN9_B_CD,1.1455046747440898,1.1146020080889893,0.0616589738519911,-5.626931346952915
3BN9_B_CD,0.4586856324150076,2.498998010446167,0.2225000762672636,-1.9776109457015991
3BN9_B_CD,1.224102423287236,0.13441726067810045,0.4496610737947318,-2.1686038970947275
3NPS_A_BC,0.6415423624003627,-0.03506402384338392,0.176766791625055,-1.679001808166504
3NPS_A_BC,1.0674702187008285,0.8803557144744873,0.3731525112607444,-4.2404714822769165
3NPS_A_BC,0.4635396487133664,2.7343955250915526,0.1309207593602738,-2.157705307006836
3NPS_A_BC,0.7238121755675294,0.21525823780517578,0.2732747985996583,-5.163411736488342
3NPS_A_BC,1.875091378283826,0.1994115815856934,0.1210427667166262,-0.1772315502166748
3NPS_A_BC,1.7748733050669008,2.4820833212402347,0.1398000577249207,-2.729406833648681
3NPS_A_BC,0.7409074109634375,0.2230217023803711,0.1847865558784202,-2.32177472114563
1DQJ_AB_C,3.285707505848643,-0.006416443481445322,9.271605917006435e-05,-4.988510966300964
1DQJ_AB_C,3.285707505848643,-0.006416443481445322,9.271605917006435e-05,-4.988510966300964
1DQJ_AB_C,3.5197048730292497,-1.0659190142623898,0.0569559097956346,-1.2132432460784912
1DQJ_AB_C,3.5197048730292497,-1.0659190142623898,0.0569559097956346,-1.2132432460784912
1DQJ_AB_C,1.2589903070854631,-0.15998125251159578,0.1431007081154425,-1.751960515975952
1DQJ_AB_C,0.7580783920815788,-0.11960861557922398,0.3126300961642494,-0.9017066955566406
1DQJ_AB_C,0.8408435517207893,0.16525966365005496,0.2057627320073141,-2.848708391189575
1DQJ_AB_C,0.6498730739273596,-0.6309013734680176,0.1250242550758569,0.0819263458251953
1DQJ_AB_C,6.1558185724269645,-0.09300511376485829,0.0,-5.52740278840065
1DQJ_AB_C,0.7755827208329521,-0.1612724338816071,0.0,-1.1694158315658567
1DQJ_AB_C,1.3006935519076115,2.7554907447143555,0.0004920960933011,-3.553223550319672
1DQJ_AB_C,2.013433278986382,0.7128320052658081,0.0787574929165685,-3.631833255290985
1DQJ_AB_C,2.013433278986382,0.7128320052658081,0.0787574929165685,-0.4108400344848633
1DQJ_AB_C,2.013433278986382,0.19843433610839822,0.0655487974259174,-3.631833255290985
1DQJ_AB_C,2.013433278986382,0.19843433610839822,0.0655487974259174,-0.4108400344848633
1DQJ_AB_C,4.090680615177067,2.1455065311765136,0.0,-6.171831756830216
1DQJ_AB_C,2.678298367954515,-0.0008172843414304687,0.0457564582246877,-0.9022758007049564
1DQJ_AB_C,1.4318879316322246,-0.20101431435546857,0.0388893883806874,-2.4945671558380127
1DQJ_AB_C,1.135050706471035,0.03224565438690208,0.0133773893530656,-3.088290810585022
1DQJ_AB_C,5.524463545779319,0.8242190261840818,0.0,1.212423324584961
1DQJ_AB_C,6.888023750838342,0.37996604937561035,0.0,-4.55616095662117
1DQJ_AB_C,1.1802777666692967,1.683468070916748,0.1550289958977429,-0.3858454227447505
1DQJ_AB_C,4.931524166897857,-0.0069474951721191225,0.1130582634395317,1.106444358825684
2G2U_A_B,0.6505835559235611,0.9573151920135499,0.209392710125682,-1.4066965579986572
2G2U_A_B,-0.9504731674989194,-0.9043803126495362,0.3458869243000264,1.3075110912322998
2G2U_A_B,2.762713152935108,0.9145632450271607,0.0004741305818872,-4.77929824590683
2G2U_A_B,-0.9557137917253558,0.6905239438079833,0.0424372874545609,-0.5848733186721802
2G2U_A_B,-2.074792562291826,0.3750932059783936,0.0227246466367289,0.0875072479248046
2G2U_A_B,-0.6284671975935929,-0.3276796381439211,0.1618608928208838,-1.0148656368255615
2G2U_A_B,2.3007136524833776,0.5523656588024902,0.0047893208400045,-3.8516305685043335
2G2U_A_B,-0.511977982938513,0.22500494774627677,0.0177339362692808,-0.7069708108901978
2G2U_A_B,-1.978551018165521,2.2789219926239013,0.0394533101185283,-4.259661853313446
2G2U_A_B,-0.6120372574936243,-0.9636920817245485,0.0584561050902912,-1.15047025680542
2G2U_A_B,0.2757037761241289,2.0500182479730222,0.0795828133990182,-3.557892978191376
2G2U_A_B,-1.846408380955983,-0.17286194906311025,0.1347341925222036,-2.020314574241638
2G2U_A_B,1.7844222340342624,0.5574727265197752,0.0885945043427869,-0.1666865348815918
2G2U_A_B,0.6694938808398577,1.1409011655456542,0.3557461068647771,-1.2000190019607544
2G2U_A_B,0.5309721513595229,0.17211393556213395,0.161990810832608,-1.2957909107208252
2G2U_A_B,-0.4526843004649991,0.08744330863952632,0.1046125456070916,-2.143235445022583
1JTG_A_B,3.654210680864913,0.051028942599488314,0.0540326397183503,-0.9384806156158444
1JTG_A_B,2.245081008524417,0.051028942599488314,0.0540326397183503,-3.1972360610961914
1JTG_A_B,0.5060889127856257,2.0221948051818845,0.0257359351883453,-4.209202229976654
2G2U_A_B,-1.5479375140516198,0.08744330863952632,0.1046125456070916,-1.0694904327392574
2G2U_A_B,-4.397024393521784,0.08744330863952632,0.1046125456070916,-0.0899670124053955
2G2U_A_B,-0.6729101385937212,0.08744330863952632,0.1046125456070916,-2.143235445022583
2G2U_A_B,-2.473746341748136,2.2789219926239013,0.0394533101185283,-4.105755507946014
2FTL_E_I,4.049499266702131,1.1246897258602904,0.2789946205240535,-3.1082058250904083
2FTL_E_I,4.049499266702131,1.1246897258602904,0.2789946205240535,-4.254162430763245
2FTL_E_I,4.049499266702131,1.1246897258602904,0.2789946205240535,-1.0364787578582764
2FTL_E_I,4.049499266702131,1.1246897258602904,0.2789946205240535,-1.1673085689544678
2FTL_E_I,4.049499266702131,1.1246897258602904,0.2789946205240535,-4.362887978553772
2FTL_E_I,4.049499266702131,1.1246897258602904,0.2789946205240535,-2.6650286316871643
2FTL_E_I,4.049499266702131,1.1246897258602904,0.2789946205240535,-3.623243451118469
2FTL_E_I,4.049499266702131,1.1246897258602904,0.2789946205240535,-5.026647552847862
2FTL_E_I,4.049499266702131,1.1246897258602904,0.2789946205240535,-5.492050901055336
2FTL_E_I,4.049499266702131,1.1246897258602904,0.2789946205240535,-2.526190996170044
2FTL_E_I,4.049499266702131,1.1246897258602904,0.2789946205240535,0.7479097843170166
2FTL_E_I,4.049499266702131,0.32662959198074343,0.1633736200268187,-3.1082058250904083
2FTL_E_I,4.049499266702131,0.32662959198074343,0.1633736200268187,-4.254162430763245
2FTL_E_I,4.049499266702131,0.32662959198074343,0.1633736200268187,-1.0364787578582764
2FTL_E_I,4.049499266702131,0.32662959198074343,0.1633736200268187,-1.1673085689544678
2FTL_E_I,4.049499266702131,0.32662959198074343,0.1633736200268187,-4.362887978553772
2FTL_E_I,4.049499266702131,0.32662959198074343,0.1633736200268187,-2.6650286316871643
2FTL_E_I,4.049499266702131,0.32662959198074343,0.1633736200268187,-3.623243451118469
2FTL_E_I,4.049499266702131,0.32662959198074343,0.1633736200268187,-5.026647552847862
2FTL_E_I,4.049499266702131,0.32662959198074343,0.1633736200268187,-5.492050901055336
2FTL_E_I,4.049499266702131,0.32662959198074343,0.1633736200268187,-2.526190996170044
2FTL_E_I,4.049499266702131,0.32662959198074343,0.1633736200268187,0.7479097843170166
2FTL_E_I,4.049499266702131,0.9253938516357423,0.1508573125648618,-3.1082058250904083
2FTL_E_I,4.049499266702131,0.9253938516357423,0.1508573125648618,-4.254162430763245
2FTL_E_I,4.049499266702131,0.9253938516357423,0.1508573125648618,-1.0364787578582764
2FTL_E_I,4.049499266702131,0.9253938516357423,0.1508573125648618,-1.1673085689544678
2FTL_E_I,4.049499266702131,0.9253938516357423,0.1508573125648618,-4.362887978553772
2FTL_E_I,4.049499266702131,0.9253938516357423,0.1508573125648618,-2.6650286316871643
2FTL_E_I,4.049499266702131,0.9253938516357423,0.1508573125648618,-3.623243451118469
2FTL_E_I,4.049499266702131,0.9253938516357423,0.1508573125648618,-5.026647552847862
2FTL_E_I,4.049499266702131,0.9253938516357423,0.1508573125648618,-5.492050901055336
2FTL_E_I,4.049499266702131,0.9253938516357423,0.1508573125648618,-2.526190996170044
2FTL_E_I,4.049499266702131,0.9253938516357423,0.1508573125648618,0.7479097843170166
2FTL_E_I,4.049499266702131,-0.31352641088867195,0.3607546861927814,-3.1082058250904083
2FTL_E_I,4.049499266702131,-0.31352641088867195,0.3607546861927814,-4.254162430763245
2FTL_E_I,4.049499266702131,-0.31352641088867195,0.3607546861927814,-1.0364787578582764
2FTL_E_I,4.049499266702131,-0.31352641088867195,0.3607546861927814,-1.1673085689544678
2FTL_E_I,4.049499266702131,-0.31352641088867195,0.3607546861927814,-4.362887978553772
2FTL_E_I,4.049499266702131,-0.31352641088867195,0.3607546861927814,-2.6650286316871643
2FTL_E_I,4.049499266702131,-0.31352641088867195,0.3607546861927814,-3.623243451118469
2FTL_E_I,4.049499266702131,-0.31352641088867195,0.3607546861927814,-5.026647552847862
2FTL_E_I,4.049499266702131,-0.31352641088867195,0.3607546861927814,-5.492050901055336
2FTL_E_I,4.049499266702131,-0.31352641088867195,0.3607546861927814,-2.526190996170044
2FTL_E_I,4.049499266702131,-0.31352641088867195,0.3607546861927814,0.7479097843170166
2FTL_E_I,4.049499266702131,0.4653719912445069,0.2373195519709061,-3.1082058250904083
2FTL_E_I,4.049499266702131,0.4653719912445069,0.2373195519709061,-4.254162430763245
2FTL_E_I,4.049499266702131,0.4653719912445069,0.2373195519709061,-1.0364787578582764
2FTL_E_I,4.049499266702131,0.4653719912445069,0.2373195519709061,-1.1673085689544678
2FTL_E_I,4.049499266702131,0.4653719912445069,0.2373195519709061,-4.362887978553772
2FTL_E_I,4.049499266702131,0.4653719912445069,0.2373195519709061,-2.6650286316871643
2FTL_E_I,4.049499266702131,0.4653719912445069,0.2373195519709061,-3.623243451118469
2FTL_E_I,4.049499266702131,0.4653719912445069,0.2373195519709061,-5.026647552847862
2FTL_E_I,4.049499266702131,0.4653719912445069,0.2373195519709061,-5.492050901055336
2FTL_E_I,4.049499266702131,0.4653719912445069,0.2373195519709061,-2.526190996170044
2FTL_E_I,4.049499266702131,0.4653719912445069,0.2373195519709061,0.7479097843170166
2FTL_E_I,4.049499266702131,0.0014400559557914,0.1431075003758377,-3.1082058250904083
2FTL_E_I,4.049499266702131,0.0014400559557914,0.1431075003758377,-4.254162430763245
2FTL_E_I,4.049499266702131,0.0014400559557914,0.1431075003758377,-1.0364787578582764
2FTL_E_I,4.049499266702131,0.0014400559557914,0.1431075003758377,-1.1673085689544678
2FTL_E_I,4.049499266702131,0.0014400559557914,0.1431075003758377,-4.362887978553772
2FTL_E_I,4.049499266702131,0.0014400559557914,0.1431075003758377,-2.6650286316871643
2FTL_E_I,4.049499266702131,0.0014400559557914,0.1431075003758377,-3.623243451118469
2FTL_E_I,4.049499266702131,0.0014400559557914,0.1431075003758377,-5.026647552847862
2FTL_E_I,4.049499266702131,0.0014400559557914,0.1431075003758377,-5.492050901055336
2FTL_E_I,4.049499266702131,0.0014400559557914,0.1431075003758377,-2.526190996170044
2FTL_E_I,4.049499266702131,0.0014400559557914,0.1431075003758377,0.7479097843170166
2FTL_E_I,4.049499266702131,0.8829349518280027,0.4498816282013478,-3.1082058250904083
2FTL_E_I,4.049499266702131,0.8829349518280027,0.4498816282013478,-4.254162430763245
2FTL_E_I,4.049499266702131,0.8829349518280027,0.4498816282013478,-1.0364787578582764
2FTL_E_I,4.049499266702131,0.8829349518280027,0.4498816282013478,-1.1673085689544678
2FTL_E_I,4.049499266702131,0.8829349518280027,0.4498816282013478,-4.362887978553772
2FTL_E_I,4.049499266702131,0.8829349518280027,0.4498816282013478,-2.6650286316871643
2FTL_E_I,4.049499266702131,0.8829349518280027,0.4498816282013478,-3.623243451118469
2FTL_E_I,4.049499266702131,0.8829349518280027,0.4498816282013478,-5.026647552847862
2FTL_E_I,4.049499266702131,0.8829349518280027,0.4498816282013478,-5.492050901055336
2FTL_E_I,4.049499266702131,0.8829349518280027,0.4498816282013478,-2.526190996170044
2FTL_E_I,4.049499266702131,0.8829349518280027,0.4498816282013478,0.7479097843170166
2FTL_E_I,10.052420328978402,1.585845110232544,0.0013087171805378,-4.579788088798523
2FTL_E_I,4.969061230435361,0.34073150022033694,0.027512529995354,-4.920701622962952
1CBW_FGH_I,0.197837924955438,0.8464176833374024,0.1623579975456437,-1.809854745864868
1CBW_FGH_I,0.197837924955438,0.8464176833374024,0.1623579975456437,-2.1295766830444336
1CBW_FGH_I,0.197837924955438,0.49158145637817396,0.3698600211574922,-1.809854745864868
1CBW_FGH_I,0.197837924955438,0.49158145637817396,0.3698600211574922,-2.1295766830444336
1CBW_FGH_I,0.5952733181458213,-0.008055525477295003,0.0115362099898924,-5.658874198794365
1CBW_FGH_I,-0.0986823803666837,0.03343107699127201,0.1246450474658714,-2.27419650554657
1CBW_FGH_I,1.981349409222482,0.8614309014892578,0.0174323373470069,-3.581434965133667
1CBW_FGH_I,0.7927353758724515,0.002455714428443889,0.1398314794220184,-5.424464821815491
1CBW_FGH_I,0.7927353758724515,0.002455714428443889,0.1398314794220184,-5.370787248015404
1CBW_FGH_I,0.6785278328124797,-0.008055525477295003,0.0115362099898924,-5.658874198794365
1CBW_FGH_I,1.9938671459391348,0.8614309014892578,0.0174323373470069,-3.581434965133667
1CBW_FGH_I,0.5477154906084069,0.9815626532196045,0.0745638939543459,-0.8158173561096194
1CBW_FGH_I,0.8126804977977583,0.002455714428443889,0.1398314794220184,-5.370787248015404
1CBW_FGH_I,4.112804912746551,0.8614309014892578,0.0174323373470069,-4.204914808273315
1CBW_FGH_I,2.1876773236990643,0.8614309014892578,0.0174323373470069,-3.581434965133667
1CBW_FGH_I,3.389831614864535,0.8614309014892578,0.0174323373470069,-3.497431993484497
1CBW_FGH_I,2.134874963592761,0.8614309014892578,0.0174323373470069,-3.105080366134644
1CBW_FGH_I,2.085701535445522,0.8614309014892578,0.0174323373470069,-2.8312432765960693
1CBW_FGH_I,5.215404301479107,0.8614309014892578,0.0174323373470069,-3.504833936691284
1CBW_FGH_I,1.323540562969692,0.8614309014892578,0.0174323373470069,-2.8908259868621826
1CBW_FGH_I,-1.4266451401536568,0.8614309014892578,0.0174323373470069,-2.060164451599121
1CBW_FGH_I,2.9304631409565527,0.8614309014892578,0.0174323373470069,-3.975025415420532
1CBW_FGH_I,-1.580625541261701,0.8614309014892578,0.0174323373470069,-0.5892277956008909
1CBW_FGH_I,3.8655712125783968,0.8614309014892578,0.0174323373470069,-3.825716733932495
1CBW_FGH_I,0.3055973213773325,0.8614309014892578,0.0174323373470069,-3.335718870162964
1CBW_FGH_I,-0.6139646423558983,0.8614309014892578,0.0174323373470069,-0.3160334825515745
1CBW_FGH_I,-2.613723547053873,0.8614309014892578,0.0174323373470069,-1.7992651462554932
1CBW_FGH_I,-2.4351688412088706,0.8614309014892578,0.0174323373470069,-3.792990922927856
2FTL_E_I,12.222399147557317,1.585845110232544,0.0013087171805378,-4.862220644950867
2FTL_E_I,7.642736643031302,1.585845110232544,0.0013087171805378,-4.141177058219911
2FTL_E_I,10.486099748990702,1.585845110232544,0.0013087171805378,-4.109723448753357
2FTL_E_I,11.381819329936064,1.585845110232544,0.0013087171805378,-4.162357211112976
2FTL_E_I,7.948673116898279,1.585845110232544,0.0013087171805378,-3.396858096122742
2FTL_E_I,7.611523374206351,1.585845110232544,0.0013087171805378,-4.239028334617615
2FTL_E_I,11.054034986016326,1.585845110232544,0.0013087171805378,-5.1416462659835815
2FTL_E_I,8.77093788913463,1.585845110232544,0.0013087171805378,-3.1832622289657597
2FTL_E_I,9.32495693576875,1.585845110232544,0.0013087171805378,-4.688670516014099
2FTL_E_I,9.272154575662446,1.585845110232544,0.0013087171805378,-4.319011092185974
2FTL_E_I,8.689481060826116,1.585845110232544,0.0013087171805378,-3.3482602834701543
2FTL_E_I,-0.5763175076236223,1.585845110232544,0.0013087171805378,-1.237809181213379
2FTL_E_I,6.953351557945951,1.585845110232544,0.0013087171805378,-3.843301653862
2FTL_E_I,6.784939654121932,1.585845110232544,0.0013087171805378,-2.784702181816101
2FTL_E_I,8.573055331717944,1.585845110232544,0.0013087171805378,-4.763784766197205
1A4Y_A_B,0.9037102048722002,0.043010486282348825,0.3821591825522898,1.1641855239868169
1A4Y_A_B,3.2605541973048746,1.6652185585021972,0.0336793282398424,-0.4957516193389892
1A4Y_A_B,3.4839828127111745,-1.623771826185608,0.1230589383999891,-1.3350439071655271
1A4Y_A_B,0.8359379137057956,2.9885536354614257,0.1497097119816912,-2.7261942625045776
1Z7X_W_X,5.953264042870864,2.4234250422973633,0.0121305440376078,-2.216854214668273
1Z7X_W_X,3.6607903964813246,-1.6741599604263304,0.1779571202992242,-1.5263011455535889
1Z7X_W_X,2.6229603015683534,1.5433523212707518,0.0555500433317187,-0.4054565429687504
1Z7X_W_X,0.8478672572750936,-0.12831983879089348,0.4065770768903136,-0.9116220474243164
1A4Y_A_B,0.679128198221057,0.49592114640655516,0.1263978277696908,-3.193289637565613
1Z7X_W_X,1.3353555091961204,-0.7273635562744141,0.0617758766838476,-0.1945276260375976
1Z7X_W_X,2.2114274623341164,-0.22988435344543534,0.0740946169041249,1.907223701477052
1Z7X_W_X,1.320732873103489,0.06107056370849606,0.1555716344097911,-2.3787027597427364
1Z7X_W_X,1.320732873103489,0.06107056370849606,0.1555716344097911,1.7214255332946775
1Z7X_W_X,1.320732873103489,0.3169336260803224,0.1068296573880782,-2.3787027597427364
1Z7X_W_X,1.320732873103489,0.3169336260803224,0.1068296573880782,1.7214255332946775
1Z7X_W_X,1.6688123025080832,-1.0347218450500488,0.1435766110024238,0.0494532585144043
1Z7X_W_X,1.305740004630683,0.2501801271774291,0.17424898909013,-1.5249664783477783
1A4Y_A_B,0.1006119453117913,-0.891268691500855,0.1953816050754826,-0.4731495380401607
1A4Y_A_B,0.1006119453117913,-0.891268691500855,0.1953816050754826,-2.485432982444763
1A4Y_A_B,1.170849396491051,0.608662859387207,0.0099683152668705,0.2969322204589844
1A4Y_A_B,0.0423170461223214,1.237419370602417,0.0002921979450456,-0.6470847129821777
1A4Y_A_B,1.5000732434540465,0.12528400579833976,0.0206164068933458,-1.3346707820892334
1A4Y_A_B,-0.3098605773047036,0.5111393505187989,0.1466865588334085,1.4064711332321171
1A4Y_A_B,0.8833381384448902,0.10404440635833745,0.060210056131117,-1.1290470361709597
1A4Y_A_B,0.2504101915578016,0.9793025136901852,0.1760136177022975,-1.4040697813034058
1A4Y_A_B,4.250523414565851,-0.1707533977890019,0.0089497545082013,-1.2360427379608154
1A4Y_A_B,0.6565352308731688,0.16380288338012683,0.1094700807956457,-2.1573183536529537
1A4Y_A_B,0.5576080282988388,1.6652185585021972,0.0336793282398424,-1.42162275314331
1A4Y_A_B,0.2451509503047384,2.9885536354614257,0.1497097119816912,-1.1959241628646855
1A4Y_A_B,3.2353509608465565,-0.1707533977890019,0.0089497545082013,-3.313973903656006
1Z7X_W_X,2.165087554212764,1.5433523212707518,0.0555500433317187,-1.195564985275269
1A22_A_B,0.1553686208366228,0.04766256240844813,0.0113057644978471,-1.312344312667847
1A22_A_B,0.1553686208366228,0.04766256240844813,0.0113057644978471,-1.4157066345214844
1A22_A_B,0.1553686208366228,-0.7105434536895752,0.1457744761707761,-1.312344312667847
1A22_A_B,0.1553686208366228,-0.7105434536895752,0.1457744761707761,-1.4157066345214844
1A22_A_B,-0.4471143120724659,0.7940800517395021,0.1342833389802677,0.0225718021392817
1A22_A_B,0.3142309784901898,0.20697259630157472,0.1326397486914821,-5.158901572227478
1A22_A_B,1.6418900904659794,0.9724554940063481,0.2073775356672871,-1.3169987201690674
1A22_A_B,0.5881904627116606,-1.1940014800140384,0.1939074452952451,-0.4226326942443847
1A22_A_B,0.7905698398926754,0.21268507203064013,0.0465999354575146,0.2748246192932129
1A22_A_B,2.014143760982584,0.41259552748718265,0.0484401024687262,-3.5129504203796387
1A22_A_B,-0.924194797457666,-0.1716406360961913,0.1070444477240689,0.0258245468139652
1A22_A_B,1.9061753648850552,0.6249294846142578,0.0370104706823938,-4.4331174492836
1A22_A_B,2.4246162835990783,1.562832939993286,0.1340808914566766,-3.3948549032211304
1A22_A_B,0.8059521767601838,0.6323049280151367,0.0009187172381562,-3.4022371768951416
1A22_A_B,2.115299745535946,0.45704081897277815,0.0131872979573719,-0.8164932727813721
1A22_A_B,0.5356069517276616,0.8705367740264893,0.040346957466585,-3.744632005691528
1A22_A_B,0.0,0.47228340518188494,0.6601271817365019,-2.097182035446167
1A22_A_B,0.0,0.47228340518188494,0.6601271817365019,-0.1666803359985347
1A22_A_B,0.0,0.47228340518188494,0.6601271817365019,-2.490118265151977
1A22_A_B,0.0,0.47228340518188494,0.6601271817365019,-5.077972650527954
1A22_A_B,0.0,0.47228340518188494,0.6601271817365019,-2.695697069168091
1A22_A_B,0.0,0.47228340518188494,0.6601271817365019,-2.6961443424224854
1A22_A_B,0.0,0.47228340518188494,0.6601271817365019,0.9128334522247314
1A22_A_B,0.0,0.47228340518188494,0.6601271817365019,-1.1779272556304932
1A22_A_B,0.0,0.47228340518188494,0.6601271817365019,-3.700484335422516
1A22_A_B,0.0,0.47228340518188494,0.6601271817365019,-2.097182035446167
1A22_A_B,0.0,0.47228340518188494,0.6601271817365019,-0.1666803359985347
1A22_A_B,0.0,0.47228340518188494,0.6601271817365019,-2.490118265151977
1A22_A_B,0.0,0.47228340518188494,0.6601271817365019,-5.077972650527954
1A22_A_B,0.0,0.47228340518188494,0.6601271817365019,-2.695697069168091
1A22_A_B,0.0,0.47228340518188494,0.6601271817365019,-2.6961443424224854
1A22_A_B,0.0,0.47228340518188494,0.6601271817365019,0.9128334522247314
1A22_A_B,0.0,0.47228340518188494,0.6601271817365019,-1.1779272556304932
1A22_A_B,0.0,0.47228340518188494,0.6601271817365019,-3.700484335422516
1A22_A_B,0.0,-0.5060012307128907,0.0032473260665828,-2.097182035446167
1A22_A_B,0.0,-0.5060012307128907,0.0032473260665828,-0.1666803359985347
1A22_A_B,0.0,-0.5060012307128907,0.0032473260665828,-2.490118265151977
1A22_A_B,0.0,-0.5060012307128907,0.0032473260665828,-5.077972650527954
1A22_A_B,0.0,-0.5060012307128907,0.0032473260665828,-2.695697069168091
1A22_A_B,0.0,-0.5060012307128907,0.0032473260665828,-2.6961443424224854
1A22_A_B,0.0,-0.5060012307128907,0.0032473260665828,0.9128334522247314
1A22_A_B,0.0,-0.5060012307128907,0.0032473260665828,-1.1779272556304932
1A22_A_B,0.0,-0.5060012307128907,0.0032473260665828,-3.700484335422516
1A22_A_B,0.0,2.306610082809448,0.015209366119814,-2.097182035446167
1A22_A_B,0.0,2.306610082809448,0.015209366119814,-0.1666803359985347
1A22_A_B,0.0,2.306610082809448,0.015209366119814,-2.490118265151977
1A22_A_B,0.0,2.306610082809448,0.015209366119814,-5.077972650527954
1A22_A_B,0.0,2.306610082809448,0.015209366119814,-2.695697069168091
1A22_A_B,0.0,2.306610082809448,0.015209366119814,-2.6961443424224854
1A22_A_B,0.0,2.306610082809448,0.015209366119814,0.9128334522247314
1A22_A_B,0.0,2.306610082809448,0.015209366119814,-1.1779272556304932
1A22_A_B,0.0,2.306610082809448,0.015209366119814,-3.700484335422516
1A22_A_B,0.0,0.11304477619628894,0.4306324760042578,-2.097182035446167
1A22_A_B,0.0,0.11304477619628894,0.4306324760042578,-0.1666803359985347
1A22_A_B,0.0,0.11304477619628894,0.4306324760042578,-2.490118265151977
1A22_A_B,0.0,0.11304477619628894,0.4306324760042578,-5.077972650527954
1A22_A_B,0.0,0.11304477619628894,0.4306324760042578,-2.695697069168091
1A22_A_B,0.0,0.11304477619628894,0.4306324760042578,-2.6961443424224854
1A22_A_B,0.0,0.11304477619628894,0.4306324760042578,0.9128334522247314
1A22_A_B,0.0,0.11304477619628894,0.4306324760042578,-1.1779272556304932
1A22_A_B,0.0,0.11304477619628894,0.4306324760042578,-3.700484335422516
1A22_A_B,0.0,0.532909335769653,0.3941441046018986,-2.097182035446167
1A22_A_B,0.0,0.532909335769653,0.3941441046018986,-0.1666803359985347
1A22_A_B,0.0,0.532909335769653,0.3941441046018986,-2.490118265151977
1A22_A_B,0.0,0.532909335769653,0.3941441046018986,-5.077972650527954
1A22_A_B,0.0,0.532909335769653,0.3941441046018986,-2.695697069168091
1A22_A_B,0.0,0.532909335769653,0.3941441046018986,-2.6961443424224854
1A22_A_B,0.0,0.532909335769653,0.3941441046018986,0.9128334522247314
1A22_A_B,0.0,0.532909335769653,0.3941441046018986,-1.1779272556304932
1A22_A_B,0.0,0.532909335769653,0.3941441046018986,-3.700484335422516
1A22_A_B,0.5140705175285369,1.982586421472168,0.1227545459438912,-5.117631018161774
1A22_A_B,1.607144483940179,-0.11575695220947235,0.006143468069833,-0.3342218399047851
1A22_A_B,4.729537319129406,2.000017898730469,0.0217853758949312,-1.39426589012146
1A22_A_B,4.729537319129406,2.000017898730469,0.0217853758949312,-2.8977612257003784
1A22_A_B,4.729537319129406,4.515672589508057,0.0025899575047831,-1.39426589012146
1A22_A_B,4.729537319129406,4.515672589508057,0.0025899575047831,-2.8977612257003784
1A22_A_B,1.94002381579946,0.07245299183959997,0.1209000321493904,-1.450355052947998
1A22_A_B,3.304241640773704,1.2079860138641356,0.0016721074018139,-3.447169691324234
1A22_A_B,0.2739594842214708,0.17672161534118658,0.0134475406244215,-0.8994505405426025
1A22_A_B,0.2739594842214708,0.17672161534118658,0.0134475406244215,-2.676410436630249
1A22_A_B,0.2739594842214708,0.17672161534118658,0.0134475406244215,-1.5659186840057375
1A22_A_B,0.2739594842214708,0.17672161534118658,0.0134475406244215,2.0323327779769897
1A22_A_B,0.2739594842214708,1.2886428671020507,0.2165434266789329,-0.8994505405426025
1A22_A_B,0.2739594842214708,1.2886428671020507,0.2165434266789329,-2.676410436630249
1A22_A_B,0.2739594842214708,1.2886428671020507,0.2165434266789329,-1.5659186840057375
1A22_A_B,0.2739594842214708,1.2886428671020507,0.2165434266789329,2.0323327779769897
1A22_A_B,1.485867962107306,0.241060321390686,0.0281537786376515,-2.9235042929649357
1A22_A_B,2.129803001188137,0.21482204119415282,0.162896623769617,-4.161612629890442
1A22_A_B,-0.6167351050091565,-0.11254474291381822,0.2022587986621273,-0.6823108196258545
1A22_A_B,1.7608235553488416,-0.03566094785461438,0.0217324195363067,-0.2547312974929809
1A22_A_B,0.5213367028354314,0.45704081897277815,0.0131872979573719,0.0988097190856933
1A22_A_B,0.5213367028354314,0.45704081897277815,0.0131872979573719,-2.6660137176513667
1A22_A_B,0.6505835559235611,0.20329289288635266,0.1690911202624688,-1.07578444480896
1A22_A_B,0.5990565780883257,0.8705367740264893,0.040346957466585,-3.744632005691528
1A22_A_B,0.3313970115038283,1.2886428671020507,0.2165434266789329,-2.676410436630249
1A22_A_B,0.5426151598260328,1.982586421472168,0.1227545459438912,-3.30054098367691
1A22_A_B,0.5426151598260328,1.982586421472168,0.1227545459438912,-5.117631018161774
1A22_A_B,4.6332957750031,2.000017898730469,0.0217853758949312,-1.39426589012146
1A22_A_B,2.783561828380338,2.000017898730469,0.0217853758949312,0.918771624565124
1A22_A_B,-0.5808340119259235,0.47228340518188494,0.6601271817365019,-0.1666803359985347
1A22_A_B,1.0852303196520656,-0.03566094785461438,0.0217324195363067,-1.2890224456787112
1A22_A_B,1.0852303196520656,-0.03566094785461438,0.0217324195363067,-0.2547312974929809
1A22_A_B,0.4669139408787877,-0.6856975188690193,0.0267030935523951,-1.2979142665863033
1A22_A_B,2.6256305007124494,1.2079860138641356,0.0016721074018139,-3.447169691324234
1A22_A_B,-0.4312531345396917,0.7940800517395021,0.1342833389802677,0.0225718021392817
1A22_A_B,1.7769862832883918,0.20329289288635266,0.1690911202624688,-1.07578444480896
1A22_A_B,1.7769862832883918,0.20329289288635266,0.1690911202624688,-0.3342218399047851
1A22_A_B,1.7769862832883918,-0.11575695220947235,0.006143468069833,-1.07578444480896
1A22_A_B,1.7769862832883918,-0.11575695220947235,0.006143468069833,-0.3342218399047851
1A22_A_B,0.5771212306556589,1.982586421472168,0.1227545459438912,-5.117631018161774
1A22_A_B,-0.2223193050485716,-0.6856975188690193,0.0267030935523951,-1.2979142665863033
1A22_A_B,-0.2223193050485716,-0.6856975188690193,0.0267030935523951,-2.757137417793275
1A22_A_B,-0.2223193050485716,0.17946352329101556,0.2391315672379173,-1.2979142665863033
1A22_A_B,-0.2223193050485716,0.17946352329101556,0.2391315672379173,-2.757137417793275
1A22_A_B,1.5753702441579382,0.241060321390686,0.0281537786376515,-2.9235042929649357
1A22_A_B,-0.7229296006105953,-0.11254474291381822,0.2022587986621273,-0.6823108196258545
1A22_A_B,-0.2062625823926616,-0.2815829837646482,0.123620458599489,1.1168687343597412
1A22_A_B,-0.2062625823926616,-0.2815829837646482,0.123620458599489,-1.8182847499847417
1A22_A_B,-0.2062625823926616,-0.2815829837646482,0.123620458599489,-0.1111526489257812
1A22_A_B,0.8381110782466282,0.49942623948059084,0.1971025918453773,-2.6196635961532597
1A22_A_B,0.638856703952338,-0.7105434536895752,0.1457744761707761,-4.724868386983872
1A22_A_B,0.638856703952338,-0.7105434536895752,0.1457744761707761,-1.4157066345214844
1A22_A_B,0.7059684410370903,0.20697259630157472,0.1326397486914821,-5.158901572227478
1A22_A_B,1.157297622666361,0.21268507203064013,0.0465999354575146,0.2748246192932129
1A22_A_B,1.542566908824538,0.41259552748718265,0.0484401024687262,-3.5129504203796387
1A22_A_B,-0.8950649904161133,-0.1716406360961913,0.1070444477240689,0.0258245468139652
1A22_A_B,1.68995983101726,0.6249294846142578,0.0370104706823938,-3.4931073784828186
1A22_A_B,1.26936421278632,1.562832939993286,0.1340808914566766,-1.8520747423172
1A22_A_B,1.26936421278632,1.562832939993286,0.1340808914566766,-1.419036030769348
1A22_A_B,0.5894792263820106,0.6323049280151367,0.0009187172381562,-3.4022371768951416
1A22_A_B,1.0189540212285182,0.15693497241622922,0.1325049166052408,-2.663701117038727
1A22_A_B,0.9530876824425276,1.562832939993286,0.1340808914566766,-2.705522179603577
1BP3_A_B,2.9107900251628185,-0.2163628770599364,0.2894287098917155,0.149344682693481
1BP3_A_B,2.670678991855752,-0.14740181416015563,0.0039061661377785,0.1640748977661132
1BP3_A_B,1.149772913128874,0.38708564624023456,0.2029713157888814,-0.0598659515380859
1BP3_A_B,1.149772913128874,0.38708564624023456,0.2029713157888814,-2.531826972961426
1BP3_A_B,1.149772913128874,0.230940329467773,0.063554336943162,-0.0598659515380859
1BP3_A_B,1.149772913128874,0.230940329467773,0.063554336943162,-2.531826972961426
1BP3_A_B,1.415087182894258,-0.28034225473022456,0.2736639452162294,-1.2828280925750728
1BP3_A_B,0.855789605167459,0.19722517744445822,0.1827151436409271,-2.646073579788208
1BP3_A_B,0.5461933379197206,0.15741155531616213,0.418120427558285,-1.1981122493743896
1BP3_A_B,3.9262708008172464,0.2423079467895508,0.0858956545561867,-1.7817177772521973
1BP3_A_B,1.7273797417394183,0.3761287972900391,0.1234078409982252,-2.5101505517959595
1BP3_A_B,3.1891199105697754,0.7360462804016121,0.0465510172035705,-2.9044432640075684
1BP3_A_B,3.491624037088742,-0.003711931765747245,0.0986683338313079,-0.7803695201873779
1BP3_A_B,0.5672199256191642,0.23616414954681397,0.2924351520712507,-2.896917760372162
1BP3_A_B,2.12089241066989,0.2423079467895508,0.0858956545561867,-1.7817177772521973
1BP3_A_B,2.021409946289478,0.7360462804016121,0.0465510172035705,-2.9044432640075684
3MZG_A_B,1.0903575090208044,-0.5397946364990229,0.0795869791711173,0.0789978504180908
3MZG_A_B,1.216352042892593,-0.5397946364990229,0.0795869791711173,0.0789978504180908
3MZG_A_B,1.2076131558348775,-0.5397946364990229,0.0795869791711173,0.0789978504180908
3MZG_A_B,1.0327092393963728,-0.5397946364990229,0.0795869791711173,0.0789978504180908
3MZG_A_B,0.867254485591477,-0.5397946364990229,0.0795869791711173,0.0789978504180908
3MZG_A_B,0.1264757358517611,-0.26977899441833486,0.2213294161121035,0.434352159500122
3MZG_A_B,0.2916380111423016,-0.26977899441833486,0.2213294161121035,0.434352159500122
3MZG_A_B,0.3236558990138876,-0.26977899441833486,0.2213294161121035,0.434352159500122
3MZG_A_B,0.3236558990138876,-0.26977899441833486,0.2213294161121035,2.179869771003723
3MZG_A_B,0.3236558990138876,-0.003437508197021266,0.0208517675057265,0.434352159500122
3MZG_A_B,0.3236558990138876,-0.003437508197021266,0.0208517675057265,2.179869771003723
3MZG_A_B,-0.6859667122324017,-0.46935260733032225,0.0192828398813426,2.1103113889694223
3MZG_A_B,0.7337572610586583,-0.46935260733032225,0.0192828398813426,2.1103113889694223
3MZG_A_B,1.6689743456539297,-0.46935260733032225,0.0192828398813426,2.1103113889694223
3MZG_A_B,1.4443647295833233,-0.46935260733032225,0.0192828398813426,2.1103113889694223
3MZG_A_B,1.4808545682715797,-0.46935260733032225,0.0192828398813426,2.1103113889694223
3MZG_A_B,1.8207061518132373,-0.46935260733032225,0.0192828398813426,2.1103113889694223
3MZG_A_B,1.6293401853076444,-0.46935260733032225,0.0192828398813426,2.1103113889694223
3MZG_A_B,1.6141792623884277,-0.46935260733032225,0.0192828398813426,2.1103113889694223
3MZG_A_B,1.5347214064046388,-0.46935260733032225,0.0192828398813426,2.1103113889694223
3MZG_A_B,-0.8740121713298612,-0.003437508197021266,0.0208517675057265,2.179869771003723
3MZG_A_B,0.2869193672694495,-0.003437508197021266,0.0208517675057265,2.179869771003723
3MZG_A_B,0.2805687790862999,-0.003437508197021266,0.0208517675057265,2.179869771003723
3MZG_A_B,0.3829239893390637,-0.003437508197021266,0.0208517675057265,2.179869771003723
3MZG_A_B,-0.4471143120724659,0.9319643074646,0.0923592406197475,-1.920484185218811
3MZG_A_B,2.0342198080721627,0.9319643074646,0.0923592406197475,-1.920484185218811
3MZG_A_B,1.9272663784743875,0.9319643074646,0.0923592406197475,-1.920484185218811
3MZG_A_B,2.09321927209525,0.9319643074646,0.0923592406197475,-1.920484185218811
3MZG_A_B,2.4414610522025155,0.9319643074646,0.0923592406197475,-1.920484185218811
3MZG_A_B,2.2916129097949827,0.9319643074646,0.0923592406197475,-1.920484185218811
3MZG_A_B,2.341851123959868,0.9319643074646,0.0923592406197475,-1.920484185218811
3MZG_A_B,2.2488956023037225,0.9319643074646,0.0923592406197475,-1.920484185218811
3MZG_A_B,0.7762032212644027,-0.46935260733032225,0.0192828398813426,2.1103113889694223
3MZG_A_B,1.0548551143117513,-0.46935260733032225,0.0192828398813426,2.1103113889694223
3MZG_A_B,1.7116396344636169,-0.46935260733032225,0.0192828398813426,2.1103113889694223
3MZG_A_B,2.036777853832957,-0.46935260733032225,0.0192828398813426,2.1103113889694223
3MZG_A_B,2.202183777212843,-0.46935260733032225,0.0192828398813426,2.1103113889694223
3MZG_A_B,2.0326511007368167,-0.46935260733032225,0.0192828398813426,2.1103113889694223
3MZG_A_B,2.454231788164516,-0.46935260733032225,0.0192828398813426,2.1103113889694223
3MZG_A_B,2.2719333212104806,-0.46935260733032225,0.0192828398813426,2.1103113889694223
3MZG_A_B,2.2108289916689303,-0.46935260733032225,0.0192828398813426,2.1103113889694223
1F47_A_B,0.6911964665596501,0.7137886559783935,0.4986815426540259,-1.1074017286300657
1F47_A_B,0.868977610312787,1.6741475730224609,0.2480919666630295,-3.955109119415283
1F47_A_B,1.7328822523963323,0.5115647329568479,0.2874781041236428,-4.315730929374695
1F47_A_B,2.5151184275678347,1.7059518093511963,0.0419561529260033,-4.431596159934998
1F47_A_B,2.4443876295382254,2.4578018139038087,0.0655377602998243,-2.1610124111175537
1F47_A_B,2.0639366624021465,0.5115647329568479,0.2874781041236428,-3.595932364463806
1F47_A_B,1.138831508619465,0.5115647329568479,0.2874781041236428,-5.020640730857849
1FCC_A_C,4.935799901522068,0.24812855345764162,0.0054799688259486,-3.3361862897872925
1FCC_A_C,1.2555918089614944,0.23229992299804691,0.0480775136015898,-1.6823393106460574
1FCC_A_C,2.364048112240645,1.3846056401306153,0.1667012477771,-2.590251207351685
1FCC_A_C,0.2721289211786522,0.3226763719879151,0.3744527971080365,-0.6124782562255859
1FCC_A_C,3.7714940707573352,-0.03284522858291633,0.0350600628498857,-4.49258217215538
1GC1_G_C,0.5359984801206348,0.24412969294433573,0.0056594273897517,-2.1744284629821777
1GC1_G_C,0.1825719563935244,0.400844791040039,0.4542853096188476,-2.4090585708618164
1GC1_G_C,0.0,1.293157408581543,0.05149557471424,-0.4717497825622561
1GC1_G_C,0.0,1.293157408581543,0.05149557471424,-4.043995261192322
1GC1_G_C,0.0,1.293157408581543,0.05149557471424,-0.2885503768920898
1GC1_G_C,0.0,1.293157408581543,0.05149557471424,-0.6879709362983705
1GC1_G_C,1.0555473255802814,-0.1894769660339355,0.0248770319145999,-2.0851426124572754
1GC1_G_C,-0.148825055110304,-0.054145177673339706,0.1871854823951193,-0.574030876159668
1GC1_G_C,0.7080210832059186,0.1455640382354737,0.1921259413945323,0.6110305786132812
1GC1_G_C,1.1753872476063394,0.643177994891357,0.2377520192641271,-0.8585929870605469
1GC1_G_C,0.4424904104880809,-0.8231191320983879,0.3941648110702181,0.7873129844665527
1JRH_LH_I,0.5426151598260328,1.5303393643225096,0.1953559790171472,-2.884735941886902
1JRH_LH_I,0.5426151598260328,1.5303393643225096,0.1953559790171472,-2.342873692512512
1JRH_LH_I,0.4346467637285045,0.3020422432991028,0.145143731731736,-4.237544000148773
1JRH_LH_I,1.1084563032791503,0.542503622607422,0.208941448543572,-1.294806718826294
1JRH_LH_I,1.1084563032791503,0.542503622607422,0.208941448543572,1.6543748378753658
1JRH_LH_I,1.1084563032791503,0.12240197646484408,0.1351227588051217,-1.294806718826294
1JRH_LH_I,1.1084563032791503,0.12240197646484408,0.1351227588051217,1.6543748378753658
1JRH_LH_I,2.8184063883148074,0.8070220790466309,0.0077109625706872,0.0610918998718261
1JRH_LH_I,-0.650583555923561,1.4977847806823732,0.0799167187804542,-2.592274844646454
1JRH_LH_I,1.4333097490566602,1.3527555442016603,0.4709752294657779,-0.4444859027862549
1JRH_LH_I,2.6862637511052694,0.24530216477661204,0.0,-2.413980007171631
1JRH_LH_I,2.4213171849672226,-0.32305178572082527,0.1288555410614759,-1.0032000541687012
1JRH_LH_I,1.8860993177954763,0.48468604578399654,0.3831689306763632,-4.520208358764648
1JRH_LH_I,1.85464838704982,0.6627826560241701,0.2611307998690024,-0.9590792655944824
1JRH_LH_I,1.2555918089614944,0.5070908324371337,0.0985708103042734,-0.4063453674316406
1JRH_LH_I,1.061056078540056,2.4061133820922853,0.5113188427611968,-1.4016163349151611
1JRH_LH_I,1.6977704602042596,1.7463657583831789,0.000316771579257,-2.9008595943450928
1JRH_LH_I,-3.788176488658101,0.009716779023742905,0.4114302136367721,-0.2295647859573364
1JRH_LH_I,3.577154136890102,-0.4920981027099609,0.0060613915237788,-2.0449936389923096
1JRH_LH_I,3.292328537291966,-0.4920981027099609,0.0060613915237788,-3.2317817211151123
1JRH_LH_I,3.399240400240731,1.6061204568511962,0.0304395534883113,-1.4017015695571895
1JRH_LH_I,0.7903533578311163,1.6061204568511962,0.0304395534883113,-1.011539816856384
1JRH_LH_I,4.525327378905573,0.028021835103660506,0.002099581864704,-4.976297058165073
1JRH_LH_I,2.983456750787704,0.36682108944091807,0.1260162342150496,-1.894012212753296
1JRH_LH_I,4.911625660410057,0.36682108944091807,0.1260162342150496,-1.6237924098968506
1JRH_LH_I,0.2975485605894238,-0.8070362603012087,0.1629861666461416,-1.777646541595459
1JRH_LH_I,-0.4348181388339692,0.009716779023742905,0.4114302136367721,-0.8984512090682983
1JRH_LH_I,-0.6567845201518657,-0.006357575488262199,0.1416026042063289,-4.980191081762314
1JRH_LH_I,4.52729805184833,0.12240197646484408,0.1351227588051217,-1.0186502933502195
1JRH_LH_I,1.1350550582089605,0.12240197646484408,0.1351227588051217,2.747359812259674
1JRH_LH_I,-0.0426217472727537,-0.21326924403686487,0.4372342823210711,-1.1650853157043457
1JRH_LH_I,3.850569581870001,-0.4920981027099609,0.0060613915237788,-2.0449936389923096
1JRH_LH_I,3.6550048561022552,1.6061204568511962,0.0304395534883113,-1.4017015695571895
1JRH_LH_I,1.0272076276256512,1.6061204568511962,0.0304395534883113,-1.011539816856384
1JRH_LH_I,4.37514720495954,0.028021835103660506,0.002099581864704,-4.976297058165073
1JRH_LH_I,1.4756267951789817,1.0584088126617432,0.0431362950611719,-2.9066699743270874
1JRH_LH_I,3.788176488658101,0.36682108944091807,0.1260162342150496,-1.894012212753296
1JRH_LH_I,4.707415720186225,1.2661023153463744,0.0,-4.021790623664856
1JRH_LH_I,0.4578727473555895,-0.8070362603012087,0.1629861666461416,-1.777646541595459
1JRH_LH_I,-0.6967513417728689,0.009716779023742905,0.4114302136367721,-0.8984512090682983
1JRH_LH_I,0.5808340119259237,-0.006357575488262199,0.1416026042063289,-5.58443021774292
1JRH_LH_I,0.5808340119259237,-0.006357575488262199,0.1416026042063289,-4.983743995428085
1JRH_LH_I,4.330791648484134,0.12240197646484408,0.1351227588051217,-1.0186502933502195
1JRH_LH_I,1.0969571716232889,0.12240197646484408,0.1351227588051217,1.6543748378753658
1JRH_LH_I,1.2405989404886884,0.12240197646484408,0.1351227588051217,2.747359812259674
1JRH_LH_I,1.0315460109325754,-0.0077720367897034515,0.0708281236701131,-3.715061664581299
1JRH_LH_I,0.6668088632861536,-0.21326924403686487,0.4372342823210711,-1.1650853157043457
1DAN_HL_UT,1.5597118430475414,-0.06352367861560829,0.1286560323412982,-4.718546435236931
1DAN_HL_UT,-0.1932234433384246,0.09192853761901854,0.2561758927431225,-4.1828453540802
1DAN_HL_UT,-0.1932234433384246,0.09192853761901854,0.2561758927431225,-1.499587595462799
1DAN_HL_UT,0.7580532868908322,0.5158212153808599,0.0199653729411653,-2.2885611057281494
1DAN_HL_UT,1.4348348383549392,2.108652459887696,0.4386364914369818,-4.605864882469177
1DAN_HL_UT,0.7436646564351227,2.046990518196411,0.1379385572600363,-3.53227698802948
1DAN_HL_UT,0.739157260696447,0.7052617085876474,0.0575882280529129,0.2656860351562504
1DAN_HL_UT,2.4375104375085472,1.3466652012023927,0.0614803207381522,-3.60409814119339
1DAN_HL_UT,2.1440475045127787,2.108652459887696,0.4386364914369818,-4.605864882469177
1DAN_HL_UT,2.3700341656798734,-0.06352367861560829,0.1286560323412982,-4.718546435236931
1DAN_HL_UT,0.8944073705008919,0.3112361925170899,0.2177639710011914,-1.9895198345184328
1DAN_HL_UT,1.3048798931173866,0.5229047500115969,0.0625592758692454,-4.236046433448792
1DAN_HL_UT,0.985693348697654,1.37646696267395,0.2414390466290807,-5.076205730438232
1DAN_HL_UT,2.214461307326896,1.7042233733795167,0.2077553514303964,-3.627561092376709
1DAN_HL_UT,1.5691651675364626,1.504736150125122,0.0263498093684421,-4.325061291456223
1DAN_HL_UT,0.0,0.1705503626281737,0.3720842046898218,-4.406039476394653
1DAN_HL_UT,0.0,0.1705503626281737,0.3720842046898218,-2.6952807903289795
1DAN_HL_UT,0.0,0.1705503626281737,0.3720842046898218,-3.33189868927002
1DAN_HL_UT,0.0,0.1705503626281737,0.3720842046898218,-3.2181317806243896
1DAN_HL_UT,0.0,0.1705503626281737,0.3720842046898218,0.5854860544204712
1DAN_HL_UT,0.0,0.1705503626281737,0.3720842046898218,0.5458881855010991
1DAN_HL_UT,0.0,0.1705503626281737,0.3720842046898218,-0.7973475456237793
1DAN_HL_UT,0.0,0.1705503626281737,0.3720842046898218,-5.855258949100971
1DAN_HL_UT,0.0,0.1705503626281737,0.3720842046898218,-1.645075559616089
1DAN_HL_UT,0.0,0.1705503626281737,0.3720842046898218,-5.461629539728166
1DAN_HL_UT,0.0,0.1705503626281737,0.3720842046898218,-4.223797827959061
1DAN_HL_UT,0.0,-0.028574025619506838,0.5965437519975573,-4.406039476394653
1DAN_HL_UT,0.0,-0.028574025619506838,0.5965437519975573,-2.6952807903289795
1DAN_HL_UT,0.0,-0.028574025619506838,0.5965437519975573,-3.33189868927002
1DAN_HL_UT,0.0,-0.028574025619506838,0.5965437519975573,-3.2181317806243896
1DAN_HL_UT,0.0,-0.028574025619506838,0.5965437519975573,0.5854860544204712
1DAN_HL_UT,0.0,-0.028574025619506838,0.5965437519975573,0.5458881855010991
1DAN_HL_UT,0.0,-0.028574025619506838,0.5965437519975573,-0.7973475456237793
1DAN_HL_UT,0.0,-0.028574025619506838,0.5965437519975573,-5.855258949100971
1DAN_HL_UT,0.0,-0.028574025619506838,0.5965437519975573,-1.645075559616089
1DAN_HL_UT,0.0,-0.028574025619506838,0.5965437519975573,-5.461629539728166
1DAN_HL_UT,0.0,-0.028574025619506838,0.5965437519975573,-4.223797827959061
1NMB_N_LH,2.953627446250787,0.7673141698120123,0.0372250944932546,-0.9328672885894777
1NMB_N_LH,2.953627446250787,0.7673141698120123,0.0372250944932546,0.2314145565032963
1NMB_N_LH,2.953627446250787,0.7673141698120123,0.0372250944932546,-0.9328672885894777
1NMB_N_LH,2.953627446250787,0.7673141698120123,0.0372250944932546,0.2314145565032963
1NMB_N_LH,2.140619496834345,0.6839847354248048,0.2965468076663982,1.004021406173706
1NMB_N_LH,1.4194097325446042,0.12262849376831042,0.025614536200012,-0.6158828735351562
1NMB_N_LH,0.9000205563456564,-1.163856611216736,0.1399928096146066,-2.1193411350250244
1VFB_AB_C,0.3401304956551773,-0.1473653017029572,0.1714822245990545,-2.801621735095978
1VFB_AB_C,0.8509648319333666,-1.1805359473114017,0.0365119290050647,-0.5086274147033691
1VFB_AB_C,0.7134502090749723,0.24434305942688006,0.2418359086046162,-1.8948731422424316
1VFB_AB_C,0.7650955177474081,0.7204867631945802,0.21720104465619,-3.839311718940735
1VFB_AB_C,2.8769973068420085,1.325660024432373,0.001157761654245,-0.543306827545166
1VFB_AB_C,1.8368993808269287,0.5299348528381347,0.2593153856253631,-0.7107212543487549
1VFB_AB_C,0.5243333720352199,1.737481794177246,0.1304787338330774,-1.196284532546997
1VFB_AB_C,3.3485741590000533,0.7584870771514893,0.1290774275765337,-2.5854159593582158
1VFB_AB_C,2.9397581036812457,0.1654315953353882,0.172918193961587,-2.377199411392211
1VFB_AB_C,1.586040562980398,1.5988550333251963,0.0457624671233375,-1.529582262039184
3HFM_HL_Y,4.876032917592995,-0.025519397107696573,0.0030767815264946,-4.518867790699005
3HFM_HL_Y,5.10734458138055,2.318011554890747,0.0,-4.506478816270828
3HFM_HL_Y,6.988162514604541,-0.1432951333181572,0.000295179187775,-5.062265425920487
3HFM_HL_Y,5.214129786929024,0.07522103641052258,0.0550871839590701,-0.7150919437408447
3HFM_HL_Y,1.3434841579694434,0.07522103641052258,0.0550871839590701,-1.371685266494751
3HFM_HL_Y,5.70736746918473,0.07522103641052258,0.0550871839590701,-1.461822271347046
3HFM_HL_Y,4.393184741696034,-0.3037571949523925,0.0312138825963797,-0.8158531188964844
3HFM_HL_Y,2.3548667396014413,-0.3037571949523925,0.0312138825963797,-0.2122688293457026
3HFM_HL_Y,6.167217469371551,-0.9390544081726073,0.0768506599895474,-1.38034176826477
3HFM_HL_Y,6.035074832162014,-0.06089786759033178,0.0,1.2304344177246094
3HFM_HL_Y,3.245561328832068,0.38319425363159176,0.0708288790322843,0.1207079887390136
3HFM_HL_Y,5.510682238498383,0.38319425363159176,0.0708288790322843,0.4749124050140381
3HFM_HL_Y,1.093073966411642,-0.9390544081726073,0.0768506599895474,-0.7779867649078374
3HFM_HL_Y,1.0272076276256512,0.7826090869232178,0.1213881716302957,-1.4308661222457888
3HFM_HL_Y,7.31955952610837,0.4141974398315429,0.0,-1.0957486629486084
3HFM_HL_Y,0.9530876824425276,-0.11604307963562022,0.1814583399862834,-1.7644612789154053
3HFM_HL_Y,0.9530876824425276,-0.11604307963562022,0.1814583399862834,-2.243434309959412
3HFM_HL_Y,0.9530876824425276,0.3990919185714721,0.0035801438157466,-1.7644612789154053
3HFM_HL_Y,0.9530876824425276,0.3990919185714721,0.0035801438157466,-2.243434309959412
3HFM_HL_Y,0.706181712352522,0.9168524356323244,0.1629610467559561,-0.9115109443664552
3HFM_HL_Y,0.6204990973371739,0.9168524356323244,0.1629610467559561,-0.5883307456970215
3HFM_HL_Y,0.806889215947326,0.9168524356323244,0.1629610467559561,-0.7959861755371094
3HFM_HL_Y,3.2503791460482225,0.9168524356323244,0.1629610467559561,0.3831102848052978
3HFM_HL_Y,1.749564088952765,-0.06089786759033178,0.0,-0.703941822052002
3HFM_HL_Y,1.0712210104901618,-0.06089786759033178,0.0,-0.5066461563110352
3HFM_HL_Y,2.006937829326717,-0.06089786759033178,0.0,-0.0272974967956542
3HFM_HL_Y,1.6099910773647856,0.4141974398315429,0.0,-1.2064061164855957
3HFM_HL_Y,2.848836015347998,0.4141974398315429,0.0,-1.8668031692504887
3HFM_HL_Y,0.3631253569632219,0.12693402017822253,0.2159813530760694,-0.4730763435363774
3HFM_HL_Y,1.5136727320589507,0.12693402017822253,0.2159813530760694,0.3428044319152827
3HFM_HL_Y,1.6760432846010704,0.12693402017822253,0.2159813530760694,-0.3792972564697261
3HFM_HL_Y,1.2081915842223998,0.3990919185714721,0.0035801438157466,-2.243434309959412
3HFM_HL_Y,1.3403342214319378,0.3990919185714721,0.0035801438157466,-0.5727242231369019
3HFM_HL_Y,1.711639634463617,0.3990919185714721,0.0035801438157466,-0.7317172288894653
3HFM_HL_Y,1.9294013485121404,0.3990919185714721,0.0035801438157466,-3.2316631078720093
3HFM_HL_Y,2.122112157080112,0.3990919185714721,0.0035801438157466,-2.9438904523849487
3HFM_HL_Y,2.1695123818192066,0.3990919185714721,0.0035801438157466,-3.467274069786072
3HFM_HL_Y,2.1695123818192066,0.3990919185714721,0.0035801438157466,0.0928491353988643
3HFM_HL_Y,2.1695123818192066,0.7826090869232178,0.1213881716302957,-3.467274069786072
3HFM_HL_Y,2.1695123818192066,0.7826090869232178,0.1213881716302957,0.0928491353988643
3HFM_HL_Y,2.2409466685543054,0.7826090869232178,0.1213881716302957,-0.0183454751968388
3HFM_HL_Y,2.2409466685543054,0.7826090869232178,0.1213881716302957,-3.2316631078720093
3HFM_HL_Y,2.2409466685543054,0.3990919185714721,0.0035801438157466,-0.0183454751968388
3HFM_HL_Y,2.2409466685543054,0.3990919185714721,0.0035801438157466,-3.2316631078720093
3HFM_HL_Y,2.2924736463895408,0.7826090869232178,0.1213881716302957,-2.2543920278549194
3HFM_HL_Y,2.2924736463895408,0.7826090869232178,0.1213881716302957,-2.8021339178085327
3HFM_HL_Y,2.2924736463895408,0.7826090869232178,0.1213881716302957,-2.9153743982315063
3HFM_HL_Y,2.2924736463895408,0.7826090869232178,0.1213881716302957,-2.2543920278549194
3HFM_HL_Y,2.2924736463895408,0.7826090869232178,0.1213881716302957,-2.8021339178085327
3HFM_HL_Y,2.2924736463895408,0.7826090869232178,0.1213881716302957,-2.9153743982315063
3HFM_HL_Y,2.2924736463895408,0.3990919185714721,0.0035801438157466,-2.2543920278549194
3HFM_HL_Y,2.2924736463895408,0.3990919185714721,0.0035801438157466,-2.8021339178085327
3HFM_HL_Y,2.2924736463895408,0.3990919185714721,0.0035801438157466,-2.9153743982315063
3HFM_HL_Y,2.014143760982584,0.7826090869232178,0.1213881716302957,-1.7873858213424685
3HFM_HL_Y,1.6186641068388947,0.7826090869232178,0.1213881716302957,-0.490599036216736
3HFM_HL_Y,2.574901725818928,0.7826090869232178,0.1213881716302957,-1.3944464921951296
3HFM_HL_Y,0.8209450452329897,0.7826090869232178,0.1213881716302957,-1.4308661222457888
3HFM_HL_Y,2.554121113895732,0.7826090869232178,0.1213881716302957,-0.0183454751968388
3HFM_HL_Y,2.3244915342611265,0.7826090869232178,0.1213881716302957,-1.7873858213424685
3HFM_HL_Y,2.0498900137791978,0.7826090869232178,0.1213881716302957,-1.8567553758621216
3HFM_HL_Y,6.430554486305702,-0.9390544081726073,0.0768506599895474,-2.029881000518799
3HFM_HL_Y,5.55559253662822,-0.9390544081726073,0.0768506599895474,-1.38034176826477
3HFM_HL_Y,6.768423547724786,-0.9390544081726073,0.0768506599895474,-1.657667636871338
3HFM_HL_Y,0.8008689981434107,-0.9390544081726073,0.0768506599895474,-0.7779867649078374
3HFM_HL_Y,3.0528505202640965,-0.9390544081726073,0.0768506599895474,0.1384248733520507
3HFM_HL_Y,0.5184409187140231,0.3990919185714721,0.0035801438157466,-2.04182493686676
3HFM_HL_Y,1.5339216943684513,0.3990919185714721,0.0035801438157466,-2.243434309959412
3HFM_HL_Y,2.0271593766241565,0.3990919185714721,0.0035801438157466,-0.7317172288894653
3HFM_HL_Y,1.6418900904659794,0.3990919185714721,0.0035801438157466,-0.5727242231369019
3HFM_HL_Y,2.2757912284887745,0.3990919185714721,0.0035801438157466,-3.902613043785095
3HFM_HL_Y,2.4376318992406514,0.3990919185714721,0.0035801438157466,-2.9438904523849487
3HFM_HL_Y,-0.5043963077261421,-0.025519397107696573,0.0030767815264946,-0.5174030661582947
3HFM_HL_Y,6.776944366282337,-0.1432951333181572,0.000295179187775,-3.842748671770096
3HFM_HL_Y,0.5504588065856091,1.2421409747161865,0.4997364708287133,-4.319149911403656
3HFM_HL_Y,-0.4453170825509642,-0.5352281895294189,0.1314189414384644,-1.2973535060882568
3HFM_HL_Y,4.2715235581589575,-0.025519397107696573,0.0030767815264946,-4.518867790699005
3HFM_HL_Y,0.8618017042457655,0.7826090869232178,0.1213881716302957,-1.4308661222457888
3HFM_HL_Y,-0.3313970115038284,0.15393570608215335,0.2931663177930227,-1.3255810737609872
3HFM_HL_Y,0.70445583057791,0.12302516062011737,0.0401765757086765,-2.2675039768218994
3HFM_HL_Y,0.0,-0.09993846206207269,0.241620471190517,-2.11197566986084
3HFM_HL_Y,0.0,-0.09993846206207269,0.241620471190517,-2.32394802570343
3HFM_HL_Y,6.486404013791285,-0.1432951333181572,0.000295179187775,-5.062265425920487
3HFM_HL_Y,0.2676595665844973,-0.0008718802886962251,0.0016533083927418,-0.3038259744644165
3HFM_HL_Y,2.184505250292012,-0.025519397107696573,0.0030767815264946,-3.976999580860138
3HFM_HL_Y,5.353001890564195,-0.1432951333181572,0.000295179187775,-2.4454655945301056
1CHO_EFG_I,6.001001951168933,3.355189684320069,0.0083466420367937,-4.883407473564148
1CHO_EFG_I,4.70013841121569,3.355189684320069,0.0083466420367937,-4.9054869413375854
1CHO_EFG_I,4.917711070268569,3.355189684320069,0.0083466420367937,-4.64277446269989
1CHO_EFG_I,4.214304577497343,3.355189684320069,0.0083466420367937,-4.689831614494325
1CHO_EFG_I,4.214304577497343,3.355189684320069,0.0083466420367937,-2.2142761945724487
1CHO_EFG_I,4.214304577497343,3.355189684320069,0.0083466420367937,-4.689831614494325
1CHO_EFG_I,4.214304577497343,3.355189684320069,0.0083466420367937,-2.2142761945724487
1CHO_EFG_I,4.422687582889048,3.355189684320069,0.0083466420367937,-3.462705969810486
1CHO_EFG_I,8.679870395175607,3.355189684320069,0.0083466420367937,-5.337021231651306
1CHO_EFG_I,4.41693149831486,3.355189684320069,0.0083466420367937,-5.124250769615173
1CHO_EFG_I,3.3104871841397205,3.355189684320069,0.0083466420367937,-4.002920985221863
1CHO_EFG_I,4.411118138326834,3.355189684320069,0.0083466420367937,-2.2142761945724487
1CHO_EFG_I,4.411118138326834,3.355189684320069,0.0083466420367937,-2.265696287155152
1CHO_EFG_I,4.411118138326834,1.638690675189209,0.1435993974127439,-2.2142761945724487
1CHO_EFG_I,4.411118138326834,1.638690675189209,0.1435993974127439,-2.265696287155152
1CHO_EFG_I,2.912402321165567,3.355189684320069,0.0083466420367937,-3.560268521308899
1CHO_EFG_I,2.912402321165567,3.355189684320069,0.0083466420367937,-4.366432428359985
1CHO_EFG_I,2.912402321165567,1.3200118788269042,0.340218621570505,-3.560268521308899
1CHO_EFG_I,2.912402321165567,1.3200118788269042,0.340218621570505,-4.366432428359985
1CHO_EFG_I,6.566301170494121,3.355189684320069,0.0083466420367937,-4.405990481376648
1CHO_EFG_I,2.9591078570359177,3.355189684320069,0.0083466420367937,-4.683868765830994
1CHO_EFG_I,2.9591078570359177,3.355189684320069,0.0083466420367937,-2.425024509429932
1CHO_EFG_I,2.9591078570359177,3.355189684320069,0.0083466420367937,-3.649118185043335
1CHO_EFG_I,2.9591078570359177,1.5798055780456544,0.0734639621561867,-4.683868765830994
1CHO_EFG_I,2.9591078570359177,1.5798055780456544,0.0734639621561867,-2.425024509429932
1CHO_EFG_I,2.9591078570359177,1.5798055780456544,0.0734639621561867,-3.649118185043335
1CHO_EFG_I,2.9591078570359177,1.3200118788269042,0.340218621570505,-4.683868765830994
1CHO_EFG_I,2.9591078570359177,1.3200118788269042,0.340218621570505,-2.425024509429932
1CHO_EFG_I,2.9591078570359177,1.3200118788269042,0.340218621570505,-3.649118185043335
1CHO_EFG_I,-1.4809261725091294,3.355189684320069,0.0083466420367937,-5.028393149375916
1CHO_EFG_I,-2.194223264266643,3.355189684320069,0.0083466420367937,-4.8307865858078
1CHO_EFG_I,-1.667504528514791,3.355189684320069,0.0083466420367937,-5.21328866481781
1PPF_E_I,3.286689183930095,3.65488489421936,0.0,-5.3222726136446
1PPF_E_I,1.0562371106257504,3.65488489421936,0.0,-5.454372242093086
1PPF_E_I,1.0562371106257504,3.65488489421936,0.0,-1.0992329120635995
1PPF_E_I,1.0562371106257504,3.65488489421936,0.0,-0.3792324066162109
1PPF_E_I,1.0562371106257504,-1.0191800345825195,0.1519775068737914,-5.454372242093086
1PPF_E_I,1.0562371106257504,-1.0191800345825195,0.1519775068737914,-1.0992329120635995
1PPF_E_I,1.0562371106257504,-1.0191800345825195,0.1519775068737914,-0.3792324066162109
1PPF_E_I,1.0562371106257504,-0.7300350194488519,0.2038187253855303,-5.454372242093086
1PPF_E_I,1.0562371106257504,-0.7300350194488519,0.2038187253855303,-1.0992329120635995
1PPF_E_I,1.0562371106257504,-0.7300350194488519,0.2038187253855303,-0.3792324066162109
1PPF_E_I,3.0491587448717614,3.65488489421936,0.0,-5.5040953904390335
1PPF_E_I,-0.4858338337183474,3.65488489421936,0.0,-4.327327087521553
1PPF_E_I,-0.4858338337183474,3.65488489421936,0.0,-2.817373991012573
1PPF_E_I,-0.4858338337183474,3.65488489421936,0.0,-0.638842463493347
1PPF_E_I,-0.4858338337183474,1.3737087001708983,0.3953302597846174,-4.327327087521553
1PPF_E_I,-0.4858338337183474,1.3737087001708983,0.3953302597846174,-2.817373991012573
1PPF_E_I,-0.4858338337183474,1.3737087001708983,0.3953302597846174,-0.638842463493347
1PPF_E_I,-0.4858338337183474,-0.20000263340911895,0.7658407015440719,-4.327327087521553
1PPF_E_I,-0.4858338337183474,-0.20000263340911895,0.7658407015440719,-2.817373991012573
1PPF_E_I,-0.4858338337183474,-0.20000263340911895,0.7658407015440719,-0.638842463493347
1PPF_E_I,6.061920656901159,3.65488489421936,0.0,-5.633050754666328
1PPF_E_I,-0.7227219001353856,3.65488489421936,0.0,-4.682313278317452
1PPF_E_I,1.2401614630712112,3.65488489421936,0.0,-3.0440901070833206
1PPF_E_I,5.152980333025195,3.65488489421936,0.0,-5.176509216427803
1PPF_E_I,7.507930114408024,3.65488489421936,0.0,-5.353406742215157
1PPF_E_I,5.656957832574818,3.65488489421936,0.0,-3.721532896161079
1PPF_E_I,3.260426881353337,3.65488489421936,0.0,-4.316855743527412
1PPF_E_I,3.260426881353337,3.65488489421936,0.0,-5.58177949488163
1PPF_E_I,3.260426881353337,4.6881570976245115,0.0114737344188416,-4.316855743527412
1PPF_E_I,3.260426881353337,4.6881570976245115,0.0114737344188416,-5.58177949488163
1PPF_E_I,6.958405668864791,3.65488489421936,0.0,-5.022321537137032
1PPF_E_I,6.381524402644352,3.65488489421936,0.0,-5.477319553494453
1PPF_E_I,5.097822621157595,3.65488489421936,0.0,-5.698861911892891
1PPF_E_I,7.08493089541558,3.65488489421936,0.0,-3.9131434708833694
1PPF_E_I,6.543785800565629,3.65488489421936,0.0,-5.199428871273994
1PPF_E_I,7.439584009330544,3.65488489421936,0.0,-5.4682935029268265
1R0R_E_I,2.3202693546175346,-0.7319250267333981,0.1037811255897523,1.8879485130310056
1R0R_E_I,0.3102468549019561,-0.7319250267333981,0.1037811255897523,3.140032291412353
1R0R_E_I,0.3102468549019561,-0.7319250267333981,0.1037811255897523,-0.5003962516784668
1R0R_E_I,0.3102468549019561,-0.7319250267333981,0.1037811255897523,-0.4362015724182129
1R0R_E_I,1.5494522859653637,-0.7319250267333981,0.1037811255897523,2.552631378173828
1R0R_E_I,1.5494522859653637,-0.7319250267333981,0.1037811255897523,-1.5901678800582886
1R0R_E_I,1.5494522859653637,0.6247488240203858,0.0593163934483449,2.552631378173828
1R0R_E_I,1.5494522859653637,0.6247488240203858,0.0593163934483449,-1.5901678800582886
1R0R_E_I,-1.32764083706951,-0.7319250267333981,0.1037811255897523,0.1914930343627929
1R0R_E_I,0.1575476648428487,-0.7319250267333981,0.1037811255897523,0.929672241210938
1R0R_E_I,7.581139318853618,-0.7319250267333981,0.1037811255897523,-0.974083423614502
1R0R_E_I,3.2089108854280166,-0.7319250267333981,0.1037811255897523,-0.7680659294128418
1R0R_E_I,3.2089108854280166,-0.7319250267333981,0.1037811255897523,-4.125751376152039
1R0R_E_I,3.2089108854280166,1.5522788309936524,0.1407964775405353,-0.7680659294128418
1R0R_E_I,3.2089108854280166,1.5522788309936524,0.1407964775405353,-4.125751376152039
1R0R_E_I,-0.5091021893067559,-0.7319250267333981,0.1037811255897523,1.4832148551940918
1R0R_E_I,-0.5091021893067559,-0.7319250267333981,0.1037811255897523,1.4832148551940918
1R0R_E_I,1.4795872438551505,-0.7319250267333981,0.1037811255897523,1.7516202926635738
1R0R_E_I,4.476387915981358,-0.7319250267333981,0.1037811255897523,2.8642282485961914
1R0R_E_I,3.2989715484811986,-0.7319250267333981,0.1037811255897523,-0.8159313201904297
1R0R_E_I,3.2989715484811986,-0.7319250267333981,0.1037811255897523,-2.1874754428863525
1R0R_E_I,3.2989715484811986,-0.7319250267333981,0.1037811255897523,-3.369915723800659
1R0R_E_I,3.2989715484811986,0.14544649026489243,0.0016581872679639,-0.8159313201904297
1R0R_E_I,3.2989715484811986,0.14544649026489243,0.0016581872679639,-2.1874754428863525
1R0R_E_I,3.2989715484811986,0.14544649026489243,0.0016581872679639,-3.369915723800659
1R0R_E_I,3.2989715484811986,0.79167295970459,0.0467938859016571,-0.8159313201904297
1R0R_E_I,3.2989715484811986,0.79167295970459,0.0467938859016571,-2.1874754428863525
1R0R_E_I,3.2989715484811986,0.79167295970459,0.0467938859016571,-3.369915723800659
1R0R_E_I,0.5617512455816355,-0.7319250267333981,0.1037811255897523,1.4120469093322754
1R0R_E_I,0.5617512455816355,-0.7319250267333981,0.1037811255897523,0.0962705612182617
1R0R_E_I,0.5617512455816355,-0.7319250267333981,0.1037811255897523,-1.2751561403274536
1R0R_E_I,0.5617512455816355,-0.7319250267333981,0.1037811255897523,-1.3915128707885742
1R0R_E_I,0.5617512455816355,-0.7319250267333981,0.1037811255897523,0.6641867160797115
1R0R_E_I,0.5617512455816355,-0.7319250267333981,0.1037811255897523,2.1470210552215576
1R0R_E_I,0.5617512455816355,-0.7319250267333981,0.1037811255897523,1.4120469093322754
1R0R_E_I,0.5617512455816355,-0.7319250267333981,0.1037811255897523,0.0962705612182617
1R0R_E_I,0.5617512455816355,-0.7319250267333981,0.1037811255897523,-1.2751561403274536
1R0R_E_I,0.5617512455816355,-0.7319250267333981,0.1037811255897523,-1.3915128707885742
1R0R_E_I,0.5617512455816355,-0.7319250267333981,0.1037811255897523,0.6641867160797115
1R0R_E_I,0.5617512455816355,-0.7319250267333981,0.1037811255897523,2.1470210552215576
1R0R_E_I,0.5617512455816355,0.6247488240203858,0.0593163934483449,1.4120469093322754
1R0R_E_I,0.5617512455816355,0.6247488240203858,0.0593163934483449,0.0962705612182617
1R0R_E_I,0.5617512455816355,0.6247488240203858,0.0593163934483449,-1.2751561403274536
1R0R_E_I,0.5617512455816355,0.6247488240203858,0.0593163934483449,-1.3915128707885742
1R0R_E_I,0.5617512455816355,0.6247488240203858,0.0593163934483449,0.6641867160797115
1R0R_E_I,0.5617512455816355,0.6247488240203858,0.0593163934483449,2.1470210552215576
1R0R_E_I,0.6084567814519865,-0.7319250267333981,0.1037811255897523,-0.5086770057678223
1R0R_E_I,0.6084567814519865,-0.7319250267333981,0.1037811255897523,-1.1504360437393186
1R0R_E_I,0.6084567814519865,-0.7319250267333981,0.1037811255897523,1.4120469093322754
1R0R_E_I,0.6084567814519865,1.5522788309936524,0.1407964775405353,-0.5086770057678223
1R0R_E_I,0.6084567814519865,1.5522788309936524,0.1407964775405353,-1.1504360437393186
1R0R_E_I,0.6084567814519865,1.5522788309936524,0.1407964775405353,1.4120469093322754
1R0R_E_I,0.6084567814519865,-0.7319250267333981,0.1037811255897523,-0.5086770057678223
1R0R_E_I,0.6084567814519865,-0.7319250267333981,0.1037811255897523,-1.1504360437393186
1R0R_E_I,0.6084567814519865,-0.7319250267333981,0.1037811255897523,1.4120469093322754
3SGB_E_I,4.934124229412365,3.654229743165283,0.0250097869308848,-4.988325700163841
3SGB_E_I,2.947716900479492,3.654229743165283,0.0250097869308848,-4.777762517333031
3SGB_E_I,4.10058256800041,3.654229743165283,0.0250097869308848,-5.049801930785179
3SGB_E_I,-0.0132036773995288,3.654229743165283,0.0250097869308848,-5.7745529264211655
3SGB_E_I,-0.0132036773995288,3.654229743165283,0.0250097869308848,-4.385591268539429
3SGB_E_I,-0.0132036773995288,0.3083800355911257,0.143509441627215,-5.7745529264211655
3SGB_E_I,-0.0132036773995288,0.3083800355911257,0.143509441627215,-4.385591268539429
3SGB_E_I,2.992213250902842,3.654229743165283,0.0250097869308848,-5.042416200041771
3SGB_E_I,2.992213250902842,3.654229743165283,0.0250097869308848,-2.667001008987428
3SGB_E_I,2.992213250902842,3.654229743165283,0.0250097869308848,-5.104489549994469
3SGB_E_I,2.992213250902842,1.000510002746582,0.1266801765746468,-5.042416200041771
3SGB_E_I,2.992213250902842,1.000510002746582,0.1266801765746468,-2.667001008987428
3SGB_E_I,2.992213250902842,1.000510002746582,0.1266801765746468,-5.104489549994469
3SGB_E_I,2.992213250902842,4.182241666809082,0.1018269157506817,-5.042416200041771
3SGB_E_I,2.992213250902842,4.182241666809082,0.1018269157506817,-2.667001008987428
3SGB_E_I,2.992213250902842,4.182241666809082,0.1018269157506817,-5.104489549994469
3SGB_E_I,3.1602880088121448,3.654229743165283,0.0250097869308848,-4.790639981627464
3SGB_E_I,8.328746434537916,3.654229743165283,0.0250097869308848,-5.539423570036888
3SGB_E_I,4.419124852316536,3.654229743165283,0.0250097869308848,-5.5072871297597885
3SGB_E_I,0.4242251577571052,3.654229743165283,0.0250097869308848,-3.481283769011497
3SGB_E_I,0.4242251577571052,3.654229743165283,0.0250097869308848,-5.147742211818695
3SGB_E_I,0.4242251577571052,2.6849974962487804,0.0176306349083564,-3.481283769011497
3SGB_E_I,0.4242251577571052,2.6849974962487804,0.0176306349083564,-5.147742211818695
3SGB_E_I,3.352679724805833,3.654229743165283,0.0250097869308848,-5.05413781106472
3SGB_E_I,5.590064954770187,3.654229743165283,0.0250097869308848,-5.1569734662771225
3SGB_E_I,3.1379577292886216,3.654229743165283,0.0250097869308848,-3.7536891549825664
3SGB_E_I,3.1379577292886216,3.654229743165283,0.0250097869308848,0.668564558029175
3SGB_E_I,3.1379577292886216,1.000510002746582,0.1266801765746468,-3.7536891549825664
3SGB_E_I,3.1379577292886216,1.000510002746582,0.1266801765746468,0.668564558029175
3SGB_E_I,2.5674438566290645,3.654229743165283,0.0250097869308848,-4.130937203764916
3SGB_E_I,5.899809514401656,3.654229743165283,0.0250097869308848,-4.906206712126732
3SGB_E_I,1.6901134295150346,3.654229743165283,0.0250097869308848,-4.6389304250478745
3SGB_E_I,1.6901134295150346,3.654229743165283,0.0250097869308848,-2.272106528282165
3SGB_E_I,1.6901134295150346,0.15630782712097213,0.1374928185978418,-4.6389304250478745
3SGB_E_I,1.6901134295150346,0.15630782712097213,0.1374928185978418,-2.272106528282165
3SGB_E_I,1.354967931572671,3.654229743165283,0.0250097869308848,-3.863491639494896
3SGB_E_I,3.3202737558910536,3.654229743165283,0.0250097869308848,-3.737425193190575
3SGB_E_I,3.3202737558910536,3.654229743165283,0.0250097869308848,-1.6290965080261228
3SGB_E_I,3.3202737558910536,1.000510002746582,0.1266801765746468,-3.737425193190575
3SGB_E_I,3.3202737558910536,1.000510002746582,0.1266801765746468,-1.6290965080261228
3SGB_E_I,1.6527692273762626,3.654229743165283,0.0250097869308848,-3.986275777220727
1CHO_EFG_I,0.9402945591882654,-0.6063032168395992,0.125142332215087,1.0628280639648438
1CHO_EFG_I,0.9402945591882654,-0.6063032168395992,0.125142332215087,-1.2489078044891355
1CHO_EFG_I,0.9402945591882654,1.6902673538818358,0.0315754327847085,1.0628280639648438
1CHO_EFG_I,0.9402945591882654,1.6902673538818358,0.0315754327847085,-1.2489078044891355
1CHO_EFG_I,3.065860754812228,-0.6063032168395992,0.125142332215087,-1.5362763404846191
1CHO_EFG_I,3.065860754812228,-0.6063032168395992,0.125142332215087,-1.163049936294556
1CHO_EFG_I,3.065860754812228,1.6902673538818358,0.0315754327847085,-1.5362763404846191
1CHO_EFG_I,3.065860754812228,1.6902673538818358,0.0315754327847085,-1.163049936294556
1CHO_EFG_I,0.1387499672897792,-0.6063032168395992,0.125142332215087,1.7864165306091309
1CHO_EFG_I,0.1387499672897792,-0.6063032168395992,0.125142332215087,1.289351463317871
1CHO_EFG_I,0.1387499672897792,-0.6063032168395992,0.125142332215087,-2.86198365688324
1CHO_EFG_I,0.1387499672897792,-0.6063032168395992,0.125142332215087,1.7864165306091309
1CHO_EFG_I,0.1387499672897792,-0.6063032168395992,0.125142332215087,1.289351463317871
1CHO_EFG_I,0.1387499672897792,-0.6063032168395992,0.125142332215087,-2.86198365688324
1CHO_EFG_I,0.6462769562937124,-0.6063032168395992,0.125142332215087,1.1861348152160645
1CHO_EFG_I,-0.2849029428614129,-0.6063032168395992,0.125142332215087,0.4669959545135498
1CHO_EFG_I,0.0,-0.6063032168395992,0.125142332215087,0.4304099082946777
1CHO_EFG_I,0.0,-0.6063032168395992,0.125142332215087,-2.4999824166297917
1CHO_EFG_I,2.4640843696563954,-0.6063032168395992,0.125142332215087,-0.0803866386413574
1CHO_EFG_I,-0.7252849664040973,-0.6063032168395992,0.125142332215087,1.6595180034637451
1CHO_EFG_I,-0.7252849664040973,-0.6063032168395992,0.125142332215087,1.1775307655334473
1CHO_EFG_I,-0.7252849664040973,-0.1892351675720212,0.0915711665862825,1.6595180034637451
1CHO_EFG_I,-0.7252849664040973,-0.1892351675720212,0.0915711665862825,1.1775307655334473
1CHO_EFG_I,-0.8633922398501361,-0.6063032168395992,0.125142332215087,0.9629850387573238
1PPF_E_I,1.1224480190248014,1.6222762155059811,0.1372885258798276,-2.3748937845230103
1PPF_E_I,1.1224480190248014,1.6222762155059811,0.1372885258798276,-1.5706394910812378
1PPF_E_I,1.1224480190248014,1.6222762155059811,0.1372885258798276,-2.3748937845230103
1PPF_E_I,1.1224480190248014,1.6222762155059811,0.1372885258798276,-1.5706394910812378
1PPF_E_I,0.7459902557237943,1.6222762155059811,0.1372885258798276,0.0882307291030883
1PPF_E_I,0.7459902557237943,1.6222762155059811,0.1372885258798276,-3.9299638271331783
1PPF_E_I,-0.6643662606718715,1.6222762155059811,0.1372885258798276,-1.780221104621888
1PPF_E_I,1.111920925958348,1.6222762155059811,0.1372885258798276,-1.0654152631759648
1PPF_E_I,0.5452223338482113,1.6222762155059811,0.1372885258798276,-1.804664731025696
1PPF_E_I,0.5452223338482113,1.6222762155059811,0.1372885258798276,0.6872587203979492
1PPF_E_I,0.5452223338482113,-0.7300350194488519,0.2038187253855303,-1.804664731025696
1PPF_E_I,0.5452223338482113,-0.7300350194488519,0.2038187253855303,0.6872587203979492
1PPF_E_I,-0.2605152118635223,1.6222762155059811,0.1372885258798276,-0.4560903310775757
1PPF_E_I,-0.2605152118635223,1.6222762155059811,0.1372885258798276,-1.1243971586227417
1PPF_E_I,-0.2605152118635223,-0.20000263340911895,0.7658407015440719,-0.4560903310775757
1PPF_E_I,-0.2605152118635223,-0.20000263340911895,0.7658407015440719,-1.1243971586227417
1PPF_E_I,-0.6319602917570927,1.6222762155059811,0.1372885258798276,-2.3309680223464966
1PPF_E_I,-0.6319602917570927,1.6222762155059811,0.1372885258798276,-1.7804037332534788
1PPF_E_I,-0.6319602917570927,1.6222762155059811,0.1372885258798276,0.057813286781311
1PPF_E_I,-0.6319602917570927,-0.20000263340911895,0.7658407015440719,-2.3309680223464966
1PPF_E_I,-0.6319602917570927,-0.20000263340911895,0.7658407015440719,-1.7804037332534788
1PPF_E_I,-0.6319602917570927,-0.20000263340911895,0.7658407015440719,0.057813286781311
1R0R_E_I,1.0963227489005067,0.14544649026489243,0.0016581872679639,-1.7728159427642822
1R0R_E_I,1.7175270438746657,0.14544649026489243,0.0016581872679639,-1.5131919384002686
1R0R_E_I,1.7175270438746657,0.14544649026489243,0.0016581872679639,-4.599335014820099
1R0R_E_I,1.7175270438746657,1.1551076891708367,0.3965868526055661,-1.5131919384002686
1R0R_E_I,1.7175270438746657,1.1551076891708367,0.3965868526055661,-4.599335014820099
1R0R_E_I,1.2505414140902216,0.14544649026489243,0.0016581872679639,-1.0632951259613037
1R0R_E_I,-1.7306786584734226,0.14544649026489243,0.0016581872679639,0.5683226585388179
1R0R_E_I,-1.7745669747397677,0.14544649026489243,0.0016581872679639,1.4750427007675169
1R0R_E_I,-1.7155027959262832,0.14544649026489243,0.0016581872679639,-0.3966076374053955
1R0R_E_I,2.0604670627429025,0.14544649026489243,0.0016581872679639,-1.6403725147247314
1R0R_E_I,2.0604670627429025,0.14544649026489243,0.0016581872679639,-1.4793187379837036
1R0R_E_I,2.0604670627429025,0.14544649026489243,0.0016581872679639,-1.8937712907791135
1R0R_E_I,2.0604670627429025,0.14544649026489243,0.0016581872679639,-2.549114227294922
1R0R_E_I,2.0604670627429025,0.6247488240203858,0.0593163934483449,-1.6403725147247314
1R0R_E_I,2.0604670627429025,0.6247488240203858,0.0593163934483449,-1.4793187379837036
1R0R_E_I,2.0604670627429025,0.6247488240203858,0.0593163934483449,-1.8937712907791135
1R0R_E_I,2.0604670627429025,0.6247488240203858,0.0593163934483449,-2.549114227294922
1R0R_E_I,2.0604670627429025,0.6247488240203858,0.0593163934483449,-1.6403725147247314
1R0R_E_I,2.0604670627429025,0.6247488240203858,0.0593163934483449,-1.4793187379837036
1R0R_E_I,2.0604670627429025,0.6247488240203858,0.0593163934483449,-1.8937712907791135
1R0R_E_I,2.0604670627429025,0.6247488240203858,0.0593163934483449,-2.549114227294922
1R0R_E_I,2.0604670627429025,-0.09606905593566895,0.4503870060300047,-1.6403725147247314
1R0R_E_I,2.0604670627429025,-0.09606905593566895,0.4503870060300047,-1.4793187379837036
1R0R_E_I,2.0604670627429025,-0.09606905593566895,0.4503870060300047,-1.8937712907791135
1R0R_E_I,2.0604670627429025,-0.09606905593566895,0.4503870060300047,-2.549114227294922
1R0R_E_I,5.155944654098455,0.14544649026489243,0.0016581872679639,-2.018928289413452
1R0R_E_I,3.030378458474493,0.14544649026489243,0.0016581872679639,-2.044776678085327
1R0R_E_I,4.514385809278878,0.14544649026489243,0.0016581872679639,-1.807530641555786
1R0R_E_I,1.7502202078409466,0.14544649026489243,0.0016581872679639,-2.08571457862854
1R0R_E_I,-2.211901108294152,0.14544649026489243,0.0016581872679639,-0.9047343730926514
1R0R_E_I,-2.211901108294152,0.14544649026489243,0.0016581872679639,-1.127940714359283
1R0R_E_I,-2.211901108294152,1.1551076891708367,0.3965868526055661,-0.9047343730926514
1R0R_E_I,-2.211901108294152,1.1551076891708367,0.3965868526055661,-1.127940714359283
1R0R_E_I,5.4538037923711205,0.14544649026489243,0.0016581872679639,-2.041220426559448
1R0R_E_I,-0.826861265115801,0.14544649026489243,0.0016581872679639,-1.1533572673797607
1R0R_E_I,-0.826861265115801,0.14544649026489243,0.0016581872679639,-5.020574927330017
1R0R_E_I,-0.826861265115801,0.3493623776138306,0.2296510595622954,-1.1533572673797607
1R0R_E_I,-0.826861265115801,0.3493623776138306,0.2296510595622954,-5.020574927330017
1R0R_E_I,0.2041949024507575,0.14544649026489243,0.0016581872679639,-1.4405028820037842
1R0R_E_I,0.2041949024507575,0.14544649026489243,0.0016581872679639,-2.322493076324463
1R0R_E_I,0.2041949024507575,-0.09606905593566895,0.4503870060300047,-1.4405028820037842
1R0R_E_I,0.2041949024507575,-0.09606905593566895,0.4503870060300047,-2.322493076324463
3SGB_E_I,2.451992467774858,2.6849974962487804,0.0176306349083564,-4.655382573604584
3SGB_E_I,2.451992467774858,2.6849974962487804,0.0176306349083564,-4.130937203764916
3SGB_E_I,2.451992467774858,3.654229743165283,0.0250097869308848,-4.655382573604584
3SGB_E_I,2.451992467774858,3.654229743165283,0.0250097869308848,-4.130937203764916
3SGB_E_I,0.8983520788685472,2.6849974962487804,0.0176306349083564,-2.7109352946281438
3SGB_E_I,0.8983520788685472,2.6849974962487804,0.0176306349083564,1.2862799167633057
3SGB_E_I,0.8983520788685472,-0.43315861590881344,0.2156465700626738,-2.7109352946281438
3SGB_E_I,0.8983520788685472,-0.43315861590881344,0.2156465700626738,1.2862799167633057
3SGB_E_I,-0.7738540341162787,2.6849974962487804,0.0176306349083564,-4.959173619747162
3SGB_E_I,0.5450422829199899,2.6849974962487804,0.0176306349083564,-5.180512845516205
3SGB_E_I,0.5450422829199899,2.6849974962487804,0.0176306349083564,0.0501158237457275
3SGB_E_I,0.5450422829199899,2.6849974962487804,0.0176306349083564,-3.5507237911224365
3SGB_E_I,0.5450422829199899,0.026058614288329895,0.1657895784456398,-5.180512845516205
3SGB_E_I,0.5450422829199899,0.026058614288329895,0.1657895784456398,0.0501158237457275
3SGB_E_I,0.5450422829199899,0.026058614288329895,0.1657895784456398,-3.5507237911224365
3SGB_E_I,0.5450422829199899,0.7562999350494384,0.3908571352070532,-5.180512845516205
3SGB_E_I,0.5450422829199899,0.7562999350494384,0.3908571352070532,0.0501158237457275
3SGB_E_I,0.5450422829199899,0.7562999350494384,0.3908571352070532,-3.5507237911224365
3SGB_E_I,-0.4469053046460589,2.6849974962487804,0.0176306349083564,-5.565747201442719
3SGB_E_I,-0.4469053046460589,2.6849974962487804,0.0176306349083564,-3.772618234157562
3SGB_E_I,-0.4469053046460589,2.6849974962487804,0.0176306349083564,-5.565747201442719
3SGB_E_I,-0.4469053046460589,2.6849974962487804,0.0176306349083564,-3.772618234157562
3SGB_E_I,2.4568815160409176,2.6849974962487804,0.0176306349083564,-5.140213429927826
3SGB_E_I,0.6621649577766203,2.6849974962487804,0.0176306349083564,-4.798757970333099
3SGB_E_I,0.6621649577766203,2.6849974962487804,0.0176306349083564,-1.4586131572723389
3SGB_E_I,0.6621649577766203,0.7562999350494384,0.3908571352070532,-4.798757970333099
3SGB_E_I,0.6621649577766203,0.7562999350494384,0.3908571352070532,-1.4586131572723389
3SGB_E_I,-1.164270766203738,2.6849974962487804,0.0176306349083564,-3.399999558925629
3SGB_E_I,2.0074223412912264,2.6849974962487804,0.0176306349083564,-5.143589913845062
3SGB_E_I,2.0074223412912264,2.6849974962487804,0.0176306349083564,-2.796140432357788
3SGB_E_I,2.0074223412912264,2.6849974962487804,0.0176306349083564,-1.6445546150207522
3SGB_E_I,2.0074223412912264,2.6849974962487804,0.0176306349083564,-1.9330297708511348
3SGB_E_I,2.0074223412912264,2.6849974962487804,0.0176306349083564,-1.3076339960098262
3SGB_E_I,2.0074223412912264,1.000510002746582,0.1266801765746468,-5.143589913845062
3SGB_E_I,2.0074223412912264,1.000510002746582,0.1266801765746468,-2.796140432357788
3SGB_E_I,2.0074223412912264,1.000510002746582,0.1266801765746468,-1.6445546150207522
3SGB_E_I,2.0074223412912264,1.000510002746582,0.1266801765746468,-1.9330297708511348
3SGB_E_I,2.0074223412912264,1.000510002746582,0.1266801765746468,-1.3076339960098262
3SGB_E_I,2.0074223412912264,1.000510002746582,0.1266801765746468,-5.143589913845062
3SGB_E_I,2.0074223412912264,1.000510002746582,0.1266801765746468,-2.796140432357788
3SGB_E_I,2.0074223412912264,1.000510002746582,0.1266801765746468,-1.6445546150207522
3SGB_E_I,2.0074223412912264,1.000510002746582,0.1266801765746468,-1.9330297708511348
3SGB_E_I,2.0074223412912264,1.000510002746582,0.1266801765746468,-1.3076339960098262
3SGB_E_I,2.0074223412912264,0.15630782712097213,0.1374928185978418,-5.143589913845062
3SGB_E_I,2.0074223412912264,0.15630782712097213,0.1374928185978418,-2.796140432357788
3SGB_E_I,2.0074223412912264,0.15630782712097213,0.1374928185978418,-1.6445546150207522
3SGB_E_I,2.0074223412912264,0.15630782712097213,0.1374928185978418,-1.9330297708511348
3SGB_E_I,2.0074223412912264,0.15630782712097213,0.1374928185978418,-1.3076339960098262
3SGB_E_I,2.0074223412912264,0.15630782712097213,0.1374928185978418,-5.143589913845062
3SGB_E_I,2.0074223412912264,0.15630782712097213,0.1374928185978418,-2.796140432357788
3SGB_E_I,2.0074223412912264,0.15630782712097213,0.1374928185978418,-1.6445546150207522
3SGB_E_I,2.0074223412912264,0.15630782712097213,0.1374928185978418,-1.9330297708511348
3SGB_E_I,2.0074223412912264,0.15630782712097213,0.1374928185978418,-1.3076339960098262
3SGB_E_I,-1.5321266543911765,2.6849974962487804,0.0176306349083564,-5.153590619564056
1CHO_EFG_I,5.221043786979515,1.638690675189209,0.1435993974127439,-2.493032693862915
1CHO_EFG_I,4.100871283424878,1.638690675189209,0.1435993974127439,-2.499671697616577
1CHO_EFG_I,4.100871283424878,1.638690675189209,0.1435993974127439,-3.57720160484314
1CHO_EFG_I,4.100871283424878,1.638690675189209,0.1435993974127439,-2.499671697616577
1CHO_EFG_I,4.100871283424878,1.638690675189209,0.1435993974127439,-3.57720160484314
1CHO_EFG_I,2.3179579116176505,1.638690675189209,0.1435993974127439,-1.8554213047027588
1CHO_EFG_I,2.3179579116176505,1.638690675189209,0.1435993974127439,-1.8554213047027588
1CHO_EFG_I,3.2829422512818294,1.638690675189209,0.1435993974127439,-3.683534860610962
1CHO_EFG_I,3.5317946509941955,1.638690675189209,0.1435993974127439,-0.9795756340026852
1CHO_EFG_I,4.174522117833598,1.638690675189209,0.1435993974127439,-0.2078278064727785
1CHO_EFG_I,4.174522117833598,1.638690675189209,0.1435993974127439,-3.029926061630249
1CHO_EFG_I,4.174522117833598,1.638690675189209,0.1435993974127439,-0.2078278064727785
1CHO_EFG_I,4.174522117833598,1.638690675189209,0.1435993974127439,-3.029926061630249
1CHO_EFG_I,4.355375896287012,1.638690675189209,0.1435993974127439,-2.54048752784729
1CHO_EFG_I,3.601192489674153,1.638690675189209,0.1435993974127439,-1.7854859828948977
1CHO_EFG_I,3.601192489674153,1.638690675189209,0.1435993974127439,-2.620887994766236
1CHO_EFG_I,3.601192489674153,1.638690675189209,0.1435993974127439,-1.7854859828948977
1CHO_EFG_I,3.601192489674153,1.638690675189209,0.1435993974127439,-2.620887994766236
1CHO_EFG_I,3.900103361549295,1.638690675189209,0.1435993974127439,-3.3030364513397217
1CHO_EFG_I,4.257659704680173,1.638690675189209,0.1435993974127439,-1.9064083099365237
1CHO_EFG_I,4.257659704680173,1.638690675189209,0.1435993974127439,-2.499671697616577
1CHO_EFG_I,4.257659704680173,1.638690675189209,0.1435993974127439,-1.9064083099365237
1CHO_EFG_I,4.257659704680173,1.638690675189209,0.1435993974127439,-2.499671697616577
1CHO_EFG_I,6.72628691757303,1.638690675189209,0.1435993974127439,-2.377474069595337
1CHO_EFG_I,4.035772150543818,1.638690675189209,0.1435993974127439,-2.284449338912964
1CHO_EFG_I,3.630809326217477,1.638690675189209,0.1435993974127439,-2.698018312454224
1CHO_EFG_I,3.630809326217477,1.638690675189209,0.1435993974127439,-0.0179681777954101
1CHO_EFG_I,3.630809326217477,-0.46712566519165044,0.0863172859669728,-2.698018312454224
1CHO_EFG_I,3.630809326217477,-0.46712566519165044,0.0863172859669728,-0.0179681777954101
1CHO_EFG_I,6.336670810556971,1.638690675189209,0.1435993974127439,-2.456670999526977
1CHO_EFG_I,3.830238319439082,1.638690675189209,0.1435993974127439,-1.8089756965637207
1PPF_E_I,3.549938316825471,0.9307647043548584,0.1249658842029043,-2.4809658527374268
1PPF_E_I,3.4365050227530065,0.9307647043548584,0.1249658842029043,-2.959047079086304
1PPF_E_I,1.4841141604096846,0.9307647043548584,0.1249658842029043,-2.01522159576416
1PPF_E_I,1.4841141604096846,0.9307647043548584,0.1249658842029043,0.2552835941314697
1PPF_E_I,1.4841141604096846,0.9307647043548584,0.1249658842029043,-5.339741721749306
1PPF_E_I,1.4841141604096846,-1.0191800345825195,0.1519775068737914,-2.01522159576416
1PPF_E_I,1.4841141604096846,-1.0191800345825195,0.1519775068737914,0.2552835941314697
1PPF_E_I,1.4841141604096846,-1.0191800345825195,0.1519775068737914,-5.339741721749306
1PPF_E_I,1.4841141604096846,4.6881570976245115,0.0114737344188416,-2.01522159576416
1PPF_E_I,1.4841141604096846,4.6881570976245115,0.0114737344188416,0.2552835941314697
1PPF_E_I,1.4841141604096846,4.6881570976245115,0.0114737344188416,-5.339741721749306
1PPF_E_I,2.0585544752721194,0.9307647043548584,0.1249658842029043,-3.69748330116272
1PPF_E_I,1.461199934952091,0.9307647043548584,0.1249658842029043,-0.911712646484375
1PPF_E_I,1.461199934952091,0.9307647043548584,0.1249658842029043,-2.3059692382812504
1PPF_E_I,1.461199934952091,0.9307647043548584,0.1249658842029043,1.6744115352630615
1PPF_E_I,1.461199934952091,0.9307647043548584,0.1249658842029043,-5.214666858315469
1PPF_E_I,1.461199934952091,0.9307647043548584,0.1249658842029043,-0.911712646484375
1PPF_E_I,1.461199934952091,0.9307647043548584,0.1249658842029043,-2.3059692382812504
1PPF_E_I,1.461199934952091,0.9307647043548584,0.1249658842029043,1.6744115352630615
1PPF_E_I,1.461199934952091,0.9307647043548584,0.1249658842029043,-5.214666858315469
1PPF_E_I,1.461199934952091,-1.0191800345825195,0.1519775068737914,-0.911712646484375
1PPF_E_I,1.461199934952091,-1.0191800345825195,0.1519775068737914,-2.3059692382812504
1PPF_E_I,1.461199934952091,-1.0191800345825195,0.1519775068737914,1.6744115352630615
1PPF_E_I,1.461199934952091,-1.0191800345825195,0.1519775068737914,-5.214666858315469
1PPF_E_I,1.461199934952091,4.6881570976245115,0.0114737344188416,-0.911712646484375
1PPF_E_I,1.461199934952091,4.6881570976245115,0.0114737344188416,-2.3059692382812504
1PPF_E_I,1.461199934952091,4.6881570976245115,0.0114737344188416,1.6744115352630615
1PPF_E_I,1.461199934952091,4.6881570976245115,0.0114737344188416,-5.214666858315469
1PPF_E_I,3.0315421984266657,0.9307647043548584,0.1249658842029043,-0.6661727428436275
1PPF_E_I,3.0315421984266657,0.9307647043548584,0.1249658842029043,-2.5850040912628174
1PPF_E_I,3.0315421984266657,0.9307647043548584,0.1249658842029043,-0.6661727428436275
1PPF_E_I,3.0315421984266657,0.9307647043548584,0.1249658842029043,-2.5850040912628174
1PPF_E_I,2.467705402539407,0.9307647043548584,0.1249658842029043,-2.781186819076538
1PPF_E_I,2.6612967860149888,0.9307647043548584,0.1249658842029043,-1.779165506362915
1PPF_E_I,4.855413240676332,0.9307647043548584,0.1249658842029043,-2.639385938644409
1PPF_E_I,3.341789053328622,0.9307647043548584,0.1249658842029043,-2.343303918838501
1PPF_E_I,3.341789053328622,0.9307647043548584,0.1249658842029043,-4.316855743527412
1PPF_E_I,3.341789053328622,3.65488489421936,0.0,-2.343303918838501
1PPF_E_I,3.341789053328622,3.65488489421936,0.0,-4.316855743527412
1PPF_E_I,2.998849034460385,0.9307647043548584,0.1249658842029043,-2.5850040912628174
1PPF_E_I,1.670166886277867,0.9307647043548584,0.1249658842029043,-1.9979372024536133
1PPF_E_I,1.68628481491206,0.9307647043548584,0.1249658842029043,-0.8803441524505615
1PPF_E_I,2.4464580479939624,0.9307647043548584,0.1249658842029043,-0.3652925491333008
1R0R_E_I,3.0954775913555523,0.79167295970459,0.0467938859016571,-2.5375750064849854
1R0R_E_I,3.0954775913555523,0.79167295970459,0.0467938859016571,-3.229272246360779
1R0R_E_I,3.0954775913555523,1.5522788309936524,0.1407964775405353,-2.5375750064849854
1R0R_E_I,3.0954775913555523,1.5522788309936524,0.1407964775405353,-3.229272246360779
1R0R_E_I,1.1569647653498567,0.79167295970459,0.0467938859016571,-2.4631128311157227
1R0R_E_I,0.8774126504423483,0.79167295970459,0.0467938859016571,-1.2322437763214111
1R0R_E_I,0.8774126504423483,0.79167295970459,0.0467938859016571,-4.406916499137878
1R0R_E_I,0.8774126504423483,0.3493623776138306,0.2296510595622954,-1.2322437763214111
1R0R_E_I,0.8774126504423483,0.3493623776138306,0.2296510595622954,-4.406916499137878
1R0R_E_I,0.8019222651623136,0.79167295970459,0.0467938859016571,-2.941410779953003
1R0R_E_I,0.9241766305540724,0.79167295970459,0.0467938859016571,-1.4425458908081057
1R0R_E_I,4.8813507403077,0.79167295970459,0.0467938859016571,-4.150141477584839
1R0R_E_I,0.6594674371884749,0.79167295970459,0.0467938859016571,-2.761852502822876
1R0R_E_I,0.6594674371884749,0.79167295970459,0.0467938859016571,0.4976332187652588
1R0R_E_I,0.2551469855034292,0.79167295970459,0.0467938859016571,-2.1350526809692383
1R0R_E_I,0.2551469855034292,0.79167295970459,0.0467938859016571,-2.181057333946228
1R0R_E_I,0.2551469855034292,0.6247488240203858,0.0593163934483449,-2.1350526809692383
1R0R_E_I,0.2551469855034292,0.6247488240203858,0.0593163934483449,-2.181057333946228
1R0R_E_I,1.312564219548325,0.79167295970459,0.0467938859016571,-2.647759199142456
1R0R_E_I,1.312564219548325,0.79167295970459,0.0467938859016571,-4.249487221240997
1R0R_E_I,1.312564219548325,0.79167295970459,0.0467938859016571,1.6404330730438232
1R0R_E_I,1.312564219548325,1.1551076891708367,0.3965868526055661,-2.647759199142456
1R0R_E_I,1.312564219548325,1.1551076891708367,0.3965868526055661,-4.249487221240997
1R0R_E_I,1.312564219548325,1.1551076891708367,0.3965868526055661,1.6404330730438232
1R0R_E_I,1.312564219548325,0.10514786122436526,0.1268986779085668,-2.647759199142456
1R0R_E_I,1.312564219548325,0.10514786122436526,0.1268986779085668,-4.249487221240997
1R0R_E_I,1.312564219548325,0.10514786122436526,0.1268986779085668,1.6404330730438232
1R0R_E_I,2.848062431872061,0.79167295970459,0.0467938859016571,-0.5473310947418213
1R0R_E_I,2.848062431872061,0.79167295970459,0.0467938859016571,1.2134203910827637
1R0R_E_I,2.848062431872061,0.10514786122436526,0.1268986779085668,-0.5473310947418213
1R0R_E_I,2.848062431872061,0.10514786122436526,0.1268986779085668,1.2134203910827637
1R0R_E_I,1.9070086290962416,0.79167295970459,0.0467938859016571,-3.77580189704895
1R0R_E_I,1.9070086290962416,0.79167295970459,0.0467938859016571,0.5802326202392578
1R0R_E_I,1.9070086290962416,0.10514786122436526,0.1268986779085668,-3.77580189704895
1R0R_E_I,1.9070086290962416,0.10514786122436526,0.1268986779085668,0.5802326202392578
1R0R_E_I,2.190835973278487,0.79167295970459,0.0467938859016571,-2.8970282077789307
1R0R_E_I,3.1691284257642724,0.79167295970459,0.0467938859016571,-2.4776060581207275
1R0R_E_I,0.5183961183988048,0.79167295970459,0.0467938859016571,-1.5070478916168213
1R0R_E_I,0.5183961183988048,0.79167295970459,0.0467938859016571,-1.3042597770690922
1R0R_E_I,0.5183961183988048,0.79167295970459,0.0467938859016571,3.140032291412353
1R0R_E_I,0.5183961183988048,-0.09606905593566895,0.4503870060300047,-1.5070478916168213
1R0R_E_I,0.5183961183988048,-0.09606905593566895,0.4503870060300047,-1.3042597770690922
1R0R_E_I,0.5183961183988048,-0.09606905593566895,0.4503870060300047,3.140032291412353
1R0R_E_I,0.5183961183988048,-0.7319250267333981,0.1037811255897523,-1.5070478916168213
1R0R_E_I,0.5183961183988048,-0.7319250267333981,0.1037811255897523,-1.3042597770690922
1R0R_E_I,0.5183961183988048,-0.7319250267333981,0.1037811255897523,3.140032291412353
1R0R_E_I,-0.8666437247795461,0.79167295970459,0.0467938859016571,-3.546889066696167
3SGB_E_I,5.506811023370643,1.000510002746582,0.1266801765746468,-2.123650312423706
3SGB_E_I,3.5421613100274083,1.000510002746582,0.1266801765746468,-1.878352642059326
3SGB_E_I,3.5421613100274083,1.000510002746582,0.1266801765746468,-3.3143843412399288
3SGB_E_I,3.5421613100274083,0.15630782712097213,0.1374928185978418,-1.878352642059326
3SGB_E_I,3.5421613100274083,0.15630782712097213,0.1374928185978418,-3.3143843412399288
3SGB_E_I,2.4320165780585503,1.000510002746582,0.1266801765746468,-1.582553148269653
3SGB_E_I,2.8856940950213885,1.000510002746582,0.1266801765746468,-3.7122766971588135
3SGB_E_I,2.8856940950213885,1.000510002746582,0.1266801765746468,-5.4250247329473495
3SGB_E_I,2.8856940950213885,4.182241666809082,0.1018269157506817,-3.7122766971588135
3SGB_E_I,2.8856940950213885,4.182241666809082,0.1018269157506817,-5.4250247329473495
3SGB_E_I,2.5125653313735152,1.000510002746582,0.1266801765746468,-1.0981795787811282
3SGB_E_I,2.43707494609348,1.000510002746582,0.1266801765746468,-1.2302258014678955
3SGB_E_I,1.7286100852873232,1.000510002746582,0.1266801765746468,-1.762749910354614
3SGB_E_I,3.209294747372444,1.000510002746582,0.1266801765746468,-1.4025323390960691
3SGB_E_I,4.887418693542014,1.000510002746582,0.1266801765746468,-1.372726917266845
3SGB_E_I,4.730630272286719,1.000510002746582,0.1266801765746468,-1.419494390487671
3SGB_E_I,3.4590237231808327,1.000510002746582,0.1266801765746468,-1.6149420738220213
3SGB_E_I,3.4590237231808327,1.000510002746582,0.1266801765746468,-5.17610476911068
3SGB_E_I,3.4590237231808327,4.182241666809082,0.1018269157506817,-1.6149420738220213
3SGB_E_I,3.4590237231808327,4.182241666809082,0.1018269157506817,-5.17610476911068
3SGB_E_I,1.9453995358331229,1.000510002746582,0.1266801765746468,-1.1684195995330808
3SGB_E_I,1.9453995358331229,1.000510002746582,0.1266801765746468,-5.189779505133629
3SGB_E_I,1.9453995358331229,1.000510002746582,0.1266801765746468,-1.0981795787811282
3SGB_E_I,1.9453995358331229,4.182241666809082,0.1018269157506817,-1.1684195995330808
3SGB_E_I,1.9453995358331229,4.182241666809082,0.1018269157506817,-5.189779505133629
3SGB_E_I,1.9453995358331229,4.182241666809082,0.1018269157506817,-1.0981795787811282
3SGB_E_I,1.9453995358331229,1.000510002746582,0.1266801765746468,-1.1684195995330808
3SGB_E_I,1.9453995358331229,1.000510002746582,0.1266801765746468,-5.189779505133629
3SGB_E_I,1.9453995358331229,1.000510002746582,0.1266801765746468,-1.0981795787811282
1CHO_EFG_I,2.3008986600131527,-0.46712566519165044,0.0863172859669728,-1.397343397140503
1CHO_EFG_I,2.3008986600131527,-0.46712566519165044,0.0863172859669728,-0.2843670845031738
1CHO_EFG_I,2.3008986600131527,-0.46712566519165044,0.0863172859669728,-0.0442452430725097
1CHO_EFG_I,2.3008986600131527,-0.46712566519165044,0.0863172859669728,1.9649314880371092
1CHO_EFG_I,2.3008986600131527,-0.46712566519165044,0.0863172859669728,-1.397343397140503
1CHO_EFG_I,2.3008986600131527,-0.46712566519165044,0.0863172859669728,-0.2843670845031738
1CHO_EFG_I,2.3008986600131527,-0.46712566519165044,0.0863172859669728,-0.0442452430725097
1CHO_EFG_I,2.3008986600131527,-0.46712566519165044,0.0863172859669728,1.9649314880371092
1CHO_EFG_I,2.3008986600131527,-0.1892351675720212,0.0915711665862825,-1.397343397140503
1CHO_EFG_I,2.3008986600131527,-0.1892351675720212,0.0915711665862825,-0.2843670845031738
1CHO_EFG_I,2.3008986600131527,-0.1892351675720212,0.0915711665862825,-0.0442452430725097
1CHO_EFG_I,2.3008986600131527,-0.1892351675720212,0.0915711665862825,1.9649314880371092
1CHO_EFG_I,2.3008986600131527,-0.1892351675720212,0.0915711665862825,-1.397343397140503
1CHO_EFG_I,2.3008986600131527,-0.1892351675720212,0.0915711665862825,-0.2843670845031738
1CHO_EFG_I,2.3008986600131527,-0.1892351675720212,0.0915711665862825,-0.0442452430725097
1CHO_EFG_I,2.3008986600131527,-0.1892351675720212,0.0915711665862825,1.9649314880371092
1CHO_EFG_I,2.755613899910272,-0.46712566519165044,0.0863172859669728,-0.7055227756500244
1CHO_EFG_I,2.755613899910272,-0.46712566519165044,0.0863172859669728,-3.14982533454895
1CHO_EFG_I,2.755613899910272,1.3200118788269042,0.340218621570505,-0.7055227756500244
1CHO_EFG_I,2.755613899910272,1.3200118788269042,0.340218621570505,-3.14982533454895
1CHO_EFG_I,2.6905147670292124,-0.46712566519165044,0.0863172859669728,-2.604622602462769
1CHO_EFG_I,2.869047193982736,-0.46712566519165044,0.0863172859669728,0.1790370941162105
1CHO_EFG_I,2.869047193982736,-0.46712566519165044,0.0863172859669728,-2.3644604682922368
1CHO_EFG_I,2.869047193982736,1.5798055780456544,0.0734639621561867,0.1790370941162105
1CHO_EFG_I,2.869047193982736,1.5798055780456544,0.0734639621561867,-2.3644604682922368
1CHO_EFG_I,2.554845978034689,-0.46712566519165044,0.0863172859669728,-1.4645867347717283
1CHO_EFG_I,2.829264734318991,-0.46712566519165044,0.0863172859669728,-1.5287854671478271
1CHO_EFG_I,2.829264734318991,-0.46712566519165044,0.0863172859669728,-3.8305470943450928
1CHO_EFG_I,2.829264734318991,1.5798055780456544,0.0734639621561867,-1.5287854671478271
1CHO_EFG_I,2.829264734318991,1.5798055780456544,0.0734639621561867,-3.8305470943450928
1CHO_EFG_I,0.8695342529210763,-0.46712566519165044,0.0863172859669728,0.275402307510376
1CHO_EFG_I,3.544807167923393,-0.46712566519165044,0.0863172859669728,-0.5107283592224121
1CHO_EFG_I,1.3156405469712813,-0.46712566519165044,0.0863172859669728,-1.45318603515625
1CHO_EFG_I,2.060755778167371,-0.46712566519165044,0.0863172859669728,-1.4395339488983154
1CHO_EFG_I,2.6321591275656977,-0.46712566519165044,0.0863172859669728,-0.9051151275634766
1CHO_EFG_I,2.6321591275656977,-0.46712566519165044,0.0863172859669728,-2.7719452381134038
1CHO_EFG_I,2.6321591275656977,1.3200118788269042,0.340218621570505,-0.9051151275634766
1CHO_EFG_I,2.6321591275656977,1.3200118788269042,0.340218621570505,-2.7719452381134038
1CHO_EFG_I,3.116209027505946,-0.46712566519165044,0.0863172859669728,-1.991149663925171
1PPF_E_I,2.0912476392384005,-1.0191800345825195,0.1519775068737914,-1.7867448329925537
1PPF_E_I,2.0912476392384005,-1.0191800345825195,0.1519775068737914,-0.1473445892333984
1PPF_E_I,2.0912476392384005,-1.0191800345825195,0.1519775068737914,-1.7867448329925537
1PPF_E_I,2.0912476392384005,-1.0191800345825195,0.1519775068737914,-0.1473445892333984
1PPF_E_I,1.1866060211613347,-1.0191800345825195,0.1519775068737914,-0.736592054367065
1PPF_E_I,1.1866060211613347,-1.0191800345825195,0.1519775068737914,-5.158252730965614
1PPF_E_I,1.1866060211613347,4.6881570976245115,0.0114737344188416,-0.736592054367065
1PPF_E_I,1.1866060211613347,4.6881570976245115,0.0114737344188416,-5.158252730965614
1PPF_E_I,1.3831858400959702,-1.0191800345825195,0.1519775068737914,-2.285047769546509
1PPF_E_I,1.1429496965597674,-1.0191800345825195,0.1519775068737914,0.7069988250732422
1PPF_E_I,3.16587205876721,-1.0191800345825195,0.1519775068737914,-1.1427814960479736
1PPF_E_I,3.16587205876721,-1.0191800345825195,0.1519775068737914,-3.161236047744751
1PPF_E_I,3.16587205876721,1.202955523510742,0.0859012912718916,-1.1427814960479736
1PPF_E_I,3.16587205876721,1.202955523510742,0.0859012912718916,-3.161236047744751
1PPF_E_I,0.7132970917575134,-1.0191800345825195,0.1519775068737914,0.02620530128479
1PPF_E_I,1.1327887820439413,-1.0191800345825195,0.1519775068737914,-0.9823129177093516
1PPF_E_I,1.195879832678041,-1.0191800345825195,0.1519775068737914,-0.2327437400817871
1PPF_E_I,0.5699121143241247,-1.0191800345825195,0.1519775068737914,0.4073498249053955
1PPF_E_I,0.5699121143241247,-1.0191800345825195,0.1519775068737914,-4.595728397369385
1PPF_E_I,0.5699121143241247,1.3737087001708983,0.3953302597846174,0.4073498249053955
1PPF_E_I,0.5699121143241247,1.3737087001708983,0.3953302597846174,-4.595728397369385
1PPF_E_I,0.6512742862994099,-1.0191800345825195,0.1519775068737914,-0.8731563091278081
1PPF_E_I,0.6512742862994099,-1.0191800345825195,0.1519775068737914,-3.4198343753814697
1PPF_E_I,0.6808911228427346,-1.0191800345825195,0.1519775068737914,-1.3998548984527588
1PPF_E_I,1.3452573835146062,-1.0191800345825195,0.1519775068737914,-1.8854987621307373
1PPF_E_I,1.508862051840844,-1.0191800345825195,0.1519775068737914,-1.912360906600952
1R0R_E_I,2.674396838395019,0.6247488240203858,0.0593163934483449,-2.72127377986908
1R0R_E_I,2.674396838395019,0.6247488240203858,0.0593163934483449,-2.6002429723739624
1R0R_E_I,2.674396838395019,0.6247488240203858,0.0593163934483449,-2.72127377986908
1R0R_E_I,2.674396838395019,0.6247488240203858,0.0593163934483449,-2.6002429723739624
1R0R_E_I,3.1311305324667527,0.6247488240203858,0.0593163934483449,-2.254233717918396
1R0R_E_I,2.338701099576625,0.6247488240203858,0.0593163934483449,-3.4089678525924683
1R0R_E_I,4.193319815386666,0.6247488240203858,0.0593163934483449,-1.137964367866516
1R0R_E_I,3.712290718243865,0.6247488240203858,0.0593163934483449,-4.0177425146102905
1R0R_E_I,0.7267791237905099,0.6247488240203858,0.0593163934483449,-0.6989656686782837
1R0R_E_I,2.088972123768236,0.6247488240203858,0.0593163934483449,-2.5691999197006226
1R0R_E_I,1.2643975068098088,0.6247488240203858,0.0593163934483449,-1.1368762254714966
1R0R_E_I,1.2643975068098088,0.6247488240203858,0.0593163934483449,0.4972386360168457
1R0R_E_I,1.2643975068098088,0.10514786122436526,0.1268986779085668,-1.1368762254714966
1R0R_E_I,1.2643975068098088,0.10514786122436526,0.1268986779085668,0.4972386360168457
1R0R_E_I,1.6851210749598866,0.6247488240203858,0.0593163934483449,-2.223554730415344
1R0R_E_I,3.56792741747156,0.6247488240203858,0.0593163934483449,-2.2321935892105107
1R0R_E_I,1.863653501913411,0.6247488240203858,0.0593163934483449,-2.452075839042664
1R0R_E_I,1.823871042249666,0.6247488240203858,0.0593163934483449,-3.0983341932296757
3SGB_E_I,2.0757684463687074,0.026058614288329895,0.1657895784456398,-1.5568904876708984
3SGB_E_I,1.0051049766448574,0.026058614288329895,0.1657895784456398,-0.6274063587188725
3SGB_E_I,1.9166607329129333,0.026058614288329895,0.1657895784456398,-0.945530891418457
3SGB_E_I,1.9166607329129333,0.026058614288329895,0.1657895784456398,-1.313215970993042
3SGB_E_I,1.9166607329129333,0.026058614288329895,0.1657895784456398,-2.349296927452087
3SGB_E_I,1.9166607329129333,0.026058614288329895,0.1657895784456398,-0.945530891418457
3SGB_E_I,1.9166607329129333,0.026058614288329895,0.1657895784456398,-1.313215970993042
3SGB_E_I,1.9166607329129333,0.026058614288329895,0.1657895784456398,-2.349296927452087
3SGB_E_I,1.9166607329129333,0.15630782712097213,0.1374928185978418,-0.945530891418457
3SGB_E_I,1.9166607329129333,0.15630782712097213,0.1374928185978418,-1.313215970993042
3SGB_E_I,1.9166607329129333,0.15630782712097213,0.1374928185978418,-2.349296927452087
3SGB_E_I,2.1137663396662267,0.026058614288329895,0.1657895784456398,-0.2889587879180908
3SGB_E_I,2.2436094623831533,0.026058614288329895,0.1657895784456398,-0.4290642738342285
3SGB_E_I,2.2436094623831533,0.026058614288329895,0.1657895784456398,-5.224815592169762
3SGB_E_I,2.2436094623831533,4.182241666809082,0.1018269157506817,-0.4290642738342285
3SGB_E_I,2.2436094623831533,4.182241666809082,0.1018269157506817,-5.224815592169762
3SGB_E_I,0.7685089561516207,0.026058614288329895,0.1657895784456398,-0.6138689517974854
3SGB_E_I,0.7685089561516207,0.026058614288329895,0.1657895784456398,-1.0068392753601074
3SGB_E_I,0.7685089561516207,0.026058614288329895,0.1657895784456398,-0.6138689517974854
3SGB_E_I,0.7685089561516207,0.026058614288329895,0.1657895784456398,-1.0068392753601074
3SGB_E_I,-0.6147463206605049,0.026058614288329895,0.1657895784456398,-0.3625030517578125
3SGB_E_I,-0.6147463206605049,0.026058614288329895,0.1657895784456398,0.3831660747528076
3SGB_E_I,-0.6147463206605049,0.026058614288329895,0.1657895784456398,-4.602418661117554
3SGB_E_I,-0.6147463206605049,0.026058614288329895,0.1657895784456398,-1.794581413269043
3SGB_E_I,-0.6147463206605049,-0.5989313138153074,0.6699203495433302,-0.3625030517578125
3SGB_E_I,-0.6147463206605049,-0.5989313138153074,0.6699203495433302,0.3831660747528076
3SGB_E_I,-0.6147463206605049,-0.5989313138153074,0.6699203495433302,-4.602418661117554
3SGB_E_I,-0.6147463206605049,-0.5989313138153074,0.6699203495433302,-1.794581413269043
3SGB_E_I,-0.6147463206605049,0.3083800355911257,0.143509441627215,-0.3625030517578125
3SGB_E_I,-0.6147463206605049,0.3083800355911257,0.143509441627215,0.3831660747528076
3SGB_E_I,-0.6147463206605049,0.3083800355911257,0.143509441627215,-4.602418661117554
3SGB_E_I,-0.6147463206605049,0.3083800355911257,0.143509441627215,-1.794581413269043
3SGB_E_I,-0.6147463206605049,0.3083800355911257,0.143509441627215,-0.3625030517578125
3SGB_E_I,-0.6147463206605049,0.3083800355911257,0.143509441627215,0.3831660747528076
3SGB_E_I,-0.6147463206605049,0.3083800355911257,0.143509441627215,-4.602418661117554
3SGB_E_I,-0.6147463206605049,0.3083800355911257,0.143509441627215,-1.794581413269043
3SGB_E_I,1.0867591945439443,0.026058614288329895,0.1657895784456398,0.2015440464019775
3SGB_E_I,0.180986617310868,0.026058614288329895,0.1657895784456398,-0.8650267124176025
3SGB_E_I,0.5187799803432317,0.026058614288329895,0.1657895784456398,-1.2604310512542725
3SGB_E_I,0.5187799803432317,0.026058614288329895,0.1657895784456398,-0.0692276954650878
3SGB_E_I,0.5187799803432317,-0.43315861590881344,0.2156465700626738,-1.2604310512542725
3SGB_E_I,0.5187799803432317,-0.43315861590881344,0.2156465700626738,-0.0692276954650878
3SGB_E_I,1.2573686109120907,0.026058614288329895,0.1657895784456398,0.0483739376068115
3SGB_E_I,1.5262440008254738,0.026058614288329895,0.1657895784456398,-1.6367645263671875
1CHO_EFG_I,3.132071663211279,1.5798055780456544,0.0734639621561867,-4.641701936721802
1CHO_EFG_I,2.5081987404267805,1.5798055780456544,0.0734639621561867,-4.369454145431519
1CHO_EFG_I,2.5081987404267805,1.5798055780456544,0.0734639621561867,-4.360082387924194
1CHO_EFG_I,2.5081987404267805,1.5798055780456544,0.0734639621561867,-1.2338616847991943
1CHO_EFG_I,2.5081987404267805,1.5798055780456544,0.0734639621561867,-4.369454145431519
1CHO_EFG_I,2.5081987404267805,1.5798055780456544,0.0734639621561867,-4.360082387924194
1CHO_EFG_I,2.5081987404267805,1.5798055780456544,0.0734639621561867,-1.2338616847991943
1CHO_EFG_I,2.5081987404267805,1.6902673538818358,0.0315754327847085,-4.369454145431519
1CHO_EFG_I,2.5081987404267805,1.6902673538818358,0.0315754327847085,-4.360082387924194
1CHO_EFG_I,2.5081987404267805,1.6902673538818358,0.0315754327847085,-1.2338616847991943
1CHO_EFG_I,3.4157237097400417,1.5798055780456544,0.0734639621561867,-4.766652822494507
1CHO_EFG_I,3.258252470805916,1.5798055780456544,0.0734639621561867,-4.473201036453248
1CHO_EFG_I,8.446890288870652,1.5798055780456544,0.0734639621561867,-4.682833433151245
1CHO_EFG_I,0.67495696502462,1.5798055780456544,0.0734639621561867,-0.4704136848449707
1CHO_EFG_I,2.080018111598135,1.5798055780456544,0.0734639621561867,-4.1036131381988525
1CHO_EFG_I,2.080018111598135,1.5798055780456544,0.0734639621561867,-4.21435284614563
1CHO_EFG_I,2.080018111598135,1.3200118788269042,0.340218621570505,-4.1036131381988525
1CHO_EFG_I,2.080018111598135,1.3200118788269042,0.340218621570505,-4.21435284614563
1CHO_EFG_I,1.2095885945200828,1.5798055780456544,0.0734639621561867,-3.65765118598938
1CHO_EFG_I,6.209000463056533,1.5798055780456544,0.0734639621561867,-2.832000494003296
1CHO_EFG_I,3.1215445701448257,1.5798055780456544,0.0734639621561867,-3.747542142868042
1CHO_EFG_I,3.110824308665834,1.5798055780456544,0.0734639621561867,-3.8434150218963614
1CHO_EFG_I,4.946449873188759,1.5798055780456544,0.0734639621561867,-4.00034499168396
1CHO_EFG_I,1.5671449376509607,1.5798055780456544,0.0734639621561867,-2.763957500457764
1CHO_EFG_I,1.5671449376509607,1.5798055780456544,0.0734639621561867,-1.7447760105133057
1CHO_EFG_I,1.5671449376509607,1.5798055780456544,0.0734639621561867,0.0692262649536132
1CHO_EFG_I,1.5671449376509607,1.6902673538818358,0.0315754327847085,-2.763957500457764
1CHO_EFG_I,1.5671449376509607,1.6902673538818358,0.0315754327847085,-1.7447760105133057
1CHO_EFG_I,1.5671449376509607,1.6902673538818358,0.0315754327847085,0.0692262649536132
1CHO_EFG_I,1.5671449376509607,-0.1892351675720212,0.0915711665862825,-2.763957500457764
1CHO_EFG_I,1.5671449376509607,-0.1892351675720212,0.0915711665862825,-1.7447760105133057
1CHO_EFG_I,1.5671449376509607,-0.1892351675720212,0.0915711665862825,0.0692262649536132
1CHO_EFG_I,0.1785324269535242,1.5798055780456544,0.0734639621561867,-1.2760579586029053
1CHO_EFG_I,0.1785324269535242,1.5798055780456544,0.0734639621561867,-2.55483615398407
1CHO_EFG_I,0.1785324269535242,1.5798055780456544,0.0734639621561867,-2.4643043279647827
1CHO_EFG_I,0.3869154323452293,1.5798055780456544,0.0734639621561867,-1.3031370639801023
1PPF_E_I,4.127864947327173,1.202955523510742,0.0859012912718916,-4.296510457992554
1PPF_E_I,4.127864947327173,1.202955523510742,0.0859012912718916,-4.403117895126343
1PPF_E_I,4.127864947327173,1.202955523510742,0.0859012912718916,-4.296510457992554
1PPF_E_I,4.127864947327173,1.202955523510742,0.0859012912718916,-4.403117895126343
1PPF_E_I,3.5932934440083013,1.202955523510742,0.0859012912718916,-2.8056557178497314
1PPF_E_I,3.5932934440083013,1.202955523510742,0.0859012912718916,-1.3220691680908208
1PPF_E_I,3.5932934440083013,1.202955523510742,0.0859012912718916,-2.8056557178497314
1PPF_E_I,3.5932934440083013,1.202955523510742,0.0859012912718916,-1.3220691680908208
1PPF_E_I,4.985256363393258,1.202955523510742,0.0859012912718916,-4.185023546218873
1PPF_E_I,5.292747374230716,1.202955523510742,0.0859012912718916,-4.536732912063599
1PPF_E_I,2.7734067774641824,1.202955523510742,0.0859012912718916,-3.485089063644409
1PPF_E_I,2.7734067774641824,1.202955523510742,0.0859012912718916,-5.238752856850624
1PPF_E_I,2.7734067774641824,4.6881570976245115,0.0114737344188416,-3.485089063644409
1PPF_E_I,2.7734067774641824,4.6881570976245115,0.0114737344188416,-5.238752856850624
1PPF_E_I,6.330513746907864,1.202955523510742,0.0859012912718916,-2.164039373397827
1PPF_E_I,6.330513746907864,1.202955523510742,0.0859012912718916,-3.4823877811431885
1PPF_E_I,6.330513746907864,1.202955523510742,0.0859012912718916,-2.164039373397827
1PPF_E_I,6.330513746907864,1.202955523510742,0.0859012912718916,-3.4823877811431885
1PPF_E_I,4.431760330525139,1.202955523510742,0.0859012912718916,-3.590516805648804
1PPF_E_I,4.631946567444701,1.202955523510742,0.0859012912718916,-3.411193609237671
1PPF_E_I,2.3457522521005347,1.202955523510742,0.0859012912718916,-2.3039214611053467
1PPF_E_I,0.4753572917379983,1.202955523510742,0.0859012912718916,-1.2757568359375
1PPF_E_I,4.311700449060212,1.202955523510742,0.0859012912718916,-2.2732734680175777
1PPF_E_I,4.311700449060212,1.202955523510742,0.0859012912718916,-5.458124652504921
1PPF_E_I,4.311700449060212,4.6881570976245115,0.0114737344188416,-2.2732734680175777
1PPF_E_I,4.311700449060212,4.6881570976245115,0.0114737344188416,-5.458124652504921
1PPF_E_I,0.2321187512917611,1.202955523510742,0.0859012912718916,-0.4179378747940061
1PPF_E_I,0.2321187512917611,1.202955523510742,0.0859012912718916,-4.328362479805946
1PPF_E_I,0.2321187512917611,4.6881570976245115,0.0114737344188416,-0.4179378747940061
1PPF_E_I,0.2321187512917611,4.6881570976245115,0.0114737344188416,-4.328362479805946
1R0R_E_I,6.313320709756322,1.5522788309936524,0.1407964775405353,-4.288157820701599
1R0R_E_I,5.39864608050352,1.5522788309936524,0.1407964775405353,-2.8249591588974
1R0R_E_I,5.39864608050352,1.5522788309936524,0.1407964775405353,-3.1837977170944214
1R0R_E_I,5.39864608050352,1.5522788309936524,0.1407964775405353,-2.19816529750824
1R0R_E_I,5.39864608050352,1.5522788309936524,0.1407964775405353,-2.8249591588974
1R0R_E_I,5.39864608050352,1.5522788309936524,0.1407964775405353,-3.1837977170944214
1R0R_E_I,5.39864608050352,1.5522788309936524,0.1407964775405353,-2.19816529750824
1R0R_E_I,5.39864608050352,1.5522788309936524,0.1407964775405353,-2.8249591588974
1R0R_E_I,5.39864608050352,1.5522788309936524,0.1407964775405353,-3.1837977170944214
1R0R_E_I,5.39864608050352,1.5522788309936524,0.1407964775405353,-2.19816529750824
1R0R_E_I,5.091134236641863,1.5522788309936524,0.1407964775405353,-2.90487802028656
1R0R_E_I,3.461408261590106,1.5522788309936524,0.1407964775405353,-3.0672372579574585
1R0R_E_I,6.562173109468688,1.5522788309936524,0.1407964775405353,-4.4890440702438354
1R0R_E_I,2.539413475854068,1.5522788309936524,0.1407964775405353,-2.940161108970642
1R0R_E_I,2.8248446273697567,1.5522788309936524,0.1407964775405353,-3.414622664451599
1R0R_E_I,5.538577198901273,1.5522788309936524,0.1407964775405353,-1.878714203834534
1R0R_E_I,5.69127638896038,1.5522788309936524,0.1407964775405353,-2.19816529750824
1R0R_E_I,5.435990282642292,1.5522788309936524,0.1407964775405353,-3.114540934562683
1R0R_E_I,4.440734974870159,1.5522788309936524,0.1407964775405353,-3.01458203792572
1R0R_E_I,4.554168268942623,1.5522788309936524,0.1407964775405353,-2.8178573846817017
1R0R_E_I,3.422993817575978,1.5522788309936524,0.1407964775405353,-1.897598385810852
1R0R_E_I,3.422993817575978,1.5522788309936524,0.1407964775405353,1.767826795578003
1R0R_E_I,3.422993817575978,0.10514786122436526,0.1268986779085668,-1.897598385810852
1R0R_E_I,3.422993817575978,0.10514786122436526,0.1268986779085668,1.767826795578003
1R0R_E_I,4.408041810903877,1.5522788309936524,0.1407964775405353,-3.045373320579529
1R0R_E_I,-0.3591167357756131,1.5522788309936524,0.1407964775405353,-0.7012901306152344
3SGB_E_I,2.8029873013745568,0.15630782712097213,0.1374928185978418,-3.284360289573669
3SGB_E_I,4.360384859875042,0.15630782712097213,0.1374928185978418,-3.7206104993820186
3SGB_E_I,4.804281106695439,0.15630782712097213,0.1374928185978418,-3.282778620719909
3SGB_E_I,6.18932094987379,0.15630782712097213,0.1374928185978418,-3.863353610038757
3SGB_E_I,2.87150138434008,0.15630782712097213,0.1374928185978418,-0.671048521995544
3SGB_E_I,3.235557049949202,0.15630782712097213,0.1374928185978418,-2.074987769126892
3SGB_E_I,2.722274643483289,0.15630782712097213,0.1374928185978418,-1.45733892917633
1CHO_EFG_I,3.4377730381360534,1.3200118788269042,0.340218621570505,-4.847518682479858
1CHO_EFG_I,3.1475149727113148,1.3200118788269042,0.340218621570505,-3.432639837265014
1CHO_EFG_I,3.1424124262304187,1.3200118788269042,0.340218621570505,-3.1358442306518555
1CHO_EFG_I,3.4708235791385684,1.3200118788269042,0.340218621570505,-4.873369455337524
1CHO_EFG_I,3.4708235791385684,1.3200118788269042,0.340218621570505,-3.0725605487823486
1CHO_EFG_I,3.4708235791385684,1.3200118788269042,0.340218621570505,-3.2363214492797856
1CHO_EFG_I,3.4708235791385684,1.3200118788269042,0.340218621570505,-4.873369455337524
1CHO_EFG_I,3.4708235791385684,1.3200118788269042,0.340218621570505,-3.0725605487823486
1CHO_EFG_I,3.4708235791385684,1.3200118788269042,0.340218621570505,-3.2363214492797856
1CHO_EFG_I,3.4708235791385684,1.3200118788269042,0.340218621570505,-4.873369455337524
1CHO_EFG_I,3.4708235791385684,1.3200118788269042,0.340218621570505,-3.0725605487823486
1CHO_EFG_I,3.4708235791385684,1.3200118788269042,0.340218621570505,-3.2363214492797856
1CHO_EFG_I,2.03744975352773,1.3200118788269042,0.340218621570505,-3.625226259231568
1CHO_EFG_I,7.188345491290064,1.3200118788269042,0.340218621570505,-5.001699686050415
1CHO_EFG_I,2.791266841021472,1.3200118788269042,0.340218621570505,-3.0692007541656494
1CHO_EFG_I,2.5795357585106022,1.3200118788269042,0.340218621570505,-3.9527370929718018
1CHO_EFG_I,2.5795357585106022,1.3200118788269042,0.340218621570505,-1.3525235652923584
1CHO_EFG_I,2.5795357585106022,1.6902673538818358,0.0315754327847085,-3.9527370929718018
1CHO_EFG_I,2.5795357585106022,1.6902673538818358,0.0315754327847085,-1.3525235652923584
1CHO_EFG_I,0.6535800246167384,1.3200118788269042,0.340218621570505,-0.75032639503479
1PPF_E_I,0.41380168971015,1.3737087001708983,0.3953302597846174,-2.530722379684448
1PPF_E_I,-0.3447625149286773,1.3737087001708983,0.3953302597846174,-3.419304847717285
1PPF_E_I,6.612599109073365,1.3737087001708983,0.3953302597846174,-4.784505367279053
1PPF_E_I,-0.8466822872743035,1.3737087001708983,0.3953302597846174,-1.6651177406311035
1PPF_E_I,-0.8000350496663948,1.3737087001708983,0.3953302597846174,-3.7576403617858887
1PPF_E_I,-0.8000350496663948,1.3737087001708983,0.3953302597846174,-1.371827960014343
1PPF_E_I,-0.8000350496663948,-0.20000263340911895,0.7658407015440719,-3.7576403617858887
1PPF_E_I,-0.8000350496663948,-0.20000263340911895,0.7658407015440719,-1.371827960014343
1PPF_E_I,-0.7490829666137231,1.3737087001708983,0.3953302597846174,-3.2093105316162105
1PPF_E_I,0.5961744169008829,1.3737087001708983,0.3953302597846174,-1.8704624176025395
1PPF_E_I,0.5961744169008829,1.3737087001708983,0.3953302597846174,-0.7581424713134766
1PPF_E_I,0.5961744169008829,-0.7300350194488519,0.2038187253855303,-1.8704624176025395
1PPF_E_I,0.5961744169008829,-0.7300350194488519,0.2038187253855303,-0.7581424713134766
1PPF_E_I,0.4544607254699182,1.3737087001708983,0.3953302597846174,-2.9228289127349854
1PPF_E_I,0.4544607254699182,1.3737087001708983,0.3953302597846174,-3.118604898452759
1PPF_E_I,-0.5256162933820924,1.3737087001708983,0.3953302597846174,-4.119128227233887
1PPF_E_I,-0.5256162933820924,1.3737087001708983,0.3953302597846174,0.5039854049682617
1PPF_E_I,-0.5256162933820924,-0.7300350194488519,0.2038187253855303,-4.119128227233887
1PPF_E_I,-0.5256162933820924,-0.7300350194488519,0.2038187253855303,0.5039854049682617
1R0R_E_I,0.1134332940724643,-0.09606905593566895,0.4503870060300047,-2.706725597381592
1R0R_E_I,0.1134332940724643,-0.09606905593566895,0.4503870060300047,-1.829092502593994
1R0R_E_I,0.1134332940724643,-0.09606905593566895,0.4503870060300047,0.2783284187316894
1R0R_E_I,0.1134332940724643,-0.09606905593566895,0.4503870060300047,-2.706725597381592
1R0R_E_I,0.1134332940724643,-0.09606905593566895,0.4503870060300047,-1.829092502593994
1R0R_E_I,0.1134332940724643,-0.09606905593566895,0.4503870060300047,0.2783284187316894
1R0R_E_I,0.1134332940724643,0.10514786122436526,0.1268986779085668,-2.706725597381592
1R0R_E_I,0.1134332940724643,0.10514786122436526,0.1268986779085668,-1.829092502593994
1R0R_E_I,0.1134332940724643,0.10514786122436526,0.1268986779085668,0.2783284187316894
1R0R_E_I,0.3398636914452807,-0.09606905593566895,0.4503870060300047,-0.2332916259765625
1R0R_E_I,0.3398636914452807,-0.09606905593566895,0.4503870060300047,-0.3538134098052978
1R0R_E_I,0.3398636914452807,-0.09606905593566895,0.4503870060300047,-3.937195122241974
1R0R_E_I,0.3398636914452807,-0.09606905593566895,0.4503870060300047,-0.2332916259765625
1R0R_E_I,0.3398636914452807,-0.09606905593566895,0.4503870060300047,-0.3538134098052978
1R0R_E_I,0.3398636914452807,-0.09606905593566895,0.4503870060300047,-3.937195122241974
1R0R_E_I,0.3398636914452807,1.1551076891708367,0.3965868526055661,-0.2332916259765625
1R0R_E_I,0.3398636914452807,1.1551076891708367,0.3965868526055661,-0.3538134098052978
1R0R_E_I,0.3398636914452807,1.1551076891708367,0.3965868526055661,-3.937195122241974
1R0R_E_I,7.288038163154666,-0.09606905593566895,0.4503870060300047,-3.1736745834350595
1R0R_E_I,0.2288846829266709,-0.09606905593566895,0.4503870060300047,-1.464980602264404
1R0R_E_I,-0.1774227630712159,-0.09606905593566895,0.4503870060300047,-0.11832857131958
1R0R_E_I,-0.1774227630712159,-0.09606905593566895,0.4503870060300047,-1.2186241149902344
1R0R_E_I,0.8119094802987126,-0.09606905593566895,0.4503870060300047,-1.9699997901916504
3SGB_E_I,1.0918175625788742,0.7562999350494384,0.3908571352070532,-3.755150079727173
3SGB_E_I,0.2737773687823677,0.7562999350494384,0.3908571352070532,-1.8360435962677
3SGB_E_I,0.2737773687823677,0.7562999350494384,0.3908571352070532,-2.8932015895843506
3SGB_E_I,0.2737773687823677,-0.5989313138153074,0.6699203495433302,-1.8360435962677
3SGB_E_I,0.2737773687823677,-0.5989313138153074,0.6699203495433302,-2.8932015895843506
3SGB_E_I,7.577933460571226,0.7562999350494384,0.3908571352070532,-3.893414258956909
3SGB_E_I,0.6297589888618415,0.7562999350494384,0.3908571352070532,-2.7392680644989014
3SGB_E_I,-0.2739414984706976,0.7562999350494384,0.3908571352070532,-0.0248557329177856
3SGB_E_I,0.2898952974165607,0.7562999350494384,0.3908571352070532,-2.789669752120973
3SGB_E_I,0.3075118438616566,0.7562999350494384,0.3908571352070532,-3.513408899307251
3SGB_E_I,0.3075118438616566,0.7562999350494384,0.3908571352070532,-1.8924577236175537
3SGB_E_I,0.3075118438616566,0.7562999350494384,0.3908571352070532,-1.0555882453918457
3SGB_E_I,0.3075118438616566,-0.5989313138153074,0.6699203495433302,-3.513408899307251
3SGB_E_I,0.3075118438616566,-0.5989313138153074,0.6699203495433302,-1.8924577236175537
3SGB_E_I,0.3075118438616566,-0.5989313138153074,0.6699203495433302,-1.0555882453918457
3SGB_E_I,0.3075118438616566,-0.43315861590881344,0.2156465700626738,-3.513408899307251
3SGB_E_I,0.3075118438616566,-0.43315861590881344,0.2156465700626738,-1.8924577236175537
3SGB_E_I,0.3075118438616566,-0.43315861590881344,0.2156465700626738,-1.0555882453918457
1CHO_EFG_I,0.627609622050249,0.17661122014770525,0.5342009759636484,-1.4666438102722164
1CHO_EFG_I,-0.5420343459476559,0.17661122014770525,0.5342009759636484,-2.1879918575286865
1CHO_EFG_I,-0.5420343459476559,0.17661122014770525,0.5342009759636484,-0.5033276081085205
1CHO_EFG_I,-0.5420343459476559,0.17661122014770525,0.5342009759636484,-2.1879918575286865
1CHO_EFG_I,-0.5420343459476559,0.17661122014770525,0.5342009759636484,-0.5033276081085205
1CHO_EFG_I,-0.5172864545164967,0.17661122014770525,0.5342009759636484,-1.679450750350952
1CHO_EFG_I,-0.5039774995496228,0.17661122014770525,0.5342009759636484,-2.340440511703491
1CHO_EFG_I,-0.5039774995496228,0.17661122014770525,0.5342009759636484,-3.560301661491394
1CHO_EFG_I,-0.816628259738412,0.17661122014770525,0.5342009759636484,-2.433392286300659
1CHO_EFG_I,-0.7691732826704425,0.17661122014770525,0.5342009759636484,-0.639554500579834
1CHO_EFG_I,-0.8395424851960057,0.17661122014770525,0.5342009759636484,0.3461319208145141
1CHO_EFG_I,0.3811593477710422,0.17661122014770525,0.5342009759636484,-0.5676500797271729
1CHO_EFG_I,-0.7176477614643569,0.17661122014770525,0.5342009759636484,-0.933502435684204
1CHO_EFG_I,-0.7101091038569578,0.17661122014770525,0.5342009759636484,0.1943538188934326
1PPF_E_I,-0.5636141866796118,-0.20000263340911895,0.7658407015440719,-0.6251915693283079
1PPF_E_I,-0.5636141866796118,-0.20000263340911895,0.7658407015440719,0.141817569732666
1PPF_E_I,-0.5636141866796118,-0.7300350194488519,0.2038187253855303,-0.6251915693283079
1PPF_E_I,-0.5636141866796118,-0.7300350194488519,0.2038187253855303,0.141817569732666
1PPF_E_I,-2.8828352388476515,-0.20000263340911895,0.7658407015440719,-1.553374648094177
1PPF_E_I,-1.6284642964154354,-0.20000263340911895,0.7658407015440719,-2.330356001853943
1PPF_E_I,-0.4424787065355168,-0.20000263340911895,0.7658407015440719,-0.6748553514480589
1PPF_E_I,-1.4091927764434928,-0.20000263340911895,0.7658407015440719,0.2373994588851931
1PPF_E_I,-1.741030554179772,-0.20000263340911895,0.7658407015440719,-2.1890310049057007
1R0R_E_I,-0.3410274313974538,1.1551076891708367,0.3965868526055661,-3.853136837482453
1R0R_E_I,-0.6300477042863095,1.1551076891708367,0.3965868526055661,-1.924966394901276
1R0R_E_I,-0.9729877231545464,1.1551076891708367,0.3965868526055661,-4.629169285297394
1R0R_E_I,-0.9729877231545464,1.1551076891708367,0.3965868526055661,2.5964200496673584
1R0R_E_I,-0.9729877231545464,0.14544649026489243,0.0016581872679639,-4.629169285297394
1R0R_E_I,-0.9729877231545464,0.14544649026489243,0.0016581872679639,2.5964200496673584
1R0R_E_I,1.181143575410264,1.1551076891708367,0.3965868526055661,-3.239000618457794
1R0R_E_I,1.16783462044339,1.1551076891708367,0.3965868526055661,-4.258668720722199
1R0R_E_I,-0.9046416180770656,1.1551076891708367,0.3965868526055661,-3.9171183705329895
1R0R_E_I,-2.4863198645784546,1.1551076891708367,0.3965868526055661,-1.7626031041145325
1R0R_E_I,-1.3950097990853847,1.1551076891708367,0.3965868526055661,-3.3782880902290344
1R0R_E_I,1.3628739299597017,1.1551076891708367,0.3965868526055661,-4.638508141040802
1R0R_E_I,1.0871219625521225,1.1551076891708367,0.3965868526055661,-4.0901601910591125
1R0R_E_I,0.845578589763881,1.1551076891708367,0.3965868526055661,-4.49780398607254
3SGB_E_I,0.0648104174565918,-0.5989313138153074,0.6699203495433302,0.1061728000640869
3SGB_E_I,-0.3228830355512798,-0.5989313138153074,0.6699203495433302,-3.524991750717163
3SGB_E_I,-0.1394142938086011,-0.5989313138153074,0.6699203495433302,-2.442467451095581
3SGB_E_I,-0.1394142938086011,-0.5989313138153074,0.6699203495433302,-0.9699349403381348
3SGB_E_I,-0.1394142938086011,-0.43315861590881344,0.2156465700626738,-2.442467451095581
3SGB_E_I,-0.1394142938086011,-0.43315861590881344,0.2156465700626738,-0.9699349403381348
3SGB_E_I,-0.4936108405164099,-0.5989313138153074,0.6699203495433302,-2.9443962574005127
3SGB_E_I,-0.4936108405164099,-0.5989313138153074,0.6699203495433302,-3.4057366847991943
3SGB_E_I,-0.4936108405164099,-0.5989313138153074,0.6699203495433302,-2.9443962574005127
3SGB_E_I,-0.4936108405164099,-0.5989313138153074,0.6699203495433302,-3.4057366847991943
3SGB_E_I,-0.1230709104001473,-0.5989313138153074,0.6699203495433302,-1.643036127090454
3SGB_E_I,-0.1230709104001473,-0.5989313138153074,0.6699203495433302,0.4346673488616943
3SGB_E_I,-0.1230709104001473,-0.43315861590881344,0.2156465700626738,-1.643036127090454
3SGB_E_I,-0.1230709104001473,-0.43315861590881344,0.2156465700626738,0.4346673488616943
3SGB_E_I,-1.0187751114411407,-0.5989313138153074,0.6699203495433302,-0.0236375331878662
3SGB_E_I,-0.3958946489095705,-0.5989313138153074,0.6699203495433302,-3.360150098800659
3SGB_E_I,-0.3958946489095705,-0.5989313138153074,0.6699203495433302,-3.889582872390747
3SGB_E_I,-0.3958946489095705,0.3083800355911257,0.143509441627215,-3.360150098800659
3SGB_E_I,-0.3958946489095705,0.3083800355911257,0.143509441627215,-3.889582872390747
1R0R_E_I,-0.6015426432609761,0.3493623776138306,0.2296510595622954,-2.309797167778015
1R0R_E_I,-0.3030989748160895,0.3493623776138306,0.2296510595622954,-3.3778733015060425
1R0R_E_I,-0.6071334788287157,0.3493623776138306,0.2296510595622954,-5.045145392417909
1R0R_E_I,0.4049628243263405,0.3493623776138306,0.2296510595622954,-4.15132749080658
1R0R_E_I,1.329139454880413,0.3493623776138306,0.2296510595622954,-4.877435088157654
1R0R_E_I,-0.3234814322999531,0.3493623776138306,0.2296510595622954,-2.3776334524154663
1R0R_E_I,1.1083693170975677,0.3493623776138306,0.2296510595622954,-5.143571257591248
1R0R_E_I,-0.5534960328681187,0.3493623776138306,0.2296510595622954,-3.096311926841736
1R0R_E_I,-0.3854212749588166,0.3493623776138306,0.2296510595622954,-3.061966300010681
1R0R_E_I,-0.5850841504327037,0.3493623776138306,0.2296510595622954,-3.8561805486679086
1R0R_E_I,-0.5850841504327037,0.3493623776138306,0.2296510595622954,-2.8285540342330933
1R0R_E_I,-0.5850841504327037,0.3493623776138306,0.2296510595622954,-3.8561805486679086
1R0R_E_I,-0.5850841504327037,0.3493623776138306,0.2296510595622954,-2.8285540342330933
1R0R_E_I,-0.5235285484048554,0.3493623776138306,0.2296510595622954,-0.8333932161331179
1R0R_E_I,-0.7835061379329705,0.3493623776138306,0.2296510595622954,-3.629734396934509
1R0R_E_I,-0.6857899463261313,0.3493623776138306,0.2296510595622954,-3.343173384666443
1R0R_E_I,-1.0901103980111768,0.3493623776138306,0.2296510595622954,-4.681489825248718
3SGB_E_I,-0.7154983946527647,0.3083800355911257,0.143509441627215,-4.568125486373901
3SGB_E_I,-0.7154983946527647,0.3083800355911257,0.143509441627215,-4.044543981552124
3SGB_E_I,-0.7154983946527647,0.3083800355911257,0.143509441627215,-4.568125486373901
3SGB_E_I,-0.7154983946527647,0.3083800355911257,0.143509441627215,-4.044543981552124
3SGB_E_I,-2.5364789087609,0.3083800355911257,0.143509441627215,-3.792677640914917
3SGB_E_I,-2.551720760787796,0.3083800355911257,0.143509441627215,-3.7852742671966553
3SGB_E_I,-0.5767484273629854,0.3083800355911257,0.143509441627215,-4.512624502182007
3SGB_E_I,-0.5767484273629854,0.3083800355911257,0.143509441627215,-4.0935938358306885
3SGB_E_I,-0.5767484273629854,0.3083800355911257,0.143509441627215,-4.512624502182007
3SGB_E_I,-0.5767484273629854,0.3083800355911257,0.143509441627215,-4.0935938358306885
3SGB_E_I,0.0,0.3083800355911257,0.143509441627215,-4.613647699356079
3SGB_E_I,-1.792162688160665,0.3083800355911257,0.143509441627215,-0.3954589366912842
3SGB_E_I,-1.3259950500838416,0.3083800355911257,0.143509441627215,-1.505273580551147
3SGB_E_I,-1.15007805552243,0.3083800355911257,0.143509441627215,-2.734036445617676
3SGB_E_I,-0.6503992617717048,0.3083800355911257,0.143509441627215,-3.902348756790161
3SGB_E_I,-0.6503992617717048,0.3083800355911257,0.143509441627215,-4.959173619747162
3SGB_E_I,-0.6503992617717048,2.6849974962487804,0.0176306349083564,-3.902348756790161
3SGB_E_I,-0.6503992617717048,2.6849974962487804,0.0176306349083564,-4.959173619747162
3SGB_E_I,-0.6830924257379858,0.3083800355911257,0.143509441627215,-0.8432266712188721
1CHO_EFG_I,-1.0766642935079005,1.6902673538818358,0.0315754327847085,1.3803162574768064
1CHO_EFG_I,-0.1356687889945232,1.6902673538818358,0.0315754327847085,0.0610673427581787
1CHO_EFG_I,0.692192370013124,1.6902673538818358,0.0315754327847085,-2.5088798999786377
1CHO_EFG_I,2.0475521007678417,1.6902673538818358,0.0315754327847085,-4.088273882865906
1CHO_EFG_I,2.0475521007678417,1.6902673538818358,0.0315754327847085,-2.2216780185699463
1CHO_EFG_I,1.7264167312856482,1.6902673538818358,0.0315754327847085,-1.904303789138794
1CHO_EFG_I,2.334533146949738,1.6902673538818358,0.0315754327847085,-2.891752958297729
1CHO_EFG_I,2.334533146949738,1.6902673538818358,0.0315754327847085,-0.8626036643981934
1CHO_EFG_I,2.334533146949738,-0.1892351675720212,0.0915711665862825,-2.891752958297729
1CHO_EFG_I,2.334533146949738,-0.1892351675720212,0.0915711665862825,-0.8626036643981934
1CHO_EFG_I,2.350651075583931,1.6902673538818358,0.0315754327847085,-1.9138033390045168
1CHO_EFG_I,1.720603371297622,1.6902673538818358,0.0315754327847085,-1.692669153213501
1CHO_EFG_I,1.04198066672623,1.6902673538818358,0.0315754327847085,-2.023449659347534
1PPF_E_I,1.1627562665072044,4.6881570976245115,0.0114737344188416,-5.278144851326942
1PPF_E_I,2.5176706939946327,4.6881570976245115,0.0114737344188416,-5.434720054268837
1PPF_E_I,0.2601675546926566,4.6881570976245115,0.0114737344188416,-4.338244929909706
1PPF_E_I,3.086502947010534,4.6881570976245115,0.0114737344188416,-5.360311046242714
1PPF_E_I,1.5915688454876753,4.6881570976245115,0.0114737344188416,-5.254669204354286
1PPF_E_I,2.7609092344408697,4.6881570976245115,0.0114737344188416,-5.399260058999062
1PPF_E_I,1.4373501802979605,4.6881570976245115,0.0114737344188416,-5.099703326821327
1PPF_E_I,4.781762406267613,4.6881570976245115,0.0114737344188416,-5.406901851296426
1PPF_E_I,1.621185682031,4.6881570976245115,0.0114737344188416,-5.333839431405067
1R0R_E_I,0.8991340316737574,0.10514786122436526,0.1268986779085668,1.8138647079467771
1R0R_E_I,1.4002181320984737,0.10514786122436526,0.1268986779085668,-0.9753494262695312
1R0R_E_I,1.0650726341561103,0.10514786122436526,0.1268986779085668,1.023929119110107
1R0R_E_I,1.0650726341561103,0.10514786122436526,0.1268986779085668,-1.4425458908081057
1R0R_E_I,1.0650726341561103,0.79167295970459,0.0467938859016571,1.023929119110107
1R0R_E_I,1.0650726341561103,0.79167295970459,0.0467938859016571,-1.4425458908081057
1R0R_E_I,2.3773134449730104,0.10514786122436526,0.1268986779085668,-0.1349377632141113
1R0R_E_I,2.004724820703081,0.10514786122436526,0.1268986779085668,3.8364803194999695
1R0R_E_I,2.1620971703582974,0.10514786122436526,0.1268986779085668,0.3928079605102539
3SGB_E_I,1.2058430897060048,4.182241666809082,0.1018269157506817,-4.847911104559898
3SGB_E_I,2.5754472401194324,4.182241666809082,0.1018269157506817,-5.1395890563726425
3SGB_E_I,2.6905147670292124,4.182241666809082,0.1018269157506817,-5.4250247329473495
3SGB_E_I,1.081656648063048,4.182241666809082,0.1018269157506817,-4.278217062354088
3SGB_E_I,4.035772150543818,4.182241666809082,0.1018269157506817,-5.364624723792076
3SGB_E_I,2.755325184485804,4.182241666809082,0.1018269157506817,-5.4180338233709335
3SGB_E_I,2.490005082211754,4.182241666809082,0.1018269157506817,-5.215956434607506
3SGB_E_I,2.9153109315647128,4.182241666809082,0.1018269157506817,-5.11452554166317
3SGB_E_I,2.9153109315647128,4.182241666809082,0.1018269157506817,-4.777762517333031
3SGB_E_I,2.9153109315647128,3.654229743165283,0.0250097869308848,-5.11452554166317
3SGB_E_I,2.9153109315647128,3.654229743165283,0.0250097869308848,-4.777762517333031
3SGB_E_I,2.7002253150872773,4.182241666809082,0.1018269157506817,-5.117340311408043
3SGB_E_I,2.980410064445773,4.182241666809082,0.1018269157506817,-4.832048639655113
3SGB_E_I,3.0531843227584687,4.182241666809082,0.1018269157506817,-4.691754564642906
1CHO_EFG_I,-1.3748742200579307,-0.1892351675720212,0.0915711665862825,-0.0664758682250976
1CHO_EFG_I,-1.345257383514606,-0.1892351675720212,0.0915711665862825,3.3859158754348755
1CHO_EFG_I,-1.4562363920332158,-0.1892351675720212,0.0915711665862825,2.3672337532043457
1CHO_EFG_I,0.60832609408797,-0.1892351675720212,0.0915711665862825,-0.7584218978881836
1CHO_EFG_I,-1.025653637771412,-0.1892351675720212,0.0915711665862825,1.801069259643555
1CHO_EFG_I,2.5305290199503028,-0.1892351675720212,0.0915711665862825,-0.7005009651184082
1CHO_EFG_I,2.1484804210815565,-0.1892351675720212,0.0915711665862825,-0.7245545387268066
1PPF_E_I,-1.6227082118412484,-0.7300350194488519,0.2038187253855303,2.3402650356292725
1PPF_E_I,0.3410274313974538,-0.7300350194488519,0.2038187253855303,0.176605224609375
1PPF_E_I,-2.918563968062441,-0.7300350194488519,0.2038187253855303,-1.1498126983642587
1PPF_E_I,2.6104614454661323,-0.7300350194488519,0.2038187253855303,-0.6249136924743652
1PPF_E_I,0.8594235497962587,-0.7300350194488519,0.2038187253855303,-1.760582447052002
1PPF_E_I,0.8594235497962587,-0.7300350194488519,0.2038187253855303,-0.4405941963195801
1PPF_E_I,-3.0352772819578897,-0.7300350194488519,0.2038187253855303,2.7663676738739014
1PPF_E_I,2.585418846585817,-0.7300350194488519,0.2038187253855303,-0.6979341506958008
1PPF_E_I,1.8438324797549084,-0.7300350194488519,0.2038187253855303,-0.54730224609375
1PPF_E_I,1.6535916509457786,-0.7300350194488519,0.2038187253855303,-0.1331081390380859
1PPF_E_I,1.6980880013691295,-0.7300350194488519,0.2038187253855303,-0.259467601776123
3SGB_E_I,0.3448560460004286,-0.43315861590881344,0.2156465700626738,-1.2836451530456543
3SGB_E_I,-0.2385222992543538,-0.43315861590881344,0.2156465700626738,1.3952009677886963
3SGB_E_I,0.5714033493983273,-0.43315861590881344,0.2156465700626738,-1.52994966506958
3SGB_E_I,0.5714033493983273,-0.43315861590881344,0.2156465700626738,0.8479976654052734
3SGB_E_I,0.5714033493983273,-0.43315861590881344,0.2156465700626738,1.1987779140472412
3SGB_E_I,0.5714033493983273,-0.43315861590881344,0.2156465700626738,-1.52994966506958
3SGB_E_I,0.5714033493983273,-0.43315861590881344,0.2156465700626738,0.8479976654052734
3SGB_E_I,0.5714033493983273,-0.43315861590881344,0.2156465700626738,1.1987779140472412
3SGB_E_I,0.5714033493983273,-0.43315861590881344,0.2156465700626738,-1.52994966506958
3SGB_E_I,0.5714033493983273,-0.43315861590881344,0.2156465700626738,0.8479976654052734
3SGB_E_I,0.5714033493983273,-0.43315861590881344,0.2156465700626738,1.1987779140472412
3SGB_E_I,0.7305110628541012,-0.43315861590881344,0.2156465700626738,-0.4123773574829101
3SGB_E_I,0.9493627346050356,-0.43315861590881344,0.2156465700626738,2.8299243450164795
1DAN_HL_UT,1.2811794574247422,1.7042233733795167,0.2077553514303964,-3.627561092376709
1DAN_HL_UT,0.5190814668270985,1.37646696267395,0.2414390466290807,-5.076205730438232
1DAN_HL_UT,0.0857669571426131,-0.15598805822753903,0.2896373847477395,-0.6142622232437136
1DAN_HL_UT,1.0236911367147272,0.7717353661080932,0.0147209896699078,-3.7219684720039368
1DAN_HL_UT,1.3796815744357758,0.22673366416374202,0.0510043147057082,-5.213337428867817
1DAN_HL_UT,1.9886060502579328,0.22673366416374202,0.0510043147057082,-5.884202964603901
1DAN_HL_UT,0.4377150953225113,0.4335392047576896,0.1117838762000756,-0.1440410614013672
1DAN_HL_UT,1.270026836412354,-0.06352367861560829,0.1286560323412982,-4.655046507716179
1DAN_HL_UT,0.7346847266715751,2.108652459887696,0.4386364914369818,-4.605864882469177
1DAN_HL_UT,0.5464480966557641,0.5158212153808599,0.0199653729411653,-2.2885611057281494
1DAN_HL_UT,0.6575917640219321,1.008604801467896,0.2248066609565812,-1.5138092041015634
1DAN_HL_UT,0.6447872290002378,0.3001268997406006,0.0223674550755149,-4.477320313453674
1DAN_HL_UT,1.6849856431580983,1.3466652012023927,0.0614803207381522,-3.4280269742012024
1DAN_HL_UT,2.586749464444727,1.3466652012023927,0.0614803207381522,-3.60409814119339
1DAN_HL_UT,0.1801341617209752,-0.6336689279621124,0.0059270392219392,-1.8652145862579343
1SMF_E_I,1.0191501068131246,-0.5704195138824462,0.3759272700791768,-0.1273074150085458
1SMF_E_I,1.9118665514447903,0.141308802758789,0.0313459860865973,-0.4359469413757324
1SMF_E_I,2.058861248035071,0.5863556637651062,0.0160902835667065,-5.903907097876072
1SMF_E_I,3.533402620722628,0.8083118814916992,0.1889363159891138,-4.111125409603119
1SMF_E_I,5.724672691392866,1.4813144815911865,0.0026915352897693,-4.16055303812027
1CHO_EFG_I,-0.7609444444058144,1.6902673538818358,0.0315754327847085,1.3803162574768064
1CHO_EFG_I,1.410356516395666,1.5798055780456544,0.0734639621561867,-2.763957500457764
1CHO_EFG_I,0.5843129391087918,1.6902673538818358,0.0315754327847085,-2.5088798999786377
1CHO_EFG_I,6.027306490352137,1.5798055780456544,0.0734639621561867,-2.832000494003296
1CHO_EFG_I,4.827650407215388,1.638690675189209,0.1435993974127439,-2.456670999526977
1CHO_EFG_I,0.9106777226449408,-0.6063032168395992,0.125142332215087,1.0628280639648438
1CHO_EFG_I,4.863743079541928,3.355189684320069,0.0083466420367937,-4.9054869413375854
1CHO_EFG_I,6.758692886487809,3.355189684320069,0.0083466420367937,-4.405990481376648
1CHO_EFG_I,3.5076158409337883,3.355189684320069,0.0083466420367937,-3.560268521308899
1R0R_E_I,3.000761621931168,1.5522788309936524,0.1407964775405353,-1.897598385810852
1R0R_E_I,2.7839721713853685,0.79167295970459,0.0467938859016571,-2.4776060581207275
1R0R_E_I,0.8168397868436915,0.79167295970459,0.0467938859016571,-1.2322437763214111
1R0R_E_I,0.7761807510839234,0.79167295970459,0.0467938859016571,-2.4631128311157227
1R0R_E_I,2.8039480611016767,-0.7319250267333981,0.1037811255897523,-0.8159313201904297
1R0R_E_I,2.094509964836561,-0.7319250267333981,0.1037811255897523,1.5194542407989498
3SGB_E_I,1.3452573835146062,4.182241666809082,0.1018269157506817,-4.847911104559898
3SGB_E_I,2.7782394099433976,0.15630782712097213,0.1374928185978418,-0.671048521995544
3SGB_E_I,4.398441706273075,1.000510002746582,0.1266801765746468,-1.419494390487671
3SGB_E_I,2.5036454961526418,1.000510002746582,0.1266801765746468,-1.582553148269653
3SGB_E_I,3.18460496689653,1.000510002746582,0.1266801765746468,-1.878352642059326
3SGB_E_I,6.279381612926971,3.654229743165283,0.0250097869308848,-4.906206712126732
1PPF_E_I,0.275928298516394,4.6881570976245115,0.0114737344188416,-4.328362479805946
1PPF_E_I,2.4187638654588257,1.202955523510742,0.0859012912718916,-2.3039214611053467
1PPF_E_I,2.50801365002181,4.6881570976245115,0.0114737344188416,-5.434720054268837
1PPF_E_I,1.5351835237369154,0.9307647043548584,0.1249658842029043,-2.01522159576416
1PPF_E_I,2.85411943535545,0.9307647043548584,0.1249658842029043,-2.959047079086304
1PPF_E_I,5.570955674280733,3.65488489421936,0.0,-3.721532896161079
1PPF_E_I,6.9725983795461,3.65488489421936,0.0,-5.022321537137032
5F4E_A_B,0.4084989365486279,0.18958030740814213,0.4698662491926889,-0.7071778774261475
5F4E_A_B,1.4646556504443715,0.29545262381896986,0.0963542679266864,-2.2827122211456308
5F4E_A_B,2.1069760020538584,0.29545262381896986,0.0963542679266864,-2.0343868732452397
5F4E_A_B,1.4241995776985283,-0.2390446829711914,0.106477896579081,-0.1814935207366943
5F4E_A_B,2.2473927675484067,-0.2390446829711914,0.106477896579081,0.553164005279541
5F4E_A_B,1.0546542005909838,4.0133153442016605,0.0802057593461975,-4.02911388874054
5F4E_A_B,2.9336654109516216,2.6923613058410645,0.0484754270074669,-2.266929388046264
5F4E_A_B,0.2894796160687199,0.229054262451172,0.3074003931187819,-1.574215173721314
5F4E_A_B,0.4776215839412958,0.229054262451172,0.3074003931187819,-1.367089271545411
3SF4_A_D,1.2252166036211798,-0.5565233182830811,0.0031089282762198,-3.508908987045288
1OGA_ABC_DE,1.5724963209895868,0.37320805767364496,0.0540777978046683,-1.3335181474685671
1OGA_ABC_DE,2.1612792666649274,0.37320805767364496,0.0540777978046683,-0.7447012662887573
1OGA_ABC_DE,2.1612792666649274,0.37320805767364496,0.0540777978046683,-5.28125125169754
1OGA_ABC_DE,2.1612792666649274,0.37320805767364496,0.0540777978046683,-4.184038937091827
1OGA_ABC_DE,2.1612792666649274,0.37320805767364496,0.0540777978046683,-2.198787212371827
1OGA_ABC_DE,2.1612792666649274,0.37320805767364496,0.0540777978046683,-3.451523303985596
1OGA_ABC_DE,2.1612792666649274,0.37320805767364496,0.0540777978046683,-2.121753215789795
1OGA_ABC_DE,2.1612792666649274,0.37320805767364496,0.0540777978046683,1.0758368968963623
1OGA_ABC_DE,2.1612792666649274,0.37320805767364496,0.0540777978046683,0.9806473255157476
1OGA_ABC_DE,2.1612792666649274,2.5994296673358153,0.0204258613947505,-0.7447012662887573
1OGA_ABC_DE,2.1612792666649274,2.5994296673358153,0.0204258613947505,-5.28125125169754
1OGA_ABC_DE,2.1612792666649274,2.5994296673358153,0.0204258613947505,-4.184038937091827
1OGA_ABC_DE,2.1612792666649274,2.5994296673358153,0.0204258613947505,-2.198787212371827
1OGA_ABC_DE,2.1612792666649274,2.5994296673358153,0.0204258613947505,-3.451523303985596
1OGA_ABC_DE,2.1612792666649274,2.5994296673358153,0.0204258613947505,-2.121753215789795
1OGA_ABC_DE,2.1612792666649274,2.5994296673358153,0.0204258613947505,1.0758368968963623
1OGA_ABC_DE,2.1612792666649274,2.5994296673358153,0.0204258613947505,0.9806473255157476
1OGA_ABC_DE,2.1612792666649274,2.5994296673358153,0.0204258613947505,-0.7447012662887573
1OGA_ABC_DE,2.1612792666649274,2.5994296673358153,0.0204258613947505,-5.28125125169754
1OGA_ABC_DE,2.1612792666649274,2.5994296673358153,0.0204258613947505,-4.184038937091827
1OGA_ABC_DE,2.1612792666649274,2.5994296673358153,0.0204258613947505,-2.198787212371827
1OGA_ABC_DE,2.1612792666649274,2.5994296673358153,0.0204258613947505,-3.451523303985596
1OGA_ABC_DE,2.1612792666649274,2.5994296673358153,0.0204258613947505,-2.121753215789795
1OGA_ABC_DE,2.1612792666649274,2.5994296673358153,0.0204258613947505,1.0758368968963623
1OGA_ABC_DE,2.1612792666649274,2.5994296673358153,0.0204258613947505,0.9806473255157476
1OGA_ABC_DE,2.1612792666649274,2.996648734100342,0.0069441891824888,-0.7447012662887573
1OGA_ABC_DE,2.1612792666649274,2.996648734100342,0.0069441891824888,-5.28125125169754
1OGA_ABC_DE,2.1612792666649274,2.996648734100342,0.0069441891824888,-4.184038937091827
1OGA_ABC_DE,2.1612792666649274,2.996648734100342,0.0069441891824888,-2.198787212371827
1OGA_ABC_DE,2.1612792666649274,2.996648734100342,0.0069441891824888,-3.451523303985596
1OGA_ABC_DE,2.1612792666649274,2.996648734100342,0.0069441891824888,-2.121753215789795
1OGA_ABC_DE,2.1612792666649274,2.996648734100342,0.0069441891824888,1.0758368968963623
1OGA_ABC_DE,2.1612792666649274,2.996648734100342,0.0069441891824888,0.9806473255157476
1OGA_ABC_DE,2.1612792666649274,2.996648734100342,0.0069441891824888,-0.7447012662887573
1OGA_ABC_DE,2.1612792666649274,2.996648734100342,0.0069441891824888,-5.28125125169754
1OGA_ABC_DE,2.1612792666649274,2.996648734100342,0.0069441891824888,-4.184038937091827
1OGA_ABC_DE,2.1612792666649274,2.996648734100342,0.0069441891824888,-2.198787212371827
1OGA_ABC_DE,2.1612792666649274,2.996648734100342,0.0069441891824888,-3.451523303985596
1OGA_ABC_DE,2.1612792666649274,2.996648734100342,0.0069441891824888,-2.121753215789795
1OGA_ABC_DE,2.1612792666649274,2.996648734100342,0.0069441891824888,1.0758368968963623
1OGA_ABC_DE,2.1612792666649274,2.996648734100342,0.0069441891824888,0.9806473255157476
1OGA_ABC_DE,2.1612792666649274,2.996648734100342,0.0069441891824888,-0.7447012662887573
1OGA_ABC_DE,2.1612792666649274,2.996648734100342,0.0069441891824888,-5.28125125169754
1OGA_ABC_DE,2.1612792666649274,2.996648734100342,0.0069441891824888,-4.184038937091827
1OGA_ABC_DE,2.1612792666649274,2.996648734100342,0.0069441891824888,-2.198787212371827
1OGA_ABC_DE,2.1612792666649274,2.996648734100342,0.0069441891824888,-3.451523303985596
1OGA_ABC_DE,2.1612792666649274,2.996648734100342,0.0069441891824888,-2.121753215789795
1OGA_ABC_DE,2.1612792666649274,2.996648734100342,0.0069441891824888,1.0758368968963623
1OGA_ABC_DE,2.1612792666649274,2.996648734100342,0.0069441891824888,0.9806473255157476
1OGA_ABC_DE,2.1612792666649274,-1.5999325735626222,0.0299497773871027,-0.7447012662887573
1OGA_ABC_DE,2.1612792666649274,-1.5999325735626222,0.0299497773871027,-5.28125125169754
1OGA_ABC_DE,2.1612792666649274,-1.5999325735626222,0.0299497773871027,-4.184038937091827
1OGA_ABC_DE,2.1612792666649274,-1.5999325735626222,0.0299497773871027,-2.198787212371827
1OGA_ABC_DE,2.1612792666649274,-1.5999325735626222,0.0299497773871027,-3.451523303985596
1OGA_ABC_DE,2.1612792666649274,-1.5999325735626222,0.0299497773871027,-2.121753215789795
1OGA_ABC_DE,2.1612792666649274,-1.5999325735626222,0.0299497773871027,1.0758368968963623
1OGA_ABC_DE,2.1612792666649274,-1.5999325735626222,0.0299497773871027,0.9806473255157476
1OGA_ABC_DE,2.1612792666649274,-1.5999325735626222,0.0299497773871027,-0.7447012662887573
1OGA_ABC_DE,2.1612792666649274,-1.5999325735626222,0.0299497773871027,-5.28125125169754
1OGA_ABC_DE,2.1612792666649274,-1.5999325735626222,0.0299497773871027,-4.184038937091827
1OGA_ABC_DE,2.1612792666649274,-1.5999325735626222,0.0299497773871027,-2.198787212371827
1OGA_ABC_DE,2.1612792666649274,-1.5999325735626222,0.0299497773871027,-3.451523303985596
1OGA_ABC_DE,2.1612792666649274,-1.5999325735626222,0.0299497773871027,-2.121753215789795
1OGA_ABC_DE,2.1612792666649274,-1.5999325735626222,0.0299497773871027,1.0758368968963623
1OGA_ABC_DE,2.1612792666649274,-1.5999325735626222,0.0299497773871027,0.9806473255157476
1OGA_ABC_DE,0.2008790301083782,2.996648734100342,0.0069441891824888,1.1240484118461609
1OGA_ABC_DE,1.4179274121891516,2.996648734100342,0.0069441891824888,-3.908814907073975
1OGA_ABC_DE,1.1291160731097332,0.39693752358856194,0.3230377075651973,-3.2472994327545166
1OGA_ABC_DE,0.4952149350869382,0.39693752358856194,0.3230377075651973,-1.931612253189087
1OGA_ABC_DE,0.4952149350869382,0.39693752358856194,0.3230377075651973,-0.1974493265151977
1OGA_ABC_DE,0.4952149350869382,0.39693752358856194,0.3230377075651973,0.5872802734375
1OGA_ABC_DE,0.4952149350869382,0.24996130014343265,0.057566769630515,-1.931612253189087
1OGA_ABC_DE,0.4952149350869382,0.24996130014343265,0.057566769630515,-0.1974493265151977
1OGA_ABC_DE,0.4952149350869382,0.24996130014343265,0.057566769630515,0.5872802734375
1OGA_ABC_DE,0.4952149350869382,-0.9989693131103516,0.0781457233635212,-1.931612253189087
1OGA_ABC_DE,0.4952149350869382,-0.9989693131103516,0.0781457233635212,-0.1974493265151977
1OGA_ABC_DE,0.4952149350869382,-0.9989693131103516,0.0781457233635212,0.5872802734375
1OGA_ABC_DE,0.0,0.24996130014343265,0.057566769630515,-0.8543528318405156
1OGA_ABC_DE,0.0,0.24996130014343265,0.057566769630515,1.239487171173096
1OGA_ABC_DE,0.0,0.24996130014343265,0.057566769630515,-1.6240943670272827
1OGA_ABC_DE,0.0,0.24996130014343265,0.057566769630515,-0.8543528318405156
1OGA_ABC_DE,0.0,0.24996130014343265,0.057566769630515,1.239487171173096
1OGA_ABC_DE,0.0,0.24996130014343265,0.057566769630515,-1.6240943670272827
1OGA_ABC_DE,0.0,0.7821355343780523,0.0003563467909391,-0.8543528318405156
1OGA_ABC_DE,0.0,0.7821355343780523,0.0003563467909391,1.239487171173096
1OGA_ABC_DE,0.0,0.7821355343780523,0.0003563467909391,-1.6240943670272827
1OGA_ABC_DE,0.0,0.7697595354858398,0.2224157128931626,-0.8543528318405156
1OGA_ABC_DE,0.0,0.7697595354858398,0.2224157128931626,1.239487171173096
1OGA_ABC_DE,0.0,0.7697595354858398,0.2224157128931626,-1.6240943670272827
1OGA_ABC_DE,0.6273575722964763,-0.7136158777770998,0.0472650627415428,0.4918667078018193
1OGA_ABC_DE,1.1004039808824353,0.39693752358856194,0.3230377075651973,-3.2472994327545166
1OGA_ABC_DE,0.5004655162978439,0.24996130014343265,0.057566769630515,-0.1974493265151977
1OGA_ABC_DE,0.5004655162978439,0.24996130014343265,0.057566769630515,0.5872802734375
1OGA_ABC_DE,0.5004655162978439,-0.9989693131103516,0.0781457233635212,-0.1974493265151977
1OGA_ABC_DE,0.5004655162978439,-0.9989693131103516,0.0781457233635212,0.5872802734375
4L3E_ABC_DE,1.3011671118471222,-0.9758040704681394,0.1421721801258646,1.3096472024917605
4L3E_ABC_DE,2.227332582247546,-0.7158701298309327,0.0904937567684565,-1.819727659225464
4L3E_ABC_DE,2.7835618283803383,1.297338373794556,0.0159764802285845,-1.618422269821167
4L3E_ABC_DE,0.4677886628588045,1.822743638461304,0.0608791197380387,-3.608271598815918
4L3E_ABC_DE,1.2584735016202362,-1.2410550805664062,0.0402349651735726,-1.252917766571045
4L3E_ABC_DE,1.2169732743791315,-0.25168730924682636,0.3102598156221082,0.1203887462615971
1BD2_ABC_DE,2.498113857024653,0.7525188580413817,0.0872865687998944,-1.046574592590332
1BD2_ABC_DE,1.9184703395216027,0.28703094545211794,0.058881523459788,-2.288078367710113
1BD2_ABC_DE,3.406004960249757,1.668332933505249,0.0186972200413689,-2.102148652076721
1BD2_ABC_DE,1.954634011126284,0.28703094545211794,0.058881523459788,-2.288078367710113
1BD2_ABC_DE,0.7332821814721673,1.668332933505249,0.0186972200413689,1.1231265664100647
1BD2_ABC_DE,0.2169757993043716,0.9026853597991944,0.0516494360754746,-2.250675678253174
1BD2_ABC_DE,0.5560745272102138,1.668332933505249,0.0186972200413689,1.1231265664100647
1BD2_ABC_DE,3.2750348149063373,1.668332933505249,0.0186972200413689,-2.102148652076721
1AO7_ABC_DE,0.9785620045877949,-0.5857812812675476,0.093780556212496,-3.6858139038085938
1AO7_ABC_DE,-0.7195202148617804,-0.09103604158020029,0.3610582291006635,-0.1185276508331298
1AO7_ABC_DE,0.5462668877767114,0.8695946088256838,0.4004009625978984,-0.2302212715148925
1AO7_ABC_DE,0.4342159258245971,0.8695946088256838,0.4004009625978984,-0.2302212715148925
1AO7_ABC_DE,-0.2634446970276926,-0.13459657136230385,0.2814570357357455,-1.1967267990112305
1AO7_ABC_DE,0.7006971264075582,0.25242045708923344,0.0290621038552058,0.8216390609741215
1AO7_ABC_DE,1.5365247169015912,0.522155571142578,0.0778851349232763,-1.740506649017334
1AO7_ABC_DE,1.4159561290117253,0.25242045708923344,0.0290621038552058,0.8216390609741215
1AO7_ABC_DE,-0.1666487080391641,0.522155571142578,0.0778851349232763,-3.3988354206085205
1AO7_ABC_DE,0.6991858418872311,0.25242045708923344,0.0290621038552058,0.8216390609741215
1AO7_ABC_DE,1.0225729163831998,2.1084821661865236,0.0096315587423531,-0.5680482387542725
1AO7_ABC_DE,1.532135307877149,0.784231696734619,0.0274530586142813,-0.3181774616241455
1AO7_ABC_DE,0.498223047489459,-0.02007043624877891,0.1890489071888615,0.7838187217712402
1AO7_ABC_DE,0.4114997330610461,-0.3915052811309818,0.0429774222316814,1.2600631713867183
1AO7_ABC_DE,0.4836156958029454,-0.02007043624877891,0.1890489071888615,0.7838187217712402
1AO7_ABC_DE,0.3547604625372952,-0.33469891460266155,0.353989784278011,0.6458463668823242
1AO7_ABC_DE,3.864988752345514,-0.7732204212844849,0.205784131794999,-0.3729028701782226
1AO7_ABC_DE,0.4890773594380172,-0.6624394904922482,0.0375656467858418,-0.131690502166748
4FTV_ABC_DE,-1.5788639809748826,0.02506037776489256,0.1017614709065901,-1.5717909336090092
1AO7_ABC_DE,1.1303754106242572,-0.784479810873413,0.1017373236334041,-0.4966418743133545
1AO7_ABC_DE,2.603622987364594,-0.7732204212844849,0.205784131794999,-0.3729028701782226
1AO7_ABC_DE,1.7594614944450164,0.784231696734619,0.0274530586142813,-0.3181774616241455
1AO7_ABC_DE,1.9457840009431795,0.3220353054611207,0.0667629801208311,-2.09363853931427
1AO7_ABC_DE,3.2282424931668787,0.2141418155151369,0.2714152030950879,0.1886391639709477
4FTV_ABC_DE,1.0138102902792914,-0.2501561539794923,0.0061402444360746,-1.3987653255462642
4FTV_ABC_DE,3.8250035970555936,-0.051263552444457794,0.2470410047081997,-0.1987133026123047
4FTV_ABC_DE,0.779277221981459,-0.2501561539794923,0.0061402444360746,-1.3987653255462642
1AO7_ABC_DE,2.458419788464143,0.11957197057952884,0.0074548659887493,-1.770363688468933
1AO7_ABC_DE,3.106450811673656,0.2141418155151369,0.2714152030950879,0.1886391639709477
1AO7_ABC_DE,1.6331325209576173,0.784231696734619,0.0274530586142813,-0.3181774616241455
1AO7_ABC_DE,2.021243631750095,0.47670955981445307,0.211203053689054,-1.4010243415832515
1AO7_ABC_DE,3.166114657147678,1.8123903517883302,0.1509777403648269,-1.5248432159423828
3D3V_ABC_DE,3.4120593176270644,1.9171912395019532,0.1348110391711235,-0.7602875232696529
3D3V_ABC_DE,3.4120593176270644,1.9171912395019532,0.1348110391711235,-0.7602875232696529
3D3V_ABC_DE,0.9270599604033412,1.9171912395019532,0.1348110391711235,-1.0213716030120843
1AO7_ABC_DE,1.634248866088412,0.784231696734619,0.0274530586142813,-0.3181774616241455
1AO7_ABC_DE,1.2205609389192116,0.784231696734619,0.0274530586142813,-0.3181774616241455
1AO7_ABC_DE,1.5613109306246664,0.784231696734619,0.0274530586142813,-0.3181774616241455
1AO7_ABC_DE,1.1487818054953514,0.4901579845680237,0.0047702039434808,-2.422550529241561
1AO7_ABC_DE,1.7453986089926976,0.784231696734619,0.0274530586142813,-0.3181774616241455
1AO7_ABC_DE,1.1244128606103574,0.4901579845680237,0.0047702039434808,-2.422550529241561
1AO7_ABC_DE,1.382542172237591,0.784231696734619,0.0274530586142813,-0.3181774616241455
1AO7_ABC_DE,1.197213556028091,0.4901579845680237,0.0047702039434808,-2.422550529241561
1AO7_ABC_DE,1.6312197716435202,0.784231696734619,0.0274530586142813,-0.3181774616241455
1AO7_ABC_DE,0.779277221981459,0.11957197057952884,0.0074548659887493,-2.8561185598373413
1AO7_ABC_DE,0.0646663653808644,0.94688501171875,0.2698418510758668,-1.6286306381225586
4JFF_ABC_DE,7.319559526108369,-0.03606580553893979,0.0098526983413876,1.4883918762207031
4JFF_ABC_DE,6.515296898776146,2.7427935323413086,0.0422124982366205,-3.158293455839157
4JFF_ABC_DE,6.426746198757867,-0.166924538398743,0.0,-3.4372200965881348
4JFF_ABC_DE,6.196110354356413,0.15674663253173815,0.0252643910099856,-1.0114996433258057
4JFF_ABC_DE,6.53152220613874,-0.3367245184173586,0.0391572333998921,0.4337196350097656
1AO7_ABC_DE,1.0035170016265142,0.24047523825408934,0.0287366956822372,-4.445711314678192
1BD2_ABC_DE,0.9298266052320494,1.668332933505249,0.0186972200413689,1.1231265664100647
1BD2_ABC_DE,1.92771179908418,1.668332933505249,0.0186972200413689,-1.8263875246047971
1BD2_ABC_DE,0.4708883629971625,0.9026853597991944,0.0516494360754746,-2.250675678253174
1AO7_ABC_DE,1.595650528763872,0.784231696734619,0.0274530586142813,-0.3181774616241455
1AO7_ABC_DE,0.888625554578018,0.784231696734619,0.0274530586142813,0.0004005432128906
1AO7_ABC_DE,0.532437119339561,2.1084821661865236,0.0096315587423531,-0.5680482387542725
1MI5_ABC_DE,0.5873124986178563,0.48031171015624996,0.0647981244567345,-3.3504918813705444
1MI5_ABC_DE,0.4494311457967245,-1.551043465542603,0.0100517664012429,0.049783706665039
1MI5_ABC_DE,1.11677925939132,0.22726556585998559,0.0640113525166194,0.2746844291687011
1MI5_ABC_DE,-0.558215710930717,-0.7638078231353758,0.3138513847193288,-0.1939959526062011
1MI5_ABC_DE,0.4817991292580521,-0.37146208999328634,0.395488695885133,0.2615463733673095
1MI5_ABC_DE,0.7637925762475256,-0.9010188750644683,0.0535093843791749,-2.810560822486877
1MI5_ABC_DE,0.9425723885647485,1.4033145560546876,0.2364531585568865,-2.439098119735718
1MI5_ABC_DE,0.8268374985541865,0.05585858875427263,0.0886142934352134,-1.0961461067199707
1MI5_ABC_DE,0.2929525214995884,-0.7268300591735839,0.1281123449010431,0.001673936843872
1MI5_ABC_DE,-0.0703420269613176,1.0628593159057615,0.0414068873538897,-0.4970297813415523
1MI5_ABC_DE,-0.4326760907857468,-0.2298390433166504,0.0940823086665206,-0.1013369560241694
1MI5_ABC_DE,0.81857154837707,0.3835186828277588,0.3413471544070367,0.9860143661499025
1MI5_ABC_DE,0.1158120428571045,-0.05523867479553157,0.4419371807134071,-0.0493521690368652
2AK4_ABC_DE,1.403360330923035,-0.02423357551574723,0.0097721689666497,-1.1303908824920654
2AK4_ABC_DE,1.403360330923035,-0.02423357551574723,0.0097721689666497,-1.1665724515914917
2AK4_ABC_DE,1.403360330923035,-0.02423357551574723,0.0097721689666497,-3.3421157598495483
2AK4_ABC_DE,1.403360330923035,-0.02423357551574723,0.0097721689666497,2.4292708039283752
2AK4_ABC_DE,1.403360330923035,-0.02423357551574723,0.0097721689666497,-3.0723109245300293
2AK4_ABC_DE,1.403360330923035,-0.02423357551574723,0.0097721689666497,-4.230437129735947
2AK4_ABC_DE,1.403360330923035,-0.02423357551574723,0.0097721689666497,-2.800771117210388
2AK4_ABC_DE,1.403360330923035,-0.02423357551574723,0.0097721689666497,-5.16999377310276
2AK4_ABC_DE,1.403360330923035,-0.02423357551574723,0.0097721689666497,1.333360195159912
2AK4_ABC_DE,1.403360330923035,2.0887296998962395,0.0313066731172758,-1.1303908824920654
2AK4_ABC_DE,1.403360330923035,2.0887296998962395,0.0313066731172758,-1.1665724515914917
2AK4_ABC_DE,1.403360330923035,2.0887296998962395,0.0313066731172758,-3.3421157598495483
2AK4_ABC_DE,1.403360330923035,2.0887296998962395,0.0313066731172758,2.4292708039283752
2AK4_ABC_DE,1.403360330923035,2.0887296998962395,0.0313066731172758,-3.0723109245300293
2AK4_ABC_DE,1.403360330923035,2.0887296998962395,0.0313066731172758,-4.230437129735947
2AK4_ABC_DE,1.403360330923035,2.0887296998962395,0.0313066731172758,-2.800771117210388
2AK4_ABC_DE,1.403360330923035,2.0887296998962395,0.0313066731172758,-5.16999377310276
2AK4_ABC_DE,1.403360330923035,2.0887296998962395,0.0313066731172758,1.333360195159912
2AK4_ABC_DE,1.403360330923035,-0.627643291946411,0.0056771109850107,-1.1303908824920654
2AK4_ABC_DE,1.403360330923035,-0.627643291946411,0.0056771109850107,-1.1665724515914917
2AK4_ABC_DE,1.403360330923035,-0.627643291946411,0.0056771109850107,-3.3421157598495483
2AK4_ABC_DE,1.403360330923035,-0.627643291946411,0.0056771109850107,2.4292708039283752
2AK4_ABC_DE,1.403360330923035,-0.627643291946411,0.0056771109850107,-3.0723109245300293
2AK4_ABC_DE,1.403360330923035,-0.627643291946411,0.0056771109850107,-4.230437129735947
2AK4_ABC_DE,1.403360330923035,-0.627643291946411,0.0056771109850107,-2.800771117210388
2AK4_ABC_DE,1.403360330923035,-0.627643291946411,0.0056771109850107,-5.16999377310276
2AK4_ABC_DE,1.403360330923035,-0.627643291946411,0.0056771109850107,1.333360195159912
2AK4_ABC_DE,1.403360330923035,0.979508832373047,0.0,-1.1303908824920654
2AK4_ABC_DE,1.403360330923035,0.979508832373047,0.0,-1.1665724515914917
2AK4_ABC_DE,1.403360330923035,0.979508832373047,0.0,-3.3421157598495483
2AK4_ABC_DE,1.403360330923035,0.979508832373047,0.0,2.4292708039283752
2AK4_ABC_DE,1.403360330923035,0.979508832373047,0.0,-3.0723109245300293
2AK4_ABC_DE,1.403360330923035,0.979508832373047,0.0,-4.230437129735947
2AK4_ABC_DE,1.403360330923035,0.979508832373047,0.0,-2.800771117210388
2AK4_ABC_DE,1.403360330923035,0.979508832373047,0.0,-5.16999377310276
2AK4_ABC_DE,1.403360330923035,0.979508832373047,0.0,1.333360195159912
2AK4_ABC_DE,1.403360330923035,0.08557977858779908,0.2355437842570769,-1.1303908824920654
2AK4_ABC_DE,1.403360330923035,0.08557977858779908,0.2355437842570769,-1.1665724515914917
2AK4_ABC_DE,1.403360330923035,0.08557977858779908,0.2355437842570769,-3.3421157598495483
2AK4_ABC_DE,1.403360330923035,0.08557977858779908,0.2355437842570769,2.4292708039283752
2AK4_ABC_DE,1.403360330923035,0.08557977858779908,0.2355437842570769,-3.0723109245300293
2AK4_ABC_DE,1.403360330923035,0.08557977858779908,0.2355437842570769,-4.230437129735947
2AK4_ABC_DE,1.403360330923035,0.08557977858779908,0.2355437842570769,-2.800771117210388
2AK4_ABC_DE,1.403360330923035,0.08557977858779908,0.2355437842570769,-5.16999377310276
2AK4_ABC_DE,1.403360330923035,0.08557977858779908,0.2355437842570769,1.333360195159912
2AK4_ABC_DE,1.403360330923035,-0.01575577321838384,0.0062728180578216,-1.1303908824920654
2AK4_ABC_DE,1.403360330923035,-0.01575577321838384,0.0062728180578216,-1.1665724515914917
2AK4_ABC_DE,1.403360330923035,-0.01575577321838384,0.0062728180578216,-3.3421157598495483
2AK4_ABC_DE,1.403360330923035,-0.01575577321838384,0.0062728180578216,2.4292708039283752
2AK4_ABC_DE,1.403360330923035,-0.01575577321838384,0.0062728180578216,-3.0723109245300293
2AK4_ABC_DE,1.403360330923035,-0.01575577321838384,0.0062728180578216,-4.230437129735947
2AK4_ABC_DE,1.403360330923035,-0.01575577321838384,0.0062728180578216,-2.800771117210388
2AK4_ABC_DE,1.403360330923035,-0.01575577321838384,0.0062728180578216,-5.16999377310276
2AK4_ABC_DE,1.403360330923035,-0.01575577321838384,0.0062728180578216,1.333360195159912
2AK4_ABC_DE,1.403360330923035,-0.001707830683422104,0.0653921645792352,-1.1303908824920654
2AK4_ABC_DE,1.403360330923035,-0.001707830683422104,0.0653921645792352,-1.1665724515914917
2AK4_ABC_DE,1.403360330923035,-0.001707830683422104,0.0653921645792352,-3.3421157598495483
2AK4_ABC_DE,1.403360330923035,-0.001707830683422104,0.0653921645792352,2.4292708039283752
2AK4_ABC_DE,1.403360330923035,-0.001707830683422104,0.0653921645792352,-3.0723109245300293
2AK4_ABC_DE,1.403360330923035,-0.001707830683422104,0.0653921645792352,-4.230437129735947
2AK4_ABC_DE,1.403360330923035,-0.001707830683422104,0.0653921645792352,-2.800771117210388
2AK4_ABC_DE,1.403360330923035,-0.001707830683422104,0.0653921645792352,-5.16999377310276
2AK4_ABC_DE,1.403360330923035,-0.001707830683422104,0.0653921645792352,1.333360195159912
2AK4_ABC_DE,1.403360330923035,0.20474890791626033,0.027708024315314,-1.1303908824920654
2AK4_ABC_DE,1.403360330923035,0.20474890791626033,0.027708024315314,-1.1665724515914917
2AK4_ABC_DE,1.403360330923035,0.20474890791626033,0.027708024315314,-3.3421157598495483
2AK4_ABC_DE,1.403360330923035,0.20474890791626033,0.027708024315314,2.4292708039283752
2AK4_ABC_DE,1.403360330923035,0.20474890791626033,0.027708024315314,-3.0723109245300293
2AK4_ABC_DE,1.403360330923035,0.20474890791626033,0.027708024315314,-4.230437129735947
2AK4_ABC_DE,1.403360330923035,0.20474890791626033,0.027708024315314,-2.800771117210388
2AK4_ABC_DE,1.403360330923035,0.20474890791626033,0.027708024315314,-5.16999377310276
2AK4_ABC_DE,1.403360330923035,0.20474890791626033,0.027708024315314,1.333360195159912
2AK4_ABC_DE,0.2086792948179881,0.1407508372772217,0.3461546472487268,-2.123095750808716
2AK4_ABC_DE,0.822526318997111,2.7307250547576905,0.0043230502237239,-3.646663427352905
2AK4_ABC_DE,0.8381110782466282,0.6452230870666504,0.1910768088485855,0.1648919582366939
2AK4_ABC_DE,0.2348094162249612,-0.04301290270690927,0.1703675878514692,-0.4581370353698728
2AK4_ABC_DE,0.873197297712221,0.7410290264511108,0.0,-2.755339026451111
2AK4_ABC_DE,1.0959006384745251,-0.05194448173595431,0.026344376511513,-4.12470942735672
1AO7_ABC_DE,2.6797201853789505,0.2141418155151369,0.2714152030950879,0.1886391639709477
1AO7_ABC_DE,1.790082129297087,0.5992965944824218,0.0198945610741784,-1.89332914352417
1AO7_ABC_DE,1.3952354914325944,0.7717821912963867,0.0163844371886564,-1.54825758934021
1AO7_ABC_DE,0.7258507794883912,-0.6624394904922482,0.0375656467858418,-0.131690502166748
1AO7_ABC_DE,0.8767945727185714,-0.7732204212844849,0.205784131794999,-0.3729028701782226
1AO7_ABC_DE,1.1996707656648482,0.2760409009399414,0.0496988022781582,-0.5387492179870605
2BNR_ABC_DE,1.8543791500946027,1.5263162125427248,0.0,-2.4795904755592346
2BNR_ABC_DE,0.5306513857981187,0.4124050369598389,0.2883498600624979,0.1784384250640869
2BNR_ABC_DE,0.6717894365708152,1.3810797002868649,0.0927921528549497,-2.149484634399414
2BNR_ABC_DE,0.6240915557948936,0.040051056776428284,0.2777755419339662,-1.9135234355926516
2BNR_ABC_DE,0.7365584072837913,-0.6071557699157717,0.0447331243942207,-2.1189041137695312
2BNR_ABC_DE,0.532913081759777,0.5406060533782959,0.2575814360133145,-1.7669403553009038
1AO7_ABC_DE,3.1541818794532324,0.2141418155151369,0.2714152030950879,0.1886391639709477
1AO7_ABC_DE,3.1541818794532324,0.2141418155151369,0.2714152030950879,-1.89332914352417
1AO7_ABC_DE,3.1541818794532324,0.2141418155151369,0.2714152030950879,-1.3639507293701172
1AO7_ABC_DE,3.1541818794532324,0.5992965944824218,0.0198945610741784,0.1886391639709477
1AO7_ABC_DE,3.1541818794532324,0.5992965944824218,0.0198945610741784,-1.89332914352417
1AO7_ABC_DE,3.1541818794532324,0.5992965944824218,0.0198945610741784,-1.3639507293701172
1AO7_ABC_DE,-0.1544272542912561,-0.015117325004577742,0.5358041078322393,-2.3636753559112558
1AO7_ABC_DE,-0.3025041265189667,0.10387417914733899,0.4021167363425823,-1.31028151512146
1AO7_ABC_DE,0.361387555139939,-0.10776963225555414,0.3549514786728109,-0.0727224349975586
1AO7_ABC_DE,0.3118511226168923,1.2352811842208866,0.1261628058697134,-4.186128914356232
1AO7_ABC_DE,0.5290010735192735,-0.6624394904922482,0.0375656467858418,-0.131690502166748
1AO7_ABC_DE,1.4509882759774906,-0.7732204212844849,0.205784131794999,-0.3729028701782226
1AO7_ABC_DE,1.425482053238427,0.2760409009399414,0.0496988022781582,-0.5387492179870605
1OGA_ABC_DE,-0.4593644022319368,0.3384933667755128,0.1479792447319918,0.9843577146530152
1OGA_ABC_DE,0.8482395846515841,-0.8200281414260864,0.0018830951234285,-0.4685530662536621
1OGA_ABC_DE,0.7107377554561187,0.2808489685211182,0.2751596663376665,0.8316274881362913
1OGA_ABC_DE,0.8717732776505183,1.445953569354248,0.2474712089150814,-0.7746493816375732
1OGA_ABC_DE,0.4483421050673344,-1.1832346735351558,0.0585283991113022,-1.039750576019287
1OGA_ABC_DE,1.392984914662296,0.2622011918243409,8.804501065769115e-05,-3.2245751619339
1OGA_ABC_DE,0.612116355456516,-0.1868175960388183,0.2420616251241292,0.2628573179244993
1OGA_ABC_DE,0.4888492883114545,-0.4142398893218995,0.0446156253311769,0.5420932769775391
4MNQ_ABC_DE,4.933426404666148,-0.3715240757873537,0.0182510972037124,0.1467773914337158
4MNQ_ABC_DE,4.14712203343936,2.1247811512268067,0.0253920310462841,-0.8872504234313965
1AO7_ABC_DE,1.3635602050590228,-0.5857812812675476,0.093780556212496,-4.286590099334717
1AO7_ABC_DE,1.3635602050590228,-0.5857812812675476,0.093780556212496,-1.0273160934448242
1AO7_ABC_DE,-0.1992543742942903,0.8695946088256838,0.4004009625978984,-2.0385942459106445
1AO7_ABC_DE,0.5426151598260328,-0.6648394991119386,0.0883953607218683,0.1325187683105468
1AO7_ABC_DE,0.5426151598260328,-0.6648394991119386,0.0883953607218683,-1.502185344696045
1AO7_ABC_DE,0.5426151598260328,-0.6648394991119386,0.0883953607218683,0.1325187683105468
1AO7_ABC_DE,0.5426151598260328,-0.6648394991119386,0.0883953607218683,-1.502185344696045
1AO7_ABC_DE,-0.2794589356494454,-0.6648394991119386,0.0883953607218683,-0.9510016441345216
1AO7_ABC_DE,-0.4666320143451124,-0.6648394991119386,0.0883953607218683,1.0748426914215088
1AO7_ABC_DE,-0.5184409187140231,-0.6648394991119386,0.0883953607218683,0.3033466339111328
1AO7_ABC_DE,2.3166478875015506,-0.6648394991119386,0.0883953607218683,0.5898883342742924
1AO7_ABC_DE,2.3166478875015506,-0.6648394991119386,0.0883953607218683,-2.552313804626465
1AO7_ABC_DE,2.3166478875015506,0.5565760022857664,0.0237356948080535,0.5898883342742924
1AO7_ABC_DE,2.3166478875015506,0.5565760022857664,0.0237356948080535,-2.552313804626465
1AO7_ABC_DE,-0.7588904411259324,-0.6648394991119386,0.0883953607218683,0.3985440731048584
1AO7_ABC_DE,0.7129766491354615,0.522155571142578,0.0778851349232763,-1.6747198104858398
1AO7_ABC_DE,0.9530876824425276,-0.784479810873413,0.1017373236334041,0.1469111442565918
1AO7_ABC_DE,0.0,0.5565760022857664,0.0237356948080535,0.2552367448806762
1AO7_ABC_DE,-0.3119793154245799,0.16895508208313004,0.2572271141810967,-1.458268165588379
1AO7_ABC_DE,-0.3119793154245799,0.16895508208313004,0.2572271141810967,-2.6437741816043854
1AO7_ABC_DE,-0.3119793154245799,-0.019622550085792584,0.0140463450229562,-1.458268165588379
1AO7_ABC_DE,-0.3119793154245799,-0.019622550085792584,0.0140463450229562,-2.6437741816043854
1AO7_ABC_DE,-1.0905414464885976,1.393305582009888,0.0008952120524022,1.768938660621643
1AO7_ABC_DE,0.3078633185048941,0.8695946088256838,0.4004009625978984,1.4193875789642334
1AO7_ABC_DE,0.4495319521077689,1.393305582009888,0.0008952120524022,-3.5899863243103027
1AO7_ABC_DE,-1.9408160388912583,0.94688501171875,0.2698418510758668,-2.39022159576416
3BX1_A_C,1.7812266906915974,3.780954892520752,0.0,-5.246244013309479
3BX1_A_C,1.2982354886678278,3.780954892520752,0.0,-4.71395069360733
3BX1_A_C,2.837278038552877,-0.23316204480667113,0.0166152580344624,-4.574643790721893
3SZK_AB_C,2.7573950923733994,1.709689257458496,0.2354245954236347,-2.5178080797195435
3SZK_AB_C,2.8309533180259474,0.3572417859680175,0.0264787606406442,-3.145550847053528
3SZK_AB_C,2.1066916021524027,-0.21732802893066427,0.3941009853370757,2.9713313579559326
3SZK_AB_C,2.0892398074152148,3.7403644556762696,0.0377711817503261,-2.163662552833557
3SZK_AB_C,1.4373601088322667,0.22299774240951536,0.2256191421796244,-3.117725759744644
4HRN_A_D,2.5972166665878498,0.8241618940368652,0.0726851286563563,-4.7391437292099
4HRN_A_D,0.8027224790705876,0.520428481156006,0.0021245155436864,-1.4794052243232727
4HRN_A_D,2.8106652758248662,0.9645064821472169,0.0,-3.314245104789734
4HRN_A_D,2.4594608435335474,1.8032353089874267,0.2207436920692921,-3.738678932189941
3Q8D_A_E,1.3227035460462468,0.23955074315948477,0.283305681982666,-1.2602503299713137
3Q8D_A_E,3.029624536637012,0.23955074315948477,0.283305681982666,-0.4550182819366455
3Q8D_A_E,3.029624536637012,0.23955074315948477,0.283305681982666,-2.9204163551330566
3Q8D_A_E,3.029624536637012,0.23955074315948477,0.283305681982666,-0.3866090774536133
3Q8D_A_E,3.029624536637012,-0.1521317912017821,0.1102727735377219,-0.4550182819366455
3Q8D_A_E,3.029624536637012,-0.1521317912017821,0.1102727735377219,-2.9204163551330566
3Q8D_A_E,3.029624536637012,-0.1521317912017821,0.1102727735377219,-0.3866090774536133
3Q8D_A_E,3.029624536637012,-0.04529090370483413,0.0003846824980602,-0.4550182819366455
3Q8D_A_E,3.029624536637012,-0.04529090370483413,0.0003846824980602,-2.9204163551330566
3Q8D_A_E,3.029624536637012,-0.04529090370483413,0.0003846824980602,-0.3866090774536133
3Q8D_A_E,0.3025041265189667,-0.1521317912017821,0.1102727735377219,1.2677545547485354
1XGU_AB_C,1.861769769398863,0.9833826874267579,0.0,-1.1126885414123535
1XGU_AB_C,1.8004543592374336,0.9833826874267579,0.0,-1.0599479675292969
1XGU_AB_C,2.9080818496831817,0.9833826874267579,0.0,-1.4695415496826172
1XGU_AB_C,4.060660828476691,0.9833826874267579,0.0,2.0535730123519897
1XGQ_AB_C,-2.9080818496831817,-0.4587257225189205,0.0123210609750353,0.2949485778808585
1XGQ_AB_C,-1.0463120802843189,-0.4587257225189205,0.0123210609750353,-0.4341421127319345
1XGQ_AB_C,-1.1076274904457482,-0.4587257225189205,0.0123210609750353,0.533818244934082
1XGQ_AB_C,1.1525789787935092,-0.4587257225189205,0.0123210609750353,2.428484559059143
1XGR_AB_C,-1.8004543592374336,0.9466733654235839,0.0,-0.351643562316895
1XGR_AB_C,1.1076274904457482,0.9466733654235839,0.0,-1.0124468803405766
1XGR_AB_C,2.2602064692392574,0.9466733654235839,0.0,1.850645303726196
1XGT_AB_C,-1.8617697693988629,0.1044988203491215,0.0,0.8937456607818604
1XGT_AB_C,1.0463120802843189,0.1044988203491215,0.0,-0.7243165969848633
1XGT_AB_C,2.198891059077828,0.1044988203491215,0.0,2.982621669769287
3AAA_AB_C,2.4452810315624727,0.30582498699646,0.1136248824384665,-0.4372782707214355
3AAA_AB_C,3.3906363229493386,0.30582498699646,0.1136248824384665,1.4973479509353638
3AAA_AB_C,2.99519442174352,0.405988097958374,0.0170370634768612,-2.505627751350403
3AAA_AB_C,3.93229070011822,0.405988097958374,0.0170370634768612,-3.4273515939712524
3AAA_AB_C,2.2071155180453785,1.8447399437011718,0.384715047603061,-3.3010387420654297
3AAA_AB_C,3.502234803289464,1.8447399437011718,0.384715047603061,-2.8903980255126958
3AAA_AB_C,3.330200571862061,3.6876928875,0.0246584615996277,-3.1155121326446533
3AAA_AB_C,5.036890053552191,-0.26377528837585507,0.0186926059791154,0.0186986923217777
3AAA_AB_C,1.9322020968794829,0.020637467456054992,0.1434281793861613,1.1413466930389409
3AAA_AB_C,4.022045034385506,0.020637467456054992,0.1434281793861613,0.1621043682098388
3BT1_A_U,0.1737977380399379,0.22551180812072769,0.1397295252141301,0.493588924407959
3BT1_A_U,0.1737977380399379,0.22551180812072769,0.1397295252141301,0.9266171455383292
3BT1_A_U,0.1737977380399379,0.22551180812072769,0.1397295252141301,-4.494319498538971
3BT1_A_U,0.1737977380399379,0.22551180812072769,0.1397295252141301,-1.059690237045288
3BT1_A_U,0.1737977380399379,0.22551180812072769,0.1397295252141301,0.2242913246154785
3BT1_A_U,0.1737977380399379,0.22551180812072769,0.1397295252141301,0.3725827932357786
3BT1_A_U,0.2608626880579109,-0.001939579746475295,0.2259347208577116,-4.891521319746971
3BT1_A_U,0.2608626880579109,-0.001939579746475295,0.2259347208577116,-0.758554220199585
3BT1_A_U,0.2608626880579109,-0.001939579746475295,0.2259347208577116,-0.7347967624664307
3BT1_A_U,0.2608626880579109,-0.001939579746475295,0.2259347208577116,0.2473058700561519
3BT1_A_U,0.2608626880579109,-0.001939579746475295,0.2259347208577116,-0.5318770408630371
3BT1_A_U,0.999454237930254,-0.3298671225097656,0.0718653550880064,-0.867944717407227
3BT1_A_U,0.8951140882874058,0.9542778238708496,0.0022324823291385,-1.4669605493545528
3BT1_A_U,0.7035399908517378,1.2313910560272217,0.000712678528399,-4.157453894615173
3BT1_A_U,0.3074676070127925,0.5946129497024537,0.117064565600337,-0.2472968101501464
3BT1_A_U,0.3074676070127925,0.5946129497024537,0.117064565600337,-3.434124708175659
3BT1_A_U,0.3074676070127925,0.5946129497024537,0.117064565600337,-1.2061035633087158
3BT1_A_U,0.3710489662631055,0.35336420417480463,0.1736878143098961,-2.026816129684448
3BT1_A_U,0.5128980834143204,0.6653940770843509,0.2642072554429873,-1.146686553955078
3BT1_A_U,0.8557197959106441,0.5894237777835083,0.034714195681195,-3.7060275077819824
3BT1_A_U,0.8557197959106441,0.5894237777835083,0.034714195681195,-4.855309143662453
3BT1_A_U,0.6311675639260735,-0.3418731561096191,0.0984363704626954,0.6665127277374268
3BT1_A_U,0.8729304278708869,0.9190525991821289,0.0386902895577287,-2.3397011756896973
3BT1_A_U,1.0918021206051756,0.1333615737545777,0.0021245751258542,-2.697287678718567
3BT1_A_U,0.4098800627344695,0.35475501082458494,0.2556411745525311,-0.92091691493988
3BT1_A_U,0.4098800627344695,0.35475501082458494,0.2556411745525311,-0.3762645721435551
3BT1_A_U,0.4098800627344695,0.35475501082458494,0.2556411745525311,-4.566816926002502
3BT1_A_U,0.6480455762515638,-0.701471961039734,0.0824115624023176,-2.846243143081665
3BT1_A_U,1.3532036802006713,1.4957790821350092,4.421736579200966e-06,-4.6915989220142365
3BT1_A_U,0.2923433630457455,-1.7690782421600342,0.272866039506807,-2.899450123310089
3BT1_A_U,0.2923433630457455,-1.7690782421600342,0.272866039506807,-0.3300037384033203
3BT1_A_U,0.7746343660169075,0.44805117289123597,0.0182813781657339,-0.515984296798706
3BT1_A_U,0.7746343660169075,0.44805117289123597,0.0182813781657339,-3.3069806098938
3BT1_A_U,0.6093578736129158,-0.39830108211669923,0.3190843875964161,-0.4876823425292973
3BT1_A_U,1.2736824855139126,1.7758511775543213,0.1230044107323424,-1.879682719707489
3BT1_A_U,1.0304558913733406,-0.044165337234497226,0.0929750437889364,-1.1822857856750495
3BT1_A_U,0.7110530067665946,-0.26411914227905164,0.0370121742233236,-0.4940035343170166
3BT1_A_U,1.6337906568727276,0.564921107927246,0.000497002080822,-4.86018630862236
3BT1_A_U,0.5866993470197287,0.08380519488525406,0.1394318662321685,-1.6289945840835571
3BT1_A_U,1.010716690711439,-0.27722288088989266,0.0492059037535543,-0.570481538772583
3BT1_A_U,1.010716690711439,-0.27722288088989266,0.0492059037535543,0.975460171699524
3BT1_A_U,0.733027337446974,-0.11609508400115964,0.0013445848331845,-1.8949816226959229
3BT1_A_U,0.733027337446974,-0.11609508400115964,0.0013445848331845,-3.2878459692001343
3BT1_A_U,0.2013107611853571,0.02066993806762696,0.1133487408528066,1.0896227359771729
3BT1_A_U,0.2013107611853571,0.02066993806762696,0.1133487408528066,-2.96639096736908
3BT1_A_U,0.2013107611853571,0.02066993806762696,0.1133487408528066,-0.041018247604371
3BT1_A_U,0.2013107611853571,0.02066993806762696,0.1133487408528066,-4.106606662273407
3BT1_A_U,0.2013107611853571,0.02066993806762696,0.1133487408528066,-1.029792308807373
3LB6_A_C,5.811821878992469,1.2911709106018066,0.0306167712001664,-5.303234905004501
3LB6_A_C,2.544131860901994,1.0984470230596923,0.2596619197293779,-2.374724805355072
3LB6_A_C,5.115015153850582,1.541584384884644,0.0188474338624505,-4.054927468299867
3UIG_A_P,0.6464568028274204,0.29277256165161214,0.0855303904997205,-0.0386183261871337
3UIG_A_P,0.4463736156997277,-0.06070207763671864,0.2575874087209653,-2.2246334552764893
3UIG_A_P,1.7577731492591928,0.3798900086059569,0.0686097793450688,-1.0614910125732422
4CVW_A_C,1.220747249027025,0.3764459987548827,0.1165095601220984,-1.6311852931976325
4CVW_A_C,3.0463069545377777,0.3764459987548827,0.1165095601220984,-2.1473464965820312
4CVW_A_C,1.8279050023298664,0.7265928253417968,0.07722204917812,-3.2519752979278564
4CVW_A_C,2.076536854194484,0.3723532605743407,0.1273695118076618,-0.9639234542846676
4CVW_A_C,1.4900359409107835,0.3723532605743407,0.1273695118076618,-2.5424165725708003
4CVW_A_C,4.9186338685084285,1.4538883885314942,0.0041062135124576,-3.913833141326904
4B0M_A_BM,1.9149198716922284,0.983152465279541,0.0843881765396628,-3.031883791089058
4B0M_A_BM,1.993392279918669,0.983152465279541,0.0843881765396628,-4.344681814312935
4B0M_A_BM,1.652199796262295,0.26088935187408446,0.0911358438971349,-3.8322789072990417
4B0M_A_BM,0.4297323233014471,3.3447139268804933,0.0515661710094489,-4.552213668823242
3M62_A_B,0.8293449970337587,0.7085156064880369,0.2777695654196798,-1.2854247093200684
3M62_A_B,2.7987469340477555,0.6174688691009522,0.0942829194567621,-2.652752161026001
3M62_A_B,2.827996665486802,0.8118471713378903,0.1069939846377668,-2.1508798599243164
3M62_A_B,1.051103127064922,-0.010344488824463038,0.3029773012806337,-0.4412093162536616
3M62_A_B,0.7883393789778633,0.33489462330017084,0.353588971309164,-1.924054622650147
3M62_A_B,1.2643252931128433,2.721806637738037,0.0003758966254769,-5.463534466922283
3M62_A_B,4.475213808421575,0.3513371638471985,0.0030880772051471,-5.195547968149185
3M62_A_B,0.9955214040992232,0.9567563746948244,0.250980893952602,-0.2323012351989746
3M62_A_B,2.882489030954668,1.9031992080139162,0.0103883000382296,-4.187770843505859
3M62_A_B,1.278166680183457,-0.07336428280639584,0.1195207460109406,-0.295360565185546
3M62_A_B,1.0899489635249175,1.39929808937378,0.2516714769381007,-3.0894092321395874
3M62_A_B,1.0539639378112842,1.3196074084381104,0.3320983588134715,-2.833195090293885
3M62_A_B,1.1376589903494456,0.33075504466247585,0.1157277683922292,-1.4736618995666504
3M62_A_B,0.680817747649017,1.6136605980133059,0.0548204030208305,-2.277816772460937
3M63_A_B,2.233205556064364,0.21426247387390118,0.1199864265871121,-1.858893632888794
3M63_A_B,0.5761627410919993,-0.20405615653991704,0.0458475675166041,1.1857941150665283
3M63_A_B,0.3461964813227925,-0.2850880619506837,0.2317866654961414,-0.6259095668792725
3M63_A_B,-0.1852097633064093,0.17830349385070798,0.3111652625268641,-1.9933903217315676
3M63_A_B,3.6489417107197912,0.326561327991333,4.190450382433428e-05,-4.947717785835266
3M63_A_B,1.838115370315378,1.7871772795837397,0.0052886281409831,-3.3021061420440674
3M63_A_B,1.0886046118174872,1.8166203303344726,0.0810352911765057,-2.9410719871521
3M63_A_B,1.7907151455762835,0.17709597909088104,0.0343278432697573,-2.921085357666016
3SEK_B_C,2.8859827677716123,-0.10474495992736799,0.1086373371521639,-0.8860538005828857
3SEK_B_C,4.453752913054468,-0.22571709363403336,0.2854895267191319,0.4999890327453611
3SEK_B_C,4.453752913054468,-0.22571709363403336,0.2854895267191319,-0.6138696670532227
3SEK_B_C,4.453752913054468,1.5848808059570314,0.3300709422824573,0.4999890327453611
3SEK_B_C,4.453752913054468,1.5848808059570314,0.3300709422824573,-0.6138696670532227
3SEK_B_C,2.6797201853789505,-0.22571709363403336,0.2854895267191319,-0.2209389209747314
3SEK_B_C,2.22839100374968,1.5848808059570314,0.3300709422824573,-0.812870979309082
3HH2_AB_C,0.6840837641505998,1.7844053667724609,0.1637666872400189,-1.921791672706604
3HH2_AB_C,0.7129766491354614,1.890199923318481,0.0230601814133685,-2.0606975555419926
3HH2_AB_C,0.7129766491354614,1.890199923318481,0.0230601814133685,-1.207233190536499
3HH2_AB_C,0.7129766491354614,-0.326640105892944,0.166873445694543,-2.0606975555419926
3HH2_AB_C,0.7129766491354614,-0.326640105892944,0.166873445694543,-1.207233190536499
3HH2_AB_C,0.8618017042457655,-0.326640105892944,0.166873445694543,-0.5535061359405518
3HH2_AB_C,0.8162264013601377,1.5444921849438482,0.0427220893085584,-4.780009686946869
3HH2_AB_C,1.324714368599027,1.890199923318481,0.0230601814133685,-1.814985752105713
3HH2_AB_C,1.2722742268622604,1.5444921849438482,0.0427220893085584,-3.969848096370697
3B4V_AB_C,0.8209450452329897,0.4556224209289552,0.1465740990081821,0.0387558937072753
3B4V_AB_C,4.131537274189843,1.861743553527832,0.0,-5.048656091094017
3B4V_AB_C,3.879462466854863,1.9563998987060547,0.1495558425123634,-2.38090181350708
3B4V_AB_C,4.090680615177067,1.6580760916894532,0.0011521818393364,-5.399838730692864
3B4V_AB_C,3.5789691628886766,1.861743553527832,0.0,-4.788525685667992
3B4V_AB_C,3.848450843750125,1.9563998987060547,0.1495558425123634,-0.3978719711303706
3B4V_AB_C,3.391638413012278,1.6580760916894532,0.0011521818393364,-4.945866867899895
4HFK_A_BD,1.3915088644819469,0.037330226773071296,0.0324824264479058,-3.7867273092269897
4HFK_A_BD,2.524333218946118,2.2478762146789553,0.0352814911243997,-3.000556945800781
4HFK_A_BD,1.1880396206308514,1.3290501791534424,0.0686660535261498,-3.0111783742904663
4HFK_A_BD,0.9419769123741778,-0.2609267550170895,0.1243961048947829,-1.4461426734924316
4HFK_A_BD,1.8493816118375364,1.4629821997680663,0.3002743244598617,-2.0062191486358647
3KBH_A_E,1.811979372612353,0.17397188975341793,0.0616954902601356,-4.0463292598724365
3KBH_A_E,1.6151703700219506,0.17397188975341793,0.0616954902601356,-1.081034541130066
3KBH_A_E,1.856501867976997,1.261564601057434,0.0430691731202557,-1.953258752822876
3KBH_A_E,2.4895564201904192,1.261564601057434,0.0430691731202557,-1.190197229385376
2AJF_A_E,0.5851408430750865,0.4853314291549684,0.1270960478278681,-2.05985689163208
2AJF_A_E,1.451750584608139,-0.015678466050872752,8.028343182684427e-05,-4.651113867759705
4I77_HL_Z,0.0,2.7599788694641116,0.3154539747225295,-0.684989333152771
4I77_HL_Z,0.0,2.7599788694641116,0.3154539747225295,-0.9698771238327032
4I77_HL_Z,0.0,2.7599788694641116,0.3154539747225295,0.4003177881240842
4I77_HL_Z,0.0,2.7599788694641116,0.3154539747225295,-1.6034542322158811
4I77_HL_Z,0.0,2.7599788694641116,0.3154539747225295,-1.53829687833786
4I77_HL_Z,0.0,2.7599788694641116,0.3154539747225295,-3.4600810408592224
4I77_HL_Z,0.0,2.7599788694641116,0.3154539747225295,-0.684989333152771
4I77_HL_Z,0.0,2.7599788694641116,0.3154539747225295,-0.9698771238327032
4I77_HL_Z,0.0,2.7599788694641116,0.3154539747225295,0.4003177881240842
4I77_HL_Z,0.0,2.7599788694641116,0.3154539747225295,-1.6034542322158811
4I77_HL_Z,0.0,2.7599788694641116,0.3154539747225295,-1.53829687833786
4I77_HL_Z,0.0,2.7599788694641116,0.3154539747225295,-3.4600810408592224
4I77_HL_Z,0.0,-0.2579445087806702,0.0710580377739286,-0.684989333152771
4I77_HL_Z,0.0,-0.2579445087806702,0.0710580377739286,-0.9698771238327032
4I77_HL_Z,0.0,-0.2579445087806702,0.0710580377739286,0.4003177881240842
4I77_HL_Z,0.0,-0.2579445087806702,0.0710580377739286,-1.6034542322158811
4I77_HL_Z,0.0,-0.2579445087806702,0.0710580377739286,-1.53829687833786
4I77_HL_Z,0.0,-0.2579445087806702,0.0710580377739286,-3.4600810408592224
4I77_HL_Z,0.0,-0.24516428504943844,0.0016546931879356,-0.684989333152771
4I77_HL_Z,0.0,-0.24516428504943844,0.0016546931879356,-0.9698771238327032
4I77_HL_Z,0.0,-0.24516428504943844,0.0016546931879356,0.4003177881240842
4I77_HL_Z,0.0,-0.24516428504943844,0.0016546931879356,-1.6034542322158811
4I77_HL_Z,0.0,-0.24516428504943844,0.0016546931879356,-1.53829687833786
4I77_HL_Z,0.0,-0.24516428504943844,0.0016546931879356,-3.4600810408592224
4I77_HL_Z,0.0,3.1127533330773924,0.3178570428733979,-0.684989333152771
4I77_HL_Z,0.0,3.1127533330773924,0.3178570428733979,-0.9698771238327032
4I77_HL_Z,0.0,3.1127533330773924,0.3178570428733979,0.4003177881240842
4I77_HL_Z,0.0,3.1127533330773924,0.3178570428733979,-1.6034542322158811
4I77_HL_Z,0.0,3.1127533330773924,0.3178570428733979,-1.53829687833786
4I77_HL_Z,0.0,3.1127533330773924,0.3178570428733979,-3.4600810408592224
4I77_HL_Z,0.0,3.1127533330773924,0.3178570428733979,-0.684989333152771
4I77_HL_Z,0.0,3.1127533330773924,0.3178570428733979,-0.9698771238327032
4I77_HL_Z,0.0,3.1127533330773924,0.3178570428733979,0.4003177881240842
4I77_HL_Z,0.0,3.1127533330773924,0.3178570428733979,-1.6034542322158811
4I77_HL_Z,0.0,3.1127533330773924,0.3178570428733979,-1.53829687833786
4I77_HL_Z,0.0,3.1127533330773924,0.3178570428733979,-3.4600810408592224
4I77_HL_Z,0.0,2.7599788694641116,0.3154539747225295,-0.684989333152771
4I77_HL_Z,0.0,2.7599788694641116,0.3154539747225295,-0.9698771238327032
4I77_HL_Z,0.0,2.7599788694641116,0.3154539747225295,0.4003177881240842
4I77_HL_Z,0.0,2.7599788694641116,0.3154539747225295,-1.6034542322158811
4I77_HL_Z,0.0,2.7599788694641116,0.3154539747225295,-1.53829687833786
4I77_HL_Z,0.0,2.7599788694641116,0.3154539747225295,-3.4600810408592224
4I77_HL_Z,0.0,2.7599788694641116,0.3154539747225295,-0.684989333152771
4I77_HL_Z,0.0,2.7599788694641116,0.3154539747225295,-0.9698771238327032
4I77_HL_Z,0.0,2.7599788694641116,0.3154539747225295,0.4003177881240842
4I77_HL_Z,0.0,2.7599788694641116,0.3154539747225295,-1.6034542322158811
4I77_HL_Z,0.0,2.7599788694641116,0.3154539747225295,-1.53829687833786
4I77_HL_Z,0.0,2.7599788694641116,0.3154539747225295,-3.4600810408592224
4I77_HL_Z,0.0,-0.2579445087806702,0.0710580377739286,-0.684989333152771
4I77_HL_Z,0.0,-0.2579445087806702,0.0710580377739286,-0.9698771238327032
4I77_HL_Z,0.0,-0.2579445087806702,0.0710580377739286,0.4003177881240842
4I77_HL_Z,0.0,-0.2579445087806702,0.0710580377739286,-1.6034542322158811
4I77_HL_Z,0.0,-0.2579445087806702,0.0710580377739286,-1.53829687833786
4I77_HL_Z,0.0,-0.2579445087806702,0.0710580377739286,-3.4600810408592224
4I77_HL_Z,0.0,3.1127533330773924,0.3178570428733979,-0.684989333152771
4I77_HL_Z,0.0,3.1127533330773924,0.3178570428733979,-0.9698771238327032
4I77_HL_Z,0.0,3.1127533330773924,0.3178570428733979,0.4003177881240842
4I77_HL_Z,0.0,3.1127533330773924,0.3178570428733979,-1.6034542322158811
4I77_HL_Z,0.0,3.1127533330773924,0.3178570428733979,-1.53829687833786
4I77_HL_Z,0.0,3.1127533330773924,0.3178570428733979,-3.4600810408592224
4I77_HL_Z,1.6915635873740382,-0.24516428504943844,0.0016546931879356,-3.777088522911072
4I77_HL_Z,2.1237548396113834,1.2647321684558104,0.3275967732618883,-5.820671364665031
4I77_HL_Z,2.098622920871319,1.9428935853424072,0.0315275883267761,-1.5668555498123171
4I77_HL_Z,1.721428066789811,-0.015876676356811503,0.0361018124748346,-4.774607986211777
4I77_HL_Z,2.366553151780586,-0.2579445087806702,0.0710580377739286,-4.256918549537659
4I77_HL_Z,0.6558970729481022,-0.24516428504943844,0.0016546931879356,-1.6034542322158811
4I77_HL_Z,2.703311747130422,-0.24516428504943844,0.0016546931879356,-3.777088522911072
4I77_HL_Z,3.1148148587306475,1.2647321684558104,0.3275967732618883,-5.820671364665031
4I77_HL_Z,2.9336568479874425,1.9428935853424072,0.0315275883267761,-1.5668555498123171
4I77_HL_Z,3.0263580970926043,1.9428935853424072,0.0315275883267761,-2.5577813386917114
4I77_HL_Z,1.6301313059132096,3.1127533330773924,0.3178570428733979,-3.4600810408592224
4I77_HL_Z,1.0388776021870074,-0.015876676356811503,0.0361018124748346,-4.774607986211777
2AW2_A_B,2.5744374477294474,2.207145457433472,0.0153414562122684,-3.4149692058563232
2AW2_A_B,1.8842400174523888,0.9204059872125244,0.1571157833788595,-4.911552309989929
2AW2_A_B,1.0959006384745251,-0.7279694008941648,0.0562196104114576,-2.700654983520508
4FZA_A_B,0.5426151598260328,0.9489970561828613,0.071614159189136,-0.082763671875
4FZA_A_B,1.270214445054126,1.8064695557702641,0.0232324115191449,-4.27825939655304
4FZA_A_B,1.0274367577011738,-0.3636770176391604,0.0252390979432017,-0.8189983367919922
1BJ1_HL_VW,1.3276591119757897,1.900076386843872,0.3188876607485534,-0.7453205585479736
1BJ1_HL_VW,0.8506667430512536,-0.33997228501586907,0.1374200075963533,-2.31589674949646
1BJ1_HL_VW,4.438760044581662,0.5915629965057372,0.0,0.9407565593719482
1BJ1_HL_VW,-0.1372698265782766,1.900076386843872,0.3188876607485534,-0.7105913162231445
1BJ1_HL_VW,-0.7626501460435201,0.18045356543579105,0.0869495538172243,-0.8295280933380127
1BJ1_HL_VW,-1.5835951912765098,0.7058603709594728,0.2230577628360077,1.6479822397232056
1N8Z_AB_C,0.3216859523920325,0.12125645259094231,0.106144231078408,-0.821709394454956
1N8Z_AB_C,0.8540032349739154,-0.0814818198486329,0.0726965773512397,0.0692962408065795
1N8Z_AB_C,2.975475032472945,0.5946813923645018,0.0,-0.033785343170166
1N8Z_AB_C,1.8037983774687307,1.005262830700684,0.1892457532577297,-0.7096641063690181
2NYY_DC_A,-0.2303216905141779,-0.47654676298675547,0.4304284471136737,-0.6168736219406128
2NYY_DC_A,0.419365821738136,0.4486302919921874,0.1585900126255707,-1.182819366455078
2NYY_DC_A,0.890440245970065,-0.0684001586382294,0.0199392505700274,-3.1033486872911453
2NYY_DC_A,2.589209962967786,1.7947080395507813,0.061830612733118,-2.501148462295532
2NYY_DC_A,2.8391314691054594,-0.79621362802124,0.0774411204726182,-0.7768137454986572
2NYY_DC_A,4.058501760948707,-0.025003465034484806,0.0335310182104314,-2.3776899576187134
2NYY_DC_A,0.0,-0.3131556579528807,0.2868787394576209,-0.6550955772399902
2NYY_DC_A,0.820122322064863,0.9992422926208495,0.3151823887196341,-0.5120506286621098
2NYY_DC_A,1.630870693885671,-0.30429259664916986,0.0688749266666305,-0.4189305305480957
2NYY_DC_A,7.319427268768097,3.8559704969421387,0.0184862067969828,-3.657991528511048
2NZ9_DC_A,0.5407009442261658,0.3594763137512209,0.4129992779425724,-1.8755180835723877
2NZ9_DC_A,2.160031290132344,-0.0735811890610123,0.0125366585673925,-2.982355996966362
2NZ9_DC_A,2.2799642665477884,1.6529848293426515,0.03120665639263,-2.8054437637329097
2NZ9_DC_A,2.7703592680860214,-0.8058513788864134,0.0663469442677564,-1.8201556205749512
2NZ9_DC_A,3.340438225057939,0.40080782242736834,0.0280036849903291,-0.8402276039123535
2NZ9_DC_A,0.0692814262526869,-0.02122738516235345,0.2514128660237649,-2.3594188690185547
2NZ9_DC_A,0.2908808977292097,0.8429021014404299,0.2996416521854534,-0.542686939239502
2NZ9_DC_A,2.3703813413548978,-0.2084200768005373,0.0325205569081984,-0.4933478832244873
2NZ9_DC_A,7.419701127593354,3.234071066143799,0.0209174204098128,-2.5729355812072754
2NYY_DC_A,0.5196860713726449,0.5870055959899902,0.1132718320334212,1.4788707494735716
2NYY_DC_A,0.64113544429065,0.24418087156066892,0.1957252654219058,-4.062298238277435
2NYY_DC_A,-0.3533825535561593,0.6242113588531488,0.0116674185320136,-1.3011457920074467
3NGB_HL_G,0.743043343568668,0.8880844546569824,0.0853981861914799,-1.0497949123382564
3NGB_HL_G,0.1378722005083076,1.0232928526977538,0.0792621738812965,-0.4428589344024658
3NGB_HL_G,0.1649392058939123,0.47801020417480466,0.1884489479369015,-1.1477539539337158
3NGB_HL_G,0.3325708209521731,1.028027506518555,0.5987609879029628,1.108576774597168
3NGB_HL_G,0.073393781176987,0.26492209005737344,0.235006179911235,2.9354500770568848
3NGB_HL_G,0.651268560826778,0.16271810049438473,0.6083472178264425,1.6592334508895874
3S9D_A_B,-0.2112181483222045,0.15452560729370068,0.3106333869680409,-0.7259067296981812
3S9D_A_B,-0.2112181483222045,0.15452560729370068,0.3106333869680409,0.2080473899841308
3S9D_A_B,-0.2112181483222045,-0.09408829880065905,0.1637761397992027,-0.7259067296981812
3S9D_A_B,-0.2112181483222045,-0.09408829880065905,0.1637761397992027,0.2080473899841308
3S9D_A_B,1.0095291007048206,1.4648866202087398,0.0192118712931763,-1.157909870147705
3S9D_A_B,0.5184409187140231,1.483850258013916,0.3631263056404228,1.031009793281555
3S9D_A_B,3.680208092560573,0.925576627835083,0.1013308975133411,-2.1467551589012146
3S9D_A_B,3.680208092560573,0.925576627835083,0.1013308975133411,-0.9971041679382324
3S9D_A_B,3.680208092560573,0.925576627835083,0.1013308975133411,-1.7738871574401855
3S9D_A_B,3.680208092560573,0.1931671927185059,0.096972571685357,-2.1467551589012146
3S9D_A_B,3.680208092560573,0.1931671927185059,0.096972571685357,-0.9971041679382324
3S9D_A_B,3.680208092560573,0.1931671927185059,0.096972571685357,-1.7738871574401855
3S9D_A_B,3.680208092560573,2.823998212768555,0.0336275119178408,-2.1467551589012146
3S9D_A_B,3.680208092560573,2.823998212768555,0.0336275119178408,-0.9971041679382324
3S9D_A_B,3.680208092560573,2.823998212768555,0.0336275119178408,-1.7738871574401855
3S9D_A_B,0.2401110333070661,0.232379819897232,0.3536926168691061,-4.628433227539063
3S9D_A_B,0.4669139408787877,-0.15910434891815195,0.0546272944078241,-2.3770288228988647
3S9D_A_B,0.650583555923561,0.4583357128662109,0.3809052233984402,-2.0422099828720093
3S9D_A_B,0.630507508833982,1.2269094768066406,0.1609595687636209,-1.4738024473190308
3S9D_A_B,0.630507508833982,1.2269094768066406,0.1609595687636209,-0.4250190258026123
3S9D_A_B,0.7418695341203233,1.106571459411621,0.0267034746581519,-2.349019289016724
3S9D_A_B,1.2788177925885793,-0.1638123849853516,0.0685553862273175,-4.106157064437866
3S9D_A_B,1.2788177925885793,-0.1638123849853516,0.0685553862273175,-3.0585583448410034
3S9D_A_B,1.0237138908087071,1.4648866202087398,0.0192118712931763,-1.157909870147705
3S9D_A_B,0.8994033737230374,1.483850258013916,0.3631263056404228,1.031009793281555
3S9D_A_B,3.7543280377436967,0.925576627835083,0.1013308975133411,-2.1467551589012146
3S9D_A_B,4.671514627102991,0.1931671927185059,0.096972571685357,-1.2419803142547607
3S9D_A_B,6.07927774353468,0.1931671927185059,0.096972571685357,-1.276343584060669
3S9D_A_B,0.5733850247429673,0.5736615388366699,0.3752253990371866,-0.6462371349334717
3S9D_A_B,2.076536854194484,1.3442197192718508,0.0243161683476881,-1.9157979488372805
3S9D_A_B,2.076536854194484,1.3442197192718508,0.0243161683476881,-3.4111263751983643
3S9D_A_B,2.076536854194484,1.3442197192718508,0.0243161683476881,-1.809241533279419
3S9D_A_B,2.076536854194484,1.3442197192718508,0.0243161683476881,-1.9157979488372805
3S9D_A_B,2.076536854194484,1.3442197192718508,0.0243161683476881,-3.4111263751983643
3S9D_A_B,2.076536854194484,1.3442197192718508,0.0243161683476881,-1.809241533279419
3S9D_A_B,2.076536854194484,1.3583810000030523,0.0261272345308443,-1.9157979488372805
3S9D_A_B,2.076536854194484,1.3583810000030523,0.0261272345308443,-3.4111263751983643
3S9D_A_B,2.076536854194484,1.3583810000030523,0.0261272345308443,-1.809241533279419
3S9D_A_B,1.0577569799082,1.3442197192718508,0.0243161683476881,-1.8457748889923096
3S9D_A_B,2.2883468932934,1.3583810000030523,0.0261272345308443,-1.809241533279419
3S9D_A_B,3.0730024838556447,0.2444969111297608,0.1046047265570978,-1.783657908439636
3S9D_A_B,0.9037102048722002,0.9276981343927,0.0141515833453291,-1.3326723575592043
3S9D_A_B,1.335259210850872,-0.0015222990417478321,0.1674576916945299,-1.2748968601226809
3S9D_A_B,0.6215919649341703,0.44167833299865666,0.1960206788245827,-1.2395591735839844
3S9D_A_B,1.3635602050590228,-0.1638123849853516,0.0685553862273175,-4.106157064437866
3S9D_A_B,1.3635602050590228,-0.1638123849853516,0.0685553862273175,-1.3326723575592043
3S9D_A_B,1.3635602050590228,-0.1638123849853516,0.0685553862273175,-1.2748968601226809
3S9D_A_B,1.3635602050590228,0.9276981343927,0.0141515833453291,-4.106157064437866
3S9D_A_B,1.3635602050590228,0.9276981343927,0.0141515833453291,-1.3326723575592043
3S9D_A_B,1.3635602050590228,0.9276981343927,0.0141515833453291,-1.2748968601226809
3S9D_A_B,1.3635602050590228,-0.0015222990417478321,0.1674576916945299,-4.106157064437866
3S9D_A_B,1.3635602050590228,-0.0015222990417478321,0.1674576916945299,-1.3326723575592043
3S9D_A_B,1.3635602050590228,-0.0015222990417478321,0.1674576916945299,-1.2748968601226809
3S9D_A_B,0.0,0.157978506378174,0.2983086519854236,-1.6557472944259646
3S9D_A_B,0.0,0.157978506378174,0.2983086519854236,-1.652369499206543
3S9D_A_B,0.0,0.157978506378174,0.2983086519854236,-2.4110313653945923
3S9D_A_B,0.0,0.157978506378174,0.2983086519854236,-0.2536811828613285
3S9D_A_B,0.0,0.157978506378174,0.2983086519854236,0.0953736305236812
3S9D_A_B,0.0,0.157978506378174,0.2983086519854236,-2.9439105987548837
3S9D_A_B,0.0,0.157978506378174,0.2983086519854236,-5.24716591835022
3S9D_A_B,0.0,0.157978506378174,0.2983086519854236,-0.0912690162658691
3S9D_A_B,0.0,0.157978506378174,0.2983086519854236,-0.9216163158416748
3S9D_A_B,0.0,0.157978506378174,0.2983086519854236,1.7273571491241464
3S9D_A_B,0.0,0.157978506378174,0.2983086519854236,-0.7259067296981812
3S9D_A_B,0.0,0.157978506378174,0.2983086519854236,-1.7097158432006836
3S9D_A_B,0.0,0.157978506378174,0.2983086519854236,-0.3654816150665283
3S9D_A_B,0.0,0.157978506378174,0.2983086519854236,-0.3959023952484126
3S9D_A_B,0.0,0.157978506378174,0.2983086519854236,0.4955604076385507
3S9D_A_B,0.0,0.157978506378174,0.2983086519854236,0.5977554321289062
3S9D_A_B,0.0,0.15452560729370068,0.3106333869680409,-1.6557472944259646
3S9D_A_B,0.0,0.15452560729370068,0.3106333869680409,-1.652369499206543
3S9D_A_B,0.0,0.15452560729370068,0.3106333869680409,-2.4110313653945923
3S9D_A_B,0.0,0.15452560729370068,0.3106333869680409,-0.2536811828613285
3S9D_A_B,0.0,0.15452560729370068,0.3106333869680409,0.0953736305236812
3S9D_A_B,0.0,0.15452560729370068,0.3106333869680409,-2.9439105987548837
3S9D_A_B,0.0,0.15452560729370068,0.3106333869680409,-5.24716591835022
3S9D_A_B,0.0,0.15452560729370068,0.3106333869680409,-0.0912690162658691
3S9D_A_B,0.0,0.15452560729370068,0.3106333869680409,-0.9216163158416748
3S9D_A_B,0.0,0.15452560729370068,0.3106333869680409,1.7273571491241464
3S9D_A_B,0.0,0.15452560729370068,0.3106333869680409,-0.7259067296981812
3S9D_A_B,0.0,0.15452560729370068,0.3106333869680409,-1.7097158432006836
3S9D_A_B,0.0,0.15452560729370068,0.3106333869680409,-0.3654816150665283
3S9D_A_B,0.0,0.15452560729370068,0.3106333869680409,-0.3959023952484126
3S9D_A_B,0.0,0.15452560729370068,0.3106333869680409,0.4955604076385507
3S9D_A_B,0.0,0.15452560729370068,0.3106333869680409,0.5977554321289062
3S9D_A_B,0.0,-0.08653331314392076,0.7071116405195541,-1.6557472944259646
3S9D_A_B,0.0,-0.08653331314392076,0.7071116405195541,-1.652369499206543
3S9D_A_B,0.0,-0.08653331314392076,0.7071116405195541,-2.4110313653945923
3S9D_A_B,0.0,-0.08653331314392076,0.7071116405195541,-0.2536811828613285
3S9D_A_B,0.0,-0.08653331314392076,0.7071116405195541,0.0953736305236812
3S9D_A_B,0.0,-0.08653331314392076,0.7071116405195541,-2.9439105987548837
3S9D_A_B,0.0,-0.08653331314392076,0.7071116405195541,-5.24716591835022
3S9D_A_B,0.0,-0.08653331314392076,0.7071116405195541,-0.0912690162658691
3S9D_A_B,0.0,-0.08653331314392076,0.7071116405195541,-0.9216163158416748
3S9D_A_B,0.0,-0.08653331314392076,0.7071116405195541,1.7273571491241464
3S9D_A_B,0.0,-0.08653331314392076,0.7071116405195541,-0.7259067296981812
3S9D_A_B,0.0,-0.08653331314392076,0.7071116405195541,-1.7097158432006836
3S9D_A_B,0.0,-0.08653331314392076,0.7071116405195541,-0.3654816150665283
3S9D_A_B,0.0,-0.08653331314392076,0.7071116405195541,-0.3959023952484126
3S9D_A_B,0.0,-0.08653331314392076,0.7071116405195541,0.4955604076385507
3S9D_A_B,0.0,-0.08653331314392076,0.7071116405195541,0.5977554321289062
3S9D_A_B,0.0,-0.19438173619384758,0.2998804119082163,-1.6557472944259646
3S9D_A_B,0.0,-0.19438173619384758,0.2998804119082163,-1.652369499206543
3S9D_A_B,0.0,-0.19438173619384758,0.2998804119082163,-2.4110313653945923
3S9D_A_B,0.0,-0.19438173619384758,0.2998804119082163,-0.2536811828613285
3S9D_A_B,0.0,-0.19438173619384758,0.2998804119082163,0.0953736305236812
3S9D_A_B,0.0,-0.19438173619384758,0.2998804119082163,-2.9439105987548837
3S9D_A_B,0.0,-0.19438173619384758,0.2998804119082163,-5.24716591835022
3S9D_A_B,0.0,-0.19438173619384758,0.2998804119082163,-0.0912690162658691
3S9D_A_B,0.0,-0.19438173619384758,0.2998804119082163,-0.9216163158416748
3S9D_A_B,0.0,-0.19438173619384758,0.2998804119082163,1.7273571491241464
3S9D_A_B,0.0,-0.19438173619384758,0.2998804119082163,-0.7259067296981812
3S9D_A_B,0.0,-0.19438173619384758,0.2998804119082163,-1.7097158432006836
3S9D_A_B,0.0,-0.19438173619384758,0.2998804119082163,-0.3654816150665283
3S9D_A_B,0.0,-0.19438173619384758,0.2998804119082163,-0.3959023952484126
3S9D_A_B,0.0,-0.19438173619384758,0.2998804119082163,0.4955604076385507
3S9D_A_B,0.0,-0.19438173619384758,0.2998804119082163,0.5977554321289062
3S9D_A_B,0.8950649904161133,1.4648866202087398,0.0192118712931763,-1.157909870147705
3S9D_A_B,0.7129766491354615,1.483850258013916,0.3631263056404228,1.031009793281555
3S9D_A_B,0.7129766491354615,1.483850258013916,0.3631263056404228,-0.3475265502929692
3S9D_A_B,3.935903885117156,0.925576627835083,0.1013308975133411,-2.1467551589012146
3S9D_A_B,2.2319054750311067,0.925576627835083,0.1013308975133411,-1.5099045634269714
3S9D_A_B,6.27518586546908,0.1931671927185059,0.096972571685357,-0.9971041679382324
3S9D_A_B,4.501153137793563,0.1931671927185059,0.096972571685357,-1.2419803142547607
3S9D_A_B,0.638619781895647,0.5736615388366699,0.3752253990371866,-0.6462371349334717
3S9D_A_B,0.638619781895647,0.5736615388366699,0.3752253990371866,-1.4738024473190308
3S9D_A_B,0.638619781895647,1.2269094768066406,0.1609595687636209,-0.6462371349334717
3S9D_A_B,0.638619781895647,1.2269094768066406,0.1609595687636209,-1.4738024473190308
3S9D_A_B,1.0868073822959854,1.3442197192718508,0.0243161683476881,-1.8457748889923096
3S9D_A_B,1.6660643315779893,1.3634023037976073,0.0295042196103329,-3.093299090862274
3S9D_A_B,2.31664788750155,2.823998212768555,0.0336275119178408,-1.7738871574401855
3S9D_A_B,2.31664788750155,2.823998212768555,0.0336275119178408,-4.508043885231018
3S9D_A_B,2.31664788750155,2.372465012964477,0.0031307525225148,-1.7738871574401855
3S9D_A_B,2.31664788750155,2.372465012964477,0.0031307525225148,-4.508043885231018
3S9D_A_B,1.8232522677404948,2.823998212768555,0.0336275119178408,-1.3125464916229248
3S9D_A_B,0.5426151598260328,-0.15910434891815195,0.0546272944078241,-2.3770288228988647
3S9D_A_B,0.6937168484505094,1.0202558381896973,0.3227263424165575,-1.3113768100738523
3S9D_A_B,0.2118100390989157,0.4583357128662109,0.3809052233984402,-3.0585583448410034
3S9D_A_B,0.2118100390989157,0.4583357128662109,0.3809052233984402,-2.107814192771912
3S9D_A_B,2.411308157863734,0.3342410313641355,0.0877560401452968,-3.5501593351364136
3S9D_A_B,-0.1677353800266006,0.07733387350463872,0.0647714966874544,1.6955952644348145
3SE4_B_C,1.3635602050590228,1.1898630277471924,0.0183814114205112,-2.4946399331092834
3SE4_B_C,1.3635602050590228,1.1898630277471924,0.0183814114205112,-3.1367008686065674
3SE4_B_C,1.3635602050590228,0.6555481279937745,0.1021631586939914,-2.4946399331092834
3SE4_B_C,1.3635602050590228,0.6555481279937745,0.1021631586939914,-3.1367008686065674
3SE4_B_C,1.665471848614309,1.5742232722778322,0.0511372788254755,-2.237586259841919
3SE4_B_C,0.2118100390989157,0.40548515881500236,0.1667471603118457,-2.073416590690613
3SE4_B_C,-0.6099638189674763,0.046280600411988004,0.2208742451218276,-0.4620826244354243
3SE4_B_C,1.208783474999111,1.7563858488708497,0.1793980401225879,-3.6608853340148926
3SE3_B_A,1.4966495837536624,1.7809669758972169,0.0972658806948419,-1.9075946807861328
3SE3_B_A,1.4966495837536624,1.7809669758972169,0.0972658806948419,-1.0599117279052734
3SE3_B_A,1.4966495837536624,1.7809669758972169,0.0972658806948419,-2.55631422996521
3SE3_B_A,1.4966495837536624,1.6485603106018067,0.0746593152155356,-1.9075946807861328
3SE3_B_A,1.4966495837536624,1.6485603106018067,0.0746593152155356,-1.0599117279052734
3SE3_B_A,1.4966495837536624,1.6485603106018067,0.0746593152155356,-2.55631422996521
3SE3_B_A,0.0,2.8776583668347167,0.1342250727184471,-3.0513265132904057
3SE3_B_A,0.0,2.8776583668347167,0.1342250727184471,1.2964859008789062
3SE3_B_A,0.5426151598260328,-0.08461265552062969,0.0180927976868534,-0.729878425598145
3SE3_B_A,0.5426151598260328,-0.08461265552062969,0.0180927976868534,-0.0252398252487182
3SE3_B_A,0.5426151598260328,-0.08461265552062969,0.0180927976868534,-1.10384202003479
3SE3_B_A,0.5426151598260328,1.159244522131348,0.0155381325754728,-0.729878425598145
3SE3_B_A,0.5426151598260328,1.159244522131348,0.0155381325754728,-0.0252398252487182
3SE3_B_A,0.5426151598260328,1.159244522131348,0.0155381325754728,-1.10384202003479
3SE3_B_A,0.2109812262655136,0.19070073336791982,0.4901858867450765,-1.0630748271942148
3SE4_B_A,1.3635602050590228,1.650596520831299,0.014513341574888,-2.81709372997284
3SE4_B_A,1.3635602050590228,1.650596520831299,0.014513341574888,-2.118293523788452
3SE4_B_A,1.3635602050590228,1.4967754137451172,0.0153908451903083,-2.81709372997284
3SE4_B_A,1.3635602050590228,1.4967754137451172,0.0153908451903083,-2.118293523788452
3SE4_B_A,0.0,0.987082792944336,0.0906925719099135,-0.355889081954956
3SE4_B_A,0.0,0.987082792944336,0.0906925719099135,-0.4112653732299804
3SE4_B_A,0.0,-0.7436132464477536,0.0808214255504117,-0.355889081954956
3SE4_B_A,0.0,-0.7436132464477536,0.0808214255504117,-0.4112653732299804
3SE4_B_A,-0.5426151598260328,0.9127119294067383,0.0798881184511297,-0.806780219078064
3SE4_B_A,0.3028001458566976,0.4388014066894532,0.0359893056634402,-1.698336482048035
3SE4_B_A,0.3028001458566976,0.4388014066894532,0.0359893056634402,-0.2303709983825688
3SE4_B_C,2.727120410118045,0.949730890222168,0.1271841515070136,-1.3209013938903809
3SE4_B_C,0.5726349465264094,0.526975109167481,0.0078814266912903,-0.1281108856201172
3S9D_A_B,3.1002620119800994,0.2444969111297608,0.1046047265570978,-1.783657908439636
3S9D_A_B,2.399992283784385,0.3342410313641355,0.0877560401452968,-3.5501593351364136
3SE4_B_C,1.4008530418446534,0.6555481279937745,0.1021631586939914,-3.1367008686065674
3SE4_B_C,-0.897993674711024,-2.4864688481216435,0.0623356140451579,0.660696029663085
3S9D_A_B,1.6418900904659794,1.854769958682251,0.1914984637564581,-4.02020263671875
3S9D_A_B,1.6418900904659794,1.854769958682251,0.1914984637564581,-1.2748968601226809
3S9D_A_B,1.6418900904659794,-0.0015222990417478321,0.1674576916945299,-4.02020263671875
3S9D_A_B,1.6418900904659794,-0.0015222990417478321,0.1674576916945299,-1.2748968601226809
3S9D_A_B,2.0061948272331667,1.3634023037976073,0.0295042196103329,-3.093299090862274
3S9D_A_B,2.924680400787723,2.823998212768555,0.0336275119178408,-1.3125464916229248
3S9D_A_B,1.2010423625091702,1.2269094768066406,0.1609595687636209,-1.4738024473190308
3S9D_A_B,2.4324599303586547,0.3342410313641355,0.0877560401452968,-3.5501593351364136
3S9D_A_B,1.7116396344636169,1.854769958682251,0.1914984637564581,-4.02020263671875
3S9D_A_B,1.4909462972357992,1.4648866202087398,0.0192118712931763,-1.157909870147705
3S9D_A_B,2.1603310091800023,1.3442197192718508,0.0243161683476881,-1.9157979488372805
3S9D_A_B,3.183168235620168,0.2444969111297608,0.1046047265570978,-1.783657908439636
3S9D_A_B,1.0992749306399467,0.9276981343927,0.0141515833453291,-1.3326723575592043
1E50_A_B,-0.4020725708157258,-0.4252548542114256,0.274826886518261,0.054736852645874
1E50_A_B,0.6781320892009923,-2.9754643504028317,0.0044513663785222,0.1832461357116699
1E50_A_B,1.319674451601355,1.2497749111389158,0.1052467264628888,1.6589128971099856
1E50_A_B,2.4316244916974497,0.0027585783938788994,0.0327857272335793,-5.840061850845814
1E50_A_B,1.5123852601693268,0.2094660792663574,0.0032254889546952,-3.827632039785385
1E50_A_B,-0.0438857534576676,0.23797383233032243,0.0060263959505814,-4.11152184009552
1E50_A_B,2.1845052502920126,1.4109300371289062,0.0,-5.160416007041931
1E50_A_B,1.7740327276755177,0.8019421071044921,0.3708603920593782,0.0956813097000124
1E50_A_B,0.0,0.04834069005432129,0.1650850315746843,-3.091713786125183
1E50_A_B,0.9092019289848602,1.3191786069091802,0.0063933779067785,-0.169707298278809
1E50_A_B,1.4072838710179911,0.0027585783938788994,0.0327857272335793,-5.840061850845814
1E50_A_B,1.4072838710179911,0.0027585783938788994,0.0327857272335793,-4.322323679924011
1E50_A_B,1.4072838710179911,1.2882477068267821,0.0165417340517362,-5.840061850845814
1E50_A_B,1.4072838710179911,1.2882477068267821,0.0165417340517362,-4.322323679924011
1E50_A_B,0.8833381384448902,3.9405037471740725,0.1155775980614603,-2.372203946113587
1E50_A_B,1.0434004695035834,0.2094660792663574,0.0032254889546952,-3.827632039785385
1E50_A_B,1.019550803172404,1.3191786069091802,0.0063933779067785,-0.169707298278809
1JTG_A_B,0.8209450452329897,0.5366526757354735,0.2141326383551695,-1.422921180725098
1JTG_A_B,0.0,-1.01247971786499,0.2194110470499206,1.3103981018066406
1JTG_A_B,0.0,-1.01247971786499,0.2194110470499206,-0.3776552677154541
1JTG_A_B,0.0,-0.5393442375686646,0.215167746276147,1.3103981018066406
1JTG_A_B,0.0,-0.5393442375686646,0.215167746276147,-0.3776552677154541
1JTG_A_B,2.594977772908507,1.1319679617034912,0.0002977567930886,-4.861389338970184
1JTG_A_B,-0.3025041265189667,0.8323944365722655,0.0161823376055583,-0.2136188745498657
1JTG_A_B,2.184505250292012,-0.021152176457214455,0.0581735553346333,0.0890674591064457
1JTG_A_B,2.184505250292012,-0.021152176457214455,0.0581735553346333,-2.7657474279403687
1JTG_A_B,2.184505250292012,0.828711121572876,0.073246932600216,0.0890674591064457
1JTG_A_B,2.184505250292012,0.828711121572876,0.073246932600216,-2.7657474279403687
1JTG_A_B,-2.2602064692392574,1.4994113050231932,0.0412486158857488,-1.0308642387390137
1JTG_A_B,2.213398135276874,0.5376848537503052,0.0026403894497273,-4.221329033374786
1JTG_A_B,2.213398135276874,0.5376848537503052,0.0026403894497273,-1.2421607971191406
1JTG_A_B,2.213398135276874,0.10433192644042988,0.0042958268741632,-4.221329033374786
1JTG_A_B,2.213398135276874,0.10433192644042988,0.0042958268741632,-1.2421607971191406
1JTG_A_B,-0.5426151598260328,0.19480049261627208,0.0207645609484681,-0.5541238784790039
1JTG_A_B,-0.132142637209538,2.0221948051818845,0.0257359351883453,-4.379139840602875
1JTG_A_B,2.677742932547718,-0.19584148049774175,0.0147395475782741,-2.4213812351226807
1JTG_A_B,1.9294013485121404,-0.07369665505676304,0.0453858918251032,0.4895217418670654
1JTG_A_B,-0.896646264180235,-1.0346703585968016,0.1117492271394886,-1.3483765125274658
1JTG_A_B,0.7585519520210893,0.006997615371017396,0.1745557373450361,-3.963800966739655
1JTG_A_B,2.0523626130824746,1.9531333515747071,0.0709922215851227,-3.64918065071106
1JTG_A_B,3.498687977780708,0.9094128521148681,0.10132873176349,-0.5131068229675293
1C4Z_ABC_D,0.5658411434531176,-0.09872620826721201,0.2626747513881331,0.1150662899017334
1C4Z_ABC_D,0.5658411434531176,-0.09872620826721201,0.2626747513881331,-0.109391450881958
1C4Z_ABC_D,0.5658411434531176,-0.09872620826721201,0.2626747513881331,-2.4719442129135136
1C4Z_ABC_D,0.5658411434531176,-0.09872620826721201,0.2626747513881331,-4.518988251686096
1C4Z_ABC_D,0.5658411434531176,1.2124915283325195,0.0255722799051843,0.1150662899017334
1C4Z_ABC_D,0.5658411434531176,1.2124915283325195,0.0255722799051843,-0.109391450881958
1C4Z_ABC_D,0.5658411434531176,1.2124915283325195,0.0255722799051843,-2.4719442129135136
1C4Z_ABC_D,0.5658411434531176,1.2124915283325195,0.0255722799051843,-4.518988251686096
1C4Z_ABC_D,0.5658411434531176,1.9170008422943114,0.2747992744778363,0.1150662899017334
1C4Z_ABC_D,0.5658411434531176,1.9170008422943114,0.2747992744778363,-0.109391450881958
1C4Z_ABC_D,0.5658411434531176,1.9170008422943114,0.2747992744778363,-2.4719442129135136
1C4Z_ABC_D,0.5658411434531176,1.9170008422943114,0.2747992744778363,-4.518988251686096
1C4Z_ABC_D,0.5658411434531176,-0.13365157970207225,0.0342545614254721,0.1150662899017334
1C4Z_ABC_D,0.5658411434531176,-0.13365157970207225,0.0342545614254721,-0.109391450881958
1C4Z_ABC_D,0.5658411434531176,-0.13365157970207225,0.0342545614254721,-2.4719442129135136
1C4Z_ABC_D,0.5658411434531176,-0.13365157970207225,0.0342545614254721,-4.518988251686096
1C4Z_ABC_D,0.5184409187140231,-0.223845921609497,0.2912824624106487,0.442179918289185
1C4Z_ABC_D,0.5184409187140231,-0.223845921609497,0.2912824624106487,-2.3894144892692566
1C4Z_ABC_D,0.5184409187140231,0.04442975354385381,0.1671653316366799,0.442179918289185
1C4Z_ABC_D,0.5184409187140231,0.04442975354385381,0.1671653316366799,-2.3894144892692566
1C4Z_ABC_D,1.2878589861117773,-0.223845921609497,0.2912824624106487,0.2310707569122319
1C4Z_ABC_D,1.2878589861117773,-0.223845921609497,0.2912824624106487,-4.419743657112122
1C4Z_ABC_D,1.2878589861117773,0.1208372159457397,0.2099483737245676,0.2310707569122319
1C4Z_ABC_D,1.2878589861117773,0.1208372159457397,0.2099483737245676,-4.419743657112122
1C4Z_ABC_D,0.4669139408787877,0.1470382396087646,0.0147606766267954,-0.223821640014648
1C4Z_ABC_D,1.1852497820001766,0.1470382396087646,0.0147606766267954,-1.5568113327026365
1C4Z_ABC_D,0.6097268969107852,0.37426230274047856,0.2574075296923765,-1.0444600582122805
1C4Z_ABC_D,1.5542937607957612,0.37426230274047856,0.2574075296923765,-0.8205089569091797
1C4Z_ABC_D,-0.3433607855317425,0.02911833010559084,0.0817142266735635,-3.111658096313477
1C4Z_ABC_D,0.0671117370847524,1.193140983782959,0.0897506272737201,-2.023942232131958
1C4Z_ABC_D,1.4091355079446504,0.0025593218522644012,0.019483672270849,-5.552476838231087
1C4Z_ABC_D,3.012806746310739,2.452776397491455,0.0380178293349029,-4.834494531154633
1C4Z_ABC_D,0.7247035011066846,-0.8171152485122679,0.2517607380482727,-0.5236127376556396
1C4Z_ABC_D,0.8209450452329897,-0.11651525668449403,0.0423285370906477,-5.2184752225875854
1C4Z_ABC_D,0.8209450452329897,-0.11651525668449403,0.0423285370906477,0.6046004891395569
1C4Z_ABC_D,0.8209450452329897,0.7722532396331787,0.0061580960276932,-5.2184752225875854
1C4Z_ABC_D,0.8209450452329897,0.7722532396331787,0.0061580960276932,0.6046004891395569
1C4Z_ABC_D,1.1351760237231796,1.279330261447144,0.3700793268398398,-3.1964099407196045
1C4Z_ABC_D,1.1690244746375842,1.279330261447144,0.3700793268398398,-2.968034505844116
1C4Z_ABC_D,0.8498379302178514,0.4573880146640015,0.0274291921379711,-3.425305813550949
1C4Z_ABC_D,1.3011671118471222,0.794495509765625,0.2855312774237972,-2.603870749473572
1C4Z_ABC_D,1.4200016233213155,0.794495509765625,0.2855312774237972,-2.5482386350631723
1C4Z_ABC_D,1.3752870570302456,0.04442975354385381,0.1671653316366799,-3.3365764021873474
1C4Z_ABC_D,1.92940134851214,0.060107733798217655,0.0079171541829569,-0.8436353206634521
1C4Z_ABC_D,0.7585519520210893,0.4952497812988277,0.1748585175607133,0.574638843536377
1C4Z_ABC_D,-0.132142637209538,-1.559011006893921,0.160374622092676,1.099074363708496
1C4Z_ABC_D,-0.5729903651663474,-0.12561131150512672,0.3254845767145921,0.5770559310913086
1JTG_A_B,0.5851893156049919,-1.3296239812347412,0.1743342937471705,1.2386074066162105
1JTG_A_B,-1.466789827957752,-0.06829260201416032,0.3878701762014765,1.874617576599121
1JTG_A_B,0.8644814320462479,-0.17121663397293085,0.0165449254972913,-5.080330073833466
1JTG_A_B,2.762550648799069,0.051028942599488314,0.0540326397183503,-2.087916374206543
1JTG_A_B,0.2350797014753836,0.4363649186676023,0.002789364860402,-1.1923904418945312
1JTG_A_B,-1.305362709183402,0.10896711576843243,0.0675225020966519,-0.1587715148925776
1JTG_A_B,-0.8523756073423674,-2.1498057725494384,0.2125493025868766,1.5210254192352295
1JTG_A_B,1.498815175137226,-0.7996005601562501,0.0065755292596665,0.3272809982299804
1JTG_A_B,-0.5786432359156849,0.4689439308746337,0.0798069252751905,-3.1326085329055786
1JTD_A_B,0.5149614494609088,-0.9815113331848151,0.1366427554969696,1.9481024742126465
1JTD_A_B,0.7954940384243275,0.366273390362549,0.4396568893159424,0.4906282424926758
1JTD_A_B,0.8347227229141695,0.546237687664795,0.1364439669330171,-1.655303955078124
1JTD_A_B,2.2347522219415064,1.3017811683746339,0.1259804505330417,-1.4448313713073733
1JTD_A_B,2.1292616879820603,-1.7160332538909913,0.1795719497748058,-0.0624725818634033
1JTD_A_B,2.5045925251732184,0.08182100038452145,0.1089109700027798,-0.4454288482666015
3F1S_A_B,1.2384257759478556,0.5168203897094727,0.0716486190066491,-0.1136841773986816
3F1S_A_B,2.184505250292012,1.0141833126464843,0.285981564456922,-1.3397362232208252
3F1S_A_B,-1.8029256126603792,-0.5388646337493896,0.0937196260913152,0.0773885250091552
3F1S_A_B,-1.8029256126603792,-0.5388646337493896,0.0937196260913152,-2.0214827060699463
3F1S_A_B,-1.8029256126603792,-0.5388646337493896,0.0937196260913152,0.0773885250091552
3F1S_A_B,-1.8029256126603792,-0.5388646337493896,0.0937196260913152,-2.0214827060699463
3F1S_A_B,2.9947799767025427,2.537632041558838,0.0955201489232203,-4.528284132480621
3F1S_A_B,3.7592836036732393,0.503766071508789,0.0565517877292396,-1.2341125011444092
3F1S_A_B,0.6979837806626557,-0.07086709653778067,0.1182476235510268,-3.9331926107406616
3F1S_A_B,-2.3548667396014413,-0.5388646337493896,0.0937196260913152,0.0773885250091552
4BFI_A_B,2.076536854194484,0.9144139189270017,0.1747701038435523,-2.589836597442627
4BFI_A_B,2.076536854194484,0.9144139189270017,0.1747701038435523,-5.199916258454323
4BFI_A_B,2.076536854194484,4.161396398613281,0.1703766333533939,-2.589836597442627
4BFI_A_B,2.076536854194484,4.161396398613281,0.1703766333533939,-5.199916258454323
4BFI_A_B,2.31664788750155,3.690423831488892,0.0459766345060641,-5.164106950163841
4BFI_A_B,2.31664788750155,3.690423831488892,0.0459766345060641,-0.4906497001647949
4BFI_A_B,2.31664788750155,0.005905128564453133,0.1955286219187368,-5.164106950163841
4BFI_A_B,2.31664788750155,0.005905128564453133,0.1955286219187368,-0.4906497001647949
4BFI_A_B,1.3066250921680522,-0.013586712612914997,0.0220585690062599,-2.06916618347168
4J2L_A_CD,2.2295846882352905,-3.859612094642639,0.0492197345387961,0.1573400497436523
4J2L_A_CD,1.687744135024346,0.9522969185180664,0.0017771174631367,-4.112252414226532
4J2L_A_CD,-0.970056943009498,0.392805325995636,0.0159395743346835,-3.751295983791352
4J2L_A_CD,-0.6308421721222334,-0.4945807682800294,0.0141096286846522,-2.1467928886413574
4JEU_A_B,0.9092019289848602,0.40215387243652345,0.1718130189939576,-3.3009179830551147
4JEU_A_B,3.2402502019955364,3.1324642270031737,0.0,-5.362276375293732
4JEU_A_B,1.127664041308761,0.7882464909484863,0.152299071260369,-2.691228747367859
4JEU_A_B,1.1084563032791506,1.3133372635223388,0.0545343831007301,-4.460555255413055
4KRO_A_B,1.5832991719387786,0.7410328445465089,0.1386037850132884,-0.6651718616485591
4KRO_A_B,1.5042236608261124,-0.93013434085083,0.0708827896645443,0.7776398658752441
4KRP_A_B,1.6060447352220086,0.12876033338623039,0.167047876670003,-1.462183952331543
4MYW_A_B,2.5720617535244585,2.609995587365723,0.0002069070114443,-2.819837808609009
3U82_A_B,2.594977772908507,0.9793824068084722,0.0,-3.024980664253235
4O27_A_B,1.1947757783935136,2.328145772277832,0.0878370140862499,-3.559834241867065
4O27_A_B,1.024414289084085,0.032713925384521225,0.1598309737434917,-1.38913893699646
4O27_A_B,0.3713054130316793,0.7894142491699216,0.1358711100805177,-1.5216957330703735
4OFY_A_D,1.1762294551826238,-0.13392322186279282,0.012054481648668,-1.3748137950897217
4OFY_A_D,0.5486069816637477,-0.00453486759338384,0.2972062915859084,-3.720723748207092
4OFY_A_D,4.602392067465458,2.904183239038086,0.0749036148431949,-2.3853873014450078
4OFY_A_D,1.7324587013154158,-0.025461433245849818,0.0,-0.6856312751770011
4OFY_A_D,0.282081872653786,-0.7844607588653565,0.1554418947445743,-1.2265076637268066
4OFY_A_D,2.8692159988027166,1.2708156148712157,0.0101308383521464,-1.0774481296539309
4OFY_A_D,2.5667118722837503,0.2497353399993898,0.0064291022361753,-2.205064535140991
4OFY_A_D,4.643248726478235,1.2439219694976806,0.0078600457869708,-2.7203211784362797
4OFY_A_D,3.419674805388326,0.7578003406799323,0.3209612540599458,-1.3700108528137207
4OZG_ABJ_GH,1.7140134858666605,0.5204278948303225,0.0081158528383272,-2.55701756477356
4OZG_ABJ_GH,1.7140134858666605,0.5204278948303225,0.0081158528383272,-1.158283233642578
4OZG_ABJ_GH,1.7140134858666605,0.5204278948303225,0.0081158528383272,-0.4872648715972896
4OZG_ABJ_GH,1.7140134858666605,-0.24386262348632792,0.004236611106924,-2.55701756477356
4OZG_ABJ_GH,1.7140134858666605,-0.24386262348632792,0.004236611106924,-1.158283233642578
4OZG_ABJ_GH,1.7140134858666605,-0.24386262348632792,0.004236611106924,-0.4872648715972896
4OZG_ABJ_GH,1.165761296968809,0.587211399635315,0.0949437104287705,-4.080212235450745
4OZG_ABJ_GH,-0.6359942065543113,0.4081694766113282,0.0420977372778519,-0.7773087024688725
4OZG_ABJ_GH,0.791294497341427,0.19261211224365216,0.0180758103509896,0.6922667026519775
4OZG_ABJ_GH,1.4100792703507583,0.7882713910949706,0.0372761480572468,-0.4431643486022949
4OZG_ABJ_GH,0.8683327430424423,0.07446724618530265,0.0405162223924727,1.152752161026001
4OZG_ABJ_GH,1.621665603191739,1.03102329284668,0.0163030124894396,-2.0203723907470708
4OZG_ABJ_GH,0.5245987048064155,0.2996496893920897,0.231941363142164,-1.1706373691558838
4P5T_CD_AB,1.138071807844588,0.0006025537895202326,0.3391440327947577,-4.062224984169006
4P5T_CD_AB,0.6167351050091564,0.023491442262573214,0.1979306282320263,-3.447834312915802
4P5T_CD_AB,0.6167351050091564,0.023491442262573214,0.1979306282320263,-0.8346433639526367
4P5T_CD_AB,0.6167351050091564,-0.0181335081283569,0.2496362840854213,-3.447834312915802
4P5T_CD_AB,0.6167351050091564,-0.0181335081283569,0.2496362840854213,-0.8346433639526367
4P5T_CD_AB,0.0,-1.0042624552734374,0.1209698030881941,-0.7184832096099858
4P5T_CD_AB,0.0,-1.0042624552734374,0.1209698030881941,0.0641512870788574
4P5T_CD_AB,0.0,-1.0042624552734374,0.1209698030881941,-3.780730247497559
4P5T_CD_AB,0.0,-1.0042624552734374,0.1209698030881941,-0.0522875785827636
4P5T_CD_AB,0.0,-1.0042624552734374,0.1209698030881941,-0.8374409675598145
4P5T_CD_AB,0.0,-1.0042624552734374,0.1209698030881941,0.3478677272796631
4P5T_CD_AB,0.0,-1.0042624552734374,0.1209698030881941,0.2188446521759033
4P5T_CD_AB,0.0,-1.0042624552734374,0.1209698030881941,-2.608938455581665
4P5T_CD_AB,0.0,-1.0042624552734374,0.1209698030881941,-1.6583597660064693
4P5T_CD_AB,0.0,-1.0042624552734374,0.1209698030881941,-2.2300668358802795
4P5T_CD_AB,0.0,-1.0042624552734374,0.1209698030881941,-2.335998773574829
4P5T_CD_AB,0.0,-1.0042624552734374,0.1209698030881941,-3.549596667289734
4P5T_CD_AB,0.0,-1.0042624552734374,0.1209698030881941,-1.4077444076538086
4P5T_CD_AB,0.0,0.904818093133545,0.0004807570294682,-0.7184832096099858
4P5T_CD_AB,0.0,0.904818093133545,0.0004807570294682,0.0641512870788574
4P5T_CD_AB,0.0,0.904818093133545,0.0004807570294682,-3.780730247497559
4P5T_CD_AB,0.0,0.904818093133545,0.0004807570294682,-0.0522875785827636
4P5T_CD_AB,0.0,0.904818093133545,0.0004807570294682,-0.8374409675598145
4P5T_CD_AB,0.0,0.904818093133545,0.0004807570294682,0.3478677272796631
4P5T_CD_AB,0.0,0.904818093133545,0.0004807570294682,0.2188446521759033
4P5T_CD_AB,0.0,0.904818093133545,0.0004807570294682,-2.608938455581665
4P5T_CD_AB,0.0,0.904818093133545,0.0004807570294682,-1.6583597660064693
4P5T_CD_AB,0.0,0.904818093133545,0.0004807570294682,-2.2300668358802795
4P5T_CD_AB,0.0,0.904818093133545,0.0004807570294682,-2.335998773574829
4P5T_CD_AB,0.0,0.904818093133545,0.0004807570294682,-3.549596667289734
4P5T_CD_AB,0.0,0.904818093133545,0.0004807570294682,-1.4077444076538086
4P5T_CD_AB,0.0,-0.16429254369811996,0.2520812123802423,-0.7184832096099858
4P5T_CD_AB,0.0,-0.16429254369811996,0.2520812123802423,0.0641512870788574
4P5T_CD_AB,0.0,-0.16429254369811996,0.2520812123802423,-3.780730247497559
4P5T_CD_AB,0.0,-0.16429254369811996,0.2520812123802423,-0.0522875785827636
4P5T_CD_AB,0.0,-0.16429254369811996,0.2520812123802423,-0.8374409675598145
4P5T_CD_AB,0.0,-0.16429254369811996,0.2520812123802423,0.3478677272796631
4P5T_CD_AB,0.0,-0.16429254369811996,0.2520812123802423,0.2188446521759033
4P5T_CD_AB,0.0,-0.16429254369811996,0.2520812123802423,-2.608938455581665
4P5T_CD_AB,0.0,-0.16429254369811996,0.2520812123802423,-1.6583597660064693
4P5T_CD_AB,0.0,-0.16429254369811996,0.2520812123802423,-2.2300668358802795
4P5T_CD_AB,0.0,-0.16429254369811996,0.2520812123802423,-2.335998773574829
4P5T_CD_AB,0.0,-0.16429254369811996,0.2520812123802423,-3.549596667289734
4P5T_CD_AB,0.0,-0.16429254369811996,0.2520812123802423,-1.4077444076538086
4P5T_CD_AB,1.0095291007048206,-0.43042348725585944,0.0820095062112072,-2.5929133892059326
4P5T_CD_AB,1.0095291007048206,-0.43042348725585944,0.0820095062112072,-0.0489852428436283
4P5T_CD_AB,1.0095291007048206,-0.43042348725585944,0.0820095062112072,-1.46977710723877
4P5T_CD_AB,1.0095291007048206,0.3190095569335938,0.2550070578952415,-2.5929133892059326
4P5T_CD_AB,1.0095291007048206,0.3190095569335938,0.2550070578952415,-0.0489852428436283
4P5T_CD_AB,1.0095291007048206,0.3190095569335938,0.2550070578952415,-1.46977710723877
4P5T_CD_AB,1.0095291007048206,0.1790045637130735,0.3886111141959723,-2.5929133892059326
4P5T_CD_AB,1.0095291007048206,0.1790045637130735,0.3886111141959723,-0.0489852428436283
4P5T_CD_AB,1.0095291007048206,0.1790045637130735,0.3886111141959723,-1.46977710723877
4P5T_CD_AB,0.8683452699720843,0.17718678582778935,0.0,-3.2062251567840576
4P5T_CD_AB,1.061056078540056,0.5609260824005127,0.129400613650472,-1.1440483331680291
4P5T_CD_AB,1.6541005575500751,-0.6484396950439453,0.0265865177575723,-1.3055636882781982
4P5T_CD_AB,1.9906545247737908,-0.029475641772460648,0.0347933368402336,2.0968520641326904
4P5T_CD_AB,1.5485443304610826,0.5852320293029785,0.024007007705105,-1.7435123920440674
4P5T_CD_AB,2.073568493729729,1.0527331843444825,0.0480626167196056,-1.042722463607788
4P5T_CD_AB,0.8209450452329897,0.6508696946746826,0.1027341341184994,-3.677765905857086
4P5T_CD_AB,0.7957418087746722,0.20639658089080815,0.1988145873206869,-2.455079913139344
4P23_CD_AB,1.1931987157495938,-0.10154676429138187,0.3189832174233397,-3.540820360183716
4P23_CD_AB,0.9725053785217762,-0.4840464863525389,0.1438435349416142,-0.6454992294311528
4P23_CD_AB,0.9530876824425276,-0.37229468203964244,0.0777508223684965,-3.7205368280410767
4P23_CD_AB,1.16627650370749,0.4166772023391724,0.0,-3.700005143880844
4P23_CD_AB,1.16627650370749,0.4166772023391724,0.0,-1.8223273754119875
4P23_CD_AB,1.16627650370749,0.3808082658737184,0.153829194664903,-3.700005143880844
4P23_CD_AB,1.16627650370749,0.3808082658737184,0.153829194664903,-1.8223273754119875
4P23_CD_AB,0.6826014437951471,-0.036549321472930885,0.4003577508287192,-2.304046928882599
4P23_CD_AB,0.6826014437951471,-0.036549321472930885,0.4003577508287192,-0.8785336017608643
4P23_CD_AB,0.6826014437951471,-0.5227801865295412,0.0975773824758899,-2.304046928882599
4P23_CD_AB,0.6826014437951471,-0.5227801865295412,0.0975773824758899,-0.8785336017608643
4P23_CD_AB,0.6167351050091564,0.06394072047729482,0.1655412823986812,-1.1280813217163086
4P23_CD_AB,2.2296234426394665,0.1177194574584961,0.0068342981245232,1.344543695449829
4P23_CD_AB,2.567194198281374,-0.04133149922485346,0.0734755875739947,-2.8054568767547607
4P23_CD_AB,0.0912859781967621,-0.6112639665802,0.2028180265043548,-0.0223100185394291
4P23_CD_AB,0.0912859781967621,-0.6112639665802,0.2028180265043548,-0.3835752010345457
4P23_CD_AB,0.0912859781967621,-0.6112639665802,0.2028180265043548,-2.0352782607078552
4P23_CD_AB,0.0912859781967621,-0.6112639665802,0.2028180265043548,-1.768517553806305
4P23_CD_AB,0.0912859781967621,-0.6112639665802,0.2028180265043548,-2.308761715888977
4P23_CD_AB,0.0912859781967621,-0.6112639665802,0.2028180265043548,-2.3890063762664795
4P23_CD_AB,0.0912859781967621,-0.6112639665802,0.2028180265043548,-1.6649427413940423
4P23_CD_AB,2.0705851792448766,0.9840264810485839,0.1433889593805054,-0.5766363143920898
3C60_CD_AB,1.5937182868909552,-0.12914585862564087,0.354464682658286,-3.862840473651886
3C60_CD_AB,0.9628761147687216,-0.5530426758026117,0.1155869748464628,-0.3507652282714844
3C60_CD_AB,0.943134730967394,0.07401723034805296,0.0831275633592288,-4.657303929328919
3C60_CD_AB,0.8683452699720843,0.31110657312011725,0.0,1.6490110158920288
3C60_CD_AB,1.2496401340118868,0.8304104430908203,0.0012023671996021,-2.8903004527091984
3C60_CD_AB,0.3589455447812595,0.6563029611511229,0.2367374154188111,-0.23663330078125
3C60_CD_AB,1.16627650370749,0.15857552001953135,0.0840098695479659,-0.9339325428009032
3C60_CD_AB,1.16627650370749,0.15857552001953135,0.0840098695479659,-3.323358178138733
3C60_CD_AB,1.16627650370749,-0.08770829740585329,0.1554331134098072,-0.9339325428009032
3C60_CD_AB,1.16627650370749,-0.08770829740585329,0.1554331134098072,-3.323358178138733
3C60_CD_AB,1.152342056736818,0.06122737060546868,0.0939086183074119,1.4341979026794438
3C60_CD_AB,0.0,-0.618257522756958,0.3266240399631784,-2.0822503566741943
3C60_CD_AB,0.0,-0.618257522756958,0.3266240399631784,0.2520051002502441
3C60_CD_AB,0.0,-0.618257522756958,0.3266240399631784,-0.7785608768463135
3C60_CD_AB,0.0,-0.618257522756958,0.3266240399631784,0.8585190773010254
3C60_CD_AB,0.0,-0.618257522756958,0.3266240399631784,2.1836976408958435
3C60_CD_AB,0.0,-0.618257522756958,0.3266240399631784,0.573020935058594
3C60_CD_AB,0.0,-0.618257522756958,0.3266240399631784,1.1695320010185242
3C60_CD_AB,0.0,-0.618257522756958,0.3266240399631784,-1.8593392372131348
3C60_CD_AB,0.0,-0.618257522756958,0.3266240399631784,-0.9361087083816524
3C60_CD_AB,0.0,-0.618257522756958,0.3266240399631784,-0.5356247425079346
3C60_CD_AB,0.0,-0.618257522756958,0.3266240399631784,-0.5521000623703003
3C60_CD_AB,0.0,-0.618257522756958,0.3266240399631784,-1.985840082168579
3C60_CD_AB,2.0255479833229444,0.6169564485534669,0.2429248395682161,-0.3371179103851318
3C60_CD_AB,1.0852303196520656,-0.0014420723876951147,0.187759520099733,-0.7972267866134644
4PWX_AB_CD,1.7284574247898898,0.300271771893311,0.0160185257629684,0.3450584411621094
4PWX_AB_CD,1.7284574247898898,0.300271771893311,0.0160185257629684,-0.0124523639678959
4PWX_AB_CD,1.7284574247898898,0.300271771893311,0.0160185257629684,-2.4560391902923584
4PWX_AB_CD,1.7284574247898898,0.300271771893311,0.0160185257629684,-1.0629327297210696
4PWX_AB_CD,1.7284574247898898,0.300271771893311,0.0160185257629684,-3.7736043334007263
4PWX_AB_CD,1.7284574247898898,0.300271771893311,0.0160185257629684,-1.7465662956237793
4PWX_AB_CD,1.7284574247898898,0.300271771893311,0.0160185257629684,-1.1862282752990725
4PWX_AB_CD,1.7284574247898898,0.26597423953552246,0.106214321299363,0.3450584411621094
4PWX_AB_CD,1.7284574247898898,0.26597423953552246,0.106214321299363,-0.0124523639678959
4PWX_AB_CD,1.7284574247898898,0.26597423953552246,0.106214321299363,-2.4560391902923584
4PWX_AB_CD,1.7284574247898898,0.26597423953552246,0.106214321299363,-1.0629327297210696
4PWX_AB_CD,1.7284574247898898,0.26597423953552246,0.106214321299363,-3.7736043334007263
4PWX_AB_CD,1.7284574247898898,0.26597423953552246,0.106214321299363,-1.7465662956237793
4PWX_AB_CD,1.7284574247898898,0.26597423953552246,0.106214321299363,-1.1862282752990725
4PWX_AB_CD,1.7284574247898898,0.10273073050231996,0.0570712995032612,0.3450584411621094
4PWX_AB_CD,1.7284574247898898,0.10273073050231996,0.0570712995032612,-0.0124523639678959
4PWX_AB_CD,1.7284574247898898,0.10273073050231996,0.0570712995032612,-2.4560391902923584
4PWX_AB_CD,1.7284574247898898,0.10273073050231996,0.0570712995032612,-1.0629327297210696
4PWX_AB_CD,1.7284574247898898,0.10273073050231996,0.0570712995032612,-3.7736043334007263
4PWX_AB_CD,1.7284574247898898,0.10273073050231996,0.0570712995032612,-1.7465662956237793
4PWX_AB_CD,1.7284574247898898,0.10273073050231996,0.0570712995032612,-1.1862282752990725
4PWX_AB_CD,1.7284574247898898,0.6514153211090088,0.4687305111630788,0.3450584411621094
4PWX_AB_CD,1.7284574247898898,0.6514153211090088,0.4687305111630788,-0.0124523639678959
4PWX_AB_CD,1.7284574247898898,0.6514153211090088,0.4687305111630788,-2.4560391902923584
4PWX_AB_CD,1.7284574247898898,0.6514153211090088,0.4687305111630788,-1.0629327297210696
4PWX_AB_CD,1.7284574247898898,0.6514153211090088,0.4687305111630788,-3.7736043334007263
4PWX_AB_CD,1.7284574247898898,0.6514153211090088,0.4687305111630788,-1.7465662956237793
4PWX_AB_CD,1.7284574247898898,0.6514153211090088,0.4687305111630788,-1.1862282752990725
4PWX_AB_CD,1.7284574247898898,0.033732610525512796,0.1626477433574032,0.3450584411621094
4PWX_AB_CD,1.7284574247898898,0.033732610525512796,0.1626477433574032,-0.0124523639678959
4PWX_AB_CD,1.7284574247898898,0.033732610525512796,0.1626477433574032,-2.4560391902923584
4PWX_AB_CD,1.7284574247898898,0.033732610525512796,0.1626477433574032,-1.0629327297210696
4PWX_AB_CD,1.7284574247898898,0.033732610525512796,0.1626477433574032,-3.7736043334007263
4PWX_AB_CD,1.7284574247898898,0.033732610525512796,0.1626477433574032,-1.7465662956237793
4PWX_AB_CD,1.7284574247898898,0.033732610525512796,0.1626477433574032,-1.1862282752990725
4PWX_AB_CD,1.7284574247898898,0.7548089040893555,0.3182612066241613,0.3450584411621094
4PWX_AB_CD,1.7284574247898898,0.7548089040893555,0.3182612066241613,-0.0124523639678959
4PWX_AB_CD,1.7284574247898898,0.7548089040893555,0.3182612066241613,-2.4560391902923584
4PWX_AB_CD,1.7284574247898898,0.7548089040893555,0.3182612066241613,-1.0629327297210696
4PWX_AB_CD,1.7284574247898898,0.7548089040893555,0.3182612066241613,-3.7736043334007263
4PWX_AB_CD,1.7284574247898898,0.7548089040893555,0.3182612066241613,-1.7465662956237793
4PWX_AB_CD,1.7284574247898898,0.7548089040893555,0.3182612066241613,-1.1862282752990725
4PWX_AB_CD,1.0135035228231954,-0.924253194580078,0.1586378518304384,0.1200320720672607
4PWX_AB_CD,0.2023793771810147,-0.6168236630889892,0.329041228178958,-0.8174986839294434
4PWX_AB_CD,0.2616474675061909,0.12478956024169907,0.2153836408271331,1.9943265914916988
4PWX_AB_CD,0.3589455447812595,0.5899395631256104,0.1514554753950285,-1.8369669914245603
4PWX_AB_CD,1.1444566316659752,-0.45407962482910147,0.127870786055236,2.6569600105285645
4PWX_AB_CD,0.3345220143905527,0.8988945534729005,0.4082154906456945,-0.8175506591796875
4YFD_A_B,1.2159779346079969,0.3281159056488041,0.0812182595435002,-0.9020783901214596
4YFD_A_B,1.4744243852779593,-0.1809758768798826,0.0461024855783216,-1.449132204055786
4YH7_A_B,1.034133866497952,1.6973169245635982,0.0499602995608007,-4.068897783756256
4ZS6_HL_A,3.0386657301602105,-0.592490154119873,0.0928261369653335,-0.2821698188781738
5C6T_HL_A,3.20835389742689,0.05335772969512931,0.0024027468817045,-1.9801554679870603
5C6T_HL_A,0.3378690614190827,-0.6776726323089601,0.1848376936157145,0.1239047050476074
5C6T_HL_A,1.0906715831054934,0.20928132893142704,0.0929939095535083,-1.671429455280304
5C6T_HL_A,2.758178513868998,-0.08415129768066398,0.0066866958734681,-2.208189010620117
5C6T_HL_A,0.8856114106138542,0.16005049797058124,0.0054061557233766,-1.3043341636657717
5C6T_HL_A,-0.8683452699720843,1.0175707310760498,0.0159155681023819,-1.0597946643829346
5C6T_HL_A,1.5258958082866798,-0.32392586058654804,0.0136706057710234,-1.1128972768783572
5C6T_HL_A,1.7166795514612891,1.2743154024353034,0.1367885871522382,-0.651017427444458
5C6T_HL_A,1.4600294695006892,1.2097725896118163,0.0619250988539416,-1.0343964099884038
5C6T_HL_A,0.3630722978774003,0.015062301788330235,0.2430692713224777,-2.1848973035812373
5C6T_HL_A,0.3630722978774003,0.015062301788330235,0.2430692713224777,0.8235843181610107
4RS1_A_B,0.8708178692753612,0.30854186732177724,0.3360126276849881,-2.299649834632873
4RS1_A_B,0.2761578595454088,0.6726279593200684,0.5634390249203495,-2.481595754623413
4RS1_A_B,0.615713967495489,0.5896435077868653,0.0646143785234244,-3.5181484520435333
4RS1_A_B,1.5019038064968653,-0.04225386398315423,0.302611485941984,-2.076760172843933
4RS1_A_B,2.1391792366850817,-0.04225386398315423,0.302611485941984,-1.0046368837356567
4RS1_A_B,2.5910689357937766,0.5353714490527344,0.0711104725858224,-4.990546375513077
4RS1_A_B,1.2116101470619942,1.909980036807251,0.0354629097601484,-3.1511707305908203
4RS1_A_B,2.1324113153308475,0.686188737927246,0.0488856022398117,-0.8467745780944824
4RS1_A_B,3.2584075304622444,0.686188737927246,0.0488856022398117,-0.3291521072387695
4RS1_A_B,2.3645274215932384,1.2687830624420167,0.024983104296989,-2.570434331893921
4RS1_A_B,3.624700968480194,1.632648917443848,0.0611564720017926,-1.5118896961212154
4RS1_A_B,1.3286951431042573,0.686188737927246,0.0488856022398117,0.2097806930541996
4RS1_A_B,1.5981696059206207,0.686188737927246,0.0488856022398117,-0.8467745780944824
4RS1_A_B,2.908332346564446,0.686188737927246,0.0488856022398117,0.4116585254669189
4RS1_A_B,3.695536949804643,0.686188737927246,0.0488856022398117,-0.3291521072387695
1U7F_B_AC,1.8071269636945604,1.1854237533386232,0.3957436651270693,-1.2968930006027222
1U7F_B_AC,2.780237853642562,-0.28079247260437046,0.0112247316979996,-0.3008432388305664
1JTG_A_B,3.5892776752708,1.1319679617034912,0.0002977567930886,-4.861389338970184
1JTG_A_B,2.8483204693904005,1.1319679617034912,0.0002977567930886,-4.861389338970184
1JTG_A_B,3.129298546852737,-0.021152176457214455,0.0581735553346333,0.0890674591064457
1JTG_A_B,2.909608990650097,-0.021152176457214455,0.0581735553346333,0.0890674591064457
1JTG_A_B,2.7164766687500426,-0.021152176457214455,0.0581735553346333,0.0890674591064457
1JTG_A_B,3.6109336480214105,0.5376848537503052,0.0026403894497273,-4.221329033374786
1JTG_A_B,3.181974885254008,0.5376848537503052,0.0026403894497273,-4.221329033374786
1JTG_A_B,4.039030025525361,-0.19584148049774175,0.0147395475782741,-2.4213812351226807
1JTG_A_B,4.090680615177067,-0.19584148049774175,0.0147395475782741,-2.4213812351226807
1JTG_A_B,3.476280551497636,-0.07369665505676304,0.0453858918251032,0.4895217418670654
1JTG_A_B,3.240229606941118,-0.07369665505676304,0.0453858918251032,0.4895217418670654
1JTG_A_B,2.7419303754641247,-0.07369665505676304,0.0453858918251032,0.4895217418670654
1JTG_A_B,3.2922828461679834,1.9531333515747071,0.0709922215851227,-3.64918065071106
1JTG_A_B,3.0315079672635883,1.9531333515747071,0.0709922215851227,-3.64918065071106
1JTG_A_B,2.490094556115403,0.10433192644042988,0.0042958268741632,-1.2421607971191406
1JTG_A_B,3.460557491473223,0.10433192644042988,0.0042958268741632,-1.2421607971191406
1JTG_A_B,3.62637618355982,0.10433192644042988,0.0042958268741632,-1.2421607971191406
1JTG_A_B,4.814787563634082,0.9094128521148681,0.10132873176349,-0.5131068229675293
1JTG_A_B,4.341386347737017,0.9094128521148681,0.10132873176349,-0.5131068229675293
1JTG_A_B,4.664325452270516,0.9094128521148681,0.10132873176349,-0.5131068229675293
1JTG_A_B,3.4688321156979547,0.9317300751098643,0.2593930551085727,-1.5965960025787356
1JTG_A_B,3.0679073281389173,0.9317300751098643,0.2593930551085727,-1.5965960025787356
1JTG_A_B,3.0932857158139817,0.9317300751098643,0.2593930551085727,-1.5965960025787356
1JTG_A_B,0.3457257118069683,0.8323944365722655,0.0161823376055583,-0.2136188745498657
1JTG_A_B,-2.111378076580298,1.4994113050231932,0.0412486158857488,-1.0308642387390137
1JTG_A_B,-2.047815078149917,1.4994113050231932,0.0412486158857488,-1.0308642387390137
1JTG_A_B,1.0619445808414671,-0.5393442375686646,0.215167746276147,-0.3776552677154541
1JTG_A_B,0.9721922493024752,-0.5393442375686646,0.215167746276147,-0.3776552677154541
1JTG_A_B,0.600665592084845,0.19480049261627208,0.0207645609484681,-0.5541238784790039
1JTG_A_B,1.0018054638109524,2.0221948051818845,0.0257359351883453,-4.379139840602875
1JTG_A_B,1.901247735440147,0.006997615371017396,0.1745557373450361,-3.963800966739655
1JTG_A_B,0.8912870721943075,-0.7738517581634519,0.1156008741419353,-1.4175794124603271
1JTG_A_B,1.458154540521814,-0.7738517581634519,0.1156008741419353,-1.4175794124603271
1JTG_A_B,1.201902458112733,0.20232968512573235,0.4709959900266689,-0.8004739284515381
1LFD_A_B,1.0000262660078902,1.24441098119812,0.3042253835874633,-3.3176190853118896
1LFD_A_B,1.0000262660078902,1.24441098119812,0.3042253835874633,-3.222212314605713
1LFD_A_B,1.0000262660078902,1.24441098119812,0.3042253835874633,-0.9710321426391602
1LFD_A_B,1.0000262660078902,1.24441098119812,0.3042253835874633,-2.649235963821411
1LFD_A_B,1.0000262660078902,0.05182708885650644,0.3064946404049998,-3.3176190853118896
1LFD_A_B,1.0000262660078902,0.05182708885650644,0.3064946404049998,-3.222212314605713
1LFD_A_B,1.0000262660078902,0.05182708885650644,0.3064946404049998,-0.9710321426391602
1LFD_A_B,1.0000262660078902,0.05182708885650644,0.3064946404049998,-2.649235963821411
1LFD_A_B,1.0000262660078902,0.7522162371292114,0.127027842436433,-3.3176190853118896
1LFD_A_B,1.0000262660078902,0.7522162371292114,0.127027842436433,-3.222212314605713
1LFD_A_B,1.0000262660078902,0.7522162371292114,0.127027842436433,-0.9710321426391602
1LFD_A_B,1.0000262660078902,0.7522162371292114,0.127027842436433,-2.649235963821411
1LFD_A_B,0.3016465062781233,-0.3151392721252444,0.098081074534471,0.5517563819885254
1LFD_A_B,0.3016465062781233,-0.3151392721252444,0.098081074534471,-3.458439290523529
1LFD_A_B,1.7983783438929917,0.33270287182311997,0.0496675668425399,-3.930153369903565
1LFD_A_B,0.8004551296451752,0.9541647316101074,0.0049075394963577,-0.7588925361633305
1LFD_A_B,0.9002347674794081,2.8023849329559325,0.2132282991564649,-5.013533443212509
1LFD_A_B,0.9002347674794081,2.8023849329559325,0.2132282991564649,-1.670498967170715
1LFD_A_B,0.9002347674794081,0.7439235201934811,0.3329901341380833,-5.013533443212509
1LFD_A_B,0.9002347674794081,0.7439235201934811,0.3329901341380833,-1.670498967170715
1LFD_A_B,1.1002917441185578,0.6557996640197754,0.2830742882141155,-2.6944220662117004
1LFD_A_B,-0.5996996768007229,-0.42458458494567886,0.1158066595995612,-0.1521563529968261
1LFD_A_B,2.3001368447062487,0.29794621796264653,0.0058791224016501,-0.8271820545196533
1LFD_A_B,1.8967342874794035,1.24441098119812,0.3042253835874633,-3.3176190853118896
1LFD_A_B,0.8970140365918818,0.05182708885650644,0.3064946404049998,-3.222212314605713
1LFD_A_B,0.6968169145927486,-0.3151392721252444,0.098081074534471,0.5517563819885254
1LFD_A_B,1.6964434651050044,0.7522162371292114,0.127027842436433,-0.9710321426391602
1LFD_A_B,3.5961907468308287,0.7522162371292114,0.127027842436433,-4.747915506362915
1LFD_A_B,3.1967664763589263,0.33270287182311997,0.0496675668425399,-3.930153369903565
1LFD_A_B,3.1967664763589263,0.33270287182311997,0.0496675668425399,-0.5370422601699831
1LFD_A_B,3.1967664763589263,0.9389030102203368,0.0810025322250197,-3.930153369903565
1LFD_A_B,3.1967664763589263,0.9389030102203368,0.0810025322250197,-0.5370422601699831
1LFD_A_B,1.096957247412654,0.9541647316101074,0.0049075394963577,-0.7588925361633305
1LFD_A_B,-0.3020872474484755,-0.03417301608581491,0.2461914246383155,0.0303947925567626
1LFD_A_B,1.1965592838418202,-0.01575568573608388,0.0702334141780041,-0.072102546691894
1LFD_A_B,3.895850304700192,2.0379439038043214,0.0339119293036378,-4.200508892536163
1LFD_A_B,-0.9016174659348158,-0.42458458494567886,0.1158066595995612,-0.1521563529968261
1LFD_A_B,1.996030968103708,0.29794621796264653,0.0058791224016501,-2.649235963821411
1LFD_A_B,1.996030968103708,0.29794621796264653,0.0058791224016501,-0.8271820545196533
1LFD_A_B,3.696010834387762,0.29794621796264653,0.0058791224016501,-4.906597852706909
1LFD_A_B,0.7966874945980519,0.7439235201934811,0.3329901341380833,-1.670498967170715
4G0N_A_B,0.1004243403356974,0.08875577171783444,0.4804115589816912,-2.6460485458374023
4G0N_A_B,0.1004243403356974,0.08875577171783444,0.4804115589816912,-2.561494469642639
4G0N_A_B,0.1004243403356974,1.2868012383209229,0.0476390031234402,-2.6460485458374023
4G0N_A_B,0.1004243403356974,1.2868012383209229,0.0476390031234402,-2.561494469642639
4G0N_A_B,1.7002219629278112,-0.10804390250549312,0.0456865669734304,-1.236836194992065
4G0N_A_B,1.7002219629278112,-0.10804390250549312,0.0456865669734304,-1.5812137126922612
4G0N_A_B,2.001382836560122,0.44781783450927737,0.2700012697611756,-0.7882661819458008
4G0N_A_B,1.500606225056142,0.3353651842666625,0.0155576908057652,-1.3469243049621582
4G0N_A_B,1.000146590440926,0.4700804919769287,0.0742052585358735,-4.06068217754364
4G0N_A_B,2.200238060095798,-0.11415430421142592,0.3160921943466954,-0.3627076148986816
4G0N_A_B,0.9000619594182708,0.9100316987792969,0.0248611418862917,-3.6878350973129272
4G0N_A_B,0.5015718122627081,0.3513197631896974,0.4331129316232994,-1.836057901382446
4G0N_A_B,1.1002131044808692,1.0349408736541748,0.4226719258756186,-1.6873000860214231
4G0N_A_B,1.8006412824586262,1.7157932351959229,0.4341965335194497,-2.8920305967330933
4G0N_A_B,1.8006412824586262,1.7157932351959229,0.4341965335194497,-1.5481109619140625
4G0N_A_B,1.8006412824586262,-0.38485266358947756,0.1488684616464222,-2.8920305967330933
4G0N_A_B,1.8006412824586262,-0.38485266358947756,0.1488684616464222,-1.5481109619140625
4G0N_A_B,3.299688474498163,0.27890085409545895,0.0997506435520321,-0.0793542861938476
4G0N_A_B,-0.5998165205147215,0.7246086756500245,0.1690094407617663,-2.547417640686035
1GUA_A_B,1.0003955007411132,-0.0798697703155522,0.3107261602359055,-1.5984194278717043
1GUA_A_B,-0.3997593057047847,0.4526038995239259,0.3529666429175681,-2.797094941139221
1GUA_A_B,-0.3997593057047847,0.4526038995239259,0.3529666429175681,-0.8581500053405762
1GUA_A_B,-0.3997593057047847,0.03072591757812493,0.6628064200251308,-2.797094941139221
1GUA_A_B,-0.3997593057047847,0.03072591757812493,0.6628064200251308,-0.8581500053405762
1GUA_A_B,0.7008412516683519,0.3790960604003901,0.0164861557789103,0.2316133975982666
1GUA_A_B,1.9983187149889297,0.05626635182495132,0.3121121330176478,-0.6164884567260742
1GUA_A_B,0.7989190350110312,0.19358994044494637,0.5123270389693559,-0.5982179641723633
1GUA_A_B,0.1999403710959381,1.2078201842010499,0.0379125018521969,-1.520657539367677
1GUA_A_B,1.3002321152144958,0.003059315170288013,0.1277703709492343,-1.0046141147613523
1GUA_A_B,1.3996732349197516,0.8787648375427248,0.0401254192669645,-2.116205930709839
1K8R_A_B,2.9124644298919184,2.3102615745422366,0.0322597780314197,-1.7596359848976135
1K8R_A_B,2.836937339384543,0.31249165484313957,0.1989895156916716,-3.1572275161743164
1K8R_A_B,1.4939957601996467,0.7067761495819092,0.1174682602968379,1.5031239986419678
1K8R_A_B,1.59620521584467,0.9406445148468017,0.4751157185400533,-1.9495522975921624
1K8R_A_B,0.317973210297881,0.12676833362731976,0.1538936158948765,-0.2269577980041499
1K8R_A_B,3.5744899916506405,1.0383569766448972,0.0116782940787995,0.8976730108261111
1K8R_A_B,3.5744899916506405,1.0383569766448972,0.0116782940787995,-3.665580272674561
1K8R_A_B,3.5744899916506405,-0.23272088399658197,0.0359342848295021,0.8976730108261111
1K8R_A_B,3.5744899916506405,-0.23272088399658197,0.0359342848295021,-3.665580272674561
1K8R_A_B,1.9717067304457656,1.0383569766448972,0.0116782940787995,-0.9501261711120604
1K8R_A_B,0.7437439919787758,0.8518075452453613,0.0141992717067367,0.4070436954498295
1K8R_A_B,0.7437439919787758,0.8518075452453613,0.0141992717067367,-1.7798027992248535
1K8R_A_B,1.551383044107918,-0.23272088399658197,0.0359342848295021,-0.1993680000305178
4G0N_A_B,0.5516563533492312,1.2868012383209229,0.0476390031234402,-0.6954041719436646
4G0N_A_B,-0.6979837806626557,-0.014250664123535373,0.3696371052945803,0.9780404567718506
3KUD_A_B,-0.7977190616059049,-0.008212757717895425,0.3996213605161899,1.1108269691467283
1C1Y_A_B,0.7129766491354615,-0.08234786117248571,0.6495536076579284,-2.0891230106353764
1C1Y_A_B,0.5017585008132571,0.24735187036895745,0.3992087679783735,-2.554991602897644
1C1Y_A_B,1.4756267951789817,0.24735187036895745,0.3992087679783735,-0.2078996896743774
1C1Y_A_B,1.1234491717519564,0.4369999026229858,0.0740126550791518,-4.251810789108276
1C1Y_A_B,1.1084563032791503,-0.08234786117248571,0.6495536076579284,-0.7853655815124516
1C1Y_A_B,0.8906945892306273,-0.08234786117248571,0.6495536076579284,0.3500514030456538
1C1Y_A_B,1.4548461832557849,0.22476688444519044,0.0139042195037386,0.0922569036483762
1C1Y_A_B,1.4548461832557849,0.22476688444519044,0.0139042195037386,-0.6616973876953125
1C1Y_A_B,1.4548461832557849,0.15126181434326158,0.2577716409595119,0.0922569036483762
1C1Y_A_B,1.4548461832557849,0.15126181434326158,0.2577716409595119,-0.6616973876953125
1C1Y_A_B,1.9061753648850552,0.009260463751220804,0.321566279483636,-2.2617528438568115
1C1Y_A_B,1.580182002157296,0.06344557561340314,0.0619146214749999,-2.458672046661378
1C1Y_A_B,1.3120332272237871,-0.5317436015624999,0.4621301099291878,-0.1256713867187504
1C1Y_A_B,2.2319054750311067,-0.5317436015624999,0.4621301099291878,1.0061829090118404
1C1Y_A_B,2.619152014020517,-0.0255453165976334,0.072117449678291,-4.273629367351532
1C1Y_A_B,2.619152014020517,-0.0255453165976334,0.072117449678291,0.6779356002807617
1C1Y_A_B,2.619152014020517,-0.3418565060913088,0.0974828164205164,-4.273629367351532
1C1Y_A_B,2.619152014020517,-0.3418565060913088,0.0974828164205164,0.6779356002807617
4G0N_A_B,1.321986178698921,-0.3054873935668949,0.6843718215558372,-2.025172948837281
4G0N_A_B,1.5056557937436943,0.08875577171783444,0.4804115589816912,-2.6460485458374023
4G0N_A_B,1.8081599202626608,0.08875577171783444,0.4804115589816912,0.0100835561752321
4G0N_A_B,1.8081599202626608,0.08875577171783444,0.4804115589816912,-4.06068217754364
4G0N_A_B,1.8081599202626608,0.4700804919769287,0.0742052585358735,0.0100835561752321
4G0N_A_B,1.8081599202626608,0.4700804919769287,0.0742052585358735,-4.06068217754364
4G0N_A_B,1.831385903889746,-0.3054873935668949,0.6843718215558372,-0.5129413604736328
4G0N_A_B,2.1562393496672554,0.3353651842666625,0.0155576908057652,-1.3469243049621582
4G0N_A_B,2.326600838976684,0.44781783450927737,0.2700012697611756,-0.7882661819458008
4G0N_A_B,2.7844735863322736,-0.10804390250549312,0.0456865669734304,-1.5812137126922612
4G0N_A_B,3.5821926479381783,-0.11415430421142592,0.3160921943466954,-0.3627076148986816
4G0N_A_B,5.063509681420924,-0.11415430421142592,0.3160921943466954,0.5776247978210449
4G0N_A_B,5.356225375613696,-0.3754528169779968,0.0745248756771347,-3.287068247795105
4G0N_A_B,1.3874975241143412,0.3513197631896974,0.4331129316232994,-1.836057901382446
4G0N_A_B,0.6888024080234518,1.0349408736541748,0.4226719258756186,-1.6873000860214231
4G0N_A_B,0.6888024080234518,1.0349408736541748,0.4226719258756186,-4.06068217754364
4G0N_A_B,0.6888024080234518,0.4700804919769287,0.0742052585358735,-1.6873000860214231
4G0N_A_B,0.6888024080234518,0.4700804919769287,0.0742052585358735,-4.06068217754364
4G0N_A_B,0.4358299542775585,0.08875577171783444,0.4804115589816912,-2.6460485458374023
4G0N_A_B,2.0383180020945937,-0.11415430421142592,0.3160921943466954,-1.236836194992065
4G0N_A_B,2.0383180020945937,-0.11415430421142592,0.3160921943466954,-0.3627076148986816
1FFW_A_B,1.3635602050590228,0.020273061582107482,0.0884210467264264,-5.052549183368683
3EQS_A_B,0.3916713665958526,-0.45258905652160664,0.6325247536170621,0.4373164176940918
3EQS_A_B,1.2629482597472312,0.1335132459838867,0.3017806049508642,-4.179807007312775
3EQS_A_B,5.556008252105314,2.97420641923584,0.0098067976976524,-3.578067272901535
3EQS_A_B,3.109162512960843,1.4546304997955317,0.1569479441006949,-2.95808494091034
3EQS_A_B,6.407328502678618,3.476764545161133,0.0400758031384274,-4.651689872145653
3EQS_A_B,-1.111238704667861,0.5493960527038575,0.4150540839242404,0.6852879524230953
3EQY_A_C,0.3745714295332621,-0.10123514677123957,0.6551194260736548,-0.3279204368591308
3EQY_A_C,0.871018803509987,0.112860922875061,0.274811521425336,-3.817335724830627
3EQY_A_C,5.658450760459924,2.7544183202819825,0.0079920773502006,-1.4154848456382751
3EQY_A_C,2.586204476550158,1.5071489330841064,0.1690209909727489,-2.609811782836914
3EQY_A_C,6.043720046618101,3.5981601048889162,0.0768818829963771,-3.82367929816246
3EQY_A_C,2.3235741263738507,1.1750097341278076,0.1118877762769263,-5.000761270523071
3NGB_HL_G,1.29179372548406,0.7596516151092527,0.0176555334540346,-2.5381743907928467
3NGB_HL_G,0.6228825121518312,0.6390604952484131,0.1857258200531947,-1.468649625778199
3NGB_HL_G,-0.2593841685882592,0.6686244422729493,0.3765350696490027,-0.8516750335693359
3NGB_HL_G,-1.276658785621922,0.8880844546569824,0.0853981861914799,-0.682166576385498
3NGB_HL_G,1.2656103528731653,-0.027990549380798396,0.0235196952854405,-4.549953132867813
3NGB_HL_G,1.3584279749994033,1.0232928526977538,0.0792621738812965,-3.483479857444763
3NGB_HL_G,1.7671238351667182,2.146318795418091,0.0090948263481305,-2.8158518075942998
3NGB_HL_G,0.5484261455424753,0.08453415203857428,0.0580184190756226,-0.7068228721618652
3NGB_HL_G,0.9958445014003086,0.6876459572357176,0.1650017147680424,-0.453849077224731
3NGB_HL_G,1.6432171953097705,0.1452021274658204,0.148253348082775,2.566977977752685
3NGB_HL_G,1.087913680060634,0.47801020417480466,0.1884489479369015,-0.6837208271026611
3NGB_HL_G,-0.1993221876657736,1.028027506518555,0.5987609879029628,1.0593156814575195
3NGB_HL_G,1.4235858297640938,-0.2699563111297607,0.1796824388097654,-0.4277658462524418
3NGB_HL_G,1.1185738219244732,0.8967843175659178,0.0568718554066168,-0.1396317481994629
3NGB_HL_G,4.462500819429005,-0.14582172323150644,0.0070517695475679,-1.803465843200684
3NGB_HL_G,-0.7733629950981507,0.37323716649169913,0.4450412659361255,-0.2667713165283203
3NGB_HL_G,2.022787808114121,1.673463355770874,0.0542618330255439,-2.397930860519409
3NGB_HL_G,1.3199500457991684,-0.1199788231201171,0.0518623614989659,-0.0555431842803955
3NGB_HL_G,0.8588610734149358,1.9770583713989258,0.2142214813566306,-1.2031056880950932
3SE8_HL_G,1.4751462856602853,0.5272337561935425,0.0146990350536125,-3.658775568008423
3SE8_HL_G,1.3335256633900363,0.4837571505981446,0.0100299726892452,-3.1836167573928837
3SE8_HL_G,0.7611053868475779,0.3813881344909671,0.0197309384365628,-0.4545555114746085
3SE8_HL_G,0.3570971241082872,-0.19599583079376226,0.0283299265353755,-2.46418035030365
3SE8_HL_G,1.2496848072761948,1.0958714784057617,0.0691514343889664,-3.4457740783691406
3SE8_HL_G,1.1508398806593148,0.19563032973937977,0.033972482166695,-1.1417336463928232
3SE8_HL_G,0.855848570866861,-0.01637054205322297,0.0744768886112058,-0.9181890487670898
3SE8_HL_G,0.855848570866861,-0.01637054205322297,0.0744768886112058,-0.4914350509643554
3SE8_HL_G,1.2061688813685716,1.0654135184936524,0.2048563656433664,-0.1058530807495117
3SE8_HL_G,0.5498048998607449,-0.41935612441406245,0.2738165660134751,-1.6891875267028802
3SE8_HL_G,2.6444616721842755,0.0009522435241695604,0.1681826696530746,1.2221355438232422
3SE8_HL_G,-0.0709198383600139,-0.0548446482858658,0.2649313288741505,-3.445427030324936
3SE8_HL_G,-0.389348888489048,0.803100120498657,0.6579462508353617,-0.028430700302124
3SE8_HL_G,0.8299214752084622,-0.09683847090454112,0.4573687087605552,0.2572400569915771
3SE8_HL_G,1.0676040754519076,-0.11386887608337393,0.0250973467887035,-1.7217214107513423
3SE8_HL_G,-0.5565172567810809,-1.741621693508911,0.3082281320946058,2.5937345027923584
3SE8_HL_G,0.1943491834680722,-0.022613974176025398,0.1377341255369045,-1.259134292602539
3SE8_HL_G,-0.8640969558926477,1.5388686361999513,0.1161474194835462,-0.8418824672698975
3SE8_HL_G,1.5134906568562332,1.3917765894042968,0.0484626874890426,-3.7811436653137207
3SE8_HL_G,0.832325161797007,0.10057403944396981,0.0944934566695289,0.5532693862915039
3SE9_HL_G,0.5659996998544158,0.4239827501373292,0.0456587531351267,-2.036316394805908
3SE9_HL_G,1.275694617776512,0.5313709390979003,0.0030152768012987,-3.3688462376594543
3SE9_HL_G,-0.8592991401427342,0.08195538618469289,0.2819794458945331,1.0213882923126223
3SE9_HL_G,-0.8592991401427342,0.08195538618469289,0.2819794458945331,-4.766756296157837
3SE9_HL_G,-0.8592991401427342,0.8984302008377075,0.1241432962879984,1.0213882923126223
3SE9_HL_G,-0.8592991401427342,0.8984302008377075,0.1241432962879984,-4.766756296157837
3SE9_HL_G,0.4524446772287741,-0.02743921557846074,0.0349702699220799,-3.4706795811653137
3SE9_HL_G,1.5217611539508715,2.735749151483765,0.0051787029036619,-4.696874767541885
3SE9_HL_G,1.4695444872672188,0.3952275253173829,0.1633716459089472,-0.1780842542648315
3SE9_HL_G,2.6792564759020507,0.0984373350524903,0.1485499851746476,0.8249478340148926
3SE9_HL_G,-0.7664815180164962,-0.24255324104003906,0.4167307029281223,0.2323129177093505
3SE9_HL_G,0.4636996346548429,0.1997709429687502,0.6735117682079715,0.1743972301483154
3SE9_HL_G,0.4636996346548429,0.1997709429687502,0.6735117682079715,-1.5721397399902344
3SE9_HL_G,-0.3075796991115668,-0.14840703808639522,0.1379195259045463,-2.7553902864456177
3SE9_HL_G,-0.6151593982231336,-0.7615601703094477,0.3670073605590624,0.3476243019104004
3SE9_HL_G,0.1851435147920722,-0.005945565242271494,0.0582531039742049,-4.681500777602196
3SE9_HL_G,-0.4943310191067557,0.2257298093414306,0.2230798892401795,-1.0157015323638916
3SE9_HL_G,0.964242733675031,3.0090241480975344,0.1268036716788057,-4.267091989517212
1JTD_A_B,1.3011671118471222,-0.600054310256958,0.1304828975766979,-0.6481480598449711
1JTD_A_B,1.5074296942397836,-0.8550978206329352,0.0779828281964354,1.9380849599838263
1JTD_A_B,0.2950551393360103,-0.27310406070175175,0.3198124387911192,-3.4172120690345764
1JTD_A_B,3.150407363841207,-0.845611878601074,0.0081227634618895,0.1468980312347412
1JTD_A_B,2.550142241103219,0.703227089883423,0.0462799908050743,-1.045025110244751
1JTD_A_B,0.6668088632861536,0.8863217869506834,0.5973997793247162,0.7935731410980233
1JTD_A_B,1.2094240231121864,-0.6773125900787353,0.0144079091699902,1.1933927536010738
1JTD_A_B,1.988940524524266,0.12134787563476568,0.2046227475416903,-0.9533338546752924
1JTD_A_B,3.254742701471272,-0.5909908234069823,0.0174657935230678,0.4985079765319824
1JTD_A_B,-0.5488161240543374,0.29605885581359903,0.1776198191592237,-0.7557973861694331
1JTD_A_B,-1.061056078540056,0.0357719464042664,0.0788674776296996,-2.99666041135788
1JTD_A_B,3.960078126229166,1.320937179943848,0.0,-1.8483798503875728
1JTD_A_B,0.8240213465552473,0.47506893480682355,0.2143140487326718,-3.42154598236084
1JTD_A_B,1.849240251994085,-0.10059405422973589,0.0250219513249534,-0.6612539291381836
1JTD_A_B,5.809134901053953,1.2924112107360841,0.0272174388881959,-3.976488471031189
1JTD_A_B,0.8879466183005331,0.31792835294494637,0.1283446746733993,-0.398540735244751
1JTD_A_B,2.668825510928575,-0.2721385814941404,0.0426600691904958,-0.2095296382904057
3QHY_A_B,2.2542547942896496,-0.7094885933288575,0.1567681642259961,0.4287922382354736
3QHY_A_B,2.2542547942896496,-0.7094885933288575,0.1567681642259961,1.744370937347412
3QHY_A_B,2.2542547942896496,-1.4006993765472409,0.0617661967275125,0.4287922382354736
3QHY_A_B,2.2542547942896496,-1.4006993765472409,0.0617661967275125,1.744370937347412
3QHY_A_B,2.862412983865089,1.346252565637207,0.0687083406500625,-3.3214441537857056
3QHY_A_B,2.9019067270339165,0.27202771491088873,0.0079934116737204,-0.3297741413116455
3QHY_A_B,0.8159894793034468,0.88743310677948,0.3666240863418213,-3.6522504687309274
3QHY_A_B,1.6049857487233758,-1.036561669555664,0.0184875506043609,1.061976671218872
3QHY_A_B,0.8008689981434107,-0.0025148039062501404,0.1561934018222868,-0.4082057476043701
3QHY_A_B,1.8885446894993645,-0.2907615102203369,0.2072934581069336,-1.0219790935516355
3QHY_A_B,3.788176488658101,0.6031466016296387,0.0113969571958354,-0.6783053874969482
3QHY_A_B,3.4220595225170123,0.8090651353271485,0.009438445572429,-2.481915235519409
3QHY_A_B,3.4965384775158,0.8560298116241455,0.1017502054372819,-3.875787317752838
3QHY_A_B,2.0615439857216784,1.314583866168213,0.1546399704811133,-3.3972845673561096
3QHY_A_B,3.0115869999005174,0.16629390617370587,0.0212700504463766,-0.6923496723175049
3QHY_A_B,5.430066579124081,0.9611927142028809,0.0192707230350539,-3.0534082651138306
3QHY_A_B,0.5346662260766157,-0.009845152355957065,0.1243886395507839,-0.1364399194717409
3QHY_A_B,2.6946637029060385,-0.4052872188720702,0.03189805950915,-0.1849451065063472
5K39_A_B,-0.5096978065035378,1.7332987466186522,0.265457892084284,-2.326120615005493
5K39_A_B,2.8986237332785207,0.21232842854614287,0.1150099003136185,1.0131843090057369
5K39_A_B,2.1898670998026213,2.1528372312347415,0.0281609799673333,-4.70766419172287
5M2O_A_B,2.524718411022802,1.966628435499878,0.0,-3.007627367973328
5M2O_A_B,1.182801156826777,1.377498563404541,0.006772307128998,-3.058823764324188
5M2O_A_B,1.0988260155473215,0.7539287782241819,0.4926827203930774,-2.484006404876709
5M2O_A_B,-0.162971634777618,1.363412790206909,0.0136086929765737,-1.860288143157959
5M2O_A_B,0.8788031540499982,2.775756714909668,0.0108336818746696,-5.208195090293884
5M2O_A_B,0.1599705800619219,1.519597280776977,0.0,-1.1293542385101318
5M2O_A_B,-0.7821307826004512,-3.166409912750244,0.1316656173361369,1.0528221130371094
5M2O_A_B,1.6808793356196992,0.850100215875244,0.1663390810623018,-5.287669837474823
5M2O_A_B,0.723015933444505,0.7877977462463379,0.2478477946722612,-1.3990716934204095
5M2O_A_B,0.912257311452981,-0.19932365209960956,0.0,0.3008947372436523
5XCO_A_B,1.078538873622119,0.2032906331614685,0.1788127684402622,-5.233924143016338
5XCO_A_B,2.746752705465016,0.4852104244964601,0.0170332929091682,-1.4270236492156982
5XCO_A_B,1.3635602050590228,0.6275687298812866,0.1742337004008145,-3.688027501106262
5XCO_A_B,1.2854344722939772,2.4434214801678467,0.1264738952450308,-2.1134012937545776
5XCO_A_B,1.899483918855109,1.1415395815429688,0.2938720370099335,-1.5421643257141122
5XCO_A_B,0.0,-0.2195167457107543,0.1409561649473188,-2.408433079719544
5TAR_A_B,1.1260183153599006,1.4611575751739503,0.0802181766324594,-1.9601337909698484
5TAR_A_B,0.3841487812395772,0.3751101770629881,0.1209213076915606,0.0658249855041503
5TAR_A_B,0.1573458736678556,-0.2400684593872069,0.3998453680338386,-1.2951843738555908
2WPT_A_B,-1.4195684744495354,0.2635442810729982,0.0220018825516157,-2.618476629257203
2WPT_A_B,2.667129700212293,1.8375304485412602,0.0202013139275945,-2.578142464160919
2WPT_A_B,-0.1384956586149011,0.3939599370727538,0.1625461874532338,-0.613592386245728
3QIB_ABP_CD,0.7864605866612739,0.03097964666748032,0.197314518562846,-1.72816801071167
3QIB_ABP_CD,0.8918897191474736,-0.10955815588378925,0.0445631082412487,-1.1162714958190918
3QIB_ABP_CD,0.6097268969107853,-0.6420871808593751,0.1109555310245617,-2.2259910106658936
3QIB_ABP_CD,0.5658411434531176,0.03554001761016856,0.2930496985051027,-0.4819415807723999
3QIB_ABP_CD,0.844688448441092,-0.5749422983169556,0.2364899357890494,-1.866574764251709
3QIB_ABP_CD,1.82060413958121,0.20535546662902826,0.1514804198905843,0.9200888276100164
3QIB_ABP_CD,2.2030540002537933,0.865841480765686,0.085638453190406,-4.977566689252853
3QIB_ABP_CD,0.8625190715930913,-0.11373102666015633,0.1838257849994563,-2.78548800945282
3QIB_ABP_CD,0.749510758497891,-0.43463988550109867,0.0007109856765057,-0.4023313522338867
3QIB_ABP_CD,3.1375929327345404,1.986940084054565,0.0165700803991894,-3.281274735927582
3QIB_ABP_CD,3.1375929327345404,1.986940084054565,0.0165700803991894,-1.5694925785064695
3QIB_ABP_CD,3.1375929327345404,1.986940084054565,0.0165700803991894,-4.772334456443787
3QIB_ABP_CD,3.1375929327345404,-1.422428362878418,0.0269376678255004,-3.281274735927582
3QIB_ABP_CD,3.1375929327345404,-1.422428362878418,0.0269376678255004,-1.5694925785064695
3QIB_ABP_CD,3.1375929327345404,-1.422428362878418,0.0269376678255004,-4.772334456443787
3QIB_ABP_CD,3.1375929327345404,1.9662684205810548,0.0607522312655491,-3.281274735927582
3QIB_ABP_CD,3.1375929327345404,1.9662684205810548,0.0607522312655491,-1.5694925785064695
3QIB_ABP_CD,3.1375929327345404,1.9662684205810548,0.0607522312655491,-4.772334456443787
3QIB_ABP_CD,1.223286730651302,1.9662684205810548,0.0607522312655491,-4.328117251396179
