complex_id,chain,resnum,icode,aa,lP_A,lP_C,lP_D,lP_E,lP_F,lP_G,lP_H,lP_I,lP_K,lP_L,lP_M,lP_N,lP_P,lP_Q,lP_R,lP_S,lP_T,lP_V,lP_W,lP_Y,lQ_A,lQ_C,lQ_D,lQ_E,lQ_F,lQ_G,lQ_H,lQ_I,lQ_K,lQ_L,lQ_M,lQ_N,lQ_P,lQ_Q,lQ_R,lQ_S,lQ_T,lQ_V,lQ_W,lQ_Y
1AK4,D,485,,P,-3.663576126098633,-5.476104259490967,-4.858394622802734,-4.1684465408325195,-5.245837688446045,-4.851844310760498,-5.02073335647583,-4.2201104164123535,-2.7132511138916016,-4.499057292938232,-5.1918768882751465,-4.915737152099609,-0.315460741519928,-4.456714630126953,-3.812814235687256,-4.147763729095459,-4.286377429962158,-3.9155232906341553,-5.448368549346924,-5.240934371948242,-4.163403511047363,-5.547306060791016,-5.095760345458984,-4.530328273773193,-5.363330364227295,-5.070714473724365,-5.1006293296813965,-5.031981468200684,-3.9903078079223633,-4.861295223236084,-5.379916667938232,-5.244661808013916,-0.1564050167798996,-5.0099358558654785,-4.521783828735352,-4.719332218170166,-4.950610160827637,-5.093553066253662,-5.413360595703125,-5.38152551651001
1AK4,D,486,,V,-3.0127692222595215,-5.409782886505127,-5.025817394256592,-4.014014720916748,-5.195601940155029,-4.984626293182373,-5.0270514488220215,-2.8707916736602783,-2.468141794204712,-1.6411192417144775,-3.811997890472412,-5.012191295623779,-2.975684642791748,-1.4740753173828125,-2.268526315689087,-3.6492061614990234,-3.4138691425323486,-2.4347221851348877,-5.502350807189941,-5.340774059295654,-2.7722926139831543,-5.4174885749816895,-4.882009029388428,-3.290933132171631,-4.963776588439941,-4.82750940322876,-4.943716526031494,-3.2872493267059326,-2.7764627933502197,-2.0887491703033447,-3.7259697914123535,-4.9976396560668945,-2.854016065597534,-1.0622800588607788,-2.3405442237854004,-3.6298885345458984,-3.6816983222961426,-2.992818593978882,-5.304651260375977,-5.211612701416016
1AK4,D,487,,H,-3.705812454223633,-5.31850528717041,-5.272451877593994,-3.3529090881347656,-5.125089645385742,-5.208644866943359,-5.4024834632873535,-2.237119436264038,-2.215353488922119,-4.421567440032959,-4.595998764038086,-5.116637229919434,-4.267648220062256,-2.676632881164551,-1.9317519664764404,-4.2504401206970215,-1.613672137260437,-1.5096403360366821,-5.549783706665039,-5.401909351348877,-3.144893169403076,-5.372416019439697,-4.515810012817383,-2.731020450592041,-4.703599452972412,-5.011938571929932,-4.458931922912598,-2.116621732711792,-2.304980516433716,-2.923997163772583,-3.99835467338562,-4.464488506317139,-3.3432037830352783,-3.0913519859313965,-2.4503824710845947,-3.6043026447296143,-1.913774847984314,-1.6733092069625854,-4.871800422668457,-4.817002773284912
1AK4,D,488,,A,-0.689996063709259,-2.641421318054199,-4.820699691772461,-4.796088695526123,-4.103043556213379,-3.3641293048858643,-3.757314682006836,-5.829267978668213,-3.4997153282165527,-5.507167339324951,-4.6954851150512695,-4.911759853363037,-5.676402568817139,-4.007110595703125,-2.593092679977417,-1.8953814506530762,-5.569387912750244,-5.628458499908447,-5.3802666664123535,-3.7295444011688232,-2.4894192218780518,-5.392552852630615,-3.801792621612549,-2.520657539367676,-4.790093898773193,-3.8007473945617676,-4.699108123779297,-4.288179397583008,-3.128026008605957,-3.3728060722351074,-4.261175155639648,-4.411298751831055,-0.7031593322753906,-3.6654462814331055,-3.398655891418457,-3.149989604949951,-3.7102155685424805,-4.016880035400391,-5.167171001434326,-4.983776092529297
1AK4,D,489,,G,-5.607259750366211,-5.5393805503845215,-5.580883026123047,-5.571573257446289,-5.5683207511901855,-0.07906265556812286,-5.416765213012695,-5.571606159210205,-5.487217426300049,-5.558411598205566,-5.4527587890625,-5.521614074707031,-5.649980068206787,-5.445417881011963,-5.335768699645996,-5.518648147583008,-5.509583473205566,-5.536866188049316,-5.5712666511535645,-5.509059906005859,-5.56854772567749,-5.4949727058410645,-5.6891045570373535,-5.496542930603027,-5.519329071044922,-0.07711903750896454,-5.557210445404053,-5.584677219390869,-5.497536659240723,-5.470409393310547,-5.525651454925537,-5.644006729125977,-5.579861164093018,-5.568729400634766,-5.400276184082031,-5.558818817138672,-5.526336669921875,-5.537328243255615,-5.612972259521484,-5.562950611114502
1AK4,D,490,,P,-2.1188013553619385,-4.862569808959961,-4.593036651611328,-4.37709379196167,-4.366326808929443,-4.562775135040283,-4.978214740753174,-3.022186756134033,-5.014898300170898,-2.437981128692627,-3.5400936603546143,-4.82466459274292,-0.5853406190872192,-4.874868869781494,-4.756439208984375,-3.973403215408325,-4.627064228057861,-3.5948848724365234,-5.1065545082092285,-5.421384334564209,-2.2067112922668457,-5.108828067779541,-3.371493101119995,-2.138657331466675,-4.025708198547363,-4.3830718994140625,-4.270814418792725,-3.05591082572937,-2.5919711589813232,-2.6635901927948,-3.7534406185150146,-3.7929654121398926,-2.52121639251709,-3.145847797393799,-2.6391842365264893,-3.0245563983917236,-2.4323606491088867,-2.343363046646118,-4.570795059204102,-4.402566909790039
1AK4,D,491,,I,-5.384732246398926,-5.02903938293457,-5.2748823165893555,-4.746123313903809,-5.457099914550781,-5.481001853942871,-5.6400251388549805,-1.386922001838684,-5.145046234130859,-3.777120351791382,-5.119585037231445,-5.029465675354004,-5.592412948608398,-4.535808563232422,-4.89521598815918,-5.301711082458496,-1.7209851741790771,-0.7807685136795044,-5.49215030670166,-5.514458656311035,-5.3504509925842285,-4.947772026062012,-5.410717010498047,-4.738661766052246,-5.288752555847168,-5.41726016998291,-5.6019744873046875,-0.9453265070915222,-5.075770378112793,-3.6163909435272217,-5.0742034912109375,-5.242910385131836,-5.249897480010986,-4.635891437530518,-4.638647079467773,-5.284311771392822,-2.630894660949707,-0.872268557548523,-5.405124187469482,-5.439361572265625
1AK4,D,492,,A,-2.443495273590088,-5.166136741638184,-5.046776294708252,-4.449814319610596,-4.934483528137207,-4.984377861022949,-4.888190269470215,-3.0488083362579346,-3.361053943634033,-5.116184234619141,-4.548156261444092,-4.885078430175781,-0.6361667513847351,-3.652081251144409,-3.0192883014678955,-4.08560037612915,-3.0735597610473633,-2.484645128250122,-5.343680381774902,-5.082996368408203,-2.3927109241485596,-5.127130508422852,-4.153196811676025,-2.5464818477630615,-4.70739221572876,-3.9497079849243164,-4.576381206512451,-4.0511369705200195,-2.2867462635040283,-2.7818777561187744,-3.9022295475006104,-4.274139404296875,-1.1612797975540161,-2.9263527393341064,-2.584088087081909,-3.4424209594726562,-3.478727102279663,-3.3269364833831787,-5.093075275421143,-4.831691265106201
1AK4,D,493,,P,-2.9611332416534424,-5.539403915405273,-3.2254292964935303,-2.4011497497558594,-4.966193199157715,-4.709741115570068,-4.63462495803833,-4.724948406219482,-3.2360401153564453,-4.3925089836120605,-5.22597599029541,-4.514211177825928,-0.5279346704483032,-3.9924614429473877,-3.6630821228027344,-3.366983413696289,-4.060386657714844,-4.254004001617432,-5.249314785003662,-5.073436260223389,-2.1558916568756104,-5.380075931549072,-3.2792928218841553,-2.1442363262176514,-4.608017444610596,-4.376914978027344,-4.573225975036621,-3.9266388416290283,-2.788719892501831,-3.5657806396484375,-4.699381351470947,-4.412933349609375,-0.9751880168914795,-3.798199415206909,-3.0993683338165283,-3.1346435546875,-3.709916114807129,-3.46639347076416,-4.864034652709961,-4.63963508605957
1BJ1,V,17,,F,-4.216852188110352,-5.287421226501465,-5.082045555114746,-4.372076034545898,-1.8089187145233154,-4.994744777679443,-2.8839988708496094,-4.110156059265137,-4.329657554626465,-0.8466050028800964,-4.635919570922852,-4.950417995452881,-5.194214820861816,-4.405843734741211,-4.027858734130859,-4.774121284484863,-5.140172481536865,-4.906017780303955,-3.489442825317383,-1.7611881494522095,-3.6720759868621826,-5.186939716339111,-5.071496963500977,-4.120518207550049,-1.3739267587661743,-4.656497001647949,-1.9662054777145386,-3.996365785598755,-4.089798927307129,-1.9955430030822754,-4.582258224487305,-4.845176696777344,-5.057662010192871,-4.041324615478516,-3.876695394515991,-4.631898880004883,-5.2196736335754395,-4.875331878662109,-3.219928503036499,-1.3970400094985962
1BJ1,V,21,,Y,-3.968639373779297,-4.670514106750488,-4.165613174438477,-2.932371139526367,-3.772819995880127,-5.196207523345947,-4.534125328063965,-2.3337554931640625,-2.3317527770996094,-1.3419445753097534,-4.023106575012207,-3.88908052444458,-5.473226070404053,-3.913130283355713,-2.609668731689453,-3.9205238819122314,-2.9889485836029053,-1.878183126449585,-4.8350019454956055,-3.1891438961029053,-3.7811436653137207,-4.536913871765137,-4.066131114959717,-3.0120410919189453,-3.671194314956665,-5.171843528747559,-4.363352298736572,-2.3907551765441895,-2.1958866119384766,-1.4827556610107422,-4.061067581176758,-3.6799700260162354,-5.430230617523193,-3.6700923442840576,-2.5861542224884033,-3.8309149742126465,-2.976580858230591,-1.8714303970336914,-4.771284580230713,-3.127532958984375
1BJ1,W,45,,Y,-3.7969744205474854,-4.933013439178467,-4.668625354766846,-3.4148306846618652,-2.067138433456421,-5.470211505889893,-4.270044803619385,-2.3433306217193604,-3.3170008659362793,-1.6647531986236572,-3.8188531398773193,-4.813132286071777,-5.7250075340271,-4.076112747192383,-4.091179370880127,-4.26810884475708,-3.751539945602417,-2.7026846408843994,-4.63422966003418,-1.270880937576294,-3.3586277961730957,-4.512762546539307,-4.26751708984375,-3.2053191661834717,-2.7897207736968994,-5.247731685638428,-4.201931953430176,-1.8836467266082764,-2.9303252696990967,-1.5587329864501953,-4.008354663848877,-4.629746437072754,-5.678643703460693,-3.7835230827331543,-3.6841626167297363,-3.8293557167053223,-3.061431407928467,-2.1554672718048096,-4.244308948516846,-2.0853235721588135
1BJ1,W,48,,K,-4.779428958892822,-5.300322532653809,-3.4473159313201904,-3.598607301712036,-2.601839780807495,-5.411312103271484,-3.068166732788086,-2.2313790321350098,-3.3452069759368896,-3.029697895050049,-4.776172637939453,-3.5389373302459717,-5.592384338378906,-4.367076873779297,-2.9585559368133545,-3.8255422115325928,-1.928077220916748,-3.0307435989379883,-3.6671087741851807,-1.3299171924591064,-4.540802955627441,-5.2575178146362305,-3.391688346862793,-3.1985507011413574,-2.3050642013549805,-5.30412483215332,-3.071012020111084,-2.300095558166504,-3.110328197479248,-2.938337802886963,-4.681283950805664,-3.210629463195801,-5.553262233734131,-4.311907768249512,-2.900783061981201,-3.8021328449249268,-2.185983657836914,-2.99196720123291,-3.3254990577697754,-1.5229284763336182
1BJ1,W,79,,Q,-4.361884117126465,-4.9521284103393555,-3.4904184341430664,-0.40979188680648804,-5.246955871582031,-5.573958396911621,-4.915401458740234,-4.4509077072143555,-3.8740267753601074,-3.5941247940063477,-3.319765090942383,-4.065928936004639,-5.726069450378418,-2.5835185050964355,-4.041855812072754,-4.0835113525390625,-4.13067626953125,-4.70286750793457,-4.790521621704102,-4.6414947509765625,-4.595035076141357,-4.847742557525635,-4.455839157104492,-0.3256690502166748,-5.525445938110352,-5.546771049499512,-5.125151634216309,-4.450374126434326,-4.177341938018799,-4.654726505279541,-3.6522324085235596,-4.636019229888916,-5.7008514404296875,-2.501753568649292,-4.490711212158203,-4.038942337036133,-3.7103846073150635,-4.543855667114258,-4.968753337860107,-5.076231002807617
1BJ1,W,80,,I,-5.423491477966309,-5.394120693206787,-5.651700973510742,-5.647744655609131,-5.508489608764648,-5.505124568939209,-5.604250907897949,-1.505855679512024,-5.442498207092285,-3.31843638420105,-5.197159767150879,-5.349709510803223,-5.609292984008789,-4.8050456047058105,-5.39185094833374,-5.3393940925598145,-4.788749694824219,-0.41445356607437134,-5.4100470542907715,-5.326571464538574,-5.398410320281982,-5.345605850219727,-5.6549859046936035,-5.68143892288208,-5.510497093200684,-5.494688987731934,-5.600595951080322,-1.3996739387512207,-5.4421281814575195,-3.0922834873199463,-5.172152996063232,-5.359199523925781,-5.5893874168396,-4.8037896156311035,-5.373292446136475,-5.334633827209473,-4.7783684730529785,-0.4682843089103699,-5.424408912658691,-5.323022842407227
1BJ1,W,81,,M,-2.02299427986145,-4.652924060821533,-5.207522869110107,-3.4556729793548584,-4.82937479019165,-0.8077402114868164,-4.705963134765625,-5.044827461242676,-3.6522486209869385,-3.713127613067627,-2.8408401012420654,-4.732514381408691,-5.65513277053833,-2.7565767765045166,-2.2361021041870117,-3.4861035346984863,-4.860861778259277,-5.110434532165527,-5.41641902923584,-4.457714557647705,-3.4777894020080566,-4.149082183837891,-4.653180122375488,-1.5483322143554688,-3.3368754386901855,-3.369825601577759,-3.728062629699707,-4.801863670349121,-2.171048164367676,-2.680579900741577,-3.3078484535217285,-3.713397979736328,-5.4537177085876465,-2.4458794593811035,-1.9418548345565796,-4.007407188415527,-4.415110111236572,-4.638995170593262,-3.4047865867614746,-2.552058219909668
1BJ1,W,82,,R,-2.320401191711426,-3.672907590866089,-5.352029800415039,-3.8485288619995117,-5.003030776977539,-4.971881866455078,-5.313019752502441,-2.26914119720459,-3.0360488891601562,-4.193290710449219,-3.5011324882507324,-5.019866943359375,-5.468803405761719,-3.0911881923675537,-2.2575724124908447,-3.8255434036254883,-3.509394884109497,-0.8902960419654846,-5.16911506652832,-5.077585220336914,-3.100773811340332,-4.021189212799072,-5.151373386383057,-2.143860101699829,-4.44326639175415,-4.722595691680908,-4.649674892425537,-2.1455321311950684,-2.4889965057373047,-3.8068137168884277,-3.4730544090270996,-4.90651273727417,-5.514413833618164,-3.010554552078247,-2.367892026901245,-3.221951484680176,-2.43951416015625,-1.4665101766586304,-5.1824541091918945,-4.357209205627441
1BJ1,W,83,,I,-4.279576301574707,-4.636831760406494,-3.1391494274139404,-2.8455159664154053,-3.0114431381225586,-5.068301200866699,-2.5132012367248535,-3.1878321170806885,-2.5087804794311523,-2.0765833854675293,-3.867114782333374,-2.9977123737335205,-5.635615825653076,-3.5126330852508545,-2.316180944442749,-3.70503830909729,-4.114711284637451,-4.21115255355835,-3.626073122024536,-1.583308458328247,-4.163684368133545,-4.805699825286865,-3.117295265197754,-1.9249622821807861,-3.392941474914551,-4.916007041931152,-2.8231420516967773,-1.9934473037719727,-2.486193895339966,-2.625643730163574,-4.335854530334473,-2.8362579345703125,-5.491296291351318,-3.5206992626190186,-2.713531494140625,-3.6167924404144287,-3.3165552616119385,-2.575775623321533,-4.336635112762451,-2.6614458560943604
1BJ1,W,84,,K,-4.518096923828125,-5.233771800994873,-4.47355842590332,-3.5080854892730713,-4.013779163360596,-5.409559726715088,-3.5622105598449707,-1.1628304719924927,-2.2452454566955566,-1.806363582611084,-4.322935104370117,-4.064380168914795,-5.620433807373047,-3.3345277309417725,-2.4384775161743164,-4.641772747039795,-4.1497063636779785,-2.402024745941162,-4.695171356201172,-3.624467611312866,-4.118242263793945,-5.11012077331543,-4.691842555999756,-3.425947904586792,-3.5766656398773193,-5.2805986404418945,-3.6926181316375732,-1.9758881330490112,-2.2742481231689453,-1.5982766151428223,-4.3044891357421875,-4.237758159637451,-5.529149055480957,-3.7161614894866943,-2.4579334259033203,-4.532351970672607,-3.578727960586548,-1.569800615310669,-4.507238388061523,-3.3626527786254883
1BJ1,W,86,,H,-5.058348655700684,-5.564149856567383,-4.09029483795166,-4.792424201965332,-5.428771495819092,-0.14499136805534363,-4.971331596374512,-5.412660121917725,-4.9414825439453125,-5.515908241271973,-5.572348594665527,-3.7727150917053223,-5.638695240020752,-5.167340278625488,-5.0785675048828125,-4.430417537689209,-5.179478645324707,-5.527896881103516,-5.488685131072998,-5.3223981857299805,-4.974138259887695,-5.500397205352783,-3.8088462352752686,-4.632075309753418,-5.004052639007568,-0.18330389261245728,-4.6725873947143555,-5.461970806121826,-4.645322799682617,-5.03245210647583,-5.39980411529541,-3.4587342739105225,-5.597809791564941,-5.106730937957764,-4.864301681518555,-4.422794818878174,-5.146574974060059,-5.3525896072387695,-5.3186774253845215,-4.930549621582031
1BJ1,W,87,,Q,-4.572472095489502,-4.9796600341796875,-4.191214084625244,-2.8191487789154053,-2.6184935569763184,-5.282993793487549,-4.010899543762207,-2.839339017868042,-1.940873622894287,-2.852984666824341,-3.324550151824951,-4.27781343460083,-5.584680557250977,-2.932896614074707,-1.5791022777557373,-4.156440734863281,-4.402182579040527,-2.0321576595306396,-4.306035041809082,-2.707362174987793,-3.8698129653930664,-5.2276835441589355,-3.7827987670898438,-1.8834940195083618,-4.233733654022217,-4.918172359466553,-4.203681945800781,-2.4566426277160645,-1.6817299127578735,-3.0334010124206543,-4.267429828643799,-4.226411819458008,-5.448302268981934,-2.5291519165039062,-2.7119579315185547,-3.497767448425293,-3.5716023445129395,-1.6874022483825684,-5.054662227630615,-4.307717800140381
1BJ1,W,88,,G,-2.9450507164001465,-3.523305654525757,-4.263656139373779,-4.673409461975098,-1.8105305433273315,-2.4094369411468506,-3.953491687774658,-4.11143684387207,-5.407480239868164,-3.940765619277954,-3.36794376373291,-4.223299980163574,-5.691167831420898,-4.6631760597229,-4.743221759796143,-2.121026039123535,-1.8891432285308838,-3.94394850730896,-2.5304596424102783,-1.9602062702178955,-3.2852180004119873,-4.507330417633057,-3.432882308959961,-3.440077781677246,-1.4471524953842163,-2.8165528774261475,-3.6245837211608887,-4.922280311584473,-3.0816609859466553,-4.204174518585205,-3.8228347301483154,-3.5940282344818115,-5.643368244171143,-4.234111309051514,-2.703641653060913,-2.222426414489746,-3.619307041168213,-4.545637130737305,-2.7283573150634766,-1.8842766284942627
1BJ1,W,89,,Q,-4.1693010330200195,-5.216068267822266,-5.128564357757568,-4.78809928894043,-1.5695059299468994,-4.537106037139893,-3.441108226776123,-5.1926093101501465,-4.172889232635498,-2.5580523014068604,-3.521056652069092,-4.936782360076904,-5.651219367980957,-3.5636820793151855,-3.109524726867676,-3.062469720840454,-4.76865816116333,-5.264795303344727,-2.3170812129974365,-1.0690275430679321,-2.691530466079712,-4.398751258850098,-2.8453006744384766,-1.7916544675827026,-3.5847036838531494,-3.5983009338378906,-4.194377899169922,-4.209705352783203,-2.7859647274017334,-4.557950496673584,-4.051876068115234,-3.641054630279541,-5.336633205413818,-3.0991086959838867,-2.7706520557403564,-1.360734462738037,-2.9726622104644775,-3.894653081893921,-3.5370688438415527,-3.70074725151062
1BJ1,W,90,,H,-1.828688621520996,-3.895130157470703,-5.3973541259765625,-5.252452850341797,-5.124894618988037,-1.3902071714401245,-4.912520408630371,-5.670666694641113,-5.115074157714844,-5.132187843322754,-4.388678073883057,-4.2995100021362305,-5.7468366622924805,-4.407181739807129,-3.9543700218200684,-1.1531858444213867,-1.9607198238372803,-5.054073333740234,-5.491634368896484,-5.483118057250977,-3.2397987842559814,-4.917455196380615,-3.8403728008270264,-3.418837785720825,-2.7056055068969727,-1.0811421871185303,-1.7563362121582031,-5.37119197845459,-3.195106267929077,-4.645625114440918,-4.295494079589844,-3.669154405593872,-5.708439826965332,-3.7080495357513428,-2.95497727394104,-3.3845365047454834,-4.268683433532715,-4.9655561447143555,-4.3891682624816895,-2.5380985736846924
1BJ1,W,91,,I,-4.599061489105225,-5.187768936157227,-3.0404763221740723,-3.202613353729248,-4.8427839279174805,-5.569831848144531,-5.031783103942871,-1.077458381652832,-3.1169698238372803,-4.275182723999023,-4.834847450256348,-3.4442296028137207,-5.799009323120117,-4.2745490074157715,-3.4760940074920654,-3.83103609085083,-2.4688596725463867,-1.3478378057479858,-4.993221282958984,-4.00114631652832,-2.8876547813415527,-4.230304718017578,-3.3109846115112305,-2.053274631500244,-3.6707935333251953,-4.815461158752441,-4.716916084289551,-3.451162576675415,-2.6238598823547363,-4.867613792419434,-4.799564361572266,-3.8737854957580566,-3.811988353729248,-3.621692657470703,-2.8663315773010254,-2.553274393081665,-1.4869086742401123,-2.0581297874450684,-3.958320140838623,-3.685708522796631
1BJ1,W,92,,G,-5.707037448883057,-5.560265064239502,-5.662014961242676,-5.625065803527832,-5.553525447845459,-0.0713384598493576,-5.643916606903076,-5.53345251083374,-5.70502233505249,-5.532581806182861,-5.6049323081970215,-5.633966445922852,-5.644840240478516,-5.640552520751953,-5.6703104972839355,-5.661487102508545,-5.623597621917725,-5.611764907836914,-5.578901767730713,-5.614805698394775,-4.1599884033203125,-4.624770641326904,-4.439221382141113,-3.829108476638794,-4.767404556274414,-0.41212576627731323,-3.7076213359832764,-5.565012454986572,-3.4900200366973877,-4.674111843109131,-4.166474342346191,-4.67752742767334,-5.8160271644592285,-3.5454728603363037,-3.238784074783325,-3.139173746109009,-3.1300222873687744,-5.322992324829102,-5.0554585456848145,-4.832475662231445
1BJ1,W,93,,E,-3.1556012630462646,-5.004219055175781,-3.7182412147521973,-2.3808112144470215,-4.560244083404541,-4.862973213195801,-4.686892032623291,-2.37838077545166,-1.6892578601837158,-2.6080353260040283,-4.421932697296143,-3.208881139755249,-5.016476154327393,-3.2953712940216064,-3.0042645931243896,-2.520219326019287,-2.1339051723480225,-2.3784167766571045,-5.225680351257324,-4.348447799682617,-2.6469545364379883,-4.527374267578125,-2.7639963626861572,-2.041140556335449,-4.874526500701904,-4.283923625946045,-4.592702865600586,-3.0072219371795654,-2.5201542377471924,-3.126981258392334,-4.676577091217041,-2.9153685569763184,-2.010924816131592,-3.5079522132873535,-3.671830415725708,-2.4277048110961914,-2.4718310832977295,-2.512890100479126,-5.347498416900635,-4.720003604888916
1BJ1,W,94,,M,-4.890564918518066,-5.111708164215088,-4.900086402893066,-3.7965991497039795,-4.448974609375,-5.409482002258301,-4.734371185302734,-2.703934669494629,-3.001558303833008,-0.7389585375785828,-2.0927562713623047,-5.266672134399414,-5.453326225280762,-2.9638214111328125,-2.764508008956909,-4.75474214553833,-3.726503849029541,-3.1987781524658203,-5.011438369750977,-4.628383159637451,-4.330183506011963,-4.7101149559021,-4.791831016540527,-3.6279544830322266,-2.874032974243164,-5.228042125701904,-3.6236541271209717,-2.574432373046875,-3.293123960494995,-1.319103479385376,-1.5173778533935547,-5.058573246002197,-5.425320148468018,-3.917628288269043,-2.6224939823150635,-4.577474117279053,-3.9877045154571533,-2.7566165924072266,-3.788239002227783,-3.3182761669158936
1CZ8,V,17,,F,-4.613712787628174,-5.418891906738281,-5.429551601409912,-4.726072311401367,-3.310206890106201,-4.9046831130981445,-3.262166976928711,-4.233798027038574,-4.254295349121094,-0.319364458322525,-4.785643577575684,-5.159946441650391,-5.412899971008301,-4.692028045654297,-3.817389965057373,-4.974588871002197,-5.260804653167725,-5.148702621459961,-3.7761402130126953,-3.1157100200653076,-3.6893234252929688,-5.244884014129639,-5.117725849151611,-4.22275972366333,-2.333369731903076,-4.689629077911377,-1.701391577720642,-4.0247979164123535,-3.7240166664123535,-0.977378249168396,-4.7994303703308105,-4.571588516235352,-5.173361301422119,-4.202051162719727,-3.455629348754883,-4.445693492889404,-5.1958794593811035,-4.712757110595703,-3.4286601543426514,-2.1825966835021973
1CZ8,V,21,,Y,-4.014243125915527,-4.665126323699951,-4.197780609130859,-2.8102807998657227,-4.457705497741699,-5.199734210968018,-4.8671674728393555,-1.8274049758911133,-2.240215301513672,-1.6721223592758179,-3.9667558670043945,-3.571521759033203,-5.463074684143066,-3.4113831520080566,-2.4524736404418945,-3.7903895378112793,-2.795031785964966,-1.9745012521743774,-4.9974541664123535,-4.0317840576171875,-3.8575544357299805,-4.558276653289795,-3.9357688426971436,-2.8446826934814453,-4.38578462600708,-5.175468444824219,-4.767704963684082,-2.006822109222412,-2.082418918609619,-1.802043080329895,-3.979569911956787,-3.1847620010375977,-5.427065849304199,-3.168405771255493,-2.4094340801239014,-3.663968563079834,-2.7743144035339355,-2.0458438396453857,-4.889829635620117,-3.9699552059173584
1CZ8,W,45,,Y,-4.622255325317383,-5.1865081787109375,-5.091554641723633,-3.630795478820801,-2.0479044914245605,-5.562284469604492,-4.254251003265381,-3.416548728942871,-3.7809689044952393,-2.1245276927948,-3.8965628147125244,-4.845993995666504,-5.729032516479492,-4.326785564422607,-4.39703893661499,-4.61587381362915,-4.150897979736328,-3.5569629669189453,-4.803531646728516,-0.6724527478218079,-3.828650712966919,-4.583542823791504,-4.550783157348633,-3.1881465911865234,-2.265732765197754,-5.2932353019714355,-3.7876763343811035,-2.7250924110412598,-2.7799179553985596,-1.6864546537399292,-3.7746331691741943,-4.485126972198486,-5.706929683685303,-3.7016148567199707,-3.542142391204834,-3.869359016418457,-3.3440487384796143,-2.841108798980713,-3.8384711742401123,-1.4072424173355103
1CZ8,W,48,,K,-4.833880424499512,-5.2663469314575195,-3.467860221862793,-3.6418075561523438,-2.4973063468933105,-5.359941005706787,-3.0637192726135254,-2.3314695358276367,-3.572653293609619,-3.154824733734131,-4.673598766326904,-3.251704692840576,-5.490763187408447,-4.39176607131958,-3.2459821701049805,-3.9370245933532715,-2.1121315956115723,-3.024015426635742,-3.151305913925171,-1.2292098999023438,-4.5508904457092285,-5.254502296447754,-2.846498966217041,-3.052706718444824,-2.3480820655822754,-5.261076927185059,-3.01835036277771,-2.582131862640381,-3.4319915771484375,-3.220273494720459,-4.665737628936768,-2.599052906036377,-5.488958835601807,-4.365503311157227,-3.1978628635406494,-3.682698965072632,-2.277139902114868,-3.151304006576538,-3.137336254119873,-1.4869353771209717
1CZ8,W,79,,Q,-4.651455879211426,-5.02529764175415,-3.369614362716675,-0.4547288417816162,-4.953679084777832,-5.579796314239502,-4.238284111022949,-4.11572265625,-3.697119951248169,-3.71079158782959,-3.866393804550171,-3.73366117477417,-5.676549434661865,-2.4601047039031982,-3.833583116531372,-4.348220348358154,-3.817887544631958,-4.4759016036987305,-4.824227333068848,-4.241176605224609,-4.87374210357666,-5.071542263031006,-4.495990753173828,-0.3405761122703552,-5.46757698059082,-5.626881122589111,-4.705685615539551,-4.254924297332764,-4.146245002746582,-4.727489471435547,-4.206685543060303,-4.4230265617370605,-5.658328056335449,-2.2928669452667236,-4.372530460357666,-4.353082180023193,-3.660611867904663,-4.557792663574219,-4.928457260131836,-4.885857582092285
1CZ8,W,80,,I,-5.460416793823242,-5.2212653160095215,-5.642422199249268,-5.6662068367004395,-5.581521511077881,-5.545740604400635,-5.634925365447998,-1.8715415000915527,-5.459428310394287,-4.133841037750244,-5.318606853485107,-5.138580799102783,-5.572967052459717,-5.000952243804932,-5.419041633605957,-5.268669128417969,-4.51772403717041,-0.29145365953445435,-5.498455047607422,-5.323521137237549,-5.4624199867248535,-5.214608192443848,-5.652233123779297,-5.699194431304932,-5.585236072540283,-5.5373005867004395,-5.635894775390625,-1.7011849880218506,-5.4802632331848145,-3.898467540740967,-5.279563903808594,-5.119786262512207,-5.581745147705078,-5.026254653930664,-5.4351606369018555,-5.266660690307617,-4.394166469573975,-0.3382289409637451,-5.529811859130859,-5.29323673248291
1CZ8,W,81,,M,-3.1233344078063965,-4.993076324462891,-5.359821319580078,-4.113064765930176,-4.680919647216797,-0.9184620380401611,-4.663612365722656,-4.175654411315918,-3.5445361137390137,-2.8531746864318848,-2.2340054512023926,-4.296483039855957,-5.628450870513916,-2.4339327812194824,-1.9249839782714844,-4.084619045257568,-4.8316264152526855,-4.962573051452637,-5.477730751037598,-4.230355262756348,-3.733841896057129,-4.305245876312256,-4.959677219390869,-1.7499746084213257,-3.5904557704925537,-3.7875540256500244,-3.7088468074798584,-4.602103233337402,-1.9151477813720703,-2.7837953567504883,-3.207559823989868,-3.731757164001465,-5.501718044281006,-2.1875033378601074,-1.6866390705108643,-4.273446559906006,-4.247923851013184,-4.466088771820068,-3.6729753017425537,-2.865266799926758
1CZ8,W,82,,R,-1.5038563013076782,-3.6660053730010986,-5.368391990661621,-4.124216556549072,-4.424449443817139,-4.189610004425049,-5.245240688323975,-2.269477367401123,-3.9649789333343506,-4.068976402282715,-2.56048583984375,-5.080793380737305,-5.057004451751709,-3.3532795906066895,-3.486048460006714,-3.867739677429199,-3.7883245944976807,-1.0697693824768066,-4.856133937835693,-4.642632007598877,-3.139012336730957,-3.9473042488098145,-5.053544998168945,-1.8968963623046875,-4.221274375915527,-4.58241605758667,-4.54029655456543,-2.2019848823547363,-2.724424362182617,-3.642326831817627,-3.42526912689209,-4.864294052124023,-5.351233005523682,-2.8418617248535156,-2.6070237159729004,-3.233480930328369,-2.3438987731933594,-1.5617440938949585,-5.038278579711914,-4.246791362762451
1CZ8,W,83,,I,-4.25087308883667,-4.3278374671936035,-3.2363297939300537,-2.952988386154175,-3.1165010929107666,-4.995397090911865,-2.512636184692383,-2.999211549758911,-2.7515757083892822,-2.231698989868164,-3.608088731765747,-3.086451768875122,-5.592815399169922,-3.3273096084594727,-2.1580419540405273,-3.2940711975097656,-3.5705182552337646,-4.278548240661621,-3.9331884384155273,-1.602929949760437,-4.2185773849487305,-4.52717399597168,-3.313020944595337,-1.8580490350723267,-3.4573848247528076,-4.915205001831055,-2.9577977657318115,-1.8984652757644653,-2.6753323078155518,-2.7560436725616455,-4.211084365844727,-3.0204017162323,-5.42104959487915,-3.3933560848236084,-2.846019983291626,-3.264293909072876,-2.9153640270233154,-2.4337244033813477,-4.526773929595947,-2.839690923690796
1CZ8,W,84,,K,-4.405045032501221,-5.179358005523682,-4.594517230987549,-3.211895227432251,-4.342763423919678,-5.348087787628174,-3.130176067352295,-1.3081068992614746,-1.8524341583251953,-2.2435719966888428,-4.338798999786377,-3.7453818321228027,-5.6039719581604,-2.93485164642334,-2.1850202083587646,-4.5464959144592285,-4.027354717254639,-2.591017723083496,-4.736883163452148,-3.9674787521362305,-3.983029365539551,-4.941476345062256,-4.77143669128418,-3.209235668182373,-3.8849258422851562,-5.274166584014893,-3.4349207878112793,-2.1008856296539307,-1.9235239028930664,-1.850313425064087,-4.293912410736084,-4.038393020629883,-5.534873008728027,-3.2986912727355957,-2.2604551315307617,-4.457240581512451,-3.575996160507202,-1.6646021604537964,-4.499064922332764,-3.6722609996795654
1CZ8,W,86,,H,-4.6506547927856445,-5.4933648109436035,-3.6217360496520996,-4.532843112945557,-5.37497091293335,-0.19644370675086975,-4.791378974914551,-5.389424800872803,-4.736324787139893,-5.488279342651367,-5.555330276489258,-3.2697317600250244,-5.663158416748047,-4.965433120727539,-4.897643089294434,-4.077432155609131,-5.044859409332275,-5.542724609375,-5.439730644226074,-5.230546951293945,-4.662271022796631,-5.450725078582764,-3.339632749557495,-4.288210868835449,-4.81743860244751,-0.2621223032474518,-4.412924289703369,-5.43026876449585,-4.2621169090271,-4.865377426147461,-5.275532245635986,-2.9629437923431396,-5.573380947113037,-4.829957008361816,-4.551565647125244,-4.107801914215088,-5.0179290771484375,-5.308424472808838,-5.217915058135986,-4.741262435913086
1CZ8,W,87,,Q,-4.584676742553711,-4.906999588012695,-4.208177089691162,-2.990283966064453,-2.5726847648620605,-5.2476935386657715,-4.020659446716309,-2.8748161792755127,-1.9434847831726074,-2.888991594314575,-3.2238409519195557,-4.277904510498047,-5.5558319091796875,-3.095179319381714,-1.5988470315933228,-4.264649391174316,-4.422307014465332,-1.9277443885803223,-4.4845075607299805,-2.5942587852478027,-3.8355112075805664,-5.240565776824951,-3.686147451400757,-1.8655728101730347,-4.4559102058410645,-4.8495774269104,-4.31318998336792,-2.5553319454193115,-1.6274484395980835,-2.9993832111358643,-4.2426557540893555,-4.1814422607421875,-5.445502758026123,-2.543717384338379,-2.725665330886841,-3.482325792312622,-3.634553909301758,-1.6862826347351074,-5.149929046630859,-4.574246883392334
1CZ8,W,88,,G,-2.6066880226135254,-3.4430558681488037,-4.335575103759766,-4.585334777832031,-1.73537278175354,-2.037626028060913,-3.6129822731018066,-4.150540828704834,-5.38731050491333,-3.86370587348938,-3.4230008125305176,-4.183560371398926,-5.602016448974609,-4.600025653839111,-4.875960350036621,-2.183082103729248,-2.2590510845184326,-3.7182135581970215,-2.945373296737671,-2.019174814224243,-3.6990034580230713,-4.712378025054932,-3.4635796546936035,-3.4752049446105957,-1.1934529542922974,-3.3566336631774902,-3.446526527404785,-4.778263568878174,-3.287923812866211,-4.172659397125244,-3.9690678119659424,-3.7665576934814453,-5.721905708312988,-4.473419189453125,-2.954002618789673,-2.8819897174835205,-3.8832364082336426,-4.489789009094238,-2.8812248706817627,-1.5130821466445923
1CZ8,W,89,,Q,-4.058524131774902,-5.041732311248779,-5.034464359283447,-4.584072113037109,-1.666325569152832,-4.271905422210693,-2.942028284072876,-5.088754177093506,-4.279684066772461,-2.519028663635254,-3.4172632694244385,-4.80441951751709,-5.627322196960449,-2.980452299118042,-2.999134063720703,-2.497398614883423,-4.422459125518799,-5.144350528717041,-1.7738432884216309,-1.669577956199646,-2.986551523208618,-4.462643623352051,-2.862902879714966,-1.724820852279663,-4.117645263671875,-4.07111930847168,-4.287683486938477,-4.243089199066162,-2.806955099105835,-4.674079895019531,-4.1771650314331055,-3.5589122772216797,-5.351957321166992,-3.0371811389923096,-2.896444320678711,-1.2174738645553589,-2.673151731491089,-3.846837043762207,-4.039183139801025,-4.146122455596924
1CZ8,W,90,,H,-1.495426893234253,-3.728905439376831,-5.4053168296813965,-5.310845851898193,-5.026705741882324,-2.836155652999878,-4.616585731506348,-5.713751792907715,-5.193199634552002,-5.117524147033691,-4.223452091217041,-4.410626411437988,-5.7151055335998535,-4.643834590911865,-4.164641380310059,-0.9473387598991394,-1.6420953273773193,-4.998074531555176,-5.4272918701171875,-5.356842041015625,-3.129852533340454,-4.694340705871582,-3.735396385192871,-3.293628692626953,-2.948594331741333,-1.4994361400604248,-1.4307708740234375,-5.365273952484131,-2.973926067352295,-4.643510341644287,-4.0679473876953125,-3.573193073272705,-5.744975566864014,-3.4072611331939697,-2.5670974254608154,-3.2470357418060303,-3.8893485069274902,-4.926962375640869,-4.412720680236816,-2.674168586730957
1CZ8,W,91,,I,-4.467077255249023,-5.0844550132751465,-2.651726245880127,-2.9108917713165283,-4.191051959991455,-5.337201118469238,-4.379237651824951,-1.3264716863632202,-2.8518588542938232,-3.3727521896362305,-4.423779487609863,-3.224832773208618,-5.705936431884766,-3.9551830291748047,-3.288334608078003,-3.4728944301605225,-2.4802844524383545,-1.716133713722229,-4.364543437957764,-3.022562265396118,-3.066406011581421,-3.941617488861084,-3.153970241546631,-2.229907512664795,-3.4302501678466797,-4.44354772567749,-4.757995128631592,-3.282576322555542,-2.7463314533233643,-3.910154342651367,-4.526272296905518,-3.3947865962982178,-3.3632636070251465,-3.721663475036621,-3.393890142440796,-2.5560173988342285,-1.4188175201416016,-2.280297040939331,-3.9017462730407715,-3.490328311920166
1CZ8,W,92,,G,-5.702701568603516,-5.574366092681885,-5.653031826019287,-5.621728897094727,-5.555577278137207,-0.07149210572242737,-5.650831699371338,-5.53312349319458,-5.6922831535339355,-5.521311283111572,-5.600127696990967,-5.625229835510254,-5.651536464691162,-5.646417140960693,-5.685333728790283,-5.667611122131348,-5.616881370544434,-5.583508491516113,-5.58582878112793,-5.601878643035889,-4.496962547302246,-4.525271892547607,-4.705389499664307,-4.081203460693359,-5.103952407836914,-0.28970861434936523,-4.797829627990723,-5.426588535308838,-4.116209983825684,-4.73073148727417,-4.245688438415527,-4.9467291831970215,-5.755130290985107,-3.8693535327911377,-3.9670534133911133,-3.730112075805664,-2.8796093463897705,-5.259337425231934,-5.31317138671875,-5.2797112464904785
1CZ8,W,93,,E,-3.8437464237213135,-5.062955379486084,-3.589043378829956,-2.421799421310425,-3.4134252071380615,-5.019130706787109,-4.424431324005127,-2.3625199794769287,-1.8466887474060059,-2.027804136276245,-4.143949031829834,-3.2916877269744873,-5.5874247550964355,-3.265346050262451,-2.947582483291626,-3.0039632320404053,-2.219014883041382,-2.6837005615234375,-4.781594276428223,-3.261164426803589,-3.489112377166748,-4.869106769561768,-2.885464906692505,-2.080472230911255,-4.3661088943481445,-4.926859378814697,-4.18660306930542,-2.5780179500579834,-2.0686399936676025,-2.133735418319702,-4.309123992919922,-2.768507957458496,-3.8531205654144287,-3.151611328125,-3.345883369445801,-2.836263418197632,-2.4343268871307373,-2.4937968254089355,-5.205420017242432,-4.169630527496338
1CZ8,W,94,,M,-5.182267665863037,-5.197386741638184,-5.090031147003174,-4.594357490539551,-4.521938800811768,-5.4729695320129395,-4.788797855377197,-1.875373125076294,-3.464426279067993,-0.7926594018936157,-1.8647284507751465,-5.182694435119629,-5.676004886627197,-3.8333985805511475,-3.281475782394409,-5.166752815246582,-4.441689491271973,-2.9463517665863037,-4.894894123077393,-4.48402214050293,-4.703612327575684,-5.0301737785339355,-5.0253705978393555,-4.0932793617248535,-3.0256173610687256,-5.268752574920654,-4.074530601501465,-2.3444716930389404,-3.7585649490356445,-0.8280074000358582,-1.8132705688476562,-5.273406505584717,-5.576552867889404,-4.37042236328125,-3.3301234245300293,-4.935253143310547,-4.4311203956604,-3.100673198699951,-4.191317558288574,-3.362950563430786
1DQJ,C,20,,Y,-5.1033830642700195,-5.388630390167236,-5.4265923500061035,-5.6791863441467285,-0.9683548212051392,-5.544810771942139,-4.638742923736572,-5.655150890350342,-5.5460920333862305,-4.938406944274902,-5.233920574188232,-5.5139641761779785,-5.626850605010986,-5.565392017364502,-5.372297286987305,-5.615731716156006,-5.63334321975708,-5.407833099365234,-4.108142852783203,-0.6460385322570801,-5.067039966583252,-5.490352630615234,-5.416197299957275,-5.440835475921631,-1.2159490585327148,-5.406540870666504,-3.8047397136688232,-5.666210651397705,-5.518277645111084,-5.214160442352295,-5.6536688804626465,-5.513107776641846,-5.499244689941406,-5.573266506195068,-5.4115071296691895,-5.537740230560303,-5.537864685058594,-5.445891380310059,-3.2144503593444824,-0.5578358173370361
1DQJ,C,21,,R,-3.90863299369812,-4.9795050621032715,-3.6017422676086426,-4.558329105377197,-4.661769866943359,-3.585299491882324,-3.4185612201690674,-4.617465972900391,-3.2125141620635986,-0.7309556007385254,-3.98990535736084,-2.467925786972046,-5.586409568786621,-2.722628116607666,-2.113558530807495,-4.328334331512451,-5.150674819946289,-5.128756046295166,-5.157329559326172,-4.646616458892822,-3.5573666095733643,-4.79325008392334,-3.076202392578125,-3.964587926864624,-4.720741271972656,-2.7481577396392822,-3.442898988723755,-4.92848539352417,-1.9478040933609009,-1.7312840223312378,-4.192549705505371,-1.5155575275421143,-5.477930068969727,-2.6249945163726807,-2.2724926471710205,-3.830549955368042,-5.06234884262085,-5.175447940826416,-5.246729850769043,-4.352854251861572
1DQJ,C,62,,W,-4.501810550689697,-4.7037177085876465,-2.819417715072632,-3.0080392360687256,-3.097599506378174,-4.947244644165039,-3.8884902000427246,-2.0701394081115723,-2.911381721496582,-2.186879873275757,-3.990532159805298,-3.822040557861328,-5.383804798126221,-3.771446704864502,-2.9298439025878906,-3.838520050048828,-2.0152828693389893,-1.888281226158142,-3.6764492988586426,-2.9486820697784424,-4.422547340393066,-4.8525214195251465,-2.7013258934020996,-2.6924848556518555,-3.3137474060058594,-4.713984966278076,-3.4815516471862793,-2.5899295806884766,-2.7695600986480713,-2.9122533798217773,-4.398170471191406,-3.4244203567504883,-5.483068943023682,-3.6920998096466064,-2.86671781539917,-3.29654598236084,-1.5931874513626099,-2.307112216949463,-3.3393173217773438,-2.644284725189209
1DQJ,C,63,,W,-5.504327774047852,-5.712618827819824,-4.4750590324401855,-5.20198917388916,-4.23171329498291,-5.795063495635986,-4.676239013671875,-4.958888530731201,-5.7776780128479,-4.9365386962890625,-5.48551082611084,-5.0316338539123535,-5.844521522521973,-5.558017730712891,-5.72646427154541,-5.532830238342285,-5.493414402008057,-4.833790302276611,-0.13195818662643433,-3.9919350147247314,-5.200181484222412,-5.499797344207764,-3.0440661907196045,-4.3246636390686035,-3.75995135307312,-5.680968761444092,-3.979625940322876,-4.575833797454834,-5.654460430145264,-4.513854503631592,-5.30261754989624,-4.299820423126221,-5.732909679412842,-5.162652492523193,-5.414244174957275,-5.159965991973877,-5.002356052398682,-4.242715835571289,-0.26828718185424805,-3.327362537384033
1DQJ,C,75,,L,-5.504591464996338,-5.370936393737793,-4.9920501708984375,-4.880472183227539,-3.070190906524658,-5.628569602966309,-4.226284980773926,-2.2321529388427734,-4.945653438568115,-0.6048250198364258,-4.515174388885498,-4.004443168640137,-5.522658348083496,-4.869075298309326,-4.001932144165039,-5.344996452331543,-4.329463481903076,-3.7750425338745117,-4.013083457946777,-2.0128257274627686,-2.930506467819214,-5.177631378173828,-3.0627992153167725,-2.772329807281494,-2.9307103157043457,-4.871323108673096,-4.212792873382568,-2.7797441482543945,-2.885814666748047,-1.5426198244094849,-3.4220635890960693,-3.6857826709747314,-5.4515252113342285,-3.9301655292510986,-2.343973398208618,-2.88673734664917,-2.781723976135254,-3.398590564727783,-4.026564121246338,-2.5554020404815674
1DQJ,C,89,,T,-3.0705153942108154,-5.386120319366455,-3.311237096786499,-2.8580799102783203,-4.327948570251465,-3.4069862365722656,-4.3706159591674805,-4.340122699737549,-3.615894079208374,-3.4393692016601562,-4.794623851776123,-3.997593641281128,-5.386018753051758,-3.5209927558898926,-2.3666269779205322,-1.9227707386016846,-0.9808847904205322,-3.8693249225616455,-4.4705119132995605,-4.128539562225342,-2.8363871574401855,-5.267484664916992,-3.4125680923461914,-3.1221163272857666,-5.047402858734131,-3.186739683151245,-4.6436309814453125,-4.87069034576416,-3.075212001800537,-4.4675984382629395,-5.22361946105957,-3.8705873489379883,-5.496659278869629,-3.928569793701172,-3.32943058013916,-1.4228651523590088,-0.9590111970901489,-4.271061420440674,-5.32016658782959,-4.888118267059326
1DQJ,C,93,,N,-2.900393009185791,-5.047510623931885,-2.7484264373779297,-2.2798585891723633,-4.919353485107422,-4.9066338539123535,-4.212932586669922,-2.6844305992126465,-1.6388425827026367,-3.154122829437256,-4.058995723724365,-3.1650476455688477,-5.660126686096191,-2.933356761932373,-1.8567330837249756,-2.9877490997314453,-2.7796177864074707,-3.4687917232513428,-5.284304618835449,-4.101219654083252,-2.1033337116241455,-5.3349809646606445,-2.992945909500122,-2.200455904006958,-5.05741548538208,-4.808784484863281,-4.4390788078308105,-3.7986669540405273,-1.5268272161483765,-3.476135492324829,-4.634374618530273,-3.0961058139801025,-5.552945613861084,-2.8245084285736084,-1.971583366394043,-2.896981954574585,-2.663696527481079,-3.922421455383301,-5.485009670257568,-4.6936845779418945
1DQJ,C,96,,K,-5.685699939727783,-5.142081260681152,-5.559911727905273,-4.858344078063965,-6.095168113708496,-6.166100025177002,-4.4598588943481445,-5.396440505981445,-0.1598014086484909,-5.012884616851807,-3.925877332687378,-5.117151737213135,-6.0440592765808105,-3.704176425933838,-3.494631767272949,-5.812164306640625,-5.3275837898254395,-5.939982891082764,-6.304893493652344,-5.435986518859863,-6.10491418838501,-5.8696112632751465,-5.832748889923096,-5.49296236038208,-6.096716403961182,-6.158714771270752,-4.904094219207764,-5.934638500213623,-0.09615938365459442,-5.705716609954834,-4.768624782562256,-5.681386470794678,-5.847812175750732,-4.459413051605225,-3.7321152687072754,-6.19730281829834,-6.014509201049805,-6.302154541015625,-6.118650436401367,-5.804245471954346
1DQJ,C,97,,K,-3.3963077068328857,-5.088695526123047,-3.7492587566375732,-2.963470220565796,-3.9247090816497803,-4.526175498962402,-4.4496049880981445,-2.5846505165100098,-2.1056506633758545,-1.5436999797821045,-2.040640115737915,-3.9307868480682373,-5.593363285064697,-2.862250804901123,-2.467644453048706,-3.6777427196502686,-3.380998134613037,-3.6672184467315674,-5.02528715133667,-3.090036153793335,-3.704409122467041,-5.376477241516113,-4.642975807189941,-3.6372690200805664,-4.802801609039307,-4.708860874176025,-4.6844706535339355,-1.820460557937622,-1.098953366279602,-1.9637154340744019,-3.1188483238220215,-4.481327056884766,-5.707735061645508,-2.883883237838745,-2.675013780593872,-4.300805568695068,-3.5506863594055176,-3.407885789871216,-5.37204647064209,-4.693603038787842
1DQJ,C,100,,S,-1.9708807468414307,-5.075433731079102,-2.291041851043701,-3.8480241298675537,-5.065370559692383,-2.68405818939209,-4.536415100097656,-5.134422302246094,-4.463080406188965,-4.8671555519104,-4.614101409912109,-3.0753681659698486,-5.491406440734863,-4.245235919952393,-3.4794538021087646,-0.7125647068023682,-4.703115463256836,-5.4764723777771,-5.21567440032959,-4.949874401092529,-2.041752815246582,-5.345172882080078,-3.2151498794555664,-4.565670490264893,-5.338929653167725,-2.618360996246338,-5.062754154205322,-5.190758228302002,-4.568371772766113,-5.154367446899414,-5.270580768585205,-3.819300889968872,-5.525848865509033,-4.70365047454834,-4.605588912963867,-0.45174622535705566,-4.719188690185547,-5.397006511688232,-5.4745917320251465,-5.334334373474121
1DQJ,C,101,,D,-3.7481348514556885,-4.817983627319336,-1.1819674968719482,-2.9471004009246826,-4.76734733581543,-1.8111791610717773,-4.18148136138916,-4.9743499755859375,-4.800570487976074,-4.481849193572998,-4.386535167694092,-3.3579583168029785,-5.423077583312988,-2.272735595703125,-2.399754047393799,-3.038031816482544,-2.5510828495025635,-5.218891143798828,-4.544883728027344,-4.815458297729492,-3.631544351577759,-5.094321250915527,-3.142866849899292,-2.318618059158325,-4.245059967041016,-1.634299635887146,-3.586857557296753,-5.0718607902526855,-2.719440221786499,-3.465557336807251,-4.3747477531433105,-3.803589344024658,-5.352748394012451,-1.8514100313186646,-2.2638373374938965,-2.63739275932312,-2.641249656677246,-5.12905216217041,-4.307958602905273,-3.794618844985962
1DQJ,H,32,,D,-3.967083215713501,-4.272665023803711,-3.6286826133728027,-4.4958086013793945,-4.916678428649902,-0.37457501888275146,-4.662404537200928,-5.239590167999268,-4.64456033706665,-4.840053081512451,-3.4169843196868896,-4.247048854827881,-5.74713659286499,-2.6016576290130615,-3.5574262142181396,-4.265316009521484,-3.9675309658050537,-5.154456615447998,-5.207851886749268,-5.2860188484191895,-3.8315508365631104,-5.079367160797119,-3.656909942626953,-4.4304656982421875,-4.674652576446533,-0.4921104907989502,-4.048410415649414,-5.254530906677246,-4.345265865325928,-4.84279203414917,-3.7183876037597656,-4.112126350402832,-5.681204319000244,-1.9684818983078003,-3.575767993927002,-3.855159044265747,-3.990947723388672,-5.076634407043457,-5.137898921966553,-5.004578590393066
1DQJ,H,33,,Y,-1.8641324043273926,-4.5771355628967285,-2.4888901710510254,-3.883885622024536,-3.999419689178467,-2.0442581176757812,-2.7774152755737305,-4.463580131530762,-3.8210644721984863,-4.912195682525635,-3.3754677772521973,-2.705298900604248,-4.217411518096924,-3.1234779357910156,-3.2125635147094727,-1.5935522317886353,-3.152263879776001,-4.82619047164917,-4.731654644012451,-4.045788288116455,-2.6934266090393066,-4.658089637756348,-1.8231940269470215,-3.387809991836548,-5.066658973693848,-2.004533290863037,-4.056384563446045,-4.929927825927734,-3.8283305168151855,-5.125369071960449,-5.191717147827148,-2.441850423812866,-4.555192947387695,-4.368313789367676,-3.962087869644165,-1.370972752571106,-2.130878448486328,-4.692312240600586,-4.726996421813965,-4.717442035675049
1DQJ,H,50,,Y,-5.205469608306885,-5.663314342498779,-4.866732597351074,-4.566722869873047,-1.4509813785552979,-5.337022304534912,-3.4912281036376953,-5.156740188598633,-4.250262260437012,-4.8367085456848145,-5.295621871948242,-4.67429256439209,-5.700950622558594,-4.632199764251709,-4.351308345794678,-3.709333658218384,-4.811026096343994,-5.238999366760254,-3.0637452602386475,-0.5970712900161743,-4.719841480255127,-5.266684532165527,-4.183318138122559,-3.3674211502075195,-1.988821029663086,-5.376250267028809,-2.7297284603118896,-4.615946292877197,-3.6727631092071533,-3.889955997467041,-4.623786449432373,-4.038319110870361,-5.748717784881592,-3.6765177249908447,-3.6795854568481445,-2.8411448001861572,-4.257291316986084,-4.66697359085083,-2.631842851638794,-0.8239561915397644
1DQJ,H,53,,Y,-3.0085105895996094,-4.889042854309082,-4.064882278442383,-3.568696975708008,-3.210569381713867,-4.117326736450195,-3.3257503509521484,-2.8251655101776123,-4.799941539764404,-3.428201198577881,-3.81339430809021,-4.293798446655273,-1.104264259338379,-3.6261372566223145,-3.8117456436157227,-3.332280158996582,-3.220613479614258,-2.415501832962036,-3.703338623046875,-2.305666208267212,-2.9266977310180664,-5.699284076690674,-4.461667537689209,-2.746988534927368,-4.360945224761963,-4.089078903198242,-3.7431023120880127,-3.447767496109009,-2.191448450088501,-2.356719732284546,-4.190985202789307,-4.026553153991699,-2.130047082901001,-2.3952033519744873,-2.1077499389648438,-2.460914134979248,-2.7701315879821777,-3.188817024230957,-4.760061740875244,-4.293968677520752
1DQJ,H,98,,W,-2.495882272720337,-5.281200408935547,-3.681018352508545,-3.043372392654419,-2.0928547382354736,-2.601128578186035,-3.784522533416748,-4.221578121185303,-3.029367446899414,-2.3172285556793213,-2.940080165863037,-3.7362418174743652,-5.6504669189453125,-2.4493820667266846,-2.6120028495788574,-2.9708120822906494,-3.6868717670440674,-3.651885747909546,-3.8223164081573486,-2.367438793182373,-1.9294424057006836,-5.171402931213379,-3.479414463043213,-2.815878391265869,-2.9998443126678467,-2.2028403282165527,-4.017758846282959,-4.456122398376465,-2.4569873809814453,-2.2393507957458496,-3.451042652130127,-3.3160762786865234,-5.534574031829834,-2.8278110027313232,-2.795994997024536,-2.7193570137023926,-3.556612014770508,-3.733405590057373,-4.2506513595581055,-2.965364933013916
1DQJ,L,31,,N,-4.420004844665527,-4.477180004119873,-3.1236956119537354,-4.571465015411377,-5.275066375732422,-5.287801265716553,-4.905455112457275,-2.235049247741699,-2.7420971393585205,-4.604543209075928,-4.541812896728516,-1.0122771263122559,-3.625760078430176,-3.9066405296325684,-3.2167022228240967,-3.1866345405578613,-2.690208911895752,-1.9689347743988037,-5.1345415115356445,-4.8642659187316895,-4.031515121459961,-5.475717544555664,-2.652212619781494,-3.639293909072876,-4.164907455444336,-4.6894636154174805,-3.025139808654785,-4.481559753417969,-2.0701844692230225,-3.639360189437866,-4.450592041015625,-1.7614153623580933,-5.253416061401367,-3.1144766807556152,-2.763888120651245,-2.216032028198242,-1.7073942422866821,-4.102416038513184,-4.429619789123535,-3.5302622318267822
1DQJ,L,32,,N,-5.585822105407715,-5.877523899078369,-5.274592876434326,-5.3332037925720215,-6.452007293701172,-6.378328800201416,-4.171724319458008,-6.1930155754089355,-5.325964450836182,-4.704163074493408,-5.538887023925781,-0.13013777136802673,-6.561966896057129,-3.6451501846313477,-3.7406959533691406,-5.179553985595703,-6.142189979553223,-6.327822685241699,-5.4153571128845215,-6.409817218780518,-2.6082229614257812,-5.37306022644043,-1.9128632545471191,-2.1169590950012207,-3.6980700492858887,-4.478880405426025,-2.731548309326172,-5.464897155761719,-2.3758058547973633,-3.641343832015991,-4.352883338928223,-2.3291337490081787,-5.6275224685668945,-2.1664602756500244,-3.133054733276367,-2.5527756214141846,-5.065168857574463,-5.41418981552124,-3.625380516052246,-3.1765055656433105
1DQJ,L,50,,Y,-4.137153148651123,-4.97439432144165,-1.7521324157714844,-2.776047706604004,-3.3676960468292236,-4.597123146057129,-2.7158567905426025,-4.926387310028076,-3.6685760021209717,-2.985006093978882,-3.1008400917053223,-1.873620629310608,-5.683762073516846,-2.63065505027771,-2.0090293884277344,-3.2276716232299805,-4.650954723358154,-5.246738910675049,-3.5259666442871094,-2.8930070400238037,-3.7363030910491943,-5.516085147857666,-2.2604117393493652,-2.956888198852539,-4.024515151977539,-3.987933874130249,-2.706679105758667,-5.026365756988525,-2.859003782272339,-3.0822091102600098,-4.02293062210083,-1.2031704187393188,-5.5602126121521,-2.499241828918457,-2.743804454803467,-2.5552027225494385,-4.643412113189697,-5.175155162811279,-4.516838550567627,-3.4870121479034424
1DQJ,L,91,,S,-5.024452209472656,-4.787491798400879,-3.6842873096466064,-4.149791717529297,-3.605484962463379,-5.2022385597229,-2.7430737018585205,-3.3264577388763428,-3.7597060203552246,-4.53036642074585,-4.88297700881958,-3.1287598609924316,-5.624807834625244,-4.269514560699463,-2.889892578125,-2.3615400791168213,-0.8678668737411499,-2.9827325344085693,-3.624504327774048,-2.793471097946167,-5.135896682739258,-5.211114883422852,-3.5386133193969727,-4.598583698272705,-3.7463793754577637,-5.1303629875183105,-2.698249578475952,-4.556507110595703,-3.954895496368408,-4.940768241882324,-5.204343318939209,-3.056406021118164,-5.613007068634033,-4.645631790161133,-3.171262741088867,-2.209017515182495,-0.7245679497718811,-4.142688274383545,-3.4454710483551025,-2.7176713943481445
1DQJ,L,96,,Y,-5.153346061706543,-5.615837574005127,-4.718217849731445,-4.502297401428223,-2.7139334678649902,-5.526078224182129,-3.23565936088562,-5.021544456481934,-4.234838485717773,-4.181217193603516,-4.586214065551758,-4.121360778808594,-4.047008514404297,-4.796535015106201,-3.3740618228912354,-4.804483413696289,-4.9027838706970215,-4.9139838218688965,-0.657855749130249,-1.6230394840240479,-5.276607513427734,-5.75295352935791,-4.915307521820068,-4.7675933837890625,-3.042792320251465,-5.601611137390137,-3.6504127979278564,-5.27841854095459,-4.51438045501709,-4.719332695007324,-5.165424823760986,-4.4211530685424805,-4.663467884063721,-5.013064861297607,-3.8101773262023926,-5.027544021606445,-5.118213176727295,-5.065832138061523,-0.3889683485031128,-2.11220121383667
1DVF,A,30,,H,-4.227025985717773,-5.274758338928223,-2.5630996227264404,-3.0196425914764404,-3.595600128173828,-3.630403518676758,-1.9504878520965576,-4.577425956726074,-2.8278841972351074,-3.108100652694702,-3.8663549423217773,-1.8877379894256592,-5.657417297363281,-1.6010942459106445,-2.7525298595428467,-3.681262969970703,-4.761287212371826,-4.819422245025635,-4.547934532165527,-2.986708402633667,-3.335813283920288,-5.488471984863281,-3.104660749435425,-3.091442346572876,-4.336752414703369,-2.201685667037964,-2.361751079559326,-4.8197479248046875,-2.2567102909088135,-3.8022522926330566,-4.698638439178467,-1.679897427558899,-5.338440418243408,-1.975304126739502,-3.0431528091430664,-2.6089513301849365,-4.16533088684082,-4.3089070320129395,-4.768179416656494,-3.95378041267395
1DVF,A,32,,Y,-3.3895914554595947,-5.3082499504089355,-3.5183980464935303,-2.3552043437957764,-3.819877862930298,-5.462808609008789,-2.686495065689087,-5.89066219329834,-1.2490416765213013,-3.734466314315796,-3.8315701484680176,-3.4557156562805176,-5.75563383102417,-1.9378403425216675,-1.8813494443893433,-3.815673589706421,-5.777939319610596,-5.699501991271973,-4.253216743469238,-3.3933541774749756,-3.1850168704986572,-5.5110297203063965,-4.24473237991333,-2.901712656021118,-4.334840297698975,-5.3216376304626465,-2.6307833194732666,-5.866112232208252,-0.9490753412246704,-4.100447654724121,-4.284418106079102,-3.5397870540618896,-5.785801410675049,-1.790155291557312,-2.1083180904388428,-3.79215669631958,-5.8110833168029785,-5.690121173858643,-4.831449508666992,-4.036462306976318
1DVF,A,49,,Y,-5.285527229309082,-5.717845439910889,-5.2428364753723145,-4.959946632385254,-2.738194704055786,-5.461413383483887,-3.0584168434143066,-5.689765930175781,-4.451416969299316,-5.450019836425781,-5.326008319854736,-4.8416523933410645,-5.769703388214111,-4.803682804107666,-3.93930983543396,-4.105817794799805,-4.722963809967041,-5.404396057128906,-3.614537000656128,-0.29600420594215393,-4.811686992645264,-5.730364799499512,-4.780847549438477,-4.611807346343994,-2.2416892051696777,-5.352214813232422,-2.2948215007781982,-5.476513385772705,-3.9216601848602295,-5.051359176635742,-4.97188663482666,-4.476325035095215,-5.826322555541992,-4.194669246673584,-3.5249600410461426,-3.246522903442383,-4.197319984436035,-4.998445510864258,-3.5097765922546387,-0.5590906143188477
1DVF,A,50,,Y,-3.4390017986297607,-5.433312892913818,-1.5326476097106934,-2.705777645111084,-4.884967803955078,-3.00014066696167,-2.4292588233947754,-5.343657970428467,-3.0136682987213135,-4.198827743530273,-4.886641979217529,-1.6223089694976807,-5.5929341316223145,-2.355694532394409,-2.7081031799316406,-2.9980061054229736,-5.0174336433410645,-5.365484714508057,-3.852177381515503,-4.2839179039001465,-3.3278679847717285,-5.585867881774902,-1.8336275815963745,-3.0988824367523193,-4.739742279052734,-2.793464422225952,-2.2197539806365967,-5.2592267990112305,-3.0587968826293945,-4.105276107788086,-4.864716529846191,-1.271419644355774,-5.468884468078613,-2.540374755859375,-3.2680110931396484,-2.8678340911865234,-4.932051658630371,-5.3573198318481445,-3.8930299282073975,-4.6232757568359375
1DVF,A,92,,W,-2.976409435272217,-5.3228960037231445,-3.638545036315918,-4.492328643798828,-1.9860633611679077,-5.3413615226745605,-2.724902391433716,-5.171065330505371,-3.7257239818573,-4.8086676597595215,-5.0873260498046875,-3.790616512298584,-5.587558746337891,-4.636656284332275,-3.1256508827209473,-3.2962465286254883,-5.2274675369262695,-5.217942237854004,-2.9037513732910156,-0.7498703002929688,-2.5446252822875977,-5.731992721557617,-3.4865472316741943,-4.450618267059326,-2.246065139770508,-5.485737323760986,-2.858987331390381,-5.3676323890686035,-3.8380746841430664,-4.82344388961792,-5.234106540679932,-4.013767242431641,-5.6535186767578125,-4.717695236206055,-3.5810749530792236,-2.825338363647461,-5.308263301849365,-5.013444900512695,-3.341836929321289,-0.6841667294502258
1DVF,A,93,,S,-1.525503396987915,-4.582777500152588,-3.460510492324829,-1.5534231662750244,-5.4052205085754395,-4.612310409545898,-4.268280982971191,-4.6717705726623535,-2.911573886871338,-4.68103551864624,-4.490555286407471,-4.211886882781982,-5.630281448364258,-2.5987460613250732,-2.462005853652954,-1.8951764106750488,-2.8496546745300293,-3.876741647720337,-5.4439568519592285,-5.214867115020752,-1.470697283744812,-4.824270248413086,-3.5772745609283447,-1.2969855070114136,-5.376562118530273,-4.153450965881348,-4.450186729431152,-5.2773637771606445,-3.458055019378662,-5.090331077575684,-4.707979679107666,-4.441257476806641,-5.433080673217773,-2.5906736850738525,-3.5704870223999023,-1.6029560565948486,-3.3475229740142822,-4.386473178863525,-5.4912567138671875,-5.3373870849609375
1DVF,B,30,,T,-3.772722005844116,-5.237246990203857,-1.843377947807312,-2.496868133544922,-4.712491035461426,-4.333186626434326,-3.7717628479003906,-4.819642543792725,-2.795238733291626,-4.976457118988037,-5.3653388023376465,-2.658597469329834,-5.610655307769775,-3.835857629776001,-3.0033674240112305,-2.1586079597473145,-1.1756082773208618,-4.423227787017822,-4.8449201583862305,-4.115406036376953,-3.724362850189209,-5.435376167297363,-2.441547155380249,-2.98512864112854,-5.019170761108398,-3.9161336421966553,-3.9949700832366943,-5.248569965362549,-3.3008475303649902,-4.834683895111084,-5.401463508605957,-2.7669856548309326,-5.730838298797607,-3.9040584564208984,-3.677025079727173,-1.474915862083435,-0.9944093227386475,-4.7671380043029785,-5.093949317932129,-4.654486179351807
1DVF,B,32,,Y,-4.3132452964782715,-4.399522304534912,-5.572669982910156,-5.657298564910889,-4.474579334259033,-5.806279182434082,-0.7376648187637329,-2.975104331970215,-4.5684285163879395,-5.464967727661133,-4.539066314697266,-3.966171979904175,-5.871596813201904,-4.433655261993408,-3.4761393070220947,-5.057861804962158,-4.388932228088379,-1.2316081523895264,-5.5017476081848145,-3.97220516204834,-4.453945636749268,-5.070986270904541,-5.533872127532959,-5.667565822601318,-4.333211898803711,-6.03066873550415,-0.6087210774421692,-2.962937355041504,-4.604551315307617,-5.585142612457275,-4.928622722625732,-3.7748618125915527,-5.9887471199035645,-4.197563171386719,-3.544029712677002,-5.168145656585693,-4.797900199890137,-1.4897699356079102,-5.478755474090576,-3.522385597229004
1DVF,B,52,,W,-3.9176766872406006,-5.665584564208984,-4.3046722412109375,-4.78980016708374,-1.8356245756149292,-5.7486772537231445,-3.5633764266967773,-5.991891860961914,-5.16701602935791,-5.612232208251953,-4.979677200317383,-4.742450714111328,-5.982194900512695,-5.057707786560059,-5.015193939208984,-3.306476593017578,-4.245741367340088,-5.6799821853637695,-0.8812541961669922,-1.377639889717102,-2.64794921875,-5.855195999145508,-2.8094382286071777,-3.1371445655822754,-2.8390817642211914,-3.5786733627319336,-2.909982204437256,-5.747778415679932,-2.7047903537750244,-2.831401824951172,-3.9898931980133057,-2.544107437133789,-5.462779998779297,-2.9624414443969727,-2.5167946815490723,-2.014451026916504,-2.9516501426696777,-5.431591033935547,-3.1145434379577637,-2.4686245918273926
1DVF,B,54,,D,-5.035531997680664,-5.484306812286377,-0.09945885092020035,-5.5270843505859375,-5.514371395111084,-5.512478351593018,-5.802939414978027,-5.586920738220215,-5.6634321212768555,-5.576411247253418,-5.678225517272949,-3.8515853881835938,-5.673170566558838,-5.776738166809082,-5.632613658905029,-4.867947578430176,-5.400263786315918,-5.6058759689331055,-5.673446178436279,-5.557804107666016,-3.519399881362915,-5.411916732788086,-1.2269251346588135,-3.823190927505493,-4.8568196296691895,-3.2314791679382324,-4.42653751373291,-5.427111625671387,-3.8774359226226807,-4.6355390548706055,-4.818379878997803,-1.4377878904342651,-5.510376453399658,-3.763697862625122,-4.122176647186279,-1.6317129135131836,-2.9382429122924805,-5.240286827087402,-5.141392707824707,-4.809316158294678
1DVF,B,56,,N,-3.238619804382324,-4.971893787384033,-3.5408835411071777,-2.478219509124756,-4.282242298126221,-4.64015007019043,-3.106642723083496,-3.955314874649048,-2.9060516357421875,-3.5459794998168945,-4.269515514373779,-3.0450704097747803,-5.420535087585449,-2.7470760345458984,-2.37618088722229,-1.968685269355774,-1.384154200553894,-3.506983518600464,-5.084295749664307,-3.878291130065918,-3.3172061443328857,-5.441189289093018,-3.554326057434082,-3.310983180999756,-5.2418012619018555,-4.262189865112305,-4.766387939453125,-5.032802581787109,-3.3128368854522705,-4.817322731018066,-5.234986782073975,-3.1561012268066406,-5.668015003204346,-3.8396146297454834,-3.936034679412842,-0.9454513788223267,-1.150190830230713,-4.802028656005859,-5.339344501495361,-5.313876628875732
1DVF,B,58,,D,-1.1833629608154297,-4.585774898529053,-2.8056507110595703,-2.1149895191192627,-4.200339317321777,-3.9370622634887695,-3.856137752532959,-5.405664443969727,-3.4456725120544434,-4.7519755363464355,-4.952214241027832,-3.6477227210998535,-5.632577419281006,-3.2673349380493164,-2.818293809890747,-1.657199501991272,-3.3546717166900635,-4.354358196258545,-4.894540786743164,-3.8463964462280273,-1.3422318696975708,-4.896064758300781,-3.096299171447754,-2.2936043739318848,-3.875856876373291,-4.286410331726074,-3.0979220867156982,-5.445254325866699,-3.4591543674468994,-4.745487213134766,-4.875519752502441,-3.591998338699341,-5.606106758117676,-2.911574125289917,-3.1196229457855225,-1.4419467449188232,-3.2346596717834473,-4.377287864685059,-4.188525676727295,-3.9088284969329834
1DVF,B,98,,E,-4.594352722167969,-4.823171138763428,-3.5974066257476807,-2.5479941368103027,-2.868696928024292,-4.351881980895996,-4.211777687072754,-2.0415518283843994,-3.7561943531036377,-1.9249213933944702,-2.4326562881469727,-3.824913501739502,-5.641092777252197,-3.3653006553649902,-3.165632724761963,-4.23592472076416,-4.508492469787598,-1.9288824796676636,-3.543379306793213,-2.27268123626709,-4.704354763031006,-4.857026100158691,-3.7512378692626953,-2.393303155899048,-3.1813886165618896,-4.476100444793701,-4.332218647003174,-1.9758573770523071,-3.5760650634765625,-1.9191900491714478,-2.5384156703948975,-3.909698009490967,-5.622499465942383,-3.273890495300293,-3.0369462966918945,-4.261895656585693,-4.534216403961182,-1.7224862575531006,-3.7420477867126465,-2.6131231784820557
1DVF,B,99,,R,-3.861292839050293,-5.274852752685547,-3.0215179920196533,-2.198944330215454,-2.5640835762023926,-5.2688889503479,-3.283388376235962,-3.7082717418670654,-1.8715064525604248,-3.4016273021698,-4.130136966705322,-3.3485450744628906,-5.627934455871582,-2.5948376655578613,-2.5248169898986816,-2.4458372592926025,-4.032026290893555,-3.2388503551483154,-3.5759429931640625,-2.285829782485962,-3.7558951377868652,-5.245723247528076,-3.1036524772644043,-1.9680027961730957,-3.3697457313537598,-5.225767612457275,-3.121126890182495,-3.4666647911071777,-1.8821208477020264,-3.047380208969116,-4.010104656219482,-3.4051108360290527,-5.599646091461182,-2.2625675201416016,-2.635321617126465,-2.269676923751831,-4.15554666519165,-2.9802403450012207,-3.9880590438842773,-2.9426615238189697
1DVF,B,100,,D,-3.7454867362976074,-5.192905902862549,-2.0306317806243896,-3.2872166633605957,-4.923133850097656,-3.9201574325561523,-1.9793895483016968,-5.191750526428223,-1.740411639213562,-4.402042865753174,-4.58868408203125,-1.6591076850891113,-5.535410404205322,-2.1678078174591064,-2.5963141918182373,-3.4636266231536865,-5.119174957275391,-5.428737640380859,-5.460473537445068,-5.438416481018066,-3.356595754623413,-5.212553977966309,-1.3621212244033813,-2.768071174621582,-5.126527309417725,-3.0074515342712402,-4.183186054229736,-5.404292106628418,-3.0053040981292725,-5.029963493347168,-5.23251485824585,-0.9794491529464722,-5.5948357582092285,-3.3995046615600586,-3.9672467708587646,-3.021268606185913,-4.808043956756592,-5.2444963455200195,-5.449623107910156,-5.072555065155029
1DVF,B,101,,Y,-4.358168125152588,-5.10097599029541,-1.9718419313430786,-2.8678793907165527,-4.452665328979492,-0.8929873704910278,-3.9076595306396484,-5.316825866699219,-3.6944808959960938,-4.6791558265686035,-4.869351863861084,-1.9689403772354126,-5.459761619567871,-3.8229620456695557,-3.000993490219116,-3.3986144065856934,-4.799612998962402,-5.464114665985107,-4.257598876953125,-3.8311996459960938,-4.297364234924316,-5.362277507781982,-2.4960343837738037,-3.2666499614715576,-5.007300853729248,-0.6780169010162354,-4.049630641937256,-5.293876647949219,-3.508084535598755,-4.525864124298096,-4.956839561462402,-1.9452309608459473,-5.480337142944336,-3.6481926441192627,-3.385730266571045,-3.2187557220458984,-4.843880653381348,-5.383254051208496,-4.947781562805176,-4.6055216789245605
1DVF,C,49,,Y,-5.160594940185547,-5.442386627197266,-5.198014736175537,-5.376049518585205,-3.1856913566589355,-5.475929260253906,-2.4902262687683105,-5.773157119750977,-4.823129653930664,-5.46088171005249,-5.552915096282959,-4.710260391235352,-5.774801254272461,-4.764710426330566,-4.390830993652344,-4.243063449859619,-3.830550193786621,-5.412848472595215,-3.9438347816467285,-0.3022443354129791,-4.365606784820557,-4.838901996612549,-4.580624580383301,-4.885570526123047,-2.6025936603546143,-5.049983978271484,-1.5327590703964233,-5.435986518859863,-4.786300182342529,-4.806373119354248,-5.001743793487549,-4.134413719177246,-5.746339797973633,-3.8901169300079346,-3.860516309738159,-3.1644949913024902,-2.6352698802948,-4.718504905700684,-3.1083221435546875,-0.8933207988739014
1DVF,D,30,,K,-2.4471161365509033,-4.8854146003723145,-3.742607355117798,-3.200136661529541,-5.253809452056885,-3.9683518409729004,-4.971477031707764,-3.5917184352874756,-2.2253689765930176,-3.0978214740753174,-3.5580859184265137,-3.021486759185791,-5.754458427429199,-3.7190589904785156,-2.590336322784424,-1.6457862854003906,-1.689827799797058,-2.805283784866333,-5.33018684387207,-4.923426151275635,-2.5445477962493896,-5.294501304626465,-3.9139492511749268,-3.079420804977417,-4.956263542175293,-3.9400696754455566,-4.660497665405273,-3.509848117828369,-2.4511897563934326,-2.8043763637542725,-3.234983205795288,-3.1069552898406982,-5.514281272888184,-3.319397449493408,-2.5863683223724365,-1.4881359338760376,-1.9781148433685303,-2.8284313678741455,-5.047848224639893,-4.745092391967773
1DVF,D,33,,H,-4.484397888183594,-5.418489456176758,-3.339852809906006,-2.957576274871826,-3.2589311599731445,-5.244866371154785,-3.3904197216033936,-3.2384684085845947,-2.3474843502044678,-3.5030345916748047,-4.5836501121521,-2.4437901973724365,-5.6749267578125,-3.5690910816192627,-2.125840902328491,-3.243596315383911,-1.7812261581420898,-2.515082359313965,-3.3697586059570312,-2.4786629676818848,-4.634727954864502,-5.38230562210083,-3.494783878326416,-2.9003491401672363,-3.8412137031555176,-5.333659648895264,-3.6892075538635254,-2.833895444869995,-2.242424488067627,-3.3529605865478516,-4.5971550941467285,-2.506564140319824,-5.651818752288818,-3.5472521781921387,-2.18557071685791,-3.331151008605957,-1.6820402145385742,-2.140882730484009,-3.5905096530914307,-3.0824642181396484
1DVF,D,52,,D,-3.486923933029175,-5.206381797790527,-2.4460513591766357,-2.7645790576934814,-3.6900172233581543,-5.1705241203308105,-2.922569990158081,-3.6618847846984863,-2.44997239112854,-3.512465238571167,-4.115694046020508,-2.0868427753448486,-5.4238176345825195,-2.9613187313079834,-1.5829105377197266,-3.0896058082580566,-3.1403002738952637,-3.2920875549316406,-3.988152503967285,-3.1795520782470703,-3.480513334274292,-5.453821182250977,-2.3969595432281494,-3.0252511501312256,-4.0192718505859375,-5.1732354164123535,-2.726630449295044,-3.847684860229492,-2.2369930744171143,-3.676284074783325,-4.5301618576049805,-1.6633350849151611,-5.284915447235107,-3.0968120098114014,-1.828248143196106,-2.948848009109497,-3.317586660385132,-3.272003173828125,-4.117924213409424,-3.5472795963287354
1DVF,D,55,,N,-5.395420074462891,-5.33814811706543,-0.9529142379760742,-5.140874862670898,-5.278428077697754,-5.335102081298828,-4.710087776184082,-5.017853736877441,-5.594042778015137,-5.3253679275512695,-5.525294303894043,-0.983250617980957,-5.668060302734375,-5.31101131439209,-5.033500671386719,-3.561613082885742,-2.0602173805236816,-5.116087913513184,-5.400090217590332,-5.160185813903809,-5.290628433227539,-5.682112693786621,-1.5859650373458862,-5.588557243347168,-5.206328392028809,-4.971999645233154,-4.708743095397949,-5.302151203155518,-5.40772008895874,-5.092021465301514,-5.260524272918701,-0.691760778427124,-5.5208234786987305,-5.07145881652832,-5.061602592468262,-2.493971586227417,-2.0733091831207275,-5.172545433044434,-5.473532676696777,-5.2372517585754395
1DVF,D,101,,I,-5.351325988769531,-5.062966346740723,-5.418099403381348,-4.909773826599121,-5.412813186645508,-5.353900909423828,-5.383347034454346,-1.7691586017608643,-3.325934410095215,-4.978250026702881,-4.592604637145996,-4.801314830780029,-5.576536655426025,-4.538036346435547,-3.135585069656372,-5.04219388961792,-0.8086305856704712,-1.54994797706604,-5.465391635894775,-5.235805034637451,-3.4646458625793457,-5.287539958953857,-3.2816176414489746,-2.2537524700164795,-4.340767860412598,-4.734284400939941,-3.642578601837158,-3.251934289932251,-2.4085628986358643,-3.892009735107422,-4.679438591003418,-2.6178061962127686,-4.856771469116211,-3.0257880687713623,-2.7185397148132324,-3.115678310394287,-1.2571907043457031,-2.8597025871276855,-4.402635097503662,-3.853877067565918
1DVF,D,102,,Y,-1.5535807609558105,-4.546605587005615,-3.4174675941467285,-4.284934043884277,-4.110130786895752,-5.194969177246094,-3.130436420440674,-5.515366554260254,-2.685152053833008,-3.763075351715088,-4.178722858428955,-1.4735469818115234,-5.102161407470703,-2.169066905975342,-2.892672061920166,-2.532402753829956,-5.186964988708496,-5.023224353790283,-4.9770588874816895,-2.966524600982666,-2.4990756511688232,-5.356247425079346,-1.5875053405761719,-2.6933395862579346,-5.085254192352295,-4.537074565887451,-4.279767036437988,-4.945628643035889,-2.200716972351074,-4.674270153045654,-5.047205924987793,-1.9799665212631226,-2.074777364730835,-2.8880183696746826,-3.085787057876587,-2.6992201805114746,-3.699679374694824,-4.639429092407227,-5.334907531738281,-5.262264251708984
1DVF,D,104,,Q,-2.795546770095825,-5.383829593658447,-3.2892584800720215,-3.456206798553467,-3.7502803802490234,-5.164760112762451,-3.9692397117614746,-4.875150680541992,-3.4407734870910645,-5.291433811187744,-4.965574264526367,-3.61712908744812,-5.065516948699951,-4.365240097045898,-3.859046697616577,-1.4246538877487183,-0.913614809513092,-4.5654449462890625,-5.155890941619873,-3.196678400039673,-2.995575189590454,-5.3893585205078125,-3.400092601776123,-2.103360652923584,-4.650606155395508,-4.578127861022949,-4.485809803009033,-3.835891008377075,-2.845876932144165,-3.830209255218506,-4.93641471862793,-4.247106552124023,-0.8973882794380188,-3.459360361099243,-3.723801612854004,-2.5867433547973633,-2.977030038833618,-3.4295222759246826,-5.27540397644043,-4.698853492736816
1DVF,D,106,,R,-2.554697275161743,-4.814745903015137,-3.271517515182495,-3.598269462585449,-4.2520904541015625,-3.86159086227417,-3.9811291694641113,-5.2135210037231445,-2.249629020690918,-5.003225803375244,-4.761701583862305,-2.510112762451172,-5.472369194030762,-3.552866220474243,-1.4197365045547485,-1.3362255096435547,-4.124057769775391,-5.013035297393799,-4.506778240203857,-4.1231303215026855,-2.6127591133117676,-4.9128336906433105,-3.7183620929718018,-4.146387577056885,-4.148399829864502,-3.9628989696502686,-3.6405279636383057,-5.2944841384887695,-2.3385961055755615,-4.881087779998779,-4.550714492797852,-2.457444667816162,-5.351830959320068,-3.3085901737213135,-2.30536150932312,-0.8681552410125732,-4.2405500411987305,-5.097177028656006,-4.034073829650879,-4.273687362670898
1FFW,A,13,,D,-5.0508856773376465,-5.85542106628418,-0.09854571521282196,-4.341949939727783,-5.523457050323486,-5.617673397064209,-5.024538040161133,-5.376479625701904,-5.233457565307617,-5.737461090087891,-5.836514472961426,-4.36786413192749,-5.051031589508057,-5.797927379608154,-5.777567386627197,-5.293627738952637,-5.792257785797119,-5.886852264404297,-6.208003997802734,-5.747352123260498,-5.053175926208496,-5.853126525878906,-0.09847559034824371,-4.34521484375,-5.52277135848999,-5.615657806396484,-5.027976036071777,-5.374180793762207,-5.233787536621094,-5.737673759460449,-5.836772918701172,-4.359817028045654,-5.067063331604004,-5.79701042175293,-5.779687881469727,-5.295368671417236,-5.792461395263672,-5.887258529663086,-6.207181930541992,-5.746028900146484
1FFW,A,87,,T,-4.877625942230225,-4.641590118408203,-5.351712703704834,-5.5055413246154785,-5.458183765411377,-5.411480903625488,-5.170419216156006,-1.847707986831665,-5.252950668334961,-2.87707257270813,-3.8811933994293213,-5.480825424194336,-5.617260932922363,-5.495062828063965,-5.175151348114014,-5.092404842376709,-3.3152902126312256,-0.42791953682899475,-5.561731338500977,-5.511834621429443,-4.669830799102783,-4.498716831207275,-5.301799297332764,-5.5558085441589355,-5.461648464202881,-5.41304874420166,-5.133890151977539,-1.9364289045333862,-5.139514446258545,-3.000062942504883,-3.65545392036438,-5.493550777435303,-5.679843902587891,-5.492572784423828,-4.832827568054199,-4.945795059204102,-3.232534646987915,-0.42141231894493103,-5.60757303237915,-5.4315409660339355
1FFW,A,90,,A,-1.806643009185791,-5.141741752624512,-2.916067361831665,-1.9926832914352417,-4.356673717498779,-4.339998722076416,-4.251091480255127,-5.387970447540283,-3.230959415435791,-4.410636901855469,-4.440223217010498,-3.9688148498535156,-1.1215227842330933,-3.951310396194458,-2.6955184936523438,-2.9910006523132324,-4.879580497741699,-5.206504821777344,-4.043127059936523,-3.9602530002593994,-2.052741527557373,-5.044413089752197,-1.9523130655288696,-1.7797071933746338,-4.065526485443115,-4.304226875305176,-3.839792490005493,-5.173131465911865,-2.795926570892334,-4.0577168464660645,-4.157003402709961,-2.867818832397461,-2.0682260990142822,-3.479809284210205,-2.393724203109741,-3.3484058380126953,-4.73395299911499,-5.039034366607666,-3.6608400344848633,-3.8513786792755127
1FFW,A,93,,E,-2.558723211288452,-5.24851655960083,-2.0884242057800293,-1.6287540197372437,-4.711789131164551,-2.7328853607177734,-3.7114298343658447,-4.307816982269287,-2.4362053871154785,-3.674508571624756,-4.605194568634033,-3.0762710571289062,-3.6665737628936768,-2.927729845046997,-2.839402437210083,-2.47938871383667,-2.936814308166504,-3.786402463912964,-4.915426731109619,-4.423393249511719,-2.4017930030822754,-5.240472793579102,-2.165313243865967,-1.5513769388198853,-4.282350540161133,-3.1549103260040283,-3.5872511863708496,-4.117633819580078,-2.675462245941162,-3.34950852394104,-4.528501033782959,-3.4060840606689453,-3.426102638244629,-3.044461250305176,-2.8029494285583496,-2.5702478885650635,-2.9144129753112793,-3.516070604324341,-4.401609897613525,-4.158522129058838
1FFW,A,106,,Y,-3.399500846862793,-4.446850299835205,-5.131295204162598,-5.110523700714111,-1.5770320892333984,-5.387059211730957,-4.527935981750488,-3.7459259033203125,-5.582924842834473,-5.230484962463379,-4.6625518798828125,-5.154097557067871,-5.444893836975098,-5.220424175262451,-5.173257827758789,-3.5851221084594727,-3.6612391471862793,-1.8505713939666748,-1.664703607559204,-1.3554725646972656,-3.8020524978637695,-4.386420249938965,-5.132843494415283,-4.830543518066406,-2.443657875061035,-5.260180473327637,-3.422705888748169,-2.9307572841644287,-5.581183433532715,-4.7232666015625,-4.384604454040527,-5.086091995239258,-5.225729465484619,-4.884622573852539,-5.195240497589111,-3.3371829986572266,-2.77428936958313,-1.5176552534103394,-2.363572835922241,-1.163773775100708
1FFW,A,108,,V,-4.471085071563721,-3.9836108684539795,-5.507603168487549,-2.8594019412994385,-5.09792423248291,-5.227630138397217,-5.291021823883057,-2.609126329421997,-2.6710870265960693,-4.360202312469482,-4.564760208129883,-5.147871971130371,-5.625935077667236,-2.432819128036499,-2.968479871749878,-5.101271152496338,-2.9100377559661865,-0.6731860041618347,-5.473226070404053,-5.9199676513671875,-4.723504066467285,-4.18118953704834,-5.526926040649414,-3.3991684913635254,-5.133537292480469,-5.261513710021973,-5.347646713256836,-2.544126033782959,-2.625088930130005,-3.9733614921569824,-4.6782331466674805,-5.197442054748535,-5.601351737976074,-2.8575119972229004,-3.1404552459716797,-5.181151390075684,-2.9786148071289062,-0.5615254640579224,-5.520671844482422,-5.874884605407715
1FFW,A,111,,F,-5.005521774291992,-4.349802494049072,-5.562869548797607,-5.404681205749512,-0.3657784163951874,-5.522688388824463,-3.757418632507324,-5.279874324798584,-5.693591594696045,-4.943990230560303,-4.600518703460693,-5.194558620452881,-5.537642478942871,-5.3894124031066895,-5.650508403778076,-5.190524101257324,-5.129771709442139,-5.486679553985596,-5.11868953704834,-1.680652141571045,-5.067706108093262,-4.397058010101318,-5.563854694366455,-5.4153947830200195,-0.3801686465740204,-5.5248260498046875,-3.784677743911743,-5.269047737121582,-5.692480087280273,-4.903336524963379,-4.610362529754639,-5.192953586578369,-5.532537937164307,-5.396632194519043,-5.654174327850342,-5.2261271476745605,-5.148542404174805,-5.497477054595947,-5.099079608917236,-1.6202881336212158
1FFW,A,112,,T,-5.296123027801514,-5.3868408203125,-3.773507595062256,-4.845257759094238,-5.349967002868652,-4.488944053649902,-5.347562789916992,-5.424985885620117,-5.0386199951171875,-5.263854503631592,-5.487698554992676,-4.155757427215576,-5.53311824798584,-5.178936004638672,-4.939720630645752,-0.8757749795913696,-0.7795783281326294,-5.515359401702881,-5.616376876831055,-5.679329872131348,-5.317460060119629,-5.367400646209717,-3.719392776489258,-4.847930908203125,-5.345206260681152,-4.465207576751709,-5.341346263885498,-5.415241718292236,-5.040393829345703,-5.2645111083984375,-5.479375839233398,-4.092679023742676,-5.529866695404053,-5.176924228668213,-4.941451072692871,-0.8921909332275391,-0.7708123326301575,-5.509800434112549,-5.608383655548096,-5.6691436767578125
1FFW,A,117,,E,-1.7589681148529053,-5.303357124328613,-3.7454051971435547,-2.312110185623169,-4.887810707092285,-3.6624350547790527,-4.08007287979126,-5.097851276397705,-1.745043158531189,-3.465123176574707,-4.592809200286865,-3.978957176208496,-5.662953853607178,-2.338563919067383,-1.4427827596664429,-3.202376127243042,-4.569467544555664,-5.086513042449951,-5.046514987945557,-4.675946235656738,-1.8155226707458496,-5.290104866027832,-3.706148862838745,-2.3257029056549072,-4.814449310302734,-3.6046061515808105,-3.9721498489379883,-5.086111068725586,-1.7468637228012085,-3.431284189224243,-4.550619125366211,-3.9302892684936523,-5.675507068634033,-2.3186025619506836,-1.4448453187942505,-3.1942195892333984,-4.541645050048828,-5.03696346282959,-4.998805046081543,-4.583955764770508
1JRH,I,14,,T,-4.4049906730651855,-5.239861011505127,-5.600278377532959,-3.8592491149902344,-5.5297112464904785,-5.48962926864624,-5.746275901794434,-2.7989392280578613,-3.044419050216675,-4.9280900955200195,-4.241382598876953,-5.356766700744629,-5.602852821350098,-3.683196783065796,-3.2750725746154785,-4.354898452758789,-0.5434073209762573,-1.938035011291504,-5.538744926452637,-5.685007095336914,-4.39780855178833,-5.250576019287109,-5.596210479736328,-3.8439738750457764,-5.531117916107178,-5.485324382781982,-5.75217866897583,-2.826467514038086,-3.0479161739349365,-4.915544033050537,-4.298202991485596,-5.317801475524902,-5.612057209014893,-3.648587942123413,-3.3191864490509033,-4.327457904815674,-0.5422396659851074,-1.9262181520462036,-5.538692951202393,-5.684097766876221
1JRH,I,45,,E,-4.146856307983398,-5.014971733093262,-4.068808555603027,-1.6977427005767822,-2.4004065990448,-5.070801734924316,-4.07949161529541,-4.75779914855957,-2.510490655899048,-3.4261512756347656,-3.846979856491089,-3.9107043743133545,-5.617921352386475,-1.9502633810043335,-2.6854300498962402,-3.7852351665496826,-4.299835205078125,-4.332419395446777,-2.7282328605651855,-1.766214370727539,-4.185940742492676,-4.999101638793945,-4.119550704956055,-1.6564606428146362,-2.4119715690612793,-5.089155197143555,-3.995955467224121,-4.801084995269775,-2.4958958625793457,-3.486140012741089,-3.852461576461792,-3.95902943611145,-5.593502044677734,-1.9445446729660034,-2.6742210388183594,-3.759366035461426,-4.2262864112854,-4.463006496429443,-2.748090982437134,-1.7957499027252197
1JTG,A,130,,S,-2.6580049991607666,-4.4789276123046875,-5.150936126708984,-6.91048526763916,-6.467595100402832,-4.1849164962768555,-3.501859664916992,-6.341416358947754,-6.370902061462402,-5.946264266967773,-6.710720062255859,-5.11843729019165,-6.521268844604492,-5.985549449920654,-6.1890974044799805,-0.18071076273918152,-5.372469902038574,-5.921417713165283,-6.512660503387451,-6.193425178527832,-3.448751449584961,-4.5074896812438965,-5.007602214813232,-6.598159313201904,-5.989161968231201,-4.281764507293701,-3.0875155925750732,-6.014156818389893,-6.48773717880249,-5.889342784881592,-6.223817348480225,-5.344318866729736,-6.3689799308776855,-5.514824390411377,-6.489832401275635,-0.15830183029174805,-5.3355278968811035,-6.104959011077881,-6.3658013343811035,-5.4996562004089355
1JTG,A,234,,K,-6.777437210083008,-6.4195075035095215,-6.5541768074035645,-6.362109661102295,-6.859462261199951,-7.058712959289551,-4.914742469787598,-5.657308101654053,-0.03851091116666794,-6.394408226013184,-6.977031230926514,-6.461825847625732,-6.859777450561523,-5.8792500495910645,-5.280663013458252,-6.75034236907959,-6.932306289672852,-6.326157093048096,-7.015031337738037,-6.736362934112549,-6.737368583679199,-6.36065673828125,-6.593538284301758,-6.41748571395874,-6.682208061218262,-6.889420986175537,-4.184535503387451,-5.561049461364746,-0.05059397965669632,-6.236213207244873,-6.797371864318848,-6.393304824829102,-6.667284965515137,-5.771730899810791,-5.120941162109375,-6.596333026885986,-6.754955768585205,-6.286289691925049,-6.824772834777832,-6.507619857788086
1JTG,A,235,,S,-2.9286253452301025,-2.0263054370880127,-3.933257818222046,-4.579497814178467,-4.475094795227051,-1.1745092868804932,-3.811232566833496,-2.9638619422912598,-4.538283348083496,-4.3065338134765625,-4.719751358032227,-3.40836763381958,-3.8250396251678467,-4.23512077331543,-4.641263008117676,-1.8856351375579834,-2.5942211151123047,-3.666689395904541,-4.388493061065674,-4.252716541290283,-2.7321527004241943,-2.028177499771118,-3.93304181098938,-4.779298305511475,-4.738554954528809,-1.0273760557174683,-4.966642379760742,-3.9929847717285156,-5.013455390930176,-4.992990493774414,-5.178778648376465,-3.745696783065796,-3.939589500427246,-4.733968734741211,-5.2592573165893555,-1.6739262342453003,-2.550762414932251,-3.7599546909332275,-5.061679363250732,-4.425595283508301
1JTG,A,243,,R,-2.7487833499908447,-4.07504415512085,-4.999083995819092,-4.338922023773193,-3.552091121673584,-3.9629321098327637,-4.13863468170166,-1.077303409576416,-4.542654991149902,-1.7458056211471558,-2.365213632583618,-4.3206000328063965,-5.471468448638916,-3.532980442047119,-3.2583870887756348,-3.914825439453125,-3.655702590942383,-2.9710569381713867,-4.527042865753174,-3.7728538513183594,-2.581758975982666,-4.232466697692871,-5.060881614685059,-4.436964511871338,-3.7016685009002686,-3.682020425796509,-4.009387016296387,-1.202331781387329,-4.508444786071777,-1.696800947189331,-2.2425200939178467,-4.177440643310547,-5.463501930236816,-3.597377300262451,-3.051276922225952,-3.923872232437134,-3.6948623657226562,-2.897948980331421,-4.618071556091309,-3.973339319229126
1JTG,B,49,,D,-1.575598120689392,-3.0542171001434326,-2.0639383792877197,-3.700268268585205,-4.52713680267334,-2.564093589782715,-3.8919200897216797,-4.839975357055664,-5.219557762145996,-5.166414260864258,-5.362580299377441,-2.113067388534546,-4.460471153259277,-2.907982110977173,-5.283099174499512,-1.5408810377120972,-4.03476095199585,-4.331643581390381,-4.940570831298828,-4.011590957641602,-3.1897294521331787,-5.1018595695495605,-1.6619325876235962,-3.080521821975708,-4.517294883728027,-2.2048661708831787,-3.9553699493408203,-4.751399040222168,-2.9384992122650146,-4.244582653045654,-4.906716823577881,-1.6752643585205078,-5.117062091827393,-3.7506532669067383,-3.7057156562805176,-2.085641384124756,-2.388294219970703,-4.660907745361328,-4.525258541107178,-4.1524858474731445
1KTZ,B,27,,L,-4.462013244628906,-5.3561930656433105,-5.437290191650391,-4.850533485412598,-5.234394550323486,-5.499138832092285,-5.247462272644043,-2.638629913330078,-2.9114437103271484,-0.3517971932888031,-4.243734359741211,-5.0244317054748535,-5.72076416015625,-4.253337860107422,-3.6188764572143555,-5.041820526123047,-3.986049175262451,-3.5876407623291016,-5.640830993652344,-5.0958404541015625,-5.063141345977783,-5.330243110656738,-5.4251251220703125,-3.862461805343628,-4.63309907913208,-5.528916358947754,-4.462588787078857,-3.903046131134033,-0.9140006303787231,-1.9108189344406128,-3.3817386627197266,-4.626019477844238,-5.814990997314453,-2.5208075046539307,-1.953488826751709,-4.5312066078186035,-2.9792280197143555,-3.8879787921905518,-5.176566123962402,-4.38560152053833
1KTZ,B,30,,F,-1.938887596130371,-3.2609872817993164,-3.1290836334228516,-4.29566764831543,-5.038359642028809,-3.935140371322632,-4.038484573364258,-5.512113094329834,-5.248843193054199,-5.5261616706848145,-4.435533046722412,-0.5351396799087524,-5.724222183227539,-3.9356818199157715,-5.0322065353393555,-3.235463857650757,-4.712732791900635,-4.966187953948975,-5.095486640930176,-4.179817199707031,-2.124539375305176,-4.269123554229736,-1.388473629951477,-4.874526500701904,-5.192983150482178,-4.193962097167969,-4.371898174285889,-5.931168556213379,-5.081446647644043,-5.773465156555176,-5.52051305770874,-0.742887556552887,-5.870933532714844,-4.982570648193359,-5.508574962615967,-3.007176637649536,-5.4167866706848145,-5.714082717895508,-5.2931742668151855,-4.766364097595215
1KTZ,B,32,,D,-4.51144552230835,-5.4926838874816895,-3.708379030227661,-4.470615386962891,-5.257636547088623,-0.2031264305114746,-4.982017993927002,-5.450369358062744,-4.622071266174316,-4.371948719024658,-5.145325660705566,-3.8815112113952637,-5.6129841804504395,-4.474420070648193,-4.472008228302002,-4.0174784660339355,-4.9260430335998535,-5.418215751647949,-5.2558417320251465,-5.095617771148682,-4.412036418914795,-5.509268283843994,-3.7813124656677246,-4.562681198120117,-5.191665172576904,-0.18370592594146729,-4.87924861907959,-5.474981784820557,-4.641628742218018,-5.022997856140137,-5.447739124298096,-3.9973580837249756,-5.62298583984375,-4.845202445983887,-4.7493672370910645,-3.993954658508301,-4.986332893371582,-5.423176288604736,-5.152743339538574,-5.025299072265625
1KTZ,B,47,,N,-3.6504523754119873,-5.213295936584473,-2.5307631492614746,-2.646559715270996,-5.17965841293335,-2.325197696685791,-3.5173325538635254,-5.236701965332031,-2.263165235519409,-4.090857982635498,-4.936429977416992,-0.9523211717605591,-5.620336055755615,-2.7731587886810303,-3.1003408432006836,-3.69289493560791,-4.529834270477295,-4.947936534881592,-5.474394798278809,-4.849936485290527,-3.6475343704223633,-5.17468786239624,-2.485440731048584,-2.5916924476623535,-5.039455890655518,-2.4246649742126465,-3.374675750732422,-5.197617053985596,-2.305840015411377,-3.9000048637390137,-4.810425281524658,-0.9980541467666626,-5.565759181976318,-2.7089085578918457,-2.96380615234375,-3.68570613861084,-4.534961223602295,-4.8915324211120605,-5.375454425811768,-4.7444610595703125
1KTZ,B,49,,S,-2.943664789199829,-5.256511688232422,-2.376002311706543,-2.793856620788574,-4.9992499351501465,-3.310465097427368,-4.410114765167236,-4.231476783752441,-2.812274694442749,-4.241459846496582,-5.001317024230957,-2.861785650253296,-1.2773549556732178,-3.5541765689849854,-3.5502116680145264,-2.080016851425171,-2.3993117809295654,-4.20301628112793,-5.157236099243164,-4.931303977966309,-2.823408842086792,-5.237298965454102,-2.535090446472168,-3.0380680561065674,-5.020410537719727,-3.328187942504883,-4.498431205749512,-4.422501564025879,-2.915194511413574,-4.136814117431641,-5.021027565002441,-2.7366065979003906,-1.4202736616134644,-3.6480581760406494,-3.757369041442871,-1.8900946378707886,-2.0327072143554688,-4.19257926940918,-5.168544769287109,-4.950146675109863
1KTZ,B,50,,I,-4.728704452514648,-4.9854350090026855,-4.32643985748291,-4.4451823234558105,-3.5885064601898193,-5.405097961425781,-2.9397833347320557,-2.1881229877471924,-2.014699935913086,-3.199188232421875,-4.395099639892578,-1.821263074874878,-5.598825454711914,-3.8723888397216797,-1.5260339975357056,-4.490500450134277,-3.1724765300750732,-2.641557455062866,-4.649680137634277,-3.2678754329681396,-3.9187209606170654,-5.453317642211914,-3.127204656600952,-3.150218963623047,-4.380338191986084,-5.338820457458496,-3.6023736000061035,-2.960249185562134,-2.9472413063049316,-3.9067223072052,-4.946033477783203,-0.7692285776138306,-5.643499851226807,-3.4665040969848633,-3.2507481575012207,-3.8153789043426514,-2.4861702919006348,-3.000767469406128,-5.088393211364746,-4.198204040527344
1KTZ,B,51,,T,-2.334343910217285,-4.606146335601807,-4.214916706085205,-4.680231094360352,-3.103130578994751,-4.912139892578125,-3.8798434734344482,-2.3252241611480713,-3.064945697784424,-3.0904009342193604,-4.46795654296875,-1.9699112176895142,-4.9794511795043945,-4.315646171569824,-2.507779121398926,-2.905879259109497,-2.499093532562256,-1.8609718084335327,-4.056607723236084,-3.1246867179870605,-3.0259103775024414,-4.8129496574401855,-3.9499993324279785,-3.5589215755462646,-3.600675344467163,-4.950997829437256,-4.515489101409912,-1.5182400941848755,-2.9416894912719727,-1.8643810749053955,-4.304307460784912,-3.9199368953704834,-5.212565898895264,-4.085941314697266,-3.4789185523986816,-3.3920044898986816,-3.2291908264160156,-1.4918861389160156,-4.234903812408447,-3.7154464721679688
1KTZ,B,52,,S,-0.7400893568992615,-5.0140581130981445,-5.344316482543945,-5.403327465057373,-5.312987327575684,-4.013974189758301,-5.402369499206543,-5.478005409240723,-5.542247772216797,-5.23854398727417,-5.436935901641846,-5.304258346557617,-5.3524065017700195,-5.56770133972168,-5.197148323059082,-0.8731955289840698,-4.567465782165527,-5.304417610168457,-5.354135513305664,-5.298069953918457,-1.28096604347229,-4.728837490081787,-3.2768771648406982,-2.5363218784332275,-4.951205730438232,-4.309081554412842,-4.636663436889648,-4.640024662017822,-2.0637924671173096,-3.8991129398345947,-4.168756484985352,-3.9240949153900146,-5.562877655029297,-3.2774746417999268,-2.8960447311401367,-2.032602310180664,-2.615943193435669,-2.785053253173828,-5.2716474533081055,-5.050816535949707
1KTZ,B,53,,I,-4.3261003494262695,-5.561132431030273,-4.802089691162109,-3.2930543422698975,-4.98463249206543,-5.441755294799805,-5.126931190490723,-1.2787952423095703,-2.8954131603240967,-3.03229022026062,-4.530216217041016,-4.100248336791992,-5.474322319030762,-3.8629822731018066,-3.1300172805786133,-4.268967628479004,-1.37974214553833,-1.816498875617981,-5.310214996337891,-4.690254211425781,-3.22070574760437,-5.791186332702637,-3.2319846153259277,-2.2556204795837402,-5.045938014984131,-5.346045017242432,-5.015351295471191,-2.7372539043426514,-3.4125921726226807,-3.493928909301758,-5.333804130554199,-3.5814690589904785,-4.981311321258545,-3.484929323196411,-3.969823122024536,-3.579561471939087,-0.9795401692390442,-1.8251787424087524,-5.312658786773682,-4.796187877655029
1KTZ,B,55,,E,-1.6485995054244995,-5.245870113372803,-3.4813120365142822,-2.202861785888672,-5.13544225692749,-4.124604225158691,-4.959343433380127,-4.861304759979248,-2.8008828163146973,-4.617737293243408,-5.080132961273193,-4.366579055786133,-1.0021034479141235,-3.591585397720337,-3.831326723098755,-2.5292320251464844,-4.133869647979736,-4.703260898590088,-5.197444915771484,-4.813238620758057,-2.065807580947876,-5.289855480194092,-3.060966968536377,-2.4663779735565186,-5.112667560577393,-3.795694589614868,-4.9043073654174805,-4.51100492477417,-2.6372034549713135,-3.9838035106658936,-5.039012432098389,-3.4601690769195557,-1.21774160861969,-3.334275960922241,-3.5338287353515625,-2.2250478267669678,-2.754234552383423,-4.1817169189453125,-5.110647201538086,-4.855898380279541
1KTZ,B,62,,V,-3.7314999103546143,-4.845564842224121,-5.533321857452393,-5.300387859344482,-3.77144718170166,-5.525836944580078,-5.041527271270752,-2.5415446758270264,-4.95541524887085,-2.8444199562072754,-4.243225574493408,-5.47165060043335,-5.605263710021973,-5.098630428314209,-4.523653984069824,-4.955967903137207,-3.5224380493164062,-0.3999294340610504,-4.822917461395264,-3.588606357574463,-3.73435640335083,-4.859220504760742,-5.526398181915283,-5.275061130523682,-3.7252581119537354,-5.532516002655029,-5.027191638946533,-2.543984889984131,-4.936601161956787,-2.836528778076172,-4.242226600646973,-5.47932767868042,-5.6027750968933105,-5.070394515991211,-4.456477642059326,-4.978237628936768,-3.574084997177124,-0.40537309646606445,-4.781460762023926,-3.502600908279419
1KTZ,B,75,,E,-4.709617614746094,-4.763168811798096,-2.727004051208496,-1.7452114820480347,-2.5701956748962402,-4.952051162719727,-3.251051187515259,-4.451595306396484,-3.017519474029541,-2.454815149307251,-3.762957811355591,-3.434082269668579,-5.702564716339111,-3.6619760990142822,-3.2050280570983887,-4.209779739379883,-3.0546607971191406,-5.104307651519775,-3.3516387939453125,-1.404404878616333,-4.678704738616943,-4.698869705200195,-2.675809860229492,-1.7356680631637573,-2.624154806137085,-4.914111137390137,-3.2221124172210693,-4.395142078399658,-2.974191427230835,-2.517704963684082,-3.745561361312866,-3.391818046569824,-5.698339462280273,-3.6603593826293945,-3.175894260406494,-4.170109272003174,-3.0097882747650146,-5.078123092651367,-3.291687488555908,-1.4421921968460083
1KTZ,B,77,,V,-2.4682793617248535,-2.823671579360962,-2.2828407287597656,-2.8228442668914795,-4.211553573608398,-2.7670631408691406,-4.436797142028809,-3.904355525970459,-3.7712080478668213,-3.436131238937378,-3.8204123973846436,-3.497333288192749,-5.5338826179504395,-3.5709192752838135,-2.634197473526001,-2.379560708999634,-1.4717543125152588,-3.471411943435669,-4.589600086212158,-4.587041854858398,-2.441580057144165,-2.7767956256866455,-2.598132848739624,-2.9101662635803223,-4.428225040435791,-2.8505845069885254,-4.278414249420166,-4.102827548980713,-3.259556531906128,-3.727595090866089,-3.94040584564209,-3.601036548614502,-5.608645439147949,-3.2948715686798096,-2.2304141521453857,-2.1907236576080322,-1.5692805051803589,-3.608038902282715,-4.734739780426025,-4.780903339385986
1KTZ,B,79,,H,-4.078394412994385,-5.211686134338379,-5.938045501708984,-5.485860347747803,-5.381900787353516,-5.594706058502197,-0.19871200621128082,-5.112375736236572,-4.204954624176025,-5.4170403480529785,-5.459176063537598,-5.809770107269287,-5.616696357727051,-4.107846260070801,-4.858403205871582,-4.8256683349609375,-5.416996479034424,-4.752801418304443,-2.878497838973999,-5.310683727264404,-4.04785680770874,-5.175645351409912,-5.932419776916504,-5.49106502532959,-5.362873554229736,-5.569455146789551,-0.2088911533355713,-5.0690083503723145,-4.257378578186035,-5.431603908538818,-5.471142768859863,-5.7846174240112305,-5.61898136138916,-4.1225714683532715,-4.856894493103027,-4.8012590408325195,-5.401312828063965,-4.693755149841309,-2.757373571395874,-5.282934188842773
1KTZ,B,110,,F,-3.5943336486816406,-4.952702045440674,-4.870626449584961,-3.571927070617676,-2.444941282272339,-5.277597904205322,-4.416736125946045,-4.217770099639893,-2.3529412746429443,-1.0637496709823608,-2.8327476978302,-5.067348480224609,-5.503178119659424,-3.850311756134033,-2.277898073196411,-4.349377155303955,-3.8134331703186035,-2.5560038089752197,-4.123526573181152,-3.0156850814819336,-3.5924746990203857,-4.948970317840576,-4.861860275268555,-3.5710792541503906,-2.4405324459075928,-5.277137756347656,-4.400770664215088,-4.214883327484131,-2.349027395248413,-1.0685157775878906,-2.834024429321289,-5.064408302307129,-5.504583358764648,-3.8512284755706787,-2.281771659851074,-4.34454870223999,-3.817385673522949,-2.5556652545928955,-4.116955280303955,-2.9985620975494385
1KTZ,B,112,,M,-4.731960296630859,-5.447065830230713,-5.534916400909424,-5.21099328994751,-5.0142645835876465,-5.3015618324279785,-4.971285343170166,-1.2424708604812622,-4.2466278076171875,-0.9145224690437317,-2.027778148651123,-5.323859691619873,-5.513711452484131,-3.5035812854766846,-4.541504859924316,-5.002313137054443,-4.545600891113281,-3.268944025039673,-5.311394214630127,-4.295409202575684,-4.733984470367432,-5.445165634155273,-5.533133506774902,-5.204984188079834,-5.007489204406738,-5.296522617340088,-4.9643025398254395,-1.244539737701416,-4.240538597106934,-0.9212061762809753,-2.0085561275482178,-5.322417736053467,-5.513055324554443,-3.490818500518799,-4.521206855773926,-4.9985833168029785,-4.53860330581665,-3.277007818222046,-5.308111667633057,-4.291782379150391
1KTZ,B,118,,D,-3.3581154346466064,-5.5303730964660645,-0.9620003700256348,-4.905698299407959,-5.224636554718018,-4.710749626159668,-3.9251303672790527,-5.122691631317139,-4.303726673126221,-5.025262355804443,-5.4378743171691895,-0.9931212663650513,-2.790102005004883,-4.524390697479248,-4.546567440032959,-3.8444156646728516,-4.348587989807129,-5.205965518951416,-4.962503910064697,-4.947012901306152,-3.4130361080169678,-5.499614238739014,-0.8965686559677124,-4.868129253387451,-5.312422275543213,-4.667829990386963,-3.4207334518432617,-5.338984966278076,-4.535844802856445,-5.1048665046691895,-5.495030879974365,-1.058632254600525,-2.7664337158203125,-4.776861667633057,-4.808355808258057,-3.7518131732940674,-4.707152843475342,-5.331155776977539,-5.405096054077148,-5.0554375648498535
1KTZ,B,119,,E,-2.640467882156372,-3.924924373626709,-3.616919994354248,-2.4711382389068604,-4.645081996917725,-2.9170641899108887,-4.650435447692871,-2.9918293952941895,-2.782158136367798,-1.6182864904403687,-2.7907488346099854,-2.1346240043640137,-5.408516883850098,-2.9371490478515625,-2.9454102516174316,-3.407959222793579,-3.5103564262390137,-3.1821789741516113,-4.9444146156311035,-4.372096538543701,-2.7850606441497803,-4.364635467529297,-3.349768877029419,-2.8219780921936035,-4.104082107543945,-2.8691372871398926,-4.1978678703308105,-3.8516018390655518,-2.5507326126098633,-2.4552228450775146,-3.6538238525390625,-1.3476195335388184,-5.548760414123535,-3.029832601547241,-2.8188352584838867,-2.654651641845703,-3.594388961791992,-3.786979913711548,-4.417801856994629,-3.5967369079589844
1KTZ,B,125,,I,-5.38722562789917,-4.971678256988525,-5.467021465301514,-4.803590774536133,-2.4162261486053467,-5.414968967437744,-2.6892802715301514,-1.4972524642944336,-4.445483684539795,-3.5991506576538086,-4.099328517913818,-4.748830795288086,-5.725785732269287,-4.020988464355469,-3.991943359375,-4.824239253997803,-2.804913282394409,-2.500004529953003,-3.721207618713379,-1.1651663780212402,-5.384219169616699,-4.979122638702393,-5.460514068603516,-4.807062149047852,-2.4014031887054443,-5.415474891662598,-2.725797653198242,-1.4925334453582764,-4.4525933265686035,-3.5987777709960938,-4.09468412399292,-4.751797199249268,-5.72086238861084,-4.034744739532471,-3.9987528324127197,-4.828119277954102,-2.819561004638672,-2.495680570602417,-3.715569257736206,-1.1623504161834717
1MHP,H,31,,R,-2.620198965072632,-5.092093467712402,-3.387300729751587,-2.2625536918640137,-4.780905246734619,-4.392552375793457,-4.307730674743652,-3.8951327800750732,-1.5725761651992798,-3.2981936931610107,-4.319889068603516,-3.574678897857666,-5.8625874519348145,-2.7483127117156982,-1.9420119524002075,-2.6045825481414795,-2.3356637954711914,-3.1558358669281006,-5.184436798095703,-4.293735980987549,-3.086655616760254,-5.358122825622559,-2.720600128173828,-2.1247570514678955,-4.635090351104736,-3.8808751106262207,-4.224687576293945,-4.403122425079346,-2.047292709350586,-2.7153894901275635,-4.350738048553467,-2.676199436187744,-5.586905479431152,-2.147914409637451,-2.955723762512207,-2.1312546730041504,-2.3208489418029785,-3.862194299697876,-5.001632213592529,-4.342429161071777
1MHP,H,33,,T,-2.9219589233398438,-4.827968597412109,-5.105112075805664,-5.23135232925415,-5.612242698669434,-5.023503303527832,-5.926849365234375,-3.9569478034973145,-5.625144958496094,-5.727179527282715,-5.372047424316406,-3.711094379425049,-3.868540048599243,-5.413766860961914,-5.9048027992248535,-2.40566349029541,-0.4627611041069031,-2.261136054992676,-5.702066421508789,-5.687748432159424,-3.6713109016418457,-5.589869499206543,-4.250370502471924,-4.235954761505127,-5.339555263519287,-5.296127796173096,-2.8393807411193848,-2.9964945316314697,-4.748478412628174,-5.873138427734375,-5.183769226074219,-2.981597423553467,-5.057055950164795,-4.745799541473389,-4.773571491241455,-3.25877046585083,-0.45527753233909607,-3.3135945796966553,-4.227353572845459,-4.7239460945129395
1MHP,H,35,,S,-3.089287281036377,-4.545169830322266,-5.407703876495361,-5.472639083862305,-5.3303070068359375,-0.2777395248413086,-4.753876209259033,-5.435309410095215,-4.887552261352539,-5.108541488647461,-5.385869026184082,-3.9988086223602295,-5.820300579071045,-4.478118419647217,-4.160816669464111,-2.6112375259399414,-5.3504157066345215,-5.5314130783081055,-5.215881824493408,-5.141108512878418,-3.3133037090301514,-4.885307312011719,-5.518303871154785,-5.595264911651611,-5.3804612159729,-0.21911154687404633,-4.772963047027588,-5.388462543487549,-5.006063461303711,-5.148804187774658,-5.50087833404541,-4.132968425750732,-5.827861309051514,-4.608737945556641,-4.3317084312438965,-2.9876842498779297,-5.486429691314697,-5.55691385269165,-5.266264915466309,-5.256934642791748
1MHP,H,50,,T,-1.7718173265457153,-4.643608570098877,-5.190875053405762,-4.191676139831543,-4.846972942352295,-3.85117506980896,-4.146081447601318,-5.2241530418396,-2.863024950027466,-4.008388519287109,-3.1652655601501465,-4.779918670654297,-5.637526035308838,-1.9038543701171875,-3.076751232147217,-0.9390645623207092,-4.539605617523193,-5.284994125366211,-4.920987606048584,-4.528628349304199,-2.0940308570861816,-4.833386421203613,-5.06640100479126,-4.124799728393555,-4.037652015686035,-3.5106723308563232,-4.246906280517578,-5.157840251922607,-2.8489341735839844,-3.823509931564331,-3.064237117767334,-4.744014739990234,-5.575230598449707,-2.020298480987549,-3.1237828731536865,-0.8615614771842957,-5.002144813537598,-5.489945411682129,-4.636881351470947,-3.9014456272125244
1MHP,H,52,,S,-5.161823272705078,-4.103181838989258,-1.1754512786865234,-5.509188175201416,-5.235104560852051,-4.062491416931152,-5.392592430114746,-5.190955638885498,-5.395938873291016,-5.302981376647949,-5.301621913909912,-3.9485063552856445,-5.443109035491943,-5.23408842086792,-5.242249011993408,-0.627720832824707,-3.3506016731262207,-5.462118148803711,-5.288147926330566,-5.206696510314941,-5.463247299194336,-5.583066463470459,-2.470827341079712,-5.595465183258057,-5.300070285797119,-4.427118301391602,-5.068343639373779,-5.536321640014648,-5.575067043304443,-5.266634941101074,-5.4507598876953125,-2.714489698410034,-5.536650657653809,-5.273767948150635,-5.239978313446045,-0.7478554248809814,-1.2232826948165894,-5.494559288024902,-5.213308811187744,-5.1936821937561035
1MHP,H,53,,G,-0.9360940456390381,-4.118840217590332,-4.2506937980651855,-4.879009246826172,-5.2530717849731445,-3.3838655948638916,-4.677435398101807,-5.2964653968811035,-4.904822826385498,-5.477421283721924,-5.323698997497559,-2.1841821670532227,-1.6283719539642334,-4.560721397399902,-5.022377967834473,-1.871694564819336,-4.881835460662842,-5.190502166748047,-5.840147972106934,-5.518812656402588,-1.9621165990829468,-5.052723407745361,-4.041243076324463,-3.502638101577759,-4.679713726043701,-3.746354579925537,-2.303572177886963,-5.455668926239014,-3.649541139602661,-4.946218013763428,-5.222299575805664,-2.3279430866241455,-3.4489505290985107,-3.5022780895233154,-3.9878249168395996,-0.894586443901062,-5.263820648193359,-5.023131370544434,-4.367507457733154,-3.983278751373291
1MHP,H,54,,G,-2.5913097858428955,-4.9787373542785645,-3.231234550476074,-2.383761405944824,-4.52938985824585,-3.987374782562256,-1.401441216468811,-4.977888584136963,-4.805723190307617,-4.5465826988220215,-3.554736852645874,-1.6399834156036377,-5.420316219329834,-2.676727771759033,-3.9632716178894043,-2.331207513809204,-3.1576530933380127,-4.5103325843811035,-4.955697536468506,-4.365907192230225,-2.9514758586883545,-5.361225605010986,-2.3036351203918457,-2.82149338722229,-4.063220977783203,-3.067357301712036,-3.4785220623016357,-4.871851921081543,-3.0223963260650635,-3.712313175201416,-4.639148712158203,-2.075338125228882,-5.41607141494751,-2.7163217067718506,-3.4832656383514404,-1.5722779035568237,-2.148320198059082,-4.456202983856201,-4.4394001960754395,-3.7228434085845947
1MHP,H,56,,H,-4.513336658477783,-4.725948810577393,-4.299090385437012,-3.512357473373413,-4.371448040008545,-4.664522647857666,-1.7436203956604004,-1.948533058166504,-2.8104004859924316,-3.703272581100464,-4.61838960647583,-1.550718069076538,-5.5844902992248535,-3.2529540061950684,-2.9054837226867676,-4.753453731536865,-3.4855804443359375,-2.0466082096099854,-4.7477850914001465,-4.1156134605407715,-2.651167154312134,-5.121258735656738,-3.373845338821411,-2.5865976810455322,-4.781946659088135,-3.7380905151367188,-4.1017913818359375,-3.4025015830993652,-2.541764974594116,-4.0528106689453125,-4.740264892578125,-2.2297940254211426,-5.644432544708252,-2.6984899044036865,-3.4842305183410645,-2.8347833156585693,-1.4661020040512085,-2.200148820877075,-5.06385612487793,-4.478939056396484
1MHP,H,58,,Y,-3.5091068744659424,-5.325582027435303,-3.5267715454101562,-2.9160194396972656,-3.9228148460388184,-4.138050556182861,-3.3196306228637695,-4.221686363220215,-3.760812282562256,-4.179853439331055,-4.782689571380615,-3.419466972351074,-5.432606220245361,-3.4197802543640137,-2.7752630710601807,-1.9750765562057495,-2.0334417819976807,-3.6802096366882324,-3.7141427993774414,-1.2148288488388062,-3.6565592288970947,-5.420843601226807,-4.027082443237305,-2.6143674850463867,-3.26234769821167,-4.256289482116699,-3.5849297046661377,-4.574489116668701,-3.3232667446136475,-3.5954205989837646,-4.519699573516846,-4.18824577331543,-5.554266452789307,-3.0382285118103027,-2.881124496459961,-1.0830748081207275,-1.759422779083252,-4.5008864402771,-4.232950210571289,-2.910024404525757
1MHP,H,59,,Y,-4.421213150024414,-5.840697765350342,-5.2223286628723145,-4.568056583404541,-3.6359052658081055,-5.713283538818359,-3.68131160736084,-5.946278095245361,-5.230175495147705,-4.7218241691589355,-5.4395904541015625,-4.520010471343994,-5.797999858856201,-4.624544620513916,-5.395660877227783,-4.368141174316406,-4.338017463684082,-4.8821210861206055,-4.5826544761657715,-0.19671113789081573,-4.545015335083008,-5.910822868347168,-5.342387676239014,-4.641067028045654,-3.58005428314209,-5.784815311431885,-3.7795660495758057,-5.965245723724365,-5.353135585784912,-4.735982894897461,-5.504055976867676,-4.680270671844482,-5.845012187957764,-4.740652561187744,-5.475180149078369,-4.532036304473877,-4.502302169799805,-4.96299409866333,-4.550011157989502,-0.1817384660243988
1MHP,H,60,,L,-3.507120370864868,-5.239424228668213,-3.636584758758545,-3.6871964931488037,-3.925243854522705,-5.532130241394043,-0.9405239224433899,-4.4765472412109375,-4.546886444091797,-1.2966305017471313,-4.79760217666626,-2.9117095470428467,-5.677135944366455,-4.4644036293029785,-3.449768543243408,-4.188106060028076,-5.104183197021484,-4.699333667755127,-4.469515800476074,-2.943782091140747,-3.498507499694824,-5.23785924911499,-3.6953766345977783,-3.7624049186706543,-3.8187918663024902,-5.533772945404053,-0.9997945427894592,-4.369936943054199,-4.6173553466796875,-1.2036820650100708,-4.786564826965332,-3.0368666648864746,-5.674619197845459,-4.4913330078125,-3.488201856613159,-4.228278636932373,-5.108337879180908,-4.604052543640137,-4.388614177703857,-2.8944528102874756
1MHP,H,64,,K,-1.6883282661437988,-5.235176086425781,-3.0668468475341797,-2.2349729537963867,-4.7292962074279785,-4.443762302398682,-4.818986892700195,-5.38417911529541,-1.5566234588623047,-3.6105360984802246,-4.587061882019043,-3.2445576190948486,-5.837620258331299,-2.4646005630493164,-2.8473458290100098,-1.9390101432800293,-3.769885540008545,-5.118333339691162,-5.05745267868042,-4.530327320098877,-1.6356030702590942,-5.240370273590088,-3.0994317531585693,-2.2270333766937256,-4.7508931159973145,-4.438649654388428,-4.8336358070373535,-5.380504131317139,-1.5887786149978638,-3.642759084701538,-4.578823566436768,-3.2719922065734863,-5.843846321105957,-2.4644486904144287,-2.903327703475952,-1.9287937879562378,-3.709094285964966,-5.054625034332275,-5.121129035949707,-4.565299987792969
1MHP,H,99,,F,-2.1185574531555176,-5.139506816864014,-1.9559056758880615,-2.6496505737304688,-3.759794235229492,-2.751646041870117,-3.8233304023742676,-4.518770694732666,-2.7540507316589355,-2.7934768199920654,-3.6971070766448975,-2.737414598464966,-5.4809746742248535,-3.8387081623077393,-2.5717010498046875,-2.0531420707702637,-3.5436995029449463,-4.827535629272461,-3.7832770347595215,-3.2844831943511963,-2.3594298362731934,-5.363502025604248,-2.1096673011779785,-2.4626944065093994,-3.8736186027526855,-3.1548094749450684,-4.0452189445495605,-4.603870868682861,-2.621474266052246,-2.5642166137695312,-3.8041586875915527,-2.941357374191284,-5.465812683105469,-3.4800896644592285,-2.637640953063965,-1.7321858406066895,-3.2002954483032227,-4.753715991973877,-4.0002264976501465,-3.5928146839141846
1MHP,H,100,,G,-2.954861640930176,-4.7849555015563965,-2.6262404918670654,-3.1100525856018066,-3.20059871673584,-1.1086220741271973,-3.3942689895629883,-4.550111293792725,-3.39981746673584,-3.908663272857666,-4.788177013397217,-2.9521727561950684,-5.580331325531006,-3.760719060897827,-3.016110420227051,-2.7175047397613525,-3.87957763671875,-4.7157721519470215,-3.3356730937957764,-2.448117256164551,-3.7257347106933594,-5.572175025939941,-2.56492018699646,-3.2571980953216553,-4.593173027038574,-0.43026837706565857,-4.5037336349487305,-5.340590476989746,-3.6032485961914062,-4.839698791503906,-5.527697563171387,-2.9796183109283447,-5.611995697021484,-4.390709400177002,-4.038235187530518,-3.8654794692993164,-4.83571195602417,-5.397408962249756,-4.916677474975586,-4.134334564208984
1MHP,H,102,,G,-5.737242221832275,-5.585050582885742,-5.696384906768799,-5.6312336921691895,-5.551153659820557,-0.07117453962564468,-5.600395202636719,-5.52541971206665,-5.68990421295166,-5.5665202140808105,-5.620173454284668,-5.647937774658203,-5.649531841278076,-5.66116189956665,-5.664825439453125,-5.6293625831604,-5.657395362854004,-5.585601806640625,-5.5885796546936035,-5.565521717071533,-5.696557521820068,-5.559995174407959,-5.680450439453125,-5.623462677001953,-5.5529303550720215,-0.07186048477888107,-5.577399253845215,-5.537473201751709,-5.664830207824707,-5.567659378051758,-5.622350692749023,-5.628830909729004,-5.658118724822998,-5.65513801574707,-5.648032188415527,-5.609445571899414,-5.652431011199951,-5.601207733154297,-5.5782060623168945,-5.556556224822998
1MHP,L,24,,S,-3.6023595333099365,-5.889271259307861,-4.046284198760986,-3.129401683807373,-4.149147987365723,-4.859992504119873,-2.8488786220550537,-3.664201021194458,-2.5640604496002197,-3.284956693649292,-4.363444805145264,-2.4818856716156006,-5.5699615478515625,-3.042907238006592,-2.376701593399048,-2.4099340438842773,-1.2686659097671509,-3.110990285873413,-5.032622814178467,-3.710904121398926,-3.625352144241333,-5.867068767547607,-4.036410808563232,-3.0791351795196533,-4.121755123138428,-4.878066062927246,-2.889801263809204,-3.6242034435272217,-2.5532116889953613,-3.2339165210723877,-4.347764492034912,-2.479215383529663,-5.553495407104492,-3.0284242630004883,-2.3425981998443604,-2.4124863147735596,-1.3028342723846436,-3.08950138092041,-4.995497703552246,-3.6962640285491943
1MHP,L,28,,S,-2.4952850341796875,-5.722075939178467,-3.5712926387786865,-3.190683603286743,-5.337070941925049,-4.378415107727051,-5.255139350891113,-5.165523052215576,-3.9057440757751465,-5.1364970207214355,-5.393884658813477,-3.8299405574798584,-0.4599570631980896,-4.447163105010986,-4.611970901489258,-2.5512592792510986,-4.021978378295898,-4.8985795974731445,-5.584534168243408,-5.431294918060303,-2.451887607574463,-5.95556116104126,-3.6098792552948,-3.211899757385254,-5.2718729972839355,-4.251715183258057,-5.183784484863281,-5.2366132736206055,-4.15188455581665,-5.015436172485352,-5.44138240814209,-3.8263754844665527,-0.4768313765525818,-4.45232629776001,-4.576943874359131,-2.4069974422454834,-4.1001973152160645,-4.953770637512207,-5.497682571411133,-5.368794918060303
1MHP,L,30,,N,-2.53403902053833,-4.93313455581665,-3.0832862854003906,-2.9957923889160156,-4.054853916168213,-3.670501232147217,-3.726879119873047,-4.118828296661377,-3.615177631378174,-4.476815700531006,-4.360256671905518,-2.8661153316497803,-3.2597153186798096,-3.122223377227783,-2.5111989974975586,-1.1289892196655273,-2.444539785385132,-3.768322467803955,-4.456283092498779,-4.012294769287109,-2.574666738510132,-5.647453784942627,-2.685495138168335,-2.623319625854492,-4.8666558265686035,-3.1736693382263184,-4.220292091369629,-4.644604682922363,-2.625826120376587,-3.92453670501709,-4.964135646820068,-2.986013412475586,-2.95676326751709,-3.3057594299316406,-3.0424530506134033,-1.131608486175537,-2.6944196224212646,-4.417403697967529,-4.843076705932617,-4.639211654663086
1MHP,L,31,,H,-3.1562182903289795,-5.623064994812012,-2.8611655235290527,-2.5729825496673584,-3.1599740982055664,-3.7500908374786377,-2.5445058345794678,-5.228420257568359,-3.4782752990722656,-4.672277450561523,-4.768979072570801,-3.094548463821411,-5.705763339996338,-2.600162982940674,-2.801192283630371,-1.7259252071380615,-2.528299331665039,-4.643223285675049,-2.8889951705932617,-2.1620359420776367,-3.2530453205108643,-5.725550174713135,-3.1368417739868164,-2.8314785957336426,-3.1493852138519287,-3.682649850845337,-2.532059907913208,-5.147454261779785,-3.3544864654541016,-4.842281341552734,-4.800355911254883,-3.089881181716919,-5.7030839920043945,-2.6993303298950195,-3.0750343799591064,-1.537513017654419,-2.176454782485962,-4.574542999267578,-3.3630614280700684,-2.1561496257781982
1MHP,L,49,,L,-3.2522857189178467,-5.213407039642334,-1.9839543104171753,-2.6299993991851807,-3.495272397994995,-3.620039463043213,-2.518383502960205,-5.0965094566345215,-3.228123903274536,-3.3607919216156006,-4.3158159255981445,-1.6493483781814575,-5.60581636428833,-2.7251148223876953,-2.771824836730957,-2.2811639308929443,-4.697686672210693,-5.062500953674316,-3.606670379638672,-3.0779876708984375,-3.340240955352783,-5.462923526763916,-1.8379693031311035,-2.864333152770996,-4.065473556518555,-3.29858660697937,-2.6489968299865723,-5.223466396331787,-3.2689435482025146,-3.6816749572753906,-4.819973468780518,-1.3209118843078613,-5.549821376800537,-2.9678568840026855,-3.161536931991577,-2.132669687271118,-4.730924129486084,-5.142640590667725,-4.246451377868652,-3.485975503921509
1MHP,L,52,,N,-3.6698837280273438,-5.284778594970703,-3.3908495903015137,-2.2757909297943115,-4.652174949645996,-4.917562961578369,-3.678013801574707,-2.9324002265930176,-2.137317180633545,-3.051283121109009,-4.189398288726807,-3.5450527667999268,-5.598643779754639,-2.325629711151123,-2.6657376289367676,-3.1713318824768066,-1.6042494773864746,-2.3492660522460938,-4.88457727432251,-4.473880290985107,-3.511932373046875,-5.384891033172607,-3.8109593391418457,-2.3424689769744873,-4.860296726226807,-4.8902974128723145,-3.974607467651367,-3.017634391784668,-2.150430202484131,-3.239079713821411,-4.317451000213623,-3.663802146911621,-5.602608680725098,-2.2576186656951904,-2.8490021228790283,-3.1343963146209717,-1.377082347869873,-2.3636891841888428,-5.13287878036499,-4.85573673248291
1MHP,L,90,,W,-3.1007540225982666,-4.660687446594238,-3.1259469985961914,-3.6255011558532715,-4.360857963562012,-1.036190152168274,-3.6826672554016113,-4.713165283203125,-3.9648795127868652,-5.180088996887207,-5.033328056335449,-3.4670891761779785,-5.242743492126465,-3.9730513095855713,-3.66493558883667,-1.8755912780761719,-1.9214954376220703,-3.966888904571533,-3.937655210494995,-3.7643837928771973,-3.0658650398254395,-4.644648551940918,-2.8350510597229004,-3.345367431640625,-4.509197235107422,-1.2312592267990112,-3.884921073913574,-4.501882076263428,-3.8157541751861572,-5.102417945861816,-4.987375259399414,-3.3022279739379883,-5.212782859802246,-3.8285253047943115,-3.469630718231201,-1.8170528411865234,-1.8253439664840698,-3.7641055583953857,-3.9343998432159424,-3.9747073650360107
1MHP,L,91,,S,-3.8728225231170654,-5.039571762084961,-0.38543248176574707,-4.1335930824279785,-5.350900650024414,-3.9450700283050537,-4.518988609313965,-5.60287618637085,-3.9893887042999268,-5.168377876281738,-5.320284366607666,-3.1305058002471924,-5.813918590545654,-4.527958869934082,-4.228993892669678,-2.94801926612854,-2.732043981552124,-4.870782852172852,-5.4638237953186035,-4.922671794891357,-3.118567705154419,-5.601046085357666,-0.4838699996471405,-3.222132921218872,-5.368910312652588,-3.675342559814453,-4.437471389770508,-5.704768180847168,-4.013452529907227,-5.139242649078369,-5.176083087921143,-3.719390869140625,-5.699574947357178,-4.182149887084961,-4.279716491699219,-2.4685370922088623,-2.824028491973877,-5.1081767082214355,-5.013936519622803,-4.878525257110596
1MHP,L,92,,G,-4.359640121459961,-5.245338439941406,-3.5466160774230957,-4.178539276123047,-2.6046559810638428,-4.73126220703125,-0.7170777320861816,-5.422664165496826,-5.308216571807861,-5.261228561401367,-5.402970314025879,-3.6897659301757812,-5.71955680847168,-4.266867160797119,-4.915196895599365,-3.4973485469818115,-4.335585117340088,-5.322988986968994,-3.051011085510254,-1.5963082313537598,-4.3150105476379395,-5.096975326538086,-3.7038650512695312,-4.16441011428833,-2.569526195526123,-4.731799125671387,-0.777870237827301,-5.388453483581543,-5.289936542510986,-5.203423976898193,-5.531115531921387,-3.6208834648132324,-5.729194164276123,-4.157476425170898,-4.92965030670166,-3.343723773956299,-4.229002952575684,-5.255663871765137,-2.960369110107422,-1.5290541648864746
1MHP,L,93,,N,-3.6095240116119385,-5.1926984786987305,-3.7295379638671875,-1.8953343629837036,-3.0239949226379395,-4.919973850250244,-4.577792644500732,-2.9696590900421143,-3.288041114807129,-1.7735614776611328,-3.172722578048706,-3.828465461730957,-5.433762550354004,-2.956137180328369,-3.1694631576538086,-2.5578298568725586,-2.2048611640930176,-2.9829201698303223,-3.7463479042053223,-3.111906051635742,-3.6116604804992676,-5.264736175537109,-3.0989320278167725,-2.0841503143310547,-3.137305974960327,-4.809240818023682,-4.175270080566406,-4.324434757232666,-2.931748628616333,-2.831296443939209,-4.168842315673828,-3.3377435207366943,-5.263442516326904,-2.7772819995880127,-3.16247820854187,-1.6715989112854004,-1.7798945903778076,-4.000180721282959,-3.454981803894043,-3.251629114151001
1MLC,H,28,,T,-4.280905246734619,-5.4430108070373535,-0.6489851474761963,-3.2968056201934814,-5.215174198150635,-5.019740581512451,-4.731179714202881,-5.05965518951416,-3.9141640663146973,-4.906527519226074,-5.220430374145508,-1.4785569906234741,-2.933537244796753,-4.110067367553711,-4.080172061920166,-4.286529064178467,-4.263391017913818,-4.6805572509765625,-5.3829426765441895,-5.095998287200928,-4.3246660232543945,-5.651549816131592,-0.5378694534301758,-3.5206079483032227,-5.105710029602051,-4.859939098358154,-4.726754665374756,-5.225354194641113,-4.302082061767578,-4.828388214111328,-5.120474815368652,-1.580091953277588,-3.2944865226745605,-4.163756370544434,-4.350696563720703,-4.288979530334473,-4.57956600189209,-4.840274333953857,-5.442794322967529,-5.048776149749756
1MLC,H,31,,T,-2.676276683807373,-5.133668899536133,-2.3507769107818604,-2.143233060836792,-4.103334426879883,-4.3054938316345215,-2.75830078125,-5.031435966491699,-2.2713377475738525,-4.770080089569092,-5.118259429931641,-2.333195447921753,-5.700196743011475,-2.526639223098755,-2.7335121631622314,-2.5048911571502686,-2.1595306396484375,-4.336469650268555,-4.541235446929932,-3.5376999378204346,-2.5194625854492188,-5.364318370819092,-2.587857723236084,-2.078606128692627,-4.910390377044678,-3.718815326690674,-4.3201775550842285,-5.045149803161621,-2.19712495803833,-3.6078004837036133,-4.559377670288086,-3.1432862281799316,-5.729037761688232,-2.3297994136810303,-3.111290454864502,-1.4649232625961304,-2.6032416820526123,-4.626468181610107,-5.299983978271484,-5.067348003387451
1MLC,H,57,,S,-1.7718523740768433,-4.451249122619629,-4.902453422546387,-4.623538970947266,-4.767794132232666,-5.200945854187012,-5.0440216064453125,-3.5106260776519775,-4.813128471374512,-5.431676387786865,-4.873063087463379,-4.595582008361816,-5.765437126159668,-4.170412540435791,-4.4625678062438965,-2.959376335144043,-2.7593560218811035,-0.5749998092651367,-5.284660339355469,-4.903437614440918,-3.504293203353882,-5.110628128051758,-2.8565738201141357,-1.7069813013076782,-4.152929782867432,-4.513278007507324,-3.5816712379455566,-2.8613173961639404,-2.4234378337860107,-3.316262722015381,-4.408551216125488,-2.8580384254455566,-5.446523666381836,-2.1226718425750732,-3.056713104248047,-2.5652449131011963,-2.65331768989563,-2.7244760990142822,-4.181861877441406,-3.9308481216430664
1MLC,H,58,,T,-3.86063289642334,-4.642394542694092,-4.323826313018799,-3.6980881690979004,-3.7085952758789062,-5.406152248382568,-3.307398557662964,-4.478028774261475,-3.293982982635498,-5.103903293609619,-5.21694803237915,-3.818509578704834,-5.7233662605285645,-3.8440968990325928,-3.3590095043182373,-1.5622875690460205,-0.8550925850868225,-3.275836944580078,-4.794586181640625,-3.1383023262023926,-3.7662193775177,-4.9687676429748535,-4.627498626708984,-3.683303117752075,-3.3433468341827393,-5.409921646118164,-3.3040544986724854,-4.4027180671691895,-3.0449535846710205,-4.928825855255127,-4.9180521965026855,-3.9959442615509033,-5.677310943603516,-3.5526998043060303,-3.216362714767456,-1.4770909547805786,-1.00380539894104,-3.207329034805298,-4.665925979614258,-3.018882989883423
1MLC,H,65,,K,-1.6151072978973389,-5.277993679046631,-2.331803560256958,-1.6374869346618652,-5.015448093414307,-4.6729655265808105,-4.894537448883057,-5.496323108673096,-1.7922488451004028,-4.06998872756958,-4.991137504577637,-3.4407689571380615,-5.72787618637085,-2.4652152061462402,-3.101163148880005,-2.392605781555176,-4.366706848144531,-5.262287616729736,-5.336555004119873,-4.954873561859131,-1.5714033842086792,-5.269222736358643,-2.3861300945281982,-1.6452722549438477,-5.026003360748291,-4.689968109130859,-4.894240856170654,-5.501754283905029,-1.7813801765441895,-4.03677225112915,-4.952887058258057,-3.5046000480651855,-5.7262420654296875,-2.4582157135009766,-3.1074090003967285,-2.423940658569336,-4.390637397766113,-5.24587869644165,-5.340046405792236,-4.953580856323242
1MLC,L,32,,N,-4.242581367492676,-5.504151821136475,-4.502974510192871,-4.642239570617676,-3.9516191482543945,-3.2505106925964355,-2.915703535079956,-5.470334529876709,-2.7482848167419434,-1.2207293510437012,-2.4443745613098145,-3.6848878860473633,-5.712042331695557,-2.7927513122558594,-1.4217941761016846,-3.631223678588867,-5.473499774932861,-5.880972385406494,-4.983788967132568,-3.597161054611206,-3.619960308074951,-5.227895736694336,-2.7921526432037354,-2.451469898223877,-3.798464298248291,-3.2768282890319824,-2.263576030731201,-5.342104434967041,-1.934305191040039,-3.4816596508026123,-4.395267009735107,-2.0988781452178955,-5.622159481048584,-2.074554443359375,-2.6132547855377197,-2.732637643814087,-4.567564010620117,-5.24474573135376,-3.929142475128174,-3.2602949142456055
1MLC,L,92,,N,-2.1987268924713135,-4.598146438598633,-4.825060844421387,-4.351465702056885,-4.37913703918457,-5.564913749694824,-4.262355804443359,-3.720585823059082,-1.1587305068969727,-3.483576774597168,-4.275259971618652,-4.463429927825928,-5.6290693283081055,-3.6382899284362793,-1.3076987266540527,-3.1022465229034424,-4.07576322555542,-3.666797637939453,-4.9209394454956055,-3.2629714012145996,-1.6363232135772705,-5.475571155548096,-3.1986560821533203,-3.751915454864502,-3.2939276695251465,-4.832852363586426,-3.004999876022339,-4.284740447998047,-2.358549118041992,-3.7545926570892334,-4.770359992980957,-3.51603102684021,-5.275694370269775,-3.871171236038208,-2.8367953300476074,-1.5314264297485352,-3.9574203491210938,-3.951981544494629,-3.9689712524414062,-2.169208526611328
1N8Z,H,30,,K,-2.040104627609253,-4.911116123199463,-3.9714303016662598,-2.830422878265381,-5.279335021972656,-3.944042682647705,-5.110734462738037,-3.8538384437561035,-2.319444179534912,-2.9092421531677246,-3.8273396492004395,-3.4725184440612793,-5.708484649658203,-3.4100375175476074,-2.1609690189361572,-1.9935954809188843,-1.7770233154296875,-2.823063611984253,-5.384273052215576,-5.034289360046387,-2.1195967197418213,-4.86082124710083,-3.9521982669830322,-2.804741859436035,-5.241791248321533,-3.9597556591033936,-5.076517581939697,-3.799684762954712,-2.3334548473358154,-2.810863494873047,-3.7949774265289307,-3.4295012950897217,-5.699739933013916,-3.3880209922790527,-2.168724298477173,-1.9776148796081543,-1.7982431650161743,-2.8038747310638428,-5.3458638191223145,-5.0076727867126465
1N8Z,H,31,,D,-3.9026145935058594,-5.407632350921631,-0.6044435501098633,-2.6249356269836426,-5.251856327056885,-3.879338264465332,-4.6040425300598145,-5.451739311218262,-3.420712947845459,-5.015275955200195,-5.458311080932617,-2.192707061767578,-5.728557586669922,-3.8207788467407227,-4.288913726806641,-2.586937427520752,-3.425701141357422,-5.352866172790527,-5.48890495300293,-5.188960075378418,-3.838226318359375,-5.3736162185668945,-0.6830960512161255,-2.6438183784484863,-5.1614837646484375,-3.8518266677856445,-4.416848659515381,-5.453303813934326,-3.4539988040924072,-4.813709735870361,-5.335516929626465,-2.1372101306915283,-5.77796745300293,-3.6857476234436035,-4.250269889831543,-2.331010341644287,-3.296302556991577,-5.327528953552246,-5.4182024002075195,-5.1358113288879395
1N8Z,H,32,,T,-4.503994941711426,-4.1101603507995605,-3.7732808589935303,-4.886202335357666,-4.859303951263428,-4.667946815490723,-4.720671653747559,-5.599722385406494,-5.668497085571289,-5.074891090393066,-4.259650707244873,-4.531988143920898,-5.788979530334473,-3.4990766048431396,-4.294790744781494,-3.803713083267212,-0.24659894406795502,-3.9386489391326904,-5.461947441101074,-5.723182201385498,-4.445033073425293,-4.073144435882568,-3.6946442127227783,-4.896435260772705,-4.851528644561768,-4.7104644775390625,-4.751803398132324,-5.581676483154297,-5.642999649047852,-5.064900875091553,-4.207208156585693,-4.545963287353516,-5.763806343078613,-3.4389185905456543,-4.227709770202637,-3.8013553619384766,-0.25512972474098206,-3.9286255836486816,-5.444067478179932,-5.6949615478515625
1N8Z,H,33,,Y,-4.629295825958252,-5.428216457366943,-3.420715093612671,-2.8268048763275146,-3.2000882625579834,-5.084193229675293,-4.015425205230713,-2.746060609817505,-3.7051444053649902,-3.3845064640045166,-4.504826545715332,-3.3378710746765137,-5.127593517303467,-3.8668363094329834,-3.031628370285034,-4.169657230377197,-2.6464226245880127,-2.4577009677886963,-1.1683269739151,-2.285165548324585,-4.527289390563965,-5.364842891693115,-3.514698028564453,-2.670156717300415,-3.375556468963623,-5.1292829513549805,-3.9768803119659424,-2.617575168609619,-2.967344045639038,-3.2762820720672607,-4.383116722106934,-3.1785006523132324,-5.079816818237305,-3.6000149250030518,-2.829416036605835,-4.044918537139893,-2.090980052947998,-2.319183826446533,-1.5856907367706299,-2.610490322113037
1N8Z,H,50,,R,-2.8679757118225098,-4.490475654602051,-3.38092303276062,-2.1173019409179688,-4.250843524932861,-2.783010482788086,-4.3943305015563965,-4.792469024658203,-3.6813113689422607,-4.048689842224121,-3.96970796585083,-3.7394094467163086,-5.55683708190918,-2.6203513145446777,-3.0894057750701904,-1.0198180675506592,-3.5756471157073975,-4.392702102661133,-3.158262014389038,-3.5105161666870117,-2.7373507022857666,-4.660782337188721,-3.65979266166687,-2.3055131435394287,-4.3392252922058105,-2.858630657196045,-4.452991008758545,-5.042548656463623,-3.3757541179656982,-4.4566264152526855,-4.273693084716797,-3.9420711994171143,-5.5581955909729,-2.733566999435425,-3.0851552486419678,-0.8885142207145691,-3.589352607727051,-4.633072853088379,-3.103466272354126,-3.7025444507598877
1N8Z,H,52,,Y,-4.247237682342529,-5.650599002838135,-3.1589126586914062,-3.0557861328125,-2.8739118576049805,-5.310723304748535,-2.1698708534240723,-3.784734010696411,-2.6500163078308105,-2.218597888946533,-4.546102046966553,-2.6379966735839844,-5.612308979034424,-2.8325798511505127,-2.5275075435638428,-3.1101479530334473,-3.5914146900177,-3.8121421337127686,-2.379338502883911,-2.267815113067627,-4.180514812469482,-5.5821404457092285,-3.1094727516174316,-2.947087049484253,-3.322859287261963,-5.286457538604736,-2.134913444519043,-3.7415952682495117,-2.4112441539764404,-2.1782259941101074,-4.480454921722412,-2.370426654815674,-5.515678882598877,-2.552845001220703,-2.44946026802063,-3.0091190338134766,-3.136837959289551,-3.4536337852478027,-3.1454555988311768,-2.8581199645996094
1N8Z,H,53,,T,-1.4822579622268677,-5.145468711853027,-4.032795429229736,-3.0108489990234375,-4.055202007293701,-3.48793888092041,-3.961050510406494,-3.794018268585205,-1.9095937013626099,-3.540555953979492,-4.71687650680542,-3.7851181030273438,-5.0070719718933105,-3.0713822841644287,-2.4450831413269043,-1.8241651058197021,-3.6491329669952393,-3.662558078765869,-4.071000099182129,-3.442481756210327,-1.4932337999343872,-5.263712406158447,-3.993394136428833,-2.903672695159912,-4.181148052215576,-3.476614475250244,-3.8843464851379395,-3.843402147293091,-2.0030605792999268,-3.36318302154541,-4.618350505828857,-3.8401262760162354,-4.807554244995117,-2.9823708534240723,-2.4328043460845947,-1.7807815074920654,-3.5855894088745117,-3.721891164779663,-4.1906890869140625,-3.662905693054199
1N8Z,H,54,,N,-5.5406365394592285,-5.516107559204102,-0.7967948317527771,-5.85304069519043,-5.3705220222473145,-4.983341693878174,-4.97795295715332,-5.310445308685303,-5.367420673370361,-5.525201797485352,-5.562355995178223,-0.8805152177810669,-5.643054008483887,-5.3582539558410645,-5.3060197830200195,-4.1616926193237305,-3.1221704483032227,-5.348019123077393,-5.346951961517334,-5.176905632019043,-5.453972816467285,-5.544147968292236,-0.7545924186706543,-5.9425177574157715,-5.30246114730835,-4.978578090667725,-4.886022090911865,-5.468029499053955,-5.575065612792969,-5.417346477508545,-5.486160755157471,-0.9731207489967346,-5.6472954750061035,-5.325537204742432,-5.3270697593688965,-3.6433963775634766,-2.967590808868408,-5.37219762802124,-5.4309000968933105,-5.2574639320373535
1N8Z,H,56,,Y,-2.5454213619232178,-4.832882881164551,-2.8343865871429443,-2.004936933517456,-3.19990873336792,-3.9463694095611572,-3.039511203765869,-4.059014797210693,-3.4699654579162598,-3.163756847381592,-4.780313968658447,-2.6161203384399414,-5.520579814910889,-2.4369335174560547,-3.1362271308898926,-2.2940380573272705,-2.811246871948242,-3.7132434844970703,-3.927427053451538,-2.3012375831604004,-2.709878444671631,-5.069189071655273,-3.411144256591797,-2.4836809635162354,-4.360381126403809,-3.8008873462677,-3.741943597793579,-4.160032749176025,-2.2379279136657715,-3.9536540508270264,-4.757791519165039,-2.970334053039551,-5.525307655334473,-2.8030500411987305,-3.03985857963562,-1.5757737159729004,-1.7173242568969727,-3.6463165283203125,-4.626707553863525,-4.145458698272705
1N8Z,H,95,,W,-4.29000997543335,-5.595368385314941,-2.2669296264648438,-3.0229129791259766,-2.8491694927215576,-5.426258087158203,-3.1567769050598145,-5.038638114929199,-3.543170690536499,-2.96533203125,-3.9975109100341797,-2.8980860710144043,-5.591284275054932,-3.058532238006592,-2.9997308254241943,-3.3850560188293457,-1.1431070566177368,-4.858266830444336,-2.897037982940674,-3.018819808959961,-4.436464309692383,-5.673946380615234,-2.114668846130371,-2.751488208770752,-3.1236209869384766,-5.458548545837402,-3.30587100982666,-5.203415870666504,-3.1612768173217773,-2.715730905532837,-3.9827113151550293,-2.976780891418457,-5.58514404296875,-2.9137775897979736,-3.0086586475372314,-3.5214684009552,-1.1577130556106567,-5.123300552368164,-3.3640825748443604,-3.2191648483276367
1N8Z,H,98,,D,-2.389233112335205,-5.070856094360352,-2.891879081726074,-2.733954429626465,-4.6213178634643555,-3.6032395362854004,-3.6578431129455566,-4.109729766845703,-1.9356253147125244,-3.580997943878174,-4.630151748657227,-3.19832181930542,-2.0035717487335205,-2.9053006172180176,-2.876068115234375,-2.0672171115875244,-2.6644225120544434,-3.8772473335266113,-4.968843936920166,-4.628349304199219,-2.309232473373413,-5.193427085876465,-3.148430109024048,-2.6199333667755127,-4.720731735229492,-3.8606221675872803,-4.048074722290039,-4.3881144523620605,-1.9248600006103516,-3.6084463596343994,-4.629991054534912,-3.3462274074554443,-1.7866772413253784,-2.9298994541168213,-3.166607141494751,-2.0203423500061035,-2.5943126678466797,-3.980104923248291,-5.158738613128662,-4.9949049949646
1N8Z,H,100,,F,-4.2252607345581055,-3.7829842567443848,-2.852412462234497,-3.708782911300659,-2.2474188804626465,-5.005194187164307,-2.432044506072998,-5.001665115356445,-4.203869342803955,-4.149109363555908,-4.425587177276611,-1.0603822469711304,-5.4846391677856445,-3.3645412921905518,-2.9715986251831055,-2.5523502826690674,-3.292151927947998,-4.497555255889893,-4.604513645172119,-2.842458724975586,-4.515515327453613,-4.05171012878418,-2.8581695556640625,-3.9136300086975098,-2.2972893714904785,-5.18760347366333,-2.7389883995056152,-5.135706901550293,-4.064330101013184,-4.409360408782959,-4.638111114501953,-0.8860524296760559,-5.527713298797607,-3.3287441730499268,-3.087415933609009,-2.616140365600586,-3.578552484512329,-4.601123809814453,-4.739826679229736,-2.7938454151153564
1N8Z,H,102,,Y,-3.803406000137329,-5.320155620574951,-4.169107913970947,-3.475074052810669,-3.0550949573516846,-5.526434898376465,-1.0433495044708252,-2.868723154067993,-4.040221691131592,-4.165157318115234,-4.778836250305176,-4.0317063331604,-5.562833786010742,-4.099376201629639,-4.422367095947266,-3.8088529109954834,-3.1860015392303467,-1.871861219406128,-3.621277093887329,-2.0367512702941895,-3.7663209438323975,-5.307980537414551,-4.214597225189209,-3.531832456588745,-2.9784188270568848,-5.5190534591674805,-1.1110183000564575,-2.7831575870513916,-4.1265177726745605,-4.112473964691162,-4.747498035430908,-4.1264190673828125,-5.569222450256348,-4.119261264801025,-4.449620723724365,-3.8150906562805176,-3.18266224861145,-1.7848176956176758,-3.5884337425231934,-2.010819673538208
1N8Z,L,28,,D,-3.1142218112945557,-5.5324788093566895,-1.0218216180801392,-2.0676395893096924,-4.415304660797119,-4.133492469787598,-4.234062671661377,-4.997220993041992,-3.620344638824463,-4.6113810539245605,-5.173094749450684,-2.823552370071411,-1.8002328872680664,-3.705329418182373,-4.228853702545166,-3.027627468109131,-4.340492248535156,-4.699335098266602,-4.178819179534912,-3.739450454711914,-2.810706377029419,-5.712991237640381,-1.2021764516830444,-2.053650140762329,-4.503188133239746,-3.8993477821350098,-4.181384563446045,-4.933877468109131,-3.935845375061035,-4.350198745727539,-4.996354103088379,-2.782874584197998,-1.6204767227172852,-3.661421298980713,-4.340167045593262,-2.7397959232330322,-4.284051895141602,-4.65697717666626,-4.7069411277771,-3.9406213760375977
1N8Z,L,30,,N,-2.346308708190918,-5.1469268798828125,-1.9653033018112183,-3.030160427093506,-3.2410683631896973,-2.157236099243164,-2.1154141426086426,-5.051987171173096,-4.141749858856201,-4.950761795043945,-5.081756591796875,-2.2744803428649902,-5.376151084899902,-4.137772560119629,-4.06412410736084,-2.0459179878234863,-3.5965094566345215,-4.502002716064453,-4.298893451690674,-2.562032461166382,-3.254739999771118,-5.736910343170166,-3.052809476852417,-3.026848077774048,-4.908420562744141,-0.48968377709388733,-4.401493072509766,-5.141950607299805,-3.5052077770233154,-4.375937461853027,-5.247594833374023,-3.1937620639801025,-5.431333541870117,-3.861212968826294,-3.958925485610962,-2.929551362991333,-4.113762855529785,-5.070772647857666,-5.258993625640869,-4.652501106262207
1N8Z,L,31,,T,-3.911149263381958,-4.718102931976318,-1.7751843929290771,-3.307661771774292,-3.741471767425537,-4.920313358306885,-2.6342058181762695,-3.1763434410095215,-3.8653876781463623,-3.6173088550567627,-4.1012349128723145,-1.5694358348846436,-5.632687568664551,-3.588040590286255,-3.419832229614258,-2.3958752155303955,-2.5975308418273926,-3.262204170227051,-3.408867120742798,-3.0563268661499023,-3.7914795875549316,-5.512355804443359,-1.4881799221038818,-3.3040261268615723,-4.420999526977539,-4.591960906982422,-4.0558953285217285,-4.624979019165039,-3.411804437637329,-4.091639995574951,-4.261925220489502,-1.5237089395523071,-5.366085052490234,-3.4274826049804688,-3.7272231578826904,-1.827926754951477,-2.136003255844116,-4.100830554962158,-4.777765274047852,-4.208649158477783
1N8Z,L,49,,Y,-4.211569309234619,-5.289915084838867,-3.9578616619110107,-2.8822250366210938,-2.790205717086792,-4.761478424072266,-2.9735827445983887,-5.186565399169922,-3.1819064617156982,-4.363823413848877,-4.521456718444824,-4.130099296569824,-5.791797161102295,-3.4643030166625977,-2.931708335876465,-2.370990514755249,-3.072077512741089,-4.764620780944824,-3.1231560707092285,-0.8740761280059814,-3.883408784866333,-5.214235782623291,-3.9063985347747803,-2.6859099864959717,-2.9271023273468018,-4.72239875793457,-2.9626781940460205,-5.08615255355835,-2.82253360748291,-4.353231430053711,-4.500392913818359,-4.002981662750244,-5.731683254241943,-3.153442621231079,-2.8605504035949707,-1.9100664854049683,-2.687927484512329,-4.424636363983154,-3.608041286468506,-1.1862787008285522
1N8Z,L,50,,S,-3.653240919113159,-5.193778038024902,-1.6215204000473022,-2.744189977645874,-2.995586633682251,-5.030151844024658,-2.9736135005950928,-5.374869346618652,-4.210175514221191,-4.797879695892334,-4.103078365325928,-2.4034948348999023,-5.688730239868164,-3.643660545349121,-3.8443806171417236,-3.243464946746826,-4.592746257781982,-5.133179664611816,-2.7153360843658447,-1.2304514646530151,-3.5904035568237305,-5.3238630294799805,-1.6949286460876465,-2.5768227577209473,-3.5921380519866943,-3.765781879425049,-3.0456933975219727,-5.105739593505859,-2.7412831783294678,-3.8461461067199707,-4.556005954742432,-1.3637584447860718,-5.707090854644775,-2.7514514923095703,-3.205932140350342,-3.008155584335327,-4.415053367614746,-5.157564640045166,-3.8717291355133057,-2.8857529163360596
1N8Z,L,52,,S,-4.3474249839782715,-5.131789684295654,-0.8374176025390625,-3.654106616973877,-4.821714401245117,-3.8314406871795654,-3.999720811843872,-5.218562602996826,-4.3507795333862305,-5.2680864334106445,-5.219153881072998,-1.735410213470459,-5.494717121124268,-4.0729546546936035,-4.156459808349609,-1.9010546207427979,-3.062045097351074,-4.665327548980713,-4.304928302764893,-4.322540283203125,-3.854877233505249,-5.0348029136657715,-1.277407169342041,-3.8963675498962402,-4.9468674659729,-3.6202187538146973,-4.206647872924805,-4.951941967010498,-4.209810256958008,-5.127718448638916,-5.112081050872803,-1.6510846614837646,-5.326757907867432,-4.088494300842285,-4.247407913208008,-1.4483137130737305,-2.3436191082000732,-4.155673503875732,-4.797064304351807,-4.834803581237793
1N8Z,L,53,,F,-4.904986381530762,-5.103166580200195,-4.423203945159912,-3.367201328277588,-3.3594419956207275,-5.478569507598877,-3.0148391723632812,-1.8190921545028687,-2.3388612270355225,-3.473116159439087,-4.070795059204102,-3.7358627319335938,-5.507045269012451,-2.583016872406006,-2.6790049076080322,-3.9689736366271973,-2.275033473968506,-1.5550079345703125,-4.5856547355651855,-3.500105381011963,-4.458436012268066,-5.265518665313721,-4.222858428955078,-2.5496633052825928,-4.687400817871094,-5.196674346923828,-3.700437545776367,-1.9880307912826538,-2.5335144996643066,-3.5490427017211914,-4.67228889465332,-3.498035192489624,-5.596055030822754,-2.5252935886383057,-3.3710601329803467,-3.315946102142334,-1.366625428199768,-1.9671205282211304,-5.032679080963135,-4.5488505363464355
1N8Z,L,66,,R,-4.032416343688965,-5.557210922241211,-4.459872245788574,-4.364967346191406,-5.12296199798584,-4.235650062561035,-4.044301509857178,-2.4536523818969727,-1.4883381128311157,-3.4718570709228516,-4.419989109039307,-4.161221981048584,-5.615287780761719,-2.292290687561035,-1.1473705768585205,-2.896664619445801,-3.938441514968872,-3.304041862487793,-5.149991035461426,-5.050763130187988,-4.072527885437012,-5.493370532989502,-4.475925922393799,-4.404147624969482,-5.138426780700684,-4.238771438598633,-4.03043270111084,-2.395294427871704,-1.4918426275253296,-3.4086906909942627,-4.464993000030518,-4.159400463104248,-5.599749565124512,-2.285771369934082,-1.1537984609603882,-2.934203624725342,-3.9895641803741455,-3.322305917739868,-5.171070575714111,-5.01806640625
1N8Z,L,91,,H,-5.208991527557373,-5.677883625030518,-5.185181617736816,-5.592669486999512,-2.4691810607910156,-5.176749229431152,-2.24347186088562,-5.66016149520874,-5.483300685882568,-5.704166889190674,-5.0715131759643555,-4.458635330200195,-5.8962082862854,-5.174171447753906,-4.845843315124512,-3.636220932006836,-4.349743366241455,-5.246016979217529,-3.743570566177368,-0.39733946323394775,-5.1285624504089355,-5.772451877593994,-4.8035712242126465,-5.4159836769104,-2.7357349395751953,-5.4521660804748535,-2.9062533378601074,-5.806341171264648,-5.789398670196533,-5.781929016113281,-5.421175003051758,-3.9944279193878174,-5.878140926361084,-5.314427852630615,-5.208451271057129,-3.3704700469970703,-4.105899810791016,-5.3378520011901855,-2.6715571880340576,-0.37903252243995667
1N8Z,L,92,,Y,-1.2514830827713013,-5.286387920379639,-3.616835117340088,-3.1924707889556885,-2.769882917404175,-4.835642337799072,-3.09619140625,-4.952056407928467,-2.963183879852295,-5.337702751159668,-4.00523567199707,-3.7347168922424316,-5.288703918457031,-3.541442394256592,-2.136054754257202,-2.9092278480529785,-5.076794624328613,-4.615566730499268,-3.4032883644104004,-1.811540126800537,-0.8916117548942566,-5.630285739898682,-3.343034267425537,-2.9663493633270264,-4.226460933685303,-4.969710826873779,-3.3470966815948486,-5.199395179748535,-2.251267910003662,-5.18701171875,-4.8706135749816895,-3.6056227684020996,-5.465002059936523,-3.304783821105957,-2.774988889694214,-2.0938720703125,-5.0780253410339355,-4.548972129821777,-4.75932502746582,-3.2246897220611572
1N8Z,L,93,,T,-2.6878154277801514,-5.193969249725342,-2.9786038398742676,-2.146862030029297,-3.89255952835083,-4.558310031890869,-3.2493607997894287,-5.047773838043213,-2.397702217102051,-4.235838413238525,-4.521213054656982,-3.402728796005249,-5.705149173736572,-2.6796247959136963,-2.570326805114746,-2.0125341415405273,-1.7672683000564575,-3.931607246398926,-4.699787616729736,-2.966702938079834,-2.668335199356079,-5.399580001831055,-2.970431327819824,-1.846113920211792,-3.8577651977539062,-4.495057106018066,-3.412430763244629,-5.023735046386719,-2.6182382106781006,-4.22387170791626,-4.5813751220703125,-3.5018293857574463,-5.737827301025391,-2.3747029304504395,-3.1754801273345947,-1.8726253509521484,-1.8215898275375366,-3.984055280685425,-4.873898983001709,-3.2853446006774902
1N8Z,L,94,,T,-4.593911170959473,-5.341021537780762,-4.0485944747924805,-3.172283172607422,-3.1934592723846436,-5.172658920288086,-4.1577301025390625,-3.143148183822632,-3.0522899627685547,-1.5061794519424438,-3.299537420272827,-3.5204505920410156,-5.217065811157227,-3.473038911819458,-2.3389477729797363,-3.247936487197876,-1.9190809726715088,-2.8347699642181396,-2.884934663772583,-2.9623329639434814,-3.8075833320617676,-5.204659938812256,-2.952073097229004,-1.8553194999694824,-3.5958714485168457,-4.9889607429504395,-4.2165608406066895,-3.6999728679656982,-3.16318678855896,-2.590379476547241,-3.6889028549194336,-3.1867525577545166,-5.239133834838867,-2.7970309257507324,-2.798593282699585,-2.108205795288086,-1.8839473724365234,-3.4474995136260986,-3.1067652702331543,-3.5350992679595947
1VFB,C,18,,D,-3.5021958351135254,-5.281169891357422,-0.4766683280467987,-2.313661575317383,-5.37334680557251,-4.858056545257568,-3.4595370292663574,-5.606014251708984,-3.9755873680114746,-4.969906806945801,-5.271996021270752,-3.001668930053711,-5.653077125549316,-3.3567471504211426,-3.9802029132843018,-3.389478921890259,-5.425699710845947,-5.524838924407959,-4.585424423217773,-4.878205299377441,-3.1537866592407227,-5.2958574295043945,-0.410765141248703,-2.327552556991577,-5.421679496765137,-4.926945209503174,-3.4444899559020996,-5.667093753814697,-4.262622833251953,-5.390419960021973,-5.371573448181152,-3.1285789012908936,-5.612359046936035,-3.831468105316162,-4.616940498352051,-3.7718915939331055,-5.521240711212158,-5.429708003997803,-5.351304531097412,-5.090925216674805
1VFB,C,19,,N,-4.720151901245117,-4.796991348266602,-3.268155336380005,-4.103843688964844,-2.754957437515259,-3.4290592670440674,-2.920689105987549,-5.299066543579102,-4.158176422119141,-4.295225620269775,-3.41182541847229,-1.5487334728240967,-5.612715244293213,-4.226607799530029,-3.631253480911255,-4.6934685707092285,-5.131107807159424,-5.142886638641357,-1.0564334392547607,-2.4625043869018555,-4.6274309158325195,-5.092876434326172,-3.0153868198394775,-3.7226476669311523,-4.222023010253906,-1.6211135387420654,-3.37359356880188,-5.594382286071777,-3.0523276329040527,-4.019090175628662,-3.376427412033081,-0.802157461643219,-5.502319812774658,-3.891488790512085,-3.4189019203186035,-4.0948567390441895,-5.223754405975342,-5.516993522644043,-4.698182582855225,-3.892862319946289
1VFB,C,23,,Y,-4.6826653480529785,-4.8831095695495605,-5.256526470184326,-4.983517169952393,-2.3687238693237305,-5.418065547943115,-2.027864456176758,-2.296193838119507,-4.199224948883057,-2.78735089302063,-3.7736306190490723,-4.202324390411377,-5.566524505615234,-4.365354061126709,-4.875809192657471,-5.074803829193115,-4.142475605010986,-3.4965643882751465,-1.441818118095398,-1.5455354452133179,-4.79476261138916,-5.0726637840271,-5.413232326507568,-5.2640156745910645,-2.716358184814453,-5.407649517059326,-1.547523021697998,-2.518993854522705,-4.079492092132568,-3.0778911113739014,-4.039318561553955,-4.500973224639893,-5.523687362670898,-4.64902925491333,-4.955659866333008,-5.130270481109619,-4.403121471405029,-3.7476084232330322,-1.2969133853912354,-1.689945101737976
1VFB,C,24,,S,-4.545830249786377,-5.195230007171631,-3.7108054161071777,-3.8635740280151367,-5.424069881439209,-3.431192398071289,-4.835848331451416,-4.5634541511535645,-4.8098464012146,-4.923312664031982,-5.080954551696777,-3.6683425903320312,-0.2805185317993164,-4.549057483673096,-4.282547950744629,-4.079616546630859,-3.9573540687561035,-4.621341705322266,-5.460062026977539,-5.080333709716797,-3.2336411476135254,-5.100161552429199,-2.8232622146606445,-3.0155115127563477,-5.0807671546936035,-2.9747767448425293,-4.147909164428711,-4.926001071929932,-3.562596321105957,-4.90867805480957,-5.075472831726074,-3.236931324005127,-0.6038550734519958,-4.2709641456604,-3.8978872299194336,-2.7715721130371094,-4.0652337074279785,-4.754758834838867,-5.241429328918457,-4.618014335632324
1VFB,C,116,,K,-3.021493911743164,-4.84881591796875,-4.550629615783691,-2.438288688659668,-4.592964172363281,-5.523871421813965,-4.701172351837158,-3.772738456726074,-1.3142242431640625,-2.183927297592163,-3.091438055038452,-4.5992207527160645,-5.512907981872559,-2.3845064640045166,-1.8379147052764893,-4.426494598388672,-4.07949161529541,-2.958897829055786,-4.319112300872803,-4.325935363769531,-2.504204511642456,-5.014057159423828,-3.319150447845459,-1.8827236890792847,-3.644200086593628,-5.199458122253418,-4.109543800354004,-3.252408742904663,-1.5297901630401611,-2.4205760955810547,-3.688814401626587,-4.060967445373535,-5.4000983238220215,-2.9001076221466064,-2.8401670455932617,-3.777360677719116,-4.032586574554443,-2.730551242828369,-3.716773748397827,-3.200125217437744
1VFB,C,118,,T,-4.150382041931152,-5.334291458129883,-5.456665515899658,-4.664057731628418,-5.318001747131348,-4.124203681945801,-5.187608242034912,-5.18165397644043,-2.5731515884399414,-5.385890483856201,-5.318692207336426,-4.842087745666504,-5.396885395050049,-4.260348796844482,-2.4215476512908936,-3.4191813468933105,-0.37866950035095215,-5.030357360839844,-5.439418792724609,-5.533430576324463,-4.142965793609619,-5.536868572235107,-5.225471019744873,-3.0843276977539062,-4.864537715911865,-3.9458370208740234,-3.8753206729888916,-5.030389308929443,-1.4224216938018799,-4.83400297164917,-4.502033710479736,-3.681946039199829,-5.512121200561523,-2.6864466667175293,-2.3204808235168457,-3.3056509494781494,-1.0192277431488037,-4.729325771331787,-5.241675853729248,-4.91864538192749
1VFB,C,119,,D,-2.9619293212890625,-4.944995403289795,-1.1510568857192993,-2.1221251487731934,-4.2605743408203125,-4.577481746673584,-3.876739978790283,-4.544162750244141,-3.1002161502838135,-3.7585816383361816,-4.309314250946045,-2.429197311401367,-3.090547561645508,-3.1977908611297607,-2.3726699352264404,-3.4219117164611816,-4.468278884887695,-3.975118398666382,-4.587854862213135,-3.6191861629486084,-3.566845655441284,-5.483572006225586,-0.6020088791847229,-3.1014041900634766,-5.316059589385986,-4.810789108276367,-4.828463554382324,-5.377526760101318,-3.6043715476989746,-5.006158351898193,-5.263505935668945,-1.7308076620101929,-2.798617362976074,-4.17291259765625,-3.947232961654663,-4.225301742553711,-4.951113224029541,-5.142087459564209,-5.526840686798096,-5.135608673095703
1VFB,C,120,,V,-0.5864486694335938,-3.686415195465088,-4.364683628082275,-4.025744915008545,-3.7051239013671875,-5.085980415344238,-3.8631234169006348,-4.73448371887207,-4.9596781730651855,-5.321291923522949,-4.402674198150635,-4.047278881072998,-5.4885969161987305,-4.561648368835449,-5.394852161407471,-1.989173412322998,-2.855276346206665,-3.1467535495758057,-4.909135818481445,-3.814539670944214,-0.49642449617385864,-3.6825032234191895,-4.563387393951416,-4.545905113220215,-3.4651334285736084,-5.25103759765625,-4.137768745422363,-4.890573024749756,-5.38359260559082,-5.473122596740723,-5.067120552062988,-4.595276832580566,-5.492189407348633,-5.279406547546387,-5.488476753234863,-2.590043544769287,-3.1019818782806396,-3.2677698135375977,-3.942793607711792,-2.6720049381256104
1VFB,C,121,,Q,-2.3604748249053955,-5.111161231994629,-2.238719940185547,-1.9676835536956787,-4.045339107513428,-3.9452943801879883,-3.725083827972412,-4.927806854248047,-4.033047199249268,-2.8923561573028564,-3.3161098957061768,-3.4442505836486816,-5.0876851081848145,-1.4981122016906738,-3.7198615074157715,-2.236206531524658,-3.585557460784912,-4.9904656410217285,-3.673982620239258,-3.776350975036621,-2.0234200954437256,-5.222743988037109,-2.527916431427002,-1.6626559495925903,-4.600371360778809,-3.379026174545288,-3.9330101013183594,-4.739752769470215,-3.049168825149536,-3.0979254245758057,-3.375791311264038,-3.2291417121887207,-5.161709785461426,-2.6914756298065186,-3.2117063999176025,-1.9113662242889404,-2.942344903945923,-4.642543792724609,-4.145336627960205,-4.24921178817749
1VFB,C,124,,I,-5.5857415199279785,-4.575522422790527,-5.485456943511963,-5.457129001617432,-5.451786518096924,-5.512877941131592,-5.478869915008545,-0.7731176614761353,-5.74753999710083,-4.777698993682861,-5.597662448883057,-5.501021862030029,-5.528106689453125,-5.609230041503906,-5.642650604248047,-5.447237014770508,-3.8714828491210938,-0.8263960480690002,-5.427774906158447,-5.1605377197265625,-5.650519847869873,-4.40108585357666,-5.486499309539795,-5.525904655456543,-5.523280143737793,-5.538848400115967,-5.428012371063232,-0.945527195930481,-5.690507411956787,-4.7603325843811035,-5.668202877044678,-5.48052453994751,-5.506181716918945,-5.605660438537598,-5.634527206420898,-5.450636863708496,-3.8120970726013184,-0.6744208335876465,-5.5739521980285645,-5.34116268157959
1VFB,C,125,,R,-2.7898812294006348,-5.442017555236816,-2.7786355018615723,-1.5679391622543335,-3.454347848892212,-5.134483337402344,-3.9515833854675293,-3.053957223892212,-2.9511351585388184,-2.978504180908203,-3.8450334072113037,-3.863401174545288,-5.539546012878418,-2.8703627586364746,-2.0907483100891113,-3.128709316253662,-2.7188143730163574,-2.95334529876709,-4.211346626281738,-2.9318575859069824,-2.220932960510254,-5.461178302764893,-2.8303310871124268,-1.5805277824401855,-4.806204795837402,-4.9802961349487305,-4.546103000640869,-3.622990131378174,-1.790174961090088,-3.72746205329895,-4.551370143890381,-3.873512029647827,-5.579204082489014,-2.9284043312072754,-2.5055932998657227,-2.8940622806549072,-2.4468770027160645,-3.034665107727051,-5.040036201477051,-4.39527702331543
1VFB,C,129,,L,-4.034540176391602,-4.625940322875977,-4.386713027954102,-4.415538311004639,-3.469329833984375,-2.4582982063293457,-3.6260762214660645,-1.493095874786377,-4.69860315322876,-0.9317750930786133,-2.9934000968933105,-4.388798713684082,-5.333240032196045,-4.443364143371582,-4.69256591796875,-4.002902030944824,-4.4393815994262695,-3.787153959274292,-4.118268013000488,-3.925781726837158,-3.9181931018829346,-4.625209808349609,-4.228650093078613,-4.274107933044434,-3.4524407386779785,-2.2296385765075684,-3.5320589542388916,-1.5719997882843018,-4.648073196411133,-0.996632993221283,-3.0235180854797363,-4.285530090332031,-5.32500696182251,-4.364946365356445,-4.665004253387451,-3.787094831466675,-4.36097526550293,-3.7968099117279053,-4.006479740142822,-3.8374266624450684
1VFB,H,28,,S,-3.6430585384368896,-5.216904640197754,-1.5146394968032837,-3.3434700965881348,-5.279191017150879,-4.722062587738037,-4.570483207702637,-5.4180989265441895,-3.0672500133514404,-4.2884392738342285,-5.331894397735596,-2.5711843967437744,-4.615816116333008,-4.056491851806641,-3.8208205699920654,-0.7591646909713745,-4.493616104125977,-5.244861125946045,-5.433213710784912,-5.324541091918945,-3.6151723861694336,-5.35266637802124,-1.72044038772583,-3.3776357173919678,-5.2182135581970215,-4.665130615234375,-4.5125532150268555,-5.424224853515625,-3.0109457969665527,-4.100195407867432,-5.2040791511535645,-2.6421287059783936,-4.8028178215026855,-3.8032736778259277,-3.8673934936523438,-0.6852753758430481,-4.3848419189453125,-5.275215148925781,-5.421037673950195,-5.272246837615967
1VFB,H,31,,G,-3.8766403198242188,-5.3698506355285645,-1.1463804244995117,-2.1139564514160156,-5.162091255187988,-4.557138442993164,-2.711137294769287,-5.47247838973999,-2.0233497619628906,-4.402695178985596,-5.276919364929199,-2.4431190490722656,-5.670882225036621,-2.831096649169922,-3.020756721496582,-3.003293037414551,-3.5005946159362793,-5.077886581420898,-5.431638717651367,-4.494165420532227,-3.5801408290863037,-5.3254289627075195,-0.9383504390716553,-2.159175157546997,-4.981557369232178,-4.14528226852417,-4.032461166381836,-5.318893909454346,-2.9435694217681885,-4.462157726287842,-5.034689426422119,-2.2454118728637695,-5.6113176345825195,-2.9306535720825195,-3.880561113357544,-2.172309398651123,-3.5699427127838135,-4.988649845123291,-5.353272914886475,-4.912515163421631
1VFB,H,32,,Y,-5.02003812789917,-5.484351634979248,-5.647467136383057,-5.599646091461182,-2.8938841819763184,-5.789576530456543,-0.8280502557754517,-4.338302135467529,-4.620429515838623,-5.397558689117432,-5.025603771209717,-3.402189254760742,-5.887331962585449,-4.744840621948242,-3.779886484146118,-5.097131729125977,-5.0785088539123535,-2.3763740062713623,-4.99431037902832,-1.2979425191879272,-4.953078269958496,-5.993256568908691,-5.392768859863281,-5.277195930480957,-2.9240894317626953,-5.919522285461426,-0.8615941405296326,-4.340156078338623,-4.207311630249023,-5.282506942749023,-5.053956985473633,-3.071287155151367,-5.966056823730469,-4.427629470825195,-3.744602918624878,-4.998074531555176,-5.134688377380371,-2.471945285797119,-4.986306190490723,-1.2942278385162354
1VFB,H,52,,W,-4.14927864074707,-6.058091640472412,-4.470850467681885,-4.167778491973877,-1.8872750997543335,-5.488020896911621,-4.057142734527588,-5.996890068054199,-4.19033145904541,-2.76552677154541,-3.99501895904541,-4.812450885772705,-5.894567489624023,-4.143695831298828,-3.602911949157715,-4.358908653259277,-4.831364154815674,-5.778306484222412,-1.0818171501159668,-1.3233821392059326,-2.46652889251709,-5.7497053146362305,-3.2159087657928467,-3.0237998962402344,-2.722975969314575,-4.057718276977539,-2.7006304264068604,-5.653312683105469,-2.641638994216919,-2.820704221725464,-4.075101852416992,-3.0152666568756104,-5.442928314208984,-3.0328521728515625,-2.3807051181793213,-2.4861133098602295,-3.3132033348083496,-5.132725715637207,-2.5150794982910156,-2.109036445617676
1VFB,H,54,,D,-5.183483123779297,-5.415748596191406,-0.5795170068740845,-5.626779556274414,-5.410819053649902,-4.945145606994629,-5.381946086883545,-5.450008869171143,-5.418601989746094,-5.57631254196167,-5.613986015319824,-1.0432299375534058,-5.554961204528809,-5.512343406677246,-5.571661949157715,-4.611971378326416,-4.958063125610352,-5.483617305755615,-5.428915977478027,-5.448118686676025,-4.096006870269775,-5.487185001373291,-0.9138541221618652,-4.533973693847656,-5.0353779792785645,-3.4220662117004395,-4.708060264587402,-5.559128284454346,-4.554206371307373,-5.046823978424072,-5.035899639129639,-1.1220312118530273,-5.542322635650635,-4.390317440032959,-4.612361431121826,-2.2776129245758057,-3.8306353092193604,-5.49839448928833,-5.241588115692139,-5.026469707489014
1VFB,H,58,,D,-1.8046553134918213,-4.797221660614014,-3.0538268089294434,-2.391505002975464,-3.2006919384002686,-3.518627166748047,-2.7994699478149414,-5.466672897338867,-2.664759874343872,-4.560039520263672,-4.766162872314453,-3.078322410583496,-5.534582138061523,-3.149627447128296,-2.0372681617736816,-2.1074764728546143,-3.0704567432403564,-4.423218727111816,-4.127636909484863,-3.0962953567504883,-1.895145297050476,-5.0341691970825195,-3.1090760231018066,-2.229423761367798,-3.4356014728546143,-3.6382734775543213,-2.6947524547576904,-5.489282131195068,-2.7244441509246826,-4.491236209869385,-4.626570701599121,-3.020455837249756,-5.5375142097473145,-2.736938238143921,-2.4400649070739746,-1.8472027778625488,-3.068110227584839,-4.485433101654053,-4.023383617401123,-3.3187437057495117
1VFB,H,99,,R,-3.97741436958313,-5.100538730621338,-2.1060402393341064,-1.6560853719711304,-3.857844352722168,-5.153432846069336,-3.1948719024658203,-3.586860418319702,-2.5399537086486816,-3.7377700805664062,-4.390543460845947,-2.6982762813568115,-5.445429801940918,-2.6586029529571533,-2.6306629180908203,-2.4109129905700684,-3.860071897506714,-3.114218235015869,-3.1369495391845703,-3.228790044784546,-3.7740495204925537,-5.210748195648193,-2.4455745220184326,-1.576905369758606,-4.449533939361572,-5.147670269012451,-3.489633798599243,-3.604929208755493,-2.252009868621826,-3.9248528480529785,-4.4995856285095215,-2.8240861892700195,-5.557066440582275,-2.227889060974121,-2.940201997756958,-1.9973591566085815,-3.773160457611084,-2.843724489212036,-4.660726070404053,-4.081935405731201
1VFB,H,100,,D,-3.4420089721679688,-5.005709171295166,-2.219595193862915,-3.071082830429077,-3.7247540950775146,-3.7910070419311523,-3.231017827987671,-5.260645389556885,-1.9645816087722778,-3.184952735900879,-3.6620748043060303,-1.9239652156829834,-5.6262006759643555,-3.227309465408325,-1.5085718631744385,-3.410902976989746,-5.113738059997559,-5.175060749053955,-4.6624932289123535,-3.1475207805633545,-3.338423013687134,-5.173626899719238,-1.3958898782730103,-2.683396577835083,-5.087940216064453,-3.019519805908203,-3.957895278930664,-5.326655387878418,-2.9565725326538086,-4.918598175048828,-5.16810941696167,-1.0465505123138428,-5.517994403839111,-3.3354501724243164,-3.8710405826568604,-2.810663938522339,-4.625064849853516,-5.099747657775879,-5.426546573638916,-4.9793171882629395
1VFB,H,101,,Y,-4.165039539337158,-4.606627464294434,-2.126060724258423,-2.197298288345337,-3.7406530380249023,-1.7967865467071533,-3.3689231872558594,-5.06547212600708,-3.8216822147369385,-2.9330673217773438,-3.6889522075653076,-1.9765429496765137,-5.463002681732178,-2.786769151687622,-3.2664201259613037,-3.559258222579956,-4.74444580078125,-5.236915111541748,-4.319688320159912,-2.160087823867798,-3.9475197792053223,-5.1919026374816895,-1.992719292640686,-2.694439649581909,-4.849187850952148,-1.1540627479553223,-3.9705400466918945,-5.210934162139893,-2.8296711444854736,-4.151956558227539,-4.534249305725098,-1.8188852071762085,-5.429101467132568,-3.1260838508605957,-3.1009562015533447,-2.993983030319214,-4.790521621704102,-5.282094478607178,-4.883503437042236,-4.44932746887207
1VFB,L,31,,N,-4.993932723999023,-5.534666538238525,-2.242020845413208,-2.8903231620788574,-5.132542610168457,-0.5318494439125061,-4.588442802429199,-5.485952854156494,-4.012292385101318,-4.764876365661621,-5.191403865814209,-2.454983711242676,-5.513614654541016,-3.960219383239746,-3.6219141483306885,-3.709807872772217,-4.838702201843262,-5.432544708251953,-5.114208698272705,-4.700504779815674,-5.052175045013428,-5.852645397186279,-2.2082266807556152,-3.028151512145996,-5.206482410430908,-0.49348169565200806,-4.778892517089844,-5.450431823730469,-4.4358367919921875,-4.792909622192383,-5.269355297088623,-2.3432836532592773,-5.519033908843994,-4.061423301696777,-4.7028045654296875,-3.6428284645080566,-4.862122058868408,-5.367727756500244,-5.211896896362305,-4.812252998352051
1VFB,L,32,,Y,-3.878607749938965,-5.606037139892578,-4.148568630218506,-2.963557481765747,-2.8973097801208496,-5.3967671394348145,-2.807823419570923,-5.322407245635986,-2.000713348388672,-2.1854043006896973,-3.8202717304229736,-3.438920497894287,-5.6839447021484375,-2.8516488075256348,-1.7115355730056763,-3.8374991416931152,-5.044094085693359,-5.206197261810303,-3.4341607093811035,-1.7478731870651245,-3.37998366355896,-5.876875877380371,-3.9746944904327393,-2.99802565574646,-3.8619120121002197,-5.243221759796143,-3.245135545730591,-5.3865885734558105,-1.1010406017303467,-2.171706438064575,-4.409654140472412,-3.428532838821411,-5.707644939422607,-2.205623149871826,-2.0882186889648438,-3.331890344619751,-5.135530471801758,-5.259027004241943,-4.289664268493652,-3.3355438709259033
1VFB,L,46,,L,-5.035428047180176,-5.836338996887207,-5.306478500366211,-5.112811088562012,-5.506049633026123,-5.571032524108887,-5.271185874938965,-4.848194599151611,-5.321694850921631,-0.10966962575912476,-4.6124396324157715,-5.292545795440674,-5.209661960601807,-5.026377201080322,-5.128308296203613,-5.109918594360352,-5.383237361907959,-5.5339860916137695,-5.45472526550293,-5.120946884155273,-5.180861473083496,-5.904414653778076,-5.329596519470215,-5.154029846191406,-5.546075820922852,-5.565578460693359,-5.3226704597473145,-4.982243537902832,-5.340147972106934,-0.10196586698293686,-4.792662620544434,-5.364683628082275,-5.274811744689941,-5.084380149841309,-5.178184986114502,-5.186463356018066,-5.4129791259765625,-5.597521781921387,-5.473608016967773,-5.144575119018555
1VFB,L,50,,Y,-2.8504440784454346,-5.2491607666015625,-2.2074577808380127,-3.809070587158203,-3.246394634246826,-3.2283382415771484,-1.92599618434906,-5.596455097198486,-3.6412031650543213,-4.737601280212402,-3.8607583045959473,-1.496377944946289,-5.824377059936523,-2.8259971141815186,-3.3105568885803223,-2.8476550579071045,-5.399381637573242,-5.419812202453613,-4.231264114379883,-2.148423194885254,-3.5208277702331543,-5.634343147277832,-1.721732497215271,-2.936659336090088,-4.292479038238525,-3.428051233291626,-2.561734676361084,-5.257490634918213,-2.931873321533203,-3.897847890853882,-4.684382915496826,-1.2605522871017456,-5.600350379943848,-2.4339137077331543,-3.19388484954834,-2.822476863861084,-4.905027866363525,-5.322464942932129,-4.075995922088623,-3.9575917720794678
1VFB,L,52,,T,-4.017332077026367,-4.862860679626465,-1.6001743078231812,-4.047676086425781,-5.103763103485107,-4.115992069244385,-4.191343784332275,-5.17404317855835,-3.844031572341919,-5.285454273223877,-5.1905388832092285,-1.7472602128982544,-5.414766311645508,-4.130316257476807,-4.164867877960205,-1.137915015220642,-2.098010778427124,-4.48073148727417,-4.81850528717041,-4.985971450805664,-3.8081471920013428,-5.175172805786133,-1.874638319015503,-4.224073886871338,-5.089872360229492,-4.266334533691406,-4.377073287963867,-5.086507320404053,-4.050746440887451,-5.228973388671875,-5.227700233459473,-2.0318689346313477,-5.346402168273926,-4.307311534881592,-4.339632511138916,-0.9475545883178711,-1.8328560590744019,-4.286198139190674,-4.943207263946533,-5.093105316162109
1VFB,L,53,,T,-4.475677490234375,-5.268373012542725,-4.199881553649902,-3.0932509899139404,-4.911275386810303,-5.198098182678223,-4.0291643142700195,-1.2340341806411743,-2.9118812084198,-1.9074996709823608,-2.992795944213867,-4.226275444030762,-5.6247944831848145,-1.8686637878417969,-3.558371067047119,-4.12796688079834,-2.7246570587158203,-2.9428651332855225,-5.410983562469482,-4.773327827453613,-4.08010196685791,-5.241606712341309,-4.148680686950684,-2.4761745929718018,-5.040472030639648,-4.992012977600098,-3.8136043548583984,-2.600847005844116,-2.379146099090576,-3.8510937690734863,-4.635707855224609,-3.1553518772125244,-5.6696624755859375,-2.0309696197509766,-3.2333195209503174,-3.318230390548706,-1.2975198030471802,-2.2254514694213867,-5.394296646118164,-5.094162940979004
1VFB,L,92,,W,-4.175726890563965,-5.579769611358643,-3.5238025188446045,-4.163427829742432,-2.2778356075286865,-5.587790012359619,-3.0299577713012695,-5.280882358551025,-2.788200855255127,-3.6956334114074707,-4.617860794067383,-3.3856606483459473,-5.6849236488342285,-4.343158721923828,-2.9110617637634277,-3.6058294773101807,-4.493220329284668,-4.815410614013672,-1.8216856718063354,-1.0022366046905518,-3.6822237968444824,-5.628599643707275,-3.0855491161346436,-3.853624105453491,-2.1158504486083984,-5.415660381317139,-2.8305532932281494,-5.207477569580078,-2.222667694091797,-3.504112482070923,-4.64158821105957,-2.894960641860962,-5.50756311416626,-3.8756918907165527,-3.0073137283325195,-2.9331154823303223,-3.931894063949585,-4.547055244445801,-2.7280776500701904,-1.2428476810455322
1YY9,H,56,,N,-3.3345818519592285,-5.050267696380615,-3.251946210861206,-4.599785804748535,-4.995619297027588,-4.230530738830566,-4.228620529174805,-4.874295711517334,-2.8604824542999268,-4.470789909362793,-4.773823261260986,-2.6730833053588867,-5.68210506439209,-3.77312970161438,-2.7755894660949707,-0.5799678564071655,-3.0055198669433594,-5.033359050750732,-5.2165021896362305,-4.662084579467773,-4.261033535003662,-5.724651336669922,-4.199479579925537,-3.8292315006256104,-5.209445953369141,-4.970738887786865,-4.694153785705566,-5.011384963989258,-3.471114158630371,-4.706028938293457,-5.124383449554443,-3.6307332515716553,-5.728113174438477,-3.9266839027404785,-3.7955193519592285,-1.2037570476531982,-0.7345359325408936,-4.679584503173828,-5.236360549926758,-5.242550849914551
1YY9,H,61,,T,-2.7031986713409424,-5.276793479919434,-2.3070616722106934,-2.006981372833252,-4.833698749542236,-4.211881637573242,-4.446763515472412,-4.745153903961182,-2.6411309242248535,-4.239499568939209,-5.146387577056885,-3.6038594245910645,-1.1522091627120972,-3.397552728652954,-3.721402168273926,-2.412517547607422,-3.1857621669769287,-4.399332523345947,-5.158907890319824,-4.659562587738037,-2.558945417404175,-5.258619785308838,-2.3226726055145264,-2.0014524459838867,-4.860282897949219,-4.0084147453308105,-4.528130531311035,-4.704263210296631,-2.693723440170288,-4.267627239227295,-5.139769077301025,-3.526261568069458,-1.232546329498291,-3.4922451972961426,-3.7696094512939453,-2.2641544342041016,-3.1052069664001465,-4.354684352874756,-5.127516269683838,-4.708075046539307
1YY9,L,26,,S,-5.997348308563232,-5.479320526123047,-4.651485919952393,-5.775518894195557,-5.348071575164795,-5.194527626037598,-5.458338260650635,-5.332533359527588,-5.904822826385498,-5.323546886444092,-5.601624488830566,-2.5774788856506348,-5.62751579284668,-5.562173366546631,-5.874584197998047,-0.1784292310476303,-4.238481044769287,-5.36951208114624,-5.488193035125732,-5.525306701660156,-6.015160083770752,-5.490504264831543,-4.634169578552246,-5.773689270019531,-5.355493068695068,-5.132361888885498,-5.457836627960205,-5.33670711517334,-5.909870147705078,-5.307249546051025,-5.6012983322143555,-2.552466869354248,-5.645826816558838,-5.573811054229736,-5.89554500579834,-0.180858314037323,-4.24816370010376,-5.36082649230957,-5.4958882331848145,-5.537536144256592
1YY9,L,31,,T,-4.031394958496094,-5.802096843719482,-2.415346622467041,-3.2588539123535156,-4.916957855224609,-5.222548484802246,-3.7527451515197754,-4.623946666717529,-1.5288227796554565,-4.456326961517334,-4.538984298706055,-2.448615312576294,-5.3694748878479,-2.520766258239746,-2.0247788429260254,-2.9821465015411377,-1.7572890520095825,-3.9001779556274414,-5.013668537139893,-4.356204986572266,-4.009986877441406,-5.8534955978393555,-2.652194023132324,-3.2478978633880615,-4.8580451011657715,-5.155215740203857,-3.7088465690612793,-4.6843156814575195,-1.506696343421936,-4.31785774230957,-4.459073066711426,-2.4843876361846924,-5.264402389526367,-2.573866844177246,-2.0475175380706787,-2.8917031288146973,-1.6795412302017212,-4.007817268371582,-4.901518821716309,-4.238545894622803
1YY9,L,93,,N,-1.6838035583496094,-2.804943799972534,-3.937474012374878,-1.2088744640350342,-5.173160552978516,-3.778895616531372,-3.762819290161133,-5.312247276306152,-3.5016558170318604,-5.405007362365723,-4.917359352111816,-4.061539173126221,-5.084434509277344,-2.27565860748291,-3.468747854232788,-2.537777900695801,-2.6129627227783203,-4.34504508972168,-5.1188883781433105,-4.761013031005859,-3.5961697101593018,-5.2220258712768555,-3.234313726425171,-2.2796406745910645,-1.4830443859100342,-4.987943172454834,-2.8044776916503906,-3.2959470748901367,-3.5004734992980957,-4.155841827392578,-4.4551100730896,-3.256422519683838,-5.462636470794678,-2.9793989658355713,-3.926361560821533,-3.207829475402832,-2.695280075073242,-2.347748041152954,-3.9948761463165283,-2.288813591003418
2JEL,P,2,,F,-3.9196853637695312,-4.526839733123779,-4.864780426025391,-3.8723249435424805,-2.0042614936828613,-5.224493503570557,-2.6049344539642334,-4.55125617980957,-4.244062900543213,-4.472182273864746,-3.5933148860931396,-4.162940502166748,-5.6302618980407715,-4.450451374053955,-3.0196335315704346,-3.504305839538574,-2.5093071460723877,-3.285520076751709,-2.9839248657226562,-0.957419753074646,-4.259391784667969,-4.855561256408691,-4.959850311279297,-3.24092960357666,-2.016533851623535,-5.423723220825195,-2.787886381149292,-3.283170700073242,-3.320260763168335,-4.495847702026367,-4.107418060302734,-4.607275485992432,-5.6059064865112305,-4.311502456665039,-3.9055087566375732,-4.065945625305176,-2.8291659355163574,-1.4055980443954468,-4.484338760375977,-1.379541277885437
2JEL,P,3,,Q,-1.7957818508148193,-3.251072406768799,-4.349775791168213,-2.535390853881836,-4.164818286895752,-2.898850679397583,-3.978212356567383,-5.215540409088135,-3.0065040588378906,-4.899321556091309,-4.417694568634033,-4.590270519256592,-5.552994728088379,-3.2340073585510254,-2.4736480712890625,-1.096396565437317,-3.5789456367492676,-4.236360549926758,-4.668302536010742,-4.144357681274414,-2.032224178314209,-3.5890774726867676,-4.698425769805908,-2.3146743774414062,-4.667100429534912,-3.196115255355835,-4.1616291999816895,-5.357048511505127,-2.9478087425231934,-5.131206512451172,-5.009166717529297,-4.526325702667236,-5.5748186111450195,-3.1596293449401855,-3.438746929168701,-0.789189338684082,-3.522627115249634,-4.7891998291015625,-4.948735237121582,-4.660513401031494
2JEL,P,4,,Q,-2.590837001800537,-4.690775394439697,-3.9406559467315674,-2.60813570022583,-5.0566935539245605,-4.751324653625488,-4.481682777404785,-3.1820201873779297,-1.7926886081695557,-3.6458916664123535,-3.4811856746673584,-4.395392894744873,-5.4645771980285645,-2.42618989944458,-1.4294706583023071,-3.297327995300293,-2.768813133239746,-2.6239733695983887,-5.070135116577148,-4.74887752532959,-2.244060516357422,-5.029476165771484,-4.286417007446289,-2.5079731941223145,-5.234354019165039,-4.582954406738281,-4.82972526550293,-3.4232358932495117,-1.4356746673583984,-3.41048002243042,-3.794370174407959,-4.754083156585693,-5.538633346557617,-2.4789140224456787,-1.727606177330017,-3.3972227573394775,-2.977540969848633,-2.6097450256347656,-5.324108600616455,-5.164826393127441
2JEL,P,5,,E,-3.7666428089141846,-5.082387924194336,-1.6648094654083252,-2.1520116329193115,-3.6068344116210938,-4.387845039367676,-4.278561592102051,-4.556719779968262,-2.4218666553497314,-3.168577194213867,-3.738177537918091,-2.2755348682403564,-3.7670280933380127,-2.85347843170166,-3.162548780441284,-2.827244758605957,-2.8425679206848145,-4.228570938110352,-2.9217748641967773,-3.3535141944885254,-3.566293239593506,-5.023393630981445,-1.9435055255889893,-2.134340763092041,-3.2427849769592285,-4.453204154968262,-4.191148281097412,-4.472476959228516,-2.519115686416626,-2.9896597862243652,-3.6536412239074707,-2.3425419330596924,-3.6427886486053467,-2.9465019702911377,-3.15897798538208,-2.744550943374634,-2.7837483882904053,-4.148923873901367,-2.73901629447937,-3.0811963081359863
2JEL,P,6,,V,-2.522571086883545,-4.096282005310059,-5.3134942054748535,-4.580238342285156,-4.552728652954102,-4.141643524169922,-5.649647235870361,-3.6670007705688477,-4.576077938079834,-5.489339351654053,-5.10049295425415,-4.964242935180664,-5.519985675811768,-4.773540019989014,-3.6916017532348633,-3.7551980018615723,-2.431147813796997,-0.43175745010375977,-5.810290813446045,-5.561660289764404,-2.5678117275238037,-4.117030620574951,-5.435209274291992,-4.7574238777160645,-4.428989410400391,-4.236790657043457,-5.6773905754089355,-3.6161649227142334,-4.750120162963867,-5.5059003829956055,-5.1295294761657715,-5.117944240570068,-5.528308868408203,-4.8984174728393555,-3.9876511096954346,-3.780287027359009,-2.5320024490356445,-0.39618170261383057,-5.784515380859375,-5.404316425323486
2JEL,P,7,,T,-4.939833641052246,-5.305735111236572,-4.968355178833008,-3.288344621658325,-4.821838855743408,-5.421759605407715,-5.1529951095581055,-2.5038177967071533,-2.6175665855407715,-4.220266342163086,-4.466719627380371,-4.578065872192383,-5.5177903175354,-3.26960825920105,-2.904266834259033,-4.2793869972229,-0.862544059753418,-1.663856863975525,-5.2543463706970215,-4.997335433959961,-4.894760608673096,-5.274029731750488,-4.9228363037109375,-3.2304155826568604,-4.739008903503418,-5.4131011962890625,-5.119842529296875,-2.470447540283203,-2.602257251739502,-4.098923683166504,-4.365603446960449,-4.553777694702148,-5.4937968254089355,-3.287010908126831,-2.8430252075195312,-4.234877109527588,-0.9031966924667358,-1.658095121383667,-5.209665775299072,-4.8973541259765625
2JEL,P,11,,P,-2.420074462890625,-5.210301876068115,-2.7636477947235107,-2.186321258544922,-4.895450592041016,-4.346034049987793,-4.402536869049072,-4.266826629638672,-2.517329454421997,-3.716085195541382,-4.86163854598999,-3.859745740890503,-1.0850595235824585,-3.5806565284729004,-2.9901301860809326,-2.672477960586548,-3.477607488632202,-3.9221134185791016,-5.1435933113098145,-4.817072868347168,-2.4415440559387207,-5.198333263397217,-2.779667377471924,-2.203535795211792,-4.894044876098633,-4.342282772064209,-4.395269870758057,-4.242947578430176,-2.5144054889678955,-3.6976311206817627,-4.8542914390563965,-3.8582167625427246,-1.075751543045044,-3.5679080486297607,-2.9759650230407715,-2.6834921836853027,-3.4975788593292236,-3.9012997150421143,-5.129662036895752,-4.803477764129639
2JEL,P,12,,N,-2.568840980529785,-4.929610729217529,-1.7640655040740967,-3.0764641761779785,-4.218813896179199,-2.86283016204834,-2.7601585388183594,-5.381048202514648,-3.153801918029785,-4.777295112609863,-4.751227378845215,-1.3815377950668335,-5.4698591232299805,-3.4212260246276855,-2.951258659362793,-2.2989273071289062,-3.5419836044311523,-4.874421119689941,-5.039712905883789,-4.171248435974121,-2.593883514404297,-4.901071548461914,-1.7717490196228027,-3.0701744556427,-4.201858997344971,-2.856271982192993,-2.7574775218963623,-5.370744228363037,-3.1434106826782227,-4.7582292556762695,-4.731008052825928,-1.3814717531204224,-5.47661018371582,-3.399449348449707,-2.9500505924224854,-2.3032636642456055,-3.5350985527038574,-4.861045837402344,-5.019079208374023,-4.151834487915039
2JEL,P,17,,R,-2.241912841796875,-5.206215858459473,-2.523850202560425,-1.9804372787475586,-4.479350566864014,-2.836935520172119,-3.9691689014434814,-3.714444398880005,-2.3294262886047363,-3.720604181289673,-4.7895073890686035,-3.370109796524048,-3.323408603668213,-3.039095163345337,-2.684547185897827,-2.6008479595184326,-2.4171347618103027,-2.920121669769287,-4.812386989593506,-4.198177337646484,-2.2529547214508057,-5.202780246734619,-2.5318164825439453,-1.9776482582092285,-4.46108341217041,-2.8515238761901855,-3.9546732902526855,-3.7038707733154297,-2.323836088180542,-3.7026469707489014,-4.775058269500732,-3.376298189163208,-3.310979127883911,-3.0299620628356934,-2.663935899734497,-2.609530210494995,-2.432847261428833,-2.918947219848633,-4.807723522186279,-4.183048725128174
2JEL,P,24,,K,-1.9251362085342407,-5.3013176918029785,-2.319425344467163,-1.8125391006469727,-4.978144645690918,-3.7141120433807373,-4.198313236236572,-4.661269187927246,-2.16495943069458,-3.9383387565612793,-4.670341968536377,-2.648256778717041,-5.504084587097168,-2.7080936431884766,-2.655179738998413,-2.594766855239868,-2.566028594970703,-4.434662818908691,-5.329496383666992,-4.798408031463623,-1.9389865398406982,-5.281374931335449,-2.3247127532958984,-1.8270388841629028,-4.935420036315918,-3.6791093349456787,-4.177249431610107,-4.613781452178955,-2.1704483032226562,-3.875251054763794,-4.59867525100708,-2.65927791595459,-5.50376558303833,-2.704416513442993,-2.5979626178741455,-2.590165376663208,-2.6140477657318115,-4.387340068817139,-5.300607204437256,-4.748635768890381
2JEL,P,27,,K,-4.139276504516602,-4.816887378692627,-4.986918926239014,-4.064065933227539,-5.518701553344727,-4.871583938598633,-4.618594169616699,-5.2893266677856445,-0.49795910716056824,-2.90598726272583,-4.627004146575928,-3.3998396396636963,-5.684247016906738,-3.1457266807556152,-1.997255563735962,-4.119036674499512,-4.716629981994629,-5.372284889221191,-5.6417012214660645,-5.468132495880127,-3.9397833347320557,-4.8142805099487305,-4.918036460876465,-4.052246570587158,-5.495201110839844,-4.734068393707275,-4.681972980499268,-5.233439922332764,-0.5331935882568359,-2.7896013259887695,-4.521481990814209,-3.4141650199890137,-5.633918762207031,-3.124173402786255,-1.9660488367080688,-4.003861427307129,-4.6732587814331055,-5.293211936950684,-5.590106964111328,-5.428348541259766
2JEL,P,34,,T,-4.37025260925293,-4.72100305557251,-4.973742485046387,-4.654641151428223,-2.9735910892486572,-5.118051052093506,-3.298912525177002,-4.203167915344238,-4.997462749481201,-5.155794620513916,-4.272684574127197,-4.6377177238464355,-5.638460636138916,-4.864112854003906,-4.69231653213501,-2.254258394241333,-1.062253475189209,-2.8194215297698975,-1.5682629346847534,-2.5539937019348145,-4.52655029296875,-5.307763576507568,-4.775665283203125,-3.350311756134033,-4.159821033477783,-5.042508602142334,-4.565164089202881,-3.466573715209961,-3.3707196712493896,-3.838031053543091,-4.017890453338623,-4.349722862243652,-5.357264995574951,-3.98622465133667,-3.2034013271331787,-2.75667142868042,-0.5515407919883728,-3.0182530879974365,-3.963139057159424,-3.970729112625122
2JEL,P,36,,T,-2.721426010131836,-3.491795778274536,-3.5141711235046387,-0.751064658164978,-5.533605575561523,-4.442892074584961,-5.074924945831299,-5.386207103729248,-3.9101901054382324,-5.218543529510498,-4.961130619049072,-2.91715407371521,-5.656521320343018,-3.2567601203918457,-4.209056377410889,-1.8329256772994995,-2.869875907897949,-5.063004016876221,-5.518599987030029,-5.2608561515808105,-3.4485559463500977,-3.7733516693115234,-4.377615928649902,-1.746328592300415,-4.467818260192871,-4.343939304351807,-4.222541809082031,-3.433983564376831,-2.868302583694458,-4.647148132324219,-4.692774772644043,-3.597580909729004,-5.671116828918457,-3.540290594100952,-2.990962028503418,-2.133105754852295,-1.137221097946167,-3.1335787773132324,-5.299112319946289,-4.302894115447998
2JEL,P,38,,N,-2.999722957611084,-5.303106307983398,-1.9115638732910156,-3.4969427585601807,-5.11171817779541,-2.3210268020629883,-3.3944194316864014,-5.300047397613525,-2.3047525882720947,-4.850876808166504,-5.1867547035217285,-1.0109708309173584,-5.5404133796691895,-3.6237690448760986,-3.1574478149414062,-3.164114236831665,-4.653686046600342,-5.007810592651367,-5.315941333770752,-4.5322370529174805,-2.946906805038452,-5.19695520401001,-1.7747232913970947,-3.2741265296936035,-4.795450687408447,-2.3813343048095703,-3.2362093925476074,-5.206278324127197,-2.2472310066223145,-4.610718250274658,-5.046478748321533,-1.224751353263855,-5.500001907348633,-3.4683847427368164,-2.883958578109741,-3.090954542160034,-4.687755584716797,-4.891109943389893,-5.181857109069824,-4.25220251083374
2JEL,P,41,,S,-1.3410056829452515,-4.916130065917969,-5.0568037033081055,-4.697332382202148,-4.867437362670898,-5.1308393478393555,-4.284327983856201,-5.709145545959473,-5.31257438659668,-5.377692699432373,-5.238804817199707,-4.579132556915283,-5.370711803436279,-4.960219383239746,-4.7430033683776855,-0.808363139629364,-1.8599985837936401,-4.109394550323486,-4.355515956878662,-4.7221856117248535,-3.5542547702789307,-4.295872688293457,-5.0523881912231445,-2.5579652786254883,-5.147026062011719,-4.932718276977539,-4.729055881500244,-4.14195442199707,-2.506871223449707,-4.826719760894775,-4.669312477111816,-4.696310520172119,-5.515129089355469,-3.2035322189331055,-2.8350980281829834,-1.0612828731536865,-1.5504142045974731,-2.988821268081665,-4.550081729888916,-5.170524597167969
2JEL,P,43,,S,-2.5049784183502197,-5.225706577301025,-1.8319289684295654,-3.537177085876465,-5.009371757507324,-4.690267562866211,-4.528685569763184,-5.236013889312744,-3.1201095581054688,-3.525684118270874,-5.1786417961120605,-3.0994834899902344,-1.0265765190124512,-4.380224704742432,-3.019582509994507,-2.1304876804351807,-4.692780017852783,-5.103065013885498,-5.242494106292725,-4.756298065185547,-2.5608437061309814,-5.243487358093262,-1.741692066192627,-3.519634962081909,-4.837045192718506,-4.52225399017334,-4.302158832550049,-5.192546844482422,-3.260601758956909,-3.3469603061676025,-5.080081462860107,-2.841850996017456,-1.1224768161773682,-4.27540922164917,-3.0962822437286377,-2.1218483448028564,-4.617330551147461,-5.076047420501709,-5.170314788818359,-4.561468124389648
2JEL,P,46,,S,-5.3406853675842285,-4.982470989227295,-0.7019882798194885,-4.971005916595459,-5.355350017547607,-5.47971248626709,-5.1552958488464355,-5.504068374633789,-5.469504356384277,-5.442233085632324,-5.527575492858887,-1.1658411026000977,-5.550454139709473,-5.199860572814941,-5.471926212310791,-2.2108449935913086,-5.121218681335449,-5.350748062133789,-5.3477559089660645,-5.468519687652588,-5.337426662445068,-4.935676097869873,-0.6970286965370178,-4.9500932693481445,-5.345208168029785,-5.512324810028076,-5.135663032531738,-5.500473976135254,-5.426346778869629,-5.440841197967529,-5.511049747467041,-1.180173635482788,-5.557338714599609,-5.1962504386901855,-5.455678462982178,-2.202040910720825,-5.104999542236328,-5.349700927734375,-5.3469953536987305,-5.4587883949279785
2JEL,P,57,,Q,-3.5312087535858154,-4.577561378479004,-4.155500411987305,-2.3972911834716797,-4.936615943908691,-4.846224784851074,-5.182779788970947,-3.3886985778808594,-2.4569642543792725,-4.538447380065918,-4.5878167152404785,-2.7278778553009033,-3.1323723793029785,-2.9585347175598145,-2.389559745788574,-3.4500997066497803,-1.7705680131912231,-1.4797106981277466,-5.270932674407959,-5.2050299644470215,-3.5265371799468994,-4.539568901062012,-4.131476402282715,-2.3767268657684326,-4.938342094421387,-4.8313775062561035,-5.161628723144531,-3.3581655025482178,-2.4553020000457764,-4.500974655151367,-4.556556701660156,-2.7429585456848145,-3.1242899894714355,-2.9347150325775146,-2.3193655014038086,-3.4369308948516846,-1.8363770246505737,-1.4885108470916748,-5.261213302612305,-5.183015823364258
2JEL,P,62,,T,-3.7548203468322754,-4.453665256500244,-3.730461359024048,-2.062168598175049,-4.758557319641113,-4.890340805053711,-4.55117130279541,-3.2206461429595947,-2.4904463291168213,-1.7304694652557373,-3.161888837814331,-3.4605319499969482,-5.621722221374512,-3.0988481044769287,-2.2767186164855957,-3.446476936340332,-1.8759492635726929,-2.7842442989349365,-5.160372734069824,-4.660301685333252,-3.917022228240967,-4.437413215637207,-4.110774517059326,-2.2523269653320312,-4.942037105560303,-4.935039043426514,-4.785511016845703,-3.0821821689605713,-2.4269087314605713,-1.7055108547210693,-3.509474515914917,-3.680779457092285,-5.5915751457214355,-3.3810572624206543,-2.28066349029541,-3.58412766456604,-1.6554168462753296,-2.5130603313446045,-5.125412464141846,-4.908167362213135
2JEL,P,64,,S,-3.081779956817627,-3.180743932723999,-4.767568111419678,-2.6379289627075195,-5.0567626953125,-4.057886600494385,-5.0747222900390625,-4.281486988067627,-4.332930564880371,-3.7214579582214355,-3.871267318725586,-4.9556074142456055,-5.5604071617126465,-3.4417200088500977,-3.48873233795166,-0.8103147149085999,-1.6837502717971802,-4.542403697967529,-5.236378192901611,-4.521793842315674,-2.42812442779541,-3.675784111022949,-5.123873233795166,-2.6781845092773438,-5.27493953704834,-4.133385181427002,-5.28463077545166,-4.752192974090576,-3.525165319442749,-4.9425835609436035,-4.7894182205200195,-4.954240798950195,-5.5592498779296875,-3.7084333896636963,-2.957181215286255,-0.6722115874290466,-2.1936073303222656,-4.403126239776611,-5.315840721130371,-5.212386131286621
2JEL,P,66,,E,-4.89919376373291,-3.9824957847595215,-4.421267509460449,-2.910238265991211,-5.28867244720459,-5.386483192443848,-5.337419509887695,-1.7441332340240479,-3.8800621032714844,-4.447561264038086,-4.236556053161621,-4.462993621826172,-5.617178440093994,-3.529827117919922,-2.7137880325317383,-4.205175399780273,-1.2772654294967651,-1.3615552186965942,-5.384250640869141,-5.1066203117370605,-3.493417978286743,-5.08695125579834,-2.0335299968719482,-1.6120187044143677,-4.363023281097412,-5.049284934997559,-4.27757453918457,-3.5293118953704834,-2.3394153118133545,-4.041128158569336,-4.680667400360107,-2.712280511856079,-5.419987201690674,-3.088165283203125,-2.6718943119049072,-2.3211863040924072,-2.467184543609619,-2.8787343502044678,-4.497798919677734,-4.453250408172607
2JEL,P,68,,E,-2.29548716545105,-5.176990985870361,-2.1883130073547363,-1.7761722803115845,-4.206265449523926,-3.9001615047454834,-4.217896461486816,-3.752300262451172,-3.0251193046569824,-4.137712001800537,-4.85296630859375,-3.379561424255371,-1.7601850032806396,-3.7773473262786865,-3.528719663619995,-2.455443859100342,-3.1260290145874023,-3.358438730239868,-3.928459405899048,-3.7247073650360107,-2.226198434829712,-5.268068313598633,-2.7326316833496094,-1.8912957906723022,-4.659847259521484,-4.112146854400635,-4.425565719604492,-3.9167752265930176,-2.785327434539795,-4.039126396179199,-4.855130195617676,-3.9165868759155273,-1.2285159826278687,-3.7788498401641846,-3.443537473678589,-2.531221866607666,-3.4379312992095947,-3.622817277908325,-4.611339092254639,-4.567244529724121
2JEL,P,69,,D,-5.185173511505127,-5.734323024749756,-0.12498719245195389,-4.223106861114502,-5.631354808807373,-5.100799083709717,-5.608700275421143,-5.839880466461182,-5.444233417510986,-5.470607757568359,-5.345973491668701,-3.8099663257598877,-5.737271785736084,-4.926760673522949,-5.568229675292969,-4.904874801635742,-4.649727821350098,-5.648777961730957,-5.775249004364014,-5.421731948852539,-5.119051933288574,-5.7226881980896,-0.14703373610973358,-3.9606587886810303,-5.484325885772705,-5.005256175994873,-5.354170322418213,-5.874667644500732,-5.147303581237793,-5.156322002410889,-5.155594825744629,-3.5369009971618652,-5.701113700866699,-4.780875205993652,-5.318542003631592,-4.815977096557617,-4.892853736877441,-5.645659446716309,-5.758112907409668,-5.366220951080322
2JEL,P,70,,E,-3.8559961318969727,-5.534043312072754,-4.339618682861328,-0.11392774432897568,-6.082207202911377,-5.135678768157959,-5.431663513183594,-6.0793585777282715,-5.835145950317383,-6.155683517456055,-4.90053129196167,-5.649786949157715,-6.1246490478515625,-4.229829788208008,-6.171407699584961,-4.642824649810791,-6.041082382202148,-5.872720718383789,-5.9510908126831055,-6.016751766204834,-0.9485613107681274,-3.1135921478271484,-3.235642433166504,-1.0984666347503662,-5.599314212799072,-4.352133274078369,-4.61918306350708,-5.525681972503662,-4.618078231811523,-5.7320685386657715,-4.202768802642822,-5.031955242156982,-5.552311420440674,-3.215975284576416,-5.432918071746826,-2.7648797035217285,-5.391970157623291,-5.4192681312561035,-5.272589206695557,-5.285218715667725
2JEL,P,71,,Q,-2.746924877166748,-5.053593635559082,-4.833194255828857,-3.55759859085083,-4.447174072265625,-2.8341102600097656,-3.1347248554229736,-3.152186870574951,-3.0304412841796875,-0.9084157943725586,-4.335233688354492,-3.4052484035491943,-5.329164981842041,-2.071073055267334,-3.128117561340332,-3.3012115955352783,-4.973583698272705,-4.794347763061523,-5.524139404296875,-4.854594707489014,-2.6693966388702393,-5.0947723388671875,-2.941826343536377,-1.6561484336853027,-4.390521049499512,-3.848961353302002,-3.737156391143799,-3.1304311752319336,-2.047675371170044,-3.694871187210083,-4.618020057678223,-3.5712265968322754,-5.033239841461182,-2.5969185829162598,-2.5463526248931885,-3.218581199645996,-3.161006212234497,-2.104806900024414,-4.885634422302246,-4.0963134765625
2JEL,P,72,,K,-1.2061511278152466,-5.286375045776367,-3.27884840965271,-1.45832359790802,-5.124086380004883,-4.515754699707031,-4.8151164054870605,-4.70717716217041,-2.3030831813812256,-3.321457862854004,-4.403168201446533,-4.595632553100586,-4.671474933624268,-2.4154324531555176,-3.116105079650879,-3.0311927795410156,-4.087130069732666,-4.316534996032715,-5.376061916351318,-4.983089923858643,-1.7907636165618896,-5.307727813720703,-2.3945062160491943,-1.3773448467254639,-4.950614929199219,-4.349188804626465,-4.624512672424316,-4.197157382965088,-2.5215084552764893,-3.380481481552124,-4.421265602111816,-3.7218801975250244,-3.7268619537353516,-2.3711838722229004,-3.3923611640930176,-2.8943228721618652,-2.950488567352295,-3.956955671310425,-5.339369773864746,-5.007018089294434
2JEL,P,75,,E,-1.2981290817260742,-3.636496067047119,-2.699254035949707,-2.619532585144043,-4.639764785766602,-3.2313971519470215,-3.2068419456481934,-4.743675231933594,-4.0392231941223145,-5.017049789428711,-4.928840637207031,-2.408513307571411,-5.650840759277344,-3.5528006553649902,-4.322506904602051,-1.68729567527771,-2.6435134410858154,-4.262800216674805,-4.942754745483398,-4.018754959106445,-2.1269371509552,-5.280359745025635,-2.0034492015838623,-1.5696521997451782,-4.996086597442627,-4.135992527008057,-4.35906982421875,-4.305142402648926,-2.295781373977661,-3.5754573345184326,-4.548666477203369,-2.44905161857605,-5.591001987457275,-2.6576287746429443,-3.00810170173645,-2.8339295387268066,-3.010999917984009,-4.287471294403076,-5.37628698348999,-4.777271747589111
2JEL,P,76,,H,-1.4155193567276,-4.979523181915283,-1.929606556892395,-2.1529948711395264,-5.061871528625488,-5.101890563964844,-4.135706901550293,-4.05541467666626,-2.7637295722961426,-4.236030101776123,-4.770015239715576,-3.8659024238586426,-5.634388446807861,-3.485588788986206,-3.189572334289551,-2.7540342807769775,-2.1493020057678223,-2.701429605484009,-5.434839725494385,-4.6893463134765625,-1.279555082321167,-4.8004584312438965,-2.3898720741271973,-2.2023963928222656,-5.069777011871338,-4.931308269500732,-4.189307689666748,-3.9523117542266846,-2.7044479846954346,-4.1611714363098145,-4.749387264251709,-4.02836275100708,-5.635148048400879,-3.410301923751831,-2.915358781814575,-2.5719385147094727,-2.2327044010162354,-2.6993556022644043,-5.426302909851074,-4.761889934539795
2JEL,P,79,,K,-2.927297830581665,-5.127863883972168,-2.588165044784546,-2.179692506790161,-3.9608418941497803,-4.278781890869141,-3.000793695449829,-3.897139549255371,-1.9814343452453613,-3.5957272052764893,-4.49736213684082,-2.4621973037719727,-5.5008320808410645,-2.7211403846740723,-2.355116844177246,-2.810896396636963,-2.3974156379699707,-3.8394923210144043,-4.64649772644043,-3.2021594047546387,-2.699971914291382,-5.124640941619873,-2.61810302734375,-2.1770570278167725,-3.700910806655884,-4.248113632202148,-2.8931260108947754,-3.789058208465576,-2.1354830265045166,-3.4500792026519775,-4.517143249511719,-2.72806715965271,-5.513458728790283,-2.799875020980835,-2.3188955783843994,-2.752389430999756,-2.4796833992004395,-3.847452402114868,-4.422646522521973,-2.933567762374878
2JEL,P,82,,A,-3.8046820163726807,-4.995077610015869,-4.643749713897705,-2.599642753601074,-5.211877346038818,-4.198707103729248,-4.615829944610596,-3.1976799964904785,-3.032829523086548,-4.57186222076416,-4.456857681274414,-4.118589401245117,-5.614014625549316,-2.480699062347412,-2.664247512817383,-2.4158029556274414,-1.2463449239730835,-1.6994848251342773,-5.3354172706604,-4.826862335205078,-3.8271279335021973,-4.952545166015625,-4.659271240234375,-2.6082499027252197,-5.200843811035156,-4.1621809005737305,-4.642098426818848,-3.1126766204833984,-2.989078998565674,-4.541749000549316,-4.408145427703857,-4.1188273429870605,-5.597206115722656,-2.4111318588256836,-2.6028735637664795,-2.4754302501678467,-1.333297610282898,-1.6347897052764893,-5.336589813232422,-4.783110618591309
2JEL,P,83,,E,-4.0708441734313965,-5.158203601837158,-3.7226104736328125,-3.7031588554382324,-5.132216930389404,-3.1199235916137695,-2.1603152751922607,-5.594863414764404,-4.4485392570495605,-5.202610015869141,-5.186661243438721,-1.1126694679260254,-5.618354320526123,-3.9735970497131348,-4.4863057136535645,-1.7692049741744995,-1.6677693128585815,-5.228913307189941,-5.576138496398926,-5.141429901123047,-4.078139305114746,-5.141688346862793,-3.7586004734039307,-3.7871339321136475,-5.122494697570801,-3.260030508041382,-1.9554872512817383,-5.616979598999023,-4.505631923675537,-5.210742950439453,-5.201291084289551,-1.0739668607711792,-5.62742805480957,-4.034032821655273,-4.484013557434082,-1.8576606512069702,-1.7475593090057373,-5.219721794128418,-5.587766647338867,-5.0968427658081055
2JEL,P,85,,E,-2.7782278060913086,-4.93520450592041,-2.8889310359954834,-2.201613187789917,-4.55498743057251,-3.3085131645202637,-3.5364644527435303,-3.9718563556671143,-2.146919012069702,-3.225511312484741,-4.179603576660156,-2.915987730026245,-2.5847830772399902,-2.6543009281158447,-2.5652554035186768,-2.517155170440674,-2.445694923400879,-3.273888111114502,-5.122010707855225,-4.6574201583862305,-2.7879788875579834,-4.910661697387695,-2.8849663734436035,-2.2127931118011475,-4.535484313964844,-3.304405450820923,-3.5222153663635254,-3.961846351623535,-2.1639981269836426,-3.2051351070404053,-4.172183513641357,-2.9233641624450684,-2.579977035522461,-2.6551949977874756,-2.5436134338378906,-2.515477418899536,-2.457242727279663,-3.26309871673584,-5.0965166091918945,-4.63400411605835
2NYY,A,902,,S,-2.529210329055786,-5.123502254486084,-2.6074092388153076,-2.045165538787842,-5.1421637535095215,-4.369374752044678,-4.724429607391357,-4.564770221710205,-2.1101739406585693,-4.571857929229736,-5.166139602661133,-3.7975172996520996,-2.6808671951293945,-3.687368869781494,-3.0607657432556152,-1.2612056732177734,-2.784832000732422,-4.250856876373291,-5.180001258850098,-4.775607109069824,-1.9568101167678833,-5.225556373596191,-2.7744357585906982,-2.3329238891601562,-5.230697154998779,-4.293290615081787,-4.990005016326904,-5.10582160949707,-2.156925916671753,-4.89202880859375,-5.327047348022461,-3.6919703483581543,-2.554785966873169,-3.698312759399414,-3.598071575164795,-1.1786384582519531,-2.930279493331909,-4.806072235107422,-5.429337978363037,-5.1890177726745605
2NYY,A,903,,K,-3.703752279281616,-5.107269763946533,-2.0450994968414307,-2.2585391998291016,-4.806737422943115,-4.545107364654541,-3.7200186252593994,-5.459559440612793,-1.700932264328003,-2.515326499938965,-3.6517059803009033,-2.2992608547210693,-5.714094161987305,-2.133932113647461,-2.0242669582366943,-4.0775628089904785,-5.1255903244018555,-5.595778942108154,-5.063638687133789,-4.435775279998779,-3.045640230178833,-5.254298686981201,-1.4336134195327759,-2.456129789352417,-5.185914516448975,-3.859650135040283,-4.346058368682861,-5.604883670806885,-1.8288295269012451,-4.591254711151123,-5.2576985359191895,-1.3229762315750122,-5.690613269805908,-3.1417462825775146,-3.314851999282837,-3.3716559410095215,-4.987642765045166,-5.543006420135498,-5.545384883880615,-5.2029876708984375
2NYY,A,915,,Q,-4.8896942138671875,-4.883786678314209,-4.721198081970215,-3.382746696472168,-4.84861421585083,-5.409913063049316,-4.8030619621276855,-3.884173631668091,-1.809592604637146,-3.014110565185547,-4.278972625732422,-4.656595230102539,-5.559056758880615,-3.49255633354187,-1.6143057346343994,-4.684262752532959,-0.9393117427825928,-3.9894449710845947,-5.345800399780273,-4.817848205566406,-4.986547470092773,-4.922374725341797,-4.765204906463623,-3.4882402420043945,-4.867680072784424,-5.442984104156494,-4.870698928833008,-3.869640588760376,-1.8027302026748657,-2.9191553592681885,-4.307704448699951,-4.682872295379639,-5.553563117980957,-3.570894956588745,-1.6018881797790527,-4.747572422027588,-0.9377181529998779,-3.9814159870147705,-5.403992176055908,-4.8476643562316895
2NYY,A,917,,F,-3.819182872772217,-4.876796245574951,-3.5481836795806885,-2.9140400886535645,-2.7620508670806885,-4.400691509246826,-2.95648193359375,-4.7071709632873535,-2.2372615337371826,-3.9303431510925293,-4.109461307525635,-3.241611957550049,-5.4470648765563965,-3.385488510131836,-1.7833223342895508,-2.657045841217041,-2.1620278358459473,-3.90409255027771,-3.6693100929260254,-2.0258355140686035,-3.661895751953125,-5.0029401779174805,-4.0411601066589355,-3.1656694412231445,-3.6060190200805664,-4.327266693115234,-3.5844104290008545,-4.8497467041015625,-1.6137959957122803,-4.052663803100586,-4.250892639160156,-3.428656816482544,-5.473428726196289,-2.8890633583068848,-1.5699180364608765,-2.6245741844177246,-1.8334325551986694,-4.3252058029174805,-4.652271747589111,-3.0854923725128174
2NYY,A,918,,N,-3.0993845462799072,-5.055537223815918,-4.6896891593933105,-5.517030715942383,-5.758299827575684,-6.111883163452148,-5.136343002319336,-6.028841972351074,-4.6405534744262695,-5.887722969055176,-5.6182074546813965,-0.16781309247016907,-5.489537715911865,-5.422286510467529,-4.665811061859131,-4.111053466796875,-4.9891533851623535,-4.428471088409424,-5.942690372467041,-5.427294731140137,-4.29451847076416,-5.452735900878906,-4.962934494018555,-5.587918281555176,-5.669582366943359,-6.023651599884033,-5.342360019683838,-5.759460926055908,-4.87663459777832,-5.853572845458984,-5.7497687339782715,-0.1009153202176094,-5.595402717590332,-5.5686726570129395,-5.329319477081299,-4.983549118041992,-5.265478134155273,-4.7622270584106445,-5.726653575897217,-5.614349365234375
2NYY,A,919,,L,-4.984620571136475,-5.269176006317139,-2.8243887424468994,-5.14440393447876,-5.354918479919434,-5.1179962158203125,-2.8154966831207275,-5.0155768394470215,-4.488706111907959,-3.5636868476867676,-5.2464494705200195,-0.4328475594520569,-5.605945110321045,-4.675290107727051,-3.351789951324463,-2.6822404861450195,-4.123752593994141,-4.865170001983643,-5.343165874481201,-4.960206508636475,-4.253660202026367,-5.074284553527832,-1.2474578619003296,-4.488548755645752,-5.220720291137695,-5.0803680419921875,-2.7049503326416016,-5.23190450668335,-3.1465952396392822,-4.409697532653809,-5.351898193359375,-1.1097028255462646,-5.495562553405762,-4.570281982421875,-3.758561372756958,-2.1744112968444824,-3.3759424686431885,-4.501476764678955,-5.405739784240723,-5.043907642364502
2NYY,A,920,,E,-3.440394878387451,-5.231842517852783,-1.801844596862793,-3.613271474838257,-5.34207010269165,-0.5187615752220154,-5.124782562255859,-5.52612829208374,-5.580447196960449,-5.44875955581665,-5.839278221130371,-4.288405895233154,-3.5832691192626953,-5.196177005767822,-5.455358982086182,-2.587498188018799,-4.800304889678955,-5.578725814819336,-5.2510480880737305,-5.130462169647217,-2.7213003635406494,-5.213870525360107,-2.0785324573516846,-2.2348856925964355,-5.034648895263672,-4.238986968994141,-4.777183532714844,-4.449355125427246,-3.0484390258789062,-4.6187944412231445,-5.141775131225586,-3.2326371669769287,-1.058239221572876,-3.825376510620117,-4.058224678039551,-2.2269127368927,-3.4422519207000732,-4.150753021240234,-5.2765793800354,-5.092056751251221
2NYY,A,923,,K,-4.438143730163574,-3.870547294616699,-4.5720295906066895,-4.448442459106445,-4.075826168060303,-5.400154113769531,-3.508448839187622,-4.304026126861572,-0.9256885051727295,-4.837167739868164,-4.316598892211914,-3.045752763748169,-5.551054000854492,-3.332087993621826,-1.3401367664337158,-3.928853988647461,-3.6797990798950195,-3.9241347312927246,-5.105638027191162,-3.1435673236846924,-4.417757034301758,-3.4937360286712646,-4.530238628387451,-3.921421766281128,-3.5001108646392822,-5.282696723937988,-3.1569833755493164,-3.945476531982422,-1.0786410570144653,-4.429049491882324,-3.9696273803710938,-3.0989508628845215,-5.489648818969727,-2.8172149658203125,-1.6654720306396484,-3.8355627059936523,-3.436516523361206,-3.613537073135376,-4.841591835021973,-2.628142833709717
2NYY,A,953,,F,-4.618224620819092,-4.320018291473389,-3.3424184322357178,-2.35038161277771,-1.8141798973083496,-4.336833953857422,-1.779125452041626,-5.236400604248047,-3.9155080318450928,-4.223956108093262,-2.593479871749878,-4.039008617401123,-5.436702251434326,-1.576481819152832,-3.5912716388702393,-4.537267208099365,-3.419588327407837,-4.867805004119873,-3.413219690322876,-3.0710136890411377,-5.053282737731934,-5.199716091156006,-5.274938583374023,-4.088829040527344,-1.75010347366333,-5.296300888061523,-3.8927018642425537,-4.365442752838135,-1.2335519790649414,-2.551082134246826,-3.220548391342163,-4.402385234832764,-5.534876823425293,-2.854649782180786,-1.7441495656967163,-4.629065036773682,-3.0470645427703857,-4.250868797302246,-4.729889869689941,-4.119112968444824
2NYY,A,954,,N,-4.1070876121521,-4.365067958831787,-4.528958797454834,-4.140556812286377,-4.666864395141602,-5.402890682220459,-5.3252739906311035,-2.0441038608551025,-3.9621310234069824,-2.682065010070801,-4.3271379470825195,-3.796072006225586,-5.724686145782471,-4.1516618728637695,-3.8043322563171387,-3.799129009246826,-2.043407440185547,-0.7588772773742676,-5.235902309417725,-5.119204521179199,-3.7583281993865967,-4.82313871383667,-2.8223674297332764,-2.3903889656066895,-4.16842794418335,-4.995680332183838,-2.2204995155334473,-3.982555627822876,-1.5579825639724731,-3.9304988384246826,-4.606285572052002,-2.1368982791900635,-5.403334140777588,-3.124521493911743,-2.6155266761779785,-3.0430610179901123,-3.3133387565612793,-2.7176785469055176,-4.794740676879883,-3.5077662467956543
2NYY,A,955,,S,-2.738344430923462,-5.221861362457275,-3.302309274673462,-2.2708404064178467,-4.486809253692627,-4.662961959838867,-3.0542261600494385,-3.6976115703582764,-2.5334432125091553,-2.6017093658447266,-4.26770544052124,-3.8100547790527344,-1.418940782546997,-3.407118558883667,-2.586479902267456,-2.71588397026062,-3.0344748497009277,-3.9395806789398193,-4.4915337562561035,-4.400209426879883,-2.2876245975494385,-5.213383197784424,-3.7759971618652344,-2.2227792739868164,-4.57907247543335,-4.423665523529053,-3.309650421142578,-4.01886510848999,-2.0574543476104736,-2.8309082984924316,-4.249755382537842,-3.6447718143463135,-1.657356858253479,-3.2807583808898926,-2.782437801361084,-2.4787721633911133,-3.066342353820801,-4.02681303024292,-4.911661624908447,-4.408010005950928
2NYY,A,956,,I,-4.535031795501709,-4.827518463134766,-4.866506099700928,-3.9238226413726807,-5.524154186248779,-4.794305324554443,-5.530806064605713,-0.809884786605835,-4.853146076202393,-4.51888370513916,-5.178377151489258,-3.5366504192352295,-5.2455949783325195,-4.717679500579834,-4.283044815063477,-3.811962366104126,-3.1653382778167725,-1.0842790603637695,-5.629340648651123,-5.266366004943848,-3.8427202701568604,-4.736966133117676,-4.986291408538818,-3.284733533859253,-5.423025608062744,-4.866562843322754,-5.403224468231201,-0.9683860540390015,-3.6377761363983154,-4.691577911376953,-4.847879886627197,-4.700586318969727,-5.348333835601807,-4.196688652038574,-4.160786151885986,-3.521345376968384,-3.1500978469848633,-1.020207405090332,-5.588818550109863,-5.3548197746276855
2NYY,A,1056,,K,-2.1663098335266113,-5.063390254974365,-5.307051658630371,-3.059576988220215,-5.373220920562744,-4.632771968841553,-4.171196460723877,-4.436424732208252,-1.3683881759643555,-4.637500286102295,-4.355157852172852,-4.6355977058410645,-5.646575450897217,-1.3268046379089355,-1.7641818523406982,-3.419908285140991,-4.804327487945557,-5.019341945648193,-5.5049872398376465,-4.952084541320801,-1.665178656578064,-5.072988510131836,-5.256216526031494,-3.1978580951690674,-5.358169078826904,-4.4836273193359375,-3.7716009616851807,-4.543806552886963,-1.6541590690612793,-4.602145195007324,-4.399054527282715,-4.533483028411865,-5.6878662109375,-1.2971786260604858,-1.993016242980957,-3.1286871433258057,-4.626038074493408,-5.041320323944092,-5.356753826141357,-4.986837387084961
2NYY,A,1058,,D,-4.094816207885742,-5.1735124588012695,-1.9739892482757568,-2.389824151992798,-4.764190673828125,-4.883641719818115,-4.62898063659668,-1.1483442783355713,-3.19635272026062,-2.824723720550537,-3.646183729171753,-2.7761499881744385,-5.44839334487915,-3.055428981781006,-3.583282709121704,-3.4395053386688232,-3.398386240005493,-2.9707789421081543,-4.894716262817383,-4.418521404266357,-4.062716007232666,-5.146082878112793,-2.2455391883850098,-2.318984270095825,-4.616158485412598,-4.806250095367432,-4.614871025085449,-1.1656469106674194,-3.078693389892578,-2.5384204387664795,-3.507020950317383,-2.8924245834350586,-5.454063892364502,-2.929563522338867,-3.734074592590332,-3.336641788482666,-3.3110079765319824,-2.985367774963379,-4.964526653289795,-4.468218803405762
2NYY,A,1061,,R,-3.521291732788086,-4.842248916625977,-3.6643853187561035,-3.05979323387146,-5.248608589172363,-4.37935733795166,-4.688399314880371,-5.199260711669922,-1.0034321546554565,-3.147308349609375,-3.798114538192749,-3.124626636505127,-4.792274475097656,-2.0525214672088623,-2.0524277687072754,-3.0480704307556152,-2.969672918319702,-4.861812591552734,-5.326346397399902,-5.28378963470459,-3.407377243041992,-4.712063312530518,-4.6808857917785645,-3.389094114303589,-5.222616672515869,-4.6901445388793945,-4.968199253082275,-4.718903541564941,-0.8586492538452148,-3.1934568881988525,-4.569640636444092,-3.7299246788024902,-4.847700595855713,-2.3445041179656982,-2.7253623008728027,-2.8822271823883057,-1.9955511093139648,-4.132809162139893,-5.585086822509766,-5.450777530670166
2NYY,A,1062,,D,-4.9663405418396,-3.204779624938965,-0.34918996691703796,-4.2737531661987305,-5.130667209625244,-5.507226467132568,-4.860429286956787,-5.799712181091309,-5.948709011077881,-5.669268608093262,-5.7767133712768555,-1.9618799686431885,-5.926734447479248,-4.893368244171143,-5.904728889465332,-3.6675708293914795,-5.008653163909912,-4.792360782623291,-5.515818119049072,-5.230004787445068,-5.088168621063232,-3.5995986461639404,-0.538759708404541,-4.642635345458984,-5.39664888381958,-5.526711463928223,-4.937267303466797,-5.637606620788574,-5.710098743438721,-5.5717620849609375,-5.710384845733643,-1.2871760129928589,-5.8291826248168945,-5.483193397521973,-5.482054710388184,-3.806964159011841,-4.847169399261475,-4.613787651062012,-4.965418338775635,-4.661046028137207
2NYY,A,1063,,T,-3.602710723876953,-4.757840633392334,-3.884627342224121,-3.72881817817688,-2.8644866943359375,-4.672556400299072,-2.964007616043091,-2.149765729904175,-3.0749783515930176,-2.1163387298583984,-3.554701805114746,-4.035052299499512,-2.043079376220703,-3.8065948486328125,-2.090955972671509,-3.592629909515381,-3.7584125995635986,-3.2056655883789062,-2.4430525302886963,-3.991441249847412,-2.110675096511841,-5.269659996032715,-3.2598767280578613,-2.6490108966827393,-5.2045464515686035,-4.076250076293945,-4.63252067565918,-4.625227451324463,-2.0692408084869385,-4.6193366050720215,-5.283867359161377,-3.872459888458252,-1.0902036428451538,-3.596883773803711,-3.7721290588378906,-2.1756675243377686,-3.377701759338379,-4.122921466827393,-5.442820072174072,-5.145310401916504
2NYY,A,1064,,H,-3.9875333309173584,-5.623917579650879,-4.247466087341309,-4.993642807006836,-4.343303203582764,-5.184562683105469,-0.500971794128418,-5.41945743560791,-4.240467548370361,-4.005956172943115,-4.849767208099365,-3.9289488792419434,-5.617845058441162,-4.201497554779053,-3.8327951431274414,-4.2873992919921875,-5.309043884277344,-5.465456008911133,-1.6831340789794922,-3.977600336074829,-2.939213991165161,-5.206332206726074,-1.7086036205291748,-2.387155532836914,-4.753320693969727,-2.903822660446167,-4.127511501312256,-5.15406608581543,-2.8376405239105225,-4.1923041343688965,-5.084918022155762,-1.8565772771835327,-5.568078994750977,-3.2418224811553955,-3.7216379642486572,-2.090759038925171,-2.036381959915161,-4.897610187530518,-5.062709808349609,-4.405904769897461
2NYY,A,1294,,R,-4.184573650360107,-4.925992488861084,-3.418879508972168,-3.815606117248535,-2.4012222290039062,-5.390740871429443,-3.1925737857818604,-2.4107165336608887,-2.0723166465759277,-3.1263232231140137,-3.804628610610962,-2.935039520263672,-5.6173529624938965,-2.6144139766693115,-1.7045137882232666,-3.5275349617004395,-3.731795072555542,-2.597393274307251,-4.402778148651123,-2.94034481048584,-3.8216488361358643,-4.782622814178467,-3.2001795768737793,-2.6304049491882324,-4.5995612144470215,-4.967813968658447,-3.757096290588379,-2.4160540103912354,-1.8821964263916016,-3.504138469696045,-4.457449436187744,-2.9342164993286133,-5.200347423553467,-2.3687736988067627,-2.8924388885498047,-2.7445225715637207,-2.4859657287597656,-1.8191334009170532,-5.107144832611084,-4.614794731140137
2NYY,H,30,,K,-2.2278037071228027,-4.827980995178223,-2.1013827323913574,-2.2263264656066895,-5.108162879943848,-2.9167354106903076,-3.8352091312408447,-5.0644755363464355,-2.7589080333709717,-5.04996395111084,-5.300563812255859,-3.0035200119018555,-4.278010845184326,-2.0765132904052734,-3.2947731018066406,-1.620502233505249,-3.49342942237854,-4.897118091583252,-4.299041271209717,-4.133932590484619,-2.2167787551879883,-4.996169090270996,-2.798082113265991,-2.199859142303467,-4.978785991668701,-2.813929796218872,-3.5944573879241943,-5.028539657592773,-2.8814711570739746,-4.869080543518066,-5.182433128356934,-3.296332597732544,-4.186295509338379,-1.9781315326690674,-3.415196657180786,-1.3966816663742065,-3.4528415203094482,-4.794120788574219,-4.113046646118164,-4.187646865844727
2NYY,H,31,,Y,-3.76804780960083,-5.135124206542969,-2.8504462242126465,-2.0562126636505127,-4.03291130065918,-4.3177714347839355,-3.441729784011841,-4.151496410369873,-2.057187795639038,-2.895108461380005,-4.494712829589844,-2.6134655475616455,-5.635926246643066,-2.5651164054870605,-2.509430170059204,-2.5694968700408936,-2.0307984352111816,-3.5881593227386475,-5.001291275024414,-3.3544418811798096,-3.7381436824798584,-5.37706184387207,-2.9522595405578613,-2.3414828777313232,-4.5607380867004395,-3.9884846210479736,-3.9132659435272217,-4.3939032554626465,-2.08160138130188,-3.324876308441162,-4.776587963104248,-2.484515428543091,-5.680603504180908,-2.389643430709839,-3.057082176208496,-1.9477659463882446,-1.6917736530303955,-4.032418251037598,-4.863019943237305,-4.198070049285889
2NYY,H,34,,M,-3.6637351512908936,-4.779675006866455,-5.468414783477783,-4.855717658996582,-3.299128532409668,-5.083899021148682,-3.7954509258270264,-2.203183650970459,-3.392361879348755,-3.8800549507141113,-2.4487881660461426,-4.840906143188477,-5.716777324676514,-2.8447861671447754,-3.9683196544647217,-4.047265529632568,-2.5943896770477295,-0.8940092325210571,-4.001422882080078,-3.521829128265381,-3.769660711288452,-4.857131004333496,-5.554664611816406,-4.984248161315918,-3.2312307357788086,-5.1853156089782715,-3.8693370819091797,-2.145629405975342,-3.415268659591675,-3.8089473247528076,-2.483348846435547,-4.9939799308776855,-5.751129150390625,-2.984865427017212,-4.04371976852417,-4.274723052978516,-2.792950391769409,-0.8352161645889282,-3.9505317211151123,-3.481553792953491
2NYY,H,57,,Y,-3.748666286468506,-5.271812915802002,-2.996626138687134,-1.3468116521835327,-3.214866876602173,-5.1168694496154785,-3.4843881130218506,-3.546053647994995,-3.549922466278076,-3.3791019916534424,-4.0548272132873535,-3.473083734512329,-5.46727180480957,-1.494990348815918,-3.388376235961914,-3.5874412059783936,-2.767944574356079,-3.3790323734283447,-4.652652263641357,-3.033460855484009,-3.589609146118164,-5.201671123504639,-3.252117395401001,-2.4311177730560303,-4.232868194580078,-4.520234107971191,-3.370378017425537,-2.990858316421509,-2.6631038188934326,-3.988168478012085,-4.81788444519043,-2.803356885910034,-5.553044319152832,-2.9369990825653076,-3.2936646938323975,-2.468093156814575,-1.3384895324707031,-2.289634943008423,-4.56691837310791,-3.8834118843078613
2NYY,L,28,,S,-4.698565483093262,-5.123405933380127,-3.10933518409729,-3.906200408935547,-4.795888423919678,-3.911956548690796,-4.697093486785889,-4.749322414398193,-4.607204437255859,-3.8627235889434814,-5.078019142150879,-3.1467058658599854,-2.1362462043762207,-4.380502700805664,-4.155057430267334,-0.8338556885719299,-1.7306103706359863,-4.219017028808594,-5.013652324676514,-4.218572616577148,-4.468170642852783,-5.319897651672363,-3.2756316661834717,-4.296455383300781,-4.945782661437988,-3.6283953189849854,-4.771390914916992,-4.705252170562744,-4.3891987800598145,-4.186761379241943,-5.1035475730896,-3.088844060897827,-2.6654555797576904,-4.569650173187256,-4.41591215133667,-0.6266395449638367,-1.8961795568466187,-4.422721862792969,-5.049625873565674,-4.98307991027832
2NYY,L,30,,D,-3.5298073291778564,-3.575744390487671,-1.1768629550933838,-2.550825595855713,-5.365201950073242,-3.696336507797241,-4.088662147521973,-5.262943267822266,-4.696317672729492,-5.356466293334961,-4.347538471221924,-2.448698043823242,-5.703934192657471,-3.687542200088501,-4.1486334800720215,-1.7348995208740234,-1.9197251796722412,-4.672638893127441,-5.101715564727783,-4.693055629730225,-3.429147720336914,-3.7312088012695312,-1.5608665943145752,-2.271770715713501,-5.240611553192139,-3.8581535816192627,-4.835526943206787,-5.2669572830200195,-4.693318843841553,-5.156866550445557,-4.337021827697754,-2.569308280944824,-5.50966215133667,-3.7227962017059326,-4.915413856506348,-1.0738881826400757,-2.4509503841400146,-4.618307113647461,-5.118483543395996,-4.9389119148254395
2NYY,L,31,,S,-1.5066879987716675,-2.888810157775879,-2.6026103496551514,-4.099149227142334,-5.155416965484619,-3.636672258377075,-4.7887864112854,-5.333728313446045,-2.1234328746795654,-4.684009075164795,-5.338187217712402,-2.8221750259399414,-5.520007610321045,-4.431100368499756,-2.549220323562622,-1.512691855430603,-2.861483097076416,-4.818612575531006,-5.118237018585205,-4.824073314666748,-2.518538236618042,-4.945671081542969,-3.525174856185913,-3.1502270698547363,-3.9103121757507324,-3.8814778327941895,-3.404780387878418,-4.242031097412109,-1.2936341762542725,-3.8800442218780518,-4.3250508308410645,-3.550137758255005,-5.473484039306641,-3.358909845352173,-2.026124954223633,-1.8484830856323242,-3.6586427688598633,-4.093449592590332,-4.257075309753418,-3.5067930221557617
2NYY,L,34,,H,-3.6922197341918945,-4.9893083572387695,-4.513260364532471,-3.109100341796875,-4.069614887237549,-5.076871395111084,-2.3064496517181396,-4.684904098510742,-1.0339546203613281,-3.5581107139587402,-4.098337173461914,-2.9427812099456787,-5.6530914306640625,-2.6581437587738037,-1.8619985580444336,-3.9639601707458496,-3.8919286727905273,-3.607720375061035,-5.191863059997559,-3.6468725204467773,-3.54345703125,-5.134514808654785,-4.748122692108154,-3.424396276473999,-3.896430730819702,-5.123775482177734,-2.4669740200042725,-4.140368461608887,-0.9946316480636597,-3.0428643226623535,-3.9853017330169678,-3.665424346923828,-5.572478294372559,-2.403066396713257,-2.2277309894561768,-3.8554024696350098,-3.646960496902466,-2.946471929550171,-4.805014610290527,-3.679572582244873
2NZ9,A,902,,S,-1.9804494380950928,-5.267686367034912,-2.4573943614959717,-2.030520439147949,-5.0365214347839355,-4.593979835510254,-4.542154788970947,-4.756956100463867,-1.9511581659317017,-4.423271179199219,-5.203068733215332,-3.799245595932007,-2.8508057594299316,-3.539271116256714,-2.835843086242676,-1.753406286239624,-2.595921277999878,-4.2088141441345215,-5.28865909576416,-4.722184181213379,-1.9056507349014282,-5.236185073852539,-2.432180643081665,-2.0922470092773438,-5.103978633880615,-4.254335403442383,-4.97235631942749,-5.106703281402588,-1.9266486167907715,-4.555417537689209,-5.264316558837891,-3.3363876342773438,-3.3397858142852783,-3.4096827507019043,-3.405893564224243,-1.5535929203033447,-2.618873357772827,-4.765577793121338,-5.444830417633057,-5.171535491943359
2NZ9,A,903,,K,-3.6829867362976074,-4.916906833648682,-2.2754783630371094,-2.5131402015686035,-4.513699531555176,-4.7204909324646,-3.361072540283203,-4.990044116973877,-2.01497220993042,-2.7577157020568848,-3.3661837577819824,-2.044384002685547,-5.547667026519775,-2.428900957107544,-1.9427343606948853,-3.177666187286377,-2.9343953132629395,-4.395116329193115,-5.251657485961914,-4.276440143585205,-3.7506744861602783,-5.144116401672363,-1.6052883863449097,-2.278183937072754,-5.052119731903076,-4.568665504455566,-3.5445914268493652,-5.300060749053955,-2.3280858993530273,-4.767660140991211,-5.241099834442139,-1.2574880123138428,-5.544804096221924,-3.1090409755706787,-3.1285486221313477,-2.862910509109497,-2.9388718605041504,-5.128911018371582,-5.417732238769531,-4.784482479095459
2NZ9,A,915,,Q,-4.727742671966553,-4.455166339874268,-4.944012641906738,-3.1200180053710938,-4.783480644226074,-4.826761245727539,-4.439184188842773,-4.147160053253174,-1.8700034618377686,-2.9894230365753174,-3.952413558959961,-4.596575736999512,-5.557153701782227,-3.1155130863189697,-1.5170782804489136,-4.349185466766357,-1.0608854293823242,-4.567721843719482,-5.310792922973633,-4.759347438812256,-4.83135986328125,-4.526389122009277,-4.9464030265808105,-3.2764015197753906,-4.821273326873779,-4.896726131439209,-4.505159378051758,-4.149756908416748,-1.8519984483718872,-2.924412250518799,-4.01058292388916,-4.602653503417969,-5.543641567230225,-3.2179627418518066,-1.5809988975524902,-4.337457656860352,-0.9956006407737732,-4.600901126861572,-5.395685195922852,-4.785693645477295
2NZ9,A,917,,F,-4.273792743682861,-5.08983850479126,-3.4138898849487305,-3.2860116958618164,-2.2792088985443115,-4.325029373168945,-2.6945090293884277,-4.468889236450195,-2.507411479949951,-2.6221861839294434,-3.8353469371795654,-3.1534345149993896,-5.582080364227295,-3.624474048614502,-2.105340003967285,-3.5484843254089355,-3.0464487075805664,-4.264527797698975,-3.240748405456543,-1.5379551649093628,-4.110959053039551,-5.131061553955078,-3.764885902404785,-3.2355153560638428,-2.6834821701049805,-4.290970802307129,-2.9713246822357178,-4.654613971710205,-1.764790654182434,-2.560519218444824,-3.8496882915496826,-3.222705125808716,-5.626896858215332,-3.00612735748291,-1.8645281791687012,-3.4093399047851562,-2.614652156829834,-4.516843795776367,-3.9368138313293457,-2.1366007328033447
2NZ9,A,918,,N,-2.9932894706726074,-5.089828014373779,-4.970718860626221,-5.872971534729004,-5.763181686401367,-5.853797912597656,-5.239006042480469,-5.923740386962891,-5.445877552032471,-5.84744930267334,-5.906489372253418,-0.16289888322353363,-5.191096782684326,-5.728817939758301,-5.3989763259887695,-3.689911127090454,-4.730846405029297,-4.991353988647461,-5.797683238983154,-5.6802144050598145,-4.421843528747559,-5.452523708343506,-5.151360511779785,-5.781121730804443,-5.646103858947754,-5.851839542388916,-5.44787073135376,-5.698962211608887,-5.370716571807861,-5.8239545822143555,-5.8080949783325195,-0.09067940711975098,-5.411546230316162,-5.756666660308838,-5.65390682220459,-4.887110710144043,-5.196218013763428,-5.1742963790893555,-5.659639835357666,-5.657946586608887
2NZ9,A,919,,L,-4.927485466003418,-5.082383155822754,-3.7368807792663574,-5.070932388305664,-5.181774139404297,-4.985484600067139,-4.969521999359131,-4.4900007247924805,-4.2794880867004395,-2.4235687255859375,-4.879851818084717,-1.259290337562561,-5.329545021057129,-4.579106330871582,-3.517332077026367,-0.9330061078071594,-2.633047342300415,-4.641788005828857,-5.179505825042725,-5.016615867614746,-4.522234916687012,-5.0847296714782715,-2.17240834236145,-4.521874904632568,-5.033439636230469,-4.983083724975586,-3.8427321910858154,-4.928086757659912,-3.202569007873535,-3.6864078044891357,-5.276172161102295,-2.0772602558135986,-5.4303388595581055,-4.782610893249512,-3.9555342197418213,-0.9632776975631714,-1.7038766145706177,-4.5430908203125,-5.299618721008301,-4.7251458168029785
2NZ9,A,920,,E,-4.850488662719727,-5.516186714172363,-2.8782706260681152,-3.8679633140563965,-5.536630630493164,-0.1914750635623932,-5.4665703773498535,-5.6021623611450195,-5.73751163482666,-5.373091220855713,-5.8470869064331055,-4.852775573730469,-4.847544193267822,-5.134039878845215,-5.573888778686523,-4.0380072593688965,-4.913856506347656,-5.6006669998168945,-5.477749824523926,-5.407764434814453,-2.8494105339050293,-5.218247890472412,-2.051445245742798,-2.3421263694763184,-5.081222057342529,-4.263965606689453,-4.797168254852295,-4.509152412414551,-3.1317484378814697,-4.664193630218506,-5.1301374435424805,-3.1053037643432617,-1.034767508506775,-3.7717127799987793,-4.111763000488281,-2.180851697921753,-3.3128626346588135,-4.271639823913574,-5.320717811584473,-5.15118932723999
2NZ9,A,923,,K,-3.808495044708252,-4.4633564949035645,-5.027947902679443,-3.8410825729370117,-4.788027286529541,-5.511022090911865,-4.411749362945557,-3.250183582305908,-0.9919856786727905,-4.387508392333984,-4.0000319480896,-4.12938117980957,-5.72738790512085,-2.9053993225097656,-1.3668022155761719,-3.8020663261413574,-3.030886650085449,-2.921541929244995,-5.3816914558410645,-4.175352096557617,-3.7010550498962402,-4.163933753967285,-4.9955949783325195,-3.380443572998047,-4.426437854766846,-5.3532514572143555,-4.12274169921875,-3.0037245750427246,-1.1960535049438477,-4.106898307800293,-3.6788949966430664,-4.182316780090332,-5.632686138153076,-2.3448593616485596,-1.659536361694336,-3.6716232299804688,-2.80682635307312,-2.572113513946533,-5.175523281097412,-3.933197021484375
2NZ9,A,953,,F,-4.314028739929199,-4.5926384925842285,-3.9862570762634277,-2.5227818489074707,-2.725954294204712,-4.444705009460449,-2.838783025741577,-5.579789161682129,-2.446298360824585,-4.967655658721924,-2.7639284133911133,-4.289178848266602,-5.580440521240234,-0.9923715591430664,-2.1301448345184326,-4.367240905761719,-4.057268142700195,-4.995269775390625,-4.1803107261657715,-3.7929835319519043,-5.035134792327881,-5.290607929229736,-5.345599174499512,-4.195555686950684,-3.189690351486206,-5.427833557128906,-4.249427318572998,-4.742274761199951,-1.02324640750885,-4.176507949829102,-3.58927583694458,-4.645770072937012,-5.740140914916992,-3.162539482116699,-0.9961005449295044,-4.321418285369873,-3.4469990730285645,-4.364723205566406,-5.256846904754639,-4.589662551879883
2NZ9,A,954,,N,-3.5083699226379395,-4.149618148803711,-4.296871662139893,-4.00807523727417,-4.357193470001221,-5.104010105133057,-5.15549373626709,-2.811403274536133,-4.002320289611816,-1.5503077507019043,-3.5996856689453125,-3.6883649826049805,-5.587291717529297,-3.9083847999572754,-3.603181838989258,-3.378894805908203,-2.041679620742798,-1.1252021789550781,-4.894928455352783,-4.840041637420654,-3.746886968612671,-4.715224742889404,-2.7946226596832275,-2.3185441493988037,-3.9096624851226807,-4.933122158050537,-2.052520990371704,-3.987490177154541,-1.7903157472610474,-3.5560755729675293,-4.503183841705322,-2.116117477416992,-5.4825615882873535,-3.081756353378296,-2.6186411380767822,-3.198655128479004,-3.27193284034729,-2.975285768508911,-4.547377586364746,-3.1386585235595703
2NZ9,A,955,,S,-2.7662203311920166,-5.224997520446777,-3.3054637908935547,-2.190401077270508,-4.469440937042236,-4.604287624359131,-3.5860891342163086,-3.4641432762145996,-2.6600265502929688,-2.5806429386138916,-4.372630596160889,-3.953582286834717,-1.2361894845962524,-3.1602377891540527,-3.0325522422790527,-2.8138439655303955,-3.338407516479492,-3.7370500564575195,-4.442932605743408,-4.337314128875732,-2.1737613677978516,-5.3420844078063965,-3.553657054901123,-1.9903491735458374,-4.668821334838867,-4.511614799499512,-3.962538719177246,-3.9269068241119385,-2.4141581058502197,-3.0418357849121094,-4.33927583694458,-4.034713268280029,-1.318263053894043,-3.185537576675415,-3.2586379051208496,-2.6937813758850098,-3.350553274154663,-3.8472232818603516,-4.951390266418457,-4.538516521453857
2NZ9,A,956,,I,-3.3405163288116455,-4.1758294105529785,-4.512001991271973,-3.6665642261505127,-5.334611415863037,-4.253928184509277,-5.369273662567139,-1.4995198249816895,-4.495706081390381,-4.192175388336182,-4.929908275604248,-2.6569771766662598,-5.062934398651123,-4.187829494476318,-3.5506043434143066,-2.5511906147003174,-2.390021324157715,-1.104322075843811,-5.4492411613464355,-5.031191349029541,-2.700071096420288,-4.209871768951416,-4.4811553955078125,-2.2688217163085938,-5.186229228973389,-4.4957499504089355,-5.091803550720215,-1.6062732934951782,-3.2608985900878906,-4.318953514099121,-4.5864715576171875,-3.940652370452881,-5.042064666748047,-3.468935966491699,-3.6408729553222656,-2.7335057258605957,-2.9200167655944824,-1.1888617277145386,-5.3701934814453125,-5.053081512451172
2NZ9,A,1056,,K,-2.393486976623535,-4.832635879516602,-5.230443000793457,-2.3497939109802246,-5.334465980529785,-4.799314975738525,-4.189582824707031,-3.5995099544525146,-1.2962777614593506,-4.245777130126953,-4.239047050476074,-4.4848103523254395,-5.620352745056152,-1.615839958190918,-1.9083518981933594,-3.3529443740844727,-4.011335849761963,-4.256869792938232,-5.373268127441406,-4.792043685913086,-1.9277634620666504,-4.8741559982299805,-5.118807315826416,-2.4394805431365967,-5.307276248931885,-4.6214213371276855,-3.896057367324829,-3.8590996265411377,-1.5961854457855225,-4.224664211273193,-4.3398308753967285,-4.31239652633667,-5.6363654136657715,-1.4215561151504517,-2.175522565841675,-3.082980155944824,-3.8149614334106445,-4.24815559387207,-5.214880466461182,-4.864591121673584
2NZ9,A,1058,,D,-3.447746753692627,-5.061557292938232,-1.6267868280410767,-2.2827351093292236,-4.171388149261475,-4.2586894035339355,-4.059446334838867,-2.435821056365967,-2.7273125648498535,-3.285413980484009,-4.309437274932861,-2.0789175033569336,-5.516037464141846,-3.013089656829834,-3.2867846488952637,-2.743191719055176,-2.9045610427856445,-3.361274242401123,-4.230815410614014,-3.5510201454162598,-3.443342685699463,-5.088194847106934,-1.8542869091033936,-2.2568016052246094,-4.053316593170166,-4.165715217590332,-4.050192832946777,-2.4061570167541504,-2.6797947883605957,-3.0169806480407715,-4.215193748474121,-2.1984264850616455,-5.540021896362305,-2.920642137527466,-3.3974690437316895,-2.5381741523742676,-2.680816650390625,-3.3156819343566895,-4.293569564819336,-3.5712478160858154
2NZ9,A,1061,,R,-3.159198045730591,-4.3965959548950195,-3.1456944942474365,-2.9057958126068115,-5.258447647094727,-3.9332120418548584,-4.610502243041992,-5.402364730834961,-1.0851975679397583,-3.669027090072632,-4.201416492462158,-2.503812789916992,-5.0675835609436035,-2.034778594970703,-1.9676868915557861,-3.326899290084839,-3.921462059020996,-5.1167707443237305,-5.348798751831055,-5.317226886749268,-3.0827577114105225,-4.0724711418151855,-4.081014633178711,-3.1053833961486816,-5.242758750915527,-4.27202844619751,-4.917803764343262,-5.233263969421387,-0.828038215637207,-3.532777786254883,-4.637274742126465,-3.1030614376068115,-5.078813076019287,-2.1322038173675537,-2.4325830936431885,-3.2120840549468994,-2.9347243309020996,-4.726386547088623,-5.579501628875732,-5.48326301574707
2NZ9,A,1062,,D,-4.136593818664551,-2.8809266090393066,-0.7480602264404297,-3.567200183868408,-5.081273078918457,-4.87884521484375,-5.025239944458008,-4.789578437805176,-5.613236904144287,-5.251827716827393,-5.410623550415039,-1.8164362907409668,-5.793595314025879,-4.333536148071289,-5.502474784851074,-2.1673834323883057,-3.3366446495056152,-3.1325454711914062,-5.478492736816406,-5.600037574768066,-4.655284881591797,-3.1744372844696045,-0.5964754819869995,-4.076818466186523,-5.202667236328125,-5.305215358734131,-4.870182991027832,-4.976437091827393,-5.609113693237305,-5.311092376708984,-5.546895980834961,-1.618125081062317,-5.705019950866699,-5.145937919616699,-5.27932071685791,-2.8281071186065674,-3.726900100708008,-3.5033392906188965,-4.922639846801758,-4.572205543518066
2NZ9,A,1063,,T,-3.5858020782470703,-4.787465572357178,-4.076062202453613,-4.105812072753906,-2.453505516052246,-4.625886917114258,-3.6269783973693848,-2.3775782585144043,-3.1218810081481934,-2.105935573577881,-3.627030849456787,-3.412543773651123,-1.73300302028656,-3.807394504547119,-2.0248427391052246,-3.518660306930542,-3.527791976928711,-3.106419324874878,-3.267307758331299,-4.066756725311279,-2.1452465057373047,-5.34746789932251,-3.327348470687866,-2.5651159286499023,-5.223047733306885,-4.413875102996826,-4.807381629943848,-4.627854347229004,-2.2175207138061523,-4.647536277770996,-5.2917680740356445,-4.100512504577637,-0.9145358204841614,-3.685716390609741,-3.8089427947998047,-2.4389777183532715,-3.566701889038086,-4.105039596557617,-5.450483322143555,-5.174079418182373
2NZ9,A,1064,,H,-3.4636569023132324,-5.463030815124512,-4.062694549560547,-4.597113132476807,-3.8814191818237305,-4.84027099609375,-1.2346636056900024,-4.989328384399414,-3.877713680267334,-3.526414632797241,-4.4124040603637695,-3.6096391677856445,-4.898568630218506,-4.120551586151123,-3.024038076400757,-3.5200679302215576,-4.593580722808838,-4.792405128479004,-1.027176856994629,-3.1401686668395996,-2.7900502681732178,-5.248659133911133,-1.6100757122039795,-2.0841686725616455,-4.8382954597473145,-2.907606363296509,-4.26167106628418,-5.030152797698975,-2.8933563232421875,-4.10687780380249,-5.0435662269592285,-2.2348108291625977,-5.398175239562988,-3.300647735595703,-3.7242376804351807,-2.025038480758667,-2.1405181884765625,-4.744479656219482,-5.067178726196289,-4.559163570404053
2NZ9,A,1294,,R,-3.7538414001464844,-5.104645252227783,-4.082068920135498,-3.7173120975494385,-2.4812674522399902,-5.268675327301025,-3.474078893661499,-1.8701075315475464,-2.2910995483398438,-2.502441167831421,-3.4753119945526123,-3.519160032272339,-4.895463943481445,-2.4829251766204834,-2.2224833965301514,-3.5860018730163574,-3.59956955909729,-2.2993147373199463,-4.178378105163574,-3.174459934234619,-3.385986089706421,-4.970265865325928,-3.2342076301574707,-2.3458657264709473,-4.599153518676758,-4.8232903480529785,-3.971364974975586,-2.5758583545684814,-1.8515180349349976,-3.2688889503479004,-4.510690212249756,-3.150818347930908,-3.8821821212768555,-2.619351625442505,-3.0112380981445312,-2.6095330715179443,-2.411773920059204,-1.9717808961868286,-5.06543493270874,-4.534224033355713
3BDY,H,30,,K,-1.6093425750732422,-4.627344608306885,-3.869871139526367,-3.051473617553711,-5.269925594329834,-2.7540884017944336,-5.150083541870117,-4.522365093231201,-2.437382221221924,-3.320047378540039,-4.273223876953125,-3.285196542739868,-5.725695610046387,-3.3507049083709717,-2.076582670211792,-2.0020925998687744,-2.1145670413970947,-3.4495222568511963,-5.434736251831055,-5.09512186050415,-1.6406503915786743,-4.576141834259033,-3.85528564453125,-3.007276773452759,-5.2494330406188965,-2.808135747909546,-5.117358684539795,-4.467531681060791,-2.432758092880249,-3.232895851135254,-4.232846260070801,-3.2915704250335693,-5.719033241271973,-3.334760904312134,-2.0166680812835693,-2.030694007873535,-2.148348093032837,-3.416849374771118,-5.415069580078125,-5.1013336181640625
3BDY,H,31,,D,-3.5608863830566406,-5.393099784851074,-0.8572016954421997,-2.1303889751434326,-5.238168716430664,-3.4225077629089355,-4.839578151702881,-5.40316104888916,-3.450737476348877,-4.621566295623779,-5.277370452880859,-2.3846755027770996,-5.628987789154053,-3.5500824451446533,-4.039668560028076,-2.309413433074951,-2.670991897583008,-5.1833343505859375,-5.346738815307617,-5.121316909790039,-3.5136866569519043,-5.379547119140625,-0.8615273833274841,-2.0822761058807373,-5.217534065246582,-3.476081609725952,-4.7837815284729,-5.406807899475098,-3.4881668090820312,-4.513426780700684,-5.20890998840332,-2.4134504795074463,-5.642877101898193,-3.523012399673462,-4.0280256271362305,-2.3367295265197754,-2.6803557872772217,-5.160083770751953,-5.338368892669678,-5.08955192565918
3BDY,H,32,,T,-4.85239315032959,-4.438397407531738,-5.062587738037109,-5.259850978851318,-3.8915815353393555,-4.13148307800293,-4.179937362670898,-5.36713171005249,-4.002801418304443,-3.964498996734619,-3.9188404083251953,-4.789207458496094,-5.47123908996582,-4.050104141235352,-1.4921032190322876,-3.2187609672546387,-0.6110185980796814,-4.979917526245117,-5.194437503814697,-5.252186298370361,-4.874687194824219,-4.587800025939941,-4.992928504943848,-5.122506141662598,-3.893724203109741,-4.188154697418213,-4.150741100311279,-5.44417142868042,-3.8035147190093994,-4.0073370933532715,-3.8962395191192627,-4.703582286834717,-5.515017032623291,-3.8751420974731445,-1.4499167203903198,-3.1530873775482178,-0.6467559337615967,-5.02915096282959,-5.199160575866699,-5.10390043258667
3BDY,H,33,,Y,-3.932061195373535,-5.525113105773926,-3.7616193294525146,-2.6388468742370605,-2.1668550968170166,-5.114648342132568,-3.293734550476074,-3.183250904083252,-2.5836269855499268,-2.6010913848876953,-3.5302062034606934,-3.5097856521606445,-5.678082466125488,-2.7155954837799072,-2.5376102924346924,-3.8215317726135254,-3.0594587326049805,-3.4375710487365723,-2.6111552715301514,-1.8926243782043457,-4.336601734161377,-5.59431791305542,-2.901770830154419,-2.102792978286743,-3.2544686794281006,-5.091318607330322,-3.6169073581695557,-3.5988080501556396,-2.4315896034240723,-2.698026180267334,-4.250599384307861,-2.656895875930786,-5.658840656280518,-3.0665700435638428,-2.2611701488494873,-3.522196054458618,-2.782937526702881,-3.239985227584839,-2.67313289642334,-2.1746950149536133
3BDY,H,50,,R,-3.617880344390869,-4.579392910003662,-3.375150442123413,-2.1560170650482178,-4.161545276641846,-4.39138126373291,-3.5763370990753174,-4.17970609664917,-2.6940484046936035,-4.251805305480957,-3.9380147457122803,-3.63853120803833,-5.479302883148193,-2.31596302986145,-1.8266271352767944,-1.7918813228607178,-3.621837854385376,-3.7962887287139893,-2.623809576034546,-2.7826988697052,-3.3576743602752686,-4.488924026489258,-3.298689126968384,-2.1555593013763428,-4.091384410858154,-4.056718826293945,-3.5680978298187256,-4.236903667449951,-2.812558174133301,-4.302326202392578,-4.113694190979004,-3.4964091777801514,-5.456353664398193,-2.4237241744995117,-2.346747398376465,-1.585964322090149,-3.627502679824829,-3.77999210357666,-2.318392038345337,-2.7625772953033447
3BDY,H,52,,Y,-3.859712839126587,-5.8758721351623535,-3.3942129611968994,-2.9235827922821045,-3.0468103885650635,-5.1075639724731445,-2.43465256690979,-4.025726318359375,-2.2037365436553955,-2.5905637741088867,-4.4664740562438965,-2.9484872817993164,-5.352346420288086,-2.1322779655456543,-2.2126669883728027,-2.942741870880127,-3.3404479026794434,-4.069581031799316,-2.787761688232422,-2.5133066177368164,-3.689234733581543,-5.740490913391113,-3.133845090866089,-2.6171505451202393,-3.553422689437866,-5.052060604095459,-2.5983951091766357,-3.947605609893799,-2.2452914714813232,-2.6485683917999268,-4.4921088218688965,-2.7794716358184814,-5.320775032043457,-1.929224967956543,-2.347883939743042,-2.629953145980835,-2.914029598236084,-3.610210657119751,-3.439321756362915,-3.092036485671997
3BDY,H,53,,T,-1.331300139427185,-5.426457405090332,-3.9922420978546143,-2.964501142501831,-4.443429470062256,-2.7624950408935547,-4.238432884216309,-4.5396857261657715,-2.2986905574798584,-3.220006227493286,-4.700508117675781,-3.9689345359802246,-3.716506004333496,-3.06683349609375,-2.576413869857788,-1.9410295486450195,-3.120884656906128,-4.037177085876465,-4.182986259460449,-3.665565013885498,-1.3654016256332397,-5.415183067321777,-3.98126482963562,-2.8951897621154785,-4.379852294921875,-2.802870750427246,-4.2127461433410645,-4.5048298835754395,-2.265902280807495,-3.125300884246826,-4.628245830535889,-3.9595513343811035,-3.7216391563415527,-3.060490608215332,-2.547110080718994,-1.9805392026901245,-3.114793062210083,-4.010988235473633,-4.213720321655273,-3.6443190574645996
3BDY,H,54,,N,-5.232802867889404,-5.5968122482299805,-0.7416434288024902,-5.3367486000061035,-5.1346755027771,-4.568751811981201,-4.710781574249268,-5.049596309661865,-5.2180256843566895,-5.243370532989502,-5.421158790588379,-1.047249674797058,-5.552780628204346,-5.112918376922607,-5.025503158569336,-3.6872808933258057,-2.9592247009277344,-4.997066497802734,-5.312732219696045,-4.952224254608154,-5.2151360511779785,-5.5876264572143555,-0.7466007471084595,-5.3086161613464355,-5.111504554748535,-4.5356597900390625,-4.629173755645752,-5.099829196929932,-5.177971363067627,-5.233102798461914,-5.395889759063721,-1.0483273267745972,-5.572144508361816,-5.085442543029785,-4.9735941886901855,-3.658630609512329,-2.9571163654327393,-5.023765563964844,-5.314828395843506,-4.945497035980225
3BDY,H,56,,Y,-2.9173829555511475,-5.33806037902832,-3.482100248336792,-2.931879997253418,-4.417415618896484,-4.23304557800293,-4.038241863250732,-4.532427787780762,-2.9114863872528076,-4.312950611114502,-5.013198375701904,-3.3971498012542725,-5.503632068634033,-3.367302179336548,-3.2936203479766846,-1.0438859462738037,-1.5040630102157593,-4.3343658447265625,-4.153210639953613,-4.172751426696777,-2.911308765411377,-5.362353801727295,-3.521780014038086,-2.953758716583252,-4.4860758781433105,-4.228173732757568,-4.0536675453186035,-4.534470558166504,-2.9195053577423096,-4.346649646759033,-5.02802848815918,-3.4036104679107666,-5.485217571258545,-3.3516812324523926,-3.3988802433013916,-1.029305100440979,-1.4758132696151733,-4.363152980804443,-4.283324241638184,-4.297763824462891
3BDY,H,58,,R,-2.9376299381256104,-5.223674774169922,-3.2624588012695312,-2.0864028930664062,-4.412128448486328,-4.0303473472595215,-4.209270477294922,-4.136459827423096,-3.572476387023926,-3.9907712936401367,-4.015066146850586,-3.6265597343444824,-5.379848957061768,-2.869267463684082,-1.7890920639038086,-1.5861819982528687,-2.139277935028076,-3.806626319885254,-3.19741153717041,-4.324357032775879,-2.745384693145752,-5.195521354675293,-3.2162058353424072,-2.076875925064087,-4.156087398529053,-3.7700889110565186,-4.015358924865723,-4.142096519470215,-3.599665880203247,-3.8864948749542236,-3.757554054260254,-3.5854551792144775,-5.233719825744629,-2.746756076812744,-2.5852181911468506,-1.3519160747528076,-2.169240713119507,-3.7960586547851562,-3.2790286540985107,-4.182100296020508
3BDY,H,95,,W,-4.8664231300354,-5.937331199645996,-2.449230670928955,-4.3506269454956055,-3.4293081760406494,-5.157151699066162,-3.9590742588043213,-5.007740020751953,-4.732311725616455,-4.604977130889893,-4.772279262542725,-4.3055596351623535,-5.540055751800537,-4.773738861083984,-4.295220851898193,-2.063416004180908,-0.8136965036392212,-4.771140098571777,-1.894363522529602,-3.4875595569610596,-4.678310871124268,-5.957995891571045,-2.014492988586426,-3.165257453918457,-3.1871836185455322,-5.0743279457092285,-4.010059833526611,-4.807974815368652,-4.085334300994873,-3.447338819503784,-4.373904228210449,-3.973475933074951,-5.446993350982666,-4.035738468170166,-3.9107398986816406,-2.1983299255371094,-0.8338991403579712,-4.915497303009033,-3.6700093746185303,-3.2577555179595947
3BDY,H,96,,G,-2.5981197357177734,-5.43420934677124,-4.133040428161621,-4.051567554473877,-5.162537097930908,-0.2876315712928772,-4.684058666229248,-5.720819473266602,-3.943181037902832,-5.054142475128174,-5.4967732429504395,-4.221400260925293,-5.650959014892578,-4.440670967102051,-4.074728012084961,-3.877810001373291,-5.206470966339111,-5.568675994873047,-5.1571149826049805,-4.974484920501709,-2.6070754528045654,-5.432779788970947,-4.1835808753967285,-4.104719161987305,-5.170314311981201,-0.2711755037307739,-4.761266231536865,-5.740782737731934,-3.940781593322754,-5.021710395812988,-5.476701259613037,-4.383932590484619,-5.679532051086426,-4.496728897094727,-4.165545463562012,-4.066767692565918,-5.301063060760498,-5.568159580230713,-5.2742414474487305,-5.0542073249816895
3BDY,H,97,,G,-5.63856315612793,-5.5637383460998535,-5.202884197235107,-5.573776721954346,-5.630937576293945,-0.0775451511144638,-5.489352226257324,-5.58110237121582,-5.6864800453186035,-5.569179058074951,-5.693706512451172,-5.233475685119629,-5.6898908615112305,-5.664692401885986,-5.614255428314209,-5.274630546569824,-5.6273512840271,-5.573123931884766,-5.6222991943359375,-5.5443115234375,-5.678534030914307,-5.575245380401611,-5.176238536834717,-5.623912334442139,-5.633105278015137,-0.07732051610946655,-5.461246490478516,-5.592334270477295,-5.691061496734619,-5.573764324188232,-5.693840503692627,-5.220036029815674,-5.683065414428711,-5.660164833068848,-5.610326290130615,-5.290114879608154,-5.651324272155762,-5.585626125335693,-5.624179363250732,-5.526423454284668
3BDY,H,98,,D,-2.096360206604004,-5.413058757781982,-3.360104560852051,-2.16650390625,-4.925546169281006,-4.629952907562256,-4.403757095336914,-4.345269203186035,-2.257856845855713,-3.9688563346862793,-5.076201915740967,-4.41096305847168,-1.0878504514694214,-3.5762789249420166,-3.067201614379883,-2.7910099029541016,-3.607086420059204,-3.7021384239196777,-5.175403594970703,-4.713346481323242,-1.7899807691574097,-5.466854572296143,-3.9113876819610596,-2.4928600788116455,-5.045068264007568,-4.59968900680542,-4.626685619354248,-4.4868903160095215,-2.0976405143737793,-4.297450065612793,-5.25431489944458,-4.5252861976623535,-1.0764648914337158,-3.677643060684204,-3.4235551357269287,-2.5672526359558105,-3.653521776199341,-3.750173330307007,-5.4140849113464355,-4.977381229400635
3BDY,H,99,,G,-3.841963291168213,-5.23054313659668,-1.6481037139892578,-2.7702343463897705,-3.3170721530914307,-3.044875383377075,-3.1869139671325684,-4.961526393890381,-3.2244656085968018,-2.4256327152252197,-4.411957740783691,-1.7034939527511597,-5.564591884613037,-3.549185276031494,-3.260664463043213,-3.304367780685425,-2.826545000076294,-5.021224498748779,-3.3702855110168457,-2.8870770931243896,-3.702122926712036,-5.2826409339904785,-1.2169063091278076,-2.816101551055908,-4.251864910125732,-2.962698221206665,-3.2088406085968018,-5.198068618774414,-3.2774746417999268,-4.375556945800781,-4.938875675201416,-1.3808691501617432,-5.469063758850098,-3.5701258182525635,-3.8118503093719482,-2.8901994228363037,-2.908902406692505,-5.082396984100342,-5.025020599365234,-4.120314121246338
3BDY,H,100,,F,-3.3650288581848145,-3.667611598968506,-1.4211863279342651,-3.233609437942505,-3.048865795135498,-3.2187068462371826,-2.972062349319458,-5.113799571990967,-3.8949828147888184,-4.170464038848877,-4.4035749435424805,-1.5069663524627686,-5.573540687561035,-3.205636978149414,-3.014308452606201,-2.5106582641601562,-4.017259120941162,-4.532784461975098,-4.882290363311768,-3.385274648666382,-3.532381057739258,-3.3121564388275146,-1.5872209072113037,-2.96183443069458,-2.954249382019043,-3.6585278511047363,-3.3387746810913086,-5.00009822845459,-3.4225988388061523,-3.6416752338409424,-3.922471761703491,-1.5468837022781372,-5.630918502807617,-2.8762638568878174,-2.9078500270843506,-2.620375156402588,-3.8570284843444824,-4.329834938049316,-4.905269622802734,-3.2845025062561035
3BDY,L,28,,S,-3.6504099369049072,-5.3202056884765625,-2.277702569961548,-3.215708017349243,-5.010900020599365,-3.845693349838257,-4.3402862548828125,-4.886975288391113,-3.880918025970459,-4.745304584503174,-5.257310390472412,-2.3985352516174316,-5.573533058166504,-4.564986228942871,-4.057858467102051,-1.2095803022384644,-1.217982292175293,-5.117336750030518,-4.874570846557617,-4.326703071594238,-3.692897319793701,-5.515211582183838,-2.6277501583099365,-3.0995922088623047,-4.652236461639404,-3.506232738494873,-4.047104835510254,-4.998641014099121,-4.500943183898926,-4.426414489746094,-4.98066520690918,-2.6847147941589355,-5.5872344970703125,-4.282718181610107,-4.431097984313965,-0.8479427099227905,-1.5996596813201904,-5.1312689781188965,-4.306347370147705,-4.36404275894165
3BDY,L,29,,I,-4.986954212188721,-4.883077144622803,-4.665135860443115,-3.373818874359131,-4.214743137359619,-5.521477222442627,-4.63258695602417,-1.1514908075332642,-3.8452420234680176,-3.487126588821411,-3.3602118492126465,-4.76631498336792,-5.578600883483887,-3.8196182250976562,-3.898148775100708,-4.999063014984131,-3.101213216781616,-1.0043820142745972,-4.1559529304504395,-3.8000733852386475,-4.402771472930908,-5.490739822387695,-4.019592761993408,-2.086986780166626,-4.042118549346924,-5.270680904388428,-4.056410312652588,-1.8263673782348633,-2.9467337131500244,-2.6994736194610596,-3.452928066253662,-4.316153049468994,-5.45009183883667,-2.5134055614471436,-3.3609118461608887,-3.529533624649048,-2.381476879119873,-1.5563582181930542,-4.893835544586182,-4.152358531951904
3BDY,L,30,,S,-3.764308452606201,-3.9362523555755615,-4.508657932281494,-3.965256690979004,-4.646881580352783,-4.071141719818115,-4.082300662994385,-5.532989978790283,-2.6216564178466797,-5.167353630065918,-4.776025772094727,-4.7058563232421875,-5.809096336364746,-3.2178564071655273,-2.567833662033081,-0.6464015245437622,-2.1087701320648193,-5.608382225036621,-5.124501705169678,-4.6756510734558105,-3.534207820892334,-5.01369571685791,-3.120213747024536,-3.9347777366638184,-4.484304904937744,-3.4844613075256348,-3.5139732360839844,-5.345974445343018,-3.2891123294830322,-5.17256498336792,-5.040539741516113,-3.5251336097717285,-5.323450088500977,-3.7995736598968506,-3.791365623474121,-0.7580505609512329,-1.6241915225982666,-5.013228893280029,-4.630827903747559,-4.3251800537109375
3BDY,L,31,,G,-4.8545002937316895,-4.392986297607422,-3.819643259048462,-4.981945037841797,-5.388914108276367,-0.2406078726053238,-3.6599819660186768,-5.593080997467041,-5.0033721923828125,-5.436782360076904,-5.450682163238525,-3.2199769020080566,-5.606269359588623,-4.541184902191162,-4.392407417297363,-3.493114709854126,-5.934865474700928,-5.655393123626709,-5.440028667449951,-4.833422660827637,-4.173776149749756,-5.274447917938232,-2.4391982555389404,-3.9419796466827393,-4.608222961425781,-1.1398460865020752,-2.259134292602539,-5.272848129272461,-4.068875312805176,-4.193049430847168,-4.978354454040527,-1.3897514343261719,-5.346474647521973,-3.7815964221954346,-3.4769179821014404,-2.8585896492004395,-5.304429531097412,-5.417595386505127,-5.094231128692627,-4.277660369873047
3BDY,L,32,,Y,-5.144966125488281,-5.067930698394775,-4.516894817352295,-5.698284149169922,-2.379258155822754,-5.690497398376465,-3.7254574298858643,-5.4612717628479,-5.577206611633301,-4.931596279144287,-4.160984516143799,-4.590460777282715,-5.92927885055542,-5.211961269378662,-5.035342693328857,-4.710954666137695,-5.720573425292969,-6.089059352874756,-4.492278575897217,-0.2585589289665222,-5.356036186218262,-5.489434242248535,-4.524612903594971,-5.432722568511963,-1.8182452917099,-5.393400192260742,-4.187318801879883,-4.223423957824707,-5.460549831390381,-5.2698750495910645,-4.939252853393555,-4.765661239624023,-5.827155590057373,-5.099303722381592,-4.704092979431152,-4.778250694274902,-4.557412624359131,-4.976219177246094,-4.601944923400879,-0.3563356399536133
3BDY,L,50,,W,-3.3960320949554443,-4.973761081695557,-2.189913749694824,-2.9004805088043213,-3.198326826095581,-3.6257483959198,-3.0443115234375,-5.226654052734375,-2.7206215858459473,-4.129615306854248,-4.114865303039551,-1.4544801712036133,-5.642723083496094,-3.064484119415283,-2.307234764099121,-2.923004627227783,-4.820678234100342,-5.395885944366455,-4.530887126922607,-2.1757397651672363,-3.4064393043518066,-5.394054889678955,-2.442897319793701,-3.045011520385742,-3.561718702316284,-3.629359483718872,-2.662353754043579,-5.351014137268066,-2.07370662689209,-4.410515308380127,-4.873546600341797,-1.4421082735061646,-5.684257984161377,-2.828866720199585,-2.119255304336548,-2.840276002883911,-4.979659557342529,-5.356720447540283,-4.608192443847656,-2.921963691711426
3BDY,L,51,,G,-4.690942287445068,-5.6512885093688965,-4.231562614440918,-5.636795997619629,-5.282660961151123,-2.837259292602539,-5.374483585357666,-5.89912748336792,-5.515985488891602,-5.396729469299316,-5.439733505249023,-4.252573013305664,-5.349219799041748,-5.319452285766602,-5.197062015533447,-1.6075294017791748,-0.44240888953208923,-5.39634895324707,-5.4498610496521,-5.478760719299316,-5.163694381713867,-5.640811920166016,-3.8285350799560547,-5.85081148147583,-5.376654148101807,-2.3836913108825684,-5.4751362800598145,-6.062629222869873,-5.629656791687012,-5.5617475509643555,-5.539153575897217,-4.188767433166504,-5.309735298156738,-5.4931864738464355,-5.334504127502441,-1.451310157775879,-0.5525970458984375,-5.468320846557617,-5.449941635131836,-5.491585731506348
3BDY,L,52,,S,-4.254374027252197,-5.093698501586914,-1.0629159212112427,-3.93281888961792,-4.759152412414551,-3.9009649753570557,-3.994767904281616,-5.361508369445801,-4.636747360229492,-5.180357456207275,-5.277761936187744,-1.8655750751495361,-5.5000104904174805,-4.173030853271484,-4.459926128387451,-1.2022584676742554,-3.4848432540893555,-5.1619720458984375,-4.481753349304199,-4.8002495765686035,-4.199768543243408,-5.114189624786377,-1.5338637828826904,-4.037008285522461,-4.760417461395264,-3.6540915966033936,-3.7660627365112305,-5.284601211547852,-4.305917739868164,-5.091844081878662,-5.1813554763793945,-1.646156907081604,-5.451079368591309,-3.940410852432251,-4.238354682922363,-1.041215181350708,-3.0242178440093994,-5.017364025115967,-4.677925109863281,-4.685242652893066
3BDY,L,53,,Y,-4.06697416305542,-5.199623107910156,-3.4292657375335693,-1.9960782527923584,-4.686385631561279,-4.9131245613098145,-3.656402349472046,-2.6298093795776367,-2.267211437225342,-3.253300905227661,-4.272802829742432,-3.415592908859253,-5.552051544189453,-2.1930153369903564,-2.973304271697998,-3.2018344402313232,-1.7653688192367554,-2.2007951736450195,-5.021453380584717,-4.622696399688721,-4.118996620178223,-5.217178821563721,-3.830387830734253,-2.203486442565918,-4.742397785186768,-5.008433818817139,-3.7223622798919678,-2.3424134254455566,-2.156996488571167,-3.2192790508270264,-4.340412616729736,-3.481492042541504,-5.541632175445557,-2.229301691055298,-2.972752571105957,-3.2880642414093018,-1.798994779586792,-2.033303737640381,-5.103614330291748,-4.753224849700928
3BDY,L,91,,H,-3.365896463394165,-4.398758888244629,-3.8437418937683105,-3.746880531311035,-3.3582568168640137,-5.175034523010254,-2.7150018215179443,-1.891539216041565,-4.5533833503723145,-4.640224933624268,-4.079191207885742,-2.0669353008270264,-5.605018138885498,-3.556823968887329,-3.382847309112549,-3.2578325271606445,-2.0152804851531982,-1.6773900985717773,-4.929777145385742,-2.9005825519561768,-3.723390579223633,-4.537682056427002,-3.558927297592163,-3.7866601943969727,-3.194748640060425,-5.374351501464844,-2.864666700363159,-2.420332193374634,-4.770115852355957,-5.169755935668945,-4.773218154907227,-1.7948286533355713,-5.781354904174805,-4.279496669769287,-3.6025421619415283,-2.9339680671691895,-1.5551815032958984,-2.0379035472869873,-4.400123596191406,-2.4934141635894775
3BDY,L,92,,Y,-3.5468621253967285,-5.206381797790527,-4.752467632293701,-4.0344743728637695,-2.7845163345336914,-4.469728469848633,-4.307024002075195,-3.3624885082244873,-3.285214900970459,-0.9781341552734375,-2.5021164417266846,-4.656434059143066,-5.539332389831543,-3.675766706466675,-2.2655398845672607,-3.1517372131347656,-5.075353622436523,-4.663760185241699,-3.6821937561035156,-2.3378829956054688,-3.2058355808258057,-5.457945346832275,-3.8327627182006836,-3.3862743377685547,-3.6841442584991455,-2.7948641777038574,-4.064001560211182,-4.257907390594482,-2.708423376083374,-1.2189288139343262,-3.3782927989959717,-4.145010471343994,-5.529394626617432,-3.211134195327759,-1.9123512506484985,-2.64807391166687,-4.8828277587890625,-5.164561748504639,-3.6434693336486816,-2.6917035579681396
3BDY,L,93,,T,-2.7698287963867188,-4.069596767425537,-1.5259217023849487,-2.716341495513916,-4.69899320602417,-2.1604502201080322,-2.784822940826416,-5.326475620269775,-3.749587059020996,-4.829983711242676,-4.702596664428711,-2.80334734916687,-5.442145347595215,-3.9010252952575684,-3.3426554203033447,-1.7121455669403076,-2.587336540222168,-4.965729713439941,-4.557321071624756,-4.467222690582275,-2.6993939876556396,-4.019440174102783,-1.9927645921707153,-2.355966329574585,-4.827813625335693,-2.1558568477630615,-3.073103666305542,-5.47321081161499,-3.6012213230133057,-5.0521416664123535,-4.67238712310791,-3.1023359298706055,-5.4257330894470215,-3.3917388916015625,-3.4672579765319824,-1.3267979621887207,-2.7866902351379395,-4.93725061416626,-4.748571872711182,-4.6707987785339355
3BDY,L,94,,T,-3.9908175468444824,-5.36116886138916,-3.5649008750915527,-2.947021484375,-3.415877342224121,-4.762119293212891,-4.553544998168945,-4.316790580749512,-3.454428195953369,-0.7427433729171753,-2.867849349975586,-3.9715633392333984,-5.543486595153809,-3.4631714820861816,-2.682732105255127,-3.3719797134399414,-3.3690099716186523,-4.554696083068848,-3.4058549404144287,-3.453993082046509,-4.539453506469727,-5.336407661437988,-2.874584436416626,-2.370861053466797,-2.4831738471984863,-4.543814659118652,-3.969832420349121,-4.943288803100586,-3.4019224643707275,-1.3929436206817627,-2.890928268432617,-3.316298007965088,-5.333213806152344,-3.085526943206787,-3.0875844955444336,-3.17374849319458,-3.246929883956909,-4.737921714782715,-3.0377912521362305,-2.2302486896514893
3BE1,H,30,,K,-2.2075257301330566,-4.924057483673096,-3.4214231967926025,-3.1849539279937744,-5.147895336151123,-3.8859753608703613,-4.88631534576416,-4.018335819244385,-2.4936792850494385,-2.711456775665283,-3.762228488922119,-2.7404186725616455,-5.747494220733643,-3.7945504188537598,-2.4356534481048584,-1.5963982343673706,-1.9010722637176514,-3.1797873973846436,-5.302528381347656,-4.804998874664307,-2.3701295852661133,-5.0196027755737305,-3.5091805458068848,-3.063661575317383,-4.977010726928711,-3.9551007747650146,-4.660885810852051,-3.929943799972534,-2.521333932876587,-2.48687481880188,-3.3372206687927246,-2.8930485248565674,-5.66800594329834,-3.510014295578003,-2.3648715019226074,-1.5712453126907349,-2.1183369159698486,-3.142976999282837,-5.126708507537842,-4.68343448638916
3BE1,H,31,,D,-3.9095728397369385,-5.379814624786377,-1.1631255149841309,-2.2985873222351074,-4.924002170562744,-3.244335174560547,-4.028848648071289,-5.4467997550964355,-2.9185984134674072,-4.360341548919678,-5.223418712615967,-1.5269968509674072,-5.71297025680542,-3.270637273788452,-3.7443695068359375,-2.859949827194214,-2.7759149074554443,-5.25613260269165,-5.34832239151001,-4.582031726837158,-3.879298448562622,-5.390243053436279,-1.270106554031372,-2.2403690814971924,-4.769285678863525,-3.3389899730682373,-3.7502591609954834,-5.432183265686035,-2.9007763862609863,-4.098479747772217,-4.983816623687744,-1.579801082611084,-5.695578575134277,-3.0238823890686035,-3.7297518253326416,-2.6261701583862305,-2.794877767562866,-5.23184061050415,-5.322939872741699,-4.457189559936523
3BE1,H,32,,T,-4.343196868896484,-3.2769551277160645,-5.10739803314209,-5.4474921226501465,-4.4440460205078125,-4.971529483795166,-4.565027713775635,-5.636684894561768,-4.852017402648926,-4.370110034942627,-4.666080951690674,-4.74622106552124,-5.593227863311768,-3.528718948364258,-2.111621379852295,-3.341209888458252,-0.40930333733558655,-5.063396453857422,-5.548584938049316,-5.556773662567139,-4.347779273986816,-3.2654869556427,-5.108920097351074,-5.479727268218994,-4.438356876373291,-4.975636005401611,-4.573672294616699,-5.634293556213379,-4.805540084838867,-4.402845859527588,-4.673917293548584,-4.781038284301758,-5.5896148681640625,-3.5913095474243164,-2.005053997039795,-3.334967613220215,-0.42733001708984375,-5.061798572540283,-5.554999351501465,-5.548641204833984
3BE1,H,33,,Y,-4.209934711456299,-5.3018999099731445,-2.939990282058716,-2.2104527950286865,-2.976483106613159,-4.857928276062012,-3.901495933532715,-3.298940420150757,-2.767136335372925,-2.8588201999664307,-3.9675047397613525,-2.9746220111846924,-5.028724670410156,-3.2117111682891846,-2.4735753536224365,-3.5712733268737793,-2.5808756351470947,-2.975872278213501,-2.345215082168579,-2.0414469242095947,-4.180503845214844,-5.301736354827881,-3.218777894973755,-2.179185390472412,-3.1247549057006836,-4.972476959228516,-3.875128984451294,-3.283250331878662,-2.332926034927368,-2.898883819580078,-3.925447702407837,-2.991076707839966,-5.020793914794922,-3.058032989501953,-2.2363710403442383,-3.4914820194244385,-2.4162871837615967,-2.8728907108306885,-2.79707407951355,-2.325465440750122
3BE1,H,50,,R,-3.5281424522399902,-4.441210746765137,-3.2188634872436523,-2.248004913330078,-4.224459648132324,-4.410468101501465,-4.514972686767578,-4.384897232055664,-3.3408665657043457,-4.035446643829346,-3.7361745834350586,-3.8345768451690674,-5.515377521514893,-2.618196725845337,-2.6526756286621094,-1.037614345550537,-2.6162657737731934,-4.016174793243408,-3.0893921852111816,-3.6430792808532715,-3.470296621322632,-4.6233954429626465,-3.5170059204101562,-2.364382028579712,-4.45166540145874,-4.553707122802734,-4.596662998199463,-4.530089855194092,-3.2392666339874268,-4.252017498016357,-3.9671919345855713,-3.8929646015167236,-5.4506402015686035,-2.7037320137023926,-2.8717856407165527,-0.8626619577407837,-2.4692883491516113,-4.12274694442749,-3.4683940410614014,-4.034768581390381
3BE1,H,52,,Y,-3.92214298248291,-5.357222557067871,-2.7793819904327393,-2.6061782836914062,-3.3128607273101807,-5.10343074798584,-2.843475818634033,-3.6186256408691406,-2.631287097930908,-2.9275782108306885,-4.332093238830566,-2.4916791915893555,-5.476597785949707,-2.5719985961914062,-2.1746084690093994,-2.658950090408325,-2.565431833267212,-3.254082679748535,-2.941270351409912,-2.845595359802246,-3.9262137413024902,-5.595081329345703,-2.9100501537323,-2.677899122238159,-3.7388951778411865,-5.119387626647949,-2.785574436187744,-3.5412025451660156,-2.4618759155273438,-2.594736099243164,-4.239325046539307,-2.325996160507202,-5.3411407470703125,-2.382373571395874,-2.2152187824249268,-2.6491191387176514,-2.551187515258789,-3.111731767654419,-3.6012845039367676,-3.377190351486206
3BE1,H,53,,T,-1.718315839767456,-5.175228118896484,-4.085208892822266,-2.90384840965271,-4.560359001159668,-3.425598621368408,-4.174882411956787,-3.848877191543579,-1.904180884361267,-3.3783860206604004,-4.41200065612793,-3.940401315689087,-3.5561065673828125,-2.9450063705444336,-2.2140815258026123,-1.933712363243103,-2.9778902530670166,-3.4248199462890625,-4.326910972595215,-4.052473068237305,-1.7799657583236694,-5.285058498382568,-4.154513359069824,-2.913504123687744,-4.6851983070373535,-3.5101826190948486,-4.171043872833252,-3.857297897338867,-1.9535363912582397,-3.209123373031616,-4.300539493560791,-3.946666955947876,-3.3363184928894043,-2.8827922344207764,-2.245128631591797,-1.8438912630081177,-2.9152300357818604,-3.4517033100128174,-4.547431945800781,-4.309128284454346
3BE1,H,54,,N,-5.341404914855957,-5.374373435974121,-1.090280294418335,-5.216953754425049,-5.065801620483398,-4.90561580657959,-4.704012393951416,-4.771725177764893,-4.885210990905762,-5.218696117401123,-5.3822760581970215,-0.801458477973938,-5.5934062004089355,-5.08750057220459,-4.8716301918029785,-3.4703338146209717,-2.4975922107696533,-4.882256984710693,-5.219993591308594,-4.877504348754883,-5.145579814910889,-5.48293924331665,-1.111134648323059,-5.064725399017334,-5.077817440032959,-4.630153179168701,-4.584652900695801,-4.800701141357422,-4.928298473358154,-4.923209190368652,-5.259667873382568,-0.9642511606216431,-5.537875652313232,-4.9341936111450195,-4.832902908325195,-2.8802967071533203,-2.08433198928833,-4.824723243713379,-5.329173564910889,-5.014774799346924
3BE1,H,56,,Y,-2.8595292568206787,-4.9895172119140625,-2.5425875186920166,-1.8621959686279297,-2.8398168087005615,-3.9873147010803223,-3.231003522872925,-3.677201986312866,-3.759706974029541,-2.8971951007843018,-4.590032577514648,-2.724440336227417,-5.518649101257324,-2.59977126121521,-3.4230263233184814,-2.395120859146118,-2.856611490249634,-3.5122222900390625,-3.5118443965911865,-2.4454410076141357,-2.8565096855163574,-5.200984001159668,-3.30991792678833,-2.4447243213653564,-4.30389404296875,-4.285361289978027,-3.6333532333374023,-4.181186676025391,-2.299668073654175,-4.025563716888428,-4.695960998535156,-3.113243818283081,-5.514735221862793,-2.8846561908721924,-3.06121563911438,-1.3686033487319946,-1.8026572465896606,-3.873732805252075,-4.5820746421813965,-4.137921333312988
3BE1,H,58,,R,-3.457261800765991,-5.128543853759766,-3.3401899337768555,-2.6092545986175537,-3.2924904823303223,-3.942534923553467,-3.507309913635254,-2.6324243545532227,-3.0821692943573,-2.483328104019165,-3.453291416168213,-3.587846517562866,-5.501612663269043,-2.7123143672943115,-2.3084733486175537,-2.5264742374420166,-2.378429651260376,-2.3268327713012695,-3.711364507675171,-3.1721625328063965,-3.5515658855438232,-5.470066070556641,-4.401998519897461,-2.55289363861084,-3.8709144592285156,-4.438365459442139,-4.102837562561035,-2.3490262031555176,-3.4211833477020264,-1.8347102403640747,-2.7472963333129883,-4.150341033935547,-5.271679401397705,-2.488508939743042,-2.7917468547821045,-2.581169366836548,-2.3552377223968506,-2.3638815879821777,-3.6651487350463867,-3.8887557983398438
3BE1,H,95,,W,-4.361541748046875,-5.837433815002441,-2.8314056396484375,-2.3957767486572266,-2.5144147872924805,-5.044107913970947,-3.4464454650878906,-4.605197429656982,-3.692307233810425,-3.295685291290283,-4.004151344299316,-3.9934072494506836,-5.567070007324219,-3.5250179767608643,-3.861799478530884,-2.9227428436279297,-1.2571156024932861,-4.379113674163818,-2.719170570373535,-1.9994088411331177,-4.4243974685668945,-5.842761516571045,-2.776374578475952,-2.0859944820404053,-2.7310357093811035,-5.128651142120361,-3.4283483028411865,-4.566196441650391,-3.4132614135742188,-3.2008631229400635,-4.033012390136719,-4.007211208343506,-5.528724670410156,-3.427014112472534,-3.7327721118927,-3.0071280002593994,-1.2252476215362549,-4.371148586273193,-3.1735177040100098,-2.1438896656036377
3BE1,H,96,,G,-2.5168135166168213,-5.1198859214782715,-2.383716106414795,-3.5728600025177,-4.333577632904053,-0.6586963534355164,-3.8535773754119873,-5.199245452880859,-4.327315807342529,-4.207530975341797,-4.900392532348633,-3.217350721359253,-5.063852787017822,-4.082982063293457,-3.7738664150238037,-2.8706910610198975,-4.880788326263428,-5.396161079406738,-3.7766788005828857,-3.8059442043304443,-2.5523247718811035,-5.093968391418457,-2.6558449268341064,-3.7435829639434814,-4.3055830001831055,-0.5580026507377625,-3.945430278778076,-5.251502990722656,-4.445887565612793,-4.154853343963623,-4.913993835449219,-3.4452126026153564,-5.04984188079834,-4.1956610679626465,-3.995007276535034,-3.043562889099121,-4.964099407196045,-5.431238174438477,-3.776545763015747,-3.7649803161621094
3BE1,H,97,,G,-3.087851047515869,-4.970656394958496,-2.8686673641204834,-2.842540979385376,-4.823871612548828,-0.7014246582984924,-4.401673316955566,-5.1520094871521,-3.1998608112335205,-4.670065879821777,-5.13490104675293,-3.589939832687378,-2.832043409347534,-3.785911798477173,-3.6749427318573,-2.588878870010376,-3.8422257900238037,-4.96360969543457,-4.924111366271973,-4.701058387756348,-3.285677671432495,-5.0401740074157715,-2.586670398712158,-2.8465301990509033,-4.960154056549072,-0.7421438694000244,-4.604003429412842,-5.141830921173096,-3.232792615890503,-4.736455917358398,-5.202907085418701,-3.264071464538574,-2.727725028991699,-3.81858491897583,-3.882730722427368,-2.568559408187866,-3.6099789142608643,-4.984260082244873,-5.170379161834717,-4.861697673797607
3BE1,H,98,,D,-2.2004806995391846,-5.112281799316406,-2.885629415512085,-2.120802164077759,-4.347095489501953,-3.422532558441162,-3.749896287918091,-3.9765963554382324,-1.9460948705673218,-3.7742247581481934,-4.875365257263184,-3.6589810848236084,-2.514894485473633,-3.072530508041382,-2.6832566261291504,-2.2429492473602295,-2.869658946990967,-3.36452054977417,-4.545599460601807,-4.081552028656006,-1.7343366146087646,-5.265573024749756,-3.2214698791503906,-2.090421199798584,-4.8193678855896,-3.3820395469665527,-4.210650444030762,-4.405055999755859,-1.6639055013656616,-4.077671051025391,-4.929393768310547,-3.780874490737915,-2.5963752269744873,-3.0416152477264404,-3.097553014755249,-2.391965627670288,-2.9872100353240967,-3.6254618167877197,-5.251245975494385,-4.817317008972168
3BE1,H,99,,G,-1.7511045932769775,-2.645780563354492,-3.517338752746582,-4.605724811553955,-3.544703960418701,-0.6873762607574463,-4.09298849105835,-5.696220397949219,-5.335326671600342,-5.374236106872559,-5.4106621742248535,-3.693958282470703,-4.4961113929748535,-4.696547508239746,-5.288372039794922,-2.8887970447540283,-5.13391637802124,-5.239086151123047,-5.099453449249268,-3.6152260303497314,-3.418651580810547,-5.185696601867676,-1.4576079845428467,-2.6822078227996826,-4.3159637451171875,-1.8219748735427856,-3.577921152114868,-5.0481648445129395,-3.1711530685424805,-4.324892044067383,-4.834779262542725,-1.5474786758422852,-5.156816482543945,-3.6410021781921387,-3.798344135284424,-2.81164288520813,-3.381486177444458,-4.854831695556641,-5.095654487609863,-4.366537094116211
3BE1,H,100,,F,-3.775264263153076,-4.345114231109619,-1.9566409587860107,-2.2384848594665527,-2.393378496170044,-4.772585391998291,-2.9357757568359375,-3.6665542125701904,-3.3268940448760986,-3.2179229259490967,-3.938585042953491,-2.284480094909668,-5.405472755432129,-3.077449321746826,-2.883699417114258,-2.6179630756378174,-3.120631694793701,-3.199409008026123,-4.548464775085449,-2.7253708839416504,-3.8218209743499756,-4.494050025939941,-1.8446030616760254,-2.5254464149475098,-2.1266028881073,-4.807600975036621,-2.911695957183838,-4.343647003173828,-3.2563281059265137,-3.1996254920959473,-3.871199607849121,-2.0585694313049316,-5.427408218383789,-3.0862748622894287,-3.033902883529663,-2.641359806060791,-3.4328508377075195,-3.828169345855713,-4.622715473175049,-2.6181256771087646
3BE1,L,28,,S,-4.223097324371338,-5.1531829833984375,-0.41689804196357727,-4.2069993019104,-5.374986171722412,-4.944238185882568,-5.304539203643799,-5.372188091278076,-4.99413537979126,-5.3486552238464355,-5.453812122344971,-1.635154366493225,-5.6117472648620605,-4.957103252410889,-5.267773151397705,-3.4029314517974854,-4.629644870758057,-5.220180511474609,-5.39299201965332,-5.370357513427734,-4.119990825653076,-5.251965522766113,-0.4623238742351532,-4.015153408050537,-5.230935573577881,-4.7080078125,-5.1567888259887695,-5.331193923950195,-5.015124320983887,-5.16301965713501,-5.240380764007568,-1.659276008605957,-5.454069137573242,-4.747589588165283,-5.174935340881348,-2.956712484359741,-4.449037075042725,-5.140120983123779,-5.369716644287109,-5.307571887969971
3BE1,L,29,,I,-3.7661895751953125,-5.424454689025879,-3.786607027053833,-3.6332855224609375,-2.1407387256622314,-4.0854620933532715,-2.5860302448272705,-3.6454925537109375,-3.627366781234741,-3.11242938041687,-3.9715161323547363,-4.388888835906982,-2.360161781311035,-4.278305530548096,-3.423628807067871,-3.500481605529785,-2.9485387802124023,-3.390261650085449,-3.3436784744262695,-1.228499412536621,-3.6439661979675293,-5.5294508934021,-3.8591926097869873,-3.7790520191192627,-2.174887180328369,-3.9522509574890137,-2.7968432903289795,-3.59592342376709,-3.6097497940063477,-2.8945817947387695,-3.889469623565674,-4.396966934204102,-2.1367411613464355,-4.230626583099365,-3.40954852104187,-3.423520565032959,-2.9969868659973145,-3.2827978134155273,-3.485492706298828,-1.2975600957870483
3BE1,L,30,,S,-2.1828835010528564,-5.880847454071045,-4.263402938842773,-4.028375625610352,-5.134031295776367,-5.113804817199707,-4.344576358795166,-5.722573757171631,-4.912450313568115,-5.411398410797119,-5.504998207092285,-4.901425838470459,-5.551197528839111,-4.635498523712158,-4.907387733459473,-0.30278074741363525,-4.177852153778076,-5.499423027038574,-4.306756496429443,-4.767340183258057,-1.868114948272705,-5.800870418548584,-4.448660373687744,-4.198949337005615,-5.136785984039307,-5.000521183013916,-4.413703918457031,-5.656710147857666,-4.971279621124268,-5.394903659820557,-5.460193634033203,-5.003651142120361,-5.535113334655762,-4.794777870178223,-5.141237258911133,-0.3381408154964447,-4.499207019805908,-5.473515033721924,-4.496631145477295,-4.882894039154053
3BE1,L,31,,G,-3.367962598800659,-4.961065769195557,-2.5666840076446533,-3.3049275875091553,-4.19368314743042,-3.128669023513794,-2.7855327129364014,-5.168571472167969,-1.6913096904754639,-3.2535898685455322,-3.801482915878296,-2.3048160076141357,-3.372842311859131,-2.8016040325164795,-2.1045939922332764,-2.422297239303589,-3.9868037700653076,-4.950697898864746,-4.370765686035156,-3.5111324787139893,-3.142430067062378,-5.357098579406738,-2.322470188140869,-3.28098464012146,-4.831573963165283,-2.3406782150268555,-3.3772847652435303,-4.973961353302002,-2.1417484283447266,-3.6510374546051025,-4.2990803718566895,-2.136533260345459,-3.242220163345337,-3.060434579849243,-2.8370537757873535,-1.8093268871307373,-2.747201681137085,-4.853948593139648,-5.09994649887085,-4.62261962890625
3BE1,L,32,,Y,-3.515608787536621,-5.339206218719482,-3.6781399250030518,-4.588917255401611,-1.2139947414398193,-5.2032341957092285,-2.3357491493225098,-5.692454814910889,-4.713699817657471,-5.333096027374268,-5.301848888397217,-2.628831624984741,-5.6402058601379395,-4.614412784576416,-4.786661624908447,-2.5609147548675537,-3.8461339473724365,-4.8486104011535645,-2.523390531539917,-1.4781839847564697,-3.6989550590515137,-5.08393669128418,-3.038588047027588,-3.1855993270874023,-2.9014248847961426,-4.410554885864258,-2.023562431335449,-5.265689849853516,-2.3978893756866455,-3.938114881515503,-4.3117218017578125,-2.220543146133423,-5.674074172973633,-2.2604994773864746,-2.832338333129883,-2.134052276611328,-3.1230080127716064,-4.550664901733398,-4.125295639038086,-2.4384765625
3BE1,L,50,,W,-4.527538299560547,-5.230647563934326,-2.4015350341796875,-3.0923380851745605,-2.6951730251312256,-4.774423122406006,-2.8936657905578613,-5.175075054168701,-4.0298309326171875,-3.8195960521698,-4.777368545532227,-1.727247953414917,-5.806373596191406,-3.95843505859375,-3.4806222915649414,-4.039771556854248,-4.966742038726807,-5.402834415435791,-4.419612407684326,-0.9391465187072754,-3.5123291015625,-5.165648937225342,-2.5917415618896484,-3.0301012992858887,-3.3499999046325684,-3.6425728797912598,-2.7386584281921387,-5.309258460998535,-2.4023280143737793,-4.334930896759033,-4.796051025390625,-1.1706247329711914,-5.77589225769043,-3.0220553874969482,-2.5490875244140625,-2.80525541305542,-4.414053916931152,-5.249781608581543,-4.761137962341309,-2.6312460899353027
3BE1,L,51,,G,-5.32976770401001,-4.59280252456665,-5.492216110229492,-5.66413688659668,-5.43934965133667,-0.11122678220272064,-5.624363899230957,-5.667527675628662,-5.6748270988464355,-5.152355194091797,-5.276983261108398,-4.590161323547363,-5.813908576965332,-5.581147193908691,-5.502154350280762,-4.354578018188477,-4.447907447814941,-5.483136177062988,-5.707345962524414,-5.530617713928223,-5.390721321105957,-4.732518672943115,-5.515764236450195,-5.636272430419922,-5.459717273712158,-0.10324972867965698,-5.631189823150635,-5.616425514221191,-5.639911651611328,-5.224431991577148,-5.339846611022949,-4.782093048095703,-5.73833703994751,-5.587075710296631,-5.51805305480957,-4.5027756690979,-4.622967720031738,-5.445993900299072,-5.677691459655762,-5.5361714363098145
3BE1,L,52,,S,-3.9932658672332764,-5.021054744720459,-2.355766773223877,-3.7426750659942627,-4.458858013153076,-3.433746576309204,-3.362658739089966,-5.082767963409424,-4.077932357788086,-4.916642189025879,-5.148284912109375,-2.341980457305908,-4.974435806274414,-3.9733805656433105,-4.123847007751465,-0.7687441110610962,-2.2915730476379395,-4.7042236328125,-4.255533695220947,-4.153902053833008,-3.8760275840759277,-5.308497428894043,-2.9609460830688477,-4.005964756011963,-4.717761993408203,-3.6416103839874268,-3.7853007316589355,-5.0866241455078125,-4.157252788543701,-4.9600324630737305,-5.186474800109863,-2.6765244007110596,-5.0387654304504395,-4.084995746612549,-4.354409694671631,-0.6134796142578125,-1.9830727577209473,-4.666287899017334,-4.659910202026367,-4.697331428527832
3BE1,L,53,,Y,-4.089702129364014,-5.0999298095703125,-3.7970430850982666,-2.4049620628356934,-4.149821758270264,-5.088397979736328,-3.4412460327148438,-2.054215431213379,-2.1284987926483154,-2.67138409614563,-3.703075408935547,-3.7236227989196777,-5.473616123199463,-2.1265270709991455,-2.3778975009918213,-3.494556427001953,-2.41507887840271,-2.452660083770752,-4.968050479888916,-4.110625743865967,-3.8643205165863037,-5.226410388946533,-3.822537660598755,-2.058528184890747,-4.7749457359313965,-4.967228889465332,-3.713456630706787,-2.5586767196655273,-2.0557496547698975,-3.2687177658081055,-4.347066879272461,-3.515009880065918,-5.560169219970703,-2.2737843990325928,-2.809476375579834,-3.2123613357543945,-1.8056389093399048,-2.18603253364563,-5.229743957519531,-4.728838920593262
3BE1,L,91,,H,-4.410090446472168,-4.983281135559082,-4.722239971160889,-5.12816047668457,-2.2950971126556396,-4.882205486297607,-2.3201069831848145,-5.1749677658081055,-4.8084564208984375,-5.463462829589844,-4.427974700927734,-3.4692137241363525,-5.812880992889404,-4.502288818359375,-4.304698467254639,-2.5374433994293213,-3.350698709487915,-4.304685115814209,-3.975231885910034,-0.645395040512085,-4.528597354888916,-5.236771583557129,-4.222283840179443,-4.770905017852783,-2.7939343452453613,-5.135392665863037,-2.9534294605255127,-5.34805154800415,-5.014570236206055,-5.521742820739746,-4.89781379699707,-3.1886892318725586,-5.7570929527282715,-4.656495571136475,-4.3339056968688965,-2.8243088722229004,-3.5764763355255127,-4.588744163513184,-3.548276901245117,-0.4693664014339447
3BE1,L,92,,Y,-1.5083237886428833,-4.765423774719238,-3.5526673793792725,-4.306224822998047,-2.7791666984558105,-4.210021018981934,-3.797825813293457,-4.759465217590332,-4.801891326904297,-5.076781272888184,-4.69573974609375,-4.232126712799072,-5.698536396026611,-4.747974395751953,-4.074887275695801,-1.5556254386901855,-4.3205156326293945,-4.11128044128418,-3.5955772399902344,-1.2558425664901733,-1.7365339994430542,-4.95928955078125,-3.926804542541504,-4.429373741149902,-3.7353997230529785,-3.7786264419555664,-3.7866945266723633,-5.003487586975098,-4.345414638519287,-5.026741981506348,-5.1682891845703125,-4.27245569229126,-5.77372932434082,-4.588677883148193,-4.200314998626709,-0.6942517757415771,-3.7644948959350586,-4.52651309967041,-4.084433555603027,-2.3924057483673096
3BE1,L,93,,T,-3.0796451568603516,-4.253762722015381,-2.9138526916503906,-2.662412405014038,-3.44686222076416,-4.1809306144714355,-2.8797264099121094,-3.7101552486419678,-2.6114888191223145,-3.888749599456787,-3.6428024768829346,-3.4018073081970215,-5.437504291534424,-3.1037449836730957,-2.7501273155212402,-2.1978635787963867,-1.5482261180877686,-2.849144458770752,-4.736131191253662,-3.4691262245178223,-3.1044750213623047,-4.485939025878906,-2.962923049926758,-2.4371767044067383,-3.704404592514038,-3.9895880222320557,-3.2370193004608154,-3.471238374710083,-2.497097969055176,-3.669799566268921,-3.604898452758789,-3.489849090576172,-5.5207200050354,-2.5184199810028076,-2.872323513031006,-2.1869728565216064,-1.6865943670272827,-2.871868371963501,-4.786992073059082,-3.8015761375427246
3BE1,L,94,,T,-3.237079620361328,-5.151747703552246,-3.6949362754821777,-2.830460548400879,-3.4378674030303955,-5.066683769226074,-4.375184059143066,-3.2344837188720703,-3.0885560512542725,-2.2487659454345703,-3.7403507232666016,-3.33747935295105,-5.4235429763793945,-3.171321153640747,-2.732914924621582,-1.8803083896636963,-1.7532808780670166,-2.881028175354004,-3.031895875930786,-3.5443506240844727,-3.8278913497924805,-5.001247406005859,-3.02180814743042,-1.8049744367599487,-3.779902219772339,-4.925250053405762,-3.884695529937744,-3.88944149017334,-3.029186964035034,-3.248757839202881,-3.9393935203552246,-3.3078417778015137,-5.457886695861816,-2.611793041229248,-2.734994411468506,-1.8957011699676514,-1.8260658979415894,-3.3850488662719727,-3.346371650695801,-3.8590636253356934
3BN9,A,38,,Q,-4.034221649169922,-4.959319591522217,-4.242446422576904,-2.052109718322754,-4.239411354064941,-4.823441028594971,-3.7072670459747314,-5.134520530700684,-1.4675076007843018,-2.173013925552368,-2.818368434906006,-4.410301208496094,-5.668276786804199,-1.7950942516326904,-1.9092622995376587,-4.198419570922852,-4.806508541107178,-5.293456554412842,-5.2902936935424805,-4.393798828125,-3.837045907974243,-4.821529388427734,-4.208818435668945,-2.12142014503479,-4.130832195281982,-4.601490497589111,-3.6564910411834717,-5.037697792053223,-1.5805160999298096,-2.0712335109710693,-2.782498359680176,-4.312005043029785,-5.619346618652344,-1.870653510093689,-1.8294224739074707,-4.060764312744141,-4.6933441162109375,-5.148757457733154,-5.170714378356934,-4.267232894897461
3BN9,A,41,,I,-4.50792932510376,-5.122361183166504,-4.464062690734863,-4.572752952575684,-1.6518690586090088,-4.957480430603027,-3.152233123779297,-3.43794584274292,-4.198653697967529,-2.8125617504119873,-4.150610446929932,-4.7321014404296875,-5.642848491668701,-4.403287410736084,-3.6226038932800293,-4.351858615875244,-3.7565996646881104,-2.9801816940307617,-2.739978551864624,-0.9318124055862427,-4.339405536651611,-5.0050883293151855,-4.530432224273682,-4.650437355041504,-1.5530445575714111,-4.826364040374756,-3.1484029293060303,-3.2882888317108154,-4.085555553436279,-2.6149303913116455,-3.9322969913482666,-4.760525703430176,-5.610518455505371,-4.418091773986816,-3.636535882949829,-4.370162010192871,-3.728760004043579,-2.866264820098877,-2.8274831771850586,-1.058109998703003
3BN9,A,60,,I,-4.5063676834106445,-4.445111274719238,-4.918893337249756,-2.8656129837036133,-5.217118740081787,-5.3154988288879395,-5.268040180206299,-1.738783359527588,-3.718569040298462,-1.2474544048309326,-3.570988893508911,-4.3247504234313965,-5.595133304595947,-2.7788383960723877,-3.3038370609283447,-4.507397651672363,-2.9131734371185303,-1.6567933559417725,-5.39244270324707,-5.1713361740112305,-4.198890686035156,-4.8648529052734375,-5.1288228034973145,-2.6900722980499268,-5.0630621910095215,-5.4290876388549805,-4.7112226486206055,-2.2716739177703857,-2.537388324737549,-1.7528964281082153,-3.803621768951416,-4.234983444213867,-5.691527366638184,-1.6278983354568481,-2.576306104660034,-4.5732421875,-2.9420387744903564,-1.9680571556091309,-5.366817951202393,-4.795771598815918
3BN9,A,87,,R,-1.7741048336029053,-5.1494879722595215,-1.6235017776489258,-1.8166345357894897,-5.585241317749023,-3.0613133907318115,-4.141025066375732,-5.3378214836120605,-1.845052719116211,-5.118013858795166,-5.389551639556885,-3.1494758129119873,-5.727719306945801,-3.0573952198028564,-2.748296022415161,-3.0026726722717285,-5.237295627593994,-5.478560924530029,-5.629384994506836,-5.295938968658447,-1.7535468339920044,-5.140754222869873,-1.6494903564453125,-1.8199341297149658,-5.566771507263184,-3.0521774291992188,-4.126282691955566,-5.352522373199463,-1.8541550636291504,-5.068299770355225,-5.359452724456787,-3.1577751636505127,-5.735710144042969,-3.034026622772217,-2.7425224781036377,-2.9830801486968994,-5.220399379730225,-5.475024223327637,-5.614346504211426,-5.276671886444092
3BN9,A,94,,F,-5.323531150817871,-5.404267311096191,-5.725014686584473,-5.558173656463623,-0.4819076657295227,-5.47017765045166,-3.642678737640381,-5.242869853973389,-5.565180778503418,-5.610611915588379,-5.466972827911377,-4.934399604797363,-5.492563247680664,-5.528866767883301,-5.587708950042725,-5.633009910583496,-5.490017890930176,-5.2477521896362305,-4.57540225982666,-1.2865527868270874,-5.03717041015625,-5.382936954498291,-5.6772050857543945,-5.488760471343994,-0.5321746468544006,-5.464465141296387,-3.520449161529541,-5.341141700744629,-5.591862678527832,-5.622687339782715,-5.439405918121338,-4.82584810256958,-5.466779708862305,-5.505188941955566,-5.585434913635254,-5.540046215057373,-5.321131706237793,-5.2241387367248535,-4.361576080322266,-1.2149803638458252
3BN9,A,95,,N,-5.609759330749512,-5.374410152435303,-0.9899193048477173,-5.924252033233643,-5.5440754890441895,-5.287683010101318,-5.357728958129883,-5.580959796905518,-5.633646011352539,-5.682657241821289,-5.743436813354492,-0.6071926951408386,-5.423365116119385,-5.673028945922852,-5.655859470367432,-4.079217910766602,-5.417845249176025,-5.568748474121094,-5.3470778465271,-5.616891860961914,-5.682413578033447,-5.469443321228027,-0.9477642774581909,-5.905166149139404,-5.601658344268799,-5.565232276916504,-5.410135746002197,-5.687215328216553,-5.740545749664307,-5.729133605957031,-5.734994411468506,-0.6236183047294617,-5.529799938201904,-5.753909111022949,-5.8663458824157715,-4.261462688446045,-5.383514404296875,-5.4785308837890625,-5.4058613777160645,-5.614634990692139
3BN9,A,96,,D,-5.177122116088867,-5.160037040710449,-0.2846655547618866,-4.881038188934326,-5.316143989562988,-5.268667221069336,-5.33423376083374,-5.20887565612793,-5.650412082672119,-5.406167507171631,-5.59391450881958,-2.37803316116333,-2.935169219970703,-5.441438674926758,-5.5007100105285645,-3.9623303413391113,-4.801311492919922,-5.156909465789795,-5.502635478973389,-5.233354091644287,-2.70462965965271,-5.310911655426025,-2.395784616470337,-3.116570234298706,-3.899965524673462,-4.122434139251709,-3.743626117706299,-3.910752773284912,-3.84952974319458,-4.606683254241943,-5.294532775878906,-1.9238440990447998,-1.1637402772903442,-3.723422050476074,-4.25645637512207,-2.1707046031951904,-3.9459314346313477,-4.139249801635742,-4.990789890289307,-3.7518959045410156
3BN9,A,97,,F,-4.0727410316467285,-5.385058403015137,-3.583648920059204,-3.843033790588379,-2.349910259246826,-3.8554160594940186,-4.07294225692749,-5.510858535766602,-4.756551742553711,-0.7464253306388855,-3.441530704498291,-4.428866386413574,-5.719521999359131,-4.227518558502197,-4.171290874481201,-4.615108966827393,-5.1280670166015625,-5.089818000793457,-3.3692517280578613,-1.7414441108703613,-2.8617513179779053,-5.331401824951172,-2.717787265777588,-2.208777666091919,-5.188077926635742,-3.8573760986328125,-4.805390357971191,-3.671112060546875,-2.773634195327759,-4.270531177520752,-5.223871231079102,-2.675624132156372,-5.678744792938232,-2.8026788234710693,-3.799889326095581,-2.4277842044830322,-1.3213685750961304,-2.324267625808716,-5.316830635070801,-4.971075534820557
3BN9,A,98,,T,-5.443528175354004,-5.702118873596191,-4.602195739746094,-5.516942501068115,-5.284487247467041,-5.235518455505371,-5.336558818817139,-5.222507953643799,-5.134045600891113,-5.206790447235107,-5.5163798332214355,-4.561312198638916,-5.422049522399902,-5.4603729248046875,-5.044909954071045,-2.2121362686157227,-0.23387324810028076,-5.502209663391113,-5.300027847290039,-4.999924182891846,-5.789554595947266,-5.757965087890625,-4.72662878036499,-5.908913612365723,-5.6586594581604,-5.4630889892578125,-5.545633316040039,-5.38236141204834,-5.427847862243652,-5.597413539886475,-5.705014228820801,-4.332125663757324,-5.513960838317871,-5.70314884185791,-5.49790620803833,-2.4336280822753906,-0.18556292355060577,-5.575959205627441,-5.615566730499268,-5.479881286621094
3BN9,A,143,,H,-3.2897262573242188,-5.095025539398193,-3.318690538406372,-2.935330867767334,-4.310141563415527,-5.444819450378418,-3.5395939350128174,-4.50083589553833,-1.0403709411621094,-3.2645936012268066,-3.689497470855713,-2.645174741744995,-5.569252967834473,-2.5941216945648193,-2.124326467514038,-4.370603561401367,-3.4524965286254883,-3.2569425106048584,-4.691723823547363,-3.4457268714904785,-3.210822582244873,-4.966879844665527,-3.7842581272125244,-2.538578987121582,-3.9561424255371094,-5.205733299255371,-3.7031543254852295,-4.0263671875,-1.4885261058807373,-2.7646353244781494,-3.189307689666748,-2.5775418281555176,-5.4483537673950195,-2.7960753440856934,-1.973958134651184,-4.063882350921631,-3.2873806953430176,-2.793128490447998,-4.075507164001465,-3.1934328079223633
3BN9,A,145,,Q,-1.4012776613235474,-5.262672424316406,-4.276913166046143,-2.1773343086242676,-5.436692237854004,-4.7276506423950195,-3.7440237998962402,-5.376010894775391,-2.9106197357177734,-5.409176826477051,-5.448398590087891,-4.52292013168335,-5.703050136566162,-3.7075963020324707,-2.680767774581909,-1.0006370544433594,-3.7443814277648926,-4.9278244972229,-5.537783622741699,-4.977943420410156,-1.4065980911254883,-5.216010093688965,-4.346008777618408,-2.2581794261932373,-5.250888824462891,-4.579113483428955,-3.6317341327667236,-5.316797256469727,-2.6349563598632812,-5.305924415588379,-5.2007246017456055,-4.226347923278809,-5.758917808532715,-3.4659926891326904,-2.7635128498077393,-1.066096305847168,-3.7309958934783936,-4.844393730163574,-5.402544975280762,-4.580878257751465
3BN9,A,146,,Y,-3.739013195037842,-5.68924617767334,-3.0548932552337646,-1.7139689922332764,-2.5579140186309814,-4.65578556060791,-3.5252811908721924,-4.342294692993164,-5.217158317565918,-2.385544538497925,-4.122079372406006,-3.9511630535125732,-4.381492614746094,-3.1784279346466064,-4.479002475738525,-4.490037441253662,-5.094242572784424,-4.951549053192139,-3.7445340156555176,-0.9951660633087158,-3.093012571334839,-5.574010372161865,-2.1817386150360107,-1.3509279489517212,-2.914275646209717,-3.9933719635009766,-3.429940938949585,-4.25536584854126,-3.859990119934082,-3.2163689136505127,-3.8597235679626465,-3.7382187843322754,-3.8442189693450928,-2.3036787509918213,-3.4974920749664307,-3.606387138366699,-4.756068229675293,-4.305177211761475,-3.175187349319458,-2.19734787940979
3BN9,A,150,,T,-3.261384963989258,-5.500291347503662,-3.6331233978271484,-2.5543456077575684,-5.118062496185303,-4.7336745262146,-4.7682342529296875,-4.1446685791015625,-2.74444317817688,-4.681831359863281,-5.270411014556885,-3.248492956161499,-5.745523929595947,-3.1995797157287598,-4.101499557495117,-1.9629342555999756,-0.8487170934677124,-2.8629708290100098,-5.4242472648620605,-5.064725399017334,-3.2030129432678223,-5.45811128616333,-3.718567371368408,-2.7452375888824463,-4.953221797943115,-4.709781169891357,-4.601093769073486,-3.877115249633789,-2.700889825820923,-4.393044948577881,-5.106647968292236,-3.2422828674316406,-5.694473743438721,-3.216492176055908,-3.944464921951294,-2.0500080585479736,-0.8821338415145874,-2.5641651153564453,-5.307550430297852,-4.860452651977539
3BN9,A,153,,L,-2.867668390274048,-5.008240699768066,-2.12086820602417,-2.9121553897857666,-5.109966278076172,-5.010295867919922,-3.394958257675171,-4.447930812835693,-2.1627743244171143,-4.36126184463501,-4.867211818695068,-2.0710809230804443,-4.556809902191162,-3.023928165435791,-2.3434388637542725,-2.190729856491089,-1.9463520050048828,-3.9518566131591797,-5.200579643249512,-4.794600009918213,-2.8495213985443115,-4.988109111785889,-2.141395092010498,-2.8976778984069824,-5.079829216003418,-4.992522716522217,-3.3293099403381348,-4.4089789390563965,-2.146742820739746,-4.286261081695557,-4.817198276519775,-2.1060080528259277,-4.540717124938965,-3.0035879611968994,-2.2897374629974365,-2.204874038696289,-2.0010414123535156,-3.9077658653259277,-5.18780517578125,-4.762546539306641
3BN9,A,169,,E,-1.5057563781738281,-5.128333568572998,-4.173877716064453,-2.498605966567993,-5.416347026824951,-4.192030906677246,-4.816957473754883,-5.106382369995117,-1.3964464664459229,-4.602994918823242,-4.598687171936035,-3.3738319873809814,-5.62074089050293,-2.577632427215576,-2.049649238586426,-2.67972993850708,-3.0452733039855957,-5.151890754699707,-5.52418851852417,-5.337857246398926,-1.3080021142959595,-5.166174411773682,-4.206082820892334,-2.3520147800445557,-5.420555114746094,-4.1759843826293945,-5.038305282592773,-5.062015533447266,-1.4874520301818848,-4.750139236450195,-4.797666549682617,-3.5931997299194336,-5.61513090133667,-2.641366720199585,-2.09804105758667,-2.969259023666382,-3.035775661468506,-5.152465343475342,-5.5591912269592285,-5.455141067504883
3BN9,A,174,,Q,-3.5302882194519043,-5.004396438598633,-3.223436117172241,-3.9164962768554688,-2.788677215576172,-2.649245500564575,-3.0799288749694824,-5.555079460144043,-5.118309020996094,-5.447288513183594,-5.336146354675293,-0.5802211165428162,-5.523751735687256,-4.793268203735352,-5.007227897644043,-2.9567601680755615,-4.828718185424805,-5.470363616943359,-4.414288520812988,-2.9549028873443604,-4.855742454528809,-5.5462236404418945,-3.0478527545928955,-4.418288230895996,-5.355655670166016,-0.3139200210571289,-4.514822483062744,-5.506924152374268,-4.729558944702148,-5.354620456695557,-5.521058082580566,-2.2165164947509766,-5.651033401489258,-4.9097580909729,-5.089939117431641,-4.243463516235352,-5.109818458557129,-5.519743919372559,-5.444982051849365,-5.085951328277588
3BN9,A,175,,Q,-4.254930019378662,-4.609171390533447,-4.724322319030762,-2.352104902267456,-5.431882381439209,-4.889048099517822,-5.24868106842041,-3.9979629516601562,-2.795092821121216,-2.057818651199341,-2.3863699436187744,-4.1179118156433105,-5.531585693359375,-2.027350664138794,-1.7644957304000854,-3.2673451900482178,-1.8235468864440918,-3.6969687938690186,-5.579645156860352,-5.482754707336426,-4.118575572967529,-5.1672797203063965,-4.623355865478516,-2.7227225303649902,-5.144057273864746,-4.89061164855957,-4.076282501220703,-4.297818183898926,-1.28376305103302,-3.6515581607818604,-3.666806697845459,-4.019684791564941,-5.675829887390137,-1.9651399850845337,-1.697595238685608,-3.4064390659332275,-2.0962893962860107,-3.994926929473877,-5.204928398132324,-5.206526756286621
3BN9,A,217,,D,-3.817842483520508,-5.171794414520264,-2.403397798538208,-1.6404519081115723,-3.1691999435424805,-4.9728779792785645,-3.609135866165161,-2.5397894382476807,-2.8086488246917725,-2.3140931129455566,-3.7073259353637695,-2.95468807220459,-5.038856029510498,-2.6423258781433105,-2.4719276428222656,-3.497474431991577,-3.8816003799438477,-3.30499267578125,-4.3766303062438965,-3.349788188934326,-3.388387441635132,-5.1521687507629395,-1.9581921100616455,-2.0647192001342773,-3.658592939376831,-4.532636642456055,-3.7187283039093018,-2.31988525390625,-2.747936487197876,-2.875340700149536,-4.166135787963867,-2.481916904449463,-4.8246307373046875,-2.6924703121185303,-3.002037763595581,-2.8388123512268066,-3.3004305362701416,-2.6871917247772217,-4.534929275512695,-4.2496113777160645
3BN9,A,222,,R,-1.7634873390197754,-5.304690361022949,-4.9068603515625,-2.8017995357513428,-5.3260393142700195,-4.9803290367126465,-5.330536842346191,-4.254025459289551,-1.7604520320892334,-4.591956615447998,-5.140167236328125,-4.517220973968506,-1.0814332962036133,-3.421483039855957,-3.320835590362549,-3.7585415840148926,-3.475435256958008,-2.906954050064087,-5.507147789001465,-5.304681301116943,-1.7437303066253662,-5.3488287925720215,-4.910517692565918,-2.854731559753418,-5.332414627075195,-5.017611503601074,-5.327419281005859,-4.263640403747559,-1.8703885078430176,-4.538812637329102,-5.165623664855957,-4.639176845550537,-1.0098216533660889,-3.509824514389038,-3.2558181285858154,-3.83914852142334,-3.536421537399292,-2.944413185119629,-5.506557464599609,-5.323309421539307
3BN9,A,224,,K,-3.448380947113037,-4.794839859008789,-4.432974815368652,-3.1982929706573486,-4.391655445098877,-5.402944564819336,-2.6184277534484863,-5.695522308349609,-1.5313777923583984,-2.5448219776153564,-3.685582160949707,-3.084338665008545,-5.581303596496582,-1.7551857233047485,-1.835510015487671,-2.6005446910858154,-4.539449214935303,-5.488119602203369,-5.158525466918945,-4.044572353363037,-3.396012544631958,-4.906111240386963,-4.634593963623047,-3.2355549335479736,-4.852008819580078,-5.513521671295166,-2.2309749126434326,-5.752573490142822,-1.3459303379058838,-3.3568832874298096,-4.29788875579834,-3.2740819454193115,-5.665213584899902,-1.6641149520874023,-1.8501834869384766,-2.7819087505340576,-4.583876609802246,-5.608236789703369,-5.519671440124512,-4.494529724121094
3BN9,H,28,,T,-3.455817222595215,-4.908380508422852,-1.2819675207138062,-1.4983896017074585,-5.133232593536377,-4.164628028869629,-4.6212615966796875,-3.2839536666870117,-4.039161682128906,-4.4644622802734375,-5.035263538360596,-2.562997341156006,-3.0827789306640625,-3.382211923599243,-4.228996753692627,-3.4089395999908447,-3.112137794494629,-2.3565514087677,-5.180872440338135,-5.067692756652832,-3.733292579650879,-5.356131553649902,-0.9892654418945312,-2.360703945159912,-4.839311122894287,-4.708142280578613,-4.086600303649902,-4.331939697265625,-3.174072265625,-4.136518478393555,-4.846794128417969,-1.9938156604766846,-2.79552960395813,-3.3213634490966797,-3.569836139678955,-3.3664772510528564,-2.9414820671081543,-3.5526137351989746,-5.034541606903076,-4.750465393066406
3BN9,H,30,,S,-4.940584182739258,-5.523543357849121,-5.128296375274658,-4.941666126251221,-5.625535488128662,-4.872681140899658,-5.887498378753662,-5.763490676879883,-5.8003106117248535,-5.666907787322998,-5.698904514312744,-5.8315534591674805,-5.296144962310791,-5.525778293609619,-5.551686763763428,-0.09549839794635773,-4.311463832855225,-5.60283088684082,-5.66740083694458,-5.656125545501709,-1.492678165435791,-5.0227861404418945,-3.99983549118042,-2.975489377975464,-5.008649826049805,-2.5667037963867188,-4.024587154388428,-5.157839298248291,-2.7861740589141846,-5.089806079864502,-5.220231533050537,-4.134730339050293,-4.31112003326416,-3.493720054626465,-3.4538073539733887,-0.9482111930847168,-4.056951999664307,-4.9584527015686035,-4.892566680908203,-4.792867183685303
3BN9,H,98,,T,-1.979475498199463,-5.256215572357178,-2.8110480308532715,-1.8274954557418823,-4.787425994873047,-4.3871636390686035,-3.930021047592163,-4.739297866821289,-2.8164126873016357,-3.598984479904175,-4.46382474899292,-3.809312105178833,-1.3257129192352295,-3.559771776199341,-2.5677437782287598,-3.0577986240386963,-3.772923231124878,-4.442404747009277,-5.334082126617432,-4.786766529083252,-2.0848002433776855,-5.30916166305542,-2.989173173904419,-1.9563933610916138,-4.745296955108643,-4.407093048095703,-3.9930331707000732,-4.466045379638672,-2.9545698165893555,-3.521489381790161,-4.573071002960205,-4.06935453414917,-1.0986077785491943,-3.587064743041992,-3.1227924823760986,-2.8420701026916504,-3.661907911300659,-4.122660160064697,-5.2805705070495605,-4.732131481170654
3BN9,H,99,,Y,-4.4012370109558105,-5.131845951080322,-3.309685230255127,-4.221323490142822,-1.766333818435669,-5.496739864349365,-1.6685967445373535,-5.325490474700928,-5.361568927764893,-5.465986728668213,-5.420729160308838,-3.156944513320923,-5.715094566345215,-5.1940741539001465,-5.079192161560059,-4.012080192565918,-3.1004250049591064,-4.685846328735352,-3.619096040725708,-0.9363396763801575,-3.18719482421875,-5.047874927520752,-1.7166913747787476,-2.9508306980133057,-3.742161512374878,-4.917039394378662,-2.8345742225646973,-5.032884120941162,-2.8553154468536377,-4.390070915222168,-4.672526836395264,-1.220054268836975,-5.423798084259033,-3.446038246154785,-2.9864702224731445,-2.860382318496704,-2.81772518157959,-4.5110297203063965,-4.980462551116943,-3.5772504806518555
3BN9,H,100,,P,-3.937621831893921,-5.57249116897583,-4.478822231292725,-4.080094814300537,-5.360738754272461,-4.9715471267700195,-5.246035099029541,-5.333822250366211,-4.728024959564209,-5.303500175476074,-5.456472873687744,-5.290192127227783,-0.15309952199459076,-5.147897243499756,-4.957049369812012,-4.357576370239258,-5.207561016082764,-5.415820598602295,-5.310758113861084,-5.289833068847656,-4.3230204582214355,-5.525056838989258,-4.855254650115967,-4.372000694274902,-5.382735252380371,-5.223710060119629,-5.294793128967285,-5.256796836853027,-4.894790172576904,-5.217153072357178,-5.454880714416504,-5.474854946136475,-0.1266556680202484,-5.352639675140381,-5.063547134399414,-4.726190090179443,-5.2891130447387695,-5.34023380279541,-5.2644572257995605,-5.342136383056641
3HFM,H,31,,S,-3.1610147953033447,-4.665524482727051,-2.910825729370117,-3.9379007816314697,-4.855996131896973,-0.43512243032455444,-4.200287818908691,-5.288066864013672,-3.7971882820129395,-4.558929920196533,-5.297088623046875,-2.7184576988220215,-5.678729057312012,-4.299032211303711,-4.1952667236328125,-3.3603763580322266,-4.935596942901611,-5.186519622802734,-5.3932647705078125,-4.485568046569824,-3.5580620765686035,-5.435060977935791,-2.400181531906128,-3.3427743911743164,-4.937657833099365,-0.6516823768615723,-4.120481491088867,-5.2331719398498535,-4.055077075958252,-4.710638523101807,-5.171473979949951,-2.5091254711151123,-5.3800368309021,-4.005932807922363,-4.210782527923584,-2.367846727371216,-3.6007096767425537,-4.985693454742432,-5.1583428382873535,-5.017574787139893
3HFM,H,32,,D,-3.960040807723999,-4.967228889465332,-4.335733413696289,-3.1596333980560303,-3.473533868789673,-5.092612266540527,-3.5361552238464355,-2.299837350845337,-2.33335542678833,-2.140613317489624,-3.1527018547058105,-4.011351108551025,-5.074430465698242,-2.5913612842559814,-1.9453099966049194,-3.8282108306884766,-2.7045862674713135,-2.419602870941162,-4.497045516967773,-2.754615306854248,-3.42682147026062,-5.497075080871582,-3.8709282875061035,-2.552875280380249,-4.389047622680664,-4.956130027770996,-3.6436264514923096,-2.4379324913024902,-2.2019619941711426,-2.4772651195526123,-3.291557550430298,-4.109619140625,-4.2427287101745605,-2.646064519882202,-2.220574140548706,-3.4242894649505615,-2.0804004669189453,-2.272153615951538,-4.662288665771484,-3.923950672149658
3HFM,H,33,,Y,-3.369008779525757,-5.027334690093994,-3.513789653778076,-3.183044672012329,-5.1767401695251465,-4.569004535675049,-4.6832098960876465,-3.295982837677002,-3.7982053756713867,-4.438201427459717,-3.6566720008850098,-4.130296230316162,-1.6948689222335815,-2.8962481021881104,-3.1774840354919434,-2.7105376720428467,-1.007021188735962,-3.6209194660186768,-5.546250820159912,-5.059873580932617,-3.8892557621002197,-5.850702285766602,-3.602175712585449,-2.808148145675659,-5.318469047546387,-5.214432239532471,-4.882785797119141,-3.966078519821167,-3.690730094909668,-4.852750778198242,-4.934596538543701,-4.1979498863220215,-2.882308006286621,-3.420863628387451,-3.7540030479431152,-2.896737813949585,-0.5374890565872192,-3.338437795639038,-5.393816947937012,-5.172145843505859
3HFM,H,50,,Y,-3.0120601654052734,-4.475410461425781,-2.9244143962860107,-2.3163626194000244,-3.193567991256714,-4.2121148109436035,-3.9759488105773926,-4.68876314163208,-3.039454936981201,-3.6992735862731934,-3.770275592803955,-3.5273571014404297,-5.631017208099365,-2.3776519298553467,-2.6437270641326904,-1.451209545135498,-2.936936616897583,-4.499645709991455,-3.550657272338867,-2.4807114601135254,-3.0420610904693604,-4.71642541885376,-3.1196610927581787,-2.1416594982147217,-3.460752010345459,-4.332543849945068,-3.922395706176758,-4.705985069274902,-3.4691507816314697,-3.651125431060791,-4.176061630249023,-3.4415087699890137,-5.550446510314941,-2.434924840927124,-2.8810207843780518,-1.2580678462982178,-2.7560501098632812,-4.549183368682861,-3.243190050125122,-2.831885576248169
3HFM,H,95,,C,-5.625457286834717,-0.07303006947040558,-5.584139347076416,-5.550976276397705,-5.499294757843018,-5.661487102508545,-5.545264720916748,-5.63287353515625,-5.5319743156433105,-5.611860275268555,-5.590023040771484,-5.601450443267822,-5.742721080780029,-5.524801731109619,-5.704677581787109,-5.532454490661621,-5.6017022132873535,-5.552889347076416,-5.658955097198486,-5.6388115882873535,-5.6416144371032715,-0.07293575257062912,-5.577134132385254,-5.5501389503479,-5.503335952758789,-5.669675350189209,-5.544092178344727,-5.640892028808594,-5.531236171722412,-5.614736557006836,-5.588011264801025,-5.602169036865234,-5.7399749755859375,-5.516199588775635,-5.699455261230469,-5.533825397491455,-5.608696937561035,-5.562745094299316,-5.654521465301514,-5.637366771697998
3HFM,L,31,,N,-3.192824125289917,-5.014875411987305,-3.7623891830444336,-3.874504327774048,-4.366839408874512,-1.2413302659988403,-3.6504218578338623,-5.264575004577637,-2.225430488586426,-3.6408491134643555,-4.150701522827148,-2.347174882888794,-5.46669864654541,-3.310401678085327,-2.3462655544281006,-2.1207430362701416,-3.2058491706848145,-4.808836460113525,-4.7218146324157715,-4.144510269165039,-3.5024149417877197,-5.416869640350342,-3.078808546066284,-3.805908203125,-4.86678409576416,-0.6158477663993835,-4.2581634521484375,-5.301448345184326,-3.7676315307617188,-4.55763578414917,-5.074256420135498,-2.529808759689331,-5.430131912231445,-4.014904975891113,-3.88134503364563,-2.176469087600708,-3.4452590942382812,-5.002458572387695,-4.9431867599487305,-4.779168128967285
3HFM,L,32,,N,-4.388253211975098,-5.401144027709961,-3.626025438308716,-4.2989182472229,-5.510794162750244,-4.227865695953369,-3.9865431785583496,-5.276858329772949,-4.276602745056152,-2.8597798347473145,-4.51470947265625,-0.4998927116394043,-5.958435535430908,-2.755836009979248,-3.131032705307007,-2.9942665100097656,-3.2886807918548584,-4.822595596313477,-6.032893657684326,-5.468958377838135,-3.0596518516540527,-5.2036452293396,-2.5330567359924316,-2.3026156425476074,-3.7931888103485107,-3.305238723754883,-2.787435293197632,-5.056429386138916,-1.8186078071594238,-3.3757550716400146,-4.276998043060303,-2.807018518447876,-5.158117771148682,-2.377547025680542,-2.6162586212158203,-2.419307231903076,-3.0435874462127686,-4.551422595977783,-4.453632831573486,-3.2221028804779053
3HFM,L,50,,Y,-3.5063202381134033,-4.645473957061768,-2.1543996334075928,-2.6198370456695557,-3.4836878776550293,-3.2495691776275635,-2.6532630920410156,-5.0780205726623535,-3.382194757461548,-4.2199177742004395,-4.01801872253418,-2.312835454940796,-4.809081554412842,-2.3864269256591797,-1.9866125583648682,-2.306103229522705,-3.0094237327575684,-4.49481201171875,-3.687467336654663,-3.286688804626465,-3.4890875816345215,-4.987186908721924,-3.010165214538574,-2.8498032093048096,-4.072693347930908,-3.305612325668335,-2.4725284576416016,-4.736142158508301,-2.3643100261688232,-3.83894419670105,-4.4833269119262695,-2.1774511337280273,-4.7117486000061035,-2.550475597381592,-2.267652750015259,-1.9004390239715576,-2.676727771759033,-4.342405319213867,-4.056917190551758,-3.529754161834717
3HFM,L,53,,Q,-4.034700393676758,-5.221954345703125,-2.926610231399536,-2.0407180786132812,-4.230194091796875,-5.0993757247924805,-3.2200350761413574,-2.4445576667785645,-2.6239781379699707,-2.904635429382324,-3.906252861022949,-3.581519842147827,-5.41474723815918,-2.5434393882751465,-2.2291274070739746,-3.1207823753356934,-2.3123672008514404,-2.3424172401428223,-3.787296772003174,-4.004734516143799,-3.6474955081939697,-5.4067254066467285,-3.545565128326416,-1.92055344581604,-4.643557071685791,-4.862091064453125,-3.7497825622558594,-2.7200284004211426,-2.2489309310913086,-3.232114553451538,-4.1217169761657715,-3.6087899208068848,-5.384056568145752,-2.137773036956787,-2.91133189201355,-3.0104880332946777,-1.848223090171814,-2.3147711753845215,-4.986802577972412,-4.632708549499512
3HFM,L,96,,Y,-4.154181480407715,-5.353106498718262,-3.983760356903076,-3.766254186630249,-2.5185091495513916,-5.101129055023193,-2.881165027618408,-4.421107292175293,-3.852978229522705,-4.380053520202637,-4.668817520141602,-3.5837182998657227,-2.0708024501800537,-4.297133445739746,-3.2561066150665283,-3.773250102996826,-3.941006660461426,-4.137935638427734,-1.352915644645691,-1.5274897813796997,-3.9552955627441406,-5.311456203460693,-4.397266864776611,-3.9983363151550293,-2.6595795154571533,-5.1563615798950195,-2.7622151374816895,-4.141885757446289,-3.6291840076446533,-4.306760787963867,-4.645094394683838,-3.6368408203125,-2.046682834625244,-4.1882524490356445,-3.1443467140197754,-3.705947160720825,-3.8614020347595215,-3.8404877185821533,-1.2666237354278564,-1.724843978881836
3HFM,Y,20,,Y,-4.58571195602417,-5.097528457641602,-5.338858604431152,-5.403013229370117,-1.0748076438903809,-5.62686824798584,-4.016190052032471,-5.699571132659912,-5.498557090759277,-3.6543080806732178,-4.9800124168396,-5.46711540222168,-5.667777061462402,-5.430391311645508,-5.282462120056152,-5.362239837646484,-5.5630693435668945,-5.379081726074219,-3.0405519008636475,-0.7070009112358093,-4.390773296356201,-5.0868754386901855,-5.219663619995117,-5.162603855133057,-1.2080374956130981,-5.57764196395874,-2.7085142135620117,-5.500546932220459,-5.167696952819824,-3.2388501167297363,-5.055424690246582,-5.516199111938477,-5.617827892303467,-5.451275825500488,-4.913511276245117,-5.293582916259766,-5.526664733886719,-5.317210674285889,-3.214596748352051,-0.7500190734863281
3HFM,Y,21,,R,-3.1065268516540527,-4.516972541809082,-3.39971661567688,-3.93379282951355,-4.139110565185547,-3.452255964279175,-3.3567731380462646,-4.421508312225342,-2.6869595050811768,-1.7806768417358398,-3.4942893981933594,-1.909727931022644,-5.468281269073486,-2.1761300563812256,-1.702906847000122,-3.539795398712158,-4.530057907104492,-4.4576497077941895,-4.531847953796387,-3.922518253326416,-3.0834128856658936,-4.4707746505737305,-2.5362138748168945,-3.368238925933838,-3.9871249198913574,-3.1223549842834473,-2.977691173553467,-4.320126533508301,-2.196267604827881,-2.7607316970825195,-3.96809720993042,-1.3262100219726562,-5.353350639343262,-2.763746738433838,-2.541593074798584,-3.222400188446045,-4.50276517868042,-4.352397918701172,-4.969222068786621,-3.6425974369049072
3HFM,Y,96,,K,-4.721523761749268,-4.924691677093506,-4.913278579711914,-3.8702688217163086,-5.6487956047058105,-5.613399028778076,-3.2933719158172607,-4.571089744567871,-0.46948468685150146,-3.7911081314086914,-3.8064751625061035,-4.6526031494140625,-5.88649320602417,-2.9648938179016113,-1.9817360639572144,-4.87832498550415,-4.808342456817627,-5.367684841156006,-5.535105228424072,-5.344459056854248,-5.535195827484131,-5.766376495361328,-5.750993728637695,-5.319555282592773,-6.111766338348389,-5.925936698913574,-3.6089441776275635,-5.584340572357178,-0.15932121872901917,-5.223327159881592,-5.216166019439697,-5.728310585021973,-5.762141704559326,-4.4249958992004395,-2.943596601486206,-5.785218238830566,-5.7470855712890625,-5.968049049377441,-5.888147830963135,-5.828165531158447
3HFM,Y,97,,K,-3.5373356342315674,-4.961200714111328,-3.3004298210144043,-2.34246563911438,-4.811001777648926,-4.056079387664795,-3.773345470428467,-3.15696382522583,-2.324042797088623,-1.7500948905944824,-3.2546932697296143,-3.417734384536743,-5.58633279800415,-2.7464218139648438,-1.9679076671600342,-3.495859384536743,-2.253758668899536,-3.350893020629883,-5.256903171539307,-4.290277481079102,-3.5692074298858643,-4.962736129760742,-3.8990261554718018,-2.9084832668304443,-4.630509376525879,-4.1633100509643555,-4.009917736053467,-2.4745967388153076,-1.3466637134552002,-2.2345478534698486,-3.3787119388580322,-3.675272226333618,-5.595773220062256,-2.746215343475342,-2.2937023639678955,-3.600152015686035,-2.5308103561401367,-3.1718060970306396,-5.295283794403076,-4.330850601196289
3K2M,D,35,,Y,-4.426916599273682,-4.752377033233643,-5.054884910583496,-2.757286787033081,-5.493992805480957,-5.598932266235352,-4.797570705413818,-2.967862606048584,-2.2545838356018066,-2.003350019454956,-4.557531833648682,-5.24882698059082,-5.775099277496338,-2.899660348892212,-2.990867853164673,-5.147572040557861,-4.128987789154053,-0.8035153150558472,-5.532842636108398,-5.392868518829346,-4.358682632446289,-5.020720481872559,-4.303457736968994,-2.5120630264282227,-5.406732559204102,-5.369763374328613,-4.842059135437012,-2.8238039016723633,-1.4909391403198242,-2.513272523880005,-4.577470302581787,-4.715052604675293,-5.746686935424805,-2.485811471939087,-2.7492787837982178,-4.380749225616455,-2.7239348888397217,-1.4048359394073486,-5.523423671722412,-5.081644535064697
3K2M,D,36,,Y,-5.448886394500732,-5.475752353668213,-5.775054931640625,-5.705615520477295,-0.9508171081542969,-5.569948196411133,-4.168770790100098,-5.235259532928467,-5.710809230804443,-5.653711795806885,-5.430243015289307,-5.319337368011475,-5.513505935668945,-5.562337398529053,-5.620086669921875,-5.4828972816467285,-5.619236946105957,-5.371399402618408,-4.426270961761475,-0.6499571800231934,-4.599837303161621,-4.278426170349121,-4.571474552154541,-2.8349688053131104,-2.2707529067993164,-4.966833591461182,-2.3847544193267822,-4.983424186706543,-2.019641876220703,-4.330751895904541,-4.462795734405518,-4.187954425811768,-5.7839274406433105,-3.8541078567504883,-2.1233067512512207,-3.246490478515625,-4.619946479797363,-5.0264668464660645,-4.000965595245361,-1.1784316301345825
3K2M,D,38,,R,-4.94662618637085,-4.919114112854004,-4.01278829574585,-1.1445255279541016,-5.382495403289795,-5.088179111480713,-3.914116144180298,-2.5113627910614014,-3.745001792907715,-2.507207155227661,-3.708326816558838,-4.1934075355529785,-5.679930210113525,-2.2574503421783447,-1.8520426750183105,-4.8355560302734375,-3.5199837684631348,-2.624373197555542,-4.64926290512085,-4.833268642425537,-4.9269328117370605,-5.034367561340332,-4.411460876464844,-2.4325520992279053,-5.046748638153076,-5.292688369750977,-4.54381799697876,-1.1854515075683594,-2.5690972805023193,-3.0106799602508545,-4.622776985168457,-4.1314239501953125,-5.530097007751465,-3.391932487487793,-2.4775190353393555,-4.687238693237305,-2.761573553085327,-1.619937777519226,-5.1457390785217285,-4.6947102546691895
3K2M,D,52,,E,-3.5833816528320312,-4.595247745513916,-4.431038856506348,-1.1722240447998047,-4.488802909851074,-3.72529935836792,-4.111093521118164,-4.738490581512451,-4.505078315734863,-4.405123233795166,-4.443066596984863,-4.215051651000977,-5.521979808807373,-2.156264066696167,-3.896824836730957,-1.1910563707351685,-3.1289970874786377,-4.52908182144165,-4.489579677581787,-3.8863472938537598,-3.444002151489258,-4.440124988555908,-4.636411190032959,-2.288778066635132,-4.111687660217285,-4.458133220672607,-3.417879581451416,-5.119933128356934,-3.328922748565674,-5.007482528686523,-4.646280288696289,-3.8837382793426514,-5.544052600860596,-2.91658616065979,-3.5628483295440674,-0.7055723667144775,-2.53568172454834,-4.667211055755615,-4.027318000793457,-3.9563536643981934
3K2M,D,80,,W,-3.3473589420318604,-3.654595375061035,-5.388022422790527,-4.571800708770752,-5.328923225402832,-5.089939117431641,-5.384024143218994,-2.460494041442871,-4.455065727233887,-2.829174041748047,-2.9994685649871826,-4.749959945678711,-5.675398349761963,-3.6510229110717773,-2.9453325271606445,-4.686470031738281,-1.8382370471954346,-0.8331530690193176,-5.488768100738525,-5.339284420013428,-4.535129547119141,-3.5767009258270264,-5.142618179321289,-2.5587708950042725,-4.036110877990723,-5.345552921295166,-4.538651466369629,-1.778383493423462,-3.1258673667907715,-3.2283434867858887,-3.8361291885375977,-4.629921913146973,-5.615743160247803,-3.327569007873535,-2.8469343185424805,-4.778360366821289,-2.3071489334106445,-1.1560465097427368,-4.1120500564575195,-3.705944061279297
3K2M,D,87,,Y,-5.208837032318115,-5.110215663909912,-5.307593822479248,-4.012486934661865,-0.896917998790741,-5.494308948516846,-4.3792643547058105,-3.7073588371276855,-4.186662673950195,-4.187746524810791,-4.348718166351318,-4.723794460296631,-5.756477355957031,-5.001537799835205,-4.582624435424805,-5.075613498687744,-4.624927520751953,-3.506809711456299,-5.259018421173096,-0.9342027902603149,-3.767731189727783,-5.0274739265441895,-3.1433725357055664,-1.9641867876052856,-4.22463321685791,-4.711338996887207,-3.37666392326355,-4.162431716918945,-1.782137393951416,-3.5637259483337402,-4.42097282409668,-1.5932636260986328,-5.454070568084717,-2.135157823562622,-2.491323947906494,-3.8632636070251465,-3.6591172218322754,-3.6385884284973145,-5.063065052032471,-4.074015140533447
3K2M,D,88,,M,-3.8312220573425293,-2.7649707794189453,-4.9300031661987305,-4.126389503479004,-5.1661787033081055,-3.811863422393799,-5.062519550323486,-4.7538933753967285,-4.920693874359131,-0.7611646056175232,-1.4991556406021118,-4.308981895446777,-5.4744873046875,-3.7766528129577637,-4.38420295715332,-4.4070258140563965,-2.7748920917510986,-4.5285468101501465,-5.3541975021362305,-4.78050422668457,-3.326533079147339,-5.381286144256592,-2.8476948738098145,-1.0793184041976929,-3.860095500946045,-5.037532806396484,-3.8858509063720703,-4.876984596252441,-2.966892719268799,-2.065553665161133,-4.189272880554199,-3.84151029586792,-2.3161203861236572,-3.4181699752807617,-3.1286203861236572,-3.3279051780700684,-3.2835564613342285,-4.618142604827881,-5.2603840827941895,-3.5933187007904053
3NGB,H,30,,I,-3.117493152618408,-3.9975063800811768,-2.750413417816162,-2.8781840801239014,-5.1094818115234375,-4.037497520446777,-4.768483638763428,-4.596477508544922,-2.8845887184143066,-2.2960286140441895,-3.5686981678009033,-2.598586320877075,-5.742336273193359,-3.2979772090911865,-2.7449934482574463,-2.4966957569122314,-1.2301366329193115,-3.7689740657806396,-5.472884654998779,-4.64949893951416,-3.1903610229492188,-4.271241664886475,-2.723400115966797,-2.4906187057495117,-4.990475654602051,-4.154216766357422,-4.735234260559082,-4.752005577087402,-3.1079001426696777,-2.5810253620147705,-3.5909550189971924,-2.8031983375549316,-5.638136863708496,-3.272839069366455,-3.5301342010498047,-2.0211985111236572,-1.164489507675171,-3.8915371894836426,-5.421054840087891,-4.86646842956543
3NGB,H,33,,T,-3.3470327854156494,-5.24327278137207,-4.071714878082275,-3.938072443008423,-3.7681567668914795,-5.067705154418945,-4.3706278800964355,-2.8480703830718994,-2.7338573932647705,-2.521841287612915,-3.6407933235168457,-3.361717700958252,-1.6964938640594482,-3.541414976119995,-2.9164912700653076,-3.159210681915283,-2.0013186931610107,-2.487064838409424,-2.8789470195770264,-3.3982293605804443,-3.8827812671661377,-5.709836006164551,-3.6699371337890625,-2.7584102153778076,-4.253623008728027,-5.230361461639404,-4.379391193389893,-2.9803552627563477,-2.4911749362945557,-3.0205698013305664,-4.060549259185791,-3.6561999320983887,-2.9959473609924316,-3.450042724609375,-2.53519344329834,-3.425138473510742,-1.7429744005203247,-2.0482678413391113,-2.243488073348999,-3.64486026763916
3NGB,H,52,,K,-3.9262914657592773,-4.892484664916992,-1.6627106666564941,-3.3178842067718506,-3.553462028503418,-5.279084205627441,-2.783245086669922,-4.184523105621338,-2.523717164993286,-3.3884823322296143,-3.870352268218994,-2.1171669960021973,-5.632293701171875,-2.6439807415008545,-2.2086544036865234,-3.0401926040649414,-4.047866344451904,-4.383440017700195,-2.8419346809387207,-2.8066577911376953,-4.047379493713379,-5.448210716247559,-1.4074666500091553,-3.194730281829834,-3.5398950576782227,-4.98911190032959,-2.6365933418273926,-4.149457931518555,-3.0088889598846436,-3.021623373031616,-4.047144889831543,-1.8191609382629395,-5.385791778564453,-2.6621756553649902,-3.2224485874176025,-2.724886894226074,-3.7592549324035645,-4.310245513916016,-3.615060806274414,-3.033547878265381
3NGB,H,53,,R,-2.9388465881347656,-5.199185371398926,-4.989866256713867,-3.8239526748657227,-4.149406433105469,-4.150831699371338,-4.392789363861084,-3.3314208984375,-1.7496305704116821,-1.3776203393936157,-4.063201904296875,-4.619076728820801,-5.551297664642334,-3.3579788208007812,-1.4647138118743896,-3.3328466415405273,-3.7279298305511475,-3.7049925327301025,-4.941110610961914,-3.969337224960327,-2.005453586578369,-5.467467784881592,-4.389493942260742,-2.8954615592956543,-4.429839134216309,-3.538172960281372,-4.1415910720825195,-4.3714494705200195,-1.6622024774551392,-2.863290786743164,-4.334183216094971,-4.021266937255859,-5.286656379699707,-2.5499815940856934,-2.2268664836883545,-1.842618703842163,-3.012718677520752,-3.7914998531341553,-4.53206729888916,-4.250762939453125
3NGB,H,54,,G,-2.7092952728271484,-4.4048752784729,-3.100040912628174,-3.456895112991333,-2.5449650287628174,-2.24330472946167,-4.079447269439697,-4.889949321746826,-3.5488319396972656,-2.261979579925537,-2.606461524963379,-2.455456256866455,-5.014585018157959,-3.2970824241638184,-2.008420705795288,-2.9349002838134766,-3.196829319000244,-3.636216163635254,-4.374814987182617,-3.433345317840576,-3.2054150104522705,-5.201137542724609,-2.035073757171631,-3.0369231700897217,-4.032197952270508,-2.679450511932373,-3.311744213104248,-4.784219741821289,-3.0211055278778076,-3.6998744010925293,-4.2981038093566895,-1.5550388097763062,-5.172858238220215,-2.972461223602295,-3.147782325744629,-1.9210076332092285,-2.8122639656066895,-4.428744792938232,-4.583108425140381,-4.050008773803711
3NGB,H,56,,A,-2.0754847526550293,-4.9630937576293945,-3.4429988861083984,-2.834010362625122,-4.441128730773926,-3.570524215698242,-3.949425220489502,-4.713558197021484,-2.943011522293091,-3.744499683380127,-4.182930946350098,-3.224695920944214,-5.727588653564453,-3.1686179637908936,-1.3158358335494995,-1.9434428215026855,-2.688915252685547,-3.678159713745117,-4.30779504776001,-4.285567283630371,-2.7104814052581787,-5.41307258605957,-3.04679799079895,-2.4115118980407715,-4.181643486022949,-3.894770860671997,-3.3528239727020264,-4.120173931121826,-2.329995632171631,-3.6627840995788574,-4.329629421234131,-3.112348794937134,-5.292422294616699,-2.7223904132843018,-2.813946485519409,-1.6207530498504639,-1.9138073921203613,-4.102936267852783,-4.410005569458008,-3.9265809059143066
3NGB,H,57,,V,-4.658764839172363,-2.828803062438965,-5.007443428039551,-4.820480823516846,-5.511493682861328,-5.3870463371276855,-5.5029754638671875,-3.136122703552246,-3.633944034576416,-4.525564670562744,-4.794057846069336,-2.3728556632995605,-5.317135810852051,-3.7853143215179443,-1.9213767051696777,-3.2282111644744873,-1.4489612579345703,-1.338088870048523,-5.240817546844482,-5.164788722991943,-3.839956760406494,-4.8872857093811035,-5.172005653381348,-4.14617919921875,-4.232874870300293,-5.658629894256592,-3.0406503677368164,-4.554308891296387,-3.0049891471862793,-5.217752933502197,-4.939810752868652,-3.9898133277893066,-5.647298336029053,-3.5477585792541504,-3.051168918609619,-2.1558074951171875,-0.741115152835846,-2.351072072982788,-5.104873180389404,-3.9539527893066406
3NGB,H,61,,R,-3.0643978118896484,-4.597382068634033,-2.464923858642578,-2.036588191986084,-4.013957500457764,-3.6244313716888428,-3.577059507369995,-3.432375431060791,-2.9362776279449463,-2.6407723426818848,-4.08689546585083,-3.4679183959960938,-5.769091606140137,-3.1082816123962402,-2.936471939086914,-2.4166159629821777,-1.6975109577178955,-3.188753128051758,-5.0262627601623535,-3.526280641555786,-2.510054349899292,-5.331326961517334,-2.630270481109619,-2.1352951526641846,-4.978456020355225,-4.011691570281982,-4.472766876220703,-4.712991237640381,-2.6109201908111572,-4.26340913772583,-5.083724021911621,-3.831390380859375,-1.1528754234313965,-3.4685873985290527,-3.5654022693634033,-2.224287271499634,-2.9513511657714844,-4.252353668212891,-5.183950424194336,-4.9052958488464355
3NGB,H,62,,P,-2.646322250366211,-5.2292866706848145,-2.1934075355529785,-1.9841340780258179,-4.863466262817383,-4.127061367034912,-4.145205974578857,-4.527454853057861,-2.1749889850616455,-3.8641035556793213,-4.715857028961182,-2.9922022819519043,-2.788975715637207,-2.7956783771514893,-2.3993372917175293,-2.2647223472595215,-2.5134506225585938,-4.161505222320557,-5.184149265289307,-4.500673294067383,-2.4837698936462402,-5.3096842765808105,-2.1314008235931396,-1.6255780458450317,-4.811871528625488,-4.194221019744873,-4.273091793060303,-4.424376010894775,-2.183264970779419,-3.6884474754333496,-4.632491111755371,-3.394145965576172,-3.6941041946411133,-2.6445164680480957,-2.6297755241394043,-2.332738161087036,-2.6666812896728516,-4.01640510559082,-5.3323073387146,-4.747436046600342
3NGB,H,73,,V,-2.2850794792175293,-5.498909950256348,-4.6543097496032715,-3.088223457336426,-5.06269645690918,-4.5029144287109375,-5.233632564544678,-3.2734692096710205,-3.231830596923828,-2.2340855598449707,-4.8125715255737305,-4.692087173461914,-1.2017252445220947,-3.384538173675537,-2.875943422317505,-2.7989025115966797,-3.2569873332977295,-2.2035560607910156,-5.34381103515625,-4.704334259033203,-2.1502726078033447,-5.5110931396484375,-5.149818420410156,-3.826840877532959,-4.956632614135742,-4.3853654861450195,-5.042112827301025,-3.4309966564178467,-2.4767704010009766,-2.070584535598755,-4.521127700805664,-4.658316135406494,-1.48481285572052,-2.9366488456726074,-2.696265697479248,-2.5479249954223633,-3.322155475616455,-2.4297778606414795,-5.286264896392822,-4.750039100646973
3NGB,H,74,,Y,-2.7914040088653564,-5.082540512084961,-2.2432775497436523,-1.408339023590088,-2.970954179763794,-3.979999542236328,-3.5536062717437744,-3.7472751140594482,-4.047266006469727,-3.9206273555755615,-4.617236137390137,-2.595978021621704,-3.465019941329956,-3.0983171463012695,-4.240025043487549,-2.5013680458068848,-2.60994815826416,-3.2103843688964844,-3.7680859565734863,-3.5700840950012207,-2.1863291263580322,-5.32839822769165,-2.345400094985962,-1.735215425491333,-4.7051310539245605,-3.5272862911224365,-4.161860942840576,-4.4440412521362305,-2.8057100772857666,-3.7537505626678467,-4.543907165527344,-2.8912837505340576,-3.577345371246338,-2.6523048877716064,-3.511831283569336,-1.8113927841186523,-2.674410104751587,-3.983269691467285,-5.067674160003662,-4.67964506149292
HM_1KTZ,B,27,,L,-4.46245813369751,-5.3562235832214355,-5.437376499176025,-4.850718021392822,-5.2345290184021,-5.49920654296875,-5.247501373291016,-2.6388421058654785,-2.911609649658203,-0.35171404480934143,-4.243772506713867,-5.024475574493408,-5.720821857452393,-4.253470420837402,-3.6193108558654785,-5.041960716247559,-3.986050844192505,-3.5879721641540527,-5.640913963317871,-5.096017360687256,-5.063141345977783,-5.330243110656738,-5.4251251220703125,-3.862461805343628,-4.63309907913208,-5.528916358947754,-4.462588787078857,-3.903046131134033,-0.9140006303787231,-1.9108189344406128,-3.3817386627197266,-4.626019477844238,-5.814990997314453,-2.5208075046539307,-1.953488826751709,-4.5312066078186035,-2.9792280197143555,-3.8879787921905518,-5.176566123962402,-4.38560152053833
HM_1KTZ,B,30,,F,-1.9387506246566772,-3.260565757751465,-3.129267930984497,-4.2957682609558105,-5.0382843017578125,-3.9351391792297363,-4.038517475128174,-5.5120649337768555,-5.248889923095703,-5.526134967803955,-4.435524940490723,-0.535203218460083,-5.724213123321533,-3.9357481002807617,-5.032292366027832,-3.2352383136749268,-4.71263313293457,-4.96602725982666,-5.095481872558594,-4.179716110229492,-2.124539375305176,-4.269123554229736,-1.388473629951477,-4.874526500701904,-5.192983150482178,-4.193962097167969,-4.371898174285889,-5.931168556213379,-5.081446647644043,-5.773465156555176,-5.52051305770874,-0.742887556552887,-5.870933532714844,-4.982570648193359,-5.508574962615967,-3.007176637649536,-5.4167866706848145,-5.714082717895508,-5.2931742668151855,-4.766364097595215
HM_1KTZ,B,32,,D,-4.511510372161865,-5.492706298828125,-3.7084360122680664,-4.470677852630615,-5.257707118988037,-0.2031092643737793,-4.982107162475586,-5.450361251831055,-4.622231483459473,-4.372045040130615,-5.145376205444336,-3.8815813064575195,-5.612990379333496,-4.47452449798584,-4.47216796875,-4.017547130584717,-4.926067352294922,-5.418224334716797,-5.255944728851318,-5.095705986022949,-4.412036418914795,-5.509268283843994,-3.7813124656677246,-4.562681198120117,-5.191665172576904,-0.18370592594146729,-4.87924861907959,-5.474981784820557,-4.641628742218018,-5.022997856140137,-5.447739124298096,-3.9973580837249756,-5.62298583984375,-4.845202445983887,-4.7493672370910645,-3.993954658508301,-4.986332893371582,-5.423176288604736,-5.152743339538574,-5.025299072265625
HM_1KTZ,B,47,,N,-3.6504263877868652,-5.213258266448975,-2.530755043029785,-2.6465299129486084,-5.179617881774902,-2.325256824493408,-3.5172781944274902,-5.236642360687256,-2.26312255859375,-4.090819358825684,-4.936347007751465,-0.9523470997810364,-5.620316982269287,-2.773153305053711,-3.100270986557007,-3.692918539047241,-4.529804229736328,-4.947875499725342,-5.474375247955322,-4.849890232086182,-3.6475343704223633,-5.17468786239624,-2.485440731048584,-2.5916924476623535,-5.039455890655518,-2.4246649742126465,-3.374675750732422,-5.197617053985596,-2.305840015411377,-3.9000048637390137,-4.810425281524658,-0.9980541467666626,-5.565759181976318,-2.7089085578918457,-2.96380615234375,-3.68570613861084,-4.534961223602295,-4.8915324211120605,-5.375454425811768,-4.7444610595703125
HM_1KTZ,B,49,,S,-2.9443740844726562,-5.256549835205078,-2.3745555877685547,-2.7936697006225586,-4.999835968017578,-3.3109326362609863,-4.411485195159912,-4.230523109436035,-2.8119077682495117,-4.241189002990723,-5.001633644104004,-2.861057758331299,-1.2770532369613647,-3.555678606033325,-3.5508744716644287,-2.08050537109375,-2.4004616737365723,-4.2027387619018555,-5.1583428382873535,-4.931949138641357,-2.823408842086792,-5.237298965454102,-2.535090446472168,-3.0380680561065674,-5.020410537719727,-3.328187942504883,-4.498431205749512,-4.422501564025879,-2.915194511413574,-4.136814117431641,-5.021027565002441,-2.7366065979003906,-1.4202736616134644,-3.6480581760406494,-3.757369041442871,-1.8900946378707886,-2.0327072143554688,-4.19257926940918,-5.168544769287109,-4.950146675109863
HM_1KTZ,B,50,,I,-4.729134559631348,-4.985132694244385,-4.325839996337891,-4.445219993591309,-3.5881168842315674,-5.405333518981934,-2.9415316581726074,-2.1864395141601562,-2.013704299926758,-3.1985604763031006,-4.394942760467529,-1.8210961818695068,-5.59879732131958,-3.8726396560668945,-1.5277094841003418,-4.49062967300415,-3.171992778778076,-2.6411821842193604,-4.6498212814331055,-3.2672059535980225,-3.9187209606170654,-5.453317642211914,-3.127204656600952,-3.150218963623047,-4.380338191986084,-5.338820457458496,-3.6023736000061035,-2.960249185562134,-2.9472413063049316,-3.9067223072052,-4.946033477783203,-0.7692285776138306,-5.643499851226807,-3.4665040969848633,-3.2507481575012207,-3.8153789043426514,-2.4861702919006348,-3.000767469406128,-5.088393211364746,-4.198204040527344
HM_1KTZ,B,51,,T,-2.3341224193573,-4.605788707733154,-4.215393543243408,-4.680427551269531,-3.1028988361358643,-4.91216516494751,-3.879763126373291,-2.3249826431274414,-3.0648341178894043,-3.0899085998535156,-4.467738628387451,-1.9704208374023438,-4.9794769287109375,-4.315751075744629,-2.5076723098754883,-2.905667781829834,-2.4994451999664307,-1.8609827756881714,-4.056393623352051,-3.1247448921203613,-3.0259103775024414,-4.8129496574401855,-3.9499993324279785,-3.5589215755462646,-3.600675344467163,-4.950997829437256,-4.515489101409912,-1.5182400941848755,-2.9416894912719727,-1.8643810749053955,-4.304307460784912,-3.9199368953704834,-5.212565898895264,-4.085941314697266,-3.4789185523986816,-3.3920044898986816,-3.2291908264160156,-1.4918861389160156,-4.234903812408447,-3.7154464721679688
HM_1KTZ,B,52,,S,-0.7402386665344238,-5.013750076293945,-5.344430923461914,-5.403502464294434,-5.313036918640137,-4.013720512390137,-5.402406215667725,-5.47813081741333,-5.5422773361206055,-5.238674640655518,-5.437015533447266,-5.304255962371826,-5.352447986602783,-5.567759990692139,-5.1971235275268555,-0.8730285167694092,-4.567564964294434,-5.304386615753174,-5.354145050048828,-5.298155307769775,-1.28096604347229,-4.728837490081787,-3.2768771648406982,-2.5363218784332275,-4.951205730438232,-4.309081554412842,-4.636663436889648,-4.640024662017822,-2.0637924671173096,-3.8991129398345947,-4.168756484985352,-3.9240949153900146,-5.562877655029297,-3.2774746417999268,-2.8960447311401367,-2.032602310180664,-2.615943193435669,-2.785053253173828,-5.2716474533081055,-5.050816535949707
HM_1KTZ,B,53,,I,-4.327127456665039,-5.560604095458984,-4.802404403686523,-3.2933924198150635,-4.984618186950684,-5.441841125488281,-5.126699447631836,-1.278083086013794,-2.8948817253112793,-3.032177448272705,-4.5301313400268555,-4.100317001342773,-5.473994255065918,-3.863487958908081,-3.129287004470825,-4.269510269165039,-1.3805503845214844,-1.8166078329086304,-5.310478210449219,-4.690279006958008,-3.22070574760437,-5.791186332702637,-3.2319846153259277,-2.2556204795837402,-5.045938014984131,-5.346045017242432,-5.015351295471191,-2.7372539043426514,-3.4125921726226807,-3.493928909301758,-5.333804130554199,-3.5814690589904785,-4.981311321258545,-3.484929323196411,-3.969823122024536,-3.579561471939087,-0.9795401692390442,-1.8251787424087524,-5.312658786773682,-4.796187877655029
HM_1KTZ,B,55,,E,-1.6490561962127686,-5.24580192565918,-3.4814252853393555,-2.2025649547576904,-5.135425090789795,-4.1251420974731445,-4.959156513214111,-4.861169815063477,-2.8001604080200195,-4.617492198944092,-5.079852104187012,-4.366775035858154,-1.0020341873168945,-3.591712474822998,-3.830765724182129,-2.5293285846710205,-4.134132385253906,-4.703115940093994,-5.197891712188721,-4.813497066497803,-2.065807580947876,-5.289855480194092,-3.060966968536377,-2.4663779735565186,-5.112667560577393,-3.795694589614868,-4.9043073654174805,-4.51100492477417,-2.6372034549713135,-3.9838035106658936,-5.039012432098389,-3.4601690769195557,-1.21774160861969,-3.334275960922241,-3.5338287353515625,-2.2250478267669678,-2.754234552383423,-4.1817169189453125,-5.110647201538086,-4.855898380279541
HM_1KTZ,B,62,,V,-3.7315053939819336,-4.84556770324707,-5.533320426940918,-5.30038595199585,-3.7714462280273438,-5.525836944580078,-5.041525363922119,-2.541541337966919,-4.955414772033691,-2.8444221019744873,-4.243223667144775,-5.471650123596191,-5.605263710021973,-5.098630905151367,-4.523651599884033,-4.95596981048584,-3.5224382877349854,-0.39992979168891907,-4.822913646697998,-3.588602066040039,-3.73435640335083,-4.859220504760742,-5.526398181915283,-5.275061130523682,-3.7252581119537354,-5.532516002655029,-5.027191638946533,-2.543984889984131,-4.936601161956787,-2.836528778076172,-4.242226600646973,-5.47932767868042,-5.6027750968933105,-5.070394515991211,-4.456477642059326,-4.978237628936768,-3.574084997177124,-0.40537309646606445,-4.781460762023926,-3.502600908279419
HM_1KTZ,B,75,,E,-4.709611892700195,-4.763160228729248,-2.7270255088806152,-1.7452200651168823,-2.5701744556427,-4.952041149139404,-3.251051902770996,-4.451593399047852,-3.01753306388855,-2.4548239707946777,-3.762946605682373,-3.434087038040161,-5.702563285827637,-3.661972761154175,-3.2050297260284424,-4.209781646728516,-3.054680585861206,-5.104307651519775,-3.351613759994507,-1.4043947458267212,-4.678704738616943,-4.698869705200195,-2.675809860229492,-1.7356680631637573,-2.624154806137085,-4.914111137390137,-3.2221124172210693,-4.395142078399658,-2.974191427230835,-2.517704963684082,-3.745561361312866,-3.391818046569824,-5.698339462280273,-3.6603593826293945,-3.175894260406494,-4.170109272003174,-3.0097882747650146,-5.078123092651367,-3.291687488555908,-1.4421921968460083
HM_1KTZ,B,77,,V,-2.4682729244232178,-2.8236305713653564,-2.2828567028045654,-2.8228375911712646,-4.211590766906738,-2.767066478729248,-4.436810493469238,-3.9043900966644287,-3.771223783493042,-3.4361348152160645,-3.820354461669922,-3.497382640838623,-5.533880710601807,-3.570922374725342,-2.6341776847839355,-2.379563331604004,-1.4717459678649902,-3.471458911895752,-4.589635848999023,-4.587090969085693,-2.441580057144165,-2.7767956256866455,-2.598132848739624,-2.9101662635803223,-4.428225040435791,-2.8505845069885254,-4.278414249420166,-4.102827548980713,-3.259556531906128,-3.727595090866089,-3.94040584564209,-3.601036548614502,-5.608645439147949,-3.2948715686798096,-2.2304141521453857,-2.1907236576080322,-1.5692805051803589,-3.608038902282715,-4.734739780426025,-4.780903339385986
HM_1KTZ,B,79,,H,-4.078392028808594,-5.211684703826904,-5.938050270080566,-5.485873699188232,-5.381908893585205,-5.594707012176514,-0.1987106204032898,-5.1123809814453125,-4.2049641609191895,-5.417043685913086,-5.459178924560547,-5.809778690338135,-5.616694927215576,-4.1078572273254395,-4.858415603637695,-4.825666427612305,-5.416996479034424,-4.752804756164551,-2.8785061836242676,-5.310690879821777,-4.04785680770874,-5.175645351409912,-5.932419776916504,-5.49106502532959,-5.362873554229736,-5.569455146789551,-0.2088911533355713,-5.0690083503723145,-4.257378578186035,-5.431603908538818,-5.471142768859863,-5.7846174240112305,-5.61898136138916,-4.1225714683532715,-4.856894493103027,-4.8012590408325195,-5.401312828063965,-4.693755149841309,-2.757373571395874,-5.282934188842773
HM_1KTZ,B,110,,F,-3.5943331718444824,-4.952703952789307,-4.870623588562012,-3.5719242095947266,-2.4449422359466553,-5.2775983810424805,-4.41673469543457,-4.217770099639893,-2.3529388904571533,-1.0637506246566772,-2.832747220993042,-5.067347049713135,-5.50317907333374,-3.8503096103668213,-2.277898073196411,-4.349376678466797,-3.8134331703186035,-2.5560038089752197,-4.123526096343994,-3.015683650970459,-3.5924746990203857,-4.948970317840576,-4.861860275268555,-3.5710792541503906,-2.4405324459075928,-5.277137756347656,-4.400770664215088,-4.214883327484131,-2.349027395248413,-1.0685157775878906,-2.834024429321289,-5.064408302307129,-5.504583358764648,-3.8512284755706787,-2.281771659851074,-4.34454870223999,-3.817385673522949,-2.5556652545928955,-4.116955280303955,-2.9985620975494385
HM_1KTZ,B,112,,M,-4.731960773468018,-5.447065353393555,-5.534915924072266,-5.210992813110352,-5.014264106750488,-5.3015618324279785,-4.971284866333008,-1.2424708604812622,-4.2466278076171875,-0.9145233035087585,-2.0277769565582275,-5.323859691619873,-5.513710975646973,-3.50357985496521,-4.541504859924316,-5.002312660217285,-4.545599937438965,-3.268944025039673,-5.311392784118652,-4.295409202575684,-4.733984470367432,-5.445165634155273,-5.533133506774902,-5.204984188079834,-5.007489204406738,-5.296522617340088,-4.9643025398254395,-1.244539737701416,-4.240538597106934,-0.9212061762809753,-2.0085561275482178,-5.322417736053467,-5.513055324554443,-3.490818500518799,-4.521206855773926,-4.9985833168029785,-4.53860330581665,-3.277007818222046,-5.308111667633057,-4.291782379150391
HM_1KTZ,B,118,,D,-3.358100414276123,-5.5303144454956055,-0.9618844985961914,-4.9055399894714355,-5.224669456481934,-4.710832118988037,-3.925136089324951,-5.122851371765137,-4.303656578063965,-5.025279998779297,-5.437786102294922,-0.9932653307914734,-2.789902448654175,-4.5244460105896,-4.54644775390625,-3.8444085121154785,-4.348903656005859,-5.206112384796143,-4.962474346160889,-4.947092533111572,-3.4130361080169678,-5.499614238739014,-0.8965686559677124,-4.868129253387451,-5.312422275543213,-4.667829990386963,-3.4207334518432617,-5.338984966278076,-4.535844802856445,-5.1048665046691895,-5.495030879974365,-1.058632254600525,-2.7664337158203125,-4.776861667633057,-4.808355808258057,-3.7518131732940674,-4.707152843475342,-5.331155776977539,-5.405096054077148,-5.0554375648498535
HM_1KTZ,B,119,,E,-2.640061855316162,-3.9248032569885254,-3.6168699264526367,-2.4711015224456787,-4.64512825012207,-2.9170126914978027,-4.650347709655762,-2.992016077041626,-2.782139778137207,-1.6186693906784058,-2.790818691253662,-2.1344103813171387,-5.40854549407959,-2.9372029304504395,-2.945237398147583,-3.4076640605926514,-3.5101318359375,-3.1821131706237793,-4.944552898406982,-4.372101783752441,-2.7850606441497803,-4.364635467529297,-3.349768877029419,-2.8219780921936035,-4.104082107543945,-2.8691372871398926,-4.1978678703308105,-3.8516018390655518,-2.5507326126098633,-2.4552228450775146,-3.6538238525390625,-1.3476195335388184,-5.548760414123535,-3.029832601547241,-2.8188352584838867,-2.654651641845703,-3.594388961791992,-3.786979913711548,-4.417801856994629,-3.5967369079589844
HM_1KTZ,B,125,,I,-5.387226581573486,-4.971680164337158,-5.4670209884643555,-4.803590774536133,-2.4162259101867676,-5.414968967437744,-2.6892800331115723,-1.4972562789916992,-4.4454851150512695,-3.599151611328125,-4.099328994750977,-4.748829364776611,-5.7257866859436035,-4.020988941192627,-3.991945266723633,-4.824239730834961,-2.804915428161621,-2.5000078678131104,-3.7212042808532715,-1.1651625633239746,-5.384219169616699,-4.979122638702393,-5.460514068603516,-4.807062149047852,-2.4014031887054443,-5.415474891662598,-2.725797653198242,-1.4925334453582764,-4.4525933265686035,-3.5987777709960938,-4.09468412399292,-4.751797199249268,-5.72086238861084,-4.034744739532471,-3.9987528324127197,-4.828119277954102,-2.819561004638672,-2.495680570602417,-3.715569257736206,-1.1623504161834717
HM_1YY9,H,32,,Y,-5.078718662261963,-5.611125946044922,-5.079715728759766,-4.450106620788574,-3.6550652980804443,-5.528250217437744,-2.2104015350341797,-3.9771182537078857,-2.97397780418396,-4.217496871948242,-3.9037997722625732,-4.278887748718262,-5.764244079589844,-3.6482903957366943,-0.770797610282898,-4.252248287200928,-4.238978862762451,-3.276244878768921,-2.661421298980713,-2.4529614448547363,-4.931966304779053,-5.732755661010742,-4.854888439178467,-4.303479194641113,-3.5321667194366455,-5.484352111816406,-2.2886312007904053,-3.7680423259735107,-2.740773916244507,-3.921339750289917,-3.643984079360962,-4.221075057983398,-5.735317230224609,-3.3515045642852783,-0.9567663073539734,-4.047591686248779,-4.008831977844238,-3.0018272399902344,-2.6503043174743652,-2.2364439964294434
HM_1YY9,H,33,,G,-2.4526588916778564,-4.636755466461182,-3.826740264892578,-4.566932678222656,-5.526880741119385,-0.6261891722679138,-4.272991180419922,-5.7812418937683105,-4.822301387786865,-5.35064697265625,-5.252608299255371,-4.438041687011719,-3.8023109436035156,-4.884896755218506,-4.315329551696777,-1.7641675472259521,-3.092702865600586,-5.8011627197265625,-4.095632553100586,-4.964358806610107,-2.203188419342041,-4.8656511306762695,-3.699216604232788,-4.508223533630371,-5.432561874389648,-0.9067758917808533,-4.4471659660339355,-5.692933082580566,-4.48833703994751,-5.34145975112915,-5.285591125488281,-4.51957893371582,-3.2794699668884277,-4.867182731628418,-4.23211145401001,-1.408778190612793,-2.7569119930267334,-5.626311779022217,-4.307074069976807,-5.1244120597839355
HM_1YY9,H,50,,V,-3.2659716606140137,-4.2873663902282715,-3.941934108734131,-2.580939531326294,-2.8208518028259277,-4.789619445800781,-3.6936326026916504,-3.6039280891418457,-2.142874002456665,-3.1918070316314697,-3.5109052658081055,-3.937582492828369,-5.748093128204346,-2.6723995208740234,-2.4937825202941895,-2.769099473953247,-2.6172003746032715,-2.4512956142425537,-3.489393949508667,-2.137594699859619,-3.21488094329834,-4.279885292053223,-3.918452262878418,-2.4143621921539307,-3.1334786415100098,-4.957850456237793,-3.5318028926849365,-3.6427674293518066,-2.5648112297058105,-3.2029664516448975,-4.047253608703613,-3.873530387878418,-5.68748664855957,-2.8575658798217773,-2.341421365737915,-2.29331111907959,-2.761202335357666,-2.6318957805633545,-3.115753650665283,-1.984702229499817
HM_1YY9,H,51,,I,-5.56477165222168,-5.285301208496094,-5.702762603759766,-5.578397750854492,-5.737300872802734,-5.782961845397949,-5.648558616638184,-0.44772425293922424,-4.223852634429932,-3.652174711227417,-4.911150932312012,-5.539008140563965,-5.686281204223633,-5.116792678833008,-4.113661766052246,-5.729449272155762,-5.287989616394043,-1.4219809770584106,-5.6633148193359375,-5.4107666015625,-5.53139066696167,-5.247001647949219,-5.71749210357666,-5.610867977142334,-5.727785110473633,-5.782556533813477,-5.5640997886657715,-0.4984607696533203,-4.1530961990356445,-3.5447986125946045,-5.057641983032227,-5.521470546722412,-5.690229415893555,-5.154452800750732,-3.834160804748535,-5.71980619430542,-5.255432605743408,-1.3362098932266235,-5.536529541015625,-5.26004695892334
HM_1YY9,H,57,,T,-4.880603313446045,-5.4114837646484375,-5.07889461517334,-4.812088966369629,-5.531237602233887,-5.119058609008789,-5.114853382110596,-4.05094051361084,-5.34706974029541,-5.889717102050781,-5.698669910430908,-4.506107807159424,-5.383700847625732,-4.6912841796875,-5.132286071777344,-3.2115237712860107,-0.20960043370723724,-3.2344701290130615,-5.597005844116211,-5.438610076904297,-4.910158157348633,-5.508761882781982,-5.107822418212891,-4.827766418457031,-5.416025161743164,-5.034153461456299,-5.092188835144043,-4.065450191497803,-5.281681537628174,-5.816793918609619,-5.6198201179504395,-4.676638603210449,-5.395854949951172,-4.602247714996338,-5.079347133636475,-3.0330803394317627,-0.21447771787643433,-3.3483710289001465,-5.524610996246338,-5.467037677764893
HM_1YY9,H,97,,R,-4.515243053436279,-5.0758538246154785,-5.626605033874512,-5.312877178192139,-5.358850002288818,-5.591709613800049,-5.082300662994385,-1.2858895063400269,-4.154345512390137,-2.8778562545776367,-4.136634349822998,-5.448887825012207,-5.694737434387207,-4.578639984130859,-3.136122226715088,-5.049642562866211,-3.954793930053711,-0.6968456506729126,-5.5148844718933105,-5.087667465209961,-4.534356594085693,-5.184784412384033,-5.6384477615356445,-5.3445892333984375,-5.398656368255615,-5.606736183166504,-5.154088497161865,-1.2460647821426392,-4.292741298675537,-2.8847293853759766,-4.298904895782471,-5.501022815704346,-5.705427646636963,-4.690295219421387,-3.335845470428467,-5.138612747192383,-4.117584228515625,-0.6812147498130798,-5.514090061187744,-5.075808525085449
HM_1YY9,H,98,,A,-0.9570428133010864,-5.30716609954834,-5.109369277954102,-5.199212074279785,-5.356513977050781,-4.845841884613037,-5.2703704833984375,-5.4873046875,-5.4227142333984375,-5.535299301147461,-5.585668563842773,-4.782934665679932,-1.7860392332077026,-5.33302116394043,-5.308959007263184,-1.0187596082687378,-5.392061233520508,-5.581238746643066,-5.323673248291016,-5.207098960876465,-1.0403962135314941,-5.2981438636779785,-4.92086935043335,-5.096397399902344,-5.352911949157715,-5.079773426055908,-5.346463680267334,-5.524816036224365,-5.431100368499756,-5.55996561050415,-5.625927925109863,-4.733953952789307,-1.5645782947540283,-5.386115074157715,-5.317895412445068,-1.0474574565887451,-5.382035732269287,-5.5906453132629395,-5.335439682006836,-5.238691329956055
HM_1YY9,H,100,,T,-3.140094757080078,-5.146665573120117,-2.298901319503784,-1.5919588804244995,-3.7899715900421143,-4.306221961975098,-3.44871187210083,-4.493377685546875,-2.598606824874878,-3.822589635848999,-4.7378950119018555,-3.046597480773926,-5.5579752922058105,-2.913546562194824,-2.811685562133789,-2.5016510486602783,-1.8858543634414673,-3.9876911640167236,-4.719245910644531,-3.322155475616455,-3.0489957332611084,-5.097249984741211,-2.712800979614258,-1.8702116012573242,-3.8530757427215576,-4.433666229248047,-3.485164165496826,-4.047450065612793,-2.3924055099487305,-3.6468493938446045,-4.694540977478027,-3.179293394088745,-5.5457305908203125,-2.908106803894043,-2.7305448055267334,-2.468139410018921,-1.6865227222442627,-3.0928707122802734,-4.730965614318848,-3.5462136268615723
HM_1YY9,L,25,,A,-1.2774899005889893,-4.35854434967041,-5.225522994995117,-5.0590925216674805,-4.291965007781982,-5.467669486999512,-5.121625900268555,-3.1939282417297363,-4.90420389175415,-2.3573734760284424,-4.885896682739258,-5.129222869873047,-5.252801418304443,-5.369632720947266,-5.0106048583984375,-1.6757830381393433,-2.647080421447754,-1.4781583547592163,-5.214576721191406,-4.799259662628174,-1.1331501007080078,-4.627583026885986,-5.265174865722656,-5.029481410980225,-4.377350330352783,-5.444692134857178,-5.09555721282959,-3.292931079864502,-4.854587554931641,-2.326734781265259,-4.95451021194458,-5.277688980102539,-5.175267219543457,-5.37847900390625,-4.907721519470215,-1.8463475704193115,-2.5634963512420654,-1.548252820968628,-5.211975574493408,-4.802573204040527
HM_1YY9,L,27,,Q,-2.829796314239502,-5.515801429748535,-3.0678584575653076,-1.405023455619812,-3.890942335128784,-5.234528541564941,-3.2159905433654785,-2.408081293106079,-3.5024096965789795,-4.1156392097473145,-4.002700328826904,-4.163023948669434,-5.5930962562561035,-2.244941234588623,-3.574577808380127,-2.8001394271850586,-2.626339912414551,-2.295694589614868,-4.930940628051758,-3.499756097793579,-2.8480138778686523,-5.736774921417236,-3.8217551708221436,-2.124098062515259,-3.8404576778411865,-4.883533477783203,-2.8991873264312744,-3.561258554458618,-1.7988765239715576,-3.3147339820861816,-4.124992370605469,-4.0165300369262695,-5.410188674926758,-2.3030850887298584,-2.5375077724456787,-2.6546645164489746,-2.6479783058166504,-2.4828579425811768,-4.750828266143799,-3.4387874603271484
HM_1YY9,L,30,,G,-4.560240268707275,-5.7703962326049805,-3.65126895904541,-4.089055061340332,-5.299903392791748,-0.18571637570858002,-5.059901714324951,-5.369211196899414,-4.670336723327637,-5.1450347900390625,-5.527170181274414,-4.130025386810303,-5.5473432540893555,-4.779213905334473,-4.776592254638672,-4.090907573699951,-4.80853271484375,-5.314184188842773,-5.25736665725708,-5.082043170928955,-4.707507610321045,-5.947746753692627,-4.029754638671875,-4.362166404724121,-5.384507656097412,-0.14738579094409943,-5.152412414550781,-5.4184956550598145,-4.984986782073975,-5.217700958251953,-5.584085464477539,-4.472708702087402,-5.581920146942139,-5.043212890625,-5.074218273162842,-4.170944690704346,-5.046164035797119,-5.389217853546143,-5.489958763122559,-5.186484336853027
HM_1YY9,L,97,,T,-3.736356735229492,-5.06171178817749,-4.881020545959473,-4.399947643280029,-5.223111629486084,-4.923563003540039,-4.769865989685059,-3.3063817024230957,-2.377376079559326,-3.652846336364746,-4.796818256378174,-3.6157069206237793,-5.720726490020752,-3.0951499938964844,-2.0458364486694336,-2.2094335556030273,-1.0973345041275024,-2.232058525085449,-5.382869720458984,-5.28702974319458,-3.9327244758605957,-4.9459123611450195,-4.941856384277344,-4.43664026260376,-5.210454940795898,-4.925774574279785,-4.847625732421875,-2.962381601333618,-2.5640625953674316,-3.189157724380493,-4.635462284088135,-3.6500425338745117,-5.673799514770508,-3.231472969055176,-2.1593329906463623,-2.3896119594573975,-1.1039098501205444,-1.9882986545562744,-5.419247150421143,-5.251469612121582
HM_2NYY,A,902,,D,-2.5318055152893066,-5.126944065093994,-2.6081507205963135,-2.0414140224456787,-5.148202896118164,-4.37616491317749,-4.729894161224365,-4.571198463439941,-2.105210065841675,-4.579277038574219,-5.169792175292969,-3.802901268005371,-2.683048725128174,-3.689534902572632,-3.064162492752075,-1.2601642608642578,-2.7861993312835693,-4.25846004486084,-5.1861395835876465,-4.7827606201171875,-1.9607150554656982,-5.227042198181152,-2.7707138061523438,-2.323945999145508,-5.231771469116211,-4.300426959991455,-4.989221572875977,-5.108687877655029,-2.1467652320861816,-4.895071506500244,-5.327875137329102,-3.6956534385681152,-2.554525852203369,-3.696523427963257,-3.5944151878356934,-1.1832382678985596,-2.9336469173431396,-4.809912204742432,-5.432789325714111,-5.193246364593506
HM_2NYY,A,903,,R,-3.7065589427948,-5.108217239379883,-2.044602870941162,-2.2590408325195312,-4.812258243560791,-4.545312881469727,-3.7223927974700928,-5.462692737579346,-1.6954138278961182,-2.51975154876709,-3.654141902923584,-2.3003268241882324,-5.714965343475342,-2.133758544921875,-2.0250067710876465,-4.081344127655029,-5.128835201263428,-5.598169803619385,-5.072124481201172,-4.442266464233398,-3.050405979156494,-5.255160808563232,-1.4345930814743042,-2.4488205909729004,-5.189006328582764,-3.8613195419311523,-4.34684419631958,-5.605289936065674,-1.8218333721160889,-4.595500946044922,-5.257828235626221,-1.3270400762557983,-5.6900553703308105,-3.139763355255127,-3.3116557598114014,-3.3784003257751465,-4.991657733917236,-5.544729709625244,-5.549322605133057,-5.208166599273682
HM_2NYY,A,915,,K,-4.886299133300781,-4.88905143737793,-4.711507320404053,-3.391392469406128,-4.8500213623046875,-5.411284446716309,-4.8042731285095215,-3.879303216934204,-1.8243871927261353,-3.0153892040252686,-4.284952163696289,-4.659561634063721,-5.554747581481934,-3.4971957206726074,-1.6187714338302612,-4.67985200881958,-0.9302202463150024,-3.9807136058807373,-5.345749378204346,-4.822586536407471,-4.9837870597839355,-4.927924633026123,-4.756704330444336,-3.4966886043548584,-4.870572566986084,-5.444757461547852,-4.871677875518799,-3.866384267807007,-1.8163416385650635,-2.9214425086975098,-4.313279628753662,-4.685727596282959,-5.549147605895996,-3.575702428817749,-1.6042826175689697,-4.745323181152344,-0.9298455715179443,-3.972806215286255,-5.4038543701171875,-4.853804588317871
HM_2NYY,A,917,,I,-3.8178207874298096,-4.877171039581299,-3.5499064922332764,-2.9146840572357178,-2.7625315189361572,-4.401734828948975,-2.954836845397949,-4.711084842681885,-2.235591173171997,-3.934885025024414,-4.112191677093506,-3.2419347763061523,-5.446570873260498,-3.385878086090088,-1.7813363075256348,-2.6581170558929443,-2.165208101272583,-3.9086060523986816,-3.6693544387817383,-2.02411150932312,-3.660004138946533,-5.005939483642578,-4.044215679168701,-3.167574167251587,-3.609487533569336,-4.329576015472412,-3.5801892280578613,-4.855818271636963,-1.609432339668274,-4.060291767120361,-4.255953311920166,-3.4315316677093506,-5.474007606506348,-2.89031720161438,-1.563690185546875,-2.6290462017059326,-1.840846061706543,-4.331187725067139,-4.653536319732666,-3.086508274078369
HM_2NYY,A,918,,N,-3.1019186973571777,-5.057337760925293,-4.6914286613464355,-5.518025875091553,-5.759349346160889,-6.11216926574707,-5.137569904327393,-6.029183387756348,-4.6423492431640625,-5.887984275817871,-5.619622230529785,-0.1674765944480896,-5.490114212036133,-5.423605918884277,-4.667425632476807,-4.113091945648193,-4.990646839141846,-4.430950164794922,-5.943228721618652,-5.428677082061768,-4.295737266540527,-5.453641891479492,-4.964130401611328,-5.587734222412109,-5.66944694519043,-6.022497653961182,-5.343018054962158,-5.759042739868164,-4.87809944152832,-5.852790832519531,-5.749674320220947,-0.10084028542041779,-5.5945539474487305,-5.569216728210449,-5.330212593078613,-4.9852166175842285,-5.266055107116699,-4.763970375061035,-5.726352214813232,-5.6145853996276855
HM_2NYY,A,919,,L,-4.984772682189941,-5.269692897796631,-2.82375168800354,-5.144659996032715,-5.355363368988037,-5.118519306182861,-2.815641403198242,-5.016434192657471,-4.488614559173584,-3.5644607543945312,-5.247068881988525,-0.4328295588493347,-5.606170654296875,-4.675356864929199,-3.3514814376831055,-2.682234287261963,-4.123728275299072,-4.865775108337402,-5.343703746795654,-4.960720539093018,-4.25436544418335,-5.07407283782959,-1.2451008558273315,-4.4900102615356445,-5.221621990203857,-5.0829176902771,-2.705810546875,-5.234409809112549,-3.146937608718872,-4.413281440734863,-5.353392124176025,-1.110945224761963,-5.49563455581665,-4.5715556144714355,-3.7593209743499756,-2.1742918491363525,-3.3767013549804688,-4.503634929656982,-5.406300067901611,-5.0464911460876465
HM_2NYY,A,920,,E,-3.4408118724823,-5.2320733070373535,-1.8016934394836426,-3.6132097244262695,-5.342620372772217,-0.5186960697174072,-5.125176429748535,-5.525900363922119,-5.580683708190918,-5.448862552642822,-5.839367389678955,-4.288724422454834,-3.5831780433654785,-5.196516513824463,-5.4554762840271,-2.5879743099212646,-4.800291061401367,-5.578754425048828,-5.2514567375183105,-5.131003379821777,-2.7227389812469482,-5.215472221374512,-2.076704740524292,-2.2336854934692383,-5.036866188049316,-4.243091583251953,-4.780264854431152,-4.453246116638184,-3.0501291751861572,-4.623358726501465,-5.144161224365234,-3.2367615699768066,-1.055356502532959,-3.8285646438598633,-4.0631279945373535,-2.2309792041778564,-3.445927619934082,-4.154727458953857,-5.2800774574279785,-5.0953850746154785
HM_2NYY,A,923,,T,-4.438770294189453,-3.8731677532196045,-4.575669288635254,-4.453525066375732,-4.086445331573486,-5.399715423583984,-3.5129623413085938,-4.309228897094727,-0.9240307807922363,-4.842531681060791,-4.3189005851745605,-3.0498385429382324,-5.549320697784424,-3.3375630378723145,-1.3364070653915405,-3.9306981563568115,-3.6825759410858154,-3.928738594055176,-5.110036849975586,-3.1532487869262695,-4.417145252227783,-3.4934070110321045,-4.5318779945373535,-3.9242782592773438,-3.510376453399658,-5.2811760902404785,-3.1586244106292725,-3.949315071105957,-1.0764741897583008,-4.4348859786987305,-3.9701106548309326,-3.100602149963379,-5.48716926574707,-2.8209757804870605,-1.66037118434906,-3.8358407020568848,-3.4372854232788086,-3.6174802780151367,-4.845567226409912,-2.637439489364624
HM_2NYY,A,953,,F,-4.618213176727295,-4.319997310638428,-3.3423871994018555,-2.35036563873291,-1.814216136932373,-4.336819171905518,-1.7791247367858887,-5.236390590667725,-3.915510892868042,-4.223953723907471,-2.5934739112854004,-4.038992404937744,-5.436696529388428,-1.5764639377593994,-3.591291666030884,-4.537265777587891,-3.419590950012207,-4.867799282073975,-3.413270950317383,-3.0710015296936035,-5.0532612800598145,-5.199711322784424,-5.274939060211182,-4.0888471603393555,-1.7501434087753296,-5.296292781829834,-3.8926544189453125,-4.365472316741943,-1.2335373163223267,-2.5511059761047363,-3.2204880714416504,-4.402393817901611,-5.53486442565918,-2.8546085357666016,-1.7441420555114746,-4.629077911376953,-3.047083616256714,-4.250875949859619,-4.729936122894287,-4.119140625
HM_2NYY,A,954,,S,-4.107089519500732,-4.365081787109375,-4.5289692878723145,-4.140554904937744,-4.666872501373291,-5.402892112731934,-5.32527494430542,-2.0441031455993652,-3.9621191024780273,-2.6820731163024902,-4.327136993408203,-3.7960782051086426,-5.72468376159668,-4.151660442352295,-3.8043198585510254,-3.7991392612457275,-2.0434060096740723,-0.7588759660720825,-5.235908508300781,-5.119215965270996,-3.758326530456543,-4.823143005371094,-2.8223447799682617,-2.3903732299804688,-4.168468475341797,-4.995683670043945,-2.220477819442749,-3.982585906982422,-1.5579805374145508,-3.9305307865142822,-4.606286525726318,-2.1369030475616455,-5.403328895568848,-3.1245131492614746,-2.6155128479003906,-3.0430893898010254,-3.3133625984191895,-2.717689275741577,-4.7947678565979,-3.5078125
HM_2NYY,A,955,,K,-2.7383365631103516,-5.221860408782959,-3.3023037910461426,-2.2708382606506348,-4.486816883087158,-4.662962436676025,-3.054227828979492,-3.6976208686828613,-2.533447027206421,-2.6017191410064697,-4.267711162567139,-3.8100571632385254,-1.4189354181289673,-3.40712308883667,-2.586480140686035,-2.7158873081207275,-3.0344748497009277,-3.939586639404297,-4.491537570953369,-4.400218486785889,-2.287587881088257,-5.213386535644531,-3.7760024070739746,-2.222762107849121,-4.579108715057373,-4.423666477203369,-3.309664487838745,-4.01889705657959,-2.057461977005005,-2.8309295177459717,-4.249738693237305,-3.644815444946289,-1.65733003616333,-3.2807679176330566,-2.7824573516845703,-2.4787964820861816,-3.066366195678711,-4.026844501495361,-4.911693572998047,-4.408053398132324
HM_2NYY,A,957,,N,-3.1261000633239746,-5.009942054748535,-2.1017863750457764,-1.4498668909072876,-5.414285182952881,-3.955402135848999,-4.694531440734863,-5.169570446014404,-3.7189509868621826,-2.827451705932617,-3.1991920471191406,-3.7162396907806396,-5.7564215660095215,-1.2383166551589966,-4.002475261688232,-2.7122254371643066,-4.482448101043701,-5.101459980010986,-5.393742561340332,-5.117680549621582,-3.497988224029541,-5.196495532989502,-2.2992489337921143,-1.343477725982666,-5.46092414855957,-4.2441864013671875,-4.958404541015625,-5.259459018707275,-3.525538682937622,-2.687948703765869,-3.2390365600585938,-4.042710304260254,-5.693423271179199,-1.1017167568206787,-4.1116838455200195,-3.194486618041992,-4.779927730560303,-5.114285945892334,-5.341962814331055,-5.171022415161133
HM_2NYY,A,1061,,R,-3.521289587020874,-4.842264175415039,-3.664390802383423,-3.0598111152648926,-5.248608589172363,-4.379363059997559,-4.688412189483643,-5.199270248413086,-1.0034358501434326,-3.1472973823547363,-3.7980291843414307,-3.1246278285980225,-4.792287826538086,-2.052518844604492,-2.052433967590332,-3.0480713844299316,-2.9696531295776367,-4.861809253692627,-5.326347351074219,-5.2837982177734375,-3.407496452331543,-4.711860656738281,-4.6812334060668945,-3.3893847465515137,-5.222772598266602,-4.690376281738281,-4.968364715576172,-4.719043731689453,-0.8584117293357849,-3.193741798400879,-4.569998741149902,-3.730307102203369,-4.84796142578125,-2.3446197509765625,-2.7255306243896484,-2.882593870162964,-1.9956039190292358,-4.132930755615234,-5.585301399230957,-5.450974464416504
HM_2NYY,A,1062,,D,-4.966355323791504,-3.2048180103302,-0.34918829798698425,-4.273767471313477,-5.1306681632995605,-5.507232189178467,-4.860436916351318,-5.799717426300049,-5.948713779449463,-5.669271945953369,-5.776714324951172,-1.9618701934814453,-5.926734447479248,-4.893381118774414,-5.904735088348389,-3.667585849761963,-5.008655071258545,-4.792364120483398,-5.515824317932129,-5.230010986328125,-5.088769435882568,-3.60158109664917,-0.5386080145835876,-4.643596172332764,-5.397484302520752,-5.52703332901001,-4.937812328338623,-5.638061046600342,-5.710384368896484,-5.571922779083252,-5.710361003875732,-1.2870347499847412,-5.829100608825684,-5.483835697174072,-5.482321262359619,-3.807854652404785,-4.847443103790283,-4.614364147186279,-4.966373443603516,-4.662167072296143
HM_2NYY,A,1063,,P,-3.602686643600464,-4.757827281951904,-3.8848047256469727,-3.7289280891418457,-2.8645102977752686,-4.672548770904541,-2.9640345573425293,-2.149686336517334,-3.075023651123047,-2.116295099258423,-3.5547306537628174,-4.0351338386535645,-2.043074131011963,-3.806628942489624,-2.0909292697906494,-3.592772960662842,-3.758513927459717,-3.2056689262390137,-2.4430270195007324,-3.991490602493286,-2.110481023788452,-5.270459175109863,-3.260329246520996,-2.6490633487701416,-5.205639362335205,-4.077646255493164,-4.633517265319824,-4.626845836639404,-2.0690252780914307,-4.620748996734619,-5.284731388092041,-3.874471426010132,-1.0888707637786865,-3.597661018371582,-3.773214817047119,-2.1774990558624268,-3.379542589187622,-4.124627113342285,-5.44407320022583,-5.146831035614014
HM_2NYY,A,1064,,R,-3.987644910812378,-5.623952865600586,-4.247602939605713,-4.993744373321533,-4.343472480773926,-5.184716701507568,-0.5009251832962036,-5.419533729553223,-4.240488052368164,-4.005920886993408,-4.849892616271973,-3.9291155338287354,-5.617923736572266,-4.201657295227051,-3.8328163623809814,-4.287598133087158,-5.309083461761475,-5.465578556060791,-1.6831759214401245,-3.977700710296631,-2.9386425018310547,-5.2067694664001465,-1.7083590030670166,-2.3866987228393555,-4.7538838386535645,-2.9045605659484863,-4.127438545227051,-5.154523849487305,-2.837005376815796,-4.192782402038574,-5.085233211517334,-1.8569245338439941,-5.56826114654541,-3.2418110370635986,-3.7219603061676025,-2.0911929607391357,-2.0360426902770996,-4.898120880126953,-5.063853740692139,-4.406956672668457
HM_2NYY,H,30,,K,-2.227832078933716,-4.8279709815979,-2.101386785507202,-2.2263779640197754,-5.108108043670654,-2.9166831970214844,-3.835141897201538,-5.064453601837158,-2.758915424346924,-5.049952030181885,-5.300561428070068,-3.0034570693969727,-4.278021812438965,-2.076547622680664,-3.2948720455169678,-1.6204615831375122,-3.4934003353118896,-4.897121906280518,-4.299096584320068,-4.133842945098877,-2.2167787551879883,-4.996169090270996,-2.798082113265991,-2.199859142303467,-4.978785991668701,-2.813929796218872,-3.5944573879241943,-5.028539657592773,-2.8814711570739746,-4.869080543518066,-5.182433128356934,-3.296332597732544,-4.186295509338379,-1.9781315326690674,-3.415196657180786,-1.3966816663742065,-3.4528415203094482,-4.794120788574219,-4.113046646118164,-4.187646865844727
HM_2NYY,H,31,,Y,-3.7679226398468018,-5.135187149047852,-2.8502941131591797,-2.056244134902954,-4.033285140991211,-4.317682266235352,-3.4417059421539307,-4.151680946350098,-2.057008743286133,-2.89555025100708,-4.495194911956787,-2.6133852005004883,-5.635961532592773,-2.5653297901153564,-2.509477138519287,-2.5694518089294434,-2.030607223510742,-3.588181972503662,-5.001402378082275,-3.354599952697754,-3.7381436824798584,-5.37706184387207,-2.9522595405578613,-2.3414828777313232,-4.5607380867004395,-3.9884846210479736,-3.9132659435272217,-4.3939032554626465,-2.08160138130188,-3.324876308441162,-4.776587963104248,-2.484515428543091,-5.680603504180908,-2.389643430709839,-3.057082176208496,-1.9477659463882446,-1.6917736530303955,-4.032418251037598,-4.863019943237305,-4.198070049285889
HM_2NYY,H,34,,M,-3.6637353897094727,-4.779675006866455,-5.468414306640625,-4.855720043182373,-3.2991273403167725,-5.08389949798584,-3.7954509258270264,-2.2031822204589844,-3.392364025115967,-3.8800535202026367,-2.448788642883301,-4.840906143188477,-5.716777801513672,-2.8447883129119873,-3.968322277069092,-4.047267436981201,-2.594391345977783,-0.8940085768699646,-4.001422882080078,-3.5218300819396973,-3.769660711288452,-4.857131004333496,-5.554664611816406,-4.984248161315918,-3.2312307357788086,-5.1853156089782715,-3.8693370819091797,-2.145629405975342,-3.415268659591675,-3.8089473247528076,-2.483348846435547,-4.9939799308776855,-5.751129150390625,-2.984865427017212,-4.04371976852417,-4.274723052978516,-2.792950391769409,-0.8352161645889282,-3.9505317211151123,-3.481553792953491
HM_2NYY,H,57,,Y,-3.748671531677246,-5.271818161010742,-2.996645450592041,-1.3468009233474731,-3.21486496925354,-5.116876125335693,-3.484379768371582,-3.546048641204834,-3.5499753952026367,-3.3790946006774902,-4.0547919273376465,-3.473100185394287,-5.46727180480957,-1.4949798583984375,-3.388432264328003,-3.5874602794647217,-2.7679524421691895,-3.3790271282196045,-4.652656078338623,-3.033470869064331,-3.589609146118164,-5.201671123504639,-3.252117395401001,-2.4311177730560303,-4.232868194580078,-4.520234107971191,-3.370378017425537,-2.990858316421509,-2.6631038188934326,-3.988168478012085,-4.81788444519043,-2.803356885910034,-5.553044319152832,-2.9369990825653076,-3.2936646938323975,-2.468093156814575,-1.3384895324707031,-2.289634943008423,-4.56691837310791,-3.8834118843078613
HM_2NYY,L,28,,S,-4.698565483093262,-5.1234049797058105,-3.109334707260132,-3.9061996936798096,-4.795888900756836,-3.911956787109375,-4.6970930099487305,-4.749322891235352,-4.607204437255859,-3.8627233505249023,-5.078018665313721,-3.146705389022827,-2.1362457275390625,-4.380502223968506,-4.155056953430176,-0.8338562250137329,-1.73060941696167,-4.219017028808594,-5.013651371002197,-4.218572616577148,-4.468170642852783,-5.319897651672363,-3.2756316661834717,-4.296455383300781,-4.945782661437988,-3.6283953189849854,-4.771390914916992,-4.705252170562744,-4.3891987800598145,-4.186761379241943,-5.1035475730896,-3.088844060897827,-2.6654555797576904,-4.569650173187256,-4.41591215133667,-0.6266395449638367,-1.8961795568466187,-4.422721862792969,-5.049625873565674,-4.98307991027832
HM_2NYY,L,30,,D,-3.529815673828125,-3.5757813453674316,-1.1768497228622437,-2.5508265495300293,-5.3652143478393555,-3.69634747505188,-4.088679790496826,-5.262951374053955,-4.696320533752441,-5.35647439956665,-4.347549915313721,-2.448704481124878,-5.703934192657471,-3.6875553131103516,-4.148642539978027,-1.734907627105713,-1.9197189807891846,-4.672649383544922,-5.10172700881958,-4.693070411682129,-3.429147720336914,-3.7312088012695312,-1.5608665943145752,-2.271770715713501,-5.240611553192139,-3.8581535816192627,-4.835526943206787,-5.2669572830200195,-4.693318843841553,-5.156866550445557,-4.337021827697754,-2.569308280944824,-5.50966215133667,-3.7227962017059326,-4.915413856506348,-1.0738881826400757,-2.4509503841400146,-4.618307113647461,-5.118483543395996,-4.9389119148254395
HM_2NYY,L,31,,S,-1.5066815614700317,-2.8888182640075684,-2.6026387214660645,-4.099160671234131,-5.155420780181885,-3.6366727352142334,-4.788790225982666,-5.333730220794678,-2.1234185695648193,-4.684010028839111,-5.338188648223877,-2.8221731185913086,-5.520008087158203,-4.431107044219971,-2.549201011657715,-1.5126993656158447,-2.8614821434020996,-4.818617820739746,-5.118240833282471,-4.824080944061279,-2.518538236618042,-4.945671081542969,-3.525174856185913,-3.1502270698547363,-3.9103121757507324,-3.8814778327941895,-3.404780387878418,-4.242031097412109,-1.2936341762542725,-3.8800442218780518,-4.3250508308410645,-3.550137758255005,-5.473484039306641,-3.358909845352173,-2.026124954223633,-1.8484830856323242,-3.6586427688598633,-4.093449592590332,-4.257075309753418,-3.5067930221557617
HM_2NYY,L,34,,H,-3.6922316551208496,-4.989311695098877,-4.513278007507324,-3.1090893745422363,-4.0696282386779785,-5.076878547668457,-2.3064143657684326,-4.684906959533691,-1.0339657068252563,-3.5581302642822266,-4.098324775695801,-2.9427878856658936,-5.6530890464782715,-2.658144235610962,-1.8619816303253174,-3.9639806747436523,-3.8919262886047363,-3.6077191829681396,-5.191878318786621,-3.646897792816162,-3.54345703125,-5.134514808654785,-4.748122692108154,-3.424396276473999,-3.896430730819702,-5.123775482177734,-2.4669740200042725,-4.140368461608887,-0.9946316480636597,-3.0428643226623535,-3.9853017330169678,-3.665424346923828,-5.572478294372559,-2.403066396713257,-2.2277309894561768,-3.8554024696350098,-3.646960496902466,-2.946471929550171,-4.805014610290527,-3.679572582244873
HM_2NZ9,A,902,,D,-1.9876937866210938,-5.268877983093262,-2.459810733795166,-2.0258421897888184,-5.037160396575928,-4.603024005889893,-4.539337158203125,-4.757798194885254,-1.9448001384735107,-4.421228885650635,-5.20192813873291,-3.803429126739502,-2.8447916507720947,-3.5364270210266113,-2.833367347717285,-1.7566691637039185,-2.598055124282837,-4.206867694854736,-5.29411506652832,-4.725914478302002,-1.9201618432998657,-5.238430500030518,-2.42707896232605,-2.072082757949829,-5.103740215301514,-4.27509069442749,-4.965321063995361,-5.1018171310424805,-1.9046248197555542,-4.548651695251465,-5.260114669799805,-3.342323064804077,-3.320481538772583,-3.403085470199585,-3.3948776721954346,-1.5757871866226196,-2.6243278980255127,-4.756860733032227,-5.449000358581543,-5.174637317657471
HM_2NZ9,A,903,,R,-3.683713674545288,-4.916112899780273,-2.2749409675598145,-2.5106735229492188,-4.517416000366211,-4.722342014312744,-3.3582167625427246,-4.994258880615234,-2.009995698928833,-2.7627065181732178,-3.3697288036346436,-2.0427770614624023,-5.549012660980225,-2.429379463195801,-1.9458649158477783,-3.1777267456054688,-2.9355580806732178,-4.399945259094238,-5.256838321685791,-4.27972936630249,-3.751532554626465,-5.145233631134033,-1.6083412170410156,-2.264613151550293,-5.049678325653076,-4.5716166496276855,-3.536708354949951,-5.297521591186523,-2.3211669921875,-4.765390872955322,-5.236123561859131,-1.2635891437530518,-5.543360233306885,-3.1061453819274902,-3.1260416507720947,-2.8656463623046875,-2.940303325653076,-5.126796245574951,-5.419572353363037,-4.784240245819092
HM_2NZ9,A,915,,K,-4.732746124267578,-4.463829040527344,-4.939401149749756,-3.1303696632385254,-4.789430141448975,-4.832441329956055,-4.446449279785156,-4.134615898132324,-1.878939151763916,-2.988081455230713,-3.9630796909332275,-4.600080490112305,-5.554396152496338,-3.12253737449646,-1.519702434539795,-4.3462724685668945,-1.0522305965423584,-4.559239864349365,-5.320580959320068,-4.773757457733154,-4.835302829742432,-4.533506393432617,-4.942564964294434,-3.285863161087036,-4.827391624450684,-4.902271270751953,-4.511195659637451,-4.139254570007324,-1.8617007732391357,-2.9222359657287598,-4.018194675445557,-4.606300354003906,-5.541187763214111,-3.2250263690948486,-1.580418348312378,-4.336645126342773,-0.9896937012672424,-4.591851711273193,-5.40275764465332,-4.798635005950928
HM_2NZ9,A,917,,I,-4.271445274353027,-5.089208126068115,-3.413425922393799,-3.2864367961883545,-2.278311014175415,-4.325469970703125,-2.6923155784606934,-4.472304344177246,-2.506255626678467,-2.6292243003845215,-3.837759017944336,-3.1531805992126465,-5.581089496612549,-3.6241211891174316,-2.1043083667755127,-3.548194408416748,-3.0505051612854004,-4.268571376800537,-3.2396738529205322,-1.5366302728652954,-4.108712673187256,-5.131954193115234,-3.7648894786834717,-3.235630512237549,-2.6840548515319824,-4.2926225662231445,-2.9681625366210938,-4.659399032592773,-1.761278748512268,-2.5677237510681152,-3.8522722721099854,-3.2233567237854004,-5.626901626586914,-3.0058579444885254,-1.8611899614334106,-3.4107794761657715,-2.620023250579834,-4.52161979675293,-3.939192533493042,-2.1369612216949463
HM_2NZ9,A,918,,N,-2.9952738285064697,-5.091187953948975,-4.971900939941406,-5.873269557952881,-5.7631940841674805,-5.853480339050293,-5.240000247955322,-5.923123836517334,-5.446430683135986,-5.847115993499756,-5.906814098358154,-0.16268785297870636,-5.191038131713867,-5.729345321655273,-5.399463176727295,-3.6915621757507324,-4.731601715087891,-4.992203235626221,-5.797573566436768,-5.680382251739502,-4.424311637878418,-5.4534502029418945,-5.153438091278076,-5.781402111053467,-5.646543979644775,-5.851500988006592,-5.4490790367126465,-5.699043273925781,-5.371970176696777,-5.823655605316162,-5.807991981506348,-0.09057067334651947,-5.41195011138916,-5.757033348083496,-5.654402256011963,-4.889461517333984,-5.197587013244629,-5.175986289978027,-5.6600141525268555,-5.658266544342041
HM_2NZ9,A,919,,L,-4.927452564239502,-5.082828044891357,-3.7361068725585938,-5.070794582366943,-5.181977272033691,-4.985747337341309,-4.969803333282471,-4.490365028381348,-4.279147148132324,-2.4237709045410156,-4.8801493644714355,-1.2598017454147339,-5.329861640930176,-4.578808784484863,-3.5169897079467773,-0.9327217936515808,-2.632486581802368,-4.6422858238220215,-5.18009090423584,-5.017064571380615,-4.52286434173584,-5.084701061248779,-2.1699059009552,-4.521175384521484,-5.034650802612305,-4.9856696128845215,-3.8428235054016113,-4.929839611053467,-3.2018113136291504,-3.689058303833008,-5.277634143829346,-2.078547716140747,-5.4309210777282715,-4.783100128173828,-3.956411361694336,-0.963043749332428,-1.7042092084884644,-4.544548511505127,-5.3014349937438965,-4.727715969085693
HM_2NZ9,A,920,,E,-4.850400447845459,-5.516283988952637,-2.8778889179229736,-3.867814064025879,-5.536706924438477,-0.19150479137897491,-5.466832160949707,-5.60217809677124,-5.737548828125,-5.373281955718994,-5.8471221923828125,-4.85260534286499,-4.847362995147705,-5.134127140045166,-5.574042797088623,-4.037999153137207,-4.913791179656982,-5.600537300109863,-5.4778594970703125,-5.407808303833008,-2.851240396499634,-5.220112323760986,-2.0498297214508057,-2.3407533168792725,-5.083126544952393,-4.268640041351318,-4.800105571746826,-4.512731075286865,-3.1329312324523926,-4.66828727722168,-5.132347106933594,-3.109142303466797,-1.0315672159194946,-3.7745566368103027,-4.115661144256592,-2.1859073638916016,-3.317208766937256,-4.275763034820557,-5.324008941650391,-5.154126167297363
HM_2NZ9,A,923,,T,-3.808867931365967,-4.461201190948486,-5.032636642456055,-3.845820665359497,-4.793045520782471,-5.512406349182129,-4.415803909301758,-3.2517991065979004,-0.9907809495925903,-4.390397071838379,-3.997422456741333,-4.133574962615967,-5.728299140930176,-2.909548282623291,-1.3654826879501343,-3.802126169204712,-3.0313000679016113,-2.923673629760742,-5.385181427001953,-4.18005895614624,-3.6996982097625732,-4.160959243774414,-4.999040603637695,-3.383556365966797,-4.4319868087768555,-5.353907108306885,-4.125557899475098,-3.00622820854187,-1.194617509841919,-4.110567092895508,-3.6745314598083496,-4.1862897872924805,-5.633035659790039,-2.3488502502441406,-1.656853199005127,-3.6713716983795166,-2.8068296909332275,-2.57413649559021,-5.1788434982299805,-3.9381747245788574
HM_2NZ9,A,953,,F,-4.314047336578369,-4.592658996582031,-3.986276626586914,-2.522756576538086,-2.7260029315948486,-4.44471549987793,-2.838806390762329,-5.57979154586792,-2.4463086128234863,-4.967672824859619,-2.7639458179473877,-4.289188385009766,-5.580440521240234,-0.9923401474952698,-2.1301767826080322,-4.36726188659668,-4.057273864746094,-4.995269775390625,-4.180400848388672,-3.792997121810913,-5.03515100479126,-5.290628433227539,-5.345614910125732,-4.195593357086182,-3.189763307571411,-5.4278564453125,-4.249430179595947,-4.742316246032715,-1.0232409238815308,-4.176541805267334,-3.5892443656921387,-4.6457905769348145,-5.740138530731201,-3.1625380516052246,-0.9960886240005493,-4.321455955505371,-3.447014331817627,-4.364743709564209,-5.25691556930542,-4.589727878570557
HM_2NZ9,A,954,,S,-3.5083706378936768,-4.149627208709717,-4.296885013580322,-4.008078098297119,-4.357192039489746,-5.104010581970215,-5.155494213104248,-2.811401605606079,-4.002322196960449,-1.5503062009811401,-3.599684953689575,-3.6883742809295654,-5.587288856506348,-3.908388614654541,-3.603179931640625,-3.3789005279541016,-2.0416805744171143,-1.1252005100250244,-4.894929885864258,-4.840048789978027,-3.7468817234039307,-4.715221405029297,-2.7945971488952637,-2.3185319900512695,-3.909694194793701,-4.933124542236328,-2.0525097846984863,-3.9875073432922363,-1.7903227806091309,-3.5560925006866455,-4.503164291381836,-2.1161234378814697,-5.48255729675293,-3.0817439556121826,-2.6186351776123047,-3.1986660957336426,-3.271930694580078,-2.975285053253174,-4.547407150268555,-3.1386990547180176
HM_2NZ9,A,955,,K,-2.7662181854248047,-5.224996566772461,-3.3054635524749756,-2.190401077270508,-4.4694414138793945,-4.60428524017334,-3.586090326309204,-3.464144468307495,-2.660027027130127,-2.580644130706787,-4.372631549835205,-3.9535815715789795,-1.236189603805542,-3.1602375507354736,-3.03255295753479,-2.813843011856079,-3.338406801223755,-3.7370502948760986,-4.442931652069092,-4.337314605712891,-2.173764705657959,-5.342083930969238,-3.553675889968872,-1.990342140197754,-4.668818473815918,-4.511614799499512,-3.962533712387085,-3.9269051551818848,-2.4141626358032227,-3.041841983795166,-4.339231967926025,-4.034740447998047,-1.3182505369186401,-3.185553789138794,-3.258615016937256,-2.6938130855560303,-3.3505804538726807,-3.847222328186035,-4.951382637023926,-4.538529396057129
HM_2NZ9,A,957,,N,-2.8204190731048584,-4.722421169281006,-2.7167928218841553,-1.2476321458816528,-5.511759281158447,-3.7479450702667236,-4.895252704620361,-5.208440780639648,-4.663748264312744,-3.29496693611145,-3.2221479415893555,-4.32676887512207,-5.808155059814453,-1.09459388256073,-4.474052906036377,-2.800828695297241,-4.4387006759643555,-5.094282627105713,-5.348017692565918,-5.188896656036377,-3.223484992980957,-5.039071559906006,-2.8585543632507324,-1.2547485828399658,-5.544936180114746,-4.159928798675537,-5.067841529846191,-5.257116794586182,-4.5109405517578125,-3.1144070625305176,-3.241046190261841,-4.552700042724609,-5.749274730682373,-0.9312757849693298,-4.528812408447266,-3.2123889923095703,-4.608310222625732,-5.073032379150391,-5.257002353668213,-5.222141742706299
HM_2NZ9,A,1061,,R,-3.159191131591797,-4.396592617034912,-3.145702362060547,-2.9058141708374023,-5.2584452629089355,-3.9332125186920166,-4.610502243041992,-5.402361869812012,-1.0852055549621582,-3.668996810913086,-4.201361179351807,-2.503811836242676,-5.067580223083496,-2.034780740737915,-1.967675805091858,-3.3268933296203613,-3.9214401245117188,-5.11676549911499,-5.34879207611084,-5.317226886749268,-3.0827746391296387,-4.072282791137695,-4.081299781799316,-3.105595827102661,-5.242898464202881,-4.272252082824707,-4.918001174926758,-5.233363628387451,-0.8278610706329346,-3.532987594604492,-4.637537002563477,-3.103253126144409,-5.079002857208252,-2.1323330402374268,-2.4327352046966553,-3.212358236312866,-2.934708833694458,-4.726497650146484,-5.579678058624268,-5.483402729034424
HM_2NZ9,A,1062,,D,-4.136614799499512,-2.880953311920166,-0.7480545043945312,-3.567213296890259,-5.081281661987305,-4.878856658935547,-5.025249481201172,-4.7895917892456055,-5.613242149353027,-5.251836776733398,-5.4106292724609375,-1.8164269924163818,-5.7935943603515625,-4.3335418701171875,-5.502483367919922,-2.167387008666992,-3.336660146713257,-3.1325526237487793,-5.478498458862305,-5.600048065185547,-4.656124591827393,-3.1782901287078857,-0.5958960056304932,-4.078381538391113,-5.203812599182129,-5.3056111335754395,-4.871084690093994,-4.977710247039795,-5.60971736907959,-5.311403751373291,-5.546816825866699,-1.6179769039154053,-5.704986572265625,-5.146984577178955,-5.2801432609558105,-2.8288986682891846,-3.7272610664367676,-3.5046887397766113,-4.923511981964111,-4.573492527008057
HM_2NZ9,A,1063,,P,-3.5857701301574707,-4.7874956130981445,-4.07619047164917,-4.105909824371338,-2.453552007675171,-4.625903606414795,-3.62705135345459,-2.377516031265259,-3.1218926906585693,-2.105909824371338,-3.626965284347534,-3.4125559329986572,-1.732950210571289,-3.807431697845459,-2.024826765060425,-3.518768072128296,-3.5278704166412354,-3.1064486503601074,-3.2673861980438232,-4.066829681396484,-2.1455726623535156,-5.348472595214844,-3.327913999557495,-2.5653269290924072,-5.224401950836182,-4.416164398193359,-4.808774471282959,-4.629973411560059,-2.2179629802703857,-4.649341583251953,-5.292953968048096,-4.103159427642822,-0.9127243757247925,-3.6871612071990967,-3.8105037212371826,-2.4418797492980957,-3.5697412490844727,-4.107356071472168,-5.452042102813721,-5.175957679748535
HM_2NZ9,A,1064,,R,-3.463656425476074,-5.463058948516846,-4.062732696533203,-4.5971550941467285,-3.8815526962280273,-4.840336799621582,-1.234573483467102,-4.9893670082092285,-3.8777036666870117,-3.5264341831207275,-4.412402153015137,-3.609653949737549,-4.898603439331055,-4.120589733123779,-3.0240490436553955,-3.5201590061187744,-4.593600273132324,-4.7925028800964355,-1.027211308479309,-3.1402459144592285,-2.789785623550415,-5.249089241027832,-1.6095813512802124,-2.08327054977417,-4.839034080505371,-2.9082727432250977,-4.261653900146484,-5.031042098999023,-2.8932735919952393,-4.10795783996582,-5.044258117675781,-2.2354865074157715,-5.398517608642578,-3.300652265548706,-3.7249341011047363,-2.0254857540130615,-2.1403801441192627,-4.7454328536987305,-5.068234443664551,-4.560186386108398
HM_3BN9,H,28,,T,-3.455817222595215,-4.908380508422852,-1.2819675207138062,-1.4983896017074585,-5.133232593536377,-4.164628028869629,-4.6212615966796875,-3.2839536666870117,-4.039161682128906,-4.4644622802734375,-5.035263538360596,-2.562997341156006,-3.0827789306640625,-3.382211923599243,-4.228996753692627,-3.4089395999908447,-3.112137794494629,-2.3565514087677,-5.180872440338135,-5.067692756652832,-3.733292579650879,-5.356131553649902,-0.9892654418945312,-2.360703945159912,-4.839311122894287,-4.708142280578613,-4.086600303649902,-4.331939697265625,-3.174072265625,-4.136518478393555,-4.846794128417969,-1.9938156604766846,-2.79552960395813,-3.3213634490966797,-3.569836139678955,-3.3664772510528564,-2.9414820671081543,-3.5526137351989746,-5.034541606903076,-4.750465393066406
HM_3BN9,H,30,,S,-4.940584182739258,-5.523543357849121,-5.128296375274658,-4.941666126251221,-5.625535488128662,-4.872681140899658,-5.887498378753662,-5.763490676879883,-5.8003106117248535,-5.666907787322998,-5.698904514312744,-5.8315534591674805,-5.296144962310791,-5.525778293609619,-5.551686763763428,-0.09549839794635773,-4.311463832855225,-5.60283088684082,-5.66740083694458,-5.656125545501709,-1.492678165435791,-5.0227861404418945,-3.99983549118042,-2.975489377975464,-5.008649826049805,-2.5667037963867188,-4.024587154388428,-5.157839298248291,-2.7861740589141846,-5.089806079864502,-5.220231533050537,-4.134730339050293,-4.31112003326416,-3.493720054626465,-3.4538073539733887,-0.9482111930847168,-4.056951999664307,-4.9584527015686035,-4.892566680908203,-4.792867183685303
HM_3BN9,H,98,,T,-1.979475498199463,-5.256215572357178,-2.8110480308532715,-1.8274954557418823,-4.787425994873047,-4.3871636390686035,-3.930021047592163,-4.739297866821289,-2.8164126873016357,-3.598984479904175,-4.46382474899292,-3.809312105178833,-1.3257129192352295,-3.559771776199341,-2.5677437782287598,-3.0577986240386963,-3.772923231124878,-4.442404747009277,-5.334082126617432,-4.786766529083252,-2.0848002433776855,-5.30916166305542,-2.989173173904419,-1.9563933610916138,-4.745296955108643,-4.407093048095703,-3.9930331707000732,-4.466045379638672,-2.9545698165893555,-3.521489381790161,-4.573071002960205,-4.06935453414917,-1.0986077785491943,-3.587064743041992,-3.1227924823760986,-2.8420701026916504,-3.661907911300659,-4.122660160064697,-5.2805705070495605,-4.732131481170654
HM_3BN9,H,99,,Y,-4.4012370109558105,-5.131845951080322,-3.309685230255127,-4.221323490142822,-1.766333818435669,-5.496739864349365,-1.6685967445373535,-5.325490474700928,-5.361568927764893,-5.465986728668213,-5.420729160308838,-3.156944513320923,-5.715094566345215,-5.1940741539001465,-5.079192161560059,-4.012080192565918,-3.1004250049591064,-4.685846328735352,-3.619096040725708,-0.9363396763801575,-3.18719482421875,-5.047874927520752,-1.7166913747787476,-2.9508306980133057,-3.742161512374878,-4.917039394378662,-2.8345742225646973,-5.032884120941162,-2.8553154468536377,-4.390070915222168,-4.672526836395264,-1.220054268836975,-5.423798084259033,-3.446038246154785,-2.9864702224731445,-2.860382318496704,-2.81772518157959,-4.5110297203063965,-4.980462551116943,-3.5772504806518555
HM_3BN9,H,100,,P,-3.937621831893921,-5.57249116897583,-4.478822231292725,-4.080094814300537,-5.360738754272461,-4.9715471267700195,-5.246035099029541,-5.333822250366211,-4.728024959564209,-5.303500175476074,-5.456472873687744,-5.290192127227783,-0.15309952199459076,-5.147897243499756,-4.957049369812012,-4.357576370239258,-5.207561016082764,-5.415820598602295,-5.310758113861084,-5.289833068847656,-4.3230204582214355,-5.525056838989258,-4.855254650115967,-4.372000694274902,-5.382735252380371,-5.223710060119629,-5.294793128967285,-5.256796836853027,-4.894790172576904,-5.217153072357178,-5.454880714416504,-5.474854946136475,-0.1266556680202484,-5.352639675140381,-5.063547134399414,-4.726190090179443,-5.2891130447387695,-5.34023380279541,-5.2644572257995605,-5.342136383056641
