complex_id,pdb,hot_chain,hot_resnum,hot_aa,ctl_chain,ctl_resnum,ctl_aa,hot_ddG,ctl_ddG,ss,hot_rsasa,ctl_rsasa,d_rsasa,hot_nbr,ctl_nbr,d_nbr,d_logp,d_logp_unc,d_bfac_z,d_gnm,d_buried_polar,d_unsat_polar,d_chi1_strain,d_hydro,d_T,d_logp_o0,d_logp_o1,d_logp_o2,d_logp_o3,d_logp_o4,d_logp_o5,d_logp_o6,d_logp_o7
1A22_A_B,1A22,A,161,K,A,157,K,1.7783553349035608,-0.0523514858914572,H,0.0484401024687262,0.0254298447343707,0.023010257734355503,25,24,1,0.02809980000000012,-0.0589192999999999,-0.6805304859086688,0.01597011827383979,-1.0,0,2.9253692626953125,0.0,298.0,0.42982494831085205,-0.5018640756607056,-0.5423506498336796,0.42237937450408936,0.2549256086349485,0.5091854333877563,-0.3487085103988652,0.0014046430587761893
1A22_A_B,1A22,A,167,R,A,163,E,2.4246162835990783,-0.9096298939368896,H,0.1340808914566766,0.1070444477240689,0.02703644373260769,25,26,-1,1.9236765999999998,1.8571407000000002,0.43907006463712583,0.0222463699360384,0.3333333333333333,0,1.309906005859375,-1.0,298.0,2.1192506551742554,1.4181851148605347,2.5157156586647034,0.8133935928344727,1.830991506576538,2.344722032546997,2.117417871952057,2.2297356128692627
1A22_A_B,1A22,B,11,R,B,123,G,2.115299745535946,,L,0.0131872979573719,0.0222649581709797,-0.009077660213607801,24,23,1,-1.9927817200000002,-2.93162755,0.2570769660446861,0.032433540970230684,0.6666666666666666,0,,-4.1,298.0,-1.6078952923417091,-2.9095120951533318,-1.0817824974656105,-3.254547916352749,-1.4553453177213669,-2.436054088175297,-1.3581693917512894,-1.8389470502734189
1A22_A_B,1A22,B,12,E,B,126,V,1.6919638487429767,-0.669832352809876,L,0.1690911202624688,0.2022587986621273,-0.03316767839965848,21,20,1,0.6403618,0.4890481000000002,0.37692840464929644,-0.008692098837942502,0.0,0,4.628578186035156,-7.7,298.0,0.36538195610046387,0.7259752750396729,1.4251224994659428,0.01886534690856978,0.5558793544769287,0.635572910308837,0.3368163108825679,1.0592796802520756
1A22_A_B,1A22,B,60,T,B,174,S,1.4230269375004536,0.03384845091440465,L,0.0217324195363067,0.060338991368405,-0.0386065718320983,22,22,0,1.2236753000000002,0.7845892999999999,-1.6501780410895783,-0.006334230465036783,1.0,0,-20.11772537231445,0.10000000000000009,298.0,1.4119312763214114,0.9327373504638672,1.5081294775009155,0.8864868879318237,1.6821575164794922,1.8729730248451233,0.06181049346923828,1.4331774711608887
1A22_A_B,1A22,B,63,W,B,61,S,4.681416547066253,-0.18208834128065177,L,0.0217853758949312,0.0267030935523951,-0.004917717657463898,20,21,-1,-0.2273101999999998,-0.3128356000000001,-0.2155433402282051,-0.026578409679190007,1.0,0,-11.697612762451179,-0.09999999999999998,298.0,-0.202470064163208,-0.8127422332763672,0.6374363899230957,-0.22833847999572798,-0.4591867923736572,-0.5156736373901367,-0.6459920406341557,0.4084873199462895
1A22_A_B,1A22,B,65,P,B,81,C,2.964936070743077,0.0,E,0.0016721074018139,0.015209366119814,-0.013537258718000099,22,22,0,0.3057491,0.6859234000000001,-0.6942909527659045,-0.022823857045891405,0.0,0,30.254575729370117,-4.1,298.0,-0.09518181532621381,-0.37733758240938187,1.040005698800087,1.8231250643730164,-0.2532432526350021,0.6859219074249268,-0.31222708523273474,-0.06507086008787161
1A22_A_B,1A22,B,120,I,A,62,S,2.1534296321485966,0.3971126623944804,L,0.162896623769617,0.1457744761707761,0.017122147598840898,17,17,0,1.9587857,1.3073831,-0.4239605140263849,0.00362921576344849,0.0,0,24.873588562011726,5.3,298.0,2.6105573773384094,1.1489892005920412,1.9020178318023682,2.329663395881653,1.2357118129730225,2.3871535062789917,2.4584262371063232,1.5977680683135986
1A22_A_B,1A22,B,124,W,B,30,R,4.729537319129406,0.5673317649079936,L,0.0025899575047831,0.040346957466585,-0.0377569999618019,22,22,0,0.8416868999999999,0.98769914,-2.1578512302654134,-0.04505168413126151,0.33333333333333337,0,-12.8956298828125,3.6,298.0,0.9175190925598147,1.1355591416358948,1.2409290969371796,0.11628174781799316,0.4739912748336792,1.0628641843795776,0.8046786189079285,0.9816718697547913
1A4Y_A_B,1A4Y,A,263,W,B,40,K,1.170849396491051,,L,0.0099683152668705,0.0089497545082013,0.0010185607586692003,26,26,0,-1.2855626999999998,-1.0585377,-0.19297583518190242,-0.1767023851651795,0.0,0,6.921257019042969,3.0,298.0,-2.149992108345032,-1.8512036800384521,-1.3754079341888423,-1.4674184322357182,-0.39972996711731,-1.94614839553833,-1.047691822052002,-0.04690718650817871
1A4Y_A_B,1A4Y,A,318,W,A,289,S,1.5000732434540465,0.0423170461223214,E,0.0206164068933458,0.0002921979450456,0.020324208948300202,25,26,-1,-0.9807498000000001,-1.9291718999999998,0.4253065476020377,0.010438604658587688,-1.0,0,29.148082733154297,-0.09999999999999998,298.0,-1.4453229904174805,-0.5233238935470585,-0.010143518447875977,-2.028599977493286,-1.3084691762924194,-0.21297204494476318,-0.11284101009368919,-2.204324245452881
1A4Y_A_B,1A4Y,A,434,Y,A,438,W,3.2605541973048746,,L,0.0336793282398424,0.0347074403661526,-0.001028112126310203,21,21,0,1.8259950000000003,2.5310619,-0.5474950206057987,-0.037345864607608914,-1.0,0,11.190368652343752,-0.4,298.0,2.289353847503662,1.8103196620941162,1.759965181350708,1.807213544845581,1.8365068435668945,1.398484706878662,1.90930461883545,1.796811819076538
1A4Y_A_B,1A4Y,A,435,D,A,178,N,3.4839828127111745,,L,0.1230589383999891,0.122004099749149,0.0010548386508401064,22,21,1,-1.1853037000000002,-1.6306635999999999,0.5024987179908952,0.013651483346931781,0.5,0,10.192134857177733,0.0,298.0,-2.244345307350158,-1.2661350965499878,-1.6286910772323604,-1.5890028476715083,0.1758897304534912,-1.5276961326599126,-1.1460366249084473,-0.25641250610351607
1AHW_AB_C,1AHW,C,145,Y,B,59,I,3.8053425216717396,,E,0.0163023752781492,0.0111679040838254,0.005134471194323798,22,22,0,0.6720081,1.4163480999999998,0.7211413473875047,0.0364048341710827,1.0,0,-10.902854919433594,-5.8,298.0,1.4863165616989136,-0.47590625286102295,0.4482322931289673,0.8081686496734619,1.5840882062911996,-0.09498679637908936,0.7456638813018799,0.8744852542877193
1AHW_AB_C,1AHW,C,159,T,C,156,T,1.1057706448311257,-0.07411994518312352,E,0.0394974398220036,0.033415066330991,0.006082373491012601,22,22,0,3.29638857,2.61019652,0.7466305473420832,0.037757313037339396,-1.0,0,20.04006195068359,0.0,298.0,3.5987531542778015,3.516446173191071,3.4705061018466954,3.3165293931961064,2.9236012995243073,3.060166507959366,3.048339456319809,3.4367665350437164
1AK4_A_D,1AK4,D,85,P,A,69,R,1.0852303196520656,,L,0.467264625701016,0.4236661145242125,0.04359851117680352,14,15,-1,3.69400294,3.28910832,-0.4034307471576755,-0.004463444554393903,0.0,0,28.785371780395508,2.9,298.0,3.642192929983139,3.384641245007515,3.9591033160686493,3.717830687761307,3.915462628006935,3.680819123983383,3.5847814977169032,3.667193502187729
1AK4_A_D,1AK4,D,90,P,A,72,G,2.1720377019480512,,L,0.0033900605813945,0.014453876826291,-0.0110638162448965,21,20,1,-0.50430589,-0.51344841,0.16883767447647202,0.11558598325124683,0.0,0,,-1.2000000000000002,298.0,-0.4699804782867432,-0.518045336008072,-0.3236895874142647,-0.29671374708414083,-0.7849459946155548,-0.3038749247789383,-0.7886882796883583,-0.5485084876418114
1AO7_ABC_DE,1AO7,A,65,R,E,96,A,3.130316345563444,,H,0.2714152030950879,0.2572271141810967,0.014188088913991148,19,20,-1,0.2937927,0.5369839999999999,-0.125276170414941,0.056570987522628596,0.3333333333333333,0,,-6.3,298.0,1.2701970338821411,-0.32671475410461426,0.9131784439086914,-0.31815457344055176,0.5182857513427734,1.3467513918876648,-0.6271078586578369,-0.4260940551757817
1AO7_ABC_DE,1AO7,C,5,Y,D,94,S,1.6312197716435202,-0.23748840024933013,L,0.0274530586142813,0.0237356948080535,0.0037173638062277976,28,29,-1,-0.41355509999999995,-0.8644333,0.06286262472912962,-0.0034852515825445074,0.0,0,-10.404720306396484,-0.5,298.0,0.23036658763885431,-0.9777734279632568,-0.7874457836151123,-0.9537342786788943,-0.21795034408569425,0.6724820137023926,-0.48438167572021484,-0.7900054454803467
1AO7_ABC_DE,1AO7,D,66,K,D,26,D,1.2109931919914318,0.9785620045877949,L,0.1017373236334041,0.093780556212496,0.007956767420908104,18,19,-1,-1.7243175,-2.0278516,-0.03783312733985206,0.05564440730300507,0.0,0,19.40420532226562,-0.3999999999999999,298.0,-2.2756131887435918,-2.1960244178771973,-1.5723956823349,-1.6475694179534912,-1.7336193323135376,-1.5096041560173035,-1.8884251117706299,-0.971291303634644
1AO7_ABC_DE,1AO7,D,92,T,C,6,P,1.9457840009431795,,L,0.0667629801208311,0.0226206383989785,0.04414234172185259,25,25,0,-1.1462108299999998,-0.8852597,0.24646287559975233,-0.005691972997276806,0.0,0,-21.713088989257812,0.9000000000000001,298.0,-0.9957659542560577,-1.000983715057373,-1.1373506486415863,-0.6644408702850342,-1.5923439115285876,-1.0479616522789001,-0.927438497543335,-1.8034010529518132
1AO7_ABC_DE,1AO7,D,95,W,D,50,Y,2.2234744601442626,0.4909193716462022,L,0.158827828180256,0.1890489071888615,-0.03022107900860549,22,21,1,-0.05379600000000018,0.5947798,-0.5939649182308998,0.0004914817118853998,1.0,1,4.0866241455078125,0.4,298.0,-0.3526020050048828,-0.35876131057739213,-0.18981504440307617,0.05806779861450195,-0.03956127166748047,0.3338136672973633,-0.08943414688110485,0.20792388916015625
1AO7_ABC_DE,1AO7,E,100,P,D,96,G,1.1536409190313672,,L,0.0047702039434808,0.0039807057145073,0.0007894982289735003,24,23,1,0.12938929999999998,0.46723035999999996,-0.06763800875582004,-0.04394450263929642,0.0,0,,-1.2000000000000002,298.0,0.014970481395721436,-0.04966789484024042,0.3175247758626938,0.2563531994819641,-0.1230013370513916,0.10146152973175049,0.1477707028388977,0.3697032183408737
1BD2_ABC_DE,1BD2,A,65,R,A,155,Q,2.498113857024653,,H,0.0872865687998944,0.0772353685953371,0.010051200204557298,22,23,-1,1.0000130999999999,1.1143314999999998,-0.7249251033949466,0.0647387891467433,0.3333333333333333,0,-14.8856201171875,-1.0,298.0,1.1822930574417114,0.8510434627532968,2.175719976425171,0.9202035665512085,0.9098690748214722,0.4408203363418579,0.9365526437759399,0.5836031436920166
1BD2_ABC_DE,1BD2,C,5,Y,D,94,G,3.340519887578047,,L,0.0186972200413689,0.0092198097016632,0.009477410339705698,25,25,0,-1.719538265,-1.67135081,-0.8221748775917948,-0.0005010505166312129,1.0,0,,-0.9,298.0,-2.227267414331436,-1.490998402237892,-1.6093513071537018,-1.6692248284816742,-1.8040419965982435,-1.5075820162892344,-1.7410403564572334,-1.7067995518445969
1BD2_ABC_DE,1BD2,C,8,Y,E,97,G,2.7591382979896313,,L,0.1560099559979387,0.1604453178443164,-0.004435361846377689,20,19,1,-3.61193816,-3.359107925,1.0937665405266552,0.012111939220445095,0.0,0,,-0.9,298.0,-3.5657528489828114,-3.846562013030052,-3.6052501872181897,-3.7706729769706726,-3.6555046290159225,-3.073494404554367,-3.832012802362442,-3.546254485845566
1BD2_ABC_DE,1BD2,D,93,E,C,7,V,1.3151015588177941,,L,0.0010460071581796,0.0426000023722087,-0.041553995214029096,22,23,-1,-0.8938656,-1.4981463000000002,0.29129720940131043,-0.0424092821347144,1.0,0,-9.251708984375,-7.7,298.0,-1.8133782148361206,-0.45755958557128906,-1.4825021028518681,-0.7359938621520996,0.3666098117828369,-1.9726366996765141,-0.5314922332763672,-0.5239691734313965
1BJ1_HL_VW,1BJ1,H,54,Y,L,94,V,1.3276591119757897,,L,0.3188876607485534,0.3134700791891875,0.005417581559365892,19,20,-1,1.3847305999999997,1.593273,-0.12471181228965211,0.023713430981600225,0.0,0,12.455657958984373,-5.5,298.0,1.388968825340271,1.6514301300048828,2.170500636100769,2.8324559926986694,1.4234819412231445,0.22803926467895508,-0.2501709461212158,1.6331369876861568
1BJ1_HL_VW,1BJ1,H,99,Y,W,76,Q,4.438760044581662,,E,0.0,0.0,0.0,26,26,0,0.33445860000000005,0.40004680000000015,-0.06969556625641893,-0.033312118554833986,0.0,0,15.916908264160158,2.2,298.0,1.2472748756408691,-1.3095784187316895,0.5229220390319829,1.2859783172607422,0.17750859260559082,1.8492822647094727,-0.6392316818237305,-0.45848572254180886
1BP3_A_B,1BP3,A,25,F,A,22,Q,1.149772913128874,,H,0.2029713157888814,0.2202496299068094,-0.017278314117928018,17,16,1,-1.1629646,-1.5282395000000002,0.524991942236452,-0.0116461412269723,-0.5,0,-20.254241943359375,6.3,298.0,-1.2015810012817383,-1.2929952144622803,-1.0132129192352295,-0.9000165462493901,-1.2191720008850098,-1.0902094841003418,-0.5647964477539062,-2.0217320919036865
1BP3_A_B,1BP3,A,62,S,A,68,Q,1.415087182894258,0.11392007104713571,L,0.2736639452162294,0.2273650935420701,0.046298851674159286,14,14,0,0.6911209999999999,0.21820839999999997,-0.048028036905048005,-0.1224637866114267,0.0,0,-32.430782318115234,2.7,298.0,0.9151365756988525,1.1561069488525395,1.066739320755004,0.3080415725708008,0.30843544006347656,0.6703367233276372,0.7514629364013672,0.3527059555053711
1BP3_A_B,1BP3,A,163,R,A,178,C,3.0235816057435683,,H,0.0858956545561867,0.0621625356171412,0.0237331189390455,22,21,1,-0.9376282199999999,-0.86288127,-1.0877804175799277,-0.006163311361662593,0.0,0,-18.23438262939453,-7.0,298.0,-0.5580033957958221,-0.8671592473983765,-1.6569881588220596,-0.5824068635702133,-0.3717128038406372,-1.844857171177864,0.08698856830596924,-1.7068876847624779
1BP3_A_B,1BP3,A,164,K,A,170,E,1.7273797417394183,,H,0.1234078409982252,0.0986683338313079,0.024739507166917307,22,21,1,1.3896929000000002,1.5274204,-0.06747740722196749,0.028520138400338985,0.0,0,12.580459594726562,-0.3999999999999999,298.0,1.5667015314102173,1.151598572731018,1.6728252172470093,1.187651872634888,1.4001258611679073,1.773366332054138,1.7258657217025757,0.6394079923629761
1BP3_A_B,1BP3,A,174,R,A,167,D,1.149772913128874,0.06775228519782786,H,0.063554336943162,0.0210637611169719,0.04249057582619009,22,21,1,0.07676670000000008,0.3841220000000001,0.24007703721901563,-0.016487183239241504,0.16666666666666663,0,-9.724746704101562,-1.0,298.0,0.5178532600402834,0.42825782299041837,0.21172857284545898,-0.5637308359146118,0.026143193244934304,-0.14299285411834672,-0.4127112627029419,0.549586296081543
1BRS_A_D,1BRS,A,57,R,D,44,W,5.034875937532767,,L,0.1845633369240203,0.180474769164742,0.004088567759278294,17,18,-1,-0.7640939,-1.7361624,0.1307496679357053,0.0710748271947455,0.0,0,2.4459190368652344,-3.6,298.0,-0.7466154098510738,-2.0933855772018433,-1.096116304397583,-0.8763575553894045,-1.9049226045608525,0.23759186267852783,0.3911132216453552,-0.024059057235717773
1BRS_A_D,1BRS,A,100,H,D,31,G,6.197501555050769,,L,0.0041086401025254,0.0098893041261624,-0.005780664023637,23,22,1,-2.84926303,-3.07730696,-0.08410797352589161,-0.023519574764005097,1.0,0,,-2.8000000000000003,298.0,-2.5573685318231583,-3.2749186530709267,-2.605364143848419,-2.9649833291769028,-3.2021850869059563,-2.5188359394669533,-1.9681765362620358,-3.7022734358906746
1BRS_A_D,1BRS,D,39,D,D,36,A,6.7900142682369005,,H,0.0157086734980167,0.0,0.0157086734980167,27,26,1,-0.10462189999999993,-1.1735509999999998,0.030049485086977468,0.0606936793848869,0.5,0,,-5.3,298.0,-0.4259873628616333,0.7581115067005157,-1.0311266779899597,0.23569762706756592,-0.2782605290412903,-0.2952931523323059,0.20124268531799316,-0.0013588666915893555
1BRS_A_D,1BRS,D,42,T,D,34,L,1.856797887314728,,H,0.1786001533011696,0.1437009341045686,0.034899219196600995,20,19,1,-1.23078564,-1.6107774700000002,0.46709963868843496,0.0417773880197618,1.0,0,1.6031227111816406,-4.5,298.0,-1.1554142385721207,-1.5082695037126541,-1.2966270595788956,-0.982074961066246,-1.287704385817051,-1.081184208393097,-1.5838772803544998,-0.9511333256959915
1BRS_A_D,1BRS,D,74,E,A,36,S,1.0933720719856777,,H,0.2668907257863038,0.2650051863914823,0.0018855393948215005,14,13,1,-1.0941983,-0.057202100000000033,0.2904698600858835,0.0487021297240498,0.0,0,-8.04159164428711,-2.7,298.0,-0.39290642738342285,-1.0819125771522522,-0.6434648036956789,-1.1682000756263733,-0.7696801424026494,-1.065191626548767,-2.19633412361145,-1.4358962178230286
1C1Y_A_B,1C1Y,B,14,T,A,40,Y,1.4548461832557849,,E,0.0139042195037386,0.03266886589919,-0.018764646395451397,24,25,-1,-0.2685972000000001,-0.46276470000000014,-0.627075402842632,-0.029334562451301394,0.0,0,5.976882934570313,0.6000000000000001,298.0,0.39056241512298584,-1.0077789425849915,-0.18481040000915505,-0.12088096141815141,-0.7844448089599609,-1.2841049432754517,1.2115910053253176,-0.3689116239547727
1C1Y_A_B,1C1Y,B,15,V,A,41,R,1.1234491717519564,,E,0.0740126550791518,0.0842501163023349,-0.010237461223183086,17,16,1,0.9663831,0.8406403,-1.5928215470654772,-0.002501849301730308,0.0,0,-14.1776123046875,8.7,298.0,0.9496955275535586,1.0788710713386536,1.13433438539505,1.4576538801193242,0.08805978298187256,0.9521744251251223,1.2831737399101257,0.7871025800704956
1C4Z_ABC_D,1C4Z,A,139,L,D,3,R,1.2164246993766785,0.4669139408787877,H,0.0207546149660926,0.0147606766267954,0.005993938339297199,17,17,0,1.6197493,1.6856494,-2.239163090578629,-0.12436081904481255,-1.0,0,36.50999450683594,8.3,298.0,1.15530002117157,1.5924197435379026,1.6663334965705872,2.264665126800537,1.0038858652114868,1.9464297890663147,1.531660556793213,1.797299861907959
1C4Z_ABC_D,1C4Z,A,149,Y,A,158,M,1.2878589861117773,0.7585519520210893,L,0.2099483737245676,0.1748585175607133,0.035089856163854294,17,17,0,3.7201658200000005,3.6660686,-1.204505631728017,0.01675512027140924,0.0,0,-1.4449768066406214,-3.2,298.0,3.9465714395046234,3.223775982856752,4.039764016866684,3.600526928901672,3.94020214676857,3.7414196133613586,3.738875985145569,3.530191242694856
1C4Z_ABC_D,1C4Z,D,59,P,A,159,I,1.4091355079446504,0.41047252261649486,L,0.019483672270849,0.0444034967879695,-0.024919824517120503,24,24,0,0.46264565999999996,0.33587758,-0.287453088244626,0.0361242613537307,0.0,0,31.827373027801514,-6.1,298.0,0.2442362755537033,0.6560289859771729,0.7155404090881348,0.3812403604388237,0.3051884174346924,0.3611393347382545,0.754197932779789,0.2835933491587639
1C4Z_ABC_D,1C4Z,D,60,F,D,94,P,3.012806746310739,0.8498379302178514,L,0.0380178293349029,0.0274291921379711,0.010588637196931799,22,22,0,-0.27293182000000005,-0.46065731,-0.340928417656124,0.010105353747019263,0.0,0,-23.176591873168945,4.4,298.0,-0.39761584997177124,-0.2379798442125321,-0.27961115539073955,-0.49143481254577637,-0.5274213254451753,-0.3572185039520264,0.061533570289611816,0.0462934672832489
1C4Z_ABC_D,1C4Z,D,93,K,A,182,D,1.1351760237231796,,L,0.3700793268398398,0.3869522301451998,-0.01687290330536001,14,13,1,1.3972920999999998,0.8379781,-0.3977958406757574,-0.05656597556942816,0.0,0,-15.013828277587887,-0.3999999999999999,298.0,1.0419169664382935,1.512702822685242,1.4912126064300537,2.3203702569007874,0.430258512496948,1.397163987159729,1.2464675903320317,1.7382442355155945
1C4Z_ABC_D,1C4Z,D,97,K,D,28,N,1.3011671118471222,-0.17831042305884584,L,0.2855312774237972,0.3080152546828317,-0.022483977259034504,14,13,1,0.4133608000000002,0.3150453999999998,-1.3263936121190154,-0.1452804618080743,0.0,0,,-0.3999999999999999,298.0,0.5188413858413694,-0.22185325622558594,0.4477252960205078,0.4567127227783201,0.6604704856872559,0.5946438312530518,0.7697112560272217,0.0806336402893062
1CBW_FGH_I,1CBW,I,15,K,H,47,S,1.9938671459391348,,L,0.0174323373470069,0.0,0.0174323373470069,35,34,1,0.9806461999999998,1.0390073999999998,-0.09857547367553399,0.004184454450031211,0.0,0,-21.29568862915039,-3.0999999999999996,295.0,0.8684397935867312,1.5311956405639648,-0.021166801452636275,0.8591055870056152,1.0389484167099,0.33215653896331787,1.2687036991119385,1.9677870273590088
1CHO_EFG_I,1CHO,I,15,L,G,42,S,4.781940745378809,,L,0.0083466420367937,0.0278937547687233,-0.0195471127319296,35,35,0,1.6749459500000001,1.5419787,-0.4308925258167492,-0.024836758359545894,-1.0,0,-10.645450592041016,4.6,294.0,1.9788652509450912,2.0115757286548615,2.649706214666367,3.4914109110832214,0.881126344203949,0.4524449110031128,1.3822863101959235,0.5521532297134399
1CHO_EFG_I,1CHO,I,17,Y,I,29,G,2.5081987404267805,-0.9188043689568575,L,0.0734639621561867,0.0315754327847085,0.041888529371478196,25,26,-1,1.7643308000000002,2.4250346,0.18765638433628207,-0.0469940909760157,0.0,0,,-0.9,294.0,2.7510783672332764,2.3273826837539673,0.7401448488235474,0.7626558542251587,2.581271767616272,1.3011619448661804,0.7999947667121887,2.8509572744369507
1DAN_HL_UT,1DAN,U,20,Q,L,72,C,1.3048798931173866,,L,0.0625592758692454,0.0635137952348842,-0.0009545193656387979,24,25,-1,-0.650315445,-0.76396193,-0.1483536530974024,-0.01846338276814552,0.5,0,-7.30975341796875,-6.0,298.0,-0.29393698275089275,-1.0867975652217865,-0.721430703997612,-0.46011465787887584,-0.5881689339876176,-1.0847807228565216,-0.45665144920349127,-0.51064220815897
1DAN_HL_UT,1DAN,U,50,F,T,51,E,1.747820382375819,,E,0.2077553514303964,0.2139789444944646,-0.0062235930640682224,18,17,1,1.3007791,1.1581869000000002,1.0729565808121344,0.05466070973422882,0.0,0,-13.239517211914062,6.3,298.0,0.6080050468444824,1.6284887790679932,1.1547513008117676,1.9194720983505253,1.1356636285781858,1.2812526226043701,1.7147473096847534,0.9638528823852539
1DAN_HL_UT,1DAN,T,15,K,H,227,R,2.512129950976637,,E,0.0614803207381522,0.0761597939030873,-0.014679473164935106,25,24,1,1.4140447,1.65213975,-0.016956125108415376,0.02240743336568668,-0.3333333333333333,0,-9.63531494140625,0.6000000000000001,298.0,1.8461582362651825,1.8405876159667969,2.2793532311916356,1.4800182282924652,0.09648901224136353,2.1679911017417908,0.9128897190093994,0.6888713240623474
1DAN_HL_UT,1DAN,T,39,D,T,46,Y,1.4348348383549392,-0.13156871850350985,L,0.4386364914369818,0.4432448227143879,-0.004608331277406119,14,13,1,1.7082969000000001,1.7859493,-1.0521808841253137,-0.08822118700741,0.0,0,-6.806873321533203,-2.2,298.0,1.841676726937294,1.8343704342842102,1.5864028334617615,1.6057606935501099,1.4837977886199951,1.5677672028541565,2.3011430501937866,1.4454562067985535
1DAN_HL_UT,1DAN,T,40,W,H,125,R,1.9648730043637075,0.7436646564351227,L,0.1286560323412982,0.1379385572600363,-0.0092825249187381,18,18,0,0.61275689,0.7963433,-0.15905850836201396,0.0030076273741797,-0.3333333333333333,0,-8.556785583496094,3.6,304.0,0.6325095593929291,0.22339694201946259,0.5298573076725006,0.8229583352804186,0.648963488638401,0.6125278621912003,0.7264789938926697,0.7053624540567399
1DAN_HL_UT,1DAN,T,53,D,L,77,E,1.9886060502579328,,E,0.0510043147057082,0.0774545914407534,-0.026450276735045193,26,25,1,3.25154071,3.2873642600000004,-0.7582302812893309,-0.020398207906582005,0.5,0,-4.585201263427734,0.0,298.0,3.493863098323345,2.7373966202139854,3.5801389440894122,3.2589977011084557,3.3601992279291153,3.2784796804189678,3.1897891610860825,3.11345923691988
1DAN_HL_UT,1DAN,T,71,F,T,30,T,1.1494361339573633,,E,0.0068491439729495,0.0153855531977027,-0.0085364092247532,21,20,1,-2.06896652,-3.1746168999999997,0.369936031947536,0.03200348928594249,-1.0,0,7.082832336425783,3.5,310.0,-2.440929904580117,-3.034849673509598,-2.2967957854270935,-2.176581025123596,-2.132516026496887,-1.7985417246818542,-1.340413048863411,-1.331104353070259
1DQJ_AB_C,1DQJ,A,31,N,C,15,H,2.013433278986382,,L,0.0787574929165685,0.0814289551425882,-0.0026714622260197024,23,24,-1,2.4550891000000004,2.9746294,-0.11093001841101169,-0.047067035262791185,0.0,0,-7.521911621093748,-0.2999999999999998,298.0,2.2647733092308044,3.073818266391754,2.9523311853408813,1.9685938358306885,2.7179293632507324,1.8345922231674197,2.906121075153351,1.922554850578308
1DQJ_AB_C,1DQJ,A,50,Y,B,52,S,2.678298367954515,,L,0.0457564582246877,0.0,0.0457564582246877,19,20,-1,-1.5814565999999999,-0.9813898999999997,-0.4771211115747105,0.022663913225156818,-1.0,0,-0.8247528076171884,-0.5,298.0,-2.1067442893981934,-1.6606158018112183,-0.8211081027984619,-2.3858284950256348,-2.5082061290740967,-0.554039716720581,-1.9218990802764897,-0.6932104825973511
1DQJ_AB_C,1DQJ,A,91,S,C,16,G,1.4318879316322246,,L,0.0388893883806874,0.0,0.0388893883806874,24,23,1,-2.3602635999999997,-2.284982106,-0.5122800988701466,0.009612723464935219,1.0,0,,-0.4,298.0,-2.494696408510208,-2.2744804024696355,-2.284985512495041,-1.9944183379411702,-2.1876414120197296,-2.6734969168901443,-2.6239965185523038,-2.3483932539820676
1DQJ_AB_C,1DQJ,B,53,Y,A,30,S,1.1802777666692967,,L,0.1550289958977429,0.1118516748897034,0.043177321008039504,22,23,-1,1.4241134999999998,1.1074595,0.754211479895778,-0.03715734315180122,0.0,0,23.102405548095703,-0.5,298.0,0.9106423854827881,1.96310555934906,1.6375412940979004,0.8139698505401611,1.5532071590423575,1.7609139680862425,1.5161560773849487,1.237372875213623
1DQJ_AB_C,1DQJ,C,101,D,C,100,S,1.37655011987778,0.7755827208329521,L,0.0004920960933011,0.0,0.0004920960933011,20,20,0,0.12512394000000004,-0.4697694000000001,0.49111643661464127,-0.08859171006836819,0.0,0,-7.640899658203123,-2.7,298.0,0.2655317485332489,-0.29636436700820934,0.42102137207984924,0.3392376899719239,0.006300032138824463,0.3930848240852356,0.5925692915916443,-0.7203899025917053
1DVF_AB_CD,1DVF,A,30,H,C,94,L,1.6493819136772232,,L,0.2900847586302628,0.2692984768734844,0.02078628175677838,19,18,1,-3.0851140999999997,-0.6170417000000001,0.8567073658890776,-0.019023451053574003,0.0,0,-15.671829223632818,-7.0,298.0,-5.05389016866684,-4.626921057701111,-1.9102396965026855,-1.1865004301071167,-4.628568053245544,-1.1355111002922058,-4.748535931110382,-1.3907438516616821
1DVF_AB_CD,1DVF,A,32,Y,C,92,N,2.030369068345176,,L,0.0751064196457171,0.0591221870859496,0.015984232559767497,20,20,0,2.3253,-0.0966929999999997,-0.18350954193172336,0.010893752539317014,0.0,0,10.742965698242188,2.2,298.0,3.7019660472869873,0.18616533279418945,4.077509641647339,-0.013859033584594727,3.7346413135528564,1.9052948951721191,3.449347496032715,1.5613343715667725
1DVF_AB_CD,1DVF,A,93,S,D,100,V,1.162438598681201,,L,0.2003881898091644,0.2019820754402531,-0.0015938856310886984,18,18,0,-3.1441228999999997,-0.679859,0.5047321041102186,0.15855314191683179,0.0,0,-7.9299468994140625,-5.0,298.0,-0.6572340726852417,-3.547054409980774,-4.127195596694946,-3.021224975585937,-4.025808334350586,-3.484606266021729,-3.141472578048706,-3.148384213447571
1DVF_AB_CD,1DVF,B,32,Y,C,32,Y,1.831470254957875,,L,0.1219763144622466,0.0850816205322439,0.036894693930002706,23,23,0,-2.3410908,-1.7514257,0.26363964886609914,-0.03325574743371229,0.0,0,-6.370433807373047,0.0,298.0,-1.950959324836731,-3.2302727699279785,-2.428626775741577,-1.7464807033538832,-2.017940044403076,-1.6831543445587158,-3.568753242492676,-2.1025383472442627
1DVF_AB_CD,1DVF,B,54,D,B,31,G,4.281255215961087,,L,0.2128301763072669,0.2198047314164759,-0.006974555109209024,18,17,1,3.74039477,3.99680636,0.5648592686273348,-0.0008358314136683864,1.0,0,,-3.1,298.0,3.9485854655504227,3.5549983158707623,3.3847609609365463,3.739556826651096,3.8652491718530655,3.9546678587794304,3.7152583599090576,3.760080493986607
1DVF_AB_CD,1DVF,B,99,R,A,53,T,1.8746446729873085,,E,0.1777802366480308,0.161144383135259,0.016635853512771803,19,18,1,-0.2832897999999999,-0.2557853000000003,0.0543748976284748,-0.0822079766916696,0.0,0,18.710182189941406,-3.8,298.0,0.04715085029602051,-0.48593783378601074,0.16324186325073242,-0.46426892280578613,-0.6817529201507568,-0.24094319343566895,-0.6702642440795892,0.06645262241363481
1DVF_AB_CD,1DVF,B,100,D,A,50,Y,2.7895135033299456,0.6877734126771439,L,0.2244964353098937,0.2493216026679388,-0.024825167358045103,19,18,1,1.6063838000000001,2.2532776,-0.7636106503343078,0.12280462674157178,0.0,0,-11.149765014648438,-2.2,298.0,1.1679279804229736,1.0689315795898438,1.4547193050384521,1.2822413444519047,1.9334721565246578,1.803743839263916,2.333761692047119,1.806272268295288
1DVF_AB_CD,1DVF,D,55,N,D,57,N,1.8606000619994276,,L,0.2570886212066997,0.2611081552860283,-0.004019534079328646,15,14,1,1.8504185999999998,2.27066004,-0.6138982313824871,0.05259028314987102,0.5,0,-45.52634048461914,0.0,298.0,1.497633934020996,1.505778312683106,1.7431995868682861,1.4989606142044067,2.226557075977325,1.6761391758918762,2.269825279712677,2.3852548003196716
1DVF_AB_CD,1DVF,D,104,Q,B,53,G,1.6287221438466404,,L,0.0401750771699365,0.0411679683912526,-0.0009928912213161,21,21,0,-3.68895082,-4.29405517,-0.7842000196442319,0.03142969566513959,0.5,0,,-3.1,298.0,-3.388029284775258,-3.5777521580457687,-3.7227248698472977,-3.4402226954698563,-3.560523360967636,-3.1376937106251717,-4.161486349999905,-4.5231728702783585
1DVF_AB_CD,1DVF,D,106,R,D,105,G,4.090680615177067,,L,0.0524048754830511,0.052211808809894,0.00019306667315710513,20,21,-1,-0.9792613439999999,-1.34680143,0.49838707510157754,-0.041017062447149005,0.6666666666666666,0,,-4.1,298.0,-0.965203270316124,-0.7379494309425354,-0.9875011667609215,-0.8614381030201912,-0.6289687603712083,-1.5219517722725868,-1.058918736875057,-1.072158806025982
1E50_A_B,1E50,A,48,M,A,89,T,1.319674451601355,,E,0.1052467264628888,0.0663069695068235,0.0389397569560653,24,23,1,-3.2025599000000002,-2.871759,-0.5411579186791744,-0.0020311044053146904,0.0,0,-1.060272216796875,2.5999999999999996,298.0,-3.089730679988861,-3.2290414571762085,-3.088387578725815,-2.95967185497284,-3.852025181055069,-3.1464533507823944,-3.063405781984329,-3.191764324903488
1E50_A_B,1E50,A,91,T,B,61,T,1.2778928648364551,,E,0.0032254889546952,0.0031883090881631,3.717986653210001e-05,27,26,1,2.2617637,2.2651823,-1.2942183728329273,-0.022581009087902296,0.0,0,3.40562438964844,0.0,298.0,2.1692754924297333,2.1327257752418527,1.9754425883293152,2.493846148252487,2.341905504465103,2.457430124282837,2.0750491619110107,2.448432683944702
1E50_A_B,1E50,B,32,R,A,97,N,1.7740327276755177,,L,0.3708603920593782,0.3369169625484478,0.033943429510930434,14,15,-1,0.9361710999999999,0.8952443000000003,3.3837043236858824,0.14083569934634343,0.0,0,1.3165969848632812,-1.0,298.0,0.4441840648651123,1.284999132156372,1.136908292770386,1.3351250886917116,1.1645599603652947,0.2809920310974121,0.8577386140823366,0.9848628044128418
1E50_A_B,1E50,B,99,N,A,99,P,1.4072838710179911,,L,0.0165417340517362,0.018774945632233,-0.0022332115804967988,23,24,-1,-0.6679309999999999,-1.09120936,0.4754018552048618,-0.00648973337183259,0.5,0,-29.162708282470703,-1.9,298.0,-0.6966182142496109,-0.4171234965324402,-0.259713813662529,-1.3467605859041214,-0.40930543839931494,-0.9983941316604612,-0.5750608295202255,-0.6404709219932556
1EMV_A_B,1EMV,A,35,V,A,51,I,1.6638669759109947,0.8477453956278275,H,0.0,0.0,0.0,21,22,-1,0.58031794,0.75558178,-0.8361020710828975,0.048434964615655496,0.0,0,5.140373229980469,-0.2999999999999998,298.0,0.17848160862922674,0.7684001624584198,0.6483829617500305,0.8423646688461304,0.4551817625761032,0.523301899433136,0.478608787059784,0.7478214800357819
1EMV_A_B,1EMV,A,52,Y,B,74,S,4.83463531579262,-0.24101999230793322,H,0.0093400348574383,0.0248848831953956,-0.0155448483379573,25,26,-1,0.028313400000000044,-0.12309860000000006,-0.6888544479166782,0.01413175687752849,1.0,1,-2.3257026672363277,-0.5,298.0,-0.4251072406768799,-0.025629758834838423,-0.1443190574645996,-0.6283586025238037,0.9364006519317627,1.020097255706787,0.747511625289917,-1.2540860176086426
1EMV_A_B,1EMV,B,54,R,B,77,S,1.665700915381987,-0.2328891551097506,H,0.1870480289010325,0.1746400679178492,0.012407960983183308,18,19,-1,-0.7743628,-0.890981,0.4092880242387368,0.04897982258107031,0.0,0,-3.5160293579101562,-3.7,298.0,-1.166439294815063,-0.24750018119812012,-0.8094339370727539,-0.8204407691955571,-0.2761249542236328,-1.1245412826538077,-0.7883782386779785,-0.9620447158813477
1EMV_A_B,1EMV,B,97,K,B,83,Y,1.9596368047844788,,L,0.0781072903036742,0.0910311983628185,-0.012923908059144298,24,24,0,0.12424499999999972,-0.6652787,0.16397986885836718,0.04419964673167931,0.0,0,6.207546234130859,-2.5999999999999996,298.0,0.37571966648101807,1.3169199228286743,0.4971383810043335,-0.2373421192169194,1.1674250364303589,-0.04628133773803755,-1.1597816944122314,-0.919837474822998
1FC2_C_D,1FC2,C,27,I,D,74,Q,3.7294546961565307,,H,0.0,0.0118932024254101,-0.0118932024254101,20,19,1,0.10009429999999986,0.37781189999999976,0.35048319659430477,0.08203565757871467,-1.0,0,-42.005990505218506,8.0,298.0,-0.8947818279266357,0.7913007736206055,0.2183535099029541,-0.487135648727417,-0.07120060920715243,0.4851465225219731,0.4238224029541007,0.3352501392364502
1FCC_A_C,1FCC,C,35,N,C,32,Q,2.364048112240645,,H,0.1667012477771,0.2056705341466632,-0.038969286369563205,15,16,-1,-0.3575347,-0.29935370000000017,0.5295520431842127,0.005655877438577012,0.0,0,-1.27362060546875,0.0,298.0,0.7759182453155518,-0.43710625171661377,-1.5588140487670898,-0.9250662326812749,0.24886572360992432,0.5981494188308718,-0.4875032901763916,-1.0747203826904306
1GC1_G_C,1GC1,C,44,L,C,43,F,1.0555473255802814,,E,0.0248770319145999,0.0140754946681836,0.0108015372464163,23,22,1,0.9368143,0.8184141999999999,0.6866266807093444,0.023727114874359717,0.0,0,6.979160308837891,1.0,298.0,1.1078379154205322,1.3003484010696407,-0.07194924354553223,0.7454349994659424,1.1376581192016602,0.8357747793197634,1.7043054103851318,0.7351067066192627
1GC1_G_C,1GC1,C,46,K,C,35,K,1.4303781258773653,0.32192182259821517,E,0.1200150077896105,0.1132941932443766,0.006720814545233891,24,24,0,3.15413494,3.1779057999999996,0.18437720140107228,0.014089064564909895,0.0,0,-15.662506103515625,0.0,298.0,3.177729308605194,2.9699817895889282,3.4106026887893677,3.4261001944541922,2.9991616010665894,3.2528148889541626,3.3167222738265996,2.679966986179352
1GC1_G_C,1GC1,C,59,R,C,61,L,1.1753872476063394,,H,0.2377520192641271,0.2072102717094116,0.030541747554715504,19,19,0,-1.3905298,-1.0232922,0.14485675962065325,0.026706265105846005,0.3333333333333333,0,17.62760925292969,-8.3,298.0,-0.9495497941970819,-1.3801029920577998,-2.184375286102295,-1.3557026386260986,0.3833189010620117,-1.1510956287384033,-2.2669425010681152,-2.219789147377014
1GCQ_AB_C,1GCQ,C,67,P,B,48,P,1.3158661640535187,,E,0.0626834755213165,0.0591622966054723,0.003521178915844206,17,17,0,0.05314756999999999,0.05056531,-0.6159021025088647,-0.034212108607397096,0.0,0,-12.52006721496582,0.0,298.0,0.042120635509490995,0.05185564607381821,0.05692477524280551,0.054107114672660786,0.07682241499423981,0.038117505609989194,0.06296578794717789,0.04226664453744891
1GUA_A_B,1GUA,A,37,E,A,41,R,1.3002321152144958,,E,0.1277703709492343,0.1033146218350593,0.024455749114175,17,18,-1,-0.7420952000000001,-1.0911499,-0.2343519699744655,0.011544406781095584,-0.3333333333333333,0,-7.498573303222656,1.0,298.0,-0.5371813774108887,-0.5736666917800906,-0.20903527736663885,-0.2259535789489746,-1.4309743642807007,-0.3802307844161996,-1.4000859260559082,-1.1796330213546753
1GUA_A_B,1GUA,B,29,K,A,25,Q,1.9983187149889297,,H,0.3121121330176478,0.2664271905948668,0.04568494242278098,15,15,0,1.5513154,1.3152742999999996,-0.2836305955039997,0.10706240598328551,0.0,0,-23.603897094726562,-0.3999999999999999,298.0,1.1325294971466064,1.0831170082092285,1.3484268188476562,1.8470754623413086,1.586619377136231,2.3159579038619995,1.1742601394653325,1.9225335121154785
1H9D_A_B,1H9D,B,2,R,A,13,D,1.0642126527233364,,L,0.2787046872167735,0.2820308128234574,-0.003326125606683883,18,19,-1,0.2161883,-0.057249799999999906,0.6617191985296165,0.046678123237593405,0.0,0,14.293251037597656,-1.0,273.0,-0.054872035980224165,0.5270342826843257,-0.9993407726287842,1.2902418971061702,0.21881961822509788,0.10070133209228516,1.6103813648223877,-0.9634597301483154
1H9D_A_B,1H9D,B,60,G,B,95,G,1.9023307422654165,,L,0.0021527405753948,0.005355923236757,-0.0032031826613621995,23,24,-1,0.0018634559999999994,0.002655374000000002,0.03533681769309249,-0.0088395576079794,0.0,0,,0.0,273.0,0.0012512505054472906,0.0024822130799293934,0.002207733690738692,0.001121200621127999,0.0011474192142486989,0.0024982690811157088,0.0020284652709960938,0.0021711662411690036
1H9D_A_B,1H9D,B,94,N,A,16,N,2.110106560275752,,L,0.0161874087816158,0.0064958809368415,0.009691527844774301,23,23,0,0.9405836000000001,1.8236446500000003,0.32118643224614263,-0.009247635630088097,-0.5,0,-26.036666870117188,0.0,273.0,1.668132305145264,1.043993979692459,0.8682008385658264,0.07303053140640259,0.5614700019359589,1.3530728965997696,0.44944110512733465,1.507326900959015
1IAR_A_B,1IAR,A,5,I,B,127,H,1.170849396491051,,H,0.2151275201834253,0.1841777304238963,0.030949789759529,20,21,-1,2.0019946999999996,1.5433863,0.014491334748447798,0.02459277122057249,-0.5,0,-10.894916534423828,7.7,298.0,1.5040054321289062,2.39829957485199,2.344908237457275,2.1731042861938477,1.3943114280700684,2.166902542114258,2.43433141708374,1.60009229183197
1IAR_A_B,1IAR,A,89,N,A,85,R,1.5580959354804609,0.4266978299790874,H,0.0017970131409653,0.0332304383006829,-0.0314334251597176,24,24,0,0.7584918399999999,0.38374660000000005,0.20334849245106934,-0.05457271772381289,0.6666666666666667,0,26.982269287109375,1.0,298.0,0.17494457960128784,0.23681408166885365,1.1844225525856018,0.6159897446632385,1.3031017929315567,0.9305515289306641,0.3921119570732117,1.229998230934143
1JCK_A_B,1JCK,B,20,T,A,52,S,1.488402051798161,,L,0.0940966248242698,0.0922868549198853,0.0018097699043845006,25,24,1,0.7626713,0.29933260000000006,-0.2105675626617005,0.006536180480366305,0.0,0,1.3226356506347656,0.10000000000000009,298.0,0.6135587692260742,0.40375566482543945,1.4137477874755855,0.9577293395996094,0.4172811508178711,1.1482517719268803,0.4576907157897949,0.689354419708252
1JCK_A_B,1JCK,B,90,Y,A,50,A,2.3357573135514955,,L,0.0335295636130664,0.0044688807807226,0.029060682832343802,27,27,0,1.7432838,2.1289519400000003,0.0,-0.008987686923916605,0.0,0,,-3.1,298.0,1.948609709739685,1.8029175996780396,1.6306402087211613,1.360836625099183,1.7233788967132568,1.292869210243225,2.100765287876129,2.086252748966217
1JRH_LH_I,1JRH,L,30,Y,L,27,E,1.1084563032791503,0.5426151598260328,L,0.208941448543572,0.1953559790171472,0.013585469526424782,18,17,1,-1.6271041399999997,-0.9820878999999998,0.6436494289910556,-0.05090802471095729,0.0,0,0.9622077941894531,2.2,298.0,-1.6622284650802612,-1.937528282403946,-0.8270249366760254,-1.731825828552246,-2.500850260257721,-0.5210939645767216,-1.827244341373444,-2.009037494659424
1JRH_LH_I,1JRH,H,32,Y,H,63,P,1.4333097490566602,,L,0.4709752294657779,0.4874267431856776,-0.01645151371989967,11,10,1,-1.5405834999999999,-2.1330521,-0.5321388932554224,-0.030369755494052297,0.0,0,-19.8512077331543,0.30000000000000004,298.0,-1.6509349346160889,-1.4315401315689087,-2.171196401119232,-1.7774495482444763,-0.805481433868408,-1.7487444877624512,-1.1956390738487244,-1.5436806380748749
1JRH_LH_I,1JRH,H,55,W,I,46,W,2.4213171849672226,,L,0.1288555410614759,0.1416026042063289,-0.012747063144852994,18,17,1,-2.47980732,-2.52634922,-0.13370787257045003,-0.11208184502085217,-1.0,0,-3.7634353637695312,0.0,298.0,-2.531586691737175,-2.405945762991905,-2.872257225215435,-2.769242726266384,-2.556520387530327,-2.215425550937653,-2.427326448261738,-2.06015133112669
1JRH_LH_I,1JRH,H,58,D,I,66,D,1.85464838704982,,L,0.2611307998690024,0.2834050534318668,-0.022274253562864388,11,11,0,-2.5905053,-2.2944416,-1.0552046774647705,-0.13891760257840807,0.0,0,-6.4353790283203125,0.0,298.0,-2.554214835166931,-2.5577878952026367,-2.0722402334213257,-2.864944487810135,-2.7607745230197906,-3.3132188618183136,-2.219427704811096,-2.381433844566345
1JRH_LH_I,1JRH,I,39,Y,I,74,R,3.527122628171493,,E,0.0304395534883113,0.0708281236701131,-0.040388570181801794,20,20,0,-1.584988,-1.64615266,-0.10857537956196939,-0.09790062849250789,0.6666666666666667,0,8.394187927246094,3.2,298.0,-1.4048838913440704,-1.4308625757694244,-1.8771446496248245,-0.947486162185669,-1.6003792881965644,-2.3840976655483246,-1.5087582468986513,-1.5262907743453977
1JRH_LH_I,1JRH,I,41,V,L,93,S,1.6791564619276222,-0.650583555923561,L,0.0431362950611719,0.0799167187804542,-0.0367804237192823,20,19,1,-0.6383532,-0.13755610000000007,-0.47552101648291756,-0.0117689859022935,0.0,0,-5.9245452880859375,5.0,298.0,-0.555402934551239,-0.8461720943450928,-0.8149557709693909,-0.533275842666626,-1.1282657980918884,-0.6852720379829407,-0.7299122214317322,0.18643236160278343
1JRH_LH_I,1JRH,I,42,K,L,94,T,3.3858166197229025,0.38526928615817724,L,0.1260162342150496,0.09638755274362,0.029628681471429594,20,21,-1,0.9323781000000002,0.4606395999999999,0.3651943852763909,0.07147202432697092,0.0,0,-5.205101013183597,-3.2,298.0,0.8106024265289307,1.2335858345031738,1.1871681213378906,0.4086525440216069,0.3469247817993164,1.5953783988952641,0.4806022644042969,1.3961081504821777
1JTD_A_B,1JTD,A,79,Y,B,75,Y,2.2347522219415064,0.48022206661413236,L,0.1259804505330417,0.164043281511689,-0.03806283097864732,25,25,0,0.6747038000000001,0.6577126,-0.31439230058287637,0.0690528287887529,0.0,0,4.370548248291016,0.0,296.0,0.7602578401565554,0.3655072450637813,1.194697380065918,0.10606765747070312,1.4313819408416748,0.662131786346436,0.34637761116027854,0.5312085151672363
1JTD_A_B,1JTD,B,12,N,B,132,D,1.3011671118471222,-0.5488161240543374,L,0.1304828975766979,0.1776198191592237,-0.047136921582525804,24,24,0,0.8762319000000001,1.0021506000000002,-0.6188151235490681,-0.09257216817138492,0.0,0,-9.585868835449219,0.0,298.0,0.927006721496582,1.3602235317230211,-0.6703693866729736,-0.3592400550842285,2.108891487121582,1.0442705154418945,0.929010391235352,1.670062780380249
1JTD_A_B,1JTD,B,14,D,A,104,S,1.5074296942397836,,L,0.0779828281964354,0.0719467568603665,0.006036071336068899,27,28,-1,-3.43060308,-3.35175847,1.1906129042736526,0.0395845553588805,0.0,0,-1.6474761962890625,-2.7,298.0,-3.596904009580612,-3.2315944731235504,-3.4060833454132085,-3.590310111641884,-3.325831919908523,-2.4629326462745667,-4.183642648160458,-3.647525541484355
1JTD_A_B,1JTD,B,35,Y,A,190,V,3.150407363841207,0.03796234973680423,L,0.0081227634618895,0.0058344459974435,0.0022883174644460005,25,24,1,-1.6275543999999997,-1.9038937,-0.7555301995478009,0.02016770778013119,1.0,0,23.759399414062496,-5.5,298.0,-1.5358188152313232,-1.7213909626007085,-1.0907368659973145,-2.3042004108428955,-2.134284734725952,-2.019862174987793,-1.3822346925735474,-0.8319042921066284
1JTD_A_B,1JTD,B,93,D,B,210,Y,1.988940524524266,0.8240213465552473,L,0.2046227475416903,0.2143140487326718,-0.009691301190981494,22,22,0,-1.8828874,-1.7887247,0.4697875129822677,0.015083259391012294,0.5,0,0.89251708984375,-2.2,298.0,-3.2635765075683594,-2.357056021690368,-1.856971263885498,-1.786508560180664,-1.418627142906189,-0.1464766263961792,-1.9230118989944458,-2.31086802482605
1JTD_A_B,1JTD,B,170,Y,B,131,S,2.0263542280666793,0.15156033328878646,L,0.4171071919896301,0.4632167987548274,-0.04610960676519732,16,16,0,-3.0202980000000004,-1.1105663000000001,-0.7208897105018153,-0.1443123188041237,0.0,0,7.588722229003906,-0.5,298.0,-3.7424734830856323,-3.4265451431274414,-2.413336455821991,-1.9142160415649412,-2.3497263193130493,-3.4039852619171143,-3.481827139854431,-3.4302748441696167
1JTD_A_B,1JTD,B,171,F,B,246,S,2.1997293965153855,,L,0.164157376760689,0.1424671292197875,0.021690247540901514,21,20,1,1.4204634600000001,1.73901376,-0.23052005018187904,0.039360833579259596,0.0,0,7.74505615234375,3.5999999999999996,298.0,1.1320061683654785,1.6472154259681702,0.892622709274292,1.731565535068512,1.6504926681518555,1.4560011625289917,1.5479340553283691,1.305868685245514
1JTG_A_B,1JTG,A,78,V,B,39,S,1.90988814615532,0.021610792644000815,L,0.0005971861768104,0.0161823376055583,-0.0155851514287479,21,21,0,1.87508753,2.075990816,-0.329418553914152,0.0015416554376553038,0.0,0,-2.7264060974121094,5.0,298.0,1.6933433413505554,1.5815458819270134,1.9652160629630089,1.9968679323792458,1.8676075637340543,1.8350284174084661,2.006039574742317,2.055050775408745
1JTG_A_B,1JTG,A,79,E,A,190,V,1.8001979849577399,-0.49270148863095753,L,0.0540326397183503,0.0798069252751905,-0.025774285556840193,21,20,1,-0.3979130999999998,-1.4313889999999998,-3.6666294843186904,0.0437287939608034,0.5,0,-4.893245697021484,-7.7,298.0,-1.8272371292114258,0.5149244070053103,-0.13371455669403076,-0.408541798591614,-0.6274030208587646,0.712390303611756,-0.2607038021087651,-1.1530194282531743
1JTG_A_B,1JTG,A,104,M,A,82,P,1.1186526748995211,-0.07375289937941845,H,0.0065755292596665,0.002789364860402,0.0037861643992645,24,24,0,-4.1164832,-3.820417,1.2515939837379608,-0.063878527697276,0.0,0,-26.48453712463379,3.5,297.0,-4.022699236869812,-4.215330004692078,-3.901676893234253,-3.8712860345840454,-4.460027515888214,-3.951077699661255,-4.714169412851334,-3.795600414276123
1JTG_A_B,1JTG,B,49,D,B,48,G,2.372421174597158,,L,0.0581735553346333,0.056456145368746,0.0017174099658873038,26,27,-1,-0.17167850000000007,0.13255379999999972,0.3400429778192877,2.2467035790951773e-06,1.0,0,,-3.1,298.0,0.30541515350341775,0.07515728473663352,-0.06539344787597656,-0.20806264877319336,0.35333049297332786,-0.5791383981704712,-0.521456241607666,-0.7332810163497934
1JTG_A_B,1JTG,B,53,Y,B,71,S,3.181974885254008,0.35792891505037433,E,0.0026403894497273,0.0207645609484681,-0.0181241714987408,23,24,-1,0.7835882299999999,1.2026409999999998,-0.1542827389178676,-0.03603673390050968,1.0,0,3.4736061096191397,-0.5,298.0,1.281715989112854,1.3039941787719727,0.4601784944534302,0.24147599935531616,1.0237525701522827,0.6813238859176636,0.5204139947891235,0.7558513283729553
1JTG_A_B,1JTG,B,112,W,A,77,L,3.009163076795267,0.8644814320462479,L,0.0453858918251032,0.0165449254972913,0.0288409663278119,23,22,1,-3.429738,-3.24522127,-0.22632684141653414,-0.0022346168238747133,1.0,1,0.5557708740234375,-4.7,298.0,-3.3513497114181514,-3.3534444868564606,-3.683935761451721,-3.122002005577087,-3.385436534881592,-3.792232632637025,-3.567931264638901,-3.181570649147034
1JTG_A_B,1JTG,B,141,G,A,213,E,1.329899843730618,,L,0.1745557373450361,0.1375507937667927,0.03700494357824341,17,18,-1,1.3071394299999999,1.64061338,-0.2679966007704388,0.04385216662789779,0.0,0,,3.1,300.5,0.9370250701904297,0.7435553967952727,1.2949502021074293,1.596231147646904,0.6426829099655151,2.0419518053531647,1.1782045364379883,2.022514849901199
1JTG_A_B,1JTG,B,142,F,A,212,G,3.0315079672635883,,L,0.0709922215851227,0.073454044925256,-0.0024618233401333123,25,26,-1,-0.9150600299999999,-0.9249790700000001,0.9097774771077437,0.08041207124319341,0.0,0,,3.1999999999999997,298.0,-0.9379059150815011,-0.8957182392477991,-0.905673272907734,-0.9901011511683465,-0.8778329193592073,-0.8281487077474593,-0.9727029204368592,-0.912397101521492
1JTG_A_B,1JTG,B,148,H,B,128,S,2.7466582373819635,,E,0.0042958268741632,0.0412004722553947,-0.0369046453812315,22,21,1,0.5497894000000003,-0.4966660000000003,-0.07887048250810658,0.014584778793630515,1.0,0,-22.85320281982422,-2.4000000000000004,298.0,0.5671234130859379,1.3903319835662837,-0.18326735496520996,1.102442741394043,-0.1200113296508789,0.9783263206481934,0.2702932357788086,0.39307546615600586
1JTG_A_B,1JTG,B,160,R,B,31,E,3.0679073281389173,0.8209450452329897,E,0.2593930551085727,0.2141326383551695,0.0452604167534032,15,15,0,0.08368390000000026,0.5907929999999999,-0.391584905299599,-0.019390304381321694,0.0,0,-4.234970092773438,-1.0,288.0,0.967921137809753,-0.718034029006958,-0.5842095613479614,0.43280744552612305,0.9276655912399292,-0.1810698509216313,-0.28531813621520996,0.10970973968505815
1K8R_A_B,1K8R,A,33,D,B,33,S,1.59620521584467,,L,0.4751157185400533,0.4686639911271892,0.0064517274128640945,10,11,-1,2.238733,1.9619563000000002,-0.8679689889962128,0.02450752417165919,0.0,0,1.0221939086914071,-2.7,310.0,2.5448349714279175,2.656181812286377,1.9137816429138188,1.5570316314697261,2.7973726987838745,1.9702651500701904,2.741516590118408,1.728878021240234
1K8R_A_B,1K8R,A,38,D,A,40,Y,1.7803357543779699,,E,0.0116782940787995,0.0359342848295021,-0.024255990750702602,23,22,1,-0.7133874999999998,-0.3365985,-0.23297212796034505,-0.0253392347950529,0.5,0,4.443992614746095,-2.2,310.0,-0.5197446346282959,-1.1722813844680786,-1.342749297618866,-0.8060672283172607,0.825663685798645,-1.099387943744659,-0.4440009593963625,-1.1485328674316406
1K8R_A_B,1K8R,B,13,R,B,12,T,2.9124644298919184,,E,0.0322597780314197,0.0459525616695176,-0.013692783638097894,25,24,1,1.3819413999999999,0.14491129999999997,-0.22253637967545936,-0.0054657510370590134,0.6666666666666666,0,-11.499595642089844,-3.8,310.0,1.266922652721405,0.9410096406936644,1.953750729560852,1.4553782939910898,-0.06200408935546875,2.0573028326034546,1.9515664875507355,1.491603136062622
1K8R_A_B,1K8R,B,31,K,A,64,Y,2.836937339384543,,H,0.1989895156916716,0.2382626750914371,-0.0392731593997655,19,18,1,-0.11985445000000006,-0.6636294,-1.799170194140332,0.10047208036581001,0.0,0,6.247505187988281,-2.5999999999999996,310.0,-0.3882575035095217,-0.21066540479660034,0.34763652086257935,0.3511921763420105,-0.7962948083877563,0.19499391317367554,-0.776172399520874,0.31873196363449097
1KTZ_A_B,1KTZ,B,26,I,A,22,H,1.895631703462886,,L,0.1111662841228297,0.1309523658304567,-0.019786081707626996,16,17,-1,1.0293922000000002,0.5892610999999999,-0.20384721706347464,0.02564288914216331,-0.5,0,-5.125236511230469,7.7,298.0,0.7141585350036621,0.7181863784790044,1.0346094369888306,1.0698320865631095,1.05736517906189,1.1718273162841797,0.9085607528686523,1.5605992078781128
1LFD_A_B,1LFD,A,5,I,B,41,R,1.4483802767436469,0.84846113103873,E,0.3042253835874633,0.3329901341380833,-0.02876475055062,14,14,0,0.4013553999999999,1.0264223,-1.400070288922008,0.09043676152235122,0.0,0,-4.422466278076171,9.0,304.0,0.15822160243988048,0.5801912546157839,0.1883927583694458,0.9921482801437378,-0.06880354881286643,0.9360673427581787,0.6037541627883916,-0.17913019657134988
1LFD_A_B,1LFD,A,19,K,A,16,N,1.64755509075393,0.49923171043543596,E,0.0496675668425399,0.098081074534471,-0.0484135076919311,24,24,0,3.7645478000000003,3.0961807,0.04639640582688431,-0.0616719210346072,-1.0,0,4.098701477050781,-0.3999999999999999,298.0,3.996820330619812,3.815031051635742,3.3710336685180664,4.284384071826935,3.2939757108688354,3.2770010232925415,3.731462597846985,4.346674621105194
1LFD_A_B,1LFD,A,39,K,B,24,I,2.0998271003000024,,H,0.0810025322250197,0.041675813204416,0.0393267190206037,20,19,1,0.5333391999999999,-0.22233350000000018,0.4532951024945247,0.11316433854073399,0.0,0,0.19455718994140625,-8.4,298.0,1.3685554265975952,-0.5855988264083862,-0.2329545021057129,0.2622361183166504,0.4836815595626831,0.5635855197906494,1.5695995688438416,0.8376089334487917
1LFD_A_B,1LFD,B,33,D,A,14,N,1.1002917441185578,0.948520151299886,L,0.2830742882141155,0.3064946404049998,-0.023420352190884286,12,11,1,0.8283693999999999,0.5021132,-1.2804225306425203,0.1541951731164199,0.0,0,3.858417510986328,0.0,298.0,0.7734435796737671,1.1240529417991638,1.2587019205093384,0.7932464480400085,0.6469171643257141,0.9351029396057129,0.4082304835319519,0.6872590780258179
1LFD_A_B,1LFD,B,37,E,B,39,S,1.1965592838418202,-0.7506585713677694,E,0.0702334141780041,0.1158066595995612,-0.04557324542155709,18,17,1,-0.02910239999999975,0.27199950000000017,0.028434122317697708,0.009140110148605801,0.0,0,-1.390380859375,-2.7,310.0,0.3971993923187256,0.12321901321411133,0.1519844532012935,-0.3288176059722905,-0.5764827728271484,-0.013645410537719727,-0.1706457138061528,0.18436932563781738
1MI5_ABC_DE,1MI5,D,47,H,D,53,V,1.11677925939132,,E,0.0640113525166194,0.0958085525012602,-0.03179719998464081,19,19,0,-2.8226758000000003,-2.627879,-2.4218939009388496,-0.0596719655285185,0.5,0,15.388717651367188,-7.4,298.0,-2.0724767446517944,-1.7943336963653564,-2.748476982116699,-2.4779927730560303,-2.9659507870674133,-3.9662481546401978,-3.78863188624382,-2.7672975659370422
1MI5_ABC_DE,1MI5,D,90,L,C,6,A,1.2314175678494845,,L,0.0184038583799355,0.0191152585267324,-0.0007114001467969019,26,26,0,-1.7463809999999997,-1.3441551000000003,0.12500937459408312,-0.007384065335685086,0.0,0,,1.9999999999999998,298.0,0.24623680114746094,-2.4232327938079834,-2.4209670424461365,-2.025925040245057,-2.6252405643463135,0.26495742797851585,-2.276153564453126,-2.7107241749763484
1MI5_ABC_DE,1MI5,D,93,G,A,159,Y,1.2314175678494845,,H,0.0287723120486904,0.0049013889350705,0.0238709231136199,27,26,1,1.30732949,1.20207159,0.07710473468875267,-0.0024677975345392955,-1.0,0,,0.9,298.0,1.0642382875084877,1.9944264367222786,1.2885056659579277,1.2923826426267624,0.802272528409958,1.2553881853818893,1.3252921774983406,1.4361302256584167
1MI5_ABC_DE,1MI5,D,96,Y,E,97,A,1.2314175678494845,,L,0.0570837402751351,0.0466852486851091,0.010398491590026003,27,26,1,-3.3876206,-3.1209814400000004,0.4480050963811997,-0.04054328235648058,1.0,0,,-3.1,298.0,-4.298506438732147,-3.90505713224411,-2.6427102088928223,-3.822675257921219,-2.3259095549583435,-3.3945689499378204,-3.4194923043251038,-3.29204261302948
1MI5_ABC_DE,1MI5,E,95,G,D,30,Y,1.2314175678494845,0.4494311457967245,L,0.0,0.0100517664012429,-0.0100517664012429,23,24,-1,1.9713494,0.47525830000000013,-0.37036860490149026,0.007832087197415516,-1.0,0,,0.9,298.0,3.2805968523025513,0.6925065517425528,3.045736610889435,0.7598700523376465,0.7875878810882564,0.8349471092224121,3.0310564041137695,3.3384942412376404
1MI5_ABC_DE,1MI5,E,98,Y,D,28,T,1.2314175678494845,0.5873124986178563,L,0.0766602340691891,0.0647981244567345,0.01186210961245461,21,22,-1,-2.6796029,-3.9781957000000006,-1.4035340671028473,0.019451318356793312,1.0,0,-2.2202415466308594,-0.6000000000000001,298.0,-3.616851329803467,-0.8010635375976565,-3.7376999855041504,-2.737313628196716,-2.6037488579750065,-1.6553954482078557,-3.0205842852592473,-3.264167904853821
1NMB_N_LH,1NMB,H,103,Y,N,262,G,2.140619496834345,,L,0.2965468076663982,0.2938605246874922,0.002686282978905996,21,22,-1,-3.00207934,-3.129121504,-0.19079676854276362,0.0041907256803113135,0.0,0,,-0.9,298.0,-2.9868538230657578,-2.8851963058114056,-2.962743207812309,-2.8588738963007927,-2.8827131539583206,-3.1298495084047318,-3.22832889854908,-3.08207456022501
1OGA_ABC_DE,1OGA,E,28,D,A,150,A,1.5724963209895868,,L,0.0540777978046683,0.0585283991113022,-0.004450601306633897,22,21,1,2.664945,2.6938454,-0.16596607631720406,-0.07867952817868099,0.0,0,,-5.3,298.0,2.5238476395607,3.6345248222351074,2.015811324119568,2.633925199508667,3.54739272594452,2.2927800416946424,2.4873772859573364,2.183901429176331
1OGA_ABC_DE,1OGA,E,48,Q,E,96,S,2.1612792666649274,,L,0.0204258613947505,0.0007128277050234,0.0197130336897271,29,28,1,0.7134944700000001,0.89727052,0.024639530722734948,-0.041011085271882186,-0.5,0,-3.023101806640625,-2.7,298.0,0.5848196595907211,0.8415203541517258,0.935573011636734,0.5896274298429489,0.9337061047554014,0.5363459140062332,0.7230817973613739,0.5632811784744263
1OGA_ABC_DE,1OGA,E,49,I,D,95,G,2.1612792666649274,,L,0.0069441891824888,0.0,0.0069441891824888,27,27,0,-1.73903327,-1.7866803100000002,0.25605192471622273,-0.0030252230417286974,0.0,0,,4.9,298.0,-1.6136615425348282,-1.7873540073633194,-1.952787883579731,-1.9227827563881874,-1.7200556844472885,-1.759318418800831,-1.7553702667355535,-1.4009344354271889
1OGA_ABC_DE,1OGA,E,51,N,D,94,Q,1.1147600269960842,,L,0.3230377075651973,0.3494423065631715,-0.026404598997974205,18,18,0,1.6877691999999997,1.8803711,0.30131461274423377,-0.03967208103897121,0.0,0,-9.576614379882814,0.0,298.0,1.8950669765472408,1.573589563369751,1.4341214895248422,1.4622565507888798,1.5895237922668457,1.674628496170044,2.013134002685547,1.859833002090454
1OGA_ABC_DE,1OGA,E,94,R,C,5,F,2.1612792666649274,,L,0.0299497773871027,0.0255072983026844,0.004442479084418301,24,24,0,-3.4025446,-3.1318111,-0.017360653536868442,-0.0381015164099239,1.0,0,11.598209381103516,-7.3,298.0,-3.586304783821106,-3.3008041381835938,-3.459475874900818,-3.5470030307769775,-3.5764800906181335,-3.5448612570762634,-2.7688162326812744,-3.4366084337234506
1PPF_E_I,1PPF,I,18,L,E,171,G,1.0028606617375955,,L,0.0,0.0,0.0,32,31,1,-0.11785366,-0.16571839500000002,0.3246356424291107,0.014517988234109797,0.0,0,,4.2,294.0,-0.09976138174533838,-0.0742247626185417,-0.14066053926944738,-0.17047342658042908,-0.1678862869739532,-0.08721993863582611,-0.0929869264364242,-0.1096161529421806
1R0R_E_I,1R0R,I,14,E,E,99,G,2.0604670627429025,,L,0.0593163934483449,0.0115305470071281,0.0477858464412168,28,27,1,-1.48655077,-1.5374410699999999,0.19490337371778088,-0.0018979689424493962,0.0,0,,-3.1,294.0,-1.2597677260637283,-1.5884899944067001,-1.7241226732730868,-1.9850945994257927,-1.460876315832138,-1.4363614171743393,-0.8627384305000305,-1.574955761432648
1R0R_E_I,1R0R,I,27,G,E,188,F,1.2963612350909357,,L,0.1268986779085668,0.0940314928423125,0.03286718506625429,25,24,1,-2.6831443,-2.1792936999999997,0.09543474075937458,-0.023685803000793204,0.0,0,,-3.1999999999999997,294.0,-1.54977536201477,-3.131087064743042,-3.262506365776062,-2.504096746444702,-3.394851803779602,-2.708738088607788,-2.2364845275878906,-2.6776163578033447
1REW_AB_C,1REW,C,55,Q,A,55,L,2.6573708661204076,,H,0.0109819189892572,0.0113283081778877,-0.00034638918863049914,24,25,-1,-0.3866480000000001,-0.4002289400000001,-0.20563723915359822,0.04077777722770198,0.5,0,-17.95217514038086,-7.3,298.0,-0.5316067337989807,-0.49170178174972534,-0.202364921569824,0.22730433940887496,-0.5121862888336182,-0.1317327022552489,-0.7709624767303467,-0.6799342036247256
1S1Q_A_B,1S1Q,A,43,N,A,88,K,1.210756199261406,,L,0.3437325086376433,0.3056886392864569,0.03804386935118642,17,18,-1,-1.4180885,-1.5944075999999994,0.2415783878873231,0.09242093043226798,0.0,0,2.0742568969726562,0.3999999999999999,293.0,-1.6858642101287842,-1.31406831741333,-1.3856031894683838,-1.3989899158477783,-1.4625773429870605,-0.7814698219299312,-1.4802789688110347,-1.8358561992645268
1SMF_E_I,1SMF,I,3,K,E,175,G,5.724672691392866,,L,0.0026915352897693,0.0040654673278272,-0.0013739320380579002,31,30,1,-0.75565037,-0.34613944399999996,0.4247854421622653,0.0189459460504596,1.0,0,,-3.5,300.0,-0.636266089975834,-0.4188453406095505,-1.1344848498702047,-0.6812489628791809,-0.7931627258658409,-0.5004887208342553,-1.1505352705717085,-0.7301710098981857
1TM1_E_I,1TM1,I,39,T,I,37,I,2.6491821965802167,,E,0.004752785094931,0.0008142361122658,0.0039385489826652,28,27,1,0.43275090000000005,-0.08600530000000006,-0.8685836966600112,-0.010388773414303692,1.0,0,-5.036865234375,-5.2,298.0,0.09350705146789551,0.5283988714218144,-0.34678423404693626,-0.08830463886260986,1.1276886463165283,0.8394930362701416,1.4784243106842045,-0.17041468620300293
1TM1_E_I,1TM1,I,40,M,E,154,G,1.0272076276256512,,L,0.06899965967547,0.0430013408968028,0.025998318778667207,34,33,1,-1.66507616,-1.70309853,0.391732657995554,-0.0221088177607677,0.0,0,,2.3,298.0,-1.4444191232323647,-1.3048534244298935,-1.1426879316568375,-2.0385607406496997,-1.8103525638580322,-2.1060634329915047,-1.6753861457109451,-1.798286721110344
1TM1_E_I,1TM1,I,41,E,E,100,G,2.9880981051157702,,L,0.0207752524446374,0.0064599036942249,0.014315348750412502,26,25,1,-2.76553192,-3.566759774,-0.651633717201889,-0.021087687253609294,0.5,0,,-3.1,298.0,-3.38652640581131,-2.3743817135691643,-2.6987896636128426,-2.6777841597795486,-2.2465379014611244,-2.411181226372719,-3.132043868303299,-3.1970123797655106
1VFB_AB_C,1VFB,A,32,Y,B,53,G,1.528133111318533,,L,0.03122169155905,0.0605500033643232,-0.0293283118052732,20,20,0,-1.23813383,-1.6774884440000002,-0.23956144301998072,0.0209475805486021,0.0,0,,-0.9,298.0,-0.9454899877309799,-1.2220247462391853,-1.353087492287159,-1.6404521986842158,-1.1418829187750816,-1.1679779440164568,-1.2910730987787247,-1.1430821269750595
1VFB_AB_C,1VFB,B,100,D,C,117,G,3.005001188637171,,L,0.172918193961587,0.1421579857791955,0.030760208182391502,22,21,1,-1.41769004,-2.1485187,-0.4075290770222596,0.0729251883235224,1.0,0,,-3.1,298.0,-1.0778822302818298,-0.862828716635704,-1.2440709248185158,-1.6606372222304344,-1.998909242451191,-1.1781883463263512,-1.1877409890294075,-2.1312618106603627
1VFB_AB_C,1VFB,C,124,I,B,101,Y,1.2314175678494845,,L,0.0264266604382162,0.0457624671233375,-0.0193358066851213,24,24,0,1.3684809699999998,1.38734584,0.44591255536270447,0.06924512271794392,-1.0,0,7.195789337158203,5.8,298.0,1.7819519639015198,1.564115941524506,0.6168883442878721,1.4050844013690948,1.5301360487937927,1.9592075943946838,0.7357559204101562,1.3547075986862183
1VFB_AB_C,1VFB,C,125,R,C,102,G,1.8368993808269287,,L,0.2593153856253631,0.2344371940809318,0.0248781915444313,12,13,-1,0.9352456,0.9933453999999999,-0.8583767339716194,0.04428884500863711,0.3333333333333333,0,,-4.1,298.0,0.6016095876693734,0.8795492649078369,0.5671155452728263,1.2984299659729002,1.3050353527069094,1.436853051185608,0.33533358573913574,1.0580401420593262
1XGQ_AB_C,1XGQ,B,33,V,B,52,S,1.1525789787935092,,L,0.0123210609750353,0.0108483435769194,0.0014727173981159015,20,21,-1,-2.7910296999999997,-2.0260344000000003,-1.4391564028613169,0.011465344587497706,-1.0,0,-1.4273796081542969,5.0,298.0,-2.778918385505677,-3.037676453590393,-2.4967095851898193,-3.4592777490615845,-2.752764582633972,-2.19691801071167,-3.0463106632232666,-2.5596632957458496
1XGR_AB_C,1XGR,B,33,I,C,101,D,2.2602064692392574,,L,0.0,0.0121222857268943,-0.0121222857268943,18,19,-1,-1.3547205999999998,-1.0417385000000001,-1.045207145623802,-0.05377213863916691,-0.5,0,-5.730792999267578,8.0,298.0,-2.374496579170227,-0.5755977630615239,-2.145049810409546,-1.2888078689575195,-0.7554409503936772,-1.2489314079284668,-0.8451519012451167,-1.6042888164520264
1XGT_AB_C,1XGT,B,33,L,C,101,D,2.198891059077828,,L,0.0,0.0062270050758301,-0.0062270050758301,19,19,0,-1.6076493999999997,-1.5628494999999996,-1.3104167523640853,-0.060272851951812006,-0.5,0,5.652961730957031,7.3,298.0,-2.145545482635498,-0.9414703845977797,-1.9540557861328125,-1.579697847366333,-1.5064904689788818,-1.83152437210083,-0.8348875045776367,-2.0675220489501958
1XGU_AB_C,1XGU,B,33,F,B,52,S,4.060660828476691,,L,0.0,0.0,0.0,19,20,-1,-2.1263306,-2.8037196,-0.4629016295264153,-0.0017072307397519026,-1.0,0,-7.736400604248047,3.5999999999999996,298.0,-2.3303252458572388,-2.259649872779846,-2.3675023317337036,-1.4981262683868408,-1.5931487083435059,-2.2939707040786743,-2.639317035675049,-2.028605222702027
1Z7X_W_X,1Z7X,W,261,W,W,318,W,1.3353555091961204,0.9930255101262047,E,0.0617758766838476,0.0455593919642831,0.016216484719564495,23,24,-1,-0.34303380000000017,-0.9055779999999998,-0.9889272375659612,-0.004582180603623198,0.0,0,32.12731170654297,0.0,298.0,0.273909330368042,-0.1497058868408203,-1.837855339050293,0.14904403686523438,0.2541041374206534,-2.0306315422058105,-0.5703635215759277,1.1672310829162598
1Z7X_W_X,1Z7X,W,263,W,X,117,V,2.2114274623341164,,L,0.0740946169041249,0.0644887347206276,0.009605882183497297,25,24,1,-3.1354977,-4.2549219,-1.3849692105551177,-0.15505186269411003,1.0,0,7.095523834228516,-5.1000000000000005,298.0,-4.048953890800476,-3.354204297065735,-2.7167453765869145,-1.8201285600662227,-2.551810383796692,-3.236545145511627,-4.26646214723587,-3.089128255844116
1Z7X_W_X,1Z7X,W,320,K,W,406,N,1.320732873103489,,L,0.1068296573880782,0.1146587259559665,-0.0078290685678883,23,22,1,-2.0548922,-1.3235156,0.19277120893324368,-0.045894808858781,0.0,0,-12.606475830078125,-0.3999999999999999,298.0,-1.5989549160003658,-1.904168605804443,-1.8036060333251953,-2.390544056892395,-1.7694036960601807,-2.596534252166748,-2.3602970838546753,-2.0156309604644775
1Z7X_W_X,1Z7X,W,375,W,X,85,L,1.6688123025080832,,E,0.1435766110024238,0.1651891484992781,-0.021612537496854295,23,23,0,-2.9205261399999998,-2.5946622,0.9864036056225294,-0.06699492236887059,1.0,0,-5.760528564453123,-4.7,298.0,-2.2571081817150116,-2.935685694217682,-3.9286438822746277,-2.131159782409668,-3.0773677825927734,-2.9249109625816345,-3.310918807983399,-2.7984135150909424
1Z7X_W_X,1Z7X,W,434,Y,W,410,G,5.953264042870864,,L,0.0121305440376078,0.0276108853440143,-0.0154803413064065,20,21,-1,-0.7228144,-0.5315782,-1.649165434677452,0.020922981327829493,0.0,0,,-0.9,298.0,-0.47723114490509033,-0.9140211939811707,-0.5423339009284973,-1.061416506767273,-0.967496395111084,-0.9324342608451843,-0.24802505970001243,-0.6395559310913086
1Z7X_W_X,1Z7X,W,435,D,X,87,N,3.6607903964813246,,L,0.1779571202992242,0.1562012912825681,0.021755829016656097,22,22,0,-0.09209120000000004,-0.8618056000000003,-0.6689307071388665,0.052613378797364774,0.5,0,-14.466201782226562,0.0,298.0,-0.8013143539428711,-0.2810328006744385,0.20621085166931197,0.18465757369995162,0.4049227237701416,-0.6055870056152348,-0.302609920501709,0.4580252170562744
1Z7X_W_X,1Z7X,W,437,Y,W,377,A,2.6229603015683534,,L,0.0555500433317187,0.040299750503095,0.015250292828623703,25,25,0,-0.7937286000000001,-1.7258228999999998,1.7580106150761439,0.1018898996726742,0.0,0,,-3.1,298.0,0.08265686035156294,-0.19984316825866655,-1.0065250396728516,-1.4302952289581299,-1.4324367046356197,-1.0387794971466064,-0.2586331367492676,-1.065974593162537
2A9K_A_B,2A9K,B,65,E,B,45,K,3.1516228401257504,,H,0.1937186672678024,0.2043591514669276,-0.010640484199125194,20,21,-1,0.70442914,0.9530011999999999,-0.8453134118746518,-0.014836729881656602,0.0,0,-21.661918640136715,0.3999999999999999,310.0,0.9897321462631223,0.5236104428768158,0.7523800730705261,0.7913686037063599,1.1401266157627106,0.5436002016067505,0.5319402217864988,0.3626742362976074
2AK4_ABC_DE,2AK4,A,151,R,E,26,N,1.3667185414670637,0.2086792948179881,L,0.3436529212274086,0.3461546472487268,-0.002501726021318207,16,16,0,-0.2730169,-1.1375227,0.5828466015802544,0.00422920961560358,0.3333333333333333,0,-12.366401672363281,-1.0,298.0,-1.1486161947250366,-0.5255982279777527,0.3972105383872985,-0.41675376892089844,-0.291553735733032,-0.5227288007736204,0.04303479194641091,0.28086817264556885
2AK4_ABC_DE,2AK4,A,157,R,A,62,R,1.403360330923035,,H,0.2355437842570769,0.2201189184498751,0.015424865807201787,21,20,1,2.07166918,0.9765641,0.2922708604550571,-0.07119485391848812,-0.3333333333333333,0,-9.560516357421877,0.0,298.0,1.3304288685321808,2.812313511967659,1.499972075223923,2.500489056110382,2.1169828176498413,2.5533386170864105,2.3999050855636597,1.3599212765693665
2AK4_ABC_DE,2AK4,C,4,P,D,96,F,1.0959006384745251,,L,0.026344376511513,0.0142489171077664,0.012095459403746602,22,23,-1,4.14076874,4.2358633,0.2770862813151975,0.0781027256896615,0.0,0,4.623432159423828,-4.4,298.0,4.371182948350906,4.333412170410156,4.503804534673691,3.1995332837104797,4.571766301989555,3.411310166120529,3.919016808271408,4.816123425960541
2AK4_ABC_DE,2AK4,C,5,L,E,28,N,1.403360330923035,0.822526318997111,L,0.0062728180578216,0.0043230502237239,0.0019497678340977005,26,25,1,-0.44981659000000007,-0.49266616,0.017935976909278173,0.033570586517133516,-1.0,0,-3.4722061157226562,7.3,298.0,-0.08985003829002389,-1.3869165778160095,-0.46307879686355596,-0.20092743635177607,-0.4772900938987732,-0.4589410573244095,-0.47583682835102087,-0.045692235231399536
2AK4_ABC_DE,2AK4,C,7,Q,E,27,H,1.403360330923035,,L,0.027708024315314,0.033395519731125,-0.005687495415811001,28,27,1,-1.2641848999999998,-1.8914876999999999,0.13976249905808347,-0.05787969074655139,-0.5,0,-5.277519226074219,-0.2999999999999998,298.0,-1.2854071855545044,-0.7998034954071045,-1.6069107055664062,-1.7020527124404907,-1.248572826385498,-1.4811720848083496,-0.8035988807678225,-1.1859616041183472
2AK4_ABC_DE,2AK4,D,98,N,E,92,P,1.403360330923035,,L,0.0056771109850107,0.0028385270230873,0.0028385839619234,24,24,0,-2.3988753,-3.0347923,-0.4518749939293623,-0.050567458577293695,0.5,0,-30.02768898010254,-1.9,298.0,-1.9432926177978516,-2.6010918319225307,-1.9693483710289001,-2.2731984853744507,-2.9261527657508855,-2.862128347158432,-2.1322881877422333,-2.4835036993026733
2AW2_A_B,2AW2,B,22,Y,A,46,C,1.8842400174523888,,E,0.1571157833788595,0.1978113223717126,-0.04069553899285308,25,24,1,0.11910546,0.734208,0.26961850102241053,-0.0753233630863345,0.0,0,-14.564704895019531,-3.8,298.0,-0.4809002801775933,-0.5928798019886017,-0.40561465173959743,1.0290787816047668,-0.6041180416941643,0.2343286573886872,0.5841044187545776,1.188844621181488
2AW2_A_B,2AW2,B,35,V,A,4,Q,1.0959006384745251,,E,0.0562196104114576,0.0465140330850187,0.009705577326438904,22,21,1,0.4706210000000004,0.8968726000000002,1.0090837026467896,-0.049825020269176706,-0.5,0,-3.5456695556640625,7.7,298.0,-0.004951000213623047,0.5717399120330806,1.046292781829834,0.10863542556762695,0.09047722816467285,0.3503611087799072,0.540003776550293,1.0624101161956787
2B42_A_B,2B42,A,357,H,A,362,G,1.6212374728821843,,L,0.115510648295963,0.0989499013141976,0.016560746981765392,25,26,-1,-3.877613806,-3.24397733,-0.8340804763214495,0.08414358649292669,0.5,0,,-2.8000000000000003,295.0,-2.9766817539930344,-4.190343603491783,-3.875546090304851,-4.267969340085983,-4.01958055794239,-3.955628603696823,-4.28056426346302,-3.454595886170864
2BNR_ABC_DE,2BNR,A,66,K,A,72,Q,1.6885781242920541,-0.09624154412630512,H,0.0421557444226159,0.0275845647840652,0.014571179638550702,26,27,-1,1.2043845,0.7745352999999999,-0.25277684002040357,0.006283883253776101,-0.5,0,6.1388702392578125,-0.3999999999999999,298.0,0.7534562349319465,0.22461068630218484,1.5037270784378052,0.9489656686782837,1.6341986060142517,1.3802520632743835,1.4676393866539001,1.7222270965576174
2BNR_ABC_DE,2BNR,A,73,T,A,69,A,1.2844846939463561,,H,0.0,0.0,0.0,25,26,-1,-1.0983899,-1.0444898999999999,-0.06867487699644004,0.018870083202750187,1.0,0,,-2.5,298.0,-1.3753073066473007,-0.8636321425437927,-1.0568985342979431,-1.4111242890357971,-0.6094335615634918,-0.8312620520591736,-1.5026768445968628,-1.1367851495742798
2BTF_A_P,2BTF,P,59,F,P,125,K,1.5950260239100018,0.45985000018682237,H,0.1215832612698351,0.1124710461684898,0.0091122151013453,20,21,-1,-0.016186100000000092,0.10994349999999997,-0.6646137460938268,-0.013688290292974081,0.0,0,-23.372207641601562,6.699999999999999,298.0,-1.0324156880378723,0.05655121803283736,-0.26153647899627663,0.15456295013427823,0.4939814805984495,0.07501602172851607,0.8926918506622321,-0.5083403587341309
2FTL_E_I,2FTL,I,18,I,E,192,W,4.969061230435361,,E,0.027512529995354,0.031945656322425,-0.004433126327070998,26,26,0,-0.002189519999999945,-0.13544029000000002,-0.3601746116801826,0.02870450078309361,-1.0,-1,-1.5770492553710942,5.4,295.0,0.14509600400924683,-0.11138427257537842,0.07120797038078314,0.25064450502395635,0.01115915179252619,-0.25874042510986334,0.17783725261688232,-0.3033363223075867
2FTL_E_I,2FTL,I,34,V,E,130,Y,4.049499266702131,,E,0.2373195519709061,0.2367243799355891,0.0005951720353170042,19,18,1,0.054998400000000114,0.20590710000000012,-1.1642197630811124,-0.0063617865419260955,0.0,0,0.6697235107421875,5.5,295.0,0.6787210106849673,-0.2883252501487732,0.5292502641677856,-0.6599922776222231,-0.24709206819534302,-0.20070064067840576,0.36756086349487305,0.2605651617050171
2FTL_E_I,2FTL,I,39,R,E,78,S,4.049499266702131,,L,0.4498816282013478,0.4324247577759844,0.017456870425363424,17,16,1,-0.9339646000000001,-0.5831305999999998,0.09876455141078572,-0.016906868910332495,0.0,0,27.745899200439453,-3.7,295.0,-0.8749415874481201,-0.8319517374038694,-0.9639022350311279,-0.7468845844268799,-1.228994250297546,-1.0724923610687256,-1.1589739322662354,-0.5935730934143066
2G2U_A_B,2G2U,B,53,Y,B,71,S,2.3007136524833776,-0.511977982938513,E,0.0047893208400045,0.0177339362692808,-0.012944615429276302,24,24,0,0.24910923000000007,0.6732482000000001,-0.1418428342571218,-0.03849828067634431,1.0,0,7.698730468749998,-0.5,298.0,0.0036402344703674316,-0.1918267011642456,0.4604316949844358,0.7787206768989563,0.030797898769378662,0.6574906706809998,0.17649954557418823,0.07712012529373169
2G2U_A_B,2G2U,B,148,H,B,128,S,1.1184495656132085,,E,0.0197388438560277,0.0117805633302364,0.0079582805257913,19,20,-1,0.43455790000000016,0.1778211999999999,0.20047994125948793,0.018876164515560512,0.0,0,-7.2296600341796875,-2.4000000000000004,298.0,0.2149360179901123,0.9738616943359375,-0.7600493431091309,1.8251734972000118,-0.8728532791137691,-0.017570972442626065,1.643457651138306,0.46950864791870117
2GOX_A_B,2GOX,B,31,R,B,52,Q,1.8823314008138718,,H,0.1415774204728797,0.1044479441980744,0.037129476274805284,19,19,0,-0.704239,-0.17998570000000003,-0.47112489242609634,-0.05527694690143589,-0.6666666666666667,0,2.075714111328125,-1.0,298.0,-1.1701353788375854,-0.35376691818237305,0.07895594835281372,-0.45511841773986805,-0.42305493354797363,-1.0879305601119995,-1.2019799947738647,-1.0208824276924133
2J0T_A_D,2J0T,D,66,M,A,82,Q,1.6804579784970595,,L,0.23750016652106,0.2698577480701079,-0.03235758154904786,22,21,1,-0.33679700000000024,-0.3888297999999999,-1.4822984141724644,0.03641967903900631,0.0,0,-9.447711944580078,5.4,305.0,-0.6051735877990723,-0.26339006423950195,-0.6603267192840576,0.04261493682861328,-0.4605715274810791,-0.16045093536376953,-0.4172077178955078,-0.16987109184265137
2J0T_A_D,2J0T,D,68,S,D,69,V,2.1054297391793457,,H,0.063235889109478,0.0583549362335929,0.0048809528758851015,25,24,1,2.7189997,2.4529517,-0.17648022267663488,-0.0089210667963764,1.0,0,-1.7636032104492188,-5.0,298.0,2.772798538208008,2.640482783317566,2.660653591156006,2.957344114780426,2.767043888568878,2.6131850481033325,2.7576622366905212,2.58282732963562
2NYY_DC_A,2NYY,A,891,L,A,926,N,2.589209962967786,0.09934819078872777,L,0.061830612733118,0.034612812387766,0.027217800345351997,23,24,-1,0.06989080000000003,0.23266980000000004,-0.06382740850136437,0.0014553228196264034,-0.5,0,-0.24197769165039062,7.3,296.0,1.4032323360443115,-2.0918692350387573,-0.8904684782028198,1.8030747175216675,0.21199226379394576,-0.6119778156280526,0.2592672109603882,0.47587585449218706
2NYY_DC_A,2NYY,A,892,E,C,97,E,2.8391314691054594,,L,0.0774411204726182,0.1063056485467591,-0.028864528074140902,22,23,-1,-1.5543698,-2.86360964,-0.34584999495368934,-0.05819879510114809,0.0,0,9.842277526855469,0.0,296.0,-2.8093368411064144,-0.30431139469146706,0.04697132110595703,-0.7230998277664187,-2.8868791460990906,-2.816366553306581,-1.5242784023284919,-1.4176564812660217
2NYY_DC_A,2NYY,A,925,F,C,100,F,4.058501760948707,,L,0.0335310182104314,0.0336390511263707,-0.00010803291593930453,24,24,0,-0.021272100000000016,-0.14225659999999984,-0.2837418432469744,0.0013929996021871949,0.0,0,4.6454925537109375,0.0,296.0,-0.09523558616638161,0.45362997055053733,0.6369121074676514,0.046388745307922585,0.1928248405456543,-0.6236275434494019,-0.2587122917175293,-0.5223565101623535
2NYY_DC_A,2NYY,A,1035,T,C,95,G,1.630870693885671,,L,0.0688749266666305,0.041973345214508,0.026901581452122507,25,25,0,1.2877290000000001,1.3055146,-0.1684207749324691,0.031178631080296892,0.0,0,,-0.29999999999999993,296.0,0.8338007926940918,1.184844732284546,1.0448107719421387,1.1994190216064453,1.5762567520141602,1.522932767868042,1.6210083961486816,1.3187565803527828
2NYY_DC_A,2NYY,A,1036,H,C,32,Y,7.319427268768097,,L,0.0184862067969828,0.0220811345142916,-0.0035949277173088004,20,20,0,0.4576112,0.32710132999999997,0.26146188699156103,0.025438301674184705,0.0,0,-0.7285499572753906,-1.9000000000000001,296.0,0.3804425597190857,0.17699694633483887,0.2574441432952881,0.6742655634880066,0.3059208393096924,0.6671948432922363,0.5062371790409088,0.6923872232437134
2NZ9_DC_A,2NZ9,A,890,N,C,100,F,2.160031290132344,,L,0.0125366585673925,0.0146279569664085,-0.002091298399015999,24,24,0,1.40869726,1.06165528,0.9119069629288437,-0.08128641423514071,0.5,0,12.233470916748047,-6.3,296.0,1.5160956680774689,1.5162895023822782,1.4530232697725296,1.2295311242341995,1.1426919996738434,1.3241548240184784,1.475168690085411,1.6126228421926498
2NZ9_DC_A,2NZ9,A,891,L,C,95,G,2.2799642665477884,,L,0.03120665639263,0.0285500556514787,0.002656600741151302,24,25,-1,3.3089795000000004,2.8252200000000003,0.038923787300151,-0.03341385976320921,0.0,0,,4.2,296.0,2.9865293502807617,1.8986217975616455,3.8441258668899536,3.352414131164551,3.0465283393859863,3.9181636571884155,3.9329216480255127,3.4925310611724854
2NZ9_DC_A,2NZ9,A,892,E,C,98,V,2.7703592680860214,,L,0.0663469442677564,0.1139945515324581,-0.0476476072647017,21,20,1,1.5859985000000005,0.5024252999999996,-0.050420301981572324,-0.2228576817211847,0.5,0,9.757865905761719,-7.7,296.0,0.6686248779296871,3.0239529609680176,2.2825722694396973,3.063483715057373,1.2609589099884033,0.0922617912292476,0.8284144401550293,1.467721700668335
2NZ9_DC_A,2NZ9,A,925,F,A,1032,C,3.340438225057939,,L,0.0280036849903291,0.0155801496052913,0.012423535385037801,24,23,1,-1.6013434999999998,-1.2575102,0.2100315598321584,0.07516430027391391,0.0,0,5.929595947265627,0.2999999999999998,296.0,-2.0832899808883667,-0.7544355392456055,-1.2884882688522339,-1.2258682250976562,-1.6966885328292847,-1.7766776084899905,-1.7817542552948005,-2.2035470008850098
2NZ9_DC_A,2NZ9,A,1035,T,A,926,N,2.3703813413548978,-0.15216729887098615,L,0.0325205569081984,0.0361531559102394,-0.0036325990020409996,25,25,0,-1.4823881,0.16005999999999965,-0.8498315884766949,0.04452359852795068,-0.5,0,2.6128387451171884,2.8,296.0,-0.9352116584777832,-2.3603285551071167,-2.990313768386841,-0.41668272018432573,0.03892850875854492,-1.8214259147644043,-1.7565089464187622,-1.6175618171691895
2NZ9_DC_A,2NZ9,A,1036,H,C,32,Y,7.419701127593354,,L,0.0209174204098128,0.023264029115884,-0.002346608706071198,20,20,0,0.1251065,-0.4330806999999999,-1.0076729114131442,0.022723788085838914,0.0,0,1.0690345764160138,-1.9000000000000001,296.0,-0.22532689571380615,-0.14163392782211304,0.023527145385741965,0.22337067127227794,0.27825528383254994,0.2856830358505247,0.32329338788986206,0.2336820363998413
2PCC_A_B,2PCC,A,197,V,A,193,A,2.101740090652802,,L,0.0154183672442851,0.0325129118075811,-0.017094544563295996,21,20,1,1.36719137,1.78816674,0.08894446244259957,-0.08972518370889371,0.0,0,,2.4000000000000004,298.0,0.9251387715339661,1.670857459306717,1.5452555119991302,1.399912178516388,1.7193191945552826,1.9175361692905426,0.8654618859291079,0.894049346446991
2WPT_A_B,2WPT,A,27,E,A,31,N,1.7331760686627418,-0.2590991581572307,H,0.1601804561913726,0.1625461874532338,-0.0023657312618611814,18,19,-1,2.1535469000000003,1.2651554000000003,0.059857233905934004,-0.010309674881505082,0.0,0,-2.9225463867187536,0.0,298.0,1.8430190086364746,3.590330958366394,2.3888351917266846,2.6032662391662598,1.9608168601989755,0.8887584209442141,1.7871949672698975,2.1661527156829834
2WPT_A_B,2WPT,A,34,V,A,50,I,3.80759418473735,,H,0.0,0.0,0.0,23,24,-1,0.39567443,0.25862319999999994,-0.3310979354145044,0.030786307150519582,0.0,0,6.9093017578125,-0.2999999999999998,298.0,0.4834928512573242,0.25090765953063954,0.455084890127182,0.528252184391022,0.4839687943458555,0.4556514620780946,0.5479589402675629,-0.03992140293121327
2WPT_A_B,2WPT,A,38,E,A,20,A,4.501153137793563,,H,0.0662632264752852,0.0676851969270965,-0.0014219704518113052,20,21,-1,2.7763269,2.23162106,-0.008474170193424335,0.0376132604218882,0.5,0,,-5.3,298.0,2.94223353266716,2.092040061950683,2.640303492546081,2.1414202451705933,2.8992205262184143,3.0808186531066895,3.1467369496822353,3.2678408473730087
2WPT_A_B,2WPT,A,47,S,A,46,G,2.4246162835990783,,H,0.0020346754868634,0.010528319591033,-0.0084936441041696,22,21,1,-1.15317227,-1.8141604999999998,-0.21952136120108512,-0.0335569943720713,1.0,0,,-0.4,298.0,-0.8151706755161287,-1.121611326932907,-1.1628189980983732,-1.5928029268980026,-0.7338310927152633,-1.222519040107727,-1.8500041663646698,-0.7266191989183426
2WPT_A_B,2WPT,A,48,D,B,70,S,5.214129786929024,-0.45693659990939217,H,0.1674450840473047,0.1820801151179127,-0.014635031070607984,18,19,-1,2.3625874,2.2535452,0.33558722795744933,0.0312601587504579,0.5,0,6.2014083862304705,-2.7,298.0,2.206722751259804,2.8730070739984512,1.943947196006775,2.1924679279327393,2.4707896411418915,2.401281461119652,2.2508070915937424,2.5616762191057205
2WPT_A_B,2WPT,A,51,Y,A,30,D,5.214129786929024,-0.7758555558295367,H,0.0192425586873389,0.0220018825516157,-0.0027593238642768005,24,24,0,-0.38431640000000034,-1.0303156999999998,-0.10355637742321466,-0.044328691020666694,-1.0,0,-12.315444946289062,2.2,298.0,0.7438323497772215,-1.0001240968704228,0.9045817852020268,-1.4818130731582642,-0.3841698169708252,-0.2623870372772217,-0.3039791584014897,-1.2904728651046753
2WPT_A_B,2WPT,A,52,Y,A,59,D,5.214129786929024,,L,0.2972600770774331,0.2704077549893888,0.026852322088044334,18,18,0,0.5061563999999998,0.07968510000000006,-0.3547045523819004,-0.05345440987626557,0.0,0,0.8323898315429688,2.2,298.0,0.9186786413192749,0.4497969150543213,-0.1532186269760134,0.6766830682754514,0.4790084362030027,1.0940704345703125,0.288205742835999,0.2960277795791626
2WPT_A_B,2WPT,B,68,N,B,71,S,1.251038131995906,-0.09516641326410087,H,0.0042335204200204,0.0067159776708063,-0.0024824572507859003,26,26,0,3.0878457,3.2039644,0.24822256858238534,0.018349371306997986,1.0,0,17.576408386230472,-2.7,298.0,3.1176530122756962,2.95890074968338,3.5493706464767456,2.764172613620758,3.4117540121078496,2.861398339271546,3.5725859999656677,2.466929912567138
3AAA_AB_C,3AAA,A,258,R,B,138,D,2.2071155180453785,,L,0.384715047603061,0.3990838836731876,-0.014368836070126567,13,13,0,1.702462,1.1013317,-0.024332394832150606,0.1939009428611937,0.0,0,-9.021339416503906,-1.0,293.0,1.197618246078491,2.0556334257125863,1.460361242294311,1.49132239818573,1.6296589374542236,1.625171422958374,2.107993602752686,2.0519361495971684
3AAA_AB_C,3AAA,C,7,W,C,10,K,3.330200571862061,,H,0.0246584615996277,0.0310498777239804,-0.006391416124352699,24,25,-1,0.21029229999999988,0.044996500000000106,-0.20478436684405132,-0.006883055732591126,1.0,0,-4.453834533691408,3.0,293.0,0.7790695428848267,0.07902610301971413,-0.7979162931442261,-0.8254317045211799,1.1307082176208498,0.5050672292709353,0.49213242530822754,0.3196839690208435
3AAA_AB_C,3AAA,C,43,D,A,246,T,5.036890053552191,,H,0.0186926059791154,0.0028862343364138,0.0158063716427016,25,25,0,0.42587019999999987,-0.15921680000000027,0.17131603314124344,0.11228038802841261,-1.0,0,-7.362663269042969,-2.8,293.0,-0.2843844890594478,1.060640811920166,0.28305649757385254,1.1346755027770992,0.9366526603698726,0.39284539222717285,-1.048797845840454,0.9322745800018302
3B4V_AB_C,3B4V,C,49,L,C,191,C,3.5789691628886766,,H,0.0,0.0233015026375402,-0.0233015026375402,21,20,1,0.1336226,0.7736333,0.06449097709206486,0.025499662368020592,0.0,0,-2.004119873046876,1.2999999999999998,298.0,0.283058986067772,-0.027140356600284604,-0.031432606279850006,0.35627137124538427,0.832285039126873,-0.12051694840192789,-0.08683028817176819,-0.1367143988609314
3B4V_AB_C,3B4V,C,52,F,C,48,N,3.848450843750125,,H,0.1495558425123634,0.131860748736223,0.017695093776140397,22,21,1,0.4338291000000001,1.0468204,-0.2455452431592121,-0.058476675484887025,0.0,0,-1.5477256774902344,6.3,298.0,-0.044540405273437944,0.3732748031616211,0.23822498321533203,0.4441071748733527,0.38802194595336914,1.151968240737915,0.775031566619873,0.14454412460327148
3B4V_AB_C,3B4V,C,53,L,A,24,W,3.391638413012278,,L,0.0011521818393364,0.00123386529065,-8.168345131359992e-05,21,21,0,0.59112931,0.9080044500000001,0.6430793995260262,-0.072100320825149,-1.0,0,12.177047729492188,4.7,298.0,0.6229996383190155,0.7140182629227638,0.3844588845968247,0.4430932700634003,1.266356147825718,0.3918451070785523,0.5923995301127435,0.3138631582260132
3BK3_A_C,3BK3,C,28,I,C,39,C,1.2609510009474219,,E,0.0474544023519793,0.0939234582553966,-0.046469055903417295,19,19,0,-0.13946132,-0.12556784,-0.12555238138770974,0.0020005691465211917,0.0,0,1.4580764770507812,2.0,298.0,-0.1890579536557198,-0.0893031992018223,-0.15607376396656042,-0.1435456871986389,-0.15377586707472798,-0.0928857252001763,-0.1349697038531304,-0.15607872605323792
3BN9_B_CD,3BN9,B,91,D,D,109,P,6.695209993104953,,L,0.1063448382481754,0.113496547768988,-0.0071517095208126075,23,23,0,-0.128872184,-0.22183723,0.4132726736439742,-0.0466295813449438,0.0,0,-54.604880809783936,-1.9,298.0,-0.03708810359239581,-0.0782818049192428,-0.2279727384448051,-0.1765176728367805,-0.0141885951161385,-0.20248478651046747,-0.09013119339942931,-0.2043125107884407
3BN9_B_CD,3BN9,B,92,F,B,215,G,6.695209993104953,,L,0.0392590626187145,0.0048265228052372,0.0344325398134773,19,20,-1,-1.25252972,-2.1449744600000002,0.3149466214243949,-0.0683435170162407,0.0,0,,3.1999999999999997,298.0,-1.8515684604644775,-0.9454704374074936,-0.8595636337995529,-0.8048853427171708,-2.198052853345871,-0.9164386764168739,-1.5527114272117615,-0.8915472254157069
3BN9_B_CD,3BN9,B,93,T,B,26,I,1.1320525192864097,0.0,L,0.1726998055723471,0.2072575709930728,-0.034557765420725695,21,21,0,2.90708044,2.8039675,0.03774334168690319,-0.05681893253755779,0.0,0,-8.426719665527344,-5.2,298.0,3.0961911380290985,3.056451141834259,2.9197756201028824,3.0957393050193787,2.1632555425167084,2.892071172595024,2.900263160467148,3.1328963041305546
3BN9_B_CD,3BN9,B,141,Y,D,103,Y,1.0846522945473152,,L,0.2242429051344949,0.2225000762672636,0.0017428288672313164,17,16,1,0.6316663399999999,0.31285576000000004,-0.1761975159994329,-0.028602216771129618,0.0,0,-9.437118530273438,0.0,298.0,1.0596577525138855,0.9668200612068176,1.072452425956726,-0.1092064380645752,0.9722744226455688,0.8284061253070829,0.20840513706207264,0.05452185869216919
3BN9_B_CD,3BN9,B,169,Q,C,32,Y,2.5089841145082503,,L,0.065891662211423,0.1057695269181296,-0.03987786470670661,20,21,-1,-0.18073819999999996,-1.0473228,-0.1590039904529526,0.08573044281742051,0.0,0,-3.5643234252929688,-2.2,298.0,-0.15240466594696067,0.20764279365539529,-0.9034088850021362,-1.082655906677246,0.018808722496032937,0.3922029733657837,0.6130452156066895,-0.5391370058059692
3BT1_A_U,3BT1,U,55,L,A,79,A,1.0918021206051756,,L,0.0021245751258542,0.0447476773835254,-0.0426231022576712,22,21,1,-0.15626467,-0.4267145000000001,2.0465164806891822,-0.1674664942160527,0.0,0,,1.9999999999999998,293.0,-0.16981571912765514,0.11723840236663818,0.3253324627876282,-0.35805213451385504,-0.394273579120636,-0.36871445178985585,-0.22251319885253906,-0.17931902408599854
3BT1_A_U,3BT1,U,66,L,U,29,V,1.3532036802006713,0.7035399908517378,E,4.421736579200966e-06,0.000712678528399,-0.0007082567918197991,24,23,1,0.17381400000000002,0.28606306000000004,-0.5815914381585019,0.0018994260922401973,0.0,0,8.929389953613281,-0.40000000000000036,293.0,-0.05239841341972351,0.2515350580215454,0.30599641799926763,0.34518593549728394,0.2772049307823181,-0.08233204483985901,0.21518206596374512,0.13013747334480286
3BT1_A_U,3BT1,U,138,D,U,31,L,1.2736824855139126,0.3074676070127925,E,0.1230044107323424,0.117064565600337,0.005939845132005406,20,21,-1,0.44678299999999993,1.2541012400000002,-1.2377304152712532,-0.013491805832372722,0.5,0,-12.626983642578125,-7.3,293.0,1.1024694442749023,-0.6372989416122439,-0.08678627014160156,1.2821599543094635,-0.19683027267456066,1.4806188941001892,-0.6837465167045595,1.3136771321296692
3BT1_A_U,3BT1,U,139,D,U,50,K,1.0304558913733406,0.6311675639260735,L,0.0929750437889364,0.0984363704626954,-0.005461326673759009,22,22,0,0.1526622999999998,-0.6031371000000001,-1.1708007099350433,-0.23925135645360243,0.0,0,16.731185913085938,0.3999999999999999,293.0,1.0510756969451904,-0.013445854187011719,1.1595468521118164,-0.06103038787841797,-0.41141819953918457,-1.4194772243499756,0.7111043930053711,0.20494151115417436
3BT1_A_U,3BT1,U,148,L,A,18,F,1.6337906568727276,,L,0.000497002080822,0.0,0.000497002080822,21,22,-1,-0.10831322000000002,-0.09283472000000001,2.6620053491112703,0.021920299586835307,0.0,0,29.480201721191406,1.0,293.0,-0.2641607895493508,-0.09361924231052401,-0.013607069849967901,-0.11975689232349401,-0.25486616790294647,-0.01854231953620908,-0.052151054143905695,-0.049802049994468606
3BT1_A_U,3BT1,U,164,H,U,25,R,1.010716690711439,0.999454237930254,E,0.0492059037535543,0.0718653550880064,-0.022659451334452102,25,24,1,-0.21262170000000014,0.2962118,-1.6122723444829827,-0.018686653375540596,0.33333333333333337,0,4.802928924560547,1.2999999999999998,293.0,0.38161301612854004,0.1173105239868173,-0.02058696746826172,-0.4483525753021238,-1.312174677848816,0.8711328506469727,-0.354114294052124,-0.9358007907867432
3BX1_A_C,3BX1,C,87,Y,A,125,G,1.2982354886678278,,E,0.0,0.0,0.0,31,32,-1,-0.28693312,-0.264507706,0.5828277087657208,0.012397859689333102,1.0,0,,-0.9,298.0,-0.2499408200383187,-0.320789895951748,-0.2065267264842987,-0.2946815341711045,-0.29630260169506073,-0.3292136043310166,-0.389053501188755,-0.2089559882879257
3C60_CD_AB,3C60,C,40,K,B,50,A,1.5937182868909552,,L,0.354464682658286,0.3525966415407268,0.001868041117559227,13,13,0,0.62778336,1.0173708399999999,0.35412137996798276,0.010041185504181982,0.0,0,,-5.7,298.0,0.8281052708625793,0.6495262384414673,-0.07030075788497925,0.10350704193115212,0.8260271549224856,1.0453575551509857,0.8671938180923462,0.772850751876831
3C60_CD_AB,3C60,C,66,V,B,95,W,1.2496401340118868,,H,0.0012023671996021,0.0113200530991849,-0.0101176858995828,25,25,0,2.2356824,1.63447905,-0.2510211460331986,-0.029560406020389313,-1.0,-1,-2.8293914794921866,5.1000000000000005,298.0,1.7443729043006897,2.907257258892059,1.7017221450805664,1.8453166484832764,3.087714195251465,2.7532103061676025,1.8802225589752197,1.9656407237052917
3C60_CD_AB,3C60,D,4,Q,B,48,Y,1.16627650370749,,L,0.0840098695479659,0.0482858120666588,0.035724057481307095,25,25,0,0.7918265,0.748456,0.6791636562131147,0.06230237115012191,-1.0,0,44.1164436340332,-2.2,298.0,1.1067280769348147,0.677100419998169,1.225456953048706,1.1368932723999023,0.6382782459259033,0.8020434379577637,0.2992081642150879,0.44890379905700684
3D3V_ABC_DE,3D3V,C,8,Y,C,7,V,3.4120593176270644,,L,0.1348110391711235,0.1182690819904561,0.016541957180667394,19,20,-1,-2.3223713,-2.4557645,-0.1564643121733138,0.010249518835685811,0.0,0,-6.1533355712890625,-5.5,298.0,-2.361979603767395,-2.396631896495819,-2.0276421904563904,-2.4626389145851135,-1.6644421815872192,-2.6964738368988037,-2.2104674577713013,-2.758694350719452
3D3V_ABC_DE,3D3V,E,30,E,D,95,W,2.6714933940266254,,L,0.1528806742461614,0.1465910139970869,0.006289660249074486,22,22,0,3.5325039,3.2182845,0.1370174973543794,-0.1027115460299185,-1.0,-1,-40.11164474487305,-2.6,298.0,3.2682933807373047,4.142735064029694,2.9261213541030884,3.937617540359497,3.91934072971344,3.7734313011169434,2.7337379455566406,3.5587557554244995
3D3V_ABC_DE,3D3V,E,97,L,D,96,G,2.6159944098140233,,L,0.0022198257633577,0.0477549295595904,-0.045535103796232705,19,20,-1,1.6249170000000002,2.29896664,-2.161909050072438,-0.08304678974342342,0.0,0,,4.2,298.0,1.1427634954452512,0.7253250479698179,2.335064291954041,2.7896452844142914,0.8887875974178314,1.1346293985843658,1.816235363483429,2.1668840050697327
3EQS_A_B,3EQS,B,3,F,A,33,G,5.556008252105314,,H,0.0098067976976524,0.0502539465385585,-0.0404471488409061,21,20,1,0.30951949999999995,0.14907136000000004,0.2823339953077356,0.0397099706011364,0.0,0,,3.1999999999999997,298.0,-0.0400826632976532,0.530049592256546,0.15248101949691772,0.1955169439315796,0.8396921455860138,-0.20313000679016113,0.9185363948345184,0.08309274911880493
3EQS_A_B,3EQS,B,7,W,A,36,I,6.407328502678618,,H,0.0400758031384274,0.0031752260170364,0.036900577121391,22,21,1,0.49978708,0.5179997000000001,0.44981448861413775,0.034475437119563995,1.0,0,3.55548095703125,-5.4,298.0,0.615361362695694,0.06753495335578913,1.0010248869657516,0.5968749076128006,0.5000391602516174,0.5656410455703735,0.32058803737163555,0.3312322348356247
3EQY_A_C,3EQY,C,3,F,A,74,L,5.658450760459924,,H,0.0079920773502006,0.0039976020877738,0.0039944752624268,21,20,1,-0.14998847000000004,-0.23336619999999997,1.0211829453128944,-0.04808341981637182,0.0,0,2.5204544067382812,-1.0,298.0,-0.9395485818386078,-0.5090659111738206,0.32880291342735296,-0.6800317764282227,0.21688437461853027,0.16053026914596558,0.300636351108551,-0.07811534404754644
3F1S_A_B,3F1S,A,33,M,A,251,L,1.2384257759478556,,H,0.0716486190066491,0.06267619846991,0.008972420536739092,19,19,0,-1.7064922,-2.2195347,0.4032783121225648,-0.1117903678993313,0.0,0,17.116844177246094,-1.9,298.0,-1.8234128952026367,-0.6536297798156738,-1.5383005142211919,-2.079087972640991,-1.6906664371490479,-1.9612348079681388,-1.7119810581207278,-2.1936240196228027
3F1S_A_B,3F1S,A,36,D,A,258,T,2.184505250292012,,L,0.285981564456922,0.281454832980037,0.0045267314768850375,15,14,1,-0.8507071,-0.9319073400000001,0.3235156231034648,0.03258432053927349,0.5,0,24.80139923095703,-2.8,298.0,-0.9097954034805297,-0.6554567813873293,-0.9775629639625549,-1.0788458585739136,-0.47059446573257446,-0.8145634531974791,-1.2961859107017524,-0.6026522517204285
3F1S_A_B,3F1S,A,202,Y,B,18,G,2.9947799767025427,,L,0.0955201489232203,0.1030399072327115,-0.007519758309491198,18,17,1,-0.81915881,-0.880882355,-2.2953257264975946,-0.0918488310466467,1.0,1,,-0.9,298.0,-0.5940920859575272,-0.746558964252472,-0.8814802169799807,-0.8861738741397858,-1.036128506064415,-0.8124535977840425,-0.7488089203834535,-0.8475750163197517
3F1S_A_B,3F1S,A,255,D,A,252,A,3.7592836036732393,,H,0.0565517877292396,0.0421691154749555,0.0143826722542841,19,19,0,0.5079803999999999,-0.16064239999999996,-0.1191687412322171,0.03423877773243009,0.0,0,,-5.3,298.0,1.9328727722167969,0.008043527603149414,1.0868264436721802,0.325451135635376,-0.4267604351043699,1.559746503829956,0.050762295722961204,-0.47310066223144553
3HFM_HL_Y,3HFM,H,33,Y,Y,100,S,6.035074832162014,0.2676595665844973,L,0.0,0.0016533083927418,-0.0016533083927418,20,21,-1,-2.7592383,-3.5012856,0.44735394086750874,-0.1653024740693434,0.0,0,-6.745197296142576,-0.5,298.0,-3.1658108234405518,-1.583950281143189,-2.525390386581421,-3.1699026823043823,-3.4101319313049316,-2.9927910566329965,-1.6123688220977783,-3.613560199737549
3HFM_HL_Y,3HFM,H,53,Y,L,94,W,3.2503791460482225,,L,0.1629610467559561,0.2103276411349629,-0.04736659437900681,19,18,1,-1.2483744999999997,-2.5068789,0.9433187675435706,-0.10255465905050731,-1.0,0,13.669158935546877,-0.4,303.0,-2.1839359998703003,-1.1500804424285889,-1.7929368019104004,-1.745138168334961,-0.737476706504822,-1.5554888248443604,-0.7235723733901978,-0.09836840629577637
3HFM_HL_Y,3HFM,H,98,W,H,31,S,5.510682238498383,0.17036148930942865,L,0.0708288790322843,0.0438600030833968,0.0269688759488875,17,18,-1,0.4811003999999999,-1.0112987999999996,-1.2728024596110787,-0.007427351179182917,0.0,0,-15.588239669799806,-0.09999999999999998,298.0,0.9545354843139648,0.7766098976135254,0.10569882392883301,0.942926406860352,0.7046225070953365,-0.3122518062591553,-0.32341933250427246,1.0000803470611572
3HFM_HL_Y,3HFM,L,31,N,Y,16,G,5.214129786929024,,L,0.0550871839590701,0.0475959410033063,0.007491242955763797,25,24,1,-2.1499388799999997,-2.27292185,0.3886641007536973,-0.04431297941907039,0.5,0,,-3.1,298.0,-2.509623073041439,-2.3044389337301254,-2.2182370126247406,-1.9641731530427933,-2.034445658326149,-1.9772579297423372,-2.186996214091778,-2.004339337348939
3HFM_HL_Y,3HFM,L,32,N,L,91,S,5.10734458138055,,L,0.0,0.0270802937998186,-0.0270802937998186,23,24,-1,1.8798394199999997,2.0975188,0.3650945107079917,-0.049723945302249495,1.0,0,16.836505889892578,-2.7,298.0,1.854848027229309,2.572698533535003,1.4894205033779144,2.265381246805191,1.8817984461784363,2.1345722377300262,1.2158505320549011,1.6241450607776649
3HFM_HL_Y,3HFM,L,50,Y,Y,75,L,4.5575945560558555,0.70445583057791,L,0.0312138825963797,0.0401765757086765,-0.008962693112296798,20,21,-1,-1.6667168,-1.4240392999999998,-1.0358132420086503,-0.08937216647754531,0.0,0,-9.169498443603521,-5.1,298.0,-1.520269393920899,-1.8618826866149902,-0.9181838035583496,-2.50293505191803,-0.642424345016479,-2.0501023530960083,-1.3072686195373535,-2.5306681394577026
3HH2_AB_C,3HH2,C,47,F,C,46,L,1.324714368599027,,H,0.0230601814133685,0.0460827196362362,-0.023022538222867695,19,19,0,-0.6503584,-1.0218096,0.3076300281514998,0.006399614359270889,0.0,0,-14.309577941894531,-1.0,298.0,-1.3800231218338015,-0.5877656340599058,-1.1138750314712524,-0.09013378620147705,-1.7036365866661072,-0.7100574970245366,-0.20600587129592918,0.5886308550834654
3HH2_AB_C,3HH2,C,52,F,B,59,H,1.2722742268622604,,H,0.0427220893085584,0.0817624267831814,-0.039040337474622995,19,18,1,2.29755873,2.6658591,-0.9971875267623541,0.0507685442349502,0.0,0,-18.382099151611328,6.0,298.0,1.5955404043197632,2.5632724165916443,1.940198183059692,2.3703643083572388,2.7438771724700923,2.1649990379810333,2.546990215778351,2.455226957798004
3KBH_A_E,3KBH,A,23,Y,A,15,N,1.811979372612353,,H,0.0616954902601356,0.0410951227808016,0.020600367479333997,21,20,1,0.57236333,0.5672244000000001,0.4426607372757071,0.0103113904768527,-0.5,0,-4.586181640625,2.2,298.0,-0.2650417387485504,0.7021616697311401,1.173971563577652,0.4621923565864565,-0.022972553968429565,1.471853107213974,-0.042129069566726685,1.0988708436489105
3KBH_A_E,3KBH,E,54,S,E,18,V,1.856501867976997,,L,0.0430691731202557,0.0433474980350862,-0.0002783249148305064,23,23,0,4.0802834,4.40973,-0.43247617127941423,0.03396669378454689,1.0,0,-27.665386199951172,-5.0,298.0,4.07046502828598,4.123649477958679,4.7351484298706055,4.47099244594574,3.5880191922187805,3.517788290977478,4.024427056312561,4.111776769161225
3KUD_A_B,3KUD,B,30,K,B,33,V,1.9530394314410333,,H,0.1488066223189364,0.1247729027732104,0.024033719545726,19,18,1,0.5611158,-0.36504650000000005,-0.47311321095545317,0.06664353038712778,0.0,0,-12.947120666503906,-8.1,298.0,0.5153849124908447,1.0123791098594663,0.5950876474380493,0.41608762741088867,0.06648790836334229,1.221903681755066,-0.36616039276123047,1.0277568101882937
3LB6_A_C,3LB6,A,101,K,A,97,L,2.544131860901994,,H,0.2596619197293779,0.2223715404524431,0.03729037927693482,17,18,-1,1.9244153400000001,1.6220037,-0.10148571303477438,-0.010381011172136606,0.0,0,12.584228515625,-7.699999999999999,298.0,1.8644598722457886,2.0218971967697152,1.9860589504241948,1.9733758568763733,2.108028113842011,1.9604912400245667,1.7921491861343384,1.6888600587844846
3M62_A_B,3M62,A,50,L,A,54,T,2.827996665486802,0.016682417900765995,H,0.1069939846377668,0.1313683733954977,-0.024374388757730903,20,21,-1,0.09679480000000007,-0.7252770000000002,-0.3596684604756629,0.042484410349356794,0.0,0,14.124225616455078,4.5,298.0,0.25364923477172807,-0.48009347915649414,-0.5975639820098881,1.2736668586730957,1.2195045948028564,0.742760419845581,-0.47038269042968794,-1.1671810150146489
3M62_A_B,3M62,A,102,G,A,106,V,1.2643252931128433,,H,0.0003758966254769,0.0010846372511995,-0.0007087406257226001,24,24,0,0.33769929,0.22202655000000002,-0.06482712070413499,-0.009101217333023992,0.0,0,,-4.6000000000000005,298.0,0.1795088946819306,0.2729203924536705,0.4543392732739449,0.3257072344422341,0.4702510833740235,0.28627706319093704,0.2616398558020592,0.45095070451498037
3M62_A_B,3M62,B,48,V,B,47,K,1.0899489635249175,,E,0.2516714769381007,0.2459301451896212,0.005741331748479517,21,21,0,0.8275146999999998,0.38114780000000015,-0.5800298665910287,0.11120691119571635,0.0,0,-16.835449218749996,8.1,298.0,0.34670650959014937,0.45603489875793435,1.1491948366165161,0.971498966217041,1.1270540952682495,0.9993481636047363,0.5048707723617554,1.065409243106842
3M63_A_B,3M63,A,46,D,A,54,T,2.233205556064364,0.31123761067031563,H,0.1199864265871121,0.0929133330757349,0.027073093511377197,19,20,-1,-1.0788084000000002,-1.496144,-0.4366356893702117,0.04049298343336194,-0.5,0,2.32525634765625,-2.8,298.0,-0.3255969285964966,-0.6126965284347534,-0.45435672998428334,-1.5146219730377197,-1.4133425951004028,-1.4289264678955078,-1.1888421177864075,-1.6920846700668335
3M63_A_B,3M63,A,106,V,A,102,G,1.838115370315378,0.12465081399829436,H,0.0052886281409831,0.0019531938045881,0.0033354343363950004,24,23,1,-1.1726315200000001,-0.87524741,0.3583047040178531,0.016507261282200925,0.0,0,,4.6000000000000005,298.0,-0.8698107749223709,-0.9714048504829407,-1.3311374634504318,-1.4247825890779495,-1.3280229419469833,-1.2786016017198563,-0.7868913412094117,-1.3903997540473938
3M63_A_B,3M63,A,113,F,B,46,G,1.7907151455762835,,L,0.0343278432697573,0.0275282741623552,0.006799569107402096,20,19,1,-1.304766365,-1.43551143,3.2563193155868353,-0.02269876015235528,0.0,0,,3.1999999999999997,298.0,-1.2714844346046448,-1.1405206248164177,-0.9896693378686908,-1.405896268785,-1.8948321640491486,-1.3800305724143982,-0.987054668366909,-1.3686433434486391
3MZG_A_B,3MZG,A,167,H,A,17,H,1.6293401853076444,0.282953436295814,H,0.0192828398813426,0.0208517675057265,-0.0015689276243839,24,23,1,-0.3545288000000002,-0.06211639999999985,-0.1831604565465046,0.021181237443237494,0.0,0,-1.1345977783203125,0.0,298.0,-0.5957555770874028,-0.8239865303039551,0.17462372779846147,-1.1564998626708984,-0.6910507678985596,-0.09166002273559526,0.3482952117919922,-0.00019741058349609375
3MZG_A_B,3MZG,B,188,H,B,137,T,2.09321927209525,,L,0.0923592406197475,0.123523850781118,-0.031164610161370496,18,19,-1,-0.7292858,-1.5803531300000002,-0.19150142533942682,0.16937436231431446,-0.5,0,15.349906921386719,-2.5,298.0,-0.8647840023040771,-0.9145834445953371,-1.1363059282302856,-0.26532238721847534,-0.11269068717956543,-1.17693293094635,0.07654607295990012,-1.4402132034301758
3NGB_HL_G,3NGB,H,50,W,H,60,Y,1.29179372548406,0.5484261455424753,E,0.0176555334540346,0.0580184190756226,-0.040362885621588004,24,23,1,2.6881467999999997,3.1910852999999997,0.30880419213084775,-0.003920018876562875,1.0,0,-6.529315948486328,0.4,303.0,1.9273052215576172,2.963012933731079,3.2543145418167114,3.2468905448913574,2.804858088493347,3.1936949491500854,2.011764883995056,2.1033310890197754
3NGB_HL_G,3NGB,H,56,G,G,313,G,1.2656103528731653,,L,0.0235196952854405,0.02409196874884,-0.0005722734633994975,21,22,-1,1.22353458,2.22187898,-0.5896146852713854,-0.08357738708975462,0.0,0,,0.0,303.0,1.9190580844879146,0.9040804505348206,1.3385562300682068,2.1910722106695175,0.8564319610595704,0.5543010085821152,0.8513166308403015,1.1734591573476791
3NGB_HL_G,3NGB,H,58,V,G,310,T,1.3584279749994033,,E,0.0792621738812965,0.1215178340379323,-0.0422556601566358,24,23,1,1.2088327999999997,1.0783471999999998,-0.31523761280024054,-0.027677575145501093,0.0,0,13.075645446777346,4.9,303.0,0.994804859161377,1.4851311445236215,1.9322675466537476,1.3392056226730342,1.0793217420578003,1.2572020888328552,0.4049429893493648,1.1777846813201904
3NGB_HL_G,3NGB,H,72,R,H,52,K,1.6432171953097705,0.6228825121518312,E,0.148253348082775,0.1857258200531947,-0.037472471970419724,23,24,-1,-2.107281,-2.1814004,0.21212697699676775,0.0466878933014136,0.3333333333333333,0,31.40755844116211,-0.6000000000000001,303.0,-2.2213692665100098,-2.211165428161621,-1.366394281387329,-1.7186419963836665,-2.5492043495178223,-2.235774517059326,-2.225889682769775,-2.3298060894012442
3NGB_HL_G,3NGB,H,74,V,G,314,G,1.087913680060634,,L,0.1884489479369015,0.2089331776195872,-0.020484229682685706,19,20,-1,-1.499996405,-2.131068554,-1.1321017911133184,0.011551685361979092,0.0,0,,4.6000000000000005,303.0,-1.5953382328152657,-1.7492347434163094,-1.3747486397624016,-2.130985751748085,-1.1570117846131325,-1.4948107451200485,-1.1485082879662514,-1.3493337780237198
3NGB_HL_G,3NGB,H,104,Y,G,166,K,1.4235858297640938,,L,0.1796824388097654,0.1670170621551004,0.012665376654664995,17,16,1,-2.9845533,-2.1992348,0.29894300302529686,0.01127712298404987,1.0,0,8.222412109375,2.5999999999999996,303.0,-3.184723138809204,-3.8313559889793396,-3.418082892894745,-2.8675737977027893,-3.3392744064331055,-2.666089653968811,-2.74058598279953,-1.8287394046783447
3NGB_HL_G,3NGB,H,105,N,H,55,G,1.1185738219244732,-1.276658785621922,L,0.0568718554066168,0.0853981861914799,-0.0285263307848631,23,23,0,-0.8200579000000001,-1.7636180000000001,-0.03183434020889042,0.02925529350138681,1.0,0,,-3.1,303.0,-2.4328075647354126,0.6221694946289065,-1.5276243686676025,-2.3005690574645996,1.6231850981712341,1.5322059988975525,-2.479025363922119,-1.5979964733123775
3NGB_HL_G,3NGB,H,106,W,G,164,N,4.462500819429005,,L,0.0070517695475679,0.0118349195701861,-0.004783150022618201,24,23,1,-0.2621667000000001,1.9615843,-0.04741181460988764,0.020072150044696868,0.0,0,5.667594909667969,2.6,303.0,-1.3913310393691063,1.968702495098114,-0.895836591720581,-1.721926100552082,2.1855502128601074,1.0508878231048584,-1.5002081394195557,-1.7931703478097918
3NGB_HL_G,3NGB,L,87,Y,G,165,A,2.022787808114121,,L,0.0542618330255439,0.0798189633226023,-0.025557130297058396,22,21,1,0.5018455999999998,0.5294327999999999,0.35939158385419734,-0.1633139095829409,0.0,0,,-3.1,303.0,0.05525708198547363,0.2865769863128662,0.014168500900268555,0.8093103170394911,0.16517591476440452,1.4060676097869873,1.0066711902618408,0.271537661552429
3NPS_A_BC,3NPS,A,141,Y,B,104,Y,1.7748733050669008,,L,0.1398000577249207,0.1399284935875418,-0.00012843586262109574,20,19,1,0.11396150000000005,0.5679021999999999,-0.5267763914794641,-0.03536900229435161,0.0,0,1.1012725830078125,0.0,298.0,-0.3231562376022339,-0.09051871299743652,-0.05944836139678955,0.46351420879364014,0.39087629318237305,0.20319849252700806,-0.06465566158294678,0.3918818235397339
3Q8D_A_E,3Q8D,A,131,R,A,90,Y,3.029624536637012,,H,0.0003846824980602,0.0387354981421229,-0.038350815644062695,22,22,0,-3.1647294,-3.0991367999999997,0.3352366943318134,-0.05372066397451922,1.0,0,27.66101837158203,-3.2,298.0,-3.1379851698875427,-3.7247891426086426,-3.589404135942459,-2.876600921154022,-3.2294195890426636,-2.617964506149292,-2.3816721439361572,-3.760000765323639
3QHY_A_B,3QHY,B,10,N,B,73,Y,2.2542547942896496,0.8008689981434107,L,0.1567681642259961,0.1561934018222868,0.0005747624037092947,25,25,0,-0.46417259999999994,-0.7324395000000004,0.07260109688328342,0.0229417602375801,0.0,0,-7.033226013183594,-2.2,298.0,-0.6687273979187012,-0.4161069393157959,-0.13628244400024458,-0.6345617771148682,-0.7955639362335205,-0.7696666717529297,0.20985102653503418,-0.5023236274719238
3QHY_A_B,3QHY,B,13,W,A,74,Y,2.862412983865089,,L,0.0687083406500625,0.1107636259162934,-0.04205528526623091,28,27,1,0.279922,0.4555308,-0.5377953294106175,-0.1310335355942115,0.0,0,-1.0893287658691406,0.4,298.0,0.7036867737770081,0.496667623519897,-0.1426464319229126,0.5027110576629634,0.17879092693328857,0.23653316497802734,0.12419629096984863,0.13943552970886208
3QHY_A_B,3QHY,B,91,D,B,130,D,1.8885446894993645,0.9609313292021041,L,0.2072934581069336,0.1857543401455337,0.0215391179613999,23,24,-1,-0.5782039999999999,-0.015943700000000227,-0.761070744803644,0.0016176775517647846,0.0,0,6.652252197265625,0.0,298.0,-0.4582829475402832,-1.180990219116211,0.7751595973968506,-2.1183795928955074,0.9740028381347656,-1.700136661529541,-2.6592026352882385,1.7421984672546387
3QHY_A_B,3QHY,B,166,D,B,14,G,3.4965384775158,,L,0.1017502054372819,0.097337961953318,0.004412243483963907,20,20,0,0.059715329999999955,-0.6764331,0.5199791093165611,0.005921140538935388,0.5,0,,-3.1,298.0,0.12682895362377172,-0.7640517055988312,0.15394401550292977,0.2727311849594116,0.138879120349884,0.24322087317705157,0.1034286618232727,0.2027415186166763
3QHY_A_B,3QHY,B,168,Y,B,51,L,1.7426176859437081,0.8159894793034468,L,0.3859986194718042,0.3666240863418213,0.019374533129982885,19,18,1,-2.46837535,-1.1024439,0.6637178278611164,-0.11516813775918028,0.0,0,11.580642700195312,-5.1,298.0,-0.9983206987380981,-3.8256875574588776,-3.0034340620040894,-1.7738611698150635,-3.120434075593949,-2.4740810990333557,-2.654344916343689,-1.896839439868927
3QHY_A_B,3QHY,B,169,F,A,241,Y,2.0615439857216784,,L,0.1546399704811133,0.1371858979112238,0.01745407256988951,21,21,0,0.8794596,0.6101846,0.1517965089961859,-0.0028495446602315178,-1.0,0,3.175006866455078,4.1,298.0,1.0444782376289372,0.8876288533210754,0.8680579662323001,0.7640159726142883,0.848926305770874,1.349639117717743,0.21590101718902588,1.057029664516449
3QHY_A_B,3QHY,B,228,E,A,99,S,3.0115869999005174,,L,0.0212700504463766,0.0306354358968131,-0.009365385450436498,28,28,0,-2.6819339500000003,-2.57981915,0.04454055023514414,-0.013043888859150088,0.0,0,-13.05047607421875,-2.7,298.0,-2.279504284262657,-1.9453193545341492,-3.275147095322609,-3.105706036090851,-2.7719866037368774,-2.2277975976467133,-2.8923799097537994,-2.957630217075348
3QHY_A_B,3QHY,B,264,N,A,79,E,2.6946637029060385,,L,0.03189805950915,0.0112301548853945,0.0206679046237555,24,23,1,-0.7972004999999998,-1.0732810000000002,0.08638745767035172,-0.06591259087466189,-0.5,0,-19.271587371826172,0.0,298.0,-0.8464083671569824,-1.4441204071044922,-0.7106657028198242,-0.5702354907989502,-0.3305797576904297,-0.5784976482391357,-1.2261023521423349,-0.6709945201873779
3QIB_ABP_CD,3QIB,B,62,Q,C,93,G,1.7631666122988525,,L,0.0629190898286859,0.0153843822716541,0.04753470755703179,19,18,1,-1.4919879600000001,-1.33319629,-0.05318321547623761,0.05305549156061079,0.0,0,,-3.1,298.0,-1.506928339600563,-1.6894033774733543,-1.1119798049330711,-1.5883174315094948,-1.3519636765122414,-1.5951194241642952,-1.5854203328490257,-1.5067711770534515
3QIB_ABP_CD,3QIB,B,67,E,B,74,D,1.82060413958121,0.8625190715930913,H,0.1514804198905843,0.1838257849994563,-0.03234536510887198,19,20,-1,-0.16801529999999998,0.4278455000000001,0.1364324121314301,0.034652513514839695,-0.5,0,-9.521240234375,0.0,298.0,0.313537120819092,-0.20078480243682928,-0.006298065185547097,0.40013742446899414,-0.8592039346694949,-0.1460694074630733,-0.3369543552398677,-0.508487343788147
3QIB_ABP_CD,3QIB,P,6,Y,C,91,T,3.1375929327345404,,L,0.0165700803991894,0.0174730472656229,-0.0009029668664334994,24,23,1,0.4953748499999999,0.20218780000000003,-0.07384255757533498,0.03693441260287561,0.0,0,-7.842449188232424,-0.6000000000000001,298.0,0.2276708483695984,0.29432034492492687,1.138522744178772,0.209678053855896,0.6445062160491943,0.7582071423530579,0.034212589263916016,0.6558798551559448
3QIB_ABP_CD,3QIB,P,8,K,C,92,G,3.1375929327345404,,L,0.0269376678255004,0.031288643673969,-0.0043509758484685974,22,21,1,0.6811867,0.055652400000000046,-0.09253064897316166,0.04210708021025189,1.0,0,,-3.5,298.0,0.043728351593017134,0.26416611671447754,0.513349294662476,0.762230396270752,1.8188760280609135,1.114773035049439,0.05663704872131303,0.8757331371307382
3QIB_ABP_CD,3QIB,P,11,T,D,101,T,3.1375929327345404,,L,0.0607522312655491,0.0765084572527218,-0.015756225987172703,24,23,1,2.94374075,2.9407890699999997,0.3906884887187868,-0.0121412755293768,1.0,0,-10.505626678466797,0.0,298.0,2.608858048915863,3.029730975627899,3.074013113975525,2.266455441713333,3.0336949825286865,3.2603231966495514,3.127734005451203,3.149116337299347
3S9D_A_B,3S9D,A,26,R,B,36,S,5.4154953458935795,0.5047645503524103,L,0.096972571685357,0.0546272944078241,0.0423452772775329,22,22,0,-0.9210843,-0.5249640999999998,0.05737710670120855,-0.00894364462373301,-0.33333333333333337,0,9.689449310302733,-3.7,298.0,0.06567728519439653,-1.7186510562896724,-1.3086224794387817,-1.2683833241462708,-0.8211914300918579,-0.9217386841773987,-0.9869050979614258,-0.40885937213897705
3S9D_A_B,3S9D,A,119,M,A,113,V,2.2883468932934,,H,0.0261272345308443,0.019302548814199,0.006824685716645303,26,27,-1,-0.8425898999999999,-0.9408454,-0.1282225862626426,0.017052567607766217,0.0,0,-1.3648757934570312,-2.3000000000000003,298.0,-0.8515877127647398,-1.4693904668092728,-0.4479679465293884,-0.9305955469608305,-0.5503803491592407,0.011742115020751898,-1.2704560905694962,-1.232082545757294
3S9D_A_B,3S9D,B,90,I,A,5,R,1.6418900904659794,0.6215919649341703,H,0.1914984637564581,0.1960206788245827,-0.004522215068124613,17,17,0,0.9374828000000002,1.1493939,-1.0594189356054038,-0.0751443335920747,0.0,0,1.6904220581054688,9.0,298.0,0.8495299816131592,0.906413197517395,1.0836516618728638,0.9748370647430422,0.823237419128418,1.325281620025635,0.8049194812774658,0.7319941520690918
3SE3_B_A,3SE3,A,55,Y,A,257,G,1.4966495837536624,,L,0.0972658806948419,0.1128952795454551,-0.015629398850613194,19,20,-1,-1.5702981299999998,-1.551712496,0.7512015473031344,-0.031029388710155786,0.0,0,,-0.9,298.0,-1.7118156030774119,-1.5418757423758507,-1.405813381075859,-1.5736177191138268,-1.2649165168404577,-1.8595982715487482,-1.4246326982975006,-1.780114986002445
3SE3_B_A,3SE3,A,223,F,A,222,A,1.4966495837536624,,H,0.0746593152155356,0.0716628381326583,0.0029964770828772996,24,23,1,-0.8353524999999999,-0.4172502,-0.6504998693265871,-0.021063132200073803,0.0,0,,0.9999999999999998,298.0,-1.2865349054336546,0.06897222995758057,-1.467029571533203,-1.149003028869629,-0.3080894947052002,-0.3562829494476316,-0.8228789567947388,-1.3619736433029175
3SE4_B_A,3SE4,A,223,F,B,105,R,1.3635602050590228,,H,0.0153908451903083,0.0111569827857725,0.0042338624045358,24,23,1,-0.2211789999999998,1.2126081000000002,-1.3396087745648209,-0.067397710459604,-0.6666666666666666,0,-6.040988922119141,7.3,298.0,0.43074536323547363,-2.0338224470615387,-0.1130058765411377,0.3296148777008061,-1.0072848796844482,1.468714714050293,0.9045989513397217,-1.7489919662475586
3SE4_B_C,3SE4,B,31,L,C,39,S,2.727120410118045,0.2118100390989157,L,0.1271841515070136,0.1667471603118457,-0.0395630088048321,19,20,-1,-0.26033149999999994,-0.5181076,-0.8463618437530203,0.0033251021398358893,0.0,0,3.134105682373047,4.6,298.0,-0.5529444217681885,0.4834167957305908,-0.36596190929412775,0.12608784437179565,0.4304107427597046,-0.4281129837036133,-1.0610684752464299,-0.7144797444343565
3SE4_B_C,3SE4,B,134,K,B,137,F,1.787773345432283,,H,0.0623356140451579,0.0686886083199409,-0.006352994274783003,20,20,0,-0.46209420000000057,-0.8301761000000005,0.17140606610470144,-0.0505639603141855,0.0,0,-20.866310119628906,-6.699999999999999,298.0,-0.9125528335571294,0.688091516494751,-0.8575422763824463,-0.7081649303436284,-0.9384291172027588,0.1860957145690918,-0.9239487648010258,-0.23030519485473588
3SE4_B_C,3SE4,C,36,T,C,92,W,1.3635602050590228,,E,0.0183814114205112,0.0093731680468311,0.0090082433736801,21,21,0,2.69017134,3.3852073799999998,-0.5256962217259729,0.003988144819302486,1.0,0,-7.3020477294921875,0.20000000000000007,298.0,2.67451548576355,1.6998472213745117,2.8116254508495326,3.7901703119277954,2.3076265156269073,2.14941543340683,2.7542808055877677,3.3338902592658997
3SE4_B_C,3SE4,C,69,E,B,34,R,1.3822066234518382,,L,0.1021631586939914,0.0966616968908051,0.005501461803186294,21,21,0,0.8476994,-0.37790750000000006,0.20071075244983144,-0.026258335838407004,-0.16666666666666663,0,-13.934608459472656,1.0,298.0,1.5745272040367126,0.0969054698944094,1.068785309791565,-0.6620411872863772,0.8989352583885193,0.7049254775047302,1.290875196456909,1.8086814284324646
3SE4_B_C,3SE4,C,95,I,B,20,H,1.208783474999111,,H,0.1793980401225879,0.1862716730154267,-0.0068736328928387935,18,17,1,1.6981862,1.6426886,0.07299410152622388,-0.010387455974035287,0.0,0,5.161109924316403,7.7,298.0,2.1579055786132812,1.7066923379898071,1.4843555688858034,0.8863261938095093,2.0119887590408325,1.6497248411178589,1.445556521415711,2.2429394721984863
3SE8_HL_G,3SE8,H,58,V,H,60,Y,1.2496848072761948,0.855848570866861,E,0.0691514343889664,0.0744768886112058,-0.005325454222239401,24,24,0,3.1824973000000005,3.4089678,-0.32259963055671304,-0.0013949067069912169,0.0,0,6.400989532470703,5.5,303.0,2.6491726636886597,4.075224757194519,3.8800869584083557,3.709028124809265,2.3974621295928955,4.009758830070496,2.0159406661987305,2.723304033279419
3SE8_HL_G,3SE8,H,115,F,G,325,G,1.0676040754519076,,L,0.0250973467887035,0.0277864956731751,-0.002689148884471599,23,23,0,-2.14389059,-1.8236676059999999,-1.8234911909455618,0.016704022632700877,0.0,0,,3.1999999999999997,303.0,-1.8705281838774679,-2.493127942085266,-2.050024077296257,-2.2389535307884216,-2.4728294759988785,-1.813959047198295,-1.9848401993513103,-2.226862281560898
3SE8_HL_G,3SE8,L,91,E,G,324,G,1.5134906568562332,,L,0.0484626874890426,0.0720968676817282,-0.023634180192685594,26,25,1,-0.5737844000000001,-0.7484637399999999,-3.122519275831417,0.021911369306373607,0.5,0,,-3.1,303.0,-0.7560161352157593,-0.25095278769731527,-0.4638351649045945,-0.5678645968437196,-0.8691106662154197,-0.70005714148283,-0.2469006031751633,-0.7355384156107903
3SE9_HL_G,3SE9,H,74,R,H,53,K,2.6792564759020507,,E,0.1485499851746476,0.1525627805765927,-0.004012795401945102,23,23,0,-1.823299,-1.8868285,-0.12179609297042193,0.03681430146502329,0.3333333333333333,0,8.401435852050781,-0.6000000000000001,303.0,-1.8434596061706547,-1.6835837364196777,-1.9434599876403809,-2.3952703475952157,-1.8496408462524414,-1.520904302597046,-1.3610596656799312,-1.989011526107788
3SF4_A_D,3SF4,D,8,W,A,81,G,3.0724518685925455,,H,0.0474802035351501,0.04539166313064,0.002088540404510106,21,22,-1,-1.77733403,-0.5898321,-0.11194823163928846,0.07658706746936261,0.0,0,,-0.5,298.0,-2.151235044002533,-1.9462766349315643,-2.1254291012883186,-1.9802917540073395,-0.482074573636055,-2.4265942946076393,-0.7870304137468338,-2.3197403997182846
3SGB_E_I,3SGB,I,12,L,E,136,A,2.9315139160221024,,L,0.0250097869308848,0.0444472818908379,-0.019437494959953103,31,31,0,0.5047880199999999,0.55041947,0.1506802507738405,-0.014348129946617091,0.0,0,,1.9999999999999998,294.0,0.4135302007198334,0.49308621883392334,0.5626272708177567,0.608637347817421,0.2639404684305192,0.35052278637886053,0.6762180030345917,0.66974176466465
3SZK_AB_C,3SZK,C,41,Y,A,70,V,2.8309533180259474,,H,0.0264787606406442,0.0055647790319776,0.0209139816086666,24,23,1,-1.3843469000000002,-1.43055088,0.007526488286489608,0.018440329251246307,1.0,1,2.4253082275390625,-5.5,283.0,-1.4825077652931213,-1.4352073222398758,-1.768123872578144,-1.4424445256590843,-0.9233233407139776,-1.2219468802213669,-1.4603224247694016,-1.3408987820148468
3SZK_AB_C,3SZK,C,44,F,A,7,K,2.0892398074152148,,H,0.0377711817503261,0.0448872444459947,-0.0071160626956685985,22,23,-1,-0.11222319999999997,0.02831774999999992,0.2551890064844633,0.028877631646890306,0.0,0,-7.16721725463867,6.699999999999999,283.0,0.7056411504745483,-0.5060252249240875,-0.5480628311634064,-0.4413490295410156,-0.1351463794708252,-0.342878520488739,-0.014345943927764893,0.38438016176223755
3SZK_AB_C,3SZK,C,70,T,C,66,N,1.3946948326973583,0.19393091638706325,L,0.017006828779726,0.0169063915999511,0.00010043717977490166,26,25,1,1.0487152999999998,0.5437986000000001,-0.24244454963888207,-0.0390769398072445,0.5,0,-16.572574615478512,2.8,283.0,0.7177486419677737,1.626133680343628,0.8909521102905273,0.33863377571105957,0.5929541587829585,0.7994561195373535,1.8240387439727783,1.5998072624206543
3U82_A_B,3U82,B,45,I,A,199,P,2.594977772908507,,E,0.0,0.0028571211820733,-0.0028571211820733,24,24,0,-0.86480143,-1.3805691999999998,-0.8590805024306502,-0.04509040399823827,0.0,0,-28.234914779663086,6.1,298.0,-1.0654540061950684,-1.1324673891067505,-1.6709927022457116,-0.7139908671379089,-0.4770698547363281,-0.31105408072471624,-1.039006531238556,-0.5083757936954498
4B0M_A_BM,4B0M,M,40,L,M,112,A,1.9081297781204276,,E,0.0,0.0006999345043468,-0.0006999345043468,22,22,0,0.3545745,0.3543145999999999,0.05115344813150746,0.02118682519988871,0.0,0,,1.9999999999999998,298.0,0.18876230716705344,0.564396381378174,-0.0038796067237856224,0.3323098719120026,1.3014206886291504,0.3045858144760132,-0.4877423644065857,0.6367424726486206
4B0M_A_BM,4B0M,M,99,P,A,9,L,1.9149198716922284,,L,0.0843881765396628,0.0422133537102256,0.04217482282943719,18,17,1,0.31490474,0.30955015999999996,-0.8462464728550824,-0.2628748953915859,0.0,0,19.855510711669922,-5.4,298.0,0.37392857670784,0.3869107663631439,0.2017857134342194,0.28939101099967957,0.41053706407547,0.2113941907882691,0.2396756261587143,0.40561503171920776
4BFI_A_B,4BFI,B,43,N,B,34,Q,2.31664788750155,,E,0.0459766345060641,0.0400822993051663,0.005894335200897806,25,24,1,0.623528046,0.8758998499999999,-0.1221516347756253,-0.0032556460861850878,1.0,0,18.9700927734375,0.0,298.0,0.38903950154781347,0.8378422409296036,0.731596738100052,0.44115149974823004,1.1031993925571442,0.8140172511339188,0.2675035819411278,0.4038738310337067
4BFI_A_B,4BFI,B,91,L,A,31,L,1.3066250921680522,,E,0.0220585690062599,0.0191742466316161,0.0028843223746438003,24,23,1,-2.41344113,-2.2146315000000003,0.5507341971307227,-0.005383438589730782,0.0,0,12.918121337890627,0.0,298.0,-2.2552810609340668,-2.7285315990448,-1.900840312242508,-2.2503746747970577,-2.3245934545993805,-2.605618000030517,-2.1842212080955505,-3.0580697506666183
4BFI_A_B,4BFI,B,95,F,B,29,L,2.076536854194484,,L,0.1703766333533939,0.1747701038435523,-0.0043934704901583965,20,20,0,1.9011730200000003,1.2829903200000001,0.08597710623114985,-0.010875137999570988,0.0,0,-26.847938537597663,-1.0,298.0,1.175233006477356,1.3767031431198122,1.270869791507721,3.591997489333152,1.0771501958370209,1.2965316250920298,4.008045978844166,1.4128519520163536
4CPA_A_I,4CPA,I,37,V,A,127,R,2.3244915342611265,,L,0.0,0.0017659339891561,-0.0017659339891561,25,24,1,-0.08959850000000014,0.04601979999999983,0.723351146408434,0.07510597584292289,-1.0,0,-27.63506317138672,8.7,298.0,0.05638086795806929,-0.08694565296173118,-0.053157091140747736,-0.17651832103729248,-0.044503808021546076,0.5896315574645996,-0.6235266923904417,-0.37814784049987793
4CVW_A_C,4CVW,C,27,R,A,541,N,1.8279050023298664,,L,0.07722204917812,0.0740717211620144,0.0031503280161056108,18,19,-1,0.14847659999999996,0.35879050000000023,1.883204515418242,-0.027301410723927694,-0.16666666666666669,0,-7.583686828613281,-1.0,298.0,0.08289474248886097,-0.7685728073120115,0.5834079980850224,0.6668289899826048,0.48235464096069314,0.35365241765975963,-0.16105079650878884,-0.05170238018035889
4CVW_A_C,4CVW,C,31,R,A,687,R,2.076536854194484,,L,0.1273695118076618,0.1262477323695389,0.0011217794381228885,20,21,-1,-0.6581705000000002,-1.4669450000000002,1.8388608025365603,0.0019377930951803846,-0.3333333333333333,0,-7.084781646728516,0.0,298.0,-1.7258268594741821,-0.7749946117401119,-0.7302373647689824,-0.13416409492492676,0.1856621503829956,-1.747015118598938,-0.4311509132385254,0.09236192703247093
4E6K_AB_G,4E6K,G,5,L,B,72,Q,1.8834219908406342,,L,0.0556073739208166,0.050982523961328,0.0046248499594886,24,25,-1,-1.6430648,-1.2846529800000002,1.03979140033949,0.03296440907761741,-0.5,0,21.63003540039062,7.3,295.0,-1.3932874202728271,-2.2801748737692833,-2.029564902186394,-1.6668285429477692,-1.5321972742676735,-0.8661154359579087,-1.4463076144456866,-1.9300414919853215
4FTV_ABC_DE,4FTV,A,65,R,A,166,E,3.5060282681686816,,H,0.2470410047081997,0.2252193796468594,0.021821625061340305,20,20,0,-0.03342889999999965,0.039700999999999986,-0.4634333408955996,-0.02671025725052681,0.3333333333333333,0,-22.97602081298828,-1.0,298.0,0.9480657577514648,-0.9730874300003052,0.6092261075973506,0.09755992889404297,-0.32276463508605957,-0.7831320762634277,0.4964731931686406,-0.33977174758911133
4FZA_A_B,4FZA,A,213,Y,A,214,V,1.270214445054126,,H,0.0232324115191449,0.0648149874211296,-0.04158257590198469,20,19,1,0.99407256,0.8283849000000001,0.06887658481273917,-0.07978305272853498,1.0,0,3.5593566894531232,-5.5,298.0,1.488119453191757,1.0849791169166565,1.1832104325294495,0.7018643617630005,0.8863638639450073,0.9682163596153259,0.628861129283905,1.0109659433364868
4FZA_A_B,4FZA,A,217,R,A,218,Q,1.0274367577011738,,H,0.0252390979432017,0.0702715415094286,-0.045032443566226904,22,23,-1,-1.9590660000000004,-1.3574245999999999,0.0538445491208093,-0.02702038368740456,-0.16666666666666669,0,-2.4315414428710938,-1.0,298.0,-1.3313031196594238,-1.2899057865142822,-2.54665470123291,-1.482398509979248,-2.4608346223831177,-2.3359827995300297,-1.6638386249542236,-2.5616087913513184
4G0N_A_B,4G0N,A,37,E,A,41,R,1.8006412824586262,-0.35374444863725935,E,0.1488684616464222,0.1690094407617663,-0.0201409791153441,18,17,1,-1.2933369000000001,-1.4049456,0.006286080450557507,0.002828016403446404,-0.3333333333333333,0,-47.3211669921875,1.0,308.0,-0.16997838020324707,-1.8254637718200684,-0.3254518508911133,-1.20886206626892,-2.7365004420280457,-0.2700474262237549,-1.3127559423446655,-2.497636556625366
4G0N_A_B,4G0N,B,15,T,A,40,Y,1.8284227873616987,,E,0.0155576908057652,0.0292421582672858,-0.013684467461520598,24,24,0,0.1509478999999998,-0.09389169999999991,0.3633855849830603,-0.014950717999240998,0.0,0,4.604957580566406,0.6000000000000001,303.0,0.5289691686630249,-0.27557265758514415,0.21021544933319092,-0.006766796112060547,-0.5096464157104494,-0.2963436841964723,1.141460657119751,0.4152674674987791
4G0N_A_B,4G0N,B,31,K,A,25,Q,2.200238060095798,,H,0.3160921943466954,0.3356617705128644,-0.019569576166169,15,15,0,1.8181311999999998,1.4500552,0.07515763169423441,0.10345369766755028,0.0,0,-17.91366577148437,-0.3999999999999999,298.0,1.2112107276916495,1.7766613960266113,1.4766054153442383,1.563453197479248,1.9797320365905762,2.9289612770080566,1.6237096786499023,1.9847140312194824
4HFK_A_BD,4HFK,B,22,R,B,18,W,1.3915088644819469,,H,0.0324824264479058,0.0044087374039823,0.028073689043923496,27,26,1,1.4899201999999998,-0.09337280000000003,1.077563110048007,0.00016983821086000161,0.3333333333333333,0,-0.1785430908203125,-3.6,298.0,0.5045928955078129,0.8255395889282231,0.7605900764465328,3.277721732854843,2.5527410805225372,0.13275384902954102,0.5876319408416748,3.2777905464172368
4HFK_A_BD,4HFK,B,45,L,B,43,A,2.524333218946118,,H,0.0352814911243997,0.0060576040655872,0.029223887058812497,27,28,-1,-1.0468604400000001,-0.8971616000000001,0.16645202925015035,0.044916606857273306,0.0,0,,1.9999999999999998,298.0,-0.6727946400642395,-0.4621052742004395,-1.4629968702793121,-1.885673239827156,-0.11040320992469793,-1.343078374862671,-0.8146283626556396,-1.6232033669948578
4HFK_A_BD,4HFK,B,46,E,B,38,D,1.1880396206308514,,H,0.0686660535261498,0.0365296419475758,0.032136411578574,24,23,1,2.9002895,3.8744140999999996,-0.44988355846660416,0.026025687515086104,0.5,0,-0.7176513671875,0.0,298.0,2.985382914543152,2.804629325866699,2.681477785110474,4.4416422843933105,2.551641225814819,2.867122709751129,2.6035759449005127,2.266845703125
4HRN_A_D,4HRN,D,44,V,A,69,F,2.8106652758248662,,L,0.0,0.0001811533511458,-0.0001811533511458,28,28,0,0.47141330000000004,0.32606840000000004,-0.6669864236254587,0.0392209318963615,0.0,0,-35.90707778930664,1.4000000000000004,298.0,0.963781476020813,0.9277308583259583,0.1341496706008911,0.7767242193222046,0.634344220161438,0.1517426967620843,-0.33893477916717507,0.5217674374580381
4HRN_A_D,4HRN,D,47,F,D,13,E,2.4594608435335474,,L,0.2207436920692921,0.2382029995917731,-0.01745930752248101,19,20,-1,1.4953895,1.2426815999999998,0.12349916255947346,-0.0057824138563269956,0.0,0,-11.33660125732422,6.3,298.0,1.2771185636520386,2.6320272386074066,2.0717396736145024,0.5321905612945557,2.3689299821853633,1.323419094085693,1.2100145816802979,0.5476763248443604
4I77_HL_Z,4I77,H,52,W,Z,41,I,2.5700938940363596,,L,0.0315275883267761,0.0103769489902953,0.0211506393364808,23,23,0,0.5431710999999999,0.07624980000000003,-0.7715533239358494,-0.0710063412661324,0.0,0,-37.50303649902344,-5.4,304.0,0.41531264781951904,0.618300199508667,0.3072524070739744,0.779089093208313,0.3107578754425049,0.2583656907081605,0.32553017139434814,1.3307632207870483
4I77_HL_Z,4I77,H,54,D,H,100,Y,2.6192848491710157,0.0,L,0.3275967732618883,0.3154539747225295,0.01214279853935879,19,18,1,1.32390327,1.36869407,0.774790743782057,-0.0016433030480164923,0.5,0,0.7801895141601562,-2.2,304.0,1.3111503347754478,1.7331824377179146,1.1815886795520782,1.3504654839634895,1.293138176202774,1.2289029210805893,1.2038097605109215,1.288987636566162
4I77_HL_Z,4I77,H,101,Y,Z,45,G,1.6538385300976,,L,0.0710580377739286,0.022368959650144,0.048689078123784604,25,26,-1,-1.0453069400000001,-0.633116,-0.0774314652628203,0.12359272707098529,1.0,0,,-0.9,304.0,-1.3430965244770052,-1.4829893037676811,-0.781954251229763,-0.5426027625799179,-1.5159885808825493,-1.0351272746920586,-0.8245240151882173,-0.8361727818846704
4I77_HL_Z,4I77,H,103,Y,L,36,F,2.19743766725223,,L,0.0016546931879356,0.0002168172962094,0.0014378758917262002,25,24,1,0.7380215999999999,0.7325489000000001,-0.37018424386906545,0.08584446096949402,1.0,0,8.46828842163086,-4.1,304.0,0.7421966195106507,0.9483920931816101,0.7350666522979736,0.7254387140274052,0.5752375125885012,0.5608870983123784,0.8598326444625854,0.757121980190277
4I77_HL_Z,4I77,L,95,N,Z,46,C,1.3801528344884093,,L,0.0361018124748346,0.0115860290324075,0.0245157834424271,25,25,0,-0.38949288,-0.598697264,-0.41976004853002596,0.0034562500002232044,1.0,0,5.6186676025390625,-6.0,304.0,-0.3495081290602684,-0.45923380553722387,-0.29179058969020855,-0.5122914388775827,-0.6046231165528297,-0.303135633468628,-0.2878081426024437,-0.3075520098209381
4J2L_A_CD,4J2L,C,17,W,A,31,F,2.2295846882352905,,H,0.0492197345387961,0.0269136391716127,0.0223060953671834,22,21,1,-4.0120049,-4.5210695,0.30823184925169667,-0.03214325733047779,0.0,0,-4.331394195556641,-3.6999999999999997,298.0,-3.869303822517395,-3.7021678686141968,-4.5412540435791025,-3.9075570106506348,-3.8329076766967773,-4.146943926811218,-4.435690820217133,-3.6602153182029724
4JEU_A_B,4JEU,B,3,R,A,312,K,1.127664041308761,,L,0.152299071260369,0.1474609947535434,0.004838076506825606,17,16,1,0.33779819999999994,0.3899229000000002,-0.9114852795713426,-0.1612805562704407,0.0,0,21.27191925048828,-0.6000000000000001,298.0,-1.0040913820266724,0.9933967590332031,0.6215085983276367,-0.057360172271728516,0.07245755195617676,1.1662615537643435,-0.3487980365753174,1.2590110301971436
4JEU_A_B,4JEU,B,215,I,B,101,Q,3.2402502019955364,,H,0.0,0.0122753822176008,-0.0122753822176008,24,25,-1,1.73615363,1.9024005,-0.26260079370868405,-0.0376440741275601,-0.5,0,8.2034912109375,8.0,298.0,1.7398553490638733,1.4777594804763794,1.6422875970602036,1.7874472737312317,1.6983202397823334,1.0747444629669187,2.3060002624988556,2.162815108895302
4JFF_ABC_DE,4JFF,C,1,E,D,95,G,7.319559526108369,,L,0.0098526983413876,0.0062088930653262,0.0036438052760614003,25,26,-1,-3.0015495,-3.8373057399999997,0.3825077508424318,0.12551399946479197,0.5,0,,-3.1,298.0,-3.4670483767986298,-2.772161602973938,-2.946896553039551,-3.3796752095222473,-2.9909681677818303,-3.365610182285309,-2.47146475315094,-2.6185708045959473
4JFF_ABC_DE,4JFF,C,4,G,D,31,Q,6.515296898776146,,L,0.0422124982366205,0.0239225936492282,0.0182899045873923,26,26,0,0.58993422,-0.22425198000000002,-0.04112492255983846,-0.008672184700011215,-1.0,0,,3.1,298.0,0.2165658622980118,0.09246528148651117,0.5680238008499146,1.3112279772758484,0.2107467353343963,0.7512191534042358,1.150401622056961,0.41882382333278656
4JFF_ABC_DE,4JFF,C,7,I,E,50,Y,6.426746198757867,,E,0.0,0.000837890864609,-0.000837890864609,25,25,0,1.6277773999999998,2.3190016,-0.20742993368939644,0.028412075631810196,-1.0,0,-24.176261901855465,5.8,298.0,1.9885296821594238,2.240252494812012,1.111114740371704,0.8228391408920288,2.5660558938980103,1.2327831983566284,0.3281511068344116,2.732493281364441
4JFF_ABC_DE,4JFF,C,8,L,C,5,I,6.196110354356413,,L,0.0252643910099856,0.0117725498280444,0.0134918411819412,21,22,-1,-1.3441003500000002,-1.4875535999999998,0.3060378057611479,0.029772309859733198,0.0,0,8.069095611572264,-0.7000000000000002,298.0,-2.04342919588089,-1.3035038709640503,-1.2467027902603152,-1.5107200145721436,-0.8357455134391785,-1.532661616802216,-1.3302639722824092,-0.9497753381729126
4JFF_ABC_DE,4JFF,C,9,T,E,58,S,6.53152220613874,,L,0.0391572333998921,0.0423335353539969,-0.0031763019541048015,21,21,0,-2.3542368700000003,-2.65053064,-0.3965740669259274,-0.02647640757117281,0.0,0,-3.1580734252929688,0.10000000000000009,298.0,-2.9965068995952606,-2.0194636583328247,-1.9151580035686488,-1.612712427973747,-2.530464991927147,-2.6695841550827026,-2.3240288794040684,-2.7659753859043117
4KRO_A_B,4KRO,B,15,R,B,2,V,1.5832991719387786,,L,0.1386037850132884,0.1225107743212896,0.01609301069199881,22,21,1,-0.5907362999999999,-0.94190926,-0.31210324464871464,0.12567773461918097,0.3333333333333333,0,-5.709796905517578,-8.7,298.0,-0.7322744131088261,-0.39218735694885254,-0.22283083200454712,0.393188953399658,-1.584932386875153,-1.1372266411781307,-0.29998528957366943,-0.7496408224105839
4KRO_A_B,4KRO,B,92,D,A,369,R,1.5042236608261124,,L,0.0708827896645443,0.0331732692300061,0.03770952043453819,23,23,0,-1.6801773,-1.4677902999999999,0.1678071707100015,-0.017033397226002417,0.6666666666666667,0,-9.840499877929688,1.0,298.0,-0.026847839355467862,-2.2387609481811523,-1.1891794204711914,-2.134497582912445,-3.309144377708435,-2.905247032642365,-0.43913960456848145,-1.1985979080200209
4KRP_A_B,4KRP,B,105,E,B,107,D,1.6060447352220086,,L,0.167047876670003,0.1730397122255382,-0.005991835555535202,19,20,-1,-1.0116446000000001,-0.6555935000000002,0.08970893493936649,0.0450182520419658,-0.5,0,0.0979690551757817,0.0,298.0,-0.24037742614746094,-0.7369582653045654,-1.3711254596710205,0.062238454818725586,-1.4050350785255434,-1.2425376176834109,-1.0112667083740234,-2.1480936408042908
4L3E_ABC_DE,4L3E,A,65,R,A,158,A,1.3011671118471222,,H,0.1421721801258646,0.1303410498624664,0.011831130263398215,23,22,1,-2.7313910499999996,-2.1394261300000004,-0.2926322573672091,0.010612620046495491,0.3333333333333333,0,,-6.3,298.0,-3.641605466604233,-2.0230954587459564,-4.06813657283783,-2.1250529289245605,-1.9928168058395386,-2.7138432562351227,-3.2295572757720947,-2.0570221841335297
4L3E_ABC_DE,4L3E,A,155,Q,A,163,T,1.2584735016202362,,H,0.0402349651735726,0.0217108846512103,0.018524080522362298,25,24,1,-0.1850353,0.04300680000000012,-0.30996645837122816,-0.02170842868972328,0.0,0,5.019649505615234,-2.8,298.0,-0.2758271694183354,0.31786680221557684,-0.027262210845946377,-0.14263439178466797,-0.20779705047607422,-0.7155989408493042,-0.6115517616271973,0.18252229690551758
4L3E_ABC_DE,4L3E,A,166,E,A,76,V,1.2169732743791315,,H,0.3102598156221082,0.2721840353747726,0.0380757802473356,18,19,-1,-0.07694869999999998,-0.3100472000000001,1.1704869659867279,0.01162459227187218,0.5,0,-3.6994323730468732,-7.7,298.0,-0.38014149665832475,-0.3480648994445801,0.39630627632141113,-0.3723454475402832,0.3490372896194456,0.1835427284240725,-0.4925928115844722,0.048670291900634766
4L3E_ABC_DE,4L3E,D,26,Y,C,8,L,2.7835618283803383,,L,0.0159764802285845,0.0082431480233286,0.0077333322052559,22,21,1,-1.382728,-3.7061331,1.1024446962156154,0.009583964035454723,1.0,1,4.3613739013671875,-5.1,298.0,-1.6913617849349976,-3.2419017553329468,-0.7111253142356873,-0.10544455051422097,0.16349971294403076,-3.6890658140182495,-1.5443096160888672,-0.24211513996124268
4MNQ_ABC_DE,4MNQ,C,4,K,D,96,Y,4.933426404666148,,L,0.0182510972037124,0.012032052357827,0.006219044845885398,26,26,0,-1.9872008,-1.764431,0.14248247470370878,-0.11096131402026538,0.0,-1,6.364585876464844,-2.5999999999999996,298.0,-2.2931759357452393,-1.6451680660247798,-1.2300962209701538,-2.1131047010421753,-2.469031810760498,-1.9575059413909912,-2.6107577085494995,-1.578766107559204
4MNQ_ABC_DE,4MNQ,C,6,L,D,91,A,4.14712203343936,,L,0.0253920310462841,0.0239231621718939,0.0014688688743902008,24,25,-1,-1.387712,-1.4507097000000002,-0.39422993463476774,0.07742901944509309,0.0,0,,1.9999999999999998,298.0,-1.5163425207138066,-1.5590107440948486,-0.8933925628662109,-1.6561261415481567,-1.2817087769508362,-1.4156080484390259,-1.104723870754242,-1.6747833490371704
4O27_A_B,4O27,A,88,K,B,118,Y,1.024414289084085,,H,0.1598309737434917,0.1629039255379071,-0.0030729517944154128,18,18,0,-1.648245,-1.7682601999999998,-0.9083281873034033,0.02616948382113743,-1.0,0,5.7947845458984375,-2.5999999999999996,298.0,-1.9191516935825348,-1.7274143993854527,-1.5881458520889284,-1.5428383946418762,-1.6253774464130402,-2.0567667484283447,-1.3074917793273926,-1.4187739193439486
4O27_A_B,4O27,A,215,Y,A,216,V,1.1947757783935136,,H,0.0878370140862499,0.0918323193316469,-0.003995305245396999,20,21,-1,1.7379585,1.12910165,0.14190029234199653,-0.09055409337215709,0.0,0,11.132553100585938,-5.5,298.0,1.0421087741851807,0.9159430265426636,1.206359326839447,1.84876549243927,1.9421558380126953,2.5021109580993652,1.9243470430374146,2.521878182888031
4OFY_A_D,4OFY,A,34,Q,A,87,S,1.1762294551826238,0.14209558868467176,L,0.012054481648668,0.0009578644168893,0.0110966172317787,25,25,0,-0.7852892999999999,-1.3244164000000003,-0.3576338062658777,0.026805053769589582,-0.5,0,9.773895263671875,-2.7,298.0,-1.4092288017272951,-1.5467944145202632,0.41981595754623413,-1.1902834177017207,-0.06088423728942849,0.4757106304168699,-1.6519968509674081,-1.3186534643173218
4OFY_A_D,4OFY,D,34,Q,A,36,M,2.8692159988027166,0.08407289665825735,E,0.0101308383521464,0.0168023409247569,-0.006671502572610498,24,25,-1,0.6682972999999999,-1.9853599999999996,0.383235156121022,-0.03303188112515032,1.0,0,7.195945739746094,-5.4,298.0,1.4771771430969238,0.7988625168800353,-1.1336323022842407,0.8748377561569212,1.5557886362075801,0.0017948150634765625,1.4345719814300546,0.33698010444641113
4OFY_A_D,4OFY,D,42,L,A,41,G,2.5667118722837503,,E,0.0064291022361753,0.0154529259292368,-0.0090238236930615,29,28,1,1.5287349000000003,0.2999516,-0.28892601492008674,-0.048093282723380315,0.0,0,,4.2,298.0,3.372918486595154,3.3162031173706055,2.584397554397583,2.5774554014205937,3.1195802688598633,-0.2871274948120126,0.9984649419784546,-3.452010691165924
4OZG_ABJ_GH,4OZG,G,50,L,B,71,A,1.165761296968809,,L,0.0949437104287705,0.1331464091012016,-0.03820269867243109,17,16,1,1.5942570000000003,1.9245336999999998,0.2309780119642647,0.023761621228377106,0.0,0,,1.9999999999999998,293.0,1.3363845944404602,1.2068151831626892,2.207373201847076,1.487032294273376,1.5973311066627502,1.7235977053642273,1.7900158166885376,1.4055054187774667
4P23_CD_AB,4P23,C,66,V,C,59,G,1.16627650370749,,H,0.0,0.0041317962133278,-0.0041317962133278,23,23,0,3.4856562500000003,3.3529891000000003,-0.1561633884403799,-0.026156839135601906,0.0,0,,4.6000000000000005,298.0,3.2848260402679443,3.431947022676468,3.7637765407562256,3.861050099134445,2.865123927593231,4.104400932788849,3.399443209171295,3.1746831834316254
4P23_CD_AB,4P23,D,5,K,D,8,A,2.2296234426394665,,L,0.0068342981245232,0.0023755751504213,0.0044587229741019,26,25,1,-1.7842205999999998,-1.7763855000000004,0.16435795653594454,-0.034133797279002204,0.0,0,,-5.7,298.0,-1.0036900043487553,-1.9451763629913335,-1.4480041265487673,-2.61301326751709,-2.481233835220337,-1.5889298915863037,-1.7040562629699707,-1.489662885665893
4P23_CD_AB,4P23,D,7,K,D,4,Q,2.567194198281374,0.6826014437951471,L,0.0734755875739947,0.0975773824758899,-0.024101794901895207,26,26,0,1.1529117000000002,1.9286758000000002,-0.5637462911498532,0.09788300152514928,0.0,0,-33.88816452026367,-0.3999999999999999,298.0,0.9794986248016355,2.040545701980591,1.990792036056519,0.7603050470352177,0.04230308532714844,-0.13034343719482422,1.739638328552246,1.800554752349853
4P23_CD_AB,4P23,D,79,R,C,58,Q,2.0705851792448766,0.9725053785217762,H,0.1433889593805054,0.1438435349416142,-0.0004545755611088109,18,18,0,1.1751580999999998,1.8706667,0.5032707800577562,0.09352396539083963,-0.16666666666666669,0,11.300300598144531,-1.0,298.0,1.1747409105300903,0.3327710628509526,1.6192450523376465,1.0937800407409668,0.4270491600036621,1.1590181589126585,1.7653765082359314,1.8292824029922485
4P5T_CD_AB,4P5T,D,7,K,A,95,S,1.5485443304610826,,L,0.024007007705105,0.0101041597615297,0.013902847943575299,26,26,0,0.5001469000000001,0.617569,-0.8262709557571768,0.11942344268304511,0.0,0,-1.2727890014648438,-3.0999999999999996,298.0,0.18904495239257857,0.6162439584732056,0.21003592014312744,0.8669189214706423,0.5727958679199219,0.7548967599868774,0.005476593971252441,0.7857608795166016
4P5T_CD_AB,4P5T,D,78,R,C,66,V,2.073568493729729,0.8683452699720843,H,0.0480626167196056,0.0,0.0480626167196056,22,23,-1,-1.00135946,-1.1486495,0.4425798054031266,0.11307178906864399,0.3333333333333333,0,-6.649444580078125,-8.7,298.0,-1.128480315208435,-0.8692333698272705,-0.8978511095046997,-0.740766316652298,-1.2176978588104248,-1.0261098146438599,-0.9754239916801453,-1.155312180519104
4PWX_AB_CD,4PWX,A,194,F,A,201,E,1.7284574247898898,,H,0.0160185257629684,0.0570712995032612,-0.0410527737402928,18,19,-1,-1.7365274,-0.08993789999999979,-0.4525704084094052,-0.006752265261341428,0.0,0,19.0718994140625,6.3,298.0,-0.3059206008911124,-0.8735072612762449,-3.154706120491028,-1.226582527160645,-2.0091806650161743,-3.543889880180359,-0.8435125350952148,-1.9349201321601868
4PWX_AB_CD,4PWX,A,198,Y,C,20,Q,1.7284574247898898,-0.17771794009516576,H,0.106214321299363,0.1058278069149864,0.0003865143843765906,22,22,0,-0.6756616000000002,-0.5186088,-0.8771062035726054,-0.10502756583708717,0.0,0,6.699104309082031,2.2,298.0,-0.945366621017456,-0.46726036071777344,-2.0788254737854004,0.10327363014221191,-0.8624594211578365,-1.0339732170104976,-0.8607950210571289,0.7401132583618164
4PWX_AB_CD,4PWX,C,16,Y,C,60,D,1.1444566316659752,,H,0.127870786055236,0.1021953990743816,0.025675386980854392,22,22,0,-2.8429704,-2.0381387999999996,0.4205873899113348,-0.02187585796756014,0.0,0,34.99838256835938,2.2,298.0,-2.4690511226654053,-2.9192432165145874,-2.22235369682312,-3.946380138397217,-2.8477439880371094,-2.3617732524871826,-3.3583256006240854,-2.6188902854919434
4PWX_AB_CD,4PWX,C,28,R,A,202,R,1.7284574247898898,,H,0.3182612066241613,0.2797803130391488,0.0384808935850125,17,17,0,0.10125159999999989,0.25514020000000004,2.7845121884092716,0.11619020450652495,0.0,0,2.4101600646972656,0.0,298.0,0.9205679893493652,-0.11682891845703103,-0.3650789260864258,-0.36237633228302,0.43317937850952104,-0.22465276718139648,0.3151577711105349,0.21004438400268555
4RS1_A_B,4RS1,A,28,D,B,147,T,2.5910689357937766,,L,0.0711104725858224,0.0783877357378502,-0.007277263152027799,17,18,-1,1.91299307,1.8141866999999998,-0.3001227360251212,-0.005360533385598304,-0.5,0,13.021377563476564,-2.8,298.0,2.2086296677589417,1.9524614214897156,1.7963082790374756,1.5337379872798917,2.1939539909362793,2.069542527198792,1.7415669560432443,1.8077445328235626
4RS1_A_B,4RS1,A,99,F,B,205,S,3.624700968480194,0.615713967495489,L,0.0611564720017926,0.0646143785234244,-0.003457906521631804,16,17,-1,-1.94500452,-1.83484398,-0.2782571266634406,-0.04871371474621222,0.0,0,-16.211875915527344,3.5999999999999996,298.0,-2.2256088256835938,-1.6361292004585266,-1.8520836532115936,-1.5742678195238113,-1.7677166163921356,-2.1909293234348297,-2.311789393424988,-2.0015110075473785
4YEB_A_B,4YEB,B,131,F,B,14,Y,2.4163831684447996,,E,0.01804146003205,0.0228443463138397,-0.0048028862817896985,23,23,0,-0.4332695000000002,-0.705174,-1.2537423789514028,-0.0765127950715041,0.0,0,-17.87259292602539,4.1,298.0,-0.6234533786773677,0.26670861244201705,-0.6716723442077637,-0.8857743740081787,-1.1704312562942505,-0.4627981185913086,0.8799929618835449,-0.7987281084060669
4YFD_A_B,4YFD,A,259,E,A,263,P,1.2159779346079969,,L,0.0812182595435002,0.1234541374382999,-0.0422358778947997,16,17,-1,-1.56753862,-2.1926898400000003,0.47708980103312804,0.1260112520991073,1.0,0,-5.35186767578125,-1.9,298.0,-1.1421883180737495,-1.9650286585092553,-1.3882862329483032,-1.4863568544387817,-2.142456635832786,-1.5240997597575185,-1.1710543483495715,-1.7208375185728075
4YFD_A_B,4YFD,B,4,W,A,262,M,1.1320943862080435,,L,0.0351811283433972,0.0295224875745719,0.005658640768825298,23,24,-1,0.6659636000000002,0.3084473000000001,-0.0872484601276009,0.0008405228624157046,0.0,0,3.3960723876953125,-2.8,298.0,0.2695872783660891,-0.2728574275970459,0.307767391204834,1.5207235813140878,1.240936756134034,0.9096735715866087,1.365100622177124,-0.013221859931946023
4YFD_A_B,4YFD,B,71,K,B,44,T,1.4744243852779593,,E,0.0461024855783216,0.0246292038105695,0.0214732817677521,19,20,-1,-0.6713995999999998,-0.1514164,-0.13367651397228597,-0.023944906864762805,1.0,0,-28.141063690185547,-3.2,298.0,-0.8364739418029785,-0.3431129455566406,-1.066861629486084,-0.11494207382202148,-0.480998277664185,-0.6039352416992188,-0.9871772527694698,-0.9376950263977046
4YH7_A_B,4YH7,A,169,R,A,285,M,1.4376801502421461,,E,0.0411341865257268,0.0262180320655275,0.0149161544601993,24,23,1,0.9579594,0.35422929999999964,-0.8406488403059372,0.07200027622268307,0.0,0,16.391319274902344,-6.4,298.0,0.012910842895507812,1.0329089164733887,0.5255768299102783,0.33779144287109375,1.5680115222930904,2.0888675451278687,1.2344083786010738,0.8631973266601562
4YH7_A_B,4YH7,A,246,Y,B,98,K,1.034133866497952,,E,0.0499602995608007,0.0551032254986491,-0.005142925937848403,20,21,-1,1.6166459000000002,3.01513455,1.1849596734004995,-0.010075527622471991,0.0,0,4.3974456787109375,2.5999999999999996,298.0,1.9256088137626648,1.2722082138061523,0.42017728090286255,3.054470479488373,2.14806866645813,0.510954737663269,0.6264223456382751,2.975256562232971
4ZS6_HL_A,4ZS6,A,156,E,A,159,D,3.0386657301602105,,L,0.0928261369653335,0.04843743472858,0.044388702236753494,19,20,-1,-2.4221589,-3.19702785,0.18318011062848094,0.029066041172068513,-0.5,0,-19.817962646484375,0.0,298.0,-2.3186264634132385,-2.607020288705826,-2.825779557228089,-2.046653389930725,-1.714966237545013,-2.3578860759735107,-2.846262276172638,-2.6600767970085144
5C6T_HL_A,5C6T,H,97,N,A,184,G,1.5258958082866798,,L,0.0136706057710234,0.000724075904059,0.0129465298669644,23,22,1,0.8888533999999999,1.6433548999999998,0.2414445664803315,0.044169505803999476,0.5,0,,-3.1,298.0,1.6927070617675781,0.43632495403289795,-0.8334150314331055,-0.12091994285583474,1.4745724201202393,2.0856922864913936,2.7098766565322876,-0.3340107202529907
5C6T_HL_A,5C6T,H,98,Y,L,48,R,1.7166795514612891,0.12296126457033416,L,0.1367885871522382,0.1799273567889702,-0.043138769636731994,17,16,1,-0.6024629999999997,-0.4375975999999997,-0.6081126798827003,0.010153291200896475,-0.3333333333333333,0,2.348876953125,3.2,298.0,-0.7851929664611825,-0.7924251556396484,0.05339503288269043,-0.9736961126327521,-0.5557094812393188,-1.0698215961456299,-0.2190237045288086,-0.4772310256958008
5C6T_HL_A,5C6T,H,99,F,A,193,G,1.4600294695006892,,L,0.0619250988539416,0.0845069064947428,-0.022581807640801192,16,17,-1,-2.55933958,-3.4704572999999996,0.31794048433866656,0.05024197593633434,0.0,0,,3.1999999999999997,298.0,-3.4005541503429413,-1.887556254863739,-3.474417001008988,-3.384839862585067,-1.5333413481712341,-1.8487657606601715,-2.2110003232955933,-2.7342422902584076
5C6T_HL_A,5C6T,A,194,E,H,100,F,1.0906715831054934,,L,0.0929939095535083,0.0833447979395894,0.00964911161391889,20,20,0,3.3936687,2.7394974,-0.7313010246080854,-0.05760460059300121,0.0,0,-17.66580200195312,-6.3,298.0,3.8941816091537476,2.661763548851013,2.815543234348297,2.82254421710968,4.046487033367157,2.888718992471695,4.198913156986237,3.821197032928467
5C6T_HL_A,5C6T,A,199,F,H,32,S,2.758178513868998,-0.8683452699720843,L,0.0066866958734681,0.0159155681023819,-0.0092288722289138,19,19,0,0.0674319000000001,-0.5887779000000002,-0.6086726098988133,-0.025170822749099042,-1.0,0,-25.988677978515625,3.5999999999999996,298.0,1.3077603876590729,0.7196686267852781,-0.23904919624328613,0.0737680196762085,-1.0569196939468384,0.05925321578979492,-0.42710512876510653,0.10207986831665039
5F4E_A_B,5F4E,A,139,R,A,137,A,1.4646556504443715,,E,0.0963542679266864,0.105492423020603,-0.009138155093916592,20,21,-1,0.002663599999999988,-0.5403905,0.16016642026164873,-0.02280260833142339,0.6666666666666666,0,,-6.3,293.0,1.0385175943374638,-0.08708369731903054,-0.6012518405914307,-0.7090703248977661,0.70136559009552,0.4590628147125244,0.1606421470642081,-0.940873384475708
5F4E_A_B,5F4E,B,43,W,B,68,R,1.0546542005909838,,H,0.0802057593461975,0.0432995942389553,0.036906165107242206,20,21,-1,0.2901710999999999,0.1975758099999999,0.37106130179825536,-0.010544915545091987,0.0,0,12.404144287109375,3.6,293.0,-0.3164709210395813,0.9546974897384644,0.8204072117805481,-0.4390539526939392,0.9582118988037109,-0.2671473026275635,0.14809000492095947,0.46263372898101784
5F4E_A_B,5F4E,B,62,L,B,59,H,2.9336654109516216,,L,0.0484754270074669,0.0604205386730352,-0.011945111665568303,23,22,1,1.5527358000000002,2.5738218,-0.17993075969171735,0.002018083929834602,-1.0,0,-7.801136016845703,7.0,293.0,2.8059656620025635,1.9384715557098389,0.4213533401489258,0.6120767593383789,0.8366302251815796,1.6665114164352417,1.4643834829330444,2.676493525505066
5K39_A_B,5K39,B,148,I,A,97,W,2.1898670998026213,,H,0.0281609799673333,0.0437764956505262,-0.015615515683192902,24,23,1,2.4114237000000003,3.2447421,0.20589631769293204,-0.02980109212811552,-1.0,0,0.3748893737792969,5.4,318.0,1.0952072292566302,1.0572768449783325,3.3420515954494476,3.320114016532898,3.1324103474617004,3.313169538974762,0.5466238260269165,3.4845370948314667
5M2O_A_B,5M2O,A,75,L,A,62,M,1.6808793356196992,,E,0.1663390810623018,0.2112897862067169,-0.0449507051444151,22,21,1,2.8589226500000002,2.78361042,0.6246540114317919,-0.005512571503155511,0.0,0,-2.0335845947265625,1.9,308.0,2.7238331735134125,2.8288064748048782,3.151229053735733,2.8441315442323685,2.6903376430273056,2.9610602408647537,3.0641497373580933,2.6078342646360397
5M2O_A_B,5M2O,B,21,V,B,18,S,2.524718411022802,0.04860160977052419,H,0.0,0.0,0.0,28,27,1,-0.012321680000000002,0.23547140000000003,0.059826206925125525,-0.002249402414288393,-1.0,0,-10.560287475585938,5.0,308.0,-0.03336881101131442,0.11967718601226801,0.20620621740818032,-0.11021730303764349,-0.09589968621730807,0.001384586095809881,0.022273138165473993,-0.20862901210784918
5M2O_A_B,5M2O,B,25,Q,B,61,Q,1.182801156826777,-0.162971634777618,H,0.006772307128998,0.0136086929765737,-0.006836385847575701,25,24,1,1.38680673,1.8153102,0.5959369849761398,0.013439746738266284,0.0,0,-2.448028564453125,0.0,308.0,1.2325806021690369,0.5569088459014901,1.6151175349950788,0.7172364592552186,1.3361042737960815,2.5679181814193726,1.5838854312896733,1.4847019910812378
5M2O_A_B,5M2O,B,32,K,A,78,K,1.0988260155473215,,L,0.4926827203930774,0.5085509382189003,-0.015868217825822872,11,11,0,1.3715901000000001,1.5882559600000001,-1.351812940184847,0.1254719451363375,0.0,0,1.3359947204589844,0.0,308.0,1.0854982137680054,1.0327467918395996,0.8549627065658569,1.6025454998016357,1.4021266996860506,1.9590408205986023,0.9085223078727722,2.127280116081238
5TAR_A_B,5TAR,B,86,E,B,88,W,1.1260183153599006,0.3841487812395772,E,0.0802181766324594,0.1209213076915606,-0.0407031310591012,17,16,1,2.4425516000000003,1.9709124,-0.0817454653918231,0.007880801506064627,0.5,0,20.173023223876953,-2.6,298.0,2.5055922269821167,3.218137562274933,2.2784759998321538,1.870980262756348,2.8033262491226196,2.0875847339630127,2.4214351177215576,2.354882359504699
