complex_id,pdb,hot_chain,hot_resnum,hot_aa,ctl_chain,ctl_resnum,ctl_aa,hot_ddG,ctl_ddG,ss,hot_rsasa,ctl_rsasa,d_rsasa,hot_nbr,ctl_nbr,d_nbr,d_logp,d_logp_unc,d_bfac_z,d_gnm,d_buried_polar,d_unsat_polar,d_chi1_strain,d_hydro,d_T,d_logp_o0,d_logp_o1,d_logp_o2,d_logp_o3,d_logp_o4,d_logp_o5,d_logp_o6,d_logp_o7
1A22_A_B,1A22,A,45,L,A,48,P,1.2239685806665281,0.41047252261649486,H,0.0078746320526072,0.0411661732051074,-0.0332915411525002,19,17,2,-0.79767743,-2.9645105299999996,-1.537741007212235,-0.03834823558711148,0.0,0,-13.981595993041992,5.4,298.0,-1.3659321069717405,-0.008594870567321833,-1.9539223313331604,-0.14768248796463007,-0.9410756230354309,-0.030562728643417303,-0.5967498123645785,-1.336899146437645
1A22_A_B,1A22,A,161,K,A,153,Y,1.7783553349035608,0.34807942940459446,H,0.0484401024687262,0.0157044969044476,0.032735605564278604,25,23,2,0.8250974,0.2477684,-0.022823171591762392,-0.011843376957257706,-1.0,0,8.306121826171875,-2.5999999999999996,298.0,1.003027081489563,0.679821252822876,-0.3257676362991335,1.7315654754638676,1.569670557975769,0.8748294115066528,0.2718605995178218,0.7957720756530757
1A22_A_B,1A22,A,164,T,A,157,K,1.9061753648850552,-0.0523514858914572,H,0.0370104706823938,0.0254298447343707,0.011580625948023098,26,24,2,1.06128103,1.27041725,-0.8920269765089116,-0.019094118952736105,-1.0,0,-6.635742187499999,3.2,298.0,1.3546318411827087,0.9010457992553711,0.7837309837341306,1.1590338349342346,1.088135629892349,1.141556441783905,1.0177277326583862,1.0443851947784422
1A22_A_B,1A22,A,167,R,A,163,E,2.4246162835990783,-0.9096298939368896,H,0.1340808914566766,0.1070444477240689,0.02703644373260769,25,26,-1,1.9236765999999998,1.8571407000000002,0.43907006463712583,0.0222463699360384,0.3333333333333333,0,1.309906005859375,-1.0,298.0,2.1192506551742554,1.4181851148605347,2.5157156586647034,0.8133935928344727,1.830991506576538,2.344722032546997,2.117417871952057,2.2297356128692627
1A22_A_B,1A22,A,171,C,A,25,F,1.0189540212285182,-0.4312531345396917,H,0.1325049166052408,0.1342833389802677,-0.0017784223750269001,21,19,2,3.01999452,3.1407239000000002,0.03320858620865974,-0.004962875062802491,0.0,0,1.0445289611816406,-0.2999999999999998,298.0,2.7397451400756836,3.0874706730246544,3.2194274589419365,2.834029912948608,2.515047311782837,3.708557523787022,3.149323597550392,2.9063537716865553
1A22_A_B,1A22,B,11,R,B,30,R,2.115299745535946,0.5673317649079936,L,0.0131872979573719,0.040346957466585,-0.027159659509213105,24,22,2,-0.5661239000000002,-1.3306698,-1.9800324326985086,-0.031374683308407314,0.0,0,1.3407135009765625,0.0,298.0,-0.0425751209259031,-1.1370344161987305,0.5737574100494385,-2.295750379562378,-0.35357463359832764,-0.7980151176452637,-0.1249537467956543,-0.35084509849548384
1A22_A_B,1A22,B,12,E,A,178,C,1.6919638487429767,,L,0.1690911202624688,0.1362761256955667,0.032814994566902095,21,19,2,-1.8399200599999999,-1.4941891999999997,-1.7536937448918861,-0.06095598312160022,0.0,0,3.6881065368652344,-6.0,298.0,-2.183385945856571,-1.2077986001968384,-1.2414528131484985,-2.3455043584108353,-2.4444279596209526,-1.3775168061256413,-1.8505829572677617,-2.0686916708946224
1A22_A_B,1A22,B,60,T,B,61,S,1.4230269375004536,-0.18208834128065177,L,0.0217324195363067,0.0267030935523951,-0.004970674016088399,22,21,1,1.2832005000000002,1.4628249999999998,-0.19592760622367067,-0.01645873959256669,1.0,0,-15.547969818115241,0.10000000000000009,298.0,1.4054906368255617,1.3907063007354736,1.3443540334701538,1.433979868888855,1.200742244720459,1.6325944066047668,0.3546149730682373,1.503122329711914
1A22_A_B,1A22,B,62,I,B,123,G,1.607144483940179,,L,0.006143468069833,0.0222649581709797,-0.0161214901011467,25,23,2,-3.9928444199999995,-3.78927295,0.3291732227950134,0.018638403399541592,0.0,0,,4.9,298.0,-4.034533180296421,-3.6129041239619255,-4.287218250334263,-3.9380682334303856,-3.6374724358320236,-3.2660542502999306,-4.3431785851716995,-4.823324434459209
1A22_A_B,1A22,B,63,W,B,174,S,4.681416547066253,0.03384845091440465,L,0.0217853758949312,0.060338991368405,-0.0385536154734738,20,22,-2,-0.28683539999999974,-0.9910713,-1.6697937750941128,-0.0164539005516601,1.0,0,-16.267368316650387,-0.09999999999999998,298.0,-0.1960294246673584,-1.2707111835479736,0.8012118339538574,-0.7758314609527592,0.022228479385375977,-0.2752950191497803,-0.9387965202331547,0.3385424613952641
1A22_A_B,1A22,B,65,P,B,83,S,2.964936070743077,0.2258387121583183,E,0.0016721074018139,0.0134475406244215,-0.011775433222607599,22,20,2,1.9306755999999998,2.1583774,-0.6952805753823491,0.0011696523647920787,0.0,0,27.730436325073242,-0.8,298.0,2.138017177581787,1.9712251424789429,1.886036530137062,2.135962188243866,1.2282440960407257,1.2310252189636235,2.3082467913627625,2.546648472547531
1A22_A_B,1A22,B,120,I,A,62,S,2.1534296321485966,0.3971126623944804,L,0.162896623769617,0.1457744761707761,0.017122147598840898,17,17,0,1.9587857,1.3073831,-0.4239605140263849,0.00362921576344849,0.0,0,24.873588562011726,5.3,298.0,2.6105573773384094,1.1489892005920412,1.9020178318023682,2.329663395881653,1.2357118129730225,2.3871535062789917,2.4584262371063232,1.5977680683135986
1A4Y_A_B,1A4Y,A,263,W,B,40,K,1.170849396491051,,L,0.0099683152668705,0.0089497545082013,0.0010185607586692003,26,26,0,-1.2855626999999998,-1.0585377,-0.19297583518190242,-0.1767023851651795,0.0,0,6.921257019042969,3.0,298.0,-2.149992108345032,-1.8512036800384521,-1.3754079341888423,-1.4674184322357182,-0.39972996711731,-1.94614839553833,-1.047691822052002,-0.04690718650817871
1A4Y_A_B,1A4Y,A,318,W,A,289,S,1.5000732434540465,0.0423170461223214,E,0.0206164068933458,0.0002921979450456,0.020324208948300202,25,26,-1,-0.9807498000000001,-1.9291718999999998,0.4253065476020377,0.010438604658587688,-1.0,0,29.148082733154297,-0.09999999999999998,298.0,-1.4453229904174805,-0.5233238935470585,-0.010143518447875977,-2.028599977493286,-1.3084691762924194,-0.21297204494476318,-0.11284101009368919,-2.204324245452881
1A4Y_A_B,1A4Y,A,375,W,A,432,V,1.0348984717336767,,E,0.0148977266780777,0.0087839849907423,0.006113741687335399,24,22,2,-1.5330373000000002,-2.0174933,0.22707884838661052,-0.03113860664325191,1.0,0,6.515087127685547,-5.1000000000000005,298.0,-1.4063092470169072,-1.471717953681946,-3.1484525203704834,-0.6082748174667358,-1.1691471338272095,-1.2034621238708496,-2.479362845420837,-0.7775734663009644
1A4Y_A_B,1A4Y,A,434,Y,A,438,W,3.2605541973048746,,L,0.0336793282398424,0.0347074403661526,-0.001028112126310203,21,21,0,1.8259950000000003,2.5310619,-0.5474950206057987,-0.037345864607608914,-1.0,0,11.190368652343752,-0.4,298.0,2.289353847503662,1.8103196620941162,1.759965181350708,1.807213544845581,1.8365068435668945,1.398484706878662,1.90930461883545,1.796811819076538
1A4Y_A_B,1A4Y,A,435,D,A,178,N,3.4839828127111745,,L,0.1230589383999891,0.122004099749149,0.0010548386508401064,22,21,1,-1.1853037000000002,-1.6306635999999999,0.5024987179908952,0.013651483346931781,0.5,0,10.192134857177733,0.0,298.0,-2.244345307350158,-1.2661350965499878,-1.6286910772323604,-1.5890028476715083,0.1758897304534912,-1.5276961326599126,-1.1460366249084473,-0.25641250610351607
1AHW_AB_C,1AHW,C,145,Y,B,59,I,3.8053425216717396,,E,0.0163023752781492,0.0111679040838254,0.005134471194323798,22,22,0,0.6720081,1.4163480999999998,0.7211413473875047,0.0364048341710827,1.0,0,-10.902854919433594,-5.8,298.0,1.4863165616989136,-0.47590625286102295,0.4482322931289673,0.8081686496734619,1.5840882062911996,-0.09498679637908936,0.7456638813018799,0.8744852542877193
1AHW_AB_C,1AHW,C,159,T,B,33,Y,1.1057706448311257,,E,0.0394974398220036,0.0423690718618651,-0.002871632039861502,22,24,-2,3.00828717,3.05791102,0.5087689424562142,0.0614806939792546,-1.0,0,9.21999359130859,0.6000000000000001,298.0,2.2217432856559753,3.1822715401649475,3.772907644510269,3.2163091897964478,3.151895672082901,2.5359975397586823,3.0429414212703705,2.9422298967838287
1AHW_AB_C,1AHW,C,186,T,A,1,D,1.345881678138192,,L,0.5884115707496431,0.6378769007131782,-0.04946532996353503,14,12,2,0.6692483999999999,0.7988767000000003,-1.526749907645982,-0.13718802907129468,0.0,0,-27.15157699584961,2.8,298.0,0.9860494136810303,0.8902179002761841,0.4296165704727173,1.0279284715652464,0.7490154504776001,0.49779391288757324,0.22024714946746826,0.5531190633773804
1AK4_A_D,1AK4,D,85,P,D,95,Q,1.0852303196520656,,L,0.467264625701016,0.4866558360701683,-0.019391210369152312,14,12,2,1.69079924,1.57828612,-2.3734732632598297,-0.1867414334186642,0.0,0,22.017534255981445,1.9,298.0,1.7858907878398893,1.5303343087434769,1.938425987958908,1.5580995380878448,1.5554330497980118,1.8103979527950287,1.6730684936046598,1.674743264913559
1AK4_A_D,1AK4,D,90,P,A,72,G,2.1720377019480512,,L,0.0033900605813945,0.014453876826291,-0.0110638162448965,21,20,1,-0.50430589,-0.51344841,0.16883767447647202,0.11558598325124683,0.0,0,,-1.2000000000000002,298.0,-0.4699804782867432,-0.518045336008072,-0.3236895874142647,-0.29671374708414083,-0.7849459946155548,-0.3038749247789383,-0.7886882796883583,-0.5485084876418114
1AO7_ABC_DE,1AO7,A,65,R,E,96,A,3.130316345563444,,H,0.2714152030950879,0.2572271141810967,0.014188088913991148,19,20,-1,0.2937927,0.5369839999999999,-0.125276170414941,0.056570987522628596,0.3333333333333333,0,,-6.3,298.0,1.2701970338821411,-0.32671475410461426,0.9131784439086914,-0.31815457344055176,0.5182857513427734,1.3467513918876648,-0.6271078586578369,-0.4260940551757817
1AO7_ABC_DE,1AO7,A,66,K,A,155,Q,2.9335391804775357,0.3048959920992254,H,0.0198945610741784,0.0429774222316814,-0.023082861157502996,26,24,2,0.42295820000000006,1.2390743,-0.803667654012847,0.0003585381584891856,0.0,0,-33.88408660888672,-0.3999999999999999,298.0,0.07396221160888694,0.7372040748596191,0.9059638977050786,-0.5628559589385986,0.7541711330413814,0.4273437261581421,0.27134978771209717,0.776526689529419
1AO7_ABC_DE,1AO7,A,166,E,A,72,Q,2.0273056316710423,0.18687245978083727,H,0.205784131794999,0.222726210119998,-0.016942078324999,17,19,-2,0.22353220000000018,-0.1727650999999999,0.7291362899814614,0.010123507557254996,0.0,0,11.676345825195312,0.0,298.0,0.40227341651916504,0.2690920829772949,0.9613097906112669,-0.02064347267150879,0.2632784843444824,-0.31604480743408203,-0.09675741195678667,0.3257482051849361
1AO7_ABC_DE,1AO7,A,167,W,E,95,L,1.3125764094516374,,H,0.0496988022781582,0.0169183652962187,0.0327804369819395,18,20,-2,-1.2153746,-0.21779759999999992,0.10534364513323102,0.06648279019981271,0.0,0,-1.7300949096679688,-4.7,298.0,-0.8820545673370364,-1.5213736295700073,-0.9382007122039797,-1.7183020114898682,-2.5479049682617188,-0.5317463874816895,-1.4027694463729858,-0.18064677715301514
1AO7_ABC_DE,1AO7,C,5,Y,D,94,S,1.6312197716435202,-0.23748840024933013,L,0.0274530586142813,0.0237356948080535,0.0037173638062277976,28,29,-1,-0.41355509999999995,-0.8644333,0.06286262472912962,-0.0034852515825445074,0.0,0,-10.404720306396484,-0.5,298.0,0.23036658763885431,-0.9777734279632568,-0.7874457836151123,-0.9537342786788943,-0.21795034408569425,0.6724820137023926,-0.48438167572021484,-0.7900054454803467
1AO7_ABC_DE,1AO7,D,66,K,D,26,D,1.2109931919914318,0.9785620045877949,L,0.1017373236334041,0.093780556212496,0.007956767420908104,18,19,-1,-1.7243175,-2.0278516,-0.03783312733985206,0.05564440730300507,0.0,0,19.40420532226562,-0.3999999999999999,298.0,-2.2756131887435918,-2.1960244178771973,-1.5723956823349,-1.6475694179534912,-1.7336193323135376,-1.5096041560173035,-1.8884251117706299,-0.971291303634644
1AO7_ABC_DE,1AO7,D,92,T,D,30,Q,1.9457840009431795,,L,0.0667629801208311,0.0778851349232763,-0.011122154802445203,25,27,-2,0.25684530000000017,0.7681735000000001,0.002977245596887168,-0.036174487968948316,-0.5,0,-13.896278381347656,2.8,298.0,0.44995856285095215,0.4482859373092649,0.6004991531372073,0.5720785856246948,-0.06950211524963401,0.4741581678390505,0.2625809907913208,-0.6832970380783085
1AO7_ABC_DE,1AO7,E,28,E,D,50,Y,2.021243631750095,0.4909193716462022,L,0.211203053689054,0.1890489071888615,0.022154146500192512,23,21,2,2.4496269999999996,2.2989445,0.684927140635602,-0.048926207471765015,0.0,0,-22.524723052978516,-2.2,298.0,2.5561535358428955,1.6487741470336923,3.4141429662704468,2.230224609375,2.8101699352264404,2.5033063888549805,1.8670034408569323,2.567241072654724
1AO7_ABC_DE,1AO7,E,100,P,D,96,G,1.1536409190313672,,L,0.0047702039434808,0.0039807057145073,0.0007894982289735003,24,23,1,0.12938929999999998,0.46723035999999996,-0.06763800875582004,-0.04394450263929642,0.0,0,,-1.2000000000000002,298.0,0.014970481395721436,-0.04966789484024042,0.3175247758626938,0.2563531994819641,-0.1230013370513916,0.10146152973175049,0.1477707028388977,0.3697032183408737
1BD2_ABC_DE,1BD2,A,65,R,E,95,G,2.498113857024653,,H,0.0872865687998944,0.0901539199674667,-0.0028673511675723073,22,24,-2,1.8036879999999997,2.8024766999999997,-0.2941920969677545,0.05842866891272369,0.3333333333333333,0,,-4.1,298.0,1.4339739084243774,0.6421108245849609,1.518894910812378,1.2629419565200806,2.561768412590027,2.0268818140029907,2.365461707115174,2.617471933364868
1BD2_ABC_DE,1BD2,C,5,Y,D,94,G,3.340519887578047,,L,0.0186972200413689,0.0092198097016632,0.009477410339705698,25,25,0,-1.719538265,-1.67135081,-0.8221748775917948,-0.0005010505166312129,1.0,0,,-0.9,298.0,-2.227267414331436,-1.490998402237892,-1.6093513071537018,-1.6692248284816742,-1.8040419965982435,-1.5075820162892344,-1.7410403564572334,-1.7067995518445969
1BD2_ABC_DE,1BD2,C,8,Y,E,97,G,2.7591382979896313,,L,0.1560099559979387,0.1604453178443164,-0.004435361846377689,20,19,1,-3.61193816,-3.359107925,1.0937665405266552,0.012111939220445095,0.0,0,,-0.9,298.0,-3.5657528489828114,-3.846562013030052,-3.6052501872181897,-3.7706729769706726,-3.6555046290159225,-3.073494404554367,-3.832012802362442,-3.546254485845566
1BD2_ABC_DE,1BD2,D,93,E,D,51,S,1.3151015588177941,,L,0.0010460071581796,0.0073657697677588,-0.006319762609579201,22,20,2,-0.02157069999999983,-1.3334696,-1.3457651173109824,-0.029088643797284902,0.0,0,-0.12886810302734375,-2.7,298.0,-0.9301729202270503,0.3205690383911133,-1.3223072290420537,0.7869164943695068,0.6724703311920166,-1.23979663848877,1.2716197967529297,0.268139123916626
1BJ1_HL_VW,1BJ1,H,54,Y,L,94,V,1.3276591119757897,,L,0.3188876607485534,0.3134700791891875,0.005417581559365892,19,20,-1,1.3847305999999997,1.593273,-0.12471181228965211,0.023713430981600225,0.0,0,12.455657958984373,-5.5,298.0,1.388968825340271,1.6514301300048828,2.170500636100769,2.8324559926986694,1.4234819412231445,0.22803926467895508,-0.2501709461212158,1.6331369876861568
1BJ1_HL_VW,1BJ1,H,99,Y,W,75,G,4.438760044581662,,E,0.0,0.0,0.0,26,24,2,-0.7641517000000002,-0.7538784000000001,-0.18738557201652983,-0.06518314321266758,1.0,0,,-0.9,298.0,1.0580682754516597,-2.08186137676239,-1.808242678642273,-1.4355035424232483,-0.35912108421325684,0.44750308990478516,-2.1982825994491577,0.26422548294067383
1BP3_A_B,1BP3,A,25,F,A,22,Q,1.149772913128874,,H,0.2029713157888814,0.2202496299068094,-0.017278314117928018,17,16,1,-1.1629646,-1.5282395000000002,0.524991942236452,-0.0116461412269723,-0.5,0,-20.254241943359375,6.3,298.0,-1.2015810012817383,-1.2929952144622803,-1.0132129192352295,-0.9000165462493901,-1.2191720008850098,-1.0902094841003418,-0.5647964477539062,-2.0217320919036865
1BP3_A_B,1BP3,A,62,S,B,130,T,1.415087182894258,,L,0.2736639452162294,0.2862115785142672,-0.012547633298037819,14,12,2,0.40829879999999985,0.21363500000000002,-0.2950499890881434,-0.016394488660241596,0.0,0,-2.474739074707031,-0.10000000000000009,298.0,0.3577096462249756,0.5077500343322754,0.3345956802368164,0.6611213684082031,-0.17566299438476562,0.14083433151245117,0.7762637138366699,0.6637792587280273
1BP3_A_B,1BP3,A,163,R,A,178,C,3.0235816057435683,,H,0.0858956545561867,0.0621625356171412,0.0237331189390455,22,21,1,-0.9376282199999999,-0.86288127,-1.0877804175799277,-0.006163311361662593,0.0,0,-18.23438262939453,-7.0,298.0,-0.5580033957958221,-0.8671592473983765,-1.6569881588220596,-0.5824068635702133,-0.3717128038406372,-1.844857171177864,0.08698856830596924,-1.7068876847624779
1BP3_A_B,1BP3,A,164,K,A,170,E,1.7273797417394183,,H,0.1234078409982252,0.0986683338313079,0.024739507166917307,22,21,1,1.3896929000000002,1.5274204,-0.06747740722196749,0.028520138400338985,0.0,0,12.580459594726562,-0.3999999999999999,298.0,1.5667015314102173,1.151598572731018,1.6728252172470093,1.187651872634888,1.4001258611679073,1.773366332054138,1.7258657217025757,0.6394079923629761
1BP3_A_B,1BP3,A,168,K,A,160,Y,2.6052649284296265,0.44531708255096414,H,0.0465510172035705,0.0063596884867608,0.0401913287168097,23,21,2,0.8383518999999997,0.9188079999999998,-0.3869125662767672,-0.028555366724907882,-1.0,0,-8.296012878417969,-2.5999999999999996,298.0,0.9302796125411987,-0.5412849187850952,1.587184190750122,-0.09839677810668945,1.2446249723434448,1.5955671072006226,0.5142407417297363,1.4746000766754155
1BP3_A_B,1BP3,A,174,R,A,167,D,1.149772913128874,0.06775228519782786,H,0.063554336943162,0.0210637611169719,0.04249057582619009,22,21,1,0.07676670000000008,0.3841220000000001,0.24007703721901563,-0.016487183239241504,0.16666666666666663,0,-9.724746704101562,-1.0,298.0,0.5178532600402834,0.42825782299041837,0.21172857284545898,-0.5637308359146118,0.026143193244934304,-0.14299285411834672,-0.4127112627029419,0.549586296081543
1BRS_A_D,1BRS,A,57,R,D,44,W,5.034875937532767,,L,0.1845633369240203,0.180474769164742,0.004088567759278294,17,18,-1,-0.7640939,-1.7361624,0.1307496679357053,0.0710748271947455,0.0,0,2.4459190368652344,-3.6,298.0,-0.7466154098510738,-2.0933855772018433,-1.096116304397583,-0.8763575553894045,-1.9049226045608525,0.23759186267852783,0.3911132216453552,-0.024059057235717773
1BRS_A_D,1BRS,A,100,H,D,31,G,6.197501555050769,,L,0.0041086401025254,0.0098893041261624,-0.005780664023637,23,22,1,-2.84926303,-3.07730696,-0.08410797352589161,-0.023519574764005097,1.0,0,,-2.8000000000000003,298.0,-2.5573685318231583,-3.2749186530709267,-2.605364143848419,-2.9649833291769028,-3.2021850869059563,-2.5188359394669533,-1.9681765362620358,-3.7022734358906746
1BRS_A_D,1BRS,D,39,D,D,36,A,6.7900142682369005,,H,0.0157086734980167,0.0,0.0157086734980167,27,26,1,-0.10462189999999993,-1.1735509999999998,0.030049485086977468,0.0606936793848869,0.5,0,,-5.3,298.0,-0.4259873628616333,0.7581115067005157,-1.0311266779899597,0.23569762706756592,-0.2782605290412903,-0.2952931523323059,0.20124268531799316,-0.0013588666915893555
1BRS_A_D,1BRS,D,42,T,A,35,A,1.856797887314728,,H,0.1786001533011696,0.1529016527255147,0.025698500575654898,20,22,-2,1.9361074,1.6108473999999997,-1.1038461522899383,0.03259862118777371,1.0,0,,-2.5,298.0,2.140955090522766,1.7448792457580566,1.9546566009521484,2.0629769563674927,1.8507308959960938,1.8756104707717896,1.5408040285110474,2.318245053291321
1BRS_A_D,1BRS,D,74,E,A,36,S,1.0933720719856777,,H,0.2668907257863038,0.2650051863914823,0.0018855393948215005,14,13,1,-1.0941983,-0.057202100000000033,0.2904698600858835,0.0487021297240498,0.0,0,-8.04159164428711,-2.7,298.0,-0.39290642738342285,-1.0819125771522522,-0.6434648036956789,-1.1682000756263733,-0.7696801424026494,-1.065191626548767,-2.19633412361145,-1.4358962178230286
1C1Y_A_B,1C1Y,B,5,R,B,17,N,1.9061753648850552,,E,0.321566279483636,0.3591281900567291,-0.037561910573093105,16,14,2,0.7883488999999999,0.46507270000000034,-1.1735545635704399,-0.05328715803059361,0.0,0,-8.636856079101562,-1.0,298.0,0.20219564437866122,1.200838327407837,0.16252183914184526,0.8754898309707644,1.311427354812622,1.3325402736663818,0.8115441799163825,0.4102318286895752
1C1Y_A_B,1C1Y,B,13,R,B,3,T,1.4548461832557849,,E,0.2577716409595119,0.2166043420513842,0.041167298908127675,17,15,2,-2.0522391000000004,-1.2891734,-0.0032373958302910344,-0.0441403723956057,0.0,0,19.619300842285156,-3.8,298.0,-1.5675290822982793,-1.807891309261322,-3.024912714958191,-1.6949502229690563,-2.7401782274246216,-2.4890004396438603,-1.6239509582519531,-1.4694981575012207
1C1Y_A_B,1C1Y,B,14,T,A,39,S,1.4548461832557849,,E,0.0139042195037386,0.0034913270782103,0.0104128924255283,24,22,2,0.3417484999999998,-0.5332497,-0.3421741204360005,0.013925903195314199,-1.0,0,-1.8418960571289054,0.10000000000000009,298.0,0.8583389520645142,0.30484139919281006,0.5911588668823244,0.6659749746322634,-0.7543209791183472,-0.003035306930541992,0.5055940151214602,0.5654338598251345
1C1Y_A_B,1C1Y,B,15,V,A,41,R,1.1234491717519564,,E,0.0740126550791518,0.0842501163023349,-0.010237461223183086,17,16,1,0.9663831,0.8406403,-1.5928215470654772,-0.002501849301730308,0.0,0,-14.1776123046875,8.7,298.0,0.9496955275535586,1.0788710713386536,1.13433438539505,1.4576538801193242,0.08805978298187256,0.9521744251251223,1.2831737399101257,0.7871025800704956
1C4Z_ABC_D,1C4Z,A,139,L,D,3,R,1.2164246993766785,0.4669139408787877,H,0.0207546149660926,0.0147606766267954,0.005993938339297199,17,17,0,1.6197493,1.6856494,-2.239163090578629,-0.12436081904481255,-1.0,0,36.50999450683594,8.3,298.0,1.15530002117157,1.5924197435379026,1.6663334965705872,2.264665126800537,1.0038858652114868,1.9464297890663147,1.531660556793213,1.797299861907959
1C4Z_ABC_D,1C4Z,A,149,Y,A,158,M,1.2878589861117773,0.7585519520210893,L,0.2099483737245676,0.1748585175607133,0.035089856163854294,17,17,0,3.7201658200000005,3.6660686,-1.204505631728017,0.01675512027140924,0.0,0,-1.4449768066406214,-3.2,298.0,3.9465714395046234,3.223775982856752,4.039764016866684,3.600526928901672,3.94020214676857,3.7414196133613586,3.738875985145569,3.530191242694856
1C4Z_ABC_D,1C4Z,A,157,M,A,159,I,1.92940134851214,0.41047252261649486,L,0.0079171541829569,0.0444034967879695,-0.0364863426050126,24,24,0,-2.8776627,-3.04169007,0.3056448977092044,-0.0168307073062669,0.0,0,-0.09267044067382812,-2.6,298.0,-3.7311799228191376,-2.8489792943000793,-2.199254631996155,-2.991301536560058,-2.78612419962883,-3.3057425916194916,-1.96809720993042,-3.1906231343746185
1C4Z_ABC_D,1C4Z,D,59,P,D,94,P,1.4091355079446504,0.8498379302178514,L,0.019483672270849,0.0274291921379711,-0.007945519867122101,24,22,2,0.21316074,0.057661500000000004,-0.3010969453430598,0.09534714785116027,0.0,0,25.480973720550537,0.0,298.0,0.2513094693422318,0.1069919317960739,0.0747922211885452,0.042963378131389604,0.0784945487976074,0.1912719681859016,0.566650427877903,0.39281206578016287
1C4Z_ABC_D,1C4Z,D,60,F,D,92,W,3.012806746310739,0.8209450452329897,L,0.0380178293349029,0.0423285370906477,-0.004310707755744797,22,20,2,-0.19219580000000003,-0.26812431000000003,-0.44741157093553874,-0.07096832511457324,-1.0,0,2.366077423095703,3.6999999999999997,298.0,-0.28003811836242676,-0.04021021723747259,-0.07407274842262274,-0.2537185549736023,-0.25412026047706604,-0.3047658205032349,-0.2373422384262085,-0.09329879283905029
1C4Z_ABC_D,1C4Z,D,93,K,A,182,D,1.1351760237231796,,L,0.3700793268398398,0.3869522301451998,-0.01687290330536001,14,13,1,1.3972920999999998,0.8379781,-0.3977958406757574,-0.05656597556942816,0.0,0,-15.013828277587887,-0.3999999999999999,298.0,1.0419169664382935,1.512702822685242,1.4912126064300537,2.3203702569007874,0.430258512496948,1.397163987159729,1.2464675903320317,1.7382442355155945
1C4Z_ABC_D,1C4Z,D,97,K,D,28,N,1.3011671118471222,-0.17831042305884584,L,0.2855312774237972,0.3080152546828317,-0.022483977259034504,14,13,1,0.4133608000000002,0.3150453999999998,-1.3263936121190154,-0.1452804618080743,0.0,0,,-0.3999999999999999,298.0,0.5188413858413694,-0.22185325622558594,0.4477252960205078,0.4567127227783201,0.6604704856872559,0.5946438312530518,0.7697112560272217,0.0806336402893062
1CBW_FGH_I,1CBW,I,15,K,H,66,S,1.9938671459391348,,L,0.0174323373470069,0.0093546559728361,0.008077681374170802,35,33,2,-0.5046743,-0.5693640000000001,-0.39611098781608334,0.003042012144759909,0.0,0,-27.468517303466797,-3.0999999999999996,295.0,-0.12799179553985573,-0.2976369857788086,-1.4345715045928953,-1.0010271668434143,-0.06821417808532715,-1.0601075887680054,-0.10825192928314209,0.06040596961975098
1CHO_EFG_I,1CHO,I,15,L,G,43,C,4.781940745378809,,L,0.0083466420367937,0.0,0.0083466420367937,35,33,2,0.05861592999999998,0.40483139999999995,-0.16444068759698183,-0.0076420552642196965,0.0,0,-8.41289138793945,1.2999999999999998,294.0,0.9270564168691635,-0.2096512466669083,-0.3124055415391922,-0.09958003461360931,0.43009835481643677,-0.40985339879989624,0.41451704502105713,-0.27125412225723267
1CHO_EFG_I,1CHO,I,17,Y,G,70,S,2.5081987404267805,,L,0.0734639621561867,0.0881165760033333,-0.014652613847146598,25,23,2,0.6538746,0.5429344999999999,-0.1510629296739397,-0.043725079100621705,0.0,0,-8.046707153320312,-0.5,294.0,0.5824375152587893,0.3614255189895632,0.7494220733642578,0.8652738332748411,0.3901258707046509,1.0724217295646667,0.6840810179710386,0.5258086919784546
1DAN_HL_UT,1DAN,U,20,Q,L,72,C,1.3048798931173866,,L,0.0625592758692454,0.0635137952348842,-0.0009545193656387979,24,25,-1,-0.650315445,-0.76396193,-0.1483536530974024,-0.01846338276814552,0.5,0,-7.30975341796875,-6.0,298.0,-0.29393698275089275,-1.0867975652217865,-0.721430703997612,-0.46011465787887584,-0.5881689339876176,-1.0847807228565216,-0.45665144920349127,-0.51064220815897
1DAN_HL_UT,1DAN,U,50,F,L,62,K,1.747820382375819,,E,0.2077553514303964,0.2022841806269074,0.005471170803488995,18,20,-2,1.1412813,1.5995006,-0.517719910490531,-0.0003143553247959008,0.0,0,-3.1468734741210938,6.699999999999999,298.0,0.929771900177002,1.1931135654449463,1.5034189224243164,2.3111523389816293,0.507614731788635,0.1972135305404661,0.921866774559021,1.5660996437072754
1DAN_HL_UT,1DAN,T,15,K,H,227,R,2.512129950976637,,E,0.0614803207381522,0.0761597939030873,-0.014679473164935106,25,24,1,1.4140447,1.65213975,-0.016956125108415376,0.02240743336568668,-0.3333333333333333,0,-9.63531494140625,0.6000000000000001,298.0,1.8461582362651825,1.8405876159667969,2.2793532311916356,1.4800182282924652,0.09648901224136353,2.1679911017417908,0.9128897190093994,0.6888713240623474
1DAN_HL_UT,1DAN,T,39,D,T,46,Y,1.4348348383549392,-0.13156871850350985,L,0.4386364914369818,0.4432448227143879,-0.004608331277406119,14,13,1,1.7082969000000001,1.7859493,-1.0521808841253137,-0.08822118700741,0.0,0,-6.806873321533203,-2.2,298.0,1.841676726937294,1.8343704342842102,1.5864028334617615,1.6057606935501099,1.4837977886199951,1.5677672028541565,2.3011430501937866,1.4454562067985535
1DAN_HL_UT,1DAN,T,40,W,H,125,R,1.9648730043637075,0.7436646564351227,L,0.1286560323412982,0.1379385572600363,-0.0092825249187381,18,18,0,0.61275689,0.7963433,-0.15905850836201396,0.0030076273741797,-0.3333333333333333,0,-8.556785583496094,3.6,304.0,0.6325095593929291,0.22339694201946259,0.5298573076725006,0.8229583352804186,0.648963488638401,0.6125278621912003,0.7264789938926697,0.7053624540567399
1DAN_HL_UT,1DAN,T,53,D,L,69,I,1.9886060502579328,,E,0.0510043147057082,0.0389617258981251,0.012042588807583104,26,24,2,0.93103281,0.8472926,-1.2272315474104463,-0.0780065013996625,0.5,0,-9.638137817382812,-8.0,298.0,0.924667589366436,0.8495014533400537,0.7008500322699547,0.7695949897170068,1.819472923874855,0.5366887301206589,0.8937254399061203,0.9537608698010447
1DAN_HL_UT,1DAN,T,71,F,U,4,Y,1.1494361339573633,0.6738909529430535,E,0.0068491439729495,0.0147209896699078,-0.007871845696958299,21,19,2,-1.79736576,-2.4655583599999997,0.3748210108478176,-0.015430765826881215,-1.0,0,4.614845275878908,4.1,310.0,-1.8929274082183847,-2.90214341878891,-2.0828839540481567,-1.9045735597610474,-2.1215600669384003,-1.4241307973861694,-1.0824726521968842,-0.9682337641716003
1DQJ_AB_C,1DQJ,A,31,N,C,15,H,2.013433278986382,,L,0.0787574929165685,0.0814289551425882,-0.0026714622260197024,23,24,-1,2.4550891000000004,2.9746294,-0.11093001841101169,-0.047067035262791185,0.0,0,-7.521911621093748,-0.2999999999999998,298.0,2.2647733092308044,3.073818266391754,2.9523311853408813,1.9685938358306885,2.7179293632507324,1.8345922231674197,2.906121075153351,1.922554850578308
1DQJ_AB_C,1DQJ,A,32,N,C,16,G,4.090680615177067,,L,0.0,0.0,0.0,25,23,2,0.013139894,-0.05140239600000002,-0.35764882464847286,-0.033821779281313774,1.0,0,,-3.1,298.0,0.03485599160194391,-0.026745580136775998,0.03625090792775149,-0.0646006613969803,0.0284125544130803,0.0367913618683815,0.031095325946807896,0.029059298336505897
1DQJ_AB_C,1DQJ,A,50,Y,B,52,S,2.678298367954515,,L,0.0457564582246877,0.0,0.0457564582246877,19,20,-1,-1.5814565999999999,-0.9813898999999997,-0.4771211115747105,0.022663913225156818,-1.0,0,-0.8247528076171884,-0.5,298.0,-2.1067442893981934,-1.6606158018112183,-0.8211081027984619,-2.3858284950256348,-2.5082061290740967,-0.554039716720581,-1.9218990802764897,-0.6932104825973511
1DQJ_AB_C,1DQJ,A,91,S,A,92,N,1.4318879316322246,,L,0.0388893883806874,0.0119546193474188,0.0269347690332686,24,22,2,0.3089633000000003,0.8753602999999996,-0.3618730233647939,-0.006242821628920092,0.5,0,-6.022037506103516,2.7,298.0,0.6997122764587402,-0.2621841430664067,0.04619479179382324,0.9481923580169673,0.5777254104614258,-0.008557558059692383,0.20754814147949174,0.26307463645935014
1DQJ_AB_C,1DQJ,B,33,Y,B,31,S,5.524463545779319,,L,0.0,0.0496682806912594,-0.0496682806912594,18,16,2,-1.3963574000000003,-2.0714743,-1.537181646001656,-0.009279004388315193,1.0,0,0.4009590148925781,-0.5,298.0,-1.5467979907989493,-1.715946078300476,-1.9776545763015747,-0.14664816856384277,-0.4329011440277104,-2.0996569395065308,-1.8930735588073728,-1.3581805229187012
1DQJ_AB_C,1DQJ,B,53,Y,C,73,R,1.1802777666692967,,L,0.1550289958977429,0.1844068867798375,-0.02937789088209458,22,20,2,-0.15818690000000002,-0.49126459999999983,-1.5630233465049868,-0.08809376262757021,-0.3333333333333333,0,20.04503631591797,3.2,298.0,-0.6628093719482411,0.5307456254959106,-0.0251203775405886,-1.065519094467163,-0.6374099254608161,0.5383743047714236,0.2463532686233525,-0.19011020660400302
1DQJ_AB_C,1DQJ,B,98,W,A,30,S,4.931524166897857,,L,0.1130582634395317,0.1118516748897034,0.0012065885498282886,21,23,-2,-0.4212112000000001,-0.4087143000000002,-0.31752808013069256,-0.027040447991253713,1.0,0,-0.6361351013183598,-0.09999999999999998,298.0,-0.9651985168457036,0.19581007957458496,-0.3004457950592041,-0.8589341640472412,-0.2371470928192143,-0.18390536308288574,-0.8033576011657715,-0.21651124954223633
1DQJ_AB_C,1DQJ,C,101,D,C,100,S,1.37655011987778,0.7755827208329521,L,0.0004920960933011,0.0,0.0004920960933011,20,20,0,0.12512394000000004,-0.4697694000000001,0.49111643661464127,-0.08859171006836819,0.0,0,-7.640899658203123,-2.7,298.0,0.2655317485332489,-0.29636436700820934,0.42102137207984924,0.3392376899719239,0.006300032138824463,0.3930848240852356,0.5925692915916443,-0.7203899025917053
1DVF_AB_CD,1DVF,A,30,H,D,54,A,1.6493819136772232,,L,0.2900847586302628,0.2877550895143983,0.0023296691158644633,19,17,2,-2.9065092999999997,-0.9530828,0.3892633340861663,-0.020830345628621516,0.0,0,,-5.0,298.0,-4.763314962387085,-4.243176341056824,-1.5785812139511108,-1.4729506969451904,-4.733383655548096,-0.6134099960327148,-4.262075781822205,-1.5851792097091675
1DVF_AB_CD,1DVF,A,32,Y,B,101,Y,2.030369068345176,,L,0.0751064196457171,0.1109584608239318,-0.03585204117821471,20,18,2,1.1631684,0.43836470000000016,0.39115199684092594,-0.04334833642467428,-1.0,0,10.563003540039062,0.0,298.0,1.581074714660645,1.2554824352264404,0.5191233158111572,-1.3409676551818839,1.7291812896728516,2.8722360134124756,0.3541092872619629,2.335108995437622
1DVF_AB_CD,1DVF,A,93,S,C,93,T,1.162438598681201,,L,0.2003881898091644,0.1564939624488994,0.04389422736026499,18,17,1,-2.6497675,-0.0024279000000000384,0.4519063488643212,0.01163415454515937,0.0,0,4.413719177246094,-0.10000000000000009,298.0,3.2606788873672485,-3.429425358772278,-3.544743061065674,-3.2165169715881348,-3.797635078430176,-3.5712921619415283,-4.094340682029724,-2.8048634529113765
1DVF_AB_CD,1DVF,B,32,Y,C,32,Y,1.831470254957875,,L,0.1219763144622466,0.0850816205322439,0.036894693930002706,23,23,0,-2.3410908,-1.7514257,0.26363964886609914,-0.03325574743371229,0.0,0,-6.370433807373047,0.0,298.0,-1.950959324836731,-3.2302727699279785,-2.428626775741577,-1.7464807033538832,-2.017940044403076,-1.6831543445587158,-3.568753242492676,-2.1025383472442627
1DVF_AB_CD,1DVF,B,52,W,D,103,Y,4.132997661299389,,L,0.0318788140943579,0.0564902426203385,-0.024611428525980597,23,25,-2,-0.07222294000000007,-0.12019581000000001,-0.011344599170191039,-0.026210077432306494,1.0,0,-3.1234169006347656,0.4,298.0,-0.6993435025215149,0.18502873182296758,0.15345555543899536,0.3692532181739807,-0.1560158133506775,-0.024712622165679876,-0.6664016842842102,0.2609526515007019
1DVF_AB_CD,1DVF,B,54,D,B,31,G,4.281255215961087,,L,0.2128301763072669,0.2198047314164759,-0.006974555109209024,18,17,1,3.74039477,3.99680636,0.5648592686273348,-0.0008358314136683864,1.0,0,,-3.1,298.0,3.9485854655504227,3.5549983158707623,3.3847609609365463,3.739556826651096,3.8652491718530655,3.9546678587794304,3.7152583599090576,3.760080493986607
1DVF_AB_CD,1DVF,B,99,R,D,59,Q,1.8746446729873085,,E,0.1777802366480308,0.1827175069394109,-0.004937270291380108,19,17,2,0.11558959999999985,0.03464529999999977,-0.011915008695628199,-0.07497259868710279,0.0,0,0.1308212280273473,-1.0,298.0,0.5001163482666016,0.06747865676879883,0.3833048343658447,-0.33345890045166016,-0.18616008758544966,-0.0362706184387207,0.12029218673706055,0.4094110727310172
1DVF_AB_CD,1DVF,B,100,D,A,50,Y,2.7895135033299456,0.6877734126771439,L,0.2244964353098937,0.2493216026679388,-0.024825167358045103,19,18,1,1.6063838000000001,2.2532776,-0.7636106503343078,0.12280462674157178,0.0,0,-11.149765014648438,-2.2,298.0,1.1679279804229736,1.0689315795898438,1.4547193050384521,1.2822413444519047,1.9334721565246578,1.803743839263916,2.333761692047119,1.806272268295288
1DVF_AB_CD,1DVF,D,33,H,A,53,T,1.8606000619994276,,E,0.1667961320176618,0.161144383135259,0.005651748882402802,20,18,2,-0.652326,-1.1209233000000003,-0.6243568788928635,-0.09279531556460371,0.0,0,12.235687255859375,-2.5,298.0,-0.6244809627532959,-0.2591736316680908,-0.20508122444152832,-0.5901110172271733,-1.0111227035522465,-0.29276132583618164,-1.0690209865570062,-1.1668581962585454
1DVF_AB_CD,1DVF,D,55,N,D,57,N,1.8606000619994276,,L,0.2570886212066997,0.2611081552860283,-0.004019534079328646,15,14,1,1.8504185999999998,2.27066004,-0.6138982313824871,0.05259028314987102,0.5,0,-45.52634048461914,0.0,298.0,1.497633934020996,1.505778312683106,1.7431995868682861,1.4989606142044067,2.226557075977325,1.6761391758918762,2.269825279712677,2.3852548003196716
1DVF_AB_CD,1DVF,D,101,I,D,100,V,2.6815451072324175,,L,0.2077860734712114,0.2019820754402531,0.005803998030958296,20,18,2,-0.37966640000000007,-0.5541562,-0.16872527291577166,-0.015587074058213496,0.0,0,3.6625900268554723,0.2999999999999998,298.0,-1.1027708053588867,-0.09593093395233154,-1.2464330196380615,0.2602431774139409,-1.147073745727539,0.07063424587249689,0.649451732635498,-0.425451397895813
1DVF_AB_CD,1DVF,D,102,Y,D,105,G,4.73943360805781,,L,0.035108180904075,0.052211808809894,-0.017103627905819,22,21,1,-2.6822026439999997,-2.89412273,-0.2754023730404771,-0.1121743315225727,1.0,0,,-0.9,298.0,-2.795644626021385,-2.729675590991974,-2.6972115263342857,-3.0023573711514477,-2.47294645011425,-2.8274534717202187,-2.3384254202246666,-2.5939052030444145
1DVF_AB_CD,1DVF,D,104,Q,B,53,G,1.6287221438466404,,L,0.0401750771699365,0.0411679683912526,-0.0009928912213161,21,21,0,-3.68895082,-4.29405517,-0.7842000196442319,0.03142969566513959,0.5,0,,-3.1,298.0,-3.388029284775258,-3.5777521580457687,-3.7227248698472977,-3.4402226954698563,-3.560523360967636,-3.1376937106251717,-4.161486349999905,-4.5231728702783585
1DVF_AB_CD,1DVF,D,106,R,C,92,N,4.090680615177067,,L,0.0524048754830511,0.0591221870859496,-0.006717311602898499,20,20,0,3.3970498,1.8758350000000001,-0.28888708372437716,-0.0373379954948492,0.6666666666666666,0,35.77294921875001,-1.0,298.0,4.849876284599304,1.9174726009368896,4.800212860107422,2.5132821202278137,5.135181903839111,1.6076812744140625,4.585058689117432,1.767634630203247
1E50_A_B,1E50,A,48,M,A,89,T,1.319674451601355,,E,0.1052467264628888,0.0663069695068235,0.0389397569560653,24,23,1,-3.2025599000000002,-2.871759,-0.5411579186791744,-0.0020311044053146904,0.0,0,-1.060272216796875,2.5999999999999996,298.0,-3.089730679988861,-3.2290414571762085,-3.088387578725815,-2.95967185497284,-3.852025181055069,-3.1464533507823944,-3.063405781984329,-3.191764324903488
1E50_A_B,1E50,A,51,N,B,29,T,1.9194541813577204,,L,0.0327857272335793,0.0536740296705108,-0.020888302436931495,20,22,-2,0.55628544,0.59899755,0.5353991938251245,-0.031461250851378686,1.0,0,-9.911430358886719,-2.8,298.0,0.4277257099747658,0.8355874419212341,0.690735824406147,0.3468068018555641,0.5814773216843605,0.594769522547722,0.47306596487760544,0.5001148506999016
1E50_A_B,1E50,A,91,T,B,61,T,1.2778928648364551,,E,0.0032254889546952,0.0031883090881631,3.717986653210001e-05,27,26,1,2.2617637,2.2651823,-1.2942183728329273,-0.022581009087902296,0.0,0,3.40562438964844,0.0,298.0,2.1692754924297333,2.1327257752418527,1.9754425883293152,2.493846148252487,2.341905504465103,2.457430124282837,2.0750491619110107,2.448432683944702
1E50_A_B,1E50,A,103,T,B,55,A,2.1845052502920126,,E,0.0,0.0016348533333615,-0.0016348533333615,21,23,-2,2.0833863299999997,1.9720152000000002,-1.2258459711854865,0.009020610988965588,1.0,0,,-2.5,298.0,2.2188010662794113,1.3077867776155472,1.9222803711891174,2.9814692735671997,1.56609046459198,2.769582152366638,2.1542128920555115,1.746867269277572
1E50_A_B,1E50,B,32,R,A,97,N,1.7740327276755177,,L,0.3708603920593782,0.3369169625484478,0.033943429510930434,14,15,-1,0.9361710999999999,0.8952443000000003,3.3837043236858824,0.14083569934634343,0.0,0,1.3165969848632812,-1.0,298.0,0.4441840648651123,1.284999132156372,1.136908292770386,1.3351250886917116,1.1645599603652947,0.2809920310974121,0.8577386140823366,0.9848628044128418
1E50_A_B,1E50,B,99,N,A,99,P,1.4072838710179911,,L,0.0165417340517362,0.018774945632233,-0.0022332115804967988,23,24,-1,-0.6679309999999999,-1.09120936,0.4754018552048618,-0.00648973337183259,0.5,0,-29.162708282470703,-1.9,298.0,-0.6966182142496109,-0.4171234965324402,-0.259713813662529,-1.3467605859041214,-0.40930543839931494,-0.9983941316604612,-0.5750608295202255,-0.6404709219932556
1EMV_A_B,1EMV,A,35,V,A,51,I,1.6638669759109947,0.8477453956278275,H,0.0,0.0,0.0,21,22,-1,0.58031794,0.75558178,-0.8361020710828975,0.048434964615655496,0.0,0,5.140373229980469,-0.2999999999999998,298.0,0.17848160862922674,0.7684001624584198,0.6483829617500305,0.8423646688461304,0.4551817625761032,0.523301899433136,0.478608787059784,0.7478214800357819
1EMV_A_B,1EMV,A,47,G,A,21,C,1.485378031018068,0.9215569905447809,H,0.0169576445325637,0.0520502012048065,-0.0350925566722428,22,20,2,2.02931373,1.4408186299999999,0.4295060186438617,0.05006151407880019,0.0,0,,-2.9,298.0,2.5026353299617767,2.1349835097789764,1.7459315955638885,2.4136176109313965,2.7763619124889374,1.3650397062301636,1.368498980998993,1.9274410605430603
1EMV_A_B,1EMV,A,52,Y,B,74,S,4.83463531579262,-0.24101999230793322,H,0.0093400348574383,0.0248848831953956,-0.0155448483379573,25,26,-1,0.028313400000000044,-0.12309860000000006,-0.6888544479166782,0.01413175687752849,1.0,1,-2.3257026672363277,-0.5,298.0,-0.4251072406768799,-0.025629758834838423,-0.1443190574645996,-0.6283586025238037,0.9364006519317627,1.020097255706787,0.747511625289917,-1.2540860176086426
1EMV_A_B,1EMV,A,53,Y,A,60,D,4.634756162112646,,L,0.2545563732212751,0.2080612656569722,0.04649510756430292,20,18,2,0.30345979999999995,-0.44146470000000004,-1.515607200902266,-0.04685189621641461,0.0,0,-9.681453704833983,2.2,298.0,0.6226537227630615,-0.12499284744262695,-0.3536648750305176,0.22562146186828613,0.770367383956909,0.3397785425186157,0.26217949390411377,0.6857349872589111
1EMV_A_B,1EMV,B,54,R,B,77,S,1.665700915381987,-0.2328891551097506,H,0.1870480289010325,0.1746400679178492,0.012407960983183308,18,19,-1,-0.7743628,-0.890981,0.4092880242387368,0.04897982258107031,0.0,0,-3.5160293579101562,-3.7,298.0,-1.166439294815063,-0.24750018119812012,-0.8094339370727539,-0.8204407691955571,-0.2761249542236328,-1.1245412826538077,-0.7883782386779785,-0.9620447158813477
1EMV_A_B,1EMV,B,72,N,A,25,T,1.1646690240743687,0.7281339910637894,L,0.1338888002686009,0.1525407550806304,-0.018651954812029498,15,17,-2,3.4531563000000003,4.476761649999999,0.6973267503340634,-0.12596290711235467,0.0,0,22.081905364990234,-2.8,298.0,2.614713430404663,3.583069682121277,4.235183298587799,3.01599270105362,3.3943235874176025,3.855063319206238,3.3926860690116882,3.534218490123749
1EMV_A_B,1EMV,B,75,N,B,78,S,2.334540084521325,-0.5398966240366272,H,0.0021992491175291,0.0016923012451389,0.0005069478723902,25,27,-2,3.0862350000000003,3.2911235000000003,-0.17027342163065667,0.008461769851247997,0.0,0,52.71520233154297,-2.7,298.0,2.7433135509490967,3.4989116191864014,3.3826792240142822,2.7952232360839844,3.2086620330810547,3.1833364963531494,3.2058675289154053,2.671884059906006
1EMV_A_B,1EMV,B,97,K,B,83,Y,1.9596368047844788,,L,0.0781072903036742,0.0910311983628185,-0.012923908059144298,24,24,0,0.12424499999999972,-0.6652787,0.16397986885836718,0.04419964673167931,0.0,0,6.207546234130859,-2.5999999999999996,298.0,0.37571966648101807,1.3169199228286743,0.4971383810043335,-0.2373421192169194,1.1674250364303589,-0.04628133773803755,-1.1597816944122314,-0.919837474822998
1FC2_C_D,1FC2,C,27,I,C,6,Q,3.7294546961565307,,H,0.0,0.0002110868559238,-0.0002110868559238,20,22,-2,-3.14184156,-3.09125218,-0.2434863694539694,0.08656844237530248,-1.0,0,2.0419845581054688,8.0,298.0,-3.608292520046234,-2.8763676434755325,-3.2780524641275406,-3.0570178180933,-3.4358033686876297,-2.9340624511241913,-3.053334146738053,-2.891802117228508
1FC2_C_D,1FC2,C,31,K,C,7,N,1.3786773009217506,,H,0.2838256915519673,0.3256651690953389,-0.041839477543371584,15,17,-2,1.806297,2.370038,-0.556246325710335,0.06436710809900059,0.0,0,-6.1787033081054705,-0.3999999999999999,298.0,2.1300680637359624,1.669803380966186,1.9159606695175178,0.9913613796234131,1.429524064064026,2.3493762016296387,2.047196626663208,1.9170844554901123
1FCC_A_C,1FCC,C,35,N,C,25,T,2.364048112240645,0.24011103330706618,H,0.1667012477771,0.1635140982216553,0.0031871495554446905,15,17,-2,1.7477648000000001,1.7658899,0.8264779761374644,-0.03946890834814068,0.0,0,5.889049530029297,-2.8,298.0,2.743018865585327,2.1958658695220956,1.55790376663208,1.482543706893921,2.351656079292296,2.3922921419143677,1.419541358947754,-0.16070199012756436
1FFW_A_B,1FFW,B,56,F,B,57,V,3.64430699947734,,L,0.0931059153040035,0.0997419063180987,-0.006635991014095205,20,18,2,2.13184647,1.7670894599999998,-0.0725008296986393,-0.06734419158554147,0.0,0,14.634002685546875,-1.4000000000000004,298.0,0.9770103096961975,2.5938570499420166,1.904610812664032,2.0599430203437805,3.001072704792023,2.2198102474212646,1.6516385674476624,2.646829515695572
1GC1_G_C,1GC1,C,44,L,C,43,F,1.0555473255802814,,E,0.0248770319145999,0.0140754946681836,0.0108015372464163,23,22,1,0.9368143,0.8184141999999999,0.6866266807093444,0.023727114874359717,0.0,0,6.979160308837891,1.0,298.0,1.1078379154205322,1.3003484010696407,-0.07194924354553223,0.7454349994659424,1.1376581192016602,0.8357747793197634,1.7043054103851318,0.7351067066192627
1GC1_G_C,1GC1,C,46,K,C,35,K,1.4303781258773653,0.32192182259821517,E,0.1200150077896105,0.1132941932443766,0.006720814545233891,24,24,0,3.15413494,3.1779057999999996,0.18437720140107228,0.014089064564909895,0.0,0,-15.662506103515625,0.0,298.0,3.177729308605194,2.9699817895889282,3.4106026887893677,3.4261001944541922,2.9991616010665894,3.2528148889541626,3.3167222738265996,2.679966986179352
1GC1_G_C,1GC1,C,59,R,C,61,L,1.1753872476063394,,H,0.2377520192641271,0.2072102717094116,0.030541747554715504,19,19,0,-1.3905298,-1.0232922,0.14485675962065325,0.026706265105846005,0.3333333333333333,0,17.62760925292969,-8.3,298.0,-0.9495497941970819,-1.3801029920577998,-2.184375286102295,-1.3557026386260986,0.3833189010620117,-1.1510956287384033,-2.2669425010681152,-2.219789147377014
1GCQ_AB_C,1GCQ,C,67,P,B,48,P,1.3158661640535187,,E,0.0626834755213165,0.0591622966054723,0.003521178915844206,17,17,0,0.05314756999999999,0.05056531,-0.6159021025088647,-0.034212108607397096,0.0,0,-12.52006721496582,0.0,298.0,0.042120635509490995,0.05185564607381821,0.05692477524280551,0.054107114672660786,0.07682241499423981,0.038117505609989194,0.06296578794717789,0.04226664453744891
1GUA_A_B,1GUA,A,37,E,A,41,R,1.3002321152144958,,E,0.1277703709492343,0.1033146218350593,0.024455749114175,17,18,-1,-0.7420952000000001,-1.0911499,-0.2343519699744655,0.011544406781095584,-0.3333333333333333,0,-7.498573303222656,1.0,298.0,-0.5371813774108887,-0.5736666917800906,-0.20903527736663885,-0.2259535789489746,-1.4309743642807007,-0.3802307844161996,-1.4000859260559082,-1.1796330213546753
1GUA_A_B,1GUA,A,39,S,B,11,Q,1.3996732349197516,0.10031157164428099,E,0.0401254192669645,0.0463994972366866,-0.006274077969722097,21,19,2,-0.8667753999999999,-0.48919900000000016,0.22883206297458647,-0.03645449210095911,0.0,0,17.082695007324215,2.7,298.0,-0.4103223085403438,-1.0046786069869993,-0.716117143630981,-0.7368957996368408,-1.1141612529754639,-0.7564171552658081,-0.7959021329879763,-1.399710655212402
1GUA_A_B,1GUA,B,4,R,B,2,T,1.0003955007411132,,E,0.3107261602359055,0.2930370638011251,0.017689096434780394,16,14,2,-1.3006115,-1.2701503,-0.8578225152232183,-0.03105824485896938,0.0,0,0.9042434692382812,-3.8,298.0,-1.4849231243133547,-0.45420408248901367,-1.6647250652313232,-1.1056272983551025,-1.7326735854148865,-1.6351205110549927,-0.7004096508026123,-1.6272089481353764
1GUA_A_B,1GUA,B,29,K,A,25,Q,1.9983187149889297,,H,0.3121121330176478,0.2664271905948668,0.04568494242278098,15,15,0,1.5513154,1.3152742999999996,-0.2836305955039997,0.10706240598328551,0.0,0,-23.603897094726562,-0.3999999999999999,298.0,1.1325294971466064,1.0831170082092285,1.3484268188476562,1.8470754623413086,1.586619377136231,2.3159579038619995,1.1742601394653325,1.9225335121154785
1H9D_A_B,1H9D,B,2,R,A,13,D,1.0642126527233364,,L,0.2787046872167735,0.2820308128234574,-0.003326125606683883,18,19,-1,0.2161883,-0.057249799999999906,0.6617191985296165,0.046678123237593405,0.0,0,14.293251037597656,-1.0,273.0,-0.054872035980224165,0.5270342826843257,-0.9993407726287842,1.2902418971061702,0.21881961822509788,0.10070133209228516,1.6103813648223877,-0.9634597301483154
1H9D_A_B,1H9D,B,60,G,B,95,G,1.9023307422654165,,L,0.0021527405753948,0.005355923236757,-0.0032031826613621995,23,24,-1,0.0018634559999999994,0.002655374000000002,0.03533681769309249,-0.0088395576079794,0.0,0,,0.0,273.0,0.0012512505054472906,0.0024822130799293934,0.002207733690738692,0.001121200621127999,0.0011474192142486989,0.0024982690811157088,0.0020284652709960938,0.0021711662411690036
1H9D_A_B,1H9D,B,94,N,A,16,N,2.110106560275752,,L,0.0161874087816158,0.0064958809368415,0.009691527844774301,23,23,0,0.9405836000000001,1.8236446500000003,0.32118643224614263,-0.009247635630088097,-0.5,0,-26.036666870117188,0.0,273.0,1.668132305145264,1.043993979692459,0.8682008385658264,0.07303053140640259,0.5614700019359589,1.3530728965997696,0.44944110512733465,1.507326900959015
1IAR_A_B,1IAR,A,5,I,A,8,Q,1.170849396491051,-0.022349319258542954,H,0.2151275201834253,0.2348867618753019,-0.019759241691876622,20,18,2,-0.0644967000000003,0.34785199999999983,0.06440593221532549,0.022319757434199866,0.0,0,2.7518234252929688,8.0,298.0,-0.3170084953308103,-0.4055186510086055,0.09262466430664018,-0.4621068239212036,0.02549290657043457,-0.2507514953613279,0.48567152023315385,0.3156222105026243
1IAR_A_B,1IAR,A,88,R,A,91,W,3.753036463245231,0.7292019564980542,H,0.1020382758915612,0.1260762385309333,-0.024037962639372107,25,23,2,3.3781461,3.683651,-0.5825455680915077,-0.029054549984782213,0.3333333333333333,0,0.26568603515625,-3.6,298.0,3.633710563182831,3.1579848527908325,3.6659622192382812,3.6564565896987915,2.752881169319153,2.7309266328811646,3.8413126170635223,3.5859321355819698
1IAR_A_B,1IAR,A,89,N,A,85,R,1.5580959354804609,0.4266978299790874,H,0.0017970131409653,0.0332304383006829,-0.0314334251597176,24,24,0,0.7584918399999999,0.38374660000000005,0.20334849245106934,-0.05457271772381289,0.6666666666666667,0,26.982269287109375,1.0,298.0,0.17494457960128784,0.23681408166885365,1.1844225525856018,0.6159897446632385,1.3031017929315567,0.9305515289306641,0.3921119570732117,1.229998230934143
1JCK_A_B,1JCK,B,20,T,A,28,N,1.488402051798161,,L,0.0940966248242698,0.090455238011195,0.0036413868130747984,25,26,-1,1.3965277999999999,1.4501848000000002,-1.1161882345680134,0.006771180002703908,-0.5,0,7.923625946044922,2.8,298.0,1.794273138046265,0.9134511947631836,1.1546082496643066,2.1440417766571045,1.4498445987701416,1.0903887748718262,1.4367187023162842,1.1888937950134277
1JCK_A_B,1JCK,B,60,N,A,68,S,1.3286854330602038,,L,0.1337282676026069,0.1455067257077703,-0.011778458105163397,20,18,2,-0.3168719,-0.6250549000000001,0.9455991861242348,0.054340043325081994,0.0,0,48.29779052734375,-2.7,298.0,0.28105366230010986,-0.15927207469940208,-0.4541769027709961,-0.4480884075164795,-0.31793642044067383,-0.3079261779785156,-0.7623589038848879,-0.3662700653076165
1JCK_A_B,1JCK,B,90,Y,A,50,A,2.3357573135514955,,L,0.0335295636130664,0.0044688807807226,0.029060682832343802,27,27,0,1.7432838,2.1289519400000003,0.0,-0.008987686923916605,0.0,0,,-3.1,298.0,1.948609709739685,1.8029175996780396,1.6306402087211613,1.360836625099183,1.7233788967132568,1.292869210243225,2.100765287876129,2.086252748966217
1JCK_A_B,1JCK,B,91,V,A,52,S,2.0806534117716238,,L,0.1351742405150126,0.0922868549198853,0.042887385595127295,22,24,-2,1.9219219399999998,1.7924497000000001,-0.8167422636198258,0.011136519999151995,0.0,0,-10.823440551757812,5.0,298.0,2.0129354596138,1.926265299320221,2.2902193069458003,1.4731186628341675,1.8078901767730713,2.1361789703369145,1.8937848210334778,1.8349846005439758
1JRH_LH_I,1JRH,L,30,Y,L,27,E,1.1084563032791503,0.5426151598260328,L,0.208941448543572,0.1953559790171472,0.013585469526424782,18,17,1,-1.6271041399999997,-0.9820878999999998,0.6436494289910556,-0.05090802471095729,0.0,0,0.9622077941894531,2.2,298.0,-1.6622284650802612,-1.937528282403946,-0.8270249366760254,-1.731825828552246,-2.500850260257721,-0.5210939645767216,-1.827244341373444,-2.009037494659424
1JRH_LH_I,1JRH,H,32,Y,H,63,P,1.4333097490566602,,L,0.4709752294657779,0.4874267431856776,-0.01645151371989967,11,10,1,-1.5405834999999999,-2.1330521,-0.5321388932554224,-0.030369755494052297,0.0,0,-19.8512077331543,0.30000000000000004,298.0,-1.6509349346160889,-1.4315401315689087,-2.171196401119232,-1.7774495482444763,-0.805481433868408,-1.7487444877624512,-1.1956390738487244,-1.5436806380748749
1JRH_LH_I,1JRH,H,55,W,I,46,W,2.4213171849672226,,L,0.1288555410614759,0.1416026042063289,-0.012747063144852994,18,17,1,-2.47980732,-2.52634922,-0.13370787257045003,-0.11208184502085217,-1.0,0,-3.7634353637695312,0.0,298.0,-2.531586691737175,-2.405945762991905,-2.872257225215435,-2.769242726266384,-2.556520387530327,-2.215425550937653,-2.427326448261738,-2.06015133112669
1JRH_LH_I,1JRH,H,56,D,I,45,E,1.8860993177954763,-0.5657847403034191,L,0.3831689306763632,0.4114302136367721,-0.028261282960408918,15,13,2,1.3531574,1.4416656000000003,-1.4092925365503304,0.13964886207352167,0.5,0,4.755588531494141,0.0,298.0,1.3681796193122864,1.4556958675384521,1.490845501422882,1.1756483912467959,1.8520771712064747,1.2811452746391296,1.375342607498169,0.8263247013092041
1JRH_LH_I,1JRH,H,58,D,I,66,D,1.85464838704982,,L,0.2611307998690024,0.2834050534318668,-0.022274253562864388,11,11,0,-2.5905053,-2.2944416,-1.0552046774647705,-0.13891760257840807,0.0,0,-6.4353790283203125,0.0,298.0,-2.554214835166931,-2.5577878952026367,-2.0722402334213257,-2.864944487810135,-2.7607745230197906,-3.3132188618183136,-2.219427704811096,-2.381433844566345
1JRH_LH_I,1JRH,H,60,Y,I,74,R,1.2555918089614944,,E,0.0985708103042734,0.0708281236701131,0.02774268663416031,22,20,2,-2.1271176,-1.8184651600000001,0.32273256512598714,-0.06036785824154517,-0.3333333333333333,0,9.489799499511719,3.2,298.0,-1.62338986992836,-2.0511967241764077,-1.9845357686281204,-2.1423076391220097,-2.3362740874290466,-2.8694072663784027,-1.6432178616523743,-2.3666125535964966
1JRH_LH_I,1JRH,I,41,V,L,93,S,1.6791564619276222,-0.650583555923561,L,0.0431362950611719,0.0799167187804542,-0.0367804237192823,20,19,1,-0.6383532,-0.13755610000000007,-0.47552101648291756,-0.0117689859022935,0.0,0,-5.9245452880859375,5.0,298.0,-0.555402934551239,-0.8461720943450928,-0.8149557709693909,-0.533275842666626,-1.1282657980918884,-0.6852720379829407,-0.7299122214317322,0.18643236160278343
1JRH_LH_I,1JRH,I,42,K,L,94,T,3.3858166197229025,0.38526928615817724,L,0.1260162342150496,0.09638755274362,0.029628681471429594,20,21,-1,0.9323781000000002,0.4606395999999999,0.3651943852763909,0.07147202432697092,0.0,0,-5.205101013183597,-3.2,298.0,0.8106024265289307,1.2335858345031738,1.1871681213378906,0.4086525440216069,0.3469247817993164,1.5953783988952641,0.4806022644042969,1.3961081504821777
1JTD_A_B,1JTD,A,79,Y,B,75,Y,2.2347522219415064,0.48022206661413236,L,0.1259804505330417,0.164043281511689,-0.03806283097864732,25,25,0,0.6747038000000001,0.6577126,-0.31439230058287637,0.0690528287887529,0.0,0,4.370548248291016,0.0,296.0,0.7602578401565554,0.3655072450637813,1.194697380065918,0.10606765747070312,1.4313819408416748,0.662131786346436,0.34637761116027854,0.5312085151672363
1JTD_A_B,1JTD,A,103,M,A,244,M,2.5045925251732184,0.27646189959885653,H,0.1089109700027798,0.0889727721116182,0.019938197891161594,22,20,2,-0.9375021000000001,-0.33919219999999983,-0.9611219614586568,-0.0303968526740096,0.0,0,0.4257049560546875,0.0,296.0,-0.7261149883270264,-1.0487184524536128,-0.8117375373840332,-1.5973443984985352,-1.7535803318023682,0.0493710041046147,-1.2164850234985352,-0.3954100608825679
1JTD_A_B,1JTD,B,12,N,B,132,D,1.3011671118471222,-0.5488161240543374,L,0.1304828975766979,0.1776198191592237,-0.047136921582525804,24,24,0,0.8762319000000001,1.0021506000000002,-0.6188151235490681,-0.09257216817138492,0.0,0,-9.585868835449219,0.0,298.0,0.927006721496582,1.3602235317230211,-0.6703693866729736,-0.3592400550842285,2.108891487121582,1.0442705154418945,0.929010391235352,1.670062780380249
1JTD_A_B,1JTD,B,14,D,A,104,S,1.5074296942397836,,L,0.0779828281964354,0.0719467568603665,0.006036071336068899,27,28,-1,-3.43060308,-3.35175847,1.1906129042736526,0.0395845553588805,0.0,0,-1.6474761962890625,-2.7,298.0,-3.596904009580612,-3.2315944731235504,-3.4060833454132085,-3.590310111641884,-3.325831919908523,-2.4629326462745667,-4.183642648160458,-3.647525541484355
1JTD_A_B,1JTD,B,35,Y,A,190,V,3.150407363841207,0.03796234973680423,L,0.0081227634618895,0.0058344459974435,0.0022883174644460005,25,24,1,-1.6275543999999997,-1.9038937,-0.7555301995478009,0.02016770778013119,1.0,0,23.759399414062496,-5.5,298.0,-1.5358188152313232,-1.7213909626007085,-1.0907368659973145,-2.3042004108428955,-2.134284734725952,-2.019862174987793,-1.3822346925735474,-0.8319042921066284
1JTD_A_B,1JTD,B,93,D,B,210,Y,1.988940524524266,0.8240213465552473,L,0.2046227475416903,0.2143140487326718,-0.009691301190981494,22,22,0,-1.8828874,-1.7887247,0.4697875129822677,0.015083259391012294,0.5,0,0.89251708984375,-2.2,298.0,-3.2635765075683594,-2.357056021690368,-1.856971263885498,-1.786508560180664,-1.418627142906189,-0.1464766263961792,-1.9230118989944458,-2.31086802482605
1JTD_A_B,1JTD,B,170,Y,A,189,K,2.0263542280666793,,L,0.4171071919896301,0.4038836187813057,0.013223573208324402,16,18,-2,-2.1171962000000004,-0.6043241000000001,-0.1462190050446819,0.024744336330726285,0.0,0,10.523998260498047,2.5999999999999996,298.0,-2.5929083824157715,-2.7935060262680054,-1.3365899324417114,-1.7050527334213252,-1.2151927947998047,-2.650720715522766,-2.3320415019989014,-2.3115570545196533
1JTD_A_B,1JTD,B,171,F,B,246,S,2.1997293965153855,,L,0.164157376760689,0.1424671292197875,0.021690247540901514,21,20,1,1.4204634600000001,1.73901376,-0.23052005018187904,0.039360833579259596,0.0,0,7.74505615234375,3.5999999999999996,298.0,1.1320061683654785,1.6472154259681702,0.892622709274292,1.731565535068512,1.6504926681518555,1.4560011625289917,1.5479340553283691,1.305868685245514
1JTD_A_B,1JTD,B,266,N,B,13,N,2.668825510928575,,L,0.0426600691904958,0.0746428457515345,-0.0319827765610387,24,22,2,-2.8550436,-3.13738185,-0.7720234827938334,0.0218041230741845,-0.5,0,-8.39474105834961,0.0,298.0,-2.8614900037646294,-3.088502809405327,-2.5529436767101283,-2.3709800243377686,-3.117150068283081,-2.930806428194046,-2.7401753365993504,-3.17830166220665
1JTG_A_B,1JTG,A,78,V,B,39,S,1.90988814615532,0.021610792644000815,L,0.0005971861768104,0.0161823376055583,-0.0155851514287479,21,21,0,1.87508753,2.075990816,-0.329418553914152,0.0015416554376553038,0.0,0,-2.7264060974121094,5.0,298.0,1.6933433413505554,1.5815458819270134,1.9652160629630089,1.9968679323792458,1.8676075637340543,1.8350284174084661,2.006039574742317,2.055050775408745
1JTG_A_B,1JTG,A,79,E,A,190,V,1.8001979849577399,-0.49270148863095753,L,0.0540326397183503,0.0798069252751905,-0.025774285556840193,21,20,1,-0.3979130999999998,-1.4313889999999998,-3.6666294843186904,0.0437287939608034,0.5,0,-4.893245697021484,-7.7,298.0,-1.8272371292114258,0.5149244070053103,-0.13371455669403076,-0.408541798591614,-0.6274030208587646,0.712390303611756,-0.2607038021087651,-1.1530194282531743
1JTG_A_B,1JTG,A,104,M,A,82,P,1.1186526748995211,-0.07375289937941845,H,0.0065755292596665,0.002789364860402,0.0037861643992645,24,24,0,-4.1164832,-3.820417,1.2515939837379608,-0.063878527697276,0.0,0,-26.48453712463379,3.5,297.0,-4.022699236869812,-4.215330004692078,-3.901676893234253,-3.8712860345840454,-4.460027515888214,-3.951077699661255,-4.714169412851334,-3.795600414276123
1JTG_A_B,1JTG,B,49,D,A,105,S,2.372421174597158,0.5626583129987092,L,0.0581735553346333,0.0289631461991615,0.029210409135471804,26,28,-2,-1.76416295,-1.8863987500000001,0.4407327653235804,0.007505163313973412,0.0,0,0.7515335083007812,-2.7,298.0,-1.7501086592674258,-1.3596670180559156,-1.9865231215953827,-2.1265732645988464,-1.6668325215578077,-1.6613192558288574,-1.9086666405200958,-1.6536138355731973
1JTG_A_B,1JTG,B,53,Y,B,73,E,3.181974885254008,,E,0.0026403894497273,0.0257359351883453,-0.023095545738618,23,25,-2,-0.13371957,-0.35106646,-0.07034273896172771,-0.027353324080035796,0.5,0,1.7283782958984366,2.2,298.0,0.34279221296310425,-0.22703891992568975,-0.29845795035362244,-0.5126906633377075,0.09340530633926392,-0.01819068193435669,-0.33627146482467657,-0.1133044958114624
1JTG_A_B,1JTG,B,74,K,B,48,G,3.689935452679194,,L,0.0147395475782741,0.056456145368746,-0.0417165977904719,25,27,-2,0.22964289999999998,0.05065989999999987,-0.20500975710077046,0.03874560056060408,1.0,0,,-3.5,298.0,1.1034049987792969,0.7744238376617432,0.08908069133758545,1.4004268646240234,-0.2651820182800293,-0.8384668827056885,0.7608018517494202,-1.1873472929000854
1JTG_A_B,1JTG,B,112,W,A,77,L,3.009163076795267,0.8644814320462479,L,0.0453858918251032,0.0165449254972913,0.0288409663278119,23,22,1,-3.429738,-3.24522127,-0.22632684141653414,-0.0022346168238747133,1.0,1,0.5557708740234375,-4.7,298.0,-3.3513497114181514,-3.3534444868564606,-3.683935761451721,-3.122002005577087,-3.385436534881592,-3.792232632637025,-3.567931264638901,-3.181570649147034
1JTG_A_B,1JTG,B,141,G,A,213,E,1.329899843730618,,L,0.1745557373450361,0.1375507937667927,0.03700494357824341,17,18,-1,1.3071394299999999,1.64061338,-0.2679966007704388,0.04385216662789779,0.0,0,,3.1,300.5,0.9370250701904297,0.7435553967952727,1.2949502021074293,1.596231147646904,0.6426829099655151,2.0419518053531647,1.1782045364379883,2.022514849901199
1JTG_A_B,1JTG,B,142,F,A,212,G,3.0315079672635883,,L,0.0709922215851227,0.073454044925256,-0.0024618233401333123,25,26,-1,-0.9150600299999999,-0.9249790700000001,0.9097774771077437,0.08041207124319341,0.0,0,,3.1999999999999997,298.0,-0.9379059150815011,-0.8957182392477991,-0.905673272907734,-0.9901011511683465,-0.8778329193592073,-0.8281487077474593,-0.9727029204368592,-0.912397101521492
1JTG_A_B,1JTG,B,148,H,B,71,S,2.7466582373819635,0.35792891505037433,E,0.0042958268741632,0.0207645609484681,-0.0164687340743049,22,24,-2,-1.5912414,-2.2583129000000004,-0.16255573284374214,0.009559544313471308,1.0,0,-1.1516532897949219,-2.4000000000000004,298.0,-1.0451568365097046,-0.7899878025054936,-2.191973567008972,-1.942326545715332,-1.717231035232544,-1.408280611038208,-2.028939962387085,-1.6060341596603394
1JTG_A_B,1JTG,B,160,R,B,31,E,3.0679073281389173,0.8209450452329897,E,0.2593930551085727,0.2141326383551695,0.0452604167534032,15,15,0,0.08368390000000026,0.5907929999999999,-0.391584905299599,-0.019390304381321694,0.0,0,-4.234970092773438,-1.0,288.0,0.967921137809753,-0.718034029006958,-0.5842095613479614,0.43280744552612305,0.9276655912399292,-0.1810698509216313,-0.28531813621520996,0.10970973968505815
1K8R_A_B,1K8R,A,33,D,B,33,S,1.59620521584467,,L,0.4751157185400533,0.4686639911271892,0.0064517274128640945,10,11,-1,2.238733,1.9619563000000002,-0.8679689889962128,0.02450752417165919,0.0,0,1.0221939086914071,-2.7,310.0,2.5448349714279175,2.656181812286377,1.9137816429138188,1.5570316314697261,2.7973726987838745,1.9702651500701904,2.741516590118408,1.728878021240234
1K8R_A_B,1K8R,A,38,D,A,39,S,1.7803357543779699,0.7437439919787758,E,0.0116782940787995,0.0141992717067367,-0.0025209776279371994,23,21,2,0.47087670000000026,0.23625220000000002,-0.07219204562302817,0.0004906548190981019,-0.5,0,2.455055236816407,-2.7,310.0,0.4190840721130371,0.3951380252838135,0.31218385696411133,0.2713947296142578,1.4912803173065186,0.5276765823364271,0.2331702709197998,0.11708688735961958
1K8R_A_B,1K8R,A,41,R,B,4,R,1.2266533026606015,,E,0.1704816487041001,0.2106673199957112,-0.0401856712916111,21,19,2,-0.6778126000000002,-1.2817787,0.1389729625057464,-0.0247618893442825,0.3333333333333333,0,4.5947418212890625,0.0,310.0,-1.3162381649017334,-1.2829101085662842,-0.9150538444519043,-1.7589787244796753,0.4317197799682615,-0.2521805763244638,-0.3166179656982413,-0.012241244316101296
1K8R_A_B,1K8R,B,13,R,B,12,T,2.9124644298919184,,E,0.0322597780314197,0.0459525616695176,-0.013692783638097894,25,24,1,1.3819413999999999,0.14491129999999997,-0.22253637967545936,-0.0054657510370590134,0.6666666666666666,0,-11.499595642089844,-3.8,310.0,1.266922652721405,0.9410096406936644,1.953750729560852,1.4553782939910898,-0.06200408935546875,2.0573028326034546,1.9515664875507355,1.491603136062622
1K8R_A_B,1K8R,B,31,K,A,64,Y,2.836937339384543,,H,0.1989895156916716,0.2382626750914371,-0.0392731593997655,19,18,1,-0.11985445000000006,-0.6636294,-1.799170194140332,0.10047208036581001,0.0,0,6.247505187988281,-2.5999999999999996,310.0,-0.3882575035095217,-0.21066540479660034,0.34763652086257935,0.3511921763420105,-0.7962948083877563,0.19499391317367554,-0.776172399520874,0.31873196363449097
1KTZ_A_B,1KTZ,B,26,I,A,22,H,1.895631703462886,,L,0.1111662841228297,0.1309523658304567,-0.019786081707626996,16,17,-1,1.0293922000000002,0.5892610999999999,-0.20384721706347464,0.02564288914216331,-0.5,0,-5.125236511230469,7.7,298.0,0.7141585350036621,0.7181863784790044,1.0346094369888306,1.0698320865631095,1.05736517906189,1.1718273162841797,0.9085607528686523,1.5605992078781128
1KTZ_A_B,1KTZ,B,29,I,A,62,V,1.369625081346294,,E,0.1875491077584223,0.2191243838451154,-0.03157527608669311,18,16,2,-0.06622340000000015,-0.2139358,-0.1858563677747581,-0.02516168090853471,0.0,0,-2.563953399658203,0.2999999999999998,298.0,-0.3976820707321167,-0.15863984823226918,0.05065989494323708,-0.3304542303085327,0.21895349025726318,0.139146089553833,-0.011728644371032715,-0.04004204273223877
1LFD_A_B,1LFD,A,5,I,B,41,R,1.4483802767436469,0.84846113103873,E,0.3042253835874633,0.3329901341380833,-0.02876475055062,14,14,0,0.4013553999999999,1.0264223,-1.400070288922008,0.09043676152235122,0.0,0,-4.422466278076171,9.0,304.0,0.15822160243988048,0.5801912546157839,0.1883927583694458,0.9921482801437378,-0.06880354881286643,0.9360673427581787,0.6037541627883916,-0.17913019657134988
1LFD_A_B,1LFD,A,19,K,A,16,N,1.64755509075393,0.49923171043543596,E,0.0496675668425399,0.098081074534471,-0.0484135076919311,24,24,0,3.7645478000000003,3.0961807,0.04639640582688431,-0.0616719210346072,-1.0,0,4.098701477050781,-0.3999999999999999,298.0,3.996820330619812,3.815031051635742,3.3710336685180664,4.284384071826935,3.2939757108688354,3.2770010232925415,3.731462597846985,4.346674621105194
1LFD_A_B,1LFD,A,39,K,B,24,I,2.0998271003000024,,H,0.0810025322250197,0.041675813204416,0.0393267190206037,20,19,1,0.5333391999999999,-0.22233350000000018,0.4532951024945247,0.11316433854073399,0.0,0,0.19455718994140625,-8.4,298.0,1.3685554265975952,-0.5855988264083862,-0.2329545021057129,0.2622361183166504,0.4836815595626831,0.5635855197906494,1.5695995688438416,0.8376089334487917
1LFD_A_B,1LFD,B,33,D,A,14,N,1.1002917441185578,0.948520151299886,L,0.2830742882141155,0.3064946404049998,-0.023420352190884286,12,11,1,0.8283693999999999,0.5021132,-1.2804225306425203,0.1541951731164199,0.0,0,3.858417510986328,0.0,298.0,0.7734435796737671,1.1240529417991638,1.2587019205093384,0.7932464480400085,0.6469171643257141,0.9351029396057129,0.4082304835319519,0.6872590780258179
1LFD_A_B,1LFD,B,37,E,B,39,S,1.1965592838418202,-0.7506585713677694,E,0.0702334141780041,0.1158066595995612,-0.04557324542155709,18,17,1,-0.02910239999999975,0.27199950000000017,0.028434122317697708,0.009140110148605801,0.0,0,-1.390380859375,-2.7,310.0,0.3971993923187256,0.12321901321411133,0.1519844532012935,-0.3288176059722905,-0.5764827728271484,-0.013645410537719727,-0.1706457138061528,0.18436932563781738
1MI5_ABC_DE,1MI5,D,47,H,D,53,V,1.11677925939132,,E,0.0640113525166194,0.0958085525012602,-0.03179719998464081,19,19,0,-2.8226758000000003,-2.627879,-2.4218939009388496,-0.0596719655285185,0.5,0,15.388717651367188,-7.4,298.0,-2.0724767446517944,-1.7943336963653564,-2.748476982116699,-2.4779927730560303,-2.9659507870674133,-3.9662481546401978,-3.78863188624382,-2.7672975659370422
1MI5_ABC_DE,1MI5,D,90,L,C,6,A,1.2314175678494845,,L,0.0184038583799355,0.0191152585267324,-0.0007114001467969019,26,26,0,-1.7463809999999997,-1.3441551000000003,0.12500937459408312,-0.007384065335685086,0.0,0,,1.9999999999999998,298.0,0.24623680114746094,-2.4232327938079834,-2.4209670424461365,-2.025925040245057,-2.6252405643463135,0.26495742797851585,-2.276153564453126,-2.7107241749763484
1MI5_ABC_DE,1MI5,D,93,G,A,66,I,1.2314175678494845,,H,0.0287723120486904,0.0090512775586479,0.019721034490042498,27,25,2,0.56804675,0.5349635899999999,0.16879954632938543,-0.014555038192921615,0.0,0,,-4.9,298.0,0.7854321375489235,0.4273346140980721,0.7415980026125909,0.6495496481657029,0.5221925079822541,0.34952066838741297,0.46391845494508754,0.6048275828361511
1MI5_ABC_DE,1MI5,D,96,Y,E,97,A,1.2314175678494845,,L,0.0570837402751351,0.0466852486851091,0.010398491590026003,27,26,1,-3.3876206,-3.1209814400000004,0.4480050963811997,-0.04054328235648058,1.0,0,,-3.1,298.0,-4.298506438732147,-3.90505713224411,-2.6427102088928223,-3.822675257921219,-2.3259095549583435,-3.3945689499378204,-3.4194923043251038,-3.29204261302948
1MI5_ABC_DE,1MI5,E,95,G,D,30,Y,1.2314175678494845,0.4494311457967245,L,0.0,0.0100517664012429,-0.0100517664012429,23,24,-1,1.9713494,0.47525830000000013,-0.37036860490149026,0.007832087197415516,-1.0,0,,0.9,298.0,3.2805968523025513,0.6925065517425528,3.045736610889435,0.7598700523376465,0.7875878810882564,0.8349471092224121,3.0310564041137695,3.3384942412376404
1MI5_ABC_DE,1MI5,E,96,Q,C,4,G,1.2314175678494845,,L,0.0013019079472485,0.0417876785753567,-0.0404857706281082,29,27,2,-3.9132975,-3.94974293,-1.1434321962880607,-0.026626362958954625,1.0,0,,-3.1,298.0,-4.068769618868828,-4.48889747262001,-4.192448988556862,-3.8800720870494843,-3.9758560955524445,-3.4817791879177094,-3.8646617084741592,-3.3538940101861954
1MI5_ABC_DE,1MI5,E,98,Y,A,150,A,1.2314175678494845,,L,0.0766602340691891,0.0869743387567389,-0.0103141046875498,21,19,2,-1.7325081000000002,-1.3525660000000004,-0.837463770078043,-0.0957343067044113,1.0,0,,-3.1,298.0,-3.4794952869415283,0.5911810398101807,-2.974044919013977,-2.602886080741882,-1.3794572353363042,-0.0430386066436772,-1.0856237411499028,-2.8867024183273315
1N8Z_AB_C,1N8Z,B,50,R,C,554,D,2.975475032472945,,E,0.0,0.0262316900081624,-0.0262316900081624,24,26,-2,-1.4727987000000002,-0.8344667000000001,0.007228053622753361,0.0820347644977823,0.5,0,45.860260009765625,-1.0,303.0,-1.3697850704193115,-0.48236632347106934,-0.8437209129333496,-2.5084121227264404,-2.2146870493888855,-1.2196714878082275,-0.901409387588501,-2.242336392402649
1NMB_N_LH,1NMB,H,103,Y,N,262,G,2.140619496834345,,L,0.2965468076663982,0.2938605246874922,0.002686282978905996,21,22,-1,-3.00207934,-3.129121504,-0.19079676854276362,0.0041907256803113135,0.0,0,,-0.9,298.0,-2.9868538230657578,-2.8851963058114056,-2.962743207812309,-2.8588738963007927,-2.8827131539583206,-3.1298495084047318,-3.22832889854908,-3.08207456022501
1OGA_ABC_DE,1OGA,A,152,V,A,155,Q,1.392984914662296,0.4888492883114545,H,8.804501065769115e-05,0.0446156253311769,-0.044527580320519206,22,24,-2,1.9280227500000002,2.3081084,0.015960328713195082,0.02917307101827979,-0.5,0,-17.827865600585938,7.7,298.0,1.0755239129066465,2.2028812170028687,2.2941552996635437,2.388216018676758,1.727078229188919,1.5595917105674744,1.9680363535881042,2.2086992859840393
1OGA_ABC_DE,1OGA,E,28,D,A,150,A,1.5724963209895868,,L,0.0540777978046683,0.0585283991113022,-0.004450601306633897,22,21,1,2.664945,2.6938454,-0.16596607631720406,-0.07867952817868099,0.0,0,,-5.3,298.0,2.5238476395607,3.6345248222351074,2.015811324119568,2.633925199508667,3.54739272594452,2.2927800416946424,2.4873772859573364,2.183901429176331
1OGA_ABC_DE,1OGA,E,48,Q,E,95,S,2.1612792666649274,-0.017594878827499494,L,0.0204258613947505,0.0003563467909391,0.0200695146038114,29,31,-2,2.0679850699999998,2.4136970200000003,0.0972590263677724,-0.00809124720575588,-0.5,0,-2.1255264282226562,-2.7,298.0,1.9505016058683395,2.128937289118767,2.325096160173416,2.0911406725645065,1.823496401309967,2.183743968605995,1.9184474050998688,2.122517466545105
1OGA_ABC_DE,1OGA,E,49,I,E,96,S,2.1612792666649274,,L,0.0069441891824888,0.0007128277050234,0.0062313614774654,27,28,-1,-0.9429160999999999,-0.7766059000000001,0.2625474073320577,-0.006828666431223707,-1.0,0,-0.9353179931640625,5.3,298.0,-0.9539569020271301,-0.8044834136962891,-0.9532366991043091,-1.2517099380493164,-0.7075548171997073,-1.168473303318024,-0.9179739356040953,-0.7859389781951904
1OGA_ABC_DE,1OGA,E,51,N,D,93,S,1.1147600269960842,,L,0.3230377075651973,0.3229650440428511,7.266352234619466e-05,18,20,-2,0.3479555999999999,0.6100699999999999,0.5691017093863985,-0.009052377850047005,0.0,0,0.23722457885742188,-2.7,298.0,0.5290793180465698,0.47059667110443115,-0.036232948303222656,-0.036505937576293945,0.2633328437805178,0.8007397651672363,0.6920442581176758,0.10059046745300293
1OGA_ABC_DE,1OGA,E,94,R,C,5,F,2.1612792666649274,,L,0.0299497773871027,0.0255072983026844,0.004442479084418301,24,24,0,-3.4025446,-3.1318111,-0.017360653536868442,-0.0381015164099239,1.0,0,11.598209381103516,-7.3,298.0,-3.586304783821106,-3.3008041381835938,-3.459475874900818,-3.5470030307769775,-3.5764800906181335,-3.5448612570762634,-2.7688162326812744,-3.4366084337234506
1PPF_E_I,1PPF,I,18,L,E,171,G,1.0028606617375955,,L,0.0,0.0,0.0,32,31,1,-0.11785366,-0.16571839500000002,0.3246356424291107,0.014517988234109797,0.0,0,,4.2,294.0,-0.09976138174533838,-0.0742247626185417,-0.14066053926944738,-0.17047342658042908,-0.1678862869739532,-0.08721993863582611,-0.0929869264364242,-0.1096161529421806
1R0R_E_I,1R0R,I,14,E,E,99,G,2.0604670627429025,,L,0.0593163934483449,0.0115305470071281,0.0477858464412168,28,27,1,-1.48655077,-1.5374410699999999,0.19490337371778088,-0.0018979689424493962,0.0,0,,-3.1,294.0,-1.2597677260637283,-1.5884899944067001,-1.7241226732730868,-1.9850945994257927,-1.460876315832138,-1.4363614171743393,-0.8627384305000305,-1.574955761432648
1R0R_E_I,1R0R,I,27,G,E,188,F,1.2963612350909357,,L,0.1268986779085668,0.0940314928423125,0.03286718506625429,25,24,1,-2.6831443,-2.1792936999999997,0.09543474075937458,-0.023685803000793204,0.0,0,,-3.1999999999999997,294.0,-1.54977536201477,-3.131087064743042,-3.262506365776062,-2.504096746444702,-3.394851803779602,-2.708738088607788,-2.2364845275878906,-2.6776163578033447
1REW_AB_C,1REW,C,55,Q,A,55,L,2.6573708661204076,,H,0.0109819189892572,0.0113283081778877,-0.00034638918863049914,24,25,-1,-0.3866480000000001,-0.4002289400000001,-0.20563723915359822,0.04077777722770198,0.5,0,-17.95217514038086,-7.3,298.0,-0.5316067337989807,-0.49170178174972534,-0.202364921569824,0.22730433940887496,-0.5121862888336182,-0.1317327022552489,-0.7709624767303467,-0.6799342036247256
1S1Q_A_B,1S1Q,A,43,N,B,64,E,1.210756199261406,,L,0.3437325086376433,0.3146629836358277,0.029069525001815644,17,15,2,-0.6849185000000002,-1.1429097999999995,0.04573615143135551,0.058677946337549386,0.0,0,0.757331848144533,0.0,293.0,-1.0063543319702148,-0.7339062690734863,-0.8849902153015137,-0.5698788166046147,-0.35330891609191895,-0.4894533157348633,-0.6379590034484859,-0.8034973144531254
1SMF_E_I,1SMF,I,2,T,E,193,W,2.058861248035071,,E,0.0160902835667065,0.0588112476832738,-0.0427209641165673,23,25,-2,0.21928593999999998,0.14881695,0.6319455785255089,0.003099719571893894,0.0,-1,-1.141666412353516,0.20000000000000007,300.0,0.47977021336555487,0.121807835996151,0.006005108356475802,0.2722927108407021,0.4321402311325074,0.0886467024683952,0.1376698240637779,0.21595473587512967
1SMF_E_I,1SMF,I,3,K,E,175,G,5.724672691392866,,L,0.0026915352897693,0.0040654673278272,-0.0013739320380579002,31,30,1,-0.75565037,-0.34613944399999996,0.4247854421622653,0.0189459460504596,1.0,0,,-3.5,300.0,-0.636266089975834,-0.4188453406095505,-1.1344848498702047,-0.6812489628791809,-0.7931627258658409,-0.5004887208342553,-1.1505352705717085,-0.7301710098981857
1SMF_E_I,1SMF,I,8,E,E,22,Y,1.0191501068131246,,L,0.3759272700791768,0.3925439330002626,-0.016616662921085767,13,11,2,-1.913884,-1.7284279000000002,1.4269890740289188,-0.05145873916511359,0.0,0,4.895233154296874,-2.2,300.0,-2.19540274143219,-2.031569004058839,-1.4189314842224117,-2.5442339181900024,-1.4383327960968018,-2.425795555114746,-2.135068893432617,-1.1217355728149414
1TM1_E_I,1TM1,I,39,T,I,37,I,2.6491821965802167,,E,0.004752785094931,0.0008142361122658,0.0039385489826652,28,27,1,0.43275090000000005,-0.08600530000000006,-0.8685836966600112,-0.010388773414303692,1.0,0,-5.036865234375,-5.2,298.0,0.09350705146789551,0.5283988714218144,-0.34678423404693626,-0.08830463886260986,1.1276886463165283,0.8394930362701416,1.4784243106842045,-0.17041468620300293
1TM1_E_I,1TM1,I,40,M,E,154,G,1.0272076276256512,,L,0.06899965967547,0.0430013408968028,0.025998318778667207,34,33,1,-1.66507616,-1.70309853,0.391732657995554,-0.0221088177607677,0.0,0,,2.3,298.0,-1.4444191232323647,-1.3048534244298935,-1.1426879316568375,-2.0385607406496997,-1.8103525638580322,-2.1060634329915047,-1.6753861457109451,-1.798286721110344
1TM1_E_I,1TM1,I,41,E,E,155,N,2.9880981051157702,,L,0.0207752524446374,0.0246237136805926,-0.0038484612359552008,26,28,-2,-2.7171962,-3.50744179,0.03871867407959251,5.4337899692391556e-05,0.0,0,27.37162399291992,0.0,298.0,-3.3341990560293198,-2.2955960631370544,-2.6587962731719017,-2.6074863225221634,-2.225966602563858,-2.4035957902669907,-3.0908526480197906,-3.1210787892341614
1TM1_E_I,1TM1,I,42,Y,E,62,N,2.5794003172045445,,L,0.197940152308081,0.1811543290222102,0.016785823285870805,23,21,2,-0.33775609999999995,-0.44741897999999997,1.2248895516515652,-7.542874555840906e-05,-0.5,0,2.810272216796874,2.2,298.0,-0.17612570524215698,-0.47250664234161377,-0.17371690273284912,-0.26771706342697144,-0.412985622882843,-0.4909041821956635,-0.3929111659526825,-0.31518203020095825
1U7F_B_AC,1U7F,B,140,D,B,69,H,2.780237853642562,,H,0.0112247316979996,0.0350289532732448,-0.023804221575245203,18,20,-2,-0.9356668000000001,-1.1293028999999999,0.5687846309204184,0.0334390669356347,0.5,0,11.029659271240236,-0.2999999999999998,310.0,0.012152552604675293,-0.8135741949081421,-1.510101199150085,-0.5208458900451656,-0.43623030185699463,-1.6631190776824951,-1.4385370016098022,-1.1150804758071897
1UUZ_A_D,1UUZ,A,62,H,A,91,P,1.7740327276755175,,L,0.3566117894337805,0.3490160059522447,0.007595783481535834,22,20,2,-0.6784172000000002,-1.3713151,-3.41437220881005,-0.09604987103012708,0.5,0,-17.740520477294922,-1.6,298.0,0.2768678665161133,-0.8444254398345943,-0.4043142795562744,-1.1378307342529297,-0.8587946891784659,-1.0507841110229492,-0.5262749195098877,-0.8817789554595947
1VFB_AB_C,1VFB,A,32,Y,C,24,S,1.528133111318533,0.8509648319333666,L,0.03122169155905,0.0365119290050647,-0.005290237446014697,20,22,-2,2.4659706,2.3317979,-0.09816207355950712,-0.0659654259514855,-1.0,0,11.055580139160156,-0.5,298.0,3.1948217153549194,2.6682451963424687,2.5008561611175537,1.250608444213867,2.295002341270447,3.020523190498352,2.614132881164551,2.1835772991180424
1VFB_AB_C,1VFB,A,92,W,B,31,G,3.0378472845590494,0.3064652561563855,L,0.1290774275765337,0.1201998928727448,0.008877534703788909,17,15,2,2.8824252,2.7358057999999996,-0.15440066649758655,0.0388269890510031,0.0,0,,-0.5,298.0,2.4797122478485116,2.9781064987182617,2.8480966091156006,3.3235901594161987,2.508417844772339,2.88444185256958,2.828756332397461,3.208283543586731
1VFB_AB_C,1VFB,B,100,D,C,119,D,3.005001188637171,0.9530876824425276,L,0.172918193961587,0.2000831560703803,-0.027164962108793295,22,20,2,-0.4343999999999999,-1.0685137,-0.34056555449321424,-0.08864171270418009,1.0,0,13.16864013671875,0.0,298.0,-0.15017974376678467,0.2656193971633911,-0.25718986988067627,-0.7574625611305236,-0.7267606258392334,0.12032437324523926,-0.355693221092224,-1.6138570904731755
1VFB_AB_C,1VFB,C,121,Q,C,120,V,2.8769973068420085,0.9169496673026039,H,0.001157761654245,0.0283905511568441,-0.0272327895025991,21,23,-2,0.9449342000000001,1.6485025,-0.06410931965902678,0.075807465591967,1.0,0,9.004951477050781,-7.7,298.0,2.747390627861023,1.5880206823349,-0.5370316505432127,0.34274947643279985,-0.7366071939468386,0.7821700572967529,2.163867592811586,1.2089145183563232
1VFB_AB_C,1VFB,C,124,I,B,101,Y,1.2314175678494845,,L,0.0264266604382162,0.0457624671233375,-0.0193358066851213,24,24,0,1.3684809699999998,1.38734584,0.44591255536270447,0.06924512271794392,-1.0,0,7.195789337158203,5.8,298.0,1.7819519639015198,1.564115941524506,0.6168883442878721,1.4050844013690948,1.5301360487937927,1.9592075943946838,0.7357559204101562,1.3547075986862183
1VFB_AB_C,1VFB,C,125,R,C,102,G,1.8368993808269287,,L,0.2593153856253631,0.2344371940809318,0.0248781915444313,12,13,-1,0.9352456,0.9933453999999999,-0.8583767339716194,0.04428884500863711,0.3333333333333333,0,,-4.1,298.0,0.6016095876693734,0.8795492649078369,0.5671155452728263,1.2984299659729002,1.3050353527069094,1.436853051185608,0.33533358573913574,1.0580401420593262
1XD3_A_B,1XD3,B,8,L,A,11,N,2.738442942437104,,L,0.0591013544535511,0.0418223332930708,0.0172790211604803,25,23,2,1.2519075999999998,1.6292449999999998,0.05151599091220671,-0.03306091462720051,-0.5,0,3.3156280517578125,7.3,305.0,1.1484287977218628,0.09098184108734109,1.520887017250061,1.1340116858482365,1.449926257133484,1.6399140357971191,1.6411024928092957,1.3900091648101807
1XGQ_AB_C,1XGQ,B,33,V,B,52,S,1.1525789787935092,,L,0.0123210609750353,0.0108483435769194,0.0014727173981159015,20,21,-1,-2.7910296999999997,-2.0260344000000003,-1.4391564028613169,0.011465344587497706,-1.0,0,-1.4273796081542969,5.0,298.0,-2.778918385505677,-3.037676453590393,-2.4967095851898193,-3.4592777490615845,-2.752764582633972,-2.19691801071167,-3.0463106632232666,-2.5596632957458496
1XGR_AB_C,1XGR,B,33,I,C,100,S,2.2602064692392574,,L,0.0,0.0,0.0,18,20,-2,-3.1060376400000003,-3.2199013400000003,-0.009200379154499672,-0.1208516641255108,-1.0,0,-12.15542221069336,5.3,298.0,-3.457953631877899,-3.4518519043922424,-3.2834041118621826,-3.146878719329834,-2.319245934486389,-2.6248759627342224,-3.2983904480934143,-3.26569926738739
1XGT_AB_C,1XGT,B,33,L,C,100,S,2.198891059077828,,L,0.0,0.0,0.0,19,17,2,-3.8398103499999996,-3.8729085,-0.4461354121317206,-0.12606081376372466,-1.0,0,1.8937301635742188,4.6,298.0,-3.7948648929595947,-4.0445268750190735,-3.8909122347831726,-3.9894142150878906,-3.498483419418335,-3.867768168449402,-3.848990797996521,-3.783520996570587
1XGU_AB_C,1XGU,B,33,F,B,52,S,4.060660828476691,,L,0.0,0.0,0.0,19,20,-1,-2.1263306,-2.8037196,-0.4629016295264153,-0.0017072307397519026,-1.0,0,-7.736400604248047,3.5999999999999996,298.0,-2.3303252458572388,-2.259649872779846,-2.3675023317337036,-1.4981262683868408,-1.5931487083435059,-2.2939707040786743,-2.639317035675049,-2.028605222702027
1Z7X_W_X,1Z7X,W,261,W,W,318,W,1.3353555091961204,0.9930255101262047,E,0.0617758766838476,0.0455593919642831,0.016216484719564495,23,24,-1,-0.34303380000000017,-0.9055779999999998,-0.9889272375659612,-0.004582180603623198,0.0,0,32.12731170654297,0.0,298.0,0.273909330368042,-0.1497058868408203,-1.837855339050293,0.14904403686523438,0.2541041374206534,-2.0306315422058105,-0.5703635215759277,1.1672310829162598
1Z7X_W_X,1Z7X,W,263,W,X,117,V,2.2114274623341164,,L,0.0740946169041249,0.0644887347206276,0.009605882183497297,25,24,1,-3.1354977,-4.2549219,-1.3849692105551177,-0.15505186269411003,1.0,0,7.095523834228516,-5.1000000000000005,298.0,-4.048953890800476,-3.354204297065735,-2.7167453765869145,-1.8201285600662227,-2.551810383796692,-3.236545145511627,-4.26646214723587,-3.089128255844116
1Z7X_W_X,1Z7X,W,287,E,X,42,V,1.320732873103489,,E,0.1555716344097911,0.1290325562673938,0.02653907814239731,18,16,2,1.9396050999999999,1.5163943,0.0016201093957836088,-0.1510737160696578,0.0,0,1.417205810546875,-7.7,298.0,2.409338116645814,1.1066416501998901,1.989959716796875,2.228906989097595,1.6433583498001099,1.232750415802002,1.9507745504379272,2.95510995388031
1Z7X_W_X,1Z7X,W,320,K,W,406,N,1.320732873103489,,L,0.1068296573880782,0.1146587259559665,-0.0078290685678883,23,22,1,-2.0548922,-1.3235156,0.19277120893324368,-0.045894808858781,0.0,0,-12.606475830078125,-0.3999999999999999,298.0,-1.5989549160003658,-1.904168605804443,-1.8036060333251953,-2.390544056892395,-1.7694036960601807,-2.596534252166748,-2.3602970838546753,-2.0156309604644775
1Z7X_W_X,1Z7X,W,375,W,X,85,L,1.6688123025080832,,E,0.1435766110024238,0.1651891484992781,-0.021612537496854295,23,23,0,-2.9205261399999998,-2.5946622,0.9864036056225294,-0.06699492236887059,1.0,0,-5.760528564453123,-4.7,298.0,-2.2571081817150116,-2.935685694217682,-3.9286438822746277,-2.131159782409668,-3.0773677825927734,-2.9249109625816345,-3.310918807983399,-2.7984135150909424
1Z7X_W_X,1Z7X,W,401,E,X,110,E,1.305740004630683,,E,0.17424898909013,0.1580304263685744,0.016218562721555613,19,21,-2,0.04560520000000001,-0.8574820000000001,-2.3794671319665794,-0.16846947251697192,0.0,0,-24.316516876220703,0.0,298.0,0.12616646289825462,-1.2751001715660095,0.46970939636230447,0.9878852963447571,0.7000202536582947,-0.4888104200363157,0.2514868974685669,-0.406516432762146
1Z7X_W_X,1Z7X,W,434,Y,W,436,I,5.953264042870864,,L,0.0121305440376078,0.0197962141842753,-0.007665670146667499,20,22,-2,-0.8997319699999999,-1.03424443,0.014524903852194404,0.028529126604527888,0.0,0,5.511909484863283,-5.8,298.0,-1.0033327639102936,-1.0839574337005615,-0.628462553024292,-0.8249455094337463,-1.0339704155921936,-1.0507003664970398,-0.9607700109481812,-0.6117163300514221
1Z7X_W_X,1Z7X,W,435,D,X,41,P,3.6607903964813246,,L,0.1779571202992242,0.1936800038073761,-0.015722883508151902,22,24,-2,-2.6182755999999996,-3.00917635,0.5952126140357445,-0.0606227751656479,0.5,0,-31.227340698242188,-1.9,298.0,-3.018378794193268,-2.1163716316223145,-2.651872456073761,-2.9494632482528687,-2.2109850645065308,-2.840614497661591,-2.441634953022003,-2.71688312292099
1Z7X_W_X,1Z7X,W,437,Y,W,377,A,2.6229603015683534,,L,0.0555500433317187,0.040299750503095,0.015250292828623703,25,25,0,-0.7937286000000001,-1.7258228999999998,1.7580106150761439,0.1018898996726742,0.0,0,,-3.1,298.0,0.08265686035156294,-0.19984316825866655,-1.0065250396728516,-1.4302952289581299,-1.4324367046356197,-1.0387794971466064,-0.2586331367492676,-1.065974593162537
2A9K_A_B,2A9K,B,65,E,B,45,K,3.1516228401257504,,H,0.1937186672678024,0.2043591514669276,-0.010640484199125194,20,21,-1,0.70442914,0.9530011999999999,-0.8453134118746518,-0.014836729881656602,0.0,0,-21.661918640136715,0.3999999999999999,310.0,0.9897321462631223,0.5236104428768158,0.7523800730705261,0.7913686037063599,1.1401266157627106,0.5436002016067505,0.5319402217864988,0.3626742362976074
2AK4_ABC_DE,2AK4,A,151,R,E,26,N,1.3667185414670637,0.2086792948179881,L,0.3436529212274086,0.3461546472487268,-0.002501726021318207,16,16,0,-0.2730169,-1.1375227,0.5828466015802544,0.00422920961560358,0.3333333333333333,0,-12.366401672363281,-1.0,298.0,-1.1486161947250366,-0.5255982279777527,0.3972105383872985,-0.41675376892089844,-0.291553735733032,-0.5227288007736204,0.04303479194641091,0.28086817264556885
2AK4_ABC_DE,2AK4,A,157,R,A,62,R,1.403360330923035,,H,0.2355437842570769,0.2201189184498751,0.015424865807201787,21,20,1,2.07166918,0.9765641,0.2922708604550571,-0.07119485391848812,-0.3333333333333333,0,-9.560516357421877,0.0,298.0,1.3304288685321808,2.812313511967659,1.499972075223923,2.500489056110382,2.1169828176498413,2.5533386170864105,2.3999050855636597,1.3599212765693665
2AK4_ABC_DE,2AK4,C,4,P,D,96,F,1.0959006384745251,,L,0.026344376511513,0.0142489171077664,0.012095459403746602,22,23,-1,4.14076874,4.2358633,0.2770862813151975,0.0781027256896615,0.0,0,4.623432159423828,-4.4,298.0,4.371182948350906,4.333412170410156,4.503804534673691,3.1995332837104797,4.571766301989555,3.411310166120529,3.919016808271408,4.816123425960541
2AK4_ABC_DE,2AK4,C,5,L,E,28,N,1.403360330923035,0.822526318997111,L,0.0062728180578216,0.0043230502237239,0.0019497678340977005,26,25,1,-0.44981659000000007,-0.49266616,0.017935976909278173,0.033570586517133516,-1.0,0,-3.4722061157226562,7.3,298.0,-0.08985003829002389,-1.3869165778160095,-0.46307879686355596,-0.20092743635177607,-0.4772900938987732,-0.4589410573244095,-0.47583682835102087,-0.045692235231399536
2AK4_ABC_DE,2AK4,C,7,Q,E,27,H,1.403360330923035,,L,0.027708024315314,0.033395519731125,-0.005687495415811001,28,27,1,-1.2641848999999998,-1.8914876999999999,0.13976249905808347,-0.05787969074655139,-0.5,0,-5.277519226074219,-0.2999999999999998,298.0,-1.2854071855545044,-0.7998034954071045,-1.6069107055664062,-1.7020527124404907,-1.248572826385498,-1.4811720848083496,-0.8035988807678225,-1.1859616041183472
2AK4_ABC_DE,2AK4,D,98,N,E,92,P,1.403360330923035,,L,0.0056771109850107,0.0028385270230873,0.0028385839619234,24,24,0,-2.3988753,-3.0347923,-0.4518749939293623,-0.050567458577293695,0.5,0,-30.02768898010254,-1.9,298.0,-1.9432926177978516,-2.6010918319225307,-1.9693483710289001,-2.2731984853744507,-2.9261527657508855,-2.862128347158432,-2.1322881877422333,-2.4835036993026733
2AW2_A_B,2AW2,B,22,Y,B,7,E,1.8842400174523888,,E,0.1571157833788595,0.1588510458796019,-0.0017352625007423794,25,23,2,-0.34259656,-0.16966394999999998,-1.325058050832281,-0.05290579946085261,0.0,0,6.179786682128906,2.2,298.0,-0.2209450900554657,-0.4917930215597153,-0.3015370815992356,-0.41744279861450195,-0.5469497740268707,-0.2535570114850998,-0.16208472847938538,-0.34646303951740276
2AW2_A_B,2AW2,B,35,V,A,90,L,1.0959006384745251,,E,0.0562196104114576,0.0624126636582684,-0.006193053246810798,22,20,2,-0.8256151999999999,-0.25722279999999986,1.335166531530328,-0.012746913083847206,0.0,0,-26.626480102539062,0.40000000000000036,298.0,-1.5104745030403137,-0.8208283185958867,-0.3374032974243164,-1.214953362941742,-0.7677240371704102,-1.238950252532959,-0.50089430809021,-0.21369409561157227
2B42_A_B,2B42,A,357,H,A,362,G,1.6212374728821843,,L,0.115510648295963,0.0989499013141976,0.016560746981765392,25,26,-1,-3.877613806,-3.24397733,-0.8340804763214495,0.08414358649292669,0.5,0,,-2.8000000000000003,295.0,-2.9766817539930344,-4.190343603491783,-3.875546090304851,-4.267969340085983,-4.01958055794239,-3.955628603696823,-4.28056426346302,-3.454595886170864
2BNR_ABC_DE,2BNR,A,66,K,A,72,Q,1.6885781242920541,-0.09624154412630512,H,0.0421557444226159,0.0275845647840652,0.014571179638550702,26,27,-1,1.2043845,0.7745352999999999,-0.25277684002040357,0.006283883253776101,-0.5,0,6.1388702392578125,-0.3999999999999999,298.0,0.7534562349319465,0.22461068630218484,1.5037270784378052,0.9489656686782837,1.6341986060142517,1.3802520632743835,1.4676393866539001,1.7222270965576174
2BNR_ABC_DE,2BNR,A,73,T,A,69,A,1.2844846939463561,,H,0.0,0.0,0.0,25,26,-1,-1.0983899,-1.0444898999999999,-0.06867487699644004,0.018870083202750187,1.0,0,,-2.5,298.0,-1.3753073066473007,-0.8636321425437927,-1.0568985342979431,-1.4111242890357971,-0.6094335615634918,-0.8312620520591736,-1.5026768445968628,-1.1367851495742798
2BTF_A_P,2BTF,P,59,F,P,125,K,1.5950260239100018,0.45985000018682237,H,0.1215832612698351,0.1124710461684898,0.0091122151013453,20,21,-1,-0.016186100000000092,0.10994349999999997,-0.6646137460938268,-0.013688290292974081,0.0,0,-23.372207641601562,6.699999999999999,298.0,-1.0324156880378723,0.05655121803283736,-0.26153647899627663,0.15456295013427823,0.4939814805984495,0.07501602172851607,0.8926918506622321,-0.5083403587341309
2FTL_E_I,2FTL,I,15,K,E,171,S,10.28976577795631,,L,0.0013087171805378,0.0011513228372002,0.00015739434333760004,34,36,-2,1.9800854499999998,2.07682682,-0.4701708831323934,-0.0493858652327812,0.0,0,-5.706600189208984,-3.0999999999999996,295.0,1.9645838737487797,2.3171098232269287,0.9041397571563721,2.119808614253998,1.5870841145515442,2.128394603729248,2.915272533893585,1.9042912125587463
2FTL_E_I,2FTL,I,18,I,E,192,W,4.969061230435361,,E,0.027512529995354,0.031945656322425,-0.004433126327070998,26,26,0,-0.002189519999999945,-0.13544029000000002,-0.3601746116801826,0.02870450078309361,-1.0,-1,-1.5770492553710942,5.4,295.0,0.14509600400924683,-0.11138427257537842,0.07120797038078314,0.25064450502395635,0.01115915179252619,-0.25874042510986334,0.17783725261688232,-0.3033363223075867
2FTL_E_I,2FTL,I,34,V,E,130,Y,4.049499266702131,,E,0.2373195519709061,0.2367243799355891,0.0005951720353170042,19,18,1,0.054998400000000114,0.20590710000000012,-1.1642197630811124,-0.0063617865419260955,0.0,0,0.6697235107421875,5.5,295.0,0.6787210106849673,-0.2883252501487732,0.5292502641677856,-0.6599922776222231,-0.24709206819534302,-0.20070064067840576,0.36756086349487305,0.2605651617050171
2FTL_E_I,2FTL,I,39,R,E,78,S,4.049499266702131,,L,0.4498816282013478,0.4324247577759844,0.017456870425363424,17,16,1,-0.9339646000000001,-0.5831305999999998,0.09876455141078572,-0.016906868910332495,0.0,0,27.745899200439453,-3.7,295.0,-0.8749415874481201,-0.8319517374038694,-0.9639022350311279,-0.7468845844268799,-1.228994250297546,-1.0724923610687256,-1.1589739322662354,-0.5935730934143066
2G2U_A_B,2G2U,B,53,Y,B,47,A,2.3007136524833776,,E,0.0047893208400045,0.0124367861929538,-0.007647465352949301,24,22,2,-0.43561521000000003,-0.38406169999999995,-0.2253761431152409,-0.005939159605422295,1.0,0,,-3.1,298.0,-0.4063728153705597,-0.5943513512611389,-0.6695259511470795,-0.4244841039180756,-0.31009262800216675,-0.19539645314216614,-0.4393913149833679,-0.44530740380287176
2G2U_A_B,2G2U,B,148,H,B,128,S,1.1184495656132085,,E,0.0197388438560277,0.0117805633302364,0.0079582805257913,19,20,-1,0.43455790000000016,0.1778211999999999,0.20047994125948793,0.018876164515560512,0.0,0,-7.2296600341796875,-2.4000000000000004,298.0,0.2149360179901123,0.9738616943359375,-0.7600493431091309,1.8251734972000118,-0.8728532791137691,-0.017570972442626065,1.643457651138306,0.46950864791870117
2GOX_A_B,2GOX,B,31,R,B,52,Q,1.8823314008138718,,H,0.1415774204728797,0.1044479441980744,0.037129476274805284,19,19,0,-0.704239,-0.17998570000000003,-0.47112489242609634,-0.05527694690143589,-0.6666666666666667,0,2.075714111328125,-1.0,298.0,-1.1701353788375854,-0.35376691818237305,0.07895594835281372,-0.45511841773986805,-0.42305493354797363,-1.0879305601119995,-1.2019799947738647,-1.0208824276924133
2GOX_A_B,2GOX,B,38,N,A,107,S,1.451005839075164,,H,0.024449111065453,0.0480933503030173,-0.0236442392375643,24,22,2,2.4358759,2.6754020400000003,0.17525073921782,-0.01624473309153998,0.5,0,9.92132568359375,-2.7,298.0,2.3678000792860985,2.9009211808443065,2.6358832865953445,2.2533821016550064,2.57594745606184,1.859756588935852,2.955983951687813,1.9373331815004349
2J0T_A_D,2J0T,D,2,T,A,78,A,4.387812204059009,,E,0.0024630023526529,0.0,0.0024630023526529,27,25,2,-1.5496526,-1.7556547000000002,-2.860744409588241,-0.0224563184200465,1.0,0,,-2.5,305.0,-0.684971272945404,-1.5427227020263672,-2.205034017562866,-0.8003920316696167,-1.7443137168884277,-1.8844184875488286,-1.9340755939483643,-1.6012929677963257
2J0T_A_D,2J0T,D,66,M,A,75,G,1.6804579784970595,,L,0.23750016652106,0.2295859936066704,0.007914172914389617,22,24,-2,-2.9014264300000003,-3.40803494,-2.003805212542564,0.028704834454432893,0.0,0,,2.3,305.0,-3.602901577949524,-2.7797950506210327,-2.9910138845443726,-2.875608265399933,-2.764968991279602,-3.066261410713196,-2.861928701400757,-2.268933415412903
2J0T_A_D,2J0T,D,68,S,D,69,V,2.1054297391793457,,H,0.063235889109478,0.0583549362335929,0.0048809528758851015,25,24,1,2.7189997,2.4529517,-0.17648022267663488,-0.0089210667963764,1.0,0,-1.7636032104492188,-5.0,298.0,2.772798538208008,2.640482783317566,2.660653591156006,2.957344114780426,2.767043888568878,2.6131850481033325,2.7576622366905212,2.58282732963562
2NYY_DC_A,2NYY,A,891,L,D,32,Y,2.589209962967786,,L,0.061830612733118,0.0410704807291258,0.020760132003992196,23,21,2,-0.5044701,-1.3059952,-0.7706716330647376,-0.011016038649568516,0.0,0,-27.579578399658203,5.1,296.0,0.5820879936218262,-1.4651103019714355,-0.9866615533828735,0.720608115196228,-1.9254277944564817,-0.7603696584701545,0.11418879032135032,-0.3150768280029297
2NYY_DC_A,2NYY,A,892,E,C,97,E,2.8391314691054594,,L,0.0774411204726182,0.1063056485467591,-0.028864528074140902,22,23,-1,-1.5543698,-2.86360964,-0.34584999495368934,-0.05819879510114809,0.0,0,9.842277526855469,0.0,296.0,-2.8093368411064144,-0.30431139469146706,0.04697132110595703,-0.7230998277664187,-2.8868791460990906,-2.816366553306581,-1.5242784023284919,-1.4176564812660217
2NYY_DC_A,2NYY,A,925,F,C,100,F,4.058501760948707,,L,0.0335310182104314,0.0336390511263707,-0.00010803291593930453,24,24,0,-0.021272100000000016,-0.14225659999999984,-0.2837418432469744,0.0013929996021871949,0.0,0,4.6454925537109375,0.0,296.0,-0.09523558616638161,0.45362997055053733,0.6369121074676514,0.046388745307922585,0.1928248405456543,-0.6236275434494019,-0.2587122917175293,-0.5223565101623535
2NYY_DC_A,2NYY,A,1035,T,C,95,G,1.630870693885671,,L,0.0688749266666305,0.041973345214508,0.026901581452122507,25,25,0,1.2877290000000001,1.3055146,-0.1684207749324691,0.031178631080296892,0.0,0,,-0.29999999999999993,296.0,0.8338007926940918,1.184844732284546,1.0448107719421387,1.1994190216064453,1.5762567520141602,1.522932767868042,1.6210083961486816,1.3187565803527828
2NYY_DC_A,2NYY,A,1036,H,C,32,Y,7.319427268768097,,L,0.0184862067969828,0.0220811345142916,-0.0035949277173088004,20,20,0,0.4576112,0.32710132999999997,0.26146188699156103,0.025438301674184705,0.0,0,-0.7285499572753906,-1.9000000000000001,296.0,0.3804425597190857,0.17699694633483887,0.2574441432952881,0.6742655634880066,0.3059208393096924,0.6671948432922363,0.5062371790409088,0.6923872232437134
2NZ9_DC_A,2NZ9,A,890,N,C,96,N,2.160031290132344,,L,0.0125366585673925,0.0118641909389996,0.0006724676283928997,24,26,-2,0.93427506,1.40804208,0.5806907598175572,-0.07217976163524581,0.0,0,12.1846923828125,0.0,296.0,0.6451986730098724,0.5097664296627046,0.9054452925920486,1.563186600804329,1.406967669725418,1.318428248167038,0.5457479804754258,0.5794600695371628
2NZ9_DC_A,2NZ9,A,891,L,C,95,G,2.2799642665477884,,L,0.03120665639263,0.0285500556514787,0.002656600741151302,24,25,-1,3.3089795000000004,2.8252200000000003,0.038923787300151,-0.03341385976320921,0.0,0,,4.2,296.0,2.9865293502807617,1.8986217975616455,3.8441258668899536,3.352414131164551,3.0465283393859863,3.9181636571884155,3.9329216480255127,3.4925310611724854
2NZ9_DC_A,2NZ9,A,892,E,C,97,E,2.7703592680860214,,L,0.0663469442677564,0.0689996025055482,-0.0026526582377917884,21,23,-2,-1.6359871,-3.1191880000000003,-0.3565841056651762,-0.04739000591086967,0.0,0,-11.020523071289062,0.0,296.0,-3.021435678005219,-0.3974255323410032,0.3990778923034668,-0.688443064689636,-2.4450466632843018,-3.1323457360267644,-1.7647722959518433,-2.037503957748413
2NZ9_DC_A,2NZ9,A,925,F,A,1032,C,3.340438225057939,,L,0.0280036849903291,0.0155801496052913,0.012423535385037801,24,23,1,-1.6013434999999998,-1.2575102,0.2100315598321584,0.07516430027391391,0.0,0,5.929595947265627,0.2999999999999998,296.0,-2.0832899808883667,-0.7544355392456055,-1.2884882688522339,-1.2258682250976562,-1.6966885328292847,-1.7766776084899905,-1.7817542552948005,-2.2035470008850098
2NZ9_DC_A,2NZ9,A,1035,T,A,926,N,2.3703813413548978,-0.15216729887098615,L,0.0325205569081984,0.0361531559102394,-0.0036325990020409996,25,25,0,-1.4823881,0.16005999999999965,-0.8498315884766949,0.04452359852795068,-0.5,0,2.6128387451171884,2.8,296.0,-0.9352116584777832,-2.3603285551071167,-2.990313768386841,-0.41668272018432573,0.03892850875854492,-1.8214259147644043,-1.7565089464187622,-1.6175618171691895
2NZ9_DC_A,2NZ9,A,1036,H,C,32,Y,7.419701127593354,,L,0.0209174204098128,0.023264029115884,-0.002346608706071198,20,20,0,0.1251065,-0.4330806999999999,-1.0076729114131442,0.022723788085838914,0.0,0,1.0690345764160138,-1.9000000000000001,296.0,-0.22532689571380615,-0.14163392782211304,0.023527145385741965,0.22337067127227794,0.27825528383254994,0.2856830358505247,0.32329338788986206,0.2336820363998413
2PCC_A_B,2PCC,A,197,V,A,193,A,2.101740090652802,,L,0.0154183672442851,0.0325129118075811,-0.017094544563295996,21,20,1,1.36719137,1.78816674,0.08894446244259957,-0.08972518370889371,0.0,0,,2.4000000000000004,298.0,0.9251387715339661,1.670857459306717,1.5452555119991302,1.399912178516388,1.7193191945552826,1.9175361692905426,0.8654618859291079,0.894049346446991
2PCC_A_B,2PCC,A,290,E,A,32,E,6.199777156615607,,H,0.4055461011046838,0.3819892897967993,0.023556811307884507,14,12,2,-0.28994070000000005,-0.5706245000000001,-0.37718351382949583,0.1699005601374196,0.0,0,-24.574623107910156,0.0,298.0,-0.23087704181671143,-0.4982419013977051,-0.7602110505104066,0.1126718521118164,-0.6023523807525637,-0.34821367263793945,0.1353590488433839,-0.12766003608703635
2WPT_A_B,2WPT,A,27,E,A,31,N,1.7331760686627418,-0.2590991581572307,H,0.1601804561913726,0.1625461874532338,-0.0023657312618611814,18,19,-1,2.1535469000000003,1.2651554000000003,0.059857233905934004,-0.010309674881505082,0.0,0,-2.9225463867187536,0.0,298.0,1.8430190086364746,3.590330958366394,2.3888351917266846,2.6032662391662598,1.9608168601989755,0.8887584209442141,1.7871949672698975,2.1661527156829834
2WPT_A_B,2WPT,A,34,V,A,50,I,3.80759418473735,,H,0.0,0.0,0.0,23,24,-1,0.39567443,0.25862319999999994,-0.3310979354145044,0.030786307150519582,0.0,0,6.9093017578125,-0.2999999999999998,298.0,0.4834928512573242,0.25090765953063954,0.455084890127182,0.528252184391022,0.4839687943458555,0.4556514620780946,0.5479589402675629,-0.03992140293121327
2WPT_A_B,2WPT,A,38,E,A,20,A,4.501153137793563,,H,0.0662632264752852,0.0676851969270965,-0.0014219704518113052,20,21,-1,2.7763269,2.23162106,-0.008474170193424335,0.0376132604218882,0.5,0,,-5.3,298.0,2.94223353266716,2.092040061950683,2.640303492546081,2.1414202451705933,2.8992205262184143,3.0808186531066895,3.1467369496822353,3.2678408473730087
2WPT_A_B,2WPT,A,47,S,A,46,G,2.4246162835990783,,H,0.0020346754868634,0.010528319591033,-0.0084936441041696,22,21,1,-1.15317227,-1.8141604999999998,-0.21952136120108512,-0.0335569943720713,1.0,0,,-0.4,298.0,-0.8151706755161287,-1.121611326932907,-1.1628189980983732,-1.5928029268980026,-0.7338310927152633,-1.222519040107727,-1.8500041663646698,-0.7266191989183426
2WPT_A_B,2WPT,A,48,D,B,70,S,5.214129786929024,-0.45693659990939217,H,0.1674450840473047,0.1820801151179127,-0.014635031070607984,18,19,-1,2.3625874,2.2535452,0.33558722795744933,0.0312601587504579,0.5,0,6.2014083862304705,-2.7,298.0,2.206722751259804,2.8730070739984512,1.943947196006775,2.1924679279327393,2.4707896411418915,2.401281461119652,2.2508070915937424,2.5616762191057205
2WPT_A_B,2WPT,A,51,Y,A,30,D,5.214129786929024,-0.7758555558295367,H,0.0192425586873389,0.0220018825516157,-0.0027593238642768005,24,24,0,-0.38431640000000034,-1.0303156999999998,-0.10355637742321466,-0.044328691020666694,-1.0,0,-12.315444946289062,2.2,298.0,0.7438323497772215,-1.0001240968704228,0.9045817852020268,-1.4818130731582642,-0.3841698169708252,-0.2623870372772217,-0.3039791584014897,-1.2904728651046753
2WPT_A_B,2WPT,A,52,Y,A,59,D,5.214129786929024,,L,0.2972600770774331,0.2704077549893888,0.026852322088044334,18,18,0,0.5061563999999998,0.07968510000000006,-0.3547045523819004,-0.05345440987626557,0.0,0,0.8323898315429688,2.2,298.0,0.9186786413192749,0.4497969150543213,-0.1532186269760134,0.6766830682754514,0.4790084362030027,1.0940704345703125,0.288205742835999,0.2960277795791626
2WPT_A_B,2WPT,B,68,N,B,71,S,1.251038131995906,-0.09516641326410087,H,0.0042335204200204,0.0067159776708063,-0.0024824572507859003,26,26,0,3.0878457,3.2039644,0.24822256858238534,0.018349371306997986,1.0,0,17.576408386230472,-2.7,298.0,3.1176530122756962,2.95890074968338,3.5493706464767456,2.764172613620758,3.4117540121078496,2.861398339271546,3.5725859999656677,2.466929912567138
3AAA_AB_C,3AAA,A,252,R,A,245,T,2.99519442174352,,L,0.0170370634768612,0.0536975008516919,-0.0366604373748307,18,16,2,0.9711422,0.5800326999999998,-0.47162344993789324,0.034248233174982906,0.3333333333333333,0,1.1022377014160156,-3.8,293.0,1.4918178915977478,1.164160966873169,0.7516655921936035,0.9590173959732056,0.4187847375869753,1.1315526962280273,0.8288494348526001,1.023289144039154
3AAA_AB_C,3AAA,A,258,R,B,138,D,2.2071155180453785,,L,0.384715047603061,0.3990838836731876,-0.014368836070126567,13,13,0,1.702462,1.1013317,-0.024332394832150606,0.1939009428611937,0.0,0,-9.021339416503906,-1.0,293.0,1.197618246078491,2.0556334257125863,1.460361242294311,1.49132239818573,1.6296589374542236,1.625171422958374,2.107993602752686,2.0519361495971684
3AAA_AB_C,3AAA,C,7,W,C,10,K,3.330200571862061,,H,0.0246584615996277,0.0310498777239804,-0.006391416124352699,24,25,-1,0.21029229999999988,0.044996500000000106,-0.20478436684405132,-0.006883055732591126,1.0,0,-4.453834533691408,3.0,293.0,0.7790695428848267,0.07902610301971413,-0.7979162931442261,-0.8254317045211799,1.1307082176208498,0.5050672292709353,0.49213242530822754,0.3196839690208435
3AAA_AB_C,3AAA,C,43,D,A,246,T,5.036890053552191,,H,0.0186926059791154,0.0028862343364138,0.0158063716427016,25,25,0,0.42587019999999987,-0.15921680000000027,0.17131603314124344,0.11228038802841261,-1.0,0,-7.362663269042969,-2.8,293.0,-0.2843844890594478,1.060640811920166,0.28305649757385254,1.1346755027770992,0.9366526603698726,0.39284539222717285,-1.048797845840454,0.9322745800018302
3B4V_AB_C,3B4V,C,49,L,C,190,T,3.5789691628886766,,H,0.0,0.0,0.0,21,23,-2,0.5484978,0.54625395,0.10568388655775574,0.0303902679731331,-1.0,0,7.4300804138183585,4.5,298.0,0.5956240445375444,0.5278651192784309,0.6434100568294525,0.5446178168058396,0.6543679758906364,0.5620648115873337,0.4125552326440811,0.44747713208198553
3B4V_AB_C,3B4V,C,52,F,C,48,N,3.848450843750125,,H,0.1495558425123634,0.131860748736223,0.017695093776140397,22,21,1,0.4338291000000001,1.0468204,-0.2455452431592121,-0.058476675484887025,0.0,0,-1.5477256774902344,6.3,298.0,-0.044540405273437944,0.3732748031616211,0.23822498321533203,0.4441071748733527,0.38802194595336914,1.151968240737915,0.775031566619873,0.14454412460327148
3B4V_AB_C,3B4V,C,53,L,A,24,W,3.391638413012278,,L,0.0011521818393364,0.00123386529065,-8.168345131359992e-05,21,21,0,0.59112931,0.9080044500000001,0.6430793995260262,-0.072100320825149,-1.0,0,12.177047729492188,4.7,298.0,0.6229996383190155,0.7140182629227638,0.3844588845968247,0.4430932700634003,1.266356147825718,0.3918451070785523,0.5923995301127435,0.3138631582260132
3BK3_A_C,3BK3,C,28,I,A,93,Y,1.2609510009474219,,E,0.0474544023519793,0.0091388233707963,0.038315578981183,19,17,2,3.26500417,3.38748892,-0.22363467652509644,0.0387087491102138,0.0,0,0.09145355224609375,5.8,298.0,3.5651424527168274,3.7423003762960425,3.250346466898918,3.5544828325510025,3.7071923166513443,2.995573505759239,3.1364457458257675,2.1685488373041153
3BN9_B_CD,3BN9,B,91,D,C,32,Y,6.695209993104953,,L,0.1063448382481754,0.1057695269181296,0.0005753113300457913,23,21,2,1.0953961700000001,0.3808457,0.06789688149477369,-0.011755347143918987,0.0,0,-9.191410064697266,-2.2,298.0,1.4378216266632078,1.69305445253849,0.3967693448066712,0.39543658494949346,1.3401502892374992,1.5750896632671356,1.5619459301233292,0.36290085315704346
3BN9_B_CD,3BN9,B,92,F,B,215,G,6.695209993104953,,L,0.0392590626187145,0.0048265228052372,0.0344325398134773,19,20,-1,-1.25252972,-2.1449744600000002,0.3149466214243949,-0.0683435170162407,0.0,0,,3.1999999999999997,298.0,-1.8515684604644775,-0.9454704374074936,-0.8595636337995529,-0.8048853427171708,-2.198052853345871,-0.9164386764168739,-1.5527114272117615,-0.8915472254157069
3BN9_B_CD,3BN9,B,93,T,B,214,D,1.1320525192864097,0.5662113758332921,L,0.1726998055723471,0.1645747692810505,0.0081250362912966,21,19,2,2.35418614,2.1488893,0.10847313000191017,-0.09047681708536848,0.0,0,-14.12646484375,2.8,298.0,1.996618002653122,2.4584224820137024,2.091386929154396,2.8675150275230408,1.9813264310359955,2.5831116884946828,2.3507541120052338,2.504355788230896
3BN9_B_CD,3BN9,B,141,Y,D,103,Y,1.0846522945473152,,L,0.2242429051344949,0.2225000762672636,0.0017428288672313164,17,16,1,0.6316663399999999,0.31285576000000004,-0.1761975159994329,-0.028602216771129618,0.0,0,-9.437118530273438,0.0,298.0,1.0596577525138855,0.9668200612068176,1.072452425956726,-0.1092064380645752,0.9722744226455688,0.8284061253070829,0.20840513706207264,0.05452185869216919
3BN9_B_CD,3BN9,B,169,Q,C,92,G,2.5089841145082503,,L,0.065891662211423,0.0578794899689205,0.008012172242502495,20,22,-2,3.1596971000000003,2.9013106,-0.1681064451540304,0.07056098586110571,0.0,0,,-3.1,298.0,2.9377304315567017,2.6881279945373535,3.3017191886901855,2.807945489883423,3.1975165605545044,3.2815425395965576,3.159205436706543,3.9037857055664062
3BT1_A_U,3BT1,U,55,L,A,15,N,1.0918021206051756,,L,0.0021245751258542,0.0231072730500093,-0.0209826979241551,22,24,-2,0.51558733,0.5265481999999999,2.207272875749049,-0.034830058520114504,-0.5,0,33.26261901855469,7.3,293.0,0.11802673339843772,0.7211260199546816,0.7497536540031431,0.6066137552261353,0.8026215434074402,0.3887158036231996,0.3901049494743347,0.347736656665802
3BT1_A_U,3BT1,U,66,L,U,29,V,1.3532036802006713,0.7035399908517378,E,4.421736579200966e-06,0.000712678528399,-0.0007082567918197991,24,23,1,0.17381400000000002,0.28606306000000004,-0.5815914381585019,0.0018994260922401973,0.0,0,8.929389953613281,-0.40000000000000036,293.0,-0.05239841341972351,0.2515350580215454,0.30599641799926763,0.34518593549728394,0.2772049307823181,-0.08233204483985901,0.21518206596374512,0.13013747334480286
3BT1_A_U,3BT1,U,138,D,U,31,L,1.2736824855139126,0.3074676070127925,E,0.1230044107323424,0.117064565600337,0.005939845132005406,20,21,-1,0.44678299999999993,1.2541012400000002,-1.2377304152712532,-0.013491805832372722,0.5,0,-12.626983642578125,-7.3,293.0,1.1024694442749023,-0.6372989416122439,-0.08678627014160156,1.2821599543094635,-0.19683027267456066,1.4806188941001892,-0.6837465167045595,1.3136771321296692
3BT1_A_U,3BT1,U,139,D,U,50,K,1.0304558913733406,0.6311675639260735,L,0.0929750437889364,0.0984363704626954,-0.005461326673759009,22,22,0,0.1526622999999998,-0.6031371000000001,-1.1708007099350433,-0.23925135645360243,0.0,0,16.731185913085938,0.3999999999999999,293.0,1.0510756969451904,-0.013445854187011719,1.1595468521118164,-0.06103038787841797,-0.41141819953918457,-1.4194772243499756,0.7111043930053711,0.20494151115417436
3BT1_A_U,3BT1,U,148,L,A,18,F,1.6337906568727276,,L,0.000497002080822,0.0,0.000497002080822,21,22,-1,-0.10831322000000002,-0.09283472000000001,2.6620053491112703,0.021920299586835307,0.0,0,29.480201721191406,1.0,293.0,-0.2641607895493508,-0.09361924231052401,-0.013607069849967901,-0.11975689232349401,-0.25486616790294647,-0.01854231953620908,-0.052151054143905695,-0.049802049994468606
3BT1_A_U,3BT1,U,164,H,U,142,L,1.010716690711439,0.7110530067665946,E,0.0492059037535543,0.0370121742233236,0.0121937295302307,25,27,-2,0.2585398999999997,0.32867999999999986,0.01842130674907827,0.016196721689271693,1.0,0,-44.008094787597656,-7.0,293.0,-0.15166497230529785,-0.36374521255493164,-0.0028295516967773438,0.6532690525054932,-0.20614981651306152,1.7432217597961426,-0.042946815490722656,0.439166784286499
3BX1_A_C,3BX1,C,87,Y,A,125,G,1.2982354886678278,,E,0.0,0.0,0.0,31,32,-1,-0.28693312,-0.264507706,0.5828277087657208,0.012397859689333102,1.0,0,,-0.9,298.0,-0.2499408200383187,-0.320789895951748,-0.2065267264842987,-0.2946815341711045,-0.29630260169506073,-0.3292136043310166,-0.389053501188755,-0.2089559882879257
3C60_CD_AB,3C60,C,40,K,B,50,A,1.5937182868909552,,L,0.354464682658286,0.3525966415407268,0.001868041117559227,13,13,0,0.62778336,1.0173708399999999,0.35412137996798276,0.010041185504181982,0.0,0,,-5.7,298.0,0.8281052708625793,0.6495262384414673,-0.07030075788497925,0.10350704193115212,0.8260271549224856,1.0453575551509857,0.8671938180923462,0.772850751876831
3C60_CD_AB,3C60,C,66,V,C,62,Q,1.2496401340118868,0.8683452699720843,H,0.0012023671996021,0.0,0.0012023671996021,25,27,-2,2.0333534,2.14515885,-0.041878655428744915,0.030799951040390794,-1.0,0,-47.148002624511726,7.7,298.0,2.448170244693757,2.12392657995224,2.1120405197143555,1.5434246063232422,1.9254140853881836,1.9317808151245117,2.218841314315796,1.963225543498993
3C60_CD_AB,3C60,D,4,Q,B,48,Y,1.16627650370749,,L,0.0840098695479659,0.0482858120666588,0.035724057481307095,25,25,0,0.7918265,0.748456,0.6791636562131147,0.06230237115012191,-1.0,0,44.1164436340332,-2.2,298.0,1.1067280769348147,0.677100419998169,1.225456953048706,1.1368932723999023,0.6382782459259033,0.8020434379577637,0.2992081642150879,0.44890379905700684
3C60_CD_AB,3C60,D,5,K,B,28,N,1.152342056736818,,L,0.0939086183074119,0.0813911422793234,0.012517476028088503,24,22,2,-0.7497262,-1.1502788999999995,-0.3681371115578672,0.026317521424804202,-0.5,0,2.192646026611328,-0.3999999999999999,298.0,-0.4757356643676758,-1.293839693069458,-0.388671875,-1.0472340583801278,-0.455568790435791,-1.4802021980285645,-0.9508533477783203,0.09429335594177246
3C60_CD_AB,3C60,D,80,R,C,69,H,2.0255479833229444,0.3589455447812595,H,0.2429248395682161,0.2367374154188111,0.006187424149404985,21,19,2,1.0253889000000003,0.9573222999999997,0.8303120170167678,0.07392571640765822,-0.16666666666666669,0,7.6851348876953125,-1.2999999999999998,298.0,2.1359950304031377,-0.1999766826629641,1.923525333404541,-0.013823151588440163,1.0009875297546387,1.2333950996398926,0.9626917839050293,1.1603175401687622
3C60_CD_AB,3C60,D,87,T,C,58,Q,1.16627650370749,0.9628761147687216,H,0.1554331134098072,0.1155869748464628,0.0398461385633444,19,21,-2,1.6797572599999997,1.9189834000000001,0.533938025254497,-0.00998293030754388,-0.5,0,15.618087768554688,2.8,298.0,1.4723615050315857,1.9524825811386113,1.6494078040122986,1.7154651880264282,1.3940666913986206,2.0434017181396484,1.1878788471221924,2.022991955280304
3D3V_ABC_DE,3D3V,C,8,Y,C,7,V,3.4120593176270644,,L,0.1348110391711235,0.1182690819904561,0.016541957180667394,19,20,-1,-2.3223713,-2.4557645,-0.1564643121733138,0.010249518835685811,0.0,0,-6.1533355712890625,-5.5,298.0,-2.361979603767395,-2.396631896495819,-2.0276421904563904,-2.4626389145851135,-1.6644421815872192,-2.6964738368988037,-2.2104674577713013,-2.758694350719452
3D3V_ABC_DE,3D3V,E,30,E,C,4,G,2.6714933940266254,,L,0.1528806742461614,0.1539618241814473,-0.0010811499352859077,22,24,-2,0.5949725000000001,0.6803562000000001,-0.8641932944786068,-0.046981302872243,0.0,0,,-3.1,298.0,-0.0987983942031867,1.333496868610382,-0.030111670494079368,1.250840663909912,0.3348938226699829,0.18665361404418945,0.5373225212097168,1.2454832792282104
3D3V_ABC_DE,3D3V,E,97,L,D,96,G,2.6159944098140233,,L,0.0022198257633577,0.0477549295595904,-0.045535103796232705,19,20,-1,1.6249170000000002,2.29896664,-2.161909050072438,-0.08304678974342342,0.0,0,,4.2,298.0,1.1427634954452512,0.7253250479698179,2.335064291954041,2.7896452844142914,0.8887875974178314,1.1346293985843658,1.816235363483429,2.1668840050697327
3EQS_A_B,3EQS,B,3,F,A,36,I,5.556008252105314,,H,0.0098067976976524,0.0031752260170364,0.006631571680616,21,21,0,0.29089484,0.2746507000000001,0.18753363035928305,0.040137210164260695,0.0,0,-0.4804840087890634,-1.7000000000000002,298.0,0.3950608968734742,-0.02455657720565796,0.7027786374092102,0.4668724834918976,0.44913914799690247,0.17808979749679565,0.2969076633453369,-0.1371333003044129
3EQS_A_B,3EQS,B,7,W,A,33,G,6.407328502678618,,H,0.0400758031384274,0.0502539465385585,-0.010178143400131096,22,20,2,0.5184117399999999,0.39242036,0.5446148535625903,0.0340481975564397,1.0,0,,-0.5,298.0,0.1802178025245666,0.6221411228179932,0.4507272690534592,0.3255193680524826,0.8905921578407288,0.1844212412834168,0.9422167688608171,0.5514582842588425
3EQY_A_C,3EQY,C,3,F,A,74,L,5.658450760459924,,H,0.0079920773502006,0.0039976020877738,0.0039944752624268,21,20,1,-0.14998847000000004,-0.23336619999999997,1.0211829453128944,-0.04808341981637182,0.0,0,2.5204544067382812,-1.0,298.0,-0.9395485818386078,-0.5090659111738206,0.32880291342735296,-0.6800317764282227,0.21688437461853027,0.16053026914596558,0.300636351108551,-0.07811534404754644
3F1S_A_B,3F1S,A,33,M,A,251,L,1.2384257759478556,,H,0.0716486190066491,0.06267619846991,0.008972420536739092,19,19,0,-1.7064922,-2.2195347,0.4032783121225648,-0.1117903678993313,0.0,0,17.116844177246094,-1.9,298.0,-1.8234128952026367,-0.6536297798156738,-1.5383005142211919,-2.079087972640991,-1.6906664371490479,-1.9612348079681388,-1.7119810581207278,-2.1936240196228027
3F1S_A_B,3F1S,A,36,D,A,258,T,2.184505250292012,,L,0.285981564456922,0.281454832980037,0.0045267314768850375,15,14,1,-0.8507071,-0.9319073400000001,0.3235156231034648,0.03258432053927349,0.5,0,24.80139923095703,-2.8,298.0,-0.9097954034805297,-0.6554567813873293,-0.9775629639625549,-1.0788458585739136,-0.47059446573257446,-0.8145634531974791,-1.2961859107017524,-0.6026522517204285
3F1S_A_B,3F1S,A,202,Y,B,18,G,2.9947799767025427,,L,0.0955201489232203,0.1030399072327115,-0.007519758309491198,18,17,1,-0.81915881,-0.880882355,-2.2953257264975946,-0.0918488310466467,1.0,1,,-0.9,298.0,-0.5940920859575272,-0.746558964252472,-0.8814802169799807,-0.8861738741397858,-1.036128506064415,-0.8124535977840425,-0.7488089203834535,-0.8475750163197517
3F1S_A_B,3F1S,A,255,D,A,252,A,3.7592836036732393,,H,0.0565517877292396,0.0421691154749555,0.0143826722542841,19,19,0,0.5079803999999999,-0.16064239999999996,-0.1191687412322171,0.03423877773243009,0.0,0,,-5.3,298.0,1.9328727722167969,0.008043527603149414,1.0868264436721802,0.325451135635376,-0.4267604351043699,1.559746503829956,0.050762295722961204,-0.47310066223144553
3HFM_HL_Y,3HFM,H,33,Y,Y,100,S,6.035074832162014,0.2676595665844973,L,0.0,0.0016533083927418,-0.0016533083927418,20,21,-1,-2.7592383,-3.5012856,0.44735394086750874,-0.1653024740693434,0.0,0,-6.745197296142576,-0.5,298.0,-3.1658108234405518,-1.583950281143189,-2.525390386581421,-3.1699026823043823,-3.4101319313049316,-2.9927910566329965,-1.6123688220977783,-3.613560199737549
3HFM_HL_Y,3HFM,H,53,Y,L,94,W,3.2503791460482225,,L,0.1629610467559561,0.2103276411349629,-0.04736659437900681,19,18,1,-1.2483744999999997,-2.5068789,0.9433187675435706,-0.10255465905050731,-1.0,0,13.669158935546877,-0.4,303.0,-2.1839359998703003,-1.1500804424285889,-1.7929368019104004,-1.745138168334961,-0.737476706504822,-1.5554888248443604,-0.7235723733901978,-0.09836840629577637
3HFM_HL_Y,3HFM,H,98,W,H,31,S,5.510682238498383,0.17036148930942865,L,0.0708288790322843,0.0438600030833968,0.0269688759488875,17,18,-1,0.4811003999999999,-1.0112987999999996,-1.2728024596110787,-0.007427351179182917,0.0,0,-15.588239669799806,-0.09999999999999998,298.0,0.9545354843139648,0.7766098976135254,0.10569882392883301,0.942926406860352,0.7046225070953365,-0.3122518062591553,-0.32341933250427246,1.0000803470611572
3HFM_HL_Y,3HFM,L,31,N,Y,16,G,5.214129786929024,,L,0.0550871839590701,0.0475959410033063,0.007491242955763797,25,24,1,-2.1499388799999997,-2.27292185,0.3886641007536973,-0.04431297941907039,0.5,0,,-3.1,298.0,-2.509623073041439,-2.3044389337301254,-2.2182370126247406,-1.9641731530427933,-2.034445658326149,-1.9772579297423372,-2.186996214091778,-2.004339337348939
3HFM_HL_Y,3HFM,L,32,N,Y,63,W,5.10734458138055,0.31918654441973265,L,0.0,0.0442032460673061,-0.0442032460673061,23,25,-2,1.28676002,1.1732527,-0.7707055257802674,-0.15076819299504451,1.0,0,35.00429153442383,-2.6,298.0,1.740411400794983,1.28800767660141,1.2053340375423431,1.1050030291080475,1.600349485874176,1.2969175279140472,0.7886636853218081,1.2693934738636017
3HFM_HL_Y,3HFM,L,50,Y,Y,75,L,4.5575945560558555,0.70445583057791,L,0.0312138825963797,0.0401765757086765,-0.008962693112296798,20,21,-1,-1.6667168,-1.4240392999999998,-1.0358132420086503,-0.08937216647754531,0.0,0,-9.169498443603521,-5.1,298.0,-1.520269393920899,-1.8618826866149902,-0.9181838035583496,-2.50293505191803,-0.642424345016479,-2.0501023530960083,-1.3072686195373535,-2.5306681394577026
3HFM_HL_Y,3HFM,L,96,Y,L,91,S,2.7070443630284666,,L,0.0125682384279258,0.0270802937998186,-0.014512055371892799,22,24,-2,0.9133166999999998,1.0683594,-0.3530755806846839,-0.03560236093855468,1.0,0,-19.389816284179688,-0.5,298.0,0.7842743396759033,1.5276482105255123,0.789514422416687,1.4194601774215698,0.8306766748428347,1.1631622314453123,0.2475874423980713,0.5442098379135138
3HH2_AB_C,3HH2,C,47,F,C,46,L,1.324714368599027,,H,0.0230601814133685,0.0460827196362362,-0.023022538222867695,19,19,0,-0.6503584,-1.0218096,0.3076300281514998,0.006399614359270889,0.0,0,-14.309577941894531,-1.0,298.0,-1.3800231218338015,-0.5877656340599058,-1.1138750314712524,-0.09013378620147705,-1.7036365866661072,-0.7100574970245366,-0.20600587129592918,0.5886308550834654
3HH2_AB_C,3HH2,C,52,F,C,191,C,1.2722742268622604,,H,0.0427220893085584,0.0487681028185974,-0.006046013510039,19,21,-2,-0.44566287,-0.26048434000000004,-1.3760051328625331,0.07398546818946433,0.0,0,-12.642810821533203,0.2999999999999998,298.0,-0.8039678558707237,-0.4958784431219101,-0.3701978921890259,-0.44696277379989624,-0.6815008074045181,-0.1963039934635163,-0.34610620141029363,-0.2243850827217102
3KBH_A_E,3KBH,A,23,Y,A,15,N,1.811979372612353,,H,0.0616954902601356,0.0410951227808016,0.020600367479333997,21,20,1,0.57236333,0.5672244000000001,0.4426607372757071,0.0103113904768527,-0.5,0,-4.586181640625,2.2,298.0,-0.2650417387485504,0.7021616697311401,1.173971563577652,0.4621923565864565,-0.022972553968429565,1.471853107213974,-0.042129069566726685,1.0988708436489105
3KBH_A_E,3KBH,E,54,S,E,18,V,1.856501867976997,,L,0.0430691731202557,0.0433474980350862,-0.0002783249148305064,23,23,0,4.0802834,4.40973,-0.43247617127941423,0.03396669378454689,1.0,0,-27.665386199951172,-5.0,298.0,4.07046502828598,4.123649477958679,4.7351484298706055,4.47099244594574,3.5880191922187805,3.517788290977478,4.024427056312561,4.111776769161225
3KUD_A_B,3KUD,B,30,K,B,33,V,1.9530394314410333,,H,0.1488066223189364,0.1247729027732104,0.024033719545726,19,18,1,0.5611158,-0.36504650000000005,-0.47311321095545317,0.06664353038712778,0.0,0,-12.947120666503906,-8.1,298.0,0.5153849124908447,1.0123791098594663,0.5950876474380493,0.41608762741088867,0.06648790836334229,1.221903681755066,-0.36616039276123047,1.0277568101882937
3LB6_A_C,3LB6,A,100,K,C,114,W,5.811821878992469,,H,0.0306167712001664,0.0468090548086123,-0.0161922836084459,25,23,2,3.0415609999999997,2.5374214999999998,-0.4967137267707812,-0.03703207267222611,-1.0,0,-9.630058288574219,-3.0,298.0,3.326881766319275,2.9820974916219707,3.2970057129859924,3.0459817200899133,2.1248568296432495,3.10102516412735,2.8611734509468083,3.5934645235538487
3LB6_A_C,3LB6,A,101,K,A,97,L,2.544131860901994,,H,0.2596619197293779,0.2223715404524431,0.03729037927693482,17,18,-1,1.9244153400000001,1.6220037,-0.10148571303477438,-0.010381011172136606,0.0,0,12.584228515625,-7.699999999999999,298.0,1.8644598722457886,2.0218971967697152,1.9860589504241948,1.9733758568763733,2.108028113842011,1.9604912400245667,1.7921491861343384,1.6888600587844846
3M62_A_B,3M62,A,50,L,A,54,T,2.827996665486802,0.016682417900765995,H,0.1069939846377668,0.1313683733954977,-0.024374388757730903,20,21,-1,0.09679480000000007,-0.7252770000000002,-0.3596684604756629,0.042484410349356794,0.0,0,14.124225616455078,4.5,298.0,0.25364923477172807,-0.48009347915649414,-0.5975639820098881,1.2736668586730957,1.2195045948028564,0.742760419845581,-0.47038269042968794,-1.1671810150146489
3M62_A_B,3M62,A,102,G,A,106,V,1.2643252931128433,,H,0.0003758966254769,0.0010846372511995,-0.0007087406257226001,24,24,0,0.33769929,0.22202655000000002,-0.06482712070413499,-0.009101217333023992,0.0,0,,-4.6000000000000005,298.0,0.1795088946819306,0.2729203924536705,0.4543392732739449,0.3257072344422341,0.4702510833740235,0.28627706319093704,0.2616398558020592,0.45095070451498037
3M62_A_B,3M62,A,110,I,B,7,F,1.8531082387881839,0.9955214040992232,L,0.25125968476138,0.250980893952602,0.00027879080877801776,17,15,2,1.9423996999999997,1.7126998999999998,-0.39235326401059345,-0.2551405889916144,0.0,0,-6.791419982910156,1.7000000000000002,298.0,2.405606210231781,2.7764258980751038,0.6937986612319944,2.191096723079681,1.7283012866973877,1.4775851964950562,2.5293524861335754,1.737032294273377
3M62_A_B,3M62,B,45,S,A,149,T,1.278166680183457,,L,0.1195207460109406,0.1002332973538158,0.01928744865712481,19,17,2,-2.4568517000000005,-2.3393585000000003,-0.6222835268547189,0.15649771279368796,0.0,0,13.07257080078125,-0.10000000000000009,298.0,-2.3852782249450684,-2.3075971603393555,-2.5488545894622803,-2.1398704051971436,-2.4952118396759033,-2.8149152994155884,-2.1302921772003165,-2.832796335220337
3M62_A_B,3M62,B,48,V,B,47,K,1.0899489635249175,,E,0.2516714769381007,0.2459301451896212,0.005741331748479517,21,21,0,0.8275146999999998,0.38114780000000015,-0.5800298665910287,0.11120691119571635,0.0,0,-16.835449218749996,8.1,298.0,0.34670650959014937,0.45603489875793435,1.1491948366165161,0.971498966217041,1.1270540952682495,0.9993481636047363,0.5048707723617554,1.065409243106842
3M63_A_B,3M63,A,46,D,A,54,T,2.233205556064364,0.31123761067031563,H,0.1199864265871121,0.0929133330757349,0.027073093511377197,19,20,-1,-1.0788084000000002,-1.496144,-0.4366356893702117,0.04049298343336194,-0.5,0,2.32525634765625,-2.8,298.0,-0.3255969285964966,-0.6126965284347534,-0.45435672998428334,-1.5146219730377197,-1.4133425951004028,-1.4289264678955078,-1.1888421177864075,-1.6920846700668335
3M63_A_B,3M63,A,106,V,A,102,G,1.838115370315378,0.12465081399829436,H,0.0052886281409831,0.0019531938045881,0.0033354343363950004,24,23,1,-1.1726315200000001,-0.87524741,0.3583047040178531,0.016507261282200925,0.0,0,,4.6000000000000005,298.0,-0.8698107749223709,-0.9714048504829407,-1.3311374634504318,-1.4247825890779495,-1.3280229419469833,-1.2786016017198563,-0.7868913412094117,-1.3903997540473938
3M63_A_B,3M63,A,113,F,B,46,G,1.7907151455762835,,L,0.0343278432697573,0.0275282741623552,0.006799569107402096,20,19,1,-1.304766365,-1.43551143,3.2563193155868353,-0.02269876015235528,0.0,0,,3.1999999999999997,298.0,-1.2714844346046448,-1.1405206248164177,-0.9896693378686908,-1.405896268785,-1.8948321640491486,-1.3800305724143982,-0.987054668366909,-1.3686433434486391
3MZG_A_B,3MZG,A,167,H,A,17,H,1.6293401853076444,0.282953436295814,H,0.0192828398813426,0.0208517675057265,-0.0015689276243839,24,23,1,-0.3545288000000002,-0.06211639999999985,-0.1831604565465046,0.021181237443237494,0.0,0,-1.1345977783203125,0.0,298.0,-0.5957555770874028,-0.8239865303039551,0.17462372779846147,-1.1564998626708984,-0.6910507678985596,-0.09166002273559526,0.3482952117919922,-0.00019741058349609375
3MZG_A_B,3MZG,B,188,H,B,70,S,2.09321927209525,,L,0.0923592406197475,0.074022240220494,0.018337000399253497,18,20,-2,0.9250930000000002,0.15772889999999995,-0.11960401204626792,0.18696463099981409,0.5,0,-2.6096153259277344,-2.4000000000000004,298.0,0.701818585395813,1.133141756057739,0.7287721633911133,1.5358173847198495,1.5354536771774292,-0.08664703369140625,1.6393504142761233,0.21303915977478027
3NGB_HL_G,3NGB,H,47,W,H,60,Y,1.2021703956811993,0.5484261455424753,E,0.0220354145717452,0.0580184190756226,-0.0359830045038774,25,23,2,2.2511805,2.5963715999999994,0.07916989659963791,0.007871017531077024,1.0,0,-4.760345458984374,0.4,303.0,1.8178215026855469,2.9319782257080083,2.220261573791504,2.86275315284729,2.8508936166763306,2.492306709289551,0.868794202804565,1.9646334648132324
3NGB_HL_G,3NGB,H,56,G,G,312,D,1.2656103528731653,,L,0.0235196952854405,0.0182263496695324,0.0052933456159081,21,20,1,2.81802718,2.78669278,-0.752959790672495,-0.004042877545005097,-0.5,0,,3.1,303.0,3.111476182937623,3.652152121067047,2.706211745738983,2.3311436027288437,3.397900342941284,2.9317688792943954,1.6945750117301939,2.718987926840782
3NGB_HL_G,3NGB,H,58,V,G,310,T,1.3584279749994033,,E,0.0792621738812965,0.1215178340379323,-0.0422556601566358,24,23,1,1.2088327999999997,1.0783471999999998,-0.31523761280024054,-0.027677575145501093,0.0,0,13.075645446777346,4.9,303.0,0.994804859161377,1.4851311445236215,1.9322675466537476,1.3392056226730342,1.0793217420578003,1.2572020888328552,0.4049429893493648,1.1777846813201904
3NGB_HL_G,3NGB,H,72,R,G,324,R,1.6432171953097705,,E,0.148253348082775,0.1112504066821934,0.03700294140058159,23,21,2,-2.7292037000000002,-2.7242276,0.13125489050650363,0.01568700276895349,0.0,0,29.166641235351562,0.0,303.0,-3.443605899810791,-3.430437445640564,-3.3099260330200195,-2.074275493621826,-2.7419381141662598,-2.61115300655365,-2.22332763671875,-1.9989628791809082
3NGB_HL_G,3NGB,H,74,V,G,314,G,1.087913680060634,,L,0.1884489479369015,0.2089331776195872,-0.020484229682685706,19,20,-1,-1.499996405,-2.131068554,-1.1321017911133184,0.011551685361979092,0.0,0,,4.6000000000000005,303.0,-1.5953382328152657,-1.7492347434163094,-1.3747486397624016,-2.130985751748085,-1.1570117846131325,-1.4948107451200485,-1.1485082879662514,-1.3493337780237198
3NGB_HL_G,3NGB,H,104,Y,G,166,K,1.4235858297640938,,L,0.1796824388097654,0.1670170621551004,0.012665376654664995,17,16,1,-2.9845533,-2.1992348,0.29894300302529686,0.01127712298404987,1.0,0,8.222412109375,2.5999999999999996,303.0,-3.184723138809204,-3.8313559889793396,-3.418082892894745,-2.8675737977027893,-3.3392744064331055,-2.666089653968811,-2.74058598279953,-1.8287394046783447
3NGB_HL_G,3NGB,H,105,N,G,165,A,1.1185738219244732,,L,0.0568718554066168,0.0798189633226023,-0.022947107915985497,23,21,2,-0.29540920000000037,-1.2149185000000005,0.049168526676293345,-0.1817356087719939,1.0,0,,-5.3,303.0,-1.631231307983398,1.4313714504241943,-1.8901855945587158,-1.4232718944549552,1.5278157591819763,2.4851998686790466,-1.2228283882141113,-1.6401433944702148
3NGB_HL_G,3NGB,H,106,W,G,164,N,4.462500819429005,,L,0.0070517695475679,0.0118349195701861,-0.004783150022618201,24,23,1,-0.2621667000000001,1.9615843,-0.04741181460988764,0.020072150044696868,0.0,0,5.667594909667969,2.6,303.0,-1.3913310393691063,1.968702495098114,-0.895836591720581,-1.721926100552082,2.1855502128601074,1.0508878231048584,-1.5002081394195557,-1.7931703478097918
3NGB_HL_G,3NGB,L,87,Y,G,313,G,2.022787808114121,,L,0.0542618330255439,0.02409196874884,0.030169864276703904,22,22,0,-0.6662611,0.08904650000000025,0.08660622839349741,-0.0041218988725401084,0.0,0,,-0.9,303.0,-0.16612601280212447,-1.2838172912597656,-0.5815834999084473,0.37421190738678023,-0.9741742610931394,-1.1195564270019531,-1.053144931793213,-0.5258986949920652
3NGB_HL_G,3NGB,L,88,E,H,55,G,1.3199500457991684,-1.276658785621922,L,0.0518623614989659,0.0853981861914799,-0.033535824692514,25,23,2,-0.21909089999999987,-0.4102769999999998,-0.2222472619800261,0.0387114082951778,0.5,0,,-3.1,303.0,-0.5996788740158083,-1.2454953193664549,-0.05460977554321289,0.2758527994155886,-0.20274686813354492,-0.11581182479858398,0.5649189949035647,-0.3751554489135742
3NPS_A_BC,3NPS,A,138,H,A,213,G,1.875091378283826,,L,0.1210427667166262,0.0936819020993546,0.027360864617271594,27,25,2,-1.9366366,-2.1933914999999997,0.5195004744700803,-0.03844955982517681,0.5,0,,-2.8000000000000003,298.0,-1.5224864482879639,-2.1828359365463257,-1.4768555164337158,-2.16383159160614,-1.5857988595962524,-2.2042807936668396,-2.200503945350647,-2.1564990282058716
3NPS_A_BC,3NPS,A,141,Y,B,104,Y,1.7748733050669008,,L,0.1398000577249207,0.1399284935875418,-0.00012843586262109574,20,19,1,0.11396150000000005,0.5679021999999999,-0.5267763914794641,-0.03536900229435161,0.0,0,1.1012725830078125,0.0,298.0,-0.3231562376022339,-0.09051871299743652,-0.05944836139678955,0.46351420879364014,0.39087629318237305,0.20319849252700806,-0.06465566158294678,0.3918818235397339
3Q8D_A_E,3Q8D,A,131,R,A,90,Y,3.029624536637012,,H,0.0003846824980602,0.0387354981421229,-0.038350815644062695,22,22,0,-3.1647294,-3.0991367999999997,0.3352366943318134,-0.05372066397451922,1.0,0,27.66101837158203,-3.2,298.0,-3.1379851698875427,-3.7247891426086426,-3.589404135942459,-2.876600921154022,-3.2294195890426636,-2.617964506149292,-2.3816721439361572,-3.760000765323639
3QHY_A_B,3QHY,B,10,N,B,73,Y,2.2542547942896496,0.8008689981434107,L,0.1567681642259961,0.1561934018222868,0.0005747624037092947,25,25,0,-0.46417259999999994,-0.7324395000000004,0.07260109688328342,0.0229417602375801,0.0,0,-7.033226013183594,-2.2,298.0,-0.6687273979187012,-0.4161069393157959,-0.13628244400024458,-0.6345617771148682,-0.7955639362335205,-0.7696666717529297,0.20985102653503418,-0.5023236274719238
3QHY_A_B,3QHY,B,13,W,A,74,Y,2.862412983865089,,L,0.0687083406500625,0.1107636259162934,-0.04205528526623091,28,27,1,0.279922,0.4555308,-0.5377953294106175,-0.1310335355942115,0.0,0,-1.0893287658691406,0.4,298.0,0.7036867737770081,0.496667623519897,-0.1426464319229126,0.5027110576629634,0.17879092693328857,0.23653316497802734,0.12419629096984863,0.13943552970886208
3QHY_A_B,3QHY,B,91,D,B,244,S,1.8885446894993645,,L,0.2072934581069336,0.1919790568720057,0.015314401234927888,23,21,2,-0.5072722999999999,-0.5481995,-1.0344860938899458,0.050168366350650084,0.0,0,5.8751983642578125,-2.7,298.0,-1.1175880432128902,-0.7090845108032227,-0.0631191730499272,-1.127673625946044,0.21889019012451172,-0.7423596382141113,-0.8440725803375244,0.3268282413482666
3QHY_A_B,3QHY,B,151,Y,A,76,P,3.4220595225170123,,L,0.009438445572429,0.0066654846284355,0.0027729609439935002,26,24,2,-0.8532000499999999,-0.4247706,-0.10177061233319695,-0.0707333044423798,1.0,0,-30.992124557495124,0.30000000000000004,298.0,-1.0747148394584656,-1.175389289855957,-0.5641207695007324,-0.6820908784866333,-0.8059636354446411,-1.2352152168750763,-0.9451403021812439,-0.3429657220840452
3QHY_A_B,3QHY,B,166,D,A,73,D,3.4965384775158,,L,0.1017502054372819,0.1008637997213915,0.0008864057158903954,20,22,-2,3.12904265,2.6720412,0.3491342844860462,-0.016446919414799005,0.5,0,-1.6619224548339844,0.0,298.0,2.8728810995817184,2.67639696598053,3.2695980072021484,3.7075741589069366,2.650871843099594,3.628238804638385,3.5033653676509857,2.7234163135290146
3QHY_A_B,3QHY,B,168,Y,B,51,L,1.7426176859437081,0.8159894793034468,L,0.3859986194718042,0.3666240863418213,0.019374533129982885,19,18,1,-2.46837535,-1.1024439,0.6637178278611164,-0.11516813775918028,0.0,0,11.580642700195312,-5.1,298.0,-0.9983206987380981,-3.8256875574588776,-3.0034340620040894,-1.7738611698150635,-3.120434075593949,-2.4740810990333557,-2.654344916343689,-1.896839439868927
3QHY_A_B,3QHY,B,169,F,A,241,Y,2.0615439857216784,,L,0.1546399704811133,0.1371858979112238,0.01745407256988951,21,21,0,0.8794596,0.6101846,0.1517965089961859,-0.0028495446602315178,-1.0,0,3.175006866455078,4.1,298.0,1.0444782376289372,0.8876288533210754,0.8680579662323001,0.7640159726142883,0.848926305770874,1.349639117717743,0.21590101718902588,1.057029664516449
3QHY_A_B,3QHY,B,228,E,A,99,S,3.0115869999005174,,L,0.0212700504463766,0.0306354358968131,-0.009365385450436498,28,28,0,-2.6819339500000003,-2.57981915,0.04454055023514414,-0.013043888859150088,0.0,0,-13.05047607421875,-2.7,298.0,-2.279504284262657,-1.9453193545341492,-3.275147095322609,-3.105706036090851,-2.7719866037368774,-2.2277975976467133,-2.8923799097537994,-2.957630217075348
3QHY_A_B,3QHY,B,264,N,A,79,E,2.6946637029060385,,L,0.03189805950915,0.0112301548853945,0.0206679046237555,24,23,1,-0.7972004999999998,-1.0732810000000002,0.08638745767035172,-0.06591259087466189,-0.5,0,-19.271587371826172,0.0,298.0,-0.8464083671569824,-1.4441204071044922,-0.7106657028198242,-0.5702354907989502,-0.3305797576904297,-0.5784976482391357,-1.2261023521423349,-0.6709945201873779
3QIB_ABP_CD,3QIB,B,62,Q,C,26,T,1.7631666122988525,,L,0.0629190898286859,0.0678401875663299,-0.004921097737644001,19,21,-2,-0.2958653,-0.44075260000000005,0.5112204188966739,0.0983100308232876,0.0,0,4.778964996337891,-2.8,298.0,-0.6200304627418517,-0.45371198654174805,-0.07638669013977051,0.048816561698913574,0.09197819232940674,-0.6146665811538696,-0.6422789096832275,-0.10064196586608865
3QIB_ABP_CD,3QIB,B,67,E,B,74,D,1.82060413958121,0.8625190715930913,H,0.1514804198905843,0.1838257849994563,-0.03234536510887198,19,20,-1,-0.16801529999999998,0.4278455000000001,0.1364324121314301,0.034652513514839695,-0.5,0,-9.521240234375,0.0,298.0,0.313537120819092,-0.20078480243682928,-0.006298065185547097,0.40013742446899414,-0.8592039346694949,-0.1460694074630733,-0.3369543552398677,-0.508487343788147
3QIB_ABP_CD,3QIB,P,6,Y,C,91,T,3.1375929327345404,,L,0.0165700803991894,0.0174730472656229,-0.0009029668664334994,24,23,1,0.4953748499999999,0.20218780000000003,-0.07384255757533498,0.03693441260287561,0.0,0,-7.842449188232424,-0.6000000000000001,298.0,0.2276708483695984,0.29432034492492687,1.138522744178772,0.209678053855896,0.6445062160491943,0.7582071423530579,0.034212589263916016,0.6558798551559448
3QIB_ABP_CD,3QIB,P,8,K,C,92,G,3.1375929327345404,,L,0.0269376678255004,0.031288643673969,-0.0043509758484685974,22,21,1,0.6811867,0.055652400000000046,-0.09253064897316166,0.04210708021025189,1.0,0,,-3.5,298.0,0.043728351593017134,0.26416611671447754,0.513349294662476,0.762230396270752,1.8188760280609135,1.114773035049439,0.05663704872131303,0.8757331371307382
3QIB_ABP_CD,3QIB,P,11,T,D,101,T,3.1375929327345404,,L,0.0607522312655491,0.0765084572527218,-0.015756225987172703,24,23,1,2.94374075,2.9407890699999997,0.3906884887187868,-0.0121412755293768,1.0,0,-10.505626678466797,0.0,298.0,2.608858048915863,3.029730975627899,3.074013113975525,2.266455441713333,3.0336949825286865,3.2603231966495514,3.127734005451203,3.149116337299347
3S9D_A_B,3S9D,A,119,M,A,113,V,2.2883468932934,,H,0.0261272345308443,0.019302548814199,0.006824685716645303,26,27,-1,-0.8425898999999999,-0.9408454,-0.1282225862626426,0.017052567607766217,0.0,0,-1.3648757934570312,-2.3000000000000003,298.0,-0.8515877127647398,-1.4693904668092728,-0.4479679465293884,-0.9305955469608305,-0.5503803491592407,0.011742115020751898,-1.2704560905694962,-1.232082545757294
3S9D_A_B,3S9D,A,123,S,A,117,E,1.0992749306399467,,H,0.0141515833453291,0.0339356167455729,-0.019784033400243796,20,22,-2,0.99049626,1.3888857000000001,0.5498008597270599,0.02928146291233011,0.5,0,-1.0151214599609357,2.7,298.0,-0.26282086968421936,1.2318114042282104,0.7395238876342773,1.2441554069519039,0.2191253900527954,1.9033401012420654,1.3770478963851929,1.471786379814148
3S9D_A_B,3S9D,B,35,M,B,36,S,2.9984279900310615,0.5047645503524103,L,0.0336275119178408,0.0546272944078241,-0.0209997824899833,24,22,2,-0.04846679999999992,0.08775909999999998,-0.3623916864538731,-0.043978307019925916,-1.0,0,6.730533599853516,2.7,298.0,0.9706489443778987,-0.3557940721511841,0.05612766742706321,-0.9592592120170593,0.25633156299591064,-0.4622531533241272,-0.7280970811843865,0.8345601558685303
3S9D_A_B,3S9D,B,87,W,B,67,A,1.0477479528047113,,E,0.0267034746581519,0.0647714966874544,-0.0380680220293025,22,24,-2,1.9098799999999998,0.8941211999999998,0.4165149726864812,0.004477362652491684,1.0,1,,-2.7,298.0,2.6248788833618164,1.8338894844055176,0.5415036678314209,2.522970914840699,2.2587218284606934,0.7346799373626709,2.1047942638397217,2.6576027870178223
3S9D_A_B,3S9D,B,90,I,A,5,R,1.6418900904659794,0.6215919649341703,H,0.1914984637564581,0.1960206788245827,-0.004522215068124613,17,17,0,0.9374828000000002,1.1493939,-1.0594189356054038,-0.0751443335920747,0.0,0,1.6904220581054688,9.0,298.0,0.8495299816131592,0.906413197517395,1.0836516618728638,0.9748370647430422,0.823237419128418,1.325281620025635,0.8049194812774658,0.7319941520690918
3SE3_B_A,3SE3,A,55,Y,A,257,G,1.4966495837536624,,L,0.0972658806948419,0.1128952795454551,-0.015629398850613194,19,20,-1,-1.5702981299999998,-1.551712496,0.7512015473031344,-0.031029388710155786,0.0,0,,-0.9,298.0,-1.7118156030774119,-1.5418757423758507,-1.405813381075859,-1.5736177191138268,-1.2649165168404577,-1.8595982715487482,-1.4246326982975006,-1.780114986002445
3SE3_B_A,3SE3,A,223,F,A,222,A,1.4966495837536624,,H,0.0746593152155356,0.0716628381326583,0.0029964770828772996,24,23,1,-0.8353524999999999,-0.4172502,-0.6504998693265871,-0.021063132200073803,0.0,0,,0.9999999999999998,298.0,-1.2865349054336546,0.06897222995758057,-1.467029571533203,-1.149003028869629,-0.3080894947052002,-0.3562829494476316,-0.8228789567947388,-1.3619736433029175
3SE4_B_A,3SE4,A,55,Y,A,226,R,1.3635602050590228,0.3028001458566976,L,0.014513341574888,0.0359893056634402,-0.021475964088552197,19,21,-2,0.2309139,-0.25742339999999997,1.0961727352937451,0.036177022605164894,0.33333333333333337,1,-9.540683746337887,3.2,298.0,0.2826883792877197,0.024723172187805176,-0.5609828233718872,0.8019132614135742,0.3773865699768064,-0.22258830070495583,0.6433862447738643,0.5007847547531128
3SE4_B_A,3SE4,A,223,F,B,105,R,1.3635602050590228,,H,0.0153908451903083,0.0111569827857725,0.0042338624045358,24,23,1,-0.2211789999999998,1.2126081000000002,-1.3396087745648209,-0.067397710459604,-0.6666666666666666,0,-6.040988922119141,7.3,298.0,0.43074536323547363,-2.0338224470615387,-0.1130058765411377,0.3296148777008061,-1.0072848796844482,1.468714714050293,0.9045989513397217,-1.7489919662475586
3SE4_B_C,3SE4,B,31,L,C,39,S,2.727120410118045,0.2118100390989157,L,0.1271841515070136,0.1667471603118457,-0.0395630088048321,19,20,-1,-0.26033149999999994,-0.5181076,-0.8463618437530203,0.0033251021398358893,0.0,0,3.134105682373047,4.6,298.0,-0.5529444217681885,0.4834167957305908,-0.36596190929412775,0.12608784437179565,0.4304107427597046,-0.4281129837036133,-1.0610684752464299,-0.7144797444343565
3SE4_B_C,3SE4,B,134,K,B,137,F,1.787773345432283,,H,0.0623356140451579,0.0686886083199409,-0.006352994274783003,20,20,0,-0.46209420000000057,-0.8301761000000005,0.17140606610470144,-0.0505639603141855,0.0,0,-20.866310119628906,-6.699999999999999,298.0,-0.9125528335571294,0.688091516494751,-0.8575422763824463,-0.7081649303436284,-0.9384291172027588,0.1860957145690918,-0.9239487648010258,-0.23030519485473588
3SE4_B_C,3SE4,C,36,T,C,90,N,1.3635602050590228,,E,0.0183814114205112,0.0414007843631146,-0.023019372942603398,21,20,1,3.04849704,2.98658398,-0.13623610554098642,-0.004883463296149498,1.0,0,-7.0269775390625,2.8,298.0,2.514689207077026,2.693904161453247,3.4939117133617406,3.048401474952698,3.0671809017658243,3.4455024600029,2.6473231315612793,3.477063000202179
3SE4_B_C,3SE4,C,69,E,B,34,R,1.3822066234518382,,L,0.1021631586939914,0.0966616968908051,0.005501461803186294,21,21,0,0.8476994,-0.37790750000000006,0.20071075244983144,-0.026258335838407004,-0.16666666666666663,0,-13.934608459472656,1.0,298.0,1.5745272040367126,0.0969054698944094,1.068785309791565,-0.6620411872863772,0.8989352583885193,0.7049254775047302,1.290875196456909,1.8086814284324646
3SE4_B_C,3SE4,C,72,V,C,92,W,1.1648977215414433,,E,0.0021858821935158,0.0093731680468311,-0.007187285853315299,23,21,2,2.6396801,3.3006082,-1.2029477186175974,-0.026275276585416396,0.0,0,13.909755706787106,5.1000000000000005,298.0,2.7830610275268555,1.7585065960884094,2.5790901780128475,3.787348210811615,1.926201581954956,2.258091986179352,2.941405177116393,3.0837371945381165
3SE4_B_C,3SE4,C,95,I,B,20,H,1.208783474999111,,H,0.1793980401225879,0.1862716730154267,-0.0068736328928387935,18,17,1,1.6981862,1.6426886,0.07299410152622388,-0.010387455974035287,0.0,0,5.161109924316403,7.7,298.0,2.1579055786132812,1.7066923379898071,1.4843555688858034,0.8863261938095093,2.0119887590408325,1.6497248411178589,1.445556521415711,2.2429394721984863
3SE8_HL_G,3SE8,H,58,V,H,60,Y,1.2496848072761948,0.855848570866861,E,0.0691514343889664,0.0744768886112058,-0.005325454222239401,24,24,0,3.1824973000000005,3.4089678,-0.32259963055671304,-0.0013949067069912169,0.0,0,6.400989532470703,5.5,303.0,2.6491726636886597,4.075224757194519,3.8800869584083557,3.709028124809265,2.3974621295928955,4.009758830070496,2.0159406661987305,2.723304033279419
3SE8_HL_G,3SE8,H,72,R,G,277,N,2.6444616721842755,,E,0.1681826696530746,0.1948445966889384,-0.026661927035863786,23,21,2,-2.7026589000000003,-1.7169418000000003,-0.28085398201432293,-0.07329595043672468,0.3333333333333333,0,24.856910705566403,-1.0,303.0,-2.9137223958969116,-2.385280966758728,-2.8614505529403687,-1.628907561302185,-2.8387067317962646,-3.168835997581483,-2.3476645946502686,-3.4767045974731445
3SE8_HL_G,3SE8,H,115,F,G,325,G,1.0676040754519076,,L,0.0250973467887035,0.0277864956731751,-0.002689148884471599,23,23,0,-2.14389059,-1.8236676059999999,-1.8234911909455618,0.016704022632700877,0.0,0,,3.1999999999999997,303.0,-1.8705281838774679,-2.493127942085266,-2.050024077296257,-2.2389535307884216,-2.4728294759988785,-1.813959047198295,-1.9848401993513103,-2.226862281560898
3SE8_HL_G,3SE8,L,91,E,G,324,G,1.5134906568562332,,L,0.0484626874890426,0.0720968676817282,-0.023634180192685594,26,25,1,-0.5737844000000001,-0.7484637399999999,-3.122519275831417,0.021911369306373607,0.5,0,,-3.1,303.0,-0.7560161352157593,-0.25095278769731527,-0.4638351649045945,-0.5678645968437196,-0.8691106662154197,-0.70005714148283,-0.2469006031751633,-0.7355384156107903
3SE9_HL_G,3SE9,H,51,W,H,61,F,1.275694617776512,,E,0.0030152768012987,0.0278570364547998,-0.0248417596535011,26,24,2,2.29088007,1.7657642500000001,-0.04100103418075263,-0.009597394117233787,1.0,0,6.761009216308594,-3.6999999999999997,303.0,2.436689555644989,2.5035364329814906,2.40907746553421,1.6582342982292175,2.4427906274795532,1.4704131484031682,2.5360116958618164,2.870286643505097
3SE9_HL_G,3SE9,H,60,N,H,34,L,1.5217611539508715,0.5659996998544158,E,0.0051787029036619,0.0456587531351267,-0.040480050231464795,26,24,2,2.69065024,2.47036578,-0.10901427700100164,0.016057463666138583,1.0,0,25.7025146484375,-7.3,303.0,2.5791303366422653,2.5830134600400925,2.8650088608264923,2.3795065730810165,3.113368734717369,2.817113161087036,2.50176864862442,2.6862902492284775
3SE9_HL_G,3SE9,H,74,R,H,53,K,2.6792564759020507,,E,0.1485499851746476,0.1525627805765927,-0.004012795401945102,23,23,0,-1.823299,-1.8868285,-0.12179609297042193,0.03681430146502329,0.3333333333333333,0,8.401435852050781,-0.6000000000000001,303.0,-1.8434596061706547,-1.6835837364196777,-1.9434599876403809,-2.3952703475952157,-1.8496408462524414,-1.520904302597046,-1.3610596656799312,-1.989011526107788
3SF4_A_D,3SF4,D,8,W,A,44,A,3.0724518685925455,,H,0.0474802035351501,0.0489978957176193,-0.0015176921824691936,21,23,-2,-1.3626208000000002,-0.38640533999999993,-0.22276748730055063,0.10008336902917422,0.0,0,,-2.7,298.0,-1.7974522709846497,-1.71065154671669,-1.701141119003296,-1.6734808087348938,0.030446350574493408,-1.7762361764907837,-0.4588856101036072,-1.813565194606781
3SGB_E_I,3SGB,I,12,L,E,136,A,2.9315139160221024,,L,0.0250097869308848,0.0444472818908379,-0.019437494959953103,31,31,0,0.5047880199999999,0.55041947,0.1506802507738405,-0.014348129946617091,0.0,0,,1.9999999999999998,294.0,0.4135302007198334,0.49308621883392334,0.5626272708177567,0.608637347817421,0.2639404684305192,0.35052278637886053,0.6762180030345917,0.66974176466465
3SGB_E_I,3SGB,I,14,Y,E,13,R,1.9166607329129333,,E,0.1374928185978418,0.1305090702001847,0.006983748397657086,25,23,2,-0.5876191,-0.4680217,0.23429736832109826,0.003410428205650004,0.0,0,-8.832153320312502,3.2,294.0,0.10012304782867432,-0.09801101684570312,-0.9446849822998047,-1.1010564565658574,-0.43508648872375466,-1.0278707146644592,-0.22118163108825684,-0.9731844067573551
3SZK_AB_C,3SZK,C,41,Y,A,70,V,2.8309533180259474,,H,0.0264787606406442,0.0055647790319776,0.0209139816086666,24,23,1,-1.3843469000000002,-1.43055088,0.007526488286489608,0.018440329251246307,1.0,1,2.4253082275390625,-5.5,283.0,-1.4825077652931213,-1.4352073222398758,-1.768123872578144,-1.4424445256590843,-0.9233233407139776,-1.2219468802213669,-1.4603224247694016,-1.3408987820148468
3SZK_AB_C,3SZK,C,44,F,A,7,K,2.0892398074152148,,H,0.0377711817503261,0.0448872444459947,-0.0071160626956685985,22,23,-1,-0.11222319999999997,0.02831774999999992,0.2551890064844633,0.028877631646890306,0.0,0,-7.16721725463867,6.699999999999999,283.0,0.7056411504745483,-0.5060252249240875,-0.5480628311634064,-0.4413490295410156,-0.1351463794708252,-0.342878520488739,-0.014345943927764893,0.38438016176223755
3SZK_AB_C,3SZK,C,69,S,C,119,I,1.4373601088322667,,L,0.2256191421796244,0.231513382749043,-0.005894240569418618,21,23,-2,1.4742087,1.52257115,-0.003756699370821792,-0.06133826405994369,0.0,0,1.3843460083007812,-5.3,283.0,1.5361597836017609,1.3307243287563324,1.860623449087143,1.232730746269226,1.3610653281211853,1.5371853113174438,1.3046900629997253,1.6304906010627747
3SZK_AB_C,3SZK,C,70,T,C,66,N,1.3946948326973583,0.19393091638706325,L,0.017006828779726,0.0169063915999511,0.00010043717977490166,26,25,1,1.0487152999999998,0.5437986000000001,-0.24244454963888207,-0.0390769398072445,0.5,0,-16.572574615478512,2.8,283.0,0.7177486419677737,1.626133680343628,0.8909521102905273,0.33863377571105957,0.5929541587829585,0.7994561195373535,1.8240387439727783,1.5998072624206543
3U82_A_B,3U82,B,45,I,A,199,P,2.594977772908507,,E,0.0,0.0028571211820733,-0.0028571211820733,24,24,0,-0.86480143,-1.3805691999999998,-0.8590805024306502,-0.04509040399823827,0.0,0,-28.234914779663086,6.1,298.0,-1.0654540061950684,-1.1324673891067505,-1.6709927022457116,-0.7139908671379089,-0.4770698547363281,-0.31105408072471624,-1.039006531238556,-0.5083757936954498
4B0M_A_BM,4B0M,M,40,L,M,112,A,1.9081297781204276,,E,0.0,0.0006999345043468,-0.0006999345043468,22,22,0,0.3545745,0.3543145999999999,0.05115344813150746,0.02118682519988871,0.0,0,,1.9999999999999998,298.0,0.18876230716705344,0.564396381378174,-0.0038796067237856224,0.3323098719120026,1.3014206886291504,0.3045858144760132,-0.4877423644065857,0.6367424726486206
4B0M_A_BM,4B0M,M,99,P,A,9,L,1.9149198716922284,,L,0.0843881765396628,0.0422133537102256,0.04217482282943719,18,17,1,0.31490474,0.30955015999999996,-0.8462464728550824,-0.2628748953915859,0.0,0,19.855510711669922,-5.4,298.0,0.37392857670784,0.3869107663631439,0.2017857134342194,0.28939101099967957,0.41053706407547,0.2113941907882691,0.2396756261587143,0.40561503171920776
4BFI_A_B,4BFI,B,43,N,B,34,Q,2.31664788750155,,E,0.0459766345060641,0.0400822993051663,0.005894335200897806,25,24,1,0.623528046,0.8758998499999999,-0.1221516347756253,-0.0032556460861850878,1.0,0,18.9700927734375,0.0,298.0,0.38903950154781347,0.8378422409296036,0.731596738100052,0.44115149974823004,1.1031993925571442,0.8140172511339188,0.2675035819411278,0.4038738310337067
4BFI_A_B,4BFI,B,91,L,A,31,L,1.3066250921680522,,E,0.0220585690062599,0.0191742466316161,0.0028843223746438003,24,23,1,-2.41344113,-2.2146315000000003,0.5507341971307227,-0.005383438589730782,0.0,0,12.918121337890627,0.0,298.0,-2.2552810609340668,-2.7285315990448,-1.900840312242508,-2.2503746747970577,-2.3245934545993805,-2.605618000030517,-2.1842212080955505,-3.0580697506666183
4BFI_A_B,4BFI,B,95,F,B,29,L,2.076536854194484,,L,0.1703766333533939,0.1747701038435523,-0.0043934704901583965,20,20,0,1.9011730200000003,1.2829903200000001,0.08597710623114985,-0.010875137999570988,0.0,0,-26.847938537597663,-1.0,298.0,1.175233006477356,1.3767031431198122,1.270869791507721,3.591997489333152,1.0771501958370209,1.2965316250920298,4.008045978844166,1.4128519520163536
4CPA_A_I,4CPA,I,37,V,A,247,I,2.3244915342611265,,L,0.0,0.0016503395563054,-0.0016503395563054,25,27,-2,0.12000159999999993,-0.2280253000000001,0.307471649638996,0.039563172724525614,0.0,0,-20.866487503051758,-0.2999999999999998,298.0,0.3229376077651982,0.10055017471313521,0.49259710311889626,0.35969603061676025,-0.442349433898926,0.10154926776885986,-0.0880360603332524,0.1130681037902832
4CVW_A_C,4CVW,C,27,R,A,541,N,1.8279050023298664,,L,0.07722204917812,0.0740717211620144,0.0031503280161056108,18,19,-1,0.14847659999999996,0.35879050000000023,1.883204515418242,-0.027301410723927694,-0.16666666666666669,0,-7.583686828613281,-1.0,298.0,0.08289474248886097,-0.7685728073120115,0.5834079980850224,0.6668289899826048,0.48235464096069314,0.35365241765975963,-0.16105079650878884,-0.05170238018035889
4CVW_A_C,4CVW,C,31,R,A,565,G,2.076536854194484,,L,0.1273695118076618,0.1281364434511284,-0.0007669316434666118,20,18,2,-2.10507658,-2.97555322,0.6577027063203538,-0.0671054723709043,0.0,0,,-4.1,298.0,-2.8783415108919144,-2.0429319292306896,-2.53125,-1.3260404467582703,-1.2435079962015152,-2.9045983850955963,-2.3890451565384865,-1.5248978212475777
4E6K_AB_G,4E6K,G,5,L,B,72,Q,1.8834219908406342,,L,0.0556073739208166,0.050982523961328,0.0046248499594886,24,25,-1,-1.6430648,-1.2846529800000002,1.03979140033949,0.03296440907761741,-0.5,0,21.63003540039062,7.3,295.0,-1.3932874202728271,-2.2801748737692833,-2.029564902186394,-1.6668285429477692,-1.5321972742676735,-0.8661154359579087,-1.4463076144456866,-1.9300414919853215
4FTV_ABC_DE,4FTV,A,65,R,A,166,E,3.5060282681686816,,H,0.2470410047081997,0.2252193796468594,0.021821625061340305,20,20,0,-0.03342889999999965,0.039700999999999986,-0.4634333408955996,-0.02671025725052681,0.3333333333333333,0,-22.97602081298828,-1.0,298.0,0.9480657577514648,-0.9730874300003052,0.6092261075973506,0.09755992889404297,-0.32276463508605957,-0.7831320762634277,0.4964731931686406,-0.33977174758911133
4FZA_A_B,4FZA,A,213,Y,B,48,I,1.270214445054126,,H,0.0232324115191449,0.0223821016647503,0.0008503098543945972,20,18,2,1.01410176,0.6234777,-0.5581403117761665,-0.07507658861056166,1.0,0,-34.523226737976074,-5.8,298.0,1.094053715467453,1.3295238614082334,0.5676912665367126,1.1860018968582153,1.2958478927612305,0.7512288689613342,1.026155412197113,0.8623119592666626
4FZA_A_B,4FZA,A,217,R,A,218,Q,1.0274367577011738,,H,0.0252390979432017,0.0702715415094286,-0.045032443566226904,22,23,-1,-1.9590660000000004,-1.3574245999999999,0.0538445491208093,-0.02702038368740456,-0.16666666666666669,0,-2.4315414428710938,-1.0,298.0,-1.3313031196594238,-1.2899057865142822,-2.54665470123291,-1.482398509979248,-2.4608346223831177,-2.3359827995300297,-1.6638386249542236,-2.5616087913513184
4G0N_A_B,4G0N,A,37,E,A,41,R,1.8006412824586262,-0.35374444863725935,E,0.1488684616464222,0.1690094407617663,-0.0201409791153441,18,17,1,-1.2933369000000001,-1.4049456,0.006286080450557507,0.002828016403446404,-0.3333333333333333,0,-47.3211669921875,1.0,308.0,-0.16997838020324707,-1.8254637718200684,-0.3254518508911133,-1.20886206626892,-2.7365004420280457,-0.2700474262237549,-1.3127559423446655,-2.497636556625366
4G0N_A_B,4G0N,B,15,T,A,39,S,1.8284227873616987,0.30032117756763216,E,0.0155576908057652,0.0207890173343684,-0.005231326528603201,24,22,2,-0.1722437000000001,-0.7894627999999999,0.2616571910609038,0.0077800990331693964,-1.0,0,-2.5925521850585938,0.10000000000000009,303.0,-0.0881187915802002,0.21674394607543945,0.22749745845794678,-0.14034175872802734,-1.1987638473510742,-0.11753106117248535,-0.30318140983581543,0.02574634552001953
4G0N_A_B,4G0N,B,31,K,A,25,Q,2.200238060095798,,H,0.3160921943466954,0.3356617705128644,-0.019569576166169,15,15,0,1.8181311999999998,1.4500552,0.07515763169423441,0.10345369766755028,0.0,0,-17.91366577148437,-0.3999999999999999,298.0,1.2112107276916495,1.7766613960266113,1.4766054153442383,1.563453197479248,1.9797320365905762,2.9289612770080566,1.6237096786499023,1.9847140312194824
4HFK_A_BD,4HFK,B,22,R,B,18,W,1.3915088644819469,,H,0.0324824264479058,0.0044087374039823,0.028073689043923496,27,26,1,1.4899201999999998,-0.09337280000000003,1.077563110048007,0.00016983821086000161,0.3333333333333333,0,-0.1785430908203125,-3.6,298.0,0.5045928955078129,0.8255395889282231,0.7605900764465328,3.277721732854843,2.5527410805225372,0.13275384902954102,0.5876319408416748,3.2777905464172368
4HFK_A_BD,4HFK,B,45,L,B,43,A,2.524333218946118,,H,0.0352814911243997,0.0060576040655872,0.029223887058812497,27,28,-1,-1.0468604400000001,-0.8971616000000001,0.16645202925015035,0.044916606857273306,0.0,0,,1.9999999999999998,298.0,-0.6727946400642395,-0.4621052742004395,-1.4629968702793121,-1.885673239827156,-0.11040320992469793,-1.343078374862671,-0.8146283626556396,-1.6232033669948578
4HFK_A_BD,4HFK,B,46,E,B,52,A,1.1880396206308514,,H,0.0686660535261498,0.0390368229976352,0.029629230528514593,24,22,2,2.0866858,1.9954340999999998,-0.1943223279156131,-0.038218605783898796,0.5,0,,-5.3,298.0,2.20065701007843,2.0788938999176025,1.4761123657226558,2.5979268550872807,2.1217687129974365,2.2585015892982483,1.522468090057373,2.437157154083252
4HRN_A_D,4HRN,D,17,L,A,80,H,2.5972166665878498,,L,0.0726851286563563,0.1116335453232846,-0.03894841666692829,27,25,2,0.6467073,0.2167717,0.7157472692265747,0.022189427952326007,0.0,0,-11.98385238647461,7.0,298.0,1.7188868522644043,0.617795541882515,-0.3940228223800659,0.6988396644592285,1.1104872822761536,0.637432873249054,0.1411765217781067,0.6430625319480896
4HRN_A_D,4HRN,D,44,V,A,69,F,2.8106652758248662,,L,0.0,0.0001811533511458,-0.0001811533511458,28,28,0,0.47141330000000004,0.32606840000000004,-0.6669864236254587,0.0392209318963615,0.0,0,-35.90707778930664,1.4000000000000004,298.0,0.963781476020813,0.9277308583259583,0.1341496706008911,0.7767242193222046,0.634344220161438,0.1517426967620843,-0.33893477916717507,0.5217674374580381
4HRN_A_D,4HRN,D,47,F,D,55,V,2.4594608435335474,,L,0.2207436920692921,0.2066171397296808,0.014126552339611298,19,21,-2,0.5771598,1.0215432000000002,-0.865686164198982,0.003381425475695199,0.0,0,-21.8460693359375,-1.4000000000000004,298.0,-0.4809145927429199,2.958324044942856,2.2022314071655273,-1.0485116839408875,0.7126171588897705,0.3779035806655886,0.9729697704315186,-1.077341914176941
4I77_HL_Z,4I77,H,52,W,Z,46,C,2.5700938940363596,,L,0.0315275883267761,0.0115860290324075,0.019941559294368603,23,25,-2,-0.93309536,-0.982651404,-0.2436824961886493,-0.018291914407740195,0.0,0,3.8485260009765625,-3.4,304.0,-0.9921256527304649,-0.9287257045507431,-1.0826984196901321,-0.9756643250584603,-0.6112558022141457,-0.8314511477947237,-1.1263647601008415,-0.9164758622646332
4I77_HL_Z,4I77,H,54,D,L,32,Y,2.6192848491710157,,L,0.3275967732618883,0.3178570428733979,0.009739730388490409,19,17,2,0.72473751,0.81124327,-0.17742965121832133,-0.04240508715103958,0.5,0,-5.868572235107422,-2.2,304.0,0.6402795538306236,0.6150856688618661,1.3536026775836945,0.8692917302250862,0.45090171694755565,0.5913027375936509,0.4896147474646569,0.7878214716911316
4I77_HL_Z,4I77,H,101,Y,H,53,G,1.6538385300976,,L,0.0710580377739286,0.0684014000326141,0.002656637741314513,25,27,-2,-1.04665389,-0.63403984,-0.3782829872062624,0.1325952738268899,1.0,0,,-0.9,304.0,-1.3447907194495203,-1.4826099276542664,-0.7860307842493057,-0.5431315898895264,-1.5180880203843117,-1.0380087047815323,-0.8239505961537361,-0.8366206884384155
4I77_HL_Z,4I77,H,103,Y,L,36,F,2.19743766725223,,L,0.0016546931879356,0.0002168172962094,0.0014378758917262002,25,24,1,0.7380215999999999,0.7325489000000001,-0.37018424386906545,0.08584446096949402,1.0,0,8.46828842163086,-4.1,304.0,0.7421966195106507,0.9483920931816101,0.7350666522979736,0.7254387140274052,0.5752375125885012,0.5608870983123784,0.8598326444625854,0.757121980190277
4I77_HL_Z,4I77,L,95,N,Z,45,G,1.3801528344884093,,L,0.0361018124748346,0.022368959650144,0.0137328528246906,25,26,-1,-0.39194876,-0.60200529,-0.2413210840655335,-0.007647836067762009,1.0,0,,-3.1,304.0,-0.3486033380031586,-0.4623722359538079,-0.2957099601626396,-0.5128502696752548,-0.607430212199688,-0.304614506661892,-0.292341947555542,-0.31166746467351925
4J2L_A_CD,4J2L,C,17,W,A,31,F,2.2295846882352905,,H,0.0492197345387961,0.0269136391716127,0.0223060953671834,22,21,1,-4.0120049,-4.5210695,0.30823184925169667,-0.03214325733047779,0.0,0,-4.331394195556641,-3.6999999999999997,298.0,-3.869303822517395,-3.7021678686141968,-4.5412540435791025,-3.9075570106506348,-3.8329076766967773,-4.146943926811218,-4.435690820217133,-3.6602153182029724
4JEU_A_B,4JEU,B,3,R,A,312,K,1.127664041308761,,L,0.152299071260369,0.1474609947535434,0.004838076506825606,17,16,1,0.33779819999999994,0.3899229000000002,-0.9114852795713426,-0.1612805562704407,0.0,0,21.27191925048828,-0.6000000000000001,298.0,-1.0040913820266724,0.9933967590332031,0.6215085983276367,-0.057360172271728516,0.07245755195617676,1.1662615537643435,-0.3487980365753174,1.2590110301971436
4JEU_A_B,4JEU,B,215,I,B,97,I,3.2402502019955364,,H,0.0,0.0003054493676713,-0.0003054493676713,24,22,2,0.27638787,0.4938876,-0.1763372619725443,-0.039030494058163084,0.0,0,6.357528686523436,0.0,298.0,0.2902715206146241,0.5986194610595703,0.24935744702816007,0.15879780054092413,0.27097752690315247,0.19345170259475708,0.2082934975624084,0.2413338273763657
4JFF_ABC_DE,4JFF,C,1,E,D,95,G,7.319559526108369,,L,0.0098526983413876,0.0062088930653262,0.0036438052760614003,25,26,-1,-3.0015495,-3.8373057399999997,0.3825077508424318,0.12551399946479197,0.5,0,,-3.1,298.0,-3.4670483767986298,-2.772161602973938,-2.946896553039551,-3.3796752095222473,-2.9909681677818303,-3.365610182285309,-2.47146475315094,-2.6185708045959473
4JFF_ABC_DE,4JFF,C,4,G,E,100,G,6.515296898776146,,L,0.0422124982366205,0.043224484388705,-0.0010119861520844972,26,24,2,1.44246242,1.9226560600000002,-0.16834018719941457,-0.010797963940584798,0.0,0,,0.0,298.0,1.8194591552019124,1.597630918025971,0.2883641719818115,2.1761078238487244,1.850328803062439,0.6088333129882812,1.0483976900577545,2.1505778878927235
4JFF_ABC_DE,4JFF,C,7,I,E,50,Y,6.426746198757867,,E,0.0,0.000837890864609,-0.000837890864609,25,25,0,1.6277773999999998,2.3190016,-0.20742993368939644,0.028412075631810196,-1.0,0,-24.176261901855465,5.8,298.0,1.9885296821594238,2.240252494812012,1.111114740371704,0.8228391408920288,2.5660558938980103,1.2327831983566284,0.3281511068344116,2.732493281364441
4JFF_ABC_DE,4JFF,C,8,L,C,5,I,6.196110354356413,,L,0.0252643910099856,0.0117725498280444,0.0134918411819412,21,22,-1,-1.3441003500000002,-1.4875535999999998,0.3060378057611479,0.029772309859733198,0.0,0,8.069095611572264,-0.7000000000000002,298.0,-2.04342919588089,-1.3035038709640503,-1.2467027902603152,-1.5107200145721436,-0.8357455134391785,-1.532661616802216,-1.3302639722824092,-0.9497753381729126
4JFF_ABC_DE,4JFF,C,9,T,E,58,S,6.53152220613874,,L,0.0391572333998921,0.0423335353539969,-0.0031763019541048015,21,21,0,-2.3542368700000003,-2.65053064,-0.3965740669259274,-0.02647640757117281,0.0,0,-3.1580734252929688,0.10000000000000009,298.0,-2.9965068995952606,-2.0194636583328247,-1.9151580035686488,-1.612712427973747,-2.530464991927147,-2.6695841550827026,-2.3240288794040684,-2.7659753859043117
4JGH_ABC_D,4JGH,D,44,W,C,32,G,2.0482653337407095,,H,0.2965148399924242,0.2626986223787609,0.03381621761366327,20,18,2,-3.6633489100000003,-3.95142143,0.6227961169978182,-0.0679135754737919,0.0,0,,-0.5,298.0,-3.349693179130554,-3.9157136380672455,-3.9450549334287643,-3.741151638329029,-3.2600037902593613,-3.581766948103905,-3.7151891738176346,-3.7982208654284477
4KRO_A_B,4KRO,B,15,R,B,93,Y,1.5832991719387786,,L,0.1386037850132884,0.1440668087081329,-0.005463023694844499,22,20,2,0.1786451,0.03975200000000001,0.08334285087672255,0.1528576461936657,0.3333333333333333,0,-10.49936294555664,-3.2,298.0,-0.17991030216217085,0.22343528270721458,0.7333470582962032,0.6794884204864504,-0.35395371913909934,-0.3318202495574947,0.6498926877975468,0.008682847023009588
4KRO_A_B,4KRO,B,92,D,A,366,E,1.5042236608261124,,L,0.0708827896645443,0.1013478027039266,-0.030465013039382302,23,21,2,-2.79856418,-3.396686,0.17461281022581265,-0.004402530000483101,0.5,0,-1.0114517211914062,0.0,298.0,-2.1585180163383484,-2.414495661854744,-2.3676269948482513,-2.4759196639060974,-3.712122917175293,-3.06373941898346,-2.3717682659626007,-3.824320107698442
4KRP_A_B,4KRP,B,105,E,B,107,D,1.6060447352220086,,L,0.167047876670003,0.1730397122255382,-0.005991835555535202,19,20,-1,-1.0116446000000001,-0.6555935000000002,0.08970893493936649,0.0450182520419658,-0.5,0,0.0979690551757817,0.0,298.0,-0.24037742614746094,-0.7369582653045654,-1.3711254596710205,0.062238454818725586,-1.4050350785255434,-1.2425376176834109,-1.0112667083740234,-2.1480936408042908
4L3E_ABC_DE,4L3E,A,65,R,A,72,Q,1.3011671118471222,,H,0.1421721801258646,0.1482468133070925,-0.00607463318122789,23,25,-2,0.2392533000000001,0.37768599999999974,0.2455086418727619,-0.017794985903971494,-0.16666666666666669,0,16.32217407226563,-1.0,298.0,-0.57802414894104,0.2581775188446045,-0.11411666870117188,1.0598561763763428,0.04421210289001465,0.6364858150482182,-0.3997824192047119,1.0072171688079834
4L3E_ABC_DE,4L3E,A,155,Q,A,163,T,1.2584735016202362,,H,0.0402349651735726,0.0217108846512103,0.018524080522362298,25,24,1,-0.1850353,0.04300680000000012,-0.30996645837122816,-0.02170842868972328,0.0,0,5.019649505615234,-2.8,298.0,-0.2758271694183354,0.31786680221557684,-0.027262210845946377,-0.14263439178466797,-0.20779705047607422,-0.7155989408493042,-0.6115517616271973,0.18252229690551758
4L3E_ABC_DE,4L3E,A,166,E,A,76,V,1.2169732743791315,,H,0.3102598156221082,0.2721840353747726,0.0380757802473356,18,19,-1,-0.07694869999999998,-0.3100472000000001,1.1704869659867279,0.01162459227187218,0.5,0,-3.6994323730468732,-7.7,298.0,-0.38014149665832475,-0.3480648994445801,0.39630627632141113,-0.3723454475402832,0.3490372896194456,0.1835427284240725,-0.4925928115844722,0.048670291900634766
4L3E_ABC_DE,4L3E,D,26,Y,C,8,L,2.7835618283803383,,L,0.0159764802285845,0.0082431480233286,0.0077333322052559,22,21,1,-1.382728,-3.7061331,1.1024446962156154,0.009583964035454723,1.0,1,4.3613739013671875,-5.1,298.0,-1.6913617849349976,-3.2419017553329468,-0.7111253142356873,-0.10544455051422097,0.16349971294403076,-3.6890658140182495,-1.5443096160888672,-0.24211513996124268
4MNQ_ABC_DE,4MNQ,C,4,K,D,96,Y,4.933426404666148,,L,0.0182510972037124,0.012032052357827,0.006219044845885398,26,26,0,-1.9872008,-1.764431,0.14248247470370878,-0.11096131402026538,0.0,-1,6.364585876464844,-2.5999999999999996,298.0,-2.2931759357452393,-1.6451680660247798,-1.2300962209701538,-2.1131047010421753,-2.469031810760498,-1.9575059413909912,-2.6107577085494995,-1.578766107559204
4MNQ_ABC_DE,4MNQ,C,6,L,D,91,A,4.14712203343936,,L,0.0253920310462841,0.0239231621718939,0.0014688688743902008,24,25,-1,-1.387712,-1.4507097000000002,-0.39422993463476774,0.07742901944509309,0.0,0,,1.9999999999999998,298.0,-1.5163425207138066,-1.5590107440948486,-0.8933925628662109,-1.6561261415481567,-1.2817087769508362,-1.4156080484390259,-1.104723870754242,-1.6747833490371704
4MYW_A_B,4MYW,B,48,I,B,34,T,2.5720617535244585,,E,0.0002069070114443,0.006358737566265,-0.0061518305548207,26,24,2,0.5184436000000001,0.0030810999999997257,-0.1548597957047163,-8.415247626189504e-05,-1.0,0,-40.72512149810791,5.2,298.0,0.9149274826049805,0.0182802677154541,0.5235061645507812,0.48320555686950684,-0.08408796787261963,1.1424129009246826,0.5975363254547119,0.5517691373825071
4O27_A_B,4O27,A,88,K,B,118,Y,1.024414289084085,,H,0.1598309737434917,0.1629039255379071,-0.0030729517944154128,18,18,0,-1.648245,-1.7682601999999998,-0.9083281873034033,0.02616948382113743,-1.0,0,5.7947845458984375,-2.5999999999999996,298.0,-1.9191516935825348,-1.7274143993854527,-1.5881458520889284,-1.5428383946418762,-1.6253774464130402,-2.0567667484283447,-1.3074917793273926,-1.4187739193439486
4O27_A_B,4O27,A,215,Y,A,216,V,1.1947757783935136,,H,0.0878370140862499,0.0918323193316469,-0.003995305245396999,20,21,-1,1.7379585,1.12910165,0.14190029234199653,-0.09055409337215709,0.0,0,11.132553100585938,-5.5,298.0,1.0421087741851807,0.9159430265426636,1.206359326839447,1.84876549243927,1.9421558380126953,2.5021109580993652,1.9243470430374146,2.521878182888031
4OFY_A_D,4OFY,A,34,Q,A,43,G,1.1762294551826238,,L,0.012054481648668,0.0031520649096272,0.0089024167390408,25,23,2,-1.9481775899999998,-2.51886059,-0.08788120285685497,-0.03566519104364824,0.5,0,,-3.1,298.0,-2.501922808587551,-2.533488824963569,-0.8941032141447067,-2.1869340091943736,-1.3091206178069115,-0.9240928068757057,-2.6970275565981874,-2.5387305691838264
4OFY_A_D,4OFY,A,40,F,D,58,F,4.602392067465458,,E,0.0749036148431949,0.0869758375971888,-0.012072222753993903,18,20,-2,1.8318526,0.6384135999999998,-1.2431035017175207,0.06684171839456621,0.0,0,-1.8180618286132812,0.0,298.0,1.0037450790405273,2.072018265724182,1.4195325374603271,2.7775214314460754,1.8566575050354004,2.6407624483108525,0.5828461647033696,2.3017358779907227
4OFY_A_D,4OFY,D,34,Q,A,36,M,2.8692159988027166,0.08407289665825735,E,0.0101308383521464,0.0168023409247569,-0.006671502572610498,24,25,-1,0.6682972999999999,-1.9853599999999996,0.383235156121022,-0.03303188112515032,1.0,0,7.195945739746094,-5.4,298.0,1.4771771430969238,0.7988625168800353,-1.1336323022842407,0.8748377561569212,1.5557886362075801,0.0017948150634765625,1.4345719814300546,0.33698010444641113
4OFY_A_D,4OFY,D,42,L,A,41,G,2.5667118722837503,,E,0.0064291022361753,0.0154529259292368,-0.0090238236930615,29,28,1,1.5287349000000003,0.2999516,-0.28892601492008674,-0.048093282723380315,0.0,0,,4.2,298.0,3.372918486595154,3.3162031173706055,2.584397554397583,2.5774554014205937,3.1195802688598633,-0.2871274948120126,0.9984649419784546,-3.452010691165924
4OZG_ABJ_GH,4OZG,G,50,L,B,71,A,1.165761296968809,,L,0.0949437104287705,0.1331464091012016,-0.03820269867243109,17,16,1,1.5942570000000003,1.9245336999999998,0.2309780119642647,0.023761621228377106,0.0,0,,1.9999999999999998,293.0,1.3363845944404602,1.2068151831626892,2.207373201847076,1.487032294273376,1.5973311066627502,1.7235977053642273,1.7900158166885376,1.4055054187774667
4OZG_ABJ_GH,4OZG,H,94,F,H,96,F,1.4100792703507583,0.8683327430424423,L,0.0372761480572468,0.0405162223924727,-0.003240074335225898,22,24,-2,-0.9183322,-1.0925205999999998,0.5948388964832765,-0.004092075083870411,0.0,0,14.095779418945312,0.0,293.0,-0.3098173141479492,-1.4224476814270006,-0.4623169898986821,0.09836101531982422,-0.83746337890625,-2.373216390609741,-1.021803855895996,-1.0179529190063477
4OZG_ABJ_GH,4OZG,H,95,R,J,9,P,1.7140134858666605,,L,0.004236611106924,0.0306084291344577,-0.026371818027533703,22,24,-2,-2.3086729999999998,-2.0794541000000004,-0.33496926058521104,-0.0723220484504132,1.0,0,-20.390001296997067,-2.9,293.0,-2.4153898954391484,-2.108496367931366,-1.8716382980346682,-2.1737310588359833,-2.541993796825409,-3.012986242771148,-2.265631079673767,-2.0795164704322815
4OZG_ABJ_GH,4OZG,H,98,D,H,99,T,1.621665603191739,,L,0.0163030124894396,0.0200421715971738,-0.0037391591077342023,20,18,2,0.7999399,-0.6216157999999998,0.35805948500578155,-0.011174745160810573,1.0,0,46.15635681152344,-2.8,293.0,0.5101523399353027,1.105294942855835,1.526998221874237,1.3494519591331482,1.5140138864517212,-0.17645740509033203,0.7431042194366455,-0.17303919792175293
4P23_CD_AB,4P23,C,66,V,C,59,G,1.16627650370749,,H,0.0,0.0041317962133278,-0.0041317962133278,23,23,0,3.4856562500000003,3.3529891000000003,-0.1561633884403799,-0.026156839135601906,0.0,0,,4.6000000000000005,298.0,3.2848260402679443,3.431947022676468,3.7637765407562256,3.861050099134445,2.865123927593231,4.104400932788849,3.399443209171295,3.1746831834316254
4P23_CD_AB,4P23,D,5,K,D,8,A,2.2296234426394665,,L,0.0068342981245232,0.0023755751504213,0.0044587229741019,26,25,1,-1.7842205999999998,-1.7763855000000004,0.16435795653594454,-0.034133797279002204,0.0,0,,-5.7,298.0,-1.0036900043487553,-1.9451763629913335,-1.4480041265487673,-2.61301326751709,-2.481233835220337,-1.5889298915863037,-1.7040562629699707,-1.489662885665893
4P23_CD_AB,4P23,D,7,K,D,4,Q,2.567194198281374,0.6826014437951471,L,0.0734755875739947,0.0975773824758899,-0.024101794901895207,26,26,0,1.1529117000000002,1.9286758000000002,-0.5637462911498532,0.09788300152514928,0.0,0,-33.88816452026367,-0.3999999999999999,298.0,0.9794986248016355,2.040545701980591,1.990792036056519,0.7603050470352177,0.04230308532714844,-0.13034343719482422,1.739638328552246,1.800554752349853
4P23_CD_AB,4P23,D,79,R,C,58,Q,2.0705851792448766,0.9725053785217762,H,0.1433889593805054,0.1438435349416142,-0.0004545755611088109,18,18,0,1.1751580999999998,1.8706667,0.5032707800577562,0.09352396539083963,-0.16666666666666669,0,11.300300598144531,-1.0,298.0,1.1747409105300903,0.3327710628509526,1.6192450523376465,1.0937800407409668,0.4270491600036621,1.1590181589126585,1.7653765082359314,1.8292824029922485
4P5T_CD_AB,4P5T,D,4,Q,A,95,S,1.6541005575500751,,L,0.0265865177575723,0.0101041597615297,0.0164823579960426,28,26,2,-1.2089843999999998,-0.2943753,-0.20524257691568282,0.0030867378955466984,1.0,0,21.592575073242184,-2.7,298.0,-1.6429626941680904,-1.3489816188812256,-1.6280653476715088,-1.4438776969909668,-0.3679230213165283,-1.589775681495667,-1.5958850383758545,-0.054405450820923296
4P5T_CD_AB,4P5T,D,7,K,B,95,W,1.5485443304610826,,L,0.024007007705105,0.0018727968943905,0.0221342108107145,26,24,2,1.6312934999999997,0.49202389999999996,-0.26836847694952937,0.092743169234,-1.0,0,-16.444992065429688,-3.0,298.0,1.2151966094970703,2.254487156867981,2.0458077192306523,1.4387794733047488,1.3290302753448486,2.342777967453003,1.3050042390823364,1.1192634105682373
4P5T_CD_AB,4P5T,D,78,R,C,66,V,2.073568493729729,0.8683452699720843,H,0.0480626167196056,0.0,0.0480626167196056,22,23,-1,-1.00135946,-1.1486495,0.4425798054031266,0.11307178906864399,0.3333333333333333,0,-6.649444580078125,-8.7,298.0,-1.128480315208435,-0.8692333698272705,-0.8978511095046997,-0.740766316652298,-1.2176978588104248,-1.0261098146438599,-0.9754239916801453,-1.155312180519104
4PWX_AB_CD,4PWX,A,194,F,A,201,E,1.7284574247898898,,H,0.0160185257629684,0.0570712995032612,-0.0410527737402928,18,19,-1,-1.7365274,-0.08993789999999979,-0.4525704084094052,-0.006752265261341428,0.0,0,19.0718994140625,6.3,298.0,-0.3059206008911124,-0.8735072612762449,-3.154706120491028,-1.226582527160645,-2.0091806650161743,-3.543889880180359,-0.8435125350952148,-1.9349201321601868
4PWX_AB_CD,4PWX,A,198,Y,C,20,Q,1.7284574247898898,-0.17771794009516576,H,0.106214321299363,0.1058278069149864,0.0003865143843765906,22,22,0,-0.6756616000000002,-0.5186088,-0.8771062035726054,-0.10502756583708717,0.0,0,6.699104309082031,2.2,298.0,-0.945366621017456,-0.46726036071777344,-2.0788254737854004,0.10327363014221191,-0.8624594211578365,-1.0339732170104976,-0.8607950210571289,0.7401132583618164
4PWX_AB_CD,4PWX,A,205,Q,B,92,D,1.0135035228231954,,H,0.1586378518304384,0.1702475842791927,-0.011609732448754295,17,15,2,-0.4385108999999998,0.46347340000000026,-0.700648055214055,-0.0735948333650534,0.0,0,-39.91508483886719,0.0,298.0,-0.25053930282592773,-0.7153031826019283,0.001939535140991211,-0.539050817489624,-0.837338924407959,-0.2720468044281006,-0.946552038192749,0.05080175399780318
4PWX_AB_CD,4PWX,C,16,Y,C,60,D,1.1444566316659752,,H,0.127870786055236,0.1021953990743816,0.025675386980854392,22,22,0,-2.8429704,-2.0381387999999996,0.4205873899113348,-0.02187585796756014,0.0,0,34.99838256835938,2.2,298.0,-2.4690511226654053,-2.9192432165145874,-2.22235369682312,-3.946380138397217,-2.8477439880371094,-2.3617732524871826,-3.3583256006240854,-2.6188902854919434
4PWX_AB_CD,4PWX,C,28,R,C,107,N,1.7284574247898898,,H,0.3182612066241613,0.3337609118918395,-0.015499705267678188,17,15,2,0.08886550000000026,0.43175669999999977,2.332217887580128,0.06720905281007555,0.0,0,-33.419715881347656,-1.0,298.0,0.5143418312072758,0.15789568424224876,-0.1747581958770752,0.2346247434616091,-0.4397095441818235,0.43201279640197754,0.27892041206359885,-0.29240310192108154
4RS1_A_B,4RS1,A,25,E,B,117,S,1.5019038064968653,,L,0.302611485941984,0.3398346950768933,-0.037223209134909285,20,18,2,0.8827855,0.5417179999999999,-0.8446436649829799,-0.07578950451467492,0.0,0,-15.317367553710938,-2.7,298.0,0.9589653015136721,1.3999115228652956,1.0779460668563843,0.5049149990081783,0.6704866886138916,0.7322918176651005,1.4140206575393677,0.3037443161010751
4RS1_A_B,4RS1,A,28,D,B,147,T,2.5910689357937766,,L,0.0711104725858224,0.0783877357378502,-0.007277263152027799,17,18,-1,1.91299307,1.8141866999999998,-0.3001227360251212,-0.005360533385598304,-0.5,0,13.021377563476564,-2.8,298.0,2.2086296677589417,1.9524614214897156,1.7963082790374756,1.5337379872798917,2.1939539909362793,2.069542527198792,1.7415669560432443,1.8077445328235626
4RS1_A_B,4RS1,A,99,F,B,205,S,3.624700968480194,0.615713967495489,L,0.0611564720017926,0.0646143785234244,-0.003457906521631804,16,17,-1,-1.94500452,-1.83484398,-0.2782571266634406,-0.04871371474621222,0.0,0,-16.211875915527344,3.5999999999999996,298.0,-2.2256088256835938,-1.6361292004585266,-1.8520836532115936,-1.5742678195238113,-1.7677166163921356,-2.1909293234348297,-2.311789393424988,-2.0015110075473785
4YEB_A_B,4YEB,B,131,F,B,14,Y,2.4163831684447996,,E,0.01804146003205,0.0228443463138397,-0.0048028862817896985,23,23,0,-0.4332695000000002,-0.705174,-1.2537423789514028,-0.0765127950715041,0.0,0,-17.87259292602539,4.1,298.0,-0.6234533786773677,0.26670861244201705,-0.6716723442077637,-0.8857743740081787,-1.1704312562942505,-0.4627981185913086,0.8799929618835449,-0.7987281084060669
4YFD_A_B,4YFD,A,259,E,B,62,F,1.2159779346079969,,L,0.0812182595435002,0.0421219354095514,0.039096324133948805,16,18,-2,-1.27439154,-1.7071408000000001,-0.2671244521615932,0.09954629325210201,1.0,0,30.18343734741211,-6.3,298.0,-0.8165753781795502,-1.5607134103775033,-1.2495737671852112,-1.2908602356910706,-1.8455397784709926,-1.1252259016036985,-0.9095335304737093,-1.3971093297004702
4YFD_A_B,4YFD,B,4,W,A,262,M,1.1320943862080435,,L,0.0351811283433972,0.0295224875745719,0.005658640768825298,23,24,-1,0.6659636000000002,0.3084473000000001,-0.0872484601276009,0.0008405228624157046,0.0,0,3.3960723876953125,-2.8,298.0,0.2695872783660891,-0.2728574275970459,0.307767391204834,1.5207235813140878,1.240936756134034,0.9096735715866087,1.365100622177124,-0.013221859931946023
4YFD_A_B,4YFD,B,71,K,B,44,T,1.4744243852779593,,E,0.0461024855783216,0.0246292038105695,0.0214732817677521,19,20,-1,-0.6713995999999998,-0.1514164,-0.13367651397228597,-0.023944906864762805,1.0,0,-28.141063690185547,-3.2,298.0,-0.8364739418029785,-0.3431129455566406,-1.066861629486084,-0.11494207382202148,-0.480998277664185,-0.6039352416992188,-0.9871772527694698,-0.9376950263977046
4YH7_A_B,4YH7,A,169,R,A,285,M,1.4376801502421461,,E,0.0411341865257268,0.0262180320655275,0.0149161544601993,24,23,1,0.9579594,0.35422929999999964,-0.8406488403059372,0.07200027622268307,0.0,0,16.391319274902344,-6.4,298.0,0.012910842895507812,1.0329089164733887,0.5255768299102783,0.33779144287109375,1.5680115222930904,2.0888675451278687,1.2344083786010738,0.8631973266601562
4YH7_A_B,4YH7,A,246,Y,B,98,K,1.034133866497952,,E,0.0499602995608007,0.0551032254986491,-0.005142925937848403,20,21,-1,1.6166459000000002,3.01513455,1.1849596734004995,-0.010075527622471991,0.0,0,4.3974456787109375,2.5999999999999996,298.0,1.9256088137626648,1.2722082138061523,0.42017728090286255,3.054470479488373,2.14806866645813,0.510954737663269,0.6264223456382751,2.975256562232971
4ZS6_HL_A,4ZS6,A,156,E,A,159,D,3.0386657301602105,,L,0.0928261369653335,0.04843743472858,0.044388702236753494,19,20,-1,-2.4221589,-3.19702785,0.18318011062848094,0.029066041172068513,-0.5,0,-19.817962646484375,0.0,298.0,-2.3186264634132385,-2.607020288705826,-2.825779557228089,-2.046653389930725,-1.714966237545013,-2.3578860759735107,-2.846262276172638,-2.6600767970085144
5C6T_HL_A,5C6T,H,98,Y,L,48,R,1.7166795514612891,0.12296126457033416,L,0.1367885871522382,0.1799273567889702,-0.043138769636731994,17,16,1,-0.6024629999999997,-0.4375975999999997,-0.6081126798827003,0.010153291200896475,-0.3333333333333333,0,2.348876953125,3.2,298.0,-0.7851929664611825,-0.7924251556396484,0.05339503288269043,-0.9736961126327521,-0.5557094812393188,-1.0698215961456299,-0.2190237045288086,-0.4772310256958008
5C6T_HL_A,5C6T,H,99,F,A,193,G,1.4600294695006892,,L,0.0619250988539416,0.0845069064947428,-0.022581807640801192,16,17,-1,-2.55933958,-3.4704572999999996,0.31794048433866656,0.05024197593633434,0.0,0,,3.1999999999999997,298.0,-3.4005541503429413,-1.887556254863739,-3.474417001008988,-3.384839862585067,-1.5333413481712341,-1.8487657606601715,-2.2110003232955933,-2.7342422902584076
5C6T_HL_A,5C6T,A,182,Y,A,184,G,3.20835389742689,,L,0.0024027468817045,0.000724075904059,0.0016786709776455,24,22,2,1.3564390999999998,2.4029384,-0.19832995523962477,-0.052304397859878504,1.0,0,,-0.9,298.0,2.0362225770950317,1.1606518030166626,0.05517864227294922,0.20192980766296387,2.2574256658554077,2.366638302803039,2.603164553642273,0.1703014373779297
5C6T_HL_A,5C6T,A,194,E,H,100,F,1.0906715831054934,,L,0.0929939095535083,0.0833447979395894,0.00964911161391889,20,20,0,3.3936687,2.7394974,-0.7313010246080854,-0.05760460059300121,0.0,0,-17.66580200195312,-6.3,298.0,3.8941816091537476,2.661763548851013,2.815543234348297,2.82254421710968,4.046487033367157,2.888718992471695,4.198913156986237,3.821197032928467
5C6T_HL_A,5C6T,A,199,F,H,32,S,2.758178513868998,-0.8683452699720843,L,0.0066866958734681,0.0159155681023819,-0.0092288722289138,19,19,0,0.0674319000000001,-0.5887779000000002,-0.6086726098988133,-0.025170822749099042,-1.0,0,-25.988677978515625,3.5999999999999996,298.0,1.3077603876590729,0.7196686267852781,-0.23904919624328613,0.0737680196762085,-1.0569196939468384,0.05925321578979492,-0.42710512876510653,0.10207986831665039
5F4E_A_B,5F4E,A,136,H,A,120,V,1.9901353582218497,,E,0.027134753945918,0.0716163639394781,-0.044481609993560094,22,24,-2,-0.8089127,-0.9830414000000003,-0.15331548952917817,0.0030485452326334816,1.0,0,1.1232757568359375,-7.4,293.0,-0.5617170333862305,-0.9791326522827153,-1.187665700912476,-0.1739177703857422,-1.408167839050293,-0.5016400814056396,-0.624632835388184,-1.034428596496582
5F4E_A_B,5F4E,A,139,R,A,137,A,1.4646556504443715,,E,0.0963542679266864,0.105492423020603,-0.009138155093916592,20,21,-1,0.002663599999999988,-0.5403905,0.16016642026164873,-0.02280260833142339,0.6666666666666666,0,,-6.3,293.0,1.0385175943374638,-0.08708369731903054,-0.6012518405914307,-0.7090703248977661,0.70136559009552,0.4590628147125244,0.1606421470642081,-0.940873384475708
5F4E_A_B,5F4E,B,43,W,B,68,R,1.0546542005909838,,H,0.0802057593461975,0.0432995942389553,0.036906165107242206,20,21,-1,0.2901710999999999,0.1975758099999999,0.37106130179825536,-0.010544915545091987,0.0,0,12.404144287109375,3.6,293.0,-0.3164709210395813,0.9546974897384644,0.8204072117805481,-0.4390539526939392,0.9582118988037109,-0.2671473026275635,0.14809000492095947,0.46263372898101784
5F4E_A_B,5F4E,B,62,L,B,25,Y,2.9336654109516216,,L,0.0484754270074669,0.0498015087476997,-0.0013260817402328054,23,21,2,-0.9525264999999999,-0.09255745999999998,-0.5945704347238101,-0.00795474891967149,0.0,0,-2.700145721435547,5.1,293.0,-0.6994569301605225,-1.1288602352142334,-1.0972896218299866,-1.4792202413082123,-1.0068289637565613,-1.3719311356544495,-0.31335121393203735,-0.523272693157196
5K39_A_B,5K39,B,148,I,A,97,W,2.1898670998026213,,H,0.0281609799673333,0.0437764956505262,-0.015615515683192902,24,23,1,2.4114237000000003,3.2447421,0.20589631769293204,-0.02980109212811552,-1.0,0,0.3748893737792969,5.4,318.0,1.0952072292566302,1.0572768449783325,3.3420515954494476,3.320114016532898,3.1324103474617004,3.313169538974762,0.5466238260269165,3.4845370948314667
5M2O_A_B,5M2O,A,75,L,A,81,P,1.6808793356196992,,E,0.1663390810623018,0.1918464954587589,-0.025507414396457095,22,20,2,-0.13628124,-0.11787457,-0.044165422937438636,0.030453122581580006,0.0,0,-21.475549697875977,5.4,308.0,-0.1940018981695176,-0.11664661765098569,-0.1679695397615433,-0.129921443760395,-0.05956105887889859,-0.10090281069278711,-0.22714038193225858,-0.09410618245601649
5M2O_A_B,5M2O,B,21,V,B,18,S,2.524718411022802,0.04860160977052419,H,0.0,0.0,0.0,28,27,1,-0.012321680000000002,0.23547140000000003,0.059826206925125525,-0.002249402414288393,-1.0,0,-10.560287475585938,5.0,308.0,-0.03336881101131442,0.11967718601226801,0.20620621740818032,-0.11021730303764349,-0.09589968621730807,0.001384586095809881,0.022273138165473993,-0.20862901210784918
5M2O_A_B,5M2O,B,25,Q,B,61,Q,1.182801156826777,-0.162971634777618,H,0.006772307128998,0.0136086929765737,-0.006836385847575701,25,24,1,1.38680673,1.8153102,0.5959369849761398,0.013439746738266284,0.0,0,-2.448028564453125,0.0,308.0,1.2325806021690369,0.5569088459014901,1.6151175349950788,0.7172364592552186,1.3361042737960815,2.5679181814193726,1.5838854312896733,1.4847019910812378
5M2O_A_B,5M2O,B,32,K,A,78,K,1.0988260155473215,,L,0.4926827203930774,0.5085509382189003,-0.015868217825822872,11,11,0,1.3715901000000001,1.5882559600000001,-1.351812940184847,0.1254719451363375,0.0,0,1.3359947204589844,0.0,308.0,1.0854982137680054,1.0327467918395996,0.8549627065658569,1.6025454998016357,1.4021266996860506,1.9590408205986023,0.9085223078727722,2.127280116081238
5TAR_A_B,5TAR,B,86,E,B,88,W,1.1260183153599006,0.3841487812395772,E,0.0802181766324594,0.1209213076915606,-0.0407031310591012,17,16,1,2.4425516000000003,1.9709124,-0.0817454653918231,0.007880801506064627,0.5,0,20.173023223876953,-2.6,298.0,2.5055922269821167,3.218137562274933,2.2784759998321538,1.870980262756348,2.8033262491226196,2.0875847339630127,2.4214351177215576,2.354882359504699
