complex_id,ddG,T_K,logodds,rsasa,nbr,is_interface,wt,mut
1CSE_E_I,2.248957870847145,294.0,0.07055902481079102,0.0850365089048908,34,True,L,G
1CSE_E_I,1.1722935773392447,294.0,-0.6963608264923096,0.0850365089048908,34,True,L,S
1CSE_E_I,6.671645453736192,294.0,-2.4217193126678467,0.0850365089048908,34,True,L,P
1CSE_E_I,2.941150240860269,294.0,-2.4852283000946045,0.0850365089048908,34,True,L,I
1CSE_E_I,4.350674311816977,294.0,-0.21804356575012251,0.0850365089048908,34,True,L,D
1CSE_E_I,2.349709944839405,294.0,0.6125240325927734,0.0850365089048908,34,True,L,E
1ACB_E_I,6.033244117543209,294.0,-4.523789346218109,0.0123645405378877,32,True,L,G
1ACB_E_I,4.951235866923978,294.0,-3.8534788489341736,0.0123645405378877,32,True,L,S
1ACB_E_I,6.852721551568589,294.0,-4.93625682592392,0.0123645405378877,32,True,L,P
1ACB_E_I,4.230669094022798,294.0,-4.790103852748871,0.0123645405378877,32,True,L,I
1ACB_E_I,6.7715408481017985,294.0,-3.8876885771751404,0.0123645405378877,32,True,L,D
1ACB_E_I,6.554277883123703,294.0,-4.128711640834808,0.0123645405378877,32,True,L,E
1SBN_E_I,-0.3098605773047037,298.0,-1.411625623703003,0.0889900019773715,32,True,R,K
1SIB_E_I,-0.7311992152978638,298.0,1.0852484703063967,0.178009292664611,21,False,K,R
1TM1_E_I,2.178553575342405,298.0,-3.8110246062278748,0.197940152308081,23,True,Y,A
1TM1_E_I,4.678871077888728,298.0,-4.662912309169769,0.197940152308081,23,True,Y,G
1TM1_E_I,3.078480660505987,298.0,-2.33091139793396,0.0855432355431876,15,False,R,A
1TM1_E_I,2.922129700478994,298.0,-2.011676788330078,0.077255436501912,20,False,R,A
1TM1_E_I,3.234352413635237,298.0,-2.6731162071228027,0.077255436501912,20,False,R,C
1TM1_E_I,2.0981337125223076,298.0,-0.8479193449020386,0.004752785094931,28,True,T,D
1TM1_E_I,2.571243983042388,298.0,-1.4585071802139282,0.004752785094931,28,True,T,A
1TM1_E_I,2.923345689967444,298.0,-0.5088903903961182,0.0207752524446374,26,True,E,A
1TM1_E_I,0.02485063944117264,298.0,-3.9817378520965576,0.0679446689765653,17,False,V,A
1Y1K_E_I,-2.727120410118045,298.0,0.2424793243408203,0.0026594562018364,26,True,A,T
1Y33_E_I,-3.7543280377436967,298.0,-3.9041142761707306,0.0077549420947297,25,True,P,T
1Y34_E_I,-3.0528505202640965,298.0,0.6241295337677002,0.0609342665921008,26,True,A,E
1Y3B_E_I,-2.7465381061972938,298.0,0.5892693996429443,0.0560552222087711,25,True,S,E
1Y3C_E_I,-1.2555918089614944,298.0,1.241734266281128,0.1834604316946889,18,False,A,R
1Y48_E_I,-3.7543280377436967,298.0,0.6539903879165652,0.0554594294559128,16,False,A,R
1Y3D_E_I,-3.0967362737217643,298.0,1.4213147163391113,0.14392115494477,20,False,A,R
1TM1_E_I,2.7271204101180455,298.0,-1.4585071802139282,0.004752785094931,28,True,T,A
1TM1_E_I,3.7543280377436967,298.0,-4.082391381263733,0.004752785094931,28,True,T,P
1TM1_E_I,3.0528505202640965,298.0,-0.5088903903961182,0.0207752524446374,26,True,E,A
1TM1_E_I,2.7465381061972938,298.0,0.06177639961242676,0.0207752524446374,26,True,E,S
1TM1_E_I,1.2555918089614944,298.0,-1.0472919940948486,0.2940820405636885,17,True,R,A
1TM1_E_I,3.7543280377436967,298.0,-2.33091139793396,0.0855432355431876,15,False,R,A
1TM1_E_I,3.0967362737217643,298.0,-2.011676788330078,0.077255436501912,20,False,R,A
1TM4_E_I,-2.2319054750311067,298.0,0.9545292854309086,0.0885930175597262,32,True,G,M
1TM5_E_I,-1.0272076276256512,298.0,-0.6704124212265019,0.0672982315659283,34,True,A,M
1TM3_E_I,-1.093073966411642,298.0,2.613337993621826,0.0865502806031229,33,True,K,M
1TM7_E_I,-0.05644141826229292,298.0,1.793931484222412,0.0736266215754181,32,True,Y,M
1TMG_E_I,-1.0272076276256512,298.0,2.1942038536071777,0.0858462683441562,33,True,F,M
1TO1_E_I,-2.9802470590666843,298.0,3.0652880668640137,0.1287933139336022,23,True,A,Y
1TM1_E_I,2.2319054750311067,298.0,-2.0186342000961304,0.06899965967547,34,True,M,G
1TM1_E_I,1.0272076276256512,298.0,-0.4672528505325322,0.06899965967547,34,True,M,A
1TM1_E_I,1.093073966411642,298.0,-2.540014386177063,0.06899965967547,34,True,M,K
1TM1_E_I,0.056441418262292826,298.0,-2.4554611444473267,0.06899965967547,34,True,M,Y
1TM1_E_I,1.0272076276256512,298.0,-2.6308270692825317,0.06899965967547,34,True,M,F
1TM1_E_I,2.9802470590666843,298.0,-3.8110246062278748,0.197940152308081,23,True,Y,A
2SIC_E_I,0.7957418087746722,298.0,-0.8384709358215332,0.0525301358590042,34,True,M,E
2SIC_E_I,0.7511955012353523,298.0,-0.18603205680847168,0.0525301358590042,34,True,M,D
2SIC_E_I,0.21776171404852335,298.0,-2.30108642578125,0.0525301358590042,34,True,M,H
2SIC_E_I,0.0,298.0,-2.8308863639831543,0.0525301358590042,34,True,M,K
2SIC_E_I,0.0,298.0,-2.3962855339050293,0.0525301358590042,34,True,M,R
2SIC_E_I,0.14515825285111109,298.0,-1.1003081798553467,0.0525301358590042,34,True,M,G
2SIC_E_I,0.21776171404852335,298.0,0.36333680152893066,0.0525301358590042,34,True,M,A
2SIC_E_I,-0.24011103330706612,298.0,-1.194990873336792,0.0525301358590042,34,True,M,L
2SIC_E_I,0.7129766491354615,298.0,-2.4374876022338867,0.0525301358590042,34,True,M,V
2SIC_E_I,1.6036712383660887,298.0,-3.1465210914611816,0.0525301358590042,34,True,M,I
1IAR_A_B,1.170849396491051,298.0,-1.891890287399292,0.2151275201834253,20,True,I,A
1IAR_A_B,0.7957418087746722,298.0,-0.32973647117614746,0.2151275201834253,20,True,I,R
1IAR_A_B,-0.10359799491204216,298.0,-0.5911449193954466,0.0800424919767789,18,True,T,A
1IAR_A_B,1.3921048473565185,298.0,-2.4432488679885864,0.0800424919767789,18,True,T,D
1IAR_A_B,-0.022349319258542954,298.0,-1.318211317062378,0.2348867618753019,18,True,Q,A
1IAR_A_B,0.038903857003107487,298.0,-0.10138344764709473,0.2348867618753019,18,True,Q,R
1IAR_A_B,3.111435325928161,298.0,-2.4121392965316772,0.0,20,True,E,Q
1IAR_A_B,0.0689366589382192,298.0,-0.8997468948364258,0.1477755146575569,17,False,I,A
1IAR_A_B,-0.014805437968693424,298.0,0.256627321243287,0.2002721761487443,17,True,K,S
1IAR_A_B,0.13940882251643236,298.0,1.3197679519653327,0.2002721761487443,17,True,K,E
1IAR_A_B,0.9781385879230793,298.0,-1.806526660919189,0.0191799694756485,22,False,T,A
1IAR_A_B,-0.21857459910794153,298.0,-1.2022187709808345,0.0191799694756485,22,False,T,D
1IAR_A_B,-0.03384845091440473,298.0,-1.0701487064361572,0.3382675559445425,11,False,N,A
1IAR_A_B,-0.0780320100976344,298.0,0.5993399620056152,0.3382675559445425,11,False,N,D
1IAR_A_B,-0.18267350602470872,298.0,0.8500697612762451,0.3116154778366388,16,False,S,A
1IAR_A_B,-0.10359799491204216,298.0,-0.21182560920715332,0.3116154778366388,16,False,S,D
1IAR_A_B,-0.31981352877983743,298.0,-0.3312652111053467,0.5971804212504553,8,False,E,A
1IAR_A_B,-0.11680716723871802,298.0,-0.6254920959472656,0.5971804212504553,8,False,E,R
1IAR_A_B,0.8353893387033426,298.0,-1.336578369140625,0.0817425153598388,20,True,R,Q
1IAR_A_B,0.15367907140866266,298.0,-1.3501517772674556,0.4443905569862882,14,False,K,A
1IAR_A_B,0.611551818764252,298.0,-0.19884562492370605,0.4443905569862882,14,False,K,E
1IAR_A_B,0.12478618642380089,298.0,-0.8144605159759521,0.1935726622251557,16,True,Q,A
1IAR_A_B,0.24496504960542476,298.0,-0.3195762634277344,0.1935726622251557,16,True,Q,E
1IAR_A_B,0.47940918155471407,298.0,-0.751331090927124,0.259631075880804,18,True,R,A
1IAR_A_B,1.4610797847390675,298.0,-0.9790456295013428,0.259631075880804,18,True,R,E
1IAR_A_B,-0.08643196189840358,298.0,-0.4926643371582031,0.0460758318863118,21,True,F,A
1IAR_A_B,-0.5803468159520844,298.0,0.621959924697876,0.0460758318863118,21,True,F,D
1IAR_A_B,0.34482117264128803,298.0,-2.7175627946853638,0.230364729768396,20,False,K,A
1IAR_A_B,1.8792531528429515,298.0,-2.291664719581604,0.230364729768396,20,False,K,D
1IAR_A_B,0.4266978299790874,298.0,-2.1229422092437744,0.0332304383006829,24,True,R,A
1IAR_A_B,1.2240611170637477,298.0,-1.856977939605713,0.0332304383006829,24,True,R,E
1IAR_A_B,2.8277323554298364,298.0,-2.6212074756622314,0.1020382758915612,25,True,R,Q
1IAR_A_B,3.753036463245231,298.0,-2.9674723148345943,0.1020382758915612,25,True,R,A
1IAR_A_B,1.5580959354804609,298.0,-3.8329774141311646,0.0017970131409653,24,True,N,A
1IAR_A_B,0.7292019564980542,298.0,1.6407480239868164,0.1260762385309333,23,True,W,A
1IAR_A_B,1.3060211281454808,298.0,0.04871082305908203,0.1260762385309333,23,True,W,D
1BRS_A_D,5.378539601288845,298.0,0.017078399658203125,0.0822896322804724,17,True,K,A
1BRS_A_D,5.243022671913886,298.0,-3.1952409744262695,0.1845633369240203,17,True,R,A
1BRS_A_D,5.417599030780119,298.0,-1.1552352905273438,0.0474059223388834,20,True,R,Q
1BRS_A_D,5.562209216333618,298.0,-2.3916828632354736,0.0001896236883329,26,False,R,A
1BRS_A_D,6.143043228259542,298.0,-0.9521031379699707,0.0041086401025254,23,True,H,A
1BRS_A_D,-0.13214263720953792,298.0,-0.4544546604156492,0.2503665579996342,14,True,Y,F
1BRS_A_D,3.468989944238368,298.0,-3.1612666845321655,0.2503665579996342,14,True,Y,A
1BRS_A_D,4.501153137793563,298.0,-4.195451378822327,0.0201473758816427,25,True,D,A
1BRS_A_D,1.6418900904659794,298.0,-1.3530688285827632,0.0738668005075756,21,True,W,F
1BRS_A_D,7.647562908423386,298.0,-2.269037365913391,0.0157086734980167,27,True,D,A
1BRS_A_D,1.856797887314728,298.0,-3.2695400714874268,0.1786001533011696,20,True,T,A
1BRS_A_D,0.056441418262292944,298.0,-1.274949312210083,0.180474769164742,18,True,W,F
1BRS_A_D,1.3635602050590228,298.0,-1.0232658386230469,0.2668907257863038,14,True,E,A
1BRS_A_D,0.5426151598260328,298.0,0.40619421005249023,0.5792065642857408,13,False,E,A
1BRS_A_D,1.4514525540669718,298.0,-0.28084230422973633,0.0348204970425162,22,False,E,Q
1BRS_A_D,1.656512726558611,298.0,2.178071618080139,0.0348204970425162,22,False,E,W
1BRS_A_D,2.4126525095711644,298.0,2.2226916551589966,0.0348204970425162,22,False,E,Y
1BRS_A_D,2.2341787472000707,298.0,0.6471633911132812,0.0348204970425162,22,False,E,F
1BRS_A_D,2.527629113767064,298.0,-1.1617646217346191,0.0348204970425162,22,False,E,C
1BRS_A_D,3.009139944051546,298.0,-0.07323884963989258,0.0348204970425162,22,False,E,S
1BRS_A_D,2.3466676742019272,298.0,-0.6441340446472168,0.0348204970425162,22,False,E,A
1BRS_A_D,2.4870093768109793,298.0,-0.9582986831665039,0.1845633369240203,17,True,R,K
1BRS_A_D,4.6332957750031,298.0,-3.1952409744262695,0.1845633369240203,17,True,R,A
1BRS_A_D,4.548553362532657,298.0,-1.978217601776123,0.0041086401025254,23,True,H,Q
1BRS_A_D,4.548553362532657,298.0,1.8204624652862549,0.0041086401025254,23,True,H,D
1BRS_A_D,6.817801025295113,298.0,-2.9115896224975586,0.0041086401025254,23,True,H,G
1BRS_A_D,6.909087003491876,298.0,-0.9521031379699707,0.0041086401025254,23,True,H,A
1BRS_A_D,7.662920311640112,298.0,-2.420490264892578,0.0041086401025254,23,True,H,L
1B2U_A_D,-5.043768297619596,298.0,0.13171482086181552,0.1205065262074884,16,True,A,K
1B2U_A_D,-4.166381834124313,298.0,0.16667485237121582,0.0725634727264196,24,True,A,D
1B2S_A_D,-3.8645639031314882,298.0,-0.601421594619751,0.1321793664483734,18,True,A,K
1B2S_A_D,-0.34282218915737106,298.0,0.3174030780792232,0.2517810947431821,18,True,A,T
1B3S_A_D,-5.67935898507035,298.0,1.440673828125,0.0880997888671048,23,True,A,H
1B3S_A_D,0.5958268803987293,298.0,0.4251837730407715,0.626245134010153,13,True,F,Y
1BRS_A_D,4.067813423849841,298.0,-4.195451378822327,0.0201473758816427,25,True,D,A
1BRS_A_D,5.932465628050414,298.0,-2.269037365913391,0.0157086734980167,27,True,D,A
1BRS_A_D,0.8231839389123327,298.0,-1.0232658386230469,0.2668907257863038,14,True,E,A
1BRS_A_D,0.41047252261649486,298.0,0.40619421005249023,0.5792065642857408,13,False,E,A
1X1W_A_D,-0.41047252261649486,298.0,-1.021929860115051,0.5363400131637109,14,False,A,E
1X1X_A_D,-0.8231839389123327,298.0,0.314464569091796,0.1747661876555061,17,True,A,E
1BRS_A_D,5.406840595496996,298.0,0.017078399658203125,0.0822896322804724,17,True,K,A
1BRS_A_D,1.4074459585166903,298.0,-2.581965982913971,0.0532274322458178,22,False,W,F
1BRS_A_D,-0.8884213170616633,298.0,-5.638028964400291,0.1619303226386461,21,False,D,A
1BRS_A_D,3.0649894715371278,298.0,-5.806765988469124,0.142604975018013,21,False,N,A
1BRS_A_D,5.1813521982825606,298.0,-3.1952409744262695,0.1845633369240203,17,True,R,A
1BRS_A_D,-0.3257301101460516,298.0,-1.9797253608703613,0.3033613552900482,15,True,E,A
1BRS_A_D,1.8969939922458516,298.0,-0.6441340446472168,0.0348204970425162,22,False,E,A
1BRS_A_D,5.9494557553230285,298.0,-2.3916828632354736,0.0001896236883329,26,False,R,A
1BRS_A_D,6.251959881841995,298.0,-0.9521031379699707,0.0041086401025254,23,True,H,A
1BRS_A_D,4.585895550264006,298.0,0.017078399658203125,0.0822896322804724,17,True,K,A
1BRS_A_D,1.1119500400960947,298.0,-2.581965982913971,0.0532274322458178,22,False,W,F
1BRS_A_D,-0.16733239486453685,298.0,-5.638028964400291,0.1619303226386461,21,False,D,A
1BRS_A_D,3.1143669491074553,298.0,-5.806765988469124,0.142604975018013,21,False,N,A
1BRS_A_D,4.888399676782973,298.0,-3.1952409744262695,0.1845633369240203,17,True,R,A
1BRS_A_D,0.5146326311661867,298.0,-1.9797253608703613,0.3033613552900482,15,True,E,A
1BRS_A_D,2.811862822588489,298.0,-0.6441340446472168,0.0348204970425162,22,False,E,A
1BRS_A_D,6.07364945878315,298.0,-0.9521031379699707,0.0041086401025254,23,True,H,A
1SBB_A_B,-0.09128597819676212,298.0,-1.495030164718628,0.0201937624642254,24,True,L,T
1SBB_A_B,-1.4548461832557849,298.0,-2.3821208477020264,0.2679512081094405,23,True,V,Y
1SBB_A_B,0.0790755111126666,298.0,2.836482286453247,0.3668338624675148,19,True,Y,V
1JCK_A_B,1.6541005575500751,298.0,-2.2109341621398935,0.0940966248242698,25,True,T,A
1JCK_A_B,1.7740327276755175,298.0,-0.43552613258361905,0.206267719149151,24,True,Y,A
1JCK_A_B,1.6418900904659794,298.0,-0.9927465915679927,0.1337282676026069,20,True,N,A
1JCK_A_B,2.594977772908507,298.0,-3.6320472359657288,0.0335295636130664,27,True,Y,A
1JCK_A_B,2.2319054750311067,298.0,-3.1355575919151306,0.1351742405150126,22,True,V,A
1JCK_A_B,0.6763348596794906,298.0,1.779689073562622,0.0240824953330173,23,True,K,A
1JCK_A_B,2.132978272456777,298.0,-0.3207716941833496,0.4223995965871954,18,True,F,A
1SBB_A_B,-0.10796839609752822,298.0,-1.495030164718628,0.0201937624642254,24,True,L,T
1SBB_A_B,-0.9056874577034333,298.0,-2.3821208477020264,0.2679512081094405,23,True,V,Y
1SBB_A_B,0.0912859781967621,298.0,2.836482286453247,0.3668338624675148,19,True,Y,V
1JCK_A_B,1.3227035460462468,298.0,-2.2109341621398935,0.0940966248242698,25,True,T,A
1JCK_A_B,2.076536854194484,298.0,-5.277989566326141,0.0574328820984803,24,True,N,A
1JCK_A_B,1.7471105156334135,298.0,-0.43552613258361905,0.206267719149151,24,True,Y,A
1JCK_A_B,1.0154807756544282,298.0,-0.9927465915679927,0.1337282676026069,20,True,N,A
1JCK_A_B,2.076536854194484,298.0,-3.6320472359657288,0.0335295636130664,27,True,Y,A
1JCK_A_B,1.9294013485121404,298.0,-3.1355575919151306,0.1351742405150126,22,True,V,A
1JCK_A_B,0.013015615641573032,298.0,-3.0509089827537537,0.0693013434239161,17,True,G,A
1JCK_A_B,0.12950483029665294,298.0,1.779689073562622,0.0240824953330173,23,True,K,A
1JCK_A_B,1.7870483433170905,298.0,-0.3207716941833496,0.4223995965871954,18,True,F,A
1JCK_A_B,2.076536854194484,298.0,-0.017191410064697266,0.0346251135385702,22,True,Q,A
1GCQ_AB_C,0.7674922553824679,298.0,-2.095948427915573,0.0,22,True,P,A
1GCQ_AB_C,1.352889886236563,298.0,-4.6999154686927795,0.0491993309345338,17,True,A,G
1GCQ_AB_C,2.1462863981921214,298.0,-4.677567176520824,0.0008343325633274,23,True,W,Y
1GCQ_AB_C,1.3158661640535187,298.0,-4.965946048498154,0.0626834755213165,17,True,P,A
1GCQ_AB_C,0.12075408097604963,298.0,-4.113303303718567,0.1721867655520955,16,True,P,A
1GCQ_AB_C,0.08521221548818189,298.0,-5.081225872039795,0.0412411602046009,20,False,P,A
1GCQ_AB_C,-0.025203236458317645,298.0,-5.0496328473091125,0.0311989955568633,19,True,G,V
1E96_A_B,1.085507457624508,293.0,-1.4919164180755613,0.1875633160851896,21,True,N,H
1E96_A_B,2.007862425722255,293.0,-0.43230652809143066,0.4795682488791843,11,True,I,N
1E96_A_B,2.1640593075762653,293.0,-1.3729438781738281,0.3229951897721211,15,False,D,N
1E96_A_B,0.35971314058096016,293.0,1.9507360458374023,0.5419085924829825,10,False,M,T
1E96_A_B,-0.1865949708687329,293.0,-1.0868116617202757,0.6514920102835008,8,False,K,E
1E96_A_B,-0.12524874163689795,293.0,-1.2256031036376953,0.4174040385965714,14,False,L,R
1AK4_A_D,1.0852303196520656,298.0,-3.7339725345373154,0.467264625701016,14,True,P,A
1AK4_A_D,0.9913065345424185,298.0,-1.0917437076568604,0.2204184577201639,16,True,V,A
1AK4_A_D,1.0095291007048206,298.0,1.7397186756134033,0.4483509639641178,19,True,H,A
1AK4_A_D,0.9725053785217762,298.0,2.6712710857391357,0.4483509639641178,19,True,H,Q
1AK4_A_D,1.6449663917882371,298.0,3.5311485528945923,0.4483509639641178,19,True,H,R
1AK4_A_D,0.7694180673977544,298.0,-4.920498728752137,0.0877160883566027,28,True,A,V
1AK4_A_D,2.6536580848501425,298.0,-3.2583013772964478,0.0877160883566027,28,True,A,G
1AK4_A_D,2.076536854194484,298.0,-5.5227148830890656,0.1225301342870786,22,True,G,A
1AK4_A_D,3.029624536637012,298.0,-5.478737145662308,0.1225301342870786,22,True,G,V
1AK4_A_D,2.1720377019480512,298.0,-1.2125521302223206,0.0033900605813945,21,True,P,A
1AK4_A_D,3.029624536637012,298.0,-3.1618357300758357,0.0033900605813945,21,True,P,V
1AK4_A_D,0.24011103330706618,298.0,-4.240878105163574,0.3446664716884173,13,True,I,A
1AK4_A_D,0.0,298.0,0.5439838767051697,0.3446664716884173,13,True,I,V
1AK4_A_D,0.5808340119259235,298.0,-2.8091177940368652,0.0978197714772535,17,True,A,G
1AK4_A_D,0.3589455447812595,298.0,-0.4849891662597656,0.0978197714772535,17,True,A,V
1AK4_A_D,0.6826014437951471,298.0,-3.4372148513793945,0.512136915754087,9,True,P,A
1M9E_A_D,-1.0095291007048206,298.0,-2.1992099285125732,0.5659183960814191,16,True,A,H
2B42_A_B,1.6212374728821843,295.0,0.049470663070679155,0.115510648295963,25,True,H,A
2B42_A_B,1.0648051899990711,295.0,-0.9741113185882564,0.115510648295963,25,True,H,Q
2B42_A_B,2.5407994366154156,295.0,-1.3417212963104244,0.115510648295963,25,True,H,K
2I26_N_L,0.030375205340314435,298.0,-1.6753368377685547,0.1516016737322703,23,True,A,V
2I26_N_L,-0.6261600255328542,298.0,1.6570839881896973,0.3980722534987918,15,False,S,R
2HLE_A_B,-0.41047252261649486,298.0,-3.5960782170295715,0.0867334458138083,23,True,K,Q
2HLE_A_B,2.286272682161236,298.0,-1.6035590171813965,0.0053592666441391,26,True,L,R
3BT1_A_U,-0.28751125804616073,298.0,0.19583845138549805,0.1357084495342476,12,False,R,A
3BT1_A_U,0.6739763761971361,298.0,-0.4876823425292973,0.3190843875964161,19,True,K,A
3BT1_A_U,0.3630722978774003,298.0,-0.5049574375152588,0.4035746205253127,17,False,R,A
3BT1_A_U,0.6613313404630257,298.0,-2.217177987098694,0.0010503335962139,23,False,H,A
3BT1_A_U,0.4201542642527688,298.0,-4.971305087208748,0.0073720093655427,29,False,R,A
1AHW_AB_C,3.8053425216717396,298.0,-3.052541494369507,0.0163023752781492,22,True,Y,A
1AHW_AB_C,-1.8890093318714167,298.0,-5.472874015569687,0.0503853644135046,24,False,Y,A
1AHW_AB_C,-0.07411994518312352,298.0,-0.43714261054992676,0.033415066330991,22,True,T,A
1AHW_AB_C,1.1057706448311257,298.0,-2.9815160334110264,0.0394974398220036,22,True,T,A
1AHW_AB_C,0.9869361333569323,298.0,-1.6248438358306894,0.4284354044265292,16,False,L,A
1AHW_AB_C,-0.48459246779961845,298.0,-0.7891004085540767,0.3266196165133376,13,True,D,A
1AHW_AB_C,1.345881678138192,298.0,-1.534378170967102,0.5884115707496431,14,True,T,A
1AHW_AB_C,-0.31423097849018977,298.0,0.7694957256317139,0.4824238500589697,11,True,V,A
1AHW_AB_C,1.0782221115536945,298.0,-2.723873257637024,0.2637906359844363,14,False,N,A
1UUZ_A_D,1.5189288258956455,298.0,0.04958391189575195,0.3566117894337805,22,True,H,Q
1UUZ_A_D,1.5189288258956455,298.0,1.6992391347885132,0.3566117894337805,22,True,H,N
1UUZ_A_D,3.377703966041606,298.0,0.9606161117553711,0.3566117894337805,22,True,H,D
1UUZ_A_D,1.7740327276755175,298.0,-1.028153896331787,0.3566117894337805,22,True,H,A
1UUZ_A_D,0.6505835559235611,298.0,-1.8653531670570374,0.026286918544365,24,True,C,A
1DVF_AB_CD,1.6493819136772232,298.0,-0.9528360366821289,0.2900847586302628,19,True,H,A
1DVF_AB_CD,2.030369068345176,298.0,-1.3579657077789302,0.0751064196457171,20,True,Y,A
1DVF_AB_CD,1.6287221438466404,298.0,-4.755142658948898,0.0754904679974413,25,True,Y,A
1DVF_AB_CD,0.6877734126771439,298.0,0.2596240043640141,0.2493216026679388,18,True,Y,A
1DVF_AB_CD,0.34072297861885736,298.0,0.12746095657348633,0.1126349330334666,18,True,W,A
1DVF_AB_CD,1.162438598681201,298.0,-0.056397438049316406,0.2003881898091644,18,True,S,A
1DVF_AB_CD,0.9075123795568999,298.0,-2.283551216125488,0.2697350916846103,15,True,T,A
1DVF_AB_CD,1.831470254957875,298.0,0.0167694091796875,0.1219763144622466,23,True,Y,A
1DVF_AB_CD,4.132997661299389,298.0,-3.602440297603607,0.0318788140943579,23,True,W,A
1DVF_AB_CD,4.281255215961087,298.0,-5.299794353544712,0.2128301763072669,18,True,D,A
1DVF_AB_CD,1.162438598681201,298.0,0.28981804847717285,0.1901504335619604,14,True,N,A
1DVF_AB_CD,1.600004436106896,298.0,1.3328007459640505,0.1158832596206211,19,True,D,A
1DVF_AB_CD,4.186647935324034,298.0,-2.2556285858154297,0.0,20,False,E,A
1DVF_AB_CD,1.8746446729873085,298.0,-1.5683989524841304,0.1777802366480308,19,True,R,A
1DVF_AB_CD,2.7895135033299456,298.0,-1.366405725479126,0.2244964353098937,19,True,D,A
1DVF_AB_CD,2.012313197939765,298.0,-0.6146807670593262,0.1109584608239318,18,True,Y,F
1DVF_AB_CD,4.186647935324034,298.0,-2.2556285858154297,0.0,20,False,E,A
1DVF_AB_CD,4.281255215961087,298.0,-5.299794353544712,0.2128301763072669,18,True,D,A
1DVF_AB_CD,1.600004436106896,298.0,1.3328007459640505,0.1158832596206211,19,True,D,A
1DVF_AB_CD,1.7284574247898894,298.0,-4.755142658948898,0.0754904679974413,25,True,Y,A
1DVF_AB_CD,2.030369068345176,298.0,-1.3579657077789302,0.0751064196457171,20,True,Y,A
1DVF_AB_CD,1.162438598681201,298.0,0.28981804847717285,0.1901504335619604,14,True,N,A
1DVF_AB_CD,4.132997661299389,298.0,-3.602440297603607,0.0318788140943579,23,True,W,A
1DVF_AB_CD,2.7895135033299456,298.0,-1.366405725479126,0.2244964353098937,19,True,D,A
1DVF_AB_CD,4.73943360805781,298.0,-0.06495189666748047,0.035108180904075,22,True,Y,A
1DVF_AB_CD,1.8606000619994276,298.0,-4.856933653354645,0.0393917487869292,28,True,Y,A
1DVF_AB_CD,1.6287221438466404,298.0,-0.1431813240051274,0.0401750771699365,21,True,Q,A
1DVF_AB_CD,1.8606000619994276,298.0,-4.457647144794464,0.2570886212066997,15,True,N,A
1DVF_AB_CD,4.090680615177067,298.0,-1.9700387716293335,0.0524048754830511,20,True,R,A
1DVF_AB_CD,1.003517001626514,298.0,0.9521899223327632,0.4055054122274985,12,False,K,A
1DVF_AB_CD,1.8606000619994276,298.0,-1.7694964408874512,0.1667961320176618,20,True,H,A
1DVF_AB_CD,1.682289638940582,298.0,-1.0939571857452393,0.0354375173359598,19,True,D,A
1DVF_AB_CD,2.6815451072324175,298.0,-3.344748735427857,0.2077860734712114,20,True,I,A
1VFB_AB_C,0.8448823642883085,298.0,-1.6276342868804932,0.2330957018955666,21,True,H,A
1VFB_AB_C,1.339385963947013,298.0,-3.028021454811096,0.03122169155905,20,True,Y,A
1VFB_AB_C,0.7975413789503337,298.0,-3.0774182081222534,0.0953860958616058,27,True,Y,A
1VFB_AB_C,0.38783842976612126,298.0,-1.196284532546997,0.1304787338330774,21,True,Y,A
1VFB_AB_C,2.7271204101180455,298.0,-2.5854159593582153,0.1290774275765337,17,True,W,A
1VFB_AB_C,0.3431238634750515,298.0,-0.20597290992736816,0.2478210941647291,16,True,S,A
1VFB_AB_C,-0.05584952748558165,298.0,0.2024085521697998,0.4525306747341773,14,False,T,A
1VFB_AB_C,0.4601460195245533,298.0,-3.4370821714401245,0.1185289565436442,19,True,Y,A
1VFB_AB_C,0.364304736767187,298.0,-3.162509799003601,0.0593381067433973,18,True,W,A
1VFB_AB_C,0.638619781895647,298.0,-4.577499091625214,0.4064137806952662,14,True,D,A
1VFB_AB_C,0.17771794009516576,298.0,-0.020981788635253906,0.481630195412459,11,False,N,A
1VFB_AB_C,-0.20700327876539967,298.0,1.4119012355804443,0.2298381036231357,19,False,D,A
1VFB_AB_C,1.156556926293623,298.0,-2.8734867572784424,0.0310276886863393,20,False,E,A
1VFB_AB_C,-0.09973528094324931,298.0,-1.302490234375,0.2434356615425314,20,True,R,A
1VFB_AB_C,3.0702442735930964,298.0,-2.377199411392211,0.172918193961587,22,True,D,A
1VFB_AB_C,0.9530876824425276,298.0,-1.529582262039184,0.0457624671233375,24,True,Y,F
1VFB_AB_C,0.14394741360653307,298.0,-1.8362032175064087,0.4165462449862446,12,False,S,N
1VFB_AB_C,0.07808107482054241,298.0,-2.81875479221344,0.4165462449862446,12,False,S,Q
1VFB_AB_C,0.0,298.0,-0.8402999639511108,0.4165462449862446,12,False,S,D
1VFB_AB_C,-0.10400726646010937,298.0,-2.346537709236145,0.4165462449862446,12,False,S,E
1VFB_AB_C,0.3064652561563855,298.0,0.6716527938842773,0.1201998928727448,15,True,G,A
1VFB_AB_C,-0.5097611452037523,298.0,2.36411452293396,0.1201998928727448,15,True,G,E
1VFB_AB_C,0.003961129637418797,298.0,-1.0204815864562988,0.1201998928727448,15,True,G,W
1VFB_AB_C,1.902187560773057,298.0,-3.7096155881881714,0.1185289565436442,19,True,Y,E
1VFB_AB_C,-0.12818150757211913,298.0,-0.6949260234832768,0.2298381036231357,19,False,D,N
1VFB_AB_C,0.07808107482054241,298.0,0.7026834487915039,0.2298381036231357,19,False,D,E
1VFB_AB_C,1.2353786974869034,298.0,-0.6067852973937984,0.2434356615425314,20,True,R,Y
1VFB_AB_C,0.7049740047449663,298.0,-0.68232250213623,0.2434356615425314,20,True,R,W
1VFB_AB_C,0.17432261894684759,298.0,-3.0544190406799316,0.2049770670923426,23,False,N,W
1VFB_AB_C,5.628563439182938,298.0,-1.7538443803787231,0.03122169155905,20,True,Y,W
1VFB_AB_C,5.628563439182938,298.0,-5.204113163053989,0.0715913831262942,22,False,L,D
1VFB_AB_C,5.628563439182938,298.0,-4.946868099272251,0.0715913831262942,22,False,L,E
1VFB_AB_C,0.844323870949657,298.0,-1.3648173809051514,0.1304787338330774,21,True,Y,R
1VFB_AB_C,1.7156007641010358,298.0,-1.7718007564544678,0.1304787338330774,21,True,Y,K
1VFB_AB_C,0.4708750705162067,298.0,-3.155479907989502,0.440033204180118,14,False,T,F
1VFB_AB_C,1.6458512201033983,298.0,-0.9595870971679688,0.2185839198919453,16,True,T,R
1EFN_A_B,1.2429916171691568,298.0,-1.4248864650726318,0.1827933312567812,17,True,T,H
1EFN_A_B,1.45037682866163,298.0,-3.649060606956482,0.0555805795993664,20,True,I,A
2GOX_A_B,2.245733975732098,298.0,-1.234268307685852,0.1415774204728797,19,True,R,A
2GOX_A_B,1.5688266784316196,298.0,-5.411194838583469,0.024449111065453,24,True,N,A
3D5S_A_C,-2.245733975732098,298.0,0.7674781084060673,0.1435363990210243,18,True,A,R
3D5R_A_C,-1.5688266784316196,298.0,2.4459729194641113,0.0538296504171963,24,True,A,N
2GOX_A_B,1.5189288258956455,298.0,-1.234268307685852,0.1415774204728797,19,True,R,A
2GOX_A_B,1.3331849997187082,298.0,-5.411194838583469,0.024449111065453,24,True,N,A
3D5S_A_C,-1.5189288258956455,298.0,0.7674781084060673,0.1435363990210243,18,True,A,R
3D5R_A_C,-1.3331849997187082,298.0,2.4459729194641113,0.0538296504171963,24,True,A,N
3BP8_A_C,0.7086698179862987,298.0,0.7264536619186401,0.0017583439583413,20,True,F,A
3BP8_A_C,0.6152186210234452,298.0,-3.9394848346710205,0.0142742557581142,26,True,A,F
2VIS_AB_C,-4.911625660410057,298.0,1.8240368366241464,0.0882972340755168,24,True,I,T
2VIR_AB_C,3.680208092560573,298.0,-4.828576445579529,0.004579595981025,24,True,S,L
2VIR_AB_C,4.911625660410057,298.0,-2.9235007762908936,0.0933752998736403,24,True,T,I
2HRK_A_B,0.6239211318535113,298.0,-3.4052281379699707,0.0368264219989719,23,True,T,V
2HRK_A_B,0.7207467825596073,298.0,-1.9371941089630127,0.0348213469382574,24,True,T,V
2HRK_A_B,0.9530876824425276,298.0,-3.2698649168014526,0.3937050874098371,14,True,K,A
2WPT_A_B,-3.4018782071536156,298.0,-0.31521463394165083,0.0220018825516157,24,True,D,L
2WPT_A_B,-0.8966462641802346,298.0,1.8424327373504634,0.1625461874532338,19,True,N,V
2WPT_A_B,-1.037830094912971,298.0,-1.008009910583496,0.4247574535342627,15,True,R,T
2WPT_A_B,0.038218852099890864,298.0,-2.4147046804428096,0.1251288941103269,13,False,E,H
2WPT_A_B,-0.372253670516604,298.0,-0.4596449136734009,0.3905196908061045,12,False,R,E
2WPT_A_B,1.7331760686627418,298.0,-0.9557807445526123,0.1601804561913726,18,True,E,A
2WPT_A_B,-0.13214263720953792,298.0,-2.618476629257203,0.0220018825516157,24,True,D,A
2WPT_A_B,-0.3797026576995604,298.0,-0.613592386245728,0.1625461874532338,19,True,N,A
2WPT_A_B,3.80759418473735,298.0,-2.050583600997925,0.0,23,True,V,A
2WPT_A_B,-1.1104335561103833,298.0,0.1506342887878418,0.4247574535342627,15,True,R,A
2WPT_A_B,4.501153137793563,298.0,-3.3728044033050537,0.0662632264752852,20,True,E,A
2WPT_A_B,-0.24011103330706612,298.0,-1.7541778087615962,0.3905196908061045,12,False,R,A
2WPT_A_B,2.4246162835990783,298.0,-0.7352254390716557,0.0020346754868634,22,True,S,A
2WPT_A_B,5.214129786929024,298.0,-5.31482920050621,0.1674450840473047,18,True,D,A
2WPT_A_B,5.214129786929024,298.0,-2.132477045059204,0.0192425586873389,24,True,Y,A
2WPT_A_B,5.214129786929024,298.0,-2.1809716224670415,0.2972600770774331,18,True,Y,A
2WPT_A_B,2.926374784412335,298.0,-3.4353935569524765,0.1893400330245896,18,False,P,A
2WPT_A_B,1.1338347169825853,298.0,-0.27110576629638716,0.1940640920899987,19,True,R,A
2WPT_A_B,0.9174143096746563,298.0,-4.197197735309601,0.1127573442634985,16,True,N,A
2WPT_A_B,-0.8489275738928358,298.0,2.2594697773456573,0.040841605912795,25,True,S,A
2WPT_A_B,1.2370844692072616,298.0,-2.6822228431701665,0.0042335204200204,26,True,N,A
2WPT_A_B,-0.6113690732998177,298.0,2.0883076190948486,0.1820801151179127,19,True,S,A
2WPT_A_B,-0.14947616751542606,298.0,1.3714942932128906,0.0067159776708063,26,True,S,A
2WPT_A_B,-0.09356801058840247,298.0,1.404949128627777,0.0055669482088693,22,False,S,A
2WPT_A_B,1.1696568149782867,298.0,-2.578142464160919,0.0202013139275945,25,True,F,A
2WPT_A_B,0.5259848000038726,298.0,0.4197397232055664,0.0006434119540537,26,False,T,A
2WPT_A_B,0.8997357827538256,298.0,-0.8839251995086672,0.0689086845992226,21,True,Q,A
2WPT_A_B,0.497185608029696,298.0,-1.602860927581787,0.0281037359913988,24,True,K,A
2WPT_A_B,0.11924848330006943,298.0,-1.1242282390594482,0.1485297314792086,23,True,V,A
2WPT_A_B,0.6097268969107853,298.0,-0.27110576629638716,0.1940640920899987,19,True,R,A
2WPT_A_B,0.48459246779961845,298.0,-4.197197735309601,0.1127573442634985,16,True,N,A
2WPT_A_B,0.5808340119259235,298.0,2.2594697773456573,0.040841605912795,25,True,S,A
2WPT_A_B,1.2649917947845504,298.0,-2.6822228431701665,0.0042335204200204,26,True,N,A
2WPT_A_B,-0.3025041265189667,298.0,2.0883076190948486,0.1820801151179127,19,True,S,A
2WPT_A_B,-0.04085665901277569,298.0,1.3714942932128906,0.0067159776708063,26,True,S,A
2WPT_A_B,-0.04085665901277569,298.0,1.404949128627777,0.0055669482088693,22,False,S,A
2WPT_A_B,0.9451387486931105,298.0,-2.578142464160919,0.0202013139275945,25,True,F,A
2WPT_A_B,0.22680290757172167,298.0,0.4197397232055664,0.0006434119540537,26,False,T,A
2WPT_A_B,-0.132142637209538,298.0,-0.8839251995086672,0.0689086845992226,21,True,Q,A
2WPT_A_B,0.8008689981434107,298.0,-1.602860927581787,0.0281037359913988,24,True,K,A
2WPT_A_B,0.41047252261649486,298.0,-1.1242282390594482,0.1485297314792086,23,True,V,A
2VLP_A_B,-1.665700915381987,298.0,-0.17607402801513672,0.1524956560415256,20,False,A,R
2VLN_A_B,-2.334540084521325,298.0,-0.5322003364562988,0.0407262386618774,22,True,A,N
2VLQ_A_B,-3.878943232562238,298.0,3.0675432085990906,0.0537446181967466,26,True,A,F
2VLO_A_B,-1.9596368047844788,298.0,3.5917996168136597,0.0665944772372764,25,True,A,K
1EMV_A_B,1.665700915381987,298.0,-0.405071496963501,0.1870480289010325,18,True,R,A
1EMV_A_B,1.1646690240743687,298.0,-4.354639887809753,0.1338888002686009,15,True,N,A
1EMV_A_B,-0.24101999230793322,298.0,1.8086379170417786,0.0248848831953956,26,True,S,A
1EMV_A_B,2.334540084521325,298.0,-2.1188206672668457,0.0021992491175291,25,True,N,A
1EMV_A_B,-0.2328891551097506,298.0,1.9682829976081853,0.1746400679178492,19,True,S,A
1EMV_A_B,-0.5398966240366272,298.0,2.710469126701355,0.0016923012451389,27,True,S,A
1EMV_A_B,-0.1094234009395741,298.0,0.8142286539077759,0.0026527176824248,22,False,S,A
1EMV_A_B,3.878943232562238,298.0,-3.831633061170578,0.0061043968142286,25,True,F,A
1EMV_A_B,0.15843478603008226,298.0,-0.23222947120666504,0.0014476169373655,27,False,T,A
1EMV_A_B,-0.2776037214008204,298.0,-0.8362088203430176,0.1105903511900693,20,True,Q,A
1EMV_A_B,1.9596368047844788,298.0,-2.8540635108947754,0.0781072903036742,24,True,K,A
1EMV_A_B,1.0888522677796106,298.0,-1.610966444015503,0.0759630908885788,21,True,V,A
1EMV_A_B,0.9215569905447809,298.0,-1.5824501514434814,0.0520502012048065,20,True,C,A
1EMV_A_B,0.13940882251643244,298.0,-2.5246416330337524,0.4293288722828516,15,True,N,A
1EMV_A_B,0.3365962255227166,298.0,-1.8462514877319336,0.5442278973269459,13,False,D,A
1EMV_A_B,0.7281339910637894,298.0,-0.4325881004333496,0.1525407550806304,17,True,T,A
1EMV_A_B,0.17309676748791117,298.0,-1.138509750366211,0.669239436001822,8,False,S,A
1EMV_A_B,0.9560048640697758,298.0,-5.231913536787033,0.2526153000230581,10,True,S,A
1EMV_A_B,1.4160003467957893,298.0,-1.539528846740723,0.1601145418469645,18,True,E,A
1EMV_A_B,0.3068745277044528,298.0,-0.9343156814575193,0.6271708277885994,11,False,E,A
1EMV_A_B,0.22028703417736792,298.0,-1.2445240020751953,0.3416111163817762,14,False,E,A
1EMV_A_B,3.417747739994964,298.0,-4.760620206594467,0.0041397193867852,24,True,L,A
1EMV_A_B,2.578295355007741,298.0,-2.288168787956238,0.1568258123266874,20,True,V,A
1EMV_A_B,0.19189792350855345,298.0,0.33996093273162864,0.6005280350147518,13,False,K,A
1EMV_A_B,0.9067222704699774,298.0,-0.2948852777481079,0.1608974036800945,17,False,L,A
1EMV_A_B,1.6638669759109947,298.0,-3.885641485452652,0.0,21,True,V,A
1EMV_A_B,0.8995634458074828,298.0,-0.3234395980834961,0.2731542348347229,15,True,T,A
1EMV_A_B,2.083080419920803,298.0,-3.9425505697727203,0.1231363806801716,19,True,E,A
1EMV_A_B,0.6578497412304555,298.0,-0.8847599029541016,0.5152784373069375,13,False,E,A
1EMV_A_B,0.30469335885627025,298.0,-4.127268850803375,0.000311603013628,23,False,T,A
1EMV_A_B,0.21267853543175022,298.0,-1.6569445133209229,0.4254633522599577,15,False,E,A
1EMV_A_B,0.8318111606096548,298.0,-4.710052162408829,0.100140945105694,17,False,H,A
1EMV_A_B,0.43727287301133266,298.0,-3.258648037910461,0.5752607931659879,10,True,P,A
1EMV_A_B,0.007266185306894499,298.0,0.4373114109039311,0.1693976140131145,19,True,S,A
1EMV_A_B,1.485378031018068,298.0,-3.7909540832042694,0.0169576445325637,22,True,G,A
1EMV_A_B,2.1872405284704945,298.0,-0.5298206806182866,0.0031069009059336,22,True,S,A
1EMV_A_B,5.915478273648161,298.0,-5.328827619552612,0.1454409918329201,18,True,D,A
1EMV_A_B,0.6010471234005145,298.0,-4.093072235584259,0.0894811790775437,25,False,L,A
1EMV_A_B,0.8477453956278275,298.0,-4.509070336818695,0.0,22,True,I,A
1EMV_A_B,4.83463531579262,298.0,-2.8716211318969735,0.0093400348574383,25,True,Y,A
1EMV_A_B,4.634756162112646,298.0,-2.377509355545044,0.2545563732212751,20,True,Y,A
1EMV_A_B,1.2422836832261497,298.0,-4.652601592242718,0.2756875692733069,19,False,P,A
1EMV_A_B,0.511084467928286,298.0,0.8898622989654541,0.3176653069906758,14,False,D,A
1EMV_A_B,0.8700300127095456,298.0,-4.757931649684906,0.2845903132971494,15,False,S,A
1EMV_A_B,1.8558435169666663,298.0,-2.6637229919433594,0.0281193041274486,22,False,V,A
1EMV_A_B,0.2778727748687834,298.0,0.04280114173889116,0.3736660929322538,15,False,N,A
1FR2_A_B,-2.083080419920803,298.0,1.6309588551521301,0.1774304834319026,19,True,A,E
2GYK_A_B,-5.915478273648161,298.0,3.251339495182038,0.1446710385552587,17,True,A,D
1KIQ_AB_C,-2.4949583105603965,298.0,1.5725002288818357,0.0497940935841526,22,True,F,Y
1KIP_AB_C,-0.8005929847742564,298.0,2.3048099279403687,0.0748309385635708,19,False,A,Y
1KIR_AB_C,-1.3870938980579568,298.0,0.44124770164489746,0.191897508300243,20,True,S,Y
2B0Z_A_B,-2.527866035823755,298.0,2.23310923576355,0.2725109133178608,17,False,I,F
2B10_A_B,-1.1643058307647323,298.0,4.1006865203380585,0.199906078126495,20,True,S,F
2B11_A_B,-0.7538333081482373,298.0,3.166579246520996,0.1104937166902382,20,True,W,F
2B12_A_B,-1.5747783533812272,298.0,2.127986580133438,0.1909985195632725,16,False,Y,F
2PCC_A_B,-0.8966462641802349,298.0,-0.701491117477417,0.1458366082743284,19,True,D,A
2PCC_A_B,2.101740090652802,298.0,-5.089202463626862,0.0154183672442851,21,True,V,A
2PCC_A_B,6.199777156615607,298.0,-0.817543625831604,0.4055461011046838,14,True,E,A
2PCC_A_B,0.9014670708537889,298.0,-2.7017498016357417,0.3272265991582717,15,True,K,A
2PCC_A_B,0.3035331218652746,298.0,-2.686697244644165,0.3360160274072468,18,True,K,A
2PCC_A_B,1.9010033960030586,298.0,-1.7766220569610591,0.2828045222413002,21,True,A,G
2PCB_A_B,-0.0565006398907038,298.0,-3.4573628455400467,0.4122964631903201,9,False,E,Q
2PCB_A_B,0.6054818129774439,298.0,-1.5533710718154907,0.488106656655072,12,True,E,Q
2PCB_A_B,0.6757045385206728,298.0,-1.2521083354949951,0.3286093158463948,17,True,E,Q
2PCB_A_B,0.7333487155627716,298.0,-1.7332627773284912,0.3352363876503194,17,True,A,F
2PCB_A_B,0.8209450452329897,298.0,-0.10572528839111328,0.0858275184999524,21,True,D,N
2PCB_A_B,0.8706185421410482,298.0,-2.3970234394073486,0.4868000408919749,13,True,E,N
2JEL_LH_P,0.0,298.0,0.7244787216186523,0.0284915398843361,27,True,F,Y
2JEL_LH_P,2.619152014020517,298.0,-0.8374952077865601,0.0284915398843361,27,True,F,W
2JEL_LH_P,4.090680615177067,298.0,-0.116316318511962,0.1273974241981387,19,True,Q,K
2JEL_LH_P,1.3635602050590228,298.0,0.5305092334747314,0.0730693488523216,19,True,Q,K
2JEL_LH_P,0.41047252261649486,298.0,0.5131675004959106,0.5097346435102138,13,False,E,D
2JEL_LH_P,0.7129766491354615,298.0,-0.368502140045166,0.5097346435102138,13,False,E,Q
2JEL_LH_P,0.0,298.0,-4.554607808589935,0.1019913935057045,18,False,V,F
2JEL_LH_P,0.41047252261649486,298.0,-3.9979042410850525,0.3043693684988625,12,False,T,N
2JEL_LH_P,0.0,298.0,-3.352296769618988,0.3043693684988625,12,False,T,S
2JEL_LH_P,0.0,298.0,-1.0748395919799805,0.7704978612407822,5,False,P,E
2JEL_LH_P,0.0,298.0,-0.5713982582092287,0.4808786224255036,7,False,N,D
2JEL_LH_P,0.0,298.0,0.575232982635498,0.5512841077826228,9,False,R,G
2JEL_LH_P,0.0,298.0,0.40284800529480025,0.5512841077826228,9,False,R,K
2JEL_LH_P,0.0,298.0,0.003022432327270508,0.5949486753532446,11,False,K,E
2JEL_LH_P,0.0,298.0,-3.2171784043312073,0.5489168223053964,12,False,K,E
2JEL_LH_P,6.817801025295113,298.0,-3.54969084262848,0.0892705908369281,24,True,T,N
2JEL_LH_P,0.0,298.0,-4.035832047462463,0.0892705908369281,24,True,T,Q
2JEL_LH_P,0.41047252261649486,298.0,-0.7414190769195557,0.1610912917977397,19,True,T,Q
2JEL_LH_P,0.0,298.0,-3.157768487930298,0.7527721502019067,11,False,N,T
2JEL_LH_P,1.4957028422685605,298.0,-4.687357187271118,0.2439689314877967,19,True,S,C
2JEL_LH_P,0.0,298.0,-3.8020191192626953,0.3252610614729179,16,False,S,C
2JEL_LH_P,0.0,298.0,-2.8256185054779053,0.1930713482672593,15,False,S,C
2JEL_LH_P,-0.41047252261649486,298.0,0.6782231330871582,0.5374676686115987,12,False,Q,E
2JEL_LH_P,0.0,298.0,-2.250544905662536,0.1972607460880601,18,False,T,N
2JEL_LH_P,0.0,298.0,-2.8271392583847046,0.1972607460880601,18,False,T,A
2JEL_LH_P,4.090680615177067,298.0,-0.7762069702148438,0.0109275452369433,26,True,S,T
2JEL_LH_P,4.090680615177067,298.0,-1.2078542709350586,0.1030025598553683,20,True,E,K
2JEL_LH_P,0.41047252261649486,298.0,-0.6017322540283203,0.5420432189762374,15,True,E,A
2JEL_LH_P,0.9530876824425276,298.0,-4.348891690373421,0.1785954606506778,20,False,D,E
2JEL_LH_P,4.090680615177067,298.0,-5.603953376412392,0.0084841208014708,27,True,E,K
2JEL_LH_P,2.7271204101180455,298.0,-3.768571391701698,0.0084841208014708,27,True,E,A
2JEL_LH_P,2.7271204101180455,298.0,-1.2051844596862793,0.0155485489644938,24,True,Q,E
2JEL_LH_P,0.0,298.0,-1.5124982595443723,0.3561651422712351,19,True,K,R
2JEL_LH_P,0.41047252261649486,298.0,0.3943704366683962,0.3561651422712351,19,True,K,E
2JEL_LH_P,2.7271204101180455,298.0,-1.9881572723388672,0.1251919103691366,20,True,E,R
2JEL_LH_P,-0.650583555923561,298.0,1.196736335754395,0.2517934355603744,20,False,H,D
2JEL_LH_P,-0.41047252261649486,298.0,2.0974453687667847,0.2517934355603744,20,False,H,A
2JEL_LH_P,0.41047252261649486,298.0,-1.5315093994140625,0.4488942729625939,13,False,K,E
2JEL_LH_P,0.0,298.0,1.454365730285645,0.2884259656369813,11,False,A,S
2JEL_LH_P,0.0,298.0,-0.5278573036193848,0.6381470969636398,8,False,E,A
2JEL_LH_P,0.0,298.0,-0.28375482559204057,0.9043235097812636,3,False,E,Q
2JEL_LH_P,0.0,298.0,-0.6145260334014893,0.9043235097812636,3,False,E,D
2JEL_LH_P,0.0,298.0,-0.40752696990966797,0.9043235097812636,3,False,E,A
2JEL_LH_P,0.0,298.0,0.24282574653625488,0.9043235097812636,3,False,E,K
2OOB_A_B,-0.17822000597754953,298.0,-3.372063159942627,0.1963549315118641,21,False,K,E
2OOB_A_B,3.1019705813240463,298.0,-5.324243113398552,0.0069451489194572,22,True,A,E
2OOB_A_B,0.23525854681350647,298.0,0.9292305707931519,0.4140578764289184,17,True,G,S
2O3B_A_B,5.472463386398492,298.0,-3.0114392042160034,0.0016457274705271,25,True,E,A
2O3B_A_B,0.5990565780883257,298.0,-1.3405121564865112,0.0016457274705271,25,True,E,D
2O3B_A_B,5.3959459210466205,298.0,-1.5069776773452759,0.0016457274705271,25,True,E,Q
2O3B_A_B,3.2315167178441873,298.0,-2.109931588172913,0.2323379904499175,12,True,Q,A
2O3B_A_B,5.435439664215448,298.0,0.3014546632766728,0.5925634093253722,6,True,D,E
2O3B_A_B,5.900614435935818,298.0,-2.3138350248336788,0.5925634093253722,6,True,D,N
2O3B_A_B,4.071879459156426,298.0,-4.204408288002014,0.1443374250178999,11,True,W,A
2J0T_A_D,0.0,298.0,-1.190199613571167,0.2621991299979793,17,True,V,A
2J0T_A_D,1.6418900904659794,298.0,-0.08399200439453125,0.2621991299979793,17,True,V,I
2J0T_A_D,1.8237062245835758,298.0,0.9173251390457153,0.2621991299979793,17,True,V,K
2J0T_A_D,0.9819805674273895,298.0,-0.632469654083252,0.2621991299979793,17,True,V,S
2J0T_A_D,2.1054297391793457,298.0,-0.6486389636993408,0.063235889109478,25,True,S,A
2J0T_A_D,2.184505250292012,298.0,-2.4821032285690308,0.063235889109478,25,True,S,E
2J0T_A_D,2.8350888062155732,298.0,-4.458038687705994,0.063235889109478,25,True,S,R
2J0T_A_D,2.9770198757513056,298.0,-4.183075308799744,0.063235889109478,25,True,S,Y
2J0T_A_D,2.6809526242687376,298.0,-2.8753786087036133,0.0024630023526529,27,True,T,L
2J0T_A_D,5.043768297619596,298.0,-2.147470474243164,0.0024630023526529,27,True,T,R
2J0T_A_D,1.5937182868909552,298.0,-2.431035041809082,0.0024630023526529,27,True,T,S
2J0T_A_D,4.387812204059009,305.0,-2.7849626541137695,0.0024630023526529,27,True,T,A
2J0T_A_D,1.6804579784970595,305.0,-0.28138327598571733,0.23750016652106,22,True,M,A
2J0T_A_D,0.8091402723733756,305.0,-0.49591875076293945,0.0583549362335929,24,True,V,I
2J0T_A_D,1.3181107072620541,305.0,0.7844381332397461,0.0583549362335929,24,True,V,T
2J0T_A_D,4.40777956123657,305.0,-4.868587613105774,0.0126973418185077,25,True,C,S
2C0L_A_B,0.7035906027721828,305.0,-1.7239775657653809,0.0239706434393392,28,False,N,A
2C0L_A_B,1.5207442948533696,305.0,-4.608646869659424,0.0013251184918881,23,False,Q,R
2C0L_A_B,0.27998274344536683,305.0,-1.1900057792663574,0.0080352272149365,22,False,S,Y
2BTF_A_P,1.5950260239100018,298.0,-3.632043719291687,0.1215832612698351,20,True,F,A
2BTF_A_P,0.9782909189008454,298.0,-2.3954795598983765,0.2898849470543274,16,True,V,E
2BTF_A_P,1.7201604530211685,298.0,-2.1384634971618652,0.0131902017279796,25,True,G,F
2BTF_A_P,0.45985000018682237,298.0,-0.5748956203460693,0.1124710461684898,21,True,K,A
2AJF_A_E,-0.007356450785736988,298.0,-0.5424194335937504,0.6952799329519047,7,False,K,R
2AJF_A_E,-0.08221709234159869,298.0,2.166853666305542,0.5377122759697012,10,False,F,S
2AJF_A_E,2.0117017506239043,298.0,2.353010892868042,0.1309586619769521,21,True,N,K
2AJF_A_E,1.8231176951520733,298.0,1.6917667388916016,0.0017731731575523,25,True,T,S
2A9K_A_B,2.409935721897586,310.0,-5.049612835049629,0.0241259771266486,26,True,G,D
2A9K_A_B,3.1516228401257504,310.0,-2.353586912155151,0.1937186672678024,20,True,E,A
4CPA_A_I,2.594977772908507,298.0,-3.486598342657089,0.0139544404227095,22,True,P,G
4CPA_A_I,0.5017585008132571,298.0,-1.9319305419921875,0.1059058589395804,23,True,Y,G
4CPA_A_I,0.0,298.0,-0.5461368560791016,0.1059058589395804,23,True,Y,F
4CPA_A_I,3.7330495807530952,298.0,-1.4498353004455566,0.0,25,True,V,G
4CPA_A_I,2.3244915342611265,298.0,-2.3355486392974854,0.0,25,True,V,A
4CPA_A_I,1.2788177925885793,298.0,-1.959820032119751,0.0,25,True,V,L
4CPA_A_I,0.19925437429429046,298.0,0.39878201484680176,0.0,25,True,V,I
4CPA_A_I,0.0,298.0,-2.2813994884490967,0.0,25,True,V,F
1XD3_A_B,1.3750425106734239,305.0,-4.127596735954285,0.2837835101074765,18,False,K,A
1XD3_A_B,-0.06385870278399207,305.0,-5.3921999633312225,0.0566913300896134,22,False,K,A
1XD3_A_B,-0.8820453684394579,305.0,-1.2816532850265507,0.1269467573698098,20,True,R,L
1XD3_A_B,0.8887426420855226,305.0,-1.1694834232330318,0.4300368852581159,13,False,R,L
1XD3_A_B,0.0,305.0,-0.6157900094985962,0.1098929272585377,22,True,H,N
1XD3_A_B,1.3317314399777593,305.0,-1.1390571594238281,0.0128967766443368,20,True,R,L
1XD3_A_B,2.4324952435454597,305.0,-4.296165615320206,0.0942627758689946,25,True,R,L
1XD3_A_B,-0.24575122536461474,305.0,1.8419739603996277,0.4833932745354558,15,False,E,A
1XD3_A_B,-0.42011449462426487,305.0,-0.3001887798309326,0.445792228476959,13,True,D,A
1XD3_A_B,1.5699534120214014,305.0,-2.3159347772598267,0.5484956062586214,12,False,E,A
1XD3_A_B,-0.24575122536461474,305.0,-3.605223059654236,0.3292537702866531,13,False,D,A
1XD3_A_B,-0.24575122536461474,305.0,-4.341434419155121,0.360096909943679,14,False,D,A
1XD3_A_B,0.30960992814860683,305.0,0.025379180908203125,0.2837835101074765,18,False,K,R
1XD3_A_B,2.738442942437104,305.0,-4.448441028594971,0.0591013544535511,25,True,L,A
1XD3_A_B,1.434706753132445,305.0,-1.130124032497406,0.3808586377316098,13,True,K,R
1XD3_A_B,0.27210742551749556,305.0,-3.602805584669113,0.0566913300896134,22,False,K,R
1XD3_A_B,0.0,305.0,-2.6999316215515137,0.4919287762454614,12,False,K,R
1XD3_A_B,0.27210742551749556,305.0,-0.8647389411926278,0.0007750744317149,20,True,I,A
1S1Q_A_B,0.6592031271890784,293.0,-3.481334686279297,0.0987268079108511,20,True,V,A
1S1Q_A_B,0.19591118009472178,293.0,-2.1710798740386963,0.2306253114301141,13,False,F,A
1S1Q_A_B,1.210756199261406,293.0,1.1116149425506592,0.3437325086376433,17,True,N,A
1S1Q_A_B,0.948895993990521,293.0,-5.100265026092529,0.3750302166562743,11,True,D,A
1S1Q_A_B,0.275947745656548,293.0,-0.25765466690063477,0.0782860529190666,19,False,W,A
1S1Q_A_B,0.7619015372366142,293.0,-3.400338292121887,0.0212551910247342,21,True,F,A
1NCA_N_LH,0.0,298.0,1.2827270030975342,0.1528587084525264,17,True,N,Q
1NCA_N_LH,0.41047252261649486,298.0,-2.039715051651001,0.0233075878873808,27,True,E,D
1NCA_N_LH,0.7141598396845155,298.0,-5.656781762838364,0.0094537535896704,26,True,D,K
1NCA_N_LH,0.5426151598260328,298.0,-0.5533823966979976,0.0405906860371743,26,True,N,Q
1N8O_ABC_E,-0.06239309321190045,298.0,1.1468725204467771,0.018081135704449,32,True,M,L
1N8O_ABC_E,1.4590610528125896,298.0,1.9046525955200195,0.018081135704449,32,True,M,K
1N8O_ABC_E,1.3485673365862167,298.0,1.4215933084487915,0.018081135704449,32,True,M,R
1MAH_A_F,1.2450158652748942,323.0,-1.233684778213501,0.020901235412334,24,False,F,L
1MAH_A_F,2.060483546674456,323.0,-3.4973102807998657,0.0671751533886406,21,False,F,I
1MAH_A_F,0.7920338261298516,323.0,-0.8417838811874393,0.0671751533886406,21,False,F,Y
1MAH_A_F,0.7920338261298516,323.0,-2.890414237976074,0.0868115445859341,25,False,F,G
1MAH_A_F,0.38651637614688983,323.0,-1.1828297376632688,0.1164431242919558,25,False,Y,A
1MAH_A_F,1.87957266005827,323.0,-0.6273016929626465,0.1006481130805992,18,False,D,N
1MAH_A_F,3.004269978784438,323.0,0.8536603450775146,0.1358362011609825,21,False,Y,Q
1MAH_A_F,5.217715588027742,323.0,-3.4408136010169983,0.0120918325884467,25,True,Y,N
1MAH_A_F,8.80932527748668,323.0,-1.5801360607147217,0.0092960268098581,19,True,W,R
1LFD_A_B,1.598499269484092,298.0,-3.041039228439331,0.3757169028137366,19,False,R,A
1LFD_A_B,0.8980863575456903,298.0,-1.6629679203033447,0.1446401022872516,19,False,S,K
1LFD_A_B,-0.5015868773740614,298.0,-2.4992132186889657,0.128723688498544,19,False,L,K
1LFD_A_B,0.3974569069749218,298.0,-2.3834919929504395,0.3064946404049998,11,True,N,K
1LFD_A_B,-0.4012753057297803,298.0,1.4663105010986333,0.3955055979119488,14,True,M,K
1LFD_A_B,1.4967318376148684,298.0,-3.9301533699035653,0.0496675668425399,24,True,K,A
1LFD_A_B,0.29733215763696985,298.0,-3.4584392905235295,0.2664211492698471,19,False,K,A
1LFD_A_B,-0.6007325184137231,298.0,0.030394792556762695,0.2461914246383155,14,True,D,A
1LFD_A_B,-0.9013461830788462,298.0,0.9648357629776001,0.2461914246383155,14,True,D,K
1LFD_A_B,1.7992359641338351,298.0,-0.5370422601699831,0.0810025322250197,20,True,K,A
1LFD_A_B,-0.10141351300830191,298.0,-1.4078741073608394,0.3610383307806463,17,True,N,K
1LFD_A_B,0.0,298.0,-2.632842242717743,0.1630949224270541,18,False,L,K
1LFD_A_B,-0.4012753057297803,298.0,-0.7786414623260498,0.4549912850462922,9,False,D,A
1LFD_A_B,-0.4012753057297803,298.0,-1.443969488143921,0.7583053106584448,6,False,E,A
1LFD_A_B,-0.10141351300830191,298.0,-0.785811185836792,0.7583053106584448,6,False,E,K
1LFD_A_B,-0.5015868773740614,298.0,-1.134325504302978,0.2138088002746598,14,False,D,K
1LFD_A_B,-0.4012753057297803,298.0,-0.06482362747192383,0.4614975104497934,12,False,N,K
1LFD_A_B,0.19925437429429046,298.0,0.6960608959197998,0.2771061127295822,16,False,Y,K
1LFD_A_B,-0.9013461830788462,298.0,-1.7338579893112183,0.2569570362755056,16,False,D,K
1LFD_A_B,1.1355350335388432,298.0,-3.041039228439331,0.3757169028137366,19,False,R,A
1LFD_A_B,-0.11781788174330819,298.0,-1.6629679203033447,0.1446401022872516,19,False,S,K
1LFD_A_B,-0.015462671490544418,298.0,-2.4992132186889657,0.128723688498544,19,False,L,K
1LFD_A_B,0.4027916539428253,298.0,-2.3834919929504395,0.3064946404049998,11,True,N,K
1LFD_A_B,-0.9204275096134018,298.0,1.4663105010986333,0.3955055979119488,14,True,M,K
1LFD_A_B,1.3257482143099353,298.0,-3.9301533699035653,0.0496675668425399,24,True,K,A
1LFD_A_B,0.2581485700435606,298.0,-3.4584392905235295,0.2664211492698471,19,False,K,A
1LFD_A_B,-0.5788024947610324,298.0,0.030394792556762695,0.2461914246383155,14,True,D,A
1LFD_A_B,-1.0859939389362137,298.0,0.9648357629776001,0.2461914246383155,14,True,D,K
1LFD_A_B,1.1787795452740817,298.0,-0.5370422601699831,0.0810025322250197,20,True,K,A
1LFD_A_B,-1.1678047282273625,298.0,-1.4078741073608394,0.3610383307806463,17,True,N,K
1LFD_A_B,-0.5707454089388464,298.0,-2.632842242717743,0.1630949224270541,18,False,L,K
1LFD_A_B,-0.27955214935541467,298.0,-0.7786414623260498,0.4549912850462922,9,False,D,A
1LFD_A_B,-0.2462477376825815,298.0,-1.443969488143921,0.7583053106584448,6,False,E,A
1LFD_A_B,-0.2844665897824723,298.0,-0.785811185836792,0.7583053106584448,6,False,E,K
1LFD_A_B,-0.9061572607211715,298.0,-1.134325504302978,0.2138088002746598,14,False,D,K
1LFD_A_B,-0.5627964751894291,298.0,-0.06482362747192383,0.4614975104497934,12,False,N,K
1LFD_A_B,0.07716461344681207,298.0,0.6960608959197998,0.2771061127295822,16,False,Y,K
1LFD_A_B,-1.1462682940282378,298.0,-1.7338579893112183,0.2569570362755056,16,False,D,K
1KTZ_A_B,0.24280892714332478,298.0,-0.04153668880462624,0.2191243838451154,16,True,V,I
1KTZ_A_B,1.1511820432947826,298.0,0.30621933937072754,0.3825358922977446,13,True,R,K
1KTZ_A_B,2.2005112698636156,298.0,0.1041028499603267,0.5110327292684255,13,True,R,K
1KTZ_A_B,1.4809179410227558,298.0,0.35640978813171387,0.3825358922977446,13,True,R,A
1KTZ_A_B,2.8831127136587624,298.0,-0.03501605987548828,0.5110327292684255,13,True,R,A
1KTZ_A_B,1.8241064859525147,298.0,-4.512298196554184,0.0427369539344482,20,True,L,A
1KTZ_A_B,2.978730575080973,298.0,3.0189454555511475,0.0503822201715571,25,True,F,A
1KTZ_A_B,1.5209351067738828,298.0,-0.47557663917541504,0.2167083133492706,10,True,D,A
1KTZ_A_B,1.999448548546605,298.0,0.05824995040893599,0.2167083133492706,10,True,D,N
1KTZ_A_B,0.32639962595823757,298.0,-1.2094924449920654,0.5063900588058315,9,True,S,A
1KTZ_A_B,1.895631703462886,298.0,-2.8621935844421387,0.1111662841228297,16,True,I,A
1KTZ_A_B,1.512868875282199,298.0,-1.6165668964385986,0.0462389352954239,22,True,T,A
1KTZ_A_B,0.216420407307929,298.0,-0.2233659029006959,0.0,27,True,S,A
1KTZ_A_B,4.035978366073193,298.0,-4.572992384433746,0.0,27,True,S,L
1KTZ_A_B,1.369625081346294,298.0,-3.265762448310852,0.1875491077584223,18,True,I,A
1KTZ_A_B,1.2159779346079969,298.0,0.14632034301757835,0.5107931457100153,15,True,E,A
1KTZ_A_B,0.41481090592341907,298.0,0.2093970775604248,0.0097964092008207,23,False,V,A
1KTZ_A_B,0.814377288380509,298.0,-2.8300998210906987,0.3299171136458051,18,True,D,A
1KTZ_A_B,1.493609074597247,298.0,-1.036980390548706,0.1065866419980797,20,True,E,A
1KTZ_A_B,1.6264504572244918,298.0,-0.7814483642578125,0.1065866419980797,20,True,E,Q
1KTZ_A_B,0.284825599598136,298.0,-2.668594777584076,0.6935815982942288,14,False,N,A
1KTZ_A_B,0.6476735418476208,298.0,-3.622993439435959,0.0,26,False,V,A
1KTZ_A_B,1.0796304039482034,298.0,-3.828185796737671,0.0521368549389225,22,False,E,A
1KTZ_A_B,0.2954959184205956,298.0,-3.7837539464235306,0.123146804930497,23,False,H,A
1KTZ_A_B,0.9318092254519265,298.0,-4.046483159065247,0.0010528288742353,19,False,F,A
1KTZ_A_B,0.8710188035099871,298.0,-2.929276704788208,0.0220915625179749,24,False,M,A
1KTZ_A_B,0.5391214230090886,298.0,-4.2877145409584045,0.0540156172519309,18,False,I,A
1REW_AB_C,2.6573708661204076,298.0,-2.9145150184631348,0.0109819189892572,24,True,Q,A
3BK3_A_C,0.0,298.0,-0.5363214015960689,0.6063376602812068,7,True,L,A
3BK3_A_C,0.02632374137691777,298.0,-0.7995772361755367,0.6063376602812068,7,True,L,R
3BK3_A_C,1.038188887212829,298.0,-3.4563074111938477,0.2774921737213252,14,True,I,A
3BK3_A_C,0.6505835559235611,298.0,-3.0992684364318848,0.2774921737213252,14,True,I,R
3BK3_A_C,0.48617374156374,298.0,-0.8994970321655269,0.6809889357844149,9,True,T,P
3BK3_A_C,1.742239110464745,298.0,-4.105794191360474,0.539382456549491,10,True,T,P
3BK3_A_C,0.48617374156374,298.0,-5.22596663236618,0.1502386138538034,18,True,I,A
3BK3_A_C,0.4237806483518395,298.0,-5.030283629894257,0.1502386138538034,18,True,I,R
3BK3_A_C,1.3071187867967298,298.0,-5.352006286382675,0.0036097349395292,22,True,I,A
3BK3_A_C,2.120614844846763,298.0,-5.468131870031358,0.0036097349395292,22,True,I,R
3BK3_A_C,1.2609510009474219,298.0,-5.400180339813232,0.0474544023519793,19,True,I,A
3BK3_A_C,1.1749761495871918,298.0,-5.2170867919921875,0.0474544023519793,19,True,I,R
3BK3_A_C,1.3821089550208034,298.0,-0.8475370407104492,0.043132641185277,23,True,A,R
1S0W_A_C,-2.102050379720839,298.0,0.967343807220459,0.2882841869768745,21,True,A,F
1JTG_A_B,-0.2676595665844973,298.0,-4.699204675853253,0.073454044925256,26,True,G,S
1JTG_A_B,4.233493571209065,298.0,-3.1972360610961914,0.0540326397183503,21,True,E,K
1JTG_A_B,2.560337098902304,298.0,0.08906745910644576,0.0581735553346333,26,True,D,A
1JTG_A_B,3.377703966041606,298.0,-3.6491806507110596,0.0709922215851227,25,True,F,A
1JTG_A_B,1.8134425580360238,298.0,0.08906745910644576,0.0581735553346333,26,True,D,A
1JTG_A_B,1.2385277715858618,298.0,-0.8090782165527344,0.0064129899349038,25,False,S,A
1JTG_A_B,0.7916184826946558,298.0,-2.3297063261270523,0.0289631461991615,28,True,S,A
1JTG_A_B,1.338771493635977,298.0,-0.784508466720581,0.0287804390583065,28,False,R,A
1JTG_A_B,1.4166025581352122,298.0,-6.7168430127203465,0.0145201249778019,28,False,K,A
1JTG_A_B,1.7911632887269544,298.0,0.08906745910644576,0.0581735553346333,26,True,D,A
1JTG_A_B,3.557914940996815,298.0,-2.4213812351226807,0.0147395475782741,25,True,K,A
1JTG_A_B,2.102050379720839,298.0,-3.6491806507110596,0.0709922215851227,25,True,F,A
1JTG_A_B,0.38185890510806564,298.0,-1.4175794124603271,0.1156008741419353,22,True,Y,A
1JTG_A_B,1.5522571117313473,298.0,-2.087916374206543,0.0540326397183503,21,True,E,A
1JTG_A_B,-0.16829595992967541,298.0,-3.1342496275901794,0.0264331613752013,29,True,Y,A
1JTG_A_B,1.2651970435529558,298.0,-0.784508466720581,0.0287804390583065,28,False,R,A
1JTG_A_B,1.02655000771043,298.0,-6.7168430127203465,0.0145201249778019,28,False,K,A
1JTG_A_B,0.33369814330276254,298.0,-2.3297063261270523,0.0289631461991615,28,True,S,A
1JTG_A_B,0.4294094501101326,298.0,1.2386074066162105,0.1743342937471705,20,True,Q,A
1JTG_A_B,-0.4556010607334407,298.0,1.874617576599121,0.3878701762014765,11,True,N,A
1JTG_A_B,1.90988814615532,298.0,-5.423312291502953,0.0005971861768104,21,True,V,A
1JTG_A_B,1.767164908580096,298.0,-2.087916374206543,0.0540326397183503,21,True,E,A
1JTG_A_B,-0.3825855002342205,298.0,-1.1923904418945312,0.002789364860402,24,True,P,A
1JTG_A_B,4.060109353992288,298.0,-0.15877151489257768,0.0675225020966519,21,True,E,A
1JTG_A_B,0.7384901746618162,298.0,0.32728099822998047,0.0065755292596665,24,True,M,A
1JTG_A_B,-0.07254948620099334,298.0,-0.9641379117965698,0.2491109991668429,14,True,E,A
1JTG_A_B,-0.4067597413462302,298.0,-3.1326085329055786,0.0798069252751905,20,True,V,A
1JTG_A_B,3.1999860259464405,298.0,-4.861389338970184,0.0002977567930886,19,True,F,A
1JTG_A_B,3.2482451147560254,298.0,-2.2960848808288574,0.0,26,False,H,A
1JTG_A_B,1.6719936594390528,298.0,0.08906745910644576,0.0581735553346333,26,True,D,A
1JTG_A_B,-0.4067597413462302,298.0,-1.0308642387390137,0.0412486158857488,22,True,Y,A
1JTG_A_B,2.076536854194484,298.0,-4.221329033374786,0.0026403894497273,23,True,Y,A
1JTG_A_B,0.35792891505037433,298.0,-0.5541238784790039,0.0207645609484681,24,True,S,A
1JTG_A_B,3.8219559643615724,298.0,-2.4213812351226807,0.0147395475782741,25,True,K,A
1JTG_A_B,3.009163076795267,298.0,0.48952174186706543,0.0453858918251032,23,True,W,A
1JTG_A_B,-0.16829595992967541,298.0,-1.3483765125274658,0.1117492271394886,23,True,S,A
1JTG_A_B,2.5071474947221444,298.0,-3.6491806507110596,0.0709922215851227,25,True,F,A
1JTG_A_B,2.7466582373819635,298.0,-1.2421607971191406,0.0042958268741632,22,True,H,A
1JTG_A_B,4.251657016253982,298.0,-0.5131068229675293,0.10132873176349,19,True,W,A
1JTG_A_B,2.2212091105695695,298.0,-1.5965960025787356,0.2593930551085727,15,True,R,A
1JTG_A_B,2.3397783648510635,298.0,-2.7657474279403687,0.073246932600216,17,True,W,A
1JTG_A_B,0.19925437429429038,298.0,-3.770691931247711,0.4837145169241822,16,False,T,K
1JTG_A_B,-0.4755034227412804,298.0,-2.8354897499084473,0.5611177217644595,11,False,V,K
1JTG_A_B,-0.014385808785815867,298.0,-2.385642647743225,0.4665071503415594,14,False,T,K
1JTG_A_B,-0.45472281081808363,298.0,-1.4894554615020752,0.4670404029422994,12,False,N,K
1JTG_A_B,-1.3403342214319378,298.0,-0.8621954917907715,0.4241019130211765,16,True,D,A
1JTG_A_B,-1.9818765838323005,298.0,0.6192522048950195,0.4241019130211765,16,True,D,K
1JTG_A_B,0.18084294298188994,298.0,2.4267548322677612,0.2125493025868766,23,True,K,N
1JTG_A_B,-0.14281295603199762,298.0,-1.7096281051635742,0.3090819491078155,16,True,R,Y
1JTG_A_B,0.4611176139554645,298.0,-3.3862481117248535,0.002789364860402,24,True,P,Q
1JTG_A_B,-0.17036148930942868,298.0,-1.5829676389694214,0.2491109991668429,14,True,E,G
1JTG_A_B,-0.6721199901226859,298.0,-2.1111207008361816,0.0675225020966519,21,True,E,V
1JTG_A_B,-0.912231023429752,298.0,-1.8140349388122559,0.0675225020966519,21,True,E,G
1JTG_A_B,-0.6097268969107852,298.0,0.09275174140930176,0.3019174993776051,19,False,E,K
1JTG_A_B,-0.41047252261649486,298.0,-1.0194113254547117,0.1375507937667927,18,True,E,K
1HE8_A_B,0.467166759004115,293.0,-1.3734743595123287,0.1108568585525137,19,True,K,V
1H9D_A_B,1.0642126527233364,273.0,-1.5813832283020024,0.2787046872167735,18,True,R,A
1H9D_A_B,1.2841801429677293,273.0,-3.20998752117157,0.1303863082598984,21,False,V,A
1H9D_A_B,1.9023307422654165,273.0,-5.631434805691242,0.0021527405753948,23,True,G,A
1H9D_A_B,1.24916757040642,273.0,-1.2949032783508305,0.1686759369326345,21,True,Q,A
1H9D_A_B,0.8609389898693321,273.0,-4.415882766246796,0.0024434733175333,30,True,L,A
1H9D_A_B,2.110106560275752,273.0,-5.151743113994598,0.0161874087816158,23,True,N,A
1GRN_A_B,0.3896919106932981,298.0,-2.1100550889968868,0.3576640781486782,14,False,D,E
1GL1_A_I,4.257329323216232,298.0,-4.689514756202698,0.0308807327847042,31,True,L,V
1GL0_E_I,-0.5576080282988388,298.0,1.9995532035827637,0.1393371850477201,26,True,M,K
1FFW_A_B,0.04740022473909465,298.0,-5.210156939923763,0.2586316063442259,17,False,D,K
1FFW_A_B,-0.31918654441973265,298.0,2.006834030151367,0.0561845067145662,20,False,T,I
1FFW_A_B,0.09128597819676221,298.0,-3.425401210784912,0.2643609394518033,15,True,A,V
1FFW_A_B,0.8209450452329897,298.0,-1.5354652404785156,0.4267901659678735,9,False,E,K
1FFW_A_B,0.7129766491354615,298.0,-1.2197475433349607,0.056431602560549,21,True,Y,W
1FFW_A_B,1.1308056225376935,298.0,-4.4426654279232025,0.3077182365632681,15,False,V,M
1FFW_A_B,1.2555918089614944,298.0,-5.251869186758995,0.1154426820337052,16,False,F,V
1FFW_A_B,0.5620328559052814,298.0,-4.395807087421417,0.4977696965982924,10,False,T,I
1FFW_A_B,0.7129766491354615,298.0,0.7472648620605469,0.3717814822799011,15,False,E,K
1FFW_A_B,0.7164498947095519,298.0,-4.279133915901184,0.0617664695221316,19,False,E,A
1FFW_A_B,0.638856703952338,298.0,-0.4373056888580318,0.0736342235229454,18,True,E,A
1FFW_A_B,0.03384845091440465,298.0,-0.19807100296020552,0.2562662453613372,15,True,H,A
1FFW_A_B,-0.0741199451831236,298.0,-2.818542242050171,0.5079206264599884,9,False,D,A
1FFW_A_B,0.09624154412630512,298.0,-2.5426610708236694,0.169445078776846,18,True,D,A
1FFW_A_B,0.20420994022383337,298.0,-1.3124468326568604,0.2072729565296615,15,True,C,A
1FFW_A_B,3.64430699947734,298.0,-2.758199989795685,0.0931059153040035,20,True,F,A
1FFW_A_B,0.42763855563013353,298.0,-5.173349916934967,0.0185549722809088,21,False,I,A
1FC2_C_D,0.41047252261649486,298.0,-0.5210556983947754,0.1247427693643593,19,True,Y,W
1FC2_C_D,3.1375929327345404,298.0,-4.233253002166748,0.0008179284520152,24,False,I,W
1FC2_C_D,0.0,298.0,-1.710386037826538,0.2252032565644182,20,False,F,W
1FC2_C_D,0.0,298.0,-1.4760079383850093,0.3122405019450875,19,False,L,W
1FC2_C_D,1.4333097490566602,298.0,-2.7498754262924194,0.0850259643884892,20,True,L,D
1FC2_C_D,0.6054310925223745,298.0,-1.4066696167436277e-05,0.217079332692532,15,True,N,A
1FC2_C_D,0.06344962636066392,298.0,0.4862160682678227,0.2252032565644182,20,False,F,A
1FC2_C_D,5.274404142021049,298.0,-1.4296557903289795,0.0,20,True,I,A
1FC2_C_D,1.5259370339940166,298.0,-2.2930774688720703,0.2838256915519673,15,True,K,A
1FC2_C_D,0.8209450452329897,298.0,-2.7498754262924194,0.0850259643884892,20,True,L,D
1FC2_C_D,0.5820172024749775,298.0,-1.4066696167436277e-05,0.217079332692532,15,True,N,A
1FC2_C_D,-0.03613801513992379,298.0,0.4862160682678227,0.2252032565644182,20,False,F,A
1FC2_C_D,2.1845052502920126,298.0,-1.4296557903289795,0.0,20,True,I,A
1FC2_C_D,1.2314175678494845,298.0,-2.2930774688720703,0.2838256915519673,15,True,K,A
1FC2_C_D,-0.10796839609752822,298.0,-1.187648057937622,0.5848056046283834,8,False,N,F
1FC2_C_D,0.0912859781967621,298.0,-1.1643269062042236,0.3256651690953389,17,True,N,F
1FC2_C_D,0.17036148930942874,298.0,-1.158602237701416,0.3398291729099418,13,True,Q,K
1FC2_C_D,0.0,298.0,0.1354231834411621,0.5848056046283834,8,False,N,Q
1FC2_C_D,0.4578727473555895,298.0,-1.2569124698638916,0.3398291729099418,13,True,Q,L
1FC2_C_D,0.9122310234297519,298.0,2.2094247341156006,0.4711030701904306,15,True,F,M
1FC2_C_D,1.061056078540056,298.0,0.031907320022582564,0.4974029919034683,15,False,K,D
1FC2_C_D,1.0272076276256512,298.0,-0.9150493144989009,0.1247427693643593,19,True,Y,F
1FC2_C_D,0.8451192863449996,298.0,-1.0288715362548837,0.217079332692532,15,True,N,F
1EAW_A_B,-0.5186792711715779,298.0,-4.030997157096863,0.1015833718524183,16,True,Q,A
1EAW_A_B,-0.822137768038606,298.0,-4.469634652137756,0.0,25,True,I,A
1EAW_A_B,-0.19427100682614937,298.0,-3.2853853702545166,0.2720700455859376,20,False,I,A
1EAW_A_B,-0.1715542121150451,298.0,-3.566566228866577,0.3924997394481264,10,False,D,A
1EAW_A_B,1.5021023602867554,298.0,0.0994863510131836,0.2174399326948141,20,True,D,A
1EAW_A_B,0.5873513897659426,298.0,-0.9604898691177368,0.2386370663587474,15,True,R,A
1EAW_A_B,-0.42862062330595385,298.0,-2.9894847869873047,0.0865089903983737,17,True,F,A
1EAW_A_B,0.2309048367625622,298.0,0.1562960147857666,0.5346712520403188,15,False,R,A
1EAW_A_B,-0.07890531807433457,298.0,-3.9641984701156625,0.0094193378388404,22,True,Y,A
1EAW_A_B,-0.14967675477214526,298.0,-1.2792043685913086,0.4178914206637245,12,False,R,A
1EAW_A_B,0.7282673233338296,298.0,-3.4854260683059692,0.151932550025791,20,False,F,A
1EAW_A_B,0.30795992055608024,298.0,-4.700933337211609,0.3096374699765394,14,False,N,A
1EAW_A_B,0.654147378150706,298.0,0.8899228572845455,0.4847166927903856,17,True,D,A
1EAW_A_B,0.8916206045448871,298.0,0.5727415084838867,0.4826698766951547,7,True,F,A
1EAW_A_B,0.25462710089034596,298.0,-4.55335134267807,0.4019476069812769,14,False,T,A
1EAW_A_B,-0.01447371450934952,298.0,0.13356304168701127,0.0180175631975176,23,True,H,A
1EAW_A_B,0.30654150868562224,298.0,1.5506961345672605,0.4845908905413419,12,False,Q,A
1EAW_A_B,0.5019286938515891,298.0,0.014104366302490234,0.4059430062896653,16,True,Y,A
1EAW_A_B,0.08941061938149156,298.0,-0.8238668441772459,0.5948631543069617,13,False,T,A
1EAW_A_B,0.5019286938515891,298.0,2.038439273834229,0.5076390100840246,13,False,L,A
1EAW_A_B,0.7033669182156833,298.0,0.9250658750534058,0.3206331090346164,16,False,E,A
1EAW_A_B,0.5648320728967016,298.0,0.22171258926391602,0.8069217752504931,7,False,Q,A
1EAW_A_B,-0.13303695402607355,298.0,-1.5674662590026864,0.3602481545533764,16,False,Q,A
1EAW_A_B,2.2281356224450106,298.0,-1.782362103462219,0.3259792579426476,15,False,D,A
1EAW_A_B,0.14417313273747184,298.0,-1.4654824733734126,0.3877165705033459,18,False,Q,A
1EAW_A_B,-0.08851226505653985,298.0,2.306986093521118,0.5895506867502172,12,False,R,A
1EAW_A_B,0.47583695509186025,298.0,-1.920605182647705,0.2417461655744404,19,False,K,A
3BN9_B_CD,-0.4153067263829324,298.0,-2.5933982133865356,0.3017839583743896,10,False,Q,A
3BN9_B_CD,0.0,298.0,-1.0904688835144043,0.2072575709930728,21,True,I,A
3BN9_B_CD,0.8352152941252199,298.0,-4.734494149684906,0.2136990328696142,20,True,I,A
3BN9_B_CD,0.42238814942922726,298.0,-2.6520968675613403,0.3289459354469879,17,True,D,A
3BN9_B_CD,0.31110747405341993,298.0,1.209028720855713,0.2115214424067063,20,True,D,A
3BN9_B_CD,-0.044997841432945926,298.0,1.5059916973114023,0.4606014920370028,10,True,R,A
3BN9_B_CD,-0.044997841432945926,298.0,-4.832170486450196,0.1646078009673196,15,False,F,A
3BN9_B_CD,-0.07155774898360191,298.0,-0.31804919242858887,0.5120878357236988,14,False,R,A
3BN9_B_CD,0.018951590842434356,298.0,-4.066009879112244,0.1126701152957492,20,False,Y,A
3BN9_B_CD,-0.15923282164613073,298.0,0.2769701480865474,0.3726737257749566,13,False,R,A
3BN9_B_CD,0.6392417408142771,298.0,-4.977068871259689,0.1584060974722199,22,False,F,A
3BN9_B_CD,0.7733441812669039,298.0,-4.847148954868317,0.1485553247942761,19,True,N,A
3BN9_B_CD,6.695209993104953,298.0,-4.411714047193527,0.1063448382481754,23,True,D,A
3BN9_B_CD,6.695209993104953,298.0,-3.2254323959350586,0.0392590626187145,19,True,F,A
3BN9_B_CD,1.1320525192864097,298.0,-5.175709068775177,0.1726998055723471,21,True,T,A
3BN9_B_CD,0.08506329390489986,298.0,0.8380832672119141,0.1960465609395573,22,False,H,A
3BN9_B_CD,0.13310476036642355,298.0,2.4921926259994507,0.5013273088446408,12,False,Q,A
3BN9_B_CD,1.0846522945473152,298.0,-3.3225247859954843,0.2242429051344949,17,True,Y,A
3BN9_B_CD,0.29083504603920923,298.0,-1.5283267498016355,0.6195072941880021,10,False,T,A
3BN9_B_CD,0.3361920714904453,298.0,1.016740083694458,0.5423568472621126,15,False,L,A
3BN9_B_CD,0.3732157936734897,298.0,0.49299120903015137,0.3755133756654669,15,False,E,A
3BN9_B_CD,-0.03469868318221048,298.0,1.1302456855773926,0.4555104728700914,15,True,Q,A
3BN9_B_CD,2.5089841145082503,298.0,-2.481699824333191,0.065891662211423,20,True,Q,A
3BN9_B_CD,0.5662113758332921,298.0,-1.179956197738647,0.1645747692810505,19,True,D,A
3BN9_B_CD,0.7057104638285671,298.0,-1.4494874477386475,0.2694991859355687,18,True,Q,A
3BN9_B_CD,-0.0936981472052981,298.0,1.8569741249084473,0.6274511378180838,11,False,R,A
3BN9_B_CD,0.7849687204056678,298.0,-1.9276902675628662,0.242878328605292,20,False,K,A
3BN9_B_CD,0.3329057681742249,298.0,0.2314753532409668,0.2280671232733044,14,True,T,R
3BN9_B_CD,1.1861065750208222,298.0,-4.24473062902689,0.0616589738519911,20,True,S,G
3BN9_B_CD,1.1455046747440898,298.0,-5.626931346952915,0.0616589738519911,20,True,S,N
3BN9_B_CD,-0.02153643419912475,298.0,0.7136788368225098,0.4114181143533859,15,False,T,Q
3BN9_B_CD,-0.05829489918946975,298.0,1.241389513015747,0.4114181143533859,15,False,T,R
3BN9_B_CD,0.4586856324150076,298.0,-1.9776109457015991,0.2225000762672636,16,True,Y,S
3BN9_B_CD,2.4272540905119637,298.0,-5.0716751515865335,0.4669084609244611,16,False,P,H
3BN9_B_CD,1.224102423287236,298.0,-2.1686038970947275,0.4496610737947318,13,True,Q,V
3NPS_A_BC,0.02632374137691764,298.0,-2.8329097032546997,0.3339765295161114,13,False,Q,A
3NPS_A_BC,0.6415423624003627,298.0,-1.679001808166504,0.176766791625055,19,True,I,A
3NPS_A_BC,-0.33181774805637565,298.0,-3.4436333179473877,0.3446128120097058,17,False,I,A
3NPS_A_BC,0.3399864933663211,298.0,-2.9387286901474,0.2849827957871554,11,False,D,A
3NPS_A_BC,1.0674702187008285,298.0,-4.2404714822769165,0.3731525112607444,14,True,D,A
3NPS_A_BC,-1.0627408212775173,298.0,1.4706065654754639,0.5070623251743648,11,True,R,A
3NPS_A_BC,0.21957070812800616,298.0,-5.137146025896072,0.1718905367310358,15,False,F,A
3NPS_A_BC,0.13816833086717262,298.0,-0.6724457740783691,0.5024261401215181,14,False,R,A
3NPS_A_BC,0.45188969910869503,298.0,-2.8172253370285034,0.1181930247595744,20,False,Y,A
3NPS_A_BC,-0.15159538325315403,298.0,-0.7702198028564451,0.4875605629535718,12,False,R,A
3NPS_A_BC,1.5714040612158058,298.0,-5.010880172252655,0.1382853932937066,20,False,F,A
3NPS_A_BC,0.2534191590424108,298.0,-4.723299205303192,0.3395966760184152,16,False,N,A
3NPS_A_BC,1.5070337151726723,298.0,-0.1095120906829834,0.2530106467911665,14,True,D,A
3NPS_A_BC,0.4635396487133664,298.0,-2.157705307006836,0.1309207593602738,15,True,F,A
3NPS_A_BC,0.7238121755675294,298.0,-5.163411736488342,0.2732747985996583,19,True,T,A
3NPS_A_BC,1.875091378283826,298.0,-0.1772315502166748,0.1210427667166262,27,True,H,A
3NPS_A_BC,0.2957362051647322,298.0,1.2244324684143062,0.5054945579766515,12,False,Q,A
3NPS_A_BC,1.7748733050669008,298.0,-2.729406833648681,0.1398000577249207,20,True,Y,A
3NPS_A_BC,0.17496996916507154,298.0,-0.8062703609466555,0.4511064381413477,16,True,T,A
3NPS_A_BC,0.2957362051647322,298.0,1.8010072708129883,0.5418698372611322,14,False,L,A
3NPS_A_BC,0.6153480183085224,298.0,-0.06837987899780273,0.3168278437557685,17,False,E,A
3NPS_A_BC,-0.05922381965100316,298.0,-0.03929471969604492,0.76492139029131,9,True,Q,A
3NPS_A_BC,0.7409074109634375,298.0,-2.32177472114563,0.1847865558784202,17,True,Q,A
3NPS_A_BC,1.466742659519799,298.0,-2.4918794631958017,0.3456585605556622,16,False,D,A
3NPS_A_BC,-0.04091674593614926,298.0,-0.9210925102233887,0.2064827419493655,17,False,Q,A
3NPS_A_BC,-0.08390183507906003,298.0,1.3776522874832153,0.666601848059307,12,False,R,A
3NPS_A_BC,-0.10361036525082036,298.0,-2.8241446018218994,0.311333261991889,19,False,K,A
1DQJ_AB_C,3.285707505848643,298.0,-4.988510966300964,9.271605917006435e-05,25,True,Y,A
1DQJ_AB_C,1.1685509146980735,298.0,-1.7519605159759521,0.1431007081154425,16,True,R,A
1DQJ_AB_C,1.3462688547932393,298.0,-4.766270846128464,0.0762494447180666,26,True,W,A
1DQJ_AB_C,3.5197048730292497,298.0,-1.2132432460784912,0.0569559097956346,22,True,K,A
1DQJ_AB_C,1.4524066878479487,298.0,-3.5532235503196716,0.0004920960933011,20,True,D,A
1DQJ_AB_C,3.285707505848643,298.0,-4.988510966300964,9.271605917006435e-05,25,True,Y,A
1DQJ_AB_C,1.2589903070854631,298.0,-1.7519605159759521,0.1431007081154425,16,True,R,A
1DQJ_AB_C,0.7580783920815788,298.0,-0.9017066955566406,0.3126300961642494,18,True,W,A
1DQJ_AB_C,1.3462688547932393,298.0,-4.766270846128464,0.0762494447180666,26,True,W,A
1DQJ_AB_C,1.4524066878479487,298.0,-5.18355056643486,0.0,25,True,L,A
1DQJ_AB_C,0.8408435517207893,298.0,-2.848708391189575,0.2057627320073141,13,True,T,A
1DQJ_AB_C,0.6498730739273596,298.0,0.08192634582519531,0.1250242550758569,21,True,N,A
1DQJ_AB_C,6.1558185724269645,298.0,-5.52740278840065,0.0,20,True,K,A
1DQJ_AB_C,3.5197048730292497,298.0,-1.2132432460784912,0.0569559097956346,22,True,K,A
1DQJ_AB_C,0.7755827208329521,298.0,-1.1694158315658567,0.0,20,True,S,A
1DQJ_AB_C,1.3006935519076115,298.0,-3.5532235503196716,0.0004920960933011,20,True,D,A
1DQJ_AB_C,2.013433278986382,298.0,-3.631833255290985,0.0787574929165685,23,True,N,A
1DQJ_AB_C,4.090680615177067,298.0,-6.1718317568302155,0.0,25,True,N,A
1DQJ_AB_C,2.678298367954515,298.0,-0.9022758007049565,0.0457564582246877,19,True,Y,A
1DQJ_AB_C,1.4318879316322246,298.0,-2.4945671558380127,0.0388893883806874,24,True,S,A
1DQJ_AB_C,1.135050706471035,298.0,-3.088290810585022,0.0133773893530656,26,True,Y,A
1DQJ_AB_C,2.013433278986382,298.0,-0.4108400344848633,0.0655487974259174,22,True,D,A
1DQJ_AB_C,5.524463545779319,298.0,1.212423324584961,0.0,18,True,Y,A
1DQJ_AB_C,6.888023750838342,298.0,-4.55616095662117,0.0,25,True,Y,A
1DQJ_AB_C,1.1802777666692967,298.0,-0.38584542274475053,0.1550289958977429,22,True,Y,A
1DQJ_AB_C,4.931524166897857,298.0,1.106444358825684,0.1130582634395317,21,True,W,A
2G2U_A_B,0.6505835559235611,298.0,-1.4066965579986572,0.209392710125682,14,True,E,A
2G2U_A_B,-0.9504731674989194,298.0,1.3075110912322998,0.3458869243000264,21,True,S,A
2G2U_A_B,2.762713152935108,298.0,-4.77929824590683,0.0004741305818872,18,True,F,A
2G2U_A_B,-0.9557137917253558,298.0,-0.5848733186721802,0.0424372874545609,21,True,S,A
2G2U_A_B,1.7162797104876832,298.0,-2.1485230922698975,0.0020652633098345,25,False,H,A
2G2U_A_B,-0.42640675763466745,298.0,1.0410759449005127,0.0427168753695291,27,True,G,A
2G2U_A_B,-2.074792562291826,298.0,0.08750724792480469,0.0227246466367289,23,True,Y,A
2G2U_A_B,-0.6284671975935929,298.0,-1.0148656368255615,0.1618608928208838,21,True,Y,A
2G2U_A_B,2.3007136524833776,298.0,-3.8516305685043335,0.0047893208400045,24,True,Y,A
2G2U_A_B,-0.511977982938513,298.0,-0.7069708108901978,0.0177339362692808,24,True,S,A
2G2U_A_B,-1.978551018165521,298.0,-4.259661853313446,0.0394533101185283,24,True,E,A
2G2U_A_B,-0.21723788679384545,298.0,-3.3582615852355957,0.0231856569151754,26,True,K,A
2G2U_A_B,0.9583052199192759,298.0,0.8738381862640376,0.0526935862376282,23,True,W,A
2G2U_A_B,-0.6120372574936243,298.0,-1.15047025680542,0.0584561050902912,22,True,S,A
2G2U_A_B,-0.4136252541419431,298.0,-2.639587163925171,0.1768086347095787,16,False,G,A
2G2U_A_B,0.2757037761241289,298.0,-3.5578929781913757,0.0795828133990182,23,True,F,A
2G2U_A_B,-1.846408380955983,298.0,-2.020314574241638,0.1347341925222036,20,True,Y,A
2G2U_A_B,-0.34223886538663345,298.0,-0.9616577625274667,0.4554910326147932,17,True,R,A
2G2U_A_B,1.1184495656132085,298.0,-1.4815263748168945,0.0197388438560277,19,True,H,A
2G2U_A_B,1.7844222340342624,298.0,-0.1666865348815918,0.0885945043427869,19,True,W,A
2G2U_A_B,0.6694938808398577,298.0,-1.2000190019607544,0.3557461068647771,15,True,R,A
2G2U_A_B,0.5309721513595229,298.0,-1.2957909107208252,0.161990810832608,16,True,W,A
2G2U_A_B,-3.5344513690442754,298.0,-4.105755507946014,0.0394533101185283,24,True,E,M
2G2U_A_B,-1.4687806302264566,298.0,0.08033943176269531,0.0990902375619585,23,False,S,K
2G2U_A_B,-0.4526843004649991,298.0,-2.143235445022583,0.1046125456070916,23,True,D,K
2G2W_A_B,0.45268430046499913,298.0,-0.0011234283447265625,0.2652641366545628,18,True,K,D
1JTG_A_B,1.8332310613353837,299.0,-2.087916374206543,0.0540326397183503,21,True,E,A
1JTG_A_B,3.654210680864913,299.0,-0.9384806156158443,0.0540326397183503,21,True,E,D
1JTG_A_B,2.245081008524417,299.0,-3.1972360610961914,0.0540326397183503,21,True,E,K
1JTG_A_B,0.5060889127856257,299.0,-4.209202229976654,0.0257359351883453,25,True,E,M
2G2U_A_B,-1.5479375140516198,299.0,-1.0694904327392574,0.1046125456070916,23,True,D,A
2G2U_A_B,-4.397024393521784,299.0,-0.08996701240539551,0.1046125456070916,23,True,D,E
2G2U_A_B,-0.6729101385937212,299.0,-2.143235445022583,0.1046125456070916,23,True,D,K
2G2U_A_B,-2.473746341748136,299.0,-4.105755507946014,0.0394533101185283,24,True,E,M
3N4I_A_B,4.397024393521784,299.0,-0.4350187778472896,0.0541271594849367,22,True,E,D
2FTL_E_I,4.049499266702131,295.0,-3.1082058250904083,0.2789946205240535,22,True,T,A
2FTL_E_I,4.346608447073268,295.0,-5.641162246465683,0.1414582334199617,20,False,G,A
2FTL_E_I,4.049499266702131,295.0,-4.254162430763245,0.1633736200268187,20,True,P,A
2FTL_E_I,10.052420328978402,295.0,-4.579788088798523,0.0013087171805378,34,True,K,A
2FTL_E_I,4.049499266702131,295.0,-1.0364787578582764,0.1508573125648618,25,True,R,A
2FTL_E_I,4.969061230435361,295.0,-4.920701622962952,0.027512529995354,26,True,I,A
2FTL_E_I,4.049499266702131,295.0,-1.1673085689544678,0.3607546861927814,13,True,I,A
2FTL_E_I,4.049499266702131,295.0,-4.362887978553772,0.1324334546613323,22,False,R,A
2FTL_E_I,4.049499266702131,295.0,-2.6650286316871643,0.0998839932966265,16,False,F,A
2FTL_E_I,4.049499266702131,295.0,-3.6232434511184692,0.2373195519709061,19,True,V,A
2FTL_E_I,4.049499266702131,295.0,-5.026647552847862,0.0462435208373893,26,False,Y,A
2FTL_E_I,4.890781781515105,295.0,-5.527329936623573,0.0,23,False,G,A
2FTL_E_I,4.049499266702131,295.0,-5.492050901055336,0.1431075003758377,31,True,G,A
2FTL_E_I,4.049499266702131,295.0,-2.526190996170044,0.4498816282013478,17,True,R,A
2FTL_E_I,4.049499266702131,295.0,0.7479097843170166,0.6854586988483279,13,False,K,A
1CBW_FGH_I,0.197837924955438,295.0,-1.8098547458648682,0.1623579975456437,23,True,T,A
1CBW_FGH_I,0.5952733181458213,295.0,-5.658874198794365,0.0115362099898924,19,True,G,A
1CBW_FGH_I,-0.0986823803666837,295.0,-2.27419650554657,0.1246450474658714,20,True,P,A
1CBW_FGH_I,1.981349409222482,295.0,-3.581434965133667,0.0174323373470069,35,True,K,A
1CBW_FGH_I,0.49611718023318124,295.0,-0.8158173561096194,0.0745638939543459,27,True,R,A
1CBW_FGH_I,0.09856607740786563,295.0,0.9699547290802002,0.3826981319791854,13,True,I,A
1CBW_FGH_I,0.29780511455513353,295.0,-4.544090420007706,0.1359236042035703,20,False,R,A
1CBW_FGH_I,0.0,295.0,-1.468412160873413,0.2934619066722799,17,False,V,A
1CBW_FGH_I,0.7927353758724515,295.0,-5.424464821815491,0.0398313724717875,27,False,Y,A
1CBW_FGH_I,0.8917335009037142,295.0,-5.462518528103828,0.0,24,False,G,A
1CBW_FGH_I,0.7927353758724515,295.0,-5.370787248015404,0.1398314794220184,30,True,G,A
1CBW_FGH_I,0.197837924955438,295.0,-2.1295766830444336,0.3698600211574922,18,True,R,A
1CBW_FGH_I,0.09856607740786563,295.0,0.44148969650268555,0.7012116666132295,14,False,K,A
1CBW_FGH_I,0.21965469062978496,295.0,-1.8098547458648682,0.1623579975456437,23,True,T,A
1CBW_FGH_I,0.6785278328124797,295.0,-5.658874198794365,0.0115362099898924,19,True,G,A
1CBW_FGH_I,-0.055873216065021436,295.0,-2.27419650554657,0.1246450474658714,20,True,P,A
1CBW_FGH_I,1.9938671459391348,295.0,-3.581434965133667,0.0174323373470069,35,True,K,A
1CBW_FGH_I,0.5477154906084069,295.0,-0.8158173561096194,0.0745638939543459,27,True,R,A
1CBW_FGH_I,1.4008413387711613,295.0,-4.4811530113220215,0.1676003027843709,24,True,I,A
1CBW_FGH_I,0.14137524170952773,295.0,0.9699547290802002,0.3826981319791854,13,True,I,A
1CBW_FGH_I,0.3504670328338577,295.0,-4.544090420007706,0.1359236042035703,20,False,R,A
1CBW_FGH_I,0.14137524170952773,295.0,-4.382058888673783,0.0897958073708672,17,False,F,A
1CBW_FGH_I,0.05100824987045116,295.0,-1.468412160873413,0.2934619066722799,17,False,V,A
1CBW_FGH_I,0.875776290587029,295.0,-5.424464821815491,0.0398313724717875,27,False,Y,A
1CBW_FGH_I,0.9540557395072861,295.0,-5.462518528103828,0.0,24,False,G,A
1CBW_FGH_I,0.8126804977977583,295.0,-5.370787248015404,0.1398314794220184,30,True,G,A
1CBW_FGH_I,0.21965469062978496,295.0,-2.1295766830444336,0.3698600211574922,18,True,R,A
1CBW_FGH_I,0.14137524170952773,295.0,0.44148969650268555,0.7012116666132295,14,False,K,A
1CBW_FGH_I,4.112804912746551,295.0,-4.204914808273315,0.0174323373470069,35,True,K,G
1CBW_FGH_I,2.1876773236990643,295.0,-3.581434965133667,0.0174323373470069,35,True,K,A
1CBW_FGH_I,3.389831614864535,295.0,-3.497431993484497,0.0174323373470069,35,True,K,S
1CBW_FGH_I,2.134874963592761,295.0,-3.1050803661346436,0.0174323373470069,35,True,K,V
1CBW_FGH_I,2.085701535445522,295.0,-2.8312432765960693,0.0174323373470069,35,True,K,T
1CBW_FGH_I,5.215404301479107,295.0,-3.504833936691284,0.0174323373470069,35,True,K,D
1CBW_FGH_I,1.323540562969692,295.0,-2.8908259868621826,0.0174323373470069,35,True,K,N
1CBW_FGH_I,-1.4266451401536568,295.0,-2.060164451599121,0.0174323373470069,35,True,K,M
1CBW_FGH_I,2.9304631409565527,295.0,-3.9750254154205322,0.0174323373470069,35,True,K,I
1CBW_FGH_I,-1.580625541261701,295.0,-0.5892277956008909,0.0174323373470069,35,True,K,L
1CBW_FGH_I,3.8655712125783968,295.0,-3.825716733932495,0.0174323373470069,35,True,K,E
1CBW_FGH_I,0.3055973213773325,295.0,-3.335718870162964,0.0174323373470069,35,True,K,Q
1CBW_FGH_I,0.09911678206273773,295.0,-3.112968683242798,0.0174323373470069,35,True,K,H
1CBW_FGH_I,-0.6139646423558983,295.0,-0.3160334825515745,0.0174323373470069,35,True,K,R
1CBW_FGH_I,-1.9637977312566086,295.0,-2.02595853805542,0.0174323373470069,35,True,K,F
1CBW_FGH_I,-2.613723547053873,295.0,-1.7992651462554932,0.0174323373470069,35,True,K,Y
1CBW_FGH_I,-2.4351688412088706,295.0,-3.7929909229278564,0.0174323373470069,35,True,K,W
2FTL_E_I,12.222399147557317,295.0,-4.862220644950867,0.0013087171805378,34,True,K,G
2FTL_E_I,10.527111226934219,295.0,-4.579788088798523,0.0013087171805378,34,True,K,A
2FTL_E_I,7.642736643031302,295.0,-4.141177058219911,0.0013087171805378,34,True,K,S
2FTL_E_I,11.632878433414387,295.0,-4.849108099937439,0.0013087171805378,34,True,K,V
2FTL_E_I,10.486099748990702,295.0,-4.109723448753357,0.0013087171805378,34,True,K,T
2FTL_E_I,11.381819329936064,295.0,-4.162357211112976,0.0013087171805378,34,True,K,D
2FTL_E_I,7.948673116898279,295.0,-3.396858096122742,0.0013087171805378,34,True,K,N
2FTL_E_I,7.611523374206351,295.0,-4.239028334617615,0.0013087171805378,34,True,K,M
2FTL_E_I,11.054034986016326,295.0,-5.1416462659835815,0.0013087171805378,34,True,K,I
2FTL_E_I,8.77093788913463,295.0,-3.1832622289657593,0.0013087171805378,34,True,K,L
2FTL_E_I,9.32495693576875,295.0,-4.688670516014099,0.0013087171805378,34,True,K,E
2FTL_E_I,9.272154575662446,295.0,-4.319011092185974,0.0013087171805378,34,True,K,Q
2FTL_E_I,8.689481060826116,295.0,-3.3482602834701543,0.0013087171805378,34,True,K,H
2FTL_E_I,-0.5763175076236223,295.0,-1.237809181213379,0.0013087171805378,34,True,K,R
2FTL_E_I,6.953351557945951,295.0,-3.8433016538619995,0.0013087171805378,34,True,K,F
2FTL_E_I,6.784939654121932,295.0,-2.784702181816101,0.0013087171805378,34,True,K,Y
2FTL_E_I,8.573055331717944,295.0,-4.763784766197205,0.0013087171805378,34,True,K,W
1A4Y_A_B,0.9037102048722002,298.0,1.1641855239868169,0.3821591825522898,15,True,H,A
1A4Y_A_B,0.30013062966304693,298.0,-0.47634077072143555,0.0653227144956644,21,True,Q,A
1A4Y_A_B,0.11775682842372204,298.0,-3.2449039816856384,0.4402696668757148,15,True,N,A
1A4Y_A_B,-0.32258017360854574,298.0,-2.1757986545562744,0.1384359993955392,19,True,E,A
1A4Y_A_B,3.2605541973048746,298.0,-0.49575161933898926,0.0336793282398424,21,True,Y,A
1A4Y_A_B,3.4839828127111745,298.0,-1.3350439071655273,0.1230589383999891,22,True,D,A
1A4Y_A_B,0.8359379137057956,298.0,-2.7261942625045776,0.1497097119816912,20,True,Y,A
1Z7X_W_X,5.953264042870864,298.0,-2.2168542146682735,0.0121305440376078,20,True,Y,A
1Z7X_W_X,3.6607903964813246,298.0,-1.5263011455535889,0.1779571202992242,22,True,D,A
1Z7X_W_X,2.6229603015683534,298.0,-0.40545654296875044,0.0555500433317187,25,True,Y,A
1Z7X_W_X,0.8478672572750936,298.0,-0.9116220474243164,0.4065770768903136,15,True,R,A
1Z7X_W_X,0.33726998532064684,298.0,-3.0105366706848145,0.0490985498518085,16,True,I,A
1A4Y_A_B,-0.2238857259444736,298.0,-1.660566449165344,0.5111586683339494,13,False,R,A
1A4Y_A_B,0.679128198221057,298.0,-3.193289637565613,0.1263978277696908,16,True,I,A
1Z7X_W_X,1.0182287465845223,298.0,0.19728612899780273,0.1120949112154527,23,False,E,A
1Z7X_W_X,1.3353555091961204,298.0,-0.19452762603759766,0.0617758766838476,23,True,W,A
1Z7X_W_X,2.2114274623341164,298.0,1.9072237014770517,0.0740946169041249,25,True,W,A
1Z7X_W_X,1.320732873103489,298.0,-2.3787027597427364,0.1555716344097911,18,True,E,A
1Z7X_W_X,0.8140188063606891,298.0,-2.048741579055786,0.0060303640255963,25,False,S,A
1Z7X_W_X,0.9930255101262047,298.0,-0.25224757194519043,0.0455593919642831,24,True,W,A
1Z7X_W_X,1.320732873103489,298.0,1.7214255332946777,0.1068296573880782,23,True,K,A
1Z7X_W_X,1.5608439064105553,298.0,-2.5603424310684204,0.1270020592726334,17,False,E,A
1Z7X_W_X,1.6688123025080832,298.0,0.0494532585144043,0.1435766110024238,23,True,W,A
1Z7X_W_X,1.305740004630683,298.0,-1.5249664783477783,0.17424898909013,19,True,E,A
1A4Y_A_B,0.17036148930942865,298.0,-0.3846774101257324,0.1509655900524198,19,True,H,A
1A4Y_A_B,0.24011103330706618,298.0,0.9233369827270508,0.3157268381191456,15,True,W,A
1A4Y_A_B,0.1006119453117913,298.0,-0.4731495380401607,0.1953816050754826,25,True,W,A
1A4Y_A_B,1.170849396491051,298.0,0.2969322204589844,0.0099683152668705,26,True,W,A
1A4Y_A_B,0.1006119453117913,298.0,-2.485432982444763,0.1869141471884249,18,False,E,A
1A4Y_A_B,0.0423170461223214,298.0,-0.6470847129821777,0.0002921979450456,26,True,S,A
1A4Y_A_B,1.5000732434540465,298.0,-1.3346707820892334,0.0206164068933458,25,True,W,A
1A4Y_A_B,-0.3098605773047036,298.0,1.4064711332321171,0.1466865588334085,25,True,K,A
1A4Y_A_B,0.17852971084983527,298.0,-2.312146544456482,0.1078238045469038,19,True,E,A
1A4Y_A_B,1.0348984717336767,298.0,-1.1403017044067383,0.0148977266780777,24,True,W,A
1A4Y_A_B,0.8833381384448902,298.0,-1.1290470361709597,0.060210056131117,19,True,E,A
1A4Y_A_B,2.3082479357007815,298.0,-1.3246614933013916,0.1584564230501748,16,True,R,A
1A4Y_A_B,0.9098431707072893,298.0,-1.6344871520996094,0.472750552033853,15,True,R,A
1A4Y_A_B,0.20281819652143537,298.0,0.5668947696685791,0.5871143791608118,10,False,R,A
1A4Y_A_B,-0.2318285672070693,298.0,-2.0832467079162598,0.1642173547024867,22,False,R,A
1A4Y_A_B,0.2504101915578016,298.0,-1.4040697813034058,0.1760136177022975,20,True,R,A
1A4Y_A_B,0.32692765690967346,298.0,-2.310426115989685,0.2251192646563686,18,False,R,A
1A4Y_A_B,4.250523414565851,298.0,-1.2360427379608154,0.0089497545082013,26,True,K,Q
1A4Y_A_B,-0.2965524515693591,298.0,-3.591666519641876,0.0368682579060897,21,False,H,A
1A4Y_A_B,0.6565352308731688,298.0,-2.1573183536529537,0.1094700807956457,23,True,H,A
1A4Y_A_B,0.5576080282988388,298.0,-1.42162275314331,0.0336793282398424,21,True,Y,F
1A4Y_A_B,0.2451509503047384,298.0,-1.1959241628646855,0.1497097119816912,20,True,Y,F
1A4Y_A_B,3.2353509608465565,298.0,-3.313973903656006,0.0089497545082013,26,True,K,G
1Z7X_W_X,0.12056858788986578,298.0,-0.3987013101577759,0.0121305440376078,20,True,Y,F
1Z7X_W_X,2.165087554212764,298.0,-1.195564985275269,0.0555500433317187,25,True,Y,F
1A22_A_B,0.0,298.0,-2.097182035446167,0.1113519893122376,20,False,M,A
1A22_A_B,-0.48617374156373994,298.0,1.1168687343597412,0.123620458599489,18,True,H,A
1A22_A_B,0.1553686208366228,298.0,-1.3123443126678467,0.0113057644978471,23,True,H,A
1A22_A_B,-0.21973896687975603,298.0,-0.16946983337402344,0.2179020064909714,16,True,Q,A
1A22_A_B,-0.4471143120724659,298.0,0.022571802139281782,0.1342833389802677,19,True,F,A
1A22_A_B,-0.2112181483222045,298.0,-0.7769076824188228,0.3610362813590521,18,False,D,A
1A22_A_B,-0.5887829456753407,298.0,-0.40169572830200195,0.3753401092532389,12,False,Q,A
1A22_A_B,0.19925437429429038,298.0,1.1191248893737793,0.1353261634641896,16,True,Y,A
1A22_A_B,1.2239685806665281,298.0,-3.009899616241455,0.0078746320526072,19,True,L,A
1A22_A_B,0.10796839609752822,298.0,-1.7186329364776611,0.3276844763795951,17,True,Q,A
1A22_A_B,0.41047252261649486,298.0,-3.1658336520195007,0.0411661732051074,17,True,P,A
1A22_A_B,0.34807942940459446,298.0,-2.6320837140083313,0.0066917461866006,22,True,S,A
1A22_A_B,0.41047252261649486,298.0,-2.6196635961532593,0.1971025918453773,19,True,E,A
1A22_A_B,1.208783474999111,298.0,-3.851435974240303,0.02297260279489,21,False,P,A
1A22_A_B,0.1553686208366228,298.0,-1.4157066345214844,0.1457744761707761,17,True,S,A
1A22_A_B,0.3142309784901898,298.0,-5.158901572227478,0.1326397486914821,20,True,N,A
1A22_A_B,1.6418900904659794,298.0,-1.3169987201690674,0.2073775356672871,23,True,R,A
1A22_A_B,-0.47286561582839537,298.0,-0.3547729253768921,0.4846926230235292,11,True,E,A
1A22_A_B,0.5881904627116606,298.0,-0.42263269424438477,0.1939074452952451,16,True,Q,A
1A22_A_B,0.34807942940459446,298.0,-0.7074942588806152,0.0157044969044476,23,True,Y,A
1A22_A_B,0.27832988540695697,298.0,-2.9267839193344116,0.0952852699118693,24,True,R,A
1A22_A_B,-0.15477673005991158,298.0,-2.7482521533966064,0.0254298447343707,24,True,K,A
1A22_A_B,0.7905698398926754,298.0,0.2748246192932129,0.0465999354575146,22,True,D,A
1A22_A_B,2.014143760982584,298.0,-3.5129504203796387,0.0484401024687262,25,True,K,A
1A22_A_B,-0.924194797457666,298.0,0.025824546813965288,0.1070444477240689,26,True,E,A
1A22_A_B,1.9061753648850552,298.0,-4.4331174492836,0.0370104706823938,26,True,T,A
1A22_A_B,0.41047252261649486,298.0,-4.355815052986145,0.0004279012622318,26,False,F,A
1A22_A_B,2.4246162835990783,298.0,-3.3948549032211304,0.1340808914566766,25,True,R,A
1A22_A_B,0.8059521767601838,298.0,-3.4022371768951416,0.0009187172381562,24,True,I,A
1A22_A_B,0.5426151598260328,298.0,-3.30054098367691,0.3756528532856684,16,False,R,A
1A22_A_B,-0.011963774027914067,298.0,-0.6623103618621826,0.7745680299403616,9,False,E,A
1A22_A_B,2.115299745535946,298.0,-0.8164932727813721,0.0131872979573719,24,True,R,A
1A22_A_B,1.6919638487429767,298.0,-1.07578444480896,0.1690911202624688,21,True,E,A
1A22_A_B,0.6898899871588957,298.0,-0.8647606372833252,0.1624092693072002,19,False,R,A
1A22_A_B,0.5356069517276616,298.0,-3.7446320056915283,0.040346957466585,22,True,R,A
1A22_A_B,0.11086418021893657,298.0,0.15678882598876953,0.3561794462791887,9,False,T,A
1A22_A_B,0.0,298.0,-0.1666803359985347,0.6601271817365019,10,True,Q,A
1A22_A_B,-0.09419599227270269,298.0,-0.04813432693481401,0.3951131864329282,12,True,E,A
1A22_A_B,0.5140705175285369,298.0,-5.117631018161774,0.1227545459438912,20,True,W,A
1A22_A_B,-0.017678526920830696,298.0,-5.077972650527954,0.3296279223394492,13,False,W,A
1A22_A_B,-0.05470224910387513,298.0,-0.38239181041717507,0.3166131855182714,12,True,S,A
1A22_A_B,-0.18208834128065177,298.0,-1.2979142665863033,0.0267030935523951,21,True,S,A
1A22_A_B,1.607144483940179,298.0,-0.33422183990478516,0.006143468069833,25,True,I,A
1A22_A_B,4.729537319129406,298.0,-1.39426589012146,0.0217853758949312,20,True,W,A
1A22_A_B,1.94002381579946,298.0,-1.450355052947998,0.1209000321493904,17,True,I,A
1A22_A_B,3.304241640773704,298.0,-3.447169691324234,0.0016721074018139,22,True,P,A
1A22_A_B,-0.18208834128065177,298.0,-2.757137417793275,0.2391315672379173,16,True,E,A
1A22_A_B,0.08124867565349916,298.0,-2.1304190158843994,0.2243637651997982,20,True,K,A
1A22_A_B,0.2739594842214708,298.0,-0.8994505405426025,0.0134475406244215,20,True,S,A
1A22_A_B,0.9934796990832511,298.0,-3.222586989402771,0.0613147549111536,20,True,D,A
1A22_A_B,0.9702537154561661,298.0,-4.329451501369476,0.1740071549930512,18,True,E,A
1A22_A_B,1.485867962107306,298.0,-2.9235042929649353,0.0281537786376515,17,True,D,A
1A22_A_B,2.129803001188137,298.0,-4.161612629890442,0.162896623769617,17,True,I,A
1A22_A_B,0.01716603301363853,298.0,0.9128334522247314,0.4306324760042578,13,True,Q,A
1A22_A_B,-0.017678526920830696,298.0,-1.1779272556304932,0.3941441046018986,15,True,K,A
1A22_A_B,4.729537319129406,298.0,-2.8977612257003784,0.0025899575047831,22,True,W,A
1A22_A_B,-0.6167351050091565,298.0,-0.6823108196258545,0.2022587986621273,20,True,V,A
1A22_A_B,-0.09419599227270269,298.0,-3.367948591709137,0.2515864022255492,18,False,T,A
1A22_A_B,0.8906945892306273,298.0,-0.952594518661499,0.0507075228945722,24,False,Q,A
1A22_A_B,0.2739594842214708,298.0,-2.6764104366302495,0.2165434266789329,18,True,R,A
1A22_A_B,0.29549591842059547,298.0,-4.492234990000725,0.1102001059023597,21,True,N,A
1A22_A_B,0.03384845091440465,298.0,0.09153485298156738,0.060338991368405,22,True,S,A
1A22_A_B,0.1790067037655157,298.0,1.1554696559906006,0.0722950759166536,23,False,E,A
1A22_A_B,0.2739594842214708,298.0,-1.5659186840057377,0.2893439060166816,12,False,N,A
1A22_A_B,0.20420994022383326,298.0,-2.0763837099075313,0.5914110094077131,10,False,T,A
1A22_A_B,0.050073758276997164,298.0,-5.467220157384872,0.0,24,False,F,S
1A22_A_B,1.7608235553488416,298.0,-0.25473129749298096,0.0217324195363067,22,True,T,A
1A22_A_B,0.20420994022383326,298.0,-1.940356731414795,0.4326796423462168,8,False,T,A
1A22_A_B,0.7850439521497568,298.0,-3.1421371698379517,0.1865184548985173,19,False,K,A
1A22_A_B,0.5213367028354314,298.0,0.09880971908569336,0.0131872979573719,24,True,R,L
1A22_A_B,0.9999517489985055,298.0,-0.8362586498260498,0.0131872979573719,24,True,R,M
1A22_A_B,-0.132142637209538,298.0,-5.467220157384872,0.0,24,False,F,S
1A22_A_B,0.2690039182919279,298.0,-1.4968836307525635,0.2574828812458907,19,False,R,A
1A22_A_B,1.2314175678494845,298.0,1.1554696559906006,0.0722950759166536,23,False,E,A
1A22_A_B,0.27832988540695686,298.0,-0.8164932727813721,0.0131872979573719,24,True,R,A
1A22_A_B,0.6505835559235611,298.0,-1.07578444480896,0.1690911202624688,21,True,E,A
1A22_A_B,0.4178289734022319,298.0,-0.8647606372833252,0.1624092693072002,19,False,R,A
1A22_A_B,0.5990565780883257,298.0,-3.7446320056915283,0.040346957466585,22,True,R,A
1A22_A_B,-0.07907551111266659,298.0,-0.04813432693481401,0.3951131864329282,12,True,E,A
1A22_A_B,-0.07907551111266659,298.0,-0.12967705726623535,0.5532940858659561,7,False,E,A
1A22_A_B,0.14386948918076103,298.0,-1.7850778102874756,0.3480801520783573,12,False,K,A
1A22_A_B,0.782726193133099,298.0,-1.218863964080811,0.3051746687889757,11,False,E,A
1A22_A_B,0.17771794009516567,298.0,-0.7387697696685791,0.7157722373283627,7,False,E,A
1A22_A_B,0.042827331955533565,298.0,-2.3775031566619873,0.2083804936026777,18,False,K,A
1A22_A_B,0.9819805674273895,298.0,-3.222586989402771,0.0613147549111536,20,True,D,A
1A22_A_B,0.41047252261649486,298.0,-4.329451501369476,0.1740071549930512,18,True,E,A
1A22_A_B,1.0852303196520656,298.0,-1.2890224456787112,0.1941567443300545,18,False,D,A
1A22_A_B,0.08276515963921052,298.0,-3.94485741853714,0.069110921591715,15,False,E,A
1A22_A_B,-0.07907551111266659,298.0,-2.7260249853134155,0.0625768091504939,17,False,E,A
1A22_A_B,0.0,298.0,-2.4901182651519775,0.0674633128371867,16,False,K,A
1A22_A_B,0.19925437429429046,298.0,-0.7526513338088994,0.0866856261275118,15,False,E,A
1A22_A_B,0.24011103330706618,298.0,-0.8992712497711177,0.3999259032856021,13,False,K,A
1A22_A_B,-0.046167785849307856,298.0,-1.6350414752960205,0.4674415149305006,9,False,D,A
1A22_A_B,0.19925437429429046,298.0,-2.8404505848884583,0.2945933378011617,14,False,K,A
1A22_A_B,-0.07907551111266659,298.0,-1.3520188331604004,0.2788574481603701,14,False,E,A
1A22_A_B,-0.06239309321190053,298.0,-3.1021392345428467,0.0844812547419168,16,False,E,A
1A22_A_B,0.056441418262292826,298.0,-4.752767562866211,0.201717318711205,20,False,R,A
1A22_A_B,-0.19043753639900773,298.0,-3.7320583611726765,0.2090507316032508,19,False,R,A
1A22_A_B,0.49963976269338073,298.0,-3.1421371698379517,0.1865184548985173,19,False,K,A
1A22_A_B,0.3313970115038283,298.0,-2.6764104366302495,0.2165434266789329,18,True,R,A
1A22_A_B,0.10796839609752822,298.0,-0.32629966735839844,0.5338786718469145,15,False,E,A
1A22_A_B,0.5426151598260328,298.0,-5.117631018161774,0.1227545459438912,20,True,W,A
1A22_A_B,0.16664870803916404,298.0,-5.077972650527954,0.3296279223394492,13,False,W,A
1A22_A_B,4.6332957750031,298.0,-1.39426589012146,0.0217853758949312,20,True,W,A
1A22_A_B,2.783561828380338,298.0,0.9187716245651241,0.0217853758949312,20,True,W,F
1A22_A_B,0.19925437429429046,298.0,-4.153274655342102,0.2542013961480964,19,False,Y,A
1A22_A_B,0.25952872938631466,298.0,-2.1621805429458623,0.116204473785563,20,False,P,A
1A22_A_B,-0.01499286847280591,298.0,-1.3793833255767831,0.068962865614585,21,False,S,A
1A22_A_B,0.06974954399763748,298.0,-3.045394361019135,0.6232413506261676,11,False,T,A
1A22_A_B,-0.4408477279568094,298.0,-1.5659186840057377,0.2893439060166816,12,False,N,A
1A22_A_B,-0.4408477279568094,298.0,0.15678882598876953,0.3561794462791887,9,False,T,A
1A22_A_B,-0.5808340119259235,298.0,-0.1666803359985347,0.6601271817365019,10,True,Q,A
1A22_A_B,-0.25510390177987213,298.0,-2.0763837099075313,0.5914110094077131,10,False,T,A
1A22_A_B,-0.41047252261649486,298.0,-0.7440781593322754,0.2035445216896422,12,False,Q,A
1A22_A_B,-0.25510390177987213,298.0,-0.964781284332275,0.2979125039287146,13,False,N,A
1A22_A_B,-0.32770736297728437,298.0,-0.38239181041717507,0.3166131855182714,12,True,S,A
1A22_A_B,-0.5067140667428,298.0,-0.608878016471863,0.5744393937568385,10,False,S,A
1A22_A_B,-0.01499286847280591,298.0,-1.857312679290771,0.2595561696610857,18,False,F,A
1A22_A_B,1.0852303196520656,298.0,-0.25473129749298096,0.0217324195363067,22,True,T,A
1A22_A_B,0.4669139408787877,298.0,-1.2979142665863033,0.0267030935523951,21,True,S,A
1A22_A_B,0.43227326687258494,298.0,-0.33422183990478516,0.006143468069833,25,True,I,A
1A22_A_B,0.13214263720953795,298.0,-1.450355052947998,0.1209000321493904,17,True,I,A
1A22_A_B,2.6256305007124494,298.0,-3.447169691324234,0.0016721074018139,22,True,P,A
1A22_A_B,1.1416717379143584,298.0,-0.959617018699646,0.0,25,False,V,A
1A22_A_B,0.5881904627116605,298.0,-4.927018880844116,0.0750598171763273,21,False,I,A
1A22_A_B,-0.046167785849307856,298.0,-2.3838849067687993,0.0018903098057382,23,False,V,A
1A22_A_B,-0.03037520534031449,298.0,-1.857094168663025,0.1720052674796565,22,False,Q,A
1A22_A_B,-0.4312531345396917,298.0,0.022571802139281782,0.1342833389802677,19,True,F,A
1A22_A_B,-0.39252609853081494,298.0,0.022571802139281782,0.1342833389802677,19,True,F,A
1A22_A_B,2.1770562631090558,298.0,-0.8164932727813721,0.0131872979573719,24,True,R,A
1A22_A_B,1.7769862832883918,298.0,-1.07578444480896,0.1690911202624688,21,True,E,A
1A22_A_B,0.17771794009516576,298.0,-1.5659186840057377,0.2893439060166816,12,False,N,A
1A22_A_B,0.07759319075721371,298.0,0.15678882598876953,0.3561794462791887,9,False,T,A
1A22_A_B,0.0,298.0,-0.1666803359985347,0.6601271817365019,10,True,Q,A
1A22_A_B,-0.12259695408649729,298.0,-0.04813432693481401,0.3951131864329282,12,True,E,A
1A22_A_B,0.5771212306556589,298.0,-5.117631018161774,0.1227545459438912,20,True,W,A
1A22_A_B,0.0,298.0,-5.077972650527954,0.3296279223394492,13,False,W,A
1A22_A_B,-0.12259695408649729,298.0,-0.38239181041717507,0.3166131855182714,12,True,S,A
1A22_A_B,-0.2223193050485716,298.0,-1.2979142665863033,0.0267030935523951,21,True,S,A
1A22_A_B,1.7769862832883918,298.0,-0.33422183990478516,0.006143468069833,25,True,I,A
1A22_A_B,1.9775019715266127,298.0,-1.450355052947998,0.1209000321493904,17,True,I,A
1A22_A_B,0.0,298.0,-2.695697069168091,0.0032473260665828,18,True,C,A
1A22_A_B,-0.2223193050485716,298.0,-2.757137417793275,0.2391315672379173,16,True,E,A
1A22_A_B,0.07759319075721371,298.0,-2.1304190158843994,0.2243637651997982,20,True,K,A
1A22_A_B,0.0,298.0,-2.6961443424224854,0.015209366119814,22,True,C,A
1A22_A_B,0.17771794009516576,298.0,-0.8994505405426025,0.0134475406244215,20,True,S,A
1A22_A_B,0.9774513929763425,298.0,-3.222586989402771,0.0613147549111536,20,True,D,A
1A22_A_B,0.9774513929763425,298.0,-4.329451501369476,0.1740071549930512,18,True,E,A
1A22_A_B,1.5753702441579382,298.0,-2.9235042929649353,0.0281537786376515,17,True,D,A
1A22_A_B,2.1770562631090558,298.0,-4.161612629890442,0.162896623769617,17,True,I,A
1A22_A_B,0.0,298.0,0.9128334522247314,0.4306324760042578,13,True,Q,A
1A22_A_B,0.0,298.0,-1.1779272556304932,0.3941441046018986,15,True,K,A
1A22_A_B,-0.7229296006105953,298.0,-0.6823108196258545,0.2022587986621273,20,True,V,A
1A22_A_B,0.17771794009516576,298.0,-1.940356731414795,0.4326796423462168,8,False,T,A
1A22_A_B,-0.12259695408649729,298.0,-3.367948591709137,0.2515864022255492,18,False,T,A
1A22_A_B,0.8773864634952826,298.0,-0.952594518661499,0.0507075228945722,24,False,Q,A
1A22_A_B,0.17771794009516576,298.0,-2.6764104366302495,0.2165434266789329,18,True,R,A
1A22_A_B,0.27832988540695686,298.0,-4.492234990000725,0.1102001059023597,21,True,N,A
1A22_A_B,-0.05470224910387513,298.0,-1.389188885688782,0.6753893735527139,4,False,P,A
1A22_A_B,-0.05470224910387513,298.0,-0.3384881019592285,0.7180876288575928,6,False,T,A
1A22_A_B,0.41047252261649486,298.0,0.8787539005279541,0.6694450984179816,8,False,I,A
1A22_A_B,0.43603850743090267,298.0,-2.5515044927597046,0.6432222864403642,11,False,P,A
1A22_A_B,0.638856703952338,298.0,-4.7248683869838715,0.1153204086614388,19,False,L,A
1A22_A_B,0.3461410097595652,298.0,-0.011579513549804688,0.2910857944501175,13,False,S,A
1A22_A_B,0.20420994022383326,298.0,1.097977876663208,0.7101633826521778,10,False,R,A
1A22_A_B,-0.03590109308323292,298.0,-2.98386549949646,0.2387432222308043,17,False,L,A
1A22_A_B,1.049329226568833,298.0,-3.4402723908424377,0.0,21,False,F,A
1A22_A_B,0.09624154412630512,298.0,0.5991537570953369,0.2063709518627675,14,False,N,A
1A22_A_B,0.46849521464290916,298.0,-2.097182035446167,0.1113519893122376,20,False,M,A
1A22_A_B,0.15268296238859794,298.0,1.6706914901733398,0.5958366207766477,11,False,L,A
1A22_A_B,0.24011103330706618,298.0,-0.7094972133636475,0.1812138433489405,21,False,R,A
1A22_A_B,-0.2062625823926616,298.0,1.1168687343597412,0.123620458599489,18,True,H,A
1A22_A_B,0.050073758276997164,298.0,-0.9477150440216064,0.2742225630997605,19,False,R,A
1A22_A_B,0.878967737259404,298.0,-2.509402632713318,0.1343514060347355,19,False,F,A
1A22_A_B,0.11086418021893657,298.0,-2.020425319671631,0.0104141275997573,21,False,S,A
1A22_A_B,0.8381110782466282,298.0,-2.6196635961532593,0.1971025918453773,19,True,E,A
1A22_A_B,0.20420994022383326,298.0,-1.2389442920684814,0.4724614783264319,14,False,S,A
1A22_A_B,1.6590561234796182,298.0,-5.550742298364639,0.0123817249051318,21,False,I,A
1A22_A_B,0.3837528021724659,298.0,-2.3624861240386963,0.3840084830074661,12,False,P,A
1A22_A_B,0.638856703952338,298.0,-1.4157066345214844,0.1457744761707761,17,True,S,A
1A22_A_B,0.7059684410370903,298.0,-5.158901572227478,0.1326397486914821,20,True,N,A
1A22_A_B,1.8004321914069659,298.0,-1.3169987201690674,0.2073775356672871,23,True,R,A
1A22_A_B,-0.31423097849018977,298.0,-0.3547729253768921,0.4846926230235292,11,True,E,A
1A22_A_B,0.43603850743090267,298.0,-1.3412038087844849,0.2966886311073245,12,False,E,A
1A22_A_B,0.9869361333569323,298.0,-0.42263269424438477,0.1939074452952451,16,True,Q,A
1A22_A_B,-0.05470224910387513,298.0,1.1349917650222778,0.6739909095985851,9,False,Q,A
1A22_A_B,0.5213367028354314,298.0,-2.6660137176513667,0.287218845660706,18,False,K,A
1A22_A_B,0.41047252261649486,298.0,-5.021145075559616,0.3780198701995403,12,False,S,A
1A22_A_B,-0.2062625823926616,298.0,-1.8182847499847417,0.1669740053594525,16,False,L,A
1A22_A_B,-0.15886235765356702,298.0,-2.9267839193344116,0.0952852699118693,24,True,R,A
1A22_A_B,0.050073758276997164,298.0,-2.7482521533966064,0.0254298447343707,24,True,K,A
1A22_A_B,1.157297622666361,298.0,0.2748246192932129,0.0465999354575146,22,True,D,A
1A22_A_B,1.542566908824538,298.0,-3.5129504203796387,0.0484401024687262,25,True,K,A
1A22_A_B,-0.8950649904161133,298.0,0.025824546813965288,0.1070444477240689,26,True,E,A
1A22_A_B,1.68995983101726,298.0,-3.4931073784828186,0.0370104706823938,26,True,T,S
1A22_A_B,1.6375196892804935,298.0,-4.355815052986145,0.0004279012622318,26,False,F,A
1A22_A_B,1.26936421278632,298.0,-1.8520747423171997,0.1340808914566766,25,True,R,N
1A22_A_B,0.5894792263820106,298.0,-3.4022371768951416,0.0009187172381562,24,True,I,A
1A22_A_B,0.0,298.0,-3.700484335422516,0.0005337214121073,26,False,V,A
1A22_A_B,0.2739594842214708,298.0,2.0323327779769897,0.0332824676080003,23,False,Q,A
1A22_A_B,1.0189540212285182,298.0,-2.663701117038727,0.1325049166052408,21,True,C,A
1A22_A_B,0.43603850743090267,298.0,-3.30054098367691,0.3756528532856684,16,False,R,A
1A22_A_B,-0.05470224910387513,298.0,-0.5892248153686523,0.2078894248260899,18,False,S,A
1A22_A_B,0.878967737259404,298.0,-4.573465630412102,0.1129315966397575,17,False,V,A
1A22_A_B,-0.1365130383950241,298.0,-0.6623103618621826,0.7745680299403616,9,False,E,A
1A22_A_B,0.3461410097595652,298.0,-1.6679021120071411,0.3120928305875228,8,False,G,A
1A22_A_B,-0.2062625823926616,298.0,-0.11115264892578125,0.2443951046661944,16,False,S,A
1A22_A_B,0.19174239187987208,298.0,1.618267297744751,0.9370580255210232,5,False,F,A
1A22_A_B,0.31627653034379216,298.0,-3.449057012796402,0.0123817249051318,21,False,I,L
1A22_A_B,-0.31423097849018977,298.0,0.847632646560669,0.2073775356672871,23,True,R,K
1A22_A_B,1.26936421278632,298.0,-1.4190360307693481,0.0004279012622318,26,False,F,Y
1A22_A_B,0.9530876824425276,298.0,-2.705522179603577,0.1340808914566766,25,True,R,K
1BP3_A_B,0.0,298.0,-4.394558429718018,0.0006543177428899,20,False,F,A
1BP3_A_B,-0.29655245156935917,298.0,-0.6380429267883301,0.2031630129782533,14,False,N,A
1BP3_A_B,0.0,298.0,0.7880690097808838,0.5918048923645822,11,False,L,A
1BP3_A_B,0.0,298.0,0.04019474983215332,0.2116450966812224,20,False,R,A
1BP3_A_B,2.9107900251628185,298.0,0.149344682693481,0.2894287098917155,18,True,H,A
1BP3_A_B,0.0,298.0,-0.8495180606842037,0.3295117969829428,17,False,R,A
1BP3_A_B,2.670678991855752,298.0,0.16407489776611328,0.0039061661377785,21,True,H,A
1BP3_A_B,1.149772913128874,298.0,-0.05986595153808594,0.2029713157888814,17,True,F,A
1BP3_A_B,0.38292398933906363,298.0,0.6147260665893552,0.2689564996420199,17,False,D,E
1BP3_A_B,0.2094209188007027,298.0,-2.316762149333954,0.0820575252410514,18,False,F,A
1BP3_A_B,0.24606270825667373,298.0,-0.7619996070861814,0.0026147108732337,21,False,S,A
1BP3_A_B,-0.11883451147419341,298.0,-2.0981346368789673,0.434088200656926,15,False,E,A
1BP3_A_B,0.034844559934469256,298.0,-0.10569143295288042,0.3727628436642191,14,False,S,A
1BP3_A_B,1.728349744696348,298.0,-3.4489723443984985,0.01483064687069,19,False,I,A
1BP3_A_B,0.15674740300266937,298.0,-2.184509754180908,0.4718780400278414,12,False,P,A
1BP3_A_B,1.415087182894258,298.0,-1.2828280925750728,0.2736639452162294,14,True,S,A
1BP3_A_B,0.855789605167459,298.0,-2.646073579788208,0.1827151436409271,15,True,N,A
1BP3_A_B,0.35403110435420193,298.0,-1.165006160736084,0.2909895036403884,17,True,R,A
1BP3_A_B,0.5461933379197206,298.0,-1.1981122493743896,0.418120427558285,10,True,E,A
1BP3_A_B,0.06775228519782786,298.0,-1.3179924488067627,0.2744164273234957,11,False,E,A
1BP3_A_B,0.11392007104713571,298.0,-0.4259207248687744,0.2273650935420701,14,True,Q,A
1BP3_A_B,-0.21378729193014856,298.0,1.113342046737671,0.6072865342490599,11,False,Q,A
1BP3_A_B,0.24606270825667373,298.0,-0.9146099090576172,0.2161862226059126,20,False,K,A
1BP3_A_B,0.6135598337405166,298.0,-3.8902334570884705,0.3538101003454793,14,False,S,A
1BP3_A_B,0.35403110435420193,298.0,-1.5419965982437134,0.1920148629427395,17,False,L,A
1BP3_A_B,0.2094209188007027,298.0,1.523561716079712,0.0,24,False,Y,A
1BP3_A_B,0.44531708255096414,298.0,-0.4511542320251465,0.0063596884867608,21,True,Y,A
1BP3_A_B,3.9262708008172464,298.0,-1.7817177772521973,0.0858956545561867,22,True,R,A
1BP3_A_B,1.7273797417394183,298.0,-2.5101505517959595,0.1234078409982252,22,True,K,A
1BP3_A_B,0.06775228519782786,298.0,-0.7471959590911865,0.0210637611169719,21,True,D,A
1BP3_A_B,3.1891199105697754,298.0,-2.9044432640075684,0.0465510172035705,23,True,K,A
1BP3_A_B,3.491624037088742,298.0,-0.7803695201873779,0.0986683338313079,21,True,E,A
1BP3_A_B,0.49401738832331615,298.0,-0.5778884887695308,0.1008329100252829,25,True,T,S
1BP3_A_B,1.9097535429787433,298.0,-2.270356774330139,0.0,24,False,F,A
1BP3_A_B,1.149772913128874,298.0,-2.531826972961426,0.063554336943162,22,True,R,A
1BP3_A_B,0.35403110435420193,298.0,-4.581674516201019,3.228160252841243e-05,19,True,I,A
1BP3_A_B,-0.16440981435982113,298.0,-4.0311755537986755,3.228160252841243e-05,19,True,I,M
1BP3_A_B,-0.29655245156935917,298.0,-4.576483391225338,0.0003229181692612,24,False,V,A
1BP3_A_B,0.0,298.0,1.7760491371154785,0.0601386065376744,23,False,Q,A
1BP3_A_B,0.5672199256191642,298.0,-2.896917760372162,0.2924351520712507,16,True,R,A
1BP3_A_B,-0.11883451147419341,298.0,-0.36533403396606445,0.1770078453877363,16,False,S,A
1BP3_A_B,0.2805687790862998,298.0,-1.8290235996246338,0.1327786567342177,16,False,V,A
1BP3_A_B,0.0,298.0,-0.16628098487854004,0.707869159319676,8,False,E,A
1BP3_A_B,0.0,298.0,-2.902784138917923,0.5565307235666841,9,False,G,A
1BP3_A_B,-0.29655245156935917,298.0,-0.27207422256469727,0.5704825094849677,12,True,S,A
1BP3_A_B,0.18658679667202122,298.0,0.149344682693481,0.2894287098917155,18,True,H,A
1BP3_A_B,-0.17771794009516576,298.0,0.16407489776611328,0.0039061661377785,21,True,H,A
1BP3_A_B,1.7848988430521826,298.0,-3.4489723443984985,0.01483064687069,19,False,I,A
1BP3_A_B,2.12089241066989,298.0,-1.7817177772521973,0.0858956545561867,22,True,R,A
1BP3_A_B,2.021409946289478,298.0,-2.9044432640075684,0.0465510172035705,23,True,K,A
1BP3_A_B,0.17036148930942865,298.0,-0.7803695201873779,0.0986683338313079,21,True,E,A
1BP3_A_B,1.944394216984946,298.0,-2.270356774330139,0.0,24,False,F,A
3MZG_A_B,0.20420994022383337,298.0,1.7832937240600586,0.656196252557274,9,False,H,A
3MZG_A_B,0.037413703542413246,298.0,1.7832937240600586,0.656196252557274,9,False,H,A
3MZG_A_B,0.09892720257432983,298.0,1.7832937240600586,0.656196252557274,9,False,H,A
3MZG_A_B,0.15339583013921898,298.0,1.7832937240600586,0.656196252557274,9,False,H,A
3MZG_A_B,0.1779606892983189,298.0,1.7832937240600586,0.656196252557274,9,False,H,A
3MZG_A_B,0.1668090691015152,298.0,1.7832937240600586,0.656196252557274,9,False,H,A
3MZG_A_B,0.03384845091440465,298.0,-0.48016929626464844,0.1454092799412603,21,False,H,A
3MZG_A_B,0.5678183962843505,298.0,-0.48016929626464844,0.1454092799412603,21,False,H,A
3MZG_A_B,0.5621242497896822,298.0,-0.48016929626464844,0.1454092799412603,21,False,H,A
3MZG_A_B,0.6045124918764546,298.0,-0.48016929626464844,0.1454092799412603,21,False,H,A
3MZG_A_B,0.423440632207519,298.0,-0.48016929626464844,0.1454092799412603,21,False,H,A
3MZG_A_B,0.25962012327071554,298.0,-0.48016929626464844,0.1454092799412603,21,False,H,A
3MZG_A_B,-0.06239309321190053,298.0,0.6038997173309326,0.1307332860377059,17,False,H,A
3MZG_A_B,0.010210367985511842,298.0,0.6038997173309326,0.1307332860377059,17,False,H,A
3MZG_A_B,0.033060863788339306,298.0,0.6038997173309326,0.1307332860377059,17,False,H,A
3MZG_A_B,0.1904581841099214,298.0,0.6038997173309326,0.1307332860377059,17,False,H,A
3MZG_A_B,0.2032987434402695,298.0,0.6038997173309326,0.1307332860377059,17,False,H,A
3MZG_A_B,0.10131987925479836,298.0,0.6038997173309326,0.1307332860377059,17,False,H,A
3MZG_A_B,-0.3967001187916693,298.0,-0.7272391319274902,0.14921030976846,13,False,H,A
3MZG_A_B,-0.46153155362943515,298.0,-0.7272391319274902,0.14921030976846,13,False,H,A
3MZG_A_B,-0.15268296238859802,298.0,-0.7272391319274902,0.14921030976846,13,False,H,A
3MZG_A_B,0.05741670533222096,298.0,-0.7272391319274902,0.14921030976846,13,False,H,A
3MZG_A_B,0.16817225697212493,298.0,-0.7272391319274902,0.14921030976846,13,False,H,A
3MZG_A_B,0.09892720257432992,298.0,-0.7272391319274902,0.14921030976846,13,False,H,A
3MZG_A_B,0.12513442911116684,298.0,0.07899785041809082,0.0795869791711173,23,True,H,A
3MZG_A_B,1.0903575090208044,298.0,0.07899785041809082,0.0795869791711173,23,True,H,A
3MZG_A_B,1.216352042892593,298.0,0.07899785041809082,0.0795869791711173,23,True,H,A
3MZG_A_B,1.2076131558348775,298.0,0.07899785041809082,0.0795869791711173,23,True,H,A
3MZG_A_B,1.0327092393963728,298.0,0.07899785041809082,0.0795869791711173,23,True,H,A
3MZG_A_B,0.867254485591477,298.0,0.07899785041809082,0.0795869791711173,23,True,H,A
3MZG_A_B,-0.2610181511103023,298.0,-2.2334556579589844,0.2902039855981684,14,False,H,A
3MZG_A_B,0.36588749867869125,298.0,-2.2334556579589844,0.2902039855981684,14,False,H,A
3MZG_A_B,0.6838652047560541,298.0,-2.2334556579589844,0.2902039855981684,14,False,H,A
3MZG_A_B,0.6898639918263573,298.0,-2.2334556579589844,0.2902039855981684,14,False,H,A
3MZG_A_B,-0.09128597819676212,298.0,0.43435215950012207,0.2213294161121035,19,True,H,A
3MZG_A_B,-0.14763472973907876,298.0,0.43435215950012207,0.2213294161121035,19,True,H,A
3MZG_A_B,-0.37457142953326206,298.0,0.43435215950012207,0.2213294161121035,19,True,H,A
3MZG_A_B,-0.19866248351757923,298.0,0.43435215950012207,0.2213294161121035,19,True,H,A
3MZG_A_B,-0.16780344354863405,298.0,0.43435215950012207,0.2213294161121035,19,True,H,A
3MZG_A_B,-0.07651746535187183,298.0,0.43435215950012207,0.2213294161121035,19,True,H,A
3MZG_A_B,0.1264757358517611,298.0,0.43435215950012207,0.2213294161121035,19,True,H,A
3MZG_A_B,0.12296126457033416,298.0,0.43435215950012207,0.2213294161121035,19,True,H,A
3MZG_A_B,0.2916380111423016,298.0,0.43435215950012207,0.2213294161121035,19,True,H,A
3MZG_A_B,0.3236558990138876,298.0,0.43435215950012207,0.2213294161121035,19,True,H,A
3MZG_A_B,-0.6859667122324017,298.0,2.1103113889694223,0.0192828398813426,24,True,H,A
3MZG_A_B,0.7337572610586583,298.0,2.1103113889694223,0.0192828398813426,24,True,H,A
3MZG_A_B,1.6689743456539297,298.0,2.1103113889694223,0.0192828398813426,24,True,H,A
3MZG_A_B,1.4443647295833233,298.0,2.1103113889694223,0.0192828398813426,24,True,H,A
3MZG_A_B,1.4808545682715797,298.0,2.1103113889694223,0.0192828398813426,24,True,H,A
3MZG_A_B,1.8207061518132373,298.0,2.1103113889694223,0.0192828398813426,24,True,H,A
3MZG_A_B,1.6293401853076444,298.0,2.1103113889694223,0.0192828398813426,24,True,H,A
3MZG_A_B,1.6141792623884277,298.0,2.1103113889694223,0.0192828398813426,24,True,H,A
3MZG_A_B,1.5347214064046388,298.0,2.1103113889694223,0.0192828398813426,24,True,H,A
3MZG_A_B,-0.8740121713298612,298.0,2.179869771003723,0.0208517675057265,23,True,H,A
3MZG_A_B,-0.29696963134906396,298.0,2.179869771003723,0.0208517675057265,23,True,H,A
3MZG_A_B,-0.22188846714466404,298.0,2.179869771003723,0.0208517675057265,23,True,H,A
3MZG_A_B,0.09043939238738968,298.0,2.179869771003723,0.0208517675057265,23,True,H,A
3MZG_A_B,0.2869193672694495,298.0,2.179869771003723,0.0208517675057265,23,True,H,A
3MZG_A_B,0.2805687790862999,298.0,2.179869771003723,0.0208517675057265,23,True,H,A
3MZG_A_B,0.28533809350532807,298.0,2.179869771003723,0.0208517675057265,23,True,H,A
3MZG_A_B,0.36307229787740025,298.0,2.179869771003723,0.0208517675057265,23,True,H,A
3MZG_A_B,0.3829239893390637,298.0,2.179869771003723,0.0208517675057265,23,True,H,A
3MZG_A_B,0.3236558990138876,298.0,2.179869771003723,0.0208517675057265,23,True,H,A
3MZG_A_B,-0.4471143120724659,298.0,-1.920484185218811,0.0923592406197475,18,True,H,A
3MZG_A_B,1.0563374346672039,298.0,-1.920484185218811,0.0923592406197475,18,True,H,A
3MZG_A_B,2.0342198080721627,298.0,-1.920484185218811,0.0923592406197475,18,True,H,A
3MZG_A_B,1.9272663784743875,298.0,-1.920484185218811,0.0923592406197475,18,True,H,A
3MZG_A_B,2.09321927209525,298.0,-1.920484185218811,0.0923592406197475,18,True,H,A
3MZG_A_B,2.4414610522025155,298.0,-1.920484185218811,0.0923592406197475,18,True,H,A
3MZG_A_B,2.2916129097949827,298.0,-1.920484185218811,0.0923592406197475,18,True,H,A
3MZG_A_B,2.341851123959868,298.0,-1.920484185218811,0.0923592406197475,18,True,H,A
3MZG_A_B,2.2488956023037225,298.0,-1.920484185218811,0.0923592406197475,18,True,H,A
3MZG_A_B,0.26765956658449747,298.0,2.1103113889694223,0.0192828398813426,24,True,H,A
3MZG_A_B,0.7762032212644027,298.0,2.1103113889694223,0.0192828398813426,24,True,H,A
3MZG_A_B,1.0548551143117513,298.0,2.1103113889694223,0.0192828398813426,24,True,H,A
3MZG_A_B,1.7116396344636169,298.0,2.1103113889694223,0.0192828398813426,24,True,H,A
3MZG_A_B,2.036777853832957,298.0,2.1103113889694223,0.0192828398813426,24,True,H,A
3MZG_A_B,2.202183777212843,298.0,2.1103113889694223,0.0192828398813426,24,True,H,A
3MZG_A_B,2.0326511007368167,298.0,2.1103113889694223,0.0192828398813426,24,True,H,A
3MZG_A_B,2.454231788164516,298.0,2.1103113889694223,0.0192828398813426,24,True,H,A
3MZG_A_B,2.2719333212104806,298.0,2.1103113889694223,0.0192828398813426,24,True,H,A
3MZG_A_B,2.2108289916689303,298.0,2.1103113889694223,0.0192828398813426,24,True,H,A
3N06_A_B,0.0912859781967621,298.0,-0.8470277786254883,0.1680447178516954,19,False,A,H
3N06_A_B,0.1476347297390788,298.0,-0.8470277786254883,0.1680447178516954,19,False,A,H
3N06_A_B,0.3745714295332621,298.0,-0.8470277786254883,0.1680447178516954,19,False,A,H
3N06_A_B,0.19866248351757915,298.0,-0.8470277786254883,0.1680447178516954,19,False,A,H
3N06_A_B,0.16780344354863402,298.0,-0.8470277786254883,0.1680447178516954,19,False,A,H
3N06_A_B,0.07651746535187182,298.0,-0.8470277786254883,0.1680447178516954,19,False,A,H
3N06_A_B,-0.12647573585176117,298.0,-0.8470277786254883,0.1680447178516954,19,False,A,H
3N06_A_B,-0.12296126457033413,298.0,-0.8470277786254883,0.1680447178516954,19,False,A,H
3N06_A_B,-0.2916380111423016,298.0,-0.8470277786254883,0.1680447178516954,19,False,A,H
3N06_A_B,-0.3236558990138876,298.0,-0.8470277786254883,0.1680447178516954,19,False,A,H
3N0P_A_B,0.8740121713298612,298.0,-4.34061062335968,0.0257249713267719,24,True,A,H
3N0P_A_B,0.29696963134906396,298.0,-4.34061062335968,0.0257249713267719,24,True,A,H
3N0P_A_B,0.22188846714466404,298.0,-4.34061062335968,0.0257249713267719,24,True,A,H
3N0P_A_B,-0.09043939238738971,298.0,-4.34061062335968,0.0257249713267719,24,True,A,H
3N0P_A_B,-0.2869193672694495,298.0,-4.34061062335968,0.0257249713267719,24,True,A,H
3N0P_A_B,-0.28056877908629985,298.0,-4.34061062335968,0.0257249713267719,24,True,A,H
3N0P_A_B,-0.285338093505328,298.0,-4.34061062335968,0.0257249713267719,24,True,A,H
3N0P_A_B,-0.36307229787740025,298.0,-4.34061062335968,0.0257249713267719,24,True,A,H
3N0P_A_B,-0.3829239893390637,298.0,-4.34061062335968,0.0257249713267719,24,True,A,H
3N0P_A_B,-0.3236558990138876,298.0,-4.34061062335968,0.0257249713267719,24,True,A,H
3NCB_A_B,0.6859667122324017,298.0,-2.236386775970459,0.0544097194779318,24,True,A,H
3NCB_A_B,-0.7337572610586583,298.0,-2.236386775970459,0.0544097194779318,24,True,A,H
3NCB_A_B,-1.6689743456539297,298.0,-2.236386775970459,0.0544097194779318,24,True,A,H
3NCB_A_B,-1.4443647295833233,298.0,-2.236386775970459,0.0544097194779318,24,True,A,H
3NCB_A_B,-1.4808545682715797,298.0,-2.236386775970459,0.0544097194779318,24,True,A,H
3NCB_A_B,-1.8207061518132373,298.0,-2.236386775970459,0.0544097194779318,24,True,A,H
3NCB_A_B,-1.6293401853076444,298.0,-2.236386775970459,0.0544097194779318,24,True,A,H
3NCB_A_B,-1.6141792623884277,298.0,-2.236386775970459,0.0544097194779318,24,True,A,H
3NCB_A_B,-1.5347214064046388,298.0,-2.236386775970459,0.0544097194779318,24,True,A,H
3NCB_A_B,-0.26765956658449747,298.0,-2.236386775970459,0.0544097194779318,24,True,A,H
3NCB_A_B,-0.7762032212644027,298.0,-2.236386775970459,0.0544097194779318,24,True,A,H
3NCB_A_B,-1.0548551143117513,298.0,-2.236386775970459,0.0544097194779318,24,True,A,H
3NCB_A_B,-1.711639634463617,298.0,-2.236386775970459,0.0544097194779318,24,True,A,H
3NCB_A_B,-2.036777853832957,298.0,-2.236386775970459,0.0544097194779318,24,True,A,H
3NCB_A_B,-2.202183777212843,298.0,-2.236386775970459,0.0544097194779318,24,True,A,H
3NCB_A_B,-2.0326511007368167,298.0,-2.236386775970459,0.0544097194779318,24,True,A,H
3NCB_A_B,-2.454231788164516,298.0,-2.236386775970459,0.0544097194779318,24,True,A,H
3NCB_A_B,-2.2719333212104806,298.0,-2.236386775970459,0.0544097194779318,24,True,A,H
3NCB_A_B,-2.2108289916689303,298.0,-2.236386775970459,0.0544097194779318,24,True,A,H
3NCC_A_B,0.44711431207246594,298.0,1.8937439918518075,0.1816701232534943,19,True,A,H
3NCC_A_B,-1.056337434667204,298.0,1.8937439918518075,0.1816701232534943,19,True,A,H
3NCC_A_B,-2.0342198080721627,298.0,1.8937439918518075,0.1816701232534943,19,True,A,H
3NCC_A_B,-1.9272663784743875,298.0,1.8937439918518075,0.1816701232534943,19,True,A,H
3NCC_A_B,-2.0932192720952503,298.0,1.8937439918518075,0.1816701232534943,19,True,A,H
3NCC_A_B,-2.4414610522025155,298.0,1.8937439918518075,0.1816701232534943,19,True,A,H
3NCC_A_B,-2.2916129097949827,298.0,1.8937439918518075,0.1816701232534943,19,True,A,H
3NCC_A_B,-2.341851123959868,298.0,1.8937439918518075,0.1816701232534943,19,True,A,H
3NCC_A_B,-2.2488956023037225,298.0,1.8937439918518075,0.1816701232534943,19,True,A,H
1F47_A_B,0.6911964665596501,298.0,-1.1074017286300655,0.4986815426540259,10,True,D,A
1F47_A_B,0.868977610312787,298.0,-3.955109119415283,0.2480919666630295,16,True,Y,A
1F47_A_B,0.9250167083082733,298.0,-5.0194748640060425,0.1336332889989299,20,True,L,A
1F47_A_B,1.7328822523963323,298.0,-4.315730929374695,0.2874781041236428,12,True,D,A
1F47_A_B,2.5151184275678347,298.0,-4.431596159934998,0.0419561529260033,18,True,I,A
1F47_A_B,-0.057539076913541876,298.0,0.44211530685424805,0.4397098795237187,7,False,P,A
1F47_A_B,2.4443876295382254,298.0,-2.1610124111175537,0.0655377602998243,20,True,F,A
1F47_A_B,2.2942985682430073,298.0,-4.314875245094299,0.0932032318995447,15,True,L,A
1F47_A_B,-0.04262174727275364,298.0,-0.6843671798706055,0.6277995109382368,9,False,K,A
1F47_A_B,-0.045575302885627694,298.0,1.0443321466445923,0.306078824065871,14,True,Q,A
1F47_A_B,2.0639366624021465,298.0,-3.595932364463806,0.2874781041236428,12,True,D,S
1F47_A_B,1.138831508619465,298.0,-5.020640730857849,0.2874781041236428,12,True,D,G
1FCC_A_C,0.24011103330706618,298.0,1.1809141635894775,0.1635140982216553,17,True,T,A
1FCC_A_C,4.935799901522068,298.0,-3.3361862897872925,0.0054799688259486,26,True,E,A
1FCC_A_C,1.2555918089614944,298.0,-1.6823393106460574,0.0480775136015898,21,True,K,A
1FCC_A_C,3.4759981523367394,298.0,-0.017426013946533203,0.0124657845993924,24,True,K,A
1FCC_A_C,2.364048112240645,298.0,-2.5902512073516846,0.1667012477771,15,True,N,A
1FCC_A_C,0.2721289211786522,298.0,-0.6124782562255859,0.3744527971080365,15,True,D,A
1FCC_A_C,0.38526928615817724,298.0,-1.238476276397706,0.4407161136948357,14,True,E,A
1FCC_A_C,3.7714940707573352,298.0,-4.49258217215538,0.0350600628498857,21,True,W,A
1GC1_G_C,0.062393093211900494,298.0,-0.75954270362854,0.6702984079136889,9,False,K,A
1GC1_G_C,-0.01668241790076606,298.0,-1.7502840757369995,0.5027874141525701,11,False,K,A
1GC1_G_C,0.9974432389179337,298.0,-3.400970458984375,0.2719487291791705,16,False,K,A
1GC1_G_C,0.10522042516743405,298.0,-0.9676769971847534,0.3329754981776511,19,False,K,A
1GC1_G_C,0.0,298.0,-0.4717497825622561,0.3333543040884887,12,False,D,A
1GC1_G_C,0.0,298.0,-4.043995261192322,0.4802266291028705,13,False,T,A
1GC1_G_C,0.32192182259821517,298.0,-1.0832107067108154,0.4767145175845556,14,False,T,A
1GC1_G_C,-0.12804444318710723,298.0,-2.1821048259735107,0.35679871363268,17,False,T,A
1GC1_G_C,0.0,298.0,-0.28855037689208984,0.3485034970597805,11,False,S,A
1GC1_G_C,-0.01668241790076606,298.0,-0.32684922218322754,0.6685198385529081,6,False,Q,A
1GC1_G_C,-0.12804444318710723,298.0,-1.5052026510238652,0.2631516808089043,13,False,K,A
1GC1_G_C,0.2401110333070663,298.0,-1.9296109676361084,0.4071040645051532,10,False,K,A
1GC1_G_C,0.2925511750438329,298.0,0.6430882215499876,0.3058866626675718,19,False,S,A
1GC1_G_C,0.032017887871586014,298.0,-0.20674824714660645,0.2107914282176905,20,True,Q,A
1GC1_G_C,0.28242807942938764,298.0,1.0446443557739262,0.1322887809409663,23,True,H,A
1GC1_G_C,0.5359984801206348,298.0,-2.1744284629821777,0.0056594273897517,25,True,K,A
1GC1_G_C,0.17036148930942865,298.0,-5.058581709861756,0.0926098443693126,20,False,N,A
1GC1_G_C,0.10522042516743405,298.0,-1.545188069343567,0.4718195624285833,12,False,S,A
1GC1_G_C,0.1825719563935244,298.0,-2.4090585708618164,0.4542853096188476,12,True,N,A
1GC1_G_C,0.10522042516743405,298.0,-1.043243408203125,0.3354399524916819,17,True,Q,A
1GC1_G_C,0.32192182259821517,298.0,-0.8850057125091553,0.1132941932443766,24,True,K,A
1GC1_G_C,0.4654166286454389,298.0,-5.23057147860527,0.0305903946838521,23,False,N,A
1GC1_G_C,-0.41047252261649486,298.0,0.430767297744751,0.0983068658427087,25,True,Q,A
1GC1_G_C,0.0,298.0,-0.6879709362983705,0.05149557471424,24,True,S,A
1GC1_G_C,1.0555473255802814,298.0,-2.0851426124572754,0.0248770319145999,23,True,L,A
1GC1_G_C,-0.148825055110304,298.0,-0.574030876159668,0.1871854823951193,25,True,T,A
1GC1_G_C,1.4303781258773653,298.0,-4.78375381231308,0.1200150077896105,24,True,K,A
1GC1_G_C,0.61090070635913,298.0,-4.682314053177834,0.0520800641901841,22,False,S,A
1GC1_G_C,0.04740022473909465,298.0,-2.2109227180480957,0.5936538635271185,14,False,K,A
1GC1_G_C,1.233470210018313,298.0,-4.744146049022675,0.0484882053705783,24,False,L,A
1GC1_G_C,0.7080210832059186,298.0,0.6110305786132812,0.1921259413945323,16,True,N,A
1GC1_G_C,0.3025041265189667,298.0,-1.0705610513687134,0.5561284892299251,11,False,D,A
1GC1_G_C,-0.06974954399763744,298.0,-1.537905216217041,0.2682442537692149,20,False,D,A
1GC1_G_C,0.13214263720953795,298.0,-0.7560768127441411,0.4325584151212732,15,False,R,A
1GC1_G_C,1.1753872476063394,298.0,-0.8585929870605469,0.2377520192641271,19,True,R,A
1GC1_G_C,-0.08855070001827973,298.0,-0.2251272201538086,0.2191797726681232,14,True,S,A
1GC1_G_C,-0.31918654441973265,298.0,-0.5867242813110352,0.2720991118320146,16,True,D,A
1GC1_G_C,0.4424904104880809,298.0,0.7873129844665527,0.3941648110702181,16,True,Q,A
1GC1_G_C,-0.03384845091440466,298.0,-1.2923014163970947,0.1061308206352471,18,False,N,A
1GC1_G_C,-0.01668241790076606,298.0,-1.431892991065979,0.3223313730518789,14,False,K,A
1GC1_G_C,-0.10796839609752822,298.0,-3.5126243233680725,0.3141284996341721,14,False,N,A
1GC1_G_C,0.15789394096546747,298.0,-2.4947420358657837,0.2810046877396925,17,False,K,A
1GC1_G_C,0.5620328559052814,298.0,-1.7728980779647827,0.4668052129486565,12,False,E,A
1GC1_G_C,1.2900978797911207,298.0,-5.618239052593709,0.0101598794286609,24,False,Y,A
1GC1_G_C,1.3227035460462468,298.0,-1.5303955078125,0.0645802530652064,18,False,E,A
1GC1_G_C,-0.06974954399763744,298.0,-0.1313920021057129,0.0331825221638329,18,False,V,A
1GC1_G_C,0.21776171404852326,298.0,-1.0240762233734133,0.464367377848287,10,False,E,A
1GC1_G_C,-0.06974954399763744,298.0,-1.4286613464355473,0.7140806231024378,6,False,D,A
1GC1_G_C,0.17036148930942865,298.0,-0.52895188331604,0.2171943888772536,13,False,Q,A
1GC1_G_C,0.04740022473909465,298.0,-0.9689855575561519,0.5572009375137467,10,False,K,A
1GC1_G_C,-0.12804444318710723,298.0,-1.248030185699463,0.2570019856310707,19,False,E,A
1GC1_G_C,0.016225307362592645,298.0,-2.452786684036255,0.2657139575744382,11,False,E,A
1GC1_G_C,-0.10796839609752822,298.0,-2.0440425872802734,0.2545632959277419,19,False,Q,A
1GC1_G_C,-0.3107865926189636,298.0,-0.6556234359741211,0.2171943888772536,13,False,Q,L
1JRH_LH_I,-0.02556598481440776,298.0,-1.1679106950759885,0.3647686236138632,14,False,T,V
1JRH_LH_I,0.09956844429675919,298.0,-0.49113482236862216,0.0654421550678858,22,False,E,Q
1JRH_LH_I,0.5426151598260328,298.0,-2.884735941886902,0.1953559790171472,17,True,E,A
1JRH_LH_I,0.4346467637285045,298.0,-4.237544000148773,0.145143731731736,15,True,D,A
1JRH_LH_I,1.1084563032791503,298.0,-1.294806718826294,0.208941448543572,18,True,Y,A
1JRH_LH_I,0.5808340119259237,298.0,-5.58443021774292,0.0080138860307204,24,False,Y,A
1JRH_LH_I,2.8184063883148074,298.0,0.06109189987182617,0.0077109625706872,24,True,W,A
1JRH_LH_I,-0.650583555923561,298.0,-2.592274844646454,0.0799167187804542,19,True,S,A
1JRH_LH_I,0.38526928615817724,298.0,-0.3673520088195801,0.09638755274362,21,True,T,A
1JRH_LH_I,1.6660643315779893,298.0,-0.7998945713043208,0.0309951549633962,27,False,W,A
1JRH_LH_I,1.4333097490566602,298.0,-0.4444859027862549,0.4709752294657779,11,True,Y,A
1JRH_LH_I,2.6862637511052694,298.0,-2.413980007171631,0.0,20,True,W,A
1JRH_LH_I,2.4213171849672226,298.0,-1.0032000541687012,0.1288555410614759,18,True,W,A
1JRH_LH_I,1.8860993177954763,298.0,-4.520208358764648,0.3831689306763632,15,True,D,A
1JRH_LH_I,1.6660643315779893,298.0,-2.1794660091400146,0.302330737063426,11,False,D,A
1JRH_LH_I,1.85464838704982,298.0,-0.9590792655944824,0.2611307998690024,11,True,D,A
1JRH_LH_I,1.2555918089614944,298.0,-0.4063453674316406,0.0985708103042734,22,True,Y,A
1JRH_LH_I,0.5426151598260328,298.0,-2.342873692512512,0.0258662887647063,24,False,R,A
1JRH_LH_I,0.0,298.0,1.1874771118164062,0.5529633609160183,13,False,F,A
1JRH_LH_I,1.061056078540056,298.0,-1.4016163349151611,0.5113188427611968,12,True,Y,A
1JRH_LH_I,1.6977704602042596,298.0,-2.9008595943450928,0.000316771579257,28,True,H,A
1JRH_LH_I,-3.788176488658101,298.0,-0.22956478595733643,0.4114302136367721,13,True,E,P
1JRH_LH_I,3.577154136890102,298.0,-2.0449936389923096,0.0060613915237788,19,True,K,A
1JRH_LH_I,3.292328537291966,298.0,-3.2317817211151123,0.0060613915237788,19,True,K,M
1JRH_LH_I,-0.29298542167309066,298.0,-0.10780835151672363,0.1317215214000771,19,False,N,A
1JRH_LH_I,0.3634148993754144,298.0,0.699181318283081,0.1317215214000771,19,False,N,Q
1JRH_LH_I,3.399240400240731,298.0,-1.4017015695571897,0.0304395534883113,20,True,Y,A
1JRH_LH_I,0.7903533578311163,298.0,-1.011539816856384,0.0304395534883113,20,True,Y,F
1JRH_LH_I,4.525327378905573,298.0,-4.976297058165073,0.002099581864704,17,True,G,A
1JRH_LH_I,1.8826861286762626,298.0,-2.9066699743270874,0.0431362950611719,20,True,V,A
1JRH_LH_I,2.983456750787704,298.0,-1.894012212753296,0.1260162342150496,20,True,K,A
1JRH_LH_I,4.911625660410057,298.0,-1.6237924098968506,0.1260162342150496,20,True,K,M
1JRH_LH_I,3.8922481517333845,298.0,-4.021790623664856,0.0,23,True,N,A
1JRH_LH_I,0.2975485605894238,298.0,-1.777646541595459,0.1629861666461416,18,True,S,A
1JRH_LH_I,-0.4348181388339692,298.0,-0.8984512090682983,0.4114302136367721,13,True,E,A
1JRH_LH_I,-0.6567845201518657,298.0,-4.980191081762314,0.1416026042063289,17,True,W,F
1JRH_LH_I,0.016225307362592645,298.0,-4.983743995428085,0.1416026042063289,17,True,W,Y
1JRH_LH_I,-0.39906830027613405,298.0,-5.37936145067215,0.0475216755602009,20,False,N,A
1JRH_LH_I,4.52729805184833,298.0,-1.0186502933502197,0.1351227588051217,20,True,W,A
1JRH_LH_I,1.1084563032791503,298.0,1.6543748378753658,0.1351227588051217,20,True,W,F
1JRH_LH_I,1.1350550582089605,298.0,2.747359812259674,0.1351227588051217,20,True,W,Y
1JRH_LH_I,-0.24631199753537084,298.0,-3.715061664581299,0.0708281236701131,20,True,R,A
1JRH_LH_I,-0.0426217472727537,298.0,-1.1650853157043457,0.4372342823210711,13,True,K,A
1JRH_LH_I,3.850569581870001,298.0,-2.0449936389923096,0.0060613915237788,19,True,K,A
1JRH_LH_I,0.633901138022795,298.0,-0.10780835151672363,0.1317215214000771,19,False,N,A
1JRH_LH_I,0.7055276619525052,298.0,0.699181318283081,0.1317215214000771,19,False,N,Q
1JRH_LH_I,3.6550048561022552,298.0,-1.4017015695571897,0.0304395534883113,20,True,Y,A
1JRH_LH_I,1.0272076276256512,298.0,-1.011539816856384,0.0304395534883113,20,True,Y,F
1JRH_LH_I,4.37514720495954,298.0,-4.976297058165073,0.002099581864704,17,True,G,A
1JRH_LH_I,1.4756267951789817,298.0,-2.9066699743270874,0.0431362950611719,20,True,V,A
1JRH_LH_I,3.788176488658101,298.0,-1.894012212753296,0.1260162342150496,20,True,K,A
1JRH_LH_I,4.707415720186225,298.0,-4.021790623664856,0.0,23,True,N,A
1JRH_LH_I,0.4578727473555895,298.0,-1.777646541595459,0.1629861666461416,18,True,S,A
1JRH_LH_I,-0.6967513417728689,298.0,-0.8984512090682983,0.4114302136367721,13,True,E,A
1JRH_LH_I,0.15156033328878646,298.0,-4.980191081762314,0.1416026042063289,17,True,W,F
1JRH_LH_I,0.5808340119259237,298.0,-4.983743995428085,0.1416026042063289,17,True,W,Y
1JRH_LH_I,0.0,298.0,-5.37936145067215,0.0475216755602009,20,False,N,A
1JRH_LH_I,4.330791648484134,298.0,-1.0186502933502197,0.1351227588051217,20,True,W,A
1JRH_LH_I,1.0969571716232889,298.0,1.6543748378753658,0.1351227588051217,20,True,W,F
1JRH_LH_I,1.2405989404886884,298.0,2.747359812259674,0.1351227588051217,20,True,W,Y
1JRH_LH_I,1.0315460109325754,298.0,-3.715061664581299,0.0708281236701131,20,True,R,A
1JRH_LH_I,0.6668088632861536,298.0,-1.1650853157043457,0.4372342823210711,13,True,K,A
1DAN_HL_UT,1.5597118430475414,310.0,-4.718546435236931,0.1286560323412982,18,True,W,A
1DAN_HL_UT,-0.13156871850350985,310.0,-0.2608325481414795,0.0902323772259734,21,True,S,A
1DAN_HL_UT,-0.1932234433384246,310.0,-4.1828453540802,0.13475395029197,17,False,V,A
1DAN_HL_UT,-0.13156871850350985,310.0,-1.6376454830169678,0.4432448227143879,13,True,Y,A
1DAN_HL_UT,1.1494361339573633,310.0,-1.8851754665374765,0.0068491439729495,21,True,F,A
1DAN_HL_UT,0.6526202933285491,310.0,-3.254225254058838,0.2436503207508972,14,False,Y,A
1DAN_HL_UT,-0.1932234433384246,310.0,-1.499587595462799,0.2561758927431225,15,True,P,A
1DAN_HL_UT,0.32409076917137963,310.0,-3.7219684720039368,0.0147209896699078,19,True,Y,A
1DAN_HL_UT,-0.13156871850350985,310.0,-4.984718292951584,0.0,27,False,V,A
1DAN_HL_UT,0.7580532868908322,310.0,-2.2885611057281494,0.0199653729411653,20,True,Q,A
1DAN_HL_UT,-0.13156871850350985,310.0,-4.746949553489685,0.02477554200024,22,False,I,A
1DAN_HL_UT,0.06727038009418779,310.0,-4.102195203304291,0.2098368141916291,15,True,G,A
1DAN_HL_UT,0.9573695606603355,310.0,-1.402773141860962,0.0609060316233767,21,True,K,A
1DAN_HL_UT,2.31259987195663,310.0,-4.781050980091095,0.0243437294785238,24,False,T,A
1DAN_HL_UT,1.4348348383549392,310.0,-4.605864882469177,0.4386364914369818,14,True,D,A
1DAN_HL_UT,0.7436646564351227,296.0,-3.53227698802948,0.1379385572600363,18,True,R,A
1DAN_HL_UT,0.739157260696447,296.0,0.26568603515625044,0.0575882280529129,20,True,M,A
1DAN_HL_UT,-0.18533453629167207,296.0,1.2996630668640137,0.5573587995104142,18,False,K,A
1DAN_HL_UT,0.015686590035778672,296.0,-3.229984760284424,0.3527469108223858,19,False,L,A
1DAN_HL_UT,2.4375104375085472,298.0,-3.60409814119339,0.0614803207381522,25,True,K,A
1DAN_HL_UT,2.1440475045127787,298.0,-4.605864882469177,0.4386364914369818,14,True,D,A
1DAN_HL_UT,2.3700341656798734,298.0,-4.718546435236931,0.1286560323412982,18,True,W,A
1DAN_HL_UT,0.8944073705008919,298.0,-1.9895198345184326,0.2177639710011914,16,True,K,A
1DAN_HL_UT,1.3048798931173866,298.0,-4.2360464334487915,0.0625592758692454,24,True,Q,A
1DAN_HL_UT,0.985693348697654,298.0,-5.076205730438232,0.2414390466290807,16,True,R,A
1DAN_HL_UT,2.214461307326896,298.0,-3.627561092376709,0.2077553514303964,18,True,F,A
1DAN_HL_UT,1.5691651675364626,298.0,-4.325061291456223,0.0263498093684421,23,True,V,A
1DAN_HL_UT,-0.1297485786733398,298.0,-3.634336814284325,0.070557602663437,19,False,S,A
1DAN_HL_UT,0.0,298.0,-4.406039476394653,0.0,25,False,L,A
1DAN_HL_UT,0.24193595516053304,298.0,-2.0158333778381348,0.1344214681423719,18,True,D,A
1DAN_HL_UT,0.0,298.0,-2.6952807903289795,0.0480487401853798,19,False,E,A
1DAN_HL_UT,0.0,298.0,-3.33189868927002,0.0,25,False,I,A
1DAN_HL_UT,0.0,298.0,-3.2181317806243896,0.1172124649195627,21,False,V,A
1DAN_HL_UT,0.0,298.0,0.5854860544204712,0.3114499689717394,17,False,Q,A
1DAN_HL_UT,-0.05980944393523222,298.0,-1.5443434715270996,0.152124271563532,16,False,L,A
1DAN_HL_UT,-0.05980944393523222,298.0,-2.510810375213623,0.2763696309242943,17,False,E,A
1DAN_HL_UT,-0.05980944393523222,298.0,-1.9101794958114624,0.0024629700436655,26,False,T,A
1DAN_HL_UT,0.0,298.0,0.5458881855010991,0.3235836285178854,17,False,N,A
1DAN_HL_UT,0.0,298.0,-0.7973475456237793,0.3720842046898218,20,True,R,A
1DAN_HL_UT,0.0,298.0,-5.855258949100971,0.0,26,False,T,A
1DAN_HL_UT,-0.05980944393523222,298.0,-0.6910390853881836,0.5204504748115402,10,False,R,A
1DAN_HL_UT,0.0,298.0,-1.6450755596160893,0.5965437519975573,7,True,N,A
1DAN_HL_UT,0.199450170848496,298.0,-5.420565068721771,0.1390727026734158,22,False,V,A
1DAN_HL_UT,-0.05980944393523222,298.0,-3.977510094642639,0.0171421502721772,18,False,F,A
1DAN_HL_UT,0.0,298.0,-5.461629539728166,0.0975083711566649,19,False,Y,A
1DAN_HL_UT,0.10979331795099505,298.0,-3.0985612869262695,0.0617799047251266,16,False,V,A
1DAN_HL_UT,0.4603980674844341,298.0,-4.776699207723141,0.0512573740037398,14,False,R,A
1DAN_HL_UT,0.10979331795099505,298.0,-2.1819933652877808,0.7425315933860137,7,False,T,A
1DAN_HL_UT,0.10979331795099505,298.0,-0.4812004566192627,0.5024746301610937,6,False,V,A
1DAN_HL_UT,0.0,298.0,-4.223797827959061,0.3745954747787024,14,False,N,A
1NMB_N_LH,2.953627446250787,298.0,-0.9328672885894775,0.0372250944932546,21,True,D,N
1NMB_N_LH,2.953627446250787,298.0,0.23141455650329634,0.0372250944932546,21,True,D,E
1NMB_N_LH,2.140619496834345,298.0,1.004021406173706,0.2965468076663982,21,True,Y,A
1NMB_N_LH,1.4194097325446042,298.0,-0.6158828735351562,0.025614536200012,23,True,Y,F
1NMB_N_LH,0.46632205010207656,298.0,-1.80283784866333,0.0837482334683195,24,True,Y,F
1NMB_N_LH,-0.023903155425060166,298.0,-3.844612717628479,0.0192558258375097,24,True,T,F
1NMB_N_LH,0.18418999001042002,298.0,-3.6729637384414673,0.0192558258375097,24,True,T,W
1NMB_N_LH,0.9000205563456564,298.0,-2.1193411350250244,0.1399928096146066,24,True,L,V
1VFB_AB_C,0.3401304956551773,298.0,-2.801621735095978,0.1714822245990545,19,True,D,A
1VFB_AB_C,0.39608671383067917,298.0,-3.3307420015335083,0.1556230773109057,19,True,N,A
1VFB_AB_C,0.41047252261649486,298.0,-3.422282099723816,0.0393612079499387,21,False,Y,A
1VFB_AB_C,0.8509648319333666,298.0,-0.5086274147033691,0.0365119290050647,22,True,S,A
1VFB_AB_C,0.7134502090749723,298.0,-1.8948731422424314,0.2418359086046162,23,True,K,A
1VFB_AB_C,0.7650955177474081,298.0,-3.839311718940735,0.21720104465619,19,True,T,A
1VFB_AB_C,0.9530876824425276,298.0,-2.3507503271102905,0.2000831560703803,20,True,D,A
1VFB_AB_C,0.9169496673026039,298.0,1.016865611076355,0.0283905511568441,23,True,V,A
1VFB_AB_C,2.8769973068420085,298.0,-0.543306827545166,0.001157761654245,21,True,Q,A
1VFB_AB_C,1.2314175678494845,298.0,-5.001307308673859,0.0264266604382162,24,True,I,A
1VFB_AB_C,1.8368993808269287,298.0,-0.7107212543487549,0.2593153856253631,12,True,R,A
1VFB_AB_C,0.17154467985848262,298.0,-3.552940607070923,0.337164541513785,12,True,L,A
1VFB_AB_C,1.7168802586900533,298.0,-3.028021454811096,0.03122169155905,20,True,Y,A
1VFB_AB_C,0.5243333720352199,298.0,-1.196284532546997,0.1304787338330774,21,True,Y,A
1VFB_AB_C,3.3485741590000533,298.0,-2.5854159593582153,0.1290774275765337,17,True,W,A
1VFB_AB_C,1.1232122496952655,298.0,-3.4370821714401245,0.1185289565436442,19,True,Y,A
1VFB_AB_C,0.9169496673026039,298.0,-3.162509799003601,0.0593381067433973,18,True,W,A
1VFB_AB_C,0.9916025538801495,298.0,-4.577499091625214,0.4064137806952662,14,True,D,A
1VFB_AB_C,2.9397581036812457,298.0,-2.377199411392211,0.172918193961587,22,True,D,A
1VFB_AB_C,1.586040562980398,298.0,-1.529582262039184,0.0457624671233375,24,True,Y,F
3HFM_HL_Y,4.876032917592995,298.0,-4.518867790699005,0.0030767815264946,26,True,Y,A
3HFM_HL_Y,5.10734458138055,298.0,-4.506478816270828,0.0,23,True,N,A
3HFM_HL_Y,6.988162514604541,298.0,-5.0622654259204865,0.000295179187775,21,True,K,A
3HFM_HL_Y,5.214129786929024,298.0,-0.7150919437408447,0.0550871839590701,25,True,N,A
3HFM_HL_Y,1.3434841579694434,298.0,-1.371685266494751,0.0550871839590701,25,True,N,D
3HFM_HL_Y,5.70736746918473,298.0,-1.461822271347046,0.0550871839590701,25,True,N,E
3HFM_HL_Y,4.5575945560558555,298.0,0.32966375350952104,0.0312138825963797,20,True,Y,A
3HFM_HL_Y,4.393184741696034,298.0,-0.8158531188964844,0.0312138825963797,20,True,Y,L
3HFM_HL_Y,2.3548667396014413,298.0,-0.21226882934570268,0.0312138825963797,20,True,Y,F
3HFM_HL_Y,6.167217469371551,298.0,-1.38034176826477,0.0768506599895474,20,True,K,A
3HFM_HL_Y,6.035074832162014,298.0,1.2304344177246094,0.0,20,True,Y,A
3HFM_HL_Y,3.245561328832068,298.0,0.12070798873901367,0.0708288790322843,17,True,W,F
3HFM_HL_Y,5.510682238498383,298.0,0.4749124050140381,0.0708288790322843,17,True,W,A
3HFM_HL_Y,1.8982264311356383,298.0,-0.1894130706787105,0.1302908809647112,21,True,D,A
3HFM_HL_Y,0.17036148930942865,298.0,0.3140625953674321,0.1302908809647112,21,True,D,N
3HFM_HL_Y,1.093073966411642,298.0,-0.7779867649078374,0.0768506599895474,20,True,K,M
3HFM_HL_Y,1.0272076276256512,298.0,-1.4308661222457888,0.1213881716302957,15,True,R,A
3HFM_HL_Y,0.17036148930942865,298.0,0.23481225967407182,0.0438600030833968,18,True,S,A
3HFM_HL_Y,7.31955952610837,298.0,-1.0957486629486084,0.0,25,True,Y,A
3HFM_HL_Y,0.9530876824425276,298.0,-1.7644612789154053,0.1814583399862834,12,True,Q,A
3HFM_HL_Y,2.7070443630284666,298.0,-2.928251266479492,0.0125682384279258,22,True,Y,A
3HFM_HL_Y,1.4017790571589135,298.0,-1.0807046890258787,0.0125682384279258,22,True,Y,F
3HFM_HL_Y,0.706181712352522,303.0,-0.9115109443664551,0.1629610467559561,19,True,Y,W
3HFM_HL_Y,0.6204990973371739,303.0,-0.5883307456970215,0.1629610467559561,19,True,Y,F
3HFM_HL_Y,0.806889215947326,303.0,-0.7959861755371094,0.1629610467559561,19,True,Y,L
3HFM_HL_Y,3.2503791460482225,303.0,0.38311028480529785,0.1629610467559561,19,True,Y,A
3HFM_HL_Y,1.749564088952765,303.0,-0.703941822052002,0.0,20,True,Y,W
3HFM_HL_Y,1.0712210104901618,303.0,-0.5066461563110352,0.0,20,True,Y,F
3HFM_HL_Y,2.006937829326717,303.0,-0.027297496795654297,0.0,20,True,Y,L
3HFM_HL_Y,1.6099910773647856,303.0,-1.2064061164855957,0.0,25,True,Y,F
3HFM_HL_Y,2.848836015347998,303.0,-1.8668031692504887,0.0,25,True,Y,L
3HFM_HL_Y,0.3631253569632219,303.0,-0.4730763435363774,0.2159813530760694,19,True,Y,F
3HFM_HL_Y,1.5136727320589507,303.0,0.34280443191528276,0.2159813530760694,19,True,Y,L
3HFM_HL_Y,1.6760432846010704,303.0,-0.3792972564697261,0.2159813530760694,19,True,Y,A
3HFM_HL_Y,0.19925437429429046,298.0,-2.04182493686676,0.0035801438157466,21,True,D,G
3HFM_HL_Y,1.2081915842223998,298.0,-2.2434343099594116,0.0035801438157466,21,True,D,A
3HFM_HL_Y,1.3403342214319378,298.0,-0.5727242231369019,0.0035801438157466,21,True,D,N
3HFM_HL_Y,1.711639634463617,298.0,-0.7317172288894653,0.0035801438157466,21,True,D,S
3HFM_HL_Y,1.9294013485121404,298.0,-3.2316631078720093,0.0035801438157466,21,True,D,Q
3HFM_HL_Y,2.122112157080112,298.0,-2.9438904523849487,0.0035801438157466,21,True,D,R
3HFM_HL_Y,1.9732871019698077,298.0,-2.9153743982315063,0.0035801438157466,21,True,D,E
3HFM_HL_Y,2.1695123818192066,298.0,-3.4672740697860718,0.0035801438157466,21,True,D,F
3HFM_HL_Y,1.9732871019698077,298.0,-3.902613043785095,0.0035801438157466,21,True,D,K
3HFM_HL_Y,1.9732871019698077,298.0,-2.8021339178085327,0.1213881716302957,15,True,R,W
3HFM_HL_Y,2.2409466685543054,298.0,-0.018345475196838823,0.1213881716302957,15,True,R,Q
3HFM_HL_Y,2.2924736463895408,298.0,-2.2543920278549194,0.1213881716302957,15,True,R,E
3HFM_HL_Y,2.2692476627624556,298.0,-1.3944464921951296,0.1213881716302957,15,True,R,G
3HFM_HL_Y,2.1695123818192066,298.0,0.0928491353988643,0.1213881716302957,15,True,R,N
3HFM_HL_Y,2.014143760982584,298.0,-1.7873858213424685,0.1213881716302957,15,True,R,H
3HFM_HL_Y,1.6186641068388947,298.0,-0.49059903621673606,0.1213881716302957,15,True,R,K
3HFM_HL_Y,0.24011103330706618,298.0,-2.161724805831909,0.4261098947787786,17,True,N,K
3HFM_HL_Y,-0.042485784312036985,298.0,-2.396511316299438,0.4261098947787786,17,True,N,Q
3HFM_HL_Y,0.41047252261649486,298.0,-1.8216187953948975,0.4261098947787786,17,True,N,D
3HFM_HL_Y,0.24011103330706618,298.0,-4.319149911403656,0.4997364708287133,14,True,G,V
3HFM_HL_Y,2.574901725818928,298.0,-1.3944464921951296,0.1213881716302957,15,True,R,G
3HFM_HL_Y,0.8209450452329897,298.0,-1.4308661222457888,0.1213881716302957,15,True,R,A
3HFM_HL_Y,2.4870093768109793,298.0,0.0928491353988643,0.1213881716302957,15,True,R,N
3HFM_HL_Y,2.6143954689877558,298.0,-2.2543920278549194,0.1213881716302957,15,True,R,E
3HFM_HL_Y,2.554121113895732,298.0,-0.018345475196838823,0.1213881716302957,15,True,R,Q
3HFM_HL_Y,2.3244915342611265,298.0,-1.7873858213424685,0.1213881716302957,15,True,R,H
3HFM_HL_Y,2.0498900137791978,298.0,-1.8567553758621218,0.1213881716302957,15,True,R,M
3HFM_HL_Y,1.9140190116446318,298.0,-0.49059903621673606,0.1213881716302957,15,True,R,K
3HFM_HL_Y,2.2924736463895408,298.0,-2.8021339178085327,0.1213881716302957,15,True,R,W
3HFM_HL_Y,6.430554486305702,298.0,-2.029881000518799,0.0768506599895474,20,True,K,G
3HFM_HL_Y,5.55559253662822,298.0,-1.38034176826477,0.0768506599895474,20,True,K,A
3HFM_HL_Y,6.768423547724786,298.0,-1.657667636871338,0.0768506599895474,20,True,K,D
3HFM_HL_Y,3.6045068736133277,298.0,-0.6845188140869141,0.0768506599895474,20,True,K,E
3HFM_HL_Y,0.8008689981434107,298.0,-0.7779867649078374,0.0768506599895474,20,True,K,M
3HFM_HL_Y,3.0528505202640965,298.0,0.13842487335205078,0.0768506599895474,20,True,K,R
3HFM_HL_Y,0.5184409187140231,298.0,-2.04182493686676,0.0035801438157466,21,True,D,G
3HFM_HL_Y,1.5339216943684513,298.0,-2.2434343099594116,0.0035801438157466,21,True,D,A
3HFM_HL_Y,2.0271593766241565,298.0,-0.7317172288894653,0.0035801438157466,21,True,D,S
3HFM_HL_Y,1.6418900904659794,298.0,-0.5727242231369019,0.0035801438157466,21,True,D,N
3HFM_HL_Y,2.2924736463895408,298.0,-2.9153743982315063,0.0035801438157466,21,True,D,E
3HFM_HL_Y,2.2409466685543054,298.0,-3.2316631078720093,0.0035801438157466,21,True,D,Q
3HFM_HL_Y,2.2757912284887745,298.0,-3.902613043785095,0.0035801438157466,21,True,D,K
3HFM_HL_Y,2.4870093768109793,298.0,-3.4672740697860718,0.0035801438157466,21,True,D,F
3HFM_HL_Y,2.4376318992406514,298.0,-2.9438904523849487,0.0035801438157466,21,True,D,R
3HFM_HL_Y,-0.5043963077261421,298.0,-0.5174030661582947,0.0030767815264946,26,True,Y,F
3HFM_HL_Y,6.776944366282337,298.0,-3.842748671770096,0.000295179187775,21,True,K,M
3HFM_HL_Y,0.5504588065856091,298.0,-4.319149911403656,0.4997364708287133,14,True,G,V
3HFM_HL_Y,-0.4453170825509642,298.0,-1.2973535060882568,0.1314189414384644,24,True,H,A
3HFM_HL_Y,4.2715235581589575,298.0,-4.518867790699005,0.0030767815264946,26,True,Y,A
3HFM_HL_Y,0.8618017042457655,298.0,-1.4308661222457888,0.1213881716302957,15,True,R,A
3HFM_HL_Y,0.31918654441973265,298.0,-2.508360266685486,0.0442032460673061,25,True,W,A
3HFM_HL_Y,-0.3313970115038284,298.0,-1.3255810737609872,0.2931663177930227,17,True,R,A
3HFM_HL_Y,0.70445583057791,298.0,-2.2675039768218994,0.0401765757086765,21,True,L,A
3HFM_HL_Y,0.0,298.0,-2.11197566986084,0.241620471190517,14,True,T,A
3HFM_HL_Y,0.21121814832220448,298.0,-0.26219081878662065,0.1535257874933053,18,True,N,A
3HFM_HL_Y,6.486404013791285,298.0,-5.0622654259204865,0.000295179187775,21,True,K,A
3HFM_HL_Y,0.0,298.0,-2.32394802570343,0.0241569799185363,22,False,I,A
3HFM_HL_Y,0.2676595665844973,298.0,-0.3038259744644165,0.0016533083927418,21,True,S,A
3HFM_HL_Y,0.9530876824425276,298.0,-2.2434343099594116,0.0035801438157466,21,True,D,A
3HFM_HL_Y,-0.46353964871336634,298.0,-0.5174030661582947,0.0030767815264946,26,True,Y,F
3HFM_HL_Y,2.184505250292012,298.0,-3.976999580860138,0.0030767815264946,26,True,Y,L
3HFM_HL_Y,5.353001890564195,298.0,-2.4454655945301056,0.000295179187775,21,True,K,R
1CHO_EFG_I,6.001001951168933,294.0,-4.883407473564148,0.0083466420367937,35,True,L,G
1CHO_EFG_I,4.70013841121569,294.0,-4.9054869413375854,0.0083466420367937,35,True,L,A
1CHO_EFG_I,4.917711070268569,294.0,-4.64277446269989,0.0083466420367937,35,True,L,S
1CHO_EFG_I,2.6057980610873606,294.0,-5.656288504600525,0.0083466420367937,35,True,L,C
1CHO_EFG_I,4.214304577497343,294.0,-4.689831614494325,0.0083466420367937,35,True,L,V
1CHO_EFG_I,4.422687582889048,294.0,-3.462705969810486,0.0083466420367937,35,True,L,T
1CHO_EFG_I,8.679870395175607,294.0,-5.337021231651306,0.0083466420367937,35,True,L,P
1CHO_EFG_I,4.41693149831486,294.0,-5.124250769615173,0.0083466420367937,35,True,L,I
1CHO_EFG_I,0.37534598778301587,294.0,-3.0207382440567017,0.0083466420367937,35,True,L,M
1CHO_EFG_I,3.3104871841397205,294.0,-4.002920985221863,0.0083466420367937,35,True,L,N
1CHO_EFG_I,7.1016329053560465,294.0,-4.619444727897644,0.0083466420367937,35,True,L,D
1CHO_EFG_I,4.411118138326834,294.0,-2.2142761945724487,0.0083466420367937,35,True,L,K
1CHO_EFG_I,2.912402321165567,294.0,-3.560268521308899,0.0083466420367937,35,True,L,Q
1CHO_EFG_I,6.566301170494121,294.0,-4.405990481376648,0.0083466420367937,35,True,L,E
1CHO_EFG_I,2.9591078570359177,294.0,-4.683868765830994,0.0083466420367937,35,True,L,H
1CHO_EFG_I,-1.4809261725091294,294.0,-5.0283931493759155,0.0083466420367937,35,True,L,F
1CHO_EFG_I,3.9510554446019666,294.0,-2.4063700437545776,0.0083466420367937,35,True,L,R
1CHO_EFG_I,-2.194223264266643,294.0,-4.8307865858078,0.0083466420367937,35,True,L,Y
1CHO_EFG_I,-1.667504528514791,294.0,-5.21328866481781,0.0083466420367937,35,True,L,W
1PPF_E_I,3.286689183930095,294.0,-5.3222726136446,0.0,32,True,L,G
1PPF_E_I,1.0562371106257504,294.0,-5.454372242093086,0.0,32,True,L,A
1PPF_E_I,3.0491587448717614,294.0,-5.5040953904390335,0.0,32,True,L,S
1PPF_E_I,-0.08828215982770807,294.0,-5.7739294320344925,0.0,32,True,L,C
1PPF_E_I,-0.4858338337183474,294.0,-4.327327087521553,0.0,32,True,L,V
1PPF_E_I,0.9027786769790893,294.0,-4.244581535458565,0.0,32,True,L,T
1PPF_E_I,6.061920656901159,294.0,-5.633050754666328,0.0,32,True,L,P
1PPF_E_I,-0.7227219001353856,294.0,-4.6823132783174515,0.0,32,True,L,I
1PPF_E_I,1.2401614630712112,294.0,-3.0440901070833206,0.0,32,True,L,M
1PPF_E_I,5.152980333025195,294.0,-5.176509216427803,0.0,32,True,L,N
1PPF_E_I,7.507930114408024,294.0,-5.353406742215157,0.0,32,True,L,D
1PPF_E_I,5.656957832574818,294.0,-3.721532896161079,0.0,32,True,L,K
1PPF_E_I,3.260426881353337,294.0,-4.316855743527412,0.0,32,True,L,Q
1PPF_E_I,6.958405668864791,294.0,-5.0223215371370316,0.0,32,True,L,E
1PPF_E_I,6.381524402644352,294.0,-5.477319553494453,0.0,32,True,L,H
1PPF_E_I,5.097822621157595,294.0,-5.698861911892891,0.0,32,True,L,F
1PPF_E_I,7.08493089541558,294.0,-3.9131434708833694,0.0,32,True,L,R
1PPF_E_I,6.543785800565629,294.0,-5.1994288712739944,0.0,32,True,L,Y
1PPF_E_I,7.439584009330544,294.0,-5.4682935029268265,0.0,32,True,L,W
1R0R_E_I,2.3202693546175346,294.0,1.8879485130310059,0.1037811255897523,37,True,L,G
1R0R_E_I,0.3102468549019561,294.0,3.1400322914123535,0.1037811255897523,37,True,L,A
1R0R_E_I,1.5494522859653637,294.0,2.552631378173828,0.1037811255897523,37,True,L,S
1R0R_E_I,-1.32764083706951,294.0,0.19149303436279297,0.1037811255897523,37,True,L,C
1R0R_E_I,2.1266779711419534,294.0,0.10408639907836914,0.1037811255897523,37,True,L,V
1R0R_E_I,0.1575476648428487,294.0,0.9296722412109379,0.1037811255897523,37,True,L,T
1R0R_E_I,7.581139318853618,294.0,-0.974083423614502,0.1037811255897523,37,True,L,P
1R0R_E_I,3.2089108854280166,294.0,-0.7680659294128418,0.1037811255897523,37,True,L,I
1R0R_E_I,-0.5091021893067559,294.0,1.4832148551940918,0.1037811255897523,37,True,L,M
1R0R_E_I,1.4795872438551505,294.0,1.7516202926635738,0.1037811255897523,37,True,L,N
1R0R_E_I,4.476387915981358,294.0,2.8642282485961914,0.1037811255897523,37,True,L,D
1R0R_E_I,3.2989715484811986,294.0,-0.8159313201904297,0.1037811255897523,37,True,L,K
1R0R_E_I,0.5617512455816355,294.0,1.4120469093322754,0.1037811255897523,37,True,L,Q
1R0R_E_I,2.1471796486769197,294.0,1.5194542407989498,0.1037811255897523,37,True,L,E
1R0R_E_I,0.5617512455816355,294.0,0.09627056121826172,0.1037811255897523,37,True,L,H
1R0R_E_I,0.6084567814519865,294.0,-0.5086770057678223,0.1037811255897523,37,True,L,F
1R0R_E_I,2.8947096694799694,294.0,-0.5113635063171387,0.1037811255897523,37,True,L,R
1R0R_E_I,0.44061576543754044,294.0,-0.594090461730957,0.1037811255897523,37,True,L,Y
1R0R_E_I,1.5028050483574547,294.0,-1.010300636291504,0.1037811255897523,37,True,L,W
3SGB_E_I,4.934124229412365,294.0,-4.988325700163841,0.0250097869308848,31,True,L,G
3SGB_E_I,2.947716900479492,294.0,-4.777762517333031,0.0250097869308848,31,True,L,A
3SGB_E_I,4.10058256800041,294.0,-5.049801930785179,0.0250097869308848,31,True,L,S
3SGB_E_I,-0.0132036773995288,294.0,-5.7745529264211655,0.0250097869308848,31,True,L,C
3SGB_E_I,2.992213250902842,294.0,-5.042416200041771,0.0250097869308848,31,True,L,V
3SGB_E_I,3.1602880088121448,294.0,-4.790639981627464,0.0250097869308848,31,True,L,T
3SGB_E_I,8.328746434537916,294.0,-5.539423570036888,0.0250097869308848,31,True,L,P
3SGB_E_I,4.419124852316536,294.0,-5.5072871297597885,0.0250097869308848,31,True,L,I
3SGB_E_I,0.4242251577571052,294.0,-3.4812837690114975,0.0250097869308848,31,True,L,M
3SGB_E_I,3.352679724805833,294.0,-5.05413781106472,0.0250097869308848,31,True,L,N
3SGB_E_I,5.590064954770187,294.0,-5.1569734662771225,0.0250097869308848,31,True,L,D
3SGB_E_I,3.1379577292886216,294.0,-3.7536891549825664,0.0250097869308848,31,True,L,K
3SGB_E_I,2.5674438566290645,294.0,-4.1309372037649155,0.0250097869308848,31,True,L,Q
3SGB_E_I,5.899809514401656,294.0,-4.906206712126732,0.0250097869308848,31,True,L,E
3SGB_E_I,1.6901134295150346,294.0,-4.6389304250478745,0.0250097869308848,31,True,L,H
3SGB_E_I,1.354967931572671,294.0,-3.863491639494896,0.0250097869308848,31,True,L,F
3SGB_E_I,3.3202737558910536,294.0,-3.7374251931905746,0.0250097869308848,31,True,L,R
3SGB_E_I,1.6527692273762626,294.0,-3.986275777220727,0.0250097869308848,31,True,L,Y
3SGB_E_I,1.8393475833819242,294.0,-5.1153427213430405,0.0250097869308848,31,True,L,W
1CHO_EFG_I,0.06509913288105977,294.0,-0.8967537879943848,0.125142332215087,19,True,A,G
1CHO_EFG_I,0.06509913288105977,294.0,0.957176685333252,0.125142332215087,19,True,A,S
1CHO_EFG_I,-0.32224714500018486,294.0,-1.4873661994934082,0.125142332215087,19,True,A,C
1CHO_EFG_I,0.9402945591882654,294.0,1.0628280639648438,0.125142332215087,19,True,A,V
1CHO_EFG_I,0.9556412764985467,294.0,2.466813325881958,0.125142332215087,19,True,A,T
1CHO_EFG_I,3.065860754812228,294.0,-1.5362763404846191,0.125142332215087,19,True,A,P
1CHO_EFG_I,0.1387499672897792,294.0,1.7864165306091309,0.125142332215087,19,True,A,L
1CHO_EFG_I,0.6462769562937124,294.0,1.1861348152160645,0.125142332215087,19,True,A,I
1CHO_EFG_I,0.1387499672897792,294.0,1.289351463317871,0.125142332215087,19,True,A,M
1CHO_EFG_I,-0.2849029428614129,294.0,0.4669959545135498,0.125142332215087,19,True,A,N
1CHO_EFG_I,0.0,294.0,0.43040990829467773,0.125142332215087,19,True,A,D
1CHO_EFG_I,2.4640843696563954,294.0,-0.08038663864135742,0.125142332215087,19,True,A,K
1CHO_EFG_I,0.43631705963864265,294.0,0.29766416549682617,0.125142332215087,19,True,A,Q
1CHO_EFG_I,0.22188755413635466,294.0,0.4409599304199219,0.125142332215087,19,True,A,E
1CHO_EFG_I,-0.32224714500018486,294.0,0.1453688144683838,0.125142332215087,19,True,A,H
1CHO_EFG_I,-0.7252849664040973,294.0,1.6595180034637451,0.125142332215087,19,True,A,F
1CHO_EFG_I,0.46205857371703296,294.0,0.9821696281433105,0.125142332215087,19,True,A,R
1CHO_EFG_I,-0.8633922398501361,294.0,0.9629850387573238,0.125142332215087,19,True,A,Y
1CHO_EFG_I,-1.8986365103576421,294.0,2.019411563873291,0.125142332215087,19,True,A,W
1PPF_E_I,1.1224480190248014,294.0,-2.3748937845230103,0.1372885258798276,17,True,A,G
1PPF_E_I,0.7459902557237943,294.0,0.08823072910308838,0.1372885258798276,17,True,A,S
1PPF_E_I,-0.6643662606718715,294.0,-1.780221104621888,0.1372885258798276,17,True,A,C
1PPF_E_I,0.20516799224920493,294.0,-1.8018838167190552,0.1372885258798276,17,True,A,V
1PPF_E_I,0.9494842128494403,294.0,-1.2233346700668335,0.1372885258798276,17,True,A,T
1PPF_E_I,1.9677928668938263,294.0,-3.7516733407974243,0.1372885258798276,17,True,A,P
1PPF_E_I,0.017545999097500722,294.0,-2.307550072669983,0.1372885258798276,17,True,A,L
1PPF_E_I,0.32490950276326075,294.0,-2.807047486305237,0.1372885258798276,17,True,A,I
1PPF_E_I,-0.39577317066516576,294.0,-2.362756371498108,0.1372885258798276,17,True,A,M
1PPF_E_I,0.9027786769790893,294.0,-1.0611587762832642,0.1372885258798276,17,True,A,N
1PPF_E_I,1.1224480190248014,294.0,-1.5706394910812378,0.1372885258798276,17,True,A,D
1PPF_E_I,1.111920925958348,294.0,-1.0654152631759648,0.1372885258798276,17,True,A,K
1PPF_E_I,0.24631146197306927,294.0,-0.9850009679794312,0.1372885258798276,17,True,A,Q
1PPF_E_I,0.10413936498041529,294.0,-0.15958106517791748,0.1372885258798276,17,True,A,E
1PPF_E_I,0.5452223338482113,294.0,-1.8046647310256958,0.1372885258798276,17,True,A,H
1PPF_E_I,-0.07193877641925431,294.0,-1.900389313697815,0.1372885258798276,17,True,A,F
1PPF_E_I,-0.2605152118635223,294.0,-0.4560903310775757,0.1372885258798276,17,True,A,R
1PPF_E_I,-0.18250111700740165,294.0,-1.4262865781784058,0.1372885258798276,17,True,A,Y
1PPF_E_I,-0.6319602917570927,294.0,-2.3309680223464966,0.1372885258798276,17,True,A,W
1R0R_E_I,1.0963227489005067,294.0,-1.7728159427642822,0.0016581872679639,29,True,A,G
1R0R_E_I,1.7175270438746657,294.0,-1.5131919384002686,0.0016581872679639,29,True,A,S
1R0R_E_I,-0.47676456829313124,294.0,-1.358292818069458,0.0016581872679639,29,True,A,C
1R0R_E_I,-0.9402945591882655,294.0,2.5964200496673584,0.0016581872679639,29,True,A,V
1R0R_E_I,1.2505414140902216,294.0,-1.0632951259613037,0.0016581872679639,29,True,A,T
1R0R_E_I,3.2989715484811986,294.0,-2.1874754428863525,0.0016581872679639,29,True,A,P
1R0R_E_I,-1.7306786584734226,294.0,0.5683226585388179,0.0016581872679639,29,True,A,L
1R0R_E_I,-1.7745669747397677,294.0,1.4750427007675169,0.0016581872679639,29,True,A,I
1R0R_E_I,-1.7155027959262832,294.0,-0.3966076374053955,0.0016581872679639,29,True,A,M
1R0R_E_I,2.0604670627429025,294.0,-1.6403725147247314,0.0016581872679639,29,True,A,N
1R0R_E_I,5.155944654098455,294.0,-2.018928289413452,0.0016581872679639,29,True,A,D
1R0R_E_I,3.030378458474493,294.0,-2.044776678085327,0.0016581872679639,29,True,A,K
1R0R_E_I,1.7858731489521467,294.0,-1.730449914932251,0.0016581872679639,29,True,A,Q
1R0R_E_I,4.514385809278878,294.0,-1.8075306415557861,0.0016581872679639,29,True,A,E
1R0R_E_I,1.7502202078409466,294.0,-2.08571457862854,0.0016581872679639,29,True,A,H
1R0R_E_I,-2.211901108294152,294.0,-0.9047343730926514,0.0016581872679639,29,True,A,F
1R0R_E_I,5.4538037923711205,294.0,-2.0412204265594482,0.0016581872679639,29,True,A,R
1R0R_E_I,-0.826861265115801,294.0,-1.1533572673797607,0.0016581872679639,29,True,A,Y
1R0R_E_I,0.2041949024507575,294.0,-1.4405028820037842,0.0016581872679639,29,True,A,W
3SGB_E_I,2.451992467774858,294.0,-4.655382573604584,0.0176306349083564,23,True,A,G
3SGB_E_I,0.8983520788685472,294.0,-2.7109352946281433,0.0176306349083564,23,True,A,S
3SGB_E_I,0.04096066280246143,294.0,-5.163115918636322,0.0176306349083564,23,True,A,C
3SGB_E_I,-0.7738540341162787,294.0,-4.959173619747162,0.0176306349083564,23,True,A,V
3SGB_E_I,0.32648227207346525,294.0,-4.979686677455902,0.0176306349083564,23,True,A,T
3SGB_E_I,0.5450422829199899,294.0,-5.180512845516205,0.0176306349083564,23,True,A,P
3SGB_E_I,0.16644052507198676,294.0,-5.30554860830307,0.0176306349083564,23,True,A,L
3SGB_E_I,-0.4469053046460589,294.0,-5.5657472014427185,0.0176306349083564,23,True,A,I
3SGB_E_I,0.08772464291418555,294.0,-5.311575829982758,0.0176306349083564,23,True,A,M
3SGB_E_I,-0.08788877260251554,294.0,-4.235668122768402,0.0176306349083564,23,True,A,N
3SGB_E_I,0.46977324178293234,294.0,-4.403723180294037,0.0176306349083564,23,True,A,D
3SGB_E_I,2.4568815160409176,294.0,-5.140213429927826,0.0176306349083564,23,True,A,K
3SGB_E_I,0.4242251577571052,294.0,-5.147742211818695,0.0176306349083564,23,True,A,Q
3SGB_E_I,0.6621649577766203,294.0,-4.798757970333099,0.0176306349083564,23,True,A,E
3SGB_E_I,-0.4469053046460589,294.0,-3.7726182341575623,0.0176306349083564,23,True,A,H
3SGB_E_I,-1.164270766203738,294.0,-3.399999558925629,0.0176306349083564,23,True,A,F
3SGB_E_I,2.0074223412912264,294.0,-5.143589913845062,0.0176306349083564,23,True,A,R
3SGB_E_I,-1.6244387185287281,294.0,-3.1112105250358577,0.0176306349083564,23,True,A,Y
3SGB_E_I,-1.5321266543911765,294.0,-5.153590619564056,0.0176306349083564,23,True,A,W
1CHO_EFG_I,5.221043786979515,294.0,-2.493032693862915,0.1435993974127439,26,True,T,G
1CHO_EFG_I,4.100871283424878,294.0,-2.499671697616577,0.1435993974127439,26,True,T,A
1CHO_EFG_I,2.3179579116176505,294.0,-1.8554213047027588,0.1435993974127439,26,True,T,S
1CHO_EFG_I,3.2829422512818294,294.0,-3.683534860610962,0.1435993974127439,26,True,T,C
1CHO_EFG_I,3.5317946509941955,294.0,-0.9795756340026851,0.1435993974127439,26,True,T,V
1CHO_EFG_I,4.174522117833598,294.0,-0.20782780647277854,0.1435993974127439,26,True,T,P
1CHO_EFG_I,4.355375896287012,294.0,-2.54048752784729,0.1435993974127439,26,True,T,L
1CHO_EFG_I,3.601192489674153,294.0,-1.7854859828948975,0.1435993974127439,26,True,T,I
1CHO_EFG_I,3.900103361549295,294.0,-3.3030364513397217,0.1435993974127439,26,True,T,M
1CHO_EFG_I,4.257659704680173,294.0,-1.9064083099365234,0.1435993974127439,26,True,T,N
1CHO_EFG_I,6.72628691757303,294.0,-2.377474069595337,0.1435993974127439,26,True,T,D
1CHO_EFG_I,4.035772150543818,294.0,-2.284449338912964,0.1435993974127439,26,True,T,K
1CHO_EFG_I,3.630809326217477,294.0,-2.6980183124542236,0.1435993974127439,26,True,T,Q
1CHO_EFG_I,6.336670810556971,294.0,-2.4566709995269775,0.1435993974127439,26,True,T,E
1CHO_EFG_I,3.601192489674153,294.0,-2.6208879947662354,0.1435993974127439,26,True,T,H
1CHO_EFG_I,4.174522117833598,294.0,-3.029926061630249,0.1435993974127439,26,True,T,F
1CHO_EFG_I,3.830238319439082,294.0,-1.8089756965637207,0.1435993974127439,26,True,T,R
1CHO_EFG_I,4.411118138326834,294.0,-2.2656962871551514,0.1435993974127439,26,True,T,Y
1CHO_EFG_I,4.100871283424878,294.0,-3.5772016048431396,0.1435993974127439,26,True,T,W
1PPF_E_I,3.549938316825471,294.0,-2.4809658527374268,0.1249658842029043,27,True,T,G
1PPF_E_I,3.4365050227530065,294.0,-2.9590470790863037,0.1249658842029043,27,True,T,A
1PPF_E_I,1.4841141604096846,294.0,-2.01522159576416,0.1249658842029043,27,True,T,S
1PPF_E_I,2.0585544752721194,294.0,-3.6974833011627197,0.1249658842029043,27,True,T,C
1PPF_E_I,1.461199934952091,294.0,-0.911712646484375,0.1249658842029043,27,True,T,V
1PPF_E_I,3.0315421984266657,294.0,-0.6661727428436275,0.1249658842029043,27,True,T,P
1PPF_E_I,2.2480360604936953,294.0,-2.885990858078003,0.1249658842029043,27,True,T,L
1PPF_E_I,1.461199934952091,294.0,-2.3059692382812504,0.1249658842029043,27,True,T,I
1PPF_E_I,2.467705402539407,294.0,-2.781186819076538,0.1249658842029043,27,True,T,M
1PPF_E_I,2.6612967860149888,294.0,-1.779165506362915,0.1249658842029043,27,True,T,N
1PPF_E_I,4.855413240676332,294.0,-2.639385938644409,0.1249658842029043,27,True,T,D
1PPF_E_I,3.341789053328622,294.0,-2.343303918838501,0.1249658842029043,27,True,T,K
1PPF_E_I,1.9414318004154891,294.0,-2.6014134883880615,0.1249658842029043,27,True,T,Q
1PPF_E_I,2.998849034460385,294.0,-2.5850040912628174,0.1249658842029043,27,True,T,E
1PPF_E_I,1.670166886277867,294.0,-1.9979372024536133,0.1249658842029043,27,True,T,H
1PPF_E_I,1.68628481491206,294.0,-0.8803441524505615,0.1249658842029043,27,True,T,F
1PPF_E_I,3.4038118587867254,294.0,-1.3843712806701665,0.1249658842029043,27,True,T,R
1PPF_E_I,2.4464580479939624,294.0,-0.3652925491333008,0.1249658842029043,27,True,T,Y
1PPF_E_I,2.1648984736471197,294.0,-2.3123557567596436,0.1249658842029043,27,True,T,W
1R0R_E_I,3.0954775913555523,294.0,-2.5375750064849854,0.0467938859016571,33,True,T,G
1R0R_E_I,1.1569647653498567,294.0,-2.4631128311157227,0.0467938859016571,33,True,T,A
1R0R_E_I,0.8774126504423483,294.0,-1.2322437763214111,0.0467938859016571,33,True,T,S
1R0R_E_I,0.8019222651623136,294.0,-2.941410779953003,0.0467938859016571,33,True,T,C
1R0R_E_I,0.9241766305540724,294.0,-1.4425458908081055,0.0467938859016571,33,True,T,V
1R0R_E_I,4.8813507403077,294.0,-4.150141477584839,0.0467938859016571,33,True,T,P
1R0R_E_I,0.6594674371884749,294.0,-2.761852502822876,0.0467938859016571,33,True,T,L
1R0R_E_I,0.2551469855034292,294.0,-2.1350526809692383,0.0467938859016571,33,True,T,I
1R0R_E_I,1.312564219548325,294.0,-2.647759199142456,0.0467938859016571,33,True,T,M
1R0R_E_I,0.017616546445095894,294.0,0.16817152500152588,0.0467938859016571,33,True,T,N
1R0R_E_I,2.848062431872061,294.0,-0.5473310947418213,0.0467938859016571,33,True,T,D
1R0R_E_I,1.9070086290962416,294.0,-3.77580189704895,0.0467938859016571,33,True,T,K
1R0R_E_I,2.190835973278487,294.0,-2.8970282077789307,0.0467938859016571,33,True,T,Q
1R0R_E_I,3.1691284257642724,294.0,-2.4776060581207275,0.0467938859016571,33,True,T,E
1R0R_E_I,0.5183961183988048,294.0,-1.5070478916168213,0.0467938859016571,33,True,T,H
1R0R_E_I,-0.06509913288105984,294.0,-3.5841948986053467,0.0467938859016571,33,True,T,F
1R0R_E_I,3.2989715484811986,294.0,-3.369915723800659,0.0467938859016571,33,True,T,R
1R0R_E_I,-0.8666437247795461,294.0,-3.546889066696167,0.0467938859016571,33,True,T,Y
1R0R_E_I,2.8947096694799694,294.0,-3.547762155532837,0.0467938859016571,33,True,T,W
3SGB_E_I,5.506811023370643,294.0,-2.123650312423706,0.1266801765746468,30,True,T,G
3SGB_E_I,3.5421613100274083,294.0,-1.878352642059326,0.1266801765746468,30,True,T,A
3SGB_E_I,2.4320165780585503,294.0,-1.582553148269653,0.1266801765746468,30,True,T,S
3SGB_E_I,2.8856940950213885,294.0,-3.7122766971588135,0.1266801765746468,30,True,T,C
3SGB_E_I,2.5125653313735152,294.0,-1.0981795787811282,0.1266801765746468,30,True,T,V
3SGB_E_I,3.1379577292886216,294.0,0.668564558029175,0.1266801765746468,30,True,T,P
3SGB_E_I,2.43707494609348,294.0,-1.2302258014678957,0.1266801765746468,30,True,T,L
3SGB_E_I,1.7286100852873232,294.0,-1.762749910354614,0.1266801765746468,30,True,T,I
3SGB_E_I,2.0074223412912264,294.0,-2.796140432357788,0.1266801765746468,30,True,T,M
3SGB_E_I,3.209294747372444,294.0,-1.4025323390960691,0.1266801765746468,30,True,T,N
3SGB_E_I,4.887418693542014,294.0,-1.372726917266845,0.1266801765746468,30,True,T,D
3SGB_E_I,2.0074223412912264,294.0,-1.6445546150207522,0.1266801765746468,30,True,T,K
3SGB_E_I,2.8995501877409757,294.0,-1.7630038261413572,0.1266801765746468,30,True,T,Q
3SGB_E_I,4.730630272286719,294.0,-1.4194943904876707,0.1266801765746468,30,True,T,E
3SGB_E_I,3.4590237231808327,294.0,-1.6149420738220213,0.1266801765746468,30,True,T,H
3SGB_E_I,3.5888668458977593,294.0,-1.7629182338714602,0.1266801765746468,30,True,T,F
3SGB_E_I,1.9453995358331229,294.0,-1.1684195995330808,0.1266801765746468,30,True,T,R
3SGB_E_I,3.3202737558910536,294.0,-1.6290965080261228,0.1266801765746468,30,True,T,Y
3SGB_E_I,2.992213250902842,294.0,-2.6670010089874276,0.1266801765746468,30,True,T,W
1CHO_EFG_I,3.5724536867539634,294.0,-2.1100499629974365,0.0863172859669728,28,True,E,G
1CHO_EFG_I,2.3008986600131527,294.0,-1.397343397140503,0.0863172859669728,28,True,E,A
1CHO_EFG_I,2.755613899910272,294.0,-0.7055227756500244,0.0863172859669728,28,True,E,S
1CHO_EFG_I,2.6905147670292124,294.0,-2.6046226024627686,0.0863172859669728,28,True,E,C
1CHO_EFG_I,2.4056118241677993,294.0,0.48504972457885787,0.0863172859669728,28,True,E,V
1CHO_EFG_I,2.869047193982736,294.0,0.1790370941162105,0.0863172859669728,28,True,E,T
1CHO_EFG_I,2.554845978034689,294.0,-1.4645867347717285,0.0863172859669728,28,True,E,P
1CHO_EFG_I,2.829264734318991,294.0,-1.5287854671478271,0.0863172859669728,28,True,E,L
1CHO_EFG_I,2.6057980610873606,294.0,0.10078167915344238,0.0863172859669728,28,True,E,I
1CHO_EFG_I,2.6608979304858873,294.0,-1.8897769451141357,0.0863172859669728,28,True,E,M
1CHO_EFG_I,2.3008986600131527,294.0,-0.28436708450317383,0.0863172859669728,28,True,E,N
1CHO_EFG_I,0.8695342529210763,294.0,0.275402307510376,0.0863172859669728,28,True,E,D
1CHO_EFG_I,3.544807167923393,294.0,-0.5107283592224121,0.0863172859669728,28,True,E,K
1CHO_EFG_I,1.3156405469712813,294.0,-1.45318603515625,0.0863172859669728,28,True,E,Q
1CHO_EFG_I,2.060755778167371,294.0,-1.4395339488983154,0.0863172859669728,28,True,E,H
1CHO_EFG_I,3.5724536867539634,294.0,-1.7134459018707275,0.0863172859669728,28,True,E,F
1CHO_EFG_I,3.630809326217477,294.0,-0.017968177795410156,0.0863172859669728,28,True,E,R
1CHO_EFG_I,2.6321591275656977,294.0,-0.9051151275634766,0.0863172859669728,28,True,E,Y
1CHO_EFG_I,3.116209027505946,294.0,-1.991149663925171,0.0863172859669728,28,True,E,W
1PPF_E_I,2.0912476392384005,294.0,-1.7867448329925537,0.1519775068737914,27,True,E,G
1PPF_E_I,1.1866060211613347,294.0,-0.736592054367065,0.1519775068737914,27,True,E,A
1PPF_E_I,1.8206146752526042,294.0,-0.47173476219177246,0.1519775068737914,27,True,E,S
1PPF_E_I,1.3831858400959702,294.0,-2.285047769546509,0.1519775068737914,27,True,E,C
1PPF_E_I,1.1429496965597674,294.0,0.7069988250732422,0.1519775068737914,27,True,E,V
1PPF_E_I,1.4841141604096846,294.0,0.2552835941314697,0.1519775068737914,27,True,E,T
1PPF_E_I,3.16587205876721,294.0,-1.1427814960479736,0.1519775068737914,27,True,E,P
1PPF_E_I,1.0562371106257504,294.0,-1.0992329120635995,0.1519775068737914,27,True,E,L
1PPF_E_I,0.7132970917575134,294.0,0.02620530128479004,0.1519775068737914,27,True,E,I
1PPF_E_I,1.1327887820439413,294.0,-0.9823129177093515,0.1519775068737914,27,True,E,M
1PPF_E_I,1.195879832678041,294.0,-0.2327437400817871,0.1519775068737914,27,True,E,N
1PPF_E_I,0.5699121143241247,294.0,0.4073498249053955,0.1519775068737914,27,True,E,D
1PPF_E_I,2.0912476392384005,294.0,-0.14734458923339844,0.1519775068737914,27,True,E,K
1PPF_E_I,0.6512742862994099,294.0,-0.8731563091278081,0.1519775068737914,27,True,E,Q
1PPF_E_I,0.6808911228427346,294.0,-1.3998548984527588,0.1519775068737914,27,True,E,H
1PPF_E_I,1.3452573835146062,294.0,-1.8854987621307373,0.1519775068737914,27,True,E,F
1PPF_E_I,1.461199934952091,294.0,1.6744115352630615,0.1519775068737914,27,True,E,R
1PPF_E_I,1.2315695750149407,294.0,-1.3023812770843515,0.1519775068737914,27,True,E,Y
1PPF_E_I,1.508862051840844,294.0,-1.9123609066009521,0.1519775068737914,27,True,E,W
1R0R_E_I,2.674396838395019,294.0,-2.7212737798690796,0.0593163934483449,28,True,E,G
1R0R_E_I,2.0604670627429025,294.0,-1.4793187379837036,0.0593163934483449,28,True,E,A
1R0R_E_I,3.1311305324667527,294.0,-2.2542337179183956,0.0593163934483449,28,True,E,S
1R0R_E_I,2.338701099576625,294.0,-3.4089678525924683,0.0593163934483449,28,True,E,C
1R0R_E_I,0.09345740435615642,294.0,-0.18875253200531006,0.0593163934483449,28,True,E,V
1R0R_E_I,4.193319815386666,294.0,-1.1379643678665161,0.0593163934483449,28,True,E,T
1R0R_E_I,3.712290718243865,294.0,-4.0177425146102905,0.0593163934483449,28,True,E,P
1R0R_E_I,0.5617512455816355,294.0,-1.2751561403274536,0.0593163934483449,28,True,E,L
1R0R_E_I,0.7267791237905099,294.0,-0.6989656686782837,0.0593163934483449,28,True,E,I
1R0R_E_I,1.5494522859653637,294.0,-1.5901678800582886,0.0593163934483449,28,True,E,M
1R0R_E_I,2.088972123768236,294.0,-2.5691999197006226,0.0593163934483449,28,True,E,N
1R0R_E_I,0.2551469855034292,294.0,-2.1810573339462276,0.0593163934483449,28,True,E,D
1R0R_E_I,2.674396838395019,294.0,-2.6002429723739624,0.0593163934483449,28,True,E,K
1R0R_E_I,1.2643975068098088,294.0,-1.1368762254714966,0.0593163934483449,28,True,E,Q
1R0R_E_I,1.6851210749598866,294.0,-2.2235547304153442,0.0593163934483449,28,True,E,H
1R0R_E_I,3.56792741747156,294.0,-2.2321935892105107,0.0593163934483449,28,True,E,F
1R0R_E_I,2.0604670627429025,294.0,-1.8937712907791138,0.0593163934483449,28,True,E,R
1R0R_E_I,1.863653501913411,294.0,-2.4520758390426636,0.0593163934483449,28,True,E,Y
1R0R_E_I,1.823871042249666,294.0,-3.0983341932296753,0.0593163934483449,28,True,E,W
3SGB_E_I,2.0757684463687074,294.0,-1.5568904876708984,0.1657895784456398,26,True,E,G
3SGB_E_I,1.0051049766448574,294.0,-0.6274063587188725,0.1657895784456398,26,True,E,A
3SGB_E_I,1.9166607329129333,294.0,-0.945530891418457,0.1657895784456398,26,True,E,S
3SGB_E_I,1.1583881126380353,294.0,-2.890969753265381,0.1657895784456398,26,True,E,C
3SGB_E_I,0.12578148931221866,294.0,-0.1888570785522461,0.1657895784456398,26,True,E,V
3SGB_E_I,2.1137663396662267,294.0,-0.2889587879180908,0.1657895784456398,26,True,E,T
3SGB_E_I,2.2436094623831533,294.0,-0.4290642738342285,0.1657895784456398,26,True,E,P
3SGB_E_I,0.7685089561516207,294.0,-0.6138689517974854,0.1657895784456398,26,True,E,L
3SGB_E_I,-0.6147463206605049,294.0,-0.3625030517578125,0.1657895784456398,26,True,E,I
3SGB_E_I,-0.18686927087657051,294.0,-0.7169623374938965,0.1657895784456398,26,True,E,M
3SGB_E_I,1.0867591945439443,294.0,0.20154404640197754,0.1657895784456398,26,True,E,N
3SGB_E_I,0.5450422829199899,294.0,0.05011582374572754,0.1657895784456398,26,True,E,D
3SGB_E_I,0.16644052507198676,294.0,-1.004213809967041,0.1657895784456398,26,True,E,K
3SGB_E_I,0.180986617310868,294.0,-0.8650267124176025,0.1657895784456398,26,True,E,Q
3SGB_E_I,0.5187799803432317,294.0,-1.2604310512542725,0.1657895784456398,26,True,E,H
3SGB_E_I,1.9166607329129333,294.0,-1.313215970993042,0.1657895784456398,26,True,E,F
3SGB_E_I,1.2573686109120907,294.0,0.04837393760681152,0.1657895784456398,26,True,E,R
3SGB_E_I,0.7685089561516207,294.0,-1.0068392753601074,0.1657895784456398,26,True,E,Y
3SGB_E_I,1.5262440008254738,294.0,-1.6367645263671875,0.1657895784456398,26,True,E,W
1CHO_EFG_I,3.132071663211279,294.0,-4.641701936721802,0.0734639621561867,25,True,Y,G
1CHO_EFG_I,2.5081987404267805,294.0,-4.3694541454315186,0.0734639621561867,25,True,Y,A
1CHO_EFG_I,2.829264734318991,294.0,-3.8305470943450928,0.0734639621561867,25,True,Y,S
1CHO_EFG_I,2.5081987404267805,294.0,-4.360082387924194,0.0734639621561867,25,True,Y,C
1CHO_EFG_I,3.4157237097400417,294.0,-4.766652822494507,0.0734639621561867,25,True,Y,V
1CHO_EFG_I,3.258252470805916,294.0,-4.473201036453248,0.0734639621561867,25,True,Y,T
1CHO_EFG_I,8.446890288870652,294.0,-4.682833433151245,0.0734639621561867,25,True,Y,P
1CHO_EFG_I,0.67495696502462,294.0,-0.4704136848449707,0.0734639621561867,25,True,Y,L
1CHO_EFG_I,2.080018111598135,294.0,-4.1036131381988525,0.0734639621561867,25,True,Y,I
1CHO_EFG_I,1.2095885945200828,294.0,-3.65765118598938,0.0734639621561867,25,True,Y,M
1CHO_EFG_I,2.9591078570359177,294.0,-2.4250245094299316,0.0734639621561867,25,True,Y,N
1CHO_EFG_I,6.209000463056533,294.0,-2.832000494003296,0.0734639621561867,25,True,Y,D
1CHO_EFG_I,3.1215445701448257,294.0,-3.747542142868042,0.0734639621561867,25,True,Y,K
1CHO_EFG_I,3.110824308665834,294.0,-3.8434150218963623,0.0734639621561867,25,True,Y,Q
1CHO_EFG_I,4.946449873188759,294.0,-4.00034499168396,0.0734639621561867,25,True,Y,E
1CHO_EFG_I,1.5671449376509607,294.0,-2.7639575004577637,0.0734639621561867,25,True,Y,H
1CHO_EFG_I,0.1785324269535242,294.0,-1.2760579586029053,0.0734639621561867,25,True,Y,F
1CHO_EFG_I,2.869047193982736,294.0,-2.3644604682922368,0.0734639621561867,25,True,Y,R
1CHO_EFG_I,0.3869154323452293,294.0,-1.3031370639801025,0.0734639621561867,25,True,Y,W
1PPF_E_I,4.127864947327173,294.0,-4.296510457992554,0.0859012912718916,28,True,Y,G
1PPF_E_I,3.16587205876721,294.0,-3.161236047744751,0.0859012912718916,28,True,Y,A
1PPF_E_I,3.5932934440083013,294.0,-2.8056557178497314,0.0859012912718916,28,True,Y,S
1PPF_E_I,3.4038118587867254,294.0,-3.9740164279937744,0.0859012912718916,28,True,Y,C
1PPF_E_I,4.127864947327173,294.0,-4.403117895126343,0.0859012912718916,28,True,Y,V
1PPF_E_I,4.985256363393258,294.0,-4.185023546218873,0.0859012912718916,28,True,Y,T
1PPF_E_I,5.292747374230716,294.0,-4.536732912063599,0.0859012912718916,28,True,Y,P
1PPF_E_I,1.3558480878673547,294.0,-0.7729196548461914,0.0859012912718916,28,True,Y,L
1PPF_E_I,3.8771207881905467,294.0,-4.040446996688843,0.0859012912718916,28,True,Y,I
1PPF_E_I,2.7734067774641824,294.0,-3.485089063644409,0.0859012912718916,28,True,Y,M
1PPF_E_I,3.5932934440083013,294.0,-1.3220691680908208,0.0859012912718916,28,True,Y,N
1PPF_E_I,6.330513746907864,294.0,-2.164039373397827,0.0859012912718916,28,True,Y,D
1PPF_E_I,4.431760330525139,294.0,-3.5905168056488037,0.0859012912718916,28,True,Y,K
1PPF_E_I,4.631946567444701,294.0,-3.411193609237671,0.0859012912718916,28,True,Y,Q
1PPF_E_I,6.330513746907864,294.0,-3.4823877811431885,0.0859012912718916,28,True,Y,E
1PPF_E_I,2.3457522521005347,294.0,-2.3039214611053467,0.0859012912718916,28,True,Y,H
1PPF_E_I,0.4753572917379983,294.0,-1.2757568359375,0.0859012912718916,28,True,Y,F
1PPF_E_I,4.311700449060212,294.0,-2.2732734680175777,0.0859012912718916,28,True,Y,R
1PPF_E_I,0.2321187512917611,294.0,-0.4179378747940061,0.0859012912718916,28,True,Y,W
1R0R_E_I,6.313320709756322,294.0,-4.288157820701599,0.1407964775405353,26,True,Y,G
1R0R_E_I,5.39864608050352,294.0,-2.8249591588974,0.1407964775405353,26,True,Y,A
1R0R_E_I,5.091134236641863,294.0,-2.90487802028656,0.1407964775405353,26,True,Y,S
1R0R_E_I,3.2089108854280166,294.0,-4.125751376152039,0.1407964775405353,26,True,Y,C
1R0R_E_I,3.461408261590106,294.0,-3.0672372579574585,0.1407964775405353,26,True,Y,V
1R0R_E_I,5.39864608050352,294.0,-3.1837977170944214,0.1407964775405353,26,True,Y,T
1R0R_E_I,6.562173109468688,294.0,-4.4890440702438354,0.1407964775405353,26,True,Y,P
1R0R_E_I,2.539413475854068,294.0,-2.940161108970642,0.1407964775405353,26,True,Y,L
1R0R_E_I,2.8248446273697567,294.0,-3.414622664451599,0.1407964775405353,26,True,Y,I
1R0R_E_I,3.0954775913555523,294.0,-3.229272246360779,0.1407964775405353,26,True,Y,M
1R0R_E_I,5.538577198901273,294.0,-1.878714203834534,0.1407964775405353,26,True,Y,N
1R0R_E_I,5.69127638896038,294.0,-2.1981652975082397,0.1407964775405353,26,True,Y,D
1R0R_E_I,5.435990282642292,294.0,-3.114540934562683,0.1407964775405353,26,True,Y,K
1R0R_E_I,4.440734974870159,294.0,-3.01458203792572,0.1407964775405353,26,True,Y,Q
1R0R_E_I,4.554168268942623,294.0,-2.8178573846817017,0.1407964775405353,26,True,Y,E
1R0R_E_I,3.422993817575978,294.0,-1.8975983858108518,0.1407964775405353,26,True,Y,H
1R0R_E_I,0.6084567814519865,294.0,-1.1504360437393186,0.1407964775405353,26,True,Y,F
1R0R_E_I,4.408041810903877,294.0,-3.045373320579529,0.1407964775405353,26,True,Y,R
1R0R_E_I,-0.3591167357756131,294.0,-0.7012901306152344,0.1407964775405353,26,True,Y,W
3SGB_E_I,2.8029873013745568,294.0,-3.284360289573669,0.1374928185978418,25,True,Y,G
3SGB_E_I,1.9166607329129333,294.0,-2.349296927452087,0.1374928185978418,25,True,Y,A
3SGB_E_I,2.0074223412912264,294.0,-1.9330297708511348,0.1374928185978418,25,True,Y,S
3SGB_E_I,1.6717396555880715,294.0,-3.691465258598327,0.1374928185978418,25,True,Y,C
3SGB_E_I,4.360384859875042,294.0,-3.7206104993820186,0.1374928185978418,25,True,Y,V
3SGB_E_I,4.804281106695439,294.0,-3.2827786207199092,0.1374928185978418,25,True,Y,T
3SGB_E_I,6.18932094987379,294.0,-3.863353610038757,0.1374928185978418,25,True,Y,P
3SGB_E_I,1.5542928042263697,294.0,0.527124404907227,0.1374928185978418,25,True,Y,L
3SGB_E_I,3.5421613100274083,294.0,-3.3143843412399288,0.1374928185978418,25,True,Y,I
3SGB_E_I,1.9750163723764476,294.0,-2.7344368696212764,0.1374928185978418,25,True,Y,M
3SGB_E_I,3.1147399247863174,294.0,-2.01554787158966,0.1374928185978418,25,True,Y,N
3SGB_E_I,2.87150138434008,294.0,-0.671048521995544,0.1374928185978418,25,True,Y,D
3SGB_E_I,3.3853728887721135,294.0,-1.8996709585189815,0.1374928185978418,25,True,Y,K
3SGB_E_I,3.235557049949202,294.0,-2.074987769126892,0.1374928185978418,25,True,Y,Q
3SGB_E_I,2.0074223412912264,294.0,-1.3076339960098262,0.1374928185978418,25,True,Y,E
3SGB_E_I,1.6901134295150346,294.0,-2.272106528282165,0.1374928185978418,25,True,Y,H
3SGB_E_I,0.16644052507198676,294.0,-0.862090945243835,0.1374928185978418,25,True,Y,F
3SGB_E_I,2.722274643483289,294.0,-1.4573389291763301,0.1374928185978418,25,True,Y,R
3SGB_E_I,0.38335270177271713,294.0,-0.8424206972122188,0.1374928185978418,25,True,Y,W
1CHO_EFG_I,3.4377730381360534,294.0,-4.847518682479858,0.340218621570505,23,True,R,G
1CHO_EFG_I,3.1475149727113148,294.0,-3.4326398372650146,0.340218621570505,23,True,R,A
1CHO_EFG_I,3.1424124262304187,294.0,-3.1358442306518555,0.340218621570505,23,True,R,S
1CHO_EFG_I,3.4708235791385684,294.0,-4.873369455337524,0.340218621570505,23,True,R,C
1CHO_EFG_I,2.03744975352773,294.0,-3.6252262592315674,0.340218621570505,23,True,R,V
1CHO_EFG_I,2.6321591275656977,294.0,-2.7719452381134033,0.340218621570505,23,True,R,T
1CHO_EFG_I,7.188345491290064,294.0,-5.001699686050415,0.340218621570505,23,True,R,P
1CHO_EFG_I,2.791266841021472,294.0,-3.0692007541656494,0.340218621570505,23,True,R,L
1CHO_EFG_I,2.080018111598135,294.0,-4.21435284614563,0.340218621570505,23,True,R,I
1CHO_EFG_I,2.5795357585106022,294.0,-3.9527370929718018,0.340218621570505,23,True,R,M
1CHO_EFG_I,3.4708235791385684,294.0,-3.0725605487823486,0.340218621570505,23,True,R,N
1CHO_EFG_I,3.7306258710132005,294.0,-3.4738380908966064,0.340218621570505,23,True,R,D
1CHO_EFG_I,0.6535800246167384,294.0,-0.75032639503479,0.340218621570505,23,True,R,K
1CHO_EFG_I,2.4441084799400876,294.0,-2.671490430831909,0.340218621570505,23,True,R,Q
1CHO_EFG_I,3.4708235791385684,294.0,-3.2363214492797856,0.340218621570505,23,True,R,E
1CHO_EFG_I,2.755613899910272,294.0,-3.14982533454895,0.340218621570505,23,True,R,H
1CHO_EFG_I,2.912402321165567,294.0,-4.366432428359985,0.340218621570505,23,True,R,F
1CHO_EFG_I,2.9591078570359177,294.0,-3.649118185043335,0.340218621570505,23,True,R,Y
1CHO_EFG_I,2.4056118241677993,294.0,-4.617940664291382,0.340218621570505,23,True,R,W
1PPF_E_I,0.5699121143241247,294.0,-4.595728397369385,0.3953302597846174,22,True,R,G
1PPF_E_I,0.20516799224920493,294.0,-2.8576233386993404,0.3953302597846174,22,True,R,A
1PPF_E_I,0.41380168971015,294.0,-2.5307223796844482,0.3953302597846174,22,True,R,S
1PPF_E_I,-0.08005332156307979,294.0,-4.676095485687256,0.3953302597846174,22,True,R,C
1PPF_E_I,-0.3447625149286773,294.0,-3.419304847717285,0.3953302597846174,22,True,R,V
1PPF_E_I,-0.018089304378159282,294.0,-2.7811579704284672,0.3953302597846174,22,True,R,T
1PPF_E_I,6.612599109073365,294.0,-4.784505367279053,0.3953302597846174,22,True,R,P
1PPF_E_I,-0.8466822872743035,294.0,-1.6651177406311035,0.3953302597846174,22,True,R,L
1PPF_E_I,-0.8000350496663948,294.0,-3.7576403617858887,0.3953302597846174,22,True,R,I
1PPF_E_I,-0.7490829666137231,294.0,-3.2093105316162105,0.3953302597846174,22,True,R,M
1PPF_E_I,0.32490950276326075,294.0,-3.0408596992492676,0.3953302597846174,22,True,R,N
1PPF_E_I,0.20516799224920493,294.0,-2.967278480529785,0.3953302597846174,22,True,R,D
1PPF_E_I,0.5961744169008829,294.0,-1.8704624176025395,0.3953302597846174,22,True,R,K
1PPF_E_I,-0.018089304378159282,294.0,-2.3199915885925293,0.3953302597846174,22,True,R,Q
1PPF_E_I,0.4544607254699182,294.0,-2.9228289127349854,0.3953302597846174,22,True,R,E
1PPF_E_I,-0.4858338337183474,294.0,-2.8173739910125732,0.3953302597846174,22,True,R,H
1PPF_E_I,-0.9676429774602477,294.0,-3.347322463989258,0.3953302597846174,22,True,R,F
1PPF_E_I,0.21757265905287973,294.0,-3.2128291130065914,0.3953302597846174,22,True,R,Y
1PPF_E_I,-0.5256162933820924,294.0,-4.119128227233887,0.3953302597846174,22,True,R,W
1R0R_E_I,2.0604670627429025,294.0,-2.549114227294922,0.4503870060300047,19,True,R,G
1R0R_E_I,-0.09471596942438448,294.0,0.26195478439331055,0.4503870060300047,19,True,R,A
1R0R_E_I,-0.01611792863419307,294.0,0.38160252571105957,0.4503870060300047,19,True,R,S
1R0R_E_I,0.1134332940724643,294.0,-2.706725597381592,0.4503870060300047,19,True,R,C
1R0R_E_I,0.1134332940724643,294.0,-1.8290925025939941,0.4503870060300047,19,True,R,V
1R0R_E_I,0.3398636914452807,294.0,-0.2332916259765625,0.4503870060300047,19,True,R,T
1R0R_E_I,7.288038163154666,294.0,-3.1736745834350595,0.4503870060300047,19,True,R,P
1R0R_E_I,0.2288846829266709,294.0,-1.4649806022644039,0.4503870060300047,19,True,R,L
1R0R_E_I,0.2041949024507575,294.0,-2.322493076324463,0.4503870060300047,19,True,R,I
1R0R_E_I,0.44061576543754044,294.0,-2.081533908843994,0.4503870060300047,19,True,R,M
1R0R_E_I,-0.04975241557077859,294.0,0.14102649688720703,0.4503870060300047,19,True,R,N
1R0R_E_I,-0.1774227630712159,294.0,-0.11832857131958008,0.4503870060300047,19,True,R,D
1R0R_E_I,-0.09471596942438448,294.0,-0.08204889297485307,0.4503870060300047,19,True,R,K
1R0R_E_I,0.17987794436637158,294.0,-0.3504190444946289,0.4503870060300047,19,True,R,Q
1R0R_E_I,0.3398636914452807,294.0,-0.35381340980529785,0.4503870060300047,19,True,R,E
1R0R_E_I,0.5183961183988048,294.0,-1.3042597770690922,0.4503870060300047,19,True,R,H
1R0R_E_I,0.44061576543754044,294.0,-2.0750155448913574,0.4503870060300047,19,True,R,F
1R0R_E_I,0.8119094802987126,294.0,-1.9699997901916504,0.4503870060300047,19,True,R,Y
1R0R_E_I,0.9322911756978981,294.0,-2.5464653968811044,0.4503870060300047,19,True,R,W
3SGB_E_I,1.0918175625788742,294.0,-3.755150079727173,0.3908571352070532,16,True,R,G
3SGB_E_I,0.053007230999522245,294.0,-2.163274049758911,0.3908571352070532,16,True,R,A
3SGB_E_I,0.2737773687823677,294.0,-1.8360435962677002,0.3908571352070532,16,True,R,S
3SGB_E_I,0.5450422829199899,294.0,-3.5507237911224365,0.3908571352070532,16,True,R,C
3SGB_E_I,-0.023306024639640727,294.0,-0.8483908176422119,0.3908571352070532,16,True,R,V
3SGB_E_I,0.44744296225940944,294.0,-0.8277609348297119,0.3908571352070532,16,True,R,T
3SGB_E_I,7.577933460571226,294.0,-3.893414258956909,0.3908571352070532,16,True,R,P
3SGB_E_I,0.22479616453550091,294.0,-3.065242052078247,0.3908571352070532,16,True,R,L
3SGB_E_I,0.24014288184578209,294.0,-1.4702305793762207,0.3908571352070532,16,True,R,I
3SGB_E_I,0.12578148931221866,294.0,-2.250792741775513,0.3908571352070532,16,True,R,M
3SGB_E_I,0.32648227207346525,294.0,-1.767785787582397,0.3908571352070532,16,True,R,N
3SGB_E_I,0.6297589888618415,294.0,-2.7392680644989014,0.3908571352070532,16,True,R,D
3SGB_E_I,-0.2739414984706976,294.0,-0.024855732917785645,0.3908571352070532,16,True,R,K
3SGB_E_I,0.04096066280246143,294.0,-0.6605312824249263,0.3908571352070532,16,True,R,Q
3SGB_E_I,0.6621649577766203,294.0,-1.4586131572723389,0.3908571352070532,16,True,R,E
3SGB_E_I,0.44744296225940944,294.0,-2.1893272399902344,0.3908571352070532,16,True,R,H
3SGB_E_I,0.22479616453550091,294.0,-3.087205648422241,0.3908571352070532,16,True,R,F
3SGB_E_I,0.2898952974165607,294.0,-2.7896697521209726,0.3908571352070532,16,True,R,Y
3SGB_E_I,0.3075118438616566,294.0,-3.513408899307251,0.3908571352070532,16,True,R,W
1CHO_EFG_I,0.627609622050249,294.0,-1.4666438102722164,0.5342009759636484,13,True,P,G
1CHO_EFG_I,0.37534598778301587,294.0,-0.1485588550567627,0.5342009759636484,13,True,P,A
1CHO_EFG_I,-0.43457966086966526,294.0,0.3503422737121582,0.5342009759636484,13,True,P,S
1CHO_EFG_I,-0.9699113957315901,294.0,-3.33331036567688,0.5342009759636484,13,True,P,C
1CHO_EFG_I,-0.5420343459476559,294.0,-2.1879918575286865,0.5342009759636484,13,True,P,V
1CHO_EFG_I,-0.5420343459476559,294.0,-0.5033276081085205,0.5342009759636484,13,True,P,T
1CHO_EFG_I,-0.5172864545164967,294.0,-1.6794507503509521,0.5342009759636484,13,True,P,L
1CHO_EFG_I,-0.5039774995496228,294.0,-2.340440511703491,0.5342009759636484,13,True,P,I
1CHO_EFG_I,-0.816628259738412,294.0,-2.433392286300659,0.5342009759636484,13,True,P,M
1CHO_EFG_I,-0.7691732826704425,294.0,-0.639554500579834,0.5342009759636484,13,True,P,N
1CHO_EFG_I,-0.8395424851960057,294.0,0.34613192081451416,0.5342009759636484,13,True,P,D
1CHO_EFG_I,0.3811593477710422,294.0,-0.5676500797271729,0.5342009759636484,13,True,P,K
1CHO_EFG_I,-0.7176477614643569,294.0,-0.9335024356842041,0.5342009759636484,13,True,P,Q
1CHO_EFG_I,-0.7101091038569578,294.0,0.19435381889343262,0.5342009759636484,13,True,P,E
1CHO_EFG_I,-0.11097900851860978,294.0,-2.358976125717163,0.5342009759636484,13,True,P,H
1CHO_EFG_I,-0.30327671678837614,294.0,-2.4587385654449463,0.5342009759636484,13,True,P,F
1CHO_EFG_I,0.39261535910148493,294.0,-1.1762325763702393,0.5342009759636484,13,True,P,R
1CHO_EFG_I,-0.38961610701605937,294.0,-2.672866106033325,0.5342009759636484,13,True,P,Y
1CHO_EFG_I,-0.20553383110473633,294.0,-2.545865774154663,0.5342009759636484,13,True,P,W
1PPF_E_I,0.09209279678335446,294.0,-2.2856420278549194,0.7658407015440719,10,True,P,G
1PPF_E_I,-0.12240793841748339,294.0,-0.4841820001602175,0.7658407015440719,10,True,P,A
1PPF_E_I,-0.5636141866796118,294.0,-0.6251915693283079,0.7658407015440719,10,True,P,S
1PPF_E_I,-1.9772176752716986,294.0,-3.585673213005066,0.7658407015440719,10,True,P,C
1PPF_E_I,-1.5039087458678775,294.0,-1.723306059837341,0.7658407015440719,10,True,P,V
1PPF_E_I,-0.2605152118635223,294.0,-1.1243971586227415,0.7658407015440719,10,True,P,T
1PPF_E_I,-2.8828352388476515,294.0,-1.553374648094177,0.7658407015440719,10,True,P,L
1PPF_E_I,-1.6284642964154354,294.0,-2.330356001853943,0.7658407015440719,10,True,P,I
1PPF_E_I,-1.5526234385043747,294.0,-2.6403034925460815,0.7658407015440719,10,True,P,M
1PPF_E_I,-0.6319602917570927,294.0,-1.7804037332534788,0.7658407015440719,10,True,P,N
1PPF_E_I,-0.4858338337183474,294.0,-0.638842463493347,0.7658407015440719,10,True,P,D
1PPF_E_I,-0.4424787065355168,294.0,-0.6748553514480589,0.7658407015440719,10,True,P,K
1PPF_E_I,-0.8000350496663948,294.0,-1.371827960014343,0.7658407015440719,10,True,P,Q
1PPF_E_I,-1.4091927764434928,294.0,0.2373994588851931,0.7658407015440719,10,True,P,E
1PPF_E_I,-1.741030554179772,294.0,-2.1890310049057007,0.7658407015440719,10,True,P,H
1PPF_E_I,-1.8310912172329534,294.0,-1.9719728231430051,0.7658407015440719,10,True,P,F
1PPF_E_I,-0.13573713689567754,294.0,-1.2020803689956663,0.7658407015440719,10,True,P,R
1PPF_E_I,-0.9492692035332845,294.0,-2.244456648826599,0.7658407015440719,10,True,P,Y
1PPF_E_I,-1.9772176752716986,294.0,-2.8079785108566284,0.7658407015440719,10,True,P,W
1R0R_E_I,-0.3410274313974538,294.0,-3.8531368374824524,0.3965868526055661,21,True,P,G
1R0R_E_I,-0.6300477042863095,294.0,-1.9249663949012756,0.3965868526055661,21,True,P,A
1R0R_E_I,0.13432986034054437,294.0,-1.643972933292389,0.3965868526055661,21,True,P,S
1R0R_E_I,-0.9729877231545464,294.0,-4.629169285297394,0.3965868526055661,21,True,P,C
1R0R_E_I,1.312564219548325,294.0,-4.249487221240997,0.3965868526055661,21,True,P,V
1R0R_E_I,1.181143575410264,294.0,-3.239000618457794,0.3965868526055661,21,True,P,T
1R0R_E_I,1.16783462044339,294.0,-4.2586687207221985,0.3965868526055661,21,True,P,L
1R0R_E_I,1.7175270438746657,294.0,-4.599335014820099,0.3965868526055661,21,True,P,I
1R0R_E_I,-0.03269316396628093,294.0,-4.628918945789337,0.3965868526055661,21,True,P,M
1R0R_E_I,-0.9046416180770656,294.0,-3.9171183705329895,0.3965868526055661,21,True,P,N
1R0R_E_I,-2.4863198645784546,294.0,-1.7626031041145325,0.3965868526055661,21,True,P,D
1R0R_E_I,0.3398636914452807,294.0,-3.937195122241974,0.3965868526055661,21,True,P,K
1R0R_E_I,-1.3950097990853847,294.0,-3.3782880902290344,0.3965868526055661,21,True,P,Q
1R0R_E_I,-2.211901108294152,294.0,-1.127940714359283,0.3965868526055661,21,True,P,E
1R0R_E_I,-0.21351543539775555,294.0,-4.255279362201691,0.3965868526055661,21,True,P,H
1R0R_E_I,1.3628739299597017,294.0,-4.638508141040802,0.3965868526055661,21,True,P,F
1R0R_E_I,1.0871219625521225,294.0,-4.0901601910591125,0.3965868526055661,21,True,P,R
1R0R_E_I,0.845578589763881,294.0,-4.49780398607254,0.3965868526055661,21,True,P,Y
1R0R_E_I,0.47861365873505995,294.0,-4.5709622502326965,0.3965868526055661,21,True,P,W
3SGB_E_I,0.053007230999522245,294.0,-1.7416532039642334,0.6699203495433302,13,True,P,G
3SGB_E_I,-0.18686927087657051,294.0,0.4655565023422241,0.6699203495433302,13,True,P,A
3SGB_E_I,0.0648104174565918,294.0,0.10617280006408691,0.6699203495433302,13,True,P,S
3SGB_E_I,-0.3228830355512798,294.0,-3.524991750717163,0.6699203495433302,13,True,P,C
3SGB_E_I,-0.30610950477609083,294.0,-2.389859914779663,0.6699203495433302,13,True,P,V
3SGB_E_I,-0.10717230056479463,294.0,-0.8345673084259033,0.6699203495433302,13,True,P,T
3SGB_E_I,-0.1394142938086011,294.0,-2.442467451095581,0.6699203495433302,13,True,P,L
3SGB_E_I,-0.023306024639640727,294.0,-2.9740097522735596,0.6699203495433302,13,True,P,I
3SGB_E_I,-0.4936108405164099,294.0,-2.9443962574005127,0.6699203495433302,13,True,P,M
3SGB_E_I,-0.1230709104001473,294.0,-1.643036127090454,0.6699203495433302,13,True,P,N
3SGB_E_I,-1.0187751114411407,294.0,-0.02363753318786621,0.6699203495433302,13,True,P,D
3SGB_E_I,0.11247253434534478,294.0,-0.9525303840637203,0.6699203495433302,13,True,P,K
3SGB_E_I,-0.31164734584441545,294.0,-1.4348714351654053,0.6699203495433302,13,True,P,Q
3SGB_E_I,-0.6147463206605049,294.0,0.3831660747528076,0.6699203495433302,13,True,P,E
3SGB_E_I,0.2737773687823677,294.0,-2.8932015895843506,0.6699203495433302,13,True,P,H
3SGB_E_I,-0.34015240686974874,294.0,-2.9563028812408447,0.6699203495433302,13,True,P,F
3SGB_E_I,0.3075118438616566,294.0,-1.8924577236175537,0.6699203495433302,13,True,P,R
3SGB_E_I,-0.3958946489095705,294.0,-3.360150098800659,0.6699203495433302,13,True,P,Y
3SGB_E_I,-0.4936108405164099,294.0,-3.4057366847991943,0.6699203495433302,13,True,P,W
1CHO_EFG_I,1.7971550427158125,294.0,-3.8649314641952515,0.3106879463808064,14,False,K,G
1CHO_EFG_I,0.1785324269535242,294.0,-2.55483615398407,0.3106879463808064,14,False,K,A
1CHO_EFG_I,-0.4207235681500779,294.0,-0.9099529981613161,0.3106879463808064,14,False,K,S
1CHO_EFG_I,0.4962915027625695,294.0,-3.6084078550338745,0.3106879463808064,14,False,K,C
1CHO_EFG_I,1.185271636435697,294.0,-1.4723228216171267,0.3106879463808064,14,False,K,V
1CHO_EFG_I,0.37534598778301587,294.0,-0.4364520311355593,0.3106879463808064,14,False,K,T
1CHO_EFG_I,2.0475521007678417,294.0,-4.088273882865906,0.3106879463808064,14,False,K,P
1CHO_EFG_I,0.37534598778301587,294.0,-2.2204335927963257,0.3106879463808064,14,False,K,L
1CHO_EFG_I,1.5237898104681304,294.0,-1.7119973897933962,0.3106879463808064,14,False,K,I
1CHO_EFG_I,0.4203095416366217,294.0,-2.9047054052352905,0.3106879463808064,14,False,K,M
1CHO_EFG_I,-0.3559816200794738,294.0,-2.066116213798523,0.3106879463808064,14,False,K,N
1CHO_EFG_I,-0.5039774995496228,294.0,-3.560301661491394,0.3106879463808064,14,False,K,D
1CHO_EFG_I,-0.5649485714052496,294.0,-0.1391183137893679,0.3106879463808064,14,False,K,Q
1CHO_EFG_I,0.1785324269535242,294.0,-2.4643043279647827,0.3106879463808064,14,False,K,E
1CHO_EFG_I,0.1387499672897792,294.0,-2.8619836568832397,0.3106879463808064,14,False,K,H
1CHO_EFG_I,1.0781679503820216,294.0,-3.272570013999939,0.3106879463808064,14,False,K,F
1CHO_EFG_I,-0.37255685541156175,294.0,-0.3620634078979492,0.3106879463808064,14,False,K,R
1CHO_EFG_I,1.060354440653193,294.0,-3.295871138572693,0.3106879463808064,14,False,K,Y
1CHO_EFG_I,1.0053936920693252,294.0,-3.736199736595154,0.3106879463808064,14,False,K,W
1PPF_E_I,1.2315695750149407,294.0,-4.3982250690460205,0.3006347303985449,17,False,K,G
1PPF_E_I,0.7459902557237943,294.0,-3.9299638271331787,0.3006347303985449,17,False,K,A
1PPF_E_I,0.4544607254699182,294.0,-3.118604898452759,0.3006347303985449,17,False,K,S
1PPF_E_I,0.9494842128494403,294.0,-4.275316953659058,0.3006347303985449,17,False,K,C
1PPF_E_I,0.8594235497962587,294.0,-1.760582447052002,0.3006347303985449,17,False,K,V
1PPF_E_I,0.16360466832623793,294.0,-1.5782067775726318,0.3006347303985449,17,False,K,T
1PPF_E_I,1.2486288266194383,294.0,-4.541862726211548,0.3006347303985449,17,False,K,P
1PPF_E_I,0.39598817998132163,294.0,-2.8201842308044434,0.3006347303985449,17,False,K,L
1PPF_E_I,0.6225354833792203,294.0,-2.201699733734131,0.3006347303985449,17,False,K,I
1PPF_E_I,0.20516799224920493,294.0,-3.96415114402771,0.3006347303985449,17,False,K,M
1PPF_E_I,0.6512742862994099,294.0,-3.4198343753814697,0.3006347303985449,17,False,K,N
1PPF_E_I,0.6225354833792203,294.0,-4.49504017829895,0.3006347303985449,17,False,K,D
1PPF_E_I,0.24631146197306927,294.0,-1.3634400367736816,0.3006347303985449,17,False,K,Q
1PPF_E_I,1.1172081824813773,294.0,-3.6961958408355713,0.3006347303985449,17,False,K,E
1PPF_E_I,1.0004948685859285,294.0,-3.373814344406128,0.3006347303985449,17,False,K,H
1PPF_E_I,0.9494842128494403,294.0,-4.17985463142395,0.3006347303985449,17,False,K,F
1PPF_E_I,-0.6319602917570927,294.0,0.057813286781311035,0.3006347303985449,17,False,K,R
1PPF_E_I,0.4985750962403025,294.0,-4.0899341106414795,0.3006347303985449,17,False,K,Y
1PPF_E_I,0.8196410901325136,294.0,-4.281465291976929,0.3006347303985449,17,False,K,W
1R0R_E_I,-0.826861265115801,294.0,-5.020574927330017,0.2296510595622954,20,True,K,G
1R0R_E_I,-0.6015426432609761,294.0,-2.309797167778015,0.2296510595622954,20,True,K,A
1R0R_E_I,-0.3030989748160895,294.0,-3.3778733015060425,0.2296510595622954,20,True,K,S
1R0R_E_I,-0.6071334788287157,294.0,-5.045145392417909,0.2296510595622954,20,True,K,C
1R0R_E_I,0.4049628243263405,294.0,-4.15132749080658,0.2296510595622954,20,True,K,V
1R0R_E_I,0.8774126504423483,294.0,-4.406916499137878,0.2296510595622954,20,True,K,T
1R0R_E_I,1.329139454880413,294.0,-4.877435088157654,0.2296510595622954,20,True,K,P
1R0R_E_I,-0.3234814322999531,294.0,-2.3776334524154663,0.2296510595622954,20,True,K,L
1R0R_E_I,1.1083693170975677,294.0,-5.143571257591248,0.2296510595622954,20,True,K,I
1R0R_E_I,-0.5534960328681187,294.0,-3.096311926841736,0.2296510595622954,20,True,K,M
1R0R_E_I,-0.3854212749588166,294.0,-3.061966300010681,0.2296510595622954,20,True,K,N
1R0R_E_I,-0.5850841504327037,294.0,-3.8561805486679086,0.2296510595622954,20,True,K,D
1R0R_E_I,-0.5235285484048554,294.0,-0.8333932161331179,0.2296510595622954,20,True,K,Q
1R0R_E_I,-0.10890868010569268,294.0,-2.85866391658783,0.2296510595622954,20,True,K,E
1R0R_E_I,-0.5850841504327037,294.0,-2.8285540342330933,0.2296510595622954,20,True,K,H
1R0R_E_I,-0.7835061379329705,294.0,-3.6297343969345093,0.2296510595622954,20,True,K,F
1R0R_E_I,0.13432986034054437,294.0,-1.1673465967178345,0.2296510595622954,20,True,K,R
1R0R_E_I,-0.6857899463261313,294.0,-3.343173384666443,0.2296510595622954,20,True,K,Y
1R0R_E_I,-1.0901103980111768,294.0,-4.681489825248718,0.2296510595622954,20,True,K,W
3SGB_E_I,-0.7154983946527647,294.0,-4.568125486373901,0.143509441627215,20,True,K,G
3SGB_E_I,-2.5364789087609,294.0,-3.792677640914917,0.143509441627215,20,True,K,A
3SGB_E_I,-2.551720760787796,294.0,-3.7852742671966553,0.143509441627215,20,True,K,S
3SGB_E_I,-0.5767484273629854,294.0,-4.512624502182007,0.143509441627215,20,True,K,C
3SGB_E_I,-0.9419287920255809,294.0,-2.326702356338501,0.143509441627215,20,True,K,V
3SGB_E_I,-1.9220058108775915,294.0,-3.3830020427703857,0.143509441627215,20,True,K,T
3SGB_E_I,0.0,294.0,-4.613647699356079,0.143509441627215,20,True,K,P
3SGB_E_I,-1.792162688160665,294.0,-0.3954589366912842,0.143509441627215,20,True,K,L
3SGB_E_I,-1.3259950500838416,294.0,-1.505273580551147,0.143509441627215,20,True,K,I
3SGB_E_I,-1.15007805552243,294.0,-2.734036445617676,0.143509441627215,20,True,K,M
3SGB_E_I,-0.6503992617717048,294.0,-3.902348756790161,0.143509441627215,20,True,K,N
3SGB_E_I,-0.6147463206605049,294.0,-4.602418661117554,0.143509441627215,20,True,K,D
3SGB_E_I,-0.6147463206605049,294.0,-1.794581413269043,0.143509441627215,20,True,K,Q
3SGB_E_I,0.03175987645407713,294.0,-4.024597406387329,0.143509441627215,20,True,K,E
3SGB_E_I,-0.3958946489095705,294.0,-3.889582872390747,0.143509441627215,20,True,K,H
3SGB_E_I,-0.7154983946527647,294.0,-4.044543981552124,0.143509441627215,20,True,K,F
3SGB_E_I,-0.6830924257379858,294.0,-0.8432266712188721,0.143509441627215,20,True,K,R
3SGB_E_I,-0.5767484273629854,294.0,-4.0935938358306885,0.143509441627215,20,True,K,Y
3SGB_E_I,-0.0132036773995288,294.0,-4.385591268539429,0.143509441627215,20,True,K,W
1CHO_EFG_I,-1.0766642935079005,294.0,1.3803162574768064,0.0315754327847085,26,True,G,A
1CHO_EFG_I,-0.1356687889945232,294.0,0.06106734275817871,0.0315754327847085,26,True,G,S
1CHO_EFG_I,2.5081987404267805,294.0,-1.2338616847991943,0.0315754327847085,26,True,G,C
1CHO_EFG_I,0.692192370013124,294.0,-2.5088798999786377,0.0315754327847085,26,True,G,V
1CHO_EFG_I,2.0475521007678417,294.0,-2.2216780185699463,0.0315754327847085,26,True,G,T
1CHO_EFG_I,0.31960374574319406,294.0,1.6876451969146729,0.0315754327847085,26,True,G,P
1CHO_EFG_I,1.7264167312856482,294.0,-1.904303789138794,0.0315754327847085,26,True,G,L
1CHO_EFG_I,2.334533146949738,294.0,-2.8917529582977295,0.0315754327847085,26,True,G,I
1CHO_EFG_I,1.6138504735213117,294.0,-2.260169744491577,0.0315754327847085,26,True,G,M
1CHO_EFG_I,0.9402945591882654,294.0,-1.2489078044891357,0.0315754327847085,26,True,G,N
1CHO_EFG_I,3.065860754812228,294.0,-1.163049936294556,0.0315754327847085,26,True,G,D
1CHO_EFG_I,1.5671449376509607,294.0,-1.7447760105133057,0.0315754327847085,26,True,G,K
1CHO_EFG_I,2.350651075583931,294.0,-1.9138033390045166,0.0315754327847085,26,True,G,Q
1CHO_EFG_I,2.5795357585106022,294.0,-1.3525235652923584,0.0315754327847085,26,True,G,E
1CHO_EFG_I,-0.9699113957315901,294.0,-1.5508406162261963,0.0315754327847085,26,True,G,H
1CHO_EFG_I,0.10075207399225973,294.0,-1.2650783061981201,0.0315754327847085,26,True,G,F
1CHO_EFG_I,1.720603371297622,294.0,-1.692669153213501,0.0315754327847085,26,True,G,R
1CHO_EFG_I,-0.9699113957315901,294.0,-1.0609080791473389,0.0315754327847085,26,True,G,Y
1CHO_EFG_I,1.04198066672623,294.0,-2.023449659347534,0.0315754327847085,26,True,G,W
1PPF_E_I,0.2321187512917611,294.0,-4.328362479805946,0.0114737344188416,27,True,G,A
1PPF_E_I,0.9027786769790893,294.0,-4.639269843697549,0.0114737344188416,27,True,G,S
1PPF_E_I,1.1627562665072044,294.0,-5.278144851326942,0.0114737344188416,27,True,G,C
1PPF_E_I,2.5176706939946327,294.0,-5.434720054268837,0.0114737344188416,27,True,G,V
1PPF_E_I,2.7734067774641824,294.0,-5.238752856850624,0.0114737344188416,27,True,G,T
1PPF_E_I,0.2601675546926566,294.0,-4.338244929909706,0.0114737344188416,27,True,G,P
1PPF_E_I,3.086502947010534,294.0,-5.360311046242714,0.0114737344188416,27,True,G,L
1PPF_E_I,4.311700449060212,294.0,-5.458124652504921,0.0114737344188416,27,True,G,I
1PPF_E_I,2.1648984736471197,294.0,-5.583389297127724,0.0114737344188416,27,True,G,M
1PPF_E_I,1.5915688454876753,294.0,-5.254669204354286,0.0114737344188416,27,True,G,N
1PPF_E_I,2.4624655659959833,294.0,-4.9305005222558975,0.0114737344188416,27,True,G,D
1PPF_E_I,3.260426881353337,294.0,-5.58177949488163,0.0114737344188416,27,True,G,K
1PPF_E_I,2.7609092344408697,294.0,-5.399260058999062,0.0114737344188416,27,True,G,Q
1PPF_E_I,1.4373501802979605,294.0,-5.099703326821327,0.0114737344188416,27,True,G,E
1PPF_E_I,1.4841141604096846,294.0,-5.339741721749306,0.0114737344188416,27,True,G,H
1PPF_E_I,1.461199934952091,294.0,-5.214666858315469,0.0114737344188416,27,True,G,F
1PPF_E_I,4.781762406267613,294.0,-5.406901851296426,0.0114737344188416,27,True,G,R
1PPF_E_I,1.1866060211613347,294.0,-5.158252730965614,0.0114737344188416,27,True,G,Y
1PPF_E_I,1.621185682031,294.0,-5.333839431405067,0.0114737344188416,27,True,G,W
1R0R_E_I,1.2801582506335463,294.0,1.6404330730438232,0.1268986779085668,25,True,G,A
1R0R_E_I,0.8991340316737574,294.0,1.8138647079467773,0.1268986779085668,25,True,G,S
1R0R_E_I,1.4002181320984737,294.0,-0.9753494262695312,0.1268986779085668,25,True,G,C
1R0R_E_I,1.9070086290962416,294.0,0.5802326202392578,0.1268986779085668,25,True,G,V
1R0R_E_I,1.6555042384165621,294.0,1.5312395095825195,0.1268986779085668,25,True,G,T
1R0R_E_I,1.0650726341561103,294.0,1.023929119110107,0.1268986779085668,25,True,G,P
1R0R_E_I,2.3773134449730104,294.0,-0.13493776321411133,0.1268986779085668,25,True,G,L
1R0R_E_I,1.9537141649665926,294.0,1.163367509841919,0.1268986779085668,25,True,G,I
1R0R_E_I,2.1266779711419534,294.0,1.5987367630004878,0.1268986779085668,25,True,G,M
1R0R_E_I,1.2643975068098088,294.0,0.4972386360168457,0.1268986779085668,25,True,G,N
1R0R_E_I,2.848062431872061,294.0,1.2134203910827637,0.1268986779085668,25,True,G,D
1R0R_E_I,2.8947096694799694,294.0,1.112218618392944,0.1268986779085668,25,True,G,K
1R0R_E_I,2.004724820703081,294.0,3.8364803194999695,0.1268986779085668,25,True,G,Q
1R0R_E_I,1.9537141649665926,294.0,2.064587116241455,0.1268986779085668,25,True,G,E
1R0R_E_I,2.1620971703582974,294.0,0.3928079605102539,0.1268986779085668,25,True,G,H
1R0R_E_I,0.1134332940724643,294.0,0.27832841873168945,0.1268986779085668,25,True,G,F
1R0R_E_I,3.422993817575978,294.0,1.767826795578003,0.1268986779085668,25,True,G,R
1R0R_E_I,0.47861365873505995,294.0,0.9405813217163086,0.1268986779085668,25,True,G,Y
1R0R_E_I,1.3818443581715105,294.0,0.16320562362670898,0.1268986779085668,25,True,G,W
3SGB_E_I,1.2058430897060048,294.0,-4.847911104559898,0.1018269157506817,25,True,G,A
3SGB_E_I,1.5854002653603883,294.0,-4.644514784216881,0.1018269157506817,25,True,G,S
3SGB_E_I,2.5754472401194324,294.0,-5.1395890563726425,0.1018269157506817,25,True,G,C
3SGB_E_I,2.6905147670292124,294.0,-5.4250247329473495,0.1018269157506817,25,True,G,V
3SGB_E_I,2.992213250902842,294.0,-5.104489549994469,0.1018269157506817,25,True,G,T
3SGB_E_I,1.081656648063048,294.0,-4.278217062354088,0.1018269157506817,25,True,G,P
3SGB_E_I,2.6212933286701596,294.0,-4.972648844122887,0.1018269157506817,25,True,G,L
3SGB_E_I,4.035772150543818,294.0,-5.364624723792076,0.1018269157506817,25,True,G,I
3SGB_E_I,2.755325184485804,294.0,-5.4180338233709335,0.1018269157506817,25,True,G,M
3SGB_E_I,2.2436094623831533,294.0,-5.224815592169762,0.1018269157506817,25,True,G,N
3SGB_E_I,1.6024595169648859,294.0,-5.0069925636053085,0.1018269157506817,25,True,G,D
3SGB_E_I,2.490005082211754,294.0,-5.215956434607506,0.1018269157506817,25,True,G,K
3SGB_E_I,2.9153109315647128,294.0,-5.11452554166317,0.1018269157506817,25,True,G,Q
3SGB_E_I,1.9453995358331229,294.0,-5.189779505133629,0.1018269157506817,25,True,G,E
3SGB_E_I,2.7002253150872773,294.0,-5.117340311408043,0.1018269157506817,25,True,G,H
3SGB_E_I,2.980410064445773,294.0,-4.832048639655113,0.1018269157506817,25,True,G,F
3SGB_E_I,3.4590237231808327,294.0,-5.17610476911068,0.1018269157506817,25,True,G,R
3SGB_E_I,3.0531843227584687,294.0,-4.691754564642906,0.1018269157506817,25,True,G,Y
3SGB_E_I,3.8578227148881212,294.0,-5.031056627631187,0.1018269157506817,25,True,G,W
1CHO_EFG_I,-1.3748742200579307,294.0,-0.06647586822509766,0.0915711665862825,27,True,N,G
1CHO_EFG_I,-1.345257383514606,294.0,3.3859158754348755,0.0915711665862825,27,True,N,A
1CHO_EFG_I,-1.4562363920332158,294.0,2.3672337532043457,0.0915711665862825,27,True,N,S
1CHO_EFG_I,-0.11097900851860978,294.0,-0.5493483543395996,0.0915711665862825,27,True,N,C
1CHO_EFG_I,0.032405968914778836,294.0,0.9418625831604,0.0915711665862825,27,True,N,V
1CHO_EFG_I,-1.2801582506335463,294.0,1.461496353149414,0.0915711665862825,27,True,N,T
1CHO_EFG_I,-1.8085758473044606,294.0,-1.239494800567627,0.0915711665862825,27,True,N,P
1CHO_EFG_I,0.60832609408797,294.0,-0.7584218978881836,0.0915711665862825,27,True,N,L
1CHO_EFG_I,-0.029616836543324674,294.0,-0.33696508407592773,0.0915711665862825,27,True,N,I
1CHO_EFG_I,-0.20553383110473633,294.0,-0.5387554168701172,0.0915711665862825,27,True,N,M
1CHO_EFG_I,-1.025653637771412,294.0,1.8010692596435547,0.0915711665862825,27,True,N,D
1CHO_EFG_I,2.3008986600131527,294.0,-0.044245243072509766,0.0915711665862825,27,True,N,K
1CHO_EFG_I,-0.18231602660243207,294.0,1.3930773735046387,0.0915711665862825,27,True,N,Q
1CHO_EFG_I,2.3008986600131527,294.0,1.9649314880371094,0.0915711665862825,27,True,N,E
1CHO_EFG_I,-0.7252849664040973,294.0,1.1775307655334473,0.0915711665862825,27,True,N,H
1CHO_EFG_I,2.334533146949738,294.0,-0.8626036643981934,0.0915711665862825,27,True,N,F
1CHO_EFG_I,1.5671449376509607,294.0,0.06922626495361328,0.0915711665862825,27,True,N,R
1CHO_EFG_I,2.5305290199503028,294.0,-0.7005009651184082,0.0915711665862825,27,True,N,Y
1CHO_EFG_I,2.1484804210815565,294.0,-0.7245545387268066,0.0915711665862825,27,True,N,W
1PPF_E_I,-0.5636141866796118,294.0,0.14181756973266602,0.2038187253855303,25,True,N,G
1PPF_E_I,-1.6227082118412484,294.0,2.3402650356292725,0.2038187253855303,25,True,N,A
1PPF_E_I,-1.3277113844171053,294.0,1.548893690109253,0.2038187253855303,25,True,N,S
1PPF_E_I,0.5961744169008829,294.0,-0.7581424713134766,0.2038187253855303,25,True,N,C
1PPF_E_I,0.3410274313974538,294.0,0.176605224609375,0.2038187253855303,25,True,N,V
1PPF_E_I,0.5452223338482113,294.0,0.6872587203979492,0.2038187253855303,25,True,N,T
1PPF_E_I,-2.918563968062441,294.0,-1.1498126983642587,0.2038187253855303,25,True,N,P
1PPF_E_I,2.6104614454661323,294.0,-0.6249136924743652,0.2038187253855303,25,True,N,L
1PPF_E_I,0.8594235497962587,294.0,-0.4405941963195801,0.2038187253855303,25,True,N,I
1PPF_E_I,1.0562371106257504,294.0,-0.37923240661621094,0.2038187253855303,25,True,N,M
1PPF_E_I,-3.0352772819578897,294.0,2.7663676738739014,0.2038187253855303,25,True,N,D
1PPF_E_I,2.585418846585817,294.0,-0.6979341506958008,0.2038187253855303,25,True,N,K
1PPF_E_I,0.37761440605435836,294.0,0.9188666343688969,0.2038187253855303,25,True,N,Q
1PPF_E_I,-1.0042299521171523,294.0,3.9912312030792236,0.2038187253855303,25,True,N,E
1PPF_E_I,-0.5256162933820924,294.0,0.5039854049682617,0.2038187253855303,25,True,N,H
1PPF_E_I,1.8206146752526042,294.0,-0.7374138832092285,0.2038187253855303,25,True,N,F
1PPF_E_I,1.8438324797549084,294.0,-0.54730224609375,0.2038187253855303,25,True,N,R
1PPF_E_I,1.6535916509457786,294.0,-0.13310813903808594,0.2038187253855303,25,True,N,Y
1PPF_E_I,1.6980880013691295,294.0,-0.25946760177612305,0.2038187253855303,25,True,N,W
1R0R_E_I,0.2815080519817665,294.0,-0.40244626998901367,0.2709610627828634,26,False,N,G
1R0R_E_I,-0.03269316396628093,294.0,1.8953042030334473,0.2709610627828634,26,False,N,A
1R0R_E_I,0.47861365873505995,294.0,1.0535049438476558,0.2709610627828634,26,False,N,S
1R0R_E_I,0.5617512455816355,294.0,-1.3915128707885742,0.2709610627828634,26,False,N,C
1R0R_E_I,0.6594674371884749,294.0,0.4976332187652588,0.2709610627828634,26,False,N,V
1R0R_E_I,0.5617512455816355,294.0,0.6641867160797115,0.2709610627828634,26,False,N,T
1R0R_E_I,1.4586906775870705,294.0,-1.6423006057739258,0.2709610627828634,26,False,N,P
1R0R_E_I,1.5251353278809778,294.0,-0.3855409622192383,0.2709610627828634,26,False,N,L
1R0R_E_I,0.3102468549019561,294.0,-0.5003962516784668,0.2709610627828634,26,False,N,I
1R0R_E_I,0.3102468549019561,294.0,-0.4362015724182129,0.2709610627828634,26,False,N,M
1R0R_E_I,0.5617512455816355,294.0,2.1470210552215576,0.2709610627828634,26,False,N,D
1R0R_E_I,1.1317419481168505,294.0,-0.19183015823364258,0.2709610627828634,26,False,N,K
1R0R_E_I,-0.27063296398579617,294.0,1.4893810749053955,0.2709610627828634,26,False,N,Q
1R0R_E_I,-0.20217065450237515,294.0,3.085532546043396,0.2709610627828634,26,False,N,E
1R0R_E_I,0.2815080519817665,294.0,0.4816105365753174,0.2709610627828634,26,False,N,H
1R0R_E_I,-0.1774227630712159,294.0,-1.2186241149902344,0.2709610627828634,26,False,N,F
1R0R_E_I,1.4387147878707625,294.0,-0.006630420684814453,0.2709610627828634,26,False,N,R
1R0R_E_I,0.17987794436637158,294.0,-0.7341709136962891,0.2709610627828634,26,False,N,Y
1R0R_E_I,0.054960748583867826,294.0,-0.6887874603271484,0.2709610627828634,26,False,N,W
3SGB_E_I,0.3075118438616566,294.0,-1.0555882453918457,0.2156465700626738,23,True,N,G
3SGB_E_I,0.32648227207346525,294.0,1.653740406036377,0.2156465700626738,23,True,N,A
3SGB_E_I,0.40332859148902506,294.0,1.0608510971069336,0.2156465700626738,23,True,N,S
3SGB_E_I,0.3448560460004286,294.0,-1.2836451530456543,0.2156465700626738,23,True,N,C
3SGB_E_I,-0.2385222992543538,294.0,1.3952009677886963,0.2156465700626738,23,True,N,V
3SGB_E_I,0.009710548058064919,294.0,1.4310274124145508,0.2156465700626738,23,True,N,T
3SGB_E_I,0.5714033493983273,294.0,-1.52994966506958,0.2156465700626738,23,True,N,P
3SGB_E_I,0.7305110628541012,294.0,-0.41237735748291016,0.2156465700626738,23,True,N,L
3SGB_E_I,0.19517932799217624,294.0,-0.31543493270874023,0.2156465700626738,23,True,N,I
3SGB_E_I,0.13879400624141633,294.0,-0.6995687484741211,0.2156465700626738,23,True,N,M
3SGB_E_I,0.8983520788685472,294.0,1.2862799167633057,0.2156465700626738,23,True,N,D
3SGB_E_I,0.5714033493983273,294.0,0.8479976654052734,0.2156465700626738,23,True,N,K
3SGB_E_I,0.24014288184578209,294.0,1.359652042388916,0.2156465700626738,23,True,N,Q
3SGB_E_I,0.9493627346050356,294.0,2.8299243450164795,0.2156465700626738,23,True,N,E
3SGB_E_I,-0.1230709104001473,294.0,0.43466734886169434,0.2156465700626738,23,True,N,H
3SGB_E_I,-0.1394142938086011,294.0,-0.9699349403381348,0.2156465700626738,23,True,N,F
3SGB_E_I,0.5714033493983273,294.0,1.1987779140472412,0.2156465700626738,23,True,N,R
3SGB_E_I,-0.10717230056479463,294.0,-0.0312962532043457,0.2156465700626738,23,True,N,Y
3SGB_E_I,0.5187799803432317,294.0,-0.06922769546508789,0.2156465700626738,23,True,N,W
1DAN_HL_UT,-0.004826323966393573,298.0,-1.0061724185943608,0.2155179038315295,19,True,E,A
1DAN_HL_UT,-0.18858405547183082,298.0,-4.325061291456223,0.0263498093684421,23,True,V,A
1DAN_HL_UT,0.13521096880354472,298.0,0.42940568923950195,0.309768243692037,16,True,T,A
1DAN_HL_UT,-0.002891071679367852,298.0,-2.120893955230713,0.549210477210815,12,False,S,A
1DAN_HL_UT,-0.329717048184808,298.0,-4.636767119169235,0.144688086693641,16,False,Y,A
1DAN_HL_UT,0.01705615516328163,298.0,-0.8664147853851314,0.8280868230811093,7,False,K,A
1DAN_HL_UT,0.07991608850404984,298.0,-1.6629340648651123,0.5292654951162399,12,False,L,A
1DAN_HL_UT,-0.025537710724650893,298.0,-3.5750948190689087,0.4199947925645573,12,False,T,A
1DAN_HL_UT,0.11655787796002079,298.0,-1.6353938579559326,0.6369787177182006,11,False,K,A
1DAN_HL_UT,0.21189070566059515,298.0,-3.0111846923828125,0.4688594824456671,12,False,T,A
1DAN_HL_UT,-0.16272026493186093,298.0,0.6461858749389644,0.4991849464343065,5,False,G,R
1DAN_HL_UT,0.022634092850373565,298.0,-0.3758275508880615,0.9180795344759946,6,True,S,A
1DAN_HL_UT,0.12284108462617738,298.0,-4.327582746744156,0.1133786963853612,17,True,W,F
1DAN_HL_UT,0.15477673005991158,298.0,-1.3201417922973633,0.1695371317258512,18,False,Y,L
1DAN_HL_UT,0.17871404911523037,298.0,-0.2117617130279541,0.1568905308737119,16,False,I,A
1DAN_HL_UT,-0.010670318822459526,298.0,-2.9503986835479736,0.4818008126386348,15,False,D,A
1DAN_HL_UT,-0.002891071679367852,298.0,-1.4541943073272705,0.170500803804863,19,False,R,A
1DAN_HL_UT,1.2811794574247422,298.0,-3.627561092376709,0.2077553514303964,18,True,F,A
1DAN_HL_UT,-0.015584759249517131,298.0,-0.11961984634399414,0.3963484801362649,9,False,T,A
1DAN_HL_UT,0.5190814668270985,298.0,-5.076205730438232,0.2414390466290807,16,True,R,A
1DAN_HL_UT,-0.027548533277431158,298.0,2.2530071139335637,0.0468876787671629,25,True,L,A
1DAN_HL_UT,-0.026542268510583156,298.0,-5.158196285367013,0.2878912312729776,14,False,D,A
1DAN_HL_UT,0.0857669571426131,298.0,-0.6142622232437136,0.2896373847477395,15,True,E,A
1DAN_HL_UT,-0.12355315534704536,298.0,-2.8186635971069336,0.3794294862243257,11,False,K,A
1DAN_HL_UT,-0.17551097108618816,298.0,0.04094386100769043,0.4247953351491781,12,False,E,A
1DAN_HL_UT,1.0236911367147272,298.0,-3.7219684720039368,0.0147209896699078,19,True,Y,A
1DAN_HL_UT,-0.07035068776340038,298.0,-2.472273588180542,0.5695345309893656,8,False,K,A
1DAN_HL_UT,1.3796815744357758,298.0,-5.213337428867817,0.0510043147057082,26,True,D,E
1DAN_HL_UT,1.9886060502579328,298.0,-5.884202964603901,0.0510043147057082,26,True,D,A
1DAN_HL_UT,0.4046761956931716,298.0,-4.910973370075226,0.1276524295464076,16,False,T,A
1DAN_HL_UT,0.4377150953225113,298.0,-0.1440410614013672,0.1117838762000756,15,True,F,A
1DAN_HL_UT,0.41430545944622627,298.0,-1.402773141860962,0.0609060316233767,21,True,K,A
1DAN_HL_UT,0.043542317460800575,298.0,-0.2608325481414795,0.0902323772259734,21,True,S,A
1DAN_HL_UT,0.23172023707362896,298.0,-1.9895198345184326,0.2177639710011914,16,True,K,A
1DAN_HL_UT,1.270026836412354,298.0,-4.655046507716179,0.1286560323412982,18,True,W,F
1DAN_HL_UT,0.7346847266715751,298.0,-4.605864882469177,0.4386364914369818,14,True,D,A
1DAN_HL_UT,-0.06926906796900742,298.0,-1.0732643604278564,0.5094596930107773,9,True,S,A
1DAN_HL_UT,0.32142543809907564,298.0,-0.8540410995483401,0.4597357196598323,11,True,K,A
1DAN_HL_UT,0.5464480966557641,298.0,-2.2885611057281494,0.0199653729411653,20,True,Q,A
1DAN_HL_UT,0.11655787796002079,298.0,-0.6838841438293457,0.7402605050143193,7,False,K,A
1DAN_HL_UT,0.10136251788913998,298.0,-1.3750693798065186,0.3463717998583493,12,False,E,A
1DAN_HL_UT,0.6149227495844649,298.0,-5.2360978201031685,0.0291587868142112,21,False,W,F
1DAN_HL_UT,0.6575917640219321,298.0,-1.5138092041015634,0.2248066609565812,17,True,E,A
1DAN_HL_UT,0.6447872290002378,298.0,-4.477320313453674,0.0223674550755149,16,True,I,A
1DAN_HL_UT,-0.1589363116558861,298.0,-2.841073095798492,0.0,26,False,T,A
1DAN_HL_UT,1.6849856431580983,298.0,-3.4280269742012024,0.0614803207381522,25,True,K,R
1DAN_HL_UT,2.586749464444727,298.0,-3.60409814119339,0.0614803207381522,25,True,K,A
1DAN_HL_UT,0.1801341617209752,298.0,-1.8652145862579346,0.0059270392219392,26,True,N,A
1DAN_HL_UT,0.12049268760486663,298.0,-3.497453808784485,0.201150265663304,22,True,T,A
1DAN_HL_UT,-0.3971643968811503,298.0,-1.78466820716858,0.4501694987496056,15,False,K,A
1DAN_HL_UT,0.6914402149363368,298.0,-3.7722028493881226,0.1070983104401914,19,False,W,F
1SMF_E_I,1.0191501068131246,300.0,-0.1273074150085458,0.3759272700791768,13,True,E,A
1SMF_E_I,1.9118665514447903,300.0,-0.4359469413757324,0.0313459860865973,26,True,S,A
1SMF_E_I,2.058861248035071,300.0,-5.903907097876072,0.0160902835667065,23,True,T,A
1SMF_E_I,3.533402620722628,300.0,-4.111125409603119,0.1889363159891138,21,True,I,A
1SMF_E_I,5.724672691392866,300.0,-4.16055303812027,0.0026915352897693,31,True,K,A
1FY8_E_I,0.17036148930942865,298.0,-4.20344939827919,0.0028827302228137,31,False,D,N
1FY8_E_I,1.170849396491051,298.0,-1.350038766860962,0.1511552761948369,25,False,Q,K
3TGK_E_I,-0.17036148930942868,298.0,0.2606229782104492,0.0899660079857382,29,False,N,D
1F5R_A_I,-1.170849396491051,298.0,1.7441825866699219,0.1513435192213094,25,False,K,Q
3BTD_E_I,-11.381819329936064,295.0,3.895736515522003,0.0142972501480317,34,True,D,K
3BTE_E_I,-9.32495693576875,295.0,4.31090122461319,0.0175560766526251,33,True,E,K
3BTF_E_I,-6.953351557945951,295.0,2.858223080635071,0.0044504762100348,33,True,F,K
3BTG_E_I,-12.222399147557317,295.0,4.54462730884552,0.0551450541733496,33,True,G,K
3BTH_E_I,-8.689481060826116,295.0,2.655425906181336,0.0037751403431523,33,True,H,K
3BTM_E_I,-7.611523374206351,295.0,3.8112016916275024,0.0214850596730044,34,True,M,K
3BTQ_E_I,-9.272154575662446,295.0,3.318942844867707,0.0202603447914634,33,True,Q,K
3BTW_E_I,-8.573055331717944,295.0,3.628671407699585,0.0020067172904027,33,True,W,K
3BTT_E_I,-10.486099748990702,295.0,3.0245602130889897,0.0205358540952222,33,True,T,K
2SGP_E_I,-8.328746434537916,294.0,-2.951892137527466,0.038110441578458,30,True,P,L
1CSO_E_I,-4.419124852316535,294.0,4.080868273973465,0.0359211011809953,30,True,I,L
1CT0_E_I,-4.10058256800041,294.0,1.7119870185852049,0.0406503437011483,31,True,S,L
1CT2_E_I,-3.1602880088121448,294.0,1.6658319234848027,0.0370040287174333,31,True,T,L
1CT4_E_I,-2.9922132509028425,294.0,0.7045345306396484,0.0396721440866281,31,True,V,L
2SGQ_E_I,-2.567443856629065,294.0,2.2049801349639893,0.0192215082065313,30,True,Q,L
1SGD_E_I,-5.590064954770187,294.0,3.1949764490127563,0.0397411784084574,32,True,D,L
1SGE_E_I,-5.899809514401656,294.0,3.404241919517517,0.0253008889387178,32,True,E,L
1SGN_E_I,-3.352679724805832,294.0,2.887018322944641,0.0416843713444791,31,True,N,L
1SGP_E_I,-2.947716900479492,294.0,1.1020152568817139,0.0411119729658201,30,True,A,L
1SGQ_E_I,-4.934124229412365,294.0,1.4537748098373413,0.0761566665238941,31,True,G,L
1SGY_E_I,-1.6527692273762626,294.0,1.2228267192840576,0.0122783029118157,31,True,Y,L
2NU0_E_I,-1.8393475833819242,294.0,1.4285392761230469,0.0096229043698974,32,True,W,L
2NU1_E_I,-1.6901134295150346,294.0,1.423438549041748,0.0340561757738118,31,True,H,L
2NU2_E_I,-3.3202737558910536,294.0,-0.3790637254714966,0.0095054428129625,31,True,R,L
2NU4_E_I,-3.1379577292886216,294.0,0.9697141647338867,0.0087729409285369,32,True,K,L
2J12_A_B,0.9530876824425276,298.0,-0.091194868087769,0.4674849324338916,8,False,S,A
2J1K_C_T,0.05152697783523541,298.0,-1.085423231124878,0.2604048861453865,17,False,R,A
2J1K_C_T,0.18366961504477333,298.0,2.6727495193481445,0.4047153417975069,14,True,G,D
2J1K_C_T,0.7645036269706968,298.0,-2.389879286289215,0.1149230502341827,23,True,R,A
1KAC_A_B,-0.7930253513838345,298.0,-1.2860535979270935,0.1077663155610922,24,True,P,S
1KAC_A_B,-1.2521981797726813,298.0,-1.2825002670288086,0.2434505902860724,21,True,S,Y
1P69_A_B,0.7930253513838343,298.0,0.81743335723877,0.0498458499762842,24,True,S,P
1P6A_A_B,1.2521981797726813,298.0,0.7876887321472168,0.0792821889601591,21,True,Y,S
1CHO_EFG_I,0.31960374574319406,294.0,-3.0207382440567017,0.0083466420367937,35,True,L,M
1CHO_EFG_I,-0.7609444444058144,294.0,1.3803162574768064,0.0315754327847085,26,True,G,A
1CHO_EFG_I,0.0,294.0,-2.4999824166297913,0.5719679850743554,8,False,N,S
1CHO_EFG_I,1.410356516395666,294.0,-2.7639575004577637,0.0734639621561867,25,True,Y,H
1CHO_EFG_I,0.5843129391087918,294.0,-2.5088798999786377,0.0315754327847085,26,True,G,V
1CHO_EFG_I,6.027306490352137,294.0,-2.832000494003296,0.0734639621561867,25,True,Y,D
1CHO_EFG_I,4.827650407215388,294.0,-2.4566709995269775,0.1435993974127439,26,True,T,E
1CHO_EFG_I,2.3179579116176505,294.0,-1.8554213047027588,0.1435993974127439,26,True,T,S
1CHO_EFG_I,3.2280637260262797,294.0,-0.9795756340026851,0.1435993974127439,26,True,T,V
1CHO_EFG_I,0.9106777226449408,294.0,1.0628280639648438,0.125142332215087,19,True,A,V
1CHO_EFG_I,4.257659704680173,294.0,-2.499671697616577,0.1435993974127439,26,True,T,A
1CHO_EFG_I,4.214304577497343,294.0,-2.2142761945724487,0.0083466420367937,35,True,L,K
1CHO_EFG_I,4.863743079541928,294.0,-4.9054869413375854,0.0083466420367937,35,True,L,A
1CHO_EFG_I,6.758692886487809,294.0,-4.405990481376648,0.0083466420367937,35,True,L,E
1CHO_EFG_I,3.5076158409337883,294.0,-3.560268521308899,0.0083466420367937,35,True,L,Q
1R0R_E_I,-0.5091021893067559,294.0,1.4832148551940918,0.1037811255897523,37,True,L,M
1R0R_E_I,1.312564219548325,294.0,1.6404330730438232,0.1268986779085668,25,True,G,A
1R0R_E_I,-0.06509913288105984,294.0,-2.130901277065277,0.5414107839312488,8,False,N,S
1R0R_E_I,3.000761621931168,294.0,-1.8975983858108518,0.1407964775405353,26,True,Y,H
1R0R_E_I,1.9537141649665926,294.0,0.5802326202392578,0.1268986779085668,25,True,G,V
1R0R_E_I,5.39864608050352,294.0,-2.1981652975082397,0.1407964775405353,26,True,Y,D
1R0R_E_I,2.7839721713853685,294.0,-2.4776060581207275,0.0467938859016571,33,True,T,E
1R0R_E_I,0.8168397868436915,294.0,-1.2322437763214111,0.0467938859016571,33,True,T,S
1R0R_E_I,1.0650726341561103,294.0,-1.4425458908081055,0.0467938859016571,33,True,T,V
1R0R_E_I,-0.9729877231545464,294.0,2.5964200496673584,0.0016581872679639,29,True,A,V
1R0R_E_I,0.7761807510839234,294.0,-2.4631128311157227,0.0467938859016571,33,True,T,A
1R0R_E_I,2.8039480611016767,294.0,-0.8159313201904297,0.1037811255897523,37,True,L,K
1R0R_E_I,0.5183961183988048,294.0,3.1400322914123535,0.1037811255897523,37,True,L,A
1R0R_E_I,2.094509964836561,294.0,1.5194542407989498,0.1037811255897523,37,True,L,E
1R0R_E_I,0.6084567814519865,294.0,1.4120469093322754,0.1037811255897523,37,True,L,Q
3SGB_E_I,0.46977324178293234,294.0,-3.4812837690114975,0.0250097869308848,31,True,L,M
3SGB_E_I,1.3452573835146062,294.0,-4.847911104559898,0.1018269157506817,25,True,G,A
3SGB_E_I,0.009710548058064919,294.0,-1.9805102348327634,0.6419980330424889,8,False,N,S
3SGB_E_I,1.3862180463170675,294.0,-2.272106528282165,0.1374928185978418,25,True,Y,H
3SGB_E_I,2.8856940950213885,294.0,-5.4250247329473495,0.1018269157506817,25,True,G,V
3SGB_E_I,2.7782394099433976,294.0,-0.671048521995544,0.1374928185978418,25,True,Y,D
3SGB_E_I,4.398441706273075,294.0,-1.4194943904876707,0.1266801765746468,30,True,T,E
3SGB_E_I,2.5036454961526418,294.0,-1.582553148269653,0.1266801765746468,30,True,T,S
3SGB_E_I,1.9453995358331229,294.0,-1.0981795787811282,0.1266801765746468,30,True,T,V
3SGB_E_I,-0.6503992617717048,294.0,-4.959173619747162,0.0176306349083564,23,True,A,V
3SGB_E_I,3.18460496689653,294.0,-1.878352642059326,0.1266801765746468,30,True,T,A
3SGB_E_I,2.9153109315647128,294.0,-4.777762517333031,0.0250097869308848,31,True,L,A
3SGB_E_I,6.279381612926971,294.0,-4.906206712126732,0.0250097869308848,31,True,L,E
3SGB_E_I,2.451992467774858,294.0,-4.1309372037649155,0.0250097869308848,31,True,L,Q
1PPF_E_I,1.2095202466189285,294.0,-3.0440901070833206,0.0,32,True,L,M
1PPF_E_I,0.275928298516394,294.0,-4.328362479805946,0.0114737344188416,27,True,G,A
1PPF_E_I,2.4187638654588257,294.0,-2.3039214611053467,0.0859012912718916,28,True,Y,H
1PPF_E_I,2.50801365002181,294.0,-5.434720054268837,0.0114737344188416,27,True,G,V
1PPF_E_I,3.0315421984266657,294.0,-2.5850040912628174,0.1249658842029043,27,True,T,E
1PPF_E_I,1.5351835237369154,294.0,-2.01522159576416,0.1249658842029043,27,True,T,S
1PPF_E_I,1.5221710068077179,294.0,-0.911712646484375,0.1249658842029043,27,True,T,V
1PPF_E_I,0.18992614022230936,294.0,-1.8018838167190552,0.1372885258798276,17,True,A,V
1PPF_E_I,2.85411943535545,294.0,-2.9590470790863037,0.1249658842029043,27,True,T,A
1PPF_E_I,5.570955674280733,294.0,-3.721532896161079,0.0,32,True,L,K
1PPF_E_I,0.9494842128494403,294.0,-5.454372242093086,0.0,32,True,L,A
1PPF_E_I,6.9725983795461,294.0,-5.0223215371370316,0.0,32,True,L,E
1PPF_E_I,3.341789053328622,294.0,-4.316855743527412,0.0,32,True,L,Q
5F4E_A_B,0.28344587653172004,293.0,-1.0044286251068115,0.4698662491926889,13,True,E,A
5F4E_A_B,0.4084989365486279,293.0,-0.7071778774261475,0.4698662491926889,13,True,E,K
5F4E_A_B,0.10779930292446605,293.0,-1.563671588897705,0.3800329905960596,10,False,D,A
5F4E_A_B,-0.030385188954795674,293.0,-0.020025968551635742,0.0442583687096396,20,False,Q,A
5F4E_A_B,1.9901353582218497,293.0,-0.8324081897735596,0.027134753945918,22,True,H,A
5F4E_A_B,1.4646556504443715,293.0,-2.2827122211456308,0.0963542679266864,20,True,R,A
5F4E_A_B,2.1069760020538584,293.0,-2.0343868732452393,0.0963542679266864,20,True,R,E
5F4E_A_B,1.4241995776985283,293.0,-0.18149352073669434,0.106477896579081,19,True,E,A
5F4E_A_B,2.2473927675484067,293.0,0.553164005279541,0.106477896579081,19,True,E,K
5F4E_A_B,1.0546542005909838,293.0,-4.0291138887405396,0.0802057593461975,20,True,W,A
5F4E_A_B,2.9336654109516216,293.0,-2.266929388046264,0.0484754270074669,23,True,L,A
5F4E_A_B,0.2894796160687199,293.0,-1.574215173721314,0.3074003931187819,15,True,K,A
5F4E_A_B,0.4776215839412958,293.0,-1.367089271545411,0.3074003931187819,15,True,K,E
3SF4_A_D,2.3640481122406447,298.0,-0.7136218547821045,0.0521329433090969,29,False,R,E
3SF4_A_D,1.2252166036211798,298.0,-3.508908987045288,0.0031089282762198,28,True,N,R
3SF4_A_D,3.0724518685925455,298.0,-1.1892163753509521,0.0474802035351501,21,True,W,A
3SF4_A_D,1.9255930609643037,298.0,-2.682211399078369,0.0531824628471177,23,True,E,R
3SF4_A_D,0.41047252261649486,298.0,0.48974561691284135,0.082889920070965,24,True,K,D
4G2V_A_B,2.2360322281272476,298.0,-1.0013759136199951,0.0599032355796462,29,False,R,E
4G2V_A_B,0.22188846714466404,298.0,-1.484231948852539,0.2692734249345488,21,False,N,R
4WND_A_B,2.7945966819467185,298.0,-0.16488361358642578,0.0327156615974447,29,False,R,E
4WND_A_B,-0.020780611923196808,298.0,-3.605638563632965,0.0371230322932966,25,True,N,R
2VLR_ABC_DE,0.03518975765499894,298.0,-0.904352068901062,0.0041007376211507,29,True,A,S
1OGA_ABC_DE,1.5724963209895868,298.0,-1.3335181474685673,0.0540777978046683,22,True,D,A
1OGA_ABC_DE,2.1612792666649274,298.0,-0.7447012662887573,0.0540777978046683,22,True,D,S
1OGA_ABC_DE,2.1612792666649274,298.0,-5.28125125169754,0.0204258613947505,29,True,Q,A
1OGA_ABC_DE,2.1612792666649274,298.0,-4.184038937091827,0.0204258613947505,29,True,Q,E
1OGA_ABC_DE,2.1612792666649274,298.0,-2.198787212371827,0.0069441891824888,27,True,I,A
1OGA_ABC_DE,2.1612792666649274,298.0,-3.4515233039855957,0.0069441891824888,27,True,I,G
1OGA_ABC_DE,2.1612792666649274,298.0,-2.121753215789795,0.0069441891824888,27,True,I,N
1OGA_ABC_DE,0.2008790301083782,298.0,1.1240484118461607,0.0069441891824888,27,True,I,V
1OGA_ABC_DE,1.4179274121891516,298.0,-3.9088149070739746,0.0069441891824888,27,True,I,L
1OGA_ABC_DE,1.1291160731097332,298.0,-3.2472994327545166,0.3230377075651973,18,True,N,A
1OGA_ABC_DE,0.4952149350869382,298.0,-1.931612253189087,0.3230377075651973,18,True,N,D
1OGA_ABC_DE,0.13214263720953784,298.0,-0.9726748466491699,0.0803007745381001,19,True,D,A
1OGA_ABC_DE,0.4952149350869382,298.0,-0.19744932651519775,0.057566769630515,20,True,Q,A
1OGA_ABC_DE,0.0,298.0,-0.8543528318405156,0.057566769630515,20,True,Q,E
1OGA_ABC_DE,2.1612792666649274,298.0,1.0758368968963623,0.0299497773871027,24,True,R,A
1OGA_ABC_DE,2.1612792666649274,298.0,0.9806473255157475,0.0299497773871027,24,True,R,H
1OGA_ABC_DE,-0.03518975765499899,298.0,1.2394871711730961,0.0003563467909391,31,True,S,A
1OGA_ABC_DE,0.23246980892949848,298.0,2.940024852752685,0.0781457233635212,24,True,Y,A
1OGA_ABC_DE,0.4952149350869382,298.0,0.5872802734375,0.0781457233635212,24,True,Y,F
1OGA_ABC_DE,0.6273575722964763,298.0,0.4918667078018193,0.0472650627415428,22,True,S,A
1OGA_ABC_DE,1.037830094912971,298.0,-1.9901456832885742,0.0061018263127497,21,False,S,A
1OGA_ABC_DE,0.9754370017010705,298.0,-2.8394222855567937,0.0,25,False,Q,A
2VLR_ABC_DE,0.0,298.0,-0.904352068901062,0.0041007376211507,29,True,A,S
1OGA_ABC_DE,0.20038342453677893,298.0,1.1240484118461607,0.0069441891824888,27,True,I,V
1OGA_ABC_DE,1.1004039808824353,298.0,-3.2472994327545166,0.3230377075651973,18,True,N,A
1OGA_ABC_DE,0.10057662778246507,298.0,-0.9726748466491699,0.0803007745381001,19,True,D,A
1OGA_ABC_DE,0.5004655162978439,298.0,-0.19744932651519775,0.057566769630515,20,True,Q,A
1OGA_ABC_DE,0.0,298.0,-0.8543528318405156,0.057566769630515,20,True,Q,E
1OGA_ABC_DE,0.0,298.0,1.2394871711730961,0.0003563467909391,31,True,S,A
1OGA_ABC_DE,0.20038342453677893,298.0,2.940024852752685,0.0781457233635212,24,True,Y,A
1OGA_ABC_DE,0.5004655162978439,298.0,0.5872802734375,0.0781457233635212,24,True,Y,F
1OGA_ABC_DE,1.0008355365856763,298.0,-1.9901456832885742,0.0061018263127497,21,False,S,A
1OGA_ABC_DE,1.0008355365856763,298.0,-2.8394222855567937,0.0,25,False,Q,A
2P5E_ABC_DE,7.604239999698477,298.0,-3.4689401388168335,0.0090288115030457,22,True,Y,D
3QDG_ABC_DE,-1.5615691810545511,298.0,-2.67690110206604,0.0496931462772593,22,True,D,W
3QDG_ABC_DE,-1.7930349999055304,298.0,-1.1046900749206547,0.0496931462772593,22,True,D,Y
3QDG_ABC_DE,0.5962163487934321,298.0,-2.194120407104492,0.2976579260489913,17,True,R,W
3QDG_ABC_DE,-0.7026774908847261,298.0,-2.653264880180359,0.3165521610854856,21,True,L,W
3QDG_ABC_DE,0.9340854102125148,298.0,-1.0589637756347656,0.0151182166013525,31,True,F,W
3QDG_ABC_DE,-0.03863456757698408,298.0,-2.093440294265747,0.0700897161645035,27,True,T,F
3QDG_ABC_DE,0.8659428866659357,298.0,-1.133018255233765,0.0523561554929026,21,True,G,I
3QDG_ABC_DE,1.3879837354497295,298.0,0.4166193008422847,0.0523561554929026,21,True,G,L
3QDG_ABC_DE,1.5019038064968653,298.0,2.3240654468536377,0.0523561554929026,21,True,G,Y
3QDG_ABC_DE,0.13834360143784266,298.0,1.4653939008712769,0.2976579260489913,17,True,R,P
3QDG_ABC_DE,1.0914312838803704,298.0,-1.6321837902069096,0.0523561554929026,21,True,G,P
3QDG_ABC_DE,-0.06586633878599071,298.0,0.6258313655853271,0.2390491215069777,21,True,A,P
3QDG_ABC_DE,0.8513202505733042,298.0,1.4313461780548091,0.0523561554929026,21,True,G,N
3QDG_ABC_DE,1.393935410399337,298.0,-0.11690235137939453,0.0151182166013525,31,True,F,Y
3QDJ_ABC_DE,-2.170891163985253,298.0,-1.536975383758545,0.0441059461859888,21,True,D,W
3QDJ_ABC_DE,-1.3366379930169185,298.0,0.7965680360794067,0.0441059461859888,21,True,D,Y
3QDJ_ABC_DE,0.216701397430781,298.0,-2.0786111354827885,0.3265685583826719,17,True,R,W
3QDJ_ABC_DE,-0.8073309589262305,298.0,-2.198082685470581,0.2848685924281952,21,True,L,W
3QDJ_ABC_DE,0.38944593491705126,298.0,-0.9906978607177734,0.0075463161755541,31,True,F,W
3QDJ_ABC_DE,-0.27558191447686275,298.0,-1.538191318511963,0.0655867016718369,25,True,T,F
3QDJ_ABC_DE,-0.10522042516743402,298.0,-1.0544004440307617,0.1337269551864968,22,True,G,I
3QDJ_ABC_DE,0.655156448707122,298.0,0.009173870086669922,0.1337269551864968,22,True,G,L
3QDJ_ABC_DE,0.5562292461327921,298.0,1.8801162242889404,0.1337269551864968,22,True,G,Y
3QDJ_ABC_DE,0.039937827683676916,298.0,1.6228744983673091,0.3265685583826719,17,True,R,P
3QDJ_ABC_DE,1.224491328977184,298.0,-2.1240019798278817,0.1337269551864968,22,True,G,P
3QDJ_ABC_DE,0.20707213367772648,298.0,-0.4295530915260314,0.2609544776245511,20,True,A,P
3QDJ_ABC_DE,0.41047252261649486,298.0,1.0658631324768066,0.1337269551864968,22,True,G,N
3QDJ_ABC_DE,0.7781177132774562,298.0,-0.18966436386108398,0.0075463161755541,31,True,F,Y
4L3E_ABC_DE,1.3011671118471222,298.0,1.3096472024917603,0.1421721801258646,23,True,R,A
4L3E_ABC_DE,2.227332582247546,298.0,-1.8197276592254639,0.0904937567684565,28,True,Y,A
4L3E_ABC_DE,2.7835618283803383,298.0,-1.618422269821167,0.0159764802285845,22,True,Y,A
4L3E_ABC_DE,0.4677886628588045,298.0,-3.608271598815918,0.0608791197380387,23,True,Y,A
4L3E_ABC_DE,1.2584735016202362,298.0,-1.252917766571045,0.0402349651735726,25,True,Q,A
4L3E_ABC_DE,-0.4595398736163408,298.0,-2.355638027191162,0.4614650461985957,16,False,N,A
4L3E_ABC_DE,1.2169732743791315,298.0,0.12038874626159712,0.3102598156221082,18,True,E,A
1BD2_ABC_DE,2.8338690598053518,298.0,-0.9452574253082271,0.1269234801862029,23,False,E,A
1BD2_ABC_DE,2.7591382979896313,298.0,0.36009979248046875,0.1560099559979387,20,True,Y,A
1BD2_ABC_DE,1.3151015588177941,298.0,-0.13230299949645996,0.0010460071581796,22,True,E,A
1BD2_ABC_DE,2.498113857024653,298.0,-1.046574592590332,0.0872865687998944,22,True,R,A
1BD2_ABC_DE,1.9184703395216027,298.0,-2.2880783677101135,0.058881523459788,24,True,D,N
1BD2_ABC_DE,3.406004960249757,298.0,-2.102148652076721,0.0186972200413689,25,True,Y,A
1BD2_ABC_DE,1.954634011126284,298.0,-2.2880783677101135,0.058881523459788,24,True,D,N
1BD2_ABC_DE,0.7332821814721673,298.0,1.1231265664100647,0.0186972200413689,25,True,Y,F
1BD2_ABC_DE,0.2169757993043716,298.0,-2.250675678253174,0.0516494360754746,24,True,Y,A
1BD2_ABC_DE,0.5560745272102138,298.0,1.1231265664100647,0.0186972200413689,25,True,Y,F
1BD2_ABC_DE,0.23565848095646263,298.0,-2.250675678253174,0.0516494360754746,24,True,Y,A
1BD2_ABC_DE,3.2750348149063373,298.0,-2.102148652076721,0.0186972200413689,25,True,Y,A
1AO7_ABC_DE,0.9785620045877949,298.0,-3.6858139038085938,0.093780556212496,19,True,D,A
1AO7_ABC_DE,-0.7195202148617804,298.0,-0.11852765083312988,0.3610582291006635,14,True,E,A
1AO7_ABC_DE,0.5462668877767114,298.0,-0.23022127151489258,0.4004009625978984,19,True,R,A
1AO7_ABC_DE,0.4342159258245971,298.0,-0.23022127151489258,0.4004009625978984,19,True,R,A
1AO7_ABC_DE,-0.2634446970276926,298.0,-1.1967267990112305,0.2814570357357455,13,True,R,A
1AO7_ABC_DE,1.8328797823108636,298.0,-1.740506649017334,0.0778851349232763,27,True,Q,L
1AO7_ABC_DE,0.7006971264075582,298.0,0.8216390609741215,0.0290621038552058,23,True,L,A
1AO7_ABC_DE,1.5365247169015912,298.0,-1.740506649017334,0.0778851349232763,27,True,Q,L
1AO7_ABC_DE,1.4159561290117253,298.0,0.8216390609741215,0.0290621038552058,23,True,L,A
1AO7_ABC_DE,-0.1666487080391641,298.0,-3.3988354206085205,0.0778851349232763,27,True,Q,V
1AO7_ABC_DE,0.6991858418872311,298.0,0.8216390609741215,0.0290621038552058,23,True,L,A
1AO7_ABC_DE,-0.017504328751373425,298.0,-3.3988354206085205,0.0778851349232763,27,True,Q,V
1AO7_ABC_DE,3.243882046074349,298.0,-4.10055685043335,0.0279160963983568,25,False,Y,A
1AO7_ABC_DE,1.0225729163831998,298.0,-0.5680482387542725,0.0096315587423531,24,True,S,A
1AO7_ABC_DE,1.532135307877149,298.0,-0.3181774616241455,0.0274530586142813,28,True,Y,A
1AO7_ABC_DE,0.9823096514440827,298.0,-0.5680482387542725,0.0096315587423531,24,True,S,A
1AO7_ABC_DE,-0.12526998746652585,298.0,-0.12026429176330566,0.0274530586142813,28,True,Y,F
1AO7_ABC_DE,0.498223047489459,298.0,0.7838187217712402,0.1890489071888615,21,True,Y,A
1AO7_ABC_DE,0.4114997330610461,298.0,1.2600631713867183,0.0429774222316814,24,True,Q,A
1AO7_ABC_DE,0.4836156958029454,298.0,0.7838187217712402,0.1890489071888615,21,True,Y,A
1AO7_ABC_DE,-0.10440559488276825,298.0,1.2600631713867183,0.0429774222316814,24,True,Q,A
1AO7_ABC_DE,0.3547604625372952,298.0,0.6458463668823242,0.353989784278011,19,True,N,A
1AO7_ABC_DE,3.864988752345514,298.0,-0.37290287017822266,0.205784131794999,17,True,E,A
1AO7_ABC_DE,1.2916109733586065,298.0,-0.4966418743133545,0.1017373236334041,18,True,K,A
1AO7_ABC_DE,0.4890773594380172,298.0,-0.13169050216674805,0.0375656467858418,22,True,T,A
4FTV_ABC_DE,-1.5788639809748826,298.0,-1.5717909336090092,0.1017614709065901,19,True,K,A
4FTV_ABC_DE,0.36095734322650275,298.0,-0.8517158031463623,0.0203396935531201,22,True,T,A
1AO7_ABC_DE,1.1303754106242572,298.0,-0.4966418743133545,0.1017373236334041,18,True,K,A
1AO7_ABC_DE,2.603622987364594,298.0,-0.37290287017822266,0.205784131794999,17,True,E,A
1AO7_ABC_DE,0.9571858764649585,298.0,-0.31888294219970703,0.0,22,False,T,A
1AO7_ABC_DE,1.7594614944450164,298.0,-0.3181774616241455,0.0274530586142813,28,True,Y,A
1AO7_ABC_DE,1.9457840009431795,298.0,-2.09363853931427,0.0667629801208311,25,True,T,A
1AO7_ABC_DE,3.2282424931668787,298.0,0.1886391639709477,0.2714152030950879,19,True,R,A
4FTV_ABC_DE,1.0138102902792914,298.0,-1.3987653255462642,0.0061402444360746,23,True,D,A
4FTV_ABC_DE,3.8250035970555936,298.0,-0.1987133026123047,0.2470410047081997,20,True,R,A
4FTV_ABC_DE,0.779277221981459,298.0,-1.3987653255462642,0.0061402444360746,23,True,D,A
4FTV_ABC_DE,3.1870529392817692,298.0,-0.1987133026123047,0.2470410047081997,20,True,R,A
1AO7_ABC_DE,2.458419788464143,298.0,-1.770363688468933,0.0074548659887493,22,True,D,N
1AO7_ABC_DE,3.106450811673656,298.0,0.1886391639709477,0.2714152030950879,19,True,R,A
1AO7_ABC_DE,-0.47497680049866026,298.0,0.25523674488067627,0.0237356948080535,29,True,S,A
1AO7_ABC_DE,1.6331325209576173,298.0,-0.3181774616241455,0.0274530586142813,28,True,Y,A
1AO7_ABC_DE,2.2234744601442626,298.0,0.6729941368103027,0.158827828180256,22,True,W,A
1AO7_ABC_DE,1.1813022394855799,298.0,-1.54825758934021,0.0163844371886564,22,True,A,G
1AO7_ABC_DE,2.021243631750095,298.0,-1.4010243415832517,0.211203053689054,23,True,E,A
1AO7_ABC_DE,3.166114657147678,298.0,-1.5248432159423828,0.1509777403648269,20,True,Y,A
3D3V_ABC_DE,2.1136850376375076,298.0,-2.641978144645691,0.1528806742461614,22,True,E,A
3D3V_ABC_DE,3.4120593176270644,298.0,-0.7602875232696529,0.1348110391711235,19,True,Y,A
3D3V_ABC_DE,3.2293017504157437,298.0,-2.641978144645691,0.1528806742461614,22,True,E,A
3D3V_ABC_DE,0.9270599604033412,298.0,-1.0213716030120845,0.1348110391711235,19,True,Y,F
1AO7_ABC_DE,0.45294662660283197,298.0,-1.5968542098999023,0.009735846507292,26,False,R,A
1AO7_ABC_DE,1.634248866088412,298.0,-0.3181774616241455,0.0274530586142813,28,True,Y,A
1AO7_ABC_DE,0.20420994022383337,298.0,-1.5968542098999023,0.009735846507292,26,False,R,A
1AO7_ABC_DE,1.2205609389192116,298.0,-0.3181774616241455,0.0274530586142813,28,True,Y,A
1AO7_ABC_DE,0.48294119681598824,298.0,-1.5968542098999023,0.009735846507292,26,False,R,A
1AO7_ABC_DE,1.5613109306246664,298.0,-0.3181774616241455,0.0274530586142813,28,True,Y,A
1AO7_ABC_DE,0.4191685184191637,298.0,-1.5968542098999023,0.009735846507292,26,False,R,A
1AO7_ABC_DE,0.16948482494088682,298.0,-0.12026429176330566,0.0274530586142813,28,True,Y,F
3D3V_ABC_DE,2.6159944098140233,298.0,-3.4490756392478943,0.0022198257633577,19,True,L,A
3D3V_ABC_DE,3.4120593176270644,298.0,-0.7602875232696529,0.1348110391711235,19,True,Y,A
1AO7_ABC_DE,1.1487818054953514,298.0,-2.4225505292415614,0.0047702039434808,24,True,P,A
1AO7_ABC_DE,1.7453986089926976,298.0,-0.3181774616241455,0.0274530586142813,28,True,Y,A
1AO7_ABC_DE,1.1244128606103574,298.0,-2.4225505292415614,0.0047702039434808,24,True,P,A
1AO7_ABC_DE,1.382542172237591,298.0,-0.3181774616241455,0.0274530586142813,28,True,Y,A
1AO7_ABC_DE,1.197213556028091,298.0,-2.4225505292415614,0.0047702039434808,24,True,P,A
1AO7_ABC_DE,1.6312197716435202,298.0,-0.3181774616241455,0.0274530586142813,28,True,Y,A
1AO7_ABC_DE,1.1585000325673833,298.0,-2.4225505292415614,0.0047702039434808,24,True,P,A
1AO7_ABC_DE,0.42070052596503604,298.0,1.2600631713867183,0.0429774222316814,24,True,Q,A
1AO7_ABC_DE,0.779277221981459,298.0,-2.8561185598373413,0.0074548659887493,22,True,D,A
1AO7_ABC_DE,0.35650198418148416,298.0,0.38161253929138184,0.222726210119998,19,True,Q,A
1AO7_ABC_DE,0.0646663653808644,298.0,-1.6286306381225586,0.2698418510758668,20,True,R,A
1AO7_ABC_DE,1.7443110298572537,298.0,-0.3181774616241455,0.0274530586142813,28,True,Y,A
5E9D_AB_CDE,-0.4791424187803485,298.0,0.9000639915466309,0.3480834622093805,13,False,G,E
5E9D_AB_CDE,-0.5736732635769858,298.0,3.1186879873275757,0.0728829010057873,22,False,T,Q
5E9D_AB_CDE,-0.4324894328442497,298.0,1.5579280853271484,0.4425343773871452,15,False,V,D
5E9D_AB_CDE,-0.8994033737230375,298.0,-0.40257930755615234,0.3917944481181018,17,True,A,Y
5E9D_AB_CDE,-0.3489445671374282,298.0,-2.0317524075508118,0.0312958635107327,22,True,Y,W
5E9D_AB_CDE,0.27507908123547686,298.0,0.7736403942108152,0.5979142292667214,10,False,N,G
5E9D_AB_CDE,-0.03563099653451402,298.0,-0.6917874813079834,0.1731174020917241,17,True,S,G
5E9D_AB_CDE,0.18740400857294798,298.0,-0.5514776706695561,0.4522793433020233,12,False,K,Q
1AO7_ABC_DE,-0.30870509074727137,298.0,-1.458268165588379,0.2572271141810967,20,True,A,M
1AO7_ABC_DE,-0.34072297861885736,298.0,-2.6437741816043854,0.0140463450229562,25,True,G,S
4FTV_ABC_DE,0.056441418262292826,298.0,0.8005824089050293,0.2622515401069744,21,True,Q,E
4FTV_ABC_DE,0.41047252261649486,298.0,0.36620664596557617,0.2622515401069744,21,True,Q,R
1AO7_ABC_DE,0.15835614945876422,277.0,-0.12026429176330566,0.0274530586142813,28,True,Y,F
3QFJ_ABC_DE,-0.15835614945876425,277.0,-0.5535411834716796,0.0633317883555219,29,True,F,Y
4JFF_ABC_DE,7.319559526108369,298.0,1.4883918762207031,0.0098526983413876,25,True,E,A
4JFF_ABC_DE,6.515296898776146,298.0,-3.158293455839157,0.0422124982366205,26,True,G,A
4JFF_ABC_DE,6.592312628080679,298.0,-5.342131122946739,0.00617604611673,26,False,G,A
4JFF_ABC_DE,6.426746198757867,298.0,-3.4372200965881348,0.0,25,True,I,A
4JFF_ABC_DE,6.196110354356413,298.0,-1.0114996433258057,0.0252643910099856,21,True,L,A
4JFF_ABC_DE,6.53152220613874,298.0,0.4337196350097656,0.0391572333998921,21,True,T,A
4JFD_ABC_DE,-6.515296898776146,298.0,1.6058772802352905,0.0218531252656766,25,True,A,G
4JFE_ABC_DE,-6.426746198757867,298.0,2.5417577028274536,0.0305176037889631,25,True,A,I
3QDJ_ABC_DE,2.2989693605807195,298.0,2.1817874908447266,0.0008265856461058,28,False,A,L
3PWP_ABC_DE,-0.6339011380227949,298.0,4.137130856513977,0.032644418894187,28,False,G,L
1AO7_ABC_DE,1.0035170016265142,298.0,-4.445711314678192,0.0287366956822372,18,True,A,P
3H9S_ABC_DE,0.16309530400253425,298.0,2.1270053386688232,0.7621873040146632,7,False,A,P
2OI9_AQ_BC,3.0993740806346493,298.0,-1.1358478069305424,0.0867555807365579,22,True,F,R
2E7L_EQ_AD,3.0585174216218736,298.0,1.443432331085205,0.0346166871306763,22,True,F,R
1BD2_ABC_DE,0.9298266052320494,298.0,1.1231265664100647,0.0186972200413689,25,True,Y,F
1BD2_ABC_DE,1.92771179908418,298.0,-1.8263875246047974,0.0186972200413689,25,True,Y,W
1BD2_ABC_DE,0.4708883629971625,298.0,-2.250675678253174,0.0516494360754746,24,True,Y,A
1AO7_ABC_DE,0.13267350830990435,298.0,-0.12026429176330566,0.0274530586142813,28,True,Y,F
1AO7_ABC_DE,1.595650528763872,298.0,-0.3181774616241455,0.0274530586142813,28,True,Y,A
1AO7_ABC_DE,0.888625554578018,298.0,0.000400543212890625,0.0274530586142813,28,True,Y,W
1AO7_ABC_DE,0.532437119339561,298.0,-0.5680482387542725,0.0096315587423531,24,True,S,A
1LP9_ABC_EF,-0.4041389149398139,298.0,0.3169809579849243,0.0,23,True,T,A
1LP9_ABC_EF,0.29867118968923534,298.0,0.7506849765777588,0.1648757812453938,19,True,W,A
1LP9_ABC_EF,0.7280650238858392,298.0,-4.872893422842026,0.0188245163429186,25,True,K,A
2UWE_ABC_EF,0.40413891493981396,298.0,-3.035845458507538,0.0006230714710073,22,True,A,T
2JCC_ABC_EF,-0.29867118968923523,298.0,-2.2431461811065674,0.0802591179118104,19,False,A,W
2J8U_ABC_EF,-0.728065023885839,298.0,-3.4902271032333374,0.0,23,True,A,K
1LP9_ABC_EF,1.152342056736818,298.0,-4.872893422842026,0.0188245163429186,25,True,K,A
2J8U_ABC_EF,-1.152342056736818,298.0,-3.4902271032333374,0.0,23,True,A,K
1AO7_ABC_DE,2.9335391804775357,298.0,-1.89332914352417,0.0198945610741784,26,True,K,A
1AO7_ABC_DE,1.2248740021231659,298.0,-4.435398280620575,0.0346739762733682,20,True,V,R
1QSE_ABC_DE,-1.2248740021231659,298.0,-1.91875422000885,0.0575376159670105,21,True,R,V
1MI5_ABC_DE,0.10001946234811106,298.0,0.02002024650573686,0.4704261238996056,11,False,S,A
1MI5_ABC_DE,0.2602923486704625,298.0,-0.15919971466064453,0.7374227368508095,11,False,T,A
1MI5_ABC_DE,-0.03916710958481565,298.0,-0.7680158615112302,0.161517516434111,21,True,S,A
1MI5_ABC_DE,0.5873124986178563,298.0,-3.3504918813705444,0.0647981244567345,22,True,T,A
1MI5_ABC_DE,1.2314175678494845,298.0,-5.528903715312481,0.0175277122084244,21,False,D,A
1MI5_ABC_DE,0.4494311457967245,298.0,0.04978370666503906,0.0100517664012429,24,True,Y,A
1MI5_ABC_DE,1.2314175678494845,298.0,0.7754871845245361,0.0458182472170339,23,False,H,A
1MI5_ABC_DE,1.11677925939132,298.0,0.27468442916870117,0.0640113525166194,19,True,H,A
1MI5_ABC_DE,1.2314175678494845,298.0,-3.6704927682876587,0.0049007530367993,20,True,L,A
1MI5_ABC_DE,-0.558215710930717,298.0,-0.19399595260620117,0.3138513847193288,18,True,T,A
1MI5_ABC_DE,0.4817991292580521,298.0,0.26154637336730957,0.395488695885133,11,True,S,A
1MI5_ABC_DE,-0.01925980068495224,298.0,-0.38218188285827637,0.4899210079698155,11,False,N,A
1MI5_ABC_DE,1.2314175678494845,298.0,-4.6864805072546005,0.0287226467615182,20,False,P,A
1MI5_ABC_DE,1.2314175678494845,298.0,-0.5930590629577637,0.0184038583799355,26,True,L,A
1MI5_ABC_DE,0.6080325132861728,298.0,-1.2432265281677246,0.3369278230764636,23,False,A,G
1MI5_ABC_DE,0.7637925762475256,298.0,-2.8105608224868774,0.0535093843791749,17,True,G,A
1MI5_ABC_DE,1.2314175678494845,298.0,-5.578092038631439,0.0287723120486904,27,True,G,A
1MI5_ABC_DE,0.9425723885647485,298.0,-2.439098119735718,0.2364531585568865,15,True,T,A
1MI5_ABC_DE,0.8268374985541865,298.0,-1.0961461067199707,0.0886142934352134,22,True,S,A
1MI5_ABC_DE,1.2314175678494845,298.0,-0.24267959594726562,0.0570837402751351,27,True,Y,A
1MI5_ABC_DE,1.2314175678494845,298.0,-5.5875447541475305,0.031266691697851,27,False,G,A
1MI5_ABC_DE,1.2314175678494845,298.0,-0.9485356807708742,0.2053583676567515,21,False,K,A
1MI5_ABC_DE,0.032267177150283204,298.0,0.06073713302612305,0.7120698143549525,7,False,S,A
1MI5_ABC_DE,-0.2892310943670156,298.0,-5.024406358599663,0.6844432162862568,8,False,G,A
1MI5_ABC_DE,0.2929525214995884,298.0,0.0016739368438720703,0.1281123449010431,21,True,V,A
1MI5_ABC_DE,1.06342010033341,298.0,0.573340892791748,0.0,24,False,S,A
1MI5_ABC_DE,-0.0703420269613176,298.0,-0.4970297813415523,0.0414068873538897,22,True,Q,A
1MI5_ABC_DE,-0.4326760907857468,298.0,-0.10133695602416948,0.0940823086665206,18,True,N,A
1MI5_ABC_DE,0.81857154837707,298.0,0.9860143661499023,0.3413471544070367,14,True,E,A
1MI5_ABC_DE,0.30155586903404175,298.0,-3.3540312200784683,0.0,25,False,S,A
1MI5_ABC_DE,-0.6116249327433313,298.0,1.0184438228607178,0.0006278720402238,21,False,S,A
1MI5_ABC_DE,0.1158120428571045,298.0,-0.049352169036865234,0.4419371807134071,21,True,L,A
1MI5_ABC_DE,1.2314175678494845,298.0,-1.7569785118103032,0.0,23,True,G,A
1MI5_ABC_DE,1.2314175678494845,298.0,1.406104564666748,0.0013019079472485,29,True,Q,A
1MI5_ABC_DE,1.2314175678494845,298.0,-3.2897788882255554,0.0466852486851091,26,True,A,G
1MI5_ABC_DE,1.2314175678494845,298.0,2.275849461555481,0.0766602340691891,21,True,Y,A
1MI5_ABC_DE,0.11969524806875136,298.0,-1.142324686050415,0.279055666447891,18,False,E,A
1MI5_ABC_DE,1.2314175678494845,298.0,0.1598660945892334,0.0131924659933449,28,False,Q,A
1MI5_ABC_DE,0.2602923486704625,298.0,1.1735224723815918,0.3749037732705052,19,False,Y,A
2AK4_ABC_DE,-0.12662655380057075,298.0,0.13203835487365678,0.0716770083645519,21,True,T,A
2AK4_ABC_DE,0.09892720257432983,298.0,-0.20632576942443848,0.0081343705367852,23,False,Y,A
2AK4_ABC_DE,1.403360330923035,298.0,-1.1303908824920654,0.0097721689666497,18,True,N,A
2AK4_ABC_DE,1.403360330923035,298.0,-1.1665724515914917,0.0,23,False,S,A
2AK4_ABC_DE,1.403360330923035,298.0,-3.3421157598495483,0.0313066731172758,23,True,Y,A
2AK4_ABC_DE,1.403360330923035,298.0,2.4292708039283752,0.0056771109850107,24,True,N,A
2AK4_ABC_DE,0.2086792948179881,298.0,-2.123095750808716,0.3461546472487268,16,True,N,A
2AK4_ABC_DE,0.822526318997111,298.0,-3.6466634273529053,0.0043230502237239,25,True,N,A
2AK4_ABC_DE,1.403360330923035,298.0,-3.0723109245300293,0.0,26,True,S,G
2AK4_ABC_DE,-0.31423097849018977,298.0,-0.2372922897338865,0.0955344399071084,19,True,S,A
2AK4_ABC_DE,-0.04266901443746729,298.0,0.47290825843811035,0.4137453016776726,14,False,N,A
2AK4_ABC_DE,0.8381110782466282,298.0,0.1648919582366939,0.1910768088485855,21,True,L,A
2AK4_ABC_DE,0.04861696375929486,298.0,-0.8908839225769043,0.5661125145618865,10,True,E,A
2AK4_ABC_DE,-0.25778956022789695,298.0,0.8774077892303467,0.1474507198876045,21,True,Q,A
2AK4_ABC_DE,-0.34177951176762106,298.0,3.3431087732315063,0.1434921858037297,19,True,T,A
2AK4_ABC_DE,0.23905450015830262,298.0,0.47548747062683105,0.4842403601682309,17,False,Q,A
2AK4_ABC_DE,1.3667185414670637,298.0,-2.98321795463562,0.3436529212274086,16,True,R,A
2AK4_ABC_DE,0.2348094162249612,298.0,-0.4581370353698728,0.1703675878514692,18,True,E,A
2AK4_ABC_DE,0.9291772803515007,298.0,-1.1362628936767587,0.0692876513254194,23,True,Q,A
2AK4_ABC_DE,1.403360330923035,298.0,-4.230437129735947,0.2355437842570769,21,True,R,A
2AK4_ABC_DE,0.873197297712221,298.0,-2.755339026451111,0.0,26,True,A,G
2AK4_ABC_DE,0.46489528457313856,298.0,-1.1234288215637211,0.2908772669202009,19,True,E,A
2AK4_ABC_DE,0.14031953477858408,298.0,-0.4235527515411377,0.189539326891791,21,True,L,A
2AK4_ABC_DE,1.0959006384745251,298.0,-4.12470942735672,0.026344376511513,22,True,P,A
2AK4_ABC_DE,1.403360330923035,298.0,-2.800771117210388,0.0062728180578216,26,True,L,A
2AK4_ABC_DE,1.403360330923035,298.0,-5.16999377310276,0.0653921645792352,25,True,P,A
2AK4_ABC_DE,1.403360330923035,298.0,1.333360195159912,0.027708024315314,28,True,Q,A
2AK4_ABC_DE,0.06586633878599066,298.0,1.573469877243042,0.3678408862977361,18,True,Q,A
2AK4_ABC_DE,0.5134055127727465,298.0,-2.711464285850525,0.1777941852647871,21,False,L,A
1AO7_ABC_DE,2.6797201853789505,298.0,0.1886391639709477,0.2714152030950879,19,True,R,A
1AO7_ABC_DE,1.790082129297087,298.0,-1.89332914352417,0.0198945610741784,26,True,K,A
1AO7_ABC_DE,1.3952354914325944,298.0,-1.54825758934021,0.0163844371886564,22,True,A,G
1AO7_ABC_DE,0.7258507794883912,298.0,-0.13169050216674805,0.0375656467858418,22,True,T,A
1AO7_ABC_DE,0.8767945727185714,298.0,-0.37290287017822266,0.205784131794999,17,True,E,A
1AO7_ABC_DE,1.1996707656648482,298.0,-0.5387492179870605,0.0496988022781582,18,True,W,A
2BNR_ABC_DE,0.08276515963921063,298.0,-2.490868210792541,0.2409936818380986,15,True,Q,A
2BNR_ABC_DE,0.0,298.0,-0.06834495067596436,0.5463416340333962,11,False,E,A
2BNR_ABC_DE,-0.08974582993512607,298.0,-0.705855131149292,0.2719802436206183,15,False,D,A
2BNR_ABC_DE,0.33456097275856783,298.0,-3.3952952325344086,0.0298845398620112,23,False,E,A
2BNR_ABC_DE,0.27134921511104143,298.0,-5.153194963932037,0.0275806118304771,21,False,T,A
2BNR_ABC_DE,1.8055634195732642,298.0,-1.3221582174301147,0.1517120499846521,25,True,R,A
2BNR_ABC_DE,1.6885781242920541,298.0,-2.8723744153976436,0.0421557444226159,26,True,K,A
2BNR_ABC_DE,0.3926257369439143,298.0,0.5140371322631836,0.0,27,False,V,A
2BNR_ABC_DE,0.005525887742918456,298.0,-1.6215323209762573,0.0838827339987542,27,True,K,A
2BNR_ABC_DE,1.8543791500946027,298.0,-2.4795904755592346,0.0,26,True,A,G
2BNR_ABC_DE,1.694957216562851,298.0,0.3436925411224361,0.0,26,False,H,A
2BNR_ABC_DE,-0.09624154412630512,298.0,0.9045621156692505,0.0275845647840652,27,True,Q,A
2BNR_ABC_DE,1.2844846939463561,298.0,-2.249809503555298,0.0,25,True,T,A
2BNR_ABC_DE,0.9748884266986177,298.0,-0.361000537872314,0.004128000082338,25,False,H,A
2BNR_ABC_DE,0.5306513857981187,298.0,0.17843842506408691,0.2883498600624979,22,True,R,A
2BNR_ABC_DE,0.6717894365708152,298.0,-2.149484634399414,0.0927921528549497,17,True,V,A
2BNR_ABC_DE,0.5351661726430766,298.0,-2.1653764247894287,0.2014650191376951,17,False,T,A
2BNR_ABC_DE,0.6240915557948936,298.0,-1.9135234355926514,0.2777755419339662,15,True,K,A
2BNR_ABC_DE,0.01822256616240215,298.0,-2.316619634628296,0.5430183237340911,10,False,A,G
2BNR_ABC_DE,0.7365584072837913,298.0,-2.1189041137695312,0.0447331243942207,18,True,A,G
2BNR_ABC_DE,0.532913081759777,298.0,-1.7669403553009038,0.2575814360133145,16,True,H,A
2BNR_ABC_DE,0.9029050563147228,298.0,-0.2052440643310547,0.108389400007753,23,False,V,A
2BNR_ABC_DE,0.01822256616240215,298.0,0.5941259860992429,0.3717023660933842,14,True,E,A
2BNR_ABC_DE,0.23266204612410993,298.0,-0.5609583854675293,0.1310966060984679,22,True,Q,A
2BNR_ABC_DE,0.45844188403832087,298.0,-0.809546709060669,0.2048060586290233,18,True,T,A
1AO7_ABC_DE,0.028892884984861613,298.0,-2.88743257522583,0.3471563354930625,13,False,Q,A
1AO7_ABC_DE,0.8552606308823534,298.0,-0.44779229164123535,0.1239451970694647,18,False,E,A
1AO7_ABC_DE,-0.25510390177987213,298.0,-0.11852765083312988,0.3610582291006635,14,True,E,A
1AO7_ABC_DE,0.37938853601526557,298.0,-0.25137877464294434,0.3872022514081448,16,False,D,A
1AO7_ABC_DE,0.15846637858645554,298.0,-2.42773300409317,0.0102491645318238,25,False,E,A
1AO7_ABC_DE,-0.0760071795186598,298.0,-5.505337953567505,0.0688965166210869,17,False,T,A
1AO7_ABC_DE,3.1541818794532324,298.0,0.1886391639709477,0.2714152030950879,19,True,R,A
1AO7_ABC_DE,3.1541818794532324,298.0,-1.89332914352417,0.0198945610741784,26,True,K,A
1AO7_ABC_DE,-0.5579532260193685,298.0,-0.35389113426208496,0.0,22,False,V,A
1AO7_ABC_DE,0.19345804737096717,298.0,-0.819011926651001,0.2893640000090577,16,False,K,A
1AO7_ABC_DE,1.5220265836454783,298.0,-1.54825758934021,0.0163844371886564,22,True,A,G
1AO7_ABC_DE,3.1541818794532324,298.0,-1.3639507293701172,0.0027885705020113,22,False,H,A
1AO7_ABC_DE,0.017242935380190397,298.0,0.38161253929138184,0.222726210119998,19,True,Q,A
1AO7_ABC_DE,0.7663513247966592,298.0,-0.48010540008544966,0.0,22,False,T,A
1AO7_ABC_DE,1.6036712383660887,298.0,0.03955793380737305,0.0044905291557663,22,False,H,A
1AO7_ABC_DE,0.5344843226278502,298.0,0.739317774772644,0.4334557113094876,17,False,R,A
1AO7_ABC_DE,0.5966044558566739,298.0,1.6653699874877934,0.2970175152534233,14,False,V,A
1AO7_ABC_DE,0.07570121894724499,298.0,-1.7705414295196533,0.2183733646684373,16,False,T,A
1AO7_ABC_DE,0.46199950045173016,298.0,-0.8701596260070801,0.3663382861267623,15,False,K,A
1AO7_ABC_DE,-0.1544272542912561,298.0,-2.3636753559112553,0.5358041078322393,10,True,A,G
1AO7_ABC_DE,0.06192184817940432,298.0,-3.169994533061981,0.0287366956822372,18,True,A,G
1AO7_ABC_DE,-0.3025041265189667,298.0,-1.31028151512146,0.4021167363425823,15,True,H,A
1AO7_ABC_DE,-0.19416199315892296,298.0,-1.1753613948822017,0.0305702748301422,22,False,V,A
1AO7_ABC_DE,0.361387555139939,298.0,-0.0727224349975586,0.3549514786728109,15,True,E,A
1AO7_ABC_DE,0.19829225113740476,298.0,1.2600631713867183,0.0429774222316814,24,True,Q,A
1AO7_ABC_DE,0.3118511226168923,298.0,-4.186128914356232,0.1261628058697134,23,True,A,G
1AO7_ABC_DE,0.5290010735192735,298.0,-0.13169050216674805,0.0375656467858418,22,True,T,A
1AO7_ABC_DE,1.4509882759774906,298.0,-0.37290287017822266,0.205784131794999,17,True,E,A
1AO7_ABC_DE,1.425482053238427,298.0,-0.5387492179870605,0.0496988022781582,18,True,W,A
1AO7_ABC_DE,0.11020728977687118,298.0,-1.1967267990112305,0.2814570357357455,13,True,R,A
1OGA_ABC_DE,-0.02394150907018536,298.0,-4.036551654338837,0.3011525435204085,13,False,Q,A
1OGA_ABC_DE,0.1126057469120437,298.0,-0.17514419555664062,0.7079617646391785,8,False,E,A
1OGA_ABC_DE,0.11812305395969852,298.0,-0.3332990407943728,0.377775396301472,12,False,D,A
1OGA_ABC_DE,-0.018152736945553357,298.0,-3.0763529539108276,0.0165880151622986,23,False,E,A
1OGA_ABC_DE,0.18634516179248786,298.0,-5.3983123153448105,0.0498961131693755,16,False,T,A
1OGA_ABC_DE,-0.36531119155674324,298.0,0.634493350982666,0.3462857444630378,18,True,R,A
1OGA_ABC_DE,-0.02394150907018536,298.0,-0.4630429744720459,0.0929343590229173,23,True,K,A
1OGA_ABC_DE,-0.13916747252563283,298.0,0.6498724222183228,0.0,24,False,V,A
1OGA_ABC_DE,0.24824864218377343,298.0,-1.2553774118423457,0.2996238097527934,23,False,K,A
1OGA_ABC_DE,0.42699973499342664,298.0,-2.6374709606170654,0.01190981326405,25,True,A,G
1OGA_ABC_DE,0.5175090748194628,298.0,-1.488328218460083,8.926045405188722e-05,22,False,H,A
1OGA_ABC_DE,-0.4593644022319368,298.0,0.9843577146530151,0.1479792447319918,24,True,Q,A
1OGA_ABC_DE,0.8482395846515841,298.0,-0.4685530662536621,0.0018830951234285,27,True,T,A
1OGA_ABC_DE,0.604113711066021,298.0,-2.0308215618133545,0.0074689407080082,25,False,H,A
1OGA_ABC_DE,0.7107377554561187,298.0,0.8316274881362913,0.2751596663376665,21,True,R,A
1OGA_ABC_DE,0.8717732776505183,298.0,-0.7746493816375732,0.2474712089150814,20,True,V,A
1OGA_ABC_DE,0.1952503923549696,298.0,-1.8535301685333252,0.2084885196998201,16,False,T,A
1OGA_ABC_DE,1.9302602125826303,298.0,-1.4791374206542969,0.3474935480100216,15,False,K,A
1OGA_ABC_DE,0.12268186533287939,298.0,-1.9766087532043457,0.5622603370529239,11,True,A,G
1OGA_ABC_DE,0.4483421050673344,298.0,-1.039750576019287,0.0585283991113022,21,True,A,G
1OGA_ABC_DE,0.0,298.0,-1.6240943670272827,0.2224157128931626,19,True,H,A
1OGA_ABC_DE,1.392984914662296,298.0,-3.2245751619338994,8.804501065769115e-05,22,True,V,A
1OGA_ABC_DE,0.612116355456516,298.0,0.2628573179244993,0.2420616251241292,17,True,E,A
1OGA_ABC_DE,0.4888492883114545,298.0,0.5420932769775391,0.0446156253311769,24,True,Q,A
1OGA_ABC_DE,0.13258940197821986,298.0,-1.0697932243347168,0.3829339378484542,19,True,A,G
1OGA_ABC_DE,0.3214170053345446,298.0,-0.43256688117980957,0.330453723889262,16,False,T,A
2BNR_ABC_DE,-0.5017585008132571,298.0,1.7883050441741943,0.0015124547059358,24,False,C,V
2BNQ_ABC_DE,0.5017585008132571,298.0,-2.439974069595337,0.0,23,False,V,C
4MNQ_ABC_DE,4.933426404666148,298.0,0.14677739143371582,0.0182510972037124,26,True,K,A
4MNQ_ABC_DE,4.14712203343936,298.0,-0.8872504234313965,0.0253920310462841,24,True,L,A
1AO7_ABC_DE,0.21121814832220456,298.0,-4.283447742462158,0.093780556212496,19,True,D,M
1AO7_ABC_DE,1.3635602050590228,298.0,-4.286590099334717,0.093780556212496,19,True,D,V
1AO7_ABC_DE,-1.0799664034563525,298.0,-4.285081386566162,0.093780556212496,19,True,D,W
1AO7_ABC_DE,-0.1992543742942903,298.0,-2.0385942459106445,0.4004009625978984,19,True,R,F
1AO7_ABC_DE,0.5426151598260328,298.0,0.13251876831054688,0.0883953607218683,21,True,G,A
1AO7_ABC_DE,-0.2794589356494454,298.0,-0.9510016441345215,0.0883953607218683,21,True,G,I
1AO7_ABC_DE,-0.4666320143451124,298.0,1.0748426914215088,0.0883953607218683,21,True,G,L
1AO7_ABC_DE,-0.5184409187140231,298.0,0.3033466339111328,0.0883953607218683,21,True,G,M
1AO7_ABC_DE,2.3166478875015506,298.0,0.5898883342742924,0.0883953607218683,21,True,G,R
1AO7_ABC_DE,-0.7588904411259324,298.0,0.3985440731048584,0.0883953607218683,21,True,G,T
1AO7_ABC_DE,0.5426151598260328,298.0,-1.502185344696045,0.0883953607218683,21,True,G,V
1AO7_ABC_DE,0.3025041265189667,298.0,1.3894983530044556,0.005228713819401,23,False,S,A
1AO7_ABC_DE,0.7129766491354615,298.0,-1.6747198104858398,0.0778851349232763,27,True,Q,N
1AO7_ABC_DE,0.41047252261649486,298.0,-0.3926849365234375,0.0778851349232763,27,True,Q,E
1AO7_ABC_DE,-0.37756479735313625,298.0,-1.8266801834106445,0.4090509527000883,16,True,S,M
1AO7_ABC_DE,0.9530876824425276,298.0,0.1469111442565918,0.1017373236334041,18,True,K,H
1AO7_ABC_DE,0.0,298.0,0.25523674488067627,0.0237356948080535,29,True,S,A
1AO7_ABC_DE,1.9061753648850557,298.0,-0.13981246948242188,0.0237356948080535,29,True,S,N
1AO7_ABC_DE,-0.49326588229251156,298.0,-0.36235904693603516,0.0237356948080535,29,True,S,T
1AO7_ABC_DE,2.3166478875015506,298.0,-2.552313804626465,0.0237356948080535,29,True,S,Y
1AO7_ABC_DE,1.3635602050590228,298.0,-1.0273160934448242,0.4874030127962424,13,False,I,R
1AO7_ABC_DE,-0.3119793154245799,298.0,-1.458268165588379,0.2572271141810967,20,True,A,M
1AO7_ABC_DE,0.06154650740252809,298.0,0.1782636642456059,0.2572271141810967,20,True,A,K
1AO7_ABC_DE,-0.3119793154245799,298.0,-2.6437741816043854,0.0140463450229562,25,True,G,S
1AO7_ABC_DE,-1.0905414464885976,298.0,1.768938660621643,0.0008952120524022,21,True,G,A
1AO7_ABC_DE,0.41047252261649486,298.0,-0.5515685081481934,0.2698418510758668,20,True,R,Q
1AO7_ABC_DE,0.3078633185048941,298.0,1.4193875789642334,0.4004009625978984,19,True,R,P
1AO7_ABC_DE,-0.2676595665844974,298.0,-1.1286733150482178,0.3654522019371717,15,False,K,P
1AO7_ABC_DE,-0.3253713178461938,298.0,0.7188428640365601,0.4257478701041434,13,False,A,P
1AO7_ABC_DE,0.4495319521077689,298.0,-3.5899863243103027,0.0008952120524022,21,True,G,P
1AO7_ABC_DE,-1.9408160388912583,298.0,-2.39022159576416,0.2698418510758668,20,True,R,P
1YY9_CD_A,0.030827083784827604,298.0,-5.399838835000992,0.0027066277581941,23,False,L,P
1YY9_CD_A,1.4782708372438038,298.0,-3.347365379333496,0.0480847022571265,25,True,W,P
1YY9_CD_A,0.8175449210244312,298.0,1.5213086605072021,0.097328417608253,21,True,S,P
1YY9_CD_A,0.26807037941595707,298.0,-3.5948349237442017,0.2036312431014793,22,True,G,P
1YY9_CD_A,1.0372270534425285,298.0,-0.7964717745780945,0.0399269362764723,21,False,A,P
1YY9_CD_A,1.6514190925092371,298.0,1.5064363479614258,0.1440010254168265,19,True,Y,P
1YY9_CD_A,0.07225562760573792,298.0,-4.5137553215026855,0.0262311573145028,24,False,A,P
1YY9_CD_A,-0.00911074389884931,298.0,-5.414773136377335,0.4503810261889313,13,False,S,P
1YY9_CD_A,-0.2222995651638116,298.0,1.469757080078125,0.5328867089812158,12,False,S,P
1YY9_CD_A,-0.018363848919317107,298.0,1.5544317960739136,0.6159829828679206,13,False,S,P
1YY9_CD_A,4.003149796505622,298.0,1.813844382762909,0.0216803194212445,27,False,T,P
3BX1_A_C,0.41047252261649486,298.0,-4.639533951878548,0.0031890947981835,27,False,F,V
3BX1_A_C,0.35534561471148896,298.0,-1.2505450248718262,0.0680572998925736,22,True,R,G
3BX1_A_C,1.8364258208874178,298.0,-4.2214061468839645,0.0,25,True,A,T
3BX1_A_C,1.7812266906915974,298.0,-5.246244013309479,0.0,31,True,Y,I
3BX1_A_C,1.2982354886678278,298.0,-4.71395069360733,0.0,31,True,Y,A
3BX1_A_C,2.837278038552877,298.0,-4.574643790721893,0.0166152580344624,29,True,T,V
3BX1_A_C,0.17036148930942874,298.0,-1.6964774131774907,0.0892831463776704,30,True,T,A
3SZK_AB_C,0.11883571623644369,283.0,-2.7373728156089783,0.6007089346312346,6,False,N,A
3SZK_AB_C,0.8849060765197826,283.0,-3.688556432723999,0.301683918505106,14,False,T,A
3SZK_AB_C,0.7276735278675821,283.0,1.3304834365844724,0.1443398944496043,24,False,Q,A
3SZK_AB_C,2.7573950923733994,283.0,-2.5178080797195435,0.2354245954236347,23,True,Y,A
3SZK_AB_C,2.8309533180259474,283.0,-3.145550847053528,0.0264787606406442,24,True,Y,A
3SZK_AB_C,2.4078556082567055,283.0,-0.1819913387298584,0.0,22,False,H,A
3SZK_AB_C,2.1066916021524027,283.0,2.9713313579559326,0.3941009853370757,19,True,F,A
3SZK_AB_C,2.0892398074152148,283.0,-2.163662552833557,0.0377711817503261,22,True,F,A
3SZK_AB_C,0.19393091638706325,283.0,-0.10569047927856445,0.0169063915999511,25,True,N,A
3SZK_AB_C,1.4373601088322667,283.0,-3.117725759744644,0.2256191421796244,21,True,S,A
3SZK_AB_C,1.3946948326973583,283.0,-1.6179325580596926,0.017006828779726,26,True,T,A
3SZK_AB_C,0.6394686753801874,283.0,-0.7927472591400142,0.5668923039976999,9,False,D,A
3SZK_AB_C,0.6602998945863776,283.0,-1.8653200864791872,0.7594154783371293,6,False,D,A
3SZK_AB_C,0.3557171629460174,283.0,-4.171066001057625,0.3753344880446345,14,False,G,A
3SZK_AB_C,0.7959242790060264,283.0,0.1760668754577639,0.4333164176970751,7,False,E,A
3SZK_AB_C,0.6602998945863776,283.0,-3.0554566383361816,0.3292358042109418,11,False,E,A
3SZK_AB_C,0.09139717109981325,283.0,-2.989373207092285,0.017164977189342,20,False,V,A
3SZK_AB_C,0.19393091638706325,283.0,-1.2869329452514648,0.383291688218988,14,False,D,A
3SZK_AB_C,0.19393091638706325,283.0,-0.04978132247924805,0.1474003408568167,19,False,D,A
3SZK_AB_C,0.09139717109981325,283.0,-0.6075787544250493,0.711948356316538,6,False,K,A
3SZK_AB_C,-0.03409399108239892,283.0,-1.5487260818481445,0.7520787633596508,9,False,K,A
4GXU_ABCDEF_MN,2.165087554212764,298.0,-1.5572876334190369,0.0009676898336001,22,True,D,E
4GXU_ABCDEF_MN,1.9608776139889306,298.0,4.640476375818253,0.3242715284848508,18,True,D,G
3LZF_AB_HL,0.4983648716244441,298.0,0.5920794010162356,0.2359688133754411,15,False,D,E
3LZF_AB_HL,0.5378586147932716,298.0,1.443955898284912,0.568555864004909,9,False,D,G
1FSS_A_B,0.3690439787955846,298.0,-0.9314192533493042,0.0050407282123988,22,True,T,V
1FSS_A_B,-0.23216209955764905,298.0,-2.9381157159805293,0.1647032762437142,18,True,T,I
1FSS_A_B,1.1985098425861258,298.0,-2.5929630994796753,0.1647032762437142,18,True,T,N
1FSS_A_B,0.3151717041412358,298.0,0.2030577659606938,0.3757654853670424,17,True,R,K
1FSS_A_B,0.3244976712562648,298.0,-2.868796080350876,0.1828287468889136,26,True,A,S
1FSS_A_B,2.435191326631324,298.0,-1.8666890859603882,0.0983994538158024,19,True,R,F
1FSS_A_B,2.6629463030139053,298.0,-1.8770326375961304,0.0983994538158024,19,True,R,M
1FSS_A_B,2.6280476892550357,298.0,-1.5425900220870976,0.0983994538158024,19,True,R,Y
1FSS_A_B,-0.6194086385470592,298.0,1.6179602146148686,0.3616223213732181,16,True,H,K
1FSS_A_B,-1.4877539085191434,298.0,0.7570843696594243,0.3616223213732181,16,True,H,R
1FSS_A_B,1.082020627931046,298.0,0.24086952209472612,0.3523976339297353,15,True,K,R
1FSS_A_B,0.9368623750799351,298.0,-0.5634260177612309,0.0251212859195717,19,True,M,F
1FSS_A_B,0.9626136788358647,298.0,1.9655076265335083,0.0251212859195717,19,True,M,L
1FSS_A_B,1.571890414818245,298.0,-0.999884843826294,0.0251212859195717,19,True,M,Q
1FSS_A_B,1.3947351224355247,298.0,-0.7284319400787349,0.0251212859195717,19,True,M,Y
1FSS_A_B,1.5852485753365015,298.0,-2.003595530986786,0.0047212323204874,25,True,V,T
1FSS_A_B,1.4511765406978172,298.0,-4.278787136077881,0.1165716547851625,22,True,L,W
1FSS_A_B,0.49254140154903553,298.0,-0.3269767761230473,0.4026642912894272,13,True,N,F
1FSS_A_B,0.11591732984694539,298.0,-0.9882690906524667,0.4026642912894272,13,True,N,W
1FSS_A_B,-0.5346662260766157,298.0,0.40447056293487504,0.4026642912894272,13,True,N,R
1B41_A_B,1.1359167200959177,298.0,1.5207805633544922,0.0452584712405266,21,True,T,V
1B41_A_B,0.02467801542805695,298.0,-2.6936877369880676,0.1252729769595598,18,True,T,I
1B41_A_B,3.609355045858526,298.0,-3.1598017811775208,0.1252729769595598,18,True,T,N
1B41_A_B,0.6248322521676316,298.0,0.4394994974136348,0.6965946112421946,15,True,R,K
1B41_A_B,0.7066430414587805,298.0,-2.4415894746780396,0.1516720966632908,24,True,A,S
1B41_A_B,2.1072269687008474,298.0,-4.221711158752441,0.0126481624328958,20,True,R,F
1B41_A_B,1.482967154154204,298.0,-0.30627322196960427,0.0126481624328958,20,True,R,M
1B41_A_B,2.3955658812112937,298.0,-3.844481945037842,0.0126481624328958,20,True,R,Y
1B41_A_B,-0.8875530080016951,298.0,1.3521143198013306,0.2549233479046067,17,True,H,K
1B41_A_B,-0.40921388946936454,298.0,0.8022775650024414,0.2549233479046067,17,True,H,R
1B41_A_B,0.3912647845868842,298.0,0.5309560298919678,0.3315873545170579,19,True,K,R
1B41_A_B,0.7785113235762942,298.0,1.246961832046509,0.0258849609691774,18,True,M,F
1B41_A_B,1.8106745171314886,298.0,0.15888762474060059,0.0258849609691774,18,True,M,L
1B41_A_B,1.5952112848759425,298.0,-1.3795771598815918,0.0258849609691774,18,True,M,Q
1B41_A_B,0.7066430414587805,298.0,0.618922233581543,0.0258849609691774,18,True,M,Y
1B41_A_B,1.2138344856339618,298.0,-2.0851213037967686,0.000967491684182,24,True,V,T
1B41_A_B,1.3039604503886886,298.0,-5.216277062892914,0.0556830322088105,25,True,L,W
1B41_A_B,-0.14166863360287485,298.0,-0.479248046875,0.1749028413978613,17,True,N,F
1B41_A_B,0.03664178945597096,298.0,-1.6638340950012207,0.1749028413978613,17,True,N,W
1B41_A_B,-0.03037520534031442,298.0,0.553455114364624,0.1749028413978613,17,True,N,R
1FSS_A_B,-0.5378586147932716,298.0,-0.9314192533493042,0.0050407282123988,22,True,T,V
1FSS_A_B,1.3032858499669984,298.0,-2.5929630994796753,0.1647032762437142,18,True,T,N
1FSS_A_B,0.3175925012693443,298.0,0.2030577659606938,0.3757654853670424,17,True,R,K
1FSS_A_B,-1.0572477909922195,298.0,0.7570843696594243,0.3616223213732181,16,True,H,R
1FSS_A_B,1.1867966353119184,298.0,0.24086952209472612,0.3523976339297353,15,True,K,R
4HRN_A_D,2.5972166665878498,298.0,-4.7391437292099,0.0726851286563563,27,True,L,A
4HRN_A_D,0.8027224790705876,298.0,-1.4794052243232727,0.0021245155436864,24,True,S,A
4HRN_A_D,2.8106652758248662,298.0,-3.314245104789734,0.0,28,True,V,A
4HRN_A_D,2.4594608435335474,298.0,-3.7386789321899414,0.2207436920692921,19,True,F,A
1N8Z_AB_C,-0.02304519086952127,298.0,-4.136321306228638,0.503961320379239,15,False,L,A
1N8Z_AB_C,0.030827083784827604,298.0,-0.017075657844543013,0.3361735759419526,9,False,S,A
1N8Z_AB_C,0.00897269700206478,298.0,-1.0369594097137456,0.3212656368644499,15,False,V,A
1N8Z_AB_C,0.0351028184090378,298.0,-0.20601868629455566,0.5888453526242116,14,False,F,A
3R9A_AC_B,0.33860424049898113,298.0,-3.229243278503418,0.4281778122330006,15,True,A,W
3R9A_AC_B,1.0141256568186998,298.0,-4.579868137836456,0.0856795693882249,17,True,Y,A
3R9A_AC_B,0.48209904654620517,298.0,-4.630822479724884,0.0856795693882249,17,True,Y,W
3R9A_AC_B,0.0,298.0,-4.498952686786652,0.1490647152814269,20,False,V,D
3R9A_AC_B,0.048700305772352,298.0,-5.561176262795925,0.001976465709221,24,False,G,R
3G6D_LH_A,-0.9530876824425278,298.0,1.738913536071777,0.2080765107476684,19,True,H,A
3G6D_LH_A,-1.496507990826038,298.0,-2.502773404121399,0.0130943722538761,23,True,W,A
3Q8D_A_E,0.4578727473555895,298.0,0.4276955127716062,0.5606309359609243,13,False,R,A
3Q8D_A_E,1.3829779011382712,298.0,-0.14885258674621582,0.5606309359609243,13,False,R,E
3Q8D_A_E,1.3227035460462468,298.0,-1.2602503299713135,0.283305681982666,13,True,R,A
3Q8D_A_E,3.029624536637012,298.0,-0.4550182819366455,0.283305681982666,13,True,R,E
3Q8D_A_E,0.3025041265189667,298.0,1.2677545547485354,0.1102727735377219,19,True,F,A
3Q8D_A_E,3.029624536637012,298.0,-2.9204163551330566,0.1102727735377219,19,True,F,D
3Q8D_A_E,0.35894554478125956,298.0,-1.2092835903167725,0.5908609996200763,11,False,R,A
3Q8D_A_E,1.206214331391167,298.0,-0.2401745319366455,0.5908609996200763,11,False,R,E
3Q8D_A_E,3.029624536637012,298.0,-0.3866090774536133,0.0003846824980602,22,True,R,A
3Q8D_A_E,0.4578727473555895,298.0,-3.9175421595573425,0.2849239845017673,14,False,R,A
3Q8D_A_E,0.35894554478125956,298.0,-1.248315453529358,0.5585418520085765,8,False,R,A
1XGU_AB_C,1.861769769398863,298.0,-1.1126885414123535,0.0,19,True,F,L
1XGU_AB_C,1.8004543592374336,298.0,-1.0599479675292969,0.0,19,True,F,I
1XGU_AB_C,2.9080818496831817,298.0,-1.4695415496826172,0.0,19,True,F,V
1XGU_AB_C,4.060660828476691,298.0,2.0535730123519897,0.0,19,True,F,A
1XGP_AB_C,-4.060660828476691,298.0,-3.1725001335144043,0.021990050616954,22,False,A,F
1XGP_AB_C,-2.198891059077828,298.0,-3.2691612243652344,0.021990050616954,22,False,A,L
1XGP_AB_C,-2.2602064692392574,298.0,-3.427544116973877,0.021990050616954,22,False,A,I
1XGP_AB_C,-1.1525789787935092,298.0,-3.471696376800537,0.021990050616954,22,False,A,V
1XGQ_AB_C,-2.9080818496831817,298.0,0.2949485778808585,0.0123210609750353,20,True,V,F
1XGQ_AB_C,-1.0463120802843189,298.0,-0.4341421127319345,0.0123210609750353,20,True,V,L
1XGQ_AB_C,-1.1076274904457482,298.0,0.533818244934082,0.0123210609750353,20,True,V,I
1XGQ_AB_C,1.1525789787935092,298.0,2.428484559059143,0.0123210609750353,20,True,V,A
1XGR_AB_C,-1.8004543592374336,298.0,-0.351643562316895,0.0,18,True,I,F
1XGR_AB_C,0.06131541016142929,298.0,-0.8336720466613774,0.0,18,True,I,L
1XGR_AB_C,1.1076274904457482,298.0,-1.0124468803405766,0.0,18,True,I,V
1XGR_AB_C,2.2602064692392574,298.0,1.8506453037261958,0.0,18,True,I,A
1XGT_AB_C,-1.8617697693988629,298.0,0.8937456607818604,0.0,19,True,L,F
1XGT_AB_C,-0.06131541016142927,298.0,-0.09560632705688477,0.0,19,True,L,I
1XGT_AB_C,1.0463120802843189,298.0,-0.7243165969848633,0.0,19,True,L,V
1XGT_AB_C,2.198891059077828,298.0,2.982621669769287,0.0,19,True,L,A
3RF3_A_C,1.7284574247898898,298.0,-4.736768960952759,0.0,22,True,A,K
3AAA_AB_C,2.4452810315624727,293.0,-0.43727827072143555,0.1136248824384665,20,True,K,A
3AAA_AB_C,3.3906363229493386,293.0,1.4973479509353638,0.1136248824384665,20,True,K,E
3AAA_AB_C,2.99519442174352,293.0,-2.505627751350403,0.0170370634768612,18,True,R,A
3AAA_AB_C,3.93229070011822,293.0,-3.4273515939712524,0.0170370634768612,18,True,R,E
3AAA_AB_C,2.2071155180453785,293.0,-3.3010387420654297,0.384715047603061,13,True,R,A
3AAA_AB_C,3.502234803289464,293.0,-2.8903980255126953,0.384715047603061,13,True,R,E
3AAA_AB_C,3.330200571862061,293.0,-3.1155121326446533,0.0246584615996277,24,True,W,A
3AAA_AB_C,5.036890053552191,293.0,0.018698692321777788,0.0186926059791154,25,True,D,A
3AAA_AB_C,1.9322020968794829,293.0,1.1413466930389409,0.1434281793861613,19,True,E,A
3AAA_AB_C,4.022045034385506,293.0,0.16210436820983887,0.1434281793861613,19,True,E,R
3BT1_A_U,0.3365862071392125,293.0,-4.503967285156251,0.3678356339544871,18,False,L,A
3BT1_A_U,0.09335961299864041,293.0,-2.044689655303955,0.4217246832516498,15,False,R,A
3BT1_A_U,0.03678595683868148,293.0,-1.3218445777893066,0.2006122764538676,21,False,M,A
3BT1_A_U,0.06007908911300103,293.0,-0.2932155132293701,0.3943719608986651,18,False,Q,A
3BT1_A_U,0.26889385890133083,293.0,-0.18755340576171875,0.4801819033635782,14,False,K,A
3BT1_A_U,0.1737977380399379,293.0,0.493588924407959,0.1397295252141301,18,True,T,A
3BT1_A_U,0.29995459109793576,293.0,-2.836498260498047,0.2273195161260132,17,True,N,A
3BT1_A_U,0.2608626880579109,293.0,-4.891521319746971,0.2259347208577116,17,True,G,A
3BT1_A_U,-0.025882067863882183,293.0,0.38777923583984375,0.236287274016993,15,True,D,A
3BT1_A_U,0.26889385890133083,293.0,-0.7426235675811768,0.7247794695084153,9,False,R,A
3BT1_A_U,0.2768157587197889,293.0,-3.2153507471084595,0.4885603086384906,12,False,V,A
3BT1_A_U,0.11453469763066579,293.0,-0.860040426254272,0.1601805282564805,14,False,E,A
3BT1_A_U,0.08247610631270595,293.0,-0.5203096866607666,0.6648446512564667,10,False,E,A
3BT1_A_U,0.07138528231826098,293.0,0.8105890750885005,0.3684437673857725,17,False,A,S
3BT1_A_U,0.1737977380399379,293.0,0.9266171455383292,0.8508253841159389,9,False,L,A
3BT1_A_U,0.0,293.0,-1.1787127256393435,0.6475694484988644,9,False,G,A
3BT1_A_U,0.3074676070127925,293.0,-0.24729681015014648,0.272770527284489,16,False,Q,A
3BT1_A_U,0.22758216417227156,293.0,-0.5261976718902588,0.3662745342661087,16,False,D,A
3BT1_A_U,0.452134396156842,293.0,-0.9477236270904541,0.1266796408585704,22,False,L,A
3BT1_A_U,0.999454237930254,293.0,-0.867944717407227,0.0718653550880064,24,True,R,A
3BT1_A_U,0.18311394726592672,293.0,-2.345513105392456,0.0696599813770407,23,False,T,A
3BT1_A_U,0.8951140882874058,293.0,-1.4669605493545528,0.0022324823291385,26,True,T,A
3BT1_A_U,0.07138528231826098,293.0,-2.4172923564910884,0.1091080372888424,19,False,I,A
3BT1_A_U,0.7035399908517378,293.0,-4.157453894615173,0.000712678528399,23,True,V,A
3BT1_A_U,0.452134396156842,293.0,-2.5260350704193115,0.2531168583258522,16,False,R,A
3BT1_A_U,0.3074676070127925,293.0,-3.434124708175659,0.117064565600337,21,True,L,A
3BT1_A_U,-0.012797232828794998,293.0,1.8324761390686035,0.275261886392846,16,False,W,A
3BT1_A_U,0.3710489662631055,293.0,-2.0268161296844482,0.1736878143098961,16,True,E,A
3BT1_A_U,0.3365862071392125,293.0,-0.6137175559997559,0.6417092206764315,7,False,E,A
3BT1_A_U,0.31488491311321504,293.0,-2.3413194417953487,0.6244838570468315,5,False,G,A
3BT1_A_U,0.09335961299864041,293.0,-1.7614102363586428,0.2911364877775712,10,True,E,A
3BT1_A_U,0.04854899640303998,293.0,-1.412196397781372,0.398298281911871,13,False,E,A
3BT1_A_U,0.5128980834143204,293.0,-1.1466865539550781,0.2642072554429873,17,True,L,A
3BT1_A_U,0.15470584223047548,293.0,-2.3988022804260254,0.4178551463503723,14,False,E,A
3BT1_A_U,0.8557197959106441,293.0,-3.7060275077819824,0.034714195681195,20,True,L,A
3BT1_A_U,0.4805425011922933,293.0,-4.191078424453736,0.2045558128129927,19,False,V,A
3BT1_A_U,-0.19338514292315265,293.0,-2.8299779891967773,0.1698087433230875,22,True,E,A
3BT1_A_U,0.21895607077295512,293.0,-2.686755418777466,0.1159426927169107,21,False,K,A
3BT1_A_U,0.21895607077295512,293.0,-0.5958034992218018,0.1083206294221057,20,False,S,A
3BT1_A_U,0.452134396156842,293.0,0.5100355148315432,0.1043767758784599,21,False,T,A
3BT1_A_U,0.3842825053354713,293.0,-0.1728501319885254,0.0963098029846975,17,False,H,A
3BT1_A_U,0.3972219412800788,293.0,-0.22008132934570312,0.4276995851667046,14,False,S,A
3BT1_A_U,-0.025882067863882183,293.0,-1.0257077217102046,0.4159706789832222,16,False,E,A
3BT1_A_U,0.6311675639260735,293.0,0.6665127277374268,0.0984363704626954,22,True,K,A
3BT1_A_U,0.6997468135613345,293.0,-1.209360957145691,0.3238010642249884,15,False,T,A
3BT1_A_U,0.6225414705267571,293.0,-4.955819636583328,0.4241606328391598,13,False,N,Q
3BT1_A_U,0.8729304278708869,293.0,-2.3397011756896973,0.0386902895577287,19,True,R,A
3BT1_A_U,0.3842825053354713,293.0,-2.6930434703826904,0.1776364955178537,24,False,T,A
3BT1_A_U,1.0918021206051756,293.0,-2.697287678718567,0.0021245751258542,22,True,L,A
3BT1_A_U,0.04854899640303998,293.0,-0.8814730644226074,0.1061360533593437,24,False,S,A
3BT1_A_U,1.179890500503296,293.0,-4.449707448482513,0.0314426821603259,28,False,Y,A
3BT1_A_U,-0.06699919261458952,293.0,-2.9524232149124146,0.2178776484176328,24,False,R,A
3BT1_A_U,0.5435499317073241,293.0,-1.4053971767425537,0.04685548942587,24,False,T,A
3BT1_A_U,0.2923433630457455,293.0,-2.899450123310089,0.2909123767933242,14,False,G,A
3BT1_A_U,-0.1267696410340131,293.0,1.2399778366088867,0.716456663817991,9,False,L,A
3BT1_A_U,0.4098800627344695,293.0,-0.9209169149398801,0.2556411745525311,19,True,K,A
3BT1_A_U,0.11453469763066579,293.0,-2.8271200656890874,0.2211159096051212,19,False,I,A
3BT1_A_U,0.6480455762515638,293.0,-2.8462431430816655,0.0824115624023176,24,True,T,A
3BT1_A_U,0.3074676070127925,293.0,-1.2061035633087158,0.129009654665186,19,False,S,A
3BT1_A_U,1.3532036802006713,293.0,-4.6915989220142365,4.421736579200966e-06,24,True,L,A
3BT1_A_U,0.18311394726592672,293.0,-0.8864743709564209,0.2436584176025501,20,False,T,A
3BT1_A_U,0.04854899640303998,293.0,-3.8319801092147827,0.0109256844839942,22,True,E,A
3BT1_A_U,0.21895607077295512,293.0,-1.4913935661315918,0.451041956501946,19,False,V,A
3BT1_A_U,0.1449198865854614,293.0,-4.431030035018921,0.163915689483693,17,False,V,A
3BT1_A_U,0.23608232469453153,293.0,0.2833297252655034,0.476844272309331,13,False,G,A
3BT1_A_U,0.22758216417227156,293.0,1.3235058784484868,0.6416030031319647,14,False,L,A
3BT1_A_U,0.29995459109793576,293.0,-1.6082755327224731,0.3690527108970545,12,False,D,A
3BT1_A_U,0.5076288107570159,293.0,-4.0024643540382385,0.2836827706674945,14,False,L,A
3BT1_A_U,0.23608232469453153,293.0,0.37967395782470703,0.5141792824075585,15,False,Q,A
3BT1_A_U,0.21895607077295512,293.0,-5.136842794716358,0.4777993491943734,9,False,G,A
3BT1_A_U,0.2013107611853571,293.0,1.0896227359771729,0.7656008820957155,6,False,N,A
3BT1_A_U,0.2527191895099274,293.0,-0.15783023834228516,0.4017084190179805,11,False,S,A
3BT1_A_U,0.09335961299864041,293.0,-1.0828428268432617,0.9787573630408968,6,False,G,A
3BT1_A_U,0.2768157587197889,293.0,0.8375749588012695,1.1965032422203146,4,False,V,A
3BT1_A_U,-0.08137648246405604,293.0,0.6048038005828862,0.4777603715752023,5,False,T,A
3BT1_A_U,0.24446017649776175,293.0,1.4436845779418945,0.5454862031807642,8,False,Y,A
3BT1_A_U,0.23608232469453153,293.0,-0.595226526260376,0.2545422939840354,10,False,S,A
3BT1_A_U,0.23608232469453153,293.0,0.1401200294494629,0.7501989489267347,6,False,R,A
3BT1_A_U,0.19228343842264992,293.0,-0.22328925132751465,0.343240159256705,10,False,S,A
3BT1_A_U,0.2768157587197889,293.0,-1.245086669921875,0.6776904293343581,11,False,R,A
3BT1_A_U,0.1737977380399379,293.0,-4.494319498538971,0.3014865440198399,14,False,Y,A
3BT1_A_U,-0.15912522325604025,293.0,-4.4303207993507385,0.1746732533991684,22,False,L,A
3BT1_A_U,0.2013107611853571,293.0,-2.9663909673690796,0.232862138312298,15,False,E,A
3BT1_A_U,0.18311394726592672,293.0,1.17720365524292,0.1044242707991963,20,False,I,A
3BT1_A_U,0.8557197959106441,293.0,-4.855309143662453,0.0,28,False,S,A
3BT1_A_U,-0.6524649572771286,293.0,0.20243477821350098,0.0,23,False,G,A
3BT1_A_U,1.136612737200776,293.0,-3.375924840569496,0.0952250050965392,18,False,S,A
3BT1_A_U,0.2923433630457455,293.0,-0.3300037384033203,0.272866039506807,20,True,S,A
3BT1_A_U,1.662890595418248,293.0,-3.9022688269615173,0.3178195723273464,18,False,D,A
3BT1_A_U,0.40358539975380203,293.0,0.7874436378479004,0.2789799140127484,15,False,M,A
3BT1_A_U,0.600399994544584,293.0,-3.646210193634033,0.0296616390000228,21,False,S,A
3BT1_A_U,0.8008073410338808,293.0,-2.6725425720214844,0.2705368272472116,14,False,E,A
3BT1_A_U,0.3972219412800788,293.0,-1.074039220809937,0.6070927569964487,9,False,R,A
3BT1_A_U,0.2608626880579109,293.0,-0.758554220199585,0.6521306081337382,13,False,R,A
3BT1_A_U,0.4098800627344695,293.0,-0.37626457214355513,0.2341246797023106,20,False,H,A
3BT1_A_U,0.08247610631270595,293.0,-2.3798696994781494,0.2279293682918688,16,False,Q,A
3BT1_A_U,0.24446017649776175,293.0,-0.48053097724914595,0.3363263958777395,11,False,S,A
3BT1_A_U,1.4394076945970502,293.0,-5.330010071396828,0.0627634826640335,22,False,L,A
3BT1_A_U,-0.1267696410340131,293.0,-0.3689179420471187,0.3821144979799327,15,False,Q,A
3BT1_A_U,0.21020025683064936,293.0,-0.9283511638641357,0.3631973476161745,18,False,R,A
3BT1_A_U,0.012522002072169284,293.0,-2.1631357669830322,0.1206850698980661,17,False,S,A
3BT1_A_U,-0.24887955752332652,293.0,-0.8362191915512085,0.6307689160188285,8,False,P,A
3BT1_A_U,-0.2890507021231362,293.0,-0.9699077606201172,0.5664526097143562,13,False,E,A
3BT1_A_U,0.0,293.0,-3.336681067943573,0.0810843560873347,22,False,E,A
3BT1_A_U,-0.06699919261458952,293.0,-0.76145339012146,0.0950966139392163,22,False,Q,A
3BT1_A_U,0.452134396156842,293.0,-1.5713539123535156,0.0016990680504311,26,False,L,A
3BT1_A_U,0.7746343660169075,293.0,-0.515984296798706,0.067723690234112,25,False,D,A
3BT1_A_U,0.7746343660169075,293.0,-3.3069806098937997,0.0182813781657339,24,True,V,A
3BT1_A_U,0.733027337446974,293.0,-1.8949816226959229,0.0056052370170681,23,False,V,A
3BT1_A_U,0.9856452747777401,293.0,-0.869239091873169,0.0362517745375671,21,True,T,A
3BT1_A_U,0.3842825053354713,293.0,-1.3975579738616943,0.1302844781834925,17,False,H,A
3BT1_A_U,-0.4294674676176842,293.0,-1.0337865352630624,0.1607806321068042,15,False,W,A
3BT1_A_U,-0.3102257867551616,293.0,2.457859516143799,0.6378670744473132,12,False,I,A
3BT1_A_U,-0.09611779274100948,293.0,0.6355748176574711,0.492363667238001,7,False,Q,A
3BT1_A_U,0.03678595683868148,293.0,-0.15199685096740723,0.4689638584451842,9,False,E,A
3BT1_A_U,-0.2113019613311521,293.0,0.43425202369689986,0.4794764903574358,12,False,G,A
3BT1_A_U,-0.15912522325604025,293.0,-0.4129064083099365,0.6188569306005982,8,False,E,A
3BT1_A_U,-0.1427227116958911,293.0,0.04732918739318848,0.5748649773479775,7,False,E,A
3BT1_A_U,-0.08137648246405604,293.0,-3.917681008577347,0.3738357427055777,13,False,G,A
3BT1_A_U,0.24446017649776175,293.0,0.19583845138549805,0.1357084495342476,12,False,R,A
3BT1_A_U,0.3294419376931719,293.0,-2.2676113843917847,0.4564495420046491,16,False,P,A
3BT1_A_U,0.6093578736129158,293.0,-0.4876823425292973,0.3190843875964161,19,True,K,A
3BT1_A_U,1.2736824855139126,293.0,-1.879682719707489,0.1230044107323424,20,True,D,A
3BT1_A_U,1.0304558913733406,293.0,-1.1822857856750497,0.0929750437889364,22,True,D,A
3BT1_A_U,0.7911298220508434,293.0,-0.5049574375152588,0.4035746205253127,17,False,R,A
3BT1_A_U,0.6268704916195386,293.0,-2.217177987098694,0.0010503335962139,23,False,H,A
3BT1_A_U,0.7110530067665946,293.0,-0.4940035343170166,0.0370121742233236,27,True,L,A
3BT1_A_U,0.9032197967555579,293.0,-4.971305087208748,0.0073720093655427,29,False,R,A
3BT1_A_U,1.2294396414204456,293.0,-5.4964413195848465,0.0,28,False,G,A
3BT1_A_U,1.4154164461255823,293.0,-4.8215391933918,0.0,29,False,G,A
3BT1_A_U,-0.11124203670805656,293.0,-0.1357650756835942,0.3111157524192169,19,False,Y,A
3BT1_A_U,1.6337906568727276,293.0,-4.86018630862236,0.000497002080822,21,True,L,A
3BT1_A_U,0.5866993470197287,293.0,-1.6289945840835571,0.1394318662321685,18,True,P,A
3BT1_A_U,0.5076288107570159,293.0,-1.1711866855621338,0.3478331463851782,17,False,G,A
3BT1_A_U,0.452134396156842,293.0,-1.8180522918701172,0.6109067048213096,10,False,P,A
3BT1_A_U,-0.039267729903749486,293.0,-1.6439769268035889,0.2718116976067357,18,False,S,A
3BT1_A_U,0.5913021429640569,293.0,0.9771313667297368,0.0475018415917404,26,False,N,A
3BT1_A_U,-0.2297876617138641,293.0,-1.2659189701080322,0.0129053047707201,25,False,G,A
3BT1_A_U,0.6882167208513735,293.0,-5.356269344687462,0.002457544968419,27,False,F,A
3BT1_A_U,0.2013107611853571,293.0,-0.041018247604371005,0.0334383891148019,24,False,H,A
3BT1_A_U,0.36431766985005254,293.0,-3.095935642719269,0.0478658235532879,25,False,N,A
3BT1_A_U,0.3842825053354713,293.0,0.47287249565124556,0.2906703814841949,16,False,N,Q
3BT1_A_U,-0.09611779274100948,293.0,-1.618700623512268,0.1272838299621271,16,False,D,A
3BT1_A_U,-0.08137648246405604,293.0,-0.39298582077026367,0.0435334790286127,19,False,T,A
3BT1_A_U,1.045358915484079,293.0,-4.1922444105148315,0.0205514287410834,25,False,F,A
3BT1_A_U,1.010716690711439,293.0,-0.570481538772583,0.0492059037535543,25,True,H,A
3BT1_A_U,0.12484028798647501,293.0,-1.5730623006820674,0.0975718446219277,24,False,F,A
3BT1_A_U,0.733027337446974,293.0,-3.2878459692001343,0.0013445848331845,25,True,L,A
3BT1_A_U,0.2768157587197889,293.0,-1.3680655956268302,0.3714365905867017,20,False,K,A
3BT1_A_U,0.1737977380399379,293.0,-1.059690237045288,0.6089540281386145,13,False,N,Q
3BT1_A_U,0.26889385890133083,293.0,-0.26526975631713867,0.4719092600990504,10,False,T,A
3BT1_A_U,0.40358539975380203,293.0,0.5005264282226562,0.5236432606520957,11,False,T,A
3BT1_A_U,0.680401158473591,293.0,-1.8938267230987549,0.2487804045607071,14,False,K,A
3BT1_A_U,0.024780363363379437,293.0,0.9339847564697261,0.4989333397593462,14,False,E,A
3BT1_A_U,0.322208917289746,293.0,-5.609797641634941,0.2942084649920825,12,False,G,A
3BT1_A_U,-0.2686187581852281,293.0,-1.8775888085365295,0.8119847272321927,8,False,P,A
3BT1_A_U,0.3575076430393675,293.0,-0.5366129875183105,0.1624985612437476,17,False,I,A
3BT1_A_U,0.660390575539333,293.0,-2.3256818056106567,0.2644061287823134,18,False,L,A
3BT1_A_U,0.452134396156842,293.0,-1.1680092811584482,0.166886810648664,12,False,E,A
3BT1_A_U,0.7184703128670171,293.0,-4.341319799423218,0.1564304649982359,15,False,L,A
3BT1_A_U,0.3842825053354713,293.0,-0.9749954938888554,0.5950045610735363,9,False,E,A
3BT1_A_U,0.322208917289746,293.0,0.4568904638290405,0.5538103144401124,10,False,N,A
3BT1_A_U,0.2013107611853571,293.0,-4.106606662273407,0.0805720487093433,17,False,L,A
3BT1_A_U,-0.012797232828794998,293.0,-2.76798278093338,0.6291611861438847,10,False,P,A
3BT1_A_U,-0.17600323558153044,293.0,0.9112198352813721,0.4499268162537939,13,False,Q,A
3BT1_A_U,-0.2297876617138641,293.0,-5.842559605836868,0.2675270834834071,14,False,N,A
3BT1_A_U,-0.09611779274100948,293.0,-5.655492357909679,0.5468672088595627,10,False,G,A
3BT1_A_U,0.31488491311321504,293.0,-2.009269475936889,0.2535571513844885,22,False,R,A
3BT1_A_U,-0.19338514292315265,293.0,-2.3165013790130615,0.2928129837323838,19,False,Q,A
3BT1_A_U,-0.06699919261458952,293.0,-4.400117814540863,0.145257545830209,25,False,Y,A
3BT1_A_U,-0.2686187581852281,293.0,-3.3164422214031224,0.0,23,False,S,A
3BT1_A_U,0.24446017649776175,293.0,-0.14279770851135298,0.312703565482794,19,False,K,A
3BT1_A_U,0.024780363363379437,293.0,-5.18154813349247,0.0693991753945227,16,False,G,A
3BT1_A_U,0.012522002072169284,293.0,-0.04083061218261719,0.3224824592318642,15,False,N,Q
3BT1_A_U,-0.1267696410340131,293.0,0.5466454029083252,0.4253057697387269,13,False,S,A
3BT1_A_U,-0.2297876617138641,293.0,-0.5479252338409424,0.5511652143135299,10,False,T,A
3BT1_A_U,0.012522002072169284,293.0,0.29909658432006836,0.5859854962587846,10,False,H,A
3BT1_A_U,-0.40358539975380203,293.0,-5.590352937579155,0.2400196692819186,15,False,G,A
3BT1_A_U,-0.2113019613311521,293.0,-1.9590004682540894,0.133250660796155,13,False,S,A
3BT1_A_U,-0.2113019613311521,293.0,-0.11521601676940918,0.3686393878239251,11,False,S,A
3BT1_A_U,-0.11124203670805656,293.0,-0.5635859966278076,0.6847871840221451,6,False,E,A
3BT1_A_U,-0.24887955752332652,293.0,-1.0794739723205566,0.2956731576143032,16,False,E,A
3BT1_A_U,0.22758216417227156,293.0,-2.2029664516448975,0.0460496004883581,19,False,T,A
3BT1_A_U,0.19228343842264992,293.0,-0.6194593906402588,0.4164909648581557,12,False,F,A
3BT1_A_U,-0.5148274364618586,293.0,-3.1838812828063965,0.3905375889343928,16,False,L,A
3BT1_A_U,0.1449198865854614,293.0,-5.0806372463703156,0.1688801231326989,20,False,I,A
3BT1_A_U,-0.06699919261458952,293.0,-0.7963191270828247,0.300763333039972,13,False,D,A
3BT1_A_U,-0.025882067863882183,293.0,-3.8884286880493164,0.1941926499517657,21,False,R,A
3BT1_A_U,-0.09611779274100948,293.0,-4.653550311923027,0.120991503053756,19,False,G,A
3BT1_A_U,-0.11124203670805656,293.0,-0.5775716304779057,0.4613317572110395,19,False,P,A
3BT1_A_U,1.010716690711439,293.0,0.9754601716995239,0.0,29,False,M,A
3BT1_A_U,-0.17600323558153044,293.0,-3.012436866760254,0.2746624727249304,18,False,N,A
3BT1_A_U,-0.06699919261458952,293.0,-1.935978889465332,0.1789371704274333,23,False,Q,A
3BT1_A_U,0.2608626880579109,293.0,-0.7347967624664307,0.0005892441082213,25,False,L,A
3BT1_A_U,-0.484961882217858,293.0,-2.148664116859436,0.1512974377651186,23,False,V,A
3BT1_A_U,-0.2297876617138641,293.0,-2.9978599548339844,0.0,25,False,A,S
3BT1_A_U,-0.2113019613311521,293.0,-1.9310076236724854,0.2949914789133417,18,False,T,A
3BT1_A_U,0.6997468135613345,293.0,-4.291646659374237,0.0928702771076785,20,False,G,A
3BT1_A_U,-0.025882067863882183,293.0,-1.7389137744903564,0.1287796808617654,15,False,T,A
3BT1_A_U,0.2608626880579109,293.0,0.2473058700561519,0.1644295870138728,16,False,H,A
3BT1_A_U,0.1737977380399379,293.0,0.22429132461547852,0.2835074340822741,11,False,E,A
3BT1_A_U,0.04854899640303998,293.0,1.7957379817962646,0.8296544274550387,6,False,P,A
3BT1_A_U,0.2608626880579109,293.0,-0.5318770408630371,0.520945256047983,8,False,K,A
3BT1_A_U,0.3294419376931719,293.0,-0.13689303398132324,0.4029555636350238,9,False,N,A
3BT1_A_U,0.09335961299864041,293.0,0.1673297882080078,0.5998490449213041,11,False,Q,A
3BT1_A_U,-0.17600323558153044,293.0,-0.7829711437225337,0.4339062074585794,14,False,S,A
3BT1_A_U,0.18311394726592672,293.0,-3.210333824157715,0.1068718180833638,22,False,Y,A
3BT1_A_U,0.04854899640303998,293.0,-1.2031183242797852,0.1086529903394652,21,False,M,A
3BT1_A_U,0.15470584223047548,293.0,-2.4761902689933777,0.0012078105370045,25,False,V,A
3BT1_A_U,0.19228343842264992,293.0,-2.3737744688987736,0.0650893726802446,25,False,R,A
3BT1_A_U,-0.08137648246405604,293.0,-5.448562353849411,0.0,29,False,G,A
3BT1_A_U,-0.17600323558153044,293.0,-2.9699159860610966,0.0,30,False,A,S
3BT1_A_U,0.3436438772462372,293.0,-4.998192071914673,0.0522220570357103,23,False,T,A
3BT1_A_U,-0.3102257867551616,293.0,-0.024648427963256836,0.3213438490296694,14,False,A,S
3BT1_A_U,-0.06699919261458952,293.0,0.811424970626831,0.2408950577527342,21,False,S,A
3BT1_A_U,0.12484028798647501,293.0,1.1006107330322266,0.0375134360502084,27,False,M,A
3BT1_A_U,0.452134396156842,293.0,-0.03923439979553223,0.4074165694527557,13,False,Q,A
3BT1_A_U,0.04854899640303998,293.0,0.425403594970704,0.6148427857588361,14,False,H,A
3BT1_A_U,0.12484028798647501,293.0,0.5356390476226807,0.22795141020627,23,False,A,S
3BT1_A_U,0.2768157587197889,293.0,1.3285536766052246,0.1215478666764859,25,False,H,A
3BT1_A_U,0.4098800627344695,293.0,-4.566816926002502,0.0015921827532874,21,False,L,A
3BT1_A_U,0.1737977380399379,293.0,0.3725827932357786,0.0604133693928115,20,False,G,A
3BT1_A_U,0.06007908911300103,293.0,-1.416184663772583,0.0808642284670072,23,True,D,A
3BT1_A_U,0.2013107611853571,293.0,-1.029792308807373,0.1133487408528066,22,True,A,S
3BT1_A_U,0.878556081825865,293.0,-4.463596105575562,0.0296226394119899,21,False,F,A
3BT1_A_U,0.21020025683064936,293.0,-0.8488028049468999,0.2203338518167802,15,True,S,A
3BT1_A_U,0.725794317043548,293.0,-1.7229981422424316,0.0156928686047455,21,False,M,A
3BT1_A_U,-0.2297876617138641,293.0,0.07939887046813965,0.0706619321295944,20,False,N,A
3BT1_A_U,0.04854899640303998,293.0,-0.28781032562255904,0.563374310697094,15,False,H,A
3BT1_A_U,0.1349666415685739,293.0,-2.536777377128601,0.1236852203970324,18,False,I,A
3BT1_A_U,0.1040434110032139,293.0,-0.1361916065216069,0.5748694714718301,9,False,D,A
3BT1_A_U,0.23608232469453153,293.0,-3.98539000749588,0.1983031723031811,20,False,V,A
3BT1_A_U,-0.06699919261458952,293.0,-1.0538241863250732,0.4938205742884108,13,False,S,A
3BT1_A_U,0.06007908911300103,293.0,-0.7341868877410889,0.4114497406617279,10,False,T,A
3BT1_A_U,0.09335961299864041,293.0,0.7050389051437373,0.7021026187593169,11,False,K,A
3BT1_A_U,-0.1427227116958911,293.0,-4.629569098353386,0.3310478985130525,16,False,S,A
3BT1_A_U,-0.2890507021231362,293.0,-2.7566410303115845,0.1846224306699665,12,False,G,A
3BT1_A_U,0.1449198865854614,293.0,2.4708704948425293,0.2205229693840789,14,False,H,A
3BT1_A_U,-0.012797232828794998,293.0,-3.5439658164978027,0.2906380904144801,14,False,P,A
3BT1_A_U,0.04854899640303998,293.0,-0.36771082878112793,0.7837773790633192,5,False,D,A
3LB6_A_C,3.7214644051554484,298.0,-5.379188492894173,0.001611344379773,21,True,I,A
3LB6_A_C,5.811821878992469,298.0,-5.303234905004501,0.0306167712001664,25,True,K,A
3LB6_A_C,2.544131860901994,298.0,-2.374724805355072,0.2596619197293779,17,True,K,A
3LB6_A_C,5.115015153850582,298.0,-4.054927468299867,0.0188474338624505,21,True,F,A
4K71_A_BC,0.7418695341203233,298.0,-3.883442759513855,0.0019743663327154,22,True,G,E
4K71_A_BC,2.031008924347784,298.0,-5.185670658946037,0.0070632539963736,24,False,A,V
4K71_A_BC,1.0511031270649223,298.0,-5.070857055485249,0.0087451484747686,22,False,H,A
4K71_A_BC,1.0095291007048206,298.0,-5.201275832951069,0.0087451484747686,22,False,H,F
4K71_A_BC,0.643966876218163,298.0,0.1201467514038086,0.2582365652120301,17,True,H,A
4K71_A_BC,0.1849841254020602,298.0,-0.4072129726409912,0.2582365652120301,17,True,H,F
4K71_A_BC,1.988940524524266,298.0,-5.185670658946037,0.0070632539963736,24,False,A,V
4K71_A_BC,0.39105482653724644,298.0,-5.185670658946037,0.0070632539963736,24,False,A,V
3UIG_A_P,0.6464568028274204,298.0,-0.03861832618713379,0.0855303904997205,15,True,E,A
3UIG_A_P,0.4463736156997277,298.0,-2.2246334552764893,0.2575874087209653,20,True,K,A
3UIG_A_P,1.7577731492591928,298.0,-1.0614910125732422,0.0686097793450688,18,True,E,A
3UIG_A_P,2.0383180020945937,298.0,-4.895700931549072,0.1102654902354169,22,False,D,A
3UIG_A_P,1.7922552938379195,298.0,1.039506435394287,0.1064387153690734,22,True,E,A
3UII_A_P,0.04557530288562769,298.0,-1.361769199371338,0.2523846698478132,20,True,K,A
3N85_A_LH,0.13959162439249434,298.0,0.9477350711822514,0.0602646193657998,23,False,W,F
3N85_A_LH,-0.03871879866635149,298.0,0.6260751485824585,0.1046176180349759,19,True,W,Y
3N85_A_LH,-0.7846031730651717,298.0,-1.530443668365478,0.2051012629532492,23,True,W,K
3N85_A_LH,-0.5539673286637187,298.0,-1.3925800323486328,0.2051012629532492,23,True,W,R
3N85_A_LH,0.05712248409101487,298.0,-4.663327276706696,0.0115149001917166,26,True,S,Y
3N85_A_LH,-0.13401961714161062,298.0,-0.7533195614814758,0.0115149001917166,26,True,S,A
3N85_A_LH,0.48767105379708875,298.0,-1.456587791442871,0.0041346431025303,24,False,S,G
3N85_A_LH,-0.7846031730651717,298.0,-0.37054967880249023,0.0,30,True,S,Y
3N85_A_LH,-0.015185105667417232,298.0,-0.48657441139221236,0.1609484415307391,22,True,W,F
3N85_A_LH,-0.015185105667417232,298.0,-0.48657441139221236,0.1609484415307391,22,True,W,F
4N8V_G_ABC,-0.21657734030813192,298.0,-0.12084603309631348,0.1681860685375656,20,False,P,A
4N8V_G_ABC,0.5877951444908385,298.0,0.7296559810638428,0.5149560158817564,16,True,K,A
4N8V_G_ABC,0.5153206204074386,298.0,0.22150659561157227,0.2000840282439824,17,True,Y,F
4N8V_G_ABC,0.12028773103243144,298.0,-4.003359317779541,0.0085006673931319,27,False,Y,A
4CVW_A_C,1.220747249027025,298.0,-1.6311852931976323,0.1165095601220984,19,True,D,W
4CVW_A_C,3.0463069545377777,298.0,-2.1473464965820312,0.1165095601220984,19,True,D,R
4CVW_A_C,1.8279050023298664,298.0,-3.2519752979278564,0.07722204917812,18,True,R,A
4CVW_A_C,2.076536854194484,298.0,-0.9639234542846675,0.1273695118076618,20,True,R,A
4CVW_A_C,1.4900359409107835,298.0,-2.5424165725708003,0.1273695118076618,20,True,R,W
4CVW_A_C,2.7271204101180455,298.0,-3.04234790802002,0.147680659286411,22,True,L,G
4CVW_A_C,0.33541185178232535,298.0,-1.5315320491790776,0.147680659286411,22,True,L,W
4CVW_A_C,4.9186338685084285,298.0,-3.9138331413269043,0.0041062135124576,22,True,V,D
4B0M_A_BM,0.29758968609190906,298.0,-1.3343355655670166,0.1973950555956518,17,True,A,G
4B0M_A_BM,0.40555808218943723,298.0,-4.346791103482246,0.0497252074097887,21,False,P,A
4B0M_A_BM,0.7577357056164624,298.0,-5.239380672574043,0.0497252074097887,21,False,P,S
4B0M_A_BM,1.9149198716922284,298.0,-3.031883791089058,0.0843881765396628,18,True,P,A
4B0M_A_BM,1.993392279918669,298.0,-4.344681814312935,0.0843881765396628,18,True,P,S
4B0M_A_BM,0.6289866975957373,298.0,-4.3320940136909485,0.0338862125923169,21,False,Y,G
4B0M_A_BM,1.652199796262295,298.0,-3.8322789072990417,0.0911358438971349,14,True,Y,A
4B0M_A_BM,1.9081297781204276,298.0,-4.76669454574585,0.0,22,True,L,A
4B0M_A_BM,0.4297323233014471,298.0,-4.552213668823242,0.0515661710094489,22,True,M,A
3M62_A_B,0.8293449970337587,298.0,-1.2854247093200684,0.2777695654196798,12,True,E,A
3M62_A_B,2.7987469340477555,298.0,-2.652752161026001,0.0942829194567621,18,True,D,A
3M62_A_B,2.827996665486802,298.0,-2.1508798599243164,0.1069939846377668,20,True,L,A
3M62_A_B,0.016682417900765995,298.0,-2.0376007556915283,0.1313683733954977,21,True,T,A
3M62_A_B,1.051103127064922,298.0,-0.44120931625366167,0.3029773012806337,18,True,E,A
3M62_A_B,0.7883393789778633,298.0,-1.924054622650147,0.353588971309164,15,True,R,A
3M62_A_B,1.2643252931128433,298.0,-5.463534466922283,0.0003758966254769,24,True,G,A
3M62_A_B,4.475213808421575,298.0,-5.195547968149185,0.0030880772051471,28,True,Y,A
3M62_A_B,1.8531082387881839,298.0,-3.519047737121582,0.25125968476138,17,True,I,A
3M62_A_B,0.9955214040992232,298.0,-0.2323012351989746,0.250980893952602,15,True,F,A
3M62_A_B,0.4969044845148983,298.0,-1.5229802131652836,0.6040643363912167,6,False,K,A
3M62_A_B,2.882489030954668,298.0,-4.187770843505859,0.0103883000382296,20,True,I,A
3M62_A_B,1.278166680183457,298.0,-0.295360565185546,0.1195207460109406,19,True,S,A
3M62_A_B,1.0899489635249175,298.0,-3.0894092321395874,0.2516714769381007,21,True,V,A
3M62_A_B,1.0539639378112842,298.0,-2.833195090293885,0.3320983588134715,16,True,Q,A
3M62_A_B,0.28359380160267006,298.0,-0.8309357166290288,0.3209581647281984,15,True,Q,A
3M62_A_B,1.1376589903494456,298.0,-1.4736618995666504,0.1157277683922292,19,True,V,A
3M62_A_B,0.680817747649017,298.0,-2.2778167724609375,0.0548204030208305,17,True,M,A
3M63_A_B,0.646054381472514,298.0,-0.3796522617340088,0.6765733283743539,6,False,E,A
3M63_A_B,2.233205556064364,298.0,-1.858893632888794,0.1199864265871121,19,True,D,A
3M63_A_B,0.5761627410919993,298.0,1.1857941150665283,0.0458475675166041,22,True,L,A
3M63_A_B,0.31123761067031563,298.0,-2.3545831441879277,0.0929133330757349,20,True,T,A
3M63_A_B,0.3461964813227925,298.0,-0.6259095668792725,0.2317866654961414,18,True,E,A
3M63_A_B,-0.1852097633064093,298.0,-1.9933903217315674,0.3111652625268641,16,True,R,A
3M63_A_B,0.12465081399829436,298.0,-3.8150160014629364,0.0019531938045881,23,True,G,A
3M63_A_B,3.6489417107197912,298.0,-4.947717785835266,4.190450382433428e-05,27,True,Y,A
3M63_A_B,1.838115370315378,298.0,-3.3021061420440674,0.0052886281409831,24,True,V,A
3M63_A_B,1.0886046118174872,298.0,-2.9410719871520996,0.0810352911765057,18,True,I,A
3M63_A_B,1.7907151455762835,298.0,-2.9210853576660156,0.0343278432697573,20,True,F,A
3SEK_B_C,2.8859827677716123,298.0,-0.8860538005828857,0.1086373371521639,22,True,L,E
3SEK_B_C,4.453752913054468,298.0,0.4999890327453611,0.2854895267191319,16,True,L,E
3SEK_B_C,4.453752913054468,298.0,-0.6138696670532227,0.3300709422824573,14,True,F,E
3SEK_B_C,4.213641879747402,298.0,-2.893396556377411,0.5393833445411349,12,False,L,E
3SEK_B_C,2.6797201853789505,298.0,-0.22093892097473145,0.2854895267191319,16,True,L,A
3SEK_B_C,2.22839100374968,298.0,-0.812870979309082,0.3300709422824573,14,True,F,A
3SEK_B_C,3.4073194706070438,298.0,-2.823671042919159,0.5393833445411349,12,False,L,A
3HH2_AB_C,0.6840837641505998,298.0,-1.9217916727066036,0.1637666872400189,25,True,V,E
3HH2_AB_C,0.7129766491354614,298.0,-2.0606975555419926,0.0230601814133685,19,True,F,E
3HH2_AB_C,0.8618017042457655,298.0,-0.5535061359405518,0.166873445694543,20,True,I,E
3HH2_AB_C,0.8162264013601377,298.0,-4.780009686946869,0.0427220893085584,19,True,F,E
3HH2_AB_C,1.324714368599027,298.0,-1.814985752105713,0.0230601814133685,19,True,F,A
3HH2_AB_C,0.7129766491354614,298.0,-1.207233190536499,0.166873445694543,20,True,I,A
3HH2_AB_C,1.2722742268622604,298.0,-3.969848096370697,0.0427220893085584,19,True,F,A
3B4V_AB_C,0.8209450452329897,298.0,0.03875589370727539,0.1465740990081821,22,True,L,E
3B4V_AB_C,4.131537274189843,298.0,-5.048656091094017,0.0,21,True,L,E
3B4V_AB_C,3.879462466854863,298.0,-2.3809018135070796,0.1495558425123634,22,True,F,E
3B4V_AB_C,4.090680615177067,298.0,-5.3998387306928635,0.0011521818393364,21,True,L,E
3B4V_AB_C,3.5789691628886766,298.0,-4.788525685667992,0.0,21,True,L,A
3B4V_AB_C,3.848450843750125,298.0,-0.39787197113037065,0.1495558425123634,22,True,F,A
3B4V_AB_C,3.391638413012278,298.0,-4.945866867899895,0.0011521818393364,21,True,L,A
2B0U_AB_C,0.0,298.0,1.487030506134034,0.0581671604742607,23,True,V,E
2B0U_AB_C,0.41047252261649486,298.0,-0.910248756408691,0.0792917481290637,19,True,F,E
2B0U_AB_C,0.24011103330706618,298.0,-4.576323568820953,0.1051527417877398,20,True,I,E
2B0U_AB_C,0.0,298.0,0.3946039676666264,0.1383966147502263,18,True,F,E
2B0U_AB_C,0.5426151598260329,298.0,-1.230232954025268,0.0792917481290637,19,True,F,A
2B0U_AB_C,0.0,298.0,-4.187347948551178,0.1051527417877398,20,True,I,A
2B0U_AB_C,0.0,298.0,-0.7153968811035152,0.1383966147502263,18,True,F,A
4HFK_A_BD,1.3915088644819469,298.0,-3.7867273092269897,0.0324824264479058,27,True,R,A
4HFK_A_BD,2.524333218946118,298.0,-3.0005569458007812,0.0352814911243997,27,True,L,A
4HFK_A_BD,1.1880396206308514,298.0,-3.0111783742904663,0.0686660535261498,24,True,E,A
4HFK_A_BD,0.20145172996128502,298.0,-4.594070330262184,0.0006607228715542,21,True,S,A
4HFK_A_BD,-0.020151963591548305,298.0,-1.3585820198059082,0.5184669577832589,14,True,N,A
4HFK_A_BD,0.030044897621720135,298.0,-5.554258346557617,0.0856783205295121,18,True,L,A
4HFK_A_BD,0.9419769123741778,298.0,-1.4461426734924316,0.1243961048947829,16,True,E,A
4HFK_A_BD,1.8493816118375364,298.0,-2.0062191486358647,0.3002743244598617,22,True,T,A
3KBH_A_E,0.8730160623097967,298.0,-0.658275842666626,0.2952633874056772,15,False,D,A
3KBH_A_E,1.811979372612353,298.0,-4.0463292598724365,0.0616954902601356,21,True,Y,A
3KBH_A_E,1.6151703700219506,298.0,-1.081034541130066,0.0616954902601356,21,True,Y,F
3KBH_A_E,0.09997346905285283,298.0,-2.3888227939605717,0.0078062729042107,28,True,Y,A
3KBH_A_E,1.856501867976997,298.0,-1.953258752822876,0.0430691731202557,23,True,S,A
3KBH_A_E,2.4895564201904192,298.0,-1.190197229385376,0.0430691731202557,23,True,S,T
2AJF_A_E,0.5851408430750865,298.0,-2.05985689163208,0.1270960478278681,20,True,D,A
2AJF_A_E,1.451750584608139,298.0,-4.651113867759705,8.028343182684427e-05,21,True,Y,A
2AJF_A_E,1.3971684666889341,298.0,-1.1028904914855957,8.028343182684427e-05,21,True,Y,F
4I77_HL_Z,0.0,298.0,-0.684989333152771,0.3154539747225295,18,True,Y,F
4I77_HL_Z,0.0,298.0,-0.9698771238327031,0.3154539747225295,18,True,Y,A
4I77_HL_Z,0.0,298.0,0.40031778812408425,0.0710580377739286,25,True,Y,F
4I77_HL_Z,0.9411239084146137,298.0,-4.256918549537659,0.0710580377739286,25,True,Y,A
4I77_HL_Z,0.0,298.0,-1.6034542322158813,0.0016546931879356,25,True,Y,F
4I77_HL_Z,1.6915635873740382,298.0,-3.7770885229110718,0.0016546931879356,25,True,Y,A
4I77_HL_Z,2.1237548396113834,298.0,-5.820671364665031,0.3275967732618883,19,True,D,A
4I77_HL_Z,2.098622920871319,298.0,-1.5668555498123171,0.0315275883267761,23,True,W,F
4I77_HL_Z,2.1138296909801153,298.0,-2.5577813386917114,0.0315275883267761,23,True,W,A
4I77_HL_Z,0.0,298.0,-1.53829687833786,0.3178570428733979,17,True,Y,F
4I77_HL_Z,0.0,298.0,-3.4600810408592224,0.3178570428733979,17,True,Y,A
4I77_HL_Z,1.721428066789811,298.0,-4.774607986211777,0.0361018124748346,25,True,N,A
4I77_HL_Z,0.0,310.0,-0.684989333152771,0.3154539747225295,18,True,Y,F
4I77_HL_Z,0.0,310.0,-0.9698771238327031,0.3154539747225295,18,True,Y,A
4I77_HL_Z,0.0,310.0,0.40031778812408425,0.0710580377739286,25,True,Y,F
4I77_HL_Z,2.366553151780586,310.0,-4.256918549537659,0.0710580377739286,25,True,Y,A
4I77_HL_Z,0.6558970729481022,310.0,-1.6034542322158813,0.0016546931879356,25,True,Y,F
4I77_HL_Z,2.703311747130422,310.0,-3.7770885229110718,0.0016546931879356,25,True,Y,A
4I77_HL_Z,3.1148148587306475,310.0,-5.820671364665031,0.3275967732618883,19,True,D,A
4I77_HL_Z,2.9336568479874425,310.0,-1.5668555498123171,0.0315275883267761,23,True,W,F
4I77_HL_Z,3.0263580970926043,310.0,-2.5577813386917114,0.0315275883267761,23,True,W,A
4I77_HL_Z,0.0,310.0,-1.53829687833786,0.3178570428733979,17,True,Y,F
4I77_HL_Z,1.6301313059132096,310.0,-3.4600810408592224,0.3178570428733979,17,True,Y,A
4I77_HL_Z,1.0388776021870074,310.0,-4.774607986211777,0.0361018124748346,25,True,N,A
2AW2_A_B,2.5744374477294474,298.0,-3.4149692058563232,0.0153414562122684,30,True,P,A
2AW2_A_B,1.8842400174523888,298.0,-4.911552309989929,0.1571157833788595,25,True,Y,A
2AW2_A_B,1.0959006384745251,298.0,-2.700654983520508,0.0562196104114576,22,True,V,A
3L5X_A_HL,-0.8288515268032568,298.0,-2.251458168029785,0.2799350433116475,15,False,Y,A
4JPK_HL_A,0.5945947067874602,298.0,-1.984121322631836,0.4791195103510884,15,True,V,N
4JPK_HL_A,2.1516945332478565,298.0,-3.0425015687942505,0.0880129675206918,26,False,S,G
4JPK_HL_A,1.1672864151401479,298.0,-2.769086092710495,0.0110371297585281,28,False,F,L
4JPK_HL_A,0.758702846829601,298.0,1.3159950971603391,0.3306757012076881,16,True,R,T
4JPK_HL_A,0.23006599153195684,298.0,1.150039553642273,0.5431537775483388,12,False,R,K
4JPK_HL_A,1.3875170900765388,298.0,-1.7535438537597656,0.1121997773639086,26,True,F,I
4JPK_HL_A,-0.03209334969682992,298.0,-1.4816865921020508,0.088584748415494,17,False,T,S
4JPK_HL_A,3.857322068633167,298.0,-0.8752481937408447,0.2156206310849208,15,True,D,R
4FZA_A_B,0.5426151598260328,298.0,-0.082763671875,0.071614159189136,21,True,F,E
4FZA_A_B,1.270214445054126,298.0,-4.2782593965530396,0.0232324115191449,20,True,Y,A
4FZA_A_B,1.0274367577011738,298.0,-0.8189983367919922,0.0252390979432017,22,True,R,A
4FZA_A_B,0.42522184320480677,298.0,-1.385838508605957,0.2081520197849357,16,True,E,A
1BJ1_HL_VW,2.242527942318427,298.0,-3.229723334312439,0.1722839347632348,17,False,Y,A
1BJ1_HL_VW,1.3276591119757897,298.0,-0.7453205585479736,0.3188876607485534,19,True,Y,A
1BJ1_HL_VW,0.8506667430512536,298.0,-2.31589674949646,0.1374200075963533,18,True,T,A
1BJ1_HL_VW,4.438760044581662,298.0,0.9407565593719482,0.0,26,True,Y,A
1BJ1_HL_VW,0.7896524320053998,298.0,-1.2973172664642336,0.0789623810482438,20,False,H,A
1BJ1_HL_VW,-0.1372698265782766,298.0,-0.7105913162231445,0.3188876607485534,19,True,Y,W
1BJ1_HL_VW,-0.22003498621748713,298.0,1.9143439531326294,0.4499762940382217,13,False,T,D
1BJ1_HL_VW,-0.7626501460435201,298.0,-0.8295280933380127,0.0869495538172243,20,True,N,H
1BJ1_HL_VW,-1.5835951912765098,298.0,1.6479822397232056,0.2230577628360077,14,True,H,Y
1BJ1_HL_VW,-0.3903964755269158,298.0,-0.042689561843871626,0.3745323636739222,10,False,S,T
1CZ8_HL_VW,0.040856659012775756,298.0,-3.568399727344513,0.0531232765315275,22,False,L,M
1MHP_HL_A,-0.5398543777963524,298.0,-1.9812519550323486,0.4403271062928464,13,False,S,Q
1MHP_HL_A,0.924543040145032,298.0,-0.34001278877258256,0.0949420068209637,15,True,L,K
1MHP_HL_A,-0.2631976952836319,298.0,-0.7855281829833984,0.0,26,False,T,V
1MHP_HL_A,-0.12263980251260759,298.0,-3.286087989807129,0.1044606942572989,19,False,L,D
1MHP_HL_A,-0.1552292991861037,298.0,-0.6767935752868657,0.4650774653929972,10,False,K,E
1MHP_HL_A,-0.1552292991861037,298.0,-0.6027548313140874,0.4650774653929972,10,False,K,Q
1MHP_HL_A,-0.12263980251260759,298.0,-1.3602592945098881,0.4650774653929972,10,False,K,D
1MHP_HL_A,-0.07254288253920378,298.0,-1.329201698303223,0.4650774653929972,10,False,K,N
1MHP_HL_A,-0.6661125825794838,298.0,-1.9812519550323486,0.4403271062928464,13,False,S,Q
1MHP_HL_A,-0.10324975222467626,298.0,-0.8590691089630123,0.3341256457957213,14,False,N,Y
1MHP_HL_A,0.10213399744750189,298.0,-3.29616641998291,0.2914287101067613,22,True,G,M
1MHP_HL_A,-0.06705600449115807,298.0,0.5427947044372559,0.2351951012086616,17,False,S,R
1MHP_HL_A,-0.1773696974077998,298.0,0.7470006942749023,0.3341256457957213,14,False,N,E
1MHP_HL_A,0.0,298.0,0.5763516426086421,0.3696863355166623,19,False,F,W
1MHP_HL_A,0.5738258038275524,298.0,-1.8959972858428955,0.2914287101067613,22,True,G,F
1MHP_HL_A,0.0,298.0,-0.6846747398376465,0.4698986040256349,18,True,G,Y
1MHP_HL_A,0.0,298.0,0.5763516426086421,0.3696863355166623,19,False,F,W
1MHP_HL_A,1.0493292265688328,298.0,-1.2832345962524414,0.0900792995073859,18,True,N,V
1MHP_HL_A,1.1237974144393221,298.0,-0.46554350852966264,0.1235036704933029,23,True,H,R
1MHP_HL_A,1.1641664763287907,298.0,-0.9600305557250977,0.1235036704933029,23,True,H,K
1MHP_HL_A,0.7978583832564241,298.0,-0.34001278877258256,0.0949420068209637,15,True,L,K
1MHP_HL_A,0.8448405446722607,298.0,0.19275689125061035,0.3341256457957213,14,False,N,R
1MHP_HL_A,0.6575097947958618,298.0,0.5867404937744141,0.3341256457957213,14,False,N,K
1MHP_HL_A,1.3073277569827952,298.0,-0.570145845413208,0.4478404056269115,17,True,R,Q
1MHP_HL_A,2.7271204101180455,298.0,-2.2181825637817383,0.0,26,False,S,Q
1MHP_HL_A,0.0,298.0,-0.7855281829833984,0.0,26,False,T,V
1MHP_HL_A,0.5440069035284308,298.0,-4.299345538020134,0.1573300868957731,19,False,Y,E
1MHP_HL_A,0.0,298.0,-3.286087989807129,0.1044606942572989,19,False,L,D
1MHP_HL_A,0.0,298.0,-0.6767935752868657,0.4650774653929972,10,False,K,E
1MHP_HL_A,0.0,298.0,-0.6027548313140874,0.4650774653929972,10,False,K,Q
1MHP_HL_A,-0.22024403017075517,298.0,-1.3602592945098881,0.4650774653929972,10,False,K,D
1MHP_HL_A,0.0,298.0,-1.329201698303223,0.4650774653929972,10,False,K,N
1MHP_HL_A,-0.8568461383162226,298.0,-1.9812519550323486,0.4403271062928464,13,False,S,Q
1MHP_HL_A,1.9075671085874533,298.0,-1.366586685180664,0.0900792995073859,18,True,N,Y
1MHP_HL_A,1.5726845857099137,298.0,-1.7959413528442383,0.0900792995073859,18,True,N,W
1MHP_HL_A,0.0,298.0,-0.8590691089630123,0.3341256457957213,14,False,N,Y
1MHP_HL_A,2.31664788750155,298.0,0.09601068496704057,0.1318861054595932,18,True,S,T
1MHP_HL_A,2.7271204101180455,298.0,-1.3634858131408691,0.1318861054595932,18,True,S,R
1MHP_HL_A,1.5726845857099137,298.0,0.7529444694519043,0.1263709496880209,20,False,G,Q
1MHP_HL_A,0.5126065200639968,298.0,1.0457899570465088,0.1263709496880209,20,False,G,S
1MHP_HL_A,2.0758397538517137,298.0,-4.510480046272278,0.00925540991714,27,True,S,M
1MHP_HL_A,0.675593235696776,298.0,1.328702449798584,0.1080741869962382,24,True,G,S
1MHP_HL_A,0.5126065200639968,298.0,2.5567188262939453,0.1080741869962382,24,True,G,A
1MHP_HL_A,1.3635602050590228,298.0,-1.2995071411132812,0.4698986040256349,18,True,G,I
1MHP_HL_A,1.1641664763287907,298.0,0.6695864200592037,0.4698986040256349,18,True,G,T
1MHP_HL_A,2.0758397538517137,298.0,-2.1154621839523315,0.1003309197627226,23,True,Y,Q
1MHP_HL_A,2.0758397538517137,298.0,-1.2967454195022583,0.1003309197627226,23,True,Y,E
1MHP_HL_A,0.8209450452329897,298.0,-2.866416335105896,0.1003309197627226,23,True,Y,W
1MHP_HL_A,0.10213399744750189,298.0,-3.29616641998291,0.2914287101067613,22,True,G,M
1MHP_HL_A,-0.36360845606051717,298.0,0.5427947044372559,0.2351951012086616,17,False,S,R
1MHP_HL_A,0.7122795487926911,298.0,-0.1429820060729976,0.0949420068209637,15,True,L,F
1MHP_HL_A,1.9075671085874533,298.0,0.3709914684295659,0.0949420068209637,15,True,L,W
1MHP_HL_A,0.5007623917931924,298.0,-0.18441224098205522,0.3341256457957213,14,False,N,D
1MHP_HL_A,0.0,298.0,0.7470006942749023,0.3341256457957213,14,False,N,E
1MHP_HL_A,2.0758397538517137,298.0,0.09393024444580078,0.0539358537288444,26,True,W,Q
1MHP_HL_A,1.7740327276755175,298.0,-1.3106215000152592,0.1318861054595932,18,True,S,Q
1MHP_HL_A,0.4343680220557658,298.0,-2.147789090871811,0.0136423131500195,28,True,T,V
1MHP_HL_A,2.7271204101180455,298.0,-3.335007756948471,0.0136423131500195,28,True,T,N
1MHP_HL_A,1.5726845857099137,298.0,-0.41448140144348145,0.0,26,False,S,A
1MHP_HL_A,0.0,298.0,0.5763516426086421,0.3696863355166623,19,False,F,W
1MHP_HL_A,0.7546687468094424,298.0,0.3943543434143062,0.3696863355166623,19,False,F,Y
1MHP_HL_A,2.7271204101180455,298.0,-2.6593790054321294,0.2914287101067613,22,True,G,L
1MHP_HL_A,0.20420994022383337,298.0,-1.8959972858428955,0.2914287101067613,22,True,G,F
1MHP_HL_A,0.5577473499493579,298.0,-1.6066508293151855,0.2914287101067613,22,True,G,S
1MHP_HL_A,1.2553130672887556,298.0,-0.6180572509765625,0.1235036704933029,23,True,H,W
1MHP_HL_A,1.2553130672887556,298.0,1.1419167518615727,0.1080741869962382,24,True,G,N
1MHP_HL_A,0.0,298.0,-0.6846747398376465,0.4698986040256349,18,True,G,Y
1MHP_HL_A,0.0,298.0,0.5763516426086421,0.3696863355166623,19,False,F,W
1MHP_HL_A,0.7546687468094424,298.0,0.3943543434143062,0.3696863355166623,19,False,F,Y
2B2X_HL_A,-0.1569932766507105,298.0,0.21245932579040527,0.5084846337043771,14,False,E,K
2B2X_HL_A,0.09012596475472676,298.0,1.6574032306671156,0.0003088662466708,27,False,V,T
2B2X_HL_A,-0.22410501373546296,298.0,1.146576166152954,0.365084006150518,15,True,Y,E
2B2X_HL_A,0.09012596475472676,298.0,0.21245932579040527,0.5084846337043771,14,False,E,K
2B2X_HL_A,-0.04201667245481115,298.0,1.6574032306671156,0.0003088662466708,27,False,V,T
1MLC_AB_E,-0.8773864634952826,298.0,-0.2993159294128418,0.0387447031917804,24,True,N,G
1MLC_AB_E,-1.2533529152821514,298.0,2.0555126667022705,0.0416321371921596,23,True,N,A
1MLC_AB_E,-0.15094379323018023,298.0,3.5022154450416565,0.5360732611475512,9,False,T,D
1MLC_AB_E,0.4470066319789243,298.0,-0.5433936119079594,0.0842613616380404,18,True,T,A
1MLC_AB_E,0.5262402914895932,298.0,-2.214357376098633,0.0842613616380404,18,True,T,V
1MLC_AB_E,-0.3790215918708386,298.0,0.7668850421905522,0.0405528476863915,19,True,S,A
1MLC_AB_E,-0.4941805476225437,298.0,2.335698544979096,0.0405528476863915,19,True,S,V
1MLC_AB_E,-0.5596822394310026,298.0,-3.9193589091300964,0.2563946872116698,21,False,T,D
1MLC_AB_E,0.01854874996178089,298.0,-1.4167392253875732,0.612316603619935,13,False,K,D
1MLC_AB_E,0.0,298.0,-0.12809133529663086,0.0387447031917804,24,True,N,Y
1MLC_AB_E,0.13214263720953795,298.0,-2.501664161682129,0.0842613616380404,18,True,T,W
1YY9_CD_A,-0.19925437429429038,298.0,-4.405056148767471,0.4503810261889313,13,False,S,D
1YY9_CD_A,-0.5189245338268956,298.0,-1.9317297935485842,0.3173128407214923,18,False,T,E
1YY9_CD_A,-0.7418695341203232,298.0,-0.1460280418395996,0.0700317434214081,22,True,N,A
1YY9_CD_A,-0.057045998889384365,298.0,-1.3434445858001707,0.1677715192360752,19,True,N,A
1YY9_CD_A,-0.057045998889384365,298.0,0.1657266616821289,0.545352030992564,9,False,T,E
1N8Z_AB_C,0.06666315173945234,310.0,0.5943200588226318,0.0132329852701784,21,True,N,S
1N8Z_AB_C,0.03423286856255429,310.0,1.5274720191955566,0.0471347666569069,25,True,H,F
1N8Z_AB_C,0.3216859523920325,310.0,-0.821709394454956,0.106144231078408,21,True,T,S
1N8Z_AB_C,-0.7130292480402328,310.0,-1.7737398147583008,0.5144770591336302,13,False,D,W
1N8Z_AB_C,0.8540032349739154,310.0,0.06929624080657959,0.0726965773512397,25,True,Y,F
1N8Z_AB_C,0.23192265131195494,310.0,0.3973134756088257,0.2148613529610135,21,False,Y,V
1N8Z_AB_C,2.975475032472945,303.0,-0.033785343170166016,0.0,24,True,R,A
1N8Z_AB_C,1.8037983774687307,303.0,-0.7096641063690181,0.1892457532577297,22,True,R,A
2NYY_DC_A,-0.2303216905141779,296.0,-0.6168736219406128,0.4304284471136737,13,True,S,A
2NYY_DC_A,0.29098639719422204,296.0,-2.1482925415039062,0.4019034245976185,16,True,K,A
2NYY_DC_A,0.5208143561155204,296.0,-1.138994455337524,0.0885557105120019,15,False,Q,A
2NYY_DC_A,0.419365821738136,296.0,-1.1828193664550781,0.1585900126255707,22,True,F,A
2NYY_DC_A,0.890440245970065,296.0,-3.1033486872911453,0.0199392505700274,23,True,N,A
2NYY_DC_A,2.589209962967786,296.0,-2.501148462295532,0.061830612733118,23,True,L,A
2NYY_DC_A,2.8391314691054594,296.0,-0.7768137454986572,0.0774411204726182,22,True,E,A
2NYY_DC_A,-0.14014580101026752,296.0,-3.8712199330329895,0.2934515150809865,21,False,K,A
2NYY_DC_A,4.058501760948707,296.0,-2.3776899576187134,0.0335310182104314,24,True,F,A
2NYY_DC_A,0.09934819078872777,296.0,-2.1855154037475586,0.034612812387766,24,True,N,A
2NYY_DC_A,0.0,296.0,-0.6550955772399902,0.2868787394576209,18,True,S,A
2NYY_DC_A,-0.009487500287704625,296.0,-3.7349658012390137,0.2260156832697235,19,True,I,A
2NYY_DC_A,-0.02893430498087111,296.0,-1.4273698329925537,0.1328791974713733,25,False,K,A
2NYY_DC_A,0.009336898669881286,296.0,-2.7325148582458496,0.3122083896766042,18,True,D,A
2NYY_DC_A,0.820122322064863,296.0,-0.5120506286621098,0.3151823887196341,17,True,R,A
2NYY_DC_A,2.5297930640097075,296.0,-4.926962614059448,0.0189496411323223,22,False,D,A
2NYY_DC_A,1.630870693885671,296.0,-0.4189305305480957,0.0688749266666305,25,True,T,A
2NYY_DC_A,7.319427268768097,296.0,-3.6579915285110474,0.0184862067969828,20,True,H,A
2NYY_DC_A,0.29953200414119585,296.0,-1.9845972061157227,0.4451990644598886,14,True,R,A
2NZ9_DC_A,-0.11948043082416006,296.0,-1.057439923286438,0.5384412281792643,13,True,S,A
2NZ9_DC_A,0.5407009442261658,296.0,-1.8755180835723873,0.4129992779425724,16,True,K,A
2NZ9_DC_A,0.09926051350752814,296.0,-1.5637953281402588,0.0779208876256956,16,False,Q,A
2NZ9_DC_A,-0.04961049800352246,296.0,-2.134952306747437,0.1702648069801507,22,True,F,A
2NZ9_DC_A,2.160031290132344,296.0,-2.982355996966362,0.0125366585673925,24,True,N,A
2NZ9_DC_A,2.2799642665477884,296.0,-2.8054437637329097,0.03120665639263,24,True,L,A
2NZ9_DC_A,2.7703592680860214,296.0,-1.8201556205749512,0.0663469442677564,21,True,E,A
2NZ9_DC_A,-0.299753490452991,296.0,-3.1303822994232178,0.3006912866412846,21,False,K,A
2NZ9_DC_A,3.340438225057939,296.0,-0.8402276039123535,0.0280036849903291,24,True,F,A
2NZ9_DC_A,-0.15216729887098615,296.0,-2.0338714122772217,0.0361531559102394,25,True,N,A
2NZ9_DC_A,-0.07854480298439359,296.0,-0.5058038234710693,0.3259378192195182,19,True,S,A
2NZ9_DC_A,0.0692814262526869,296.0,-2.3594188690185547,0.2514128660237649,19,True,I,A
2NZ9_DC_A,-0.0087144151747359,296.0,-1.8038461208343501,0.1303197538083713,25,False,K,A
2NZ9_DC_A,-0.031082595689149825,296.0,-2.61820650100708,0.3047361861204614,18,True,D,A
2NZ9_DC_A,0.2908808977292097,296.0,-0.542686939239502,0.2996416521854534,17,True,R,A
2NZ9_DC_A,2.3396026528105094,296.0,-4.002818286418916,0.0109419649295106,22,False,D,A
2NZ9_DC_A,2.3703813413548978,296.0,-0.4933478832244873,0.0325205569081984,25,True,T,A
2NZ9_DC_A,7.419701127593354,296.0,-2.5729355812072754,0.0209174204098128,20,True,H,A
2NZ9_DC_A,0.39015779438227055,296.0,-1.6470494270324711,0.4514858025844552,13,True,R,A
2NYY_DC_A,-0.05986982921892343,296.0,-1.0533955097198482,0.0003317340769676,24,False,M,Q
2NYY_DC_A,0.07138594465363773,296.0,-0.8566548824310303,0.461329656138179,17,False,K,R
2NYY_DC_A,0.06462480968996004,296.0,1.1035801172256468,0.2268900226701606,17,True,Y,D
2NYY_DC_A,0.12897440475961977,296.0,0.2389669418334961,0.2268900226701606,17,True,Y,Q
2NYY_DC_A,0.5196860713726449,296.0,1.4788707494735716,0.1132718320334212,18,True,Y,Q
2NYY_DC_A,0.41338268289855706,296.0,-3.5052884221076965,0.2462082537464616,21,True,S,Q
2NYY_DC_A,0.64113544429065,296.0,-4.062298238277435,0.1957252654219058,22,True,D,Y
2NYY_DC_A,-0.3533825535561593,296.0,-1.3011457920074467,0.0116674185320136,25,True,S,N
2NYY_DC_A,0.10088466253461889,296.0,-0.47269630432128906,0.24111692577672,23,True,H,R
2NYY_DC_A,-0.21317143001094352,296.0,-0.6752195358276367,0.0003935698441292,25,False,V,I
2NYY_DC_A,-0.24798705014975697,296.0,0.3114902973175049,0.02481721201923,24,False,E,Q
3MZW_A_B,-0.14515825285111109,298.0,-1.3268495798110962,0.4155033886562268,11,False,N,T
3MZW_A_B,0.07260346119741219,298.0,-2.1043826341629024,0.4155033886562268,11,False,N,G
3MZW_A_B,0.02520323645831765,298.0,-2.472647786140442,0.4155033886562268,11,False,N,A
3NGB_HL_G,0.08419383746799053,298.0,-2.779306173324586,0.1311467224210258,20,False,T,Y
3NGB_HL_G,0.743043343568668,298.0,-1.0497949123382564,0.0853981861914799,23,True,G,S
3NGB_HL_G,-0.05603032024314529,298.0,-1.845618486404419,0.1246460681262104,27,True,A,G
3NGB_HL_G,0.1378722005083076,298.0,-0.4428589344024658,0.0792621738812965,24,True,V,T
3NGB_HL_G,0.23252321441023988,298.0,0.18399834632873535,0.5527021520314428,12,True,P,K
3NGB_HL_G,0.1649392058939123,298.0,-1.1477539539337158,0.1884489479369015,19,True,V,T
3NGB_HL_G,0.3325708209521731,298.0,1.108576774597168,0.5987609879029628,12,True,Y,S
3NGB_HL_G,0.073393781176987,298.0,2.9354500770568848,0.235006179911235,13,True,I,T
3NGB_HL_G,0.17496996916507154,298.0,0.6672297716140743,0.1857258200531947,24,True,K,N
3NGB_HL_G,0.04645044639147346,298.0,-2.504404067993164,0.3765350696490027,21,True,R,N
3NGB_HL_G,0.09654989439247522,298.0,-0.18921136856079013,0.1650017147680424,15,True,R,Q
3NGB_HL_G,0.651268560826778,298.0,1.6592334508895874,0.6083472178264425,11,True,Y,S
3S9D_A_B,-0.2112181483222045,298.0,-0.7259067296981812,0.3106333869680409,14,True,S,A
3S9D_A_B,1.0095291007048206,298.0,-1.157909870147705,0.0192118712931763,24,True,L,A
3S9D_A_B,0.5184409187140231,298.0,1.031009793281555,0.3631263056404228,16,True,F,A
3S9D_A_B,0.0,298.0,-1.6557472944259646,0.4258821437026446,13,False,S,A
3S9D_A_B,3.680208092560573,298.0,-2.1467551589012146,0.1013308975133411,20,True,L,A
3S9D_A_B,0.49323768225570536,298.0,-0.3475265502929692,0.6473506139408963,8,False,K,A
3S9D_A_B,0.38009731727618046,298.0,-0.4250190258026123,0.0448661701089213,18,False,D,A
3S9D_A_B,3.680208092560573,298.0,-0.9971041679382324,0.096972571685357,22,True,R,A
3S9D_A_B,0.41047252261649486,298.0,-0.6462371349334717,0.3752253990371866,18,True,H,A
3S9D_A_B,0.2401110333070661,298.0,-4.6284332275390625,0.3536926168691061,11,True,D,A
3S9D_A_B,0.0,298.0,-1.652369499206543,0.617360217007982,7,False,E,A
3S9D_A_B,0.10796839609752822,298.0,-0.12810897827148438,0.445704633624453,12,False,K,A
3S9D_A_B,0.34807942940459435,298.0,-2.4110313653945923,0.3510624147104455,15,False,R,A
3S9D_A_B,-0.06239309321190053,298.0,1.2080094814300537,0.4840606706332138,10,False,L,A
3S9D_A_B,0.27832988540695697,298.0,-1.7097158432006836,0.5111533790343368,11,False,K,A
3S9D_A_B,-0.13214263720953792,298.0,-1.6167078018188474,0.574515237419572,11,False,E,A
3S9D_A_B,0.7747772593836819,298.0,-3.0585583448410034,0.2950215659972534,16,False,K,A
3S9D_A_B,0.056441418262292826,298.0,-1.9270751476287842,0.3390069378235641,8,False,K,A
3S9D_A_B,1.5189288258956455,298.0,-3.093299090862274,0.0295042196103329,21,True,T,A
3S9D_A_B,3.680208092560573,298.0,-1.7738871574401855,0.0336275119178408,24,True,M,A
3S9D_A_B,0.4669139408787877,298.0,-2.3770288228988647,0.0546272944078241,22,True,S,A
3S9D_A_B,0.31423097849018977,298.0,-1.3113768100738525,0.3227263424165575,12,True,K,A
3S9D_A_B,0.650583555923561,298.0,-2.0422099828720093,0.3809052233984402,12,True,E,R
3S9D_A_B,0.19925437429429038,298.0,-2.1078141927719116,0.3809052233984402,12,True,E,A
3S9D_A_B,0.38009731727618046,298.0,-2.2664114236831665,0.4410354806004963,12,False,K,A
3S9D_A_B,0.7247035011066846,298.0,-1.248811960220337,0.0,20,False,W,F
3S9D_A_B,0.31423097849018977,298.0,-4.585098683834076,0.2135177595855697,13,False,S,A
3S9D_A_B,0.630507508833982,298.0,-1.4738024473190308,0.1609595687636209,21,True,H,A
3S9D_A_B,-0.2112181483222045,298.0,0.20804738998413086,0.1637761397992027,21,True,N,A
3S9D_A_B,0.7418695341203233,298.0,-2.3490192890167236,0.0267034746581519,22,True,W,A
3S9D_A_B,-0.06239309321190053,298.0,-2.5072641372680664,0.6855396883091682,11,False,D,R
3S9D_A_B,1.2788177925885793,298.0,-4.106157064437866,0.0685553862273175,20,True,L,A
3S9D_A_B,0.12419370346012083,298.0,1.7273571491241464,0.2983086519854236,20,True,M,A
3S9D_A_B,0.17036148930942874,298.0,-1.5392343997955322,0.331421018139114,18,True,R,A
3S9D_A_B,0.3589455447812595,298.0,-2.4074296951293945,0.516306441958044,12,False,R,A
3S9D_A_B,-0.13214263720953792,298.0,-4.303492367267609,0.2940691173325157,11,False,I,A
3S9D_A_B,-0.08474241247044337,298.0,-0.7259067296981812,0.3106333869680409,14,True,S,A
3S9D_A_B,1.0237138908087071,298.0,-1.157909870147705,0.0192118712931763,24,True,L,A
3S9D_A_B,0.8994033737230374,298.0,1.031009793281555,0.3631263056404228,16,True,F,A
3S9D_A_B,3.7543280377436967,298.0,-2.1467551589012146,0.1013308975133411,20,True,L,A
3S9D_A_B,2.6400959652559615,298.0,-1.5099045634269714,0.1013308975133411,20,True,L,V
3S9D_A_B,0.6505835559235611,298.0,-0.3475265502929692,0.6473506139408963,8,False,K,A
3S9D_A_B,0.630507508833982,298.0,-0.4250190258026123,0.0448661701089213,18,False,D,A
3S9D_A_B,4.671514627102991,298.0,-1.2419803142547607,0.096972571685357,22,True,R,K
3S9D_A_B,5.4154953458935795,298.0,-0.9971041679382324,0.096972571685357,22,True,R,A
3S9D_A_B,6.07927774353468,298.0,-1.276343584060669,0.096972571685357,22,True,R,Q
3S9D_A_B,0.5733850247429673,298.0,-0.6462371349334717,0.3752253990371866,18,True,H,A
3S9D_A_B,0.25312664894863923,298.0,-4.6284332275390625,0.3536926168691061,11,True,D,A
3S9D_A_B,0.019417696079248526,298.0,1.4376418590545645,0.3541199133908034,11,False,Q,A
3S9D_A_B,0.0,298.0,-2.4110313653945923,0.3510624147104455,15,False,R,A
3S9D_A_B,0.42989021869574345,298.0,-1.7097158432006836,0.5111533790343368,11,False,K,A
3S9D_A_B,-0.2112181483222044,298.0,-1.6167078018188474,0.574515237419572,11,False,E,A
3S9D_A_B,1.2788177925885793,298.0,-3.0585583448410034,0.2950215659972534,16,False,K,A
3S9D_A_B,0.1399862839691142,298.0,-1.9270751476287842,0.3390069378235641,8,False,K,A
3S9D_A_B,2.184505250292012,298.0,-3.4111263751983643,0.0199894088399108,22,False,R,A
3S9D_A_B,2.076536854194484,298.0,-1.9157979488372803,0.0243161683476881,23,True,A,G
3S9D_A_B,1.0577569799082,298.0,-1.8457748889923096,0.0243161683476881,23,True,A,M
3S9D_A_B,2.2883468932934,298.0,-1.809241533279419,0.0261272345308443,26,True,M,A
3S9D_A_B,3.0730024838556447,298.0,-1.783657908439636,0.1046047265570978,22,True,R,A
3S9D_A_B,0.9037102048722002,298.0,-1.3326723575592045,0.0141515833453291,20,True,S,A
3S9D_A_B,1.335259210850872,298.0,-1.2748968601226807,0.1674576916945299,17,True,L,A
3S9D_A_B,-0.08474241247044337,298.0,-0.3654816150665283,0.7071116405195541,11,True,N,A
3S9D_A_B,0.0,298.0,-0.25368118286132857,0.2000472386267274,20,False,Q,A
3S9D_A_B,0.17036148930942874,298.0,-0.7822787761688228,0.231176968189834,16,False,F,A
3S9D_A_B,0.0,298.0,0.0953736305236812,0.5367130105043405,13,False,N,A
3S9D_A_B,0.0,298.0,-2.9439105987548833,0.3612497442189143,13,False,S,A
3S9D_A_B,0.0,298.0,-5.24716591835022,0.3139387607951618,13,False,T,A
3S9D_A_B,0.0,298.0,-0.09126901626586914,0.721623477276214,8,False,K,A
3S9D_A_B,0.17036148930942874,298.0,0.7329192161560059,0.4349668578246737,11,False,S,A
3S9D_A_B,0.17036148930942874,298.0,-0.03354501724243164,0.4419280824776655,9,False,T,A
3S9D_A_B,0.3025041265189667,298.0,-4.464098036289215,0.1438986249312388,16,False,L,A
3S9D_A_B,0.0,298.0,-0.9216163158416748,0.4540753765465531,16,False,K,A
3S9D_A_B,0.3025041265189667,298.0,-1.1800198554992676,0.1757795129907648,14,False,Y,A
3S9D_A_B,0.17036148930942874,298.0,0.4425334930419922,0.4895154933415993,14,False,T,A
3S9D_A_B,0.3025041265189667,298.0,1.374104738235474,0.5111867470867296,12,False,Y,A
3S9D_A_B,0.17036148930942874,298.0,-0.062169551849365234,0.3774856300074235,14,False,Q,A
3S9D_A_B,0.17036148930942874,298.0,0.7641928195953369,0.3139951839708751,9,False,N,A
3S9D_A_B,0.17036148930942874,298.0,-0.9211446046829224,0.666988535351337,9,False,E,A
3S9D_A_B,0.6215919649341703,298.0,-1.2395591735839844,0.1960206788245827,17,True,R,A
3S9D_A_B,1.3635602050590228,298.0,-4.106157064437866,0.0685553862273175,20,True,L,A
3S9D_A_B,0.0,298.0,1.7273571491241464,0.2983086519854236,20,True,M,A
3S9D_A_B,-0.18098395659674849,298.0,0.6855056285858154,0.2504347989111578,19,True,A,W
3S9D_A_B,0.22003498621748716,298.0,-1.5392343997955322,0.331421018139114,18,True,R,A
3S9D_A_B,0.09634023368120401,298.0,-2.4074296951293945,0.516306441958044,12,False,R,A
3S9D_A_B,-0.08246914030147948,298.0,-4.303492367267609,0.2940691173325157,11,False,I,A
3S9D_A_B,0.0,298.0,-0.7259067296981812,0.3106333869680409,14,True,S,A
3S9D_A_B,0.8950649904161133,298.0,-1.157909870147705,0.0192118712931763,24,True,L,A
3S9D_A_B,0.7129766491354615,298.0,1.031009793281555,0.3631263056404228,16,True,F,A
3S9D_A_B,3.935903885117156,298.0,-2.1467551589012146,0.1013308975133411,20,True,L,A
3S9D_A_B,2.2319054750311067,298.0,-1.5099045634269714,0.1013308975133411,20,True,L,V
3S9D_A_B,0.7129766491354615,298.0,-0.3475265502929692,0.6473506139408963,8,False,K,A
3S9D_A_B,0.9247866882343773,298.0,-0.4250190258026123,0.0448661701089213,18,False,D,A
3S9D_A_B,6.27518586546908,298.0,-0.9971041679382324,0.096972571685357,22,True,R,A
3S9D_A_B,4.501153137793563,298.0,-1.2419803142547607,0.096972571685357,22,True,R,K
3S9D_A_B,0.638619781895647,298.0,-0.6462371349334717,0.3752253990371866,18,True,H,A
3S9D_A_B,0.41047252261649486,298.0,-4.6284332275390625,0.3536926168691061,11,True,D,A
3S9D_A_B,0.030769864916934352,298.0,0.5177037715911865,0.4250838586012015,12,False,R,K
3S9D_A_B,-0.07794860939715155,298.0,-0.12810897827148438,0.445704633624453,12,False,K,A
3S9D_A_B,0.2832443258340145,298.0,-2.4110313653945923,0.3510624147104455,15,False,R,A
3S9D_A_B,0.0,298.0,-1.7097158432006836,0.5111533790343368,11,False,K,A
3S9D_A_B,-0.16512086508299242,298.0,-1.6167078018188474,0.574515237419572,11,False,E,A
3S9D_A_B,0.2118100390989157,298.0,-3.0585583448410034,0.2950215659972534,16,False,K,A
3S9D_A_B,0.19500929036094908,298.0,-1.9270751476287842,0.3390069378235641,8,False,K,A
3S9D_A_B,2.076536854194484,298.0,-3.4111263751983643,0.0199894088399108,22,False,R,A
3S9D_A_B,1.0868073822959854,298.0,-1.8457748889923096,0.0243161683476881,23,True,A,M
3S9D_A_B,2.076536854194484,298.0,-1.9157979488372803,0.0243161683476881,23,True,A,G
3S9D_A_B,2.076536854194484,298.0,-1.809241533279419,0.0261272345308443,26,True,M,A
3S9D_A_B,2.7271204101180455,298.0,-1.783657908439636,0.1046047265570978,22,True,R,A
3S9D_A_B,1.3635602050590228,298.0,-1.3326723575592045,0.0141515833453291,20,True,S,A
3S9D_A_B,1.3635602050590228,298.0,-1.2748968601226807,0.1674576916945299,17,True,L,A
3S9D_A_B,0.0,298.0,-0.3654816150665283,0.7071116405195541,11,True,N,A
3S9D_A_B,0.0,298.0,-0.39590239524841264,0.585339662369466,9,False,E,R
3S9D_A_B,1.3077106775734408,298.0,-3.9398409128189087,0.0712768244052168,23,False,Y,A
3S9D_A_B,1.6660643315779893,298.0,-3.093299090862274,0.0295042196103329,21,True,T,A
3S9D_A_B,1.7740327276755175,298.0,-4.119512438774109,0.1407729079089198,20,False,I,A
3S9D_A_B,2.31664788750155,298.0,-1.7738871574401855,0.0336275119178408,24,True,M,A
3S9D_A_B,1.8232522677404948,298.0,-1.3125464916229248,0.0336275119178408,24,True,M,V
3S9D_A_B,0.5426151598260328,298.0,-2.3770288228988647,0.0546272944078241,22,True,S,A
3S9D_A_B,0.6937168484505094,298.0,-1.3113768100738525,0.3227263424165575,12,True,K,A
3S9D_A_B,0.2118100390989157,298.0,-2.1078141927719116,0.3809052233984402,12,True,E,A
3S9D_A_B,0.0,298.0,0.4955604076385507,0.6715263838991462,7,False,D,A
3S9D_A_B,0.5889211064475307,298.0,-2.2664114236831665,0.4410354806004963,12,False,K,A
3S9D_A_B,0.17036148930942874,298.0,-2.5902044773101807,0.4673831791791164,12,False,R,A
3S9D_A_B,0.273374319477414,298.0,-4.585098683834076,0.2135177595855697,13,False,S,A
3S9D_A_B,0.2556957925565833,298.0,-2.0917173624038696,0.0881766347646735,16,False,T,A
3S9D_A_B,0.638619781895647,298.0,-1.4738024473190308,0.1609595687636209,21,True,H,A
3S9D_A_B,2.411308157863734,298.0,-3.5501593351364136,0.0877560401452968,20,True,E,A
3S9D_A_B,-0.1677353800266006,298.0,1.6955952644348145,0.0647714966874544,24,True,A,M
3S9D_A_B,2.31664788750155,298.0,-4.508043885231018,0.0031307525225148,23,True,V,A
3S9D_A_B,0.043744739842809126,298.0,0.9588229656219478,0.3721407154353598,20,False,H,A
3S9D_A_B,-0.13214263720953792,298.0,0.20804738998413086,0.1637761397992027,21,True,N,A
3S9D_A_B,1.0477479528047113,298.0,-2.3490192890167236,0.0267034746581519,22,True,W,A
3S9D_A_B,1.4957028422685605,298.0,-4.02020263671875,0.1914984637564581,17,True,I,A
3S9D_A_B,1.0477479528047113,298.0,-5.108368694782257,0.3400032541318784,15,False,D,A
3S9D_A_B,-0.09856841027447208,298.0,-2.5072641372680664,0.6855396883091682,11,False,D,R
3S9D_A_B,0.0,298.0,0.5977554321289062,0.2998804119082163,16,True,H,A
3SE4_B_C,1.3635602050590228,298.0,-2.4946399331092834,0.0183814114205112,21,True,T,A
3SE4_B_C,1.665471848614309,298.0,-2.237586259841919,0.0511372788254755,24,True,M,A
3SE4_B_C,1.1648977215414433,298.0,0.9218004941940308,0.0511372788254755,24,True,M,V
3SE4_B_C,0.2118100390989157,298.0,-2.073416590690613,0.1667471603118457,20,True,S,A
3SE4_B_C,-0.6099638189674763,298.0,-0.46208262443542436,0.2208742451218276,18,True,H,A
3SE4_B_C,1.3635602050590228,298.0,-3.1367008686065674,0.1021631586939914,21,True,E,A
3SE4_B_C,1.1648977215414433,298.0,-4.455823600292206,0.0021858821935158,23,True,V,A
3SE4_B_C,1.208783474999111,298.0,-3.6608853340148926,0.1793980401225879,18,True,I,A
3SE4_B_C,-0.41047252261649486,298.0,0.6271226406097408,0.1919727114500076,20,False,H,A
3SE3_B_A,-0.34760586946508376,298.0,-2.1923863887786865,0.2503541538810301,16,True,N,A
3SE3_B_A,1.4966495837536624,298.0,-1.9075946807861328,0.0972658806948419,19,True,Y,A
3SE3_B_A,0.41047252261649486,298.0,-0.43290531635284424,0.1000572896972986,23,True,F,A
3SE3_B_A,0.7127397270787706,298.0,-0.801331758499146,0.1153156996481268,21,False,E,A
3SE3_B_A,1.4966495837536624,298.0,-1.0599117279052734,0.2007676044161481,18,False,K,A
3SE3_B_A,0.0,298.0,-3.0513265132904057,0.1342250727184471,19,True,L,A
3SE3_B_A,0.5426151598260328,298.0,-0.729878425598145,0.0180927976868534,24,True,D,A
3SE3_B_A,0.5426151598260328,298.0,-0.02523982524871826,0.0155381325754728,20,True,S,A
3SE3_B_A,0.13308937869464008,298.0,-3.3200151920318604,0.363986644633445,11,True,N,T
3SE3_B_A,0.41047252261649486,298.0,-2.0792852640151978,0.2287654436541709,11,False,Y,A
3SE3_B_A,-0.15631687832154764,298.0,1.6040195226669314,0.0791587907030349,20,True,T,A
3SE3_B_A,-0.23892784275801224,298.0,-1.6970725059509277,0.1386132799148627,16,True,S,A
3SE3_B_A,1.4966495837536624,298.0,-2.55631422996521,0.0746593152155356,24,True,F,A
3SE3_B_A,0.41047252261649486,298.0,-1.9695996046066284,0.0109267560255232,21,True,R,A
3SE3_B_A,0.5426151598260328,298.0,-1.10384202003479,0.1959624842139523,18,False,N,A
3SE3_B_A,0.2109812262655136,298.0,-1.0630748271942148,0.4901858867450765,5,True,N,A
3SE3_B_A,0.0,298.0,1.2964859008789062,0.2748172245876612,17,False,F,A
3SE4_B_A,1.3635602050590228,298.0,-2.8170937299728394,0.014513341574888,19,True,Y,A
3SE4_B_A,0.13214263720953795,298.0,-3.575871467590332,0.053826791776169,17,True,L,A
3SE4_B_A,0.13214263720953795,298.0,-1.0317854881286626,0.0,24,True,D,A
3SE4_B_A,0.0,298.0,-0.35588908195495605,0.0906925719099135,24,True,S,A
3SE4_B_A,0.41047252261649486,298.0,-2.7744860649108887,0.3390908877860001,14,True,N,T
3SE4_B_A,-0.27832988540695697,298.0,-2.0880234241485596,0.2252187613985829,13,False,Y,A
3SE4_B_A,-0.5426151598260328,298.0,-0.806780219078064,0.0798881184511297,23,True,T,A
3SE4_B_A,1.3635602050590228,298.0,-2.118293523788452,0.0153908451903083,24,True,F,A
3SE4_B_A,0.3028001458566976,298.0,-1.6983364820480347,0.0359893056634402,21,True,R,A
3SE4_B_A,0.0,298.0,-0.41126537322998047,0.0808214255504117,19,True,N,A
3SE4_B_A,0.3028001458566976,298.0,-0.2303709983825688,0.5758057940596346,9,False,N,A
3SE4_B_A,0.21077384168177954,298.0,0.44513845443725586,0.2077588809817312,19,False,F,A
3SE4_B_C,-0.17036148930942868,298.0,-2.1707847714424133,0.0085413552208526,24,True,P,A
3SE4_B_C,0.9239578754009751,298.0,-1.363448441028595,0.0085413552208526,24,True,P,L
3SE4_B_C,2.727120410118045,298.0,-1.3209013938903809,0.1271841515070136,19,True,L,A
3SE4_B_C,0.5726349465264094,298.0,-0.1281108856201172,0.0078814266912903,24,True,M,A
3SE4_B_C,1.7740327276755175,298.0,0.8321752548217773,0.0623356140451579,20,True,K,A
3SE4_B_C,-0.9741856222322799,298.0,0.660696029663085,0.0623356140451579,20,True,K,R
3SE4_B_A,0.04967349690805844,298.0,-2.5564000606536865,0.2773333635682601,15,False,P,A
3SE4_B_A,0.10301283016798528,298.0,-2.443237543106079,0.2773333635682601,15,False,P,L
3SE4_B_A,-0.011963774027914134,298.0,0.2178196907043457,0.423904439183789,9,False,L,A
3SE4_B_A,0.024647801051520212,298.0,0.2723872661590576,0.3204491807141783,16,False,M,A
3SE4_B_A,-0.035068915562384895,298.0,-1.3303874731063847,0.3159983711806312,12,False,K,A
3SE4_B_A,0.13920657790150343,298.0,-0.2051547765731816,0.3159983711806312,12,False,K,R
3S9D_A_B,3.1002620119800994,298.0,-1.783657908439636,0.1046047265570978,22,True,R,A
3S9D_A_B,2.399992283784385,298.0,-3.5501593351364136,0.0877560401452968,20,True,E,A
3SE4_B_C,1.4008530418446534,298.0,-3.1367008686065674,0.1021631586939914,21,True,E,A
3SE4_B_C,1.8015139631890487,298.0,0.8321752548217773,0.0623356140451579,20,True,K,A
3SE4_B_C,-0.897993674711024,298.0,0.660696029663085,0.0623356140451579,20,True,K,R
3S9D_A_B,1.6418900904659794,298.0,-4.02020263671875,0.1914984637564581,17,True,I,A
3S9D_A_B,2.0061948272331667,298.0,-3.093299090862274,0.0295042196103329,21,True,T,A
3S9D_A_B,1.9294013485121404,298.0,-4.119512438774109,0.1407729079089198,20,False,I,A
3S9D_A_B,2.924680400787723,298.0,-1.3125464916229248,0.0336275119178408,24,True,M,V
3S9D_A_B,1.2010423625091702,298.0,-1.4738024473190308,0.1609595687636209,21,True,H,A
3S9D_A_B,2.4324599303586547,298.0,-3.5501593351364136,0.0877560401452968,20,True,E,A
3S9D_A_B,1.5456485463396745,298.0,-2.3490192890167236,0.0267034746581519,22,True,W,A
3S9D_A_B,1.7116396344636169,298.0,-4.02020263671875,0.1914984637564581,17,True,I,A
3S9D_A_B,1.6268972219931734,298.0,-5.108368694782257,0.3400032541318784,15,False,D,A
3S9D_A_B,1.9647662834122561,298.0,-4.106157064437866,0.0685553862273175,20,True,L,A
3S9D_A_B,1.4909462972357992,298.0,-1.157909870147705,0.0192118712931763,24,True,L,A
3S9D_A_B,3.8622964338412245,298.0,-2.1467551589012146,0.1013308975133411,20,True,L,A
3S9D_A_B,2.178553575342405,298.0,-3.4111263751983643,0.0199894088399108,22,False,R,A
3S9D_A_B,2.1603310091800023,298.0,-1.9157979488372803,0.0243161683476881,23,True,A,G
3S9D_A_B,2.3963152893909276,298.0,-1.809241533279419,0.0261272345308443,26,True,M,A
3S9D_A_B,3.183168235620168,298.0,-1.783657908439636,0.1046047265570978,22,True,R,A
3S9D_A_B,1.0992749306399467,298.0,-1.3326723575592045,0.0141515833453291,20,True,S,A
3S9D_A_B,1.6418900904659794,298.0,-1.2748968601226807,0.1674576916945299,17,True,L,A
1E50_A_B,-0.4020725708157258,298.0,0.05473685264587402,0.274826886518261,21,True,D,A
1E50_A_B,0.6781320892009923,298.0,0.18324613571166992,0.0044513663785222,22,True,N,A
1E50_A_B,1.319674451601355,298.0,1.6589128971099856,0.1052467264628888,24,True,M,A
1E50_A_B,2.4316244916974497,298.0,-5.840061850845814,0.0327857272335793,20,True,N,A
1E50_A_B,0.9445668638849761,298.0,-2.372203946113587,0.1155775980614603,22,True,Y,A
1E50_A_B,0.9779383218837003,298.0,-0.02004063129425071,0.115914775101806,23,True,S,A
1E50_A_B,1.5123852601693268,298.0,-3.827632039785385,0.0032254889546952,27,True,T,A
1E50_A_B,-0.0438857534576676,298.0,-4.11152184009552,0.0060263959505814,27,True,V,A
1E50_A_B,2.1845052502920126,298.0,-5.160416007041931,0.0,21,True,T,A
1E50_A_B,1.7740327276755177,298.0,0.09568130970001243,0.3708603920593782,14,True,R,A
1E50_A_B,0.0,298.0,-3.091713786125183,0.1650850315746843,17,True,V,A
1E50_A_B,0.9092019289848602,298.0,-0.16970729827880904,0.0063933779067785,26,True,N,A
1E50_A_B,0.11497660419589942,298.0,-0.5405244827270508,0.0925038861349519,21,True,S,A
1E50_A_B,-0.22998793769262085,298.0,0.05473685264587402,0.274826886518261,21,True,D,A
1E50_A_B,1.4072838710179911,298.0,-5.840061850845814,0.0327857272335793,20,True,N,A
1E50_A_B,0.8833381384448902,298.0,-2.372203946113587,0.1155775980614603,22,True,Y,A
1E50_A_B,-0.19114210123262546,298.0,0.9670612812042236,0.330206852189812,7,False,R,A
1E50_A_B,0.3199423666956607,298.0,-1.0502431392669678,0.1685581763854977,14,False,K,M
1E50_A_B,1.0434004695035834,298.0,-3.827632039785385,0.0032254889546952,27,True,T,A
1E50_A_B,1.019550803172404,298.0,-0.16970729827880904,0.0063933779067785,26,True,N,A
1E50_A_B,1.4072838710179911,298.0,-4.322323679924011,0.0165417340517362,23,True,N,A
1JTG_A_B,0.8209450452329897,298.0,-1.422921180725098,0.2141326383551695,15,True,E,A
1JTG_A_B,0.0,298.0,1.3103981018066406,0.2194110470499206,21,True,S,A
1JTG_A_B,2.594977772908507,298.0,-4.861389338970184,0.0002977567930886,19,True,F,A
1JTG_A_B,-0.3025041265189667,298.0,-0.21361887454986572,0.0161823376055583,21,True,S,A
1JTG_A_B,2.498736228782202,298.0,-2.2960848808288574,0.0,26,False,H,A
1JTG_A_B,0.19925437429429038,298.0,0.4026036262512207,0.056456145368746,27,True,G,A
1JTG_A_B,2.184505250292012,298.0,0.08906745910644576,0.0581735553346333,26,True,D,A
1JTG_A_B,-2.2602064692392574,298.0,-1.0308642387390137,0.0412486158857488,22,True,Y,A
1JTG_A_B,0.0,298.0,-0.3776552677154541,0.215167746276147,22,True,Y,A
1JTG_A_B,2.213398135276874,298.0,-4.221329033374786,0.0026403894497273,23,True,Y,A
1JTG_A_B,-0.5426151598260328,298.0,-0.5541238784790039,0.0207645609484681,24,True,S,A
1JTG_A_B,-0.132142637209538,298.0,-4.379139840602875,0.0257359351883453,25,True,E,A
1JTG_A_B,2.677742932547718,298.0,-2.4213812351226807,0.0147395475782741,25,True,K,A
1JTG_A_B,1.9294013485121404,298.0,0.48952174186706543,0.0453858918251032,23,True,W,A
1JTG_A_B,-0.896646264180235,298.0,-1.3483765125274658,0.1117492271394886,23,True,S,A
1JTG_A_B,0.7585519520210893,298.0,-3.9638009667396545,0.1745557373450361,17,True,G,A
1JTG_A_B,2.0523626130824746,298.0,-3.6491806507110596,0.0709922215851227,25,True,F,A
1JTG_A_B,0.10796839609752822,298.0,-1.4175794124603271,0.1156008741419353,22,True,Y,A
1JTG_A_B,0.10796839609752822,298.0,-0.8004739284515381,0.4709959900266689,18,True,R,A
1JTG_A_B,2.213398135276874,298.0,-1.2421607971191406,0.0042958268741632,22,True,H,A
1JTG_A_B,3.498687977780708,298.0,-0.5131068229675293,0.10132873176349,19,True,W,A
1JTG_A_B,1.8304741459378102,298.0,-1.5965960025787356,0.2593930551085727,15,True,R,A
1JTG_A_B,2.184505250292012,298.0,-2.7657474279403687,0.073246932600216,17,True,W,A
1C4Z_ABC_D,0.5658411434531176,298.0,0.1150662899017334,0.2626747513881331,20,True,S,A
1C4Z_ABC_D,0.5184409187140231,298.0,0.442179918289185,0.2912824624106487,19,True,R,A
1C4Z_ABC_D,1.2878589861117773,298.0,0.2310707569122319,0.2912824624106487,19,True,R,E
1C4Z_ABC_D,0.4669139408787877,298.0,-0.223821640014648,0.0147606766267954,17,True,R,A
1C4Z_ABC_D,1.1852497820001766,298.0,-1.5568113327026363,0.0147606766267954,17,True,R,E
1C4Z_ABC_D,0.6097268969107852,298.0,-1.0444600582122803,0.2574075296923765,11,True,K,A
1C4Z_ABC_D,1.5542937607957612,298.0,-0.8205089569091797,0.2574075296923765,11,True,K,E
1C4Z_ABC_D,-0.17831042305884584,298.0,-1.0581347942352295,0.3080152546828317,13,True,N,A
1C4Z_ABC_D,-0.3433607855317425,298.0,-3.1116580963134775,0.0817142266735635,21,True,L,A
1C4Z_ABC_D,-0.011963774027914134,298.0,-0.7218363285064697,0.3027464464138984,15,False,R,A
1C4Z_ABC_D,0.5658411434531176,298.0,-0.10939145088195801,0.0255722799051843,20,True,A,G
1C4Z_ABC_D,0.08789234900794919,298.0,-1.7994682788848881,0.0897506272737201,19,True,E,A
1C4Z_ABC_D,0.0671117370847524,298.0,-2.023942232131958,0.0897506272737201,19,True,E,R
1C4Z_ABC_D,1.4091355079446504,298.0,-5.552476838231087,0.019483672270849,24,True,P,A
1C4Z_ABC_D,3.012806746310739,298.0,-4.834494531154633,0.0380178293349029,22,True,F,A
1C4Z_ABC_D,0.29295252149958834,298.0,-1.598074197769166,0.2517607380482727,18,True,K,A
1C4Z_ABC_D,0.7247035011066846,298.0,-0.5236127376556396,0.2517607380482727,18,True,K,E
1C4Z_ABC_D,-0.43464676372850464,298.0,-1.0136294364929204,0.4765040509257988,11,False,E,A
1C4Z_ABC_D,-1.0024651600128551,298.0,-1.9268932342529297,0.4765040509257988,11,False,E,R
1C4Z_ABC_D,0.8209450452329897,298.0,-5.2184752225875854,0.0423285370906477,20,True,W,A
1C4Z_ABC_D,1.1351760237231796,298.0,-3.1964099407196045,0.3700793268398398,14,True,K,A
1C4Z_ABC_D,1.1690244746375842,298.0,-2.968034505844116,0.3700793268398398,14,True,K,E
1C4Z_ABC_D,0.8498379302178514,298.0,-3.4253058135509495,0.0274291921379711,22,True,P,A
1C4Z_ABC_D,0.41047252261649486,298.0,-0.11522555351257324,0.1201514701305459,14,True,A,G
1C4Z_ABC_D,1.3011671118471222,298.0,-2.6038707494735718,0.2855312774237972,14,True,K,A
1C4Z_ABC_D,1.4200016233213155,298.0,-2.5482386350631723,0.2855312774237972,14,True,K,E
1C4Z_ABC_D,0.5658411434531176,298.0,-2.4719442129135136,0.2747992744778363,17,True,V,A
1C4Z_ABC_D,1.2164246993766785,298.0,-3.3010647296905518,0.0207546149660926,17,True,L,A
1C4Z_ABC_D,-0.38724653898940997,298.0,-0.48603200912475586,0.342480943839599,19,True,Q,A
1C4Z_ABC_D,0.41047252261649486,298.0,0.573542892932892,0.0088480162845693,25,True,S,A
1C4Z_ABC_D,0.9986629853281555,298.0,-4.696831002831459,0.0002141592970238,23,False,L,A
1C4Z_ABC_D,-0.38724653898940997,298.0,0.8709466457366943,0.1139332996682578,16,True,D,A
1C4Z_ABC_D,0.20765432609505952,298.0,0.11618399620056152,0.1139332996682578,16,True,D,K
1C4Z_ABC_D,1.9732871019698077,298.0,-4.605346143245697,0.0005503977941542,23,False,L,A
1C4Z_ABC_D,1.2878589861117773,298.0,-4.419743657112122,0.2099483737245676,17,True,Y,A
1C4Z_ABC_D,0.5184409187140231,298.0,-2.3894144892692566,0.1671653316366799,13,True,D,A
1C4Z_ABC_D,1.3752870570302456,298.0,-3.3365764021873474,0.1671653316366799,13,True,D,R
1C4Z_ABC_D,1.92940134851214,298.0,-0.8436353206634521,0.0079171541829569,24,True,M,A
1C4Z_ABC_D,0.7585519520210893,298.0,0.574638843536377,0.1748585175607133,17,True,M,A
1C4Z_ABC_D,0.41047252261649486,298.0,-4.327955067157745,0.0444034967879695,24,True,I,A
1C4Z_ABC_D,0.5658411434531176,298.0,-4.518988251686096,0.0342545614254721,19,True,T,A
1C4Z_ABC_D,-0.08931530525400438,298.0,-3.0981749296188354,0.0748404191561303,22,False,I,A
1C4Z_ABC_D,-0.41047252261649486,298.0,-0.07970142364501909,0.0204678432974253,16,True,S,A
1C4Z_ABC_D,-0.132142637209538,298.0,1.099074363708496,0.160374622092676,15,True,T,A
1C4Z_ABC_D,-0.5729903651663474,298.0,0.5770559310913086,0.3254845767145921,13,True,M,A
1C4Z_ABC_D,1.5957223046166715,298.0,-5.299601271748543,0.0011788840935168,23,False,F,A
1C4Z_ABC_D,0.8209450452329897,298.0,0.6046004891395569,0.0061580960276932,24,True,Y,L
1C4Z_ABC_D,0.10796839609752822,298.0,1.3413527011871338,0.0891374151653767,18,False,C,A
2BDN_HL_A,0.6505835559235611,298.0,-1.8722758293151855,0.1362061270053077,20,False,L,R
2BDN_HL_A,0.8740121713298612,298.0,-1.9084768295288086,0.1362061270053077,20,False,L,K
2BDN_HL_A,0.13214263720953795,298.0,0.3728049397468567,0.4427147860715865,14,False,N,D
2BDN_HL_A,1.3994612981422554,298.0,-2.854620933532715,0.4427147860715865,14,False,N,Q
2BDN_HL_A,1.0852303196520656,298.0,-2.191404461860657,0.2157129417886679,20,True,D,E
2BDN_HL_A,0.6747577970355708,298.0,-2.907093048095703,0.229522007618863,18,True,Y,K
2BDN_HL_A,-0.9171865893592949,298.0,-1.9107208251953125,0.3005223413991555,18,False,N,R
2BDN_HL_A,3.4897705561615653,298.0,-1.652949571609497,0.3005223413991555,18,False,N,K
2BDN_HL_A,-0.1605730569832348,298.0,-0.06343913078308061,0.4058004407548854,18,False,S,D
2BDN_HL_A,-0.8513202505733042,298.0,0.6494688987731938,0.4058004407548854,18,False,S,E
2BDN_HL_A,-0.4254653910893008,298.0,0.5354838371276851,0.7789713153604397,14,False,T,D
2BDN_HL_A,-0.6888024080234518,298.0,0.6312990188598633,0.7789713153604397,14,False,T,E
1JTG_A_B,0.5851893156049919,296.0,1.2386074066162105,0.1743342937471705,20,True,Q,A
1JTG_A_B,-1.466789827957752,296.0,1.874617576599121,0.3878701762014765,11,True,N,A
1JTG_A_B,0.8644814320462479,296.0,-5.080330073833466,0.0165449254972913,22,True,L,A
1JTG_A_B,2.762550648799069,296.0,-2.087916374206543,0.0540326397183503,21,True,E,A
1JTG_A_B,-0.09409316901164058,296.0,-3.1342496275901794,0.0264331613752013,29,True,Y,A
1JTG_A_B,0.2350797014753836,296.0,-1.1923904418945312,0.002789364860402,24,True,P,A
1JTG_A_B,-1.305362709183402,296.0,-0.15877151489257768,0.0675225020966519,21,True,E,A
1JTG_A_B,-0.8523756073423674,296.0,1.5210254192352295,0.2125493025868766,23,True,K,A
1JTG_A_B,1.498815175137226,296.0,0.32728099822998047,0.0065755292596665,24,True,M,A
1JTG_A_B,-0.5786432359156849,296.0,-3.1326085329055786,0.0798069252751905,20,True,V,A
1JTG_A_B,-0.05071635295245083,296.0,1.194779396057129,0.2004809403644132,19,True,M,A
1JTD_A_B,0.5149614494609088,296.0,1.9481024742126463,0.1366427554969696,17,True,Q,A
1JTD_A_B,0.7954940384243275,296.0,0.4906282424926758,0.4396568893159424,9,True,N,A
1JTD_A_B,1.7215440145106427,296.0,-4.54826545715332,0.0082224509012884,20,True,L,A
1JTD_A_B,0.8347227229141695,296.0,-1.6553039550781241,0.1364439669330171,21,True,E,A
1JTD_A_B,2.2347522219415064,296.0,-1.4448313713073733,0.1259804505330417,25,True,Y,A
1JTD_A_B,1.7215440145106427,296.0,-2.3556745648384094,0.0033835508321186,25,True,P,A
1JTD_A_B,0.03796234973680423,296.0,-0.6842823028564449,0.0097647351278875,23,True,E,A
1JTD_A_B,2.1292616879820603,296.0,-0.06247258186340332,0.1795719497748058,21,True,K,A
1JTD_A_B,2.5045925251732184,296.0,-0.44542884826660156,0.1089109700027798,22,True,M,A
1JTD_A_B,0.03796234973680423,296.0,-1.765816330909729,0.0058344459974435,24,True,V,A
1JTD_A_B,0.27646189959885653,296.0,-0.5286762714385986,0.0889727721116182,20,True,M,A
2DVW_A_B,0.6932949179744221,298.0,-0.8692381381988525,0.1377323543495192,19,True,R,A
2DVW_A_B,0.20538200725226435,298.0,-0.650042057037354,0.1955024068769397,22,True,K,E
2DVW_A_B,0.9102163528144899,298.0,-1.35888671875,0.0151279920212956,28,True,R,A
2DVW_A_B,0.03419054349330935,298.0,-4.181617021560669,0.1881594823622666,25,True,K,A
2DVW_A_B,0.4379810581449122,298.0,-1.7629458904266357,0.0167006301637428,21,True,E,A
3WWN_A_B,-0.37609231787065284,333.0,-0.6860871315002441,0.2669342296240458,15,True,R,E
3WWN_A_B,1.4452682974779238,333.0,-1.3525987863540652,0.3251824530649426,12,False,R,E
3WWN_A_B,0.17469223671879122,333.0,0.18936634063720703,0.1855839942225831,17,True,K,E
3F1S_A_B,1.2384257759478556,298.0,-0.11368417739868164,0.0716486190066491,19,True,M,A
3F1S_A_B,2.184505250292012,298.0,-1.3397362232208252,0.285981564456922,15,True,D,A
3F1S_A_B,0.41047252261649486,298.0,-3.9331926107406616,0.1182476235510268,17,True,D,A
3F1S_A_B,-1.8029256126603792,298.0,0.07738852500915527,0.0937196260913152,24,True,K,A
3F1S_A_B,-1.8029256126603792,298.0,-2.0214827060699463,0.0937196260913152,24,True,K,C
3F1S_A_B,2.9947799767025427,298.0,-4.528284132480621,0.0955201489232203,18,True,Y,A
3F1S_A_B,3.7592836036732393,298.0,-1.2341125011444092,0.0565517877292396,19,True,D,A
3F1S_A_B,0.6979837806626557,298.0,-3.9331926107406616,0.1182476235510268,17,True,D,A
3F1S_A_B,-2.3548667396014413,298.0,0.07738852500915527,0.0937196260913152,24,True,K,A
3F1S_A_B,-1.5854486722036867,298.0,-2.0214827060699463,0.0937196260913152,24,True,K,C
1KNE_A_P,-0.31423097849018977,298.0,-1.1063437461853025,0.2328234999416983,14,True,T,K
1KNE_A_P,0.2739594842214708,298.0,-2.384549617767333,0.2328234999416983,14,True,T,I
1KNE_A_P,0.09624154412630512,298.0,-1.0987863540649416,0.2328234999416983,14,True,T,F
1KNE_A_P,0.20420994022383337,298.0,-1.6934900283813474,0.2328234999416983,14,True,T,L
1KNE_A_P,-0.11497660419589939,298.0,-1.5704865455627441,0.2689779164632643,12,True,A,F
1KNE_A_P,0.8945524965089212,298.0,0.6838507652282715,0.2689779164632643,12,True,A,K
1KNE_A_P,0.0,298.0,0.156158447265625,0.2689779164632643,12,True,A,L
1KNE_A_P,-0.3766240717020902,298.0,0.32297635078430176,0.2689779164632643,12,True,A,T
1KNE_A_P,-0.6167351050091564,298.0,-1.593786001205444,0.5101391463243926,12,True,D,F
1KNE_A_P,0.46054628089349203,298.0,-2.9981021881103516,0.5101391463243926,12,True,D,I
1KNE_A_P,-0.3766240717020902,298.0,-0.3867154121398926,0.5101391463243926,12,True,D,K
1KNE_A_P,0.49172119826999405,298.0,-2.503835678100586,0.5101391463243926,12,True,D,T
1KNE_A_P,-1.2673186609327174,298.0,-1.464802742004395,0.5254984076792423,10,False,K,A
4E6K_AB_G,0.6895890111936624,295.0,-1.324187457561493,0.1767001497305062,22,True,Y,F
4E6K_AB_G,0.49670724073795586,295.0,-2.3347116708755493,0.2865269850250295,18,True,K,A
4E6K_AB_G,1.8834219908406342,295.0,-2.6787571907043457,0.0556073739208166,24,True,L,A
2DSQ_I_G,0.06110432954155053,298.0,-3.841401845216751,0.3043164033992562,11,False,R,A
2DSQ_I_G,0.6101354424066718,298.0,-1.0281860828399658,0.618541162644689,11,False,R,A
2DSQ_I_G,-0.08772072556875353,298.0,1.0859742164611816,0.5707694759979782,7,False,R,A
2DSQ_I_G,0.08882876856000473,298.0,-1.4020650386810303,0.1426425806015246,14,False,R,A
1WQJ_I_B,0.6792487205930614,298.0,-1.6506323218345642,0.3520949190806481,14,False,R,A
1WQJ_I_B,0.2681250855714445,298.0,-1.325223684310913,0.4178602270014482,11,False,R,A
1WQJ_I_B,0.059414435728812345,298.0,1.1069316864013672,0.4753548846584454,8,False,R,A
1WQJ_I_B,0.4022189162193619,298.0,-0.18653917312622026,0.165766526470409,18,False,R,A
3W2D_A_HL,0.8779440781059749,298.0,-0.49726295471191406,0.0116596442871353,21,True,Y,F
3W2D_A_HL,2.3647557641943626,298.0,1.8410539627075193,0.0116596442871353,21,True,Y,L
3W2D_A_HL,-0.42812005716925355,298.0,0.8281342983245845,0.0280596162827879,24,True,K,R
3W2D_A_HL,4.621937007580846,298.0,-0.8911030292510991,0.0280596162827879,24,True,K,N
4BFI_A_B,2.076536854194484,298.0,-2.589836597442627,0.1747701038435523,20,True,L,K
4BFI_A_B,2.7271204101180455,298.0,-5.174940213561058,0.0459766345060641,25,True,N,D
4BFI_A_B,2.31664788750155,298.0,-5.164106950163841,0.0459766345060641,25,True,N,A
4BFI_A_B,1.3066250921680522,298.0,-2.0691661834716797,0.0220585690062599,24,True,L,A
4BFI_A_B,2.7271204101180455,298.0,-3.6443251371383667,0.0072315692495939,23,True,N,K
4BFI_A_B,2.7271204101180455,298.0,-5.461389914155006,0.1703766333533939,20,True,F,D
4BFI_A_B,2.076536854194484,298.0,-5.199916258454323,0.1703766333533939,20,True,F,A
4BFI_A_B,2.31664788750155,298.0,-0.4906497001647949,0.1955286219187368,20,True,K,E
4BFI_A_B,-0.011963774027914001,298.0,-0.1888966560363774,0.5863273009075329,12,False,Q,K
4BFI_A_B,0.030769864916934477,298.0,-2.562160015106201,0.1867251220505466,15,False,S,D
4BFI_A_B,-0.21973896687975614,298.0,0.8935378789901738,0.4404521497519625,14,False,Q,K
4EKD_A_B,-0.05644141826229284,298.0,1.7895078659057617,0.250021401367512,19,False,C,R
4GNK_A_B,0.09892720257432983,298.0,-1.8822442293167116,0.5561769998109628,10,False,K,A
4GNK_A_B,-1.4200016233213155,298.0,-0.41395378112792947,0.5051067032885521,10,False,L,A
4GNK_A_B,-0.18858405547183082,298.0,-1.0175652503967287,0.5249373945061074,13,False,T,E
4HSA_AB_C,0.5808340119259235,298.0,-1.6815235614776611,0.5063659552384667,8,False,R,V
4HSA_AB_C,-0.2223263131334091,298.0,-0.9335618019104004,0.3953810738308778,14,False,W,V
4HSA_AB_C,0.11752000111690644,298.0,-2.5021414756774902,0.287301891184634,20,True,Y,I
4HSA_AB_C,-0.12259103219015974,298.0,0.6994767189025879,0.2094953329183163,19,True,H,S
4J2L_A_CD,2.2295846882352905,298.0,0.15734004974365234,0.0492197345387961,22,True,W,A
4J2L_A_CD,1.687744135024346,298.0,-4.112252414226532,0.0017771174631367,23,True,L,S
4J2L_A_CD,0.08985037343840753,298.0,-4.799138724803925,0.0025729979423872,20,False,V,A
4J2L_A_CD,-0.970056943009498,298.0,-3.751295983791352,0.0159395743346835,22,True,S,D
4J2L_A_CD,-0.6308421721222334,298.0,-2.1467928886413574,0.0141096286846522,26,True,L,E
4JEU_A_B,-0.41047252261649486,298.0,-0.9298107624053955,0.3271843437419206,19,False,R,A
4JEU_A_B,0.9092019289848602,298.0,-3.3009179830551147,0.1718130189939576,18,True,R,C
4JEU_A_B,3.2402502019955364,298.0,-5.362276375293732,0.0,24,True,I,A
4JEU_A_B,1.127664041308761,298.0,-2.691228747367859,0.152299071260369,17,True,R,A
4JEU_A_B,0.18084294298189005,298.0,-4.445486783981323,0.1656762431920477,13,True,T,A
4JEU_A_B,1.1084563032791506,298.0,-4.460555255413055,0.0545343831007301,17,True,L,A
4JGH_ABC_D,2.0482653337407095,298.0,-0.42677235603332564,0.2965148399924242,20,True,W,A
4KRL_A_B,1.7202892032494832,298.0,-2.411123752593994,0.0987516651784977,14,True,R,A
4KRL_A_B,0.6496815196900491,298.0,-5.584824502468109,0.0110843401315665,24,True,D,A
4KRO_A_B,1.5832991719387786,298.0,-0.6651718616485591,0.1386037850132884,22,True,R,A
4KRO_A_B,1.5042236608261124,298.0,0.7776398658752441,0.0708827896645443,23,True,D,A
4KRP_A_B,1.6060447352220086,298.0,-1.462183952331543,0.167047876670003,19,True,E,A
4LRX_AB_CD,0.3202648398415875,293.0,-4.072325229644775,0.006784968450496,31,False,H,N
4MYW_A_B,2.5720617535244585,298.0,-2.819837808609009,0.0002069070114443,26,True,I,A
3U82_A_B,2.594977772908507,298.0,-3.024980664253235,0.0,24,True,I,A
4NM8_ABCDEF_HL,0.10977994636762096,303.0,-0.9636666774749756,0.1950836709674023,24,True,I,M
4NM8_ABCDEF_HL,0.6614993873987886,303.0,0.1825014352798462,0.057122091024427,24,True,D,N
4NM8_ABCDEF_HL,3.4423521029488535,303.0,-2.4929981231689453,0.1565206717337343,22,True,R,M
4NM8_ABCDEF_HL,-0.5517194410311675,303.0,-0.5450606346130378,0.1912962286589897,17,True,T,E
4NM8_ABCDEF_HL,-0.050205958737614804,303.0,-2.9501516819000244,0.1912962286589897,17,True,T,I
4NM8_ABCDEF_HL,1.2211940800009349,303.0,-2.3322246074676514,0.1912962286589897,17,True,T,R
4NM8_ABCDEF_HL,2.3309379693155394,303.0,0.15849566459655717,0.1117487687700999,22,True,Q,T
4NM8_ABCDEF_HL,2.975475032472945,303.0,0.1266260147094731,0.1117487687700999,22,True,Q,R
4NM8_ABCDEF_HL,-0.6151593982231336,303.0,1.3605630397796626,0.3621669263489525,19,True,L,Y
4NZW_A_B,0.07598314548092029,298.0,-1.3418729305267334,0.1617341581995617,19,True,K,A
4NZW_A_B,0.3253232487952481,298.0,-0.9295481443405151,0.5013070689102379,7,True,E,A
4NZW_A_B,0.3570197327659729,298.0,-0.6610379219055176,0.2172896336939396,16,True,E,A
4O27_A_B,1.1947757783935136,298.0,-3.5598342418670654,0.0878370140862499,20,True,Y,A
4O27_A_B,1.024414289084085,298.0,-1.38913893699646,0.1598309737434917,18,True,K,A
4O27_A_B,0.3713054130316793,298.0,-1.5216957330703735,0.1358711100805177,16,True,E,A
4O27_A_B,0.3015558690340418,298.0,-1.5987977981567383,0.2348053055701177,14,False,E,A
4OFY_A_D,1.1762294551826238,298.0,-1.3748137950897217,0.012054481648668,25,True,Q,A
4OFY_A_D,0.08407289665825735,298.0,-0.1563267707824707,0.0168023409247569,25,True,M,A
4OFY_A_D,0.5486069816637477,298.0,-3.7207237482070923,0.2972062915859084,12,True,D,A
4OFY_A_D,4.602392067465458,298.0,-2.3853873014450073,0.0749036148431949,18,True,F,A
4OFY_A_D,1.7324587013154158,298.0,-0.6856312751770011,0.0,27,True,Q,A
4OFY_A_D,0.14209558868467176,298.0,0.2643365263938904,0.0009578644168893,25,True,S,A
4OFY_A_D,0.282081872653786,298.0,-1.2265076637268066,0.1554418947445743,23,True,E,A
4OFY_A_D,2.8692159988027166,298.0,-1.0774481296539307,0.0101308383521464,24,True,Q,A
4OFY_A_D,2.5667118722837503,298.0,-2.205064535140991,0.0064291022361753,29,True,L,A
4OFY_A_D,4.643248726478235,298.0,-2.7203211784362793,0.0078600457869708,22,True,Q,A
4OFY_A_D,3.419674805388326,298.0,-1.3700108528137207,0.3209612540599458,14,True,R,A
4OZG_ABJ_GH,-0.07042473661545333,293.0,0.3363471031188965,0.0766781629292613,20,True,N,A
4OZG_ABJ_GH,1.7140134858666605,293.0,-2.5570175647735596,0.0081158528383272,19,True,Y,A
4OZG_ABJ_GH,1.7140134858666605,293.0,-1.1582832336425781,0.0002800819468889,21,False,Y,F
4OZG_ABJ_GH,1.165761296968809,293.0,-4.080212235450745,0.0949437104287705,17,True,L,A
4OZG_ABJ_GH,-0.6359942065543113,293.0,-0.7773087024688725,0.0420977372778519,27,True,Y,F
4OZG_ABJ_GH,0.791294497341427,293.0,0.6922667026519775,0.0180758103509896,26,True,Q,A
4OZG_ABJ_GH,-0.10911243925410134,293.0,-0.47330212593078635,0.4096887102374978,17,True,N,A
4OZG_ABJ_GH,1.4100792703507583,293.0,-0.4431643486022949,0.0372761480572468,22,True,F,A
4OZG_ABJ_GH,1.7140134858666605,293.0,-0.4872648715972896,0.004236611106924,22,True,R,A
4OZG_ABJ_GH,0.8683327430424423,293.0,1.152752161026001,0.0405162223924727,24,True,F,A
4OZG_ABJ_GH,1.621665603191739,293.0,-2.0203723907470708,0.0163030124894396,20,True,D,A
4OZG_ABJ_GH,0.5245987048064155,293.0,-1.1706373691558838,0.231941363142164,21,True,Y,F
4P5T_CD_AB,1.138071807844588,298.0,-4.062224984169006,0.3391440327947577,13,True,K,A
4P5T_CD_AB,0.6167351050091564,298.0,-3.447834312915802,0.1979306282320263,18,True,D,A
4P5T_CD_AB,0.0,298.0,-0.7184832096099858,0.1209698030881941,20,True,Q,A
4P5T_CD_AB,1.0095291007048206,298.0,-2.5929133892059326,0.0820095062112072,17,True,L,A
4P5T_CD_AB,0.0,298.0,0.06415128707885742,0.0004807570294682,26,True,Q,A
4P5T_CD_AB,1.4957028422685603,298.0,-2.991071879863739,0.0,27,False,N,A
4P5T_CD_AB,0.8683452699720843,298.0,-3.2062251567840576,0.0,23,True,V,A
4P5T_CD_AB,0.9913065345424185,298.0,-2.503134310245514,0.4604511758239258,17,False,K,A
4P5T_CD_AB,1.0095291007048206,298.0,-0.048985242843628374,0.2550070578952415,20,True,H,A
4P5T_CD_AB,0.0,298.0,-3.7807302474975586,0.097383236888222,17,False,V,A
4P5T_CD_AB,0.3589455447812595,298.0,-0.9137978553771973,0.3016167970485356,11,False,K,A
4P5T_CD_AB,0.0,298.0,-0.05228757858276367,0.4909188008631347,17,False,F,A
4P5T_CD_AB,1.061056078540056,298.0,-1.1440483331680293,0.129400613650472,17,True,E,A
4P5T_CD_AB,1.6541005575500751,298.0,-1.3055636882781982,0.0265865177575723,28,True,Q,A
4P5T_CD_AB,1.9906545247737908,298.0,2.0968520641326904,0.0347933368402336,28,True,K,A
4P5T_CD_AB,1.5485443304610826,298.0,-1.7435123920440674,0.024007007705105,26,True,K,A
4P5T_CD_AB,0.0,298.0,-0.8374409675598145,0.0031157981903153,23,False,N,A
4P5T_CD_AB,0.24011103330706618,298.0,0.2541344165802002,0.2993470586340735,20,True,K,A
4P5T_CD_AB,0.0912859781967621,298.0,-4.0360307693481445,0.257915177980712,14,False,V,A
4P5T_CD_AB,0.0,298.0,0.3478677272796631,0.868552079830197,9,False,D,A
4P5T_CD_AB,0.24011103330706618,298.0,0.12172281742095947,0.5746058537331582,12,False,E,A
4P5T_CD_AB,0.17036148930942865,298.0,-0.00749361515045166,0.3747342980336737,15,False,Y,A
4P5T_CD_AB,0.0,298.0,0.21884465217590332,0.446874078285877,10,False,S,A
4P5T_CD_AB,0.0,298.0,-2.608938455581665,0.2764067304191115,12,False,Q,A
4P5T_CD_AB,0.0,298.0,-1.6583597660064693,0.5476356583234876,9,False,P,A
4P5T_CD_AB,0.6167351050091564,298.0,-0.8346433639526367,0.2496362840854213,15,True,E,A
4P5T_CD_AB,0.0912859781967621,298.0,-3.219839632511139,0.1210555134909326,20,False,I,A
4P5T_CD_AB,1.0095291007048206,298.0,-1.46977710723877,0.3886111141959723,14,True,E,A
4P5T_CD_AB,2.073568493729729,298.0,-1.042722463607788,0.0480626167196056,22,True,R,A
4P5T_CD_AB,0.0,298.0,-2.2300668358802795,0.4127622329244564,16,False,R,A
4P5T_CD_AB,0.0,298.0,-2.335998773574829,0.2520812123802423,17,True,D,A
4P5T_CD_AB,0.8209450452329897,298.0,-3.677765905857086,0.1027341341184994,24,True,T,A
4P5T_CD_AB,0.0,298.0,-3.549596667289734,0.3165066870846911,19,False,R,A
4P5T_CD_AB,0.7957418087746722,298.0,-2.4550799131393437,0.1988145873206869,24,True,H,A
4P5T_CD_AB,0.0,298.0,-1.4077444076538086,0.424383848519719,14,False,E,A
4P23_CD_AB,1.1931987157495938,298.0,-3.540820360183716,0.3189832174233397,13,True,K,A
4P23_CD_AB,0.9913065345424185,298.0,-3.805273711681366,0.2266101332635281,19,True,D,A
4P23_CD_AB,0.9725053785217762,298.0,-0.6454992294311528,0.1438435349416142,18,True,Q,A
4P23_CD_AB,0.9530876824425276,298.0,-3.7205368280410767,0.0777508223684965,18,True,L,A
4P23_CD_AB,1.9101101745299012,298.0,0.005279421806335671,0.023604848451891,27,True,Q,A
4P23_CD_AB,1.5112876015180776,298.0,-3.3252936899662022,0.0029469276480923,26,False,N,A
4P23_CD_AB,1.16627650370749,298.0,-3.700005143880844,0.0,23,True,V,A
4P23_CD_AB,0.6826014437951471,298.0,-2.304046928882599,0.4003577508287192,22,True,K,A
4P23_CD_AB,0.6167351050091564,298.0,-1.1280813217163086,0.1655412823986812,21,True,H,A
4P23_CD_AB,0.0,298.0,-3.541035532951355,0.0863506357439017,17,False,V,A
4P23_CD_AB,0.17036148930942865,298.0,-0.9788447618484493,0.3189703813973492,10,False,K,A
4P23_CD_AB,0.0,298.0,1.4560763835906982,0.4847546191412979,15,False,F,A
4P23_CD_AB,1.16627650370749,298.0,-1.8223273754119873,0.153829194664903,17,True,E,A
4P23_CD_AB,0.6826014437951471,298.0,-0.8785336017608643,0.0975773824758899,26,True,Q,A
4P23_CD_AB,2.2296234426394665,298.0,1.344543695449829,0.0068342981245232,26,True,K,A
4P23_CD_AB,2.567194198281374,298.0,-2.8054568767547607,0.0734755875739947,26,True,K,A
4P23_CD_AB,0.0,298.0,-0.34224557876586914,0.0016706755806785,25,False,N,A
4P23_CD_AB,0.0912859781967621,298.0,-0.022310018539429155,0.2028180265043548,21,True,K,A
4P23_CD_AB,0.0,298.0,-3.8943182229995728,0.2617519455292411,14,False,V,A
4P23_CD_AB,0.17036148930942865,298.0,0.28638410568237305,0.76660065222935,10,False,D,A
4P23_CD_AB,0.0912859781967621,298.0,-0.3835752010345457,0.6061656302346647,15,False,E,A
4P23_CD_AB,0.24011103330706618,298.0,-0.8422591686248779,0.3902221634300595,15,False,Y,A
4P23_CD_AB,0.0,298.0,-0.5426827669143677,0.4538976163897847,10,False,S,A
4P23_CD_AB,0.17036148930942865,298.0,-2.8779358863830566,0.2655261310398713,12,False,Q,A
4P23_CD_AB,0.0912859781967621,298.0,-2.0352782607078552,0.6121417786118739,8,False,P,A
4P23_CD_AB,0.17036148930942865,298.0,-1.1225111484527588,0.3259310754697586,12,True,E,A
4P23_CD_AB,0.17036148930942865,298.0,-3.6700446605682373,0.1266292428156214,19,False,I,A
4P23_CD_AB,0.17036148930942865,298.0,-1.5436022281646722,0.3980751503295618,11,False,E,A
4P23_CD_AB,2.0705851792448766,298.0,-0.5766363143920898,0.1433889593805054,18,True,R,A
4P23_CD_AB,0.0912859781967621,298.0,-1.768517553806305,0.3610246244078923,15,False,R,A
4P23_CD_AB,0.0912859781967621,298.0,-2.308761715888977,0.3911366224066022,14,False,D,A
4P23_CD_AB,0.0,298.0,-2.2991485595703125,0.355909162740699,22,False,T,A
4P23_CD_AB,0.0912859781967621,298.0,-2.3890063762664795,0.2918391132532374,17,False,R,A
4P23_CD_AB,0.17036148930942865,298.0,-1.4477746486663818,0.3408075055663712,23,False,H,A
4P23_CD_AB,0.0912859781967621,298.0,-1.6649427413940425,0.4243346579439994,14,False,E,A
3C60_CD_AB,1.5937182868909552,298.0,-3.862840473651886,0.354464682658286,13,True,K,A
3C60_CD_AB,0.6979837806626557,298.0,-2.9694396257400513,0.3872178979660103,20,False,D,A
3C60_CD_AB,0.9628761147687216,298.0,-0.3507652282714844,0.1155869748464628,21,True,Q,A
3C60_CD_AB,0.943134730967394,298.0,-4.6573039293289185,0.0831275633592288,19,True,L,A
3C60_CD_AB,0.8683452699720843,298.0,1.6490110158920288,0.0,27,True,Q,A
3C60_CD_AB,0.9530876824425276,298.0,-3.780885770916939,0.001371008383924,27,False,N,A
3C60_CD_AB,1.2496401340118868,298.0,-2.8903004527091984,0.0012023671996021,25,True,V,A
3C60_CD_AB,0.5620328559052814,298.0,-1.7021324634552002,0.3905711932265833,22,False,K,A
3C60_CD_AB,0.3589455447812595,298.0,-0.23663330078125,0.2367374154188111,19,True,H,A
3C60_CD_AB,0.0,298.0,-2.0822503566741943,0.0871486670862432,18,False,V,A
3C60_CD_AB,0.047400224739094526,298.0,-1.1304649114608765,0.6813044838993012,11,False,K,A
3C60_CD_AB,0.0,298.0,0.25200510025024414,0.4367175198294628,16,False,F,A
3C60_CD_AB,0.047400224739094526,298.0,-0.599672794342041,0.264397372251217,16,True,E,A
3C60_CD_AB,1.16627650370749,298.0,-0.9339325428009033,0.0840098695479659,25,True,Q,A
3C60_CD_AB,1.152342056736818,298.0,1.4341979026794438,0.0939086183074119,24,True,K,A
3C60_CD_AB,2.1502212078369674,298.0,-2.8359107971191406,0.1680113488719392,23,True,K,A
3C60_CD_AB,0.0,298.0,-0.7785608768463135,0.0103968121676313,24,False,N,A
3C60_CD_AB,0.0,298.0,0.8585190773010254,0.3266240399631784,18,True,K,A
3C60_CD_AB,0.0,298.0,2.1836976408958435,0.2360719493069195,16,False,V,A
3C60_CD_AB,0.047400224739094526,298.0,-0.5704178810119629,0.8506745707296415,9,False,D,A
3C60_CD_AB,0.047400224739094526,298.0,0.18855273723602295,0.4383629247794957,14,False,E,A
3C60_CD_AB,0.0,298.0,0.573020935058594,0.3666738107160825,16,False,Y,A
3C60_CD_AB,0.0,298.0,1.1695320010185242,0.422984189273107,10,False,S,A
3C60_CD_AB,0.0,298.0,-1.8593392372131348,0.2428668015064232,12,False,Q,A
3C60_CD_AB,0.0,298.0,-0.9361087083816524,0.5934918138352856,10,False,P,A
3C60_CD_AB,0.0,298.0,-0.5356247425079346,0.4690010485978945,14,False,E,A
3C60_CD_AB,0.047400224739094526,298.0,-3.3156293630599976,0.1543330335788348,16,False,I,A
3C60_CD_AB,0.047400224739094526,298.0,0.38648319244384766,0.330294741667673,12,True,E,A
3C60_CD_AB,2.0255479833229444,298.0,-0.33711791038513184,0.2429248395682161,21,True,R,A
3C60_CD_AB,0.0,298.0,-0.5521000623703003,0.3519267564963783,16,False,R,A
3C60_CD_AB,0.047400224739094526,298.0,-2.152382612228394,0.3162609246541874,14,False,D,A
3C60_CD_AB,1.16627650370749,298.0,-3.323358178138733,0.1554331134098072,19,True,T,A
3C60_CD_AB,0.047400224739094526,298.0,-3.4997118711471558,0.3069912794151745,17,False,R,A
3C60_CD_AB,1.0852303196520656,298.0,-0.7972267866134644,0.187759520099733,21,True,H,A
3C60_CD_AB,0.0,298.0,-1.985840082168579,0.4185562428016832,15,False,E,A
4PWX_AB_CD,1.7284574247898898,298.0,0.3450584411621094,0.0160185257629684,18,True,F,A
4PWX_AB_CD,1.7284574247898898,298.0,-0.012452363967895952,0.106214321299363,22,True,Y,A
4PWX_AB_CD,1.7284574247898898,298.0,-2.4560391902923584,0.0570712995032612,19,True,E,K
4PWX_AB_CD,1.0135035228231954,298.0,0.12003207206726074,0.1586378518304384,17,True,Q,A
4PWX_AB_CD,1.0387067592815131,298.0,-1.5094085931777954,0.3328388200554369,15,False,E,A
4PWX_AB_CD,1.7284574247898898,298.0,-1.0629327297210696,0.4687305111630788,9,True,E,K
4PWX_AB_CD,1.1428668678312048,298.0,-3.2976819276809692,0.5829396159923093,8,False,D,A
4PWX_AB_CD,1.7284574247898898,298.0,-3.7736043334007263,0.1626477433574032,19,True,R,A
4PWX_AB_CD,0.2023793771810147,298.0,-0.8174986839294434,0.329041228178958,23,True,K,A
4PWX_AB_CD,0.11883451147419341,298.0,-1.5599892139434814,0.329041228178958,23,True,K,D
4PWX_AB_CD,0.44766237937007775,298.0,0.3614373207092285,0.2153836408271331,18,True,K,A
4PWX_AB_CD,0.2616474675061909,298.0,1.9943265914916988,0.2153836408271331,18,True,K,D
4PWX_AB_CD,0.3589455447812595,298.0,-1.8369669914245605,0.1514554753950285,20,True,R,A
4PWX_AB_CD,0.46791004989885243,298.0,0.1168437004089351,0.9371168085224189,5,False,K,A
4PWX_AB_CD,-0.27395948422147093,298.0,1.2187116146087646,0.2540398206902188,17,False,K,A
4PWX_AB_CD,0.7542718025576098,298.0,-1.6096209287643433,0.3078270612942986,22,False,Y,A
4PWX_AB_CD,1.1444566316659752,298.0,2.6569600105285645,0.127870786055236,22,True,Y,A
4PWX_AB_CD,-0.6844320068379658,298.0,0.06879675388336093,0.203479579300999,17,False,E,A
4PWX_AB_CD,-0.3480794294045945,298.0,1.7058907747268677,0.0299183883359235,27,False,H,A
4PWX_AB_CD,-0.17771794009516576,298.0,-1.3289885520935054,0.1058278069149864,22,True,Q,A
4PWX_AB_CD,1.7284574247898898,298.0,-1.7465662956237793,0.2146804333369499,22,False,R,A
4PWX_AB_CD,1.7284574247898898,298.0,-1.1862282752990723,0.3182612066241613,17,True,R,A
4PWX_AB_CD,0.3345220143905527,298.0,-0.8175506591796875,0.4082154906456945,13,True,R,A
4PWX_AB_CD,0.37078967305206395,298.0,-1.1367416381835938,0.1021953990743816,22,True,D,K
4PWX_AB_CD,1.1033731246623775,298.0,-0.5374135971069336,0.4996948425712711,16,False,E,K
2C5D_A_C,0.09892720257432983,298.0,2.0002059936523438,0.1888866627643228,17,False,G,S
2C5D_A_C,-0.5035557303347588,298.0,1.1355906724929814,0.305865179121922,12,False,D,G
2C5D_A_C,-0.5990565780883257,298.0,-0.18411469459533736,0.0138937323920401,23,True,V,A
2C5D_A_C,-0.018222566162402202,298.0,2.6616365909576416,0.2026691344680699,16,False,G,R
4RA0_A_C,0.9307383631839847,298.0,-4.0269036293029785,0.0019371454433517,24,True,A,V
4RA0_A_C,0.24737721861396067,298.0,-1.8357064723968506,0.449166463002639,15,False,R,G
4U6H_AB_E,-0.34807942940459435,298.0,-2.2680846452713013,0.169423058348307,18,True,N,A
4U6H_AB_E,0.1188345114741933,298.0,-0.5301692485809322,0.35834647746603,15,True,Q,A
4X4M_AB_E,0.6392603300087225,298.0,-0.6977231502532959,0.2137559157964257,16,True,K,A
4X4M_AB_E,0.38292398933906374,298.0,0.782006025314331,0.5656598841666363,10,False,H,A
4X4M_AB_E,1.7393920536693148,298.0,-1.7314958572387695,0.7199024379258824,11,False,R,A
4X4M_AB_E,0.9530876824425276,298.0,-0.3934516906738281,0.2137559157964257,16,True,K,E
4X4M_AB_E,1.984240605625655,298.0,1.4828317165374756,0.5656598841666363,10,False,H,E
4X4M_AB_E,0.6415423624003628,298.0,-0.45718884468078613,0.7199024379258824,11,False,R,E
4Y61_A_B,-0.0781257327650454,298.0,-3.359518527984619,0.0165997093289782,24,True,Y,A
4Y61_A_B,-0.19296677860558573,298.0,-1.2105276584625244,0.0806848438424111,18,True,R,A
4YEB_A_B,1.3670539418759668,298.0,-2.7545251846313477,0.0311499104599625,29,False,D,A
4YEB_A_B,0.06936007560293492,298.0,0.36413788795471147,0.4278967978242489,12,False,A,S
4YEB_A_B,0.2774532210384151,298.0,1.1118875741958616,0.4757947111489311,16,False,R,T
4YEB_A_B,2.4163831684447996,298.0,-1.265782356262207,0.01804146003205,23,True,F,A
4YFD_A_B,0.284825599598136,298.0,-4.00177925825119,0.0766640661842795,13,False,R,A
4YFD_A_B,0.15937440841854456,298.0,-2.4652731418609615,0.0374133197900652,23,True,R,A
4YFD_A_B,1.2159779346079969,298.0,-0.9020783901214595,0.0812182595435002,16,True,E,A
4YFD_A_B,1.1320943862080435,298.0,-4.05783748626709,0.0351811283433972,23,True,W,A
4YFD_A_B,-0.05470224910387506,298.0,-1.6935601234436035,0.0394670926631539,21,False,D,A
4YFD_A_B,1.4744243852779593,298.0,-1.4491322040557861,0.0461024855783216,19,True,K,A
4YH7_A_B,1.7331760686627418,298.0,-4.1494845151901245,0.1270047077767437,14,False,R,A
4YH7_A_B,1.4376801502421461,298.0,-1.7150452136993408,0.0411341865257268,24,True,R,A
4YH7_A_B,1.034133866497952,298.0,-4.068897783756256,0.0499602995608007,20,True,Y,A
4YH7_A_B,1.6418900904659794,298.0,-1.044859766960144,0.0205341609571491,24,False,D,A
4YH7_A_B,1.5903631126307443,298.0,-2.5233788490295415,0.4687075414204418,10,True,D,A
4ZS6_HL_A,-0.11025042848916856,298.0,0.359769344329834,0.3026263555960996,15,True,Y,A
4ZS6_HL_A,3.0386657301602105,298.0,-0.28216981887817383,0.0928261369653335,19,True,E,A
5C6T_HL_A,3.20835389742689,298.0,-1.9801554679870605,0.0024027468817045,24,True,Y,A
5C6T_HL_A,0.2839967867647338,298.0,0.4457161426544185,0.2284878313201413,21,False,N,A
5C6T_HL_A,0.3378690614190827,298.0,0.12390470504760742,0.1848376936157145,19,True,T,A
5C6T_HL_A,0.3630722978774003,298.0,-2.1848973035812373,0.1907556501078787,17,False,N,A
5C6T_HL_A,-0.36658676915882715,298.0,0.3302347660064693,0.4741141777706552,13,True,N,A
5C6T_HL_A,1.9972009840216556,298.0,-4.399046570062637,0.0310551806540683,22,False,F,A
5C6T_HL_A,1.0906715831054934,298.0,-1.671429455280304,0.0929939095535083,20,True,E,A
5C6T_HL_A,2.758178513868998,298.0,-2.208189010620117,0.0066866958734681,19,True,F,A
5C6T_HL_A,0.41047252261649486,298.0,0.4662225246429452,0.2310113333280912,15,True,F,A
5C6T_HL_A,0.8856114106138542,298.0,-1.3043341636657715,0.0054061557233766,16,True,I,A
5C6T_HL_A,0.31154532004216495,298.0,1.0394976139068604,0.3270204130503175,13,True,R,S
5C6T_HL_A,-0.8683452699720843,298.0,-1.0597946643829346,0.0159155681023819,19,True,S,A
5C6T_HL_A,1.5258958082866798,298.0,-1.1128972768783572,0.0136706057710234,23,True,N,A
5C6T_HL_A,1.7166795514612891,298.0,-0.651017427444458,0.1367885871522382,17,True,Y,A
5C6T_HL_A,1.4600294695006892,298.0,-1.0343964099884038,0.0619250988539416,16,True,F,A
5C6T_HL_A,0.3630722978774003,298.0,0.8235843181610107,0.2430692713224777,22,True,Y,A
5C6T_HL_A,0.5516563533492312,298.0,-1.8488585948944087,0.0776054269987187,23,False,Y,A
5C6T_HL_A,0.12296126457033416,298.0,-1.5499563217163086,0.1799273567889702,16,True,R,A
5CXB_A_B,0.3648972197308671,298.0,-0.21060919761657715,0.1272690702971883,23,True,E,D
5CXB_A_B,0.06239309321190037,298.0,-4.336443305015564,0.0855181043596146,24,True,T,Q
5CXB_A_B,0.5641515940251575,298.0,-2.209866166114807,0.1607040401795464,22,True,R,A
5CXB_A_B,2.6791716103764975,298.0,-0.7806648015975952,0.1607040401795464,22,True,R,E
5CXB_A_B,0.5641515940251575,298.0,-3.53243350982666,0.2446371550038839,20,True,V,W
5CYK_A_B,-2.6791716103764975,298.0,1.214220404624939,0.1254092328735138,18,True,E,R
5CYK_A_B,-2.11502001635134,298.0,-1.3757500648498535,0.1254092328735138,18,True,E,A
4RS1_A_B,-0.04636872008393375,298.0,-5.169099688529968,0.0216297505454655,22,False,N,A
4RS1_A_B,-0.6555599438032407,298.0,-2.5611441135406494,0.0691447151936714,21,False,Y,A
4RS1_A_B,-0.44885658232599385,298.0,-0.056086063385009766,0.0691447151936714,21,False,Y,F
4RS1_A_B,0.4804973102504145,298.0,-0.9780651330947876,0.0790050821324066,22,False,T,A
4RS1_A_B,0.8708178692753612,298.0,-2.2996498346328735,0.3360126276849881,17,True,K,A
4RS1_A_B,-0.27585728610368015,298.0,-3.283050537109375,0.1266402738300492,19,False,I,A
4RS1_A_B,-0.6942787424695921,298.0,-3.2802666425704956,0.0338421146701537,21,False,E,A
4RS1_A_B,1.353565256018338,298.0,-0.6848769187927246,0.0973848515619957,18,False,Q,A
4RS1_A_B,0.2761578595454088,298.0,-2.4815957546234135,0.5634390249203495,12,True,K,A
4RS1_A_B,0.07222214330091423,298.0,-2.8527857065200806,0.1540259141668919,21,False,L,A
4RS1_A_B,0.615713967495489,298.0,-3.5181484520435333,0.0646143785234244,17,True,S,A
4RS1_A_B,1.5019038064968653,298.0,-2.0767601728439335,0.302611485941984,20,True,E,A
4RS1_A_B,2.1391792366850817,298.0,-1.0046368837356567,0.302611485941984,20,True,E,K
4RS1_A_B,2.5910689357937766,298.0,-4.990546375513077,0.0711104725858224,17,True,D,A
4RS1_A_B,3.6178149993486723,298.0,-5.081551223993301,0.0711104725858224,17,True,D,K
4RS1_A_B,0.46974061294167113,298.0,-2.530874013900757,0.0354629097601484,24,True,Q,A
4RS1_A_B,1.2116101470619942,298.0,-3.1511707305908203,0.0354629097601484,24,True,Q,E
4RS1_A_B,2.1324113153308475,298.0,-0.8467745780944824,0.0488856022398117,17,True,D,A
4RS1_A_B,3.2584075304622444,298.0,-0.32915210723876953,0.0488856022398117,17,True,D,K
4RS1_A_B,2.3645274215932384,298.0,-2.570434331893921,0.024983104296989,17,True,L,A
4RS1_A_B,3.624700968480194,298.0,-1.5118896961212154,0.0611564720017926,16,True,F,A
4NKQ_C_AB,0.1199321701254423,298.0,-1.6034114360809326,0.1961432091255119,17,True,R,A
4NKQ_C_AB,-0.07735153122609024,298.0,-1.9786710739135742,0.1961432091255119,17,True,R,D
4NKQ_C_AB,0.09985612303586328,298.0,-0.31413555145263716,0.1081706744482797,14,False,N,A
4NKQ_C_AB,-0.375282764961496,298.0,0.6565172672271724,0.7268150957077217,7,False,Y,A
4NKQ_C_AB,-0.2340989342287596,298.0,-0.2746498584747319,0.7268150957077217,7,False,Y,F
4NKQ_C_AB,0.15815102222533306,298.0,-2.0372219085693364,0.1109965588836163,16,False,D,A
4NKQ_C_AB,0.20269732976465285,298.0,-0.7607061862945561,0.1109965588836163,16,False,D,R
4NKQ_C_AB,0.31918654441973277,298.0,-0.8786473274230961,0.1262464496617501,20,False,T,A
4NKQ_C_AB,0.38579450718843805,298.0,-1.1433603763580327,0.122234896130016,19,True,K,A
4NKQ_C_AB,1.061056078540056,298.0,-1.8386123180389409,0.122234896130016,19,True,K,D
4NKQ_C_AB,-0.19925437429429038,298.0,-1.4470279216766357,0.3457648672417209,17,True,K,A
4NKQ_C_AB,-0.19925437429429038,298.0,-0.8534245491027836,0.3457648672417209,17,True,K,D
4NKQ_C_AB,-0.050429319183986396,298.0,-1.3021626472473145,0.1435852354382905,18,False,I,A
4NKQ_C_AB,-0.352933445702953,298.0,1.897175669670105,0.0329100911813059,18,False,E,A
4NKQ_C_AB,-0.39850874858858065,298.0,0.2844357490539551,0.2129738777885818,15,False,Q,A
4NKQ_C_AB,-0.5610265911384332,298.0,-0.9458882808685303,0.7474364002535347,7,False,K,A
4NKQ_C_AB,0.2360687877633771,298.0,-0.4245142936706543,0.2495740747530926,17,False,L,A
4NKQ_C_AB,0.27530079096206517,298.0,-2.280606746673584,0.33363655588462,11,False,S,A
4NKQ_C_AB,0.10997921865030866,298.0,-1.9678649902343746,0.0668337031710269,17,True,D,A
4NKQ_C_AB,0.42243629664440907,298.0,-2.478749990463257,0.0385261119874667,19,False,D,A
4NKQ_C_AB,0.4680115995300368,298.0,-2.7327158451080322,0.0385261119874667,19,False,D,E
4NKQ_C_AB,0.36004320343250845,298.0,-3.081110715866089,0.0693309908481189,17,True,R,A
4NKQ_C_AB,-0.2905403524910526,298.0,-2.1864802837371826,0.0693309908481189,17,True,R,D
4NKQ_C_AB,-0.3313970115038283,298.0,-0.3814070224761963,0.1425618897260304,17,True,D,K
4RS1_A_B,0.4427713577466057,277.0,-1.3695957660675049,0.4458702657663662,15,False,E,A
4RS1_A_B,0.8593906782556169,277.0,-0.7574307918548584,0.4458702657663662,15,False,E,Q
4RS1_A_B,0.3126498790236371,277.0,-0.4242675304412842,0.4458702657663662,15,False,E,K
4RS1_A_B,0.2746723805453186,277.0,0.4788763523101811,0.1101419690081301,22,False,N,D
4RS1_A_B,1.1985736643812885,277.0,0.7496085166931157,0.1101419690081301,22,False,N,A
4RS1_A_B,0.8456285765196168,277.0,1.8341345787048347,0.1101419690081301,22,False,N,K
4RS1_A_B,-0.10687422604786621,277.0,-0.9562551975250244,0.2611458297912912,14,False,K,A
4RS1_A_B,0.2546536145280115,277.0,-0.9661340713500972,0.2611458297912912,14,False,K,Q
4RS1_A_B,0.1163162310865545,277.0,-0.614415168762207,0.2611458297912912,14,False,K,E
4RS1_A_B,1.3286951431042573,277.0,0.20978069305419966,0.0488856022398117,17,True,D,N
4RS1_A_B,1.5981696059206207,277.0,-0.8467745780944824,0.0488856022398117,17,True,D,A
4RS1_A_B,2.908332346564446,277.0,0.41165852546691895,0.0488856022398117,17,True,D,R
4RS1_A_B,3.695536949804643,277.0,-0.32915210723876953,0.0488856022398117,17,True,D,K
4NKQ_C_AB,1.7319006411658247,277.0,-3.3908865451812744,0.0693309908481189,17,True,R,M
4NKQ_C_AB,1.675873807741359,277.0,-2.478749990463257,0.0385261119874667,19,False,D,A
4NKQ_C_AB,1.9687313990052349,277.0,0.14414763450622559,0.0385261119874667,19,False,D,N
4NKQ_C_AB,0.3080435308273841,277.0,0.37838602066040083,0.1580293647996368,12,False,R,Q
4NKQ_C_AB,2.534940783901673,277.0,-3.3908865451812744,0.0693309908481189,17,True,R,M
4NKQ_C_AB,2.4345808989385342,277.0,-2.478749990463257,0.0385261119874667,19,False,D,A
4NKQ_C_AB,1.6397654295553903,277.0,0.14414763450622559,0.0385261119874667,19,False,D,N
4NKQ_C_AB,0.7630932131863697,277.0,0.37838602066040083,0.1580293647996368,12,False,R,Q
4RS1_A_B,0.8559039158854669,298.0,-4.093942046165466,0.0017139235204712,21,False,I,G
4RS1_A_B,0.3942472152539023,298.0,-1.3011870384216309,0.3638991080552039,15,False,E,R
4RS1_A_B,0.17831042305884584,298.0,-2.0323030948638916,0.1039136829450915,16,True,R,D
4RS1_A_B,0.19003727503006904,298.0,0.055435895919799805,0.47747496484666,12,False,R,D
4NKQ_C_AB,-0.3903964755269158,298.0,0.06130409240722612,0.0579018506530145,18,True,N,E
4NKQ_C_AB,0.33430702557976877,298.0,-4.026154398918152,0.0414686237131535,23,False,I,G
4NKQ_C_AB,2.6392280611100962,298.0,-0.9470212459564209,0.1997078947458372,21,True,E,R
4NKQ_C_AB,0.11136202528634116,298.0,-1.4636187553405762,0.1325235726976868,20,True,R,D
4NKQ_C_AB,-0.20541235012485573,298.0,-0.4724607467651367,0.262462178898007,14,True,R,D
4NKQ_C_AB,-0.6016146238491203,298.0,0.45657610893249534,0.4333622541148918,9,False,N,D
4NKQ_C_AB,-0.23502785469029308,298.0,0.5973618030548096,0.4223010126365377,9,True,L,D
5E6P_A_B,0.27365992088670604,293.0,-1.1039419174194336,0.0746427974971927,19,True,I,A
5E6P_A_B,0.9133276453350395,293.0,-1.0152094364166269,9.13721159355897e-05,22,True,L,A
5E6P_A_B,0.677245320640508,293.0,-3.7204134464263916,0.0835823269225381,21,True,R,A
5E6P_A_B,1.7442670778823044,293.0,-2.680082321166992,0.0835823269225381,21,True,R,E
5E6P_A_B,0.35819224118384496,293.0,-3.009116291999817,0.0443443151450171,17,True,Y,A
5E6P_A_B,1.0987475388023096,293.0,-2.331085205078125,0.003758930234064,24,True,A,E
5E6P_A_B,1.5767640028230336,293.0,-4.588998556137086,0.0270059186274833,21,True,A,E
1U7F_B_AC,1.8071269636945604,310.0,-1.2968930006027222,0.3957436651270693,16,True,R,A
1U7F_B_AC,2.780237853642562,310.0,-0.3008432388305664,0.0112247316979996,18,True,D,A
2REX_A_B,0.5575003482052973,298.0,-3.3097429275512695,0.0626249217598886,21,True,L,Y
2REX_A_B,0.0,298.0,-0.2357640266418457,0.2706302703012687,18,True,Y,F
3Q3J_A_B,0.21121814832220448,298.0,-0.5038183927536011,0.2966738592171963,19,True,Y,F
3NVQ_B_A,1.571088399970417,303.0,-4.721028089523315,0.0614436743343376,22,True,R,E
3NVQ_B_A,1.5863328266390755,303.0,-2.2162022590637207,0.0250654002307541,22,True,R,E
3NVN_B_A,2.5271341986329494,303.0,-1.3238067626953125,0.0021823320922994,27,True,R,E
3NVN_B_A,1.2893355210186344,303.0,-2.265667200088501,0.0562937064398432,19,True,R,S
1JTG_A_B,3.8936401969768237,303.0,-4.861389338970184,0.0002977567930886,19,True,F,A
1JTG_A_B,3.5892776752708,298.0,-4.861389338970184,0.0002977567930886,19,True,F,A
1JTG_A_B,2.8483204693904005,279.0,-4.861389338970184,0.0002977567930886,19,True,F,A
1JTG_A_B,3.498499518214714,301.0,-2.2960848808288574,0.0,26,False,H,A
1JTG_A_B,3.440295512055627,281.0,-2.2960848808288574,0.0,26,False,H,A
1JTG_A_B,3.8957225407939915,279.0,-2.2960848808288574,0.0,26,False,H,A
1JTG_A_B,3.129298546852737,288.0,0.08906745910644576,0.0581735553346333,26,True,D,A
1JTG_A_B,2.909608990650097,283.0,0.08906745910644576,0.0581735553346333,26,True,D,A
1JTG_A_B,2.7164766687500426,279.0,0.08906745910644576,0.0581735553346333,26,True,D,A
1JTG_A_B,3.2617593717712916,303.0,-4.221329033374786,0.0026403894497273,23,True,Y,A
1JTG_A_B,3.6109336480214105,281.0,-4.221329033374786,0.0026403894497273,23,True,Y,A
1JTG_A_B,3.181974885254008,279.0,-4.221329033374786,0.0026403894497273,23,True,Y,A
1JTG_A_B,4.039030025525361,303.0,-2.4213812351226807,0.0147395475782741,25,True,K,A
1JTG_A_B,4.090680615177067,298.0,-2.4213812351226807,0.0147395475782741,25,True,K,A
1JTG_A_B,3.5114210850557295,279.0,-2.4213812351226807,0.0147395475782741,25,True,K,A
1JTG_A_B,3.476280551497636,303.0,0.48952174186706543,0.0453858918251032,23,True,W,A
1JTG_A_B,3.240229606941118,301.0,0.48952174186706543,0.0453858918251032,23,True,W,A
1JTG_A_B,2.7419303754641247,279.0,0.48952174186706543,0.0453858918251032,23,True,W,A
1JTG_A_B,3.2922828461679834,303.0,-3.6491806507110596,0.0709922215851227,25,True,F,A
1JTG_A_B,3.2660410784662277,281.0,-3.6491806507110596,0.0709922215851227,25,True,F,A
1JTG_A_B,3.0315079672635883,279.0,-3.6491806507110596,0.0709922215851227,25,True,F,A
1JTG_A_B,2.490094556115403,303.0,-1.2421607971191406,0.0042958268741632,22,True,H,A
1JTG_A_B,3.460557491473223,285.0,-1.2421607971191406,0.0042958268741632,22,True,H,A
1JTG_A_B,3.62637618355982,279.0,-1.2421607971191406,0.0042958268741632,22,True,H,A
1JTG_A_B,4.814787563634082,288.0,-0.5131068229675293,0.10132873176349,19,True,W,A
1JTG_A_B,4.341386347737017,283.0,-0.5131068229675293,0.10132873176349,19,True,W,A
1JTG_A_B,4.664325452270516,279.0,-0.5131068229675293,0.10132873176349,19,True,W,A
1JTG_A_B,3.4688321156979547,288.0,-1.5965960025787356,0.2593930551085727,15,True,R,A
1JTG_A_B,3.0679073281389173,281.0,-1.5965960025787356,0.2593930551085727,15,True,R,A
1JTG_A_B,3.0932857158139817,279.0,-1.5965960025787356,0.2593930551085727,15,True,R,A
1JTG_A_B,0.3457257118069683,293.0,-0.21361887454986572,0.0161823376055583,21,True,S,A
1JTG_A_B,1.3236011987505807,303.0,0.4026036262512207,0.056456145368746,27,True,G,A
1JTG_A_B,1.8166639130909374,279.0,0.4026036262512207,0.056456145368746,27,True,G,A
1JTG_A_B,-2.111378076580298,303.0,-1.0308642387390137,0.0412486158857488,22,True,Y,A
1JTG_A_B,-2.047815078149917,288.0,-1.0308642387390137,0.0412486158857488,22,True,Y,A
1JTG_A_B,1.1607286681128595,303.0,-0.3776552677154541,0.215167746276147,22,True,Y,A
1JTG_A_B,1.0619445808414671,298.0,-0.3776552677154541,0.215167746276147,22,True,Y,A
1JTG_A_B,0.9721922493024752,279.0,-0.3776552677154541,0.215167746276147,22,True,Y,A
1JTG_A_B,0.600665592084845,303.0,-0.5541238784790039,0.0207645609484681,24,True,S,A
1JTG_A_B,1.0018054638109524,303.0,-4.379139840602875,0.0257359351883453,25,True,E,A
1JTG_A_B,-0.48217769229745133,288.0,-1.3483765125274658,0.1117492271394886,23,True,S,A
1JTG_A_B,1.901247735440147,303.0,-3.9638009667396545,0.1745557373450361,17,True,G,A
1JTG_A_B,0.8912870721943075,298.0,-1.4175794124603271,0.1156008741419353,22,True,Y,A
1JTG_A_B,1.458154540521814,279.0,-1.4175794124603271,0.1156008741419353,22,True,Y,A
1JTG_A_B,1.201902458112733,303.0,-0.8004739284515381,0.4709959900266689,18,True,R,A
1LFD_A_B,1.0000262660078902,298.0,-3.3176190853118896,0.3042253835874633,14,True,I,A
1LFD_A_B,2.2005684004094896,298.0,-3.041039228439331,0.3757169028137366,19,False,R,A
1LFD_A_B,1.0000262660078902,298.0,-3.222212314605713,0.3064946404049998,11,True,N,A
1LFD_A_B,0.3016465062781233,298.0,0.5517563819885254,0.098081074534471,24,True,N,A
1LFD_A_B,1.0000262660078902,298.0,-0.9710321426391602,0.127027842436433,20,True,Y,F
1LFD_A_B,1.7983783438929917,298.0,-3.9301533699035653,0.0496675668425399,24,True,K,A
1LFD_A_B,0.8004551296451752,298.0,-0.7588925361633305,0.0049075394963577,19,True,S,A
1LFD_A_B,0.3016465062781233,298.0,-3.4584392905235295,0.2664211492698471,19,False,K,A
1LFD_A_B,-0.29908601213559977,298.0,0.030394792556762695,0.2461914246383155,14,True,D,A
1LFD_A_B,2.4004182364661695,298.0,-0.5370422601699831,0.0810025322250197,20,True,K,A
1LFD_A_B,1.0000262660078902,298.0,-2.649235963821411,0.0618666484785398,20,False,H,A
1LFD_A_B,-0.09962879945165706,298.0,-1.443969488143921,0.7583053106584448,6,False,E,A
1LFD_A_B,0.9002347674794081,298.0,-5.013533443212509,0.2132282991564649,15,True,Q,A
1LFD_A_B,1.1002917441185578,298.0,-2.6944220662117004,0.2830742882141155,12,True,D,A
1LFD_A_B,-0.5996996768007229,298.0,-0.15215635299682617,0.1158066595995612,17,True,S,A
1LFD_A_B,2.3001368447062487,298.0,-0.8271820545196533,0.0058791224016501,23,True,Y,F
1LFD_A_B,0.9002347674794081,298.0,-1.6704989671707153,0.3329901341380833,14,True,R,A
1LFD_A_B,1.8967342874794035,310.0,-3.3176190853118896,0.3042253835874633,14,True,I,A
1LFD_A_B,2.39655435949924,310.0,-3.041039228439331,0.3757169028137366,19,False,R,A
1LFD_A_B,0.8970140365918818,310.0,-3.222212314605713,0.3064946404049998,11,True,N,A
1LFD_A_B,0.6968169145927486,310.0,0.5517563819885254,0.098081074534471,24,True,N,A
1LFD_A_B,1.6964434651050044,310.0,-0.9710321426391602,0.127027842436433,20,True,Y,F
1LFD_A_B,3.5961907468308287,310.0,-4.747915506362915,0.127027842436433,20,True,Y,A
1LFD_A_B,3.1967664763589263,310.0,-3.9301533699035653,0.0496675668425399,24,True,K,A
1LFD_A_B,1.096957247412654,310.0,-0.7588925361633305,0.0049075394963577,19,True,S,A
1LFD_A_B,0.5971828458967235,310.0,-3.4584392905235295,0.2664211492698471,19,False,K,A
1LFD_A_B,-0.3020872474484755,310.0,0.030394792556762695,0.2461914246383155,14,True,D,A
1LFD_A_B,3.1967664763589263,310.0,-0.5370422601699831,0.0810025322250197,20,True,K,A
1LFD_A_B,1.996030968103708,310.0,-2.649235963821411,0.0618666484785398,20,False,H,A
1LFD_A_B,0.19848788244451265,310.0,-1.443969488143921,0.7583053106584448,6,False,E,A
1LFD_A_B,0.4967249199414675,310.0,-2.4645075798034677,0.5237213465360961,10,False,V,A
1LFD_A_B,1.1965592838418202,310.0,-0.07210254669189409,0.0702334141780041,18,True,E,A
1LFD_A_B,3.895850304700192,310.0,-4.200508892536163,0.0339119293036378,26,True,D,A
1LFD_A_B,-0.9016174659348158,310.0,-0.15215635299682617,0.1158066595995612,17,True,S,A
1LFD_A_B,1.996030968103708,310.0,-0.8271820545196533,0.0058791224016501,23,True,Y,F
1LFD_A_B,3.696010834387762,310.0,-4.906597852706909,0.0058791224016501,23,True,Y,A
1LFD_A_B,0.7966874945980519,310.0,-1.6704989671707153,0.3329901341380833,14,True,R,A
1LFD_A_B,0.19848788244451265,310.0,-0.9858421087265017,0.5200439297055448,9,False,E,A
1LFD_A_B,0.2971276266437531,310.0,-0.3766231536865239,0.6299068720863217,11,False,E,A
4G0N_A_B,1.7002219629278112,308.0,-1.236836194992065,0.3355061036769425,17,False,R,A
4G0N_A_B,0.1004243403356974,308.0,-2.6460485458374023,0.4804115589816912,15,True,N,A
4G0N_A_B,1.7002219629278112,308.0,-1.5812137126922612,0.0456865669734304,19,True,Q,A
4G0N_A_B,2.001382836560122,308.0,-0.7882661819458008,0.2700012697611756,18,True,R,A
4G0N_A_B,1.500606225056142,308.0,-1.3469243049621582,0.0155576908057652,24,True,T,A
4G0N_A_B,1.000146590440926,308.0,-4.06068217754364,0.0742052585358735,16,True,V,A
4G0N_A_B,2.200238060095798,308.0,-0.36270761489868164,0.3160921943466954,15,True,K,A
4G0N_A_B,0.1004243403356974,308.0,-2.561494469642639,0.0476390031234402,19,True,V,A
4G0N_A_B,0.9000619594182708,308.0,-3.6878350973129272,0.0248611418862917,22,True,I,A
4G0N_A_B,-0.3003154681268879,308.0,-0.7857584953308105,0.402851022520403,13,False,H,A
4G0N_A_B,0.5015718122627081,308.0,-1.836057901382446,0.4331129316232994,6,True,E,A
4G0N_A_B,1.1002131044808692,308.0,-1.6873000860214233,0.4226719258756186,10,True,D,A
4G0N_A_B,1.8006412824586262,308.0,-2.8920305967330933,0.4341965335194497,19,True,I,A
4G0N_A_B,1.8006412824586262,308.0,-1.5481109619140625,0.1488684616464222,18,True,E,A
4G0N_A_B,3.299688474498163,308.0,-0.07935428619384766,0.0997506435520321,24,True,D,A
4G0N_A_B,0.30032117756763216,308.0,-3.7483657598495483,0.0207890173343684,22,True,S,A
4G0N_A_B,-0.5998165205147215,308.0,-2.547417640686035,0.1690094407617663,17,True,R,A
4G0N_A_B,-0.3003154681268879,308.0,-3.4624820947647095,0.5495585779612254,8,False,V,A
1GUA_A_B,1.0003955007411132,298.0,-1.5984194278717045,0.3107261602359055,16,True,R,A
1GUA_A_B,-0.3997593057047847,298.0,-2.797094941139221,0.3529666429175681,15,True,N,A
1GUA_A_B,-0.3997593057047847,298.0,-0.8581500053405762,0.6628064200251308,12,True,K,A
1GUA_A_B,0.10031157164428099,298.0,-2.2509454488754272,0.0463994972366866,19,True,Q,A
1GUA_A_B,0.7008412516683519,298.0,0.2316133975982666,0.0164861557789103,25,True,T,A
1GUA_A_B,0.10031157164428099,298.0,-4.083861351013184,0.0825090881432562,15,True,V,A
1GUA_A_B,1.9983187149889297,298.0,-0.6164884567260742,0.3121121330176478,15,True,K,A
1GUA_A_B,0.7989190350110312,298.0,-0.5982179641723633,0.5123270389693559,14,True,K,A
1GUA_A_B,0.1999403710959381,298.0,-1.5206575393676767,0.0379125018521969,19,True,V,A
1GUA_A_B,1.3002321152144958,298.0,-1.0046141147613525,0.1277703709492343,17,True,E,A
1GUA_A_B,1.3996732349197516,298.0,-2.116205930709839,0.0401254192669645,21,True,S,A
1K8R_A_B,1.8697107829656783,310.0,-0.8670637607574463,0.0809156058281957,23,True,Q,A
1K8R_A_B,2.9124644298919184,310.0,-1.7596359848976135,0.0322597780314197,25,True,R,A
1K8R_A_B,0.6101183997246548,310.0,-0.31100034713745117,0.6203390183779633,12,False,K,A
1K8R_A_B,2.836937339384543,310.0,-3.1572275161743164,0.1989895156916716,19,True,K,A
1K8R_A_B,0.7437439919787758,310.0,0.40704369544982955,0.5574770038237918,14,False,R,A
1K8R_A_B,1.4939957601996467,310.0,1.5031239986419678,0.1174682602968379,21,True,R,A
1K8R_A_B,0.17773654615239837,310.0,-0.8568360805511475,0.5638671891931527,7,False,E,K
1K8R_A_B,1.59620521584467,310.0,-1.9495522975921622,0.4751157185400533,10,True,D,A
1K8R_A_B,0.317973210297881,310.0,-0.22695779800414995,0.1538936158948765,17,True,E,A
1K8R_A_B,1.7803357543779699,310.0,-1.3734757900238037,0.0116782940787995,23,True,D,A
1K8R_A_B,3.5744899916506405,310.0,0.8976730108261111,0.0116782940787995,23,True,D,E
1K8R_A_B,1.9717067304457656,310.0,-0.9501261711120605,0.0116782940787995,23,True,D,N
1K8R_A_B,0.7437439919787758,310.0,-1.7798027992248535,0.0141992717067367,21,True,S,A
1K8R_A_B,3.5744899916506405,310.0,-3.6655802726745605,0.0359342848295021,22,True,Y,C
1K8R_A_B,1.551383044107918,310.0,-0.1993680000305178,0.0359342848295021,22,True,Y,F
1K8R_A_B,1.2266533026606015,310.0,-0.2681460380554199,0.1704816487041001,21,True,R,A
1K8R_A_B,1.2266533026606015,310.0,-5.38283759355545,0.0018446205387475,22,False,D,A
1K8R_A_B,0.4259705994789307,310.0,-1.013111472129822,0.6155691547450169,9,False,E,A
1K8R_A_B,0.4259705994789307,310.0,-0.5931187868118288,0.6149360540212687,10,False,E,A
4G0N_A_B,0.6031833311844664,298.0,-1.2492308616638184,0.3187256368656964,16,False,F,W
4G0N_A_B,0.5516563533492312,298.0,-0.6954041719436646,0.0476390031234402,19,True,V,I
4G0N_A_B,-0.6979837806626557,298.0,0.9780404567718506,0.3696371052945803,15,True,N,R
4G0N_A_B,-1.1084563032791503,298.0,-2.370378017425537,0.0871388178307048,19,False,A,K
3KUD_A_B,1.9530394314410333,298.0,-1.2968528270721436,0.1488066223189364,19,True,K,A
3KUD_A_B,-0.7977190616059049,298.0,1.1108269691467285,0.3996213605161899,13,True,N,R
4G0N_A_B,2.6281932075437155,298.0,-4.899915665388107,0.13906356285867,18,False,T,A
3KUD_A_B,1.9904531349834464,298.0,-4.9850172996521,0.0934366921474539,18,False,T,A
1GUA_A_B,0.2401110333070661,298.0,1.3164643049240112,0.619964977911046,9,False,D,E
1C1Y_A_B,-1.7740327276755177,298.0,1.8871732950210571,0.751320566743995,6,False,K,E
1C1Y_A_B,0.7129766491354615,298.0,-2.0891230106353764,0.6495536076579284,12,True,K,M
1C1Y_A_B,0.5017585008132571,298.0,-2.554991602897644,0.3992087679783735,14,True,N,A
1C1Y_A_B,1.4756267951789817,298.0,-0.20789968967437744,0.3992087679783735,14,True,N,D
1C1Y_A_B,1.1234491717519564,298.0,-4.251810789108276,0.0740126550791518,17,True,V,A
1C1Y_A_B,1.1084563032791503,298.0,-0.7853655815124516,0.6495536076579284,12,True,K,A
1C1Y_A_B,0.8906945892306273,298.0,0.35005140304565385,0.6495536076579284,12,True,K,E
1C1Y_A_B,1.4548461832557849,298.0,0.09225690364837624,0.0139042195037386,24,True,T,A
1C1Y_A_B,1.4548461832557849,298.0,-0.6616973876953125,0.2577716409595119,17,True,R,A
1C1Y_A_B,1.9061753648850552,298.0,-2.2617528438568115,0.321566279483636,16,True,R,A
1C1Y_A_B,1.580182002157296,298.0,-2.458672046661378,0.0619146214749999,20,True,Q,A
1C1Y_A_B,1.3120332272237871,298.0,-0.12567138671875044,0.4621301099291878,14,True,K,A
1C1Y_A_B,2.2319054750311067,298.0,1.0061829090118404,0.4621301099291878,14,True,K,E
1C1Y_A_B,2.619152014020517,298.0,-4.273629367351532,0.072117449678291,20,True,R,L
4G0N_A_B,1.321986178698921,298.0,-2.025172948837281,0.6843718215558372,9,True,K,M
4G0N_A_B,1.5056557937436943,298.0,-2.6460485458374023,0.4804115589816912,15,True,N,A
4G0N_A_B,1.8081599202626608,298.0,0.010083556175232156,0.4804115589816912,15,True,N,D
4G0N_A_B,1.8081599202626608,298.0,-4.06068217754364,0.0742052585358735,16,True,V,A
4G0N_A_B,1.831385903889746,298.0,-0.5129413604736328,0.6843718215558372,9,True,K,A
4G0N_A_B,1.9161283163601892,298.0,0.44910359382629395,0.6843718215558372,9,True,K,E
4G0N_A_B,2.1562393496672554,298.0,-1.3469243049621582,0.0155576908057652,24,True,T,A
4G0N_A_B,2.326600838976684,298.0,-0.7882661819458008,0.2700012697611756,18,True,R,A
4G0N_A_B,2.737073361593179,298.0,-1.236836194992065,0.3355061036769425,17,False,R,A
4G0N_A_B,2.7844735863322736,298.0,-1.5812137126922612,0.0456865669734304,19,True,Q,A
4G0N_A_B,3.5821926479381783,298.0,-0.36270761489868164,0.3160921943466954,15,True,K,A
4G0N_A_B,5.063509681420924,298.0,0.5776247978210449,0.3160921943466954,15,True,K,E
4G0N_A_B,5.356225375613696,298.0,-3.287068247795105,0.0745248756771347,21,True,R,L
4G0N_A_B,1.3874975241143412,298.0,-1.836057901382446,0.4331129316232994,6,True,E,A
4G0N_A_B,0.6888024080234518,298.0,-1.6873000860214233,0.4226719258756186,10,True,D,A
4G0N_A_B,-0.10767237675979723,298.0,-2.547417640686035,0.1690094407617663,17,True,R,A
4G0N_A_B,2.0383180020945937,298.0,-1.236836194992065,0.3355061036769425,17,False,R,A
4G0N_A_B,0.4358299542775585,298.0,-2.6460485458374023,0.4804115589816912,15,True,N,A
4G0N_A_B,1.4957028422685605,298.0,-0.7882661819458008,0.2700012697611756,18,True,R,A
4G0N_A_B,0.6888024080234518,298.0,-4.06068217754364,0.0742052585358735,16,True,V,A
4G0N_A_B,2.0383180020945937,298.0,-0.36270761489868164,0.3160921943466954,15,True,K,A
4G0N_A_B,-0.10767237675979723,298.0,-2.561494469642639,0.0476390031234402,19,True,V,A
4G0N_A_B,2.0277103722502905,273.0,-3.7520885169506073,0.13906356285867,18,False,T,S
4G0N_A_B,2.6961564303069685,273.0,-4.899915665388107,0.13906356285867,18,False,T,A
4G0N_A_B,2.5344096015500734,298.0,-0.07935428619384766,0.0997506435520321,24,True,D,A
1C1Y_A_B,2.619152014020517,298.0,0.6779356002807617,0.0974828164205164,24,True,D,A
1LFD_A_B,2.7271204101180455,298.0,-4.200508892536163,0.0339119293036378,26,True,D,A
1LFD_A_B,-0.2112181483222045,298.0,-1.772599697113037,0.7657878175493472,5,False,Y,W
1FFW_A_B,1.3635602050590228,298.0,-5.052549183368683,0.0884210467264264,26,True,A,V
1FFW_A_B,0.12536364787648277,298.0,-4.655452609062195,0.110052962358425,19,False,Y,C
3EQS_A_B,0.3916713665958526,298.0,0.4373164176940918,0.6325247536170621,10,True,T,A
3EQS_A_B,1.2629482597472312,298.0,-4.179807007312775,0.3017806049508642,11,True,S,A
3EQS_A_B,5.556008252105314,298.0,-3.578067272901535,0.0098067976976524,21,True,F,A
3EQS_A_B,1.1141232046369274,298.0,-2.427699506282807,0.455688036162368,11,False,E,A
3EQS_A_B,3.109162512960843,298.0,-2.9580849409103394,0.1569479441006949,19,True,Y,A
3EQS_A_B,6.407328502678618,298.0,-4.651689872145653,0.0400758031384274,22,True,W,A
3EQS_A_B,-1.111238704667861,298.0,0.6852879524230953,0.4150540839242404,13,True,N,A
3EQS_A_B,-0.17036148930942868,298.0,-1.5195503234863281,0.614198553165606,11,True,L,A
3EQS_A_B,3.3328684342363175,298.0,-4.718281149864197,0.0360467290740557,18,True,L,A
3EQS_A_B,0.11714976873673205,298.0,-0.9555385112762451,0.5012439828018251,11,True,S,A
3LNZ_A_B,1.111238704667861,298.0,-0.6133437156677246,0.4856125126448686,13,False,A,N
3EQY_A_C,0.3745714295332621,298.0,-0.32792043685913086,0.6551194260736548,11,True,T,A
3EQY_A_C,0.871018803509987,298.0,-3.8173357248306274,0.274811521425336,12,True,S,A
3EQY_A_C,5.658450760459924,298.0,-1.4154848456382751,0.0079920773502006,21,True,F,A
3EQY_A_C,1.2226442714911356,298.0,-1.8964097499847412,0.4586977398724876,11,False,E,A
3EQY_A_C,2.586204476550158,298.0,-2.609811782836914,0.1690209909727489,19,True,Y,A
3EQY_A_C,6.043720046618101,298.0,-3.8236792981624603,0.0768818829963771,22,True,W,A
3EQY_A_C,-0.7488777422186944,298.0,2.1646587252616882,0.6147091214669459,13,False,N,A
3EQY_A_C,0.03384845091440465,298.0,-1.2330453395843506,0.6901165059667402,11,False,L,A
3EQY_A_C,2.3235741263738507,298.0,-5.000761270523071,0.1118877762769263,14,True,L,A
3EQY_A_C,0.15268296238859794,298.0,-0.6683261394500732,0.5977305397743827,8,True,S,A
3EQY_A_C,0.29549591842059547,298.0,-3.540005922317505,0.5418890772006912,15,True,P,A
3NGB_HL_G,-0.0027431605113635064,303.0,0.5718801021575923,0.235006179911235,13,True,I,A
3NGB_HL_G,0.7071632140207373,303.0,-2.834906816482544,0.1311467224210258,20,False,T,A
3NGB_HL_G,1.2021703956811993,303.0,-1.5482251644134521,0.0220354145717452,25,True,W,A
3NGB_HL_G,1.29179372548406,303.0,-2.5381743907928467,0.0176555334540346,24,True,W,A
3NGB_HL_G,0.6228825121518312,303.0,-1.4686496257781987,0.1857258200531947,24,True,K,A
3NGB_HL_G,-0.2593841685882592,303.0,-0.8516750335693359,0.3765350696490027,21,True,R,A
3NGB_HL_G,-1.276658785621922,303.0,-0.682166576385498,0.0853981861914799,23,True,G,A
3NGB_HL_G,1.2656103528731653,303.0,-4.549953132867813,0.0235196952854405,21,True,G,A
3NGB_HL_G,1.3584279749994033,303.0,-3.483479857444763,0.0792621738812965,24,True,V,A
3NGB_HL_G,1.7671238351667182,303.0,-2.8158518075942993,0.0090948263481305,27,True,N,A
3NGB_HL_G,0.5484261455424753,303.0,-0.7068228721618652,0.0580184190756226,23,True,Y,A
3NGB_HL_G,0.9958445014003086,303.0,-0.453849077224731,0.1650017147680424,15,True,R,A
3NGB_HL_G,-0.04252043958861535,303.0,0.05484724044799805,0.5527021520314428,12,True,P,A
3NGB_HL_G,-0.34038827185161974,303.0,-1.4895223379135132,0.271830242054243,16,True,Q,A
3NGB_HL_G,0.5305510609771573,303.0,-3.537578582763672,0.0160810138575334,26,False,M,A
3NGB_HL_G,1.6432171953097705,303.0,2.5669779777526855,0.148253348082775,23,True,R,A
3NGB_HL_G,1.087913680060634,303.0,-0.6837208271026611,0.1884489479369015,19,True,V,A
3NGB_HL_G,-0.1993221876657736,303.0,1.0593156814575195,0.5987609879029628,12,True,Y,A
3NGB_HL_G,0.059871405611257096,303.0,-1.2092255353927612,0.4404947729316965,11,True,D,A
3NGB_HL_G,1.4235858297640938,303.0,-0.42776584625244185,0.1796824388097654,17,True,Y,A
3NGB_HL_G,1.1185738219244732,303.0,-0.1396317481994629,0.0568718554066168,23,True,N,A
3NGB_HL_G,4.462500819429005,303.0,-1.8034658432006836,0.0070517695475679,24,True,W,A
3NGB_HL_G,-0.7733629950981507,303.0,-0.2667713165283203,0.4450412659361255,14,True,V,A
3NGB_HL_G,-0.23060832548399882,303.0,-0.21596479415893555,0.4461051234352604,12,True,Q,A
3NGB_HL_G,0.9852806744650745,303.0,0.4729149341583252,0.6083472178264425,11,True,Y,A
3NGB_HL_G,-0.14471173002666052,303.0,-1.0045158863067627,0.2730410333154429,17,False,S,A
3NGB_HL_G,2.022787808114121,303.0,-2.397930860519409,0.0542618330255439,22,True,Y,A
3NGB_HL_G,1.3199500457991684,303.0,-0.05554318428039551,0.0518623614989659,25,True,E,A
3NGB_HL_G,0.8588610734149358,303.0,-1.2031056880950932,0.2142214813566306,21,True,F,A
3SE8_HL_G,-0.039497612239525574,303.0,-2.649953842163086,0.1572829676433224,16,True,R,A
3SE8_HL_G,1.4751462856602853,303.0,-3.658775568008423,0.0146990350536125,25,True,W,A
3SE8_HL_G,1.3335256633900363,303.0,-3.1836167573928833,0.0100299726892452,26,True,W,A
3SE8_HL_G,1.1114141336333139,303.0,-1.8574595451354985,0.2214840300922701,24,True,K,A
3SE8_HL_G,0.05477617188009301,303.0,-2.3757986426353455,0.2120957065141058,24,True,L,A
3SE8_HL_G,0.7611053868475779,303.0,-0.4545555114746085,0.0197309384365628,26,True,W,A
3SE8_HL_G,0.3570971241082872,303.0,-2.46418035030365,0.0283299265353755,21,True,G,A
3SE8_HL_G,1.2496848072761948,303.0,-3.4457740783691406,0.0691514343889664,24,True,V,A
3SE8_HL_G,1.1508398806593148,303.0,-1.1417336463928232,0.033972482166695,28,True,S,A
3SE8_HL_G,0.855848570866861,303.0,-0.9181890487670898,0.0744768886112058,24,True,Y,A
3SE8_HL_G,1.2061688813685716,303.0,-0.10585308074951172,0.2048563656433664,19,True,R,A
3SE8_HL_G,1.1144247533594487,303.0,-1.466909646987915,0.3155464557753598,14,True,Q,A
3SE8_HL_G,0.5498048998607449,303.0,-1.6891875267028802,0.2738165660134751,15,True,Q,A
3SE8_HL_G,2.6444616721842755,303.0,1.2221355438232422,0.1681826696530746,23,True,R,A
3SE8_HL_G,0.09689982549665609,303.0,-2.1167941093444824,0.5067833186242005,14,True,Q,A
3SE8_HL_G,0.01881786558903548,303.0,-2.9518848955631256,0.5185085138208827,11,True,P,A
3SE8_HL_G,-0.0709198383600139,303.0,-3.445427030324936,0.2649313288741505,17,True,P,A
3SE8_HL_G,-0.389348888489048,303.0,-0.028430700302124023,0.6579462508353617,6,True,D,A
3SE8_HL_G,0.8299214752084622,303.0,0.25724005699157715,0.4573687087605552,10,True,Y,A
3SE8_HL_G,-0.24413974191960078,303.0,-1.564920425415039,0.1155844442416466,19,True,D,A
3SE8_HL_G,1.0676040754519076,303.0,-1.7217214107513423,0.0250973467887035,23,True,F,A
3SE8_HL_G,-0.5565172567810809,303.0,2.5937345027923584,0.3082281320946058,14,True,E,A
3SE8_HL_G,-0.21612898492946112,303.0,-1.3747355937957764,0.345499083716846,14,False,Q,A
3SE8_HL_G,0.1943491834680722,303.0,-1.259134292602539,0.1377341255369045,19,True,N,A
3SE8_HL_G,0.855848570866861,303.0,-0.49143505096435547,0.2791965213773219,14,False,D,A
3SE8_HL_G,-0.8640969558926477,303.0,-0.8418824672698975,0.1161474194835462,20,True,F,A
3SE8_HL_G,1.5134906568562332,303.0,-3.7811436653137207,0.0484626874890426,26,True,E,A
3SE8_HL_G,0.832325161797007,303.0,0.5532693862915039,0.0944934566695289,23,True,F,A
3SE9_HL_G,0.5659996998544158,303.0,-2.036316394805908,0.0456587531351267,24,True,L,A
3SE9_HL_G,1.0584461393607199,303.0,-4.799778699874878,0.0368730713058309,23,False,W,A
3SE9_HL_G,1.275694617776512,303.0,-3.3688462376594543,0.0030152768012987,26,True,W,A
3SE9_HL_G,-0.8592991401427342,303.0,1.0213882923126225,0.2819794458945331,21,True,V,A
3SE9_HL_G,-0.8592991401427342,303.0,-4.766756296157837,0.1241432962879984,23,True,T,A
3SE9_HL_G,0.4524446772287741,303.0,-3.4706795811653137,0.0349702699220799,22,True,G,A
3SE9_HL_G,0.9833593453336035,303.0,-4.807279706001282,0.100379780822289,22,True,V,A
3SE9_HL_G,1.5217611539508715,303.0,-4.696874767541885,0.0051787029036619,26,True,N,A
3SE9_HL_G,0.04633998917565512,303.0,-2.6166371256113052,0.1745093890676967,25,True,G,A
3SE9_HL_G,-0.44193949466354654,303.0,0.09865331649780273,0.615770630559385,13,True,P,A
3SE9_HL_G,1.4695444872672188,303.0,-0.17808425426483154,0.1633716459089472,20,True,R,A
3SE9_HL_G,2.6792564759020507,303.0,0.8249478340148926,0.1485499851746476,23,True,R,A
3SE9_HL_G,-0.23221613068711555,303.0,-2.2392584085464478,0.3334977233391024,20,True,R,A
3SE9_HL_G,-0.7664815180164962,303.0,0.23231291770935059,0.4167307029281223,14,True,D,A
3SE9_HL_G,0.4636996346548429,303.0,0.17439723014831543,0.6735117682079715,8,True,Y,A
3SE9_HL_G,-0.44193949466354654,303.0,-0.5572535991668706,0.0599314917209049,20,True,T,A
3SE9_HL_G,-0.3075796991115668,303.0,-2.7553902864456177,0.1379195259045463,14,True,G,A
3SE9_HL_G,-0.6151593982231336,303.0,0.3476243019104004,0.3670073605590624,15,True,G,A
3SE9_HL_G,0.1851435147920722,303.0,-4.681500777602196,0.0582531039742049,22,True,G,A
3SE9_HL_G,-0.4943310191067557,303.0,-1.0157015323638916,0.2230798892401795,17,True,V,A
3SE9_HL_G,1.1177191408855833,303.0,0.4421916007995601,0.5324061002788741,13,False,Y,A
3SE9_HL_G,0.4636996346548429,303.0,-1.5721397399902344,0.2451816171371046,22,False,G,A
3SE9_HL_G,0.964242733675031,303.0,-4.267091989517212,0.1268036716788057,23,True,L,A
3SE9_HL_G,0.41735964547918775,303.0,-2.0146318674087524,0.1010864738416507,25,True,E,A
3SE9_HL_G,0.02361568133894871,303.0,-1.6907393932342525,0.2513019953731393,21,True,F,A
1JTD_A_B,1.3011671118471222,298.0,-0.6481480598449711,0.1304828975766979,24,True,N,A
1JTD_A_B,1.5074296942397836,298.0,1.9380849599838263,0.0779828281964354,27,True,D,A
1JTD_A_B,1.3924530900438845,298.0,-1.4335935115814202,0.0906133198653764,26,True,W,A
1JTD_A_B,0.2950551393360103,298.0,-3.4172120690345764,0.3198124387911192,18,True,T,A
1JTD_A_B,3.150407363841207,298.0,0.1468980312347412,0.0081227634618895,25,True,Y,A
1JTD_A_B,2.550142241103219,298.0,-1.045025110244751,0.0462799908050743,25,True,F,A
1JTD_A_B,0.6668088632861536,298.0,0.7935731410980233,0.5973997793247162,14,True,L,A
1JTD_A_B,1.2094240231121864,298.0,1.1933927536010738,0.0144079091699902,26,True,N,A
1JTD_A_B,0.48022206661413236,298.0,-0.680701732635498,0.164043281511689,25,True,Y,A
1JTD_A_B,1.988940524524266,298.0,-0.9533338546752925,0.2046227475416903,22,True,D,A
1JTD_A_B,3.254742701471272,298.0,0.4985079765319824,0.0174657935230678,27,True,W,A
1JTD_A_B,0.9604441332282647,298.0,-3.554976224899292,0.0813266699556229,22,False,D,A
1JTD_A_B,0.15156033328878646,298.0,-2.018237352371216,0.4632167987548274,16,True,S,A
1JTD_A_B,-0.5488161240543374,298.0,-0.7557973861694331,0.1776198191592237,24,True,D,A
1JTD_A_B,3.2986284549289397,298.0,-2.5530946254730225,0.0079406409752616,28,True,Y,A
1JTD_A_B,-1.061056078540056,298.0,-2.9966604113578796,0.0788674776296996,20,True,D,A
1JTD_A_B,2.0263542280666793,298.0,1.1337726116180415,0.4171071919896301,16,True,Y,A
1JTD_A_B,2.1997293965153855,298.0,-3.6952205896377563,0.164157376760689,21,True,F,A
1JTD_A_B,2.8890951659316975,298.0,3.4058778285980225,0.0098197641506909,27,True,I,A
1JTD_A_B,3.960078126229166,298.0,-1.8483798503875732,0.0,27,True,F,A
1JTD_A_B,0.8240213465552473,298.0,-3.42154598236084,0.2143140487326718,22,True,Y,A
1JTD_A_B,1.849240251994085,298.0,-0.6612539291381836,0.0250219513249534,28,True,E,A
1JTD_A_B,5.809134901053953,298.0,-3.976488471031189,0.0272174388881959,25,True,W,A
1JTD_A_B,0.8879466183005331,298.0,-0.398540735244751,0.1283446746733993,21,True,R,A
1JTD_A_B,2.668825510928575,298.0,-0.20952963829040572,0.0426600691904958,24,True,N,A
3QHY_A_B,2.2542547942896496,298.0,0.42879223823547363,0.1567681642259961,25,True,N,A
3QHY_A_B,2.2542547942896496,298.0,1.744370937347412,0.0617661967275125,26,True,D,A
3QHY_A_B,2.862412983865089,298.0,-3.3214441537857056,0.0687083406500625,28,True,W,A
3QHY_A_B,0.056441418262292944,298.0,-2.5185917615890503,0.4828517893607076,14,False,T,A
3QHY_A_B,2.9019067270339165,298.0,-0.3297741413116455,0.0079934116737204,28,True,Y,A
3QHY_A_B,3.9827122190795397,298.0,-1.79300594329834,0.0032632945639628,26,True,F,A
3QHY_A_B,0.8159894793034468,298.0,-3.6522504687309265,0.3666240863418213,18,True,L,A
3QHY_A_B,1.6049857487233758,298.0,1.061976671218872,0.0184875506043609,27,True,N,A
3QHY_A_B,0.8008689981434107,298.0,-0.4082057476043701,0.1561934018222868,25,True,Y,A
3QHY_A_B,1.8885446894993645,298.0,-1.0219790935516357,0.2072934581069336,23,True,D,A
3QHY_A_B,3.788176488658101,298.0,-0.6783053874969482,0.0113969571958354,27,True,W,A
3QHY_A_B,0.38009731727618046,298.0,-2.7272382974624634,0.0634380175625001,24,False,D,A
3QHY_A_B,-0.08474241247044337,298.0,-1.198690414428711,0.6176805762431766,17,False,S,A
3QHY_A_B,0.9609313292021041,298.0,-1.962031364440918,0.1857543401455337,24,True,D,A
3QHY_A_B,3.4220595225170123,298.0,-2.481915235519409,0.009438445572429,26,True,Y,A
3QHY_A_B,3.4965384775158,298.0,-3.875787317752838,0.1017502054372819,20,True,D,A
3QHY_A_B,1.7426176859437081,298.0,0.17004919052124023,0.3859986194718042,19,True,Y,A
3QHY_A_B,2.0615439857216784,298.0,-3.3972845673561096,0.1546399704811133,21,True,F,A
3QHY_A_B,3.0663610683814495,298.0,4.238206744194031,0.0045796207546434,27,True,I,A
3QHY_A_B,3.0741021808713906,298.0,-1.5008819103240967,0.0,26,True,F,A
3QHY_A_B,0.24011103330706618,298.0,-3.2910573482513428,0.329582718675654,21,True,Y,A
3QHY_A_B,3.0115869999005174,298.0,-0.6923496723175049,0.0212700504463766,28,True,E,A
3QHY_A_B,5.430066579124081,298.0,-3.0534082651138306,0.0192707230350539,26,True,W,A
3QHY_A_B,0.5346662260766157,298.0,-0.13643991947174094,0.1243886395507839,22,True,R,A
3QHY_A_B,2.6946637029060385,298.0,-0.1849451065063472,0.03189805950915,24,True,N,A
5K39_A_B,-0.5096978065035378,318.0,-2.326120615005493,0.265457892084284,15,True,M,A
5K39_A_B,-0.24865774442918676,318.0,1.202139139175415,0.3704054712084592,14,True,M,A
5K39_A_B,0.48034951775187396,318.0,0.5875940322875981,0.1234763174974454,19,True,S,A
5K39_A_B,2.8986237332785207,318.0,1.0131843090057369,0.1150099003136185,26,True,F,A
5K39_A_B,2.1898670998026213,318.0,-4.70766419172287,0.0281609799673333,24,True,I,A
5M2O_A_B,2.0934229040227534,308.0,-3.014459013938904,0.0,25,True,I,A
5M2O_A_B,0.04860160977052419,308.0,-2.0334111154079437,0.0,27,True,S,A
5M2O_A_B,2.524718411022802,308.0,-3.0076273679733276,0.0,28,True,V,A
5M2O_A_B,1.182801156826777,308.0,-3.0588237643241882,0.006772307128998,25,True,Q,A
5M2O_A_B,1.0988260155473215,308.0,-2.484006404876709,0.4926827203930774,11,True,K,A
5M2O_A_B,-0.162971634777618,308.0,-1.860288143157959,0.0136086929765737,24,True,Q,A
5M2O_A_B,0.8788031540499982,308.0,-5.208195090293884,0.0108336818746696,20,True,L,A
5M2O_A_B,0.04323851995748255,308.0,-4.6982352286577225,0.0872097919200538,17,True,N,A
5M2O_A_B,0.1599705800619219,308.0,-1.1293542385101318,0.0,24,True,N,A
5M2O_A_B,-0.7821307826004512,308.0,1.0528221130371094,0.1316656173361369,31,True,K,A
5M2O_A_B,1.6808793356196992,308.0,-5.287669837474823,0.1663390810623018,22,True,L,A
5M2O_A_B,0.723015933444505,308.0,-1.3990716934204097,0.2478477946722612,16,True,E,A
5M2O_A_B,0.912257311452981,308.0,0.30089473724365234,0.0,24,True,H,A
5M2O_A_B,0.46478601729245855,308.0,-0.32331061363220215,0.1426810581628622,26,True,N,A
1YCS_A_B,-0.11684064383200896,293.0,-0.564693689346313,0.176173138760506,21,True,R,H
3EG5_A_B,-2.0495111941864534,293.0,1.4552874565124512,0.1639062609803604,21,True,H,F
5XCO_A_B,0.8108793070376218,298.0,-1.984189510345459,0.5778236032455668,15,False,D,C
5XCO_A_B,1.1099898043677754,298.0,-0.49764037132263184,0.5778236032455668,15,False,D,G
5XCO_A_B,1.078538873622119,298.0,-5.233924143016338,0.1788127684402622,24,True,P,A
5XCO_A_B,2.746752705465016,298.0,-1.4270236492156982,0.0170332929091682,22,True,L,A
5XCO_A_B,1.3635602050590228,298.0,-3.688027501106262,0.1742337004008145,18,True,Y,A
5XCO_A_B,2.7961301830353436,298.0,-3.8700143098831177,0.0046911576043832,23,True,I,A
5XCO_A_B,1.2854344722939772,298.0,-2.1134012937545776,0.1264738952450308,12,True,S,A
5XCO_A_B,1.899483918855109,298.0,-1.5421643257141122,0.2938720370099335,10,True,Y,A
5XCO_A_B,2.7961301830353436,298.0,-4.69800740480423,0.0036831934439099,16,True,D,A
5XCO_A_B,0.6348509163704162,298.0,-2.243409276008606,0.5874813217349516,10,False,P,A
5XCO_A_B,0.0,298.0,-2.408433079719544,0.1409561649473188,14,True,V,A
5UFE_A_B,-1.2209154599847816,298.0,-1.0396575927734375,0.5295666568305379,11,False,G,D
5UFE_A_B,-1.3781828411516541,298.0,-1.0396575927734375,0.5295666568305379,11,False,G,D
5UFE_A_B,-0.3962022737242648,298.0,-2.7420876026153564,0.5295666568305379,11,False,G,C
5UFE_A_B,-0.727599285228093,298.0,-1.8146779537200928,0.5295666568305379,11,False,G,V
5UFQ_A_C,1.2209154599847816,298.0,0.12542009353637606,0.6201059468493697,12,False,D,G
5UFQ_A_C,1.3781828411516541,298.0,0.12542009353637606,0.6201059468493697,12,False,D,G
5UFQ_A_C,0.9819805674273894,298.0,-1.3497648239135747,0.6201059468493697,12,False,D,C
5UFQ_A_C,0.6505835559235611,298.0,0.6912052631378169,0.6201059468493697,12,False,D,V
5UFE_A_B,0.2922917110351523,298.0,0.576561450958252,0.2641866577834891,12,False,Q,R
5UFE_A_B,-1.2209154599847816,298.0,-1.0396575927734375,0.5295666568305379,11,False,G,D
5UFQ_A_C,1.2209154599847816,298.0,0.12542009353637606,0.6201059468493697,12,False,D,G
5TAR_A_B,0.23146581885097925,298.0,-3.9609808325767517,0.087254683606846,21,False,F,A
5TAR_A_B,-0.21490779684874853,298.0,-0.43758702278137207,0.1469366128485491,20,False,M,A
5TAR_A_B,0.6591043744811126,298.0,-3.4397285282611847,0.1200545575737916,16,False,W,A
5TAR_A_B,1.1260183153599006,298.0,-1.9601337909698484,0.0802181766324594,17,True,E,A
5TAR_A_B,0.3841487812395772,298.0,0.06582498550415039,0.1209213076915606,16,True,W,A
5TAR_A_B,0.1573458736678556,298.0,-1.2951843738555908,0.3998453680338386,10,True,Q,A
5TAR_A_B,-0.02632374137691765,298.0,-1.9205396175384521,0.1638065687499308,18,False,I,A
5TAR_A_B,0.24863185186461775,298.0,-1.5299630165100098,0.0266271316766362,24,False,F,A
4L0P_A_B,0.0,298.0,-4.182344824075699,0.3731412756971379,14,False,T,K
4L0P_A_B,0.056441418262292944,298.0,-3.5488714575767517,0.2406078104486689,18,False,S,F
4L0P_A_B,2.6647273169061445,298.0,-1.7717736959457397,0.0683436415335964,24,True,E,K
4L0P_A_B,0.3142309784901898,298.0,-0.0011036396026606887,0.1885257791280768,18,False,N,S
4L0P_A_B,1.471528601156551,298.0,-5.229285955429077,0.0,28,True,T,Q
4L0P_A_B,0.27832988540695697,298.0,-2.5488150119781494,0.3908826154178104,12,False,T,N
1KBH_A_B,0.5958813068196859,298.0,-0.1102604866027832,0.0,443,False,Y,W
1KBH_A_B,0.5532974651329367,277.0,-0.1102604866027832,0.0,443,False,Y,W
1KBH_A_B,0.1279871007203839,277.0,-0.18302011489868164,0.0919618742976679,211,True,Q,W
1KBH_A_B,0.7907204289436149,277.0,-0.3484461307525635,0.0,437,False,L,W
1KBH_A_B,0.454577618761019,283.0,-0.1102604866027832,0.0,443,False,Y,W
1KBH_A_B,-0.07793789509365444,283.0,-0.18302011489868164,0.0919618742976679,211,True,Q,W
1KBH_A_B,0.567095399106858,283.0,-0.3484461307525635,0.0,437,False,L,W
1KBH_A_B,-0.5552245713878674,277.0,-0.1102604866027832,0.0,443,False,Y,W
1KBH_A_B,0.5203335248878824,277.0,-0.1102604866027832,0.0,443,False,Y,W
2KSO_A_B,0.3313970115038283,298.0,0.9622831344604492,0.0667920671873555,18,True,K,D
2KSO_A_B,1.3403342214319378,298.0,-0.7377617359161373,0.2478939909242516,19,True,K,D
2KSO_A_B,1.3403342214319378,298.0,-0.18780207633972124,0.2478939909242516,19,True,K,E
2KSO_A_B,-0.6620826875794228,298.0,0.16780400276184126,0.6491975392368259,8,False,R,E
2KSO_A_B,-0.15536862083662284,298.0,2.7418291568756104,0.2827518584061143,19,True,H,E
1YQV_HL_Y,1.8995036402633123,283.0,-2.4720813035964966,0.0317957867492399,20,True,R,K
1YQV_HL_Y,2.001241580198708,298.0,-2.4720813035964966,0.0317957867492399,20,True,R,K
1YQV_HL_Y,1.6993904817230019,310.0,-2.4720813035964966,0.0317957867492399,20,True,R,K
2WPT_A_B,-1.4195684744495354,298.0,-2.618476629257203,0.0220018825516157,24,True,D,A
2WPT_A_B,2.667129700212293,298.0,-2.578142464160919,0.0202013139275945,25,True,F,A
2WPT_A_B,-0.1384956586149011,298.0,-0.613592386245728,0.1625461874532338,19,True,N,A
2WPT_A_B,-0.08613284906320835,298.0,1.404949128627777,0.0055669482088693,22,False,S,A
3QIB_ABP_CD,-0.11931498750282342,298.0,3.6082069873809814,0.2569222059612606,21,True,R,P
3QIB_ABP_CD,0.7864605866612739,298.0,-1.72816801071167,0.197314518562846,17,True,N,P
3QIB_ABP_CD,-0.36955823266865345,298.0,-1.5128321647644039,0.3855236730659608,20,True,L,P
3QIB_ABP_CD,0.26471579910019766,298.0,-0.615087509155273,0.3175519899361642,17,True,Q,A
3QIB_ABP_CD,0.8918897191474736,298.0,-1.1162714958190918,0.0445631082412487,21,True,A,G
3QIB_ABP_CD,0.6097268969107853,298.0,-2.2259910106658936,0.1109555310245617,21,True,A,G
3QIB_ABP_CD,0.5658411434531176,298.0,-0.4819415807723999,0.2930496985051027,18,True,K,A
3QIB_ABP_CD,0.844688448441092,298.0,-1.866574764251709,0.2364899357890494,23,True,A,G
3QIB_ABP_CD,0.0,298.0,0.5896778106689453,0.6316937840318649,10,False,E,A
3QIB_ABP_CD,0.0,298.0,-1.4520785808563232,0.4070146400614826,11,False,E,A
3QIB_ABP_CD,0.02632374137691764,298.0,1.0142470002174375,0.5329027636134885,9,False,S,A
3QIB_ABP_CD,1.7631666122988525,298.0,-3.487247586250306,0.0629190898286859,19,True,Q,A
3QIB_ABP_CD,1.2122689863728227,298.0,-1.0985486507415771,0.2395917810747832,18,True,E,A
3QIB_ABP_CD,1.82060413958121,298.0,0.9200888276100163,0.1514804198905843,19,True,E,A
3QIB_ABP_CD,2.2030540002537933,298.0,-4.977566689252853,0.085638453190406,22,True,A,G
3QIB_ABP_CD,0.8625190715930913,298.0,-2.78548800945282,0.1838257849994563,20,True,D,A
3QIB_ABP_CD,0.749510758497891,298.0,-0.4023313522338867,0.0007109856765057,27,True,T,A
3QIB_ABP_CD,0.05152697783523541,298.0,-1.6974170207977295,0.0940543347835571,25,True,H,A
3QIB_ABP_CD,3.1375929327345404,298.0,-3.281274735927582,0.0165700803991894,24,True,Y,A
3QIB_ABP_CD,0.10796839609752833,298.0,-1.032956659793854,0.0165700803991894,24,True,Y,F
3QIB_ABP_CD,3.1375929327345404,298.0,-1.5694925785064697,0.0269376678255004,22,True,K,A
3QIB_ABP_CD,2.2360322281272476,298.0,2.9589894115924835,0.0269376678255004,22,True,K,R
3QIB_ABP_CD,3.1375929327345404,298.0,-4.772334456443787,0.0607522312655491,24,True,T,A
3QIB_ABP_CD,1.0752408686439425,298.0,-2.706848978996277,0.0607522312655491,24,True,T,S
3QIB_ABP_CD,1.223286730651302,298.0,-4.328117251396179,0.0607522312655491,24,True,T,N
