complex_id,ddG,T_K,logodds,rsasa,nbr,is_interface,wt,mut
1TM1_E_I,2.178553575342405,298.0,-4.933257699012756,0.197940152308081,23,True,Y,A
1TM1_E_I,4.678871077888728,298.0,-4.768153786659241,0.197940152308081,23,True,Y,G
1TM1_E_I,3.078480660505987,298.0,-0.9228775501251221,0.0855432355431876,15,False,R,A
1TM1_E_I,2.922129700478994,298.0,-1.7342671155929565,0.077255436501912,20,False,R,A
1TM1_E_I,3.234352413635237,298.0,-3.370949864387512,0.077255436501912,20,False,R,C
1TM1_E_I,2.0981337125223076,298.0,-1.2117140293121336,0.004752785094931,28,True,T,D
1TM1_E_I,2.571243983042388,298.0,-1.9492557048797605,0.004752785094931,28,True,T,A
1TM1_E_I,2.923345689967444,298.0,-0.5617275238037109,0.0207752524446374,26,True,E,A
1TM1_E_I,0.02485063944117264,298.0,-4.295960634946823,0.0679446689765653,17,False,V,A
1TM1_E_I,2.7271204101180455,298.0,-1.9492557048797605,0.004752785094931,28,True,T,A
1TM1_E_I,3.7543280377436967,298.0,-4.019824981689453,0.004752785094931,28,True,T,P
1TM1_E_I,3.0528505202640965,298.0,-0.5617275238037109,0.0207752524446374,26,True,E,A
1TM1_E_I,2.7465381061972938,298.0,0.7716169357299805,0.0207752524446374,26,True,E,S
1TM1_E_I,1.2555918089614944,298.0,-1.0245366096496582,0.2940820405636885,17,True,R,A
1TM1_E_I,3.7543280377436967,298.0,-0.9228775501251221,0.0855432355431876,15,False,R,A
1TM1_E_I,3.0967362737217643,298.0,-1.7342671155929565,0.077255436501912,20,False,R,A
1TM1_E_I,2.2319054750311067,298.0,-3.558343172073364,0.06899965967547,34,True,M,G
1TM1_E_I,1.0272076276256512,298.0,-2.5001847743988033,0.06899965967547,34,True,M,A
1TM1_E_I,1.093073966411642,298.0,-0.8251132965087886,0.06899965967547,34,True,M,K
1TM1_E_I,0.056441418262292826,298.0,-3.3458182811737056,0.06899965967547,34,True,M,Y
1TM1_E_I,1.0272076276256512,298.0,-3.7844803333282466,0.06899965967547,34,True,M,F
1TM1_E_I,2.9802470590666843,298.0,-4.933257699012756,0.197940152308081,23,True,Y,A
1IAR_A_B,1.170849396491051,298.0,-2.1841623783111572,0.2151275201834253,20,True,I,A
1IAR_A_B,0.7957418087746722,298.0,-0.6823978424072266,0.2151275201834253,20,True,I,R
1IAR_A_B,-0.10359799491204216,298.0,-1.240386009216309,0.0800424919767789,18,True,T,A
1IAR_A_B,1.3921048473565185,298.0,-2.3836467266082773,0.0800424919767789,18,True,T,D
1IAR_A_B,-0.022349319258542954,298.0,-1.63836669921875,0.2348867618753019,18,True,Q,A
1IAR_A_B,0.038903857003107487,298.0,-0.1427838802337651,0.2348867618753019,18,True,Q,R
1IAR_A_B,3.111435325928161,298.0,-2.9675833433866496,0.0,20,True,E,Q
1IAR_A_B,0.0689366589382192,298.0,-2.0044715404510494,0.1477755146575569,17,False,I,A
1IAR_A_B,-0.014805437968693424,298.0,-0.5198206901550293,0.2002721761487443,17,True,K,S
1IAR_A_B,0.13940882251643236,298.0,0.33054685592651367,0.2002721761487443,17,True,K,E
1IAR_A_B,0.9781385879230793,298.0,-1.6394615173339844,0.0191799694756485,22,False,T,A
1IAR_A_B,-0.21857459910794153,298.0,0.30506277084350586,0.0191799694756485,22,False,T,D
1IAR_A_B,-0.03384845091440473,298.0,-2.198487162590027,0.3382675559445425,11,False,N,A
1IAR_A_B,-0.0780320100976344,298.0,-0.1672424077987673,0.3382675559445425,11,False,N,D
1IAR_A_B,-0.18267350602470872,298.0,-0.10298752784729004,0.3116154778366388,16,False,S,A
1IAR_A_B,-0.10359799491204216,298.0,-0.34988856315612793,0.3116154778366388,16,False,S,D
1IAR_A_B,-0.31981352877983743,298.0,-0.733299732208252,0.5971804212504553,8,False,E,A
1IAR_A_B,-0.11680716723871802,298.0,-0.5017397403717041,0.5971804212504553,8,False,E,R
1IAR_A_B,0.8353893387033426,298.0,-0.8051395416259766,0.0817425153598388,20,True,R,Q
1IAR_A_B,0.15367907140866266,298.0,-1.3588736057281499,0.4443905569862882,14,False,K,A
1IAR_A_B,0.611551818764252,298.0,-0.055477023124694824,0.4443905569862882,14,False,K,E
1IAR_A_B,0.12478618642380089,298.0,-0.680056095123291,0.1935726622251557,16,True,Q,A
1IAR_A_B,0.24496504960542476,298.0,-0.05004739761352539,0.1935726622251557,16,True,Q,E
1IAR_A_B,0.47940918155471407,298.0,-2.128776907920837,0.259631075880804,18,True,R,A
1IAR_A_B,1.4610797847390675,298.0,-1.3268924951553345,0.259631075880804,18,True,R,E
1IAR_A_B,-0.08643196189840358,298.0,-1.5440146923065186,0.0460758318863118,21,True,F,A
1IAR_A_B,-0.5803468159520844,298.0,1.080714464187622,0.0460758318863118,21,True,F,D
1IAR_A_B,0.34482117264128803,298.0,-3.967408299446106,0.230364729768396,20,False,K,A
1IAR_A_B,1.8792531528429515,298.0,-3.753822922706604,0.230364729768396,20,False,K,D
1IAR_A_B,0.4266978299790874,298.0,-1.886676549911499,0.0332304383006829,24,True,R,A
1IAR_A_B,1.2240611170637477,298.0,-2.104439496994019,0.0332304383006829,24,True,R,E
1IAR_A_B,2.8277323554298364,298.0,-2.8861218690872192,0.1020382758915612,25,True,R,Q
1IAR_A_B,3.753036463245231,298.0,-4.317429423332214,0.1020382758915612,25,True,R,A
1IAR_A_B,1.5580959354804609,298.0,-5.524318985641003,0.0017970131409653,24,True,N,A
1IAR_A_B,0.7292019564980542,298.0,0.21335697174072266,0.1260762385309333,23,True,W,A
1IAR_A_B,1.3060211281454808,298.0,0.06799197196960449,0.1260762385309333,23,True,W,D
1BRS_A_D,5.378539601288845,298.0,-0.6198625564575195,0.0822896322804724,17,True,K,A
1BRS_A_D,5.243022671913886,298.0,-4.478364288806915,0.1845633369240203,17,True,R,A
1BRS_A_D,5.417599030780119,298.0,-1.6497855186462402,0.0474059223388834,20,True,R,Q
1BRS_A_D,5.562209216333618,298.0,-1.1891634464263912,0.0001896236883329,26,False,R,A
1BRS_A_D,6.143043228259542,298.0,-0.41919922828674316,0.0041086401025254,23,True,H,A
1BRS_A_D,-0.13214263720953792,298.0,-1.0980278253555298,0.2503665579996342,14,True,Y,F
1BRS_A_D,3.468989944238368,298.0,-4.606990694999695,0.2503665579996342,14,True,Y,A
1BRS_A_D,4.501153137793563,298.0,-5.591185055673122,0.0201473758816427,25,True,D,A
1BRS_A_D,1.6418900904659794,298.0,-1.4255175590515137,0.0738668005075756,21,True,W,F
1BRS_A_D,7.647562908423386,298.0,-2.021705389022827,0.0157086734980167,27,True,D,A
1BRS_A_D,1.856797887314728,298.0,-2.625295877456665,0.1786001533011696,20,True,T,A
1BRS_A_D,0.056441418262292944,298.0,-1.1832332611083984,0.180474769164742,18,True,W,F
1BRS_A_D,1.3635602050590228,298.0,-2.735484004020691,0.2668907257863038,14,True,E,A
1BRS_A_D,0.5426151598260328,298.0,-0.08719158172607466,0.5792065642857408,13,False,E,A
1BRS_A_D,1.4514525540669718,298.0,-1.3990912437438965,0.0348204970425162,22,False,E,Q
1BRS_A_D,1.656512726558611,298.0,-0.2686244249343872,0.0348204970425162,22,False,E,W
1BRS_A_D,2.4126525095711644,298.0,-0.9650759696960449,0.0348204970425162,22,False,E,Y
1BRS_A_D,2.2341787472000707,298.0,-2.1747069358825684,0.0348204970425162,22,False,E,F
1BRS_A_D,2.527629113767064,298.0,-2.016451835632324,0.0348204970425162,22,False,E,C
1BRS_A_D,3.009139944051546,298.0,-1.7585992813110352,0.0348204970425162,22,False,E,S
1BRS_A_D,2.3466676742019272,298.0,-3.2161827087402344,0.0348204970425162,22,False,E,A
1BRS_A_D,2.4870093768109793,298.0,-2.8419006466865544,0.1845633369240203,17,True,R,K
1BRS_A_D,4.6332957750031,298.0,-4.478364288806915,0.1845633369240203,17,True,R,A
1BRS_A_D,4.548553362532657,298.0,-2.5647177696228027,0.0041086401025254,23,True,H,Q
1BRS_A_D,4.548553362532657,298.0,0.1694275140762329,0.0041086401025254,23,True,H,D
1BRS_A_D,6.817801025295113,298.0,-3.0692381858825684,0.0041086401025254,23,True,H,G
1BRS_A_D,6.909087003491876,298.0,-0.41919922828674316,0.0041086401025254,23,True,H,A
1BRS_A_D,7.662920311640112,298.0,-2.8363399505615234,0.0041086401025254,23,True,H,L
1BRS_A_D,4.067813423849841,298.0,-5.591185055673122,0.0201473758816427,25,True,D,A
1BRS_A_D,5.932465628050414,298.0,-2.021705389022827,0.0157086734980167,27,True,D,A
1BRS_A_D,0.8231839389123327,298.0,-2.735484004020691,0.2668907257863038,14,True,E,A
1BRS_A_D,0.41047252261649486,298.0,-0.08719158172607466,0.5792065642857408,13,False,E,A
1BRS_A_D,5.406840595496996,298.0,-0.6198625564575195,0.0822896322804724,17,True,K,A
1BRS_A_D,1.4074459585166903,298.0,-2.8311265110969543,0.0532274322458178,22,False,W,F
1BRS_A_D,-0.8884213170616633,298.0,-5.615388184785843,0.1619303226386461,21,False,D,A
1BRS_A_D,3.0649894715371278,298.0,-5.282879084348679,0.142604975018013,21,False,N,A
1BRS_A_D,5.1813521982825606,298.0,-4.478364288806915,0.1845633369240203,17,True,R,A
1BRS_A_D,-0.3257301101460516,298.0,-4.318036437034607,0.3033613552900482,15,True,E,A
1BRS_A_D,1.8969939922458516,298.0,-3.2161827087402344,0.0348204970425162,22,False,E,A
1BRS_A_D,5.9494557553230285,298.0,-1.1891634464263912,0.0001896236883329,26,False,R,A
1BRS_A_D,6.251959881841995,298.0,-0.41919922828674316,0.0041086401025254,23,True,H,A
1BRS_A_D,4.585895550264006,298.0,-0.6198625564575195,0.0822896322804724,17,True,K,A
1BRS_A_D,1.1119500400960947,298.0,-2.8311265110969543,0.0532274322458178,22,False,W,F
1BRS_A_D,-0.16733239486453685,298.0,-5.615388184785843,0.1619303226386461,21,False,D,A
1BRS_A_D,3.1143669491074553,298.0,-5.282879084348679,0.142604975018013,21,False,N,A
1BRS_A_D,4.888399676782973,298.0,-4.478364288806915,0.1845633369240203,17,True,R,A
1BRS_A_D,0.5146326311661867,298.0,-4.318036437034607,0.3033613552900482,15,True,E,A
1BRS_A_D,2.811862822588489,298.0,-3.2161827087402344,0.0348204970425162,22,False,E,A
1BRS_A_D,6.07364945878315,298.0,-0.41919922828674316,0.0041086401025254,23,True,H,A
1JCK_A_B,1.6541005575500751,298.0,-3.600456655025482,0.0940966248242698,25,True,T,A
1JCK_A_B,1.7740327276755175,298.0,-2.8350189924240112,0.206267719149151,24,True,Y,A
1JCK_A_B,1.6418900904659794,298.0,-0.2217254638671875,0.1337282676026069,20,True,N,A
1JCK_A_B,2.594977772908507,298.0,-1.662054300308228,0.0335295636130664,27,True,Y,A
1JCK_A_B,2.2319054750311067,298.0,-1.7897708415985107,0.1351742405150126,22,True,V,A
1JCK_A_B,0.6763348596794906,298.0,2.2302412986755367,0.0240824953330173,23,True,K,A
1JCK_A_B,2.132978272456777,298.0,-0.8935551643371582,0.4223995965871954,18,True,F,A
1JCK_A_B,1.3227035460462468,298.0,-3.600456655025482,0.0940966248242698,25,True,T,A
1JCK_A_B,2.076536854194484,298.0,-5.273451566696167,0.0574328820984803,24,True,N,A
1JCK_A_B,1.7471105156334135,298.0,-2.8350189924240112,0.206267719149151,24,True,Y,A
1JCK_A_B,1.0154807756544282,298.0,-0.2217254638671875,0.1337282676026069,20,True,N,A
1JCK_A_B,2.076536854194484,298.0,-1.662054300308228,0.0335295636130664,27,True,Y,A
1JCK_A_B,1.9294013485121404,298.0,-1.7897708415985107,0.1351742405150126,22,True,V,A
1JCK_A_B,0.013015615641573032,298.0,-4.217218026518822,0.0693013434239161,17,True,G,A
1JCK_A_B,0.12950483029665294,298.0,2.2302412986755367,0.0240824953330173,23,True,K,A
1JCK_A_B,1.7870483433170905,298.0,-0.8935551643371582,0.4223995965871954,18,True,F,A
1JCK_A_B,2.076536854194484,298.0,-0.5406854152679446,0.0346251135385702,22,True,Q,A
1GCQ_AB_C,0.7674922553824679,298.0,-4.994947142899036,0.0,22,True,P,A
1GCQ_AB_C,1.352889886236563,298.0,-5.16774195432663,0.0491993309345338,17,True,A,G
1GCQ_AB_C,2.1462863981921214,298.0,-4.312983945012093,0.0008343325633274,23,True,W,Y
1GCQ_AB_C,1.3158661640535187,298.0,-5.282417759299279,0.0626834755213165,17,True,P,A
1GCQ_AB_C,0.12075408097604963,298.0,-5.220800369977951,0.1721867655520955,16,True,P,A
1GCQ_AB_C,0.08521221548818189,298.0,-2.7854197025299072,0.0412411602046009,20,False,P,A
1GCQ_AB_C,-0.025203236458317645,298.0,-5.512568190693855,0.0311989955568633,19,True,G,V
1AK4_A_D,1.0852303196520656,298.0,-5.4744235798716545,0.467264625701016,14,True,P,A
1AK4_A_D,0.9913065345424185,298.0,-1.2159123420715332,0.2204184577201639,16,True,V,A
1AK4_A_D,1.0095291007048206,298.0,2.16773772239685,0.4483509639641178,19,True,H,A
1AK4_A_D,0.9725053785217762,298.0,2.5155420303344727,0.4483509639641178,19,True,H,Q
1AK4_A_D,1.6449663917882371,298.0,2.883967161178589,0.4483509639641178,19,True,H,R
1AK4_A_D,0.7694180673977544,298.0,-5.244238078594208,0.0877160883566027,28,True,A,V
1AK4_A_D,2.6536580848501425,298.0,-4.603692710399628,0.0877160883566027,28,True,A,G
1AK4_A_D,2.076536854194484,298.0,-5.504653364419938,0.1225301342870786,22,True,G,A
1AK4_A_D,3.029624536637012,298.0,-5.608634859323502,0.1225301342870786,22,True,G,V
1AK4_A_D,2.1720377019480512,298.0,-4.65192099660635,0.0033900605813945,21,True,P,A
1AK4_A_D,3.029624536637012,298.0,-5.611185751855373,0.0033900605813945,21,True,P,V
1AK4_A_D,0.24011103330706618,298.0,-5.139100760221481,0.3446664716884173,13,True,I,A
1AK4_A_D,0.0,298.0,-0.8575207889080048,0.3446664716884173,13,True,I,V
1AK4_A_D,0.5808340119259235,298.0,-3.8628610372543335,0.0978197714772535,17,True,A,G
1AK4_A_D,0.3589455447812595,298.0,-2.742852568626404,0.0978197714772535,17,True,A,V
1AK4_A_D,0.6826014437951471,298.0,-4.299324989318848,0.512136915754087,9,True,P,A
2B42_A_B,1.6212374728821843,295.0,-1.4984900951385498,0.115510648295963,25,True,H,A
2B42_A_B,1.0648051899990711,295.0,-2.2574689388275146,0.115510648295963,25,True,H,Q
2B42_A_B,2.5407994366154156,295.0,-2.5354650020599365,0.115510648295963,25,True,H,K
3BT1_A_U,-0.28751125804616073,298.0,-0.07706546783447266,0.1357084495342476,12,False,R,A
3BT1_A_U,0.6739763761971361,298.0,-0.525121927261353,0.3190843875964161,19,True,K,A
3BT1_A_U,0.3630722978774003,298.0,-1.59702467918396,0.4035746205253127,17,False,R,A
3BT1_A_U,0.6613313404630257,298.0,-2.7962669134140015,0.0010503335962139,23,False,H,A
3BT1_A_U,0.4201542642527688,298.0,-5.131158560514451,0.0073720093655427,29,False,R,A
1AHW_AB_C,3.8053425216717396,298.0,-4.034354507923126,0.0163023752781492,22,True,Y,A
1AHW_AB_C,-1.8890093318714167,298.0,-5.114544719457626,0.0503853644135046,24,False,Y,A
1AHW_AB_C,-0.07411994518312352,298.0,-0.6903338432312007,0.033415066330991,22,True,T,A
1AHW_AB_C,1.1057706448311257,298.0,-2.4733502864837646,0.0394974398220036,22,True,T,A
1AHW_AB_C,0.9869361333569323,298.0,-1.7697243690490723,0.4284354044265292,16,False,L,A
1AHW_AB_C,-0.48459246779961845,298.0,-0.28546667098999023,0.3266196165133376,13,True,D,A
1AHW_AB_C,1.345881678138192,298.0,-2.3532888889312744,0.5884115707496431,14,True,T,A
1AHW_AB_C,-0.31423097849018977,298.0,-0.7084391117095952,0.4824238500589697,11,True,V,A
1AHW_AB_C,1.0782221115536945,298.0,-2.655977725982666,0.2637906359844363,14,False,N,A
1UUZ_A_D,1.5189288258956455,298.0,-0.906071662902832,0.3566117894337805,22,True,H,Q
1UUZ_A_D,1.5189288258956455,298.0,1.0758488178253174,0.3566117894337805,22,True,H,N
1UUZ_A_D,3.377703966041606,298.0,0.4368715286254883,0.3566117894337805,22,True,H,D
1UUZ_A_D,1.7740327276755175,298.0,-1.3316962718963623,0.3566117894337805,22,True,H,A
1UUZ_A_D,0.6505835559235611,298.0,-3.9879798516631126,0.026286918544365,24,True,C,A
1DVF_AB_CD,1.6493819136772232,298.0,-0.2600255012512207,0.2900847586302628,19,True,H,A
1DVF_AB_CD,2.030369068345176,298.0,-2.369642734527588,0.0751064196457171,20,True,Y,A
1DVF_AB_CD,1.6287221438466404,298.0,-4.481497138738632,0.0754904679974413,25,True,Y,A
1DVF_AB_CD,0.6877734126771439,298.0,-0.1110224723815918,0.2493216026679388,18,True,Y,A
1DVF_AB_CD,0.34072297861885736,298.0,-0.11090707778930664,0.1126349330334666,18,True,W,A
1DVF_AB_CD,1.162438598681201,298.0,-0.3750147819519043,0.2003881898091644,18,True,S,A
1DVF_AB_CD,0.9075123795568999,298.0,-3.159177780151367,0.2697350916846103,15,True,T,A
1DVF_AB_CD,1.831470254957875,298.0,-0.7843761444091797,0.1219763144622466,23,True,Y,A
1DVF_AB_CD,4.132997661299389,298.0,-2.309983730316163,0.0318788140943579,23,True,W,A
1DVF_AB_CD,4.281255215961087,298.0,-5.564076356589794,0.2128301763072669,18,True,D,A
1DVF_AB_CD,1.162438598681201,298.0,-1.6648237705230713,0.1901504335619604,14,True,N,A
1DVF_AB_CD,1.600004436106896,298.0,-0.006395220756530984,0.1158832596206211,19,True,D,A
1DVF_AB_CD,4.186647935324034,298.0,-3.6806559562683105,0.0,20,False,E,A
1DVF_AB_CD,1.8746446729873085,298.0,-2.2257649898529053,0.1777802366480308,19,True,R,A
1DVF_AB_CD,2.7895135033299456,298.0,-1.2682278156280518,0.2244964353098937,19,True,D,A
1DVF_AB_CD,2.012313197939765,298.0,1.404265165328979,0.1109584608239318,18,True,Y,F
1DVF_AB_CD,4.186647935324034,298.0,-3.6806559562683105,0.0,20,False,E,A
1DVF_AB_CD,4.281255215961087,298.0,-5.564076356589794,0.2128301763072669,18,True,D,A
1DVF_AB_CD,1.600004436106896,298.0,-0.006395220756530984,0.1158832596206211,19,True,D,A
1DVF_AB_CD,1.7284574247898894,298.0,-4.481497138738632,0.0754904679974413,25,True,Y,A
1DVF_AB_CD,2.030369068345176,298.0,-2.369642734527588,0.0751064196457171,20,True,Y,A
1DVF_AB_CD,1.162438598681201,298.0,-1.6648237705230713,0.1901504335619604,14,True,N,A
1DVF_AB_CD,4.132997661299389,298.0,-2.309983730316163,0.0318788140943579,23,True,W,A
1DVF_AB_CD,2.7895135033299456,298.0,-1.2682278156280518,0.2244964353098937,19,True,D,A
1DVF_AB_CD,4.73943360805781,298.0,0.6178709268569946,0.035108180904075,22,True,Y,A
1DVF_AB_CD,1.8606000619994276,298.0,-5.266520649194717,0.0393917487869292,28,True,Y,A
1DVF_AB_CD,1.6287221438466404,298.0,0.4474949836730957,0.0401750771699365,21,True,Q,A
1DVF_AB_CD,1.8606000619994276,298.0,-5.696954727172852,0.2570886212066997,15,True,N,A
1DVF_AB_CD,4.090680615177067,298.0,-2.0367079973220825,0.0524048754830511,20,True,R,A
1DVF_AB_CD,1.003517001626514,298.0,-0.5084327459335327,0.4055054122274985,12,False,K,A
1DVF_AB_CD,1.8606000619994276,298.0,-2.55077862739563,0.1667961320176618,20,True,H,A
1DVF_AB_CD,1.682289638940582,298.0,-3.394419312477112,0.0354375173359598,19,True,D,A
1DVF_AB_CD,2.6815451072324175,298.0,-3.519667625427246,0.2077860734712114,20,True,I,A
1VFB_AB_C,0.8448823642883085,298.0,0.928492784500123,0.2330957018955666,21,True,H,A
1VFB_AB_C,1.339385963947013,298.0,-3.5405070781707764,0.03122169155905,20,True,Y,A
1VFB_AB_C,0.7975413789503337,298.0,-1.8384199142456055,0.0953860958616058,27,True,Y,A
1VFB_AB_C,0.38783842976612126,298.0,-2.8776938915252686,0.1304787338330774,21,True,Y,A
1VFB_AB_C,2.7271204101180455,298.0,-4.280476987361908,0.1290774275765337,17,True,W,A
1VFB_AB_C,0.3431238634750515,298.0,-1.119457483291626,0.2478210941647291,16,True,S,A
1VFB_AB_C,-0.05584952748558165,298.0,-0.8657526969909668,0.4525306747341773,14,False,T,A
1VFB_AB_C,0.4601460195245533,298.0,-3.72661691904068,0.1185289565436442,19,True,Y,A
1VFB_AB_C,0.364304736767187,298.0,-1.1345117092132573,0.0593381067433973,18,True,W,A
1VFB_AB_C,0.638619781895647,298.0,-4.845814824104309,0.4064137806952662,14,True,D,A
1VFB_AB_C,0.17771794009516576,298.0,-0.18941950798034668,0.481630195412459,11,False,N,A
1VFB_AB_C,-0.20700327876539967,298.0,1.5675331950187683,0.2298381036231357,19,False,D,A
1VFB_AB_C,1.156556926293623,298.0,-4.6253074407577515,0.0310276886863393,20,False,E,A
1VFB_AB_C,-0.09973528094324931,298.0,-2.177286863327027,0.2434356615425314,20,True,R,A
1VFB_AB_C,3.0702442735930964,298.0,-2.0086293220520024,0.172918193961587,22,True,D,A
1VFB_AB_C,0.9530876824425276,298.0,-1.118747532367706,0.0457624671233375,24,True,Y,F
1VFB_AB_C,0.14394741360653307,298.0,-3.830186367034912,0.4165462449862446,12,False,S,N
1VFB_AB_C,0.07808107482054241,298.0,-4.295228481292725,0.4165462449862446,12,False,S,Q
1VFB_AB_C,0.0,298.0,-2.9384877681732178,0.4165462449862446,12,False,S,D
1VFB_AB_C,-0.10400726646010937,298.0,-3.8112616539001465,0.4165462449862446,12,False,S,E
1VFB_AB_C,0.3064652561563855,298.0,0.24700617790222168,0.1201998928727448,15,True,G,A
1VFB_AB_C,-0.5097611452037523,298.0,2.2603739500045776,0.1201998928727448,15,True,G,E
1VFB_AB_C,0.003961129637418797,298.0,-1.136270523071289,0.1201998928727448,15,True,G,W
1VFB_AB_C,1.902187560773057,298.0,-3.8335171341896057,0.1185289565436442,19,True,Y,E
1VFB_AB_C,-0.12818150757211913,298.0,-1.069505214691162,0.2298381036231357,19,False,D,N
1VFB_AB_C,0.07808107482054241,298.0,-0.03432822227478027,0.2298381036231357,19,False,D,E
1VFB_AB_C,1.2353786974869034,298.0,-1.2426717281341557,0.2434356615425314,20,True,R,Y
1VFB_AB_C,0.7049740047449663,298.0,-1.5500941276550306,0.2434356615425314,20,True,R,W
1VFB_AB_C,0.17432261894684759,298.0,-3.5859458446502686,0.2049770670923426,23,False,N,W
1VFB_AB_C,5.628563439182938,298.0,-2.958880662918091,0.03122169155905,20,True,Y,W
1VFB_AB_C,5.628563439182938,298.0,-5.64213290810585,0.0715913831262942,22,False,L,D
1VFB_AB_C,5.628563439182938,298.0,-5.4961563646793365,0.0715913831262942,22,False,L,E
1VFB_AB_C,0.844323870949657,298.0,-1.8096904754638667,0.1304787338330774,21,True,Y,R
1VFB_AB_C,1.7156007641010358,298.0,-2.406503915786743,0.1304787338330774,21,True,Y,K
1VFB_AB_C,0.4708750705162067,298.0,-3.101969599723817,0.440033204180118,14,False,T,F
1VFB_AB_C,1.6458512201033983,298.0,-1.161725640296936,0.2185839198919453,16,True,T,R
1EFN_A_B,1.2429916171691568,298.0,-1.8243584632873535,0.1827933312567812,17,True,T,H
1EFN_A_B,1.45037682866163,298.0,-1.1236681938171387,0.0555805795993664,20,True,I,A
2GOX_A_B,2.245733975732098,298.0,-1.3023515939712524,0.1415774204728797,19,True,R,A
2GOX_A_B,1.5688266784316196,298.0,-5.543032571673393,0.024449111065453,24,True,N,A
2GOX_A_B,1.5189288258956455,298.0,-1.3023515939712524,0.1415774204728797,19,True,R,A
2GOX_A_B,1.3331849997187082,298.0,-5.543032571673393,0.024449111065453,24,True,N,A
2WPT_A_B,-3.4018782071536156,298.0,1.7273601293563843,0.0220018825516157,24,True,D,L
2WPT_A_B,-0.8966462641802346,298.0,1.8110439777374265,0.1625461874532338,19,True,N,V
2WPT_A_B,-1.037830094912971,298.0,-2.338045835494995,0.4247574535342627,15,True,R,T
2WPT_A_B,0.038218852099890864,298.0,-3.118291735649109,0.1251288941103269,13,False,E,H
2WPT_A_B,-0.372253670516604,298.0,-2.7250823974609375,0.3905196908061045,12,False,R,E
2WPT_A_B,1.7331760686627418,298.0,0.3216303586959839,0.1601804561913726,18,True,E,A
2WPT_A_B,-0.13214263720953792,298.0,-3.393925189971924,0.0220018825516157,24,True,D,A
2WPT_A_B,-0.3797026576995604,298.0,-1.0282433032989502,0.1625461874532338,19,True,N,A
2WPT_A_B,3.80759418473735,298.0,-4.2158564031124115,0.0,23,True,V,A
2WPT_A_B,-1.1104335561103833,298.0,-1.5295441150665283,0.4247574535342627,15,True,R,A
2WPT_A_B,4.501153137793563,298.0,-5.105074554681778,0.0662632264752852,20,True,E,A
2WPT_A_B,-0.24011103330706612,298.0,-4.306211948394775,0.3905196908061045,12,False,R,A
2WPT_A_B,2.4246162835990783,298.0,-2.1555715799331665,0.0020346754868634,22,True,S,A
2WPT_A_B,5.214129786929024,298.0,-5.6356716603040695,0.1674450840473047,18,True,D,A
2WPT_A_B,5.214129786929024,298.0,-4.084040582180023,0.0192425586873389,24,True,Y,A
2WPT_A_B,5.214129786929024,298.0,-4.526983261108398,0.2972600770774331,18,True,Y,A
2WPT_A_B,2.926374784412335,298.0,-5.38080271333456,0.1893400330245896,18,False,P,A
2WPT_A_B,1.1338347169825853,298.0,-1.537083029747009,0.1940640920899987,19,True,R,A
2WPT_A_B,0.9174143096746563,298.0,-5.6322366297245035,0.1127573442634985,16,True,N,A
2WPT_A_B,-0.8489275738928358,298.0,2.6288919895887375,0.040841605912795,25,True,S,A
2WPT_A_B,1.2370844692072616,298.0,-1.1683030128479004,0.0042335204200204,26,True,N,A
2WPT_A_B,-0.6113690732998177,298.0,2.650538593530655,0.1820801151179127,19,True,S,A
2WPT_A_B,-0.14947616751542606,298.0,1.7674584388732915,0.0067159776708063,26,True,S,A
2WPT_A_B,-0.09356801058840247,298.0,0.08728921413421631,0.0055669482088693,22,False,S,A
2WPT_A_B,1.1696568149782867,298.0,-4.060738265514374,0.0202013139275945,25,True,F,A
2WPT_A_B,0.5259848000038726,298.0,-2.8974242210388184,0.0006434119540537,26,False,T,A
2WPT_A_B,0.8997357827538256,298.0,-0.7600511312484743,0.0689086845992226,21,True,Q,A
2WPT_A_B,0.497185608029696,298.0,-1.1326851844787598,0.0281037359913988,24,True,K,A
2WPT_A_B,0.11924848330006943,298.0,0.5555248260498038,0.1485297314792086,23,True,V,A
2WPT_A_B,0.6097268969107853,298.0,-1.537083029747009,0.1940640920899987,19,True,R,A
2WPT_A_B,0.48459246779961845,298.0,-5.6322366297245035,0.1127573442634985,16,True,N,A
2WPT_A_B,0.5808340119259235,298.0,2.6288919895887375,0.040841605912795,25,True,S,A
2WPT_A_B,1.2649917947845504,298.0,-1.1683030128479004,0.0042335204200204,26,True,N,A
2WPT_A_B,-0.3025041265189667,298.0,2.650538593530655,0.1820801151179127,19,True,S,A
2WPT_A_B,-0.04085665901277569,298.0,1.7674584388732915,0.0067159776708063,26,True,S,A
2WPT_A_B,-0.04085665901277569,298.0,0.08728921413421631,0.0055669482088693,22,False,S,A
2WPT_A_B,0.9451387486931105,298.0,-4.060738265514374,0.0202013139275945,25,True,F,A
2WPT_A_B,0.22680290757172167,298.0,-2.8974242210388184,0.0006434119540537,26,False,T,A
2WPT_A_B,-0.132142637209538,298.0,-0.7600511312484743,0.0689086845992226,21,True,Q,A
2WPT_A_B,0.8008689981434107,298.0,-1.1326851844787598,0.0281037359913988,24,True,K,A
2WPT_A_B,0.41047252261649486,298.0,0.5555248260498038,0.1485297314792086,23,True,V,A
1EMV_A_B,1.665700915381987,298.0,-2.08359432220459,0.1870480289010325,18,True,R,A
1EMV_A_B,1.1646690240743687,298.0,-5.664620324969292,0.1338888002686009,15,True,N,A
1EMV_A_B,-0.24101999230793322,298.0,2.685807690024376,0.0248848831953956,26,True,S,A
1EMV_A_B,2.334540084521325,298.0,-2.450979173183441,0.0021992491175291,25,True,N,A
1EMV_A_B,-0.2328891551097506,298.0,2.6510646790266037,0.1746400679178492,19,True,S,A
1EMV_A_B,-0.5398966240366272,298.0,2.3046743273735046,0.0016923012451389,27,True,S,A
1EMV_A_B,-0.1094234009395741,298.0,0.7299197912216187,0.0026527176824248,22,False,S,A
1EMV_A_B,3.878943232562238,298.0,-5.0479279309511185,0.0061043968142286,25,True,F,A
1EMV_A_B,0.15843478603008226,298.0,-1.287709236145019,0.0014476169373655,27,False,T,A
1EMV_A_B,-0.2776037214008204,298.0,1.4097750186920166,0.1105903511900693,20,True,Q,A
1EMV_A_B,1.9596368047844788,298.0,-2.9987630844116206,0.0781072903036742,24,True,K,A
1EMV_A_B,1.0888522677796106,298.0,-2.5112035274505615,0.0759630908885788,21,True,V,A
1EMV_A_B,0.9215569905447809,298.0,-2.3015584945678715,0.0520502012048065,20,True,C,A
1EMV_A_B,0.13940882251643244,298.0,-1.5365192890167232,0.4293288722828516,15,True,N,A
1EMV_A_B,0.3365962255227166,298.0,-2.495449125766754,0.5442278973269459,13,False,D,A
1EMV_A_B,0.7281339910637894,298.0,-3.777238130569458,0.1525407550806304,17,True,T,A
1EMV_A_B,0.17309676748791117,298.0,-1.5875999927520756,0.669239436001822,8,False,S,A
1EMV_A_B,0.9560048640697758,298.0,-4.849402278661728,0.2526153000230581,10,True,S,A
1EMV_A_B,1.4160003467957893,298.0,-3.696073293685913,0.1601145418469645,18,True,E,A
1EMV_A_B,0.3068745277044528,298.0,-1.0613806247711177,0.6271708277885994,11,False,E,A
1EMV_A_B,0.22028703417736792,298.0,-1.6852965950965881,0.3416111163817762,14,False,E,A
1EMV_A_B,3.417747739994964,298.0,-3.8947210907936096,0.0041397193867852,24,True,L,A
1EMV_A_B,2.578295355007741,298.0,-4.055527925491333,0.1568258123266874,20,True,V,A
1EMV_A_B,0.19189792350855345,298.0,-0.47486019134521484,0.6005280350147518,13,False,K,A
1EMV_A_B,0.9067222704699774,298.0,1.2115665674209597,0.1608974036800945,17,False,L,A
1EMV_A_B,1.6638669759109947,298.0,-5.248428791761398,0.0,21,True,V,A
1EMV_A_B,0.8995634458074828,298.0,-1.1134939193725586,0.2731542348347229,15,True,T,A
1EMV_A_B,2.083080419920803,298.0,-5.278610706329346,0.1231363806801716,19,True,E,A
1EMV_A_B,0.6578497412304555,298.0,-0.7013051509857178,0.5152784373069375,13,False,E,A
1EMV_A_B,0.30469335885627025,298.0,-5.320215806365013,0.000311603013628,23,False,T,A
1EMV_A_B,0.21267853543175022,298.0,-3.3365017175674447,0.4254633522599577,15,False,E,A
1EMV_A_B,0.8318111606096548,298.0,-5.6328820288181305,0.100140945105694,17,False,H,A
1EMV_A_B,0.43727287301133266,298.0,-5.164055660367012,0.5752607931659879,10,True,P,A
1EMV_A_B,0.007266185306894499,298.0,0.6764421463012695,0.1693976140131145,19,True,S,A
1EMV_A_B,1.485378031018068,298.0,-5.62697384506464,0.0169576445325637,22,True,G,A
1EMV_A_B,2.1872405284704945,298.0,-1.2767410278320317,0.0031069009059336,22,True,S,A
1EMV_A_B,5.915478273648161,298.0,-5.6692526042461395,0.1454409918329201,18,True,D,A
1EMV_A_B,0.6010471234005145,298.0,-5.33591616153717,0.0894811790775437,25,False,L,A
1EMV_A_B,0.8477453956278275,298.0,-5.513344302773476,0.0,22,True,I,A
1EMV_A_B,4.83463531579262,298.0,-4.290376782417297,0.0093400348574383,25,True,Y,A
1EMV_A_B,4.634756162112646,298.0,-4.688665747642517,0.2545563732212751,20,True,Y,A
1EMV_A_B,1.2422836832261497,298.0,-5.165157690644264,0.2756875692733069,19,False,P,A
1EMV_A_B,0.511084467928286,298.0,0.4062535762786865,0.3176653069906758,14,False,D,A
1EMV_A_B,0.8700300127095456,298.0,-4.637869834899902,0.2845903132971494,15,False,S,A
1EMV_A_B,1.8558435169666663,298.0,-4.805498607456684,0.0281193041274486,22,False,V,A
1EMV_A_B,0.2778727748687834,298.0,-0.6694700717926025,0.3736660929322538,15,False,N,A
2PCC_A_B,-0.8966462641802349,298.0,-1.0345911979675293,0.1458366082743284,19,True,D,A
2PCC_A_B,2.101740090652802,298.0,-4.64778608083725,0.0154183672442851,21,True,V,A
2PCC_A_B,6.199777156615607,298.0,-1.657825231552124,0.4055461011046838,14,True,E,A
2PCC_A_B,0.9014670708537889,298.0,-2.2963786125183105,0.3272265991582717,15,True,K,A
2PCC_A_B,0.3035331218652746,298.0,-3.3428953886032104,0.3360160274072468,18,True,K,A
2PCC_A_B,1.9010033960030586,298.0,-1.8911941051483154,0.2828045222413002,21,True,A,G
2O3B_A_B,5.472463386398492,298.0,-3.261409044265747,0.0016457274705271,25,True,E,A
2O3B_A_B,0.5990565780883257,298.0,-2.391984224319458,0.0016457274705271,25,True,E,D
2O3B_A_B,5.3959459210466205,298.0,-0.9500975608825684,0.0016457274705271,25,True,E,Q
2O3B_A_B,3.2315167178441873,298.0,-2.9377206563949585,0.2323379904499175,12,True,Q,A
2O3B_A_B,5.435439664215448,298.0,-0.3254207372665405,0.5925634093253722,6,True,D,E
2O3B_A_B,5.900614435935818,298.0,-2.5412744283676143,0.5925634093253722,6,True,D,N
2O3B_A_B,4.071879459156426,298.0,-5.0193673968315125,0.1443374250178999,11,True,W,A
2J0T_A_D,0.0,298.0,-3.1546311378479004,0.2621991299979793,17,True,V,A
2J0T_A_D,1.6418900904659794,298.0,0.0765308141708374,0.2621991299979793,17,True,V,I
2J0T_A_D,1.8237062245835758,298.0,-0.4015030860900879,0.2621991299979793,17,True,V,K
2J0T_A_D,0.9819805674273895,298.0,-2.0765440464019775,0.2621991299979793,17,True,V,S
2J0T_A_D,2.1054297391793457,298.0,-1.2255244255065918,0.063235889109478,25,True,S,A
2J0T_A_D,2.184505250292012,298.0,-2.495976686477661,0.063235889109478,25,True,S,E
2J0T_A_D,2.8350888062155732,298.0,-4.357922077178955,0.063235889109478,25,True,S,R
2J0T_A_D,2.9770198757513056,298.0,-4.063714027404785,0.063235889109478,25,True,S,Y
2J0T_A_D,2.6809526242687376,298.0,-2.09723162651062,0.0024630023526529,27,True,T,L
2J0T_A_D,5.043768297619596,298.0,-1.5018131732940674,0.0024630023526529,27,True,T,R
2J0T_A_D,1.5937182868909552,298.0,-2.056318521499634,0.0024630023526529,27,True,T,S
2J0T_A_D,4.387812204059009,305.0,-2.5055739879608154,0.0024630023526529,27,True,T,A
2J0T_A_D,1.6804579784970595,305.0,-0.05672192573547363,0.23750016652106,22,True,M,A
2J0T_A_D,0.8091402723733756,305.0,-0.5805059671401978,0.0583549362335929,24,True,V,I
2J0T_A_D,1.3181107072620541,305.0,-0.8607527017593388,0.0583549362335929,24,True,V,T
2J0T_A_D,4.40777956123657,305.0,-5.478225946426392,0.0126973418185077,25,True,C,S
2BTF_A_P,1.5950260239100018,298.0,-4.102649450302125,0.1215832612698351,20,True,F,A
2BTF_A_P,0.9782909189008454,298.0,-1.7923451662063599,0.2898849470543274,16,True,V,E
2BTF_A_P,1.7201604530211685,298.0,-2.4717423915863037,0.0131902017279796,25,True,G,F
2BTF_A_P,0.45985000018682237,298.0,-1.5120514631271365,0.1124710461684898,21,True,K,A
2AJF_A_E,-0.007356450785736988,298.0,-0.6349120140075679,0.6952799329519047,7,False,K,R
2AJF_A_E,-0.08221709234159869,298.0,1.659454345703125,0.5377122759697012,10,False,F,S
2AJF_A_E,2.0117017506239043,298.0,2.7864007949829106,0.1309586619769521,21,True,N,K
2AJF_A_E,1.8231176951520733,298.0,1.628075242042541,0.0017731731575523,25,True,T,S
2A9K_A_B,2.409935721897586,310.0,-5.620795674622059,0.0241259771266486,26,True,G,D
2A9K_A_B,3.1516228401257504,310.0,-3.564617305994034,0.1937186672678024,20,True,E,A
4CPA_A_I,2.594977772908507,298.0,-2.5857244729995728,0.0139544404227095,22,True,P,G
4CPA_A_I,0.5017585008132571,298.0,-2.688446879386902,0.1059058589395804,23,True,Y,G
4CPA_A_I,0.0,298.0,-0.29474568367004417,0.1059058589395804,23,True,Y,F
4CPA_A_I,3.7330495807530952,298.0,-2.2980093955993652,0.0,25,True,V,G
4CPA_A_I,2.3244915342611265,298.0,-1.709935903549194,0.0,25,True,V,A
4CPA_A_I,1.2788177925885793,298.0,-0.6101560592651367,0.0,25,True,V,L
4CPA_A_I,0.19925437429429046,298.0,0.08750891685485795,0.0,25,True,V,I
4CPA_A_I,0.0,298.0,0.013456344604492188,0.0,25,True,V,F
1S1Q_A_B,0.6592031271890784,293.0,-3.414230585098267,0.0987268079108511,20,True,V,A
1S1Q_A_B,0.19591118009472178,293.0,-3.4538300037384033,0.2306253114301141,13,False,F,A
1S1Q_A_B,1.210756199261406,293.0,-0.7182269096374512,0.3437325086376433,17,True,N,A
1S1Q_A_B,0.948895993990521,293.0,-5.53819340467453,0.3750302166562743,11,True,D,A
1S1Q_A_B,0.275947745656548,293.0,-2.7545008659362793,0.0782860529190666,19,False,W,A
1S1Q_A_B,0.7619015372366142,293.0,-4.357321739196777,0.0212551910247342,21,True,F,A
1LFD_A_B,1.598499269484092,298.0,-3.562712550163269,0.3757169028137366,19,False,R,A
1LFD_A_B,0.8980863575456903,298.0,-1.7963321805000305,0.1446401022872516,19,False,S,K
1LFD_A_B,-0.5015868773740614,298.0,-3.4508175253868103,0.128723688498544,19,False,L,K
1LFD_A_B,0.3974569069749218,298.0,-3.858599305152893,0.3064946404049998,11,True,N,K
1LFD_A_B,-0.4012753057297803,298.0,1.151273250579834,0.3955055979119488,14,True,M,K
1LFD_A_B,1.4967318376148684,298.0,-3.917991876602173,0.0496675668425399,24,True,K,A
1LFD_A_B,0.29733215763696985,298.0,-3.224737972021103,0.2664211492698471,19,False,K,A
1LFD_A_B,-0.6007325184137231,298.0,-0.7853412628173828,0.2461914246383155,14,True,D,A
1LFD_A_B,-0.9013461830788462,298.0,0.7243924140930176,0.2461914246383155,14,True,D,K
1LFD_A_B,1.7992359641338351,298.0,-2.9501377940177917,0.0810025322250197,20,True,K,A
1LFD_A_B,-0.10141351300830191,298.0,-1.978938341140747,0.3610383307806463,17,True,N,K
1LFD_A_B,0.0,298.0,-3.197323203086853,0.1630949224270541,18,False,L,K
1LFD_A_B,-0.4012753057297803,298.0,-1.7792630195617676,0.4549912850462922,9,False,D,A
1LFD_A_B,-0.4012753057297803,298.0,-1.6435676813125608,0.7583053106584448,6,False,E,A
1LFD_A_B,-0.10141351300830191,298.0,-0.22972714900970437,0.7583053106584448,6,False,E,K
1LFD_A_B,-0.5015868773740614,298.0,-0.34493184089660645,0.2138088002746598,14,False,D,K
1LFD_A_B,-0.4012753057297803,298.0,0.21868062019348145,0.4614975104497934,12,False,N,K
1LFD_A_B,0.19925437429429046,298.0,-1.6407279968261719,0.2771061127295822,16,False,Y,K
1LFD_A_B,-0.9013461830788462,298.0,-1.6133440732955935,0.2569570362755056,16,False,D,K
1LFD_A_B,1.1355350335388432,298.0,-3.562712550163269,0.3757169028137366,19,False,R,A
1LFD_A_B,-0.11781788174330819,298.0,-1.7963321805000305,0.1446401022872516,19,False,S,K
1LFD_A_B,-0.015462671490544418,298.0,-3.4508175253868103,0.128723688498544,19,False,L,K
1LFD_A_B,0.4027916539428253,298.0,-3.858599305152893,0.3064946404049998,11,True,N,K
1LFD_A_B,-0.9204275096134018,298.0,1.151273250579834,0.3955055979119488,14,True,M,K
1LFD_A_B,1.3257482143099353,298.0,-3.917991876602173,0.0496675668425399,24,True,K,A
1LFD_A_B,0.2581485700435606,298.0,-3.224737972021103,0.2664211492698471,19,False,K,A
1LFD_A_B,-0.5788024947610324,298.0,-0.7853412628173828,0.2461914246383155,14,True,D,A
1LFD_A_B,-1.0859939389362137,298.0,0.7243924140930176,0.2461914246383155,14,True,D,K
1LFD_A_B,1.1787795452740817,298.0,-2.9501377940177917,0.0810025322250197,20,True,K,A
1LFD_A_B,-1.1678047282273625,298.0,-1.978938341140747,0.3610383307806463,17,True,N,K
1LFD_A_B,-0.5707454089388464,298.0,-3.197323203086853,0.1630949224270541,18,False,L,K
1LFD_A_B,-0.27955214935541467,298.0,-1.7792630195617676,0.4549912850462922,9,False,D,A
1LFD_A_B,-0.2462477376825815,298.0,-1.6435676813125608,0.7583053106584448,6,False,E,A
1LFD_A_B,-0.2844665897824723,298.0,-0.22972714900970437,0.7583053106584448,6,False,E,K
1LFD_A_B,-0.9061572607211715,298.0,-0.34493184089660645,0.2138088002746598,14,False,D,K
1LFD_A_B,-0.5627964751894291,298.0,0.21868062019348145,0.4614975104497934,12,False,N,K
1LFD_A_B,0.07716461344681207,298.0,-1.6407279968261719,0.2771061127295822,16,False,Y,K
1LFD_A_B,-1.1462682940282378,298.0,-1.6133440732955935,0.2569570362755056,16,False,D,K
1KTZ_A_B,0.24280892714332478,298.0,-0.21425211429595947,0.2191243838451154,16,True,V,I
1KTZ_A_B,1.1511820432947826,298.0,1.0263571739196777,0.3825358922977446,13,True,R,K
1KTZ_A_B,2.2005112698636156,298.0,0.8393421173095703,0.5110327292684255,13,True,R,K
1KTZ_A_B,1.4809179410227558,298.0,-0.1242835521697998,0.3825358922977446,13,True,R,A
1KTZ_A_B,2.8831127136587624,298.0,0.7011122703552246,0.5110327292684255,13,True,R,A
1KTZ_A_B,1.8241064859525147,298.0,-5.435218416154385,0.0427369539344482,20,True,L,A
1KTZ_A_B,2.978730575080973,298.0,-1.8937923908233643,0.0503822201715571,25,True,F,A
1KTZ_A_B,1.5209351067738828,298.0,-0.8497240543365479,0.2167083133492706,10,True,D,A
1KTZ_A_B,1.999448548546605,298.0,-0.11746716499328613,0.2167083133492706,10,True,D,N
1KTZ_A_B,0.32639962595823757,298.0,-0.9306612014770503,0.5063900588058315,9,True,S,A
1KTZ_A_B,1.895631703462886,298.0,-5.224447667598724,0.1111662841228297,16,True,I,A
1KTZ_A_B,1.512868875282199,298.0,-3.3249428272247314,0.0462389352954239,22,True,T,A
1KTZ_A_B,0.216420407307929,298.0,1.1016135215759277,0.0,27,True,S,A
1KTZ_A_B,4.035978366073193,298.0,-4.018133640289307,0.0,27,True,S,L
1KTZ_A_B,1.369625081346294,298.0,-3.5680253505706787,0.1875491077584223,18,True,I,A
1KTZ_A_B,1.2159779346079969,298.0,-0.825458526611329,0.5107931457100153,15,True,E,A
1KTZ_A_B,0.41481090592341907,298.0,-2.572181940078736,0.0097964092008207,23,False,V,A
1KTZ_A_B,0.814377288380509,298.0,-4.538379997014999,0.3299171136458051,18,True,D,A
1KTZ_A_B,1.493609074597247,298.0,-2.397861123085022,0.1065866419980797,20,True,E,A
1KTZ_A_B,1.6264504572244918,298.0,-2.0224636793136597,0.1065866419980797,20,True,E,Q
1KTZ_A_B,0.284825599598136,298.0,-2.713218569755554,0.6935815982942288,14,False,N,A
1KTZ_A_B,0.6476735418476208,298.0,-5.534712992608547,0.0,26,False,V,A
1KTZ_A_B,1.0796304039482034,298.0,-4.372954845428467,0.0521368549389225,22,False,E,A
1KTZ_A_B,0.2954959184205956,298.0,-4.40732216835022,0.123146804930497,23,False,H,A
1KTZ_A_B,0.9318092254519265,298.0,-5.112975835800171,0.0010528288742353,19,False,F,A
1KTZ_A_B,0.8710188035099871,298.0,-4.085915684700012,0.0220915625179749,24,False,M,A
1KTZ_A_B,0.5391214230090886,298.0,-4.885799586772919,0.0540156172519309,18,False,I,A
1REW_AB_C,2.6573708661204076,298.0,-5.574529066681862,0.0109819189892572,24,True,Q,A
3BK3_A_C,0.0,298.0,-0.34379005432128906,0.6063376602812068,7,True,L,A
3BK3_A_C,0.02632374137691777,298.0,-0.4181396961212158,0.6063376602812068,7,True,L,R
3BK3_A_C,1.038188887212829,298.0,-2.4596030712127686,0.2774921737213252,14,True,I,A
3BK3_A_C,0.6505835559235611,298.0,-2.7551283836364746,0.2774921737213252,14,True,I,R
3BK3_A_C,0.48617374156374,298.0,-0.29402804374694824,0.6809889357844149,9,True,T,P
3BK3_A_C,1.742239110464745,298.0,-3.3147237300872803,0.539382456549491,10,True,T,P
3BK3_A_C,0.48617374156374,298.0,-5.349408611655235,0.1502386138538034,18,True,I,A
3BK3_A_C,0.4237806483518395,298.0,-5.320438370108605,0.1502386138538034,18,True,I,R
3BK3_A_C,1.3071187867967298,298.0,-5.460657894611359,0.0036097349395292,22,True,I,A
3BK3_A_C,2.120614844846763,298.0,-5.496144592761993,0.0036097349395292,22,True,I,R
3BK3_A_C,1.2609510009474219,298.0,-5.43854184448719,0.0474544023519793,19,True,I,A
3BK3_A_C,1.1749761495871918,298.0,-5.172582104802132,0.0474544023519793,19,True,I,R
3BK3_A_C,1.3821089550208034,298.0,-2.0257363319396973,0.043132641185277,23,True,A,R
1JTG_A_B,-0.2676595665844973,298.0,-5.5491925701498985,0.073454044925256,26,True,G,S
1JTG_A_B,4.233493571209065,298.0,-4.990254133939743,0.0540326397183503,21,True,E,K
1JTG_A_B,2.560337098902304,298.0,1.802165150642395,0.0581735553346333,26,True,D,A
1JTG_A_B,3.377703966041606,298.0,-4.574570298194885,0.0709922215851227,25,True,F,A
1JTG_A_B,1.8134425580360238,298.0,1.802165150642395,0.0581735553346333,26,True,D,A
1JTG_A_B,1.2385277715858618,298.0,-1.9905648231506348,0.0064129899349038,25,False,S,A
1JTG_A_B,0.7916184826946558,298.0,-3.0070817470550537,0.0289631461991615,28,True,S,A
1JTG_A_B,1.338771493635977,298.0,-0.9921700954437256,0.0287804390583065,28,False,R,A
1JTG_A_B,1.4166025581352122,298.0,-5.691669248044491,0.0145201249778019,28,False,K,A
1JTG_A_B,1.7911632887269544,298.0,1.802165150642395,0.0581735553346333,26,True,D,A
1JTG_A_B,3.557914940996815,298.0,-2.557283043861389,0.0147395475782741,25,True,K,A
1JTG_A_B,2.102050379720839,298.0,-4.574570298194885,0.0709922215851227,25,True,F,A
1JTG_A_B,0.38185890510806564,298.0,-2.852185845375061,0.1156008741419353,22,True,Y,A
1JTG_A_B,1.5522571117313473,298.0,-3.909713476896286,0.0540326397183503,21,True,E,A
1JTG_A_B,-0.16829595992967541,298.0,-3.2821383476257324,0.0264331613752013,29,True,Y,A
1JTG_A_B,1.2651970435529558,298.0,-0.9921700954437256,0.0287804390583065,28,False,R,A
1JTG_A_B,1.02655000771043,298.0,-5.691669248044491,0.0145201249778019,28,False,K,A
1JTG_A_B,0.33369814330276254,298.0,-3.0070817470550537,0.0289631461991615,28,True,S,A
1JTG_A_B,0.4294094501101326,298.0,-2.047182083129883,0.1743342937471705,20,True,Q,A
1JTG_A_B,-0.4556010607334407,298.0,1.277967929840088,0.3878701762014765,11,True,N,A
1JTG_A_B,1.90988814615532,298.0,-5.634390823543072,0.0005971861768104,21,True,V,A
1JTG_A_B,1.767164908580096,298.0,-3.909713476896286,0.0540326397183503,21,True,E,A
1JTG_A_B,-0.3825855002342205,298.0,-4.0022754073143005,0.002789364860402,24,True,P,A
1JTG_A_B,4.060109353992288,298.0,-0.18104171752929643,0.0675225020966519,21,True,E,A
1JTG_A_B,0.7384901746618162,298.0,0.6498658657073975,0.0065755292596665,24,True,M,A
1JTG_A_B,-0.07254948620099334,298.0,-0.18462944030761697,0.2491109991668429,14,True,E,A
1JTG_A_B,-0.4067597413462302,298.0,-3.091028094291688,0.0798069252751905,20,True,V,A
1JTG_A_B,3.1999860259464405,298.0,-4.82092946767807,0.0002977567930886,19,True,F,A
1JTG_A_B,3.2482451147560254,298.0,-2.5828365683555603,0.0,26,False,H,A
1JTG_A_B,1.6719936594390528,298.0,1.802165150642395,0.0581735553346333,26,True,D,A
1JTG_A_B,-0.4067597413462302,298.0,-0.5013878345489502,0.0412486158857488,22,True,Y,A
1JTG_A_B,2.076536854194484,298.0,-2.551451444625855,0.0026403894497273,23,True,Y,A
1JTG_A_B,0.35792891505037433,298.0,-0.5537918806076054,0.0207645609484681,24,True,S,A
1JTG_A_B,3.8219559643615724,298.0,-2.557283043861389,0.0147395475782741,25,True,K,A
1JTG_A_B,3.009163076795267,298.0,-0.4248034954071045,0.0453858918251032,23,True,W,A
1JTG_A_B,-0.16829595992967541,298.0,-1.9864120483398433,0.1117492271394886,23,True,S,A
1JTG_A_B,2.5071474947221444,298.0,-4.574570298194885,0.0709922215851227,25,True,F,A
1JTG_A_B,2.7466582373819635,298.0,-1.949422836303711,0.0042958268741632,22,True,H,A
1JTG_A_B,4.251657016253982,298.0,-5.3703456819057465,0.10132873176349,19,True,W,A
1JTG_A_B,2.2212091105695695,298.0,-0.43908417224884055,0.2593930551085727,15,True,R,A
1JTG_A_B,2.3397783648510635,298.0,-2.501004695892334,0.073246932600216,17,True,W,A
1JTG_A_B,0.19925437429429038,298.0,-5.219357371330261,0.4837145169241822,16,False,T,K
1JTG_A_B,-0.4755034227412804,298.0,-3.6621988713741302,0.5611177217644595,11,False,V,K
1JTG_A_B,-0.014385808785815867,298.0,-3.4896716475486755,0.4665071503415594,14,False,T,K
1JTG_A_B,-0.45472281081808363,298.0,-1.6811712980270386,0.4670404029422994,12,False,N,K
1JTG_A_B,-1.3403342214319378,298.0,-1.0647774934768677,0.4241019130211765,16,True,D,A
1JTG_A_B,-1.9818765838323005,298.0,-0.9129146337509151,0.4241019130211765,16,True,D,K
1JTG_A_B,0.18084294298188994,298.0,2.1911940574645996,0.2125493025868766,23,True,K,N
1JTG_A_B,-0.14281295603199762,298.0,-2.0772640705108643,0.3090819491078155,16,True,R,Y
1JTG_A_B,0.4611176139554645,298.0,-4.449546754360199,0.002789364860402,24,True,P,Q
1JTG_A_B,-0.17036148930942868,298.0,0.3200690746307373,0.2491109991668429,14,True,E,G
1JTG_A_B,-0.6721199901226859,298.0,-1.0048611164093018,0.0675225020966519,21,True,E,V
1JTG_A_B,-0.912231023429752,298.0,-0.8147275447845459,0.0675225020966519,21,True,E,G
1JTG_A_B,-0.6097268969107852,298.0,0.3854619264602659,0.3019174993776051,19,False,E,K
1JTG_A_B,-0.41047252261649486,298.0,-1.5372753143310547,0.1375507937667927,18,True,E,K
1H9D_A_B,1.0642126527233364,273.0,-1.1696641445159912,0.2787046872167735,18,True,R,A
1H9D_A_B,1.2841801429677293,273.0,-4.412526786327362,0.1303863082598984,21,False,V,A
1H9D_A_B,1.9023307422654165,273.0,-5.592060163617134,0.0021527405753948,23,True,G,A
1H9D_A_B,1.24916757040642,273.0,-1.6766676902770996,0.1686759369326345,21,True,Q,A
1H9D_A_B,0.8609389898693321,273.0,-5.674910679459572,0.0024434733175333,30,True,L,A
1H9D_A_B,2.110106560275752,273.0,-5.950782887637615,0.0161874087816158,23,True,N,A
1FFW_A_B,0.04740022473909465,298.0,-5.355901844799519,0.2586316063442259,17,False,D,K
1FFW_A_B,-0.31918654441973265,298.0,1.715024471282959,0.0561845067145662,20,False,T,I
1FFW_A_B,0.09128597819676221,298.0,-4.16604483127594,0.2643609394518033,15,True,A,V
1FFW_A_B,0.8209450452329897,298.0,-1.9529229402542114,0.4267901659678735,9,False,E,K
1FFW_A_B,0.7129766491354615,298.0,0.25912046432495117,0.056431602560549,21,True,Y,W
1FFW_A_B,1.1308056225376935,298.0,-4.6021908223629,0.3077182365632681,15,False,V,M
1FFW_A_B,1.2555918089614944,298.0,-5.347423419356346,0.1154426820337052,16,False,F,V
1FFW_A_B,0.5620328559052814,298.0,-4.606619656085968,0.4977696965982924,10,False,T,I
1FFW_A_B,0.7129766491354615,298.0,0.04403603076934792,0.3717814822799011,15,False,E,K
1FFW_A_B,0.7164498947095519,298.0,-4.873216480016708,0.0617664695221316,19,False,E,A
1FFW_A_B,0.638856703952338,298.0,-0.6675822734832764,0.0736342235229454,18,True,E,A
1FFW_A_B,0.03384845091440465,298.0,-2.118395209312438,0.2562662453613372,15,True,H,A
1FFW_A_B,-0.0741199451831236,298.0,-2.7370508909225464,0.5079206264599884,9,False,D,A
1FFW_A_B,0.09624154412630512,298.0,-3.1570626199245453,0.169445078776846,18,True,D,A
1FFW_A_B,0.20420994022383337,298.0,-3.1946828365325928,0.2072729565296615,15,True,C,A
1FFW_A_B,3.64430699947734,298.0,-0.9840143918991089,0.0931059153040035,20,True,F,A
1FFW_A_B,0.42763855563013353,298.0,-5.3855395913124084,0.0185549722809088,21,False,I,A
1FC2_C_D,0.41047252261649486,298.0,-1.4680547714233398,0.1247427693643593,19,True,Y,W
1FC2_C_D,3.1375929327345404,298.0,-3.114273309707641,0.0008179284520152,24,False,I,W
1FC2_C_D,0.0,298.0,-0.13202691078186035,0.2252032565644182,20,False,F,W
1FC2_C_D,0.0,298.0,-1.7074894905090332,0.3122405019450875,19,False,L,W
1FC2_C_D,1.4333097490566602,298.0,-2.766548275947571,0.0850259643884892,20,True,L,D
1FC2_C_D,0.6054310925223745,298.0,-0.44571733474731534,0.217079332692532,15,True,N,A
1FC2_C_D,0.06344962636066392,298.0,1.3153903484344482,0.2252032565644182,20,False,F,A
1FC2_C_D,5.274404142021049,298.0,-1.8028907775878906,0.0,20,True,I,A
1FC2_C_D,1.5259370339940166,298.0,-3.2243010997772217,0.2838256915519673,15,True,K,A
1FC2_C_D,0.8209450452329897,298.0,-2.766548275947571,0.0850259643884892,20,True,L,D
1FC2_C_D,0.5820172024749775,298.0,-0.44571733474731534,0.217079332692532,15,True,N,A
1FC2_C_D,-0.03613801513992379,298.0,1.3153903484344482,0.2252032565644182,20,False,F,A
1FC2_C_D,2.1845052502920126,298.0,-1.8028907775878906,0.0,20,True,I,A
1FC2_C_D,1.2314175678494845,298.0,-3.2243010997772217,0.2838256915519673,15,True,K,A
1FC2_C_D,-0.10796839609752822,298.0,-0.716449499130249,0.5848056046283834,8,False,N,F
1FC2_C_D,0.0912859781967621,298.0,-1.2467589378356934,0.3256651690953389,17,True,N,F
1FC2_C_D,0.17036148930942874,298.0,-0.8440933227539062,0.3398291729099418,13,True,Q,K
1FC2_C_D,0.0,298.0,0.3427557945251465,0.5848056046283834,8,False,N,Q
1FC2_C_D,0.4578727473555895,298.0,-0.08324432373046875,0.3398291729099418,13,True,Q,L
1FC2_C_D,0.9122310234297519,298.0,0.7993345260620119,0.4711030701904306,15,True,F,M
1FC2_C_D,1.061056078540056,298.0,0.45449352264404297,0.4974029919034683,15,False,K,D
1FC2_C_D,1.0272076276256512,298.0,-0.7880380153656006,0.1247427693643593,19,True,Y,F
1FC2_C_D,0.8451192863449996,298.0,-1.0094008445739746,0.217079332692532,15,True,N,F
3BN9_B_CD,-0.4153067263829324,298.0,-2.8764983415603638,0.3017839583743896,10,False,Q,A
3BN9_B_CD,0.0,298.0,0.7279565334320068,0.2072575709930728,21,True,I,A
3BN9_B_CD,0.8352152941252199,298.0,-4.670377135276794,0.2136990328696142,20,True,I,A
3BN9_B_CD,0.42238814942922726,298.0,-4.227582097053528,0.3289459354469879,17,True,D,A
3BN9_B_CD,0.31110747405341993,298.0,0.1509675979614249,0.2115214424067063,20,True,D,A
3BN9_B_CD,-0.044997841432945926,298.0,1.7514746189117432,0.4606014920370028,10,True,R,A
3BN9_B_CD,-0.044997841432945926,298.0,-5.139067530632019,0.1646078009673196,15,False,F,A
3BN9_B_CD,-0.07155774898360191,298.0,-0.1618175506591797,0.5120878357236988,14,False,R,A
3BN9_B_CD,0.018951590842434356,298.0,-4.665821552276611,0.1126701152957492,20,False,Y,A
3BN9_B_CD,-0.15923282164613073,298.0,-0.8629565238952637,0.3726737257749566,13,False,R,A
3BN9_B_CD,0.6392417408142771,298.0,-5.133277475833893,0.1584060974722199,22,False,F,A
3BN9_B_CD,0.7733441812669039,298.0,-4.469789385795593,0.1485553247942761,19,True,N,A
3BN9_B_CD,6.695209993104953,298.0,-5.414527729153633,0.1063448382481754,23,True,D,A
3BN9_B_CD,6.695209993104953,298.0,-3.262160301208496,0.0392590626187145,19,True,F,A
3BN9_B_CD,1.1320525192864097,298.0,-5.230012893676758,0.1726998055723471,21,True,T,A
3BN9_B_CD,0.08506329390489986,298.0,0.6820876598358154,0.1960465609395573,22,False,H,A
3BN9_B_CD,0.13310476036642355,298.0,2.330804705619812,0.5013273088446408,12,False,Q,A
3BN9_B_CD,1.0846522945473152,298.0,-4.336590766906738,0.2242429051344949,17,True,Y,A
3BN9_B_CD,0.29083504603920923,298.0,-3.235493838787079,0.6195072941880021,10,False,T,A
3BN9_B_CD,0.3361920714904453,298.0,0.37398242950439453,0.5423568472621126,15,False,L,A
3BN9_B_CD,0.3732157936734897,298.0,1.3387317657470703,0.3755133756654669,15,False,E,A
3BN9_B_CD,-0.03469868318221048,298.0,0.2958662509918213,0.4555104728700914,15,True,Q,A
3BN9_B_CD,2.5089841145082503,298.0,-2.7825502157211304,0.065891662211423,20,True,Q,A
3BN9_B_CD,0.5662113758332921,298.0,-0.31226038932800293,0.1645747692810505,19,True,D,A
3BN9_B_CD,0.7057104638285671,298.0,-1.6509547233581543,0.2694991859355687,18,True,Q,A
3BN9_B_CD,-0.0936981472052981,298.0,1.695436954498291,0.6274511378180838,11,False,R,A
3BN9_B_CD,0.7849687204056678,298.0,-2.9700371026992802,0.242878328605292,20,False,K,A
3BN9_B_CD,0.3329057681742249,298.0,-1.1446385383605953,0.2280671232733044,14,True,T,R
3BN9_B_CD,1.1861065750208222,298.0,-3.9125029295682907,0.0616589738519911,20,True,S,G
3BN9_B_CD,1.1455046747440898,298.0,-5.2781221121549615,0.0616589738519911,20,True,S,N
3BN9_B_CD,-0.02153643419912475,298.0,0.7667417526245113,0.4114181143533859,15,False,T,Q
3BN9_B_CD,-0.05829489918946975,298.0,1.0912518501281738,0.4114181143533859,15,False,T,R
3BN9_B_CD,0.4586856324150076,298.0,-3.838591992855072,0.2225000762672636,16,True,Y,S
3BN9_B_CD,2.4272540905119637,298.0,-5.358812361955643,0.4669084609244611,16,False,P,H
3BN9_B_CD,1.224102423287236,298.0,-2.2055327892303467,0.4496610737947318,13,True,Q,V
3NPS_A_BC,0.02632374137691764,298.0,-2.559005498886108,0.3339765295161114,13,False,Q,A
3NPS_A_BC,0.6415423624003627,298.0,-1.1957812309265137,0.176766791625055,19,True,I,A
3NPS_A_BC,-0.33181774805637565,298.0,-4.567265272140503,0.3446128120097058,17,False,I,A
3NPS_A_BC,0.3399864933663211,298.0,-3.902711510658264,0.2849827957871554,11,False,D,A
3NPS_A_BC,1.0674702187008285,298.0,-4.214796781539918,0.3731525112607444,14,True,D,A
3NPS_A_BC,-1.0627408212775173,298.0,0.9142458438873291,0.5070623251743648,11,True,R,A
3NPS_A_BC,0.21957070812800616,298.0,-5.345851600170136,0.1718905367310358,15,False,F,A
3NPS_A_BC,0.13816833086717262,298.0,0.1057969331741333,0.5024261401215181,14,False,R,A
3NPS_A_BC,0.45188969910869503,298.0,-4.616074860095978,0.1181930247595744,20,False,Y,A
3NPS_A_BC,-0.15159538325315403,298.0,-3.1764893531799316,0.4875605629535718,12,False,R,A
3NPS_A_BC,1.5714040612158058,298.0,-5.084510236978531,0.1382853932937066,20,False,F,A
3NPS_A_BC,0.2534191590424108,298.0,-5.110058307647705,0.3395966760184152,16,False,N,A
3NPS_A_BC,1.5070337151726723,298.0,-0.9073412418365479,0.2530106467911665,14,True,D,A
3NPS_A_BC,0.4635396487133664,298.0,-2.4130873680114746,0.1309207593602738,15,True,F,A
3NPS_A_BC,0.7238121755675294,298.0,-4.865030229091644,0.2732747985996583,19,True,T,A
3NPS_A_BC,1.875091378283826,298.0,-1.160111427307129,0.1210427667166262,27,True,H,A
3NPS_A_BC,0.2957362051647322,298.0,-0.038655281066894975,0.5054945579766515,12,False,Q,A
3NPS_A_BC,1.7748733050669008,298.0,-3.6162946224212646,0.1398000577249207,20,True,Y,A
3NPS_A_BC,0.17496996916507154,298.0,-0.6068036556243896,0.4511064381413477,16,True,T,A
3NPS_A_BC,0.2957362051647322,298.0,2.4446160793304443,0.5418698372611322,14,False,L,A
3NPS_A_BC,0.6153480183085224,298.0,-1.1572792530059817,0.3168278437557685,17,False,E,A
3NPS_A_BC,-0.05922381965100316,298.0,-0.4424340724945064,0.76492139029131,9,True,Q,A
3NPS_A_BC,0.7409074109634375,298.0,-3.519047975540161,0.1847865558784202,17,True,Q,A
3NPS_A_BC,1.466742659519799,298.0,-1.840276479721069,0.3456585605556622,16,False,D,A
3NPS_A_BC,-0.04091674593614926,298.0,-1.8208796977996826,0.2064827419493655,17,False,Q,A
3NPS_A_BC,-0.08390183507906003,298.0,1.6440931558609013,0.666601848059307,12,False,R,A
3NPS_A_BC,-0.10361036525082036,298.0,-3.0247222185134888,0.311333261991889,19,False,K,A
1DQJ_AB_C,3.285707505848643,298.0,-5.218928545713425,9.271605917006435e-05,25,True,Y,A
1DQJ_AB_C,1.1685509146980735,298.0,-2.9572463035583496,0.1431007081154425,16,True,R,A
1DQJ_AB_C,1.3462688547932393,298.0,-4.185441493988037,0.0762494447180666,26,True,W,A
1DQJ_AB_C,3.5197048730292497,298.0,-2.8604809045791626,0.0569559097956346,22,True,K,A
1DQJ_AB_C,1.4524066878479487,298.0,-3.455807536840439,0.0004920960933011,20,True,D,A
1DQJ_AB_C,3.285707505848643,298.0,-5.218928545713425,9.271605917006435e-05,25,True,Y,A
1DQJ_AB_C,1.2589903070854631,298.0,-2.9572463035583496,0.1431007081154425,16,True,R,A
1DQJ_AB_C,0.7580783920815788,298.0,-0.8804469108581543,0.3126300961642494,18,True,W,A
1DQJ_AB_C,1.3462688547932393,298.0,-4.185441493988037,0.0762494447180666,26,True,W,A
1DQJ_AB_C,1.4524066878479487,298.0,-4.885195881128311,0.0,25,True,L,A
1DQJ_AB_C,0.8408435517207893,298.0,-3.0561414062976837,0.2057627320073141,13,True,T,A
1DQJ_AB_C,0.6498730739273596,298.0,0.043259382247924805,0.1250242550758569,21,True,N,A
1DQJ_AB_C,6.1558185724269645,298.0,-5.9441418796777725,0.0,20,True,K,A
1DQJ_AB_C,3.5197048730292497,298.0,-2.8604809045791626,0.0569559097956346,22,True,K,A
1DQJ_AB_C,0.7755827208329521,298.0,-2.158440291881561,0.0,20,True,S,A
1DQJ_AB_C,1.3006935519076115,298.0,-3.455807536840439,0.0004920960933011,20,True,D,A
1DQJ_AB_C,2.013433278986382,298.0,-3.326731562614441,0.0787574929165685,23,True,N,A
1DQJ_AB_C,4.090680615177067,298.0,-5.0059641152620316,0.0,25,True,N,A
1DQJ_AB_C,2.678298367954515,298.0,-1.0919668674468994,0.0457564582246877,19,True,Y,A
1DQJ_AB_C,1.4318879316322246,298.0,-3.7383209466934204,0.0388893883806874,24,True,S,A
1DQJ_AB_C,1.135050706471035,298.0,-3.003770112991333,0.0133773893530656,26,True,Y,A
1DQJ_AB_C,2.013433278986382,298.0,-0.1795053482055664,0.0655487974259174,22,True,D,A
1DQJ_AB_C,5.524463545779319,298.0,3.5253275632858276,0.0,18,True,Y,A
1DQJ_AB_C,6.888023750838342,298.0,-4.455816566944122,0.0,25,True,Y,A
1DQJ_AB_C,1.1802777666692967,298.0,-1.0060387849807737,0.1550289958977429,22,True,Y,A
1DQJ_AB_C,4.931524166897857,298.0,0.9725546836853027,0.1130582634395317,21,True,W,A
2G2U_A_B,0.6505835559235611,298.0,-3.614180326461792,0.209392710125682,14,True,E,A
2G2U_A_B,-0.9504731674989194,298.0,1.0620133876800537,0.3458869243000264,21,True,S,A
2G2U_A_B,2.762713152935108,298.0,-4.871732413768768,0.0004741305818872,18,True,F,A
2G2U_A_B,-0.9557137917253558,298.0,-2.423594534397125,0.0424372874545609,21,True,S,A
2G2U_A_B,1.7162797104876832,298.0,-2.925278425216675,0.0020652633098345,25,False,H,A
2G2U_A_B,-0.42640675763466745,298.0,-1.7996861636638641,0.0427168753695291,27,True,G,A
2G2U_A_B,-2.074792562291826,298.0,0.4244606494903569,0.0227246466367289,23,True,Y,A
2G2U_A_B,-0.6284671975935929,298.0,-2.9513574838638306,0.1618608928208838,21,True,Y,A
2G2U_A_B,2.3007136524833776,298.0,-2.1170601844787598,0.0047893208400045,24,True,Y,A
2G2U_A_B,-0.511977982938513,298.0,0.5790081024169921,0.0177339362692808,24,True,S,A
2G2U_A_B,-1.978551018165521,298.0,-4.901419758796692,0.0394533101185283,24,True,E,A
2G2U_A_B,-0.21723788679384545,298.0,-2.8495184183120728,0.0231856569151754,26,True,K,A
2G2U_A_B,0.9583052199192759,298.0,-1.2599866390228267,0.0526935862376282,23,True,W,A
2G2U_A_B,-0.6120372574936243,298.0,-3.9567435681819916,0.0584561050902912,22,True,S,A
2G2U_A_B,-0.4136252541419431,298.0,-1.9087847471237183,0.1768086347095787,16,False,G,A
2G2U_A_B,0.2757037761241289,298.0,-3.65973961353302,0.0795828133990182,23,True,F,A
2G2U_A_B,-1.846408380955983,298.0,-2.599485158920288,0.1347341925222036,20,True,Y,A
2G2U_A_B,-0.34223886538663345,298.0,-0.9433829784393313,0.4554910326147932,17,True,R,A
2G2U_A_B,1.1184495656132085,298.0,-1.7501217126846313,0.0197388438560277,19,True,H,A
2G2U_A_B,1.7844222340342624,298.0,-5.305720657110214,0.0885945043427869,19,True,W,A
2G2U_A_B,0.6694938808398577,298.0,0.7820061445236206,0.3557461068647771,15,True,R,A
2G2U_A_B,0.5309721513595229,298.0,-1.7533526420593262,0.161990810832608,16,True,W,A
2G2U_A_B,-3.5344513690442754,298.0,-4.168073296546936,0.0394533101185283,24,True,E,M
2G2U_A_B,-1.4687806302264566,298.0,0.576568603515625,0.0990902375619585,23,False,S,K
2G2U_A_B,-0.4526843004649991,298.0,-2.088118076324463,0.1046125456070916,23,True,D,K
1JTG_A_B,1.8332310613353837,299.0,-3.909713476896286,0.0540326397183503,21,True,E,A
1JTG_A_B,3.654210680864913,299.0,-2.6696090400218964,0.0540326397183503,21,True,E,D
1JTG_A_B,2.245081008524417,299.0,-4.990254133939743,0.0540326397183503,21,True,E,K
1JTG_A_B,0.5060889127856257,299.0,-5.085782587528229,0.0257359351883453,25,True,E,M
2G2U_A_B,-1.5479375140516198,299.0,-1.0927937030792236,0.1046125456070916,23,True,D,A
2G2U_A_B,-4.397024393521784,299.0,0.9285664558410645,0.1046125456070916,23,True,D,E
2G2U_A_B,-0.6729101385937212,299.0,-2.088118076324463,0.1046125456070916,23,True,D,K
2G2U_A_B,-2.473746341748136,299.0,-4.168073296546936,0.0394533101185283,24,True,E,M
2FTL_E_I,4.049499266702131,295.0,-4.51293070614338,0.2789946205240535,22,True,T,A
2FTL_E_I,4.346608447073268,295.0,-5.639646425843239,0.1414582334199617,20,False,G,A
2FTL_E_I,4.049499266702131,295.0,-5.05372379720211,0.1633736200268187,20,True,P,A
2FTL_E_I,10.052420328978402,295.0,-5.295616954565048,0.0013087171805378,34,True,K,A
2FTL_E_I,4.049499266702131,295.0,-1.3484904766082761,0.1508573125648618,25,True,R,A
2FTL_E_I,4.969061230435361,295.0,-5.518891245126724,0.027512529995354,26,True,I,A
2FTL_E_I,4.049499266702131,295.0,-1.7788729667663574,0.3607546861927814,13,True,I,A
2FTL_E_I,4.049499266702131,295.0,-5.0260850340127945,0.1324334546613323,22,False,R,A
2FTL_E_I,4.049499266702131,295.0,-4.054786056280136,0.0998839932966265,16,False,F,A
2FTL_E_I,4.049499266702131,295.0,-3.730462431907654,0.2373195519709061,19,True,V,A
2FTL_E_I,4.049499266702131,295.0,-5.039863407611847,0.0462435208373893,26,False,Y,A
2FTL_E_I,4.890781781515105,295.0,-5.671055912971497,0.0,23,False,G,A
2FTL_E_I,4.049499266702131,295.0,-5.555663011968136,0.1431075003758377,31,True,G,A
2FTL_E_I,4.049499266702131,295.0,-2.4776284694671635,0.4498816282013478,17,True,R,A
2FTL_E_I,4.049499266702131,295.0,0.22408199310302734,0.6854586988483279,13,False,K,A
1CBW_FGH_I,0.197837924955438,295.0,-1.237604141235352,0.1623579975456437,23,True,T,A
1CBW_FGH_I,0.5952733181458213,295.0,-5.660475246608257,0.0115362099898924,19,True,G,A
1CBW_FGH_I,-0.0986823803666837,295.0,-3.5652602910995483,0.1246450474658714,20,True,P,A
1CBW_FGH_I,1.981349409222482,295.0,-2.7012531757354736,0.0174323373470069,35,True,K,A
1CBW_FGH_I,0.49611718023318124,295.0,-2.4328789710998535,0.0745638939543459,27,True,R,A
1CBW_FGH_I,0.09856607740786563,295.0,0.40256261825561523,0.3826981319791854,13,True,I,A
1CBW_FGH_I,0.29780511455513353,295.0,-5.0402223616838455,0.1359236042035703,20,False,R,A
1CBW_FGH_I,0.0,295.0,-2.6676764488220224,0.2934619066722799,17,False,V,A
1CBW_FGH_I,0.7927353758724515,295.0,-4.724018037319184,0.0398313724717875,27,False,Y,A
1CBW_FGH_I,0.8917335009037142,295.0,-5.627108134329319,0.0,24,False,G,A
1CBW_FGH_I,0.7927353758724515,295.0,-5.516116350889206,0.1398314794220184,30,True,G,A
1CBW_FGH_I,0.197837924955438,295.0,-2.114910125732422,0.3698600211574922,18,True,R,A
1CBW_FGH_I,0.09856607740786563,295.0,-0.23989415168762207,0.7012116666132295,14,False,K,A
1CBW_FGH_I,0.21965469062978496,295.0,-1.237604141235352,0.1623579975456437,23,True,T,A
1CBW_FGH_I,0.6785278328124797,295.0,-5.660475246608257,0.0115362099898924,19,True,G,A
1CBW_FGH_I,-0.055873216065021436,295.0,-3.5652602910995483,0.1246450474658714,20,True,P,A
1CBW_FGH_I,1.9938671459391348,295.0,-2.7012531757354736,0.0174323373470069,35,True,K,A
1CBW_FGH_I,0.5477154906084069,295.0,-2.4328789710998535,0.0745638939543459,27,True,R,A
1CBW_FGH_I,1.4008413387711613,295.0,-3.77715027332306,0.1676003027843709,24,True,I,A
1CBW_FGH_I,0.14137524170952773,295.0,0.40256261825561523,0.3826981319791854,13,True,I,A
1CBW_FGH_I,0.3504670328338577,295.0,-5.0402223616838455,0.1359236042035703,20,False,R,A
1CBW_FGH_I,0.14137524170952773,295.0,-2.4981915950775146,0.0897958073708672,17,False,F,A
1CBW_FGH_I,0.05100824987045116,295.0,-2.6676764488220224,0.2934619066722799,17,False,V,A
1CBW_FGH_I,0.875776290587029,295.0,-4.724018037319184,0.0398313724717875,27,False,Y,A
1CBW_FGH_I,0.9540557395072861,295.0,-5.627108134329319,0.0,24,False,G,A
1CBW_FGH_I,0.8126804977977583,295.0,-5.516116350889206,0.1398314794220184,30,True,G,A
1CBW_FGH_I,0.21965469062978496,295.0,-2.114910125732422,0.3698600211574922,18,True,R,A
1CBW_FGH_I,0.14137524170952773,295.0,-0.23989415168762207,0.7012116666132295,14,False,K,A
1CBW_FGH_I,4.112804912746551,295.0,-2.5693280696868896,0.0174323373470069,35,True,K,G
1CBW_FGH_I,2.1876773236990643,295.0,-2.7012531757354736,0.0174323373470069,35,True,K,A
1CBW_FGH_I,3.389831614864535,295.0,-2.7361981868743896,0.0174323373470069,35,True,K,S
1CBW_FGH_I,2.134874963592761,295.0,-2.670250654220581,0.0174323373470069,35,True,K,V
1CBW_FGH_I,2.085701535445522,295.0,-2.662790536880493,0.0174323373470069,35,True,K,T
1CBW_FGH_I,5.215404301479107,295.0,-2.7437522411346436,0.0174323373470069,35,True,K,D
1CBW_FGH_I,1.323540562969692,295.0,-2.24332594871521,0.0174323373470069,35,True,K,N
1CBW_FGH_I,-1.4266451401536568,295.0,-1.3280198574066162,0.0174323373470069,35,True,K,M
1CBW_FGH_I,2.9304631409565527,295.0,-2.741870641708374,0.0174323373470069,35,True,K,I
1CBW_FGH_I,-1.580625541261701,295.0,1.732947051525116,0.0174323373470069,35,True,K,L
1CBW_FGH_I,3.8655712125783968,295.0,-2.6126534938812256,0.0174323373470069,35,True,K,E
1CBW_FGH_I,0.3055973213773325,295.0,-2.6258037090301514,0.0174323373470069,35,True,K,Q
1CBW_FGH_I,0.09911678206273773,295.0,-2.2139408588409424,0.0174323373470069,35,True,K,H
1CBW_FGH_I,-0.6139646423558983,295.0,-0.5150840282440186,0.0174323373470069,35,True,K,R
1CBW_FGH_I,-1.9637977312566086,295.0,0.2845025062561035,0.0174323373470069,35,True,K,F
1CBW_FGH_I,-2.613723547053873,295.0,1.181095838546753,0.0174323373470069,35,True,K,Y
1CBW_FGH_I,-2.4351688412088706,295.0,-2.220168352127075,0.0174323373470069,35,True,K,W
2FTL_E_I,12.222399147557317,295.0,-5.184249252080917,0.0013087171805378,34,True,K,G
2FTL_E_I,10.527111226934219,295.0,-5.295616954565048,0.0013087171805378,34,True,K,A
2FTL_E_I,7.642736643031302,295.0,-5.330281108617783,0.0013087171805378,34,True,K,S
2FTL_E_I,11.632878433414387,295.0,-5.3517559468746185,0.0013087171805378,34,True,K,V
2FTL_E_I,10.486099748990702,295.0,-5.335810512304306,0.0013087171805378,34,True,K,T
2FTL_E_I,11.381819329936064,295.0,-4.939315170049667,0.0013087171805378,34,True,K,D
2FTL_E_I,7.948673116898279,295.0,-4.230139583349228,0.0013087171805378,34,True,K,N
2FTL_E_I,7.611523374206351,295.0,-4.247673839330673,0.0013087171805378,34,True,K,M
2FTL_E_I,11.054034986016326,295.0,-5.341719478368759,0.0013087171805378,34,True,K,I
2FTL_E_I,8.77093788913463,295.0,-2.868814319372177,0.0013087171805378,34,True,K,L
2FTL_E_I,9.32495693576875,295.0,-5.034164279699326,0.0013087171805378,34,True,K,E
2FTL_E_I,9.272154575662446,295.0,-4.489700645208359,0.0013087171805378,34,True,K,Q
2FTL_E_I,8.689481060826116,295.0,-3.5126181542873383,0.0013087171805378,34,True,K,H
2FTL_E_I,-0.5763175076236223,295.0,-1.36353799700737,0.0013087171805378,34,True,K,R
2FTL_E_I,6.953351557945951,295.0,-3.766486495733261,0.0013087171805378,34,True,K,F
2FTL_E_I,6.784939654121932,295.0,-3.485553115606308,0.0013087171805378,34,True,K,Y
2FTL_E_I,8.573055331717944,295.0,-4.832105487585068,0.0013087171805378,34,True,K,W
1A4Y_A_B,0.9037102048722002,298.0,0.3002755641937256,0.3821591825522898,15,True,H,A
1A4Y_A_B,0.30013062966304693,298.0,-1.1994686126708984,0.0653227144956644,21,True,Q,A
1A4Y_A_B,0.11775682842372204,298.0,-2.441444158554077,0.4402696668757148,15,True,N,A
1A4Y_A_B,-0.32258017360854574,298.0,-3.0394214391708374,0.1384359993955392,19,True,E,A
1A4Y_A_B,3.2605541973048746,298.0,-2.308288335800171,0.0336793282398424,21,True,Y,A
1A4Y_A_B,3.4839828127111745,298.0,-2.7239856719970703,0.1230589383999891,22,True,D,A
1A4Y_A_B,0.8359379137057956,298.0,-4.014193475246429,0.1497097119816912,20,True,Y,A
1Z7X_W_X,5.953264042870864,298.0,-4.4585137367248535,0.0121305440376078,20,True,Y,A
1Z7X_W_X,3.6607903964813246,298.0,-2.260927200317383,0.1779571202992242,22,True,D,A
1Z7X_W_X,2.6229603015683534,298.0,-4.357872724533081,0.0555500433317187,25,True,Y,A
1Z7X_W_X,0.8478672572750936,298.0,-0.8647606372833252,0.4065770768903136,15,True,R,A
1Z7X_W_X,0.33726998532064684,298.0,-4.469914555549622,0.0490985498518085,16,True,I,A
1A4Y_A_B,-0.2238857259444736,298.0,-1.9181910753250122,0.5111586683339494,13,False,R,A
1A4Y_A_B,0.679128198221057,298.0,-3.024083375930786,0.1263978277696908,16,True,I,A
1Z7X_W_X,1.0182287465845223,298.0,-2.19293749332428,0.1120949112154527,23,False,E,A
1Z7X_W_X,1.3353555091961204,298.0,-3.3622947931289673,0.0617758766838476,23,True,W,A
1Z7X_W_X,2.2114274623341164,298.0,0.7401106357574463,0.0740946169041249,25,True,W,A
1Z7X_W_X,1.320732873103489,298.0,-2.5768316984176636,0.1555716344097911,18,True,E,A
1Z7X_W_X,0.8140188063606891,298.0,-5.620180241763592,0.0060303640255963,25,False,S,A
1Z7X_W_X,0.9930255101262047,298.0,-2.6773407459259033,0.0455593919642831,24,True,W,A
1Z7X_W_X,1.320732873103489,298.0,3.227605938911438,0.1068296573880782,23,True,K,A
1Z7X_W_X,1.5608439064105553,298.0,-2.8179715871810913,0.1270020592726334,17,False,E,A
1Z7X_W_X,1.6688123025080832,298.0,-1.534165620803833,0.1435766110024238,23,True,W,A
1Z7X_W_X,1.305740004630683,298.0,-2.92856627702713,0.17424898909013,19,True,E,A
1A4Y_A_B,0.17036148930942865,298.0,-0.3399484157562256,0.1509655900524198,19,True,H,A
1A4Y_A_B,0.24011103330706618,298.0,0.96775221824646,0.3157268381191456,15,True,W,A
1A4Y_A_B,0.1006119453117913,298.0,-1.8940999507904053,0.1953816050754826,25,True,W,A
1A4Y_A_B,1.170849396491051,298.0,-1.0504970550537105,0.0099683152668705,26,True,W,A
1A4Y_A_B,0.1006119453117913,298.0,-3.050437569618225,0.1869141471884249,18,False,E,A
1A4Y_A_B,0.0423170461223214,298.0,0.03227889537811279,0.0002921979450456,26,True,S,A
1A4Y_A_B,1.5000732434540465,298.0,-1.7665789127349854,0.0206164068933458,25,True,W,A
1A4Y_A_B,-0.3098605773047036,298.0,0.8869074583053587,0.1466865588334085,25,True,K,A
1A4Y_A_B,0.17852971084983527,298.0,-2.7416069507598877,0.1078238045469038,19,True,E,A
1A4Y_A_B,1.0348984717336767,298.0,-2.1554412841796875,0.0148977266780777,24,True,W,A
1A4Y_A_B,0.8833381384448902,298.0,-2.268449306488037,0.060210056131117,19,True,E,A
1A4Y_A_B,2.3082479357007815,298.0,-2.7342156767845154,0.1584564230501748,16,True,R,A
1A4Y_A_B,0.9098431707072893,298.0,-1.0158424377441404,0.472750552033853,15,True,R,A
1A4Y_A_B,0.20281819652143537,298.0,0.4224684238433838,0.5871143791608118,10,False,R,A
1A4Y_A_B,-0.2318285672070693,298.0,-1.4789466857910156,0.1642173547024867,22,False,R,A
1A4Y_A_B,0.2504101915578016,298.0,-1.6304311752319336,0.1760136177022975,20,True,R,A
1A4Y_A_B,0.32692765690967346,298.0,-0.12494456768035889,0.2251192646563686,18,False,R,A
1A4Y_A_B,4.250523414565851,298.0,-2.302895665168762,0.0089497545082013,26,True,K,Q
1A4Y_A_B,-0.2965524515693591,298.0,-4.823636844754219,0.0368682579060897,21,False,H,A
1A4Y_A_B,0.6565352308731688,298.0,-2.8003089427948,0.1094700807956457,23,True,H,A
1A4Y_A_B,0.5576080282988388,298.0,-0.4432704448699951,0.0336793282398424,21,True,Y,F
1A4Y_A_B,0.2451509503047384,298.0,-1.1763091683387756,0.1497097119816912,20,True,Y,F
1A4Y_A_B,3.2353509608465565,298.0,-4.427219033241272,0.0089497545082013,26,True,K,G
1Z7X_W_X,0.12056858788986578,298.0,0.6888247132301328,0.0121305440376078,20,True,Y,F
1Z7X_W_X,2.165087554212764,298.0,-1.9065852165222168,0.0555500433317187,25,True,Y,F
1A22_A_B,0.0,298.0,-2.4906492233276367,0.1113519893122376,20,False,M,A
1A22_A_B,-0.48617374156373994,298.0,-0.0799870491027832,0.123620458599489,18,True,H,A
1A22_A_B,0.1553686208366228,298.0,-1.562044620513916,0.0113057644978471,23,True,H,A
1A22_A_B,-0.21973896687975603,298.0,-0.1813666820526123,0.2179020064909714,16,True,Q,A
1A22_A_B,-0.4471143120724659,298.0,0.8339641094207764,0.1342833389802677,19,True,F,A
1A22_A_B,-0.2112181483222045,298.0,-1.2706897258758545,0.3610362813590521,18,False,D,A
1A22_A_B,-0.5887829456753407,298.0,-0.5852246284484863,0.3753401092532389,12,False,Q,A
1A22_A_B,0.19925437429429038,298.0,0.7728800773620605,0.1353261634641896,16,True,Y,A
1A22_A_B,1.2239685806665281,298.0,-2.600329279899597,0.0078746320526072,19,True,L,A
1A22_A_B,0.10796839609752822,298.0,-1.808232069015503,0.3276844763795951,17,True,Q,A
1A22_A_B,0.41047252261649486,298.0,-5.148311547935009,0.0411661732051074,17,True,P,A
1A22_A_B,0.34807942940459446,298.0,-3.639278575778008,0.0066917461866006,22,True,S,A
1A22_A_B,0.41047252261649486,298.0,-2.933794617652893,0.1971025918453773,19,True,E,A
1A22_A_B,1.208783474999111,298.0,-5.0319324135780334,0.02297260279489,21,False,P,A
1A22_A_B,0.1553686208366228,298.0,-0.9958975315093994,0.1457744761707761,17,True,S,A
1A22_A_B,0.3142309784901898,298.0,-5.2870433032512665,0.1326397486914821,20,True,N,A
1A22_A_B,1.6418900904659794,298.0,-0.6679837703704834,0.2073775356672871,23,True,R,A
1A22_A_B,-0.47286561582839537,298.0,-1.1877987384796143,0.4846926230235292,11,True,E,A
1A22_A_B,0.5881904627116606,298.0,-1.6095986366271973,0.1939074452952451,16,True,Q,A
1A22_A_B,0.34807942940459446,298.0,-1.5603080987930298,0.0157044969044476,23,True,Y,A
1A22_A_B,0.27832988540695697,298.0,-1.9336079359054565,0.0952852699118693,24,True,R,A
1A22_A_B,-0.15477673005991158,298.0,-2.3684346675872803,0.0254298447343707,24,True,K,A
1A22_A_B,0.7905698398926754,298.0,-0.3477256298065181,0.0465999354575146,22,True,D,A
1A22_A_B,2.014143760982584,298.0,-2.2185268402099614,0.0484401024687262,25,True,K,A
1A22_A_B,-0.924194797457666,298.0,0.5189821720123291,0.1070444477240689,26,True,E,A
1A22_A_B,1.9061753648850552,298.0,-3.142664551734925,0.0370104706823938,26,True,T,A
1A22_A_B,0.41047252261649486,298.0,-2.6293210983276367,0.0004279012622318,26,False,F,A
1A22_A_B,2.4246162835990783,298.0,-2.75254613161087,0.1340808914566766,25,True,R,A
1A22_A_B,0.8059521767601838,298.0,-4.469618141651154,0.0009187172381562,24,True,I,A
1A22_A_B,0.5426151598260328,298.0,-3.392228603363037,0.3756528532856684,16,False,R,A
1A22_A_B,-0.011963774027914067,298.0,-0.8971551656723022,0.7745680299403616,9,False,E,A
1A22_A_B,2.115299745535946,298.0,-2.265431523323059,0.0131872979573719,24,True,R,A
1A22_A_B,1.6919638487429767,298.0,-0.6100871562957764,0.1690911202624688,21,True,E,A
1A22_A_B,0.6898899871588957,298.0,-2.138246774673462,0.1624092693072002,19,False,R,A
1A22_A_B,0.5356069517276616,298.0,-5.3275202214717865,0.040346957466585,22,True,R,A
1A22_A_B,0.11086418021893657,298.0,-0.011132240295410156,0.3561794462791887,9,False,T,A
1A22_A_B,0.0,298.0,-0.2597033977508545,0.6601271817365019,10,True,Q,A
1A22_A_B,-0.09419599227270269,298.0,-0.6310417652130127,0.3951131864329282,12,True,E,A
1A22_A_B,0.5140705175285369,298.0,-4.2356040477752686,0.1227545459438912,20,True,W,A
1A22_A_B,-0.017678526920830696,298.0,-4.992166638374329,0.3296279223394492,13,False,W,A
1A22_A_B,-0.05470224910387513,298.0,0.025357961654663086,0.3166131855182714,12,True,S,A
1A22_A_B,-0.18208834128065177,298.0,-0.8490047454833984,0.0267030935523951,21,True,S,A
1A22_A_B,1.607144483940179,298.0,-0.3003392219543457,0.006143468069833,25,True,I,A
1A22_A_B,4.729537319129406,298.0,-2.1365467309951782,0.0217853758949312,20,True,W,A
1A22_A_B,1.94002381579946,298.0,-3.5360718965530396,0.1209000321493904,17,True,I,A
1A22_A_B,3.304241640773704,298.0,-3.7879655361175537,0.0016721074018139,22,True,P,A
1A22_A_B,-0.18208834128065177,298.0,-3.111625313758851,0.2391315672379173,16,True,E,A
1A22_A_B,0.08124867565349916,298.0,-1.0393297672271729,0.2243637651997982,20,True,K,A
1A22_A_B,0.2739594842214708,298.0,-2.1670353412628174,0.0134475406244215,20,True,S,A
1A22_A_B,0.9934796990832511,298.0,-3.063741445541382,0.0613147549111536,20,True,D,A
1A22_A_B,0.9702537154561661,298.0,-4.893780678510666,0.1740071549930512,18,True,E,A
1A22_A_B,1.485867962107306,298.0,-1.2033973932266235,0.0281537786376515,17,True,D,A
1A22_A_B,2.129803001188137,298.0,-4.323034107685089,0.162896623769617,17,True,I,A
1A22_A_B,0.01716603301363853,298.0,0.7126574516296387,0.4306324760042578,13,True,Q,A
1A22_A_B,-0.017678526920830696,298.0,-0.9376695156097417,0.3941441046018986,15,True,K,A
1A22_A_B,4.729537319129406,298.0,-4.338096156716347,0.0025899575047831,22,True,W,A
1A22_A_B,-0.6167351050091565,298.0,-0.0838785171508789,0.2022587986621273,20,True,V,A
1A22_A_B,-0.09419599227270269,298.0,-1.1604814529418943,0.2515864022255492,18,False,T,A
1A22_A_B,0.8906945892306273,298.0,-0.4861011505126953,0.0507075228945722,24,False,Q,A
1A22_A_B,0.2739594842214708,298.0,-2.4272310733795166,0.2165434266789329,18,True,R,A
1A22_A_B,0.29549591842059547,298.0,-4.7038712203502655,0.1102001059023597,21,True,N,A
1A22_A_B,0.03384845091440465,298.0,0.723851203918457,0.060338991368405,22,True,S,A
1A22_A_B,0.1790067037655157,298.0,0.7786407470703125,0.0722950759166536,23,False,E,A
1A22_A_B,0.2739594842214708,298.0,-2.0106943845748892,0.2893439060166816,12,False,N,A
1A22_A_B,0.20420994022383326,298.0,-2.5531868934631348,0.5914110094077131,10,False,T,A
1A22_A_B,0.050073758276997164,298.0,-5.611246734857559,0.0,24,False,F,S
1A22_A_B,1.7608235553488416,298.0,-3.664493590593338,0.0217324195363067,22,True,T,A
1A22_A_B,0.20420994022383326,298.0,-0.947288990020752,0.4326796423462168,8,False,T,A
1A22_A_B,0.7850439521497568,298.0,-1.0328391790390012,0.1865184548985173,19,False,K,A
1A22_A_B,0.5213367028354314,298.0,-0.7235807180404665,0.0131872979573719,24,True,R,L
1A22_A_B,0.9999517489985055,298.0,-1.6943134069442747,0.0131872979573719,24,True,R,M
1A22_A_B,-0.132142637209538,298.0,-5.611246734857559,0.0,24,False,F,S
1A22_A_B,0.2690039182919279,298.0,-2.0480804443359375,0.2574828812458907,19,False,R,A
1A22_A_B,1.2314175678494845,298.0,0.7786407470703125,0.0722950759166536,23,False,E,A
1A22_A_B,0.27832988540695686,298.0,-2.265431523323059,0.0131872979573719,24,True,R,A
1A22_A_B,0.6505835559235611,298.0,-0.6100871562957764,0.1690911202624688,21,True,E,A
1A22_A_B,0.4178289734022319,298.0,-2.138246774673462,0.1624092693072002,19,False,R,A
1A22_A_B,0.5990565780883257,298.0,-5.3275202214717865,0.040346957466585,22,True,R,A
1A22_A_B,-0.07907551111266659,298.0,-0.6310417652130127,0.3951131864329282,12,True,E,A
1A22_A_B,-0.07907551111266659,298.0,-0.823688268661499,0.5532940858659561,7,False,E,A
1A22_A_B,0.14386948918076103,298.0,-2.6376726627349854,0.3480801520783573,12,False,K,A
1A22_A_B,0.782726193133099,298.0,-3.174612164497376,0.3051746687889757,11,False,E,A
1A22_A_B,0.17771794009516567,298.0,-0.963325023651123,0.7157722373283627,7,False,E,A
1A22_A_B,0.042827331955533565,298.0,-3.2805476188659677,0.2083804936026777,18,False,K,A
1A22_A_B,0.9819805674273895,298.0,-3.063741445541382,0.0613147549111536,20,True,D,A
1A22_A_B,0.41047252261649486,298.0,-4.893780678510666,0.1740071549930512,18,True,E,A
1A22_A_B,1.0852303196520656,298.0,-1.5309422016143799,0.1941567443300545,18,False,D,A
1A22_A_B,0.08276515963921052,298.0,-4.5107459127902985,0.069110921591715,15,False,E,A
1A22_A_B,-0.07907551111266659,298.0,-3.6204432249069214,0.0625768091504939,17,False,E,A
1A22_A_B,0.0,298.0,-3.3748379945755005,0.0674633128371867,16,False,K,A
1A22_A_B,0.19925437429429046,298.0,-0.5596630573272705,0.0866856261275118,15,False,E,A
1A22_A_B,0.24011103330706618,298.0,-2.009228467941284,0.3999259032856021,13,False,K,A
1A22_A_B,-0.046167785849307856,298.0,-3.0287431478500366,0.4674415149305006,9,False,D,A
1A22_A_B,0.19925437429429046,298.0,-3.9048012495040894,0.2945933378011617,14,False,K,A
1A22_A_B,-0.07907551111266659,298.0,-1.6640036106109615,0.2788574481603701,14,False,E,A
1A22_A_B,-0.06239309321190053,298.0,-3.207538068294525,0.0844812547419168,16,False,E,A
1A22_A_B,0.056441418262292826,298.0,-3.2941101789474487,0.201717318711205,20,False,R,A
1A22_A_B,-0.19043753639900773,298.0,-4.526675418019295,0.2090507316032508,19,False,R,A
1A22_A_B,0.49963976269338073,298.0,-1.0328391790390012,0.1865184548985173,19,False,K,A
1A22_A_B,0.3313970115038283,298.0,-2.4272310733795166,0.2165434266789329,18,True,R,A
1A22_A_B,0.10796839609752822,298.0,-0.5165655612945561,0.5338786718469145,15,False,E,A
1A22_A_B,0.5426151598260328,298.0,-4.2356040477752686,0.1227545459438912,20,True,W,A
1A22_A_B,0.16664870803916404,298.0,-4.992166638374329,0.3296279223394492,13,False,W,A
1A22_A_B,4.6332957750031,298.0,-2.1365467309951782,0.0217853758949312,20,True,W,A
1A22_A_B,2.783561828380338,298.0,-0.41873824596405007,0.0217853758949312,20,True,W,F
1A22_A_B,0.19925437429429046,298.0,-4.308857321739197,0.2542013961480964,19,False,Y,A
1A22_A_B,0.25952872938631466,298.0,-1.2021586894989018,0.116204473785563,20,False,P,A
1A22_A_B,-0.01499286847280591,298.0,-1.465566873550415,0.068962865614585,21,False,S,A
1A22_A_B,0.06974954399763748,298.0,-2.401126742362976,0.6232413506261676,11,False,T,A
1A22_A_B,-0.4408477279568094,298.0,-2.0106943845748892,0.2893439060166816,12,False,N,A
1A22_A_B,-0.4408477279568094,298.0,-0.011132240295410156,0.3561794462791887,9,False,T,A
1A22_A_B,-0.5808340119259235,298.0,-0.2597033977508545,0.6601271817365019,10,True,Q,A
1A22_A_B,-0.25510390177987213,298.0,-2.5531868934631348,0.5914110094077131,10,False,T,A
1A22_A_B,-0.41047252261649486,298.0,-1.1057085990905762,0.2035445216896422,12,False,Q,A
1A22_A_B,-0.25510390177987213,298.0,-1.2935912609100342,0.2979125039287146,13,False,N,A
1A22_A_B,-0.32770736297728437,298.0,0.025357961654663086,0.3166131855182714,12,True,S,A
1A22_A_B,-0.5067140667428,298.0,-1.090050220489501,0.5744393937568385,10,False,S,A
1A22_A_B,-0.01499286847280591,298.0,-1.4676198959350586,0.2595561696610857,18,False,F,A
1A22_A_B,1.0852303196520656,298.0,-3.664493590593338,0.0217324195363067,22,True,T,A
1A22_A_B,0.4669139408787877,298.0,-0.8490047454833984,0.0267030935523951,21,True,S,A
1A22_A_B,0.43227326687258494,298.0,-0.3003392219543457,0.006143468069833,25,True,I,A
1A22_A_B,0.13214263720953795,298.0,-3.5360718965530396,0.1209000321493904,17,True,I,A
1A22_A_B,2.6256305007124494,298.0,-3.7879655361175537,0.0016721074018139,22,True,P,A
1A22_A_B,1.1416717379143584,298.0,-4.812871068716049,0.0,25,False,V,A
1A22_A_B,0.5881904627116605,298.0,-5.48105788230896,0.0750598171763273,21,False,I,A
1A22_A_B,-0.046167785849307856,298.0,-4.728161245584488,0.0018903098057382,23,False,V,A
1A22_A_B,-0.03037520534031449,298.0,-2.31919264793396,0.1720052674796565,22,False,Q,A
1A22_A_B,-0.4312531345396917,298.0,0.8339641094207764,0.1342833389802677,19,True,F,A
1A22_A_B,-0.39252609853081494,298.0,0.8339641094207764,0.1342833389802677,19,True,F,A
1A22_A_B,2.1770562631090558,298.0,-2.265431523323059,0.0131872979573719,24,True,R,A
1A22_A_B,1.7769862832883918,298.0,-0.6100871562957764,0.1690911202624688,21,True,E,A
1A22_A_B,0.17771794009516576,298.0,-2.0106943845748892,0.2893439060166816,12,False,N,A
1A22_A_B,0.07759319075721371,298.0,-0.011132240295410156,0.3561794462791887,9,False,T,A
1A22_A_B,0.0,298.0,-0.2597033977508545,0.6601271817365019,10,True,Q,A
1A22_A_B,-0.12259695408649729,298.0,-0.6310417652130127,0.3951131864329282,12,True,E,A
1A22_A_B,0.5771212306556589,298.0,-4.2356040477752686,0.1227545459438912,20,True,W,A
1A22_A_B,0.0,298.0,-4.992166638374329,0.3296279223394492,13,False,W,A
1A22_A_B,-0.12259695408649729,298.0,0.025357961654663086,0.3166131855182714,12,True,S,A
1A22_A_B,-0.2223193050485716,298.0,-0.8490047454833984,0.0267030935523951,21,True,S,A
1A22_A_B,1.7769862832883918,298.0,-0.3003392219543457,0.006143468069833,25,True,I,A
1A22_A_B,1.9775019715266127,298.0,-3.5360718965530396,0.1209000321493904,17,True,I,A
1A22_A_B,0.0,298.0,-2.3246974945068364,0.0032473260665828,18,True,C,A
1A22_A_B,-0.2223193050485716,298.0,-3.111625313758851,0.2391315672379173,16,True,E,A
1A22_A_B,0.07759319075721371,298.0,-1.0393297672271729,0.2243637651997982,20,True,K,A
1A22_A_B,0.0,298.0,-2.8126233220100403,0.015209366119814,22,True,C,A
1A22_A_B,0.17771794009516576,298.0,-2.1670353412628174,0.0134475406244215,20,True,S,A
1A22_A_B,0.9774513929763425,298.0,-3.063741445541382,0.0613147549111536,20,True,D,A
1A22_A_B,0.9774513929763425,298.0,-4.893780678510666,0.1740071549930512,18,True,E,A
1A22_A_B,1.5753702441579382,298.0,-1.2033973932266235,0.0281537786376515,17,True,D,A
1A22_A_B,2.1770562631090558,298.0,-4.323034107685089,0.162896623769617,17,True,I,A
1A22_A_B,0.0,298.0,0.7126574516296387,0.4306324760042578,13,True,Q,A
1A22_A_B,0.0,298.0,-0.9376695156097417,0.3941441046018986,15,True,K,A
1A22_A_B,-0.7229296006105953,298.0,-0.0838785171508789,0.2022587986621273,20,True,V,A
1A22_A_B,0.17771794009516576,298.0,-0.947288990020752,0.4326796423462168,8,False,T,A
1A22_A_B,-0.12259695408649729,298.0,-1.1604814529418943,0.2515864022255492,18,False,T,A
1A22_A_B,0.8773864634952826,298.0,-0.4861011505126953,0.0507075228945722,24,False,Q,A
1A22_A_B,0.17771794009516576,298.0,-2.4272310733795166,0.2165434266789329,18,True,R,A
1A22_A_B,0.27832988540695686,298.0,-4.7038712203502655,0.1102001059023597,21,True,N,A
1A22_A_B,-0.05470224910387513,298.0,-2.0303516387939453,0.6753893735527139,4,False,P,A
1A22_A_B,-0.05470224910387513,298.0,-0.21877312660217285,0.7180876288575928,6,False,T,A
1A22_A_B,0.41047252261649486,298.0,0.992081880569458,0.6694450984179816,8,False,I,A
1A22_A_B,0.43603850743090267,298.0,-3.836379587650299,0.6432222864403642,11,False,P,A
1A22_A_B,0.638856703952338,298.0,-4.841046988964082,0.1153204086614388,19,False,L,A
1A22_A_B,0.3461410097595652,298.0,-0.2542116641998291,0.2910857944501175,13,False,S,A
1A22_A_B,0.20420994022383326,298.0,0.3317313194274898,0.7101633826521778,10,False,R,A
1A22_A_B,-0.03590109308323292,298.0,-3.7115139961242676,0.2387432222308043,17,False,L,A
1A22_A_B,1.049329226568833,298.0,-3.6581515073776254,0.0,21,False,F,A
1A22_A_B,0.09624154412630512,298.0,-0.8415627479553223,0.2063709518627675,14,False,N,A
1A22_A_B,0.46849521464290916,298.0,-2.4906492233276367,0.1113519893122376,20,False,M,A
1A22_A_B,0.15268296238859794,298.0,1.4948444366455078,0.5958366207766477,11,False,L,A
1A22_A_B,0.24011103330706618,298.0,0.40564727783203125,0.1812138433489405,21,False,R,A
1A22_A_B,-0.2062625823926616,298.0,-0.0799870491027832,0.123620458599489,18,True,H,A
1A22_A_B,0.050073758276997164,298.0,-0.8607923984527588,0.2742225630997605,19,False,R,A
1A22_A_B,0.878967737259404,298.0,-0.9497358798980715,0.1343514060347355,19,False,F,A
1A22_A_B,0.11086418021893657,298.0,-1.15694260597229,0.0104141275997573,21,False,S,A
1A22_A_B,0.8381110782466282,298.0,-2.933794617652893,0.1971025918453773,19,True,E,A
1A22_A_B,0.20420994022383326,298.0,-1.7479861974716189,0.4724614783264319,14,False,S,A
1A22_A_B,1.6590561234796182,298.0,-5.517588801681995,0.0123817249051318,21,False,I,A
1A22_A_B,0.3837528021724659,298.0,-4.5670047253370285,0.3840084830074661,12,False,P,A
1A22_A_B,0.638856703952338,298.0,-0.9958975315093994,0.1457744761707761,17,True,S,A
1A22_A_B,0.7059684410370903,298.0,-5.2870433032512665,0.1326397486914821,20,True,N,A
1A22_A_B,1.8004321914069659,298.0,-0.6679837703704834,0.2073775356672871,23,True,R,A
1A22_A_B,-0.31423097849018977,298.0,-1.1877987384796143,0.4846926230235292,11,True,E,A
1A22_A_B,0.43603850743090267,298.0,-3.6507475674152374,0.2966886311073245,12,False,E,A
1A22_A_B,0.9869361333569323,298.0,-1.6095986366271973,0.1939074452952451,16,True,Q,A
1A22_A_B,-0.05470224910387513,298.0,-0.02280139923095703,0.6739909095985851,9,False,Q,A
1A22_A_B,0.5213367028354314,298.0,-4.124328076839447,0.287218845660706,18,False,K,A
1A22_A_B,0.41047252261649486,298.0,-5.288900479674339,0.3780198701995403,12,False,S,A
1A22_A_B,-0.2062625823926616,298.0,-3.971096158027649,0.1669740053594525,16,False,L,A
1A22_A_B,-0.15886235765356702,298.0,-1.9336079359054565,0.0952852699118693,24,True,R,A
1A22_A_B,0.050073758276997164,298.0,-2.3684346675872803,0.0254298447343707,24,True,K,A
1A22_A_B,1.157297622666361,298.0,-0.3477256298065181,0.0465999354575146,22,True,D,A
1A22_A_B,1.542566908824538,298.0,-2.2185268402099614,0.0484401024687262,25,True,K,A
1A22_A_B,-0.8950649904161133,298.0,0.5189821720123291,0.1070444477240689,26,True,E,A
1A22_A_B,1.68995983101726,298.0,-2.174079298973084,0.0370104706823938,26,True,T,S
1A22_A_B,1.6375196892804935,298.0,-2.6293210983276367,0.0004279012622318,26,False,F,A
1A22_A_B,1.26936421278632,298.0,-1.8010712265968323,0.1340808914566766,25,True,R,N
1A22_A_B,0.5894792263820106,298.0,-4.469618141651154,0.0009187172381562,24,True,I,A
1A22_A_B,0.0,298.0,-5.028181225061417,0.0005337214121073,26,False,V,A
1A22_A_B,0.2739594842214708,298.0,1.3705203533172607,0.0332824676080003,23,False,Q,A
1A22_A_B,1.0189540212285182,298.0,-2.832062751054764,0.1325049166052408,21,True,C,A
1A22_A_B,0.43603850743090267,298.0,-3.392228603363037,0.3756528532856684,16,False,R,A
1A22_A_B,-0.05470224910387513,298.0,-0.3532590866088867,0.2078894248260899,18,False,S,A
1A22_A_B,0.878967737259404,298.0,-4.216896250844002,0.1129315966397575,17,False,V,A
1A22_A_B,-0.1365130383950241,298.0,-0.8971551656723022,0.7745680299403616,9,False,E,A
1A22_A_B,0.3461410097595652,298.0,-2.973522901535034,0.3120928305875228,8,False,G,A
1A22_A_B,-0.2062625823926616,298.0,-0.39499735832214333,0.2443951046661944,16,False,S,A
1A22_A_B,0.19174239187987208,298.0,1.1687204837799072,0.9370580255210232,5,False,F,A
1A22_A_B,0.31627653034379216,298.0,-3.2664057686924934,0.0123817249051318,21,False,I,L
1A22_A_B,-0.31423097849018977,298.0,0.9544634819030762,0.2073775356672871,23,True,R,K
1A22_A_B,1.26936421278632,298.0,-0.6892857551574707,0.0004279012622318,26,False,F,Y
1A22_A_B,0.9530876824425276,298.0,-2.8688655495643616,0.1340808914566766,25,True,R,K
1BP3_A_B,0.0,298.0,-4.2976797223091125,0.0006543177428899,20,False,F,A
1BP3_A_B,-0.29655245156935917,298.0,-1.1630628108978267,0.2031630129782533,14,False,N,A
1BP3_A_B,0.0,298.0,0.09789252281188965,0.5918048923645822,11,False,L,A
1BP3_A_B,0.0,298.0,0.6824896335601807,0.2116450966812224,20,False,R,A
1BP3_A_B,2.9107900251628185,298.0,-0.9767317771911621,0.2894287098917155,18,True,H,A
1BP3_A_B,0.0,298.0,-1.2531447410583496,0.3295117969829428,17,False,R,A
1BP3_A_B,2.670678991855752,298.0,1.1657392978668213,0.0039061661377785,21,True,H,A
1BP3_A_B,1.149772913128874,298.0,-0.7858099937438965,0.2029713157888814,17,True,F,A
1BP3_A_B,0.38292398933906363,298.0,0.04514586925506592,0.2689564996420199,17,False,D,E
1BP3_A_B,0.2094209188007027,298.0,-1.8819230794906616,0.0820575252410514,18,False,F,A
1BP3_A_B,0.24606270825667373,298.0,-0.3878920078277588,0.0026147108732337,21,False,S,A
1BP3_A_B,-0.11883451147419341,298.0,-2.2481496334075928,0.434088200656926,15,False,E,A
1BP3_A_B,0.034844559934469256,298.0,0.00315093994140625,0.3727628436642191,14,False,S,A
1BP3_A_B,1.728349744696348,298.0,-4.577562153339386,0.01483064687069,19,False,I,A
1BP3_A_B,0.15674740300266937,298.0,0.14269399642944292,0.4718780400278414,12,False,P,A
1BP3_A_B,1.415087182894258,298.0,-0.9400286674499512,0.2736639452162294,14,True,S,A
1BP3_A_B,0.855789605167459,298.0,-1.9988384246826172,0.1827151436409271,15,True,N,A
1BP3_A_B,0.35403110435420193,298.0,-0.5941081047058101,0.2909895036403884,17,True,R,A
1BP3_A_B,0.5461933379197206,298.0,-1.4658727645874026,0.418120427558285,10,True,E,A
1BP3_A_B,0.06775228519782786,298.0,-2.0063639879226685,0.2744164273234957,11,False,E,A
1BP3_A_B,0.11392007104713571,298.0,-1.0350289344787598,0.2273650935420701,14,True,Q,A
1BP3_A_B,-0.21378729193014856,298.0,0.26451754570007324,0.6072865342490599,11,False,Q,A
1BP3_A_B,0.24606270825667373,298.0,-1.0257105827331543,0.2161862226059126,20,False,K,A
1BP3_A_B,0.6135598337405166,298.0,-3.354170322418213,0.3538101003454793,14,False,S,A
1BP3_A_B,0.35403110435420193,298.0,-1.3918237686157227,0.1920148629427395,17,False,L,A
1BP3_A_B,0.2094209188007027,298.0,0.19237685203552202,0.0,24,False,Y,A
1BP3_A_B,0.44531708255096414,298.0,-1.3964476585388184,0.0063596884867608,21,True,Y,A
1BP3_A_B,3.9262708008172464,298.0,-3.138500690460205,0.0858956545561867,22,True,R,A
1BP3_A_B,1.7273797417394183,298.0,-1.983176350593567,0.1234078409982252,22,True,K,A
1BP3_A_B,0.06775228519782786,298.0,-1.2108409404754639,0.0210637611169719,21,True,D,A
1BP3_A_B,3.1891199105697754,298.0,-3.1077996492385864,0.0465510172035705,23,True,K,A
1BP3_A_B,3.491624037088742,298.0,-0.23236465454101518,0.0986683338313079,21,True,E,A
1BP3_A_B,0.49401738832331615,298.0,-0.4624669551849365,0.1008329100252829,25,True,T,S
1BP3_A_B,1.9097535429787433,298.0,-0.9288268089294434,0.0,24,False,F,A
1BP3_A_B,1.149772913128874,298.0,-3.3458800315856934,0.063554336943162,22,True,R,A
1BP3_A_B,0.35403110435420193,298.0,-3.429213285446167,3.228160252841243e-05,19,True,I,A
1BP3_A_B,-0.16440981435982113,298.0,-1.893617868423462,3.228160252841243e-05,19,True,I,M
1BP3_A_B,-0.29655245156935917,298.0,-5.210205048322678,0.0003229181692612,24,False,V,A
1BP3_A_B,0.0,298.0,0.7724089622497554,0.0601386065376744,23,False,Q,A
1BP3_A_B,0.5672199256191642,298.0,-2.37581217288971,0.2924351520712507,16,True,R,A
1BP3_A_B,-0.11883451147419341,298.0,-0.49527668952941895,0.1770078453877363,16,False,S,A
1BP3_A_B,0.2805687790862998,298.0,-1.3668662309646606,0.1327786567342177,16,False,V,A
1BP3_A_B,0.0,298.0,-0.7607800960540771,0.707869159319676,8,False,E,A
1BP3_A_B,0.0,298.0,-0.926865816116333,0.5565307235666841,9,False,G,A
1BP3_A_B,-0.29655245156935917,298.0,-0.1443548202514653,0.5704825094849677,12,True,S,A
1BP3_A_B,0.18658679667202122,298.0,-0.9767317771911621,0.2894287098917155,18,True,H,A
1BP3_A_B,-0.17771794009516576,298.0,1.1657392978668213,0.0039061661377785,21,True,H,A
1BP3_A_B,1.7848988430521826,298.0,-4.577562153339386,0.01483064687069,19,False,I,A
1BP3_A_B,2.12089241066989,298.0,-3.138500690460205,0.0858956545561867,22,True,R,A
1BP3_A_B,2.021409946289478,298.0,-3.1077996492385864,0.0465510172035705,23,True,K,A
1BP3_A_B,0.17036148930942865,298.0,-0.23236465454101518,0.0986683338313079,21,True,E,A
1BP3_A_B,1.944394216984946,298.0,-0.9288268089294434,0.0,24,False,F,A
3MZG_A_B,0.20420994022383337,298.0,1.9393632411956794,0.656196252557274,9,False,H,A
3MZG_A_B,0.037413703542413246,298.0,1.9393632411956794,0.656196252557274,9,False,H,A
3MZG_A_B,0.09892720257432983,298.0,1.9393632411956794,0.656196252557274,9,False,H,A
3MZG_A_B,0.15339583013921898,298.0,1.9393632411956794,0.656196252557274,9,False,H,A
3MZG_A_B,0.1779606892983189,298.0,1.9393632411956794,0.656196252557274,9,False,H,A
3MZG_A_B,0.1668090691015152,298.0,1.9393632411956794,0.656196252557274,9,False,H,A
3MZG_A_B,0.03384845091440465,298.0,-1.797051191329956,0.1454092799412603,21,False,H,A
3MZG_A_B,0.5678183962843505,298.0,-1.797051191329956,0.1454092799412603,21,False,H,A
3MZG_A_B,0.5621242497896822,298.0,-1.797051191329956,0.1454092799412603,21,False,H,A
3MZG_A_B,0.6045124918764546,298.0,-1.797051191329956,0.1454092799412603,21,False,H,A
3MZG_A_B,0.423440632207519,298.0,-1.797051191329956,0.1454092799412603,21,False,H,A
3MZG_A_B,0.25962012327071554,298.0,-1.797051191329956,0.1454092799412603,21,False,H,A
3MZG_A_B,-0.06239309321190053,298.0,-3.1928083896636963,0.1307332860377059,17,False,H,A
3MZG_A_B,0.010210367985511842,298.0,-3.1928083896636963,0.1307332860377059,17,False,H,A
3MZG_A_B,0.033060863788339306,298.0,-3.1928083896636963,0.1307332860377059,17,False,H,A
3MZG_A_B,0.1904581841099214,298.0,-3.1928083896636963,0.1307332860377059,17,False,H,A
3MZG_A_B,0.2032987434402695,298.0,-3.1928083896636963,0.1307332860377059,17,False,H,A
3MZG_A_B,0.10131987925479836,298.0,-3.1928083896636963,0.1307332860377059,17,False,H,A
3MZG_A_B,-0.3967001187916693,298.0,-1.683967113494873,0.14921030976846,13,False,H,A
3MZG_A_B,-0.46153155362943515,298.0,-1.683967113494873,0.14921030976846,13,False,H,A
3MZG_A_B,-0.15268296238859802,298.0,-1.683967113494873,0.14921030976846,13,False,H,A
3MZG_A_B,0.05741670533222096,298.0,-1.683967113494873,0.14921030976846,13,False,H,A
3MZG_A_B,0.16817225697212493,298.0,-1.683967113494873,0.14921030976846,13,False,H,A
3MZG_A_B,0.09892720257432992,298.0,-1.683967113494873,0.14921030976846,13,False,H,A
3MZG_A_B,0.12513442911116684,298.0,-1.4948394298553467,0.0795869791711173,23,True,H,A
3MZG_A_B,1.0903575090208044,298.0,-1.4948394298553467,0.0795869791711173,23,True,H,A
3MZG_A_B,1.216352042892593,298.0,-1.4948394298553467,0.0795869791711173,23,True,H,A
3MZG_A_B,1.2076131558348775,298.0,-1.4948394298553467,0.0795869791711173,23,True,H,A
3MZG_A_B,1.0327092393963728,298.0,-1.4948394298553467,0.0795869791711173,23,True,H,A
3MZG_A_B,0.867254485591477,298.0,-1.4948394298553467,0.0795869791711173,23,True,H,A
3MZG_A_B,-0.2610181511103023,298.0,-2.6728909015655518,0.2902039855981684,14,False,H,A
3MZG_A_B,0.36588749867869125,298.0,-2.6728909015655518,0.2902039855981684,14,False,H,A
3MZG_A_B,0.6838652047560541,298.0,-2.6728909015655518,0.2902039855981684,14,False,H,A
3MZG_A_B,0.6898639918263573,298.0,-2.6728909015655518,0.2902039855981684,14,False,H,A
3MZG_A_B,-0.09128597819676212,298.0,1.3861804008483887,0.2213294161121035,19,True,H,A
3MZG_A_B,-0.14763472973907876,298.0,1.3861804008483887,0.2213294161121035,19,True,H,A
3MZG_A_B,-0.37457142953326206,298.0,1.3861804008483887,0.2213294161121035,19,True,H,A
3MZG_A_B,-0.19866248351757923,298.0,1.3861804008483887,0.2213294161121035,19,True,H,A
3MZG_A_B,-0.16780344354863405,298.0,1.3861804008483887,0.2213294161121035,19,True,H,A
3MZG_A_B,-0.07651746535187183,298.0,1.3861804008483887,0.2213294161121035,19,True,H,A
3MZG_A_B,0.1264757358517611,298.0,1.3861804008483887,0.2213294161121035,19,True,H,A
3MZG_A_B,0.12296126457033416,298.0,1.3861804008483887,0.2213294161121035,19,True,H,A
3MZG_A_B,0.2916380111423016,298.0,1.3861804008483887,0.2213294161121035,19,True,H,A
3MZG_A_B,0.3236558990138876,298.0,1.3861804008483887,0.2213294161121035,19,True,H,A
3MZG_A_B,-0.6859667122324017,298.0,0.4887096881866455,0.0192828398813426,24,True,H,A
3MZG_A_B,0.7337572610586583,298.0,0.4887096881866455,0.0192828398813426,24,True,H,A
3MZG_A_B,1.6689743456539297,298.0,0.4887096881866455,0.0192828398813426,24,True,H,A
3MZG_A_B,1.4443647295833233,298.0,0.4887096881866455,0.0192828398813426,24,True,H,A
3MZG_A_B,1.4808545682715797,298.0,0.4887096881866455,0.0192828398813426,24,True,H,A
3MZG_A_B,1.8207061518132373,298.0,0.4887096881866455,0.0192828398813426,24,True,H,A
3MZG_A_B,1.6293401853076444,298.0,0.4887096881866455,0.0192828398813426,24,True,H,A
3MZG_A_B,1.6141792623884277,298.0,0.4887096881866455,0.0192828398813426,24,True,H,A
3MZG_A_B,1.5347214064046388,298.0,0.4887096881866455,0.0192828398813426,24,True,H,A
3MZG_A_B,-0.8740121713298612,298.0,-2.8708804845809937,0.0208517675057265,23,True,H,A
3MZG_A_B,-0.29696963134906396,298.0,-2.8708804845809937,0.0208517675057265,23,True,H,A
3MZG_A_B,-0.22188846714466404,298.0,-2.8708804845809937,0.0208517675057265,23,True,H,A
3MZG_A_B,0.09043939238738968,298.0,-2.8708804845809937,0.0208517675057265,23,True,H,A
3MZG_A_B,0.2869193672694495,298.0,-2.8708804845809937,0.0208517675057265,23,True,H,A
3MZG_A_B,0.2805687790862999,298.0,-2.8708804845809937,0.0208517675057265,23,True,H,A
3MZG_A_B,0.28533809350532807,298.0,-2.8708804845809937,0.0208517675057265,23,True,H,A
3MZG_A_B,0.36307229787740025,298.0,-2.8708804845809937,0.0208517675057265,23,True,H,A
3MZG_A_B,0.3829239893390637,298.0,-2.8708804845809937,0.0208517675057265,23,True,H,A
3MZG_A_B,0.3236558990138876,298.0,-2.8708804845809937,0.0208517675057265,23,True,H,A
3MZG_A_B,-0.4471143120724659,298.0,-4.472274512052536,0.0923592406197475,18,True,H,A
3MZG_A_B,1.0563374346672039,298.0,-4.472274512052536,0.0923592406197475,18,True,H,A
3MZG_A_B,2.0342198080721627,298.0,-4.472274512052536,0.0923592406197475,18,True,H,A
3MZG_A_B,1.9272663784743875,298.0,-4.472274512052536,0.0923592406197475,18,True,H,A
3MZG_A_B,2.09321927209525,298.0,-4.472274512052536,0.0923592406197475,18,True,H,A
3MZG_A_B,2.4414610522025155,298.0,-4.472274512052536,0.0923592406197475,18,True,H,A
3MZG_A_B,2.2916129097949827,298.0,-4.472274512052536,0.0923592406197475,18,True,H,A
3MZG_A_B,2.341851123959868,298.0,-4.472274512052536,0.0923592406197475,18,True,H,A
3MZG_A_B,2.2488956023037225,298.0,-4.472274512052536,0.0923592406197475,18,True,H,A
3MZG_A_B,0.26765956658449747,298.0,0.4887096881866455,0.0192828398813426,24,True,H,A
3MZG_A_B,0.7762032212644027,298.0,0.4887096881866455,0.0192828398813426,24,True,H,A
3MZG_A_B,1.0548551143117513,298.0,0.4887096881866455,0.0192828398813426,24,True,H,A
3MZG_A_B,1.7116396344636169,298.0,0.4887096881866455,0.0192828398813426,24,True,H,A
3MZG_A_B,2.036777853832957,298.0,0.4887096881866455,0.0192828398813426,24,True,H,A
3MZG_A_B,2.202183777212843,298.0,0.4887096881866455,0.0192828398813426,24,True,H,A
3MZG_A_B,2.0326511007368167,298.0,0.4887096881866455,0.0192828398813426,24,True,H,A
3MZG_A_B,2.454231788164516,298.0,0.4887096881866455,0.0192828398813426,24,True,H,A
3MZG_A_B,2.2719333212104806,298.0,0.4887096881866455,0.0192828398813426,24,True,H,A
3MZG_A_B,2.2108289916689303,298.0,0.4887096881866455,0.0192828398813426,24,True,H,A
1F47_A_B,0.6911964665596501,298.0,-3.3434087336063385,0.4986815426540259,10,True,D,A
1F47_A_B,0.868977610312787,298.0,-3.973605751991272,0.2480919666630295,16,True,Y,A
1F47_A_B,0.9250167083082733,298.0,-4.7972812950611115,0.1336332889989299,20,True,L,A
1F47_A_B,1.7328822523963323,298.0,-4.815341621637344,0.2874781041236428,12,True,D,A
1F47_A_B,2.5151184275678347,298.0,-5.152453362941742,0.0419561529260033,18,True,I,A
1F47_A_B,-0.057539076913541876,298.0,-1.828467845916748,0.4397098795237187,7,False,P,A
1F47_A_B,2.4443876295382254,298.0,-4.307609647512436,0.0655377602998243,20,True,F,A
1F47_A_B,2.2942985682430073,298.0,-5.164481967687607,0.0932032318995447,15,True,L,A
1F47_A_B,-0.04262174727275364,298.0,-1.4323652982711792,0.6277995109382368,9,False,K,A
1F47_A_B,-0.045575302885627694,298.0,0.383750319480896,0.306078824065871,14,True,Q,A
1F47_A_B,2.0639366624021465,298.0,-3.894259124994278,0.2874781041236428,12,True,D,S
1F47_A_B,1.138831508619465,298.0,-5.086290031671524,0.2874781041236428,12,True,D,G
1FCC_A_C,0.24011103330706618,298.0,0.016252994537353516,0.1635140982216553,17,True,T,A
1FCC_A_C,4.935799901522068,298.0,-1.7371470928192134,0.0054799688259486,26,True,E,A
1FCC_A_C,1.2555918089614944,298.0,-2.382591962814331,0.0480775136015898,21,True,K,A
1FCC_A_C,3.4759981523367394,298.0,1.6508371829986572,0.0124657845993924,24,True,K,A
1FCC_A_C,2.364048112240645,298.0,-2.682751774787903,0.1667012477771,15,True,N,A
1FCC_A_C,0.2721289211786522,298.0,-1.1300897598266602,0.3744527971080365,15,True,D,A
1FCC_A_C,0.38526928615817724,298.0,-1.7537138462066653,0.4407161136948357,14,True,E,A
1FCC_A_C,3.7714940707573352,298.0,-2.1791558265686035,0.0350600628498857,21,True,W,A
1GC1_G_C,0.062393093211900494,298.0,-1.14469575881958,0.6702984079136889,9,False,K,A
1GC1_G_C,-0.01668241790076606,298.0,-2.2755551338195805,0.5027874141525701,11,False,K,A
1GC1_G_C,0.9974432389179337,298.0,-4.21710067987442,0.2719487291791705,16,False,K,A
1GC1_G_C,0.10522042516743405,298.0,-2.7396950125694275,0.3329754981776511,19,False,K,A
1GC1_G_C,0.0,298.0,-1.1643962860107422,0.3333543040884887,12,False,D,A
1GC1_G_C,0.0,298.0,-4.127741694450378,0.4802266291028705,13,False,T,A
1GC1_G_C,0.32192182259821517,298.0,-0.9083199501037602,0.4767145175845556,14,False,T,A
1GC1_G_C,-0.12804444318710723,298.0,-2.01971697807312,0.35679871363268,17,False,T,A
1GC1_G_C,0.0,298.0,-0.3102519512176518,0.3485034970597805,11,False,S,A
1GC1_G_C,-0.01668241790076606,298.0,-0.550737857818604,0.6685198385529081,6,False,Q,A
1GC1_G_C,-0.12804444318710723,298.0,-1.9922486543655396,0.2631516808089043,13,False,K,A
1GC1_G_C,0.2401110333070663,298.0,-2.334709882736206,0.4071040645051532,10,False,K,A
1GC1_G_C,0.2925511750438329,298.0,1.0081343650817869,0.3058866626675718,19,False,S,A
1GC1_G_C,0.032017887871586014,298.0,-0.24086761474609375,0.2107914282176905,20,True,Q,A
1GC1_G_C,0.28242807942938764,298.0,1.5251460075378418,0.1322887809409663,23,True,H,A
1GC1_G_C,0.5359984801206348,298.0,-2.2436177730560303,0.0056594273897517,25,True,K,A
1GC1_G_C,0.17036148930942865,298.0,-4.928377449512482,0.0926098443693126,20,False,N,A
1GC1_G_C,0.10522042516743405,298.0,-1.738316535949707,0.4718195624285833,12,False,S,A
1GC1_G_C,0.1825719563935244,298.0,-1.6797624826431274,0.4542853096188476,12,True,N,A
1GC1_G_C,0.10522042516743405,298.0,-0.7823071479797363,0.3354399524916819,17,True,Q,A
1GC1_G_C,0.32192182259821517,298.0,-1.403677225112915,0.1132941932443766,24,True,K,A
1GC1_G_C,0.4654166286454389,298.0,-4.370485782623291,0.0305903946838521,23,False,N,A
1GC1_G_C,-0.41047252261649486,298.0,2.1934841871261597,0.0983068658427087,25,True,Q,A
1GC1_G_C,0.0,298.0,-1.0438111722469332,0.05149557471424,24,True,S,A
1GC1_G_C,1.0555473255802814,298.0,-1.8426213264465332,0.0248770319145999,23,True,L,A
1GC1_G_C,-0.148825055110304,298.0,0.5159056186676025,0.1871854823951193,25,True,T,A
1GC1_G_C,1.4303781258773653,298.0,-4.643683433532715,0.1200150077896105,24,True,K,A
1GC1_G_C,0.61090070635913,298.0,-3.8480967730283737,0.0520800641901841,22,False,S,A
1GC1_G_C,0.04740022473909465,298.0,-0.8427824974060059,0.5936538635271185,14,False,K,A
1GC1_G_C,1.233470210018313,298.0,-5.716226041316986,0.0484882053705783,24,False,L,A
1GC1_G_C,0.7080210832059186,298.0,-1.3537688255310059,0.1921259413945323,16,True,N,A
1GC1_G_C,0.3025041265189667,298.0,-1.5039676427841184,0.5561284892299251,11,False,D,A
1GC1_G_C,-0.06974954399763744,298.0,-1.0503318309783936,0.2682442537692149,20,False,D,A
1GC1_G_C,0.13214263720953795,298.0,-0.335613489151001,0.4325584151212732,15,False,R,A
1GC1_G_C,1.1753872476063394,298.0,-0.8642194271087646,0.2377520192641271,19,True,R,A
1GC1_G_C,-0.08855070001827973,298.0,-0.9549342393875124,0.2191797726681232,14,True,S,A
1GC1_G_C,-0.31918654441973265,298.0,-0.5771725177764893,0.2720991118320146,16,True,D,A
1GC1_G_C,0.4424904104880809,298.0,0.2610743045806885,0.3941648110702181,16,True,Q,A
1GC1_G_C,-0.03384845091440466,298.0,-1.6222825050354004,0.1061308206352471,18,False,N,A
1GC1_G_C,-0.01668241790076606,298.0,-1.1054141521453855,0.3223313730518789,14,False,K,A
1GC1_G_C,-0.10796839609752822,298.0,-3.27154141664505,0.3141284996341721,14,False,N,A
1GC1_G_C,0.15789394096546747,298.0,-1.2105660438537593,0.2810046877396925,17,False,K,A
1GC1_G_C,0.5620328559052814,298.0,-2.209959030151367,0.4668052129486565,12,False,E,A
1GC1_G_C,1.2900978797911207,298.0,-5.30277681350708,0.0101598794286609,24,False,Y,A
1GC1_G_C,1.3227035460462468,298.0,-1.7658152580261235,0.0645802530652064,18,False,E,A
1GC1_G_C,-0.06974954399763744,298.0,0.22881412506103516,0.0331825221638329,18,False,V,A
1GC1_G_C,0.21776171404852326,298.0,-1.091169595718384,0.464367377848287,10,False,E,A
1GC1_G_C,-0.06974954399763744,298.0,-1.4514573812484741,0.7140806231024378,6,False,D,A
1GC1_G_C,0.17036148930942865,298.0,0.14122867584228516,0.2171943888772536,13,False,Q,A
1GC1_G_C,0.04740022473909465,298.0,-2.1033567190170293,0.5572009375137467,10,False,K,A
1GC1_G_C,-0.12804444318710723,298.0,-1.4455480575561523,0.2570019856310707,19,False,E,A
1GC1_G_C,0.016225307362592645,298.0,-2.2414376735687256,0.2657139575744382,11,False,E,A
1GC1_G_C,-0.10796839609752822,298.0,-2.1153470277786255,0.2545632959277419,19,False,Q,A
1GC1_G_C,-0.3107865926189636,298.0,-0.5184271335601811,0.2171943888772536,13,False,Q,L
1JRH_LH_I,-0.02556598481440776,298.0,0.14041614532470703,0.3647686236138632,14,False,T,V
1JRH_LH_I,0.09956844429675919,298.0,-1.0667085647583008,0.0654421550678858,22,False,E,Q
1JRH_LH_I,0.5426151598260328,298.0,-3.847910165786743,0.1953559790171472,17,True,E,A
1JRH_LH_I,0.4346467637285045,298.0,-5.109794795513153,0.145143731731736,15,True,D,A
1JRH_LH_I,1.1084563032791503,298.0,0.508845329284668,0.208941448543572,18,True,Y,A
1JRH_LH_I,0.5808340119259237,298.0,-4.963561832904816,0.0080138860307204,24,False,Y,A
1JRH_LH_I,2.8184063883148074,298.0,-1.1669437885284428,0.0077109625706872,24,True,W,A
1JRH_LH_I,-0.650583555923561,298.0,-0.6842571496963501,0.0799167187804542,19,True,S,A
1JRH_LH_I,0.38526928615817724,298.0,-0.7030932903289795,0.09638755274362,21,True,T,A
1JRH_LH_I,1.6660643315779893,298.0,-2.0050039291381836,0.0309951549633962,27,False,W,A
1JRH_LH_I,1.4333097490566602,298.0,-1.0708539485931396,0.4709752294657779,11,True,Y,A
1JRH_LH_I,2.6862637511052694,298.0,-1.9585580825805664,0.0,20,True,W,A
1JRH_LH_I,2.4213171849672226,298.0,-0.9610564708709721,0.1288555410614759,18,True,W,A
1JRH_LH_I,1.8860993177954763,298.0,-5.3642390966415405,0.3831689306763632,15,True,D,A
1JRH_LH_I,1.6660643315779893,298.0,-3.371823310852051,0.302330737063426,11,False,D,A
1JRH_LH_I,1.85464838704982,298.0,-0.5692412853240967,0.2611307998690024,11,True,D,A
1JRH_LH_I,1.2555918089614944,298.0,-2.107901096343994,0.0985708103042734,22,True,Y,A
1JRH_LH_I,0.5426151598260328,298.0,-2.148374319076538,0.0258662887647063,24,False,R,A
1JRH_LH_I,0.0,298.0,-0.6029965877532959,0.5529633609160183,13,False,F,A
1JRH_LH_I,1.061056078540056,298.0,-1.5786885023117065,0.5113188427611968,12,True,Y,A
1JRH_LH_I,1.6977704602042596,298.0,-1.4668303728103638,0.000316771579257,28,True,H,A
1JRH_LH_I,-3.788176488658101,298.0,-1.6476025581359859,0.4114302136367721,13,True,E,P
1JRH_LH_I,3.577154136890102,298.0,-2.5338735580444336,0.0060613915237788,19,True,K,A
1JRH_LH_I,3.292328537291966,298.0,-3.524718761444092,0.0060613915237788,19,True,K,M
1JRH_LH_I,-0.29298542167309066,298.0,-0.2573347091674809,0.1317215214000771,19,False,N,A
1JRH_LH_I,0.3634148993754144,298.0,0.3737130165100093,0.1317215214000771,19,False,N,Q
1JRH_LH_I,3.399240400240731,298.0,-4.0045729875564575,0.0304395534883113,20,True,Y,A
1JRH_LH_I,0.7903533578311163,298.0,-0.8127356767654419,0.0304395534883113,20,True,Y,F
1JRH_LH_I,4.525327378905573,298.0,-5.579242400825024,0.002099581864704,17,True,G,A
1JRH_LH_I,1.8826861286762626,298.0,-3.2738293409347534,0.0431362950611719,20,True,V,A
1JRH_LH_I,2.983456750787704,298.0,-1.8222801685333256,0.1260162342150496,20,True,K,A
1JRH_LH_I,4.911625660410057,298.0,-1.7810342311859135,0.1260162342150496,20,True,K,M
1JRH_LH_I,3.8922481517333845,298.0,-1.206350564956665,0.0,23,True,N,A
1JRH_LH_I,0.2975485605894238,298.0,-1.4810574054718018,0.1629861666461416,18,True,S,A
1JRH_LH_I,-0.4348181388339692,298.0,-1.3300635814666748,0.4114302136367721,13,True,E,A
1JRH_LH_I,-0.6567845201518657,298.0,-5.4852195084095,0.1416026042063289,17,True,W,F
1JRH_LH_I,0.016225307362592645,298.0,-5.246300250291824,0.1416026042063289,17,True,W,Y
1JRH_LH_I,-0.39906830027613405,298.0,-3.1547751426696777,0.0475216755602009,20,False,N,A
1JRH_LH_I,4.52729805184833,298.0,-1.3973698616027832,0.1351227588051217,20,True,W,A
1JRH_LH_I,1.1084563032791503,298.0,2.679851770401001,0.1351227588051217,20,True,W,F
1JRH_LH_I,1.1350550582089605,298.0,3.6825615763664246,0.1351227588051217,20,True,W,Y
1JRH_LH_I,-0.24631199753537084,298.0,-5.328191041946411,0.0708281236701131,20,True,R,A
1JRH_LH_I,-0.0426217472727537,298.0,-1.1110448837280273,0.4372342823210711,13,True,K,A
1JRH_LH_I,3.850569581870001,298.0,-2.5338735580444336,0.0060613915237788,19,True,K,A
1JRH_LH_I,0.633901138022795,298.0,-0.2573347091674809,0.1317215214000771,19,False,N,A
1JRH_LH_I,0.7055276619525052,298.0,0.3737130165100093,0.1317215214000771,19,False,N,Q
1JRH_LH_I,3.6550048561022552,298.0,-4.0045729875564575,0.0304395534883113,20,True,Y,A
1JRH_LH_I,1.0272076276256512,298.0,-0.8127356767654419,0.0304395534883113,20,True,Y,F
1JRH_LH_I,4.37514720495954,298.0,-5.579242400825024,0.002099581864704,17,True,G,A
1JRH_LH_I,1.4756267951789817,298.0,-3.2738293409347534,0.0431362950611719,20,True,V,A
1JRH_LH_I,3.788176488658101,298.0,-1.8222801685333256,0.1260162342150496,20,True,K,A
1JRH_LH_I,4.707415720186225,298.0,-1.206350564956665,0.0,23,True,N,A
1JRH_LH_I,0.4578727473555895,298.0,-1.4810574054718018,0.1629861666461416,18,True,S,A
1JRH_LH_I,-0.6967513417728689,298.0,-1.3300635814666748,0.4114302136367721,13,True,E,A
1JRH_LH_I,0.15156033328878646,298.0,-5.4852195084095,0.1416026042063289,17,True,W,F
1JRH_LH_I,0.5808340119259237,298.0,-5.246300250291824,0.1416026042063289,17,True,W,Y
1JRH_LH_I,0.0,298.0,-3.1547751426696777,0.0475216755602009,20,False,N,A
1JRH_LH_I,4.330791648484134,298.0,-1.3973698616027832,0.1351227588051217,20,True,W,A
1JRH_LH_I,1.0969571716232889,298.0,2.679851770401001,0.1351227588051217,20,True,W,F
1JRH_LH_I,1.2405989404886884,298.0,3.6825615763664246,0.1351227588051217,20,True,W,Y
1JRH_LH_I,1.0315460109325754,298.0,-5.328191041946411,0.0708281236701131,20,True,R,A
1JRH_LH_I,0.6668088632861536,298.0,-1.1110448837280273,0.4372342823210711,13,True,K,A
1DAN_HL_UT,1.5597118430475414,310.0,-4.786441966891289,0.1286560323412982,18,True,W,A
1DAN_HL_UT,-0.13156871850350985,310.0,0.2682385444641109,0.0902323772259734,21,True,S,A
1DAN_HL_UT,-0.1932234433384246,310.0,-5.050430774688721,0.13475395029197,17,False,V,A
1DAN_HL_UT,-0.13156871850350985,310.0,-1.7034447193145752,0.4432448227143879,13,True,Y,A
1DAN_HL_UT,1.1494361339573633,310.0,-1.8659205436706545,0.0068491439729495,21,True,F,A
1DAN_HL_UT,0.6526202933285491,310.0,-2.4496572017669678,0.2436503207508972,14,False,Y,A
1DAN_HL_UT,-0.1932234433384246,310.0,-2.446607440710068,0.2561758927431225,15,True,P,A
1DAN_HL_UT,0.32409076917137963,310.0,-4.628197193145752,0.0147209896699078,19,True,Y,A
1DAN_HL_UT,-0.13156871850350985,310.0,-5.170234516263008,0.0,27,False,V,A
1DAN_HL_UT,0.7580532868908322,310.0,-2.774184465408325,0.0199653729411653,20,True,Q,A
1DAN_HL_UT,-0.13156871850350985,310.0,-5.215469270944595,0.02477554200024,22,False,I,A
1DAN_HL_UT,0.06727038009418779,310.0,-3.033844828605652,0.2098368141916291,15,True,G,A
1DAN_HL_UT,0.9573695606603355,310.0,-1.8236017227172852,0.0609060316233767,21,True,K,A
1DAN_HL_UT,2.31259987195663,310.0,-5.286051273345947,0.0243437294785238,24,False,T,A
1DAN_HL_UT,1.4348348383549392,310.0,-4.470426559448242,0.4386364914369818,14,True,D,A
1DAN_HL_UT,0.7436646564351227,296.0,-3.887579560279846,0.1379385572600363,18,True,R,A
1DAN_HL_UT,0.739157260696447,296.0,-1.0240335464477535,0.0575882280529129,20,True,M,A
1DAN_HL_UT,-0.18533453629167207,296.0,1.1570739746093746,0.5573587995104142,18,False,K,A
1DAN_HL_UT,0.015686590035778672,296.0,-2.0888121128082275,0.3527469108223858,19,False,L,A
1DAN_HL_UT,2.4375104375085472,298.0,-3.5952802896499634,0.0614803207381522,25,True,K,A
1DAN_HL_UT,2.1440475045127787,298.0,-4.470426559448242,0.4386364914369818,14,True,D,A
1DAN_HL_UT,2.3700341656798734,298.0,-4.786441966891289,0.1286560323412982,18,True,W,A
1DAN_HL_UT,0.8944073705008919,298.0,-2.82164466381073,0.2177639710011914,16,True,K,A
1DAN_HL_UT,1.3048798931173866,298.0,-3.3672887086868286,0.0625592758692454,24,True,Q,A
1DAN_HL_UT,0.985693348697654,298.0,-4.789405941963196,0.2414390466290807,16,True,R,A
1DAN_HL_UT,2.214461307326896,298.0,-4.472312033176422,0.2077553514303964,18,True,F,A
1DAN_HL_UT,1.5691651675364626,298.0,-5.23084980994463,0.0263498093684421,23,True,V,A
1DAN_HL_UT,-0.1297485786733398,298.0,-3.6623000055551524,0.070557602663437,19,False,S,A
1DAN_HL_UT,0.0,298.0,-5.026617377996445,0.0,25,False,L,A
1DAN_HL_UT,0.24193595516053304,298.0,-2.6687276363372807,0.1344214681423719,18,True,D,A
1DAN_HL_UT,0.0,298.0,-2.762118101119995,0.0480487401853798,19,False,E,A
1DAN_HL_UT,0.0,298.0,-3.037729263305664,0.0,25,False,I,A
1DAN_HL_UT,0.0,298.0,-3.2023611068725586,0.1172124649195627,21,False,V,A
1DAN_HL_UT,0.0,298.0,1.3097501397132874,0.3114499689717394,17,False,Q,A
1DAN_HL_UT,-0.05980944393523222,298.0,-2.4190268516540527,0.152124271563532,16,False,L,A
1DAN_HL_UT,-0.05980944393523222,298.0,-4.456921100616455,0.2763696309242943,17,False,E,A
1DAN_HL_UT,-0.05980944393523222,298.0,-5.510976038873196,0.0024629700436655,26,False,T,A
1DAN_HL_UT,0.0,298.0,-0.6869302988052366,0.3235836285178854,17,False,N,A
1DAN_HL_UT,0.0,298.0,-0.9208378791809082,0.3720842046898218,20,True,R,A
1DAN_HL_UT,0.0,298.0,-5.621887780725957,0.0,26,False,T,A
1DAN_HL_UT,-0.05980944393523222,298.0,-0.8346917629241943,0.5204504748115402,10,False,R,A
1DAN_HL_UT,0.0,298.0,-2.8452556133270264,0.5965437519975573,7,True,N,A
1DAN_HL_UT,0.199450170848496,298.0,-5.645967625081539,0.1390727026734158,22,False,V,A
1DAN_HL_UT,-0.05980944393523222,298.0,-3.632028102874756,0.0171421502721772,18,False,F,A
1DAN_HL_UT,0.0,298.0,-4.7127169370651245,0.0975083711566649,19,False,Y,A
1DAN_HL_UT,0.10979331795099505,298.0,-4.035120725631714,0.0617799047251266,16,False,V,A
1DAN_HL_UT,0.4603980674844341,298.0,-5.630070343613625,0.0512573740037398,14,False,R,A
1DAN_HL_UT,0.10979331795099505,298.0,-3.330048084259033,0.7425315933860137,7,False,T,A
1DAN_HL_UT,0.10979331795099505,298.0,-0.5327255725860596,0.5024746301610937,6,False,V,A
1DAN_HL_UT,0.0,298.0,-3.6359904408454895,0.3745954747787024,14,False,N,A
1NMB_N_LH,2.953627446250787,298.0,-1.1390981674194331,0.0372250944932546,21,True,D,N
1NMB_N_LH,2.953627446250787,298.0,1.0131596326828005,0.0372250944932546,21,True,D,E
1NMB_N_LH,2.140619496834345,298.0,0.30331444740295366,0.2965468076663982,21,True,Y,A
1NMB_N_LH,1.4194097325446042,298.0,-0.07950496673583984,0.025614536200012,23,True,Y,F
1NMB_N_LH,0.46632205010207656,298.0,-1.3512130975723267,0.0837482334683195,24,True,Y,F
1NMB_N_LH,-0.023903155425060166,298.0,-3.96519136428833,0.0192558258375097,24,True,T,F
1NMB_N_LH,0.18418999001042002,298.0,-3.907480239868164,0.0192558258375097,24,True,T,W
1NMB_N_LH,0.9000205563456564,298.0,-2.871391177177429,0.1399928096146066,24,True,L,V
1VFB_AB_C,0.3401304956551773,298.0,-3.3401019275188446,0.1714822245990545,19,True,D,A
1VFB_AB_C,0.39608671383067917,298.0,-4.612511038780212,0.1556230773109057,19,True,N,A
1VFB_AB_C,0.41047252261649486,298.0,-3.9558262825012207,0.0393612079499387,21,False,Y,A
1VFB_AB_C,0.8509648319333666,298.0,-0.23230266571044922,0.0365119290050647,22,True,S,A
1VFB_AB_C,0.7134502090749723,298.0,-2.8378113508224487,0.2418359086046162,23,True,K,A
1VFB_AB_C,0.7650955177474081,298.0,-4.4716185331344604,0.21720104465619,19,True,T,A
1VFB_AB_C,0.9530876824425276,298.0,-1.8496006727218628,0.2000831560703803,20,True,D,A
1VFB_AB_C,0.9169496673026039,298.0,-2.1331415176391597,0.0283905511568441,23,True,V,A
1VFB_AB_C,2.8769973068420085,298.0,-2.2318292260169983,0.001157761654245,21,True,Q,A
1VFB_AB_C,1.2314175678494845,298.0,-5.189945667982101,0.0264266604382162,24,True,I,A
1VFB_AB_C,1.8368993808269287,298.0,-2.648172616958618,0.2593153856253631,12,True,R,A
1VFB_AB_C,0.17154467985848262,298.0,-3.722400724887848,0.337164541513785,12,True,L,A
1VFB_AB_C,1.7168802586900533,298.0,-3.5405070781707764,0.03122169155905,20,True,Y,A
1VFB_AB_C,0.5243333720352199,298.0,-2.8776938915252686,0.1304787338330774,21,True,Y,A
1VFB_AB_C,3.3485741590000533,298.0,-4.280476987361908,0.1290774275765337,17,True,W,A
1VFB_AB_C,1.1232122496952655,298.0,-3.72661691904068,0.1185289565436442,19,True,Y,A
1VFB_AB_C,0.9169496673026039,298.0,-1.1345117092132573,0.0593381067433973,18,True,W,A
1VFB_AB_C,0.9916025538801495,298.0,-4.845814824104309,0.4064137806952662,14,True,D,A
1VFB_AB_C,2.9397581036812457,298.0,-2.0086293220520024,0.172918193961587,22,True,D,A
1VFB_AB_C,1.586040562980398,298.0,-1.118747532367706,0.0457624671233375,24,True,Y,F
3HFM_HL_Y,4.876032917592995,298.0,-3.845947802066803,0.0030767815264946,26,True,Y,A
3HFM_HL_Y,5.10734458138055,298.0,-3.676952600479126,0.0,23,True,N,A
3HFM_HL_Y,6.988162514604541,298.0,-5.106743738055229,0.000295179187775,21,True,K,A
3HFM_HL_Y,5.214129786929024,298.0,-0.6352732181549072,0.0550871839590701,25,True,N,A
3HFM_HL_Y,1.3434841579694434,298.0,-1.8100504875183105,0.0550871839590701,25,True,N,D
3HFM_HL_Y,5.70736746918473,298.0,-2.281364917755127,0.0550871839590701,25,True,N,E
3HFM_HL_Y,4.5575945560558555,298.0,0.8118984699249268,0.0312138825963797,20,True,Y,A
3HFM_HL_Y,4.393184741696034,298.0,-0.15797090530395508,0.0312138825963797,20,True,Y,L
3HFM_HL_Y,2.3548667396014413,298.0,-0.18339848518371582,0.0312138825963797,20,True,Y,F
3HFM_HL_Y,6.167217469371551,298.0,-2.262692451477051,0.0768506599895474,20,True,K,A
3HFM_HL_Y,6.035074832162014,298.0,2.381213665008545,0.0,20,True,Y,A
3HFM_HL_Y,3.245561328832068,298.0,0.7401919364929199,0.0708288790322843,17,True,W,F
3HFM_HL_Y,5.510682238498383,298.0,0.5354723930358887,0.0708288790322843,17,True,W,A
3HFM_HL_Y,1.8982264311356383,298.0,-0.2744948863983159,0.1302908809647112,21,True,D,A
3HFM_HL_Y,0.17036148930942865,298.0,0.45899724960327104,0.1302908809647112,21,True,D,N
3HFM_HL_Y,1.093073966411642,298.0,-1.312943935394287,0.0768506599895474,20,True,K,M
3HFM_HL_Y,1.0272076276256512,298.0,-3.0445802211761475,0.1213881716302957,15,True,R,A
3HFM_HL_Y,0.17036148930942865,298.0,0.4340696334838867,0.0438600030833968,18,True,S,A
3HFM_HL_Y,7.31955952610837,298.0,-0.4534263610839844,0.0,25,True,Y,A
3HFM_HL_Y,0.9530876824425276,298.0,-1.4812002182006836,0.1814583399862834,12,True,Q,A
3HFM_HL_Y,2.7070443630284666,298.0,-2.5093334913253784,0.0125682384279258,22,True,Y,A
3HFM_HL_Y,1.4017790571589135,298.0,-0.885017991065979,0.0125682384279258,22,True,Y,F
3HFM_HL_Y,0.706181712352522,303.0,-1.1247522830963135,0.1629610467559561,19,True,Y,W
3HFM_HL_Y,0.6204990973371739,303.0,-0.40869736671447754,0.1629610467559561,19,True,Y,F
3HFM_HL_Y,0.806889215947326,303.0,-0.7204022407531734,0.1629610467559561,19,True,Y,L
3HFM_HL_Y,3.2503791460482225,303.0,0.7804348468780522,0.1629610467559561,19,True,Y,A
3HFM_HL_Y,1.749564088952765,303.0,-0.32662534713745117,0.0,20,True,Y,W
3HFM_HL_Y,1.0712210104901618,303.0,-0.15065431594848633,0.0,20,True,Y,F
3HFM_HL_Y,2.006937829326717,303.0,0.29558420181274414,0.0,20,True,Y,L
3HFM_HL_Y,1.6099910773647856,303.0,-0.6515934467315678,0.0,25,True,Y,F
3HFM_HL_Y,2.848836015347998,303.0,-1.7139558792114258,0.0,25,True,Y,L
3HFM_HL_Y,0.3631253569632219,303.0,-0.37057042121887207,0.2159813530760694,19,True,Y,F
3HFM_HL_Y,1.5136727320589507,303.0,-0.8453483581542969,0.2159813530760694,19,True,Y,L
3HFM_HL_Y,1.6760432846010704,303.0,-0.6182954311370854,0.2159813530760694,19,True,Y,A
3HFM_HL_Y,0.19925437429429046,298.0,0.3207584619522097,0.0035801438157466,21,True,D,G
3HFM_HL_Y,1.2081915842223998,298.0,-0.252429723739624,0.0035801438157466,21,True,D,A
3HFM_HL_Y,1.3403342214319378,298.0,-0.013424873352051225,0.0035801438157466,21,True,D,N
3HFM_HL_Y,1.711639634463617,298.0,0.6278383731842039,0.0035801438157466,21,True,D,S
3HFM_HL_Y,1.9294013485121404,298.0,-1.5988180637359615,0.0035801438157466,21,True,D,Q
3HFM_HL_Y,2.122112157080112,298.0,-1.6398952007293701,0.0035801438157466,21,True,D,R
3HFM_HL_Y,1.9732871019698077,298.0,-1.3380558490753174,0.0035801438157466,21,True,D,E
3HFM_HL_Y,2.1695123818192066,298.0,-2.151472806930542,0.0035801438157466,21,True,D,F
3HFM_HL_Y,1.9732871019698077,298.0,-2.0374510288238525,0.0035801438157466,21,True,D,K
3HFM_HL_Y,1.9732871019698077,298.0,-4.050484895706177,0.1213881716302957,15,True,R,W
3HFM_HL_Y,2.2409466685543054,298.0,-0.3666175603866577,0.1213881716302957,15,True,R,Q
3HFM_HL_Y,2.2924736463895408,298.0,-2.4373743534088135,0.1213881716302957,15,True,R,E
3HFM_HL_Y,2.2692476627624556,298.0,-2.7963979244232178,0.1213881716302957,15,True,R,G
3HFM_HL_Y,2.1695123818192066,298.0,-0.21912133693695068,0.1213881716302957,15,True,R,N
3HFM_HL_Y,2.014143760982584,298.0,-2.8083250522613525,0.1213881716302957,15,True,R,H
3HFM_HL_Y,1.6186641068388947,298.0,-1.5812699794769287,0.1213881716302957,15,True,R,K
3HFM_HL_Y,0.24011103330706618,298.0,-1.709381818771362,0.4261098947787786,17,True,N,K
3HFM_HL_Y,-0.042485784312036985,298.0,-1.5912857055664065,0.4261098947787786,17,True,N,Q
3HFM_HL_Y,0.41047252261649486,298.0,-0.7031986713409422,0.4261098947787786,17,True,N,D
3HFM_HL_Y,0.24011103330706618,298.0,-3.6389975547790527,0.4997364708287133,14,True,G,V
3HFM_HL_Y,2.574901725818928,298.0,-2.7963979244232178,0.1213881716302957,15,True,R,G
3HFM_HL_Y,0.8209450452329897,298.0,-3.0445802211761475,0.1213881716302957,15,True,R,A
3HFM_HL_Y,2.4870093768109793,298.0,-0.21912133693695068,0.1213881716302957,15,True,R,N
3HFM_HL_Y,2.6143954689877558,298.0,-2.4373743534088135,0.1213881716302957,15,True,R,E
3HFM_HL_Y,2.554121113895732,298.0,-0.3666175603866577,0.1213881716302957,15,True,R,Q
3HFM_HL_Y,2.3244915342611265,298.0,-2.8083250522613525,0.1213881716302957,15,True,R,H
3HFM_HL_Y,2.0498900137791978,298.0,-2.5836920738220215,0.1213881716302957,15,True,R,M
3HFM_HL_Y,1.9140190116446318,298.0,-1.5812699794769287,0.1213881716302957,15,True,R,K
3HFM_HL_Y,2.2924736463895408,298.0,-4.050484895706177,0.1213881716302957,15,True,R,W
3HFM_HL_Y,6.430554486305702,298.0,-1.708115816116333,0.0768506599895474,20,True,K,G
3HFM_HL_Y,5.55559253662822,298.0,-2.262692451477051,0.0768506599895474,20,True,K,A
3HFM_HL_Y,6.768423547724786,298.0,-2.3750014305114746,0.0768506599895474,20,True,K,D
3HFM_HL_Y,3.6045068736133277,298.0,-1.9299802780151363,0.0768506599895474,20,True,K,E
3HFM_HL_Y,0.8008689981434107,298.0,-1.312943935394287,0.0768506599895474,20,True,K,M
3HFM_HL_Y,3.0528505202640965,298.0,-0.35828733444213867,0.0768506599895474,20,True,K,R
3HFM_HL_Y,0.5184409187140231,298.0,0.3207584619522097,0.0035801438157466,21,True,D,G
3HFM_HL_Y,1.5339216943684513,298.0,-0.252429723739624,0.0035801438157466,21,True,D,A
3HFM_HL_Y,2.0271593766241565,298.0,0.6278383731842039,0.0035801438157466,21,True,D,S
3HFM_HL_Y,1.6418900904659794,298.0,-0.013424873352051225,0.0035801438157466,21,True,D,N
3HFM_HL_Y,2.2924736463895408,298.0,-1.3380558490753174,0.0035801438157466,21,True,D,E
3HFM_HL_Y,2.2409466685543054,298.0,-1.5988180637359615,0.0035801438157466,21,True,D,Q
3HFM_HL_Y,2.2757912284887745,298.0,-2.0374510288238525,0.0035801438157466,21,True,D,K
3HFM_HL_Y,2.4870093768109793,298.0,-2.151472806930542,0.0035801438157466,21,True,D,F
3HFM_HL_Y,2.4376318992406514,298.0,-1.6398952007293701,0.0035801438157466,21,True,D,R
3HFM_HL_Y,-0.5043963077261421,298.0,-0.43581920862197876,0.0030767815264946,26,True,Y,F
3HFM_HL_Y,6.776944366282337,298.0,-5.018135949969292,0.000295179187775,21,True,K,M
3HFM_HL_Y,0.5504588065856091,298.0,-3.6389975547790527,0.4997364708287133,14,True,G,V
3HFM_HL_Y,-0.4453170825509642,298.0,-1.6918389797210698,0.1314189414384644,24,True,H,A
3HFM_HL_Y,4.2715235581589575,298.0,-3.845947802066803,0.0030767815264946,26,True,Y,A
3HFM_HL_Y,0.8618017042457655,298.0,-3.0445802211761475,0.1213881716302957,15,True,R,A
3HFM_HL_Y,0.31918654441973265,298.0,-2.2139878273010254,0.0442032460673061,25,True,W,A
3HFM_HL_Y,-0.3313970115038284,298.0,-1.4856138229370122,0.2931663177930227,17,True,R,A
3HFM_HL_Y,0.70445583057791,298.0,-1.2548465728759761,0.0401765757086765,21,True,L,A
3HFM_HL_Y,0.0,298.0,-0.4694843292236328,0.241620471190517,14,True,T,A
3HFM_HL_Y,0.21121814832220448,298.0,0.13800287246704146,0.1535257874933053,18,True,N,A
3HFM_HL_Y,6.486404013791285,298.0,-5.106743738055229,0.000295179187775,21,True,K,A
3HFM_HL_Y,0.0,298.0,-2.2775049209594727,0.0241569799185363,22,False,I,A
3HFM_HL_Y,0.2676595665844973,298.0,-0.48301088809966997,0.0016533083927418,21,True,S,A
3HFM_HL_Y,0.9530876824425276,298.0,-0.252429723739624,0.0035801438157466,21,True,D,A
3HFM_HL_Y,-0.46353964871336634,298.0,-0.43581920862197876,0.0030767815264946,26,True,Y,F
3HFM_HL_Y,2.184505250292012,298.0,-2.5948267579078674,0.0030767815264946,26,True,Y,L
3HFM_HL_Y,5.353001890564195,298.0,-2.340179368853569,0.000295179187775,21,True,K,R
1CHO_EFG_I,6.001001951168933,294.0,-5.059078186750412,0.0083466420367937,35,True,L,G
1CHO_EFG_I,4.70013841121569,294.0,-5.086041897535324,0.0083466420367937,35,True,L,A
1CHO_EFG_I,4.917711070268569,294.0,-5.05301234126091,0.0083466420367937,35,True,L,S
1CHO_EFG_I,2.6057980610873606,294.0,-4.939379185438156,0.0083466420367937,35,True,L,C
1CHO_EFG_I,4.214304577497343,294.0,-5.226320713758469,0.0083466420367937,35,True,L,V
1CHO_EFG_I,4.422687582889048,294.0,-5.05214735865593,0.0083466420367937,35,True,L,T
1CHO_EFG_I,8.679870395175607,294.0,-5.194865673780441,0.0083466420367937,35,True,L,P
1CHO_EFG_I,4.41693149831486,294.0,-5.189287155866623,0.0083466420367937,35,True,L,I
1CHO_EFG_I,0.37534598778301587,294.0,-2.9086341559886932,0.0083466420367937,35,True,L,M
1CHO_EFG_I,3.3104871841397205,294.0,-4.6316432654857635,0.0083466420367937,35,True,L,N
1CHO_EFG_I,7.1016329053560465,294.0,-5.109184235334396,0.0083466420367937,35,True,L,D
1CHO_EFG_I,4.411118138326834,294.0,-2.5126881301403046,0.0083466420367937,35,True,L,K
1CHO_EFG_I,2.912402321165567,294.0,-3.8183445632457733,0.0083466420367937,35,True,L,Q
1CHO_EFG_I,6.566301170494121,294.0,-4.7377762496471405,0.0083466420367937,35,True,L,E
1CHO_EFG_I,2.9591078570359177,294.0,-4.513526886701584,0.0083466420367937,35,True,L,H
1CHO_EFG_I,-1.4809261725091294,294.0,-3.059526175260544,0.0083466420367937,35,True,L,F
1CHO_EFG_I,3.9510554446019666,294.0,-2.8473601043224335,0.0083466420367937,35,True,L,R
1CHO_EFG_I,-2.194223264266643,294.0,-2.280576914548874,0.0083466420367937,35,True,L,Y
1CHO_EFG_I,-1.667504528514791,294.0,-4.761174649000168,0.0083466420367937,35,True,L,W
1PPF_E_I,3.286689183930095,294.0,-5.440687850117683,0.0,32,True,L,G
1PPF_E_I,1.0562371106257504,294.0,-5.3658377677202225,0.0,32,True,L,A
1PPF_E_I,3.0491587448717614,294.0,-5.421221926808357,0.0,32,True,L,S
1PPF_E_I,-0.08828215982770807,294.0,-5.204303458333015,0.0,32,True,L,C
1PPF_E_I,-0.4858338337183474,294.0,-5.009434416890144,0.0,32,True,L,V
1PPF_E_I,0.9027786769790893,294.0,-5.017495825886727,0.0,32,True,L,T
1PPF_E_I,6.061920656901159,294.0,-5.455369666218758,0.0,32,True,L,P
1PPF_E_I,-0.7227219001353856,294.0,-5.093249514698982,0.0,32,True,L,I
1PPF_E_I,1.2401614630712112,294.0,-3.726576998829841,0.0,32,True,L,M
1PPF_E_I,5.152980333025195,294.0,-5.173278048634529,0.0,32,True,L,N
1PPF_E_I,7.507930114408024,294.0,-5.441597655415535,0.0,32,True,L,D
1PPF_E_I,5.656957832574818,294.0,-5.40145368874073,0.0,32,True,L,K
1PPF_E_I,3.260426881353337,294.0,-5.264755919575691,0.0,32,True,L,Q
1PPF_E_I,6.958405668864791,294.0,-5.322044089436531,0.0,32,True,L,E
1PPF_E_I,6.381524402644352,294.0,-5.279129698872566,0.0,32,True,L,H
1PPF_E_I,5.097822621157595,294.0,-5.25997419655323,0.0,32,True,L,F
1PPF_E_I,7.08493089541558,294.0,-5.52233524620533,0.0,32,True,L,R
1PPF_E_I,6.543785800565629,294.0,-5.584680274128914,0.0,32,True,L,Y
1PPF_E_I,7.439584009330544,294.0,-5.4276711493730545,0.0,32,True,L,W
1R0R_E_I,2.3202693546175346,294.0,-2.5301678180694576,0.1037811255897523,37,True,L,G
1R0R_E_I,0.3102468549019561,294.0,-1.8574740886688228,0.1037811255897523,37,True,L,A
1R0R_E_I,1.5494522859653637,294.0,-0.9508194923400879,0.1037811255897523,37,True,L,S
1R0R_E_I,-1.32764083706951,294.0,-1.8683173656463619,0.1037811255897523,37,True,L,C
1R0R_E_I,2.1266779711419534,294.0,-2.2685735225677486,0.1037811255897523,37,True,L,V
1R0R_E_I,0.1575476648428487,294.0,1.4522986412048344,0.1037811255897523,37,True,L,T
1R0R_E_I,7.581139318853618,294.0,-2.5601642131805415,0.1037811255897523,37,True,L,P
1R0R_E_I,3.2089108854280166,294.0,-2.9166729450225826,0.1037811255897523,37,True,L,I
1R0R_E_I,-0.5091021893067559,294.0,-0.4139804840087886,0.1037811255897523,37,True,L,M
1R0R_E_I,1.4795872438551505,294.0,0.9588522911071782,0.1037811255897523,37,True,L,N
1R0R_E_I,4.476387915981358,294.0,0.3435039520263672,0.1037811255897523,37,True,L,D
1R0R_E_I,3.2989715484811986,294.0,-1.3920013904571529,0.1037811255897523,37,True,L,K
1R0R_E_I,0.5617512455816355,294.0,0.5533034801483159,0.1037811255897523,37,True,L,Q
1R0R_E_I,2.1471796486769197,294.0,0.794084072113038,0.1037811255897523,37,True,L,E
1R0R_E_I,0.5617512455816355,294.0,-0.8099579811096187,0.1037811255897523,37,True,L,H
1R0R_E_I,0.6084567814519865,294.0,-2.5120751857757564,0.1037811255897523,37,True,L,F
1R0R_E_I,2.8947096694799694,294.0,-1.0679790973663326,0.1037811255897523,37,True,L,R
1R0R_E_I,0.44061576543754044,294.0,-2.3449747562408443,0.1037811255897523,37,True,L,Y
1R0R_E_I,1.5028050483574547,294.0,-2.3848993778228755,0.1037811255897523,37,True,L,W
3SGB_E_I,4.934124229412365,294.0,-5.249135322868824,0.0250097869308848,31,True,L,G
3SGB_E_I,2.947716900479492,294.0,-5.441528148949146,0.0250097869308848,31,True,L,A
3SGB_E_I,4.10058256800041,294.0,-5.370381183922292,0.0250097869308848,31,True,L,S
3SGB_E_I,-0.0132036773995288,294.0,-5.470614738762379,0.0250097869308848,31,True,L,C
3SGB_E_I,2.992213250902842,294.0,-5.575970001518726,0.0250097869308848,31,True,L,V
3SGB_E_I,3.1602880088121448,294.0,-5.371772117912769,0.0250097869308848,31,True,L,T
3SGB_E_I,8.328746434537916,294.0,-5.553095646202564,0.0250097869308848,31,True,L,P
3SGB_E_I,4.419124852316536,294.0,-5.8197754099965096,0.0250097869308848,31,True,L,I
3SGB_E_I,0.4242251577571052,294.0,-4.224482364952564,0.0250097869308848,31,True,L,M
3SGB_E_I,3.352679724805833,294.0,-5.383701153099537,0.0250097869308848,31,True,L,N
3SGB_E_I,5.590064954770187,294.0,-5.3517764285206795,0.0250097869308848,31,True,L,D
3SGB_E_I,3.1379577292886216,294.0,-5.600786514580251,0.0250097869308848,31,True,L,K
3SGB_E_I,2.5674438566290645,294.0,-5.172303505241872,0.0250097869308848,31,True,L,Q
3SGB_E_I,5.899809514401656,294.0,-5.334916897118092,0.0250097869308848,31,True,L,E
3SGB_E_I,1.6901134295150346,294.0,-5.381697483360767,0.0250097869308848,31,True,L,H
3SGB_E_I,1.354967931572671,294.0,-5.370800323784351,0.0250097869308848,31,True,L,F
3SGB_E_I,3.3202737558910536,294.0,-5.6499732211232185,0.0250097869308848,31,True,L,R
3SGB_E_I,1.6527692273762626,294.0,-5.517704792320728,0.0250097869308848,31,True,L,Y
3SGB_E_I,1.8393475833819242,294.0,-5.655402012169361,0.0250097869308848,31,True,L,W
1CHO_EFG_I,0.06509913288105977,294.0,-1.9017145633697514,0.125142332215087,19,True,A,G
1CHO_EFG_I,0.06509913288105977,294.0,0.14221477508544922,0.125142332215087,19,True,A,S
1CHO_EFG_I,-0.32224714500018486,294.0,-1.498756647109985,0.125142332215087,19,True,A,C
1CHO_EFG_I,0.9402945591882654,294.0,2.1745510101318364,0.125142332215087,19,True,A,V
1CHO_EFG_I,0.9556412764985467,294.0,2.021335601806641,0.125142332215087,19,True,A,T
1CHO_EFG_I,3.065860754812228,294.0,-1.943365335464477,0.125142332215087,19,True,A,P
1CHO_EFG_I,0.1387499672897792,294.0,-0.11043214797973588,0.125142332215087,19,True,A,L
1CHO_EFG_I,0.6462769562937124,294.0,0.5617413520812993,0.125142332215087,19,True,A,I
1CHO_EFG_I,0.1387499672897792,294.0,0.2610235214233403,0.125142332215087,19,True,A,M
1CHO_EFG_I,-0.2849029428614129,294.0,-0.28041100502014116,0.125142332215087,19,True,A,N
1CHO_EFG_I,0.0,294.0,-0.9675910472869869,0.125142332215087,19,True,A,D
1CHO_EFG_I,2.4640843696563954,294.0,-0.8226349353790279,0.125142332215087,19,True,A,K
1CHO_EFG_I,0.43631705963864265,294.0,-0.4163341522216788,0.125142332215087,19,True,A,Q
1CHO_EFG_I,0.22188755413635466,294.0,-0.22126436233520463,0.125142332215087,19,True,A,E
1CHO_EFG_I,-0.32224714500018486,294.0,-0.5521309375762944,0.125142332215087,19,True,A,H
1CHO_EFG_I,-0.7252849664040973,294.0,0.3537695407867436,0.125142332215087,19,True,A,F
1CHO_EFG_I,0.46205857371703296,294.0,-0.4326126575469966,0.125142332215087,19,True,A,R
1CHO_EFG_I,-0.8633922398501361,294.0,0.4326267242431645,0.125142332215087,19,True,A,Y
1CHO_EFG_I,-1.8986365103576421,294.0,1.302644014358521,0.125142332215087,19,True,A,W
1PPF_E_I,1.1224480190248014,294.0,-3.6601471304893494,0.1372885258798276,17,True,A,G
1PPF_E_I,0.7459902557237943,294.0,-0.5378015637397766,0.1372885258798276,17,True,A,S
1PPF_E_I,-0.6643662606718715,294.0,-3.503169000148773,0.1372885258798276,17,True,A,C
1PPF_E_I,0.20516799224920493,294.0,-4.113648355007172,0.1372885258798276,17,True,A,V
1PPF_E_I,0.9494842128494403,294.0,-3.324619233608246,0.1372885258798276,17,True,A,T
1PPF_E_I,1.9677928668938263,294.0,-4.5286073088645935,0.1372885258798276,17,True,A,P
1PPF_E_I,0.017545999097500722,294.0,-4.532844960689545,0.1372885258798276,17,True,A,L
1PPF_E_I,0.32490950276326075,294.0,-4.627206742763519,0.1372885258798276,17,True,A,I
1PPF_E_I,-0.39577317066516576,294.0,-3.8303932547569275,0.1372885258798276,17,True,A,M
1PPF_E_I,0.9027786769790893,294.0,-2.7082995772361755,0.1372885258798276,17,True,A,N
1PPF_E_I,1.1224480190248014,294.0,-3.8286561369895935,0.1372885258798276,17,True,A,D
1PPF_E_I,1.111920925958348,294.0,-2.9626869559288025,0.1372885258798276,17,True,A,K
1PPF_E_I,0.24631146197306927,294.0,-2.845889985561371,0.1372885258798276,17,True,A,Q
1PPF_E_I,0.10413936498041529,294.0,-2.8612868189811698,0.1372885258798276,17,True,A,E
1PPF_E_I,0.5452223338482113,294.0,-2.719843804836273,0.1372885258798276,17,True,A,H
1PPF_E_I,-0.07193877641925431,294.0,-3.522793710231781,0.1372885258798276,17,True,A,F
1PPF_E_I,-0.2605152118635223,294.0,-2.3257779479026794,0.1372885258798276,17,True,A,R
1PPF_E_I,-0.18250111700740165,294.0,-3.3934430480003357,0.1372885258798276,17,True,A,Y
1PPF_E_I,-0.6319602917570927,294.0,-3.272533357143402,0.1372885258798276,17,True,A,W
1R0R_E_I,1.0963227489005067,294.0,-1.4461336135864258,0.0016581872679639,29,True,A,G
1R0R_E_I,1.7175270438746657,294.0,-1.2341961860656738,0.0016581872679639,29,True,A,S
1R0R_E_I,-0.47676456829313124,294.0,-0.7037906646728516,0.0016581872679639,29,True,A,C
1R0R_E_I,-0.9402945591882655,294.0,2.7174456119537354,0.0016581872679639,29,True,A,V
1R0R_E_I,1.2505414140902216,294.0,-1.137068748474121,0.0016581872679639,29,True,A,T
1R0R_E_I,3.2989715484811986,294.0,-1.4282636642456055,0.0016581872679639,29,True,A,P
1R0R_E_I,-1.7306786584734226,294.0,0.5265216827392578,0.0016581872679639,29,True,A,L
1R0R_E_I,-1.7745669747397677,294.0,1.545886516571045,0.0016581872679639,29,True,A,I
1R0R_E_I,-1.7155027959262832,294.0,0.9317240715026855,0.0016581872679639,29,True,A,M
1R0R_E_I,2.0604670627429025,294.0,-0.9954433441162109,0.0016581872679639,29,True,A,N
1R0R_E_I,5.155944654098455,294.0,-1.537764549255371,0.0016581872679639,29,True,A,D
1R0R_E_I,3.030378458474493,294.0,-1.4980058670043945,0.0016581872679639,29,True,A,K
1R0R_E_I,1.7858731489521467,294.0,-1.3500661849975586,0.0016581872679639,29,True,A,Q
1R0R_E_I,4.514385809278878,294.0,-1.241459846496582,0.0016581872679639,29,True,A,E
1R0R_E_I,1.7502202078409466,294.0,-1.3174538612365723,0.0016581872679639,29,True,A,H
1R0R_E_I,-2.211901108294152,294.0,1.9223804473876953,0.0016581872679639,29,True,A,F
1R0R_E_I,5.4538037923711205,294.0,-1.4060688018798828,0.0016581872679639,29,True,A,R
1R0R_E_I,-0.826861265115801,294.0,2.025174617767334,0.0016581872679639,29,True,A,Y
1R0R_E_I,0.2041949024507575,294.0,-0.6365876197814941,0.0016581872679639,29,True,A,W
3SGB_E_I,2.451992467774858,294.0,-5.002130001783371,0.0176306349083564,23,True,A,G
3SGB_E_I,0.8983520788685472,294.0,-3.1970734298229218,0.0176306349083564,23,True,A,S
3SGB_E_I,0.04096066280246143,294.0,-5.368970841169357,0.0176306349083564,23,True,A,C
3SGB_E_I,-0.7738540341162787,294.0,-5.308689087629318,0.0176306349083564,23,True,A,V
3SGB_E_I,0.32648227207346525,294.0,-5.2284683883190155,0.0176306349083564,23,True,A,T
3SGB_E_I,0.5450422829199899,294.0,-5.446541279554367,0.0176306349083564,23,True,A,P
3SGB_E_I,0.16644052507198676,294.0,-5.3101358115673065,0.0176306349083564,23,True,A,L
3SGB_E_I,-0.4469053046460589,294.0,-5.527585476636887,0.0176306349083564,23,True,A,I
3SGB_E_I,0.08772464291418555,294.0,-5.268472641706467,0.0176306349083564,23,True,A,M
3SGB_E_I,-0.08788877260251554,294.0,-4.794019669294357,0.0176306349083564,23,True,A,N
3SGB_E_I,0.46977324178293234,294.0,-5.099635094404221,0.0176306349083564,23,True,A,D
3SGB_E_I,2.4568815160409176,294.0,-5.473638981580734,0.0176306349083564,23,True,A,K
3SGB_E_I,0.4242251577571052,294.0,-5.0491847693920135,0.0176306349083564,23,True,A,Q
3SGB_E_I,0.6621649577766203,294.0,-4.475542992353439,0.0176306349083564,23,True,A,E
3SGB_E_I,-0.4469053046460589,294.0,-5.10180851817131,0.0176306349083564,23,True,A,H
3SGB_E_I,-1.164270766203738,294.0,-5.288986176252365,0.0176306349083564,23,True,A,F
3SGB_E_I,2.0074223412912264,294.0,-5.3551468551158905,0.0176306349083564,23,True,A,R
3SGB_E_I,-1.6244387185287281,294.0,-5.145835846662522,0.0176306349083564,23,True,A,Y
3SGB_E_I,-1.5321266543911765,294.0,-5.29556605219841,0.0176306349083564,23,True,A,W
1CHO_EFG_I,5.221043786979515,294.0,-1.9898009300231931,0.1435993974127439,26,True,T,G
1CHO_EFG_I,4.100871283424878,294.0,-2.0122315883636475,0.1435993974127439,26,True,T,A
1CHO_EFG_I,2.3179579116176505,294.0,-1.152642488479614,0.1435993974127439,26,True,T,S
1CHO_EFG_I,3.2829422512818294,294.0,-3.5155692100524902,0.1435993974127439,26,True,T,C
1CHO_EFG_I,3.5317946509941955,294.0,-1.0368010997772215,0.1435993974127439,26,True,T,V
1CHO_EFG_I,4.174522117833598,294.0,-0.9673638343811033,0.1435993974127439,26,True,T,P
1CHO_EFG_I,4.355375896287012,294.0,-3.206775188446045,0.1435993974127439,26,True,T,L
1CHO_EFG_I,3.601192489674153,294.0,-0.7432122230529783,0.1435993974127439,26,True,T,I
1CHO_EFG_I,3.900103361549295,294.0,-2.8999991416931152,0.1435993974127439,26,True,T,M
1CHO_EFG_I,4.257659704680173,294.0,-2.2419135570526123,0.1435993974127439,26,True,T,N
1CHO_EFG_I,6.72628691757303,294.0,-2.5647120475769043,0.1435993974127439,26,True,T,D
1CHO_EFG_I,4.035772150543818,294.0,-2.79921293258667,0.1435993974127439,26,True,T,K
1CHO_EFG_I,3.630809326217477,294.0,-1.6728746891021726,0.1435993974127439,26,True,T,Q
1CHO_EFG_I,6.336670810556971,294.0,-1.4364693164825437,0.1435993974127439,26,True,T,E
1CHO_EFG_I,3.601192489674153,294.0,-1.8668723106384275,0.1435993974127439,26,True,T,H
1CHO_EFG_I,4.174522117833598,294.0,-2.097571849822998,0.1435993974127439,26,True,T,F
1CHO_EFG_I,3.830238319439082,294.0,-2.045919179916381,0.1435993974127439,26,True,T,R
1CHO_EFG_I,4.411118138326834,294.0,-1.1306254863739011,0.1435993974127439,26,True,T,Y
1CHO_EFG_I,4.100871283424878,294.0,-2.764827251434326,0.1435993974127439,26,True,T,W
1PPF_E_I,3.549938316825471,294.0,-2.3194541931152344,0.1249658842029043,27,True,T,G
1PPF_E_I,3.4365050227530065,294.0,-3.6064820289611816,0.1249658842029043,27,True,T,A
1PPF_E_I,1.4841141604096846,294.0,-2.5460798740386963,0.1249658842029043,27,True,T,S
1PPF_E_I,2.0585544752721194,294.0,-3.754162311553955,0.1249658842029043,27,True,T,C
1PPF_E_I,1.461199934952091,294.0,-0.8455117940902708,0.1249658842029043,27,True,T,V
1PPF_E_I,3.0315421984266657,294.0,-3.0982232093811035,0.1249658842029043,27,True,T,P
1PPF_E_I,2.2480360604936953,294.0,-3.1902294158935547,0.1249658842029043,27,True,T,L
1PPF_E_I,1.461199934952091,294.0,-1.0183842182159424,0.1249658842029043,27,True,T,I
1PPF_E_I,2.467705402539407,294.0,-2.6885371208190914,0.1249658842029043,27,True,T,M
1PPF_E_I,2.6612967860149888,294.0,-2.9377331733703613,0.1249658842029043,27,True,T,N
1PPF_E_I,4.855413240676332,294.0,-3.9853672981262207,0.1249658842029043,27,True,T,D
1PPF_E_I,3.341789053328622,294.0,-2.006237506866455,0.1249658842029043,27,True,T,K
1PPF_E_I,1.9414318004154891,294.0,-2.7453117370605464,0.1249658842029043,27,True,T,Q
1PPF_E_I,2.998849034460385,294.0,-3.30416202545166,0.1249658842029043,27,True,T,E
1PPF_E_I,1.670166886277867,294.0,-2.7630121707916264,0.1249658842029043,27,True,T,H
1PPF_E_I,1.68628481491206,294.0,-3.461862087249756,0.1249658842029043,27,True,T,F
1PPF_E_I,3.4038118587867254,294.0,-2.0351977348327637,0.1249658842029043,27,True,T,R
1PPF_E_I,2.4464580479939624,294.0,-3.1645331382751465,0.1249658842029043,27,True,T,Y
1PPF_E_I,2.1648984736471197,294.0,-3.801572799682617,0.1249658842029043,27,True,T,W
1R0R_E_I,3.0954775913555523,294.0,-1.7820472717285156,0.0467938859016571,33,True,T,G
1R0R_E_I,1.1569647653498567,294.0,-2.886272430419922,0.0467938859016571,33,True,T,A
1R0R_E_I,0.8774126504423483,294.0,-1.8990387916564941,0.0467938859016571,33,True,T,S
1R0R_E_I,0.8019222651623136,294.0,-1.7104377746582031,0.0467938859016571,33,True,T,C
1R0R_E_I,0.9241766305540724,294.0,1.7563254237174988,0.0467938859016571,33,True,T,V
1R0R_E_I,4.8813507403077,294.0,-3.1712303161621103,0.0467938859016571,33,True,T,P
1R0R_E_I,0.6594674371884749,294.0,-2.4791059494018555,0.0467938859016571,33,True,T,L
1R0R_E_I,0.2551469855034292,294.0,0.6315696239471436,0.0467938859016571,33,True,T,I
1R0R_E_I,1.312564219548325,294.0,-2.7573957443237305,0.0467938859016571,33,True,T,M
1R0R_E_I,0.017616546445095894,294.0,-1.0406150817871094,0.0467938859016571,33,True,T,N
1R0R_E_I,2.848062431872061,294.0,-1.5056085586547852,0.0467938859016571,33,True,T,D
1R0R_E_I,1.9070086290962416,294.0,-2.77559757232666,0.0467938859016571,33,True,T,K
1R0R_E_I,2.190835973278487,294.0,-2.6594977378845215,0.0467938859016571,33,True,T,Q
1R0R_E_I,3.1691284257642724,294.0,-2.5214033126831055,0.0467938859016571,33,True,T,E
1R0R_E_I,0.5183961183988048,294.0,-2.6080665588378906,0.0467938859016571,33,True,T,H
1R0R_E_I,-0.06509913288105984,294.0,-3.0295166969299316,0.0467938859016571,33,True,T,F
1R0R_E_I,3.2989715484811986,294.0,-2.8340039253234863,0.0467938859016571,33,True,T,R
1R0R_E_I,-0.8666437247795461,294.0,-3.0747079849243164,0.0467938859016571,33,True,T,Y
1R0R_E_I,2.8947096694799694,294.0,-3.073730945587158,0.0467938859016571,33,True,T,W
3SGB_E_I,5.506811023370643,294.0,-2.6385838985443115,0.1266801765746468,30,True,T,G
3SGB_E_I,3.5421613100274083,294.0,-2.4602258205413823,0.1266801765746468,30,True,T,A
3SGB_E_I,2.4320165780585503,294.0,-1.9399547576904297,0.1266801765746468,30,True,T,S
3SGB_E_I,2.8856940950213885,294.0,-3.7996184825897217,0.1266801765746468,30,True,T,C
3SGB_E_I,2.5125653313735152,294.0,-1.578101634979248,0.1266801765746468,30,True,T,V
3SGB_E_I,3.1379577292886216,294.0,0.2487722635269165,0.1266801765746468,30,True,T,P
3SGB_E_I,2.43707494609348,294.0,-1.5761306285858154,0.1266801765746468,30,True,T,L
3SGB_E_I,1.7286100852873232,294.0,-1.998455286026001,0.1266801765746468,30,True,T,I
3SGB_E_I,2.0074223412912264,294.0,-3.182091474533081,0.1266801765746468,30,True,T,M
3SGB_E_I,3.209294747372444,294.0,-3.1735379695892334,0.1266801765746468,30,True,T,N
3SGB_E_I,4.887418693542014,294.0,-3.2362520694732666,0.1266801765746468,30,True,T,D
3SGB_E_I,2.0074223412912264,294.0,-2.535611391067505,0.1266801765746468,30,True,T,K
3SGB_E_I,2.8995501877409757,294.0,-2.174128770828247,0.1266801765746468,30,True,T,Q
3SGB_E_I,4.730630272286719,294.0,-2.191793918609619,0.1266801765746468,30,True,T,E
3SGB_E_I,3.4590237231808327,294.0,-3.07672381401062,0.1266801765746468,30,True,T,H
3SGB_E_I,3.5888668458977593,294.0,-2.8908369541168213,0.1266801765746468,30,True,T,F
3SGB_E_I,1.9453995358331229,294.0,-2.3431763648986816,0.1266801765746468,30,True,T,R
3SGB_E_I,3.3202737558910536,294.0,-2.860534429550171,0.1266801765746468,30,True,T,Y
3SGB_E_I,2.992213250902842,294.0,-3.3782846927642822,0.1266801765746468,30,True,T,W
1CHO_EFG_I,3.5724536867539634,294.0,-2.345158338546753,0.0863172859669728,28,True,E,G
1CHO_EFG_I,2.3008986600131527,294.0,-1.6869466304779053,0.0863172859669728,28,True,E,A
1CHO_EFG_I,2.755613899910272,294.0,-0.923515796661377,0.0863172859669728,28,True,E,S
1CHO_EFG_I,2.6905147670292124,294.0,-2.204643487930298,0.0863172859669728,28,True,E,C
1CHO_EFG_I,2.4056118241677993,294.0,-0.9961092472076416,0.0863172859669728,28,True,E,V
1CHO_EFG_I,2.869047193982736,294.0,-1.3369462490081787,0.0863172859669728,28,True,E,T
1CHO_EFG_I,2.554845978034689,294.0,-1.2760546207427974,0.0863172859669728,28,True,E,P
1CHO_EFG_I,2.829264734318991,294.0,-1.6567580699920654,0.0863172859669728,28,True,E,L
1CHO_EFG_I,2.6057980610873606,294.0,-1.4728260040283203,0.0863172859669728,28,True,E,I
1CHO_EFG_I,2.6608979304858873,294.0,-2.006269693374634,0.0863172859669728,28,True,E,M
1CHO_EFG_I,2.3008986600131527,294.0,-0.18731188774108887,0.0863172859669728,28,True,E,N
1CHO_EFG_I,0.8695342529210763,294.0,0.3461945056915283,0.0863172859669728,28,True,E,D
1CHO_EFG_I,3.544807167923393,294.0,-2.2740800380706787,0.0863172859669728,28,True,E,K
1CHO_EFG_I,1.3156405469712813,294.0,-1.5656507015228276,0.0863172859669728,28,True,E,Q
1CHO_EFG_I,2.060755778167371,294.0,-1.0612313747406006,0.0863172859669728,28,True,E,H
1CHO_EFG_I,3.5724536867539634,294.0,0.0798332691192627,0.0863172859669728,28,True,E,F
1CHO_EFG_I,3.630809326217477,294.0,-1.7196075916290283,0.0863172859669728,28,True,E,R
1CHO_EFG_I,2.6321591275656977,294.0,1.0304772853851318,0.0863172859669728,28,True,E,Y
1CHO_EFG_I,3.116209027505946,294.0,-1.4650194644927974,0.0863172859669728,28,True,E,W
1PPF_E_I,2.0912476392384005,294.0,-3.157538414001465,0.1519775068737914,27,True,E,G
1PPF_E_I,1.1866060211613347,294.0,-2.608564853668213,0.1519775068737914,27,True,E,A
1PPF_E_I,1.8206146752526042,294.0,-1.6530451774597168,0.1519775068737914,27,True,E,S
1PPF_E_I,1.3831858400959702,294.0,-2.9949288368225098,0.1519775068737914,27,True,E,C
1PPF_E_I,1.1429496965597674,294.0,-0.9404115676879878,0.1519775068737914,27,True,E,V
1PPF_E_I,1.4841141604096846,294.0,-1.6357665061950688,0.1519775068737914,27,True,E,T
1PPF_E_I,3.16587205876721,294.0,-1.7242691516876216,0.1519775068737914,27,True,E,P
1PPF_E_I,1.0562371106257504,294.0,-1.5403084754943848,0.1519775068737914,27,True,E,L
1PPF_E_I,0.7132970917575134,294.0,-0.9807748794555664,0.1519775068737914,27,True,E,I
1PPF_E_I,1.1327887820439413,294.0,-2.156428337097168,0.1519775068737914,27,True,E,M
1PPF_E_I,1.195879832678041,294.0,-0.6673867702484131,0.1519775068737914,27,True,E,N
1PPF_E_I,0.5699121143241247,294.0,0.7242560386657715,0.1519775068737914,27,True,E,D
1PPF_E_I,2.0912476392384005,294.0,-2.1870431900024414,0.1519775068737914,27,True,E,K
1PPF_E_I,0.6512742862994099,294.0,-1.6930844783782955,0.1519775068737914,27,True,E,Q
1PPF_E_I,0.6808911228427346,294.0,-2.0171074867248535,0.1519775068737914,27,True,E,H
1PPF_E_I,1.3452573835146062,294.0,-1.8357141017913818,0.1519775068737914,27,True,E,F
1PPF_E_I,1.461199934952091,294.0,-1.7674970626831055,0.1519775068737914,27,True,E,R
1PPF_E_I,1.2315695750149407,294.0,-1.0282948017120361,0.1519775068737914,27,True,E,Y
1PPF_E_I,1.508862051840844,294.0,-2.424035072326661,0.1519775068737914,27,True,E,W
1R0R_E_I,2.674396838395019,294.0,-3.105991840362549,0.0593163934483449,28,True,E,G
1R0R_E_I,2.0604670627429025,294.0,-3.1946048736572266,0.0593163934483449,28,True,E,A
1R0R_E_I,3.1311305324667527,294.0,-3.117823600769043,0.0593163934483449,28,True,E,S
1R0R_E_I,2.338701099576625,294.0,-3.7903919219970703,0.0593163934483449,28,True,E,C
1R0R_E_I,0.09345740435615642,294.0,-0.8526434898376465,0.0593163934483449,28,True,E,V
1R0R_E_I,4.193319815386666,294.0,-1.8186540603637695,0.0593163934483449,28,True,E,T
1R0R_E_I,3.712290718243865,294.0,-4.06874418258667,0.0593163934483449,28,True,E,P
1R0R_E_I,0.5617512455816355,294.0,-2.000356912612915,0.0593163934483449,28,True,E,L
1R0R_E_I,0.7267791237905099,294.0,-0.4331169128417969,0.0593163934483449,28,True,E,I
1R0R_E_I,1.5494522859653637,294.0,-2.2475056648254395,0.0593163934483449,28,True,E,M
1R0R_E_I,2.088972123768236,294.0,-3.012063503265381,0.0593163934483449,28,True,E,N
1R0R_E_I,0.2551469855034292,294.0,-2.765989303588868,0.0593163934483449,28,True,E,D
1R0R_E_I,2.674396838395019,294.0,-2.6782989501953125,0.0593163934483449,28,True,E,K
1R0R_E_I,1.2643975068098088,294.0,-1.326395034790039,0.0593163934483449,28,True,E,Q
1R0R_E_I,1.6851210749598866,294.0,-3.197047710418701,0.0593163934483449,28,True,E,H
1R0R_E_I,3.56792741747156,294.0,-2.741258144378662,0.0593163934483449,28,True,E,F
1R0R_E_I,2.0604670627429025,294.0,-1.8406462669372559,0.0593163934483449,28,True,E,R
1R0R_E_I,1.863653501913411,294.0,-3.205838680267334,0.0593163934483449,28,True,E,Y
1R0R_E_I,1.823871042249666,294.0,-3.6582298278808594,0.0593163934483449,28,True,E,W
3SGB_E_I,2.0757684463687074,294.0,-2.784345507621765,0.1657895784456398,26,True,E,G
3SGB_E_I,1.0051049766448574,294.0,-2.5699671506881714,0.1657895784456398,26,True,E,A
3SGB_E_I,1.9166607329129333,294.0,-2.246716856956482,0.1657895784456398,26,True,E,S
3SGB_E_I,1.1583881126380353,294.0,-3.3834980726242065,0.1657895784456398,26,True,E,C
3SGB_E_I,0.12578148931221866,294.0,0.06920945644378662,0.1657895784456398,26,True,E,V
3SGB_E_I,2.1137663396662267,294.0,-0.14164304733276367,0.1657895784456398,26,True,E,T
3SGB_E_I,2.2436094623831533,294.0,-2.6918004751205444,0.1657895784456398,26,True,E,P
3SGB_E_I,0.7685089561516207,294.0,-0.8160504102706909,0.1657895784456398,26,True,E,L
3SGB_E_I,-0.6147463206605049,294.0,-0.8060322999954224,0.1657895784456398,26,True,E,I
3SGB_E_I,-0.18686927087657051,294.0,-0.9608196020126343,0.1657895784456398,26,True,E,M
3SGB_E_I,1.0867591945439443,294.0,-2.1413060426712027,0.1657895784456398,26,True,E,N
3SGB_E_I,0.5450422829199899,294.0,-1.8553708791732788,0.1657895784456398,26,True,E,D
3SGB_E_I,0.16644052507198676,294.0,-1.9682377576828003,0.1657895784456398,26,True,E,K
3SGB_E_I,0.180986617310868,294.0,-1.3625255823135376,0.1657895784456398,26,True,E,Q
3SGB_E_I,0.5187799803432317,294.0,-3.044774889945984,0.1657895784456398,26,True,E,H
3SGB_E_I,1.9166607329129333,294.0,-2.560588240623474,0.1657895784456398,26,True,E,F
3SGB_E_I,1.2573686109120907,294.0,-1.8235243558883667,0.1657895784456398,26,True,E,R
3SGB_E_I,0.7685089561516207,294.0,-2.6812294721603394,0.1657895784456398,26,True,E,Y
3SGB_E_I,1.5262440008254738,294.0,-3.4238656759262085,0.1657895784456398,26,True,E,W
1CHO_EFG_I,3.132071663211279,294.0,-4.900497257709503,0.0734639621561867,25,True,Y,G
1CHO_EFG_I,2.5081987404267805,294.0,-4.716426193714142,0.0734639621561867,25,True,Y,A
1CHO_EFG_I,2.829264734318991,294.0,-3.999036133289337,0.0734639621561867,25,True,Y,S
1CHO_EFG_I,2.5081987404267805,294.0,-4.770733654499054,0.0734639621561867,25,True,Y,C
1CHO_EFG_I,3.4157237097400417,294.0,-4.94988089799881,0.0734639621561867,25,True,Y,V
1CHO_EFG_I,3.258252470805916,294.0,-4.771088421344757,0.0734639621561867,25,True,Y,T
1CHO_EFG_I,8.446890288870652,294.0,-5.051060497760773,0.0734639621561867,25,True,Y,P
1CHO_EFG_I,0.67495696502462,294.0,-2.2795806527137756,0.0734639621561867,25,True,Y,L
1CHO_EFG_I,2.080018111598135,294.0,-4.559888184070587,0.0734639621561867,25,True,Y,I
1CHO_EFG_I,1.2095885945200828,294.0,-4.146690189838409,0.0734639621561867,25,True,Y,M
1CHO_EFG_I,2.9591078570359177,294.0,-4.129785358905793,0.0734639621561867,25,True,Y,N
1CHO_EFG_I,6.209000463056533,294.0,-4.250331223011017,0.0734639621561867,25,True,Y,D
1CHO_EFG_I,3.1215445701448257,294.0,-4.618732750415802,0.0734639621561867,25,True,Y,K
1CHO_EFG_I,3.110824308665834,294.0,-4.689503014087677,0.0734639621561867,25,True,Y,Q
1CHO_EFG_I,4.946449873188759,294.0,-4.592140018939972,0.0734639621561867,25,True,Y,E
1CHO_EFG_I,1.5671449376509607,294.0,-3.7128995060920715,0.0734639621561867,25,True,Y,H
1CHO_EFG_I,0.1785324269535242,294.0,-1.4567273259162898,0.0734639621561867,25,True,Y,F
1CHO_EFG_I,2.869047193982736,294.0,-4.00475150346756,0.0734639621561867,25,True,Y,R
1CHO_EFG_I,0.3869154323452293,294.0,-1.154185116291046,0.0734639621561867,25,True,Y,W
1PPF_E_I,4.127864947327173,294.0,-4.233733892440796,0.0859012912718916,28,True,Y,G
1PPF_E_I,3.16587205876721,294.0,-2.5764067173004155,0.0859012912718916,28,True,Y,A
1PPF_E_I,3.5932934440083013,294.0,-2.1349501609802246,0.0859012912718916,28,True,Y,S
1PPF_E_I,3.4038118587867254,294.0,-4.110794305801392,0.0859012912718916,28,True,Y,C
1PPF_E_I,4.127864947327173,294.0,-4.289170503616333,0.0859012912718916,28,True,Y,V
1PPF_E_I,4.985256363393258,294.0,-4.184148073196411,0.0859012912718916,28,True,Y,T
1PPF_E_I,5.292747374230716,294.0,-4.468279123306274,0.0859012912718916,28,True,Y,P
1PPF_E_I,1.3558480878673547,294.0,-1.020873785018921,0.0859012912718916,28,True,Y,L
1PPF_E_I,3.8771207881905467,294.0,-4.103752851486207,0.0859012912718916,28,True,Y,I
1PPF_E_I,2.7734067774641824,294.0,-3.843585729599,0.0859012912718916,28,True,Y,M
1PPF_E_I,3.5932934440083013,294.0,-2.9509127140045166,0.0859012912718916,28,True,Y,N
1PPF_E_I,6.330513746907864,294.0,-3.5188682079315186,0.0859012912718916,28,True,Y,D
1PPF_E_I,4.431760330525139,294.0,-3.8404877185821533,0.0859012912718916,28,True,Y,K
1PPF_E_I,4.631946567444701,294.0,-4.125647783279419,0.0859012912718916,28,True,Y,Q
1PPF_E_I,6.330513746907864,294.0,-3.970327615737916,0.0859012912718916,28,True,Y,E
1PPF_E_I,2.3457522521005347,294.0,-2.9877870082855225,0.0859012912718916,28,True,Y,H
1PPF_E_I,0.4753572917379983,294.0,-1.0915355682373047,0.0859012912718916,28,True,Y,F
1PPF_E_I,4.311700449060212,294.0,-3.4179441928863525,0.0859012912718916,28,True,Y,R
1PPF_E_I,0.2321187512917611,294.0,-0.17546617984771706,0.0859012912718916,28,True,Y,W
1R0R_E_I,6.313320709756322,294.0,-4.041842699050903,0.1407964775405353,26,True,Y,G
1R0R_E_I,5.39864608050352,294.0,-4.128767728805542,0.1407964775405353,26,True,Y,A
1R0R_E_I,5.091134236641863,294.0,-3.5028440952301025,0.1407964775405353,26,True,Y,S
1R0R_E_I,3.2089108854280166,294.0,-3.939135789871216,0.1407964775405353,26,True,Y,C
1R0R_E_I,3.461408261590106,294.0,-3.9007022380828857,0.1407964775405353,26,True,Y,V
1R0R_E_I,5.39864608050352,294.0,-3.546926736831665,0.1407964775405353,26,True,Y,T
1R0R_E_I,6.562173109468688,294.0,-4.053123712539673,0.1407964775405353,26,True,Y,P
1R0R_E_I,2.539413475854068,294.0,-3.620455026626587,0.1407964775405353,26,True,Y,L
1R0R_E_I,2.8248446273697567,294.0,-4.1106555461883545,0.1407964775405353,26,True,Y,I
1R0R_E_I,3.0954775913555523,294.0,-3.4468348026275635,0.1407964775405353,26,True,Y,M
1R0R_E_I,5.538577198901273,294.0,-2.876126527786255,0.1407964775405353,26,True,Y,N
1R0R_E_I,5.69127638896038,294.0,-3.4090993404388428,0.1407964775405353,26,True,Y,D
1R0R_E_I,5.435990282642292,294.0,-4.038311719894409,0.1407964775405353,26,True,Y,K
1R0R_E_I,4.440734974870159,294.0,-3.88590931892395,0.1407964775405353,26,True,Y,Q
1R0R_E_I,4.554168268942623,294.0,-3.5138542652130127,0.1407964775405353,26,True,Y,E
1R0R_E_I,3.422993817575978,294.0,-1.93216872215271,0.1407964775405353,26,True,Y,H
1R0R_E_I,0.6084567814519865,294.0,-1.7332608699798584,0.1407964775405353,26,True,Y,F
1R0R_E_I,4.408041810903877,294.0,-3.711724042892456,0.1407964775405353,26,True,Y,R
1R0R_E_I,-0.3591167357756131,294.0,0.5702669620513915,0.1407964775405353,26,True,Y,W
3SGB_E_I,2.8029873013745568,294.0,-4.083818674087524,0.1374928185978418,25,True,Y,G
3SGB_E_I,1.9166607329129333,294.0,-3.529024362564087,0.1374928185978418,25,True,Y,A
3SGB_E_I,2.0074223412912264,294.0,-1.6383893489837646,0.1374928185978418,25,True,Y,S
3SGB_E_I,1.6717396555880715,294.0,-4.314237356185913,0.1374928185978418,25,True,Y,C
3SGB_E_I,4.360384859875042,294.0,-4.232071161270142,0.1374928185978418,25,True,Y,V
3SGB_E_I,4.804281106695439,294.0,-4.052257776260376,0.1374928185978418,25,True,Y,T
3SGB_E_I,6.18932094987379,294.0,-4.42069411277771,0.1374928185978418,25,True,Y,P
3SGB_E_I,1.5542928042263697,294.0,-0.30213403701782227,0.1374928185978418,25,True,Y,L
3SGB_E_I,3.5421613100274083,294.0,-4.293268918991089,0.1374928185978418,25,True,Y,I
3SGB_E_I,1.9750163723764476,294.0,-3.7184784412384033,0.1374928185978418,25,True,Y,M
3SGB_E_I,3.1147399247863174,294.0,-3.0010926723480225,0.1374928185978418,25,True,Y,N
3SGB_E_I,2.87150138434008,294.0,-2.6665954589843754,0.1374928185978418,25,True,Y,D
3SGB_E_I,3.3853728887721135,294.0,-3.2033984661102295,0.1374928185978418,25,True,Y,K
3SGB_E_I,3.235557049949202,294.0,-3.1111748218536377,0.1374928185978418,25,True,Y,Q
3SGB_E_I,2.0074223412912264,294.0,-1.852369785308838,0.1374928185978418,25,True,Y,E
3SGB_E_I,1.6901134295150346,294.0,-3.348475217819214,0.1374928185978418,25,True,Y,H
3SGB_E_I,0.16644052507198676,294.0,-1.3423171043395996,0.1374928185978418,25,True,Y,F
3SGB_E_I,2.722274643483289,294.0,-2.9109442234039307,0.1374928185978418,25,True,Y,R
3SGB_E_I,0.38335270177271713,294.0,-1.1872234344482422,0.1374928185978418,25,True,Y,W
1CHO_EFG_I,3.4377730381360534,294.0,-4.459866404533386,0.340218621570505,23,True,R,G
1CHO_EFG_I,3.1475149727113148,294.0,-3.775969386100769,0.340218621570505,23,True,R,A
1CHO_EFG_I,3.1424124262304187,294.0,-3.66100013256073,0.340218621570505,23,True,R,S
1CHO_EFG_I,3.4708235791385684,294.0,-4.300351023674011,0.340218621570505,23,True,R,C
1CHO_EFG_I,2.03744975352773,294.0,-2.7318655252456665,0.340218621570505,23,True,R,V
1CHO_EFG_I,2.6321591275656977,294.0,-2.496907353401184,0.340218621570505,23,True,R,T
1CHO_EFG_I,7.188345491290064,294.0,-4.7628525495529175,0.340218621570505,23,True,R,P
1CHO_EFG_I,2.791266841021472,294.0,-2.867743134498596,0.340218621570505,23,True,R,L
1CHO_EFG_I,2.080018111598135,294.0,-3.2998746633529663,0.340218621570505,23,True,R,I
1CHO_EFG_I,2.5795357585106022,294.0,-3.5790590047836304,0.340218621570505,23,True,R,M
1CHO_EFG_I,3.4708235791385684,294.0,-2.6671329736709595,0.340218621570505,23,True,R,N
1CHO_EFG_I,3.7306258710132005,294.0,-3.950106978416443,0.340218621570505,23,True,R,D
1CHO_EFG_I,0.6535800246167384,294.0,-0.9493862390518188,0.340218621570505,23,True,R,K
1CHO_EFG_I,2.4441084799400876,294.0,-2.5142802000045776,0.340218621570505,23,True,R,Q
1CHO_EFG_I,3.4708235791385684,294.0,-3.1356974840164185,0.340218621570505,23,True,R,E
1CHO_EFG_I,2.755613899910272,294.0,-3.6956628561019897,0.340218621570505,23,True,R,H
1CHO_EFG_I,2.912402321165567,294.0,-3.619291663169861,0.340218621570505,23,True,R,F
1CHO_EFG_I,2.9591078570359177,294.0,-3.8725942373275757,0.340218621570505,23,True,R,Y
1CHO_EFG_I,2.4056118241677993,294.0,-4.3345993757247925,0.340218621570505,23,True,R,W
1PPF_E_I,0.5699121143241247,294.0,-4.149174094200134,0.3953302597846174,22,True,R,G
1PPF_E_I,0.20516799224920493,294.0,-3.031895518302917,0.3953302597846174,22,True,R,A
1PPF_E_I,0.41380168971015,294.0,-2.808000206947327,0.3953302597846174,22,True,R,S
1PPF_E_I,-0.08005332156307979,294.0,-4.016522288322449,0.3953302597846174,22,True,R,C
1PPF_E_I,-0.3447625149286773,294.0,-3.3405946493148804,0.3953302597846174,22,True,R,V
1PPF_E_I,-0.018089304378159282,294.0,-2.921180605888367,0.3953302597846174,22,True,R,T
1PPF_E_I,6.612599109073365,294.0,-4.492666602134705,0.3953302597846174,22,True,R,P
1PPF_E_I,-0.8466822872743035,294.0,-1.5036202669143681,0.3953302597846174,22,True,R,L
1PPF_E_I,-0.8000350496663948,294.0,-3.184900641441345,0.3953302597846174,22,True,R,I
1PPF_E_I,-0.7490829666137231,294.0,-2.382968783378601,0.3953302597846174,22,True,R,M
1PPF_E_I,0.32490950276326075,294.0,-2.081851601600647,0.3953302597846174,22,True,R,N
1PPF_E_I,0.20516799224920493,294.0,-2.86718213558197,0.3953302597846174,22,True,R,D
1PPF_E_I,0.5961744169008829,294.0,-1.86117422580719,0.3953302597846174,22,True,R,K
1PPF_E_I,-0.018089304378159282,294.0,-1.975152611732483,0.3953302597846174,22,True,R,Q
1PPF_E_I,0.4544607254699182,294.0,-3.01762330532074,0.3953302597846174,22,True,R,E
1PPF_E_I,-0.4858338337183474,294.0,-2.546553730964661,0.3953302597846174,22,True,R,H
1PPF_E_I,-0.9676429774602477,294.0,-2.487754225730896,0.3953302597846174,22,True,R,F
1PPF_E_I,0.21757265905287973,294.0,-3.1921404600143433,0.3953302597846174,22,True,R,Y
1PPF_E_I,-0.5256162933820924,294.0,-4.069688677787781,0.3953302597846174,22,True,R,W
1R0R_E_I,2.0604670627429025,294.0,-2.3279993534088135,0.4503870060300047,19,True,R,G
1R0R_E_I,-0.09471596942438448,294.0,0.41576099395751953,0.4503870060300047,19,True,R,A
1R0R_E_I,-0.01611792863419307,294.0,0.6523926258087158,0.4503870060300047,19,True,R,S
1R0R_E_I,0.1134332940724643,294.0,-2.4559719562530518,0.4503870060300047,19,True,R,C
1R0R_E_I,0.1134332940724643,294.0,-1.9673993587493896,0.4503870060300047,19,True,R,V
1R0R_E_I,0.3398636914452807,294.0,-1.220445156097412,0.4503870060300047,19,True,R,T
1R0R_E_I,7.288038163154666,294.0,-2.7182610034942627,0.4503870060300047,19,True,R,P
1R0R_E_I,0.2288846829266709,294.0,-1.923827886581421,0.4503870060300047,19,True,R,L
1R0R_E_I,0.2041949024507575,294.0,-2.074321985244751,0.4503870060300047,19,True,R,I
1R0R_E_I,0.44061576543754044,294.0,-2.0699856281280518,0.4503870060300047,19,True,R,M
1R0R_E_I,-0.04975241557077859,294.0,0.925232529640198,0.4503870060300047,19,True,R,N
1R0R_E_I,-0.1774227630712159,294.0,1.2360388040542603,0.4503870060300047,19,True,R,D
1R0R_E_I,-0.09471596942438448,294.0,-0.28664183616638184,0.4503870060300047,19,True,R,K
1R0R_E_I,0.17987794436637158,294.0,-0.7087700366973881,0.4503870060300047,19,True,R,Q
1R0R_E_I,0.3398636914452807,294.0,-0.30925726890563965,0.4503870060300047,19,True,R,E
1R0R_E_I,0.5183961183988048,294.0,-1.1875324249267578,0.4503870060300047,19,True,R,H
1R0R_E_I,0.44061576543754044,294.0,-1.687697172164917,0.4503870060300047,19,True,R,F
1R0R_E_I,0.8119094802987126,294.0,-1.5193331241607675,0.4503870060300047,19,True,R,Y
1R0R_E_I,0.9322911756978981,294.0,-2.084394693374634,0.4503870060300047,19,True,R,W
3SGB_E_I,1.0918175625788742,294.0,-3.027934432029724,0.3908571352070532,16,True,R,G
3SGB_E_I,0.053007230999522245,294.0,-1.346338152885437,0.3908571352070532,16,True,R,A
3SGB_E_I,0.2737773687823677,294.0,-1.479019045829773,0.3908571352070532,16,True,R,S
3SGB_E_I,0.5450422829199899,294.0,-3.0762933492660522,0.3908571352070532,16,True,R,C
3SGB_E_I,-0.023306024639640727,294.0,-1.4463673830032349,0.3908571352070532,16,True,R,V
3SGB_E_I,0.44744296225940944,294.0,-1.4425917863845825,0.3908571352070532,16,True,R,T
3SGB_E_I,7.577933460571226,294.0,-3.416559100151062,0.3908571352070532,16,True,R,P
3SGB_E_I,0.22479616453550091,294.0,-2.457030177116394,0.3908571352070532,16,True,R,L
3SGB_E_I,0.24014288184578209,294.0,-1.5492562055587769,0.3908571352070532,16,True,R,I
3SGB_E_I,0.12578148931221866,294.0,-2.3098949193954468,0.3908571352070532,16,True,R,M
3SGB_E_I,0.32648227207346525,294.0,-0.06181299686431885,0.3908571352070532,16,True,R,N
3SGB_E_I,0.6297589888618415,294.0,-0.3140345811843872,0.3908571352070532,16,True,R,D
3SGB_E_I,-0.2739414984706976,294.0,-0.17595303058624223,0.3908571352070532,16,True,R,K
3SGB_E_I,0.04096066280246143,294.0,-0.050872206687927246,0.3908571352070532,16,True,R,Q
3SGB_E_I,0.6621649577766203,294.0,-0.7197092771530151,0.3908571352070532,16,True,R,E
3SGB_E_I,0.44744296225940944,294.0,-1.688370585441589,0.3908571352070532,16,True,R,H
3SGB_E_I,0.22479616453550091,294.0,-2.3677390813827515,0.3908571352070532,16,True,R,F
3SGB_E_I,0.2898952974165607,294.0,-2.0736716985702515,0.3908571352070532,16,True,R,Y
3SGB_E_I,0.3075118438616566,294.0,-2.805280089378357,0.3908571352070532,16,True,R,W
1CHO_EFG_I,0.627609622050249,294.0,-1.2416683435440063,0.5342009759636484,13,True,P,G
1CHO_EFG_I,0.37534598778301587,294.0,-0.8365164995193477,0.5342009759636484,13,True,P,A
1CHO_EFG_I,-0.43457966086966526,294.0,-0.12473547458648682,0.5342009759636484,13,True,P,S
1CHO_EFG_I,-0.9699113957315901,294.0,-3.6135834455490112,0.5342009759636484,13,True,P,C
1CHO_EFG_I,-0.5420343459476559,294.0,-2.9903424978256226,0.5342009759636484,13,True,P,V
1CHO_EFG_I,-0.5420343459476559,294.0,-1.7396231889724727,0.5342009759636484,13,True,P,T
1CHO_EFG_I,-0.5172864545164967,294.0,-2.632137179374695,0.5342009759636484,13,True,P,L
1CHO_EFG_I,-0.5039774995496228,294.0,-3.217898726463318,0.5342009759636484,13,True,P,I
1CHO_EFG_I,-0.816628259738412,294.0,-3.0124329328536987,0.5342009759636484,13,True,P,M
1CHO_EFG_I,-0.7691732826704425,294.0,-0.7382785081863403,0.5342009759636484,13,True,P,N
1CHO_EFG_I,-0.8395424851960057,294.0,0.4470634460449219,0.5342009759636484,13,True,P,D
1CHO_EFG_I,0.3811593477710422,294.0,-1.2811282873153687,0.5342009759636484,13,True,P,K
1CHO_EFG_I,-0.7176477614643569,294.0,-1.892361044883728,0.5342009759636484,13,True,P,Q
1CHO_EFG_I,-0.7101091038569578,294.0,-0.4984019994735718,0.5342009759636484,13,True,P,E
1CHO_EFG_I,-0.11097900851860978,294.0,-2.5474647283554077,0.5342009759636484,13,True,P,H
1CHO_EFG_I,-0.30327671678837614,294.0,-3.180261969566345,0.5342009759636484,13,True,P,F
1CHO_EFG_I,0.39261535910148493,294.0,-2.212933897972107,0.5342009759636484,13,True,P,R
1CHO_EFG_I,-0.38961610701605937,294.0,-3.21851909160614,0.5342009759636484,13,True,P,Y
1CHO_EFG_I,-0.20553383110473633,294.0,-3.2867482900619507,0.5342009759636484,13,True,P,W
1PPF_E_I,0.09209279678335446,294.0,-3.5856825709342957,0.7658407015440719,10,True,P,G
1PPF_E_I,-0.12240793841748339,294.0,-1.88127201795578,0.7658407015440719,10,True,P,A
1PPF_E_I,-0.5636141866796118,294.0,-1.9760167002677917,0.7658407015440719,10,True,P,S
1PPF_E_I,-1.9772176752716986,294.0,-4.495797812938691,0.7658407015440719,10,True,P,C
1PPF_E_I,-1.5039087458678775,294.0,-3.1631447672843933,0.7658407015440719,10,True,P,V
1PPF_E_I,-0.2605152118635223,294.0,-2.7236935496330266,0.7658407015440719,10,True,P,T
1PPF_E_I,-2.8828352388476515,294.0,-3.136676013469696,0.7658407015440719,10,True,P,L
1PPF_E_I,-1.6284642964154354,294.0,-3.549025237560272,0.7658407015440719,10,True,P,I
1PPF_E_I,-1.5526234385043747,294.0,-3.686356246471405,0.7658407015440719,10,True,P,M
1PPF_E_I,-0.6319602917570927,294.0,-3.062443435192108,0.7658407015440719,10,True,P,N
1PPF_E_I,-0.4858338337183474,294.0,-1.7259661555290222,0.7658407015440719,10,True,P,D
1PPF_E_I,-0.4424787065355168,294.0,-1.816374957561493,0.7658407015440719,10,True,P,K
1PPF_E_I,-0.8000350496663948,294.0,-2.672937572002411,0.7658407015440719,10,True,P,Q
1PPF_E_I,-1.4091927764434928,294.0,-1.221631944179535,0.7658407015440719,10,True,P,E
1PPF_E_I,-1.741030554179772,294.0,-3.6344820857048035,0.7658407015440719,10,True,P,H
1PPF_E_I,-1.8310912172329534,294.0,-3.7024447321891785,0.7658407015440719,10,True,P,F
1PPF_E_I,-0.13573713689567754,294.0,-2.4516655802726746,0.7658407015440719,10,True,P,R
1PPF_E_I,-0.9492692035332845,294.0,-4.088918387889862,0.7658407015440719,10,True,P,Y
1PPF_E_I,-1.9772176752716986,294.0,-4.205516993999482,0.7658407015440719,10,True,P,W
1R0R_E_I,-0.3410274313974538,294.0,-5.142762005329132,0.3965868526055661,21,True,P,G
1R0R_E_I,-0.6300477042863095,294.0,-3.8591082692146306,0.3965868526055661,21,True,P,A
1R0R_E_I,0.13432986034054437,294.0,-4.525690376758575,0.3965868526055661,21,True,P,S
1R0R_E_I,-0.9729877231545464,294.0,-5.540160953998566,0.3965868526055661,21,True,P,C
1R0R_E_I,1.312564219548325,294.0,-5.242842972278595,0.3965868526055661,21,True,P,V
1R0R_E_I,1.181143575410264,294.0,-5.123540699481964,0.3965868526055661,21,True,P,T
1R0R_E_I,1.16783462044339,294.0,-5.217205822467804,0.3965868526055661,21,True,P,L
1R0R_E_I,1.7175270438746657,294.0,-5.376566231250763,0.3965868526055661,21,True,P,I
1R0R_E_I,-0.03269316396628093,294.0,-5.220697224140167,0.3965868526055661,21,True,P,M
1R0R_E_I,-0.9046416180770656,294.0,-5.216933071613312,0.3965868526055661,21,True,P,N
1R0R_E_I,-2.4863198645784546,294.0,-4.397910416126251,0.3965868526055661,21,True,P,D
1R0R_E_I,0.3398636914452807,294.0,-5.1357086300849915,0.3965868526055661,21,True,P,K
1R0R_E_I,-1.3950097990853847,294.0,-4.961197197437286,0.3965868526055661,21,True,P,Q
1R0R_E_I,-2.211901108294152,294.0,-4.104663193225861,0.3965868526055661,21,True,P,E
1R0R_E_I,-0.21351543539775555,294.0,-5.267017662525177,0.3965868526055661,21,True,P,H
1R0R_E_I,1.3628739299597017,294.0,-5.285605728626251,0.3965868526055661,21,True,P,F
1R0R_E_I,1.0871219625521225,294.0,-5.226077854633331,0.3965868526055661,21,True,P,R
1R0R_E_I,0.845578589763881,294.0,-5.3964298367500305,0.3965868526055661,21,True,P,Y
1R0R_E_I,0.47861365873505995,294.0,-5.374456703662872,0.3965868526055661,21,True,P,W
3SGB_E_I,0.053007230999522245,294.0,0.0024716854095458984,0.6699203495433302,13,True,P,G
3SGB_E_I,-0.18686927087657051,294.0,2.4683148860931396,0.6699203495433302,13,True,P,A
3SGB_E_I,0.0648104174565918,294.0,1.164000272750854,0.6699203495433302,13,True,P,S
3SGB_E_I,-0.3228830355512798,294.0,-1.8802165985107422,0.6699203495433302,13,True,P,C
3SGB_E_I,-0.30610950477609083,294.0,-0.761530876159668,0.6699203495433302,13,True,P,V
3SGB_E_I,-0.10717230056479463,294.0,-0.21927714347839355,0.6699203495433302,13,True,P,T
3SGB_E_I,-0.1394142938086011,294.0,-0.7233004570007324,0.6699203495433302,13,True,P,L
3SGB_E_I,-0.023306024639640727,294.0,-1.5111746788024902,0.6699203495433302,13,True,P,I
3SGB_E_I,-0.4936108405164099,294.0,-1.2203826904296875,0.6699203495433302,13,True,P,M
3SGB_E_I,-0.1230709104001473,294.0,-0.017041206359862837,0.6699203495433302,13,True,P,N
3SGB_E_I,-1.0187751114411407,294.0,1.2923712730407715,0.6699203495433302,13,True,P,D
3SGB_E_I,0.11247253434534478,294.0,0.6513981819152832,0.6699203495433302,13,True,P,K
3SGB_E_I,-0.31164734584441545,294.0,0.28914809226989746,0.6699203495433302,13,True,P,Q
3SGB_E_I,-0.6147463206605049,294.0,1.7373431921005251,0.6699203495433302,13,True,P,E
3SGB_E_I,0.2737773687823677,294.0,-1.27769136428833,0.6699203495433302,13,True,P,H
3SGB_E_I,-0.34015240686974874,294.0,-1.5347871780395508,0.6699203495433302,13,True,P,F
3SGB_E_I,0.3075118438616566,294.0,-0.16055417060852095,0.6699203495433302,13,True,P,R
3SGB_E_I,-0.3958946489095705,294.0,-1.7139978408813477,0.6699203495433302,13,True,P,Y
3SGB_E_I,-0.4936108405164099,294.0,-1.6896309852600098,0.6699203495433302,13,True,P,W
1CHO_EFG_I,1.7971550427158125,294.0,-3.936739683151245,0.3106879463808064,14,False,K,G
1CHO_EFG_I,0.1785324269535242,294.0,-1.838529348373413,0.3106879463808064,14,False,K,A
1CHO_EFG_I,-0.4207235681500779,294.0,-1.5749623775482178,0.3106879463808064,14,False,K,S
1CHO_EFG_I,0.4962915027625695,294.0,-4.0145790576934814,0.3106879463808064,14,False,K,C
1CHO_EFG_I,1.185271636435697,294.0,-2.3932385444641113,0.3106879463808064,14,False,K,V
1CHO_EFG_I,0.37534598778301587,294.0,-2.635529756546021,0.3106879463808064,14,False,K,T
1CHO_EFG_I,2.0475521007678417,294.0,-4.164329290390015,0.3106879463808064,14,False,K,P
1CHO_EFG_I,0.37534598778301587,294.0,-2.3897883892059326,0.3106879463808064,14,False,K,L
1CHO_EFG_I,1.5237898104681304,294.0,-2.769890546798706,0.3106879463808064,14,False,K,I
1CHO_EFG_I,0.4203095416366217,294.0,-2.860982656478882,0.3106879463808064,14,False,K,M
1CHO_EFG_I,-0.3559816200794738,294.0,-2.542831897735596,0.3106879463808064,14,False,K,N
1CHO_EFG_I,-0.5039774995496228,294.0,-3.189829111099243,0.3106879463808064,14,False,K,D
1CHO_EFG_I,-0.5649485714052496,294.0,-0.8055074214935298,0.3106879463808064,14,False,K,Q
1CHO_EFG_I,0.1785324269535242,294.0,-2.145918130874634,0.3106879463808064,14,False,K,E
1CHO_EFG_I,0.1387499672897792,294.0,-3.6177260875701904,0.3106879463808064,14,False,K,H
1CHO_EFG_I,1.0781679503820216,294.0,-4.1938087940216064,0.3106879463808064,14,False,K,F
1CHO_EFG_I,-0.37255685541156175,294.0,-0.43775439262390137,0.3106879463808064,14,False,K,R
1CHO_EFG_I,1.060354440653193,294.0,-4.200454473495483,0.3106879463808064,14,False,K,Y
1CHO_EFG_I,1.0053936920693252,294.0,-4.154596567153931,0.3106879463808064,14,False,K,W
1PPF_E_I,1.2315695750149407,294.0,-4.766128122806549,0.3006347303985449,17,False,K,G
1PPF_E_I,0.7459902557237943,294.0,-4.314389288425446,0.3006347303985449,17,False,K,A
1PPF_E_I,0.4544607254699182,294.0,-4.3232603669166565,0.3006347303985449,17,False,K,S
1PPF_E_I,0.9494842128494403,294.0,-4.636309206485748,0.3006347303985449,17,False,K,C
1PPF_E_I,0.8594235497962587,294.0,-2.4058573842048645,0.3006347303985449,17,False,K,V
1PPF_E_I,0.16360466832623793,294.0,-3.2640514969825745,0.3006347303985449,17,False,K,T
1PPF_E_I,1.2486288266194383,294.0,-4.783668100833893,0.3006347303985449,17,False,K,P
1PPF_E_I,0.39598817998132163,294.0,-2.311957895755768,0.3006347303985449,17,False,K,L
1PPF_E_I,0.6225354833792203,294.0,-2.5353601574897766,0.3006347303985449,17,False,K,I
1PPF_E_I,0.20516799224920493,294.0,-3.7915430665016174,0.3006347303985449,17,False,K,M
1PPF_E_I,0.6512742862994099,294.0,-4.1406503319740295,0.3006347303985449,17,False,K,N
1PPF_E_I,0.6225354833792203,294.0,-4.718187391757965,0.3006347303985449,17,False,K,D
1PPF_E_I,0.24631146197306927,294.0,-1.5256310105323792,0.3006347303985449,17,False,K,Q
1PPF_E_I,1.1172081824813773,294.0,-3.3463745713233948,0.3006347303985449,17,False,K,E
1PPF_E_I,1.0004948685859285,294.0,-4.336119711399078,0.3006347303985449,17,False,K,H
1PPF_E_I,0.9494842128494403,294.0,-4.685299456119537,0.3006347303985449,17,False,K,F
1PPF_E_I,-0.6319602917570927,294.0,-1.2821272015571594,0.3006347303985449,17,False,K,R
1PPF_E_I,0.4985750962403025,294.0,-4.754193842411041,0.3006347303985449,17,False,K,Y
1PPF_E_I,0.8196410901325136,294.0,-4.736266195774078,0.3006347303985449,17,False,K,W
1R0R_E_I,-0.826861265115801,294.0,-4.221858620643616,0.2296510595622954,20,True,K,G
1R0R_E_I,-0.6015426432609761,294.0,-1.4081939458847046,0.2296510595622954,20,True,K,A
1R0R_E_I,-0.3030989748160895,294.0,-2.5875121355056763,0.2296510595622954,20,True,K,S
1R0R_E_I,-0.6071334788287157,294.0,-4.138504147529602,0.2296510595622954,20,True,K,C
1R0R_E_I,0.4049628243263405,294.0,-4.031386971473694,0.2296510595622954,20,True,K,V
1R0R_E_I,0.8774126504423483,294.0,-4.16147768497467,0.2296510595622954,20,True,K,T
1R0R_E_I,1.329139454880413,294.0,-4.4626017808914185,0.2296510595622954,20,True,K,P
1R0R_E_I,-0.3234814322999531,294.0,-1.856730341911316,0.2296510595622954,20,True,K,L
1R0R_E_I,1.1083693170975677,294.0,-4.224496483802795,0.2296510595622954,20,True,K,I
1R0R_E_I,-0.5534960328681187,294.0,-2.262093663215637,0.2296510595622954,20,True,K,M
1R0R_E_I,-0.3854212749588166,294.0,-3.560887932777405,0.2296510595622954,20,True,K,N
1R0R_E_I,-0.5850841504327037,294.0,-3.548897862434387,0.2296510595622954,20,True,K,D
1R0R_E_I,-0.5235285484048554,294.0,-0.04550158977508545,0.2296510595622954,20,True,K,Q
1R0R_E_I,-0.10890868010569268,294.0,-1.742775559425354,0.2296510595622954,20,True,K,E
1R0R_E_I,-0.5850841504327037,294.0,-3.569191575050354,0.2296510595622954,20,True,K,H
1R0R_E_I,-0.7835061379329705,294.0,-4.2746044397354135,0.2296510595622954,20,True,K,F
1R0R_E_I,0.13432986034054437,294.0,0.04166603088378906,0.2296510595622954,20,True,K,R
1R0R_E_I,-0.6857899463261313,294.0,-4.2666836977005005,0.2296510595622954,20,True,K,Y
1R0R_E_I,-1.0901103980111768,294.0,-4.3634573221206665,0.2296510595622954,20,True,K,W
3SGB_E_I,-0.7154983946527647,294.0,-3.4900693893432617,0.143509441627215,20,True,K,G
3SGB_E_I,-2.5364789087609,294.0,-2.0616226196289062,0.143509441627215,20,True,K,A
3SGB_E_I,-2.551720760787796,294.0,-2.296353340148926,0.143509441627215,20,True,K,S
3SGB_E_I,-0.5767484273629854,294.0,-3.4686050415039062,0.143509441627215,20,True,K,C
3SGB_E_I,-0.9419287920255809,294.0,-3.113523483276367,0.143509441627215,20,True,K,V
3SGB_E_I,-1.9220058108775915,294.0,-3.215243339538574,0.143509441627215,20,True,K,T
3SGB_E_I,0.0,294.0,-3.536072254180908,0.143509441627215,20,True,K,P
3SGB_E_I,-1.792162688160665,294.0,1.0686864256858823,0.143509441627215,20,True,K,L
3SGB_E_I,-1.3259950500838416,294.0,-2.1838111877441406,0.143509441627215,20,True,K,I
3SGB_E_I,-1.15007805552243,294.0,-1.7773017883300788,0.143509441627215,20,True,K,M
3SGB_E_I,-0.6503992617717048,294.0,-2.239835739135742,0.143509441627215,20,True,K,N
3SGB_E_I,-0.6147463206605049,294.0,-3.3468098640441895,0.143509441627215,20,True,K,D
3SGB_E_I,-0.6147463206605049,294.0,-1.0228722095489509,0.143509441627215,20,True,K,Q
3SGB_E_I,0.03175987645407713,294.0,-2.844244956970215,0.143509441627215,20,True,K,E
3SGB_E_I,-0.3958946489095705,294.0,-2.9808688163757324,0.143509441627215,20,True,K,H
3SGB_E_I,-0.7154983946527647,294.0,-3.177915573120117,0.143509441627215,20,True,K,F
3SGB_E_I,-0.6830924257379858,294.0,0.4828425645828245,0.143509441627215,20,True,K,R
3SGB_E_I,-0.5767484273629854,294.0,-3.28195858001709,0.143509441627215,20,True,K,Y
3SGB_E_I,-0.0132036773995288,294.0,-3.3303070068359375,0.143509441627215,20,True,K,W
1CHO_EFG_I,-1.0766642935079005,294.0,-0.8939495086669924,0.0315754327847085,26,True,G,A
1CHO_EFG_I,-0.1356687889945232,294.0,-1.8434454202651978,0.0315754327847085,26,True,G,S
1CHO_EFG_I,2.5081987404267805,294.0,-3.7071202993392944,0.0315754327847085,26,True,G,C
1CHO_EFG_I,0.692192370013124,294.0,-4.3487643003463745,0.0315754327847085,26,True,G,V
1CHO_EFG_I,2.0475521007678417,294.0,-3.240108847618104,0.0315754327847085,26,True,G,T
1CHO_EFG_I,0.31960374574319406,294.0,-1.7785080671310425,0.0315754327847085,26,True,G,P
1CHO_EFG_I,1.7264167312856482,294.0,-4.201428771018982,0.0315754327847085,26,True,G,L
1CHO_EFG_I,2.334533146949738,294.0,-4.595848441123962,0.0315754327847085,26,True,G,I
1CHO_EFG_I,1.6138504735213117,294.0,-3.5624459981918335,0.0315754327847085,26,True,G,M
1CHO_EFG_I,0.9402945591882654,294.0,-3.8232210874557495,0.0315754327847085,26,True,G,N
1CHO_EFG_I,3.065860754812228,294.0,-3.9980329275131226,0.0315754327847085,26,True,G,D
1CHO_EFG_I,1.5671449376509607,294.0,-4.161748766899109,0.0315754327847085,26,True,G,K
1CHO_EFG_I,2.350651075583931,294.0,-4.05009925365448,0.0315754327847085,26,True,G,Q
1CHO_EFG_I,2.5795357585106022,294.0,-3.841464877128601,0.0315754327847085,26,True,G,E
1CHO_EFG_I,-0.9699113957315901,294.0,-3.4835246801376343,0.0315754327847085,26,True,G,H
1CHO_EFG_I,0.10075207399225973,294.0,-2.3856581449508667,0.0315754327847085,26,True,G,F
1CHO_EFG_I,1.720603371297622,294.0,-4.165769457817078,0.0315754327847085,26,True,G,R
1CHO_EFG_I,-0.9699113957315901,294.0,-2.8344019651412964,0.0315754327847085,26,True,G,Y
1CHO_EFG_I,1.04198066672623,294.0,-3.787436366081238,0.0315754327847085,26,True,G,W
1PPF_E_I,0.2321187512917611,294.0,-4.694141209125519,0.0114737344188416,27,True,G,A
1PPF_E_I,0.9027786769790893,294.0,-4.918152153491974,0.0114737344188416,27,True,G,S
1PPF_E_I,1.1627562665072044,294.0,-5.2920878529548645,0.0114737344188416,27,True,G,C
1PPF_E_I,2.5176706939946327,294.0,-5.5695303082466125,0.0114737344188416,27,True,G,V
1PPF_E_I,2.7734067774641824,294.0,-5.41215592622757,0.0114737344188416,27,True,G,T
1PPF_E_I,0.2601675546926566,294.0,-5.113316833972931,0.0114737344188416,27,True,G,P
1PPF_E_I,3.086502947010534,294.0,-5.558605492115021,0.0114737344188416,27,True,G,L
1PPF_E_I,4.311700449060212,294.0,-5.590812981128693,0.0114737344188416,27,True,G,I
1PPF_E_I,2.1648984736471197,294.0,-5.51569539308548,0.0114737344188416,27,True,G,M
1PPF_E_I,1.5915688454876753,294.0,-5.719119369983673,0.0114737344188416,27,True,G,N
1PPF_E_I,2.4624655659959833,294.0,-5.551212131977081,0.0114737344188416,27,True,G,D
1PPF_E_I,3.260426881353337,294.0,-5.666883766651154,0.0114737344188416,27,True,G,K
1PPF_E_I,2.7609092344408697,294.0,-5.677094757556915,0.0114737344188416,27,True,G,Q
1PPF_E_I,1.4373501802979605,294.0,-5.505862534046173,0.0114737344188416,27,True,G,E
1PPF_E_I,1.4841141604096846,294.0,-5.580191910266876,0.0114737344188416,27,True,G,H
1PPF_E_I,1.461199934952091,294.0,-5.561521828174592,0.0114737344188416,27,True,G,F
1PPF_E_I,4.781762406267613,294.0,-5.654980003833771,0.0114737344188416,27,True,G,R
1PPF_E_I,1.1866060211613347,294.0,-5.590581715106964,0.0114737344188416,27,True,G,Y
1PPF_E_I,1.621185682031,294.0,-5.564442932605743,0.0114737344188416,27,True,G,W
1R0R_E_I,1.2801582506335463,294.0,1.9067410230636601,0.1268986779085668,25,True,G,A
1R0R_E_I,0.8991340316737574,294.0,1.3868124485015874,0.1268986779085668,25,True,G,S
1R0R_E_I,1.4002181320984737,294.0,-1.364669799804687,0.1268986779085668,25,True,G,C
1R0R_E_I,1.9070086290962416,294.0,-0.09071540832519487,0.1268986779085668,25,True,G,V
1R0R_E_I,1.6555042384165621,294.0,0.7378172874450688,0.1268986779085668,25,True,G,T
1R0R_E_I,1.0650726341561103,294.0,-1.3850221633911128,0.1268986779085668,25,True,G,P
1R0R_E_I,2.3773134449730104,294.0,-1.219051361083984,0.1268986779085668,25,True,G,L
1R0R_E_I,1.9537141649665926,294.0,1.064855813980103,0.1268986779085668,25,True,G,I
1R0R_E_I,2.1266779711419534,294.0,1.9156527519226083,0.1268986779085668,25,True,G,M
1R0R_E_I,1.2643975068098088,294.0,-0.6331558227539058,0.1268986779085668,25,True,G,N
1R0R_E_I,2.848062431872061,294.0,0.5576195716857919,0.1268986779085668,25,True,G,D
1R0R_E_I,2.8947096694799694,294.0,-0.293706893920898,0.1268986779085668,25,True,G,K
1R0R_E_I,2.004724820703081,294.0,2.064184188842774,0.1268986779085668,25,True,G,Q
1R0R_E_I,1.9537141649665926,294.0,1.0380089282989506,0.1268986779085668,25,True,G,E
1R0R_E_I,2.1620971703582974,294.0,-0.5030064582824703,0.1268986779085668,25,True,G,H
1R0R_E_I,0.1134332940724643,294.0,-1.0712904930114742,0.1268986779085668,25,True,G,F
1R0R_E_I,3.422993817575978,294.0,0.1403138637542729,0.1268986779085668,25,True,G,R
1R0R_E_I,0.47861365873505995,294.0,-1.3212280273437496,0.1268986779085668,25,True,G,Y
1R0R_E_I,1.3818443581715105,294.0,-0.7573690414428706,0.1268986779085668,25,True,G,W
3SGB_E_I,1.2058430897060048,294.0,-5.116488315165044,0.1018269157506817,25,True,G,A
3SGB_E_I,1.5854002653603883,294.0,-5.129344321787357,0.1018269157506817,25,True,G,S
3SGB_E_I,2.5754472401194324,294.0,-5.590826369822025,0.1018269157506817,25,True,G,C
3SGB_E_I,2.6905147670292124,294.0,-5.567961074411869,0.1018269157506817,25,True,G,V
3SGB_E_I,2.992213250902842,294.0,-5.441289760172367,0.1018269157506817,25,True,G,T
3SGB_E_I,1.081656648063048,294.0,-5.043563701212406,0.1018269157506817,25,True,G,P
3SGB_E_I,2.6212933286701596,294.0,-5.468165256083012,0.1018269157506817,25,True,G,L
3SGB_E_I,4.035772150543818,294.0,-5.545766212046146,0.1018269157506817,25,True,G,I
3SGB_E_I,2.755325184485804,294.0,-5.390452243387699,0.1018269157506817,25,True,G,M
3SGB_E_I,2.2436094623831533,294.0,-5.584369041025639,0.1018269157506817,25,True,G,N
3SGB_E_I,1.6024595169648859,294.0,-5.436982490122318,0.1018269157506817,25,True,G,D
3SGB_E_I,2.490005082211754,294.0,-5.6062639728188515,0.1018269157506817,25,True,G,K
3SGB_E_I,2.9153109315647128,294.0,-5.588651515543461,0.1018269157506817,25,True,G,Q
3SGB_E_I,1.9453995358331229,294.0,-5.482086516916752,0.1018269157506817,25,True,G,E
3SGB_E_I,2.7002253150872773,294.0,-5.426674701273441,0.1018269157506817,25,True,G,H
3SGB_E_I,2.980410064445773,294.0,-5.284111358225346,0.1018269157506817,25,True,G,F
3SGB_E_I,3.4590237231808327,294.0,-5.580301620066166,0.1018269157506817,25,True,G,R
3SGB_E_I,3.0531843227584687,294.0,-5.231410838663578,0.1018269157506817,25,True,G,Y
3SGB_E_I,3.8578227148881212,294.0,-5.387855388224125,0.1018269157506817,25,True,G,W
1CHO_EFG_I,-1.3748742200579307,294.0,-1.1500544548034668,0.0915711665862825,27,True,N,G
1CHO_EFG_I,-1.345257383514606,294.0,1.0866978168487549,0.0915711665862825,27,True,N,A
1CHO_EFG_I,-1.4562363920332158,294.0,-0.7229957580566406,0.0915711665862825,27,True,N,S
1CHO_EFG_I,-0.11097900851860978,294.0,-1.3590474128723145,0.0915711665862825,27,True,N,C
1CHO_EFG_I,0.032405968914778836,294.0,-0.7054767608642578,0.0915711665862825,27,True,N,V
1CHO_EFG_I,-1.2801582506335463,294.0,-1.0908832550048828,0.0915711665862825,27,True,N,T
1CHO_EFG_I,-1.8085758473044606,294.0,-1.6199841499328613,0.0915711665862825,27,True,N,P
1CHO_EFG_I,0.60832609408797,294.0,-1.5788660049438477,0.0915711665862825,27,True,N,L
1CHO_EFG_I,-0.029616836543324674,294.0,-1.1967039108276367,0.0915711665862825,27,True,N,I
1CHO_EFG_I,-0.20553383110473633,294.0,0.1654508113861084,0.0915711665862825,27,True,N,M
1CHO_EFG_I,-1.025653637771412,294.0,1.118349552154541,0.0915711665862825,27,True,N,D
1CHO_EFG_I,2.3008986600131527,294.0,-1.5425090789794922,0.0915711665862825,27,True,N,K
1CHO_EFG_I,-0.18231602660243207,294.0,1.5280711650848389,0.0915711665862825,27,True,N,Q
1CHO_EFG_I,2.3008986600131527,294.0,2.1777795553207397,0.0915711665862825,27,True,N,E
1CHO_EFG_I,-0.7252849664040973,294.0,1.5108532905578613,0.0915711665862825,27,True,N,H
1CHO_EFG_I,2.334533146949738,294.0,-1.599273681640625,0.0915711665862825,27,True,N,F
1CHO_EFG_I,1.5671449376509607,294.0,-1.0230073928833008,0.0915711665862825,27,True,N,R
1CHO_EFG_I,2.5305290199503028,294.0,-1.4092712402343759,0.0915711665862825,27,True,N,Y
1CHO_EFG_I,2.1484804210815565,294.0,-1.358935832977295,0.0915711665862825,27,True,N,W
1PPF_E_I,-0.5636141866796118,294.0,1.0738780498504639,0.2038187253855303,25,True,N,G
1PPF_E_I,-1.6227082118412484,294.0,1.3947339057922363,0.2038187253855303,25,True,N,A
1PPF_E_I,-1.3277113844171053,294.0,0.1398334503173828,0.2038187253855303,25,True,N,S
1PPF_E_I,0.5961744169008829,294.0,-1.4377892017364502,0.2038187253855303,25,True,N,C
1PPF_E_I,0.3410274313974538,294.0,-0.9890358448028564,0.2038187253855303,25,True,N,V
1PPF_E_I,0.5452223338482113,294.0,-1.1999132633209229,0.2038187253855303,25,True,N,T
1PPF_E_I,-2.918563968062441,294.0,-1.5834686756134033,0.2038187253855303,25,True,N,P
1PPF_E_I,2.6104614454661323,294.0,-1.371849775314331,0.2038187253855303,25,True,N,L
1PPF_E_I,0.8594235497962587,294.0,-1.7012274265289307,0.2038187253855303,25,True,N,I
1PPF_E_I,1.0562371106257504,294.0,-0.8021528720855713,0.2038187253855303,25,True,N,M
1PPF_E_I,-3.0352772819578897,294.0,1.7955236434936521,0.2038187253855303,25,True,N,D
1PPF_E_I,2.585418846585817,294.0,-1.4132773876190186,0.2038187253855303,25,True,N,K
1PPF_E_I,0.37761440605435836,294.0,0.6589205265045166,0.2038187253855303,25,True,N,Q
1PPF_E_I,-1.0042299521171523,294.0,2.1552823781967163,0.2038187253855303,25,True,N,E
1PPF_E_I,-0.5256162933820924,294.0,0.554906845092773,0.2038187253855303,25,True,N,H
1PPF_E_I,1.8206146752526042,294.0,-0.6347625255584717,0.2038187253855303,25,True,N,F
1PPF_E_I,1.8438324797549084,294.0,-1.3141143321990967,0.2038187253855303,25,True,N,R
1PPF_E_I,1.6535916509457786,294.0,-0.46798586845397994,0.2038187253855303,25,True,N,Y
1PPF_E_I,1.6980880013691295,294.0,-1.3037092685699463,0.2038187253855303,25,True,N,W
1R0R_E_I,0.2815080519817665,294.0,-0.45971560478210494,0.2709610627828634,26,False,N,G
1R0R_E_I,-0.03269316396628093,294.0,1.1831679344177246,0.2709610627828634,26,False,N,A
1R0R_E_I,0.47861365873505995,294.0,-0.4058403968811035,0.2709610627828634,26,False,N,S
1R0R_E_I,0.5617512455816355,294.0,-1.8061845302581787,0.2709610627828634,26,False,N,C
1R0R_E_I,0.6594674371884749,294.0,-0.4650981426239009,0.2709610627828634,26,False,N,V
1R0R_E_I,0.5617512455816355,294.0,-1.048551321029663,0.2709610627828634,26,False,N,T
1R0R_E_I,1.4586906775870705,294.0,-1.8982031345367432,0.2709610627828634,26,False,N,P
1R0R_E_I,1.5251353278809778,294.0,-0.3410210609436026,0.2709610627828634,26,False,N,L
1R0R_E_I,0.3102468549019561,294.0,-1.0670597553253174,0.2709610627828634,26,False,N,I
1R0R_E_I,0.3102468549019561,294.0,-0.12826395034790083,0.2709610627828634,26,False,N,M
1R0R_E_I,0.5617512455816355,294.0,1.1671295166015625,0.2709610627828634,26,False,N,D
1R0R_E_I,1.1317419481168505,294.0,0.18885517120361328,0.2709610627828634,26,False,N,K
1R0R_E_I,-0.27063296398579617,294.0,1.0991382598876949,0.2709610627828634,26,False,N,Q
1R0R_E_I,-0.20217065450237515,294.0,1.3801403045654301,0.2709610627828634,26,False,N,E
1R0R_E_I,0.2815080519817665,294.0,0.6726868152618408,0.2709610627828634,26,False,N,H
1R0R_E_I,-0.1774227630712159,294.0,-0.4015662670135498,0.2709610627828634,26,False,N,F
1R0R_E_I,1.4387147878707625,294.0,0.4448118209838867,0.2709610627828634,26,False,N,R
1R0R_E_I,0.17987794436637158,294.0,-0.319820880889893,0.2709610627828634,26,False,N,Y
1R0R_E_I,0.054960748583867826,294.0,-1.3889853954315186,0.2709610627828634,26,False,N,W
3SGB_E_I,0.3075118438616566,294.0,-0.9543809890747066,0.2156465700626738,23,True,N,G
3SGB_E_I,0.32648227207346525,294.0,1.1132793426513676,0.2156465700626738,23,True,N,A
3SGB_E_I,0.40332859148902506,294.0,0.5319154262542729,0.2156465700626738,23,True,N,S
3SGB_E_I,0.3448560460004286,294.0,-1.3394589424133296,0.2156465700626738,23,True,N,C
3SGB_E_I,-0.2385222992543538,294.0,1.5118660926818848,0.2156465700626738,23,True,N,V
3SGB_E_I,0.009710548058064919,294.0,0.6667237281799321,0.2156465700626738,23,True,N,T
3SGB_E_I,0.5714033493983273,294.0,-1.3789529800415035,0.2156465700626738,23,True,N,P
3SGB_E_I,0.7305110628541012,294.0,-0.4241399765014644,0.2156465700626738,23,True,N,L
3SGB_E_I,0.19517932799217624,294.0,-0.21769475936889604,0.2156465700626738,23,True,N,I
3SGB_E_I,0.13879400624141633,294.0,-0.518529891967773,0.2156465700626738,23,True,N,M
3SGB_E_I,0.8983520788685472,294.0,0.6586930751800542,0.2156465700626738,23,True,N,D
3SGB_E_I,0.5714033493983273,294.0,0.517682790756226,0.2156465700626738,23,True,N,K
3SGB_E_I,0.24014288184578209,294.0,1.2345268726348881,0.2156465700626738,23,True,N,Q
3SGB_E_I,0.9493627346050356,294.0,2.988751590251923,0.2156465700626738,23,True,N,E
3SGB_E_I,-0.1230709104001473,294.0,0.958826065063477,0.2156465700626738,23,True,N,H
3SGB_E_I,-0.1394142938086011,294.0,-0.6558265686035152,0.2156465700626738,23,True,N,F
3SGB_E_I,0.5714033493983273,294.0,0.4374742507934575,0.2156465700626738,23,True,N,R
3SGB_E_I,-0.10717230056479463,294.0,-0.1327896118164058,0.2156465700626738,23,True,N,Y
3SGB_E_I,0.5187799803432317,294.0,-0.7782468795776363,0.2156465700626738,23,True,N,W
1DAN_HL_UT,-0.004826323966393573,298.0,-0.9606971740722656,0.2155179038315295,19,True,E,A
1DAN_HL_UT,-0.18858405547183082,298.0,-5.23084980994463,0.0263498093684421,23,True,V,A
1DAN_HL_UT,0.13521096880354472,298.0,-0.9662008285522456,0.309768243692037,16,True,T,A
1DAN_HL_UT,-0.002891071679367852,298.0,-2.297140121459961,0.549210477210815,12,False,S,A
1DAN_HL_UT,-0.329717048184808,298.0,-5.262908309698105,0.144688086693641,16,False,Y,A
1DAN_HL_UT,0.01705615516328163,298.0,-1.350031018257141,0.8280868230811093,7,False,K,A
1DAN_HL_UT,0.07991608850404984,298.0,-1.7673630714416504,0.5292654951162399,12,False,L,A
1DAN_HL_UT,-0.025537710724650893,298.0,-4.612429559230804,0.4199947925645573,12,False,T,A
1DAN_HL_UT,0.11655787796002079,298.0,-2.3134679794311523,0.6369787177182006,11,False,K,A
1DAN_HL_UT,0.21189070566059515,298.0,-3.508055329322815,0.4688594824456671,12,False,T,A
1DAN_HL_UT,-0.16272026493186093,298.0,-0.16592741012573242,0.4991849464343065,5,False,G,R
1DAN_HL_UT,0.022634092850373565,298.0,-0.46662425994873047,0.9180795344759946,6,True,S,A
1DAN_HL_UT,0.12284108462617738,298.0,-2.991276979446411,0.1133786963853612,17,True,W,F
1DAN_HL_UT,0.15477673005991158,298.0,-1.0162286758422852,0.1695371317258512,18,False,Y,L
1DAN_HL_UT,0.17871404911523037,298.0,-1.2132723331451425,0.1568905308737119,16,False,I,A
1DAN_HL_UT,-0.010670318822459526,298.0,-4.4479502737522125,0.4818008126386348,15,False,D,A
1DAN_HL_UT,-0.002891071679367852,298.0,-2.1511268615722656,0.170500803804863,19,False,R,A
1DAN_HL_UT,1.2811794574247422,298.0,-4.472312033176422,0.2077553514303964,18,True,F,A
1DAN_HL_UT,-0.015584759249517131,298.0,-2.0507192611694336,0.3963484801362649,9,False,T,A
1DAN_HL_UT,0.5190814668270985,298.0,-4.789405941963196,0.2414390466290807,16,True,R,A
1DAN_HL_UT,-0.027548533277431158,298.0,0.44348061084747314,0.0468876787671629,25,True,L,A
1DAN_HL_UT,-0.026542268510583156,298.0,-4.693716034293175,0.2878912312729776,14,False,D,A
1DAN_HL_UT,0.0857669571426131,298.0,-1.1570466756820674,0.2896373847477395,15,True,E,A
1DAN_HL_UT,-0.12355315534704536,298.0,-3.152981996536255,0.3794294862243257,11,False,K,A
1DAN_HL_UT,-0.17551097108618816,298.0,-0.8444430828094478,0.4247953351491781,12,False,E,A
1DAN_HL_UT,1.0236911367147272,298.0,-4.628197193145752,0.0147209896699078,19,True,Y,A
1DAN_HL_UT,-0.07035068776340038,298.0,-3.006789207458496,0.5695345309893656,8,False,K,A
1DAN_HL_UT,1.3796815744357758,298.0,-4.865748383104801,0.0510043147057082,26,True,D,E
1DAN_HL_UT,1.9886060502579328,298.0,-5.6281275525689125,0.0510043147057082,26,True,D,A
1DAN_HL_UT,0.4046761956931716,298.0,-4.762102901935577,0.1276524295464076,16,False,T,A
1DAN_HL_UT,0.4377150953225113,298.0,-0.49847936630249023,0.1117838762000756,15,True,F,A
1DAN_HL_UT,0.41430545944622627,298.0,-1.8236017227172852,0.0609060316233767,21,True,K,A
1DAN_HL_UT,0.043542317460800575,298.0,0.2682385444641109,0.0902323772259734,21,True,S,A
1DAN_HL_UT,0.23172023707362896,298.0,-2.82164466381073,0.2177639710011914,16,True,K,A
1DAN_HL_UT,1.270026836412354,298.0,-5.268519565463066,0.1286560323412982,18,True,W,F
1DAN_HL_UT,0.7346847266715751,298.0,-4.470426559448242,0.4386364914369818,14,True,D,A
1DAN_HL_UT,-0.06926906796900742,298.0,-0.8621292114257812,0.5094596930107773,9,True,S,A
1DAN_HL_UT,0.32142543809907564,298.0,0.2517063617706299,0.4597357196598323,11,True,K,A
1DAN_HL_UT,0.5464480966557641,298.0,-2.774184465408325,0.0199653729411653,20,True,Q,A
1DAN_HL_UT,0.11655787796002079,298.0,-1.1889169216156006,0.7402605050143193,7,False,K,A
1DAN_HL_UT,0.10136251788913998,298.0,-3.3590303659439087,0.3463717998583493,12,False,E,A
1DAN_HL_UT,0.6149227495844649,298.0,-3.657282069325447,0.0291587868142112,21,False,W,F
1DAN_HL_UT,0.6575917640219321,298.0,-3.2169575691223145,0.2248066609565812,17,True,E,A
1DAN_HL_UT,0.6447872290002378,298.0,-5.036984503269196,0.0223674550755149,16,True,I,A
1DAN_HL_UT,-0.1589363116558861,298.0,-4.230931669473648,0.0,26,False,T,A
1DAN_HL_UT,1.6849856431580983,298.0,-3.6429024934768677,0.0614803207381522,25,True,K,R
1DAN_HL_UT,2.586749464444727,298.0,-3.5952802896499634,0.0614803207381522,25,True,K,A
1DAN_HL_UT,0.1801341617209752,298.0,-1.2193291187286377,0.0059270392219392,26,True,N,A
1DAN_HL_UT,0.12049268760486663,298.0,-3.750382661819458,0.201150265663304,22,True,T,A
1DAN_HL_UT,-0.3971643968811503,298.0,-2.7430036067962646,0.4501694987496056,15,False,K,A
1DAN_HL_UT,0.6914402149363368,298.0,-5.82400569319725,0.1070983104401914,19,False,W,F
1SMF_E_I,1.0191501068131246,300.0,-1.1067698001861577,0.3759272700791768,13,True,E,A
1SMF_E_I,1.9118665514447903,300.0,-2.709946930408478,0.0313459860865973,26,True,S,A
1SMF_E_I,2.058861248035071,300.0,-5.4552310556173325,0.0160902835667065,23,True,T,A
1SMF_E_I,3.533402620722628,300.0,-2.8518900871276855,0.1889363159891138,21,True,I,A
1SMF_E_I,5.724672691392866,300.0,-4.599261581897736,0.0026915352897693,31,True,K,A
1CHO_EFG_I,0.31960374574319406,294.0,-2.9086341559886932,0.0083466420367937,35,True,L,M
1CHO_EFG_I,-0.7609444444058144,294.0,-0.8939495086669924,0.0315754327847085,26,True,G,A
1CHO_EFG_I,0.0,294.0,-2.1976794004440308,0.5719679850743554,8,False,N,S
1CHO_EFG_I,1.410356516395666,294.0,-3.7128995060920715,0.0734639621561867,25,True,Y,H
1CHO_EFG_I,0.5843129391087918,294.0,-4.3487643003463745,0.0315754327847085,26,True,G,V
1CHO_EFG_I,6.027306490352137,294.0,-4.250331223011017,0.0734639621561867,25,True,Y,D
1CHO_EFG_I,4.827650407215388,294.0,-1.4364693164825437,0.1435993974127439,26,True,T,E
1CHO_EFG_I,2.3179579116176505,294.0,-1.152642488479614,0.1435993974127439,26,True,T,S
1CHO_EFG_I,3.2280637260262797,294.0,-1.0368010997772215,0.1435993974127439,26,True,T,V
1CHO_EFG_I,0.9106777226449408,294.0,2.1745510101318364,0.125142332215087,19,True,A,V
1CHO_EFG_I,4.257659704680173,294.0,-2.0122315883636475,0.1435993974127439,26,True,T,A
1CHO_EFG_I,4.214304577497343,294.0,-2.5126881301403046,0.0083466420367937,35,True,L,K
1CHO_EFG_I,4.863743079541928,294.0,-5.086041897535324,0.0083466420367937,35,True,L,A
1CHO_EFG_I,6.758692886487809,294.0,-4.7377762496471405,0.0083466420367937,35,True,L,E
1CHO_EFG_I,3.5076158409337883,294.0,-3.8183445632457733,0.0083466420367937,35,True,L,Q
1R0R_E_I,-0.5091021893067559,294.0,-0.4139804840087886,0.1037811255897523,37,True,L,M
1R0R_E_I,1.312564219548325,294.0,1.9067410230636601,0.1268986779085668,25,True,G,A
1R0R_E_I,-0.06509913288105984,294.0,-1.5000052452087407,0.5414107839312488,8,False,N,S
1R0R_E_I,3.000761621931168,294.0,-1.93216872215271,0.1407964775405353,26,True,Y,H
1R0R_E_I,1.9537141649665926,294.0,-0.09071540832519487,0.1268986779085668,25,True,G,V
1R0R_E_I,5.39864608050352,294.0,-3.4090993404388428,0.1407964775405353,26,True,Y,D
1R0R_E_I,2.7839721713853685,294.0,-2.5214033126831055,0.0467938859016571,33,True,T,E
1R0R_E_I,0.8168397868436915,294.0,-1.8990387916564941,0.0467938859016571,33,True,T,S
1R0R_E_I,1.0650726341561103,294.0,1.7563254237174988,0.0467938859016571,33,True,T,V
1R0R_E_I,-0.9729877231545464,294.0,2.7174456119537354,0.0016581872679639,29,True,A,V
1R0R_E_I,0.7761807510839234,294.0,-2.886272430419922,0.0467938859016571,33,True,T,A
1R0R_E_I,2.8039480611016767,294.0,-1.3920013904571529,0.1037811255897523,37,True,L,K
1R0R_E_I,0.5183961183988048,294.0,-1.8574740886688228,0.1037811255897523,37,True,L,A
1R0R_E_I,2.094509964836561,294.0,0.794084072113038,0.1037811255897523,37,True,L,E
1R0R_E_I,0.6084567814519865,294.0,0.5533034801483159,0.1037811255897523,37,True,L,Q
3SGB_E_I,0.46977324178293234,294.0,-4.224482364952564,0.0250097869308848,31,True,L,M
3SGB_E_I,1.3452573835146062,294.0,-5.116488315165044,0.1018269157506817,25,True,G,A
3SGB_E_I,0.009710548058064919,294.0,-1.529114007949829,0.6419980330424889,8,False,N,S
3SGB_E_I,1.3862180463170675,294.0,-3.348475217819214,0.1374928185978418,25,True,Y,H
3SGB_E_I,2.8856940950213885,294.0,-5.567961074411869,0.1018269157506817,25,True,G,V
3SGB_E_I,2.7782394099433976,294.0,-2.6665954589843754,0.1374928185978418,25,True,Y,D
3SGB_E_I,4.398441706273075,294.0,-2.191793918609619,0.1266801765746468,30,True,T,E
3SGB_E_I,2.5036454961526418,294.0,-1.9399547576904297,0.1266801765746468,30,True,T,S
3SGB_E_I,1.9453995358331229,294.0,-1.578101634979248,0.1266801765746468,30,True,T,V
3SGB_E_I,-0.6503992617717048,294.0,-5.308689087629318,0.0176306349083564,23,True,A,V
3SGB_E_I,3.18460496689653,294.0,-2.4602258205413823,0.1266801765746468,30,True,T,A
3SGB_E_I,2.9153109315647128,294.0,-5.441528148949146,0.0250097869308848,31,True,L,A
3SGB_E_I,6.279381612926971,294.0,-5.334916897118092,0.0250097869308848,31,True,L,E
3SGB_E_I,2.451992467774858,294.0,-5.172303505241872,0.0250097869308848,31,True,L,Q
1PPF_E_I,1.2095202466189285,294.0,-3.726576998829841,0.0,32,True,L,M
1PPF_E_I,0.275928298516394,294.0,-4.694141209125519,0.0114737344188416,27,True,G,A
1PPF_E_I,2.4187638654588257,294.0,-2.9877870082855225,0.0859012912718916,28,True,Y,H
1PPF_E_I,2.50801365002181,294.0,-5.5695303082466125,0.0114737344188416,27,True,G,V
1PPF_E_I,3.0315421984266657,294.0,-3.30416202545166,0.1249658842029043,27,True,T,E
1PPF_E_I,1.5351835237369154,294.0,-2.5460798740386963,0.1249658842029043,27,True,T,S
1PPF_E_I,1.5221710068077179,294.0,-0.8455117940902708,0.1249658842029043,27,True,T,V
1PPF_E_I,0.18992614022230936,294.0,-4.113648355007172,0.1372885258798276,17,True,A,V
1PPF_E_I,2.85411943535545,294.0,-3.6064820289611816,0.1249658842029043,27,True,T,A
1PPF_E_I,5.570955674280733,294.0,-5.40145368874073,0.0,32,True,L,K
1PPF_E_I,0.9494842128494403,294.0,-5.3658377677202225,0.0,32,True,L,A
1PPF_E_I,6.9725983795461,294.0,-5.322044089436531,0.0,32,True,L,E
1PPF_E_I,3.341789053328622,294.0,-5.264755919575691,0.0,32,True,L,Q
5F4E_A_B,0.28344587653172004,293.0,-0.9110569953918457,0.4698662491926889,13,True,E,A
5F4E_A_B,0.4084989365486279,293.0,-0.04945182800292969,0.4698662491926889,13,True,E,K
5F4E_A_B,0.10779930292446605,293.0,-1.6585428714752197,0.3800329905960596,10,False,D,A
5F4E_A_B,-0.030385188954795674,293.0,1.5121643543243408,0.0442583687096396,20,False,Q,A
5F4E_A_B,1.9901353582218497,293.0,-1.4291143417358403,0.027134753945918,22,True,H,A
5F4E_A_B,1.4646556504443715,293.0,-0.7486565113067627,0.0963542679266864,20,True,R,A
5F4E_A_B,2.1069760020538584,293.0,-0.2770538330078125,0.0963542679266864,20,True,R,E
5F4E_A_B,1.4241995776985283,293.0,1.3941218852996826,0.106477896579081,19,True,E,A
5F4E_A_B,2.2473927675484067,293.0,1.2070186138153076,0.106477896579081,19,True,E,K
5F4E_A_B,1.0546542005909838,293.0,-3.3213006258010864,0.0802057593461975,20,True,W,A
5F4E_A_B,2.9336654109516216,293.0,-4.671065032482147,0.0484754270074669,23,True,L,A
5F4E_A_B,0.2894796160687199,293.0,-2.2605189085006714,0.3074003931187819,15,True,K,A
5F4E_A_B,0.4776215839412958,293.0,-2.5640324354171753,0.3074003931187819,15,True,K,E
3SF4_A_D,2.3640481122406447,298.0,-0.03717041015625,0.0521329433090969,29,False,R,E
3SF4_A_D,1.2252166036211798,298.0,-0.9337625503540044,0.0031089282762198,28,True,N,R
3SF4_A_D,3.0724518685925455,298.0,-0.49042725563049316,0.0474802035351501,21,True,W,A
3SF4_A_D,1.9255930609643037,298.0,-3.7549641132354736,0.0531824628471177,23,True,E,R
3SF4_A_D,0.41047252261649486,298.0,-0.683448076248169,0.082889920070965,24,True,K,D
1OGA_ABC_DE,1.5724963209895868,298.0,-1.4004706144332886,0.0540777978046683,22,True,D,A
1OGA_ABC_DE,2.1612792666649274,298.0,-1.351472973823547,0.0540777978046683,22,True,D,S
1OGA_ABC_DE,2.1612792666649274,298.0,-4.590695038437843,0.0204258613947505,29,True,Q,A
1OGA_ABC_DE,2.1612792666649274,298.0,-3.465122833847999,0.0204258613947505,29,True,Q,E
1OGA_ABC_DE,2.1612792666649274,298.0,-5.15951144695282,0.0069441891824888,27,True,I,A
1OGA_ABC_DE,2.1612792666649274,298.0,-5.1625436544418335,0.0069441891824888,27,True,I,G
1OGA_ABC_DE,2.1612792666649274,298.0,-4.346032023429871,0.0069441891824888,27,True,I,N
1OGA_ABC_DE,0.2008790301083782,298.0,-0.9140491485595703,0.0069441891824888,27,True,I,V
1OGA_ABC_DE,1.4179274121891516,298.0,-5.2014511823654175,0.0069441891824888,27,True,I,L
1OGA_ABC_DE,1.1291160731097332,298.0,-4.082082390785217,0.3230377075651973,18,True,N,A
1OGA_ABC_DE,0.4952149350869382,298.0,-1.3461967706680298,0.3230377075651973,18,True,N,D
1OGA_ABC_DE,0.13214263720953784,298.0,-0.6449804306030273,0.0803007745381001,19,True,D,A
1OGA_ABC_DE,0.4952149350869382,298.0,-0.15608870983123713,0.057566769630515,20,True,Q,A
1OGA_ABC_DE,0.0,298.0,0.43087160587310813,0.057566769630515,20,True,Q,E
1OGA_ABC_DE,2.1612792666649274,298.0,1.5960807800292969,0.0299497773871027,24,True,R,A
1OGA_ABC_DE,2.1612792666649274,298.0,2.3425538539886475,0.0299497773871027,24,True,R,H
1OGA_ABC_DE,-0.03518975765499899,298.0,2.2061150074005127,0.0003563467909391,31,True,S,A
1OGA_ABC_DE,0.23246980892949848,298.0,1.675110101699829,0.0781457233635212,24,True,Y,A
1OGA_ABC_DE,0.4952149350869382,298.0,0.19542884826660156,0.0781457233635212,24,True,Y,F
1OGA_ABC_DE,0.6273575722964763,298.0,-2.1424510776996613,0.0472650627415428,22,True,S,A
1OGA_ABC_DE,1.037830094912971,298.0,-1.5405030250549316,0.0061018263127497,21,False,S,A
1OGA_ABC_DE,0.9754370017010705,298.0,-3.341918706893921,0.0,25,False,Q,A
1OGA_ABC_DE,0.20038342453677893,298.0,-0.9140491485595703,0.0069441891824888,27,True,I,V
1OGA_ABC_DE,1.1004039808824353,298.0,-4.082082390785217,0.3230377075651973,18,True,N,A
1OGA_ABC_DE,0.10057662778246507,298.0,-0.6449804306030273,0.0803007745381001,19,True,D,A
1OGA_ABC_DE,0.5004655162978439,298.0,-0.15608870983123713,0.057566769630515,20,True,Q,A
1OGA_ABC_DE,0.0,298.0,0.43087160587310813,0.057566769630515,20,True,Q,E
1OGA_ABC_DE,0.0,298.0,2.2061150074005127,0.0003563467909391,31,True,S,A
1OGA_ABC_DE,0.20038342453677893,298.0,1.675110101699829,0.0781457233635212,24,True,Y,A
1OGA_ABC_DE,0.5004655162978439,298.0,0.19542884826660156,0.0781457233635212,24,True,Y,F
1OGA_ABC_DE,1.0008355365856763,298.0,-1.5405030250549316,0.0061018263127497,21,False,S,A
1OGA_ABC_DE,1.0008355365856763,298.0,-3.341918706893921,0.0,25,False,Q,A
4L3E_ABC_DE,1.3011671118471222,298.0,0.19085478782653809,0.1421721801258646,23,True,R,A
4L3E_ABC_DE,2.227332582247546,298.0,-0.2290499210357666,0.0904937567684565,28,True,Y,A
4L3E_ABC_DE,2.7835618283803383,298.0,-0.9448416233062744,0.0159764802285845,22,True,Y,A
4L3E_ABC_DE,0.4677886628588045,298.0,-3.0877832174301147,0.0608791197380387,23,True,Y,A
4L3E_ABC_DE,1.2584735016202362,298.0,-1.5593626499176025,0.0402349651735726,25,True,Q,A
4L3E_ABC_DE,-0.4595398736163408,298.0,-2.8912774324417114,0.4614650461985957,16,False,N,A
4L3E_ABC_DE,1.2169732743791315,298.0,-0.4953668117523191,0.3102598156221082,18,True,E,A
1BD2_ABC_DE,2.8338690598053518,298.0,-1.75482439994812,0.1269234801862029,23,False,E,A
1BD2_ABC_DE,2.7591382979896313,298.0,-1.0163862705230717,0.1560099559979387,20,True,Y,A
1BD2_ABC_DE,1.3151015588177941,298.0,1.2753059864044194,0.0010460071581796,22,True,E,A
1BD2_ABC_DE,2.498113857024653,298.0,-1.816396951675415,0.0872865687998944,22,True,R,A
1BD2_ABC_DE,1.9184703395216027,298.0,-3.809546932578087,0.058881523459788,24,True,D,N
1BD2_ABC_DE,3.406004960249757,298.0,-3.5034494400024414,0.0186972200413689,25,True,Y,A
1BD2_ABC_DE,1.954634011126284,298.0,-3.809546932578087,0.058881523459788,24,True,D,N
1BD2_ABC_DE,0.7332821814721673,298.0,0.054601490497589,0.0186972200413689,25,True,Y,F
1BD2_ABC_DE,0.2169757993043716,298.0,-2.4681732654571533,0.0516494360754746,24,True,Y,A
1BD2_ABC_DE,0.5560745272102138,298.0,0.054601490497589,0.0186972200413689,25,True,Y,F
1BD2_ABC_DE,0.23565848095646263,298.0,-2.4681732654571533,0.0516494360754746,24,True,Y,A
1BD2_ABC_DE,3.2750348149063373,298.0,-3.5034494400024414,0.0186972200413689,25,True,Y,A
1AO7_ABC_DE,0.9785620045877949,298.0,-2.976395845413208,0.093780556212496,19,True,D,A
1AO7_ABC_DE,-0.7195202148617804,298.0,-0.4595555067062378,0.3610582291006635,14,True,E,A
1AO7_ABC_DE,0.5462668877767114,298.0,-0.26650309562683105,0.4004009625978984,19,True,R,A
1AO7_ABC_DE,0.4342159258245971,298.0,-0.26650309562683105,0.4004009625978984,19,True,R,A
1AO7_ABC_DE,-0.2634446970276926,298.0,-1.2319588661193848,0.2814570357357455,13,True,R,A
1AO7_ABC_DE,1.8328797823108636,298.0,-4.054486691951753,0.0778851349232763,27,True,Q,L
1AO7_ABC_DE,0.7006971264075582,298.0,0.7646172046661377,0.0290621038552058,23,True,L,A
1AO7_ABC_DE,1.5365247169015912,298.0,-4.054486691951753,0.0778851349232763,27,True,Q,L
1AO7_ABC_DE,1.4159561290117253,298.0,0.7646172046661377,0.0290621038552058,23,True,L,A
1AO7_ABC_DE,-0.1666487080391641,298.0,-4.626945912837982,0.0778851349232763,27,True,Q,V
1AO7_ABC_DE,0.6991858418872311,298.0,0.7646172046661377,0.0290621038552058,23,True,L,A
1AO7_ABC_DE,-0.017504328751373425,298.0,-4.626945912837982,0.0778851349232763,27,True,Q,V
1AO7_ABC_DE,3.243882046074349,298.0,-3.5056345462799072,0.0279160963983568,25,False,Y,A
1AO7_ABC_DE,1.0225729163831998,298.0,-1.0390470027923588,0.0096315587423531,24,True,S,A
1AO7_ABC_DE,1.532135307877149,298.0,-1.1337606906890865,0.0274530586142813,28,True,Y,A
1AO7_ABC_DE,0.9823096514440827,298.0,-1.0390470027923588,0.0096315587423531,24,True,S,A
1AO7_ABC_DE,-0.12526998746652585,298.0,-0.207788944244385,0.0274530586142813,28,True,Y,F
1AO7_ABC_DE,0.498223047489459,298.0,0.3090357780456552,0.1890489071888615,21,True,Y,A
1AO7_ABC_DE,0.4114997330610461,298.0,-1.1967374682426453,0.0429774222316814,24,True,Q,A
1AO7_ABC_DE,0.4836156958029454,298.0,0.3090357780456552,0.1890489071888615,21,True,Y,A
1AO7_ABC_DE,-0.10440559488276825,298.0,-1.1967374682426453,0.0429774222316814,24,True,Q,A
1AO7_ABC_DE,0.3547604625372952,298.0,-0.7453989982604976,0.353989784278011,19,True,N,A
1AO7_ABC_DE,3.864988752345514,298.0,-1.7491581439971922,0.205784131794999,17,True,E,A
1AO7_ABC_DE,1.2916109733586065,298.0,-1.5226645469665523,0.1017373236334041,18,True,K,A
1AO7_ABC_DE,0.4890773594380172,298.0,-0.2338778972625737,0.0375656467858418,22,True,T,A
4FTV_ABC_DE,-1.5788639809748826,298.0,-1.0845096111297607,0.1017614709065901,19,True,K,A
4FTV_ABC_DE,0.36095734322650275,298.0,-1.1750142574310303,0.0203396935531201,22,True,T,A
1AO7_ABC_DE,1.1303754106242572,298.0,-1.5226645469665523,0.1017373236334041,18,True,K,A
1AO7_ABC_DE,2.603622987364594,298.0,-1.7491581439971922,0.205784131794999,17,True,E,A
1AO7_ABC_DE,0.9571858764649585,298.0,-0.35808348655700684,0.0,22,False,T,A
1AO7_ABC_DE,1.7594614944450164,298.0,-1.1337606906890865,0.0274530586142813,28,True,Y,A
1AO7_ABC_DE,1.9457840009431795,298.0,-2.2374722957611084,0.0667629801208311,25,True,T,A
1AO7_ABC_DE,3.2282424931668787,298.0,-3.035124957561493,0.2714152030950879,19,True,R,A
4FTV_ABC_DE,1.0138102902792914,298.0,-3.9377315044403076,0.0061402444360746,23,True,D,A
4FTV_ABC_DE,3.8250035970555936,298.0,-3.088700115680695,0.2470410047081997,20,True,R,A
4FTV_ABC_DE,0.779277221981459,298.0,-3.9377315044403076,0.0061402444360746,23,True,D,A
4FTV_ABC_DE,3.1870529392817692,298.0,-3.088700115680695,0.2470410047081997,20,True,R,A
1AO7_ABC_DE,2.458419788464143,298.0,-4.032031059265137,0.0074548659887493,22,True,D,N
1AO7_ABC_DE,3.106450811673656,298.0,-3.035124957561493,0.2714152030950879,19,True,R,A
1AO7_ABC_DE,-0.47497680049866026,298.0,-0.615531802177429,0.0237356948080535,29,True,S,A
1AO7_ABC_DE,1.6331325209576173,298.0,-1.1337606906890865,0.0274530586142813,28,True,Y,A
1AO7_ABC_DE,2.2234744601442626,298.0,-1.8742374181747437,0.158827828180256,22,True,W,A
1AO7_ABC_DE,1.1813022394855799,298.0,-1.191314697265625,0.0163844371886564,22,True,A,G
1AO7_ABC_DE,2.021243631750095,298.0,-0.16890168190002441,0.211203053689054,23,True,E,A
1AO7_ABC_DE,3.166114657147678,298.0,-1.361586570739746,0.1509777403648269,20,True,Y,A
3D3V_ABC_DE,2.1136850376375076,298.0,-3.1918410062789917,0.1528806742461614,22,True,E,A
3D3V_ABC_DE,3.4120593176270644,298.0,-3.186953902244568,0.1348110391711235,19,True,Y,A
3D3V_ABC_DE,3.2293017504157437,298.0,-3.1918410062789917,0.1528806742461614,22,True,E,A
3D3V_ABC_DE,0.9270599604033412,298.0,-1.4000588655471802,0.1348110391711235,19,True,Y,F
1AO7_ABC_DE,0.45294662660283197,298.0,-2.7532602548599243,0.009735846507292,26,False,R,A
1AO7_ABC_DE,1.634248866088412,298.0,-1.1337606906890865,0.0274530586142813,28,True,Y,A
1AO7_ABC_DE,0.20420994022383337,298.0,-2.7532602548599243,0.009735846507292,26,False,R,A
1AO7_ABC_DE,1.2205609389192116,298.0,-1.1337606906890865,0.0274530586142813,28,True,Y,A
1AO7_ABC_DE,0.48294119681598824,298.0,-2.7532602548599243,0.009735846507292,26,False,R,A
1AO7_ABC_DE,1.5613109306246664,298.0,-1.1337606906890865,0.0274530586142813,28,True,Y,A
1AO7_ABC_DE,0.4191685184191637,298.0,-2.7532602548599243,0.009735846507292,26,False,R,A
1AO7_ABC_DE,0.16948482494088682,298.0,-0.207788944244385,0.0274530586142813,28,True,Y,F
3D3V_ABC_DE,2.6159944098140233,298.0,-4.232317745685577,0.0022198257633577,19,True,L,A
3D3V_ABC_DE,3.4120593176270644,298.0,-3.186953902244568,0.1348110391711235,19,True,Y,A
1AO7_ABC_DE,1.1487818054953514,298.0,-4.550513602793217,0.0047702039434808,24,True,P,A
1AO7_ABC_DE,1.7453986089926976,298.0,-1.1337606906890865,0.0274530586142813,28,True,Y,A
1AO7_ABC_DE,1.1244128606103574,298.0,-4.550513602793217,0.0047702039434808,24,True,P,A
1AO7_ABC_DE,1.382542172237591,298.0,-1.1337606906890865,0.0274530586142813,28,True,Y,A
1AO7_ABC_DE,1.197213556028091,298.0,-4.550513602793217,0.0047702039434808,24,True,P,A
1AO7_ABC_DE,1.6312197716435202,298.0,-1.1337606906890865,0.0274530586142813,28,True,Y,A
1AO7_ABC_DE,1.1585000325673833,298.0,-4.550513602793217,0.0047702039434808,24,True,P,A
1AO7_ABC_DE,0.42070052596503604,298.0,-1.1967374682426453,0.0429774222316814,24,True,Q,A
1AO7_ABC_DE,0.779277221981459,298.0,-4.347527503967285,0.0074548659887493,22,True,D,A
1AO7_ABC_DE,0.35650198418148416,298.0,-0.044161081314086914,0.222726210119998,19,True,Q,A
1AO7_ABC_DE,0.0646663653808644,298.0,-2.0719833374023438,0.2698418510758668,20,True,R,A
1AO7_ABC_DE,1.7443110298572537,298.0,-1.1337606906890865,0.0274530586142813,28,True,Y,A
1AO7_ABC_DE,-0.30870509074727137,298.0,-1.677019596099854,0.2572271141810967,20,True,A,M
1AO7_ABC_DE,-0.34072297861885736,298.0,-4.788337297737598,0.0140463450229562,25,True,G,S
4FTV_ABC_DE,0.056441418262292826,298.0,0.14192676544189498,0.2622515401069744,21,True,Q,E
4FTV_ABC_DE,0.41047252261649486,298.0,1.2827739715576172,0.2622515401069744,21,True,Q,R
1AO7_ABC_DE,0.15835614945876422,277.0,-0.207788944244385,0.0274530586142813,28,True,Y,F
4JFF_ABC_DE,7.319559526108369,298.0,0.7866730690002441,0.0098526983413876,25,True,E,A
4JFF_ABC_DE,6.515296898776146,298.0,-2.4030354022979736,0.0422124982366205,26,True,G,A
4JFF_ABC_DE,6.592312628080679,298.0,-5.525428220629692,0.00617604611673,26,False,G,A
4JFF_ABC_DE,6.426746198757867,298.0,-4.7909029722213745,0.0,25,True,I,A
4JFF_ABC_DE,6.196110354356413,298.0,-1.2778184413909912,0.0252643910099856,21,True,L,A
4JFF_ABC_DE,6.53152220613874,298.0,2.0089539289474487,0.0391572333998921,21,True,T,A
1AO7_ABC_DE,1.0035170016265142,298.0,-5.272544592618942,0.0287366956822372,18,True,A,P
1BD2_ABC_DE,0.9298266052320494,298.0,0.054601490497589,0.0186972200413689,25,True,Y,F
1BD2_ABC_DE,1.92771179908418,298.0,-3.166718006134033,0.0186972200413689,25,True,Y,W
1BD2_ABC_DE,0.4708883629971625,298.0,-2.4681732654571533,0.0516494360754746,24,True,Y,A
1AO7_ABC_DE,0.13267350830990435,298.0,-0.207788944244385,0.0274530586142813,28,True,Y,F
1AO7_ABC_DE,1.595650528763872,298.0,-1.1337606906890865,0.0274530586142813,28,True,Y,A
1AO7_ABC_DE,0.888625554578018,298.0,-1.732773780822754,0.0274530586142813,28,True,Y,W
1AO7_ABC_DE,0.532437119339561,298.0,-1.0390470027923588,0.0096315587423531,24,True,S,A
1AO7_ABC_DE,2.9335391804775357,298.0,-3.3038500547409058,0.0198945610741784,26,True,K,A
1AO7_ABC_DE,1.2248740021231659,298.0,-5.4295762330293655,0.0346739762733682,20,True,V,R
1MI5_ABC_DE,0.10001946234811106,298.0,0.09447288513183594,0.4704261238996056,11,False,S,A
1MI5_ABC_DE,0.2602923486704625,298.0,0.6259777545928955,0.7374227368508095,11,False,T,A
1MI5_ABC_DE,-0.03916710958481565,298.0,-0.836658775806427,0.161517516434111,21,True,S,A
1MI5_ABC_DE,0.5873124986178563,298.0,-2.639777421951294,0.0647981244567345,22,True,T,A
1MI5_ABC_DE,1.2314175678494845,298.0,-5.348023682832718,0.0175277122084244,21,False,D,A
1MI5_ABC_DE,0.4494311457967245,298.0,-1.0203568935394287,0.0100517664012429,24,True,Y,A
1MI5_ABC_DE,1.2314175678494845,298.0,0.5869364738464355,0.0458182472170339,23,False,H,A
1MI5_ABC_DE,1.11677925939132,298.0,-0.3687739372253418,0.0640113525166194,19,True,H,A
1MI5_ABC_DE,1.2314175678494845,298.0,-5.4915256798267365,0.0049007530367993,20,True,L,A
1MI5_ABC_DE,-0.558215710930717,298.0,0.875269889831543,0.3138513847193288,18,True,T,A
1MI5_ABC_DE,0.4817991292580521,298.0,0.10432910919189498,0.395488695885133,11,True,S,A
1MI5_ABC_DE,-0.01925980068495224,298.0,0.6797735691070552,0.4899210079698155,11,False,N,A
1MI5_ABC_DE,1.2314175678494845,298.0,-4.657894611358643,0.0287226467615182,20,False,P,A
1MI5_ABC_DE,1.2314175678494845,298.0,-0.7772257328033447,0.0184038583799355,26,True,L,A
1MI5_ABC_DE,0.6080325132861728,298.0,-0.5847172737121582,0.3369278230764636,23,False,A,G
1MI5_ABC_DE,0.7637925762475256,298.0,-5.034468859434128,0.0535093843791749,17,True,G,A
1MI5_ABC_DE,1.2314175678494845,298.0,-5.305900067090988,0.0287723120486904,27,True,G,A
1MI5_ABC_DE,0.9425723885647485,298.0,-1.4339845180511477,0.2364531585568865,15,True,T,A
1MI5_ABC_DE,0.8268374985541865,298.0,-0.3162753582000728,0.0886142934352134,22,True,S,A
1MI5_ABC_DE,1.2314175678494845,298.0,-0.5718624591827393,0.0570837402751351,27,True,Y,A
1MI5_ABC_DE,1.2314175678494845,298.0,-5.453431144356728,0.031266691697851,27,False,G,A
1MI5_ABC_DE,1.2314175678494845,298.0,-1.0857999324798584,0.2053583676567515,21,False,K,A
1MI5_ABC_DE,0.032267177150283204,298.0,0.45583653450012185,0.7120698143549525,7,False,S,A
1MI5_ABC_DE,-0.2892310943670156,298.0,-5.495067894458771,0.6844432162862568,8,False,G,A
1MI5_ABC_DE,0.2929525214995884,298.0,-0.8338189125061035,0.1281123449010431,21,True,V,A
1MI5_ABC_DE,1.06342010033341,298.0,0.9896116256713867,0.0,24,False,S,A
1MI5_ABC_DE,-0.0703420269613176,298.0,0.059758663177490234,0.0414068873538897,22,True,Q,A
1MI5_ABC_DE,-0.4326760907857468,298.0,0.11945629119873047,0.0940823086665206,18,True,N,A
1MI5_ABC_DE,0.81857154837707,298.0,0.5762598514556885,0.3413471544070367,14,True,E,A
1MI5_ABC_DE,0.30155586903404175,298.0,-3.2303581088781357,0.0,25,False,S,A
1MI5_ABC_DE,-0.6116249327433313,298.0,-0.19531184434890736,0.0006278720402238,21,False,S,A
1MI5_ABC_DE,0.1158120428571045,298.0,-0.1362459659576416,0.4419371807134071,21,True,L,A
1MI5_ABC_DE,1.2314175678494845,298.0,-1.9971640110015874,0.0,23,True,G,A
1MI5_ABC_DE,1.2314175678494845,298.0,2.386236548423767,0.0013019079472485,29,True,Q,A
1MI5_ABC_DE,1.2314175678494845,298.0,-3.8799624145030984,0.0466852486851091,26,True,A,G
1MI5_ABC_DE,1.2314175678494845,298.0,0.7358798980712891,0.0766602340691891,21,True,Y,A
1MI5_ABC_DE,0.11969524806875136,298.0,-0.5239450931549077,0.279055666447891,18,False,E,A
1MI5_ABC_DE,1.2314175678494845,298.0,-0.3184947967529297,0.0131924659933449,28,False,Q,A
1MI5_ABC_DE,0.2602923486704625,298.0,0.8540854454040527,0.3749037732705052,19,False,Y,A
2AK4_ABC_DE,-0.12662655380057075,298.0,-1.1753084659576416,0.0716770083645519,21,True,T,A
2AK4_ABC_DE,0.09892720257432983,298.0,-4.7450398206710815,0.0081343705367852,23,False,Y,A
2AK4_ABC_DE,1.403360330923035,298.0,-1.0684232711791992,0.0097721689666497,18,True,N,A
2AK4_ABC_DE,1.403360330923035,298.0,-1.7894219756126404,0.0,23,False,S,A
2AK4_ABC_DE,1.403360330923035,298.0,-3.367232322692871,0.0313066731172758,23,True,Y,A
2AK4_ABC_DE,1.403360330923035,298.0,2.5953537225723267,0.0056771109850107,24,True,N,A
2AK4_ABC_DE,0.2086792948179881,298.0,-1.9426331520080566,0.3461546472487268,16,True,N,A
2AK4_ABC_DE,0.822526318997111,298.0,-3.873748868703842,0.0043230502237239,25,True,N,A
2AK4_ABC_DE,1.403360330923035,298.0,-2.8673455715179443,0.0,26,True,S,G
2AK4_ABC_DE,-0.31423097849018977,298.0,-0.29529380798339844,0.0955344399071084,19,True,S,A
2AK4_ABC_DE,-0.04266901443746729,298.0,0.11218833923339844,0.4137453016776726,14,False,N,A
2AK4_ABC_DE,0.8381110782466282,298.0,0.9193484783172607,0.1910768088485855,21,True,L,A
2AK4_ABC_DE,0.04861696375929486,298.0,-2.272247076034546,0.5661125145618865,10,True,E,A
2AK4_ABC_DE,-0.25778956022789695,298.0,-0.5471649169921879,0.1474507198876045,21,True,Q,A
2AK4_ABC_DE,-0.34177951176762106,298.0,1.2619609832763667,0.1434921858037297,19,True,T,A
2AK4_ABC_DE,0.23905450015830262,298.0,-0.0844957828521733,0.4842403601682309,17,False,Q,A
2AK4_ABC_DE,1.3667185414670637,298.0,-3.5439178943634033,0.3436529212274086,16,True,R,A
2AK4_ABC_DE,0.2348094162249612,298.0,-0.8694256544113159,0.1703675878514692,18,True,E,A
2AK4_ABC_DE,0.9291772803515007,298.0,-2.4283580780029297,0.0692876513254194,23,True,Q,A
2AK4_ABC_DE,1.403360330923035,298.0,-3.5881418883800507,0.2355437842570769,21,True,R,A
2AK4_ABC_DE,0.873197297712221,298.0,-2.0008775591850285,0.0,26,True,A,G
2AK4_ABC_DE,0.46489528457313856,298.0,-2.0739916563034058,0.2908772669202009,19,True,E,A
2AK4_ABC_DE,0.14031953477858408,298.0,-2.0505318641662598,0.189539326891791,21,True,L,A
2AK4_ABC_DE,1.0959006384745251,298.0,-4.64076791703701,0.026344376511513,22,True,P,A
2AK4_ABC_DE,1.403360330923035,298.0,-4.972355335950851,0.0062728180578216,26,True,L,A
2AK4_ABC_DE,1.403360330923035,298.0,-5.399399034678936,0.0653921645792352,25,True,P,A
2AK4_ABC_DE,1.403360330923035,298.0,-0.514436721801758,0.027708024315314,28,True,Q,A
2AK4_ABC_DE,0.06586633878599066,298.0,-0.8427989482879643,0.3678408862977361,18,True,Q,A
2AK4_ABC_DE,0.5134055127727465,298.0,-3.703054130077362,0.1777941852647871,21,False,L,A
1AO7_ABC_DE,2.6797201853789505,298.0,-3.035124957561493,0.2714152030950879,19,True,R,A
1AO7_ABC_DE,1.790082129297087,298.0,-3.3038500547409058,0.0198945610741784,26,True,K,A
1AO7_ABC_DE,1.3952354914325944,298.0,-1.191314697265625,0.0163844371886564,22,True,A,G
1AO7_ABC_DE,0.7258507794883912,298.0,-0.2338778972625737,0.0375656467858418,22,True,T,A
1AO7_ABC_DE,0.8767945727185714,298.0,-1.7491581439971922,0.205784131794999,17,True,E,A
1AO7_ABC_DE,1.1996707656648482,298.0,-2.697534680366516,0.0496988022781582,18,True,W,A
2BNR_ABC_DE,0.08276515963921063,298.0,-2.9316831827163696,0.2409936818380986,15,True,Q,A
2BNR_ABC_DE,0.0,298.0,-0.37455558776855424,0.5463416340333962,11,False,E,A
2BNR_ABC_DE,-0.08974582993512607,298.0,0.10327696800231934,0.2719802436206183,15,False,D,A
2BNR_ABC_DE,0.33456097275856783,298.0,-4.910924106836319,0.0298845398620112,23,False,E,A
2BNR_ABC_DE,0.27134921511104143,298.0,-5.3007825165987015,0.0275806118304771,21,False,T,A
2BNR_ABC_DE,1.8055634195732642,298.0,-2.8319893479347225,0.1517120499846521,25,True,R,A
2BNR_ABC_DE,1.6885781242920541,298.0,-2.3590164184570312,0.0421557444226159,26,True,K,A
2BNR_ABC_DE,0.3926257369439143,298.0,-0.22610890865325928,0.0,27,False,V,A
2BNR_ABC_DE,0.005525887742918456,298.0,-2.6586310863494873,0.0838827339987542,27,True,K,A
2BNR_ABC_DE,1.8543791500946027,298.0,-3.3545587360858917,0.0,26,True,A,G
2BNR_ABC_DE,1.694957216562851,298.0,-0.9067797660827637,0.0,26,False,H,A
2BNR_ABC_DE,-0.09624154412630512,298.0,-0.87215256690979,0.0275845647840652,27,True,Q,A
2BNR_ABC_DE,1.2844846939463561,298.0,-1.973968982696534,0.0,25,True,T,A
2BNR_ABC_DE,0.9748884266986177,298.0,-0.9087662696838374,0.004128000082338,25,False,H,A
2BNR_ABC_DE,0.5306513857981187,298.0,-1.3474256992340083,0.2883498600624979,22,True,R,A
2BNR_ABC_DE,0.6717894365708152,298.0,-2.6963592767715454,0.0927921528549497,17,True,V,A
2BNR_ABC_DE,0.5351661726430766,298.0,-2.770051121711731,0.2014650191376951,17,False,T,A
2BNR_ABC_DE,0.6240915557948936,298.0,-2.8226711750030518,0.2777755419339662,15,True,K,A
2BNR_ABC_DE,0.01822256616240215,298.0,-2.3740880489349365,0.5430183237340911,10,False,A,G
2BNR_ABC_DE,0.7365584072837913,298.0,-1.4718523025512695,0.0447331243942207,18,True,A,G
2BNR_ABC_DE,0.532913081759777,298.0,-2.504140496253968,0.2575814360133145,16,True,H,A
2BNR_ABC_DE,0.9029050563147228,298.0,-0.46277904510498,0.108389400007753,23,False,V,A
2BNR_ABC_DE,0.01822256616240215,298.0,-0.4055318832397461,0.3717023660933842,14,True,E,A
2BNR_ABC_DE,0.23266204612410993,298.0,-0.5994069576263428,0.1310966060984679,22,True,Q,A
2BNR_ABC_DE,0.45844188403832087,298.0,-1.0864465236663818,0.2048060586290233,18,True,T,A
1AO7_ABC_DE,0.028892884984861613,298.0,-3.293517768383026,0.3471563354930625,13,False,Q,A
1AO7_ABC_DE,0.8552606308823534,298.0,-2.1630895137786865,0.1239451970694647,18,False,E,A
1AO7_ABC_DE,-0.25510390177987213,298.0,-0.4595555067062378,0.3610582291006635,14,True,E,A
1AO7_ABC_DE,0.37938853601526557,298.0,-0.182511568069458,0.3872022514081448,16,False,D,A
1AO7_ABC_DE,0.15846637858645554,298.0,-3.765487462282181,0.0102491645318238,25,False,E,A
1AO7_ABC_DE,-0.0760071795186598,298.0,-5.385407999157906,0.0688965166210869,17,False,T,A
1AO7_ABC_DE,3.1541818794532324,298.0,-3.035124957561493,0.2714152030950879,19,True,R,A
1AO7_ABC_DE,3.1541818794532324,298.0,-3.3038500547409058,0.0198945610741784,26,True,K,A
1AO7_ABC_DE,-0.5579532260193685,298.0,2.6280985474586487,0.0,22,False,V,A
1AO7_ABC_DE,0.19345804737096717,298.0,-3.328361749649048,0.2893640000090577,16,False,K,A
1AO7_ABC_DE,1.5220265836454783,298.0,-1.191314697265625,0.0163844371886564,22,True,A,G
1AO7_ABC_DE,3.1541818794532324,298.0,-1.9476073980331419,0.0027885705020113,22,False,H,A
1AO7_ABC_DE,0.017242935380190397,298.0,-0.044161081314086914,0.222726210119998,19,True,Q,A
1AO7_ABC_DE,0.7663513247966592,298.0,0.23445796966552734,0.0,22,False,T,A
1AO7_ABC_DE,1.6036712383660887,298.0,0.6756443977355957,0.0044905291557663,22,False,H,A
1AO7_ABC_DE,0.5344843226278502,298.0,-0.3163757324218748,0.4334557113094876,17,False,R,A
1AO7_ABC_DE,0.5966044558566739,298.0,1.6358404159545898,0.2970175152534233,14,False,V,A
1AO7_ABC_DE,0.07570121894724499,298.0,-2.4645055532455444,0.2183733646684373,16,False,T,A
1AO7_ABC_DE,0.46199950045173016,298.0,-3.0616469383239746,0.3663382861267623,15,False,K,A
1AO7_ABC_DE,-0.1544272542912561,298.0,-1.9143943786621094,0.5358041078322393,10,True,A,G
1AO7_ABC_DE,0.06192184817940432,298.0,-4.285874575376511,0.0287366956822372,18,True,A,G
1AO7_ABC_DE,-0.3025041265189667,298.0,-1.317490577697754,0.4021167363425823,15,True,H,A
1AO7_ABC_DE,-0.19416199315892296,298.0,-4.1441962122917175,0.0305702748301422,22,False,V,A
1AO7_ABC_DE,0.361387555139939,298.0,-1.8490464687347412,0.3549514786728109,15,True,E,A
1AO7_ABC_DE,0.19829225113740476,298.0,-1.1967374682426453,0.0429774222316814,24,True,Q,A
1AO7_ABC_DE,0.3118511226168923,298.0,-4.060621738433838,0.1261628058697134,23,True,A,G
1AO7_ABC_DE,0.5290010735192735,298.0,-0.2338778972625737,0.0375656467858418,22,True,T,A
1AO7_ABC_DE,1.4509882759774906,298.0,-1.7491581439971922,0.205784131794999,17,True,E,A
1AO7_ABC_DE,1.425482053238427,298.0,-2.697534680366516,0.0496988022781582,18,True,W,A
1AO7_ABC_DE,0.11020728977687118,298.0,-1.2319588661193848,0.2814570357357455,13,True,R,A
1OGA_ABC_DE,-0.02394150907018536,298.0,-4.116346120834351,0.3011525435204085,13,False,Q,A
1OGA_ABC_DE,0.1126057469120437,298.0,-0.6714725494384766,0.7079617646391785,8,False,E,A
1OGA_ABC_DE,0.11812305395969852,298.0,0.4181500673294065,0.377775396301472,12,False,D,A
1OGA_ABC_DE,-0.018152736945553357,298.0,-4.61385715007782,0.0165880151622986,23,False,E,A
1OGA_ABC_DE,0.18634516179248786,298.0,-5.496998623013496,0.0498961131693755,16,False,T,A
1OGA_ABC_DE,-0.36531119155674324,298.0,-0.2688962221145632,0.3462857444630378,18,True,R,A
1OGA_ABC_DE,-0.02394150907018536,298.0,-0.9811851978302002,0.0929343590229173,23,True,K,A
1OGA_ABC_DE,-0.13916747252563283,298.0,-0.20945811271667503,0.0,24,False,V,A
1OGA_ABC_DE,0.24824864218377343,298.0,-4.495538175106049,0.2996238097527934,23,False,K,A
1OGA_ABC_DE,0.42699973499342664,298.0,-3.7583439201116566,0.01190981326405,25,True,A,G
1OGA_ABC_DE,0.5175090748194628,298.0,-3.5709927082061768,8.926045405188722e-05,22,False,H,A
1OGA_ABC_DE,-0.4593644022319368,298.0,-3.4627726078033447,0.1479792447319918,24,True,Q,A
1OGA_ABC_DE,0.8482395846515841,298.0,-4.276805281639099,0.0018830951234285,27,True,T,A
1OGA_ABC_DE,0.604113711066021,298.0,-3.3277673721313477,0.0074689407080082,25,False,H,A
1OGA_ABC_DE,0.7107377554561187,298.0,0.7196900844573977,0.2751596663376665,21,True,R,A
1OGA_ABC_DE,0.8717732776505183,298.0,-1.6414721012115479,0.2474712089150814,20,True,V,A
1OGA_ABC_DE,0.1952503923549696,298.0,-1.977698564529419,0.2084885196998201,16,False,T,A
1OGA_ABC_DE,1.9302602125826303,298.0,-3.0961541533470154,0.3474935480100216,15,False,K,A
1OGA_ABC_DE,0.12268186533287939,298.0,-2.4567946195602417,0.5622603370529239,11,True,A,G
1OGA_ABC_DE,0.4483421050673344,298.0,-0.38976383209228516,0.0585283991113022,21,True,A,G
1OGA_ABC_DE,0.0,298.0,-2.6108195781707764,0.2224157128931626,19,True,H,A
1OGA_ABC_DE,1.392984914662296,298.0,-4.015358746051788,8.804501065769115e-05,22,True,V,A
1OGA_ABC_DE,0.612116355456516,298.0,-0.6732402443885803,0.2420616251241292,17,True,E,A
1OGA_ABC_DE,0.4888492883114545,298.0,-0.34740936756134033,0.0446156253311769,24,True,Q,A
1OGA_ABC_DE,0.13258940197821986,298.0,0.4686243534088139,0.3829339378484542,19,True,A,G
1OGA_ABC_DE,0.3214170053345446,298.0,0.2814464569091797,0.330453723889262,16,False,T,A
2BNR_ABC_DE,-0.5017585008132571,298.0,2.0530025959014893,0.0015124547059358,24,False,C,V
4MNQ_ABC_DE,4.933426404666148,298.0,-0.5902979373931885,0.0182510972037124,26,True,K,A
4MNQ_ABC_DE,4.14712203343936,298.0,-1.6515212059020996,0.0253920310462841,24,True,L,A
1AO7_ABC_DE,0.21121814832220456,298.0,-4.0913660526275635,0.093780556212496,19,True,D,M
1AO7_ABC_DE,1.3635602050590228,298.0,-3.9486777782440186,0.093780556212496,19,True,D,V
1AO7_ABC_DE,-1.0799664034563525,298.0,-4.06383204460144,0.093780556212496,19,True,D,W
1AO7_ABC_DE,-0.1992543742942903,298.0,-1.4202415943145752,0.4004009625978984,19,True,R,F
1AO7_ABC_DE,0.5426151598260328,298.0,-1.395268440246582,0.0883953607218683,21,True,G,A
1AO7_ABC_DE,-0.2794589356494454,298.0,-1.0343999862670898,0.0883953607218683,21,True,G,I
1AO7_ABC_DE,-0.4666320143451124,298.0,1.6172544956207273,0.0883953607218683,21,True,G,L
1AO7_ABC_DE,-0.5184409187140231,298.0,0.4594841003417969,0.0883953607218683,21,True,G,M
1AO7_ABC_DE,2.3166478875015506,298.0,-0.6339406967163086,0.0883953607218683,21,True,G,R
1AO7_ABC_DE,-0.7588904411259324,298.0,0.4501833915710449,0.0883953607218683,21,True,G,T
1AO7_ABC_DE,0.5426151598260328,298.0,-1.8510770797729492,0.0883953607218683,21,True,G,V
1AO7_ABC_DE,0.3025041265189667,298.0,0.2563377618789673,0.005228713819401,23,False,S,A
1AO7_ABC_DE,0.7129766491354615,298.0,-4.150513112545013,0.0778851349232763,27,True,Q,N
1AO7_ABC_DE,0.41047252261649486,298.0,-1.9588729739189148,0.0778851349232763,27,True,Q,E
1AO7_ABC_DE,-0.37756479735313625,298.0,-1.2700042724609375,0.4090509527000883,16,True,S,M
1AO7_ABC_DE,0.9530876824425276,298.0,-0.5814375877380371,0.1017373236334041,18,True,K,H
1AO7_ABC_DE,0.0,298.0,-0.615531802177429,0.0237356948080535,29,True,S,A
1AO7_ABC_DE,1.9061753648850557,298.0,-1.2392135858535764,0.0237356948080535,29,True,S,N
1AO7_ABC_DE,-0.49326588229251156,298.0,-1.4978061914443968,0.0237356948080535,29,True,S,T
1AO7_ABC_DE,2.3166478875015506,298.0,-3.0724154710769653,0.0237356948080535,29,True,S,Y
1AO7_ABC_DE,1.3635602050590228,298.0,-0.5111501216888423,0.4874030127962424,13,False,I,R
1AO7_ABC_DE,-0.3119793154245799,298.0,-1.677019596099854,0.2572271141810967,20,True,A,M
1AO7_ABC_DE,0.06154650740252809,298.0,-0.5081067085266113,0.2572271141810967,20,True,A,K
1AO7_ABC_DE,-0.3119793154245799,298.0,-4.788337297737598,0.0140463450229562,25,True,G,S
1AO7_ABC_DE,-1.0905414464885976,298.0,2.1307288706302643,0.0008952120524022,21,True,G,A
1AO7_ABC_DE,0.41047252261649486,298.0,-1.25498628616333,0.2698418510758668,20,True,R,Q
1AO7_ABC_DE,0.3078633185048941,298.0,-0.4043283462524414,0.4004009625978984,19,True,R,P
1AO7_ABC_DE,-0.2676595665844974,298.0,-2.438836097717285,0.3654522019371717,15,False,K,P
1AO7_ABC_DE,-0.3253713178461938,298.0,-0.6802686452865598,0.4257478701041434,13,False,A,P
1AO7_ABC_DE,0.4495319521077689,298.0,-3.0345823764801025,0.0008952120524022,21,True,G,P
1AO7_ABC_DE,-1.9408160388912583,298.0,-2.418978214263916,0.2698418510758668,20,True,R,P
3BX1_A_C,0.41047252261649486,298.0,-5.114717021584511,0.0031890947981835,27,False,F,V
3BX1_A_C,0.35534561471148896,298.0,-1.1855168342590332,0.0680572998925736,22,True,R,G
3BX1_A_C,1.8364258208874178,298.0,-3.779184401035309,0.0,25,True,A,T
3BX1_A_C,1.7812266906915974,298.0,-5.25223696231842,0.0,31,True,Y,I
3BX1_A_C,1.2982354886678278,298.0,-5.402827858924866,0.0,31,True,Y,A
3BX1_A_C,2.837278038552877,298.0,-5.0319288820028305,0.0166152580344624,29,True,T,V
3BX1_A_C,0.17036148930942874,298.0,-2.2697490453720093,0.0892831463776704,30,True,T,A
3SZK_AB_C,0.11883571623644369,283.0,-2.852639675140381,0.6007089346312346,6,False,N,A
3SZK_AB_C,0.8849060765197826,283.0,-2.6238319873809814,0.301683918505106,14,False,T,A
3SZK_AB_C,0.7276735278675821,283.0,1.8875066041946411,0.1443398944496043,24,False,Q,A
3SZK_AB_C,2.7573950923733994,283.0,-2.1953922510147095,0.2354245954236347,23,True,Y,A
3SZK_AB_C,2.8309533180259474,283.0,-3.154570937156678,0.0264787606406442,24,True,Y,A
3SZK_AB_C,2.4078556082567055,283.0,-2.6714029312133794,0.0,22,False,H,A
3SZK_AB_C,2.1066916021524027,283.0,0.6012132167816162,0.3941009853370757,19,True,F,A
3SZK_AB_C,2.0892398074152148,283.0,-3.728819787502289,0.0377711817503261,22,True,F,A
3SZK_AB_C,0.19393091638706325,283.0,-1.9060559272766113,0.0169063915999511,25,True,N,A
3SZK_AB_C,1.4373601088322667,283.0,-1.3528130054473877,0.2256191421796244,21,True,S,A
3SZK_AB_C,1.3946948326973583,283.0,-3.284269392490387,0.017006828779726,26,True,T,A
3SZK_AB_C,0.6394686753801874,283.0,-0.8186676502227783,0.5668923039976999,9,False,D,A
3SZK_AB_C,0.6602998945863776,283.0,-2.861478805541992,0.7594154783371293,6,False,D,A
3SZK_AB_C,0.3557171629460174,283.0,-5.330761224031448,0.3753344880446345,14,False,G,A
3SZK_AB_C,0.7959242790060264,283.0,-0.7369565963745117,0.4333164176970751,7,False,E,A
3SZK_AB_C,0.6602998945863776,283.0,-2.215509176254273,0.3292358042109418,11,False,E,A
3SZK_AB_C,0.09139717109981325,283.0,-2.934848189353943,0.017164977189342,20,False,V,A
3SZK_AB_C,0.19393091638706325,283.0,-1.190328598022461,0.383291688218988,14,False,D,A
3SZK_AB_C,0.19393091638706325,283.0,-1.0019755363464355,0.1474003408568167,19,False,D,A
3SZK_AB_C,0.09139717109981325,283.0,-0.38311910629272483,0.711948356316538,6,False,K,A
3SZK_AB_C,-0.03409399108239892,283.0,-1.8484196662902832,0.7520787633596508,9,False,K,A
4HRN_A_D,2.5972166665878498,298.0,-4.841431975364685,0.0726851286563563,27,True,L,A
4HRN_A_D,0.8027224790705876,298.0,-2.553957939147949,0.0021245155436864,24,True,S,A
4HRN_A_D,2.8106652758248662,298.0,-2.8933498859405518,0.0,28,True,V,A
4HRN_A_D,2.4594608435335474,298.0,-4.045458436012268,0.2207436920692921,19,True,F,A
1N8Z_AB_C,-0.02304519086952127,298.0,-4.050785064697266,0.503961320379239,15,False,L,A
1N8Z_AB_C,0.030827083784827604,298.0,0.21046996116638184,0.3361735759419526,9,False,S,A
1N8Z_AB_C,0.00897269700206478,298.0,-2.3508365154266357,0.3212656368644499,15,False,V,A
1N8Z_AB_C,0.0351028184090378,298.0,-0.5417675971984868,0.5888453526242116,14,False,F,A
3Q8D_A_E,0.4578727473555895,298.0,-0.5724396705627446,0.5606309359609243,13,False,R,A
3Q8D_A_E,1.3829779011382712,298.0,-0.5573890209197998,0.5606309359609243,13,False,R,E
3Q8D_A_E,1.3227035460462468,298.0,-0.7953684329986572,0.283305681982666,13,True,R,A
3Q8D_A_E,3.029624536637012,298.0,-0.41102075576782227,0.283305681982666,13,True,R,E
3Q8D_A_E,0.3025041265189667,298.0,0.23929810523986816,0.1102727735377219,19,True,F,A
3Q8D_A_E,3.029624536637012,298.0,-3.0593390464782715,0.1102727735377219,19,True,F,D
3Q8D_A_E,0.35894554478125956,298.0,-0.9308159351348875,0.5908609996200763,11,False,R,A
3Q8D_A_E,1.206214331391167,298.0,0.07681405544280984,0.5908609996200763,11,False,R,E
3Q8D_A_E,3.029624536637012,298.0,-0.022702932357788974,0.0003846824980602,22,True,R,A
3Q8D_A_E,0.4578727473555895,298.0,-4.269486129283905,0.2849239845017673,14,False,R,A
3Q8D_A_E,0.35894554478125956,298.0,-1.4418742656707764,0.5585418520085765,8,False,R,A
1XGU_AB_C,1.861769769398863,298.0,-0.3171238899230957,0.0,19,True,F,L
1XGU_AB_C,1.8004543592374336,298.0,-0.30423927307128906,0.0,19,True,F,I
1XGU_AB_C,2.9080818496831817,298.0,-0.3362083435058594,0.0,19,True,F,V
1XGU_AB_C,4.060660828476691,298.0,4.356791436672211,0.0,19,True,F,A
1XGQ_AB_C,-2.9080818496831817,298.0,-1.4905970096588135,0.0123210609750353,20,True,V,F
1XGQ_AB_C,-1.0463120802843189,298.0,-1.1048314571380615,0.0123210609750353,20,True,V,L
1XGQ_AB_C,-1.1076274904457482,298.0,1.6287846565246582,0.0123210609750353,20,True,V,I
1XGQ_AB_C,1.1525789787935092,298.0,0.8586599826812744,0.0123210609750353,20,True,V,A
1XGR_AB_C,-1.8004543592374336,298.0,-2.5300626754760738,0.0,18,True,I,F
1XGR_AB_C,0.06131541016142929,298.0,-2.115547657012939,0.0,18,True,I,L
1XGR_AB_C,1.1076274904457482,298.0,-1.7882251739501949,0.0,18,True,I,V
1XGR_AB_C,2.2602064692392574,298.0,-0.5087029933929443,0.0,18,True,I,A
1XGT_AB_C,-1.8617697693988629,298.0,-0.4228663444519043,0.0,19,True,L,F
1XGT_AB_C,-0.06131541016142927,298.0,0.11487388610839844,0.0,19,True,L,I
1XGT_AB_C,1.0463120802843189,298.0,-0.546999454498291,0.0,19,True,L,V
1XGT_AB_C,2.198891059077828,298.0,3.1009111404418945,0.0,19,True,L,A
3AAA_AB_C,2.4452810315624727,293.0,0.658989667892456,0.1136248824384665,20,True,K,A
3AAA_AB_C,3.3906363229493386,293.0,3.246547758579254,0.1136248824384665,20,True,K,E
3AAA_AB_C,2.99519442174352,293.0,-4.005329728126526,0.0170370634768612,18,True,R,A
3AAA_AB_C,3.93229070011822,293.0,-4.096035122871399,0.0170370634768612,18,True,R,E
3AAA_AB_C,2.2071155180453785,293.0,-3.588070273399353,0.384715047603061,13,True,R,A
3AAA_AB_C,3.502234803289464,293.0,-3.059898257255554,0.384715047603061,13,True,R,E
3AAA_AB_C,3.330200571862061,293.0,-4.323542356491089,0.0246584615996277,24,True,W,A
3AAA_AB_C,5.036890053552191,293.0,0.39712095260620117,0.0186926059791154,25,True,D,A
3AAA_AB_C,1.9322020968794829,293.0,-2.846923828125,0.1434281793861613,19,True,E,A
3AAA_AB_C,4.022045034385506,293.0,-1.4584684371948242,0.1434281793861613,19,True,E,R
3BT1_A_U,0.3365862071392125,293.0,-4.704328417778015,0.3678356339544871,18,False,L,A
3BT1_A_U,0.09335961299864041,293.0,-2.442458987236023,0.4217246832516498,15,False,R,A
3BT1_A_U,0.03678595683868148,293.0,-1.4822378158569336,0.2006122764538676,21,False,M,A
3BT1_A_U,0.06007908911300103,293.0,-0.6798644065856938,0.3943719608986651,18,False,Q,A
3BT1_A_U,0.26889385890133083,293.0,-0.30637264251708984,0.4801819033635782,14,False,K,A
3BT1_A_U,0.1737977380399379,293.0,1.558175086975098,0.1397295252141301,18,True,T,A
3BT1_A_U,0.29995459109793576,293.0,-3.975746989250183,0.2273195161260132,17,True,N,A
3BT1_A_U,0.2608626880579109,293.0,-3.353970617055893,0.2259347208577116,17,True,G,A
3BT1_A_U,-0.025882067863882183,293.0,0.7262952327728271,0.236287274016993,15,True,D,A
3BT1_A_U,0.26889385890133083,293.0,-1.0330295562744136,0.7247794695084153,9,False,R,A
3BT1_A_U,0.2768157587197889,293.0,-3.705674171447754,0.4885603086384906,12,False,V,A
3BT1_A_U,0.11453469763066579,293.0,-1.3971304893493652,0.1601805282564805,14,False,E,A
3BT1_A_U,0.08247610631270595,293.0,-0.8424355983734131,0.6648446512564667,10,False,E,A
3BT1_A_U,0.07138528231826098,293.0,0.22170042991638184,0.3684437673857725,17,False,A,S
3BT1_A_U,0.1737977380399379,293.0,1.410154104232788,0.8508253841159389,9,False,L,A
3BT1_A_U,0.0,293.0,-2.394943118095398,0.6475694484988644,9,False,G,A
3BT1_A_U,0.3074676070127925,293.0,-0.4324042797088623,0.272770527284489,16,False,Q,A
3BT1_A_U,0.22758216417227156,293.0,0.20133399963378906,0.3662745342661087,16,False,D,A
3BT1_A_U,0.452134396156842,293.0,-2.766887903213501,0.1266796408585704,22,False,L,A
3BT1_A_U,0.999454237930254,293.0,-0.5946249961853027,0.0718653550880064,24,True,R,A
3BT1_A_U,0.18311394726592672,293.0,-2.6248751878738403,0.0696599813770407,23,False,T,A
3BT1_A_U,0.8951140882874058,293.0,-1.6532485485076904,0.0022324823291385,26,True,T,A
3BT1_A_U,0.07138528231826098,293.0,-1.1463499069213867,0.1091080372888424,19,False,I,A
3BT1_A_U,0.7035399908517378,293.0,-5.0610814690589905,0.000712678528399,23,True,V,A
3BT1_A_U,0.452134396156842,293.0,-2.949622631072998,0.2531168583258522,16,False,R,A
3BT1_A_U,0.3074676070127925,293.0,-2.8882899284362793,0.117064565600337,21,True,L,A
3BT1_A_U,-0.012797232828794998,293.0,0.8575096130371094,0.275261886392846,16,False,W,A
3BT1_A_U,0.3710489662631055,293.0,-1.2762694358825684,0.1736878143098961,16,True,E,A
3BT1_A_U,0.3365862071392125,293.0,-1.0627717971801758,0.6417092206764315,7,False,E,A
3BT1_A_U,0.31488491311321504,293.0,-3.733037054538727,0.6244838570468315,5,False,G,A
3BT1_A_U,0.09335961299864041,293.0,-1.7585128545761104,0.2911364877775712,10,True,E,A
3BT1_A_U,0.04854899640303998,293.0,-1.5504539012908936,0.398298281911871,13,False,E,A
3BT1_A_U,0.5128980834143204,293.0,-2.2850289344787607,0.2642072554429873,17,True,L,A
3BT1_A_U,0.15470584223047548,293.0,-2.5134172439575195,0.4178551463503723,14,False,E,A
3BT1_A_U,0.8557197959106441,293.0,-4.781907677650452,0.034714195681195,20,True,L,A
3BT1_A_U,0.4805425011922933,293.0,-4.497379243373871,0.2045558128129927,19,False,V,A
3BT1_A_U,-0.19338514292315265,293.0,-2.9269226789474487,0.1698087433230875,22,True,E,A
3BT1_A_U,0.21895607077295512,293.0,-3.924114227294922,0.1159426927169107,21,False,K,A
3BT1_A_U,0.21895607077295512,293.0,-0.7893816232681274,0.1083206294221057,20,False,S,A
3BT1_A_U,0.452134396156842,293.0,-0.2505247592926023,0.1043767758784599,21,False,T,A
3BT1_A_U,0.3842825053354713,293.0,-1.4277453422546387,0.0963098029846975,17,False,H,A
3BT1_A_U,0.3972219412800788,293.0,-0.3700394630432129,0.4276995851667046,14,False,S,A
3BT1_A_U,-0.025882067863882183,293.0,-1.4915798902511597,0.4159706789832222,16,False,E,A
3BT1_A_U,0.6311675639260735,293.0,0.12133502960205078,0.0984363704626954,22,True,K,A
3BT1_A_U,0.6997468135613345,293.0,-0.5433423519134517,0.3238010642249884,15,False,T,A
3BT1_A_U,0.6225414705267571,293.0,-3.7917569279670715,0.4241606328391598,13,False,N,Q
3BT1_A_U,0.8729304278708869,293.0,-0.9928095340728762,0.0386902895577287,19,True,R,A
3BT1_A_U,0.3842825053354713,293.0,-1.8245275020599365,0.1776364955178537,24,False,T,A
3BT1_A_U,1.0918021206051756,293.0,-3.6830046474933624,0.0021245751258542,22,True,L,A
3BT1_A_U,0.04854899640303998,293.0,-0.26557064056396484,0.1061360533593437,24,False,S,A
3BT1_A_U,1.179890500503296,293.0,-4.62610125541687,0.0314426821603259,28,False,Y,A
3BT1_A_U,-0.06699919261458952,293.0,-2.268223762512207,0.2178776484176328,24,False,R,A
3BT1_A_U,0.5435499317073241,293.0,-1.6923153400421143,0.04685548942587,24,False,T,A
3BT1_A_U,0.2923433630457455,293.0,-4.337583616375923,0.2909123767933242,14,False,G,A
3BT1_A_U,-0.1267696410340131,293.0,0.4556279182434082,0.716456663817991,9,False,L,A
3BT1_A_U,0.4098800627344695,293.0,-2.5203332901000977,0.2556411745525311,19,True,K,A
3BT1_A_U,0.11453469763066579,293.0,-2.4966022968292236,0.2211159096051212,19,False,I,A
3BT1_A_U,0.6480455762515638,293.0,-3.067681312561035,0.0824115624023176,24,True,T,A
3BT1_A_U,0.3074676070127925,293.0,-1.2249174118041997,0.129009654665186,19,False,S,A
3BT1_A_U,1.3532036802006713,293.0,-5.504211530089378,4.421736579200966e-06,24,True,L,A
3BT1_A_U,0.18311394726592672,293.0,-1.21606469154358,0.2436584176025501,20,False,T,A
3BT1_A_U,0.04854899640303998,293.0,-3.2860313653945923,0.0109256844839942,22,True,E,A
3BT1_A_U,0.21895607077295512,293.0,-1.677515983581543,0.451041956501946,19,False,V,A
3BT1_A_U,0.1449198865854614,293.0,-4.877537548542023,0.163915689483693,17,False,V,A
3BT1_A_U,0.23608232469453153,293.0,0.4464859962463379,0.476844272309331,13,False,G,A
3BT1_A_U,0.22758216417227156,293.0,0.4930486679077144,0.6416030031319647,14,False,L,A
3BT1_A_U,0.29995459109793576,293.0,-0.9393067359924314,0.3690527108970545,12,False,D,A
3BT1_A_U,0.5076288107570159,293.0,-3.452990412712097,0.2836827706674945,14,False,L,A
3BT1_A_U,0.23608232469453153,293.0,-0.2744135856628418,0.5141792824075585,15,False,Q,A
3BT1_A_U,0.21895607077295512,293.0,-3.5308587551116943,0.4777993491943734,9,False,G,A
3BT1_A_U,0.2013107611853571,293.0,0.6529061794281006,0.7656008820957155,6,False,N,A
3BT1_A_U,0.2527191895099274,293.0,-0.19251370429992676,0.4017084190179805,11,False,S,A
3BT1_A_U,0.09335961299864041,293.0,-2.050786554813385,0.9787573630408968,6,False,G,A
3BT1_A_U,0.2768157587197889,293.0,0.616384744644165,1.1965032422203146,4,False,V,A
3BT1_A_U,-0.08137648246405604,293.0,0.581709623336792,0.4777603715752023,5,False,T,A
3BT1_A_U,0.24446017649776175,293.0,1.1047794818878174,0.5454862031807642,8,False,Y,A
3BT1_A_U,0.23608232469453153,293.0,-0.2019329071044922,0.2545422939840354,10,False,S,A
3BT1_A_U,0.23608232469453153,293.0,0.16202759742736816,0.7501989489267347,6,False,R,A
3BT1_A_U,0.19228343842264992,293.0,0.2358778715133667,0.343240159256705,10,False,S,A
3BT1_A_U,0.2768157587197889,293.0,-1.171958565711975,0.6776904293343581,11,False,R,A
3BT1_A_U,0.1737977380399379,293.0,-5.208223313093185,0.3014865440198399,14,False,Y,A
3BT1_A_U,-0.15912522325604025,293.0,-2.4343864917755127,0.1746732533991684,22,False,L,A
3BT1_A_U,0.2013107611853571,293.0,-2.8601726293563843,0.232862138312298,15,False,E,A
3BT1_A_U,0.18311394726592672,293.0,0.8333070278167725,0.1044242707991963,20,False,I,A
3BT1_A_U,0.8557197959106441,293.0,-4.098994620144367,0.0,28,False,S,A
3BT1_A_U,-0.6524649572771286,293.0,-0.8986026048660283,0.0,23,False,G,A
3BT1_A_U,1.136612737200776,293.0,-2.0568528175354004,0.0952250050965392,18,False,S,A
3BT1_A_U,0.2923433630457455,293.0,-0.7067213058471684,0.272866039506807,20,True,S,A
3BT1_A_U,1.662890595418248,293.0,-4.8396875113248825,0.3178195723273464,18,False,D,A
3BT1_A_U,0.40358539975380203,293.0,0.19870424270629883,0.2789799140127484,15,False,M,A
3BT1_A_U,0.600399994544584,293.0,-3.2657917141914368,0.0296616390000228,21,False,S,A
3BT1_A_U,0.8008073410338808,293.0,-2.836244583129883,0.2705368272472116,14,False,E,A
3BT1_A_U,0.3972219412800788,293.0,-1.6689748764038086,0.6070927569964487,9,False,R,A
3BT1_A_U,0.2608626880579109,293.0,-1.2458847761154175,0.6521306081337382,13,False,R,A
3BT1_A_U,0.4098800627344695,293.0,-1.981543779373169,0.2341246797023106,20,False,H,A
3BT1_A_U,0.08247610631270595,293.0,-2.748800277709961,0.2279293682918688,16,False,Q,A
3BT1_A_U,0.24446017649776175,293.0,-0.7090287208557129,0.3363263958777395,11,False,S,A
3BT1_A_U,1.4394076945970502,293.0,-5.260429888963699,0.0627634826640335,22,False,L,A
3BT1_A_U,-0.1267696410340131,293.0,-0.2713775634765625,0.3821144979799327,15,False,Q,A
3BT1_A_U,0.21020025683064936,293.0,-0.7899398803710938,0.3631973476161745,18,False,R,A
3BT1_A_U,0.012522002072169284,293.0,-0.950493574142456,0.1206850698980661,17,False,S,A
3BT1_A_U,-0.24887955752332652,293.0,-0.5569801330566406,0.6307689160188285,8,False,P,A
3BT1_A_U,-0.2890507021231362,293.0,-1.7224435806274423,0.5664526097143562,13,False,E,A
3BT1_A_U,0.0,293.0,-4.715764254331589,0.0810843560873347,22,False,E,A
3BT1_A_U,-0.06699919261458952,293.0,-1.3099370002746582,0.0950966139392163,22,False,Q,A
3BT1_A_U,0.452134396156842,293.0,-1.387296199798584,0.0016990680504311,26,False,L,A
3BT1_A_U,0.7746343660169075,293.0,-1.35758638381958,0.067723690234112,25,False,D,A
3BT1_A_U,0.7746343660169075,293.0,-3.6324121952056885,0.0182813781657339,24,True,V,A
3BT1_A_U,0.733027337446974,293.0,-3.209456443786621,0.0056052370170681,23,False,V,A
3BT1_A_U,0.9856452747777401,293.0,0.4631061553955078,0.0362517745375671,21,True,T,A
3BT1_A_U,0.3842825053354713,293.0,-1.4597208499908447,0.1302844781834925,17,False,H,A
3BT1_A_U,-0.4294674676176842,293.0,-2.522707939147949,0.1607806321068042,15,False,W,A
3BT1_A_U,-0.3102257867551616,293.0,2.1430091857910156,0.6378670744473132,12,False,I,A
3BT1_A_U,-0.09611779274100948,293.0,0.44781494140625044,0.492363667238001,7,False,Q,A
3BT1_A_U,0.03678595683868148,293.0,-0.6457233428955078,0.4689638584451842,9,False,E,A
3BT1_A_U,-0.2113019613311521,293.0,0.5671710968017578,0.4794764903574358,12,False,G,A
3BT1_A_U,-0.15912522325604025,293.0,-0.3579185009002681,0.6188569306005982,8,False,E,A
3BT1_A_U,-0.1427227116958911,293.0,0.062474012374877486,0.5748649773479775,7,False,E,A
3BT1_A_U,-0.08137648246405604,293.0,-3.9271253496408463,0.3738357427055777,13,False,G,A
3BT1_A_U,0.24446017649776175,293.0,-0.07706546783447266,0.1357084495342476,12,False,R,A
3BT1_A_U,0.3294419376931719,293.0,-1.5389033555984497,0.4564495420046491,16,False,P,A
3BT1_A_U,0.6093578736129158,293.0,-0.525121927261353,0.3190843875964161,19,True,K,A
3BT1_A_U,1.2736824855139126,293.0,-4.810332119464874,0.1230044107323424,20,True,D,A
3BT1_A_U,1.0304558913733406,293.0,-0.3758883476257324,0.0929750437889364,22,True,D,A
3BT1_A_U,0.7911298220508434,293.0,-1.59702467918396,0.4035746205253127,17,False,R,A
3BT1_A_U,0.6268704916195386,293.0,-2.7962669134140015,0.0010503335962139,23,False,H,A
3BT1_A_U,0.7110530067665946,293.0,-1.3333454132080078,0.0370121742233236,27,True,L,A
3BT1_A_U,0.9032197967555579,293.0,-5.131158560514451,0.0073720093655427,29,False,R,A
3BT1_A_U,1.2294396414204456,293.0,-5.670397900044918,0.0,28,False,G,A
3BT1_A_U,1.4154164461255823,293.0,-5.518610045313835,0.0,29,False,G,A
3BT1_A_U,-0.11124203670805656,293.0,-0.27105236053466797,0.3111157524192169,19,False,Y,A
3BT1_A_U,1.6337906568727276,293.0,-5.205557219684124,0.000497002080822,21,True,L,A
3BT1_A_U,0.5866993470197287,293.0,-3.061290562152863,0.1394318662321685,18,True,P,A
3BT1_A_U,0.5076288107570159,293.0,-1.5451945066452026,0.3478331463851782,17,False,G,A
3BT1_A_U,0.452134396156842,293.0,-0.5408498048782342,0.6109067048213096,10,False,P,A
3BT1_A_U,-0.039267729903749486,293.0,-1.7146408557891846,0.2718116976067357,18,False,S,A
3BT1_A_U,0.5913021429640569,293.0,1.78249979019165,0.0475018415917404,26,False,N,A
3BT1_A_U,-0.2297876617138641,293.0,-1.179183542728424,0.0129053047707201,25,False,G,A
3BT1_A_U,0.6882167208513735,293.0,-4.963874131441116,0.002457544968419,27,False,F,A
3BT1_A_U,0.2013107611853571,293.0,-4.36082136631012,0.0334383891148019,24,False,H,A
3BT1_A_U,0.36431766985005254,293.0,-4.419665336608887,0.0478658235532879,25,False,N,A
3BT1_A_U,0.3842825053354713,293.0,0.28707027435302734,0.2906703814841949,16,False,N,Q
3BT1_A_U,-0.09611779274100948,293.0,-1.7546279430389404,0.1272838299621271,16,False,D,A
3BT1_A_U,-0.08137648246405604,293.0,0.314892053604126,0.0435334790286127,19,False,T,A
3BT1_A_U,1.045358915484079,293.0,-4.184208869934082,0.0205514287410834,25,False,F,A
3BT1_A_U,1.010716690711439,293.0,-1.6189196109771729,0.0492059037535543,25,True,H,A
3BT1_A_U,0.12484028798647501,293.0,-0.7011978626251221,0.0975718446219277,24,False,F,A
3BT1_A_U,0.733027337446974,293.0,-3.865273952484131,0.0013445848331845,25,True,L,A
3BT1_A_U,0.2768157587197889,293.0,-1.3263893127441397,0.3714365905867017,20,False,K,A
3BT1_A_U,0.1737977380399379,293.0,-0.8610050678253169,0.6089540281386145,13,False,N,Q
3BT1_A_U,0.26889385890133083,293.0,0.11357212066650435,0.4719092600990504,10,False,T,A
3BT1_A_U,0.40358539975380203,293.0,0.6305274963378906,0.5236432606520957,11,False,T,A
3BT1_A_U,0.680401158473591,293.0,-2.3682448863983154,0.2487804045607071,14,False,K,A
3BT1_A_U,0.024780363363379437,293.0,-0.32474517822265625,0.4989333397593462,14,False,E,A
3BT1_A_U,0.322208917289746,293.0,-5.445681557059289,0.2942084649920825,12,False,G,A
3BT1_A_U,-0.2686187581852281,293.0,-2.2590160369873042,0.8119847272321927,8,False,P,A
3BT1_A_U,0.3575076430393675,293.0,-1.6955976486206052,0.1624985612437476,17,False,I,A
3BT1_A_U,0.660390575539333,293.0,-0.7200279235839844,0.2644061287823134,18,False,L,A
3BT1_A_U,0.452134396156842,293.0,-1.0065746307373047,0.166886810648664,12,False,E,A
3BT1_A_U,0.7184703128670171,293.0,-5.119641989469528,0.1564304649982359,15,False,L,A
3BT1_A_U,0.3842825053354713,293.0,-0.8357164859771729,0.5950045610735363,9,False,E,A
3BT1_A_U,0.322208917289746,293.0,-2.540257453918457,0.5538103144401124,10,False,N,A
3BT1_A_U,0.2013107611853571,293.0,-3.567900538444519,0.0805720487093433,17,False,L,A
3BT1_A_U,-0.012797232828794998,293.0,-3.8642031103372574,0.6291611861438847,10,False,P,A
3BT1_A_U,-0.17600323558153044,293.0,0.9583775997161861,0.4499268162537939,13,False,Q,A
3BT1_A_U,-0.2297876617138641,293.0,-5.428981281816959,0.2675270834834071,14,False,N,A
3BT1_A_U,-0.09611779274100948,293.0,-5.591321878135204,0.5468672088595627,10,False,G,A
3BT1_A_U,0.31488491311321504,293.0,-3.5605615377426147,0.2535571513844885,22,False,R,A
3BT1_A_U,-0.19338514292315265,293.0,-2.4845943450927734,0.2928129837323838,19,False,Q,A
3BT1_A_U,-0.06699919261458952,293.0,-4.894807159900665,0.145257545830209,25,False,Y,A
3BT1_A_U,-0.2686187581852281,293.0,-4.4763898476958275,0.0,23,False,S,A
3BT1_A_U,0.24446017649776175,293.0,0.5631959438323975,0.312703565482794,19,False,K,A
3BT1_A_U,0.024780363363379437,293.0,-5.508059315383434,0.0693991753945227,16,False,G,A
3BT1_A_U,0.012522002072169284,293.0,-0.6320948600769043,0.3224824592318642,15,False,N,Q
3BT1_A_U,-0.1267696410340131,293.0,0.5410006046295162,0.4253057697387269,13,False,S,A
3BT1_A_U,-0.2297876617138641,293.0,-0.6267867088317871,0.5511652143135299,10,False,T,A
3BT1_A_U,0.012522002072169284,293.0,0.6319293975830074,0.5859854962587846,10,False,H,A
3BT1_A_U,-0.40358539975380203,293.0,-5.52409740537405,0.2400196692819186,15,False,G,A
3BT1_A_U,-0.2113019613311521,293.0,-1.3812983632087703,0.133250660796155,13,False,S,A
3BT1_A_U,-0.2113019613311521,293.0,0.33091425895690896,0.3686393878239251,11,False,S,A
3BT1_A_U,-0.11124203670805656,293.0,-0.8397303819656377,0.6847871840221451,6,False,E,A
3BT1_A_U,-0.24887955752332652,293.0,-1.7194725275039673,0.2956731576143032,16,False,E,A
3BT1_A_U,0.22758216417227156,293.0,0.9183790683746338,0.0460496004883581,19,False,T,A
3BT1_A_U,0.19228343842264992,293.0,-0.7587325572967529,0.4164909648581557,12,False,F,A
3BT1_A_U,-0.5148274364618586,293.0,-2.310607433319092,0.3905375889343928,16,False,L,A
3BT1_A_U,0.1449198865854614,293.0,-5.050074219703674,0.1688801231326989,20,False,I,A
3BT1_A_U,-0.06699919261458952,293.0,-1.1749727725982666,0.300763333039972,13,False,D,A
3BT1_A_U,-0.025882067863882183,293.0,-4.485237091779709,0.1941926499517657,21,False,R,A
3BT1_A_U,-0.09611779274100948,293.0,-5.1938746720552444,0.120991503053756,19,False,G,A
3BT1_A_U,-0.11124203670805656,293.0,1.1240262985229492,0.4613317572110395,19,False,P,A
3BT1_A_U,1.010716690711439,293.0,-1.8186845481395721,0.0,29,False,M,A
3BT1_A_U,-0.17600323558153044,293.0,-2.794144868850708,0.2746624727249304,18,False,N,A
3BT1_A_U,-0.06699919261458952,293.0,-1.5911571979522705,0.1789371704274333,23,False,Q,A
3BT1_A_U,0.2608626880579109,293.0,-2.3212556838989267,0.0005892441082213,25,False,L,A
3BT1_A_U,-0.484961882217858,293.0,-1.9694738388061523,0.1512974377651186,23,False,V,A
3BT1_A_U,-0.2297876617138641,293.0,-4.274997651576996,0.0,25,False,A,S
3BT1_A_U,-0.2113019613311521,293.0,-1.9018592834472656,0.2949914789133417,18,False,T,A
3BT1_A_U,0.6997468135613345,293.0,-2.4059061408042908,0.0928702771076785,20,False,G,A
3BT1_A_U,-0.025882067863882183,293.0,-1.6995658874511719,0.1287796808617654,15,False,T,A
3BT1_A_U,0.2608626880579109,293.0,-0.5323214530944824,0.1644295870138728,16,False,H,A
3BT1_A_U,0.1737977380399379,293.0,-0.42983341217041016,0.2835074340822741,11,False,E,A
3BT1_A_U,0.04854899640303998,293.0,-4.423370495438576,0.8296544274550387,6,False,P,A
3BT1_A_U,0.2608626880579109,293.0,-0.8920927047729492,0.520945256047983,8,False,K,A
3BT1_A_U,0.3294419376931719,293.0,-0.11091089248657227,0.4029555636350238,9,False,N,A
3BT1_A_U,0.09335961299864041,293.0,0.2804527282714848,0.5998490449213041,11,False,Q,A
3BT1_A_U,-0.17600323558153044,293.0,-0.672471284866333,0.4339062074585794,14,False,S,A
3BT1_A_U,0.18311394726592672,293.0,-1.4892773628234868,0.1068718180833638,22,False,Y,A
3BT1_A_U,0.04854899640303998,293.0,-0.1639254093170166,0.1086529903394652,21,False,M,A
3BT1_A_U,0.15470584223047548,293.0,-2.8560619950294495,0.0012078105370045,25,False,V,A
3BT1_A_U,0.19228343842264992,293.0,-2.4996777772903442,0.0650893726802446,25,False,R,A
3BT1_A_U,-0.08137648246405604,293.0,-5.610199458897114,0.0,29,False,G,A
3BT1_A_U,-0.17600323558153044,293.0,-2.220689982175827,0.0,30,False,A,S
3BT1_A_U,0.3436438772462372,293.0,-4.792789310216904,0.0522220570357103,23,False,T,A
3BT1_A_U,-0.3102257867551616,293.0,-0.4395412206649778,0.3213438490296694,14,False,A,S
3BT1_A_U,-0.06699919261458952,293.0,1.7122835218906403,0.2408950577527342,21,False,S,A
3BT1_A_U,0.12484028798647501,293.0,1.5603748559951782,0.0375134360502084,27,False,M,A
3BT1_A_U,0.452134396156842,293.0,-0.5699574947357178,0.4074165694527557,13,False,Q,A
3BT1_A_U,0.04854899640303998,293.0,0.7230999469757076,0.6148427857588361,14,False,H,A
3BT1_A_U,0.12484028798647501,293.0,0.3371638059616089,0.22795141020627,23,False,A,S
3BT1_A_U,0.2768157587197889,293.0,0.41085052490234375,0.1215478666764859,25,False,H,A
3BT1_A_U,0.4098800627344695,293.0,-2.4825359582901,0.0015921827532874,21,False,L,A
3BT1_A_U,0.1737977380399379,293.0,0.320600748062134,0.0604133693928115,20,False,G,A
3BT1_A_U,0.06007908911300103,293.0,-1.4295258522033691,0.0808642284670072,23,True,D,A
3BT1_A_U,0.2013107611853571,293.0,-1.0871434211730957,0.1133487408528066,22,True,A,S
3BT1_A_U,0.878556081825865,293.0,-4.374711513519287,0.0296226394119899,21,False,F,A
3BT1_A_U,0.21020025683064936,293.0,-0.6658229827880859,0.2203338518167802,15,True,S,A
3BT1_A_U,0.725794317043548,293.0,-0.8474335670471187,0.0156928686047455,21,False,M,A
3BT1_A_U,-0.2297876617138641,293.0,-1.021178960800171,0.0706619321295944,20,False,N,A
3BT1_A_U,0.04854899640303998,293.0,0.5730748176574716,0.563374310697094,15,False,H,A
3BT1_A_U,0.1349666415685739,293.0,-1.1274516582489018,0.1236852203970324,18,False,I,A
3BT1_A_U,0.1040434110032139,293.0,-0.7077448368072505,0.5748694714718301,9,False,D,A
3BT1_A_U,0.23608232469453153,293.0,-3.1631959676742554,0.1983031723031811,20,False,V,A
3BT1_A_U,-0.06699919261458952,293.0,-1.0106773376464848,0.4938205742884108,13,False,S,A
3BT1_A_U,0.06007908911300103,293.0,-0.6298215389251709,0.4114497406617279,10,False,T,A
3BT1_A_U,0.09335961299864041,293.0,0.255224466323853,0.7021026187593169,11,False,K,A
3BT1_A_U,-0.1427227116958911,293.0,-4.640858978033066,0.3310478985130525,16,False,S,A
3BT1_A_U,-0.2890507021231362,293.0,-3.7896687388420105,0.1846224306699665,12,False,G,A
3BT1_A_U,0.1449198865854614,293.0,1.0926296710968018,0.2205229693840789,14,False,H,A
3BT1_A_U,-0.012797232828794998,293.0,-3.6338229179382333,0.2906380904144801,14,False,P,A
3BT1_A_U,0.04854899640303998,293.0,0.38367652893066406,0.7837773790633192,5,False,D,A
3LB6_A_C,3.7214644051554484,298.0,-5.567275248467923,0.001611344379773,21,True,I,A
3LB6_A_C,5.811821878992469,298.0,-5.597177296876907,0.0306167712001664,25,True,K,A
3LB6_A_C,2.544131860901994,298.0,-2.515326380729675,0.2596619197293779,17,True,K,A
3LB6_A_C,5.115015153850582,298.0,-4.733559966087341,0.0188474338624505,21,True,F,A
3UIG_A_P,0.6464568028274204,298.0,-0.6560235023498535,0.0855303904997205,15,True,E,A
3UIG_A_P,0.4463736156997277,298.0,-0.7664988040924072,0.2575874087209653,20,True,K,A
3UIG_A_P,1.7577731492591928,298.0,-0.7164239883422852,0.0686097793450688,18,True,E,A
3UIG_A_P,2.0383180020945937,298.0,-4.21156345307827,0.1102654902354169,22,False,D,A
3UIG_A_P,1.7922552938379195,298.0,-0.8022294044494629,0.1064387153690734,22,True,E,A
4CVW_A_C,1.220747249027025,298.0,-0.4784841537475586,0.1165095601220984,19,True,D,W
4CVW_A_C,3.0463069545377777,298.0,-1.8555192947387695,0.1165095601220984,19,True,D,R
4CVW_A_C,1.8279050023298664,298.0,-3.0489214658737183,0.07722204917812,18,True,R,A
4CVW_A_C,2.076536854194484,298.0,-1.7116258144378662,0.1273695118076618,20,True,R,A
4CVW_A_C,1.4900359409107835,298.0,-3.6094424724578857,0.1273695118076618,20,True,R,W
4CVW_A_C,2.7271204101180455,298.0,-3.4593344926834106,0.147680659286411,22,True,L,G
4CVW_A_C,0.33541185178232535,298.0,-2.943709969520569,0.147680659286411,22,True,L,W
4CVW_A_C,4.9186338685084285,298.0,-5.072407126426697,0.0041062135124576,22,True,V,D
4B0M_A_BM,0.29758968609190906,298.0,-2.3988366127014156,0.1973950555956518,17,True,A,G
4B0M_A_BM,0.40555808218943723,298.0,-1.7252602875232697,0.0497252074097887,21,False,P,A
4B0M_A_BM,0.7577357056164624,298.0,-2.9120254814624786,0.0497252074097887,21,False,P,S
4B0M_A_BM,1.9149198716922284,298.0,-5.411362551152706,0.0843881765396628,18,True,P,A
4B0M_A_BM,1.993392279918669,298.0,-5.629782103002071,0.0843881765396628,18,True,P,S
4B0M_A_BM,0.6289866975957373,298.0,-5.365510895848274,0.0338862125923169,21,False,Y,G
4B0M_A_BM,1.652199796262295,298.0,-4.862845778465271,0.0911358438971349,14,True,Y,A
4B0M_A_BM,1.9081297781204276,298.0,-5.1723900735378265,0.0,22,True,L,A
4B0M_A_BM,0.4297323233014471,298.0,-2.825160801410675,0.0515661710094489,22,True,M,A
3M62_A_B,0.8293449970337587,298.0,-1.245758056640625,0.2777695654196798,12,True,E,A
3M62_A_B,2.7987469340477555,298.0,-2.342536211013794,0.0942829194567621,18,True,D,A
3M62_A_B,2.827996665486802,298.0,-2.123692750930786,0.1069939846377668,20,True,L,A
3M62_A_B,0.016682417900765995,298.0,-3.5051110982894897,0.1313683733954977,21,True,T,A
3M62_A_B,1.051103127064922,298.0,-1.0562769174575806,0.3029773012806337,18,True,E,A
3M62_A_B,0.7883393789778633,298.0,-3.322472095489502,0.353588971309164,15,True,R,A
3M62_A_B,1.2643252931128433,298.0,-5.686186745762825,0.0003758966254769,24,True,G,A
3M62_A_B,4.475213808421575,298.0,-5.500341683626175,0.0030880772051471,28,True,Y,A
3M62_A_B,1.8531082387881839,298.0,-3.9060707092285156,0.25125968476138,17,True,I,A
3M62_A_B,0.9955214040992232,298.0,0.38875508308410645,0.250980893952602,15,True,F,A
3M62_A_B,0.4969044845148983,298.0,-1.480932235717773,0.6040643363912167,6,False,K,A
3M62_A_B,2.882489030954668,298.0,-4.340918064117432,0.0103883000382296,20,True,I,A
3M62_A_B,1.278166680183457,298.0,-0.2974996566772461,0.1195207460109406,19,True,S,A
3M62_A_B,1.0899489635249175,298.0,-2.562270760536194,0.2516714769381007,21,True,V,A
3M62_A_B,1.0539639378112842,298.0,-3.1820895671844482,0.3320983588134715,16,True,Q,A
3M62_A_B,0.28359380160267006,298.0,-1.115473985671997,0.3209581647281984,15,True,Q,A
3M62_A_B,1.1376589903494456,298.0,-1.505336999893188,0.1157277683922292,19,True,V,A
3M62_A_B,0.680817747649017,298.0,-2.54805064201355,0.0548204030208305,17,True,M,A
3M63_A_B,0.646054381472514,298.0,-0.6593382358551025,0.6765733283743539,6,False,E,A
3M63_A_B,2.233205556064364,298.0,-1.788327693939209,0.1199864265871121,19,True,D,A
3M63_A_B,0.5761627410919993,298.0,1.2028095722198486,0.0458475675166041,22,True,L,A
3M63_A_B,0.31123761067031563,298.0,-2.055911421775818,0.0929133330757349,20,True,T,A
3M63_A_B,0.3461964813227925,298.0,-0.9305124282836914,0.2317866654961414,18,True,E,A
3M63_A_B,-0.1852097633064093,298.0,-3.3790560960769653,0.3111652625268641,16,True,R,A
3M63_A_B,0.12465081399829436,298.0,-5.116883046925068,0.0019531938045881,23,True,G,A
3M63_A_B,3.6489417107197912,298.0,-5.519707292318344,4.190450382433428e-05,27,True,Y,A
3M63_A_B,1.838115370315378,298.0,-4.216093510389328,0.0052886281409831,24,True,V,A
3M63_A_B,1.0886046118174872,298.0,-4.022910237312318,0.0810352911765057,18,True,I,A
3M63_A_B,1.7907151455762835,298.0,-3.432851552963257,0.0343278432697573,20,True,F,A
3SEK_B_C,2.8859827677716123,298.0,-1.4345581531524656,0.1086373371521639,22,True,L,E
3SEK_B_C,4.453752913054468,298.0,-0.5897538661956783,0.2854895267191319,16,True,L,E
3SEK_B_C,4.453752913054468,298.0,-0.07464027404785156,0.3300709422824573,14,True,F,E
3SEK_B_C,4.213641879747402,298.0,-2.8360400199890137,0.5393833445411349,12,False,L,E
3SEK_B_C,2.6797201853789505,298.0,-0.9993755817413335,0.2854895267191319,16,True,L,A
3SEK_B_C,2.22839100374968,298.0,-0.685797929763794,0.3300709422824573,14,True,F,A
3SEK_B_C,3.4073194706070438,298.0,-3.064430952072143,0.5393833445411349,12,False,L,A
3HH2_AB_C,0.6840837641505998,298.0,-0.7048981189727779,0.1637666872400189,25,True,V,E
3HH2_AB_C,0.7129766491354614,298.0,-1.2771077156066901,0.0230601814133685,19,True,F,E
3HH2_AB_C,0.8618017042457655,298.0,-3.7795584201812744,0.166873445694543,20,True,I,E
3HH2_AB_C,0.8162264013601377,298.0,-5.389895170927048,0.0427220893085584,19,True,F,E
3HH2_AB_C,1.324714368599027,298.0,-2.2830710411071777,0.0230601814133685,19,True,F,A
3HH2_AB_C,0.7129766491354614,298.0,-4.1790244579315186,0.166873445694543,20,True,I,A
3HH2_AB_C,1.2722742268622604,298.0,-3.9320838153362274,0.0427220893085584,19,True,F,A
3B4V_AB_C,0.8209450452329897,298.0,0.7067747116088867,0.1465740990081821,22,True,L,E
3B4V_AB_C,4.131537274189843,298.0,-5.361974775791168,0.0,21,True,L,E
3B4V_AB_C,3.879462466854863,298.0,-3.802361845970154,0.1495558425123634,22,True,F,E
3B4V_AB_C,4.090680615177067,298.0,-5.513107433915138,0.0011521818393364,21,True,L,E
3B4V_AB_C,3.5789691628886766,298.0,-4.549095690250397,0.0,21,True,L,A
3B4V_AB_C,3.848450843750125,298.0,-3.7987788915634155,0.1495558425123634,22,True,F,A
3B4V_AB_C,3.391638413012278,298.0,-5.2211157232522964,0.0011521818393364,21,True,L,A
4HFK_A_BD,1.3915088644819469,298.0,-3.9328036308288574,0.0324824264479058,27,True,R,A
4HFK_A_BD,2.524333218946118,298.0,-5.015200912952423,0.0352814911243997,27,True,L,A
4HFK_A_BD,1.1880396206308514,298.0,-5.463092416524887,0.0686660535261498,24,True,E,A
4HFK_A_BD,0.20145172996128502,298.0,-5.083161868155003,0.0006607228715542,21,True,S,A
4HFK_A_BD,-0.020151963591548305,298.0,-2.902243494987488,0.5184669577832589,14,True,N,A
4HFK_A_BD,0.030044897621720135,298.0,-5.593873493373394,0.0856783205295121,18,True,L,A
4HFK_A_BD,0.9419769123741778,298.0,-1.6022740602493286,0.1243961048947829,16,True,E,A
4HFK_A_BD,1.8493816118375364,298.0,-3.9320125579833984,0.3002743244598617,22,True,T,A
3KBH_A_E,0.8730160623097967,298.0,-1.0183115005493164,0.2952633874056772,15,False,D,A
3KBH_A_E,1.811979372612353,298.0,-4.3146467208862305,0.0616954902601356,21,True,Y,A
3KBH_A_E,1.6151703700219506,298.0,-0.12731826305389404,0.0616954902601356,21,True,Y,F
3KBH_A_E,0.09997346905285283,298.0,-1.7331284284591675,0.0078062729042107,28,True,Y,A
3KBH_A_E,1.856501867976997,298.0,-2.2823599576950073,0.0430691731202557,23,True,S,A
3KBH_A_E,2.4895564201904192,298.0,-2.615382790565491,0.0430691731202557,23,True,S,T
2AJF_A_E,0.5851408430750865,298.0,-1.9433232545852661,0.1270960478278681,20,True,D,A
2AJF_A_E,1.451750584608139,298.0,-4.284757316112518,8.028343182684427e-05,21,True,Y,A
2AJF_A_E,1.3971684666889341,298.0,-0.43961721658706665,8.028343182684427e-05,21,True,Y,F
4I77_HL_Z,0.0,298.0,-0.625744104385376,0.3154539747225295,18,True,Y,F
4I77_HL_Z,0.0,298.0,-2.285651445388794,0.3154539747225295,18,True,Y,A
4I77_HL_Z,0.0,298.0,0.5200336575508118,0.0710580377739286,25,True,Y,F
4I77_HL_Z,0.9411239084146137,298.0,-4.061218738555908,0.0710580377739286,25,True,Y,A
4I77_HL_Z,0.0,298.0,0.8290964365005493,0.0016546931879356,25,True,Y,F
4I77_HL_Z,1.6915635873740382,298.0,-3.9878841638565063,0.0016546931879356,25,True,Y,A
4I77_HL_Z,2.1237548396113834,298.0,-5.567638128995895,0.3275967732618883,19,True,D,A
4I77_HL_Z,2.098622920871319,298.0,-1.0913593769073486,0.0315275883267761,23,True,W,F
4I77_HL_Z,2.1138296909801153,298.0,-1.6808857917785645,0.0315275883267761,23,True,W,A
4I77_HL_Z,0.0,298.0,-1.923050969839096,0.3178570428733979,17,True,Y,F
4I77_HL_Z,0.0,298.0,-4.285634607076645,0.3178570428733979,17,True,Y,A
4I77_HL_Z,1.721428066789811,298.0,-5.513460174202919,0.0361018124748346,25,True,N,A
4I77_HL_Z,0.0,310.0,-0.625744104385376,0.3154539747225295,18,True,Y,F
4I77_HL_Z,0.0,310.0,-2.285651445388794,0.3154539747225295,18,True,Y,A
4I77_HL_Z,0.0,310.0,0.5200336575508118,0.0710580377739286,25,True,Y,F
4I77_HL_Z,2.366553151780586,310.0,-4.061218738555908,0.0710580377739286,25,True,Y,A
4I77_HL_Z,0.6558970729481022,310.0,0.8290964365005493,0.0016546931879356,25,True,Y,F
4I77_HL_Z,2.703311747130422,310.0,-3.9878841638565063,0.0016546931879356,25,True,Y,A
4I77_HL_Z,3.1148148587306475,310.0,-5.567638128995895,0.3275967732618883,19,True,D,A
4I77_HL_Z,2.9336568479874425,310.0,-1.0913593769073486,0.0315275883267761,23,True,W,F
4I77_HL_Z,3.0263580970926043,310.0,-1.6808857917785645,0.0315275883267761,23,True,W,A
4I77_HL_Z,0.0,310.0,-1.923050969839096,0.3178570428733979,17,True,Y,F
4I77_HL_Z,1.6301313059132096,310.0,-4.285634607076645,0.3178570428733979,17,True,Y,A
4I77_HL_Z,1.0388776021870074,310.0,-5.513460174202919,0.0361018124748346,25,True,N,A
2AW2_A_B,2.5744374477294474,298.0,-4.543876931071281,0.0153414562122684,30,True,P,A
2AW2_A_B,1.8842400174523888,298.0,-5.144290894269943,0.1571157833788595,25,True,Y,A
2AW2_A_B,1.0959006384745251,298.0,-3.2424161434173584,0.0562196104114576,22,True,V,A
4FZA_A_B,0.5426151598260328,298.0,1.0100078582763672,0.071614159189136,21,True,F,E
4FZA_A_B,1.270214445054126,298.0,-4.113950312137604,0.0232324115191449,20,True,Y,A
4FZA_A_B,1.0274367577011738,298.0,-1.3678016662597652,0.0252390979432017,22,True,R,A
4FZA_A_B,0.42522184320480677,298.0,-1.143660068511963,0.2081520197849357,16,True,E,A
1BJ1_HL_VW,2.242527942318427,298.0,-3.7242705821990967,0.1722839347632348,17,False,Y,A
1BJ1_HL_VW,1.3276591119757897,298.0,-2.29689884185791,0.3188876607485534,19,True,Y,A
1BJ1_HL_VW,0.8506667430512536,298.0,-4.836548566818238,0.1374200075963533,18,True,T,A
1BJ1_HL_VW,4.438760044581662,298.0,1.2021863460540767,0.0,26,True,Y,A
1BJ1_HL_VW,0.7896524320053998,298.0,-1.8000502586364742,0.0789623810482438,20,False,H,A
1BJ1_HL_VW,-0.1372698265782766,298.0,-1.880356788635254,0.3188876607485534,19,True,Y,W
1BJ1_HL_VW,-0.22003498621748713,298.0,0.27141213417053245,0.4499762940382217,13,False,T,D
1BJ1_HL_VW,-0.7626501460435201,298.0,1.3051788806915283,0.0869495538172243,20,True,N,H
1BJ1_HL_VW,-1.5835951912765098,298.0,0.6222864389419556,0.2230577628360077,14,True,H,Y
1BJ1_HL_VW,-0.3903964755269158,298.0,-0.663952112197876,0.3745323636739222,10,False,S,T
1N8Z_AB_C,0.06666315173945234,310.0,1.606395959854126,0.0132329852701784,21,True,N,S
1N8Z_AB_C,0.03423286856255429,310.0,2.036571979522705,0.0471347666569069,25,True,H,F
1N8Z_AB_C,0.3216859523920325,310.0,-0.1898326873779297,0.106144231078408,21,True,T,S
1N8Z_AB_C,-0.7130292480402328,310.0,-2.2125744819641113,0.5144770591336302,13,False,D,W
1N8Z_AB_C,0.8540032349739154,310.0,-0.15758097171783403,0.0726965773512397,25,True,Y,F
1N8Z_AB_C,0.23192265131195494,310.0,-1.3980426788330078,0.2148613529610135,21,False,Y,V
1N8Z_AB_C,2.975475032472945,303.0,0.02711176872253418,0.0,24,True,R,A
1N8Z_AB_C,1.8037983774687307,303.0,-0.5350332260131836,0.1892457532577297,22,True,R,A
2NYY_DC_A,-0.2303216905141779,296.0,-0.7830455303192139,0.4304284471136737,13,True,S,A
2NYY_DC_A,0.29098639719422204,296.0,-2.2763010263442993,0.4019034245976185,16,True,K,A
2NYY_DC_A,0.5208143561155204,296.0,-1.9559402465820312,0.0885557105120019,15,False,Q,A
2NYY_DC_A,0.419365821738136,296.0,-0.9987936019897461,0.1585900126255707,22,True,F,A
2NYY_DC_A,0.890440245970065,296.0,-4.774048753082752,0.0199392505700274,23,True,N,A
2NYY_DC_A,2.589209962967786,296.0,-3.3831557035446167,0.061830612733118,23,True,L,A
2NYY_DC_A,2.8391314691054594,296.0,-0.8098745346069336,0.0774411204726182,22,True,E,A
2NYY_DC_A,-0.14014580101026752,296.0,-2.2256979942321777,0.2934515150809865,21,False,K,A
2NYY_DC_A,4.058501760948707,296.0,-4.65590612590313,0.0335310182104314,24,True,F,A
2NYY_DC_A,0.09934819078872777,296.0,-1.6914708614349365,0.034612812387766,24,True,N,A
2NYY_DC_A,0.0,296.0,-0.24292230606079102,0.2868787394576209,18,True,S,A
2NYY_DC_A,-0.009487500287704625,296.0,-3.7952486276626587,0.2260156832697235,19,True,I,A
2NYY_DC_A,-0.02893430498087111,296.0,-4.015956163406372,0.1328791974713733,25,False,K,A
2NYY_DC_A,0.009336898669881286,296.0,-1.527029275894165,0.3122083896766042,18,True,D,A
2NYY_DC_A,0.820122322064863,296.0,-2.2737189531326294,0.3151823887196341,17,True,R,A
2NYY_DC_A,2.5297930640097075,296.0,-4.990608170628549,0.0189496411323223,22,False,D,A
2NYY_DC_A,1.630870693885671,296.0,-0.16341304779052734,0.0688749266666305,25,True,T,A
2NYY_DC_A,7.319427268768097,296.0,-4.785810232162476,0.0184862067969828,20,True,H,A
2NYY_DC_A,0.29953200414119585,296.0,-2.445279359817505,0.4451990644598886,14,True,R,A
2NZ9_DC_A,-0.11948043082416006,296.0,-1.1085946559906006,0.5384412281792643,13,True,S,A
2NZ9_DC_A,0.5407009442261658,296.0,-2.039184331893921,0.4129992779425724,16,True,K,A
2NZ9_DC_A,0.09926051350752814,296.0,-2.8389980792999268,0.0779208876256956,16,False,Q,A
2NZ9_DC_A,-0.04961049800352246,296.0,-2.2145185470581055,0.1702648069801507,22,True,F,A
2NZ9_DC_A,2.160031290132344,296.0,-4.774574264883995,0.0125366585673925,24,True,N,A
2NZ9_DC_A,2.2799642665477884,296.0,-2.1690583229064937,0.03120665639263,24,True,L,A
2NZ9_DC_A,2.7703592680860214,296.0,-0.9911906719207764,0.0663469442677564,21,True,E,A
2NZ9_DC_A,-0.299753490452991,296.0,-0.45007336139678955,0.3006912866412846,21,False,K,A
2NZ9_DC_A,3.340438225057939,296.0,-3.7348276376724243,0.0280036849903291,24,True,F,A
2NZ9_DC_A,-0.15216729887098615,296.0,-1.5340659618377686,0.0361531559102394,25,True,N,A
2NZ9_DC_A,-0.07854480298439359,296.0,0.0037310123443603516,0.3259378192195182,19,True,S,A
2NZ9_DC_A,0.0692814262526869,296.0,-1.4241511821746826,0.2514128660237649,19,True,I,A
2NZ9_DC_A,-0.0087144151747359,296.0,-2.90005886554718,0.1303197538083713,25,False,K,A
2NZ9_DC_A,-0.031082595689149825,296.0,-1.2944355010986328,0.3047361861204614,18,True,D,A
2NZ9_DC_A,0.2908808977292097,296.0,-2.316914200782776,0.2996416521854534,17,True,R,A
2NZ9_DC_A,2.3396026528105094,296.0,-3.345248281955719,0.0109419649295106,22,False,D,A
2NZ9_DC_A,2.3703813413548978,296.0,-0.9442834854125977,0.0325205569081984,25,True,T,A
2NZ9_DC_A,7.419701127593354,296.0,-2.17254376411438,0.0209174204098128,20,True,H,A
2NZ9_DC_A,0.39015779438227055,296.0,-1.766402006149292,0.4514858025844552,13,True,R,A
2NYY_DC_A,-0.05986982921892343,296.0,-0.40834617614746094,0.0003317340769676,24,False,M,Q
2NYY_DC_A,0.07138594465363773,296.0,-0.2096574306488037,0.461329656138179,17,False,K,R
2NYY_DC_A,0.06462480968996004,296.0,0.1593031883239746,0.2268900226701606,17,True,Y,D
2NYY_DC_A,0.12897440475961977,296.0,-0.1744074821472168,0.2268900226701606,17,True,Y,Q
2NYY_DC_A,0.5196860713726449,296.0,3.2984670400619507,0.1132718320334212,18,True,Y,Q
2NYY_DC_A,0.41338268289855706,296.0,-3.3673804998397827,0.2462082537464616,21,True,S,Q
2NYY_DC_A,0.64113544429065,296.0,-2.9751795530319214,0.1957252654219058,22,True,D,Y
2NYY_DC_A,-0.3533825535561593,296.0,-2.871608972549438,0.0116674185320136,25,True,S,N
2NYY_DC_A,0.10088466253461889,296.0,0.07106733322143555,0.24111692577672,23,True,H,R
2NYY_DC_A,-0.21317143001094352,296.0,-1.3036968111991882,0.0003935698441292,25,False,V,I
2NYY_DC_A,-0.24798705014975697,296.0,-1.1218171119689937,0.02481721201923,24,False,E,Q
3NGB_HL_G,0.08419383746799053,298.0,-1.9776009321212769,0.1311467224210258,20,False,T,Y
3NGB_HL_G,0.743043343568668,298.0,1.0780153274536133,0.0853981861914799,23,True,G,S
3NGB_HL_G,-0.05603032024314529,298.0,-2.1282360553741455,0.1246460681262104,27,True,A,G
3NGB_HL_G,0.1378722005083076,298.0,-0.214447140693665,0.0792621738812965,24,True,V,T
3NGB_HL_G,0.23252321441023988,298.0,-1.4114183187484741,0.5527021520314428,12,True,P,K
3NGB_HL_G,0.1649392058939123,298.0,-0.30881404876708984,0.1884489479369015,19,True,V,T
3NGB_HL_G,0.3325708209521731,298.0,1.517364501953125,0.5987609879029628,12,True,Y,S
3NGB_HL_G,0.073393781176987,298.0,3.5231971740722656,0.235006179911235,13,True,I,T
3NGB_HL_G,0.17496996916507154,298.0,1.0457960367202759,0.1857258200531947,24,True,K,N
3NGB_HL_G,0.04645044639147346,298.0,-0.7014324665069585,0.3765350696490027,21,True,R,N
3NGB_HL_G,0.09654989439247522,298.0,-0.19792199134826616,0.1650017147680424,15,True,R,Q
3NGB_HL_G,0.651268560826778,298.0,2.640548825263977,0.6083472178264425,11,True,Y,S
3S9D_A_B,-0.2112181483222045,298.0,-3.3828502893447876,0.3106333869680409,14,True,S,A
3S9D_A_B,1.0095291007048206,298.0,-1.2510690689086914,0.0192118712931763,24,True,L,A
3S9D_A_B,0.5184409187140231,298.0,-0.9727652072906494,0.3631263056404228,16,True,F,A
3S9D_A_B,0.0,298.0,-1.8348025083541872,0.4258821437026446,13,False,S,A
3S9D_A_B,3.680208092560573,298.0,-5.17839489877224,0.1013308975133411,20,True,L,A
3S9D_A_B,0.49323768225570536,298.0,-0.37886691093444824,0.6473506139408963,8,False,K,A
3S9D_A_B,0.38009731727618046,298.0,-2.102047204971313,0.0448661701089213,18,False,D,A
3S9D_A_B,3.680208092560573,298.0,-1.0132789611816406,0.096972571685357,22,True,R,A
3S9D_A_B,0.41047252261649486,298.0,-2.6963629722595215,0.3752253990371866,18,True,H,A
3S9D_A_B,0.2401110333070661,298.0,-4.976846978068352,0.3536926168691061,11,True,D,A
3S9D_A_B,0.0,298.0,-2.6993077993392944,0.617360217007982,7,False,E,A
3S9D_A_B,0.10796839609752822,298.0,-1.28529691696167,0.445704633624453,12,False,K,A
3S9D_A_B,0.34807942940459435,298.0,-2.716835498809814,0.3510624147104455,15,False,R,A
3S9D_A_B,-0.06239309321190053,298.0,0.2790594100952153,0.4840606706332138,10,False,L,A
3S9D_A_B,0.27832988540695697,298.0,-1.8508726358413696,0.5111533790343368,11,False,K,A
3S9D_A_B,-0.13214263720953792,298.0,-2.610914468765259,0.574515237419572,11,False,E,A
3S9D_A_B,0.7747772593836819,298.0,-3.115027368068695,0.2950215659972534,16,False,K,A
3S9D_A_B,0.056441418262292826,298.0,-2.2438416481018066,0.3390069378235641,8,False,K,A
3S9D_A_B,1.5189288258956455,298.0,-5.925027959048748,0.0295042196103329,21,True,T,A
3S9D_A_B,3.680208092560573,298.0,-1.9834063053131104,0.0336275119178408,24,True,M,A
3S9D_A_B,0.4669139408787877,298.0,-2.8939987421035767,0.0546272944078241,22,True,S,A
3S9D_A_B,0.31423097849018977,298.0,-3.0012524724006653,0.3227263424165575,12,True,K,A
3S9D_A_B,0.650583555923561,298.0,-2.172419786453247,0.3809052233984402,12,True,E,R
3S9D_A_B,0.19925437429429038,298.0,-2.3976547718048096,0.3809052233984402,12,True,E,A
3S9D_A_B,0.38009731727618046,298.0,-3.047190308570862,0.4410354806004963,12,False,K,A
3S9D_A_B,0.7247035011066846,298.0,-3.889985740184785,0.0,20,False,W,F
3S9D_A_B,0.31423097849018977,298.0,-5.621236741542816,0.2135177595855697,13,False,S,A
3S9D_A_B,0.630507508833982,298.0,-3.2384702563285828,0.1609595687636209,21,True,H,A
3S9D_A_B,-0.2112181483222045,298.0,-0.40458154678344727,0.1637761397992027,21,True,N,A
3S9D_A_B,0.7418695341203233,298.0,-2.806345224380493,0.0267034746581519,22,True,W,A
3S9D_A_B,-0.06239309321190053,298.0,-2.4134595394134517,0.6855396883091682,11,False,D,R
3S9D_A_B,1.2788177925885793,298.0,-4.929200649261475,0.0685553862273175,20,True,L,A
3S9D_A_B,0.12419370346012083,298.0,1.263931512832642,0.2983086519854236,20,True,M,A
3S9D_A_B,0.17036148930942874,298.0,-1.9521323442459102,0.331421018139114,18,True,R,A
3S9D_A_B,0.3589455447812595,298.0,-2.6547319889068604,0.516306441958044,12,False,R,A
3S9D_A_B,-0.13214263720953792,298.0,-4.572332322597504,0.2940691173325157,11,False,I,A
3S9D_A_B,-0.08474241247044337,298.0,-3.3828502893447876,0.3106333869680409,14,True,S,A
3S9D_A_B,1.0237138908087071,298.0,-1.2510690689086914,0.0192118712931763,24,True,L,A
3S9D_A_B,0.8994033737230374,298.0,-0.9727652072906494,0.3631263056404228,16,True,F,A
3S9D_A_B,3.7543280377436967,298.0,-5.17839489877224,0.1013308975133411,20,True,L,A
3S9D_A_B,2.6400959652559615,298.0,-4.150636300444604,0.1013308975133411,20,True,L,V
3S9D_A_B,0.6505835559235611,298.0,-0.37886691093444824,0.6473506139408963,8,False,K,A
3S9D_A_B,0.630507508833982,298.0,-2.102047204971313,0.0448661701089213,18,False,D,A
3S9D_A_B,4.671514627102991,298.0,-0.9535770416259766,0.096972571685357,22,True,R,K
3S9D_A_B,5.4154953458935795,298.0,-1.0132789611816406,0.096972571685357,22,True,R,A
3S9D_A_B,6.07927774353468,298.0,-1.0516538619995117,0.096972571685357,22,True,R,Q
3S9D_A_B,0.5733850247429673,298.0,-2.6963629722595215,0.3752253990371866,18,True,H,A
3S9D_A_B,0.25312664894863923,298.0,-4.976846978068352,0.3536926168691061,11,True,D,A
3S9D_A_B,0.019417696079248526,298.0,1.9697397947311401,0.3541199133908034,11,False,Q,A
3S9D_A_B,0.0,298.0,-2.716835498809814,0.3510624147104455,15,False,R,A
3S9D_A_B,0.42989021869574345,298.0,-1.8508726358413696,0.5111533790343368,11,False,K,A
3S9D_A_B,-0.2112181483222044,298.0,-2.610914468765259,0.574515237419572,11,False,E,A
3S9D_A_B,1.2788177925885793,298.0,-3.115027368068695,0.2950215659972534,16,False,K,A
3S9D_A_B,0.1399862839691142,298.0,-2.2438416481018066,0.3390069378235641,8,False,K,A
3S9D_A_B,2.184505250292012,298.0,-3.992939591407776,0.0199894088399108,22,False,R,A
3S9D_A_B,2.076536854194484,298.0,-1.2332253456115723,0.0243161683476881,23,True,A,G
3S9D_A_B,1.0577569799082,298.0,-1.1767969131469727,0.0243161683476881,23,True,A,M
3S9D_A_B,2.2883468932934,298.0,-3.5671935081481934,0.0261272345308443,26,True,M,A
3S9D_A_B,3.0730024838556447,298.0,-2.0306016206741337,0.1046047265570978,22,True,R,A
3S9D_A_B,0.9037102048722002,298.0,-1.557544469833374,0.0141515833453291,20,True,S,A
3S9D_A_B,1.335259210850872,298.0,-2.5182738304138184,0.1674576916945299,17,True,L,A
3S9D_A_B,-0.08474241247044337,298.0,-1.1210122108459473,0.7071116405195541,11,True,N,A
3S9D_A_B,0.0,298.0,-1.6385588645935059,0.2000472386267274,20,False,Q,A
3S9D_A_B,0.17036148930942874,298.0,-1.841721534729004,0.231176968189834,16,False,F,A
3S9D_A_B,0.0,298.0,-0.534778356552124,0.5367130105043405,13,False,N,A
3S9D_A_B,0.0,298.0,-4.517021283507347,0.3612497442189143,13,False,S,A
3S9D_A_B,0.0,298.0,-5.149656742811203,0.3139387607951618,13,False,T,A
3S9D_A_B,0.0,298.0,-0.7918729782104497,0.721623477276214,8,False,K,A
3S9D_A_B,0.17036148930942874,298.0,0.4778144359588623,0.4349668578246737,11,False,S,A
3S9D_A_B,0.17036148930942874,298.0,-0.23825573921203613,0.4419280824776655,9,False,T,A
3S9D_A_B,0.3025041265189667,298.0,-5.008179992437363,0.1438986249312388,16,False,L,A
3S9D_A_B,0.0,298.0,-0.47968578338623047,0.4540753765465531,16,False,K,A
3S9D_A_B,0.3025041265189667,298.0,-2.319773435592651,0.1757795129907648,14,False,Y,A
3S9D_A_B,0.17036148930942874,298.0,0.2864985466003418,0.4895154933415993,14,False,T,A
3S9D_A_B,0.3025041265189667,298.0,0.7728796005249023,0.5111867470867296,12,False,Y,A
3S9D_A_B,0.17036148930942874,298.0,0.42824006080627397,0.3774856300074235,14,False,Q,A
3S9D_A_B,0.17036148930942874,298.0,0.6316285133361821,0.3139951839708751,9,False,N,A
3S9D_A_B,0.17036148930942874,298.0,-0.8995842933654781,0.666988535351337,9,False,E,A
3S9D_A_B,0.6215919649341703,298.0,-1.7120490074157715,0.1960206788245827,17,True,R,A
3S9D_A_B,1.3635602050590228,298.0,-4.929200649261475,0.0685553862273175,20,True,L,A
3S9D_A_B,0.0,298.0,1.263931512832642,0.2983086519854236,20,True,M,A
3S9D_A_B,-0.18098395659674849,298.0,-1.1730883121490479,0.2504347989111578,19,True,A,W
3S9D_A_B,0.22003498621748716,298.0,-1.9521323442459102,0.331421018139114,18,True,R,A
3S9D_A_B,0.09634023368120401,298.0,-2.6547319889068604,0.516306441958044,12,False,R,A
3S9D_A_B,-0.08246914030147948,298.0,-4.572332322597504,0.2940691173325157,11,False,I,A
3S9D_A_B,0.0,298.0,-3.3828502893447876,0.3106333869680409,14,True,S,A
3S9D_A_B,0.8950649904161133,298.0,-1.2510690689086914,0.0192118712931763,24,True,L,A
3S9D_A_B,0.7129766491354615,298.0,-0.9727652072906494,0.3631263056404228,16,True,F,A
3S9D_A_B,3.935903885117156,298.0,-5.17839489877224,0.1013308975133411,20,True,L,A
3S9D_A_B,2.2319054750311067,298.0,-4.150636300444604,0.1013308975133411,20,True,L,V
3S9D_A_B,0.7129766491354615,298.0,-0.37886691093444824,0.6473506139408963,8,False,K,A
3S9D_A_B,0.9247866882343773,298.0,-2.102047204971313,0.0448661701089213,18,False,D,A
3S9D_A_B,6.27518586546908,298.0,-1.0132789611816406,0.096972571685357,22,True,R,A
3S9D_A_B,4.501153137793563,298.0,-0.9535770416259766,0.096972571685357,22,True,R,K
3S9D_A_B,0.638619781895647,298.0,-2.6963629722595215,0.3752253990371866,18,True,H,A
3S9D_A_B,0.41047252261649486,298.0,-4.976846978068352,0.3536926168691061,11,True,D,A
3S9D_A_B,0.030769864916934352,298.0,0.3305323123931885,0.4250838586012015,12,False,R,K
3S9D_A_B,-0.07794860939715155,298.0,-1.28529691696167,0.445704633624453,12,False,K,A
3S9D_A_B,0.2832443258340145,298.0,-2.716835498809814,0.3510624147104455,15,False,R,A
3S9D_A_B,0.0,298.0,-1.8508726358413696,0.5111533790343368,11,False,K,A
3S9D_A_B,-0.16512086508299242,298.0,-2.610914468765259,0.574515237419572,11,False,E,A
3S9D_A_B,0.2118100390989157,298.0,-3.115027368068695,0.2950215659972534,16,False,K,A
3S9D_A_B,0.19500929036094908,298.0,-2.2438416481018066,0.3390069378235641,8,False,K,A
3S9D_A_B,2.076536854194484,298.0,-3.992939591407776,0.0199894088399108,22,False,R,A
3S9D_A_B,1.0868073822959854,298.0,-1.1767969131469727,0.0243161683476881,23,True,A,M
3S9D_A_B,2.076536854194484,298.0,-1.2332253456115723,0.0243161683476881,23,True,A,G
3S9D_A_B,2.076536854194484,298.0,-3.5671935081481934,0.0261272345308443,26,True,M,A
3S9D_A_B,2.7271204101180455,298.0,-2.0306016206741337,0.1046047265570978,22,True,R,A
3S9D_A_B,1.3635602050590228,298.0,-1.557544469833374,0.0141515833453291,20,True,S,A
3S9D_A_B,1.3635602050590228,298.0,-2.5182738304138184,0.1674576916945299,17,True,L,A
3S9D_A_B,0.0,298.0,-1.1210122108459473,0.7071116405195541,11,True,N,A
3S9D_A_B,0.0,298.0,-0.7284562587738037,0.585339662369466,9,False,E,R
3S9D_A_B,1.3077106775734408,298.0,-3.0797895193099976,0.0712768244052168,23,False,Y,A
3S9D_A_B,1.6660643315779893,298.0,-5.925027959048748,0.0295042196103329,21,True,T,A
3S9D_A_B,1.7740327276755175,298.0,-4.547780990600586,0.1407729079089198,20,False,I,A
3S9D_A_B,2.31664788750155,298.0,-1.9834063053131104,0.0336275119178408,24,True,M,A
3S9D_A_B,1.8232522677404948,298.0,-2.143129348754883,0.0336275119178408,24,True,M,V
3S9D_A_B,0.5426151598260328,298.0,-2.8939987421035767,0.0546272944078241,22,True,S,A
3S9D_A_B,0.6937168484505094,298.0,-3.0012524724006653,0.3227263424165575,12,True,K,A
3S9D_A_B,0.2118100390989157,298.0,-2.3976547718048096,0.3809052233984402,12,True,E,A
3S9D_A_B,0.0,298.0,-0.17305254936218217,0.6715263838991462,7,False,D,A
3S9D_A_B,0.5889211064475307,298.0,-3.047190308570862,0.4410354806004963,12,False,K,A
3S9D_A_B,0.17036148930942874,298.0,-2.722678422927857,0.4673831791791164,12,False,R,A
3S9D_A_B,0.273374319477414,298.0,-5.621236741542816,0.2135177595855697,13,False,S,A
3S9D_A_B,0.2556957925565833,298.0,-4.206921756267548,0.0881766347646735,16,False,T,A
3S9D_A_B,0.638619781895647,298.0,-3.2384702563285828,0.1609595687636209,21,True,H,A
3S9D_A_B,2.411308157863734,298.0,-4.337696850299835,0.0877560401452968,20,True,E,A
3S9D_A_B,-0.1677353800266006,298.0,0.7928197383880615,0.0647714966874544,24,True,A,M
3S9D_A_B,2.31664788750155,298.0,-4.8391358852386475,0.0031307525225148,23,True,V,A
3S9D_A_B,0.043744739842809126,298.0,1.6816606521606445,0.3721407154353598,20,False,H,A
3S9D_A_B,-0.13214263720953792,298.0,-0.40458154678344727,0.1637761397992027,21,True,N,A
3S9D_A_B,1.0477479528047113,298.0,-2.806345224380493,0.0267034746581519,22,True,W,A
3S9D_A_B,1.4957028422685605,298.0,-3.4674623012542725,0.1914984637564581,17,True,I,A
3S9D_A_B,1.0477479528047113,298.0,-5.390485882759094,0.3400032541318784,15,False,D,A
3S9D_A_B,-0.09856841027447208,298.0,-2.4134595394134517,0.6855396883091682,11,False,D,R
3S9D_A_B,0.0,298.0,-1.5251946449279785,0.2998804119082163,16,True,H,A
3SE4_B_C,1.3635602050590228,298.0,-3.6961455047130585,0.0183814114205112,21,True,T,A
3SE4_B_C,1.665471848614309,298.0,-2.739053249359131,0.0511372788254755,24,True,M,A
3SE4_B_C,1.1648977215414433,298.0,0.36275768280029297,0.0511372788254755,24,True,M,V
3SE4_B_C,0.2118100390989157,298.0,-1.2144815921783447,0.1667471603118457,20,True,S,A
3SE4_B_C,-0.6099638189674763,298.0,-1.817455768585205,0.2208742451218276,18,True,H,A
3SE4_B_C,1.3635602050590228,298.0,-3.837831974029542,0.1021631586939914,21,True,E,A
3SE4_B_C,1.1648977215414433,298.0,-5.032995104789734,0.0021858821935158,23,True,V,A
3SE4_B_C,1.208783474999111,298.0,-3.910042881965637,0.1793980401225879,18,True,I,A
3SE4_B_C,-0.41047252261649486,298.0,0.0499272346496582,0.1919727114500076,20,False,H,A
3SE3_B_A,-0.34760586946508376,298.0,-1.272078514099121,0.2503541538810301,16,True,N,A
3SE3_B_A,1.4966495837536624,298.0,-2.868767023086548,0.0972658806948419,19,True,Y,A
3SE3_B_A,0.41047252261649486,298.0,-2.0914641618728638,0.1000572896972986,23,True,F,A
3SE3_B_A,0.7127397270787706,298.0,-1.8552746772766113,0.1153156996481268,21,False,E,A
3SE3_B_A,1.4966495837536624,298.0,-1.7243947982788086,0.2007676044161481,18,False,K,A
3SE3_B_A,0.0,298.0,-3.8770079612731934,0.1342250727184471,19,True,L,A
3SE3_B_A,0.5426151598260328,298.0,-2.15748405456543,0.0180927976868534,24,True,D,A
3SE3_B_A,0.5426151598260328,298.0,0.324951171875,0.0155381325754728,20,True,S,A
3SE3_B_A,0.13308937869464008,298.0,-3.5416430234909058,0.363986644633445,11,True,N,T
3SE3_B_A,0.41047252261649486,298.0,-2.057234287261963,0.2287654436541709,11,False,Y,A
3SE3_B_A,-0.15631687832154764,298.0,-0.44377779960632324,0.0791587907030349,20,True,T,A
3SE3_B_A,-0.23892784275801224,298.0,-1.8388206958770752,0.1386132799148627,16,True,S,A
3SE3_B_A,1.4966495837536624,298.0,-2.9072351455688477,0.0746593152155356,24,True,F,A
3SE3_B_A,0.41047252261649486,298.0,-1.621166944503784,0.0109267560255232,21,True,R,A
3SE3_B_A,0.5426151598260328,298.0,-1.1819264888763428,0.1959624842139523,18,False,N,A
3SE3_B_A,0.2109812262655136,298.0,-0.9087035655975342,0.4901858867450765,5,True,N,A
3SE3_B_A,0.0,298.0,0.766547441482544,0.2748172245876612,17,False,F,A
3SE4_B_A,1.3635602050590228,298.0,-1.3198814392089844,0.014513341574888,19,True,Y,A
3SE4_B_A,0.13214263720953795,298.0,-3.5720956325531006,0.053826791776169,17,True,L,A
3SE4_B_A,0.13214263720953795,298.0,-1.831205129623413,0.0,24,True,D,A
3SE4_B_A,0.0,298.0,-0.9114561080932617,0.0906925719099135,24,True,S,A
3SE4_B_A,0.41047252261649486,298.0,-3.9767725467681885,0.3390908877860001,14,True,N,T
3SE4_B_A,-0.27832988540695697,298.0,-3.1254950761795044,0.2252187613985829,13,False,Y,A
3SE4_B_A,-0.5426151598260328,298.0,-1.6449775695800781,0.0798881184511297,23,True,T,A
3SE4_B_A,1.3635602050590228,298.0,-2.2594826221466064,0.0153908451903083,24,True,F,A
3SE4_B_A,0.3028001458566976,298.0,-2.5568461418151864,0.0359893056634402,21,True,R,A
3SE4_B_A,0.0,298.0,-0.8099427223205566,0.0808214255504117,19,True,N,A
3SE4_B_A,0.3028001458566976,298.0,-0.3617405891418457,0.5758057940596346,9,False,N,A
3SE4_B_A,0.21077384168177954,298.0,1.380564689636231,0.2077588809817312,19,False,F,A
3SE4_B_C,-0.17036148930942868,298.0,-2.1154799461364746,0.0085413552208526,24,True,P,A
3SE4_B_C,0.9239578754009751,298.0,-2.0903170108795166,0.0085413552208526,24,True,P,L
3SE4_B_C,2.727120410118045,298.0,-3.8004530668258676,0.1271841515070136,19,True,L,A
3SE4_B_C,0.5726349465264094,298.0,-0.14233303070068315,0.0078814266912903,24,True,M,A
3SE4_B_C,1.7740327276755175,298.0,-0.6546359062194824,0.0623356140451579,20,True,K,A
3SE4_B_C,-0.9741856222322799,298.0,0.8824818134307861,0.0623356140451579,20,True,K,R
3SE4_B_A,0.04967349690805844,298.0,-2.3130948543548584,0.2773333635682601,15,False,P,A
3SE4_B_A,0.10301283016798528,298.0,-1.898984432220459,0.2773333635682601,15,False,P,L
3SE4_B_A,-0.011963774027914134,298.0,-0.5787663459777832,0.423904439183789,9,False,L,A
3SE4_B_A,0.024647801051520212,298.0,0.36886930465698287,0.3204491807141783,16,False,M,A
3SE4_B_A,-0.035068915562384895,298.0,-1.8604401350021367,0.3159983711806312,12,False,K,A
3SE4_B_A,0.13920657790150343,298.0,-0.1515682935714724,0.3159983711806312,12,False,K,R
3S9D_A_B,3.1002620119800994,298.0,-2.0306016206741337,0.1046047265570978,22,True,R,A
3S9D_A_B,2.399992283784385,298.0,-4.337696850299835,0.0877560401452968,20,True,E,A
3SE4_B_C,1.4008530418446534,298.0,-3.837831974029542,0.1021631586939914,21,True,E,A
3SE4_B_C,1.8015139631890487,298.0,-0.6546359062194824,0.0623356140451579,20,True,K,A
3SE4_B_C,-0.897993674711024,298.0,0.8824818134307861,0.0623356140451579,20,True,K,R
3S9D_A_B,1.6418900904659794,298.0,-3.4674623012542725,0.1914984637564581,17,True,I,A
3S9D_A_B,2.0061948272331667,298.0,-5.925027959048748,0.0295042196103329,21,True,T,A
3S9D_A_B,1.9294013485121404,298.0,-4.547780990600586,0.1407729079089198,20,False,I,A
3S9D_A_B,2.924680400787723,298.0,-2.143129348754883,0.0336275119178408,24,True,M,V
3S9D_A_B,1.2010423625091702,298.0,-3.2384702563285828,0.1609595687636209,21,True,H,A
3S9D_A_B,2.4324599303586547,298.0,-4.337696850299835,0.0877560401452968,20,True,E,A
3S9D_A_B,1.5456485463396745,298.0,-2.806345224380493,0.0267034746581519,22,True,W,A
3S9D_A_B,1.7116396344636169,298.0,-3.4674623012542725,0.1914984637564581,17,True,I,A
3S9D_A_B,1.6268972219931734,298.0,-5.390485882759094,0.3400032541318784,15,False,D,A
3S9D_A_B,1.9647662834122561,298.0,-4.929200649261475,0.0685553862273175,20,True,L,A
3S9D_A_B,1.4909462972357992,298.0,-1.2510690689086914,0.0192118712931763,24,True,L,A
3S9D_A_B,3.8622964338412245,298.0,-5.17839489877224,0.1013308975133411,20,True,L,A
3S9D_A_B,2.178553575342405,298.0,-3.992939591407776,0.0199894088399108,22,False,R,A
3S9D_A_B,2.1603310091800023,298.0,-1.2332253456115723,0.0243161683476881,23,True,A,G
3S9D_A_B,2.3963152893909276,298.0,-3.5671935081481934,0.0261272345308443,26,True,M,A
3S9D_A_B,3.183168235620168,298.0,-2.0306016206741337,0.1046047265570978,22,True,R,A
3S9D_A_B,1.0992749306399467,298.0,-1.557544469833374,0.0141515833453291,20,True,S,A
3S9D_A_B,1.6418900904659794,298.0,-2.5182738304138184,0.1674576916945299,17,True,L,A
1E50_A_B,-0.4020725708157258,298.0,-1.1443909406661987,0.274826886518261,21,True,D,A
1E50_A_B,0.6781320892009923,298.0,0.9346776008605961,0.0044513663785222,22,True,N,A
1E50_A_B,1.319674451601355,298.0,2.14521586894989,0.1052467264628888,24,True,M,A
1E50_A_B,2.4316244916974497,298.0,-5.729381904006005,0.0327857272335793,20,True,N,A
1E50_A_B,0.9445668638849761,298.0,-2.142168641090393,0.1155775980614603,22,True,Y,A
1E50_A_B,0.9779383218837003,298.0,-1.1953176259994507,0.115914775101806,23,True,S,A
1E50_A_B,1.5123852601693268,298.0,-2.9783924221992493,0.0032254889546952,27,True,T,A
1E50_A_B,-0.0438857534576676,298.0,-4.717325448989868,0.0060263959505814,27,True,V,A
1E50_A_B,2.1845052502920126,298.0,-4.919958561658859,0.0,21,True,T,A
1E50_A_B,1.7740327276755177,298.0,-0.8045773506164551,0.3708603920593782,14,True,R,A
1E50_A_B,0.0,298.0,-4.208992123603821,0.1650850315746843,17,True,V,A
1E50_A_B,0.9092019289848602,298.0,1.7524254322052002,0.0063933779067785,26,True,N,A
1E50_A_B,0.11497660419589942,298.0,-0.37577271461486816,0.0925038861349519,21,True,S,A
1E50_A_B,-0.22998793769262085,298.0,-1.1443909406661987,0.274826886518261,21,True,D,A
1E50_A_B,1.4072838710179911,298.0,-5.729381904006005,0.0327857272335793,20,True,N,A
1E50_A_B,0.8833381384448902,298.0,-2.142168641090393,0.1155775980614603,22,True,Y,A
1E50_A_B,-0.19114210123262546,298.0,0.5660049915313721,0.330206852189812,7,False,R,A
1E50_A_B,0.3199423666956607,298.0,-1.9039148092269902,0.1685581763854977,14,False,K,M
1E50_A_B,1.0434004695035834,298.0,-2.9783924221992493,0.0032254889546952,27,True,T,A
1E50_A_B,1.019550803172404,298.0,1.7524254322052002,0.0063933779067785,26,True,N,A
1E50_A_B,1.4072838710179911,298.0,-5.231099516153336,0.0165417340517362,23,True,N,A
1JTG_A_B,0.8209450452329897,298.0,-3.76228004693985,0.2141326383551695,15,True,E,A
1JTG_A_B,0.0,298.0,0.8907389640808101,0.2194110470499206,21,True,S,A
1JTG_A_B,2.594977772908507,298.0,-4.82092946767807,0.0002977567930886,19,True,F,A
1JTG_A_B,-0.3025041265189667,298.0,-2.4866095185279846,0.0161823376055583,21,True,S,A
1JTG_A_B,2.498736228782202,298.0,-2.5828365683555603,0.0,26,False,H,A
1JTG_A_B,0.19925437429429038,298.0,-2.221194490790367,0.056456145368746,27,True,G,A
1JTG_A_B,2.184505250292012,298.0,1.802165150642395,0.0581735553346333,26,True,D,A
1JTG_A_B,-2.2602064692392574,298.0,-0.5013878345489502,0.0412486158857488,22,True,Y,A
1JTG_A_B,0.0,298.0,0.6712772846221924,0.215167746276147,22,True,Y,A
1JTG_A_B,2.213398135276874,298.0,-2.551451444625855,0.0026403894497273,23,True,Y,A
1JTG_A_B,-0.5426151598260328,298.0,-0.5537918806076054,0.0207645609484681,24,True,S,A
1JTG_A_B,-0.132142637209538,298.0,-5.410430014133453,0.0257359351883453,25,True,E,A
1JTG_A_B,2.677742932547718,298.0,-2.557283043861389,0.0147395475782741,25,True,K,A
1JTG_A_B,1.9294013485121404,298.0,-0.4248034954071045,0.0453858918251032,23,True,W,A
1JTG_A_B,-0.896646264180235,298.0,-1.9864120483398433,0.1117492271394886,23,True,S,A
1JTG_A_B,0.7585519520210893,298.0,-4.651376821100712,0.1745557373450361,17,True,G,A
1JTG_A_B,2.0523626130824746,298.0,-4.574570298194885,0.0709922215851227,25,True,F,A
1JTG_A_B,0.10796839609752822,298.0,-2.852185845375061,0.1156008741419353,22,True,Y,A
1JTG_A_B,0.10796839609752822,298.0,-0.856823205947876,0.4709959900266689,18,True,R,A
1JTG_A_B,2.213398135276874,298.0,-1.949422836303711,0.0042958268741632,22,True,H,A
1JTG_A_B,3.498687977780708,298.0,-5.3703456819057465,0.10132873176349,19,True,W,A
1JTG_A_B,1.8304741459378102,298.0,-0.43908417224884055,0.2593930551085727,15,True,R,A
1JTG_A_B,2.184505250292012,298.0,-2.501004695892334,0.073246932600216,17,True,W,A
1C4Z_ABC_D,0.5658411434531176,298.0,-0.04537081718444824,0.2626747513881331,20,True,S,A
1C4Z_ABC_D,0.5184409187140231,298.0,-0.07791805267333984,0.2912824624106487,19,True,R,A
1C4Z_ABC_D,1.2878589861117773,298.0,0.3606102466583252,0.2912824624106487,19,True,R,E
1C4Z_ABC_D,0.4669139408787877,298.0,-1.9732730388641357,0.0147606766267954,17,True,R,A
1C4Z_ABC_D,1.1852497820001766,298.0,-2.923325777053833,0.0147606766267954,17,True,R,E
1C4Z_ABC_D,0.6097268969107852,298.0,-1.7067546844482422,0.2574075296923765,11,True,K,A
1C4Z_ABC_D,1.5542937607957612,298.0,-0.652895450592041,0.2574075296923765,11,True,K,E
1C4Z_ABC_D,-0.17831042305884584,298.0,-0.7113771438598637,0.3080152546828317,13,True,N,A
1C4Z_ABC_D,-0.3433607855317425,298.0,-2.2730221748352055,0.0817142266735635,21,True,L,A
1C4Z_ABC_D,-0.011963774027914134,298.0,-0.2523093223571773,0.3027464464138984,15,False,R,A
1C4Z_ABC_D,0.5658411434531176,298.0,-2.2529793083667755,0.0255722799051843,20,True,A,G
1C4Z_ABC_D,0.08789234900794919,298.0,-2.20724880695343,0.0897506272737201,19,True,E,A
1C4Z_ABC_D,0.0671117370847524,298.0,-2.6242884397506714,0.0897506272737201,19,True,E,R
1C4Z_ABC_D,1.4091355079446504,298.0,-5.6851242408156395,0.019483672270849,24,True,P,A
1C4Z_ABC_D,3.012806746310739,298.0,-5.34577277302742,0.0380178293349029,22,True,F,A
1C4Z_ABC_D,0.29295252149958834,298.0,-1.764061689376831,0.2517607380482727,18,True,K,A
1C4Z_ABC_D,0.7247035011066846,298.0,0.11456608772277832,0.2517607380482727,18,True,K,E
1C4Z_ABC_D,-0.43464676372850464,298.0,-1.0448745489120481,0.4765040509257988,11,False,E,A
1C4Z_ABC_D,-1.0024651600128551,298.0,-1.5186232328414915,0.4765040509257988,11,False,E,R
1C4Z_ABC_D,0.8209450452329897,298.0,-4.746225655078888,0.0423285370906477,20,True,W,A
1C4Z_ABC_D,1.1351760237231796,298.0,-2.9283179640769963,0.3700793268398398,14,True,K,A
1C4Z_ABC_D,1.1690244746375842,298.0,-3.4377681612968445,0.3700793268398398,14,True,K,E
1C4Z_ABC_D,0.8498379302178514,298.0,-3.111077308654785,0.0274291921379711,22,True,P,A
1C4Z_ABC_D,0.41047252261649486,298.0,0.006697177886962891,0.1201514701305459,14,True,A,G
1C4Z_ABC_D,1.3011671118471222,298.0,-3.2033408880233765,0.2855312774237972,14,True,K,A
1C4Z_ABC_D,1.4200016233213155,298.0,-3.1589258909225464,0.2855312774237972,14,True,K,E
1C4Z_ABC_D,0.5658411434531176,298.0,-3.173953056335449,0.2747992744778363,17,True,V,A
1C4Z_ABC_D,1.2164246993766785,298.0,-4.449921190738678,0.0207546149660926,17,True,L,A
1C4Z_ABC_D,-0.38724653898940997,298.0,-0.5119078159332271,0.342480943839599,19,True,Q,A
1C4Z_ABC_D,0.41047252261649486,298.0,0.8452368676662445,0.0088480162845693,25,True,S,A
1C4Z_ABC_D,0.9986629853281555,298.0,-5.409626640379429,0.0002141592970238,23,False,L,A
1C4Z_ABC_D,-0.38724653898940997,298.0,0.44546008110046387,0.1139332996682578,16,True,D,A
1C4Z_ABC_D,0.20765432609505952,298.0,-0.25440001487731934,0.1139332996682578,16,True,D,K
1C4Z_ABC_D,1.9732871019698077,298.0,-5.455077812075615,0.0005503977941542,23,False,L,A
1C4Z_ABC_D,1.2878589861117773,298.0,-4.398354709148407,0.2099483737245676,17,True,Y,A
1C4Z_ABC_D,0.5184409187140231,298.0,-3.082711338996887,0.1671653316366799,13,True,D,A
1C4Z_ABC_D,1.3752870570302456,298.0,-3.189639449119568,0.1671653316366799,13,True,D,R
1C4Z_ABC_D,1.92940134851214,298.0,-1.5815813541412354,0.0079171541829569,24,True,M,A
1C4Z_ABC_D,0.7585519520210893,298.0,1.217719316482544,0.1748585175607133,17,True,M,A
1C4Z_ABC_D,0.41047252261649486,298.0,-3.854575276374817,0.0444034967879695,24,True,I,A
1C4Z_ABC_D,0.5658411434531176,298.0,-3.8569588661193848,0.0342545614254721,19,True,T,A
1C4Z_ABC_D,-0.08931530525400438,298.0,-4.714980959892273,0.0748404191561303,22,False,I,A
1C4Z_ABC_D,-0.41047252261649486,298.0,-0.357745885848999,0.0204678432974253,16,True,S,A
1C4Z_ABC_D,-0.132142637209538,298.0,0.4922463893890381,0.160374622092676,15,True,T,A
1C4Z_ABC_D,-0.5729903651663474,298.0,-0.2693779468536377,0.3254845767145921,13,True,M,A
1C4Z_ABC_D,1.5957223046166715,298.0,-5.401325099170209,0.0011788840935168,23,False,F,A
1C4Z_ABC_D,0.8209450452329897,298.0,-1.5990488529205322,0.0061580960276932,24,True,Y,L
1C4Z_ABC_D,0.10796839609752822,298.0,1.143049716949462,0.0891374151653767,18,False,C,A
1JTG_A_B,0.5851893156049919,296.0,-2.047182083129883,0.1743342937471705,20,True,Q,A
1JTG_A_B,-1.466789827957752,296.0,1.277967929840088,0.3878701762014765,11,True,N,A
1JTG_A_B,0.8644814320462479,296.0,-4.748369991779327,0.0165449254972913,22,True,L,A
1JTG_A_B,2.762550648799069,296.0,-3.909713476896286,0.0540326397183503,21,True,E,A
1JTG_A_B,-0.09409316901164058,296.0,-3.2821383476257324,0.0264331613752013,29,True,Y,A
1JTG_A_B,0.2350797014753836,296.0,-4.0022754073143005,0.002789364860402,24,True,P,A
1JTG_A_B,-1.305362709183402,296.0,-0.18104171752929643,0.0675225020966519,21,True,E,A
1JTG_A_B,-0.8523756073423674,296.0,0.349359273910522,0.2125493025868766,23,True,K,A
1JTG_A_B,1.498815175137226,296.0,0.6498658657073975,0.0065755292596665,24,True,M,A
1JTG_A_B,-0.5786432359156849,296.0,-3.091028094291688,0.0798069252751905,20,True,V,A
1JTG_A_B,-0.05071635295245083,296.0,1.635186910629273,0.2004809403644132,19,True,M,A
1JTD_A_B,0.5149614494609088,296.0,1.8494114875793457,0.1366427554969696,17,True,Q,A
1JTD_A_B,0.7954940384243275,296.0,0.13590335845947266,0.4396568893159424,9,True,N,A
1JTD_A_B,1.7215440145106427,296.0,-4.691928982734681,0.0082224509012884,20,True,L,A
1JTD_A_B,0.8347227229141695,296.0,-2.082450032234192,0.1364439669330171,21,True,E,A
1JTD_A_B,2.2347522219415064,296.0,-0.794189453125,0.1259804505330417,25,True,Y,A
1JTD_A_B,1.7215440145106427,296.0,-4.837701544165611,0.0033835508321186,25,True,P,A
1JTD_A_B,0.03796234973680423,296.0,-1.60547685623169,0.0097647351278875,23,True,E,A
1JTD_A_B,2.1292616879820603,296.0,0.28210544586181596,0.1795719497748058,21,True,K,A
1JTD_A_B,2.5045925251732184,296.0,-1.0089552402496338,0.1089109700027798,22,True,M,A
1JTD_A_B,0.03796234973680423,296.0,-4.1578289270401,0.0058344459974435,24,True,V,A
1JTD_A_B,0.27646189959885653,296.0,-0.6099634170532227,0.0889727721116182,20,True,M,A
3F1S_A_B,1.2384257759478556,298.0,-1.859732151031495,0.0716486190066491,19,True,M,A
3F1S_A_B,2.184505250292012,298.0,-3.1674156188964844,0.285981564456922,15,True,D,A
3F1S_A_B,0.41047252261649486,298.0,-4.443542718887329,0.1182476235510268,17,True,D,A
3F1S_A_B,-1.8029256126603792,298.0,-0.18944549560546875,0.0937196260913152,24,True,K,A
3F1S_A_B,-1.8029256126603792,298.0,-1.73398756980896,0.0937196260913152,24,True,K,C
3F1S_A_B,2.9947799767025427,298.0,-5.096709191799164,0.0955201489232203,18,True,Y,A
3F1S_A_B,3.7592836036732393,298.0,-2.6916215419769287,0.0565517877292396,19,True,D,A
3F1S_A_B,0.6979837806626557,298.0,-4.443542718887329,0.1182476235510268,17,True,D,A
3F1S_A_B,-2.3548667396014413,298.0,-0.18944549560546875,0.0937196260913152,24,True,K,A
3F1S_A_B,-1.5854486722036867,298.0,-1.73398756980896,0.0937196260913152,24,True,K,C
4BFI_A_B,2.076536854194484,298.0,-3.5329004526138306,0.1747701038435523,20,True,L,K
4BFI_A_B,2.7271204101180455,298.0,-5.612728722393513,0.0459766345060641,25,True,N,D
4BFI_A_B,2.31664788750155,298.0,-5.712072975933552,0.0459766345060641,25,True,N,A
4BFI_A_B,1.3066250921680522,298.0,-2.4012348651885986,0.0220585690062599,24,True,L,A
4BFI_A_B,2.7271204101180455,298.0,-4.159005880355835,0.0072315692495939,23,True,N,K
4BFI_A_B,2.7271204101180455,298.0,-5.305805057287216,0.1703766333533939,20,True,F,D
4BFI_A_B,2.076536854194484,298.0,-5.166810840368271,0.1703766333533939,20,True,F,A
4BFI_A_B,2.31664788750155,298.0,-1.768925428390503,0.1955286219187368,20,True,K,E
4BFI_A_B,-0.011963774027914001,298.0,0.33589112758636475,0.5863273009075329,12,False,Q,K
4BFI_A_B,0.030769864916934477,298.0,-2.6294753551483154,0.1867251220505466,15,False,S,D
4BFI_A_B,-0.21973896687975614,298.0,0.7860062122344973,0.4404521497519625,14,False,Q,K
4J2L_A_CD,2.2295846882352905,298.0,-0.9378938674926758,0.0492197345387961,22,True,W,A
4J2L_A_CD,1.687744135024346,298.0,-4.11803075671196,0.0017771174631367,23,True,L,S
4J2L_A_CD,0.08985037343840753,298.0,-5.290857017040253,0.0025729979423872,20,False,V,A
4J2L_A_CD,-0.970056943009498,298.0,-2.951245427131653,0.0159395743346835,22,True,S,D
4J2L_A_CD,-0.6308421721222334,298.0,-2.6447649002075195,0.0141096286846522,26,True,L,E
4JEU_A_B,-0.41047252261649486,298.0,-0.5436947345733643,0.3271843437419206,19,False,R,A
4JEU_A_B,0.9092019289848602,298.0,-3.6345618963241577,0.1718130189939576,18,True,R,C
4JEU_A_B,3.2402502019955364,298.0,-5.343977093696594,0.0,24,True,I,A
4JEU_A_B,1.127664041308761,298.0,-2.3251837491989136,0.152299071260369,17,True,R,A
4JEU_A_B,0.18084294298189005,298.0,-4.63963121175766,0.1656762431920477,13,True,T,A
4JEU_A_B,1.1084563032791506,298.0,-3.7468584775924683,0.0545343831007301,17,True,L,A
4JGH_ABC_D,2.0482653337407095,298.0,-0.17992019653320312,0.2965148399924242,20,True,W,A
4KRO_A_B,1.5832991719387786,298.0,-1.1384562253952029,0.1386037850132884,22,True,R,A
4KRO_A_B,1.5042236608261124,298.0,-1.5599111318588257,0.0708827896645443,23,True,D,A
4KRP_A_B,1.6060447352220086,298.0,-1.6916229724884033,0.167047876670003,19,True,E,A
4MYW_A_B,2.5720617535244585,298.0,-3.5292516946792603,0.0002069070114443,26,True,I,A
3U82_A_B,2.594977772908507,298.0,-4.685460925102234,0.0,24,True,I,A
4O27_A_B,1.1947757783935136,298.0,-5.045282274484634,0.0878370140862499,20,True,Y,A
4O27_A_B,1.024414289084085,298.0,-1.9874058961868286,0.1598309737434917,18,True,K,A
4O27_A_B,0.3713054130316793,298.0,-2.4520986676216125,0.1358711100805177,16,True,E,A
4O27_A_B,0.3015558690340418,298.0,-2.7680468559265137,0.2348053055701177,14,False,E,A
4OFY_A_D,1.1762294551826238,298.0,-3.721958637237549,0.012054481648668,25,True,Q,A
4OFY_A_D,0.08407289665825735,298.0,-0.11558818817138672,0.0168023409247569,25,True,M,A
4OFY_A_D,0.5486069816637477,298.0,-3.3459908962249756,0.2972062915859084,12,True,D,A
4OFY_A_D,4.602392067465458,298.0,-0.37131762504577637,0.0749036148431949,18,True,F,A
4OFY_A_D,1.7324587013154158,298.0,-1.386771202087402,0.0,27,True,Q,A
4OFY_A_D,0.14209558868467176,298.0,-0.7736344337463379,0.0009578644168893,25,True,S,A
4OFY_A_D,0.282081872653786,298.0,-2.1956641674041752,0.1554418947445743,23,True,E,A
4OFY_A_D,2.8692159988027166,298.0,-2.8579458594322205,0.0101308383521464,24,True,Q,A
4OFY_A_D,2.5667118722837503,298.0,-3.6338682174682617,0.0064291022361753,29,True,L,A
4OFY_A_D,4.643248726478235,298.0,-1.8773093223571777,0.0078600457869708,22,True,Q,A
4OFY_A_D,3.419674805388326,298.0,-2.3898137807846074,0.3209612540599458,14,True,R,A
4OZG_ABJ_GH,-0.07042473661545333,293.0,-0.0540614128112793,0.0766781629292613,20,True,N,A
4OZG_ABJ_GH,1.7140134858666605,293.0,-3.794723153114319,0.0081158528383272,19,True,Y,A
4OZG_ABJ_GH,1.7140134858666605,293.0,-1.323944091796875,0.0002800819468889,21,False,Y,F
4OZG_ABJ_GH,1.165761296968809,293.0,-5.462977983057499,0.0949437104287705,17,True,L,A
4OZG_ABJ_GH,-0.6359942065543113,293.0,-0.23765993118286155,0.0420977372778519,27,True,Y,F
4OZG_ABJ_GH,0.791294497341427,293.0,-0.8804972171783447,0.0180758103509896,26,True,Q,A
4OZG_ABJ_GH,-0.10911243925410134,293.0,-0.12969851493835405,0.4096887102374978,17,True,N,A
4OZG_ABJ_GH,1.4100792703507583,293.0,-1.7941138744354248,0.0372761480572468,22,True,F,A
4OZG_ABJ_GH,1.7140134858666605,293.0,-0.8209123611450191,0.004236611106924,22,True,R,A
4OZG_ABJ_GH,0.8683327430424423,293.0,-0.7203943729400635,0.0405162223924727,24,True,F,A
4OZG_ABJ_GH,1.621665603191739,293.0,-0.658764123916626,0.0163030124894396,20,True,D,A
4OZG_ABJ_GH,0.5245987048064155,293.0,-1.4384980201721191,0.231941363142164,21,True,Y,F
4P5T_CD_AB,1.138071807844588,298.0,-4.636908948421478,0.3391440327947577,13,True,K,A
4P5T_CD_AB,0.6167351050091564,298.0,-3.7949817776679993,0.1979306282320263,18,True,D,A
4P5T_CD_AB,0.0,298.0,-0.6065590381622314,0.1209698030881941,20,True,Q,A
4P5T_CD_AB,1.0095291007048206,298.0,-4.462753891944885,0.0820095062112072,17,True,L,A
4P5T_CD_AB,0.0,298.0,-0.33893728256225586,0.0004807570294682,26,True,Q,A
4P5T_CD_AB,1.4957028422685603,298.0,-2.2112436294555664,0.0,27,False,N,A
4P5T_CD_AB,0.8683452699720843,298.0,-4.663214385509491,0.0,23,True,V,A
4P5T_CD_AB,0.9913065345424185,298.0,-4.037725031375885,0.4604511758239258,17,False,K,A
4P5T_CD_AB,1.0095291007048206,298.0,-3.7246471643447876,0.2550070578952415,20,True,H,A
4P5T_CD_AB,0.0,298.0,-5.065487176179887,0.097383236888222,17,False,V,A
4P5T_CD_AB,0.3589455447812595,298.0,-1.6429308652877808,0.3016167970485356,11,False,K,A
4P5T_CD_AB,0.0,298.0,-0.9155209064483643,0.4909188008631347,17,False,F,A
4P5T_CD_AB,1.061056078540056,298.0,-1.8845751881599426,0.129400613650472,17,True,E,A
4P5T_CD_AB,1.6541005575500751,298.0,-0.946656465530396,0.0265865177575723,28,True,Q,A
4P5T_CD_AB,1.9906545247737908,298.0,2.8138833045959473,0.0347933368402336,28,True,K,A
4P5T_CD_AB,1.5485443304610826,298.0,-2.0905884504318237,0.024007007705105,26,True,K,A
4P5T_CD_AB,0.0,298.0,-0.4249267578125,0.0031157981903153,23,False,N,A
4P5T_CD_AB,0.24011103330706618,298.0,-0.5474164485931396,0.2993470586340735,20,True,K,A
4P5T_CD_AB,0.0912859781967621,298.0,-3.8774969577789307,0.257915177980712,14,False,V,A
4P5T_CD_AB,0.0,298.0,-0.4545726776123047,0.868552079830197,9,False,D,A
4P5T_CD_AB,0.24011103330706618,298.0,-0.9817296266555786,0.5746058537331582,12,False,E,A
4P5T_CD_AB,0.17036148930942865,298.0,0.4802635908126831,0.3747342980336737,15,False,Y,A
4P5T_CD_AB,0.0,298.0,0.5845841765403748,0.446874078285877,10,False,S,A
4P5T_CD_AB,0.0,298.0,-1.5816576480865479,0.2764067304191115,12,False,Q,A
4P5T_CD_AB,0.0,298.0,-4.335884973406792,0.5476356583234876,9,False,P,A
4P5T_CD_AB,0.6167351050091564,298.0,-1.9756011366844177,0.2496362840854213,15,True,E,A
4P5T_CD_AB,0.0912859781967621,298.0,-1.6541197299957267,0.1210555134909326,20,False,I,A
4P5T_CD_AB,1.0095291007048206,298.0,-2.2416924238204956,0.3886111141959723,14,True,E,A
4P5T_CD_AB,2.073568493729729,298.0,-3.2044416666030884,0.0480626167196056,22,True,R,A
4P5T_CD_AB,0.0,298.0,-2.7139081954956055,0.4127622329244564,16,False,R,A
4P5T_CD_AB,0.0,298.0,-2.7629493474960327,0.2520812123802423,17,True,D,A
4P5T_CD_AB,0.8209450452329897,298.0,-3.1760170459747314,0.1027341341184994,24,True,T,A
4P5T_CD_AB,0.0,298.0,-2.5530097484588623,0.3165066870846911,19,False,R,A
4P5T_CD_AB,0.7957418087746722,298.0,-3.8097283840179443,0.1988145873206869,24,True,H,A
4P5T_CD_AB,0.0,298.0,-3.495413303375244,0.424383848519719,14,False,E,A
4P23_CD_AB,1.1931987157495938,298.0,-4.618220716714859,0.3189832174233397,13,True,K,A
4P23_CD_AB,0.9913065345424185,298.0,-4.2098166942596436,0.2266101332635281,19,True,D,A
4P23_CD_AB,0.9725053785217762,298.0,-0.6914892196655273,0.1438435349416142,18,True,Q,A
4P23_CD_AB,0.9530876824425276,298.0,-5.168451249599457,0.0777508223684965,18,True,L,A
4P23_CD_AB,1.9101101745299012,298.0,-0.9694662094116206,0.023604848451891,27,True,Q,A
4P23_CD_AB,1.5112876015180776,298.0,-2.3951032161712646,0.0029469276480923,26,False,N,A
4P23_CD_AB,1.16627650370749,298.0,-5.033293642103672,0.0,23,True,V,A
4P23_CD_AB,0.6826014437951471,298.0,-2.7292898893356323,0.4003577508287192,22,True,K,A
4P23_CD_AB,0.6167351050091564,298.0,-3.3703482151031494,0.1655412823986812,21,True,H,A
4P23_CD_AB,0.0,298.0,-5.074058443307877,0.0863506357439017,17,False,V,A
4P23_CD_AB,0.17036148930942865,298.0,-1.9301578998565674,0.3189703813973492,10,False,K,A
4P23_CD_AB,0.0,298.0,-1.2914711236953735,0.4847546191412979,15,False,F,A
4P23_CD_AB,1.16627650370749,298.0,-1.3744227886199951,0.153829194664903,17,True,E,A
4P23_CD_AB,0.6826014437951471,298.0,-1.903353214263916,0.0975773824758899,26,True,Q,A
4P23_CD_AB,2.2296234426394665,298.0,2.9536991119384766,0.0068342981245232,26,True,K,A
4P23_CD_AB,2.567194198281374,298.0,-2.927658796310425,0.0734755875739947,26,True,K,A
4P23_CD_AB,0.0,298.0,0.5289299488067627,0.0016706755806785,25,False,N,A
4P23_CD_AB,0.0912859781967621,298.0,-0.7015008926391602,0.2028180265043548,21,True,K,A
4P23_CD_AB,0.0,298.0,-3.7780306339263916,0.2617519455292411,14,False,V,A
4P23_CD_AB,0.17036148930942865,298.0,-1.2241621017456055,0.76660065222935,10,False,D,A
4P23_CD_AB,0.0912859781967621,298.0,-1.5023661851882935,0.6061656302346647,15,False,E,A
4P23_CD_AB,0.24011103330706618,298.0,0.03464007377624512,0.3902221634300595,15,False,Y,A
4P23_CD_AB,0.0,298.0,-2.84605048596859,0.4538976163897847,10,False,S,A
4P23_CD_AB,0.17036148930942865,298.0,-2.7726593017578125,0.2655261310398713,12,False,Q,A
4P23_CD_AB,0.0912859781967621,298.0,-3.297362625598908,0.6121417786118739,8,False,P,A
4P23_CD_AB,0.17036148930942865,298.0,-1.6482841968536377,0.3259310754697586,12,True,E,A
4P23_CD_AB,0.17036148930942865,298.0,-3.6346065998077393,0.1266292428156214,19,False,I,A
4P23_CD_AB,0.17036148930942865,298.0,-1.8587764501571655,0.3980751503295618,11,False,E,A
4P23_CD_AB,2.0705851792448766,298.0,-2.3942404091358185,0.1433889593805054,18,True,R,A
4P23_CD_AB,0.0912859781967621,298.0,-2.109740138053894,0.3610246244078923,15,False,R,A
4P23_CD_AB,0.0912859781967621,298.0,-2.556592702865601,0.3911366224066022,14,False,D,A
4P23_CD_AB,0.0,298.0,-2.433830976486206,0.355909162740699,22,False,T,A
4P23_CD_AB,0.0912859781967621,298.0,-2.5877499580383305,0.2918391132532374,17,False,R,A
4P23_CD_AB,0.17036148930942865,298.0,-4.569633841514587,0.3408075055663712,23,False,H,A
4P23_CD_AB,0.0912859781967621,298.0,-3.942473530769348,0.4243346579439994,14,False,E,A
3C60_CD_AB,1.5937182868909552,298.0,-3.5995346307754517,0.354464682658286,13,True,K,A
3C60_CD_AB,0.6979837806626557,298.0,-2.679144978523254,0.3872178979660103,20,False,D,A
3C60_CD_AB,0.9628761147687216,298.0,-0.26409077644348145,0.1155869748464628,21,True,Q,A
3C60_CD_AB,0.943134730967394,298.0,-5.5264966785907745,0.0831275633592288,19,True,L,A
3C60_CD_AB,0.8683452699720843,298.0,-0.4445006847381592,0.0,27,True,Q,A
3C60_CD_AB,0.9530876824425276,298.0,-4.771345868706703,0.001371008383924,27,False,N,A
3C60_CD_AB,1.2496401340118868,298.0,-4.195637434720993,0.0012023671996021,25,True,V,A
3C60_CD_AB,0.5620328559052814,298.0,-2.0649296045303345,0.3905711932265833,22,False,K,A
3C60_CD_AB,0.3589455447812595,298.0,-1.9372349977493284,0.2367374154188111,19,True,H,A
3C60_CD_AB,0.0,298.0,-2.1126051545143127,0.0871486670862432,18,False,V,A
3C60_CD_AB,0.047400224739094526,298.0,-1.4249603748321538,0.6813044838993012,11,False,K,A
3C60_CD_AB,0.0,298.0,-1.1126315593719482,0.4367175198294628,16,False,F,A
3C60_CD_AB,0.047400224739094526,298.0,-1.3056988716125488,0.264397372251217,16,True,E,A
3C60_CD_AB,1.16627650370749,298.0,-2.265180826187134,0.0840098695479659,25,True,Q,A
3C60_CD_AB,1.152342056736818,298.0,1.808282375335693,0.0939086183074119,24,True,K,A
3C60_CD_AB,2.1502212078369674,298.0,-2.641094446182251,0.1680113488719392,23,True,K,A
3C60_CD_AB,0.0,298.0,0.47873353958129883,0.0103968121676313,24,False,N,A
3C60_CD_AB,0.0,298.0,0.3699162006378174,0.3266240399631784,18,True,K,A
3C60_CD_AB,0.0,298.0,-0.05214691162109375,0.2360719493069195,16,False,V,A
3C60_CD_AB,0.047400224739094526,298.0,-0.8867897987365723,0.8506745707296415,9,False,D,A
3C60_CD_AB,0.047400224739094526,298.0,-0.7959306240081792,0.4383629247794957,14,False,E,A
3C60_CD_AB,0.0,298.0,0.1735459566116333,0.3666738107160825,16,False,Y,A
3C60_CD_AB,0.0,298.0,0.528694629669189,0.422984189273107,10,False,S,A
3C60_CD_AB,0.0,298.0,-1.3744540214538574,0.2428668015064232,12,False,Q,A
3C60_CD_AB,0.0,298.0,-2.950366258621216,0.5934918138352856,10,False,P,A
3C60_CD_AB,0.0,298.0,-1.0539484024047852,0.4690010485978945,14,False,E,A
3C60_CD_AB,0.047400224739094526,298.0,-3.9370408058166504,0.1543330335788348,16,False,I,A
3C60_CD_AB,0.047400224739094526,298.0,-1.4232386350631714,0.330294741667673,12,True,E,A
3C60_CD_AB,2.0255479833229444,298.0,-0.4109315872192374,0.2429248395682161,21,True,R,A
3C60_CD_AB,0.0,298.0,-1.2141051292419431,0.3519267564963783,16,False,R,A
3C60_CD_AB,0.047400224739094526,298.0,-1.759543180465698,0.3162609246541874,14,False,D,A
3C60_CD_AB,1.16627650370749,298.0,-3.266739308834076,0.1554331134098072,19,True,T,A
3C60_CD_AB,0.047400224739094526,298.0,-2.670277595520019,0.3069912794151745,17,False,R,A
3C60_CD_AB,1.0852303196520656,298.0,-2.486411035060883,0.187759520099733,21,True,H,A
3C60_CD_AB,0.0,298.0,-3.0221880674362183,0.4185562428016832,15,False,E,A
4PWX_AB_CD,1.7284574247898898,298.0,1.2616789340972896,0.0160185257629684,18,True,F,A
4PWX_AB_CD,1.7284574247898898,298.0,-0.5891468524932861,0.106214321299363,22,True,Y,A
4PWX_AB_CD,1.7284574247898898,298.0,-1.3272029161453245,0.0570712995032612,19,True,E,K
4PWX_AB_CD,1.0135035228231954,298.0,-0.2699851989746098,0.1586378518304384,17,True,Q,A
4PWX_AB_CD,1.0387067592815131,298.0,-1.7593705654144287,0.3328388200554369,15,False,E,A
4PWX_AB_CD,1.7284574247898898,298.0,-1.5687228441238403,0.4687305111630788,9,True,E,K
4PWX_AB_CD,1.1428668678312048,298.0,-3.610564947128296,0.5829396159923093,8,False,D,A
4PWX_AB_CD,1.7284574247898898,298.0,-3.270258903503418,0.1626477433574032,19,True,R,A
4PWX_AB_CD,0.2023793771810147,298.0,-1.0708763599395752,0.329041228178958,23,True,K,A
4PWX_AB_CD,0.11883451147419341,298.0,-0.8354029655456543,0.329041228178958,23,True,K,D
4PWX_AB_CD,0.44766237937007775,298.0,0.8088135719299325,0.2153836408271331,18,True,K,A
4PWX_AB_CD,0.2616474675061909,298.0,1.600046396255494,0.2153836408271331,18,True,K,D
4PWX_AB_CD,0.3589455447812595,298.0,-1.9269137382507324,0.1514554753950285,20,True,R,A
4PWX_AB_CD,0.46791004989885243,298.0,-0.7014071941375732,0.9371168085224189,5,False,K,A
4PWX_AB_CD,-0.27395948422147093,298.0,0.6757471561431889,0.2540398206902188,17,False,K,A
4PWX_AB_CD,0.7542718025576098,298.0,-0.6807924509048462,0.3078270612942986,22,False,Y,A
4PWX_AB_CD,1.1444566316659752,298.0,3.0526362657546997,0.127870786055236,22,True,Y,A
4PWX_AB_CD,-0.6844320068379658,298.0,-0.22397959232330322,0.203479579300999,17,False,E,A
4PWX_AB_CD,-0.3480794294045945,298.0,0.20938241481781006,0.0299183883359235,27,False,H,A
4PWX_AB_CD,-0.17771794009516576,298.0,-1.8289361000061035,0.1058278069149864,22,True,Q,A
4PWX_AB_CD,1.7284574247898898,298.0,-1.0185942649841309,0.2146804333369499,22,False,R,A
4PWX_AB_CD,1.7284574247898898,298.0,-0.8304944038391109,0.3182612066241613,17,True,R,A
4PWX_AB_CD,0.3345220143905527,298.0,-0.48681128025054954,0.4082154906456945,13,True,R,A
4PWX_AB_CD,0.37078967305206395,298.0,-1.7045559883117676,0.1021953990743816,22,True,D,K
4PWX_AB_CD,1.1033731246623775,298.0,-0.6297801733016966,0.4996948425712711,16,False,E,K
4YEB_A_B,1.3670539418759668,298.0,-2.3463170528411865,0.0311499104599625,29,False,D,A
4YEB_A_B,0.06936007560293492,298.0,0.1389551162719731,0.4278967978242489,12,False,A,S
4YEB_A_B,0.2774532210384151,298.0,0.6007180213928223,0.4757947111489311,16,False,R,T
4YEB_A_B,2.4163831684447996,298.0,-2.4882884025573726,0.01804146003205,23,True,F,A
4YFD_A_B,0.284825599598136,298.0,-3.0940494537353516,0.0766640661842795,13,False,R,A
4YFD_A_B,0.15937440841854456,298.0,-0.5430417060852051,0.0374133197900652,23,True,R,A
4YFD_A_B,1.2159779346079969,298.0,-1.131854772567749,0.0812182595435002,16,True,E,A
4YFD_A_B,1.1320943862080435,298.0,-4.526769638061523,0.0351811283433972,23,True,W,A
4YFD_A_B,-0.05470224910387506,298.0,-2.21806001663208,0.0394670926631539,21,False,D,A
4YFD_A_B,1.4744243852779593,298.0,-2.172825336456299,0.0461024855783216,19,True,K,A
4YH7_A_B,1.7331760686627418,298.0,-5.273161247372627,0.1270047077767437,14,False,R,A
4YH7_A_B,1.4376801502421461,298.0,-0.833228588104248,0.0411341865257268,24,True,R,A
4YH7_A_B,1.034133866497952,298.0,-3.3805395364761353,0.0499602995608007,20,True,Y,A
4YH7_A_B,1.6418900904659794,298.0,-2.318880558013916,0.0205341609571491,24,False,D,A
4YH7_A_B,1.5903631126307443,298.0,-2.8358666896820073,0.4687075414204418,10,True,D,A
4ZS6_HL_A,-0.11025042848916856,298.0,-1.2037346363067627,0.3026263555960996,15,True,Y,A
4ZS6_HL_A,3.0386657301602105,298.0,-0.7529780864715576,0.0928261369653335,19,True,E,A
5C6T_HL_A,3.20835389742689,298.0,-3.862000584602356,0.0024027468817045,24,True,Y,A
5C6T_HL_A,0.2839967867647338,298.0,-1.5886564254760742,0.2284878313201413,21,False,N,A
5C6T_HL_A,0.3378690614190827,298.0,-0.7492096424102783,0.1848376936157145,19,True,T,A
5C6T_HL_A,0.3630722978774003,298.0,-5.270095482468605,0.1907556501078787,17,False,N,A
5C6T_HL_A,-0.36658676915882715,298.0,0.45100378990173295,0.4741141777706552,13,True,N,A
5C6T_HL_A,1.9972009840216556,298.0,-4.774692237377167,0.0310551806540683,22,False,F,A
5C6T_HL_A,1.0906715831054934,298.0,-2.1862847805023193,0.0929939095535083,20,True,E,A
5C6T_HL_A,2.758178513868998,298.0,-3.093723177909851,0.0066866958734681,19,True,F,A
5C6T_HL_A,0.41047252261649486,298.0,-1.1174418926239014,0.2310113333280912,15,True,F,A
5C6T_HL_A,0.8856114106138542,298.0,-3.2897687554359436,0.0054061557233766,16,True,I,A
5C6T_HL_A,0.31154532004216495,298.0,0.7608823776245117,0.3270204130503175,13,True,R,S
5C6T_HL_A,-0.8683452699720843,298.0,-1.2695385217666626,0.0159155681023819,19,True,S,A
5C6T_HL_A,1.5258958082866798,298.0,-2.1532689332962036,0.0136706057710234,23,True,N,A
5C6T_HL_A,1.7166795514612891,298.0,-0.820284366607666,0.1367885871522382,17,True,Y,A
5C6T_HL_A,1.4600294695006892,298.0,-0.1215810775756836,0.0619250988539416,16,True,F,A
5C6T_HL_A,0.3630722978774003,298.0,0.7282876968383789,0.2430692713224777,22,True,Y,A
5C6T_HL_A,0.5516563533492312,298.0,-3.202505886554718,0.0776054269987187,23,False,Y,A
5C6T_HL_A,0.12296126457033416,298.0,-1.2219219207763674,0.1799273567889702,16,True,R,A
4RS1_A_B,-0.04636872008393375,298.0,-5.475498706102371,0.0216297505454655,22,False,N,A
4RS1_A_B,-0.6555599438032407,298.0,-3.9521536827087402,0.0691447151936714,21,False,Y,A
4RS1_A_B,-0.44885658232599385,298.0,-2.141779661178589,0.0691447151936714,21,False,Y,F
4RS1_A_B,0.4804973102504145,298.0,-1.7403364181518555,0.0790050821324066,22,False,T,A
4RS1_A_B,0.8708178692753612,298.0,-2.6414926052093506,0.3360126276849881,17,True,K,A
4RS1_A_B,-0.27585728610368015,298.0,-5.441465735435486,0.1266402738300492,19,False,I,A
4RS1_A_B,-0.6942787424695921,298.0,-3.880961537361145,0.0338421146701537,21,False,E,A
4RS1_A_B,1.353565256018338,298.0,-1.1742424964904785,0.0973848515619957,18,False,Q,A
4RS1_A_B,0.2761578595454088,298.0,-2.581739664077759,0.5634390249203495,12,True,K,A
4RS1_A_B,0.07222214330091423,298.0,-4.433430254459382,0.1540259141668919,21,False,L,A
4RS1_A_B,0.615713967495489,298.0,-4.246894001960755,0.0646143785234244,17,True,S,A
4RS1_A_B,1.5019038064968653,298.0,-2.592965245246887,0.302611485941984,20,True,E,A
4RS1_A_B,2.1391792366850817,298.0,-1.874663233757019,0.302611485941984,20,True,E,K
4RS1_A_B,2.5910689357937766,298.0,-5.13385021686554,0.0711104725858224,17,True,D,A
4RS1_A_B,3.6178149993486723,298.0,-5.15804922580719,0.0711104725858224,17,True,D,K
4RS1_A_B,0.46974061294167113,298.0,-2.308303952217102,0.0354629097601484,24,True,Q,A
4RS1_A_B,1.2116101470619942,298.0,-0.6868501901626587,0.0354629097601484,24,True,Q,E
4RS1_A_B,2.1324113153308475,298.0,-1.8005914688110352,0.0488856022398117,17,True,D,A
4RS1_A_B,3.2584075304622444,298.0,0.04578375816345215,0.0488856022398117,17,True,D,K
4RS1_A_B,2.3645274215932384,298.0,-3.189096212387085,0.024983104296989,17,True,L,A
4RS1_A_B,3.624700968480194,298.0,-0.7139830589294434,0.0611564720017926,16,True,F,A
4RS1_A_B,0.4427713577466057,277.0,-1.2441333532333374,0.4458702657663662,15,False,E,A
4RS1_A_B,0.8593906782556169,277.0,-0.8601003885269165,0.4458702657663662,15,False,E,Q
4RS1_A_B,0.3126498790236371,277.0,-0.5324887037277222,0.4458702657663662,15,False,E,K
4RS1_A_B,0.2746723805453186,277.0,0.1055459976196289,0.1101419690081301,22,False,N,D
4RS1_A_B,1.1985736643812885,277.0,0.6705231666564941,0.1101419690081301,22,False,N,A
4RS1_A_B,0.8456285765196168,277.0,1.0005347728729248,0.1101419690081301,22,False,N,K
4RS1_A_B,-0.10687422604786621,277.0,-0.9727311134338379,0.2611458297912912,14,False,K,A
4RS1_A_B,0.2546536145280115,277.0,-1.0797915458679204,0.2611458297912912,14,False,K,Q
4RS1_A_B,0.1163162310865545,277.0,-0.6377148628234863,0.2611458297912912,14,False,K,E
4RS1_A_B,1.3286951431042573,277.0,1.1429800987243652,0.0488856022398117,17,True,D,N
4RS1_A_B,1.5981696059206207,277.0,-1.8005914688110352,0.0488856022398117,17,True,D,A
4RS1_A_B,2.908332346564446,277.0,0.5260868072509766,0.0488856022398117,17,True,D,R
4RS1_A_B,3.695536949804643,277.0,0.04578375816345215,0.0488856022398117,17,True,D,K
4RS1_A_B,0.8559039158854669,298.0,-4.148362874984741,0.0017139235204712,21,False,I,G
4RS1_A_B,0.3942472152539023,298.0,-1.8443565368652344,0.3638991080552039,15,False,E,R
4RS1_A_B,0.17831042305884584,298.0,-3.235496997833252,0.1039136829450915,16,True,R,D
4RS1_A_B,0.19003727503006904,298.0,0.26752877235412553,0.47747496484666,12,False,R,D
1U7F_B_AC,1.8071269636945604,310.0,-1.2151957750320435,0.3957436651270693,16,True,R,A
1U7F_B_AC,2.780237853642562,310.0,-1.5229793787002561,0.0112247316979996,18,True,D,A
1JTG_A_B,3.8936401969768237,303.0,-4.82092946767807,0.0002977567930886,19,True,F,A
1JTG_A_B,3.5892776752708,298.0,-4.82092946767807,0.0002977567930886,19,True,F,A
1JTG_A_B,2.8483204693904005,279.0,-4.82092946767807,0.0002977567930886,19,True,F,A
1JTG_A_B,3.498499518214714,301.0,-2.5828365683555603,0.0,26,False,H,A
1JTG_A_B,3.440295512055627,281.0,-2.5828365683555603,0.0,26,False,H,A
1JTG_A_B,3.8957225407939915,279.0,-2.5828365683555603,0.0,26,False,H,A
1JTG_A_B,3.129298546852737,288.0,1.802165150642395,0.0581735553346333,26,True,D,A
1JTG_A_B,2.909608990650097,283.0,1.802165150642395,0.0581735553346333,26,True,D,A
1JTG_A_B,2.7164766687500426,279.0,1.802165150642395,0.0581735553346333,26,True,D,A
1JTG_A_B,3.2617593717712916,303.0,-2.551451444625855,0.0026403894497273,23,True,Y,A
1JTG_A_B,3.6109336480214105,281.0,-2.551451444625855,0.0026403894497273,23,True,Y,A
1JTG_A_B,3.181974885254008,279.0,-2.551451444625855,0.0026403894497273,23,True,Y,A
1JTG_A_B,4.039030025525361,303.0,-2.557283043861389,0.0147395475782741,25,True,K,A
1JTG_A_B,4.090680615177067,298.0,-2.557283043861389,0.0147395475782741,25,True,K,A
1JTG_A_B,3.5114210850557295,279.0,-2.557283043861389,0.0147395475782741,25,True,K,A
1JTG_A_B,3.476280551497636,303.0,-0.4248034954071045,0.0453858918251032,23,True,W,A
1JTG_A_B,3.240229606941118,301.0,-0.4248034954071045,0.0453858918251032,23,True,W,A
1JTG_A_B,2.7419303754641247,279.0,-0.4248034954071045,0.0453858918251032,23,True,W,A
1JTG_A_B,3.2922828461679834,303.0,-4.574570298194885,0.0709922215851227,25,True,F,A
1JTG_A_B,3.2660410784662277,281.0,-4.574570298194885,0.0709922215851227,25,True,F,A
1JTG_A_B,3.0315079672635883,279.0,-4.574570298194885,0.0709922215851227,25,True,F,A
1JTG_A_B,2.490094556115403,303.0,-1.949422836303711,0.0042958268741632,22,True,H,A
1JTG_A_B,3.460557491473223,285.0,-1.949422836303711,0.0042958268741632,22,True,H,A
1JTG_A_B,3.62637618355982,279.0,-1.949422836303711,0.0042958268741632,22,True,H,A
1JTG_A_B,4.814787563634082,288.0,-5.3703456819057465,0.10132873176349,19,True,W,A
1JTG_A_B,4.341386347737017,283.0,-5.3703456819057465,0.10132873176349,19,True,W,A
1JTG_A_B,4.664325452270516,279.0,-5.3703456819057465,0.10132873176349,19,True,W,A
1JTG_A_B,3.4688321156979547,288.0,-0.43908417224884055,0.2593930551085727,15,True,R,A
1JTG_A_B,3.0679073281389173,281.0,-0.43908417224884055,0.2593930551085727,15,True,R,A
1JTG_A_B,3.0932857158139817,279.0,-0.43908417224884055,0.2593930551085727,15,True,R,A
1JTG_A_B,0.3457257118069683,293.0,-2.4866095185279846,0.0161823376055583,21,True,S,A
1JTG_A_B,1.3236011987505807,303.0,-2.221194490790367,0.056456145368746,27,True,G,A
1JTG_A_B,1.8166639130909374,279.0,-2.221194490790367,0.056456145368746,27,True,G,A
1JTG_A_B,-2.111378076580298,303.0,-0.5013878345489502,0.0412486158857488,22,True,Y,A
1JTG_A_B,-2.047815078149917,288.0,-0.5013878345489502,0.0412486158857488,22,True,Y,A
1JTG_A_B,1.1607286681128595,303.0,0.6712772846221924,0.215167746276147,22,True,Y,A
1JTG_A_B,1.0619445808414671,298.0,0.6712772846221924,0.215167746276147,22,True,Y,A
1JTG_A_B,0.9721922493024752,279.0,0.6712772846221924,0.215167746276147,22,True,Y,A
1JTG_A_B,0.600665592084845,303.0,-0.5537918806076054,0.0207645609484681,24,True,S,A
1JTG_A_B,1.0018054638109524,303.0,-5.410430014133453,0.0257359351883453,25,True,E,A
1JTG_A_B,-0.48217769229745133,288.0,-1.9864120483398433,0.1117492271394886,23,True,S,A
1JTG_A_B,1.901247735440147,303.0,-4.651376821100712,0.1745557373450361,17,True,G,A
1JTG_A_B,0.8912870721943075,298.0,-2.852185845375061,0.1156008741419353,22,True,Y,A
1JTG_A_B,1.458154540521814,279.0,-2.852185845375061,0.1156008741419353,22,True,Y,A
1JTG_A_B,1.201902458112733,303.0,-0.856823205947876,0.4709959900266689,18,True,R,A
1LFD_A_B,1.0000262660078902,298.0,-2.4984617233276367,0.3042253835874633,14,True,I,A
1LFD_A_B,2.2005684004094896,298.0,-3.562712550163269,0.3757169028137366,19,False,R,A
1LFD_A_B,1.0000262660078902,298.0,-4.552751183509827,0.3064946404049998,11,True,N,A
1LFD_A_B,0.3016465062781233,298.0,1.9115953445434566,0.098081074534471,24,True,N,A
1LFD_A_B,1.0000262660078902,298.0,-1.0155874192714691,0.127027842436433,20,True,Y,F
1LFD_A_B,1.7983783438929917,298.0,-3.917991876602173,0.0496675668425399,24,True,K,A
1LFD_A_B,0.8004551296451752,298.0,-3.091819852590561,0.0049075394963577,19,True,S,A
1LFD_A_B,0.3016465062781233,298.0,-3.224737972021103,0.2664211492698471,19,False,K,A
1LFD_A_B,-0.29908601213559977,298.0,-0.7853412628173828,0.2461914246383155,14,True,D,A
1LFD_A_B,2.4004182364661695,298.0,-2.9501377940177917,0.0810025322250197,20,True,K,A
1LFD_A_B,1.0000262660078902,298.0,-3.8547788858413696,0.0618666484785398,20,False,H,A
1LFD_A_B,-0.09962879945165706,298.0,-1.6435676813125608,0.7583053106584448,6,False,E,A
1LFD_A_B,0.9002347674794081,298.0,-5.902534559369087,0.2132282991564649,15,True,Q,A
1LFD_A_B,1.1002917441185578,298.0,-1.1732296943664546,0.2830742882141155,12,True,D,A
1LFD_A_B,-0.5996996768007229,298.0,-0.18013834953308105,0.1158066595995612,17,True,S,A
1LFD_A_B,2.3001368447062487,298.0,-0.3010125756263734,0.0058791224016501,23,True,Y,F
1LFD_A_B,0.9002347674794081,298.0,-2.597814440727234,0.3329901341380833,14,True,R,A
1LFD_A_B,1.8967342874794035,310.0,-2.4984617233276367,0.3042253835874633,14,True,I,A
1LFD_A_B,2.39655435949924,310.0,-3.562712550163269,0.3757169028137366,19,False,R,A
1LFD_A_B,0.8970140365918818,310.0,-4.552751183509827,0.3064946404049998,11,True,N,A
1LFD_A_B,0.6968169145927486,310.0,1.9115953445434566,0.098081074534471,24,True,N,A
1LFD_A_B,1.6964434651050044,310.0,-1.0155874192714691,0.127027842436433,20,True,Y,F
1LFD_A_B,3.5961907468308287,310.0,-5.225720018148422,0.127027842436433,20,True,Y,A
1LFD_A_B,3.1967664763589263,310.0,-3.917991876602173,0.0496675668425399,24,True,K,A
1LFD_A_B,1.096957247412654,310.0,-3.091819852590561,0.0049075394963577,19,True,S,A
1LFD_A_B,0.5971828458967235,310.0,-3.224737972021103,0.2664211492698471,19,False,K,A
1LFD_A_B,-0.3020872474484755,310.0,-0.7853412628173828,0.2461914246383155,14,True,D,A
1LFD_A_B,3.1967664763589263,310.0,-2.9501377940177917,0.0810025322250197,20,True,K,A
1LFD_A_B,1.996030968103708,310.0,-3.8547788858413696,0.0618666484785398,20,False,H,A
1LFD_A_B,0.19848788244451265,310.0,-1.6435676813125608,0.7583053106584448,6,False,E,A
1LFD_A_B,0.4967249199414675,310.0,-3.686314582824707,0.5237213465360961,10,False,V,A
1LFD_A_B,1.1965592838418202,310.0,-0.6254754066467285,0.0702334141780041,18,True,E,A
1LFD_A_B,3.895850304700192,310.0,-4.207402884960175,0.0339119293036378,26,True,D,A
1LFD_A_B,-0.9016174659348158,310.0,-0.18013834953308105,0.1158066595995612,17,True,S,A
1LFD_A_B,1.996030968103708,310.0,-0.3010125756263734,0.0058791224016501,23,True,Y,F
1LFD_A_B,3.696010834387762,310.0,-4.656284034252167,0.0058791224016501,23,True,Y,A
1LFD_A_B,0.7966874945980519,310.0,-2.597814440727234,0.3329901341380833,14,True,R,A
1LFD_A_B,0.19848788244451265,310.0,-1.269347071647644,0.5200439297055448,9,False,E,A
1LFD_A_B,0.2971276266437531,310.0,-0.832922697067261,0.6299068720863217,11,False,E,A
4G0N_A_B,1.7002219629278112,308.0,-2.0853631496429443,0.3355061036769425,17,False,R,A
4G0N_A_B,0.1004243403356974,308.0,-2.7692078351974487,0.4804115589816912,15,True,N,A
4G0N_A_B,1.7002219629278112,308.0,-2.9643032550811768,0.0456865669734304,19,True,Q,A
4G0N_A_B,2.001382836560122,308.0,-0.7342116832733159,0.2700012697611756,18,True,R,A
4G0N_A_B,1.500606225056142,308.0,-1.7748016119003296,0.0155576908057652,24,True,T,A
4G0N_A_B,1.000146590440926,308.0,-4.542898535728455,0.0742052585358735,16,True,V,A
4G0N_A_B,2.200238060095798,308.0,-1.0954265594482422,0.3160921943466954,15,True,K,A
4G0N_A_B,0.1004243403356974,308.0,-3.253940224647522,0.0476390031234402,19,True,V,A
4G0N_A_B,0.9000619594182708,308.0,-4.047286272048951,0.0248611418862917,22,True,I,A
4G0N_A_B,-0.3003154681268879,308.0,-1.5757224559783944,0.402851022520403,13,False,H,A
4G0N_A_B,0.5015718122627081,308.0,-1.613449096679687,0.4331129316232994,6,True,E,A
4G0N_A_B,1.1002131044808692,308.0,-0.8165135383605957,0.4226719258756186,10,True,D,A
4G0N_A_B,1.8006412824586262,308.0,-4.210953116416931,0.4341965335194497,19,True,I,A
4G0N_A_B,1.8006412824586262,308.0,-2.6014745235443115,0.1488684616464222,18,True,E,A
4G0N_A_B,3.299688474498163,308.0,-0.4389379024505615,0.0997506435520321,24,True,D,A
4G0N_A_B,0.30032117756763216,308.0,-3.42422091960907,0.0207890173343684,22,True,S,A
4G0N_A_B,-0.5998165205147215,308.0,-2.941791296005249,0.1690094407617663,17,True,R,A
4G0N_A_B,-0.3003154681268879,308.0,-3.0074825286865234,0.5495585779612254,8,False,V,A
1GUA_A_B,1.0003955007411132,298.0,-2.20526909828186,0.3107261602359055,16,True,R,A
1GUA_A_B,-0.3997593057047847,298.0,-2.669123888015747,0.3529666429175681,15,True,N,A
1GUA_A_B,-0.3997593057047847,298.0,-0.7481164932250977,0.6628064200251308,12,True,K,A
1GUA_A_B,0.10031157164428099,298.0,-3.864809811115266,0.0463994972366866,19,True,Q,A
1GUA_A_B,0.7008412516683519,298.0,-0.7767164707183838,0.0164861557789103,25,True,T,A
1GUA_A_B,0.10031157164428099,298.0,-4.601301372051239,0.0825090881432562,15,True,V,A
1GUA_A_B,1.9983187149889297,298.0,-0.9267551898956299,0.3121121330176478,15,True,K,A
1GUA_A_B,0.7989190350110312,298.0,-1.6332502365112305,0.5123270389693559,14,True,K,A
1GUA_A_B,0.1999403710959381,298.0,-3.1060285568237305,0.0379125018521969,19,True,V,A
1GUA_A_B,1.3002321152144958,298.0,-2.62876558303833,0.1277703709492343,17,True,E,A
1GUA_A_B,1.3996732349197516,298.0,-3.25693142414093,0.0401254192669645,21,True,S,A
1K8R_A_B,1.8697107829656783,310.0,-1.7670247554779053,0.0809156058281957,23,True,Q,A
1K8R_A_B,2.9124644298919184,310.0,-1.700939118862152,0.0322597780314197,25,True,R,A
1K8R_A_B,0.6101183997246548,310.0,-0.902660012245178,0.6203390183779633,12,False,K,A
1K8R_A_B,2.836937339384543,310.0,-3.3842673301696777,0.1989895156916716,19,True,K,A
1K8R_A_B,0.7437439919787758,310.0,0.28383326530456543,0.5574770038237918,14,False,R,A
1K8R_A_B,1.4939957601996467,310.0,1.300811767578125,0.1174682602968379,21,True,R,A
1K8R_A_B,0.17773654615239837,310.0,-0.7006101608276367,0.5638671891931527,7,False,E,K
1K8R_A_B,1.59620521584467,310.0,-1.3099794387817383,0.4751157185400533,10,True,D,A
1K8R_A_B,0.317973210297881,310.0,-0.3417711257934579,0.1538936158948765,17,True,E,A
1K8R_A_B,1.7803357543779699,310.0,-1.2660942077636719,0.0116782940787995,23,True,D,A
1K8R_A_B,3.5744899916506405,310.0,0.6539298295974731,0.0116782940787995,23,True,D,E
1K8R_A_B,1.9717067304457656,310.0,-0.9688291549682622,0.0116782940787995,23,True,D,N
1K8R_A_B,0.7437439919787758,310.0,-1.2237648963928223,0.0141992717067367,21,True,S,A
1K8R_A_B,3.5744899916506405,310.0,-4.0898319482803345,0.0359342848295021,22,True,Y,C
1K8R_A_B,1.551383044107918,310.0,-0.5391778945922849,0.0359342848295021,22,True,Y,F
1K8R_A_B,1.2266533026606015,310.0,-0.8252513408660884,0.1704816487041001,21,True,R,A
1K8R_A_B,1.2266533026606015,310.0,-5.562280923128129,0.0018446205387475,22,False,D,A
1K8R_A_B,0.4259705994789307,310.0,-0.9825830459594727,0.6155691547450169,9,False,E,A
1K8R_A_B,0.4259705994789307,310.0,-0.28190696239471413,0.6149360540212687,10,False,E,A
4G0N_A_B,0.6031833311844664,298.0,-1.4223389625549316,0.3187256368656964,16,False,F,W
4G0N_A_B,0.5516563533492312,298.0,0.14275741577148438,0.0476390031234402,19,True,V,I
4G0N_A_B,-0.6979837806626557,298.0,1.1444127559661865,0.3696371052945803,15,True,N,R
4G0N_A_B,-1.1084563032791503,298.0,-2.9139519333839417,0.0871388178307048,19,False,A,K
3KUD_A_B,1.9530394314410333,298.0,0.28247928619384766,0.1488066223189364,19,True,K,A
3KUD_A_B,-0.7977190616059049,298.0,1.72637403011322,0.3996213605161899,13,True,N,R
4G0N_A_B,2.6281932075437155,298.0,-4.922268331050873,0.13906356285867,18,False,T,A
3KUD_A_B,1.9904531349834464,298.0,-4.082469940185547,0.0934366921474539,18,False,T,A
1GUA_A_B,0.2401110333070661,298.0,1.9586520195007322,0.619964977911046,9,False,D,E
1C1Y_A_B,-1.7740327276755177,298.0,1.3660732507705688,0.751320566743995,6,False,K,E
1C1Y_A_B,0.7129766491354615,298.0,-1.996074914932251,0.6495536076579284,12,True,K,M
1C1Y_A_B,0.5017585008132571,298.0,-2.895969033241272,0.3992087679783735,14,True,N,A
1C1Y_A_B,1.4756267951789817,298.0,-0.018394947052001953,0.3992087679783735,14,True,N,D
1C1Y_A_B,1.1234491717519564,298.0,-4.655196964740753,0.0740126550791518,17,True,V,A
1C1Y_A_B,1.1084563032791503,298.0,-0.9802825450897217,0.6495536076579284,12,True,K,A
1C1Y_A_B,0.8906945892306273,298.0,0.714104413986206,0.6495536076579284,12,True,K,E
1C1Y_A_B,1.4548461832557849,298.0,-0.39716649055481,0.0139042195037386,24,True,T,A
1C1Y_A_B,1.4548461832557849,298.0,-1.7998690605163574,0.2577716409595119,17,True,R,A
1C1Y_A_B,1.9061753648850552,298.0,-2.761131763458252,0.321566279483636,16,True,R,A
1C1Y_A_B,1.580182002157296,298.0,-3.9779210090637207,0.0619146214749999,20,True,Q,A
1C1Y_A_B,1.3120332272237871,298.0,-0.8862946033477783,0.4621301099291878,14,True,K,A
1C1Y_A_B,2.2319054750311067,298.0,1.4477136135101316,0.4621301099291878,14,True,K,E
1C1Y_A_B,2.619152014020517,298.0,-5.024296462535858,0.072117449678291,20,True,R,L
4G0N_A_B,1.321986178698921,298.0,-2.417144775390625,0.6843718215558372,9,True,K,M
4G0N_A_B,1.5056557937436943,298.0,-2.7692078351974487,0.4804115589816912,15,True,N,A
4G0N_A_B,1.8081599202626608,298.0,0.14144778251647971,0.4804115589816912,15,True,N,D
4G0N_A_B,1.8081599202626608,298.0,-4.542898535728455,0.0742052585358735,16,True,V,A
4G0N_A_B,1.831385903889746,298.0,-1.194737434387207,0.6843718215558372,9,True,K,A
4G0N_A_B,1.9161283163601892,298.0,0.6985212564468384,0.6843718215558372,9,True,K,E
4G0N_A_B,2.1562393496672554,298.0,-1.7748016119003296,0.0155576908057652,24,True,T,A
4G0N_A_B,2.326600838976684,298.0,-0.7342116832733159,0.2700012697611756,18,True,R,A
4G0N_A_B,2.737073361593179,298.0,-2.0853631496429443,0.3355061036769425,17,False,R,A
4G0N_A_B,2.7844735863322736,298.0,-2.9643032550811768,0.0456865669734304,19,True,Q,A
4G0N_A_B,3.5821926479381783,298.0,-1.0954265594482422,0.3160921943466954,15,True,K,A
4G0N_A_B,5.063509681420924,298.0,0.4746439456939693,0.3160921943466954,15,True,K,E
4G0N_A_B,5.356225375613696,298.0,-4.116121053695679,0.0745248756771347,21,True,R,L
4G0N_A_B,1.3874975241143412,298.0,-1.613449096679687,0.4331129316232994,6,True,E,A
4G0N_A_B,0.6888024080234518,298.0,-0.8165135383605957,0.4226719258756186,10,True,D,A
4G0N_A_B,-0.10767237675979723,298.0,-2.941791296005249,0.1690094407617663,17,True,R,A
4G0N_A_B,2.0383180020945937,298.0,-2.0853631496429443,0.3355061036769425,17,False,R,A
4G0N_A_B,0.4358299542775585,298.0,-2.7692078351974487,0.4804115589816912,15,True,N,A
4G0N_A_B,1.4957028422685605,298.0,-0.7342116832733159,0.2700012697611756,18,True,R,A
4G0N_A_B,0.6888024080234518,298.0,-4.542898535728455,0.0742052585358735,16,True,V,A
4G0N_A_B,2.0383180020945937,298.0,-1.0954265594482422,0.3160921943466954,15,True,K,A
4G0N_A_B,-0.10767237675979723,298.0,-3.253940224647522,0.0476390031234402,19,True,V,A
4G0N_A_B,2.0277103722502905,273.0,-4.762015759944916,0.13906356285867,18,False,T,S
4G0N_A_B,2.6961564303069685,273.0,-4.922268331050873,0.13906356285867,18,False,T,A
4G0N_A_B,2.5344096015500734,298.0,-0.4389379024505615,0.0997506435520321,24,True,D,A
1C1Y_A_B,2.619152014020517,298.0,-0.35059428215026855,0.0974828164205164,24,True,D,A
1LFD_A_B,2.7271204101180455,298.0,-4.207402884960175,0.0339119293036378,26,True,D,A
1LFD_A_B,-0.2112181483222045,298.0,-1.8224105834960938,0.7657878175493472,5,False,Y,W
1FFW_A_B,1.3635602050590228,298.0,-3.677218407392502,0.0884210467264264,26,True,A,V
1FFW_A_B,0.12536364787648277,298.0,-4.730094730854034,0.110052962358425,19,False,Y,C
3EQS_A_B,0.3916713665958526,298.0,0.15210080146789506,0.6325247536170621,10,True,T,A
3EQS_A_B,1.2629482597472312,298.0,-4.262888729572296,0.3017806049508642,11,True,S,A
3EQS_A_B,5.556008252105314,298.0,-5.253353640437126,0.0098067976976524,21,True,F,A
3EQS_A_B,1.1141232046369274,298.0,-3.1137795448303223,0.455688036162368,11,False,E,A
3EQS_A_B,3.109162512960843,298.0,-4.4188069105148315,0.1569479441006949,19,True,Y,A
3EQS_A_B,6.407328502678618,298.0,-5.287673577666283,0.0400758031384274,22,True,W,A
3EQS_A_B,-1.111238704667861,298.0,-2.5437244176864624,0.4150540839242404,13,True,N,A
3EQS_A_B,-0.17036148930942868,298.0,-2.2555642127990723,0.614198553165606,11,True,L,A
3EQS_A_B,3.3328684342363175,298.0,-5.615925543010235,0.0360467290740557,18,True,L,A
3EQS_A_B,0.11714976873673205,298.0,-1.1321713924407963,0.5012439828018251,11,True,S,A
3EQY_A_C,0.3745714295332621,298.0,-1.7731685638427734,0.6551194260736548,11,True,T,A
3EQY_A_C,0.871018803509987,298.0,-2.320450186729431,0.274811521425336,12,True,S,A
3EQY_A_C,5.658450760459924,298.0,-5.3535158932209015,0.0079920773502006,21,True,F,A
3EQY_A_C,1.2226442714911356,298.0,-3.163609594106674,0.4586977398724876,11,False,E,A
3EQY_A_C,2.586204476550158,298.0,-4.775768160820007,0.1690209909727489,19,True,Y,A
3EQY_A_C,6.043720046618101,298.0,-5.299080967903137,0.0768818829963771,22,True,W,A
3EQY_A_C,-0.7488777422186944,298.0,2.196419835090637,0.6147091214669459,13,False,N,A
3EQY_A_C,0.03384845091440465,298.0,-1.2203793525695805,0.6901165059667402,11,False,L,A
3EQY_A_C,2.3235741263738507,298.0,-5.607086963951588,0.1118877762769263,14,True,L,A
3EQY_A_C,0.15268296238859794,298.0,-0.45484042167663574,0.5977305397743827,8,True,S,A
3EQY_A_C,0.29549591842059547,298.0,-5.187572240829468,0.5418890772006912,15,True,P,A
3NGB_HL_G,-0.0027431605113635064,303.0,1.149500846862793,0.235006179911235,13,True,I,A
3NGB_HL_G,0.7071632140207373,303.0,-1.491144061088562,0.1311467224210258,20,False,T,A
3NGB_HL_G,1.2021703956811993,303.0,-2.902761220932007,0.0220354145717452,25,True,W,A
3NGB_HL_G,1.29179372548406,303.0,-3.3534109592437744,0.0176555334540346,24,True,W,A
3NGB_HL_G,0.6228825121518312,303.0,-0.5669832229614258,0.1857258200531947,24,True,K,A
3NGB_HL_G,-0.2593841685882592,303.0,-0.9269971847534184,0.3765350696490027,21,True,R,A
3NGB_HL_G,-1.276658785621922,303.0,1.3189313411712642,0.0853981861914799,23,True,G,A
3NGB_HL_G,1.2656103528731653,303.0,-5.631408371031284,0.0235196952854405,21,True,G,A
3NGB_HL_G,1.3584279749994033,303.0,-2.1939257383346558,0.0792621738812965,24,True,V,A
3NGB_HL_G,1.7671238351667182,303.0,-4.8090356439352036,0.0090948263481305,27,True,N,A
3NGB_HL_G,0.5484261455424753,303.0,-2.1174509525299072,0.0580184190756226,23,True,Y,A
3NGB_HL_G,0.9958445014003086,303.0,-0.6371712684631343,0.1650017147680424,15,True,R,A
3NGB_HL_G,-0.04252043958861535,303.0,-1.5673245191574097,0.5527021520314428,12,True,P,A
3NGB_HL_G,-0.34038827185161974,303.0,-3.2755967378616333,0.271830242054243,16,True,Q,A
3NGB_HL_G,0.5305510609771573,303.0,-4.3648509085178375,0.0160810138575334,26,False,M,A
3NGB_HL_G,1.6432171953097705,303.0,2.5104167461395264,0.148253348082775,23,True,R,A
3NGB_HL_G,1.087913680060634,303.0,-0.5473022460937496,0.1884489479369015,19,True,V,A
3NGB_HL_G,-0.1993221876657736,303.0,1.1454732418060303,0.5987609879029628,12,True,Y,A
3NGB_HL_G,0.059871405611257096,303.0,-1.483461618423462,0.4404947729316965,11,True,D,A
3NGB_HL_G,1.4235858297640938,303.0,-0.8746073246002197,0.1796824388097654,17,True,Y,A
3NGB_HL_G,1.1185738219244732,303.0,1.059152603149414,0.0568718554066168,23,True,N,A
3NGB_HL_G,4.462500819429005,303.0,-2.9096157550811768,0.0070517695475679,24,True,W,A
3NGB_HL_G,-0.7733629950981507,303.0,-0.7262341976165776,0.4450412659361255,14,True,V,A
3NGB_HL_G,-0.23060832548399882,303.0,-0.01607227325439453,0.4461051234352604,12,True,Q,A
3NGB_HL_G,0.9852806744650745,303.0,1.8845605850219727,0.6083472178264425,11,True,Y,A
3NGB_HL_G,-0.14471173002666052,303.0,-0.42671847343444824,0.2730410333154429,17,False,S,A
3NGB_HL_G,2.022787808114121,303.0,-3.7858535051345825,0.0542618330255439,22,True,Y,A
3NGB_HL_G,1.3199500457991684,303.0,-2.4645437002182007,0.0518623614989659,25,True,E,A
3NGB_HL_G,0.8588610734149358,303.0,-0.15508532524108842,0.2142214813566306,21,True,F,A
3SE8_HL_G,-0.039497612239525574,303.0,-2.318021059036255,0.1572829676433224,16,True,R,A
3SE8_HL_G,1.4751462856602853,303.0,-2.4195069074630737,0.0146990350536125,25,True,W,A
3SE8_HL_G,1.3335256633900363,303.0,-3.0931196212768555,0.0100299726892452,26,True,W,A
3SE8_HL_G,1.1114141336333139,303.0,-0.6820933818817139,0.2214840300922701,24,True,K,A
3SE8_HL_G,0.05477617188009301,303.0,-4.514505982398987,0.2120957065141058,24,True,L,A
3SE8_HL_G,0.7611053868475779,303.0,-1.8830537796020508,0.0197309384365628,26,True,W,A
3SE8_HL_G,0.3570971241082872,303.0,-4.481217414140701,0.0283299265353755,21,True,G,A
3SE8_HL_G,1.2496848072761948,303.0,-3.858563482761383,0.0691514343889664,24,True,V,A
3SE8_HL_G,1.1508398806593148,303.0,-2.283151388168335,0.033972482166695,28,True,S,A
3SE8_HL_G,0.855848570866861,303.0,-3.810512900352478,0.0744768886112058,24,True,Y,A
3SE8_HL_G,1.2061688813685716,303.0,0.040621042251586914,0.2048563656433664,19,True,R,A
3SE8_HL_G,1.1144247533594487,303.0,-1.159148931503296,0.3155464557753598,14,True,Q,A
3SE8_HL_G,0.5498048998607449,303.0,-2.8450963497161874,0.2738165660134751,15,True,Q,A
3SE8_HL_G,2.6444616721842755,303.0,0.15133953094482422,0.1681826696530746,23,True,R,A
3SE8_HL_G,0.09689982549665609,303.0,-0.4172515869140625,0.5067833186242005,14,True,Q,A
3SE8_HL_G,0.01881786558903548,303.0,-4.94169320166111,0.5185085138208827,11,True,P,A
3SE8_HL_G,-0.0709198383600139,303.0,-4.373412936925888,0.2649313288741505,17,True,P,A
3SE8_HL_G,-0.389348888489048,303.0,-0.23283290863037065,0.6579462508353617,6,True,D,A
3SE8_HL_G,0.8299214752084622,303.0,-0.4090604782104488,0.4573687087605552,10,True,Y,A
3SE8_HL_G,-0.24413974191960078,303.0,-1.66902756690979,0.1155844442416466,19,True,D,A
3SE8_HL_G,1.0676040754519076,303.0,-4.773049533367157,0.0250973467887035,23,True,F,A
3SE8_HL_G,-0.5565172567810809,303.0,1.4340312480926514,0.3082281320946058,14,True,E,A
3SE8_HL_G,-0.21612898492946112,303.0,-1.9860639572143555,0.345499083716846,14,False,Q,A
3SE8_HL_G,0.1943491834680722,303.0,-2.2739009857177734,0.1377341255369045,19,True,N,A
3SE8_HL_G,0.855848570866861,303.0,-0.321793794631958,0.2791965213773219,14,False,D,A
3SE8_HL_G,-0.8640969558926477,303.0,-3.502007007598877,0.1161474194835462,20,True,F,A
3SE8_HL_G,1.5134906568562332,303.0,-4.675669491291046,0.0484626874890426,26,True,E,A
3SE8_HL_G,0.832325161797007,303.0,-2.8275961875915527,0.0944934566695289,23,True,F,A
3SE9_HL_G,0.5659996998544158,303.0,-1.7967021465301514,0.0456587531351267,24,True,L,A
3SE9_HL_G,1.0584461393607199,303.0,-4.8112635016441345,0.0368730713058309,23,False,W,A
3SE9_HL_G,1.275694617776512,303.0,-3.155296564102173,0.0030152768012987,26,True,W,A
3SE9_HL_G,-0.8592991401427342,303.0,1.2583532333374023,0.2819794458945331,21,True,V,A
3SE9_HL_G,-0.8592991401427342,303.0,-5.369351580739021,0.1241432962879984,23,True,T,A
3SE9_HL_G,0.4524446772287741,303.0,-5.6183119639754295,0.0349702699220799,22,True,G,A
3SE9_HL_G,0.9833593453336035,303.0,-5.1117474138736725,0.100379780822289,22,True,V,A
3SE9_HL_G,1.5217611539508715,303.0,-5.175672620534897,0.0051787029036619,26,True,N,A
3SE9_HL_G,0.04633998917565512,303.0,-4.905028760433197,0.1745093890676967,25,True,G,A
3SE9_HL_G,-0.44193949466354654,303.0,-0.2020332813262935,0.615770630559385,13,True,P,A
3SE9_HL_G,1.4695444872672188,303.0,-0.9946278333663943,0.1633716459089472,20,True,R,A
3SE9_HL_G,2.6792564759020507,303.0,0.08373165130615234,0.1485499851746476,23,True,R,A
3SE9_HL_G,-0.23221613068711555,303.0,-2.0413851737976074,0.3334977233391024,20,True,R,A
3SE9_HL_G,-0.7664815180164962,303.0,-0.22200679779052734,0.4167307029281223,14,True,D,A
3SE9_HL_G,0.4636996346548429,303.0,-0.07527923583984242,0.6735117682079715,8,True,Y,A
3SE9_HL_G,-0.44193949466354654,303.0,-0.34003305435180664,0.0599314917209049,20,True,T,A
3SE9_HL_G,-0.3075796991115668,303.0,-4.4297214448452,0.1379195259045463,14,True,G,A
3SE9_HL_G,-0.6151593982231336,303.0,0.0372011661529541,0.3670073605590624,15,True,G,A
3SE9_HL_G,0.1851435147920722,303.0,-5.526295118033886,0.0582531039742049,22,True,G,A
3SE9_HL_G,-0.4943310191067557,303.0,-0.3346281051635742,0.2230798892401795,17,True,V,A
3SE9_HL_G,1.1177191408855833,303.0,0.43177223205566406,0.5324061002788741,13,False,Y,A
3SE9_HL_G,0.4636996346548429,303.0,-4.781952008605003,0.2451816171371046,22,False,G,A
3SE9_HL_G,0.964242733675031,303.0,-5.130586564540863,0.1268036716788057,23,True,L,A
3SE9_HL_G,0.41735964547918775,303.0,-3.064094692468643,0.1010864738416507,25,True,E,A
3SE9_HL_G,0.02361568133894871,303.0,-2.2591845989227295,0.2513019953731393,21,True,F,A
1JTD_A_B,1.3011671118471222,298.0,1.2519500255584712,0.1304828975766979,24,True,N,A
1JTD_A_B,1.5074296942397836,298.0,2.117249608039856,0.0779828281964354,27,True,D,A
1JTD_A_B,1.3924530900438845,298.0,-2.3693044185638428,0.0906133198653764,26,True,W,A
1JTD_A_B,0.2950551393360103,298.0,-4.666431963443756,0.3198124387911192,18,True,T,A
1JTD_A_B,3.150407363841207,298.0,-2.1598225831985474,0.0081227634618895,25,True,Y,A
1JTD_A_B,2.550142241103219,298.0,-0.19762229919433594,0.0462799908050743,25,True,F,A
1JTD_A_B,0.6668088632861536,298.0,0.8338391780853267,0.5973997793247162,14,True,L,A
1JTD_A_B,1.2094240231121864,298.0,0.2622079849243164,0.0144079091699902,26,True,N,A
1JTD_A_B,0.48022206661413236,298.0,-0.11731743812561035,0.164043281511689,25,True,Y,A
1JTD_A_B,1.988940524524266,298.0,-0.6188054084777823,0.2046227475416903,22,True,D,A
1JTD_A_B,3.254742701471272,298.0,0.00874781608581543,0.0174657935230678,27,True,W,A
1JTD_A_B,0.9604441332282647,298.0,-2.805363714694977,0.0813266699556229,22,False,D,A
1JTD_A_B,0.15156033328878646,298.0,-2.1517550945281982,0.4632167987548274,16,True,S,A
1JTD_A_B,-0.5488161240543374,298.0,0.6248850822448726,0.1776198191592237,24,True,D,A
1JTD_A_B,3.2986284549289397,298.0,-2.1107594966888428,0.0079406409752616,28,True,Y,A
1JTD_A_B,-1.061056078540056,298.0,-2.0687133073806763,0.0788674776296996,20,True,D,A
1JTD_A_B,2.0263542280666793,298.0,0.2314947843551638,0.4171071919896301,16,True,Y,A
1JTD_A_B,2.1997293965153855,298.0,-4.009714558720589,0.164157376760689,21,True,F,A
1JTD_A_B,2.8890951659316975,298.0,2.6003470420837402,0.0098197641506909,27,True,I,A
1JTD_A_B,3.960078126229166,298.0,-1.2383654117584229,0.0,27,True,F,A
1JTD_A_B,0.8240213465552473,298.0,-1.5394527912139888,0.2143140487326718,22,True,Y,A
1JTD_A_B,1.849240251994085,298.0,-2.046653509140014,0.0250219513249534,28,True,E,A
1JTD_A_B,5.809134901053953,298.0,-3.55448579788208,0.0272174388881959,25,True,W,A
1JTD_A_B,0.8879466183005331,298.0,-1.2873395681381226,0.1283446746733993,21,True,R,A
1JTD_A_B,2.668825510928575,298.0,-0.7595102787017822,0.0426600691904958,24,True,N,A
3QHY_A_B,2.2542547942896496,298.0,0.8866422176361084,0.1567681642259961,25,True,N,A
3QHY_A_B,2.2542547942896496,298.0,1.605644702911377,0.0617661967275125,26,True,D,A
3QHY_A_B,2.862412983865089,298.0,-3.6195977926254272,0.0687083406500625,28,True,W,A
3QHY_A_B,0.056441418262292944,298.0,-4.632860630750656,0.4828517893607076,14,False,T,A
3QHY_A_B,2.9019067270339165,298.0,-2.1204617023468018,0.0079934116737204,28,True,Y,A
3QHY_A_B,3.9827122190795397,298.0,-2.133164644241333,0.0032632945639628,26,True,F,A
3QHY_A_B,0.8159894793034468,298.0,-4.393980860710144,0.3666240863418213,18,True,L,A
3QHY_A_B,1.6049857487233758,298.0,0.22913837432861328,0.0184875506043609,27,True,N,A
3QHY_A_B,0.8008689981434107,298.0,-0.8585426807403564,0.1561934018222868,25,True,Y,A
3QHY_A_B,1.8885446894993645,298.0,-0.6707007884979248,0.2072934581069336,23,True,D,A
3QHY_A_B,3.788176488658101,298.0,-1.4149684906005855,0.0113969571958354,27,True,W,A
3QHY_A_B,0.38009731727618046,298.0,-3.5747095942497253,0.0634380175625001,24,False,D,A
3QHY_A_B,-0.08474241247044337,298.0,-0.7407324314117432,0.6176805762431766,17,False,S,A
3QHY_A_B,0.9609313292021041,298.0,-0.7878270149230957,0.1857543401455337,24,True,D,A
3QHY_A_B,3.4220595225170123,298.0,-3.879165828227997,0.009438445572429,26,True,Y,A
3QHY_A_B,3.4965384775158,298.0,-2.067618370056152,0.1017502054372819,20,True,D,A
3QHY_A_B,1.7426176859437081,298.0,-0.9200673103332515,0.3859986194718042,19,True,Y,A
3QHY_A_B,2.0615439857216784,298.0,-4.551949679851532,0.1546399704811133,21,True,F,A
3QHY_A_B,3.0663610683814495,298.0,4.02754807472229,0.0045796207546434,27,True,I,A
3QHY_A_B,3.0741021808713906,298.0,-1.880181074142456,0.0,26,True,F,A
3QHY_A_B,0.24011103330706618,298.0,-1.5521061420440678,0.329582718675654,21,True,Y,A
3QHY_A_B,3.0115869999005174,298.0,-1.0024323463439941,0.0212700504463766,28,True,E,A
3QHY_A_B,5.430066579124081,298.0,-2.7497339248657227,0.0192707230350539,26,True,W,A
3QHY_A_B,0.5346662260766157,298.0,-0.7229056358337398,0.1243886395507839,22,True,R,A
3QHY_A_B,2.6946637029060385,298.0,-0.9300928115844727,0.03189805950915,24,True,N,A
5K39_A_B,-0.5096978065035378,318.0,-3.843329966068268,0.265457892084284,15,True,M,A
5K39_A_B,-0.24865774442918676,318.0,-1.244030475616455,0.3704054712084592,14,True,M,A
5K39_A_B,0.48034951775187396,318.0,1.1678040027618408,0.1234763174974454,19,True,S,A
5K39_A_B,2.8986237332785207,318.0,0.5355086326599121,0.1150099003136185,26,True,F,A
5K39_A_B,2.1898670998026213,318.0,-5.44889110326767,0.0281609799673333,24,True,I,A
5M2O_A_B,2.0934229040227534,308.0,-3.2842585444450383,0.0,25,True,I,A
5M2O_A_B,0.04860160977052419,308.0,-3.03108087182045,0.0,27,True,S,A
5M2O_A_B,2.524718411022802,308.0,-5.323004715144634,0.0,28,True,V,A
5M2O_A_B,1.182801156826777,308.0,-4.924988895654678,0.006772307128998,25,True,Q,A
5M2O_A_B,1.0988260155473215,308.0,-3.910501480102539,0.4926827203930774,11,True,K,A
5M2O_A_B,-0.162971634777618,308.0,-3.534672260284424,0.0136086929765737,24,True,Q,A
5M2O_A_B,0.8788031540499982,308.0,-5.523895651102066,0.0108336818746696,20,True,L,A
5M2O_A_B,0.04323851995748255,308.0,-5.530713833868504,0.0872097919200538,17,True,N,A
5M2O_A_B,0.1599705800619219,308.0,-5.485105708241463,0.0,24,True,N,A
5M2O_A_B,-0.7821307826004512,308.0,0.1297001838684082,0.1316656173361369,31,True,K,A
5M2O_A_B,1.6808793356196992,308.0,-5.528798557817936,0.1663390810623018,22,True,L,A
5M2O_A_B,0.723015933444505,308.0,-1.284681797027588,0.2478477946722612,16,True,E,A
5M2O_A_B,0.912257311452981,308.0,-0.3026571273803711,0.0,24,True,H,A
5M2O_A_B,0.46478601729245855,308.0,-0.1664509773254399,0.1426810581628622,26,True,N,A
5XCO_A_B,0.8108793070376218,298.0,-1.6111183166503902,0.5778236032455668,15,False,D,C
5XCO_A_B,1.1099898043677754,298.0,0.47265911102294966,0.5778236032455668,15,False,D,G
5XCO_A_B,1.078538873622119,298.0,-5.554664954543114,0.1788127684402622,24,True,P,A
5XCO_A_B,2.746752705465016,298.0,-4.008962869644165,0.0170332929091682,22,True,L,A
5XCO_A_B,1.3635602050590228,298.0,-4.152531981468201,0.1742337004008145,18,True,Y,A
5XCO_A_B,2.7961301830353436,298.0,-5.473997056484222,0.0046911576043832,23,True,I,A
5XCO_A_B,1.2854344722939772,298.0,-2.978881150484085,0.1264738952450308,12,True,S,A
5XCO_A_B,1.899483918855109,298.0,-2.6954548358917236,0.2938720370099335,10,True,Y,A
5XCO_A_B,2.7961301830353436,298.0,-5.576747700572014,0.0036831934439099,16,True,D,A
5XCO_A_B,0.6348509163704162,298.0,-5.4902905374765405,0.5874813217349516,10,False,P,A
5XCO_A_B,0.0,298.0,-3.735763669013977,0.1409561649473188,14,True,V,A
5TAR_A_B,0.23146581885097925,298.0,-4.982106178998947,0.087254683606846,21,False,F,A
5TAR_A_B,-0.21490779684874853,298.0,-0.9637048244476321,0.1469366128485491,20,False,M,A
5TAR_A_B,0.6591043744811126,298.0,-3.7310805022716527,0.1200545575737916,16,False,W,A
5TAR_A_B,1.1260183153599006,298.0,-2.6022725105285645,0.0802181766324594,17,True,E,A
5TAR_A_B,0.3841487812395772,298.0,-2.156606435775757,0.1209213076915606,16,True,W,A
5TAR_A_B,0.1573458736678556,298.0,-1.5554783344268799,0.3998453680338386,10,True,Q,A
5TAR_A_B,-0.02632374137691765,298.0,-3.411284327507019,0.1638065687499308,18,False,I,A
5TAR_A_B,0.24863185186461775,298.0,-1.4449782371521,0.0266271316766362,24,False,F,A
2WPT_A_B,-1.4195684744495354,298.0,-3.393925189971924,0.0220018825516157,24,True,D,A
2WPT_A_B,2.667129700212293,298.0,-4.060738265514374,0.0202013139275945,25,True,F,A
2WPT_A_B,-0.1384956586149011,298.0,-1.0282433032989502,0.1625461874532338,19,True,N,A
2WPT_A_B,-0.08613284906320835,298.0,0.08728921413421631,0.0055669482088693,22,False,S,A
3QIB_ABP_CD,-0.11931498750282342,298.0,4.249777793884277,0.2569222059612606,21,True,R,P
3QIB_ABP_CD,0.7864605866612739,298.0,-1.3297045230865483,0.197314518562846,17,True,N,P
3QIB_ABP_CD,-0.36955823266865345,298.0,-1.8934321403503414,0.3855236730659608,20,True,L,P
3QIB_ABP_CD,0.26471579910019766,298.0,-0.9255294799804688,0.3175519899361642,17,True,Q,A
3QIB_ABP_CD,0.8918897191474736,298.0,-1.547184705734253,0.0445631082412487,21,True,A,G
3QIB_ABP_CD,0.6097268969107853,298.0,-1.922470092773437,0.1109555310245617,21,True,A,G
3QIB_ABP_CD,0.5658411434531176,298.0,-2.0444839000701904,0.2930496985051027,18,True,K,A
3QIB_ABP_CD,0.844688448441092,298.0,-1.6240887641906738,0.2364899357890494,23,True,A,G
3QIB_ABP_CD,0.0,298.0,-0.22305846214294411,0.6316937840318649,10,False,E,A
3QIB_ABP_CD,0.0,298.0,-2.060596764087677,0.4070146400614826,11,False,E,A
3QIB_ABP_CD,0.02632374137691764,298.0,-0.3919997215270994,0.5329027636134885,9,False,S,A
3QIB_ABP_CD,1.7631666122988525,298.0,-4.486584305763245,0.0629190898286859,19,True,Q,A
3QIB_ABP_CD,1.2122689863728227,298.0,-2.529893159866333,0.2395917810747832,18,True,E,A
3QIB_ABP_CD,1.82060413958121,298.0,-3.512543290853501,0.1514804198905843,19,True,E,A
3QIB_ABP_CD,2.2030540002537933,298.0,-4.556118428707123,0.085638453190406,22,True,A,G
3QIB_ABP_CD,0.8625190715930913,298.0,-2.6327624320983887,0.1838257849994563,20,True,D,A
3QIB_ABP_CD,0.749510758497891,298.0,0.8326652050018313,0.0007109856765057,27,True,T,A
3QIB_ABP_CD,0.05152697783523541,298.0,-2.412803888320923,0.0940543347835571,25,True,H,A
3QIB_ABP_CD,3.1375929327345404,298.0,-2.44653582572937,0.0165700803991894,24,True,Y,A
3QIB_ABP_CD,0.10796839609752833,298.0,-0.416159987449646,0.0165700803991894,24,True,Y,F
3QIB_ABP_CD,3.1375929327345404,298.0,-0.9581429958343506,0.0269376678255004,22,True,K,A
3QIB_ABP_CD,2.2360322281272476,298.0,3.4089978337287903,0.0269376678255004,22,True,K,R
3QIB_ABP_CD,3.1375929327345404,298.0,-4.436388254165649,0.0607522312655491,24,True,T,A
3QIB_ABP_CD,1.0752408686439425,298.0,-1.6228883266448975,0.0607522312655491,24,True,T,S
3QIB_ABP_CD,1.223286730651302,298.0,-2.7272677421569824,0.0607522312655491,24,True,T,N
