complex_id,pdb,hot_chain,hot_resnum,hot_aa,ctl_chain,ctl_resnum,ctl_aa,hot_ddG,ctl_ddG,ss,hot_rsasa,ctl_rsasa,d_rsasa,hot_nbr,ctl_nbr,d_nbr,d_logp,d_logp_unc,d_bfac_z,d_gnm,d_buried_polar,d_unsat_polar,d_chi1_strain,d_hydro,d_T,d_logp_o0,d_logp_o1,d_logp_o2,d_logp_o3,d_logp_o4,d_logp_o5,d_logp_o6,d_logp_o7
1A22_A_B,1A22,A,161,K,A,157,K,1.7783553349035608,-0.0523514858914572,H,0.0484401024687262,0.0254298447343707,0.023010257734355503,25,24,1,-0.3828142000000001,-0.7171119999999997,-0.6805304859086688,0.01597011827383979,-1.0,0,2.9253692626953125,0.0,298.0,-0.37712836265563987,-1.0677402019500737,-1.6507712602615354,0.08340036869049094,0.467137813568115,0.08036458492279053,-1.0585263967514038,0.46075010299682617
1A22_A_B,1A22,A,167,R,A,163,E,2.4246162835990783,-0.9096298939368896,H,0.1340808914566766,0.1070444477240689,0.02703644373260769,25,26,-1,2.0128065,2.20850094,0.43907006463712583,0.0222463699360384,0.3333333333333333,0,1.309906005859375,-1.0,298.0,2.3707920014858246,1.758974552154541,2.4465081691741943,1.7596431970596313,1.7238082885742188,1.9934205412864685,1.7251256108283997,2.324181020259857
1A22_A_B,1A22,A,171,C,B,173,N,1.0189540212285182,0.28691290191377616,H,0.1325049166052408,0.1102001059023597,0.02230481070288111,21,21,0,-0.227632,-0.50265204,-0.9870867084903456,-0.011480543740858884,-0.5,0,-0.00542449951171875,6.0,298.0,-0.49258595705032354,0.2730870768427849,0.045294053852558094,-0.6190454512834549,-0.6389430314302444,0.06385906040668492,0.2243164107203483,-0.6770378202199937
1A22_A_B,1A22,B,11,R,B,123,G,2.115299745535946,,L,0.0131872979573719,0.0222649581709797,-0.009077660213607801,24,23,1,-1.20358304,-1.9759182700000002,0.2570769660446861,0.032433540970230684,0.6666666666666666,0,,-4.1,298.0,-0.9001855701208115,-1.995917335152626,-0.6265481412410737,-2.069148451089859,-0.7554945424199104,-1.1536431685090065,-0.5806936845183374,-1.5470324158668518
1A22_A_B,1A22,B,12,E,B,126,V,1.6919638487429767,-0.669832352809876,L,0.1690911202624688,0.2022587986621273,-0.03316767839965848,21,20,1,0.8769388,1.2330012000000004,0.37692840464929644,-0.008692098837942502,0.0,0,4.628578186035156,-7.7,298.0,0.904447078704834,1.1110365390777583,1.2364683151245122,0.4400300979614258,0.39003419876098633,0.5802781581878662,1.0873610973358154,1.2658538818359375
1A22_A_B,1A22,B,60,T,B,61,S,1.4230269375004536,-0.18208834128065177,L,0.0217324195363067,0.0267030935523951,-0.004970674016088399,22,21,1,3.59045348,3.7568021500000004,-0.19592760622367067,-0.01645873959256669,1.0,0,-15.547969818115238,0.10000000000000009,298.0,3.5674341917037964,3.7962164878845215,4.058816283941269,3.740856721997261,3.309399038553238,3.488112643361091,3.268641829490661,3.494151473045349
1A22_A_B,1A22,B,63,W,B,83,S,4.681416547066253,0.2258387121583183,L,0.0217853758949312,0.0134475406244215,0.008337835270509701,20,20,0,-0.10207619999999995,0.07237399999999994,-0.4667837819781758,-0.01264543726426512,1.0,0,2.1191444396972656,-0.09999999999999998,298.0,-1.0460731387138367,-0.45582532882690474,0.24491536617279053,0.012018203735351562,-0.6726785898208616,-0.6442286968231201,0.7156518697738647,1.0296109914779663
1A22_A_B,1A22,B,65,P,B,81,C,2.964936070743077,0.0,L,0.0016721074018139,0.015209366119814,-0.013537258718000099,22,22,0,-0.041866599999999976,0.17710970000000015,-0.6942909527659045,-0.022823857045891405,0.0,0,30.254575729370117,-4.1,298.0,-0.46468789130449295,-0.7870315760374069,0.8849918246269226,1.0631510615348816,-0.664209321141243,0.5837202668190002,-0.5789819434285165,-0.37188495695590973
1A22_A_B,1A22,B,120,I,A,62,S,2.1534296321485966,0.3971126623944804,L,0.162896623769617,0.1457744761707761,0.017122147598840898,17,17,0,2.7673002,2.8047991999999997,-0.4239605140263849,0.00362921576344849,0.0,0,24.873588562011722,5.3,298.0,3.005151093006134,2.4268670082092285,2.6494742631912236,2.993699610233307,2.4422707557678223,3.025332272052765,2.691528677940368,2.9040805101394653
1A22_A_B,1A22,B,124,W,B,30,R,4.729537319129406,0.5673317649079936,L,0.0025899575047831,0.040346957466585,-0.0377569999618019,22,22,0,-0.017664269999999982,-0.04794637999999998,-2.1578512302654134,-0.04505168413126151,0.33333333333333337,0,-12.8956298828125,3.6,298.0,-0.10727329552173617,-0.108417123556137,0.09617073833942419,-0.09487825632095338,-0.12998833507299432,0.028635829687118475,0.10488742589950567,0.06954877078533178
1A4Y_A_B,1A4Y,A,263,W,A,291,A,1.170849396491051,,H,0.0099683152668705,0.0369008507996815,-0.026932535532811,26,26,0,-1.6569585999999998,-1.681197,-0.12002266933439087,-0.0011971338819453947,1.0,0,,-2.7,298.0,-1.8313102722167969,-1.6594324111938477,-2.2909252643585205,-2.3893911838531494,-1.8279476165771482,-1.0031030178070068,-1.397970199584961,-0.8555889129638672
1A4Y_A_B,1A4Y,A,318,W,B,40,K,1.5000732434540465,,L,0.0206164068933458,0.0089497545082013,0.011666652385144501,25,26,-1,-2.4005088,-2.4115678999999997,0.38428324602548214,-0.1760704004912807,-1.0,0,26.948375701904297,3.0,298.0,-3.1094253063201904,-1.4822072386741638,-1.3935130834579468,-3.5520611405372624,-1.8491239547729506,-2.8900803923606873,-2.203296720981598,-2.7243610620498657
1A4Y_A_B,1A4Y,A,375,W,B,88,P,1.0348984717336767,,L,0.0148977266780777,0.0414127424129043,-0.026515015734826605,24,24,0,-1.6958103,-0.4479812000000001,-0.3019690653841497,-0.15147490263350388,1.0,0,-8.431877136230472,0.7000000000000001,298.0,-1.607785940170288,-2.4772777557373047,-1.9544590711593628,-1.0831637382507322,-1.2787041664123535,-1.3503242731094363,-1.9726373553276062,-1.842128038406372
1A4Y_A_B,1A4Y,A,434,Y,B,38,P,3.2605541973048746,,H,0.0336793282398424,0.0487711851066485,-0.0150918568668061,21,21,0,-1.748857435,-1.93266898,-1.0652574603145086,-0.09374285737207738,0.0,0,-10.577186584472656,0.30000000000000004,298.0,-1.580648846924305,-1.6506765484809875,-2.187164530158043,-2.44439447671175,-1.6101757809519768,-1.6166089475154877,-1.243705153465271,-1.6574861630797386
1A4Y_A_B,1A4Y,A,435,D,A,93,N,3.4839828127111745,,H,0.1230589383999891,0.1554823612991195,-0.03242342289913039,22,23,-1,-0.003019799999999906,-1.3774870300000002,0.2631073701830309,-0.003413175693933318,0.5,0,-0.7242660522460973,0.0,298.0,-0.45226514339447,0.6255617737770081,-0.5844160318374636,-0.8058089017868042,0.2927331328392029,-0.2972221374511721,0.24969422817230247,0.9475653469562528
1AHW_AB_C,1AHW,C,145,Y,B,59,I,3.8053425216717396,,E,0.0163023752781492,0.0111679040838254,0.005134471194323798,22,22,0,0.5193363000000001,1.0016471399999998,0.7211413473875047,0.0364048341710827,1.0,0,-10.902854919433594,-5.8,298.0,1.0225698947906494,-0.13684612512588468,0.2898312211036682,0.4457314610481262,0.9450400471687317,0.12498468160629272,0.38296210765838623,1.080415606498718
1AHW_AB_C,1AHW,C,159,T,C,143,T,1.1057706448311257,,E,0.0394974398220036,0.0299017702756606,0.009595669546343,22,21,1,2.4301109,3.4128667999999998,0.40892281595904356,0.0392537798510513,0.0,0,9.37616729736328,0.0,298.0,3.662061870098114,2.5179967880249023,1.675376772880554,3.387770712375641,1.6808482408523555,1.8541653156280518,1.9778719544410706,2.6847981214523315
1AK4_A_D,1AK4,D,90,P,A,72,G,2.1720377019480512,,L,0.0033900605813945,0.014453876826291,-0.0110638162448965,21,20,1,-0.005323949999999994,-0.006390280000000012,0.16883767447647202,0.11558598325124683,0.0,0,,-1.2000000000000002,298.0,-0.005460739135742201,-0.0063276290893554965,-0.00295086950063711,-0.005696065723896096,-0.007047727704048198,-0.003118507564067799,-0.006064534187316908,-0.005925506353378296
1AO7_ABC_DE,1AO7,A,65,R,E,96,A,3.130316345563444,,H,0.2714152030950879,0.2572271141810967,0.014188088913991148,19,20,-1,1.3432874300000002,1.6771247000000002,-0.125276170414941,0.056570987522628596,0.3333333333333333,0,,-6.3,298.0,1.0928164571523666,1.1936763525009155,1.1585693359375,1.6854957342147827,1.6824990510940552,1.507225438952446,0.9851546287536621,1.4408621788024902
1AO7_ABC_DE,1AO7,A,167,W,A,150,A,1.3125764094516374,,H,0.0496988022781582,0.0287366956822372,0.020962106595920998,18,18,0,-1.5968948200000002,-1.1264644400000001,-0.2663072492217776,0.011582224954208714,0.0,0,,-2.7,298.0,-1.7079451084136965,-1.120364725589752,-1.9521929323673248,-1.5394980162382126,-1.704863041639328,-1.5081889927387238,-1.7933874130249023,-1.4487184882164001
1AO7_ABC_DE,1AO7,C,5,Y,C,4,G,1.6312197716435202,,L,0.0274530586142813,0.0054250837084468,0.022027974905834496,28,27,1,-1.6054587550000001,-2.0027198900000003,-0.03745139139450848,-0.022837852444012596,1.0,0,,-0.9,298.0,-1.0736306980252266,-1.7609215825796127,-2.043058827519417,-2.012490399181843,-1.0966599434614182,-1.094871647655964,-1.7329580038785937,-2.029078647494316
1AO7_ABC_DE,1AO7,C,8,Y,D,50,Y,3.166114657147678,0.4909193716462022,L,0.1509777403648269,0.1890489071888615,-0.03807116682403461,20,21,-1,1.4134917999999996,2.0636841,-0.16153620800656188,-0.024222994423630323,0.0,0,-24.48409652709961,0.0,298.0,-0.5162167549133301,0.8779788017272949,1.6897821426391602,2.914581298828126,2.308061122894287,0.9637024402618408,1.081446886062622,1.9885962009429932
1AO7_ABC_DE,1AO7,D,92,T,C,6,P,1.9457840009431795,,L,0.0667629801208311,0.0226206383989785,0.04414234172185259,25,25,0,-1.319649614,-1.63883039,0.24646287559975233,-0.005691972997276806,0.0,0,-21.713088989257812,0.9000000000000001,298.0,-1.0206797942519188,-1.4816384613513947,-1.5833568572998047,-1.3353734686970713,-1.3813664764165878,-1.3773492202162743,-0.9250222221016885,-1.4524102360010147
1AO7_ABC_DE,1AO7,D,95,W,A,158,A,2.2234744601442626,,H,0.158827828180256,0.1261628058697134,0.03266502231054261,22,23,-1,-1.1049891,-1.2689270000000001,-0.28871441227146033,0.042099958888355604,1.0,1,,-2.7,298.0,-1.3014677166938782,-0.7787679433822632,-0.8814963698387148,-1.2591962218284607,-0.77368175983429,-1.3526071906089783,-1.489625096321106,-1.0030704736709601
1AO7_ABC_DE,1AO7,E,100,P,D,96,G,1.1536409190313672,,L,0.0047702039434808,0.0039807057145073,0.0007894982289735003,24,23,1,0.08377045000000001,0.157269475,-0.06763800875582004,-0.04394450263929642,0.0,0,,-1.2000000000000002,298.0,0.06479344516992569,0.028651975095272092,0.0302146524190903,0.16152537614107132,0.05476772040128711,0.0699256509542465,0.17630790174007416,0.08397684991359719
1BD2_ABC_DE,1BD2,A,65,R,A,155,Q,2.498113857024653,,H,0.0872865687998944,0.0772353685953371,0.010051200204557298,22,23,-1,2.6509703,2.1362103,-0.7249251033949466,0.0647387891467433,0.3333333333333333,0,-14.8856201171875,-1.0,298.0,3.190489649772644,2.9978606700897217,3.1413726210594177,2.188626885414124,2.1381185054779053,2.551815152168274,2.7655521631240845,2.2339279651641846
1BD2_ABC_DE,1BD2,C,5,Y,D,94,G,3.340519887578047,,L,0.0186972200413689,0.0092198097016632,0.009477410339705698,25,25,0,-0.9231019699999999,-0.79702147,-0.8221748775917948,-0.0005010505166312129,1.0,0,,-0.9,298.0,-0.9934330210089682,-0.7920214831829071,-0.7628396227955818,-0.7974209487438202,-0.839598372578621,-1.8364235088229177,-0.5795603469014168,-0.783518671989441
1BD2_ABC_DE,1BD2,D,93,E,C,7,V,1.3151015588177941,,L,0.0010460071581796,0.0426000023722087,-0.041553995214029096,22,23,-1,-2.5377653000000002,-2.6433827,0.29129720940131043,-0.0424092821347144,1.0,0,-9.251708984375,-7.7,298.0,-3.6280547976493835,-2.2533509731292725,-3.46737539768219,-1.714328408241272,-1.1397252082824707,-3.6305747032165527,-2.381846785545349,-2.0868671536445618
1BJ1_HL_VW,1BJ1,H,99,Y,H,33,G,4.438760044581662,,L,0.0,0.0,0.0,26,25,1,-2.2912898000000004,-1.7347411999999998,-0.03943996912644554,-0.003557639934996387,1.0,0,,-0.9,298.0,-3.03339421749115,-3.4507638216018677,-3.779553532600403,-1.483370780944824,-1.0048842430114746,-1.367465734481812,-3.5498358011245728,-0.6610507965087891
1BP3_A_B,1BP3,A,25,F,A,22,Q,1.149772913128874,,H,0.2029713157888814,0.2202496299068094,-0.017278314117928018,17,16,1,-0.9679623999999998,-0.7721518,0.524991942236452,-0.0116461412269723,-0.5,0,-20.254241943359375,6.3,298.0,-0.9707722663879395,-1.1313705444335946,-1.0866105556488037,-0.4872112274169922,-0.636275053024292,-0.8928892612457271,-0.8807666301727295,-1.6577997207641602
1BP3_A_B,1BP3,A,163,R,A,178,C,3.0235816057435683,,H,0.0858956545561867,0.0621625356171412,0.0237331189390455,22,21,1,-0.3743726999999999,0.14971370000000017,-1.0877804175799277,-0.006163311361662593,0.0,0,-18.23438262939453,-7.0,298.0,0.15850800275802623,0.397824764251709,-1.4696835279464722,-0.6241915300488472,-0.08236879110336304,-0.9366676434874535,0.6803242564201355,-1.1187267825007439
1BP3_A_B,1BP3,A,164,K,A,170,E,1.7273797417394183,,H,0.1234078409982252,0.0986683338313079,0.024739507166917307,22,21,1,1.4744466,1.7308586,-0.06747740722196749,0.028520138400338985,0.0,0,12.580459594726562,-0.3999999999999999,298.0,1.803821802139283,0.8280547857284546,1.6533020734786987,1.1797971725463867,1.789251565933228,2.3865721225738525,1.585530400276184,0.5692427158355713
1BP3_A_B,1BP3,A,174,R,A,167,D,1.149772913128874,0.06775228519782786,H,0.063554336943162,0.0210637611169719,0.04249057582619009,22,21,1,0.318619,0.06738590000000011,0.24007703721901563,-0.016487183239241504,0.16666666666666663,0,-9.724746704101562,-1.0,298.0,1.0802186727523804,0.18514788150787354,0.3325995206832886,-0.16425240039825395,0.580691933631897,0.42798614501953125,-0.06169390678405806,0.16825389862060502
1BRS_A_D,1BRS,A,57,R,D,44,W,5.034875937532767,,H,0.1845633369240203,0.180474769164742,0.004088567759278294,17,18,-1,1.7009877999999998,0.5358322999999998,0.1307496679357053,0.0710748271947455,0.0,0,2.4459190368652344,-3.6,298.0,1.8942234516143799,0.5321426391601562,1.3556316494941711,1.9376323819160461,1.42008650302887,2.1301295608282094,2.281063809990883,2.056991010904312
1BRS_A_D,1BRS,D,29,Y,A,36,S,3.468989944238368,,H,0.2503665579996342,0.2650051863914823,-0.014638628391848096,14,13,1,0.6611041,1.2162003000000001,-1.5373918069944832,-0.001367938294296378,0.0,0,-10.254444122314453,-0.5,298.0,1.155639886856079,0.06591039896011364,0.8650305569171906,0.2559492588043213,1.0802016258239746,1.1747898459434507,0.17160660028457653,0.5197046399116516
1BRS_A_D,1BRS,D,35,D,A,101,Y,4.284483280821702,,H,0.0201473758816427,0.0004451769706223,0.0197021989110204,25,26,-1,1.179477966,3.0151265250000003,-0.011405550955405186,-0.0013230265227076043,0.0,0,-17.71544647216797,-2.2,298.0,0.1424960121512413,2.6556299552321434,0.13357879221439362,2.626628950238228,0.17364947497844702,0.10414802283048628,2.852991685271263,0.7467012777924539
1BRS_A_D,1BRS,D,39,D,D,36,A,6.7900142682369005,,H,0.0157086734980167,0.0,0.0157086734980167,27,26,1,-1.15453808,-2.54570055,0.030049485086977468,0.0606936793848869,0.5,0,,-5.3,298.0,-1.7144895792007449,-0.35666021704673767,-2.5143642872571945,-0.9278638809919357,-1.1083677858114243,-0.8008284717798233,-1.139335483312607,-0.674395352602005
1BRS_A_D,1BRS,D,42,T,D,34,L,1.856797887314728,,H,0.1786001533011696,0.1437009341045686,0.034899219196600995,20,19,1,-2.729831515,-2.86256276,0.46709963868843496,0.0417773880197618,1.0,0,1.6031227111816406,-4.5,298.0,-3.382947362959385,-2.8719415366649628,-1.8095274716615675,-2.0729508325457573,-2.843560330569744,-3.340873785316944,-1.9954873770475388,-3.5213624760508537
1BRS_A_D,1BRS,D,74,E,A,58,E,1.0933720719856777,0.09445126051006758,H,0.2668907257863038,0.3033613552900482,-0.03647062950374441,14,15,-1,-0.4104898,-0.025190900000000127,1.6113048746384493,0.022108255824440592,0.0,0,6.018428802490234,0.0,298.0,-0.005513668060302734,0.2043144702911377,-0.4887762665748596,-0.8426603674888611,-0.3554341495037079,-0.9120948910713196,-0.8730874061584473,-0.010666370391845925
1C1Y_A_B,1C1Y,B,13,R,A,36,I,1.4548461832557849,,L,0.2577716409595119,0.2851650914283743,-0.027393450468862435,17,16,1,-2.1400948399999997,-2.0835914,0.07939599280978382,-0.002521396575399598,0.0,0,17.693126678466797,-9.0,298.0,-2.0019439458847046,-1.7572427541017532,-2.8065022379159927,-1.4575564712285995,-2.249806270003319,-2.318207979202271,-2.336670771241188,-2.192827671766281
1C1Y_A_B,1C1Y,B,14,T,A,40,Y,1.4548461832557849,,E,0.0139042195037386,0.03266886589919,-0.018764646395451397,24,25,-1,-0.02760650000000009,0.7097568000000001,-0.627075402842632,-0.029334562451301394,0.0,0,5.976882934570313,0.6000000000000001,298.0,0.1889686584472654,0.01920294761657715,0.014320611953735352,-0.20121872425079346,0.5055694580078125,-0.8363102674484246,0.02534198760986328,0.06327152252197243
1C1Y_A_B,1C1Y,B,15,V,A,41,R,1.1234491717519564,,L,0.0740126550791518,0.0842501163023349,-0.010237461223183086,17,16,1,1.2139675300000001,1.36103804,-1.5928215470654772,-0.002501849301730308,0.0,0,-14.1776123046875,8.7,298.0,1.5268439650535583,1.5305405259132385,1.3444302678108215,1.8103366196155553,0.6852861642837524,1.5584878325462341,0.8108034729957581,0.44501131772994995
1C4Z_ABC_D,1C4Z,A,139,L,D,3,R,1.2164246993766785,0.4669139408787877,H,0.0207546149660926,0.0147606766267954,0.005993938339297199,17,17,0,0.5777872,0.3239765,-2.239163090578629,-0.12436081904481255,-1.0,0,36.50999450683594,8.3,298.0,0.6884920597076416,0.48145204782485984,0.3879641890525818,0.7381410002708435,0.4243957400321961,0.7473256587982178,0.36132365465164196,0.7932033538818359
1C4Z_ABC_D,1C4Z,A,149,Y,A,172,P,1.2878589861117773,,L,0.2099483737245676,0.1970331619832081,0.012915211741359484,17,17,0,-0.19254748,-0.5727738200000001,-2.666712493701171,-0.08604207587046458,0.0,0,-5.1195983886718714,0.30000000000000004,298.0,0.0693957507610321,-0.6629644930362701,-0.023648768663406372,-0.0952600240707398,-0.1287040114402771,-0.04862135648727417,-0.6965227127075194,0.04594585299491877
1C4Z_ABC_D,1C4Z,A,157,M,A,198,Y,1.92940134851214,,H,0.0079171541829569,0.0061580960276932,0.0017590581552637003,24,24,0,-2.9191211,-2.2574714,0.9596447334282872,0.08772917816490228,0.0,0,5.247581481933594,3.2,298.0,-3.499298572540283,-3.4358439445495605,-2.2041062116622925,-2.440598428249359,-2.584903836250305,-3.1840686202049255,-2.885361671447754,-3.118784189224243
1C4Z_ABC_D,1C4Z,D,59,P,A,142,S,1.4091355079446504,0.41047252261649486,H,0.019483672270849,0.0088480162845693,0.0106356559862797,24,25,-1,1.24060937,1.3222126060000001,0.43269293807181053,0.1298223300032334,-1.0,0,47.55931806564331,-0.8,298.0,0.70677350461483,1.1120788604021072,1.3116853013634682,1.323707565665245,1.2690378352999687,1.3485460132360458,1.56463386118412,1.2884125486016273
1C4Z_ABC_D,1C4Z,D,60,F,D,94,P,3.012806746310739,0.8498379302178514,H,0.0380178293349029,0.0274291921379711,0.010588637196931799,22,22,0,1.04954434,0.58907435,-0.340928417656124,0.010105353747019263,0.0,0,-23.176591873168945,4.4,298.0,1.216057762503624,0.805546686053276,1.1505813747644424,0.8085621744394302,0.848360225558281,0.5634299069643022,1.5812087357044222,1.4226073771715164
1C4Z_ABC_D,1C4Z,D,93,K,A,174,M,1.1351760237231796,-0.5729903651663474,L,0.3700793268398398,0.3254845767145921,0.04459475012524772,14,13,1,3.0295271699999997,1.9868911000000002,-0.8849490352027021,-0.04578421090017898,0.0,0,2.8150978088378906,-5.8,298.0,2.7908942699432377,3.5100907683372498,3.280657172203064,2.985001444816589,2.5502676963806152,3.4973175525665283,2.900015950202941,2.7219718098640446
1C4Z_ABC_D,1C4Z,D,97,K,D,28,N,1.3011671118471222,-0.17831042305884584,L,0.2855312774237972,0.3080152546828317,-0.022483977259034504,14,13,1,1.3436144000000003,1.1690048,-1.3263936121190154,-0.1452804618080743,0.0,0,,-0.3999999999999999,298.0,1.438473999500275,1.22174072265625,1.3212041854858398,1.6086890101432805,1.525820791721344,1.2355194687843323,1.4106303453445435,0.9868389368057251
1CHO_EFG_I,1CHO,I,15,L,G,65,V,4.781940745378809,,L,0.0083466420367937,0.0036050305840382,0.0047416114527554995,35,35,0,-0.0016564200000000473,0.03791654,0.22324502949335867,0.01767952237499361,0.0,0,11.686168670654297,-0.40000000000000036,294.0,0.08302168548107147,-0.005118072032928522,-0.018001854419708196,0.2015376091003418,0.08126279711723328,-0.08361244201660156,0.03139936923980713,-0.3037405014038086
1CHO_EFG_I,1CHO,I,17,Y,F,128,L,2.5081987404267805,,L,0.0734639621561867,0.0643779719916967,0.009085990164489993,25,24,1,2.8741699,2.7895996000000003,-0.20085025555247815,0.014020139414361796,0.0,0,-4.652168273925781,-5.1,294.0,2.566317737102509,2.738245904445648,2.9170861840248112,3.3800838589668274,2.943840831518173,2.791130542755126,2.7608231902122498,2.8958322405815125
1DAN_HL_UT,1DAN,U,20,Q,L,72,C,1.3048798931173866,,L,0.0625592758692454,0.0635137952348842,-0.0009545193656387979,24,25,-1,-1.4758688,-1.46924206,-0.1483536530974024,-0.01846338276814552,0.5,0,-7.30975341796875,-6.0,298.0,-0.7034910321235658,-2.141739472746849,-1.6499703601002693,-1.666761964559555,-0.9568664282560349,-2.0252403542399406,-1.1685806512832642,-1.4942998513579369
1DAN_HL_UT,1DAN,U,50,F,U,110,D,1.747820382375819,,L,0.2077553514303964,0.2024769383780544,0.005278413052342001,18,19,-1,2.86597203,2.0246346,-0.17742345437734797,0.01881650540047808,0.0,0,0.2551078796386719,6.3,298.0,3.217593550682068,2.57874608039856,2.034472167491913,3.752937138080597,2.3279807567596436,2.1091703176498413,3.4195417761802673,3.487335681915283
1DAN_HL_UT,1DAN,T,15,K,L,77,E,2.512129950976637,,E,0.0614803207381522,0.0774545914407534,-0.015974270702601198,25,25,0,2.36642086,2.0654161,-0.9732531432773683,-0.003911156759482004,0.0,0,-4.702144622802734,-0.3999999999999999,298.0,2.355661690235138,1.8240170776844025,2.6065924763679504,2.771791845560074,2.191176414489746,2.788750410079956,2.669380307197571,1.7239978313446045
1DAN_HL_UT,1DAN,T,40,W,H,125,R,1.9648730043637075,0.7436646564351227,L,0.1286560323412982,0.1379385572600363,-0.0092825249187381,18,18,0,1.34071256,1.71090656,-0.15905850836201396,0.0030076273741797,-0.3333333333333333,0,-8.556785583496094,3.6,304.0,1.6833175271749496,0.6371673196554184,1.2585481479763985,1.7412756979465485,1.0030709356069565,1.244245246052742,1.761931598186493,1.3961445018649101
1DAN_HL_UT,1DAN,T,53,D,U,43,L,1.9886060502579328,-0.027548533277431158,L,0.0510043147057082,0.0468876787671629,0.004116635938545304,26,25,1,1.2395848900000002,1.97591367,-0.23191500171868518,-0.021826407524347308,0.5,0,-24.716781616210938,-7.3,298.0,1.1145737990736961,1.1403943821787834,1.748628057539463,0.5662196800112724,0.662322647869587,1.3689811006188393,1.8836253210902212,1.4319346025586128
1DAN_HL_UT,1DAN,T,71,F,T,30,T,1.1494361339573633,,E,0.0068491439729495,0.0153855531977027,-0.0085364092247532,21,20,1,-1.5215252400000001,-2.51064418,0.369936031947536,0.03200348928594249,-1.0,0,7.082832336425783,3.5,310.0,-1.785907804965973,-2.3610643446445465,-1.655883252620697,-1.7785079926252365,-1.0397357642650604,-1.6375484615564349,-1.061526820063591,-0.8520271480083466
1DQJ_AB_C,1DQJ,A,31,N,C,15,H,2.013433278986382,,H,0.0787574929165685,0.0814289551425882,-0.0026714622260197024,23,24,-1,1.7589949,1.2147347000000002,-0.11093001841101169,-0.047067035262791185,0.0,0,-7.521911621093748,-0.2999999999999998,298.0,1.3249630928039553,2.220565438270569,1.2725377082824707,2.707701802253723,1.3500016927719116,1.1834757328033447,1.2079670429229736,2.8047457933425903
1DQJ_AB_C,1DQJ,B,53,Y,A,30,S,1.1802777666692967,,H,0.1550289958977429,0.1118516748897034,0.043177321008039504,22,23,-1,1.5677381,1.9235185000000001,0.754211479895778,-0.03715734315180122,0.0,0,23.102405548095703,-0.5,298.0,1.3999015092849731,1.3250210285186768,1.9956737756729126,1.7782610654830933,1.376492381095886,1.2861659526824953,1.4715546369552612,1.9088367223739624
1DQJ_AB_C,1DQJ,B,98,W,C,93,N,4.931524166897857,0.6498730739273596,H,0.1130582634395317,0.1250242550758569,-0.01196599163632521,21,21,0,-0.6738250000000003,-0.4067446999999995,0.0725062680095716,-0.08323372300062537,1.0,0,-7.442970275878906,2.6,298.0,-0.2004933357238774,0.2527341842651376,-1.662121295928955,-0.7905821800231934,-1.012029647827148,-1.534142017364502,0.03302168846130371,-0.4769878387451172
1DQJ_AB_C,1DQJ,C,96,K,C,100,S,6.1558185724269645,0.7755827208329521,H,0.0,0.0,0.0,20,20,0,0.36437853,0.31151642,-0.38066146277307444,-0.006133724495142823,0.0,0,0.4440841674804705,-3.0999999999999996,298.0,0.4259362444281579,0.26335904002189636,0.28583559393882757,0.39619260281324387,0.2780992761254311,0.45835693925619136,0.47118908166885387,0.3360594585537911
1DQJ_AB_C,1DQJ,C,101,D,B,52,S,1.37655011987778,,L,0.0004920960933011,0.0,0.0004920960933011,20,20,0,1.70765835,0.9379521000000001,0.6629858550928143,0.02951469339768492,0.0,0,-1.2744140625,-2.7,298.0,1.4134487509727478,1.5970593690872192,1.6976880729198456,1.478146493434906,2.2583194971084595,1.9310499727725987,2.268567234277725,1.0169869065284733
1DVF_AB_CD,1DVF,A,32,Y,C,92,N,2.030369068345176,,L,0.0751064196457171,0.0591221870859496,0.015984232559767497,20,20,0,3.5997538000000002,1.8055320000000004,-0.18350954193172336,0.010893752539317014,0.0,0,10.742965698242188,2.2,298.0,4.672895193099976,1.5782078504562376,5.276006102561951,1.2271766662597656,5.007912993431091,3.3570897579193115,4.794654488563538,2.8840868473052983
1DVF_AB_CD,1DVF,A,93,S,D,100,V,1.162438598681201,,L,0.2003881898091644,0.2019820754402531,-0.0015938856310886984,18,18,0,-3.0391383000000003,-1.383448,0.5047321041102186,0.15855314191683179,0.0,0,-7.9299468994140625,-5.0,298.0,-1.7371156215667725,-3.056480050086975,-3.2645068168640137,-3.5414016246795654,-3.4653005599975586,-2.8151354789733887,-3.1025660037994385,-3.3305978775024414
1DVF_AB_CD,1DVF,B,32,Y,C,32,Y,1.831470254957875,,L,0.1219763144622466,0.0850816205322439,0.036894693930002706,23,23,0,-1.9768576999999998,-1.6193364000000001,0.26363964886609914,-0.03325574743371229,0.0,0,-6.370433807373047,0.0,298.0,-2.418516993522644,-1.7424989938735966,-2.345696210861206,-2.0329411029815674,-1.9224001169204712,-1.269505500793457,-1.838191270828247,-2.245109438896179
1DVF_AB_CD,1DVF,B,99,R,A,53,T,1.8746446729873085,,E,0.1777802366480308,0.161144383135259,0.016635853512771803,19,18,1,-0.3005144000000002,0.19527660000000013,0.0543748976284748,-0.0822079766916696,0.0,0,18.710182189941406,-3.8,298.0,-0.6449086666107178,-0.13080668449401833,-0.11602890491485596,-0.8823306560516357,-0.4204804897308352,0.20521569252014205,-0.33617329597473167,-0.07860386371612504
1DVF_AB_CD,1DVF,B,100,D,A,50,Y,2.7895135033299456,0.6877734126771439,H,0.2244964353098937,0.2493216026679388,-0.024825167358045103,19,18,1,1.7337363,1.9052297999999999,-0.7636106503343078,0.12280462674157178,0.0,0,-11.149765014648438,-2.2,298.0,1.579959869384766,1.648565053939819,1.6630330085754403,1.1889662742614742,2.036619901657105,1.9805505275726318,2.032024860382081,1.7401690483093266
1DVF_AB_CD,1DVF,D,55,N,B,30,T,1.8606000619994276,0.9075123795568999,H,0.2570886212066997,0.2697350916846103,-0.01264647047791062,15,15,0,1.34471369,1.72121993,0.5088265734908373,0.192575109411651,0.5,0,-3.6927413940429688,-2.8,298.0,1.6237144619226456,1.4117987602949142,1.440729409456253,1.1189552396535873,1.4863815307617188,1.2379774898290634,1.294570505619049,1.1435814052820206
1DVF_AB_CD,1DVF,D,106,R,D,105,G,4.090680615177067,,L,0.0524048754830511,0.052211808809894,0.00019306667315710513,20,21,-1,-1.05270295,-1.3781123499999999,0.49838707510157754,-0.041017062447149005,0.6666666666666666,0,,-4.1,298.0,-0.7320506125688554,-0.8659672886133194,-1.2813930213451385,-0.9888108000159266,-0.5830151960253716,-1.6044261530041695,-0.9580170512199402,-1.4079432860016823
1E50_A_B,1E50,A,48,M,A,89,T,1.319674451601355,,E,0.1052467264628888,0.0663069695068235,0.0389397569560653,24,23,1,-3.33970066,-3.16539188,-0.5411579186791744,-0.0020311044053146904,0.0,0,-1.060272216796875,2.5999999999999996,298.0,-3.5391629636287685,-3.097313702106476,-2.852930009365082,-3.3354262709617615,-3.516735315322876,-3.201081156730652,-3.791579842567444,-3.3833763003349304
1E50_A_B,1E50,A,91,T,B,61,T,1.2778928648364551,,E,0.0032254889546952,0.0031883090881631,3.717986653210001e-05,27,26,1,1.2696490999999996,1.3445727,-1.2942183728329273,-0.022581009087902296,0.0,0,3.40562438964844,0.0,298.0,1.0619040131568906,1.7589038014411922,1.144725203514099,0.90216064453125,1.177850842475891,1.921023428440094,0.8751941919326782,1.3154317736625674
1E50_A_B,1E50,B,32,R,A,97,N,1.7740327276755177,,L,0.3708603920593782,0.3369169625484478,0.033943429510930434,14,15,-1,1.0779874000000003,1.0973498000000002,3.3837043236858824,0.14083569934634343,0.0,0,1.3165969848632812,-1.0,298.0,0.6775307655334473,1.1979008913040161,1.1788926124572754,1.1874881982803345,1.347821831703186,0.8228689432144165,1.1087248325347907,1.1026712656021123
1E50_A_B,1E50,B,99,N,B,60,G,1.4072838710179911,,H,0.0165417340517362,0.0078371192682361,0.008704614783500101,23,22,1,-0.38757458499999997,-0.56162348,-1.1174359480879765,0.0162758412769214,0.5,0,,-3.1,298.0,-0.42296519130468374,-0.1849945411086082,-0.3768725544214249,-0.7106617391109468,-0.1324868649244308,-0.4481749758124352,-0.6022884771227837,-0.2221521064639092
1EFN_A_B,1EFN,A,12,I,A,16,D,1.45037682866163,,L,0.0555805795993664,0.0612218242624,-0.005641244663033597,20,20,0,-1.3094408999999998,-1.5218696,-0.5571789205240512,-0.018291295601344987,-0.5,0,-0.5297470092773438,8.0,298.0,-0.7338960170745854,-0.46898961067199707,-1.6541471481323242,-2.3711085319519043,-0.694724559783936,-1.2101106643676753,-2.049269676208496,-1.2932815551757812
1EMV_A_B,1EMV,A,28,E,A,46,S,1.4160003467957893,0.007266185306894499,H,0.1601145418469645,0.1693976140131145,-0.009283072166150014,18,19,-1,2.6213108,2.0378575000000003,-0.7675817737001036,0.04067554663031339,0.0,0,-0.8970794677734375,-2.7,298.0,1.84805178642273,2.734357476234436,3.0043448209762573,2.81107497215271,1.6491873264312744,3.717705249786377,2.9264469146728516,2.279315710067749
1EMV_A_B,1EMV,A,35,V,A,51,I,1.6638669759109947,0.8477453956278275,H,0.0,0.0,0.0,21,22,-1,0.009880499999999987,0.05060740999999999,-0.8361020710828975,0.048434964615655496,0.0,0,5.140373229980469,-0.2999999999999998,298.0,-0.028514109551906613,0.01611356437206271,-0.050128050148487105,-0.0019372105598449013,0.015238434076309204,0.08509127795696259,-0.0042275190353393,0.04740753769874578
1EMV_A_B,1EMV,A,52,Y,B,74,S,4.83463531579262,-0.24101999230793322,H,0.0093400348574383,0.0248848831953956,-0.0155448483379573,25,26,-1,1.8580231699999998,1.6265676,-0.6888544479166782,0.01413175687752849,1.0,1,-2.3257026672363277,-0.5,298.0,1.5278520584106445,2.0795817375183105,2.0590035915374756,1.0457402467727657,2.220314919948578,2.4180627465248112,2.0237993597984314,1.4898300170898435
1EMV_A_B,1EMV,B,54,R,B,77,S,1.665700915381987,-0.2328891551097506,H,0.1870480289010325,0.1746400679178492,0.012407960983183308,18,19,-1,0.39081560000000026,0.4724269000000003,0.4092880242387368,0.04897982258107031,0.0,0,-3.5160293579101562,-3.7,298.0,0.5311741828918457,1.0124013423919678,0.15249848365783691,0.1959826946258545,0.4909160137176509,0.22114896774291992,0.22178053855895952,0.30062222480773926
1EMV_A_B,1EMV,B,97,K,B,83,Y,1.9596368047844788,,L,0.0781072903036742,0.0910311983628185,-0.012923908059144298,24,24,0,-0.6641314999999999,-1.5776859,0.16397986885836718,0.04419964673167931,0.0,0,6.207546234130859,-2.5999999999999996,298.0,-0.1879570484161377,0.8684350848197937,-0.33728182315826416,-1.0801072120666504,0.7628148198127747,-1.252321720123291,-1.8130156993865967,-2.27361786365509
1EMV_A_B,1EMV,B,98,V,B,92,Q,1.0888522677796106,-0.2776037214008204,L,0.0759630908885788,0.1105903511900693,-0.03462726030149049,21,20,1,0.45795679999999983,1.3688312000000002,-0.8647926186245847,-0.0016141996821455173,-0.5,0,-6.331230163574218,7.7,298.0,0.7573657035827637,0.8771810531616211,0.38166260719299383,1.1234748363494869,0.8674488067626953,0.9421324729919434,-0.8081481456756592,-0.4774627685546875
1F47_A_B,1F47,A,7,D,B,10,V,1.7328822523963323,,L,0.2874781041236428,0.3056657753312101,-0.018187671207567313,12,13,-1,0.49805267999999997,0.16546340000000004,1.8890954835525013,0.2540724504436127,0.0,0,51.68135070800781,-7.7,298.0,0.24695920944213867,0.6168885231018066,0.4664170742034911,0.6127797961235046,0.519893705844879,0.2860901951789856,0.6512114703655243,0.5841814875602722
1FC2_C_D,1FC2,C,27,I,D,74,Q,3.7294546961565307,,H,0.0,0.0118932024254101,-0.0118932024254101,20,19,1,0.7996675999999998,0.3604459000000002,0.35048319659430477,0.08203565757871467,-1.0,0,-42.005990505218506,8.0,298.0,-0.14455103874206587,1.724457979202271,0.09198999404907227,0.7024812698364258,1.0726838111877441,0.2818889617919922,1.2570064067840576,1.411386251449585
1FCC_A_C,1FCC,C,35,N,C,23,A,2.364048112240645,,H,0.1667012477771,0.1507262544480477,0.015974993329052306,15,16,-1,-0.2725766999999999,-0.13863120000000007,0.802314348490234,-0.04653156804009348,0.0,0,,-5.3,298.0,-0.11765182018280029,-0.3831900358200073,-0.1898258924484253,-0.5567933917045593,-0.17903387546539307,-0.19344431161880504,-0.3931518793106079,-0.16752219200134277
1FCC_A_C,1FCC,C,43,W,A,15,M,3.7714940707573352,,L,0.0350600628498857,0.0130476052312154,0.0220124576186703,21,22,-1,0.6104574,0.5479436999999998,-1.0488652610941758,0.04116475131414382,1.0,0,-0.9200172424316406,-2.8,298.0,-0.8288280963897705,1.334291338920593,0.5479199886322021,0.978994607925415,0.4618206024169922,0.817135095596313,0.34202599525451616,1.230302333831787
1FFW_A_B,1FFW,B,56,F,A,95,I,3.64430699947734,,H,0.0931059153040035,0.1155608764708189,-0.022454961166815404,20,19,1,-0.9860671999999999,-0.11101735999999995,-0.04794357963921092,0.0138261912965979,0.0,0,10.303665161132812,-1.7000000000000002,298.0,-2.2575477957725525,-0.092140793800354,-1.8705884218215942,-2.423283219337464,-0.419127106666565,-0.13217982649803162,-0.5761690735816956,-0.11750167608261108
1GC1_G_C,1GC1,C,44,L,G,186,D,1.0555473255802814,,L,0.0248770319145999,0.0545432367037799,-0.029666204789179997,23,23,0,-1.79471174,-2.04576557,-0.07186436906553473,-0.006079097412594492,-0.5,0,-6.2268218994140625,7.3,298.0,-1.956057041883469,-1.729073703289032,-2.148532882332802,-2.2326547652482986,-1.6863439977169037,-1.174637883901596,-1.3693942427635195,-2.060999259352684
1GC1_G_C,1GC1,C,46,K,C,35,K,1.4303781258773653,0.32192182259821517,L,0.1200150077896105,0.1132941932443766,0.006720814545233891,24,24,0,2.89430693,3.3263967,0.18437720140107228,0.014089064564909895,0.0,0,-15.662506103515625,0.0,298.0,2.2871874570846558,2.446669042110443,3.6111355423927307,3.764288753271103,2.398425042629242,2.4635425209999084,2.8174744248390198,3.3657331466674805
1GC1_G_C,1GC1,C,59,R,C,61,L,1.1753872476063394,,H,0.2377520192641271,0.2072102717094116,0.030541747554715504,19,19,0,-0.30844040000000006,-0.5452437000000001,0.14485675962065325,0.026706265105846005,0.3333333333333333,0,17.62760925292969,-8.3,298.0,0.03426063060760498,-0.1670832633972168,-1.4138867855072017,0.061261653900146484,0.4841885566711426,0.7417790889739988,-0.745043992996216,-1.4629973769187927
1GCQ_AB_C,1GCQ,C,67,P,B,48,P,1.3158661640535187,,L,0.0626834755213165,0.0591622966054723,0.003521178915844206,17,17,0,0.2768635,0.31371577,-0.6159021025088647,-0.034212108607397096,0.0,0,-12.52006721496582,0.0,298.0,0.28673017770051956,0.1798791065812111,0.2423636391758919,0.31601157039403915,0.28941114991903305,0.31213119626045227,0.3986024856567383,0.18977892398834237
1GUA_A_B,1GUA,A,37,E,A,29,V,1.3002321152144958,,L,0.1277703709492343,0.1105868435214507,0.01718352742778359,17,18,-1,2.2323081,1.5094862000000002,-0.1010212717412301,-0.1653787301072185,0.0,0,2.5055084228515625,-7.7,298.0,3.0347639322280884,1.3751896619796757,3.0156264901161194,1.8456404209136963,1.8362452983856201,2.556911885738373,1.6358498334884644,2.5582348704338074
1GUA_A_B,1GUA,B,4,R,A,36,I,1.0003955007411132,,L,0.3107261602359055,0.3363190692506083,-0.02559290901470279,16,15,1,-1.4359059399999998,-1.5029342399999999,-0.2520710591960166,-0.00909510604612368,0.0,0,2.719013214111328,-9.0,298.0,-1.6913662254810333,-0.82899771630764,-1.639747381210327,-1.8105211853981018,-1.5688008069992065,-1.322670578956604,-0.7668103277683258,-1.8583322018384933
1GUA_A_B,1GUA,B,29,K,B,9,N,1.9983187149889297,-0.3997593057047847,H,0.3121121330176478,0.3529666429175681,-0.04085450989992029,15,15,0,-0.8543879999999999,-1.1832601999999999,0.4968698599636212,-0.0009934737490874812,0.0,0,-14.248764038085938,-0.3999999999999999,298.0,-0.9885016679763794,-1.0967663526535034,-1.5163673162460332,-0.5583662986755376,-0.5742188692092896,-0.40677201747894287,-1.0925946235656743,-0.6015185117721558
1H9D_A_B,1H9D,B,2,R,A,13,D,1.0642126527233364,,L,0.2787046872167735,0.2820308128234574,-0.003326125606683883,18,19,-1,-0.5459784000000001,-1.0014068000000003,0.6617191985296165,0.046678123237593405,0.0,0,14.293251037597656,-1.0,273.0,-1.0579643249511725,-0.9079668521881104,-1.4123014211654663,0.3597397804260256,-0.9388320446014409,0.1826552152633667,0.6416113376617433,-1.2347701787948608
1H9D_A_B,1H9D,B,60,G,B,95,G,1.9023307422654165,,H,0.0021527405753948,0.005355923236757,-0.0032031826613621995,23,24,-1,0.0031465699999999874,0.002094440000000003,0.03533681769309249,-0.0088395576079794,0.0,0,,0.0,273.0,0.004588834941387204,0.0028878450393677035,0.0020160675048829096,0.0033077746629715105,0.0038478076457977017,0.0025224760174751976,0.0032066926360130033,0.0027950629591941972
1H9D_A_B,1H9D,B,66,Q,A,60,Y,1.24916757040642,,L,0.1686759369326345,0.1362205372855057,0.03245539964712879,21,20,1,-1.3786166000000002,-1.4001108999999998,0.6411108352889604,0.041312404302019906,0.0,0,-15.957592010498047,-2.2,273.0,-1.5366796255111694,-1.275362491607666,-1.0881325006484985,-1.5445116758346558,-1.2377810478210447,-1.4627193808555603,-1.4288604259490971,-1.4548847675323486
1H9D_A_B,1H9D,B,94,N,A,16,N,2.110106560275752,,H,0.0161874087816158,0.0064958809368415,0.009691527844774301,23,23,0,3.06008918,3.5237313,0.32118643224614263,-0.009247635630088097,-0.5,0,-26.036666870117188,0.0,273.0,3.3247059881687164,3.5256383270025253,3.3782423213124275,1.4244439229369164,2.458221659064293,3.560167483985424,2.7543410807847977,4.0549517795443535
1IAR_A_B,1IAR,A,5,I,B,127,H,1.170849396491051,,H,0.2151275201834253,0.1841777304238963,0.030949789759529,20,21,-1,1.7282280000000005,0.6900100999999994,0.014491334748447798,0.02459277122057249,-0.5,0,-10.894916534423828,7.7,298.0,2.4318671226501465,1.2828207015991229,2.712966203689575,2.5687928199768066,0.626706600189209,2.405320882797241,1.038102149963379,0.7592418193817139
1IAR_A_B,1IAR,A,89,N,B,70,S,1.5580959354804609,,H,0.0017970131409653,0.0224654540822124,-0.0206684409412471,24,23,1,2.76539184,3.54589827,-0.15885415358439947,-0.020744774087450596,1.0,0,28.933143615722656,-2.7,298.0,3.423143148422241,2.1552690118551254,3.4656887874007225,3.4334989339113235,2.243089869618416,3.55419122427702,1.9063821211457253,1.9418726190924644
1JCK_A_B,1JCK,B,20,T,A,52,S,1.488402051798161,,L,0.0940966248242698,0.0922868549198853,0.0018097699043845006,25,24,1,1.9113726,1.5230193,-0.2105675626617005,0.006536180480366305,0.0,0,1.3226356506347656,0.10000000000000009,298.0,2.104281783103943,1.8694504499435425,2.030248284339905,2.2205554842948914,1.7545173168182373,2.004888594150543,1.7432085275650024,1.5638304948806763
1JCK_A_B,1JCK,B,23,N,A,51,G,2.076536854194484,,H,0.0574328820984803,0.052755448430782,0.004677433667698301,24,24,0,-0.21351770599999997,-0.11410362,0.34028691716026405,0.0059043651271003805,0.0,0,,-3.1,298.0,-0.2974900975823403,-0.1195263862609863,-0.1427536606788636,-0.3634888380765915,-0.1976430863142013,-0.126536287367344,-0.182430386543274,-0.2782730460166931
1JRH_LH_I,1JRH,H,32,Y,H,63,P,1.4333097490566602,,H,0.4709752294657779,0.4874267431856776,-0.01645151371989967,11,10,1,-1.7569914,-2.0730186,-0.5321388932554224,-0.030369755494052297,0.0,0,-19.8512077331543,0.30000000000000004,298.0,-2.2040613293647766,-1.5240944921970367,-1.8843051195144653,-1.9463161826133728,-1.1910776495933533,-2.0229289531707764,-1.6868733763694763,-1.596273347735405
1JRH_LH_I,1JRH,H,55,W,H,33,G,2.4213171849672226,,H,0.1288555410614759,0.0929033189647318,0.035952222096744105,18,18,0,-2.6650847100000004,-2.6065911099999997,0.2920420070494433,-0.014359388523878885,0.0,0,,-0.5,298.0,-2.6067514941096306,-2.6836070120334625,-2.4863410592079163,-2.6854150369763374,-2.609422266483307,-2.6532032564282413,-2.7945775911211967,-2.8013596981763844
1JRH_LH_I,1JRH,H,58,D,I,66,D,1.85464838704982,,L,0.2611307998690024,0.2834050534318668,-0.022274253562864388,11,11,0,-3.1791377,-2.7515063599999996,-1.0552046774647705,-0.13891760257840807,0.0,0,-6.4353790283203125,0.0,298.0,-3.5561959743499756,-3.344760954380035,-2.3669418692588806,-3.320897400379181,-3.1211735606193542,-4.2305794060230255,-2.49889001250267,-2.9936628341674805
1JRH_LH_I,1JRH,I,39,Y,I,74,R,3.527122628171493,,E,0.0304395534883113,0.0708281236701131,-0.040388570181801794,20,20,0,-0.22052588,-0.20297190999999998,-0.10857537956196939,-0.09790062849250789,0.6666666666666667,0,8.394187927246094,3.2,298.0,-0.2522493600845337,0.09331953525543213,-0.34182494878768926,-0.1798380613327027,-0.2205657958984375,-0.5329731404781342,-0.2737000584602356,-0.05637502670288086
1JRH_LH_I,1JRH,I,41,V,L,93,S,1.6791564619276222,-0.650583555923561,L,0.0431362950611719,0.0799167187804542,-0.0367804237192823,20,19,1,0.45808932999999996,0.7187687000000003,-0.47552101648291756,-0.0117689859022935,0.0,0,-5.9245452880859375,5.0,298.0,0.31086641550064087,-0.0606806278228762,-0.40174782276153564,1.270559549331665,-0.3535471558570865,0.5149470567703245,0.6204185485839844,1.7638988494873051
1JRH_LH_I,1JRH,I,42,K,L,94,T,3.3858166197229025,0.38526928615817724,L,0.1260162342150496,0.09638755274362,0.029628681471429594,20,21,-1,0.07653189999999999,-0.053622999999999976,0.3651943852763909,0.07147202432697092,0.0,0,-5.205101013183597,-3.2,298.0,0.7178875207901001,-0.2283782958984375,0.14705467224121094,-0.04077768325805664,-0.6640501022338867,0.9524440765380859,-1.0740466117858878,0.8021218776702881
1JTD_A_B,1JTD,A,103,M,A,141,P,2.5045925251732184,,H,0.1089109700027798,0.1359983645298325,-0.027087394527052694,22,21,1,-3.18606973,-3.08185559,0.1092415846863985,-0.030657260193180325,0.0,0,-13.7203369140625,3.5,296.0,-3.1602854877710342,-3.3660638481378555,-3.589282244443894,-3.641098782420159,-3.142479583621025,-3.123832069337368,-2.9664925634860992,-2.49902156740427
1JTD_A_B,1JTD,B,12,N,B,75,Y,1.3011671118471222,0.48022206661413236,L,0.1304828975766979,0.164043281511689,-0.03356038393499111,24,25,-1,0.08961750000000013,0.18709660000000028,-0.09544970827843438,-0.03584612353490829,0.0,0,-1.9705886840820312,-2.2,298.0,0.6226129531860356,-0.5257275104522705,0.06613564491271928,0.2462775707244873,0.8017911911010742,-0.7885680198669434,-0.22557640075683594,0.519996166229248
1JTD_A_B,1JTD,B,14,D,A,104,S,1.5074296942397836,,L,0.0779828281964354,0.0719467568603665,0.006036071336068899,27,28,-1,-3.48016025,-3.35306636,1.1906129042736526,0.0395845553588805,0.0,0,-1.6474761962890625,-2.7,298.0,-3.6005260050296783,-3.626226097345352,-2.8345707654953003,-4.037484139204026,-3.3890013694763175,-3.1462294161319733,-3.611641615629196,-3.5956031680107117
1JTD_A_B,1JTD,B,35,Y,A,190,V,3.150407363841207,0.03796234973680423,L,0.0081227634618895,0.0058344459974435,0.0022883174644460005,25,24,1,-0.8278498999999999,-0.11429329999999993,-0.7555301995478009,0.02016770778013119,1.0,0,23.759399414062496,-5.5,298.0,-0.4326501488685608,-1.219179272651672,-1.388996183872223,-0.6229939460754395,-0.41778290271759033,-0.23180079460144043,-0.6903582215309143,-1.6190378069877625
1JTD_A_B,1JTD,B,93,D,B,210,Y,1.988940524524266,0.8240213465552473,H,0.2046227475416903,0.2143140487326718,-0.009691301190981494,22,22,0,-0.8222445999999999,-0.3978476999999998,0.4697875129822677,0.015083259391012294,0.5,0,0.89251708984375,-2.2,298.0,-1.3087148666381836,-0.9369916915893555,-0.9260179996490474,-0.32605123519897505,-0.7603247165679932,-0.2625594139099121,-0.9303531646728511,-1.12694263458252
1JTD_A_B,1JTD,B,170,Y,B,131,S,2.0263542280666793,0.15156033328878646,H,0.4171071919896301,0.4632167987548274,-0.04610960676519732,16,16,0,-1.130934,-0.26763994,-0.7208897105018153,-0.1443123188041237,0.0,0,7.588722229003906,-0.5,298.0,-1.9294880032539368,-1.3835896253585815,-1.0362747311592102,-0.41784846782684326,-0.582228422164917,-1.157882809638977,-1.5038771629333496,-1.036280870437622
1JTD_A_B,1JTD,B,171,F,B,246,S,2.1997293965153855,,H,0.164157376760689,0.1424671292197875,0.021690247540901514,21,20,1,0.46863115,0.60443752,-0.23052005018187904,0.039360833579259596,0.0,0,7.74505615234375,3.5999999999999996,298.0,0.08039790391921997,0.6131591945886612,0.12372371554374689,0.6584332138299942,0.8006999045610429,0.544007182121277,0.5923451036214828,0.3362829834222794
1JTD_A_B,1JTD,B,266,N,A,211,A,2.668825510928575,,L,0.0426600691904958,0.0631895284338213,-0.02052945924332549,24,23,1,-0.9460023999999998,-0.2427049000000001,0.09385459185976464,0.007291293404258409,0.0,0,,-5.3,298.0,-1.6489379405975342,0.04182243347167969,-1.0364623069763188,-0.8299770355224609,-0.1309499740600586,-2.191600203514099,-1.1519498825073247,-0.6199641227722168
1JTG_A_B,1JTG,A,78,V,B,39,S,1.90988814615532,0.021610792644000815,L,0.0005971861768104,0.0161823376055583,-0.0155851514287479,21,21,0,0.229401756,0.252131444,-0.329418553914152,0.0015416554376553038,0.0,0,-2.7264060974121094,5.0,298.0,0.3213968649506569,0.2352489456534386,0.2634924426674843,0.18014411628246307,0.1723532155156135,0.19984894990921032,0.2026440054178238,0.26008562743663793
1JTG_A_B,1JTG,A,79,E,A,190,V,1.8001979849577399,-0.49270148863095753,L,0.0540326397183503,0.0798069252751905,-0.025774285556840193,21,20,1,1.45607936,1.95356672,-3.6666294843186904,0.0437287939608034,0.5,0,-4.893245697021484,-7.7,298.0,2.1786721646785736,1.3642802834510803,0.9850999712944031,1.8133407831192017,0.9984897673130035,1.4580559730529785,1.589700311422348,1.2609950304031372
1JTG_A_B,1JTG,A,104,M,A,82,P,1.1186526748995211,-0.07375289937941845,H,0.0065755292596665,0.002789364860402,0.0037861643992645,24,24,0,-4.10785264,-4.42494018,1.2515939837379608,-0.063878527697276,0.0,0,-26.48453712463379,3.5,297.0,-4.520285919308662,-3.5958412438631053,-3.782352402806281,-4.440670892596245,-3.9364518225193024,-3.7065758705139156,-4.749578073620796,-4.131063140928745
1JTG_A_B,1JTG,B,49,D,B,48,G,2.372421174597158,,H,0.0581735553346333,0.056456145368746,0.0017174099658873038,26,27,-1,-2.49380971,-2.84518352,0.3400429778192877,2.2467035790951773e-06,1.0,0,,-3.1,298.0,-2.8983666747808456,-2.9957982897758484,-3.299526870250702,-3.2138236612081528,-2.217575579881668,-1.706399604678154,-2.1094832718372345,-1.509502291679382
1JTG_A_B,1JTG,B,53,Y,B,71,S,3.181974885254008,0.35792891505037433,E,0.0026403894497273,0.0207645609484681,-0.0181241714987408,23,24,-1,-1.1857632,-1.6252126,-0.1542827389178676,-0.03603673390050968,1.0,0,3.4736061096191397,-0.5,298.0,-0.08797180652618408,-1.7555382251739506,-1.4335670471191406,-2.254543423652649,-0.7981687784194946,-0.1404285430908203,-1.732739925384521,-1.283149003982544
1JTG_A_B,1JTG,B,112,W,A,77,L,3.009163076795267,0.8644814320462479,L,0.0453858918251032,0.0165449254972913,0.0288409663278119,23,22,1,-2.4303611000000003,-1.7863635600000003,-0.22632684141653414,-0.0022346168238747133,1.0,1,0.5557708740234375,-4.7,298.0,-2.6308955550193787,-2.2737632393836975,-2.85403734445572,-1.8666653633117676,-2.5806078612804413,-2.322330594062805,-2.908308684825897,-2.0062800645828247
1JTG_A_B,1JTG,B,141,G,A,213,E,1.329899843730618,,L,0.1745557373450361,0.1375507937667927,0.03700494357824341,17,18,-1,1.2105773199999998,1.4449169,-0.2679966007704388,0.04385216662789779,0.0,0,,3.1,300.5,0.9301355183124543,0.4676749110221864,1.2329029291868208,1.4401928782463074,0.4438125789165497,2.1490675508975983,0.9012399017810822,2.1195932254195213
1JTG_A_B,1JTG,B,142,F,A,212,G,3.0315079672635883,,L,0.0709922215851227,0.073454044925256,-0.0024618233401333123,25,26,-1,-0.5422931,-0.670891416,0.9097774771077437,0.08041207124319341,0.0,0,,3.1999999999999997,298.0,-0.4490973576903343,-0.5921669974923134,-0.4583091586828232,-0.4841913208365441,-0.6372506842017175,-0.5324771106243134,-0.47124450653791433,-0.7136069014668465
1JTG_A_B,1JTG,B,148,H,B,128,S,2.7466582373819635,,E,0.0042958268741632,0.0412004722553947,-0.0369046453812315,22,21,1,0.6481829000000001,0.4987090000000003,-0.07887048250810658,0.014584778793630515,1.0,0,-22.85320281982422,-2.4000000000000004,298.0,0.11390376091003374,0.6152608394622803,0.831294059753418,0.1391978263854976,0.5551409721374516,1.3040311336517334,0.2205891609191899,1.4060487747192383
1JTG_A_B,1JTG,B,160,R,B,31,E,3.0679073281389173,0.8209450452329897,E,0.2593930551085727,0.2141326383551695,0.0452604167534032,15,15,0,-1.0203541999999999,-0.24121389999999998,-0.391584905299599,-0.019390304381321694,0.0,0,-4.234970092773438,-1.0,288.0,-0.23112988471984908,-1.4859811961650848,-1.4597675800323486,-1.3713394403457642,-0.29634904861450195,-1.3950088620185852,-1.003692388534546,-0.9195655584335327
1K8R_A_B,1K8R,A,38,D,A,40,Y,1.7803357543779699,,E,0.0116782940787995,0.0359342848295021,-0.024255990750702602,23,22,1,-0.7942026,-0.3979557,-0.23297212796034505,-0.0253392347950529,0.5,0,4.443992614746095,-2.2,310.0,-0.8479974269866943,-0.6978241205215454,-1.0480093955993652,-1.1205636262893681,0.03602910041809082,-0.9297203421592711,-0.7917783856391909,-0.9537567496299744
1K8R_A_B,1K8R,B,11,Q,B,12,T,1.8697107829656783,,L,0.0809156058281957,0.0459525616695176,0.0349630441586781,23,24,-1,-0.8293176999999998,-1.0570521,0.4287563500083652,0.016257985497391797,0.0,0,9.935775756835938,-2.8,310.0,-1.0328851938247685,-0.6008970737457278,-0.9105752706527714,-0.8711594343185425,-0.8248144388198855,-0.5693836212158201,-0.6142796277999878,-1.2105467319488525
1K8R_A_B,1K8R,B,31,K,A,64,Y,2.836937339384543,,H,0.1989895156916716,0.2382626750914371,-0.0392731593997655,19,18,1,0.23051266999999998,-0.13324985999999994,-1.799170194140332,0.10047208036581001,0.0,0,6.247505187988281,-2.5999999999999996,310.0,0.04444015026092529,0.2281399965286256,0.6179242134094238,0.36398841440677643,-0.3414835929870603,0.3426519632339478,-0.05336272716522217,0.6418031454086303
1KTZ_A_B,1KTZ,B,26,I,A,22,H,1.895631703462886,,L,0.1111662841228297,0.1309523658304567,-0.019786081707626996,16,17,-1,0.69771108,0.61445843,-0.20384721706347464,0.02564288914216331,-0.5,0,-5.125236511230469,7.7,298.0,0.5687052309513092,0.7083592712879181,0.4862502813339234,0.804538756608963,0.863189697265625,0.9264956116676333,0.7231990396976471,0.5009505748748779
1KTZ_A_B,1KTZ,B,29,I,A,20,W,1.369625081346294,,L,0.1875491077584223,0.2055426946445466,-0.01799358688612432,18,17,1,0.8159859,0.0802136,-0.1614170798702833,-0.022933019978363195,0.0,0,-7.9076995849609375,5.4,298.0,0.5711220502853394,0.7235506176948547,0.7727172374725342,0.7764971256256104,0.8614755868911743,0.736769676208496,0.6361000537872314,1.4496564865112305
1LFD_A_B,1LFD,A,5,I,B,41,R,1.4483802767436469,0.84846113103873,L,0.3042253835874633,0.3329901341380833,-0.02876475055062,14,14,0,-0.1210131000000001,-0.13115600000000005,-1.400070288922008,0.09043676152235122,0.0,0,-4.422466278076171,9.0,304.0,0.03582870960235596,0.15550124645233154,-0.3437667489051819,0.49669086933135964,-1.365891933441162,0.7594420909881594,0.755665183067322,-1.461575448513031
1LFD_A_B,1LFD,A,39,K,B,24,I,2.0998271003000024,,H,0.0810025322250197,0.041675813204416,0.0393267190206037,20,19,1,2.5919957,1.9784357000000001,0.4532951024945247,0.11316433854073399,0.0,0,0.19455718994140625,-8.4,298.0,2.5774946808815002,2.2751636505126953,1.7836111783981323,3.4030576646327972,2.999876320362091,2.291671872138977,3.8248082250356674,1.580281287431717
1LFD_A_B,1LFD,B,33,D,A,22,L,1.1002917441185578,,L,0.2830742882141155,0.2654272432983898,0.017647044915725718,12,12,0,0.6911372000000002,0.4866975,-0.13926313634283038,0.20878085315466818,0.0,0,-28.428237915039062,-7.3,298.0,0.32500314712524414,1.1715126037597656,1.3818344473838806,1.1451411247253418,-0.17480731010437012,0.9577741622924805,0.3820645809173584,0.34057474136352517
1LFD_A_B,1LFD,B,37,E,B,36,I,1.1965592838418202,,L,0.0702334141780041,0.0681329617124455,0.002100452465558608,18,19,-1,-4.18328252,-2.38057062,0.562387023258481,-0.0192006037063098,0.0,0,-5.093513488769531,-8.0,310.0,-4.604491084814072,-4.939825311303139,-3.479268200695515,-4.369473367929459,-3.4522997513413434,-4.9752005115151405,-4.53975273668766,-3.105947129428387
1MI5_ABC_DE,1MI5,D,90,L,A,66,I,1.2314175678494845,,H,0.0184038583799355,0.0090512775586479,0.009352580821287598,26,25,1,-3.4385273499999998,-4.04675944,-0.14676487430410845,-0.0255258664211587,0.0,0,3.0622482299804688,-0.7000000000000002,298.0,-1.547406166791916,-4.5940957218408585,-3.6499757766723633,-4.063164055347443,-3.7542306184768677,-1.8538036048412323,-3.6096312403678894,-4.435910880565643
1MI5_ABC_DE,1MI5,D,93,G,E,97,A,1.2314175678494845,,H,0.0287723120486904,0.0466852486851091,-0.0179129366364187,27,26,1,0.163455484,0.0931021,0.8548655110621087,-0.03769667912716129,0.0,0,,-2.2,298.0,0.10849627107381819,0.22316952794790268,0.2494914010167122,0.054602906107902485,0.13881933689117432,0.230811208486557,0.2014588043093682,0.10079459846019749
1MI5_ABC_DE,1MI5,D,96,Y,C,4,G,1.2314175678494845,,L,0.0570837402751351,0.0417876785753567,0.015296061699778402,27,27,0,-3.25833597,-3.432599696,-0.7817489523055334,-0.027998075304674602,1.0,0,,-0.9,298.0,-3.750212840735912,-4.02758415043354,-2.193635508418083,-3.084377482533455,-2.608238250017166,-3.3237147703766827,-3.3156272247433662,-3.763296753168106
1MI5_ABC_DE,1MI5,E,95,G,D,30,Y,1.2314175678494845,0.4494311457967245,L,0.0,0.0100517664012429,-0.0100517664012429,23,24,-1,0.8238558999999999,-0.8437844000000001,-0.37036860490149026,0.007832087197415516,-1.0,0,,0.9,298.0,2.50227552652359,-1.0343809127807617,2.4922434687614445,0.07565546035766602,-1.3726470470428467,-0.04113149642944336,1.6664350032806396,2.3023961782455444
1MI5_ABC_DE,1MI5,E,98,Y,D,28,T,1.2314175678494845,0.5873124986178563,L,0.0766602340691891,0.0647981244567345,0.01186210961245461,21,22,-1,-2.1666314000000004,-3.7297449,-1.4035340671028473,0.019451318356793312,1.0,0,-2.2202415466308594,-0.6000000000000001,298.0,-3.7009087800979614,0.12087416648864746,-3.7315796613693237,-1.7252755165100102,-2.3467683792114262,-0.06586217880249023,-2.7030328512191772,-3.180498123168945
1NMB_N_LH,1NMB,H,103,Y,N,319,T,2.140619496834345,,H,0.2965468076663982,0.2629894632748094,0.033557344391588806,21,20,1,-0.47846009999999994,0.05954499999999996,0.1492412690539794,0.05791929956031441,0.0,0,-12.987785339355469,-0.6000000000000001,298.0,-1.4383876323699956,-0.5409014225006104,-0.34118723869323686,-1.1402606964111324,0.43486881256103516,-0.37096261978149414,-0.10747241973876953,-0.3233766555786133
1OGA_ABC_DE,1OGA,E,28,D,D,29,S,1.5724963209895868,0.6273575722964763,L,0.0540777978046683,0.0472650627415428,0.006812735063125498,22,22,0,-0.7201937700000001,-0.87947094,-0.12948744594667394,-0.034678882231882396,0.0,0,16.596664428710938,-2.7,298.0,-0.423556923866272,-0.42329937219619757,-1.0930474251508713,-0.4269756078720093,-0.6323980242013932,-0.8670651465654373,-0.9202263504266739,-0.974980503320694
1OGA_ABC_DE,1OGA,E,49,I,D,95,G,2.1612792666649274,,L,0.0069441891824888,0.0,0.0069441891824888,27,27,0,-0.38694976,-0.235441045,0.25605192471622273,-0.0030252230417286974,0.0,0,,4.9,298.0,-0.7019611820578576,-0.22161917388439178,-0.44273354858160024,-0.4920952469110489,-0.2528153657913208,-0.351065918803215,-0.4480405002832413,-0.18526671826839453
1OGA_ABC_DE,1OGA,E,51,N,A,65,R,1.1147600269960842,-0.36531119155674324,H,0.3230377075651973,0.3462857444630378,-0.023248036897840496,18,18,0,1.1659191,0.84241316,-0.5652221347694856,-0.008534770177871798,0.0,0,-18.568058013916016,1.0,298.0,0.9882303476333618,0.9892309308052063,1.4439732432365417,0.5964978933334351,1.02061927318573,1.324902713298798,2.196700870990753,0.7671979665756223
1OGA_ABC_DE,1OGA,E,94,R,C,5,F,2.1612792666649274,,L,0.0299497773871027,0.0255072983026844,0.004442479084418301,24,24,0,-0.7233710000000002,-0.3727613999999999,-0.017360653536868442,-0.0381015164099239,1.0,0,11.598209381103516,-7.3,298.0,-0.6002335548400879,-1.1408424377441415,-1.0129520893096924,-1.182896375656128,-0.3794717788696289,-0.9963588714599609,0.037546634674072266,-0.5117597579956055
1PPF_E_I,1PPF,I,20,Y,E,129,L,3.16587205876721,,L,0.0859012912718916,0.0637968659696591,0.0221044253022325,28,27,1,3.3270769999999996,2.9656272999999995,-0.4271817124983059,0.012882177033778697,0.0,0,1.3585624694824219,-5.1,294.0,3.184601664543152,4.1031739711761475,4.00693553686142,3.6478383541107178,2.8590710163116455,3.4097381234169006,2.9522472620010385,2.45301353931427
1R0R_E_I,1R0R,I,14,E,I,11,C,2.0604670627429025,,L,0.0593163934483449,0.0170057898428808,0.0423106036054641,28,29,-1,-0.5239510000000001,0.6101679999999998,0.6549202701871252,0.0147795479795301,0.0,0,-4.5011444091796875,-6.0,294.0,-0.5141936540603638,1.2606030702590945,-0.676635205745697,-2.2069752365350723,-0.6447638720273972,-0.7691124677658081,-0.9554837942123415,0.314952611923218
1REW_AB_C,1REW,C,55,Q,A,55,L,2.6573708661204076,,H,0.0109819189892572,0.0113283081778877,-0.00034638918863049914,24,25,-1,0.28162076,0.28083764,-0.20563723915359822,0.04077777722770198,0.5,0,-17.95217514038086,-7.3,298.0,0.2410382181406021,0.17755752056837082,0.4168812483549118,0.48996015638113033,0.3615911900997162,0.23566660284996038,0.14610331505537028,0.1841680631041527
1SMF_E_I,1SMF,I,2,T,E,194,G,2.058861248035071,,L,0.0160902835667065,0.0178696525866706,-0.0017793690199640992,23,23,0,-0.06569246000000001,-0.11601155,0.5305356654453938,-0.008337238914002815,1.0,0,,-0.29999999999999993,300.0,-0.056158006191253704,-0.059999004006385886,-0.038219802081585,-0.032500199973583194,-0.06768864393234249,-0.05733913183212282,-0.045366965234279605,-0.1682679951190949
1SMF_E_I,1SMF,I,3,K,E,173,C,5.724672691392866,,L,0.0026915352897693,0.0137544637690766,-0.011062928479307302,31,30,1,-0.27855989999999997,0.2085646,0.30878078764536476,0.000435886064120497,1.0,0,-15.015007019042965,-6.4,300.0,-0.5593041181564331,0.3360811471939087,-0.30902397632598877,0.01589643955230713,-0.553152471780777,-0.8183431401848792,-0.008524715900421143,-0.332109421491623
1TM1_E_I,1TM1,I,39,T,I,37,I,2.6491821965802167,,L,0.004752785094931,0.0008142361122658,0.0039385489826652,28,27,1,1.5914636,1.2827099,-0.8685836966600112,-0.010388773414303692,1.0,0,-5.036865234375,-5.2,298.0,1.569013595581055,2.030807137489319,0.7237697839736938,0.5965245962142944,1.8582737445831299,2.541669249534607,2.4489598274230957,0.9626895189285276
1TM1_E_I,1TM1,I,40,M,E,154,G,1.0272076276256512,,L,0.06899965967547,0.0430013408968028,0.025998318778667207,34,33,1,-2.07915269,-2.624396155,0.391732657995554,-0.0221088177607677,0.0,0,,2.3,298.0,-2.0826454758644104,-2.26362518966198,-1.980365939438343,-1.978867307305336,-1.8964708894491196,-1.8759781271219254,-2.6008448973298073,-1.9544239491224293
1TM1_E_I,1TM1,I,41,E,E,102,G,2.9880981051157702,,L,0.0207752524446374,0.0116690856037318,0.009106166840905601,26,26,0,-3.84828555,-4.022110844,-0.6506931826088626,0.002376204538113713,0.5,0,,-3.1,298.0,-3.9019313752651215,-3.9447055235505104,-4.093179538846016,-3.80599244683981,-3.479878731071949,-3.8450694829225545,-3.930909037590027,-3.7846169993281364
1U7F_B_AC,1U7F,B,65,R,C,63,R,1.8071269636945604,,H,0.3957436651270693,0.4313408385707242,-0.03559717344365487,16,17,-1,0.24519760000000002,1.1481787,0.22192072175678945,0.06611151384580141,0.0,0,-22.256637573242188,0.0,310.0,-0.17677700519561768,-0.1294521093368528,1.2147048711776738,0.024542808532715066,1.1340221166610722,0.5677506923675537,-0.422793507575989,-0.25041723251342773
1VFB_AB_C,1VFB,C,124,I,C,120,V,1.2314175678494845,0.9169496673026039,H,0.0264266604382162,0.0283905511568441,-0.0019638907186278996,24,23,1,1.1111249,1.34130614,0.3694558050672617,0.04888829584392851,0.0,0,7.861667633056641,0.2999999999999998,298.0,2.146014779806137,0.9920809864997864,0.26048833131790167,0.5391829013824463,0.23513600230216986,0.9692124426364899,2.297867715358734,1.4490161538124082
1VFB_AB_C,1VFB,C,125,R,C,102,G,1.8368993808269287,,H,0.2593153856253631,0.2344371940809318,0.0248781915444313,12,13,-1,0.8219202000000001,-0.08800430000000015,-0.8583767339716194,0.04428884500863711,0.3333333333333333,0,,-4.1,298.0,1.2048190832138062,1.3910964727401736,0.29017949104309126,0.5461075305938721,1.3082809448242188,0.3648629188537602,0.9243165254592896,0.5456969738006592
1XGQ_AB_C,1XGQ,B,33,V,B,52,S,1.1525789787935092,,L,0.0123210609750353,0.0108483435769194,0.0014727173981159015,20,21,-1,-1.7666271000000002,-1.5530890999999998,-1.4391564028613169,0.011465344587497706,-1.0,0,-1.4273796081542969,5.0,298.0,-1.6339190006256104,-1.9083809852600098,-1.6090173721313477,-1.8317452669143677,-1.7633641958236694,-1.799176812171936,-1.9855304956436157,-1.6018822193145752
1XGR_AB_C,1XGR,B,33,I,C,101,D,2.2602064692392574,,L,0.0,0.0121222857268943,-0.0121222857268943,18,19,-1,-1.0601024999999997,-0.7539863000000002,-1.045207145623802,-0.05377213863916691,-0.5,0,-5.730792999267578,8.0,298.0,-1.3746527433395384,-0.6346178054809579,-1.4462578296661381,-1.3606929779052737,-0.4592018127441406,-0.4784998893737793,-1.9454413652420048,-0.7814559936523438
1XGT_AB_C,1XGT,B,33,L,C,101,D,2.198891059077828,,L,0.0,0.0062270050758301,-0.0062270050758301,19,19,0,-2.5134073000000003,-2.0859720000000004,-1.3104167523640853,-0.060272851951812006,-0.5,0,5.652961730957031,7.3,298.0,-3.219117045402527,-2.000364303588867,-2.834344744682312,-2.9308184385299683,-2.1872377395629883,-1.9460477828979492,-2.8018951416015625,-2.1874337196350098
1XGU_AB_C,1XGU,B,33,F,B,52,S,4.060660828476691,,L,0.0,0.0,0.0,19,20,-1,-3.3834033000000003,-3.6238404000000006,-0.4629016295264153,-0.0017072307397519026,-1.0,0,-7.736400604248047,3.5999999999999996,298.0,-3.4936532974243164,-3.450637698173523,-3.5336214303970337,-3.303081750869751,-3.603895664215088,-3.095411777496338,-3.3741135597229004,-3.2128103971481323
1Z7X_W_X,1Z7X,W,261,W,X,117,V,1.3353555091961204,,L,0.0617758766838476,0.0644887347206276,-0.002712858036780008,23,24,-1,-0.6192531,-2.27925763,-1.0452322702594061,-0.13591624203228891,0.0,0,54.86820602416992,-5.1000000000000005,298.0,-0.573723554611206,-0.1681346297264099,-1.5776361823081966,0.08688023686408997,0.042449951171875,-2.083342730998993,-0.7677755355834959,0.08725854754447937
1Z7X_W_X,1Z7X,W,263,W,W,377,A,2.2114274623341164,,H,0.0740946169041249,0.040299750503095,0.033794866401029904,25,25,0,-2.0510446,-3.0845304000000002,-0.20058948300589274,-0.0424619450239596,1.0,0,,-2.7,298.0,-3.1058046221733093,-1.5228489637374882,-2.4690305590629578,-1.879638910293579,-1.1272465586662292,-2.4208989143371578,-2.522338628768921,-1.3605479001998901
1Z7X_W_X,1Z7X,W,287,E,W,439,S,1.320732873103489,,L,0.1555716344097911,0.1668843246330662,-0.011312690223275107,18,18,0,-1.725342614,-2.02024007,-2.480661657303184,-0.150826817210515,-1.0,0,-8.108413696289062,-2.7,298.0,-1.4025476053357124,-2.4355950728058815,-1.5641457587480543,-1.410055324435234,-2.0705596059560776,-2.0256630405783653,-1.7571541145443916,-1.1370208337903023
1Z7X_W_X,1Z7X,W,320,K,X,88,G,1.320732873103489,,H,0.1068296573880782,0.1194400127983559,-0.01261035541027769,23,23,0,-2.4466984000000003,-1.1217766999999998,-0.7841267163690278,-0.1045219384858311,0.0,0,,-3.5,298.0,-2.8947627544403076,-3.017151355743408,-3.1658384799957275,-0.5799179077148438,-0.8049569129943848,-3.4995354413986206,-2.9892207384109497,-2.6222007274627686
1Z7X_W_X,1Z7X,W,375,W,X,38,R,1.6688123025080832,,L,0.1435766110024238,0.1393031928635703,0.004273418138853513,23,22,1,-0.6600188999999999,0.3634687000000003,-1.1341252936243944,-0.21529104048887127,1.0,0,-0.9159393310546857,3.6,298.0,0.8959827423095703,-0.7054562568664555,-0.5764541625976562,-0.8583594560623171,-1.409834384918213,-1.103119492530823,-1.2244760990142822,-0.2984366416931148
1Z7X_W_X,1Z7X,W,401,E,X,70,N,1.305740004630683,,L,0.17424898909013,0.1684907249343293,0.005758264155800719,19,18,1,0.32421685,0.19565469000000002,-1.5851991538989483,-0.11078212623881434,0.5,0,-0.6143798828125,0.0,298.0,0.6914101243019105,0.07280915975570679,0.7848384529352188,0.5680370032787324,0.10885810852050781,0.15152078866958618,-0.01105499267578125,0.22731590270996094
1Z7X_W_X,1Z7X,W,435,D,X,87,N,3.6607903964813246,,H,0.1779571202992242,0.1562012912825681,0.021755829016656097,22,22,0,0.015001700000000007,-0.29796690000000003,-0.6689307071388665,0.052613378797364774,0.5,0,-14.466201782226562,0.0,298.0,-1.0691218376159668,0.9240565299987793,-0.8287651538848877,-0.49086880683898926,0.8593189716339111,-0.40612244606018066,0.646350622177124,0.4851670265197754
1Z7X_W_X,1Z7X,W,437,Y,W,318,W,2.6229603015683534,0.9930255101262047,L,0.0555500433317187,0.0455593919642831,0.009990651367435599,25,24,1,1.70886088,2.75944945,0.6299359202203638,0.1206340434311895,0.0,0,-19.609169006347656,-0.4,298.0,2.9361539185047145,1.0102792680263517,-0.20758485794067388,2.4863638281822205,2.6003142595291138,0.040924072265625,1.581197291612625,3.2232404351234436
2A9K_A_B,2A9K,B,65,E,B,45,K,3.1516228401257504,,H,0.1937186672678024,0.2043591514669276,-0.010640484199125194,20,21,-1,0.6680354499999999,0.6018409499999999,-0.8453134118746518,-0.014836729881656602,0.0,0,-21.661918640136715,0.3999999999999999,310.0,0.487579822540283,0.9886289983987808,0.9025809168815613,1.3282146900892258,0.6740018576383591,0.2622733414173126,0.32554462552070623,0.3754579424858093
2AK4_ABC_DE,2AK4,A,151,R,A,166,E,1.3667185414670637,,H,0.3436529212274086,0.3628015399317074,-0.019148618704298792,16,16,0,-0.21827260000000015,-0.5291348,-0.6196136501560585,-0.022203248235353884,0.3333333333333333,0,-22.648422241210938,-1.0,298.0,-1.136603832244873,-0.34901225566864014,-0.09161120653152466,0.19095611572265603,-0.6026074886322021,-0.45375263690948486,0.255706787109375,0.44074416160583496
2AK4_ABC_DE,2AK4,A,157,R,A,62,R,1.403360330923035,,H,0.2355437842570769,0.2201189184498751,0.015424865807201787,21,20,1,2.1460509,1.1372016,0.2922708604550571,-0.07119485391848812,-0.3333333333333333,0,-9.560516357421877,0.0,298.0,1.503158688545227,2.5130427777767186,1.5924775898456573,2.426326185464859,2.048521101474762,2.8320473730564117,2.4601244628429413,1.7927079796791077
2AK4_ABC_DE,2AK4,C,4,P,D,96,F,1.0959006384745251,,L,0.026344376511513,0.0142489171077664,0.012095459403746602,22,23,-1,3.27201713,2.52601441,0.2770862813151975,0.0781027256896615,0.0,0,4.623432159423828,-4.4,298.0,3.58475598692894,3.5562095791101456,3.380561038851738,3.446557834744453,3.0813617184758186,2.811629518866539,2.856637015938759,3.4584269225597386
2AK4_ABC_DE,2AK4,C,5,L,E,28,N,1.403360330923035,0.822526318997111,L,0.0062728180578216,0.0043230502237239,0.0019497678340977005,26,25,1,0.22448720000000003,0.11804358000000001,0.017935976909278173,0.033570586517133516,-1.0,0,-3.4722061157226562,7.3,298.0,0.1383188590407372,0.37064654380083084,0.01954624056816101,0.13882197439670568,0.3111139312386512,0.3075672164559365,0.23009435832500458,0.2797882705926896
2AK4_ABC_DE,2AK4,C,7,Q,E,27,H,1.403360330923035,,L,0.027708024315314,0.033395519731125,-0.005687495415811001,28,27,1,-0.5034363,-0.15088860000000004,0.13976249905808347,-0.05787969074655139,-0.5,0,-5.277519226074219,-0.2999999999999998,298.0,-0.14734673500061035,-0.4182857275009155,-0.5716938972473145,-0.3677052259445188,-0.917826235294342,-0.4810020923614502,-1.2017238736152651,0.07809209823608398
2AK4_ABC_DE,2AK4,D,97,Y,C,8,G,1.403360330923035,,L,0.0313066731172758,0.0544070419587258,-0.023100368841450003,23,23,0,-1.1477621900000001,-1.030361055,0.11223304363033337,0.022535542895282396,1.0,1,,-0.9,298.0,-1.0515835955739021,-1.3783047050237653,-1.0198819190263748,-1.2357450723648071,-0.946993000805378,-1.1348597183823586,-1.4783106297254562,-0.9364193826913834
2AW2_A_B,2AW2,B,22,Y,B,17,K,1.8842400174523888,,L,0.1571157833788595,0.1869456992860688,-0.029829915907209292,25,25,0,-0.028328779999999998,0.07497444999999997,-0.38983356575153405,-0.013960864529591693,0.0,0,-3.7716064453125,2.5999999999999996,298.0,0.06164136528968811,-0.030046135187149103,-0.10677587985992432,-0.08066275715827942,-0.1253606081008911,0.0975614488124848,-0.004385739564895574,-0.03860190510749811
2AW2_A_B,2AW2,B,35,V,A,4,Q,1.0959006384745251,,E,0.0562196104114576,0.0465140330850187,0.009705577326438904,22,21,1,0.7305570000000001,0.5720269999999998,1.0090837026467896,-0.049825020269176706,-0.5,0,-3.5456695556640625,7.7,298.0,-0.09180879592895552,0.9754161834716797,0.9353742599487305,0.33678150177001953,0.2521383762359619,0.7460601329803462,1.3257635831832886,1.364729523658752
2B42_A_B,2B42,A,357,H,A,362,G,1.6212374728821843,,H,0.115510648295963,0.0989499013141976,0.016560746981765392,25,26,-1,-2.96003281,-3.8908850999999998,-0.8340804763214495,0.08414358649292669,0.5,0,,-2.8000000000000003,295.0,-3.067225471138954,-3.137328304350376,-2.9090594276785855,-2.937946528196335,-2.5978951454162598,-1.4613387659192085,-3.595235571265221,-3.9742321521043777
2BNR_ABC_DE,2BNR,A,66,K,A,72,Q,1.6885781242920541,-0.09624154412630512,H,0.0421557444226159,0.0275845647840652,0.014571179638550702,26,27,-1,-0.3090595999999999,-0.4830723000000001,-0.25277684002040357,0.006283883253776101,-0.5,0,6.1388702392578125,-0.3999999999999999,298.0,-1.1640101671218872,-1.4774460792541504,-0.4155683517456059,0.2085199356079097,-0.20356380939483643,0.13423800468444824,0.004829525947570801,0.4405233860015869
2BNR_ABC_DE,2BNR,A,73,T,A,69,A,1.2844846939463561,,H,0.0,0.0,0.0,25,26,-1,-2.7814531199999997,-2.39397452,-0.06867487699644004,0.018870083202750187,1.0,0,,-2.5,298.0,-3.040098801255226,-2.6050428450107574,-2.974324598908425,-3.2429032847285266,-2.377774655818939,-2.472473129630089,-2.6103725284338,-2.9286368489265446
2BTF_A_P,2BTF,P,59,F,A,354,M,1.5950260239100018,,H,0.1215832612698351,0.1243028291952978,-0.0027195679254626987,20,20,0,1.3643618,2.3048281,-1.5001113138309847,-0.0994805621810314,0.0,0,-17.641510009765625,0.8999999999999999,298.0,1.8910518884658811,1.8218029737472534,1.8465635776519773,1.05179762840271,1.162765741348267,0.4765136241912842,2.1550514698028564,0.5093483924865723
2FTL_E_I,2FTL,I,18,I,E,192,W,4.969061230435361,,E,0.027512529995354,0.031945656322425,-0.004433126327070998,26,26,0,-0.08845386999999999,-0.13105558,-0.3601746116801826,0.02870450078309361,-1.0,-1,-1.5770492553710942,5.4,295.0,-0.06099873781204221,-0.1184994801878929,-0.07957461476325992,-0.0567985773086548,-0.0685866549611092,-0.1339761763811112,-0.05238395929336549,-0.1368127018213272
2FTL_E_I,2FTL,I,34,V,E,130,Y,4.049499266702131,,L,0.2373195519709061,0.2367243799355891,0.0005951720353170042,19,18,1,-0.9299983999999999,-1.0064931000000001,-1.1642197630811124,-0.0063617865419260955,0.0,0,0.6697235107421875,5.5,295.0,-0.4999908208847046,-1.200647383928299,-0.7521463930606842,-1.2184463739395142,-1.1068359613418577,-0.80690136551857,-0.7261291742324829,-1.1288887560367584
2FTL_E_I,2FTL,I,39,R,E,195,G,4.049499266702131,,L,0.4498816282013478,0.4112564385473131,0.03862518965403472,17,16,1,-2.341507145,-2.719591814,0.9447795710134965,-0.017654116570913092,0.0,0,,-4.1,295.0,-2.089275598526001,-2.0435975715518,-2.0243440121412277,-2.567694343626499,-2.452124960720539,-2.672506332397461,-2.2027631923556332,-2.679751835763455
2G2U_A_B,2G2U,B,53,Y,B,71,S,2.3007136524833776,-0.511977982938513,E,0.0047893208400045,0.0177339362692808,-0.012944615429276302,24,24,0,-2.0049575,-2.9378868000000002,-0.1418428342571218,-0.03849828067634431,1.0,0,7.698730468749998,-0.5,298.0,-2.4173643589019775,-1.7247521877288816,-2.0938756465911865,-2.3911147117614746,-1.760145664215088,-1.374853253364563,-2.240935444831848,-2.036616683006287
2G2U_A_B,2G2U,B,148,H,B,128,S,1.1184495656132085,,E,0.0197388438560277,0.0117805633302364,0.0079582805257913,19,20,-1,-0.0425511999999999,0.5298292999999998,0.20047994125948793,0.018876164515560512,0.0,0,-7.2296600341796875,-2.4000000000000004,298.0,-0.4996192455291746,0.500891923904419,-0.8327453136444092,0.6006468534469604,-0.5649840831756592,-0.653322696685791,1.289743423461914,-0.1810195446014402
2GOX_A_B,2GOX,B,31,R,A,101,N,1.8823314008138718,,H,0.1415774204728797,0.1331477998400185,0.008429620632861179,19,20,-1,1.7117456000000002,1.4803636999999998,0.3757313882822225,0.010110343137540223,0.3333333333333333,0,-2.1776885986328134,-1.0,298.0,1.4662890434265137,2.438169240951538,2.2386964559555054,1.1257349252700806,1.6160643100738525,1.5756618976593018,1.7548134326934814,1.4785373210906987
2GOX_A_B,2GOX,B,38,N,A,102,L,1.451005839075164,,H,0.024449111065453,0.0044474912271611,0.0200016198382919,24,25,-1,0.841221204,0.22280995,0.45113065216020437,-0.028218024215503984,0.5,0,17.532398223876953,-7.3,298.0,0.7909005135297775,0.6758421733975412,0.7464936152100563,0.6900042593479156,1.9278386980295181,0.6621854081749917,1.020691879093647,0.2158130407333374
2J0T_A_D,2J0T,D,2,T,A,77,L,4.387812204059009,,L,0.0024630023526529,0.0,0.0024630023526529,27,27,0,-2.21541808,-2.9404106999999997,-2.8452211163172763,-0.014702219206816108,1.0,0,-5.6009368896484375,-4.5,305.0,-0.5835385918617249,-3.030264854431153,-2.311746656894684,-1.0517451763153076,-3.0906140357255936,-2.4994585514068604,-2.63578724861145,-2.5201908349990845
2J0T_A_D,2J0T,D,66,M,A,82,Q,1.6804579784970595,,L,0.23750016652106,0.2698577480701079,-0.03235758154904786,22,21,1,-1.0999285999999997,-1.5700879000000003,-1.4822984141724644,0.03641967903900631,0.0,0,-9.447711944580078,5.4,305.0,-1.0471510887145996,-1.4018282890319824,-1.5828256607055664,-1.0947768688201909,-0.8226585388183594,-0.9482929706573486,-0.9583630561828618,-0.9435303211212154
2J0T_A_D,2J0T,D,68,S,D,69,V,2.1054297391793457,,H,0.063235889109478,0.0583549362335929,0.0048809528758851015,25,24,1,0.5913596999999999,0.26817290000000016,-0.17648022267663488,-0.0089210667963764,1.0,0,-1.7636032104492188,-5.0,298.0,0.4775365591049192,0.8478096723556521,0.5120532512664795,0.8198856711387632,0.5456958413124084,0.47186863422393777,0.6538106799125672,0.4022165536880491
2NYY_DC_A,2NYY,A,891,L,A,926,N,2.589209962967786,0.09934819078872777,L,0.061830612733118,0.034612812387766,0.027217800345351997,23,24,-1,1.8864061000000003,1.4787994000000002,-0.06382740850136437,0.0014553228196264034,-0.5,0,-0.24197769165039062,7.3,296.0,2.5326166749000554,1.6446901559829712,2.011984705924988,1.9062908887863157,1.7450363636016846,2.390782952308654,1.8772711753845217,0.982575535774231
2NYY_DC_A,2NYY,A,925,F,C,100,F,4.058501760948707,,L,0.0335310182104314,0.0336390511263707,-0.00010803291593930453,24,24,0,1.7608633500000002,1.5793814000000002,-0.2837418432469744,0.0013929996021871949,0.0,0,4.6454925537109375,0.0,296.0,1.8646348714828491,1.9278062134981155,1.9593428671360011,1.6164686977863312,1.6308397650718687,1.7768723964691162,1.5602487325668335,1.7506935149431229
2NYY_DC_A,2NYY,A,1036,H,C,32,Y,7.319427268768097,,H,0.0184862067969828,0.0220811345142916,-0.0035949277173088004,20,20,0,1.26632,1.7186798699999999,0.26146188699156103,0.025438301674184705,0.0,0,-0.7285499572753906,-1.9000000000000001,296.0,1.6904356777668,1.3620351552963257,0.8045271635055542,1.1414496004581451,0.8081629872322083,1.221024990081787,1.354322224855423,1.7486026287078857
2NZ9_DC_A,2NZ9,A,890,N,C,100,F,2.160031290132344,,L,0.0125366585673925,0.0146279569664085,-0.002091298399015999,24,24,0,1.52301068,1.41813449,0.9119069629288437,-0.08128641423514071,0.5,0,12.233470916748047,-6.3,296.0,1.653173379600048,1.6449997127056122,1.6477528735995293,1.4980264902114868,1.4598263949155807,1.431468643248081,1.350467011332512,1.4983705952763555
2NZ9_DC_A,2NZ9,A,891,L,C,35,S,2.2799642665477884,,L,0.03120665639263,0.0339479442671908,-0.0027412878745607973,24,24,0,-0.6462679000000002,-0.36394799999999994,-0.025266318072027838,0.006469042178415818,-1.0,0,5.115444183349609,4.6,296.0,-0.2677919864654541,-1.0055269002914433,-0.09211277961730957,-0.20217037200927734,-0.5027849674224858,-0.9287552833557129,-0.8802069425582888,-1.2907958030700684
2NZ9_DC_A,2NZ9,A,925,F,C,95,G,3.340438225057939,,L,0.0280036849903291,0.0285500556514787,-0.0005463706611495978,24,25,-1,4.63405554,4.81350605,0.5622701071065658,0.015360903795234304,0.0,0,,3.1999999999999997,296.0,4.1210163831710815,4.522000432014465,4.75527086853981,4.886093586683273,4.547585189342499,5.026846408843994,4.695233523845673,4.51839953660965
2NZ9_DC_A,2NZ9,A,1036,H,C,32,Y,7.419701127593354,,H,0.0209174204098128,0.023264029115884,-0.002346608706071198,20,20,0,-0.55132993,-0.8765349,-1.0076729114131442,0.022723788085838914,0.0,0,1.0690345764160138,-1.9000000000000001,296.0,-0.8502384424209597,-0.6402121782302856,-0.9794157147407532,-0.2681639790534972,-0.38379842042922985,-0.8220540285110474,0.16086262464523315,-0.6276199817657471
2O3B_A_B,2O3B,B,24,E,A,89,R,5.472463386398492,,L,0.0016457274705271,0.0172477272815142,-0.015601999810987102,25,25,0,0.62204455,-0.055376300000000045,0.43660235263171265,0.031176657929204016,0.6666666666666667,0,26.802452087402344,1.0,298.0,0.062427401542663574,0.6732636094093323,0.8345404267311096,0.7594451308250427,0.4265882372856139,0.29860615730285645,0.8195508718490601,1.101935714483261
2PCC_A_B,2PCC,A,197,V,A,193,A,2.101740090652802,,L,0.0154183672442851,0.0325129118075811,-0.017094544563295996,21,20,1,1.5720736400000002,0.8101247,0.08894446244259957,-0.08972518370889371,0.0,0,,2.4000000000000004,298.0,1.024702250957489,2.231679916381836,1.8360488414764404,1.6239575147628784,1.8911590576171875,1.8658639788627625,0.9152316451072693,1.1879457235336304
2WPT_A_B,2WPT,A,27,E,A,31,N,1.7331760686627418,-0.2590991581572307,H,0.1601804561913726,0.1625461874532338,-0.0023657312618611814,18,19,-1,1.9074823,0.5453617,0.059857233905934004,-0.010309674881505082,0.0,0,-2.9225463867187536,0.0,298.0,1.6546247005462646,3.8148460388183594,1.1089558601379395,2.586155414581299,1.9849082231521606,0.452777624130249,1.570631504058838,2.0869613885879517
2WPT_A_B,2WPT,A,34,V,A,50,I,3.80759418473735,,H,0.0,0.0,0.0,23,24,-1,-0.07947461000000003,-0.11906296,-0.3310979354145044,0.030786307150519582,0.0,0,6.9093017578125,-0.2999999999999998,298.0,-0.3604213148355484,-0.2561516910791397,0.3701509684324265,-0.3264961689710617,-0.2106760516762734,0.1589798107743263,0.2257103621959686,-0.2368927747011185
2WPT_A_B,2WPT,A,38,E,A,20,A,4.501153137793563,,H,0.0662632264752852,0.0676851969270965,-0.0014219704518113052,20,21,-1,3.43593378,3.37175432,-0.008474170193424335,0.0376132604218882,0.5,0,,-5.3,298.0,3.1266735047101974,3.575698941946029,3.4197678864002232,2.822321206331253,3.609407529234886,3.3787905871868134,3.804808035492897,3.750001780688763
2WPT_A_B,2WPT,A,47,S,A,22,A,2.4246162835990783,,H,0.0020346754868634,0.0043839347571216,-0.0023492592702581997,22,21,1,-1.71327976,-3.0599057800000002,0.204429267618511,-0.0009492743677927962,1.0,0,,-2.6,298.0,-0.6761806905269623,-1.3772691190242767,-1.3502389639616013,-3.337112918496132,-0.7325440049171448,-2.549459159374237,-2.988960593938827,-0.6944733858108523
2WPT_A_B,2WPT,A,48,D,B,70,S,5.214129786929024,-0.45693659990939217,H,0.1674450840473047,0.1820801151179127,-0.014635031070607984,18,19,-1,2.69742685,2.82620276,0.33558722795744933,0.0312601587504579,0.5,0,6.2014083862304705,-2.7,298.0,2.5908229053020477,2.927398033440113,2.3810399323701863,2.7140234485268593,2.6890373528003693,2.8744462728500366,2.565343052148819,2.837303750216961
2WPT_A_B,2WPT,A,51,Y,A,30,D,5.214129786929024,-0.7758555558295367,H,0.0192425586873389,0.0220018825516157,-0.0027593238642768005,24,24,0,1.4884566500000003,0.9351073,-0.10355637742321466,-0.044328691020666694,-1.0,0,-12.315444946289062,2.2,298.0,1.9429460167884827,0.9990992546081543,2.557451844215393,1.8021865487098694,0.8658339977264404,2.113127291202545,0.885487973690033,0.7415202260017394
2WPT_A_B,2WPT,A,52,Y,A,59,D,5.214129786929024,,L,0.2972600770774331,0.2704077549893888,0.026852322088044334,18,18,0,0.11189342999999996,-0.10195395000000007,-0.3547045523819004,-0.05345440987626557,0.0,0,0.8323898315429688,2.2,298.0,0.03623318672180176,0.33183687925338745,-0.011283040046691895,-0.21667617559432983,0.24710339307785034,0.17409664392471313,-0.1144983172416687,0.44833487272262573
2WPT_A_B,2WPT,B,68,N,B,71,S,1.251038131995906,-0.09516641326410087,H,0.0042335204200204,0.0067159776708063,-0.0024824572507859003,26,26,0,2.6699267,3.6298885000000003,0.24822256858238534,0.018349371306997986,1.0,0,17.576408386230472,-2.7,298.0,3.473975419998169,2.299496054649353,3.2250972986221313,1.9014694690704346,2.2012786865234375,2.314295053482055,3.3050378561019897,2.63876211643219
2WPT_A_B,2WPT,B,79,F,B,90,K,1.1696568149782867,0.6490273030865534,L,0.0202013139275945,0.0281037359913988,-0.007902422063804301,25,24,1,3.7099630500000003,4.90402122,-0.599636195923441,-0.0411869460958611,0.0,0,8.861339569091797,6.699999999999999,298.0,3.6379299461841583,3.590609639883041,3.5685060024261475,3.9350051134824753,3.5776449143886566,4.464632630348206,1.5684387683868408,5.336935877799988
3AAA_AB_C,3AAA,A,258,R,B,138,D,2.2071155180453785,,L,0.384715047603061,0.3990838836731876,-0.014368836070126567,13,13,0,0.3791338000000002,-0.20794219999999997,-0.024332394832150606,0.1939009428611937,0.0,0,-9.021339416503906,-1.0,293.0,-0.17667162418365479,0.7959940433502197,0.02256810665130593,0.20038318634033203,0.38675665855407715,0.44247281551361106,0.8317302465438843,0.5298396348953252
3AAA_AB_C,3AAA,C,7,W,C,10,K,3.330200571862061,,H,0.0246584615996277,0.0310498777239804,-0.006391416124352699,24,25,-1,0.85436264,0.4695349000000002,-0.20478436684405132,-0.006883055732591126,1.0,0,-4.453834533691408,3.0,293.0,1.1807216703891754,0.789414256811142,0.5823020935058594,0.40360134840011586,1.5054240226745605,0.8489972800016403,0.831736370921135,0.6927036419510842
3AAA_AB_C,3AAA,C,43,D,A,246,T,5.036890053552191,,H,0.0186926059791154,0.0028862343364138,0.0158063716427016,25,25,0,-3.0867005,-3.2107317999999996,0.17131603314124344,0.11228038802841261,-1.0,0,-7.362663269042969,-2.8,293.0,-3.0425366163253784,-2.074697494506836,-4.061558485031128,-3.5051260590553284,-2.054040551185608,-2.9756656885147095,-4.129591405391693,-2.8503891229629517
3B4V_AB_C,3B4V,C,49,L,B,59,T,3.5789691628886766,,H,0.0,0.0278712509134406,-0.0278712509134406,21,22,-1,0.08456087000000001,0.31219872000000004,0.5125995213613249,0.06725386001265779,-1.0,0,5.514854431152342,4.5,298.0,0.1164819598197937,0.00749459862709051,-0.0448630899190903,0.07423609495162958,-0.004655539989471519,0.009780541062355097,0.2413484901189804,0.2766640931367874
3B4V_AB_C,3B4V,C,52,F,C,48,N,3.848450843750125,,H,0.1495558425123634,0.131860748736223,0.017695093776140397,22,21,1,0.7065994,1.0343734999999998,-0.2455452431592121,-0.058476675484887025,0.0,0,-1.5477256774902344,6.3,298.0,0.5193417072296143,0.42872440814971946,0.8965389728546141,0.41794681549072266,0.6611310243606567,0.9227303266525271,0.8385699987411499,0.9678122997283933
3B4V_AB_C,3B4V,C,53,L,C,191,C,3.391638413012278,,H,0.0011521818393364,0.0233015026375402,-0.0221493207982038,21,20,1,0.003160170000000004,0.01672911399999999,0.23830365612327187,0.0066984602907907975,0.0,0,5.994110107421875,1.2999999999999998,298.0,0.057535596191883004,-0.005044542253017398,-0.0382545441389084,0.08859854936599731,-0.0352596715092659,-0.012030005455017104,-0.008856743574142512,-0.0214072465896607
3BK3_A_C,3BK3,C,3,I,A,92,N,1.038188887212829,,L,0.2774921737213252,0.257504467944973,0.01998770577635217,14,14,0,1.8575831,2.1720486,-0.0686752156258168,0.4458780981374846,0.0,0,12.184326171875002,8.0,298.0,2.3945810794830322,1.1206642389297483,2.002631664276123,1.9138802289962769,2.348682999610901,1.5623286962509155,2.3136154413223267,1.2042795419692998
3BK3_A_C,3BK3,C,28,I,A,25,P,1.2609510009474219,,L,0.0474544023519793,0.0489488446263523,-0.001494442274373002,19,18,1,-0.12648441,-0.06861845999999999,-0.4023160159354208,0.018193550388554497,0.0,0,-45.00785064697266,6.1,298.0,-0.10033577680587771,-0.07716275751590729,-0.21735934168100363,-0.17806176096200949,-0.1467672735452652,-0.08530621230602269,-0.0687446668744087,-0.1381376385688782
3BN9_B_CD,3BN9,B,91,D,D,112,V,6.695209993104953,,H,0.1063448382481754,0.1235052405719767,-0.01716040232380131,23,23,0,2.514192396,2.48191472,0.26375888418079113,-0.0536862205419506,0.0,0,-43.23921585083008,-7.7,298.0,2.506531722843647,2.6448109298944473,2.7426252216100697,2.2678072005510335,2.619485765695572,2.480626791715622,2.536920055747032,2.3147313445806503
3BN9_B_CD,3BN9,B,141,Y,D,77,N,1.0846522945473152,,H,0.2242429051344949,0.182533087735109,0.041709817399385896,17,17,0,0.45807005,0.51104153,-0.5598319248465553,0.028335153946828895,0.0,0,-10.427825927734375,2.2,298.0,0.45342880487442017,0.3486213684082031,0.5077354609966279,0.5256559252738953,0.2727198898792267,0.6897449791431427,0.46561604738235485,0.4010373055934906
3BN9_B_CD,3BN9,B,169,Q,D,30,S,2.5089841145082503,,H,0.065891662211423,0.0616589738519911,0.004232688359431892,20,20,0,-0.97334813,-1.55661034,-0.009123095187928199,0.056227735966320413,-1.0,0,1.0732192993164062,-2.7,298.0,-1.504345417022705,-1.4964455515146258,-0.6711947619915009,-1.5593048632144928,-1.0706790164113045,-0.5335152447223664,-0.2989624142646789,-0.652337372303009
3BT1_A_U,3BT1,U,55,L,A,24,C,1.0918021206051756,,L,0.0021245751258542,0.0192630617605534,-0.0171384866346992,22,23,-1,-0.35908818,-0.1637033,1.5440224312802582,-0.0516553434196339,0.0,0,23.03124237060547,1.2999999999999998,293.0,-0.39700550585985195,-0.9174791425466539,-0.13532321900129318,-0.11242673546075821,-0.8488507941365241,-0.1255428716540337,-0.1813310757279396,-0.1547460034489631
3BT1_A_U,3BT1,U,66,L,A,15,N,1.3532036802006713,,L,4.421736579200966e-06,0.0231072730500093,-0.0231028513134301,24,24,0,1.0041474799999999,1.30269806,1.9512823906196708,-0.013397694067222299,-0.5,0,4.136894226074217,7.3,293.0,0.45494702458381653,1.3892402201890945,1.527804583311081,1.2063774317502975,0.7299300283193588,0.8038625419139862,0.8964488506317139,1.0245690494775772
3BT1_A_U,3BT1,U,139,D,U,50,K,1.0304558913733406,0.6311675639260735,L,0.0929750437889364,0.0984363704626954,-0.005461326673759009,22,22,0,0.045544200000000146,-0.04077920000000024,-1.1708007099350433,-0.23925135645360243,0.0,0,16.731185913085938,0.3999999999999999,293.0,1.1338629722595215,0.37257599830627486,1.4127216339111328,-0.17504119873046875,-1.465214848518372,-0.8487257957458496,0.3366730213165283,-0.4024958610534668
3BT1_A_U,3BT1,U,148,L,U,125,T,1.6337906568727276,0.9856452747777401,L,0.000497002080822,0.0362517745375671,-0.035754772456745104,21,21,0,3.36541232,3.57198963,2.0237076592111247,0.050850296385903715,-1.0,0,28.461708068847656,4.5,293.0,3.3804206177592278,3.2635811567306523,3.199231408536434,3.1285452470183372,3.5876696035265923,3.6853009089827538,3.2531844824552536,3.4253650978207584
3BT1_A_U,3BT1,U,164,H,U,25,R,1.010716690711439,0.999454237930254,E,0.0492059037535543,0.0718653550880064,-0.022659451334452102,25,24,1,-0.8130507000000002,0.1791627,-1.6122723444829827,-0.018686653375540596,0.33333333333333337,0,4.802928924560547,1.2999999999999998,293.0,-0.1619107723236084,-0.3617386817932129,-0.1208264827728267,-2.0460171699523926,-2.0858959555625916,0.27921295166015625,-0.023129701614379883,-1.984098196029663
3BX1_A_C,3BX1,C,87,Y,A,94,L,1.2982354886678278,,L,0.0,0.0,0.0,31,31,0,0.08149783,0.023965629999999988,0.41767605936826213,-0.0233651686843558,1.0,0,-9.419448852539062,-5.1,298.0,0.37771627306938177,-0.02732798457145691,0.006880581378936823,0.009007513523101807,0.269263505935669,0.02227741479873649,-0.03157567977905279,0.025740966200828608
3C60_CD_AB,3C60,C,40,K,B,50,A,1.5937182868909552,,H,0.354464682658286,0.3525966415407268,0.001868041117559227,13,13,0,1.5131307999999999,1.8633579,0.35412137996798276,0.010041185504181982,0.0,0,,-5.7,298.0,1.9366828203201294,1.6732298135757446,0.9423311352729796,0.9629837274551392,1.5853025317192078,1.5629976689815521,1.8778722882270813,1.5636455714702604
3C60_CD_AB,3C60,C,66,V,B,95,W,1.2496401340118868,,H,0.0012023671996021,0.0113200530991849,-0.0101176858995828,25,25,0,4.29331273,4.23731813,-0.2510211460331986,-0.029560406020389313,-1.0,-1,-2.8293914794921866,5.1000000000000005,298.0,4.275432109832764,4.063467174768448,4.194723933935165,3.9789844751358032,4.506068706512451,4.225239098072052,4.706021994352341,4.396565139293671
3C60_CD_AB,3C60,D,4,Q,B,48,Y,1.16627650370749,,L,0.0840098695479659,0.0482858120666588,0.035724057481307095,25,25,0,0.0049384000000001205,0.6267784999999999,0.6791636562131147,0.06230237115012191,-1.0,0,44.1164436340332,-2.2,298.0,0.009994745254516602,-0.3428717851638796,-0.11604893207550049,0.1495841741561894,-0.021118879318237305,-0.14539694786071777,0.19384884834289529,0.311514735221863
3D3V_ABC_DE,3D3V,C,8,Y,C,7,V,3.4120593176270644,,L,0.1348110391711235,0.1182690819904561,0.016541957180667394,19,20,-1,-1.08605244,-0.33026325000000006,-0.1564643121733138,0.010249518835685811,0.0,0,-6.1533355712890625,-5.5,298.0,-1.30762580037117,-0.3971969783306122,-0.9373837858438492,-0.8590601533651352,-1.2557652592658997,-0.6296204179525375,-1.1084407567977905,-2.1933267414569855
3D3V_ABC_DE,3D3V,E,97,L,A,69,A,2.6159944098140233,,H,0.0022198257633577,0.0072104230189525,-0.0049905972555948,19,20,-1,1.20643515,2.25048227,-2.4138278490968106,-0.0571576994390125,0.0,0,,1.9999999999999998,298.0,0.8955000489950178,1.844705492258072,0.9681243300437927,0.7531804740428925,2.1277168840169907,1.1892075538635254,0.7508960962295532,1.1221505254507063
3EQS_A_B,3EQS,B,3,F,A,36,I,5.556008252105314,,H,0.0098067976976524,0.0031752260170364,0.006631571680616,21,21,0,0.27063455000000003,0.17855833,0.18753363035928305,0.040137210164260695,0.0,0,-0.4804840087890634,-1.7000000000000002,298.0,0.1506099402904511,0.3198938816785812,0.3202861845493317,0.3162152171134949,0.2495959848165512,0.1128934770822525,0.4611415266990662,0.2344399094581604
3EQS_A_B,3EQS,B,6,Y,A,48,H,3.109162512960843,,H,0.1569479441006949,0.1076896838480679,0.049258260252627,19,18,1,0.6513587,2.19580105,0.03656752084604453,0.03009752935932969,-0.5,0,17.453205108642578,1.9000000000000001,298.0,0.9635333418846128,1.7510730624198914,2.179132968187332,0.3622168302536011,-0.17369204759597812,-0.03684151172637962,0.1981261968612671,-0.03267872333526589
3EQS_A_B,3EQS,B,7,W,A,68,V,6.407328502678618,,H,0.0400758031384274,0.004741502495198,0.0353343006432294,22,23,-1,1.32342556,1.31899353,0.30444060267051765,0.04370058321146039,1.0,0,8.156997680664062,-5.1000000000000005,298.0,0.8756253868341447,1.2138760760426521,1.7733666375279427,1.3405693322420118,0.7844588980078698,1.828765451908112,1.1283962801098824,1.6423463895916939
3EQS_A_B,3EQS,B,10,L,A,29,L,3.3328684342363175,,H,0.0360467290740557,0.0145427854532101,0.021503943620845598,18,18,0,0.6106305949999999,0.93821188,0.20359340369003423,0.1146660014550232,0.0,0,1.573486328125,0.0,298.0,0.2566039711236954,0.9305130317807196,0.3053870126605034,1.0046956092119217,0.9954309016466141,0.18461499363183978,0.9920731335878372,0.2157255858182907
3EQY_A_C,3EQY,C,3,F,A,74,L,5.658450760459924,,H,0.0079920773502006,0.0039976020877738,0.0039944752624268,21,20,1,0.10677115000000001,0.017139230000000005,1.0211829453128944,-0.04808341981637182,0.0,0,2.5204544067382812,-1.0,298.0,-0.056110545992851285,0.016490958631038596,0.2395715564489365,-0.04547007381916052,0.22239978611469272,0.1029452383518219,0.23577480018138888,0.1385675072669983
3EQY_A_C,3EQY,C,6,Y,A,48,H,2.586204476550158,,H,0.1690209909727489,0.1782434655763216,-0.0092224746035727,19,19,0,0.70745363,1.7190100600000002,-0.0886266702072821,0.04113525492028158,-0.5,0,16.007240295410156,1.9000000000000001,298.0,0.9692001938819887,1.2262759804725647,1.2956158518791199,0.746739000082016,0.14422482252120994,0.05964106321334828,0.6204387545585632,0.5974927246570587
3EQY_A_C,3EQY,C,7,W,A,68,V,6.043720046618101,,H,0.0768818829963771,0.031527763497394,0.0453541194989831,22,21,1,2.9599971099999998,3.26997689,0.22322560540378622,0.037518270996054676,1.0,0,7.0987091064453125,-5.1000000000000005,298.0,3.044465109705925,3.37474599480629,2.4957423210144043,3.235941953957081,3.4148719161748886,2.3661539554595947,3.302592009305954,2.4454638659954067
3F1S_A_B,3F1S,A,33,M,A,224,F,1.2384257759478556,,H,0.0716486190066491,0.074111287133712,-0.002462668127062903,19,20,-1,-1.7142823,-1.6975934000000001,0.40996906593732463,-0.1935324492314153,0.0,0,15.31545639038086,-0.8999999999999999,298.0,-1.4603358507156372,-1.6039559841156006,-0.9852375984191895,-1.9659461975097656,-2.2826157808303833,-2.390694618225097,-1.2053201198577876,-1.820151925086975
3F1S_A_B,3F1S,A,36,D,A,258,T,2.184505250292012,,L,0.285981564456922,0.281454832980037,0.0045267314768850375,15,14,1,-0.99716073,-1.05646949,0.3235156231034648,0.03258432053927349,0.5,0,24.80139923095703,-2.8,298.0,-1.2290523648262024,-0.6721525937318802,-1.1193737983703613,-1.5358838886022568,-0.7340092211961746,-1.1666779667139053,-0.64867702126503,-0.8714587092399597
3F1S_A_B,3F1S,A,202,Y,A,32,S,2.9947799767025427,,H,0.0955201489232203,0.0944789948910479,0.001041154032172406,18,18,0,2.55945484,3.35492932,0.3269242850273583,0.034451371819756105,0.0,1,-8.87948989868164,-0.5,298.0,1.7963502705097198,3.3114713430404668,1.623423457145691,3.6988728642463684,3.336498409509659,1.9836939275264744,3.1402650475502014,1.5850643515586853
3F1S_A_B,3F1S,A,255,D,A,251,L,3.7592836036732393,,H,0.0565517877292396,0.06267619846991,-0.006124410740670404,19,19,0,1.6402915999999998,0.7911949999999999,-0.22543257647651305,-0.0776595404608191,0.0,0,13.797119140624998,-7.3,298.0,2.6371525526046753,1.9366953372955324,1.861653447151184,0.5961155891418459,1.5471885204315186,1.4222310781478882,2.07092821598053,1.0503698587417603
3HFM_HL_Y,3HFM,H,53,Y,Y,93,N,3.2503791460482225,0.21121814832220448,H,0.1629610467559561,0.1535257874933053,0.009435259262650791,19,18,1,0.005137200000000064,0.2401323999999998,0.9755625018918124,-0.15317818911177983,-0.5,0,4.1909484863281286,2.2,303.0,-0.2331230640411377,-0.3711369037628174,0.5170855522155757,0.550162792205811,-0.12442541122436479,-0.2614166736602783,0.19542479515075684,-0.23147320747375488
3HFM_HL_Y,3HFM,L,31,N,Y,16,G,5.214129786929024,,L,0.0550871839590701,0.0475959410033063,0.007491242955763797,25,24,1,-2.21226567,-2.39504837,0.3886641007536973,-0.04431297941907039,0.5,0,,-3.1,298.0,-2.5431634187698364,-2.4302797541022296,-2.075354516506195,-2.0102929919958115,-2.2925668507814407,-2.1232821494340897,-2.3960882872343063,-1.8270972967147827
3HFM_HL_Y,3HFM,L,32,N,L,91,S,5.10734458138055,,L,0.0,0.0270802937998186,-0.0270802937998186,23,24,-1,1.9581158,1.7135752,0.3650945107079917,-0.049723945302249495,1.0,0,16.836505889892578,-2.7,298.0,1.2161945700645447,2.6660702824592595,1.7888444066047668,2.8481600880622864,1.9873000979423523,2.6253994107246394,1.1378371715545654,1.3951200246810913
3HFM_HL_Y,3HFM,L,50,Y,Y,75,L,4.5575945560558555,0.70445583057791,H,0.0312138825963797,0.0401765757086765,-0.008962693112296798,20,21,-1,-1.0612613999999998,-0.6660732999999999,-1.0358132420086503,-0.08937216647754531,0.0,0,-9.169498443603521,-5.1,298.0,-0.7252528667449951,-1.1894502639770512,-0.19799184799194336,-1.830030918121338,-0.8890080451965332,-0.7150230407714844,-0.7588324546813965,-2.184503078460693
3HFM_HL_Y,3HFM,Y,20,Y,Y,63,W,4.573778237875976,0.31918654441973265,H,0.0030767815264946,0.0442032460673061,-0.0411264645408115,26,25,1,1.6143337,1.5646424,-1.8282152778309908,-0.05443236577125121,1.0,0,-5.593231201171875,-0.4,298.0,1.4597373604774475,0.8548892736434937,1.542980670928955,1.583154022693634,1.7742705345153809,2.183058261871338,1.9597157835960388,1.5568631887435913
3HFM_HL_Y,3HFM,Y,96,K,Y,100,S,6.737283264197913,0.2676595665844973,H,0.000295179187775,0.0016533083927418,-0.0013581292049668,21,21,0,1.47106533,1.74179072,-0.7679628014892335,0.007053677016170601,0.0,0,-6.429336547851561,-3.0999999999999996,298.0,1.420813649892807,1.7367253750562666,1.317784994840622,1.2676915526390076,1.5978342294692995,1.494171291589737,1.6437948569655418,1.2897065430879593
3HH2_AB_C,3HH2,C,47,F,C,46,L,1.324714368599027,,H,0.0230601814133685,0.0460827196362362,-0.023022538222867695,19,19,0,-1.3209631800000001,-1.56250086,0.3076300281514998,0.006399614359270889,0.0,0,-14.309577941894531,-1.0,298.0,-1.7357956767082214,-1.3787821531295776,-1.8566933870315552,-0.7878341376781466,-1.9434608519077297,-1.1690047979354858,-1.0781155228614807,-0.6180179119110107
3HH2_AB_C,3HH2,C,52,F,A,31,W,1.2722742268622604,,H,0.0427220893085584,0.0551834511414876,-0.012461361832929202,19,18,1,2.5974085,2.65773377,0.05762211109105764,-0.07980218588883259,-1.0,-1,2.05474853515625,3.6999999999999997,298.0,2.3612912595272064,2.6484947204589844,3.0847988724708557,2.2355212569236755,2.680632412433624,2.8798948228359222,2.5572089552879333,2.3314240276813507
3KBH_A_E,3KBH,A,23,Y,A,15,N,1.811979372612353,,H,0.0616954902601356,0.0410951227808016,0.020600367479333997,21,20,1,0.20258133,0.3611920999999998,0.4426607372757071,0.0103113904768527,-0.5,0,-4.586181640625,2.2,298.0,-0.40269118547439564,0.4365163445472715,0.9603868722915649,-0.04676508903503418,-0.21134483814239502,0.38506853580474854,-0.36732813715934753,0.8668081760406492
3KBH_A_E,3KBH,E,54,S,E,13,G,1.856501867976997,,L,0.0430691731202557,0.0444026408308446,-0.001333467710588905,23,23,0,-0.11889029000000004,-0.14527717,-0.1485475101206895,0.049392179521801194,1.0,0,,-0.4,298.0,-0.0908103287220001,-0.2078159973025322,-0.0836535394191742,-0.11623914539813998,-0.05815935134887701,-0.09885434806346888,-0.2011726796627044,-0.09441682696342468
3KUD_A_B,3KUD,B,30,K,B,33,V,1.9530394314410333,,H,0.1488066223189364,0.1247729027732104,0.024033719545726,19,18,1,0.4482923999999997,-0.9080165999999998,-0.47311321095545317,0.06664353038712778,0.0,0,-12.947120666503906,-8.1,298.0,0.5811841487884521,0.5872366428375244,-0.16264963150024414,0.3965988159179683,0.2174973487854004,0.4839060306549072,-0.15714406967163086,1.6397110223770142
3LB6_A_C,3LB6,A,100,K,C,240,C,5.811821878992469,,H,0.0306167712001664,0.0,0.0306167712001664,25,25,0,-0.21278809600000004,-0.49514539999999996,-0.7256305545554195,3.095801519997776e-06,0.0,0,17.304031372070312,-6.4,298.0,-0.7930558621883392,-0.08443870395421979,0.018169015645980807,-0.0638481006026268,-0.35115744918584824,-0.015578843653202099,-0.3329571187496185,-0.0794374719262124
3LB6_A_C,3LB6,A,101,K,A,97,L,2.544131860901994,,H,0.2596619197293779,0.2223715404524431,0.03729037927693482,17,18,-1,1.7684098,2.0565097999999997,-0.10148571303477438,-0.010381011172136606,0.0,0,12.584228515625,-7.699999999999999,298.0,1.1524852514266968,1.9252506494522095,2.155195951461792,1.776776671409607,2.3484023809432983,1.9009114503860474,1.421898245811462,1.466358423233032
3M62_A_B,3M62,A,50,L,A,54,T,2.827996665486802,0.016682417900765995,H,0.1069939846377668,0.1313683733954977,-0.024374388757730903,20,21,-1,-1.1977122,-1.9404629000000002,-0.3596684604756629,0.042484410349356794,0.0,0,14.124225616455078,4.5,298.0,-1.718384861946106,-1.9946774244308474,-1.5424935817718506,0.5308232307434082,-0.5877411365509033,-0.6131268739700317,-1.8564989566802983,-1.7995970249176028
3M62_A_B,3M62,A,55,E,A,147,E,1.051103127064922,,H,0.3029773012806337,0.2598763852430616,0.0431009160375721,18,17,1,-0.37670329999999996,0.05227459999999984,1.5393352008760663,0.04500966988335492,0.0,0,48.11638259887695,0.0,298.0,0.03407430648803733,-0.06177520751953125,0.3427588939666748,-0.906790494918823,-1.0637562274932861,-0.8631104230880738,0.44213128089904785,-0.9371577501296996
3M62_A_B,3M62,A,102,G,A,106,V,1.2643252931128433,,H,0.0003758966254769,0.0010846372511995,-0.0007087406257226001,24,24,0,0.065052285,0.18717985000000004,-0.06482712070413499,-0.009101217333023992,0.0,0,,-4.6000000000000005,298.0,0.09453353285789488,0.0690057426691056,0.07441616058349611,0.041938267648220104,0.0779174938797951,0.03988055139780039,0.07450461387634279,0.0482218563556671
3M62_A_B,3M62,B,50,Q,B,65,Q,1.0539639378112842,0.28359380160267006,L,0.3320983588134715,0.3209581647281984,0.011140194085273114,16,15,1,2.495059,2.5234455000000002,-0.8970313438576878,0.03216229801074055,0.0,0,1.9152259826660227,0.0,298.0,2.2854183912277226,2.574903964996338,2.5857044458389282,2.6058516502380367,2.3425856828689575,2.4413927793502808,2.703508496284484,2.421107053756714
3M63_A_B,3M63,A,46,D,A,54,T,2.233205556064364,0.31123761067031563,H,0.1199864265871121,0.0929133330757349,0.027073093511377197,19,20,-1,-2.1014175,-2.8720344000000004,-0.4366356893702117,0.04049298343336194,-0.5,0,2.32525634765625,-2.8,298.0,-1.6889712810516357,-0.7902882099151611,-1.652198851108551,-2.7375460863113403,-1.95909583568573,-2.9777474403381348,-2.2697354555130005,-2.735757350921631
3M63_A_B,3M63,A,106,V,A,102,G,1.838115370315378,0.12465081399829436,H,0.0052886281409831,0.0019531938045881,0.0033354343363950004,24,23,1,-0.17929486000000003,-0.41610895,0.3583047040178531,0.016507261282200925,0.0,0,,4.6000000000000005,298.0,-0.4232275038957596,-0.3223494291305542,-0.12162198871374129,-0.0874386802315712,-0.1086155697703361,-0.08065006136894229,-0.1731506288051605,-0.11730504035949711
3M63_A_B,3M63,A,110,I,B,69,V,1.0886046118174872,,L,0.0810352911765057,0.0816051884522897,-0.0005698972757840065,18,19,-1,-0.65045157,-0.6866139,-1.2595033911316662,-0.06637882268212597,0.0,0,8.80706787109375,0.2999999999999998,298.0,-0.30300468206405645,-0.937730461359024,-0.759567528963089,-0.5210703313350677,-0.6223476827144623,-0.534533679485321,-0.7669260799884796,-0.7584324181079865
3MZG_A_B,3MZG,A,167,H,A,17,H,1.6293401853076444,0.282953436295814,H,0.0192828398813426,0.0208517675057265,-0.0015689276243839,24,23,1,-1.3477815000000002,-1.688439,-0.1831604565465046,0.021181237443237494,0.0,0,-1.1345977783203125,0.0,298.0,-1.6000090837478638,-1.2825121879577637,-1.2577236890792844,-1.780800700187683,-1.3967891931533813,-1.3792941570281982,-0.9928892850875854,-1.09223473072052
3MZG_A_B,3MZG,B,188,H,B,96,D,2.09321927209525,,L,0.0923592406197475,0.069923280022198,0.0224359605975495,18,19,-1,-0.26892493,-0.29304525000000003,-0.5006912135422112,0.20309224808486667,-0.5,0,9.49041748046875,0.2999999999999998,298.0,-0.0321588516235351,-0.9267367273569107,-0.5086631327867509,0.23741470277309418,0.06236764043569561,-0.44733053445816046,0.036042243242263794,-0.5723347961902618
3NGB_HL_G,3NGB,H,58,V,H,60,Y,1.3584279749994033,0.5484261455424753,L,0.0792621738812965,0.0580184190756226,0.0212437548056739,24,23,1,1.1056572999999998,1.1747894000000003,0.2232008748618164,-0.013031027889956276,0.0,0,3.5055694580078143,5.5,303.0,-0.33881163597106934,3.4254889488220215,2.1175026893615723,1.6044088602066042,0.20036649703979492,2.9542890787124634,-0.08801031112670898,-1.0299773216247559
3NGB_HL_G,3NGB,H,72,R,G,328,G,1.6432171953097705,,L,0.148253348082775,0.1376824567054438,0.010570891377331193,23,24,-1,-5.3582977750000005,-5.36758573,-1.7639206739304094,0.014332096480200701,0.3333333333333333,0,,-4.1,303.0,-5.442656837403774,-5.3795908242464066,-5.363867796957493,-5.376938335597515,-5.394845962524414,-5.339714840054512,-5.367898754775525,-5.200869970023632
3NGB_HL_G,3NGB,H,104,Y,G,166,K,1.4235858297640938,,L,0.1796824388097654,0.1670170621551004,0.012665376654664995,17,16,1,-3.42753372,-3.40485348,0.29894300302529686,0.01127712298404987,1.0,0,8.222412109375,2.5999999999999996,303.0,-3.7188651710748677,-3.8353667557239532,-3.47712005674839,-3.5519236326217656,-3.1103582978248596,-3.4181042909622197,-3.418174311518669,-2.8903574943542485
3NGB_HL_G,3NGB,H,105,N,G,313,G,1.1185738219244732,,L,0.0568718554066168,0.02409196874884,0.0327798866577768,23,22,1,-1.96259563,-2.1064507,-0.22361682878440658,-0.022543598061593118,1.0,0,,-3.1,303.0,-1.6497104167938232,-1.0962746143341067,-2.365169048309326,-2.1296544075012207,-1.9558965265750885,-2.2237014770507817,-2.601072907447815,-1.6792844533920288
3NGB_HL_G,3NGB,L,87,Y,G,165,A,2.022787808114121,,H,0.0542618330255439,0.0798189633226023,-0.025557130297058396,22,21,1,1.7088368999999999,2.64175766,0.35939158385419734,-0.1633139095829409,0.0,0,,-3.1,303.0,1.2053492665290833,2.4243733882904053,1.0252641439437864,2.7723634243011475,0.34774208068847656,2.627128839492798,2.5191922187805176,0.7492790222167967
3NGB_HL_G,3NGB,L,88,E,G,232,I,1.3199500457991684,,H,0.0518623614989659,0.0464900726315161,0.005372288867449802,25,24,1,2.2496809,3.0109956,-0.17566042264994175,0.076644784457023,0.5,0,-2.184600830078125,-8.0,303.0,2.960049629211426,3.954041063785553,0.5455447435379028,3.5703026056289673,0.9934587478637695,1.5650972723960872,3.7053120732307434,0.7036389112472534
3NPS_A_BC,3NPS,A,141,Y,B,103,R,1.7748733050669008,,H,0.1398000577249207,0.1534165833809921,-0.013616525656071382,20,19,1,0.22177773999999995,0.5062919999999999,-1.0481553754319668,-0.08244703182707713,-0.3333333333333333,0,-0.8556671142578125,3.2,298.0,0.7161563038825989,-0.004251420497894287,-0.11271560192108154,0.09944957494735718,0.4861223101615906,0.4164862632751465,0.21096593141555786,-0.03799194097518921
3Q8D_A_E,3Q8D,A,131,R,A,90,Y,3.029624536637012,,H,0.0003846824980602,0.0387354981421229,-0.038350815644062695,22,22,0,-2.722067,-2.8794501000000006,0.3352366943318134,-0.05372066397451922,1.0,0,27.66101837158203,-3.2,298.0,-2.8512459993362427,-3.3104376792907715,-3.3435355424880986,-1.1949186325073242,-2.6417723894119263,-2.9993804693222046,-2.5643067955970764,-2.8709386587142944
3QHY_A_B,3QHY,B,10,N,B,73,Y,2.2542547942896496,0.8008689981434107,L,0.1567681642259961,0.1561934018222868,0.0005747624037092947,25,25,0,-0.5029332000000002,-0.34724900000000014,0.07260109688328342,0.0229417602375801,0.0,0,-7.033226013183594,-2.2,298.0,-0.3574147224426265,-0.8880169391632085,-0.9472970962524414,-0.10858964920043901,-0.33376002311706543,-0.3786733150482178,0.17957544326782182,-1.1892905235290527
3QHY_A_B,3QHY,B,91,D,A,98,Y,1.8885446894993645,,H,0.2072934581069336,0.2170677313082007,-0.009774273201267114,23,24,-1,-1.9935794999999998,-1.4551264,-0.12216836635925021,0.042822451625408986,0.0,0,-5.674827575683594,-2.2,298.0,-2.456662118434906,-2.0403985977172847,-1.9503514766693115,-2.0124378204345703,-2.0634952187538143,-1.5470986366271973,-1.6570237874984741,-2.221167743206024
3QHY_A_B,3QHY,B,166,D,B,14,G,3.4965384775158,,L,0.1017502054372819,0.097337961953318,0.004412243483963907,20,20,0,-0.60232132,-0.8806486400000001,0.5199791093165611,0.005921140538935388,0.5,0,,-3.1,298.0,-0.9620984867215157,-0.9241686239838601,-0.4139722138643265,-0.5437259525060655,-0.48888269066810613,-0.4541891366243363,-0.0901855975389481,-0.9413476213812829
3QHY_A_B,3QHY,B,169,F,B,244,S,2.0615439857216784,,H,0.1546399704811133,0.1919790568720057,-0.037339086390892395,21,21,0,0.30115091000000005,0.34309837,-0.375436347072955,0.038068941968702974,0.0,0,1.8942184448242188,3.5999999999999996,298.0,0.12614533305168146,0.3491186052560807,0.28785091638565063,0.5046646147966385,0.1266039907932281,0.43225690722465515,0.3609572947025299,0.2216097861528397
3QHY_A_B,3QHY,B,228,E,A,99,S,3.0115869999005174,,L,0.0212700504463766,0.0306354358968131,-0.009365385450436498,28,28,0,-2.4280702599999997,-2.1588748,0.04454055023514414,-0.013043888859150088,0.0,0,-13.05047607421875,-2.7,298.0,-2.7087611854076385,-2.55442875623703,-2.587867259979248,-2.731105327606201,-2.211249351501465,-1.7071213722229004,-2.8892127871513367,-2.0348169803619385
3QHY_A_B,3QHY,B,264,N,A,206,A,2.6946637029060385,,L,0.03189805950915,0.0547483030703224,-0.0228502435611724,24,24,0,-2.0781903600000002,-1.8937626,0.25033061819300195,0.030707626064159416,0.0,0,,-5.3,298.0,-2.48902302980423,-2.044239819049835,-1.6618953943252563,-1.9867011308670044,-2.3081634044647217,-2.3392332792282104,-1.7807544469833374,-2.015511572360993
3QIB_ABP_CD,3QIB,B,62,Q,C,93,G,1.7631666122988525,,L,0.0629190898286859,0.0153843822716541,0.04753470755703179,19,18,1,-0.6196274500000001,-1.28073941,-0.05318321547623761,0.05305549156061079,0.0,0,,-3.1,298.0,-0.6329067200422287,-0.8538660034537316,-0.7034424170851707,-0.5241417735815048,-0.3626016676425934,-0.6003494039177895,-0.7068992480635644,-0.5728126689791679
3QIB_ABP_CD,3QIB,B,67,E,B,74,D,1.82060413958121,0.8625190715930913,H,0.1514804198905843,0.1838257849994563,-0.03234536510887198,19,20,-1,1.52810625,1.9796521799999998,0.1364324121314301,0.034652513514839695,-0.5,0,-9.521240234375,0.0,298.0,1.9175912141799927,1.118853121995926,1.881798192858696,1.7667398899793627,0.9583306312561035,1.8824934214353561,1.2783947139978409,1.4206494092941284
3QIB_ABP_CD,3QIB,P,6,Y,D,96,N,3.1375929327345404,,L,0.0165700803991894,0.0075503494539351,0.009019730945254302,24,24,0,-0.99142044,-1.5346338000000002,-0.14938571559912828,0.037067900316197916,-1.0,0,2.046062469482422,2.2,298.0,-0.21256127953529363,-1.3030497133731842,-0.48087072372436523,-1.4782535433769226,-0.7139156460762024,-1.3760545551776886,-1.9521585404872894,-0.4144991338253022
3QIB_ABP_CD,3QIB,P,8,K,C,92,G,3.1375929327345404,,L,0.0269376678255004,0.031288643673969,-0.0043509758484685974,22,21,1,-0.14436079999999984,0.06184220000000007,-0.09253064897316166,0.04210708021025189,1.0,0,,-3.5,298.0,-0.2881739139556885,-0.11060953140258789,-0.3837461471557617,0.4058151245117192,0.024353981018065962,-0.8032202720642094,0.04954767227172896,-0.04885435104370073
3QIB_ABP_CD,3QIB,P,11,T,D,101,T,3.1375929327345404,,L,0.0607522312655491,0.0765084572527218,-0.015756225987172703,24,23,1,4.31490822,4.49588052,0.3906884887187868,-0.0121412755293768,1.0,0,-10.505626678466797,0.0,298.0,4.4834946393966675,4.391522973775864,4.400823414325714,3.659755915403366,4.571758270263672,4.190320760011673,4.412541151046753,4.409048497676849
3S9D_A_B,3S9D,A,119,M,A,113,V,2.2883468932934,,H,0.0261272345308443,0.019302548814199,0.006824685716645303,26,27,-1,-0.59962308,-0.8457321800000002,-0.1282225862626426,0.017052567607766217,0.0,0,-1.3648757934570312,-2.3000000000000003,298.0,-0.6808141767978668,-0.914628744125366,-0.7453792691230772,-0.4313189089298249,-0.15595531463623052,-0.09031245112419134,-1.146731361746788,-0.6318452060222626
3S9D_A_B,3S9D,B,35,M,B,67,A,2.9984279900310615,,L,0.0336275119178408,0.0647714966874544,-0.031143984769613595,24,24,0,2.5050459,2.8826065000000005,-0.04880081885259768,-0.008356502718546516,0.0,0,,0.09999999999999987,298.0,3.270791530609131,2.0578556060791016,2.710308790206909,2.717686414718628,1.4879150390625009,1.9560267925262451,2.133681654930115,3.7061022520065308
3S9D_A_B,3S9D,B,87,W,B,36,S,1.0477479528047113,0.5047645503524103,L,0.0267034746581519,0.0546272944078241,-0.027923819749672202,22,22,0,-1.8855571,-2.0860848,0.10292410508520577,-0.031144441648887716,0.0,1,7.911930084228516,-0.09999999999999998,298.0,-1.0962494611740112,-2.1414238214492793,-2.1549036502838135,-1.8979114890098576,-1.5091841220855713,-2.965923249721527,-1.9738185405731201,-1.3450413942337034
3S9D_A_B,3S9D,B,90,I,A,5,R,1.6418900904659794,0.6215919649341703,H,0.1914984637564581,0.1960206788245827,-0.004522215068124613,17,17,0,0.03961060000000005,0.6152243,-1.0594189356054038,-0.0751443335920747,0.0,0,1.6904220581054688,9.0,298.0,0.36779963970184326,0.12305188179016113,-0.05328488349914551,-0.06479299068450928,-0.09829139709472678,0.35990953445434526,-0.11562275886535645,-0.20188355445861816
3SE3_B_A,3SE3,A,55,Y,A,257,G,1.4966495837536624,,L,0.0972658806948419,0.1128952795454551,-0.015629398850613194,19,20,-1,-1.6436790399999999,-1.34702555,0.7512015473031344,-0.031029388710155786,0.0,0,,-0.9,298.0,-1.912926621735096,-1.278949424624443,-1.9018205255270006,-1.9234953299164772,-1.5522124916315077,-2.0643478706479073,-1.1326289921998978,-1.3830518051981926
3SE3_B_A,3SE3,A,223,F,A,222,A,1.4966495837536624,,H,0.0746593152155356,0.0716628381326583,0.0029964770828772996,24,23,1,-0.8396425000000003,-0.6504192,-0.6504998693265871,-0.021063132200073803,0.0,0,,0.9999999999999998,298.0,-1.2228251695632935,-0.3579130172729492,-1.1064262390136719,-1.0459839105606077,-0.19283974170684814,-0.9461852312088013,-0.6955223083496094,-1.1494443416595455
3SE4_B_A,3SE4,A,223,F,B,105,R,1.3635602050590228,,H,0.0153908451903083,0.0111569827857725,0.0042338624045358,24,23,1,-0.04669449999999964,0.0636426000000001,-1.3396087745648209,-0.067397710459604,-0.6666666666666666,0,-6.040988922119141,7.3,298.0,-0.43561530113220215,-1.2711902856826782,0.9197158813476562,0.580634593963623,-0.9730716943740845,0.8395601511001585,0.9436440467834468,-0.9772330522537231
3SE4_B_C,3SE4,B,31,L,C,39,S,2.727120410118045,0.2118100390989157,L,0.1271841515070136,0.1667471603118457,-0.0395630088048321,19,20,-1,0.58607353,0.7885156,-0.8463618437530203,0.0033251021398358893,0.0,0,3.134105682373047,4.6,298.0,0.9247728884220123,0.6606660485267639,0.6646023988723757,0.14883387088775635,1.1119021773338318,0.5729885101318357,0.010487377643585205,0.5943353176116943
3SE4_B_C,3SE4,B,134,K,B,137,F,1.787773345432283,,H,0.0623356140451579,0.0686886083199409,-0.006352994274783003,20,20,0,0.3172793999999999,0.28851529999999936,0.17140606610470144,-0.0505639603141855,0.0,0,-20.866310119628906,-6.699999999999999,298.0,0.1627035140991211,1.201688289642334,-0.17067956924438477,-0.303607702255249,0.25496959686279297,1.0504112243652344,0.3551030158996573,-0.012353420257567915
3SE4_B_C,3SE4,C,69,E,B,34,R,1.3822066234518382,,L,0.1021631586939914,0.0966616968908051,0.005501461803186294,21,21,0,2.9648897,2.7158591000000003,0.20071075244983144,-0.026258335838407004,-0.16666666666666663,0,-13.934608459472656,1.0,298.0,3.5516154170036316,2.6354136466979976,2.7754457592964172,2.5416680574417114,2.386502087116241,2.3568310737609863,3.6964796781539917,3.7751630544662476
3SE4_B_C,3SE4,C,95,I,B,20,H,1.208783474999111,,H,0.1793980401225879,0.1862716730154267,-0.0068736328928387935,18,17,1,0.5276704999999999,0.8453815,0.07299410152622388,-0.010387455974035287,0.0,0,5.161109924316403,7.7,298.0,0.6139717102050779,0.2844967842102051,0.6481516361236568,0.3546459674835205,0.749362468719482,0.34046351909637407,1.0848861932754517,0.1453843116760256
3SE8_HL_G,3SE8,H,47,W,G,310,G,1.4751462856602853,,L,0.0146990350536125,0.012963360339809,0.0017356747138035002,25,24,1,-1.4857671499999998,-0.42701929,-0.2538318820772737,-0.03337464320071071,1.0,0,,-0.5,303.0,-2.043583795428276,-2.2799069583415985,-0.8052121847867966,-1.4501560926437378,-2.0450151786208153,-0.8722930774092674,-0.7050842195749283,-1.6848869025707245
3SE8_HL_G,3SE8,H,58,V,G,324,G,1.2496848072761948,,L,0.0691514343889664,0.0720968676817282,-0.002945433292761798,24,25,-1,-0.8233499799999999,-0.9492729499999999,-3.1763999534945806,-0.035097340710384395,0.0,0,,4.6000000000000005,303.0,-1.0177737548947334,-0.49213236570358276,-0.5031161978840829,-0.8482448160648346,-1.2665137574076653,-0.2642732784152031,-1.2454546764492989,-0.9492910131812097
3SE8_HL_G,3SE8,H,63,Q,G,162,T,1.1144247533594487,,H,0.3155464557753598,0.3079822598446705,0.007564195930689299,14,15,-1,-0.7153106999999999,-0.3388274,-0.10367875807069382,-0.17446426917606161,0.5,0,-9.676002502441403,-2.8,303.0,-2.095965266227722,-0.8967070579528809,-0.7500724792480469,-0.5594048500061035,0.8993158340454102,-1.923195719718933,-0.07616686820983887,-0.32028865814209073
3SE8_HL_G,3SE8,H,115,F,G,325,G,1.0676040754519076,,L,0.0250973467887035,0.0277864956731751,-0.002689148884471599,23,23,0,-0.684107424,-0.4171633,-1.8234911909455618,0.016704022632700877,0.0,0,,3.1999999999999997,303.0,-0.4253297969698906,-0.9213115498423577,-0.535601317882538,-0.8078977167606354,-0.8915379792451859,-0.3305442333221435,-0.7160657197237016,-0.8445708230137826
3SE8_HL_G,3SE8,L,91,E,H,55,W,1.5134906568562332,0.7611053868475779,H,0.0484626874890426,0.0197309384365628,0.028731749052479803,26,26,0,2.83658202,3.14059596,-1.16850657734044,0.03418118314289209,-0.5,0,6.528720855712891,-2.6,303.0,2.6704750955104823,2.681349933147431,2.8532329350709915,2.8200922906398773,3.1370433270931244,2.5644389241933823,2.951797515153885,3.014224022626877
3SE9_HL_G,3SE9,H,74,R,H,53,K,2.6792564759020507,,L,0.1485499851746476,0.1525627805765927,-0.004012795401945102,23,23,0,-0.7909184999999996,-0.7800049000000002,-0.12179609297042193,0.03681430146502329,0.3333333333333333,0,8.401435852050781,-0.6000000000000001,303.0,-1.4518158435821533,0.568279504776001,-1.4150686264038081,-1.1677699089050293,-1.1156408786773686,-0.6270020008087154,-0.12785053253173828,-0.9904739856719971
3SEK_B_C,3SEK,C,44,L,C,6,Q,2.6797201853789505,,H,0.2854895267191319,0.2693583689478297,0.016131157771302196,16,16,0,0.7708228000000001,0.5625825,-0.7068383439092727,0.06460569629042828,0.0,0,-7.1286773681640625,7.3,298.0,1.0179153680801392,0.06628680229187012,1.9129571914672852,0.6126017570495605,0.07208800315856934,1.6757344603538513,0.21495580673217773,0.5940437316894527
3SEK_B_C,3SEK,C,47,F,B,30,D,2.22839100374968,,H,0.3300709422824573,0.3596365717387849,-0.02956562945632757,14,15,-1,-0.8493377999999998,-0.1843197000000001,-0.9026380422280125,-0.0112347021951682,0.0,0,20.253921508789062,6.3,298.0,-0.961807370185852,-1.2982913255691528,-1.6099488735198975,-0.984107971191406,-1.1985832452774048,-0.36542022228240967,-0.35604000091552734,-0.020502805709838423
3SF4_A_D,3SF4,D,8,W,A,81,G,3.0724518685925455,,H,0.0474802035351501,0.04539166313064,0.002088540404510106,21,22,-1,-2.90456669,-2.6784730100000003,-0.11194823163928846,0.07658706746936261,0.0,0,,-0.5,298.0,-2.9114278703927994,-2.907645530998707,-2.8210270553827286,-2.7984576299786568,-2.7848942056298256,-2.492446571588516,-3.1999152079224586,-3.320720076560974
3SGB_E_I,3SGB,I,12,L,E,136,A,2.9315139160221024,,L,0.0250097869308848,0.0444472818908379,-0.019437494959953103,31,31,0,0.017401829999999993,0.08702469000000002,0.1506802507738405,-0.014348129946617091,0.0,0,,1.9999999999999998,294.0,-0.03224959224462509,0.057514168322086404,0.08833979815244669,0.02042621374130249,-0.00638584047555929,-0.0368224456906318,0.034129187464713995,0.014263205230236095
3SZK_AB_C,3SZK,C,41,Y,A,70,V,2.8309533180259474,,H,0.0264787606406442,0.0055647790319776,0.0209139816086666,24,23,1,-1.15257246,-1.9250430299999999,0.007526488286489608,0.018440329251246307,1.0,1,2.4253082275390625,-5.5,283.0,-1.0522417947649956,-1.9179231002926826,-0.7663598582148552,-0.7843553274869919,-0.5773776844143867,-1.573917590081692,-0.9835176020860672,-1.5648871883749962
3SZK_AB_C,3SZK,C,44,F,A,7,K,2.0892398074152148,,H,0.0377711817503261,0.0448872444459947,-0.0071160626956685985,22,23,-1,-0.66204685,-0.7509520000000001,0.2551890064844633,0.028877631646890306,0.0,0,-7.16721725463867,6.699999999999999,283.0,-0.2958363890647888,-0.9009945243597031,-0.9517768621444702,-0.640718013048172,-0.5960400402545929,-0.8644759953022003,-0.9392403662204742,-0.10729217529296875
3SZK_AB_C,3SZK,C,70,T,A,11,K,1.3946948326973583,,H,0.017006828779726,0.0015770261777663,0.0154298026019597,26,25,1,0.10574766999999996,0.9653345,0.10036190351642271,0.02380222578481589,0.0,0,-14.856121063232422,3.2,283.0,0.5975813865661619,0.26761263608932495,-0.043254077434539795,0.48695802688598633,0.8321081399917603,-0.7058411240577698,-0.22564622759819036,-0.36353787779808044
3U82_A_B,3U82,B,45,I,B,31,T,2.594977772908507,,E,0.0,0.019027168142048,-0.019027168142048,24,24,0,1.05412303,0.9342394,-1.1541255409870224,-0.005649721427480298,0.0,0,-3.882911682128907,5.2,298.0,0.08025431632995605,-0.284806489944458,1.2737715244293213,2.0929486453533173,2.139554589986801,1.0607470870018003,1.136722445487976,0.9337925612926483
4B0M_A_BM,4B0M,M,40,L,M,63,F,1.9081297781204276,,E,0.0,0.0017340115703617,-0.0017340115703617,22,22,0,-0.18089464000000002,-0.21754710000000002,-0.026088228369823163,-0.008545079816135781,0.0,0,5.407661437988281,1.0,298.0,-0.23008544743061068,-0.3181771636009216,-0.2144052386283874,0.011420130729675293,-0.017260447144508417,-0.0455945432186127,-0.2950358986854553,-0.3380183726549148
4B0M_A_BM,4B0M,M,99,P,A,9,L,1.9149198716922284,,L,0.0843881765396628,0.0422133537102256,0.04217482282943719,18,17,1,0.20078896000000002,0.23993514999999999,-0.8462464728550824,-0.2628748953915859,0.0,0,19.855510711669922,-5.4,298.0,0.25701826810836786,0.1454935744404792,0.1802796870470047,0.2629759684205055,0.1814435645937919,0.146983414888382,0.1407086476683616,0.291408583521843
4BFI_A_B,4BFI,B,43,N,A,99,N,2.31664788750155,,L,0.0459766345060641,0.0339704785455259,0.012006155960538202,25,26,-1,3.5480962899999997,4.31830535,0.3102929889207737,0.0002663622579675007,0.5,0,-19.212844848632812,0.0,298.0,3.9840419366955757,2.7964181676506996,4.458628609776498,4.153519682586193,3.1868919879198074,2.914620377123356,3.632209151983261,3.258441038429737
4BFI_A_B,4BFI,B,91,L,A,31,L,1.3066250921680522,,E,0.0220585690062599,0.0191742466316161,0.0028843223746438003,24,23,1,-1.95849118,-1.7393200699999998,0.5507341971307227,-0.005383438589730782,0.0,0,12.918121337890627,0.0,298.0,-2.175287500023842,-2.2187611162662506,-1.2291374206542969,-1.8558509051799774,-2.2943331748247147,-1.9873757362365723,-1.7375046610832214,-2.169678643345833
4CPA_A_I,4CPA,I,37,V,A,127,R,2.3244915342611265,,L,0.0,0.0017659339891561,-0.0017659339891561,25,24,1,-0.32402609999999976,-0.29360750000000024,0.723351146408434,0.07510597584292289,-1.0,0,-27.63506317138672,8.7,298.0,-0.607200026512146,-0.054979562759399636,-0.7739245891571045,-0.32393598556518555,0.19716799259185813,-0.47041845321655273,-0.18495893478393555,-0.3739590644836426
4CVW_A_C,4CVW,C,27,R,A,541,N,1.8279050023298664,,L,0.07722204917812,0.0740717211620144,0.0031503280161056108,18,19,-1,-0.8313376799999999,-1.2528601400000001,1.883204515418242,-0.027301410723927694,-0.16666666666666669,0,-7.583686828613281,-1.0,298.0,-0.6977463364601135,-1.3225845992565155,-0.998934805393219,-0.5985320210456848,-0.9091083407402039,-0.479676991701126,-1.2193860709667206,-0.424732118844986
4CVW_A_C,4CVW,C,31,R,A,687,R,2.076536854194484,,L,0.1273695118076618,0.1262477323695389,0.0011217794381228885,20,21,-1,-0.74214324,-0.7488646999999999,1.8388608025365603,0.0019377930951803846,-0.3333333333333333,0,-7.084781646728516,0.0,298.0,-1.2767359614372253,-1.2591406106948857,-0.392513632774353,-0.3314121961593628,-0.21772104501724243,-1.2779313921928406,-0.40483462810516335,-0.7768567800521848
4FTV_ABC_DE,4FTV,A,65,R,A,166,E,3.5060282681686816,,H,0.2470410047081997,0.2252193796468594,0.021821625061340305,20,20,0,0.8876757999999999,2.5544785599999997,-0.4634333408955996,-0.02671025725052681,0.3333333333333333,0,-22.97602081298828,-1.0,298.0,0.7960634529590607,-0.0636821985244751,0.5014832913875581,2.704285681247711,0.6019641160964966,0.09305769205093373,0.6686274111270905,1.7996068596839905
4FZA_A_B,4FZA,A,213,Y,A,214,V,1.270214445054126,,H,0.0232324115191449,0.0648149874211296,-0.04158257590198469,20,19,1,1.3433003000000001,1.6840151999999997,0.06887658481273917,-0.07978305272853498,1.0,0,3.5593566894531232,-5.5,298.0,1.3093368411064148,1.5036078691482544,1.5480781197547917,1.0445765256881714,1.1262526512145994,1.9782614707946777,1.1133355498313904,1.1229528784751892
4FZA_A_B,4FZA,A,217,R,A,218,Q,1.0274367577011738,,H,0.0252390979432017,0.0702715415094286,-0.045032443566226904,22,23,-1,-1.7787742999999998,-1.5579217,0.0538445491208093,-0.02702038368740456,-0.16666666666666669,0,-2.4315414428710938,-1.0,298.0,-1.4106686115264893,-1.148682832717896,-2.3062944412231445,-1.8906097412109375,-2.013432025909424,-2.0351641178131104,-1.7127299308776855,-1.712611198425293
4G0N_A_B,4G0N,A,37,E,A,41,R,1.8006412824586262,-0.35374444863725935,L,0.1488684616464222,0.1690094407617663,-0.0201409791153441,18,17,1,-0.3215251000000001,-0.8340536999999999,0.006286080450557507,0.002828016403446404,-0.3333333333333333,0,-47.3211669921875,1.0,308.0,0.6571687459945681,-1.3825759887695315,0.06596827507019043,0.06104707717895508,-1.915319561958313,0.12680232524871804,0.2856231927871705,-0.4709130525588989
4G0N_A_B,4G0N,B,15,T,A,40,Y,1.8284227873616987,,E,0.0155576908057652,0.0292421582672858,-0.013684467461520598,24,24,0,-0.17145619999999995,0.44186229999999993,0.3633855849830603,-0.014950717999240998,0.0,0,4.604957580566406,0.6000000000000001,303.0,-0.427337646484375,-0.7283843755722046,-0.5917825698852537,0.13332676887512207,0.4798924922943111,-0.5215528011322021,0.5710264444351194,-0.28683900833129883
4G0N_A_B,4G0N,B,31,K,A,25,Q,2.200238060095798,,H,0.3160921943466954,0.3356617705128644,-0.019569576166169,15,15,0,2.4451322999999996,2.0978459999999997,0.07515763169423441,0.10345369766755028,0.0,0,-17.91366577148437,-0.3999999999999999,298.0,1.8821058273315425,2.622636795043945,1.8531641960144043,2.0264341831207275,2.8647947311401367,3.15517795085907,2.663802146911621,2.4929418563842773
4HFK_A_BD,4HFK,B,22,R,B,18,W,1.3915088644819469,,H,0.0324824264479058,0.0044087374039823,0.028073689043923496,27,26,1,-0.88462022,-1.08348734,1.077563110048007,0.00016983821086000161,0.3333333333333333,0,-0.1785430908203125,-3.6,298.0,-1.5136760622262952,-1.2773187905550003,-0.9589985460042955,-0.2477333247661591,-0.14765542745590213,-1.439369648694992,-1.232229769229889,-0.2599793076515198
4HFK_A_BD,4HFK,B,45,L,B,43,A,2.524333218946118,,H,0.0352814911243997,0.0060576040655872,0.029223887058812497,27,28,-1,-0.32806381,-0.58171841,0.16645202925015035,0.044916606857273306,0.0,0,,1.9999999999999998,298.0,-0.2565137445926666,-0.05875943601131439,-0.10677717626094821,-0.628313235938549,-0.30560389161109924,-0.3204959481954575,-0.11895579099655151,-0.8290912061929703
4HFK_A_BD,4HFK,B,46,E,B,38,D,1.1880396206308514,,H,0.0686660535261498,0.0365296419475758,0.032136411578574,24,23,1,4.154029019999999,5.531139075,-0.44988355846660416,0.026025687515086104,0.5,0,-0.7176513671875,0.0,298.0,4.438295058906078,3.6015284880995755,4.291909962892532,5.427382938563824,4.052082687616348,3.513379283249378,4.428805947303772,3.478847488760948
4HRN_A_D,4HRN,D,44,V,A,69,F,2.8106652758248662,,L,0.0,0.0001811533511458,-0.0001811533511458,28,28,0,-1.3610044499999998,-1.4017887,-0.6669864236254587,0.0392209318963615,0.0,0,-35.90707778930664,1.4000000000000004,298.0,-1.3339498639106748,-1.472979485988617,-1.8112857341766357,-0.9468157291412354,-1.343552052974701,-1.2086498141288757,-1.4570211172103882,-1.3137809038162231
4HRN_A_D,4HRN,D,47,F,D,13,E,2.4594608435335474,,L,0.2207436920692921,0.2382029995917731,-0.01745930752248101,19,20,-1,2.75260267,2.6249021,0.12349916255947346,-0.0057824138563269956,0.0,0,-11.33660125732422,6.3,298.0,2.647213637828827,3.44991174340248,3.4553131461143494,1.712103247642517,3.223922312259674,2.765093743801117,2.8232659101486206,1.9439972639083862
4I77_HL_Z,4I77,H,52,W,H,33,S,2.5700938940363596,,L,0.0315275883267761,0.0051584548169955,0.026369133509780603,23,24,-1,0.23534659999999996,-0.05778599999999989,0.2893110723740204,0.0027177932466612986,-1.0,0,-1.1977005004882812,-0.09999999999999998,304.0,0.40873992443084717,0.5356588363647463,0.186969995498657,0.2366819381713865,0.8177952170372009,-0.3854548931121826,0.29289901256561257,-0.2105168104171753
4I77_HL_Z,4I77,H,54,D,H,30,S,2.6192848491710157,,H,0.3275967732618883,0.3449110336949361,-0.01731426043304779,19,18,1,0.9785450200000001,1.1844363199999999,0.34204292857489343,-0.0491201724648494,0.5,0,8.809112548828125,-2.7,304.0,0.918616570532322,0.9127973020076751,0.7488961592316629,0.9404049813747407,0.8800015300512313,1.1516562029719353,1.3048285692930222,0.9711592569947244
4I77_HL_Z,4I77,L,95,N,Z,45,G,1.3801528344884093,,L,0.0361018124748346,0.022368959650144,0.0137328528246906,25,26,-1,-0.07605434999999999,-0.13271102,-0.2413210840655335,-0.007647836067762009,1.0,0,,-3.1,304.0,-0.04002831131219861,-0.19915451109409338,-0.0317950248718262,-0.0688544064760208,-0.1970223262906075,-0.01878473907709119,-0.029041737318038913,-0.023753844201564803
4J2L_A_CD,4J2L,C,17,W,A,31,F,2.2295846882352905,,H,0.0492197345387961,0.0269136391716127,0.0223060953671834,22,21,1,-3.1718657,-3.4156970000000006,0.30823184925169667,-0.03214325733047779,0.0,0,-4.331394195556641,-3.6999999999999997,298.0,-3.8887592554092407,-3.2005238384008408,-3.702911823987961,-3.8749296069145203,-2.6010303497314453,-3.384290337562561,-2.5408782958984375,-2.1815994977951054
4JEU_A_B,4JEU,B,3,R,A,261,V,1.127664041308761,,L,0.152299071260369,0.1482364977065149,0.004062573553854115,17,17,0,-1.0165996599999998,-0.9061968,0.5737906763941292,0.09525929023834781,0.0,0,24.473915100097656,-8.7,298.0,-1.5447404384613037,-1.460278570652008,0.4595509171485901,-1.8730458617210388,-1.240355968475342,0.18644797801971436,-1.4901531338691707,-1.1702216863632202
4JEU_A_B,4JEU,B,7,L,B,206,E,1.1084563032791506,,H,0.0545343831007301,0.0552322055273028,-0.0006978224265727015,17,17,0,-0.46500949999999996,-0.48142841,-0.7348581584508123,0.08011942699503061,-0.5,0,-16.301445007324215,7.3,298.0,-0.5577556639909744,-0.30221247673034674,-0.29562900960445404,-0.6959292441606522,-0.27568967640399944,-0.4708081930875778,-0.5889717936515808,-0.5330802351236343
4JEU_A_B,4JEU,B,215,I,B,101,Q,3.2402502019955364,,H,0.0,0.0122753822176008,-0.0122753822176008,24,25,-1,1.44608395,1.3308463,-0.26260079370868405,-0.0376440741275601,-0.5,0,8.2034912109375,8.0,298.0,1.665322124958038,1.0097824931144714,1.216635674238205,1.4009923040866852,1.7905712872743609,0.8836140334606171,1.7232540547847748,1.8784995675086975
4JFF_ABC_DE,4JFF,C,1,E,D,95,G,7.319559526108369,,L,0.0098526983413876,0.0062088930653262,0.0036438052760614003,25,26,-1,-3.54908003,-3.8914095900000003,0.3825077508424318,0.12551399946479197,0.5,0,,-3.1,298.0,-3.6161516755819325,-2.6321984380483623,-3.316472291946411,-3.574222818017006,-4.114470914006233,-4.293709799647331,-3.64592994004488,-3.199484720826149
4JFF_ABC_DE,4JFF,C,4,G,E,99,L,6.515296898776146,,L,0.0422124982366205,0.0272892941667416,0.014923204069878904,26,27,-1,-0.27834903999999994,-0.8135651100000001,-0.11093385608072015,0.019999767173827288,0.0,0,,-4.2,298.0,0.07095828652381903,-0.32191336154937744,-0.6636358052492142,-0.2152499705553055,0.020277485251426697,-0.8477433770895004,-0.29195183515548717,0.02246652543544772
4JFF_ABC_DE,4JFF,C,7,I,E,50,Y,6.426746198757867,,L,0.0,0.000837890864609,-0.000837890864609,25,25,0,3.00032273,3.10465546,-0.20742993368939644,0.028412075631810196,-1.0,0,-24.176261901855465,5.8,298.0,3.376776337623596,2.804779291152954,3.4130956828594208,3.2871929705142975,3.0120056867599487,2.741729259490967,2.422159433364868,2.944842576980591
4JFF_ABC_DE,4JFF,C,8,L,C,5,I,6.196110354356413,,L,0.0252643910099856,0.0117725498280444,0.0134918411819412,21,22,-1,-2.1902471,-2.07441006,0.3060378057611479,0.029772309859733198,0.0,0,8.069095611572264,-0.7000000000000002,298.0,-2.561272233724594,-1.533718764781952,-2.457274973392486,-2.271728366613388,-1.9716933071613316,-2.4488152861595154,-1.967058151960373,-2.310416281223297
4JFF_ABC_DE,4JFF,C,9,T,E,58,S,6.53152220613874,,L,0.0391572333998921,0.0423335353539969,-0.0031763019541048015,21,21,0,-3.4372257100000003,-2.90479404,-0.3965740669259274,-0.02647640757117281,0.0,0,-3.1580734252929688,0.10000000000000009,298.0,-2.8050920516252518,-3.795627772808075,-3.4628091901540756,-4.010146796703339,-3.7090449035167694,-2.7544642984867096,-4.177728831768036,-2.782892256975174
4KRO_A_B,4KRO,B,15,R,B,2,V,1.5832991719387786,,L,0.1386037850132884,0.1225107743212896,0.01609301069199881,22,21,1,0.060785199999999984,0.10735760000000005,-0.31210324464871464,0.12567773461918097,0.3333333333333333,0,-5.709796905517578,-8.7,298.0,-0.7047649621963501,0.17387640476226807,0.831193029880524,1.1468819379806519,-0.8176618814468386,0.016251444816589355,0.4149719476699827,-0.5744649171829224
4KRP_A_B,4KRP,B,105,E,B,107,D,1.6060447352220086,,L,0.167047876670003,0.1730397122255382,-0.005991835555535202,19,20,-1,-1.7149928,-0.8323258999999998,0.08970893493936649,0.0450182520419658,-0.5,0,0.0979690551757817,0.0,298.0,-1.295589804649353,-0.9915218353271484,-2.1594872921705246,-1.123281478881836,-2.015929192304611,-1.8528275787830353,-1.715981125831604,-2.565324276685715
4L3E_ABC_DE,4L3E,A,65,R,A,158,A,1.3011671118471222,,H,0.1421721801258646,0.1303410498624664,0.011831130263398215,23,22,1,-2.5026009300000003,-2.16297194,-0.2926322573672091,0.010612620046495491,0.3333333333333333,0,,-6.3,298.0,-3.587351083755493,-2.088687479496002,-3.0069330483675003,-2.152945190668106,-2.155026763677597,-2.245359033346176,-2.7107485234737396,-2.073757141828537
4L3E_ABC_DE,4L3E,A,155,Q,A,163,T,1.2584735016202362,,H,0.0402349651735726,0.0217108846512103,0.018524080522362298,25,24,1,0.18536639999999993,0.5352892,-0.30996645837122816,-0.02170842868972328,0.0,0,5.019649505615234,-2.8,298.0,0.6996601819992065,0.29922795295715376,0.1726773977279663,0.46330189704895,0.1615685224533081,-0.4209510087966921,-0.5639870166778564,0.6714334487915041
4L3E_ABC_DE,4L3E,A,166,E,D,27,R,1.2169732743791315,,H,0.3102598156221082,0.3425909962942554,-0.032331180672147186,18,17,1,0.2346144000000001,0.016749900000000206,-0.647629414218166,-0.0391795091245003,0.16666666666666669,0,-28.656740188598633,1.0,298.0,-0.4236527681350708,0.1023097038269043,1.2491118907928467,-0.03384137153625488,0.3305668830871584,0.9448515176773067,0.028168439865112305,-0.3205995559692383
4L3E_ABC_DE,4L3E,D,26,Y,C,8,L,2.7835618283803383,,L,0.0159764802285845,0.0082431480233286,0.0077333322052559,22,21,1,-1.7156099999999999,-3.8716535000000003,1.1024446962156154,0.009583964035454723,1.0,1,4.3613739013671875,-5.1,298.0,-2.134414792060853,-3.6521897315979004,-0.3688825368881228,-0.8491313457489014,-0.17415773868560813,-3.758792757987976,-2.326679706573486,-0.4606313705444336
4MNQ_ABC_DE,4MNQ,C,4,K,D,96,Y,4.933426404666148,,L,0.0182510972037124,0.012032052357827,0.006219044845885398,26,26,0,-2.0227927,-1.0821809,0.14248247470370878,-0.11096131402026538,0.0,-1,6.364585876464844,-2.5999999999999996,298.0,-1.2007899284362793,-1.646581530570984,-1.9944969415664673,-1.3751676082611088,-2.7920703887939453,-1.8974870443344116,-2.752029061317444,-2.5237196683883667
4MNQ_ABC_DE,4MNQ,C,6,L,D,91,A,4.14712203343936,,L,0.0253920310462841,0.0239231621718939,0.0014688688743902008,24,25,-1,-0.22473239999999994,0.17201890000000009,-0.39422993463476774,0.07742901944509309,0.0,0,,1.9999999999999998,298.0,-0.29817628860473655,-0.1222999095916748,-0.5491681098937984,0.16868245601654075,-0.3319135904312134,0.157889842987061,-0.3767033815383911,-0.4461684226989746
4O27_A_B,4O27,A,88,K,B,118,Y,1.024414289084085,,H,0.1598309737434917,0.1629039255379071,-0.0030729517944154128,18,18,0,0.4479124000000001,0.8179075,-0.9083281873034033,0.02616948382113743,-1.0,0,5.7947845458984375,-2.5999999999999996,298.0,-0.14469325542449973,1.0899516344070435,0.7058651447296143,0.5067216157913208,0.8853470087051392,-0.2542973756790159,0.5386416912078857,0.25576329231262207
4O27_A_B,4O27,A,215,Y,A,216,V,1.1947757783935136,,H,0.0878370140862499,0.0918323193316469,-0.003995305245396999,20,21,-1,2.97468508,2.45244055,0.14190029234199653,-0.09055409337215709,0.0,0,11.132553100585938,-5.5,298.0,3.0428478121757507,2.171656906604767,1.7595496773719788,2.8919471502304077,3.7924643456935883,3.189296990633011,3.544733017683029,3.404984623193741
4OFY_A_D,4OFY,A,34,Q,A,87,S,1.1762294551826238,0.14209558868467176,L,0.012054481648668,0.0009578644168893,0.0110966172317787,25,25,0,-0.41785020000000006,-0.7939364800000002,-0.3576338062658777,0.026805053769589582,-0.5,0,9.773895263671875,-2.7,298.0,-0.49877625703811623,-0.3724021315574646,-0.12710395455360413,-0.6801055073738098,-0.23316514492034912,-0.11419233679771429,-0.7921183705329895,-0.5249390602111816
4OFY_A_D,4OFY,D,34,Q,A,36,M,2.8692159988027166,0.08407289665825735,E,0.0101308383521464,0.0168023409247569,-0.006671502572610498,24,25,-1,2.0551442499999997,0.8015132999999999,0.383235156121022,-0.03303188112515032,1.0,0,7.195945739746094,-5.4,298.0,3.240173816680908,2.3471215963363647,1.5270177125930786,2.3195700347423553,3.30790776014328,1.2260720729827879,2.455582320690155,0.017708659172058328
4OFY_A_D,4OFY,D,42,L,A,41,G,2.5667118722837503,,L,0.0064291022361753,0.0154529259292368,-0.0090238236930615,29,28,1,2.0649016,1.6535362999999998,-0.28892601492008674,-0.048093282723380315,0.0,0,,4.2,298.0,4.173691213130951,4.123712539672852,2.8358859419822693,2.399121999740601,4.1163365840911865,-0.94393515586853,2.450085163116455,-2.635683596134186
4OFY_A_D,4OFY,D,96,R,D,40,G,3.419674805388326,,L,0.3209612540599458,0.3490366218720657,-0.02807536781211989,14,15,-1,-1.4129408700000001,-1.7640331999999999,-0.055201760588477256,-0.0038323612987860023,0.0,0,,-4.1,298.0,-1.1047441512346265,-1.4620589017868042,-1.8932138085365295,-1.2202189788222313,-1.6750746443867683,-1.3239952772855759,-1.5368621572852135,-1.0873586758971214
4OZG_ABJ_GH,4OZG,G,50,L,G,48,H,1.165761296968809,,L,0.0949437104287705,0.0846963337525759,0.010247376676194603,17,17,0,2.846438025,3.019879,0.5333974434729297,0.032280946574055,-0.5,0,-22.75102996826172,7.0,293.0,2.608264781534672,2.7147629633545876,3.0485518649220467,2.5519768372178078,3.0079410374164586,3.254626326262951,2.576156497001648,3.0092241764068604
4P23_CD_AB,4P23,C,40,K,D,75,E,1.1931987157495938,0.17036148930942865,H,0.3189832174233397,0.3259310754697586,-0.006947858046418898,13,12,1,0.627942,0.39749104999999985,-0.052825177148833224,-0.09048168862241479,0.0,0,1.3753547668457036,-0.3999999999999999,298.0,0.6924271881580353,0.8803130686283112,0.3404642343521118,1.0230188369750979,0.16780316829681396,0.7206095457077026,1.0177508294582367,0.18114906549453735
4P23_CD_AB,4P23,C,66,V,C,59,G,1.16627650370749,,H,0.0,0.0041317962133278,-0.0041317962133278,23,23,0,1.5743089000000001,2.87423532,-0.1561633884403799,-0.026156839135601906,0.0,0,,4.6000000000000005,298.0,0.5003426000475883,3.1040369793772697,3.220505997538566,0.5536664873361588,0.40410143882036215,1.2101323008537292,3.2146506905555725,0.38703492283821106
4P23_CD_AB,4P23,D,2,E,B,97,D,1.16627650370749,,L,0.153829194664903,0.1549516847454785,-0.0011224900805754945,17,16,1,0.6624117999999999,-0.39368859999999994,0.38741934928673194,-0.09546098957456012,0.0,0,2.7758026123046875,0.0,298.0,0.729445219039917,1.054862529039383,0.794004499912262,1.097641944885254,-0.5162009000778198,0.07484149932861328,0.9006878137588501,1.1640119552612305
4P23_CD_AB,4P23,D,5,K,D,8,A,2.2296234426394665,,L,0.0068342981245232,0.0023755751504213,0.0044587229741019,26,25,1,-3.263268,-3.0738892,0.16435795653594454,-0.034133797279002204,0.0,0,,-5.7,298.0,-2.9677774906158447,-2.6015162467956543,-2.9648547172546387,-4.249165296554565,-4.1051424741745,-2.6601028442382812,-3.400797665119171,-3.156788468360901
4P23_CD_AB,4P23,D,7,K,D,4,Q,2.567194198281374,0.6826014437951471,L,0.0734755875739947,0.0975773824758899,-0.024101794901895207,26,26,0,0.5129474000000003,0.43913840000000004,-0.5637462911498532,0.09788300152514928,0.0,0,-33.88816452026367,-0.3999999999999999,298.0,0.9584212303161621,0.6442899703979497,0.6607732772827148,0.646241664886475,0.8349907398223877,-0.01752781867980957,0.029999256134033203,0.3463914394378662
4P23_CD_AB,4P23,D,79,R,C,58,Q,2.0705851792448766,0.9725053785217762,H,0.1433889593805054,0.1438435349416142,-0.0004545755611088109,18,18,0,2.54782654,2.02874794,0.5032707800577562,0.09352396539083963,-0.16666666666666669,0,11.300300598144531,-1.0,298.0,2.2603026628494263,2.4224555492401127,3.1512282490730286,2.712843477725983,2.1655409336090092,2.4658873677253728,2.4163044095039368,2.7880487591028214
4P5T_CD_AB,4P5T,C,61,L,D,81,A,1.0095291007048206,,H,0.0820095062112072,0.0886421919657476,-0.006632685754540402,17,17,0,0.3775342999999999,0.7490704400000001,0.17225808945524967,-0.0011089110468303076,0.0,0,,1.9999999999999998,298.0,0.2689700126647949,0.15763974189758279,0.15572631359100353,0.47877776622772217,0.7829446196556091,0.3645848035812378,0.4751436710357668,0.3364868760108948
4P5T_CD_AB,4P5T,D,7,K,A,95,S,1.5485443304610826,,L,0.024007007705105,0.0101041597615297,0.013902847943575299,26,26,0,1.5101439,0.8309170999999997,-0.8262709557571768,0.11942344268304511,0.0,0,-1.2727890014648438,-3.0999999999999996,298.0,1.4632428884506226,1.377901554107666,1.0395046472549434,1.7275441884994507,1.4680917263031006,1.2006696462631226,1.9075071811676025,1.896689534187317
4P5T_CD_AB,4P5T,D,78,R,B,94,F,2.073568493729729,,H,0.0480626167196056,0.0518226783911804,-0.003760061671574798,22,23,-1,1.1090758699999999,1.0837845000000002,-0.3544728381124416,0.09687710136482897,0.3333333333333333,0,-9.072319030761719,-7.3,298.0,0.9650815725326536,1.9466243535280228,1.8290280401706696,1.3995061367750168,1.184774398803711,0.2636036276817322,0.8886195570230484,0.39537036418914795
4PWX_AB_CD,4PWX,A,194,F,A,201,E,1.7284574247898898,,H,0.0160185257629684,0.0570712995032612,-0.0410527737402928,18,19,-1,-2.4183043000000004,-0.7699613999999997,-0.4525704084094052,-0.006752265261341428,0.0,0,19.0718994140625,6.3,298.0,-0.3771028518676758,-2.3431966304779053,-3.2179951667785645,-1.444991111755371,-3.714991509914398,-3.99121230840683,-1.2693972587585454,-2.987547814846039
4PWX_AB_CD,4PWX,A,198,Y,C,20,Q,1.7284574247898898,-0.17771794009516576,H,0.106214321299363,0.1058278069149864,0.0003865143843765906,22,22,0,-0.727103,0.11294770000000032,-0.8771062035726054,-0.10502756583708717,0.0,0,6.699104309082031,2.2,298.0,-1.3970456123352046,-1.2458500862121582,-1.1140449047088623,0.9827506542205815,-1.3275237083435059,-1.5974147319793701,-1.303249359130859,1.1855533123016353
4PWX_AB_CD,4PWX,C,16,Y,C,60,D,1.1444566316659752,,H,0.127870786055236,0.1021953990743816,0.025675386980854392,22,22,0,-2.0186360000000003,-1.6473059999999995,0.4205873899113348,-0.02187585796756014,0.0,0,34.99838256835938,2.2,298.0,-2.0095601081848145,-2.387952208518982,-1.4887287616729736,-2.914411783218384,-1.9440925121307369,-1.7630505561828609,-1.6108789443969729,-2.030411720275879
4PWX_AB_CD,4PWX,C,28,R,A,202,R,1.7284574247898898,,H,0.3182612066241613,0.2797803130391488,0.0384808935850125,17,17,0,-0.6543036000000002,-0.5749025999999999,2.7845121884092716,0.11619020450652495,0.0,0,2.4101600646972656,0.0,298.0,-0.009311676025391069,-0.6463035345077517,-0.66254711151123,-0.8968405723571782,-0.21755647659301802,-1.3284779787063603,-0.37089407444000244,-1.1024990081787114
4RS1_A_B,4RS1,A,28,D,B,147,T,2.5910689357937766,,L,0.0711104725858224,0.0783877357378502,-0.007277263152027799,17,18,-1,3.2130781500000003,3.04963055,-0.3001227360251212,-0.005360533385598304,-0.5,0,13.021377563476564,-2.8,298.0,3.300043076276779,3.3394094705581665,3.172668725252152,3.1015546917915344,3.255388498306274,3.279636651277542,3.2295579314231873,3.026366502046585
4RS1_A_B,4RS1,A,92,D,B,254,R,1.8652904606257341,,H,0.0488856022398117,0.0405566606526799,0.008328941587131801,17,18,-1,-2.01159816,-2.10135975,0.9180605900851656,-0.04466000965771749,-0.16666666666666663,0,-1.9309234619140607,1.0,287.5,-2.0250581800937653,-1.8890490531921387,-1.7658774256706238,-2.5050267577171326,-2.1271074414253235,-1.8560855984687805,-1.403737157583237,-2.5208418965339665
4RS1_A_B,4RS1,A,99,F,B,205,S,3.624700968480194,0.615713967495489,L,0.0611564720017926,0.0646143785234244,-0.003457906521631804,16,17,-1,-1.8235391099999998,-2.2309890599999997,-0.2782571266634406,-0.04871371474621222,0.0,0,-16.211875915527344,3.5999999999999996,298.0,-2.508692190051079,-0.8944476842880252,-2.0599140524864197,-1.7154414951801298,-1.3087523132562637,-1.9703586548566818,-2.959677815437317,-1.1710287034511566
4YEB_A_B,4YEB,B,131,F,B,37,Q,2.4163831684447996,,L,0.01804146003205,0.0159413773170315,0.002100082715018499,23,22,1,0.39246420000000004,0.9601211999999999,-0.47799536123314534,-0.04424387203848559,-0.5,0,0.3128395080566406,6.3,298.0,0.6478462219238286,0.424293994903564,1.3193368911743166,0.3549990653991699,0.04928112030029341,-0.14179658889770508,0.9554648399353027,-0.4697139263153076
4YFD_A_B,4YFD,B,4,W,A,169,R,1.1320943862080435,0.15937440841854456,L,0.0351811283433972,0.0374133197900652,-0.0022321914466680026,23,23,0,2.58186917,2.25355945,-1.121353836403944,-0.04589634568491391,-0.3333333333333333,0,-24.383132934570312,3.6,298.0,1.9358673095703125,1.8711559772491455,1.9613720774650574,2.3104742765426636,2.9557681679725643,3.124287396669388,4.418292462825775,2.077734172344208
4YFD_A_B,4YFD,B,71,K,B,62,F,1.4744243852779593,,L,0.0461024855783216,0.0421219354095514,0.003980550168770199,19,18,1,-0.8948539499999999,-1.56436696,-0.7744996349867309,0.002799539193794498,1.0,0,14.369503021240236,-6.699999999999999,298.0,-1.5876719951629639,0.2569342255592346,-1.370990514755249,-1.294708251953125,-0.970516622066498,-1.274634301662445,0.08679616451263428,-1.0040413737297058
4YH7_A_B,4YH7,A,246,Y,B,91,R,1.034133866497952,,E,0.0499602995608007,0.0376069205479438,0.012353379012856894,20,21,-1,2.6216852,1.2003618999999999,0.3114806025568726,-0.04384029818652191,-0.6666666666666666,0,9.905441284179688,3.2,298.0,3.221087098121643,1.2276520729064941,2.500156044960022,2.7206223011016846,3.2178114652633667,1.4631646871566772,2.8063199520111084,3.8166658878326416
4ZS6_HL_A,4ZS6,A,156,E,A,159,D,3.0386657301602105,,L,0.0928261369653335,0.04843743472858,0.044388702236753494,19,20,-1,-2.523804,-2.67059915,0.18318011062848094,0.029066041172068513,-0.5,0,-19.817962646484375,0.0,298.0,-2.178555577993393,-2.5578930974006653,-2.651955842971802,-2.7864359021186833,-1.9410779476165771,-2.6121598482131962,-2.7854209542274475,-2.676932454109192
5C6T_HL_A,5C6T,H,99,F,A,193,G,1.4600294695006892,,L,0.0619250988539416,0.0845069064947428,-0.022581807640801192,16,17,-1,-1.9078496,-1.8602346,0.31794048433866656,0.05024197593633434,0.0,0,,3.1999999999999997,298.0,-2.819885730743408,-1.9715730547904968,-2.353967010974884,-2.1881312131881714,-0.05046415328979492,-1.620676875114441,-2.1812483072280884,-2.076850950717926
5C6T_HL_A,5C6T,A,194,E,H,100,F,1.0906715831054934,,L,0.0929939095535083,0.0833447979395894,0.00964911161391889,20,20,0,3.3560136000000003,3.1555683000000005,-0.7313010246080854,-0.05760460059300121,0.0,0,-17.66580200195312,-6.3,298.0,2.968723177909851,3.111150026321411,3.9037542939186096,3.5283841490745544,3.6961507201194763,2.911539852619171,3.5328633785247803,3.1955413222312927
5C6T_HL_A,5C6T,A,199,F,H,32,S,2.758178513868998,-0.8683452699720843,L,0.0066866958734681,0.0159155681023819,-0.0092288722289138,19,19,0,0.4009066,0.13198500000000002,-0.6086726098988133,-0.025170822749099042,-1.0,0,-25.988677978515625,3.5999999999999996,298.0,1.0911939442157745,0.44344580173492454,0.422201931476593,0.5786188244819639,-0.2189086079597472,0.28768545389175415,0.20666170120239258,0.39635312557220465
5F4E_A_B,5F4E,A,139,R,A,137,A,1.4646556504443715,,L,0.0963542679266864,0.105492423020603,-0.009138155093916592,20,21,-1,-0.4876358999999999,-0.8951149000000003,0.16016642026164873,-0.02280260833142339,0.6666666666666666,0,,-6.3,293.0,0.3789374828338623,-0.19643974304199263,-1.049530029296875,-0.9165744781494141,-0.1291794776916504,-0.3398616313934326,-0.8632345199584961,-0.7852027416229248
5F4E_A_B,5F4E,B,26,E,B,58,F,1.4241995776985283,,H,0.106477896579081,0.0605870747341118,0.0458908218449692,19,18,1,0.11640570000000006,-0.15485740000000003,0.1848248726485488,0.03347308384531039,0.0,0,23.063007354736325,-6.3,293.0,-0.12201786041259766,-0.19568371772766113,0.011967182159423828,0.19977283477783203,-0.2053241729736328,0.3400156497955322,0.7067537307739258,0.19576025009155273
5F4E_A_B,5F4E,B,43,W,B,68,R,1.0546542005909838,,H,0.0802057593461975,0.0432995942389553,0.036906165107242206,20,21,-1,-0.25409229999999994,-0.05519940000000001,0.37106130179825536,-0.010544915545091987,0.0,0,12.404144287109375,3.6,293.0,-0.8422895371913908,0.1541461944580078,-0.1875596046447754,-0.4269068241119386,-0.5899018049240112,0.37953829765319824,-0.4286507368087771,-0.09111452102661133
5F4E_A_B,5F4E,B,62,L,A,120,V,2.9336654109516216,,L,0.0484754270074669,0.0716163639394781,-0.023140936932011198,23,24,-1,2.3326577000000004,1.7639283,-0.013155276339110178,0.028697956573182692,0.0,0,7.534290313720703,-0.40000000000000036,293.0,1.74127596616745,2.173627018928528,2.635358303785324,3.151318848133087,1.9904950857162476,3.034349232912064,2.1371406614780426,1.7976962924003606
5K39_A_B,5K39,B,148,I,A,97,W,2.1898670998026213,,H,0.0281609799673333,0.0437764956505262,-0.015615515683192902,24,23,1,-0.169032065,-0.263964125,0.20589631769293204,-0.02980109212811552,-1.0,0,0.3748893737792969,5.4,318.0,-0.07871127873659141,-0.15859969705343252,-0.1060264632105828,-0.1951186880469323,-0.24992943555116648,-0.2330470904707909,-0.20688068121671682,-0.1239431872963905
5M2O_A_B,5M2O,B,21,V,B,18,S,2.524718411022802,0.04860160977052419,H,0.0,0.0,0.0,28,27,1,0.067654456,0.054986384,0.059826206925125525,-0.002249402414288393,-1.0,0,-10.560287475585938,5.0,308.0,0.08406556397676469,0.07371405512094499,0.03434948623180391,0.08524610102176661,0.048263251781463706,0.09458391368389131,0.0554942712187767,0.0655190870165825
5M2O_A_B,5M2O,B,25,Q,B,61,Q,1.182801156826777,-0.162971634777618,H,0.006772307128998,0.0136086929765737,-0.006836385847575701,25,24,1,1.31046927,0.8193234,0.5959369849761398,0.013439746738266284,0.0,0,-2.448028564453125,0.0,308.0,0.953486829996109,1.4824462234973907,1.0433462113142014,1.5104127526283266,1.5444500744342804,1.1349233388900757,1.3547786027193072,1.4599095880985262
5M2O_A_B,5M2O,B,32,K,A,78,K,1.0988260155473215,,H,0.4926827203930774,0.5085509382189003,-0.015868217825822872,11,11,0,1.2201488,1.20063224,-1.351812940184847,0.1254719451363375,0.0,0,1.3359947204589844,0.0,308.0,1.3124473690986633,0.6682544946670532,0.9619191884994507,0.9552602767944336,1.2083555161952972,1.8040958642959595,0.9541881084442139,1.8966683447360992
5TAR_A_B,5TAR,B,86,E,B,88,W,1.1260183153599006,0.3841487812395772,E,0.0802181766324594,0.1209213076915606,-0.0407031310591012,17,16,1,1.3800349,1.0171911999999999,-0.0817454653918231,0.007880801506064627,0.5,0,20.173023223876953,-2.6,298.0,0.5644280910491943,1.2778453230857847,0.8552042245864868,0.4809331893920896,1.7806832492351532,1.9088183641433716,2.130415976047516,2.041950285434723
