complex_id,pdb,hot_chain,hot_resnum,hot_aa,ctl_chain,ctl_resnum,ctl_aa,hot_ddG,ctl_ddG,ss,hot_rsasa,ctl_rsasa,d_rsasa,hot_nbr,ctl_nbr,d_nbr,d_logp,d_logp_unc,d_bfac_z,d_gnm,d_buried_polar,d_unsat_polar,d_chi1_strain,d_hydro,d_T,d_logp_o0,d_logp_o1,d_logp_o2,d_logp_o3,d_logp_o4,d_logp_o5,d_logp_o6,d_logp_o7
1A22_A_B,1A22,A,45,L,A,48,P,1.2239685806665281,0.41047252261649486,H,0.0078746320526072,0.0411661732051074,-0.0332915411525002,19,17,2,-1.43669607,-2.74141256,-1.537741007212235,-0.03834823558711148,0.0,0,-13.981595993041992,5.4,298.0,-2.742784805595875,-0.890527866780758,-1.3377123251557352,-0.6659658178687096,-2.765098676085472,-0.6066557615995408,-0.7680731788277626,-1.7167506888508794
1A22_A_B,1A22,A,161,K,A,153,Y,1.7783553349035608,0.34807942940459446,H,0.0484401024687262,0.0157044969044476,0.032735605564278604,25,23,2,-0.1864823000000002,-1.2729727,-0.022823171591762392,-0.011843376957257706,-1.0,0,8.306121826171875,-2.5999999999999996,298.0,0.3361724615097048,-0.41896271705627486,-1.7472764253616333,0.4931492805480957,0.8211711645126343,0.0556483268737793,-0.9924142360687256,-0.03934657573699929
1A22_A_B,1A22,A,164,T,A,157,K,1.9061753648850552,-0.0523514858914572,H,0.0370104706823938,0.0254298447343707,0.011580625948023098,26,24,2,0.028954399999999936,0.2779183999999999,-0.8920269765089116,-0.019094118952736105,-1.0,0,-6.635742187499999,3.2,298.0,0.1818256378173828,-0.2995274066925049,-0.625799775123596,0.13347995281219482,0.7709192037582395,0.40947961807250977,-0.346565842628479,0.007822751998900923
1A22_A_B,1A22,A,167,R,A,163,E,2.4246162835990783,-0.9096298939368896,H,0.1340808914566766,0.1070444477240689,0.02703644373260769,25,26,-1,2.0128065,2.20850094,0.43907006463712583,0.0222463699360384,0.3333333333333333,0,1.309906005859375,-1.0,298.0,2.3707920014858246,1.758974552154541,2.4465081691741943,1.7596431970596313,1.7238082885742188,1.9934205412864685,1.7251256108283997,2.324181020259857
1A22_A_B,1A22,A,171,C,A,25,F,1.0189540212285182,-0.4312531345396917,H,0.1325049166052408,0.1342833389802677,-0.0017784223750269001,21,19,2,3.8721913999999997,3.945833,0.03320858620865974,-0.004962875062802491,0.0,0,1.0445289611816406,-0.2999999999999998,298.0,3.457022190093994,4.090927444398403,4.134876348078251,3.915857672691345,3.5673335790634155,4.353038713335991,3.8842840418219566,3.574190378189088
1A22_A_B,1A22,B,11,R,B,174,S,2.115299745535946,0.03384845091440465,L,0.0131872979573719,0.060338991368405,-0.047151693411033105,24,22,2,1.3496495,0.528178,-1.4308481091292937,0.005136351399584599,0.6666666666666666,0,5.947372436523441,-3.7,298.0,1.7001333832740784,0.3409662246704106,2.2503271698951726,0.5152568817138672,1.8265266418457031,1.2763023376464844,1.8783679008483887,1.0093166828155522
1A22_A_B,1A22,B,12,E,A,178,C,1.6919638487429767,,L,0.1690911202624688,0.1362761256955667,0.032814994566902095,21,19,2,-2.1677153,-1.4268208599999999,-1.7536937448918861,-0.06095598312160022,0.0,0,3.6881065368652344,-6.0,298.0,-2.567785657942295,-1.89203292131424,-1.806273639202118,-2.6983005926012993,-2.877785250544548,-1.2708330154418945,-1.9416320323944092,-2.2870790734887123
1A22_A_B,1A22,B,60,T,B,30,R,1.4230269375004536,0.5673317649079936,L,0.0217324195363067,0.040346957466585,-0.018614537930278303,22,22,0,-0.07483821999999998,-0.23056411999999998,-2.199362364658793,-0.042845265173028696,0.33333333333333337,0,-24.724384307861328,3.8,298.0,0.03068740665912631,-0.2906459122896194,0.1225287020206452,-0.0355862677097321,-0.31086745113134395,0.05286343395709989,-0.23683300614356995,0.0691471695899964
1A22_A_B,1A22,B,62,I,B,123,G,1.607144483940179,,L,0.006143468069833,0.0222649581709797,-0.0161214901011467,25,23,2,-4.50819414,-4.20339087,0.3291732227950134,0.018638403399541592,0.0,0,,4.9,298.0,-4.721200987696648,-4.197652831673622,-4.761495977640152,-4.760305315256119,-4.90334028750658,-4.581051386892796,-3.6107229813933372,-4.529785454273224
1A22_A_B,1A22,B,63,W,B,61,S,4.681416547066253,-0.18208834128065177,L,0.0217853758949312,0.0267030935523951,-0.004917717657463898,20,21,-1,1.9794292,2.1566145000000003,-0.2155433402282051,-0.026578409679190007,1.0,0,-11.697612762451175,-0.09999999999999998,298.0,1.7038462162017822,1.7297673225402828,2.919586181640625,1.762290239334106,1.7861871719360352,1.6344013214111326,2.213873744010925,2.0854827165603638
1A22_A_B,1A22,B,65,P,B,83,S,2.964936070743077,0.2258387121583183,L,0.0016721074018139,0.0134475406244215,-0.011775433222607599,22,20,2,1.0691106000000001,0.6881774999999999,-0.6952805753823491,0.0011696523647920787,0.0,0,27.730436325073242,-0.8,298.0,0.41131162643432606,1.159075140953064,0.9284797310829163,1.451977908611298,0.5076227784156802,0.36880379915237405,1.5963342189788818,2.129279136657715
1A22_A_B,1A22,B,120,I,A,62,S,2.1534296321485966,0.3971126623944804,L,0.162896623769617,0.1457744761707761,0.017122147598840898,17,17,0,2.7673002,2.8047991999999997,-0.4239605140263849,0.00362921576344849,0.0,0,24.873588562011722,5.3,298.0,3.005151093006134,2.4268670082092285,2.6494742631912236,2.993699610233307,2.4422707557678223,3.025332272052765,2.691528677940368,2.9040805101394653
1A22_A_B,1A22,B,124,W,B,81,C,4.729537319129406,0.0,L,0.0025899575047831,0.015209366119814,-0.0126194086150309,22,22,0,0.45514483000000006,1.34411159,-0.40466729096381704,-0.0287256955465581,1.0,0,12.621681213378906,-3.4,298.0,-0.1964453831315041,-0.15325409173965449,1.3142995983362198,1.5424658507108688,-0.14041970670223242,1.4001714885234833,-0.0631757751107216,-0.06248274445533751
1A4Y_A_B,1A4Y,A,263,W,A,291,A,1.170849396491051,,H,0.0099683152668705,0.0369008507996815,-0.026932535532811,26,26,0,-1.6569585999999998,-1.681197,-0.12002266933439087,-0.0011971338819453947,1.0,0,,-2.7,298.0,-1.8313102722167969,-1.6594324111938477,-2.2909252643585205,-2.3893911838531494,-1.8279476165771482,-1.0031030178070068,-1.397970199584961,-0.8555889129638672
1A4Y_A_B,1A4Y,A,318,W,B,40,K,1.5000732434540465,,L,0.0206164068933458,0.0089497545082013,0.011666652385144501,25,26,-1,-2.4005088,-2.4115678999999997,0.38428324602548214,-0.1760704004912807,-1.0,0,26.948375701904297,3.0,298.0,-3.1094253063201904,-1.4822072386741638,-1.3935130834579468,-3.5520611405372624,-1.8491239547729506,-2.8900803923606873,-2.203296720981598,-2.7243610620498657
1A4Y_A_B,1A4Y,A,375,W,B,117,Q,1.0348984717336767,,L,0.0148977266780777,0.0124237492714951,0.0024739774065825997,24,22,2,-0.12501929999999994,-0.20186420000000016,-0.23420375483768685,-0.1358282339024957,0.0,0,-4.29755783081055,2.6,298.0,-0.01975393295288086,-0.4273357391357422,-1.0515179634094238,0.09112071990966797,0.06328487396240234,-0.295562744140625,-0.7146942615509035,1.3543074131011963
1A4Y_A_B,1A4Y,A,434,Y,B,38,P,3.2605541973048746,,H,0.0336793282398424,0.0487711851066485,-0.0150918568668061,21,21,0,-1.748857435,-1.93266898,-1.0652574603145086,-0.09374285737207738,0.0,0,-10.577186584472656,0.30000000000000004,298.0,-1.580648846924305,-1.6506765484809875,-2.187164530158043,-2.44439447671175,-1.6101757809519768,-1.6166089475154877,-1.243705153465271,-1.6574861630797386
1A4Y_A_B,1A4Y,A,435,D,A,406,N,3.4839828127111745,,H,0.1230589383999891,0.1152845100153886,0.007774428384600504,22,24,-2,2.2177622,2.0133967000000004,-0.18212583036538899,0.008514110587709678,0.5,0,9.336570739746092,0.0,298.0,2.023191332817078,2.8759997487068176,1.5368869304656982,1.5798711776733398,3.0124605298042297,1.5398123264312742,2.6144676208496094,2.559408575296402
1AHW_AB_C,1AHW,C,145,Y,B,59,I,3.8053425216717396,,E,0.0163023752781492,0.0111679040838254,0.005134471194323798,22,22,0,0.5193363000000001,1.0016471399999998,0.7211413473875047,0.0364048341710827,1.0,0,-10.902854919433594,-5.8,298.0,1.0225698947906494,-0.13684612512588468,0.2898312211036682,0.4457314610481262,0.9450400471687317,0.12498468160629272,0.38296210765838623,1.080415606498718
1AHW_AB_C,1AHW,C,159,T,B,33,Y,1.1057706448311257,,E,0.0394974398220036,0.0423690718618651,-0.002871632039861502,22,24,-2,3.5464299,3.5913646000000004,0.5087689424562142,0.0614806939792546,-1.0,0,9.21999359130859,0.6000000000000001,298.0,2.5350887179374695,3.712052822113037,4.054992079734802,4.2086315751075745,3.8248401880264282,3.1524887084960938,3.59386545419693,3.289479374885559
1AHW_AB_C,1AHW,C,186,T,A,1,D,1.345881678138192,,L,0.5884115707496431,0.6378769007131782,-0.04946532996353503,14,12,2,0.5305738,0.8823591,-1.526749907645982,-0.13718802907129468,0.0,0,-27.15157699584961,2.8,298.0,0.6403820514678955,0.7860302925109863,0.23466062545776367,0.6513657569885254,0.6956537961959834,0.4196711778640747,0.3441040515899658,0.47272229194641113
1AK4_A_D,1AK4,D,85,P,D,95,Q,1.0852303196520656,,L,0.467264625701016,0.4866558360701683,-0.019391210369152312,14,12,2,2.03142896,2.09626266,-2.3734732632598297,-0.1867414334186642,0.0,0,22.017534255981445,1.9,298.0,1.9922624826431274,2.07365883141756,1.9040851369500162,2.1338698714971542,2.164624474942684,1.9626526311039925,1.944261595606804,2.0760172680020332
1AK4_A_D,1AK4,D,90,P,A,72,G,2.1720377019480512,,L,0.0033900605813945,0.014453876826291,-0.0110638162448965,21,20,1,-0.005323949999999994,-0.006390280000000012,0.16883767447647202,0.11558598325124683,0.0,0,,-1.2000000000000002,298.0,-0.005460739135742201,-0.0063276290893554965,-0.00295086950063711,-0.005696065723896096,-0.007047727704048198,-0.003118507564067799,-0.006064534187316908,-0.005925506353378296
1AO7_ABC_DE,1AO7,A,65,R,E,96,A,3.130316345563444,,H,0.2714152030950879,0.2572271141810967,0.014188088913991148,19,20,-1,1.3432874300000002,1.6771247000000002,-0.125276170414941,0.056570987522628596,0.3333333333333333,0,,-6.3,298.0,1.0928164571523666,1.1936763525009155,1.1585693359375,1.6854957342147827,1.6824990510940552,1.507225438952446,0.9851546287536621,1.4408621788024902
1AO7_ABC_DE,1AO7,A,66,K,A,155,Q,2.9335391804775357,0.3048959920992254,H,0.0198945610741784,0.0429774222316814,-0.023082861157502996,26,24,2,-0.34685045999999997,0.042231200000000024,-0.803667654012847,0.0003585381584891856,0.0,0,-33.88408660888672,-0.3999999999999999,298.0,-1.0469280481338505,-0.45834779739379894,0.08794134855270386,-0.523511677980423,-0.03250861167907715,0.029785871505737305,-0.3265419006347656,-0.5046927332878113
1AO7_ABC_DE,1AO7,A,166,E,A,72,Q,2.0273056316710423,0.18687245978083727,H,0.205784131794999,0.222726210119998,-0.016942078324999,17,19,-2,0.8208816000000001,-0.14335679999999984,0.7291362899814614,0.010123507557254996,0.0,0,11.676345825195312,0.0,298.0,0.9776459932327273,0.9546813964843748,1.7150819301605225,0.01941299438476518,0.74931263923645,0.9148545265197752,0.5748088359832764,0.6612544059753418
1AO7_ABC_DE,1AO7,A,167,W,A,150,A,1.3125764094516374,,H,0.0496988022781582,0.0287366956822372,0.020962106595920998,18,18,0,-1.5968948200000002,-1.1264644400000001,-0.2663072492217776,0.011582224954208714,0.0,0,,-2.7,298.0,-1.7079451084136965,-1.120364725589752,-1.9521929323673248,-1.5394980162382126,-1.704863041639328,-1.5081889927387238,-1.7933874130249023,-1.4487184882164001
1AO7_ABC_DE,1AO7,C,5,Y,C,4,G,1.6312197716435202,,L,0.0274530586142813,0.0054250837084468,0.022027974905834496,28,27,1,-1.6054587550000001,-2.0027198900000003,-0.03745139139450848,-0.022837852444012596,1.0,0,,-0.9,298.0,-1.0736306980252266,-1.7609215825796127,-2.043058827519417,-2.012490399181843,-1.0966599434614182,-1.094871647655964,-1.7329580038785937,-2.029078647494316
1AO7_ABC_DE,1AO7,D,92,T,D,30,Q,1.9457840009431795,,L,0.0667629801208311,0.0778851349232763,-0.011122154802445203,25,27,-2,-0.8166610700000001,-1.3477081800000001,0.002977245596887168,-0.036174487968948316,-0.5,0,-13.896278381347656,2.8,298.0,-0.6338773965835571,-0.725404679775238,-1.2870610654354095,-0.7241495847702029,-0.4868364930152892,-0.9385330677032471,-0.681759387254715,-1.0556661784648895
1AO7_ABC_DE,1AO7,D,95,W,A,158,A,2.2234744601442626,,H,0.158827828180256,0.1261628058697134,0.03266502231054261,22,23,-1,-1.1049891,-1.2689270000000001,-0.28871441227146033,0.042099958888355604,1.0,1,,-2.7,298.0,-1.3014677166938782,-0.7787679433822632,-0.8814963698387148,-1.2591962218284607,-0.77368175983429,-1.3526071906089783,-1.489625096321106,-1.0030704736709601
1AO7_ABC_DE,1AO7,E,28,E,D,50,Y,2.021243631750095,0.4909193716462022,L,0.211203053689054,0.1890489071888615,0.022154146500192512,23,21,2,1.3927079,1.7986179999999998,0.684927140635602,-0.048926207471765015,0.0,0,-22.524723052978516,-2.2,298.0,0.6531567573547363,-0.07823753356933594,2.7253026962280273,1.9069972038269052,1.3920471668243408,1.5250422954559326,0.9852602481842041,2.032093048095703
1AO7_ABC_DE,1AO7,E,100,P,D,96,G,1.1536409190313672,,L,0.0047702039434808,0.0039807057145073,0.0007894982289735003,24,23,1,0.08377045000000001,0.157269475,-0.06763800875582004,-0.04394450263929642,0.0,0,,-1.2000000000000002,298.0,0.06479344516992569,0.028651975095272092,0.0302146524190903,0.16152537614107132,0.05476772040128711,0.0699256509542465,0.17630790174007416,0.08397684991359719
1BD2_ABC_DE,1BD2,A,65,R,E,95,G,2.498113857024653,,H,0.0872865687998944,0.0901539199674667,-0.0028673511675723073,22,24,-2,2.4153757000000002,2.8268093,-0.2941920969677545,0.05842866891272369,0.3333333333333333,0,,-4.1,298.0,2.459370493888855,1.5312695503234863,2.7339166998863225,2.085262894630432,2.7010233402252206,2.4046956300735474,2.2015305757522583,3.2059357166290283
1BD2_ABC_DE,1BD2,C,5,Y,D,94,G,3.340519887578047,,L,0.0186972200413689,0.0092198097016632,0.009477410339705698,25,25,0,-0.9231019699999999,-0.79702147,-0.8221748775917948,-0.0005010505166312129,1.0,0,,-0.9,298.0,-0.9934330210089682,-0.7920214831829071,-0.7628396227955818,-0.7974209487438202,-0.839598372578621,-1.8364235088229177,-0.5795603469014168,-0.783518671989441
1BD2_ABC_DE,1BD2,C,8,Y,E,48,V,2.7591382979896313,,L,0.1560099559979387,0.19488169207615,-0.03887173607821129,20,22,-2,-0.49670879999999995,-0.31290549999999984,1.1000193340915323,0.004079694737645995,0.0,0,-3.5167694091796875,-5.5,298.0,-1.2450253963470461,-0.20023179054260254,-0.9456524848937984,-0.6124532222747803,-0.5220999717712402,0.2645992040634153,-0.7346861362457275,0.02187824249267578
1BD2_ABC_DE,1BD2,D,93,E,C,7,V,1.3151015588177941,,L,0.0010460071581796,0.0426000023722087,-0.041553995214029096,22,23,-1,-2.5377653000000002,-2.6433827,0.29129720940131043,-0.0424092821347144,1.0,0,-9.251708984375,-7.7,298.0,-3.6280547976493835,-2.2533509731292725,-3.46737539768219,-1.714328408241272,-1.1397252082824707,-3.6305747032165527,-2.381846785545349,-2.0868671536445618
1BJ1_HL_VW,1BJ1,H,99,Y,H,33,G,4.438760044581662,,L,0.0,0.0,0.0,26,25,1,-2.2912898000000004,-1.7347411999999998,-0.03943996912644554,-0.003557639934996387,1.0,0,,-0.9,298.0,-3.03339421749115,-3.4507638216018677,-3.779553532600403,-1.483370780944824,-1.0048842430114746,-1.367465734481812,-3.5498358011245728,-0.6610507965087891
1BP3_A_B,1BP3,A,25,F,A,22,Q,1.149772913128874,,H,0.2029713157888814,0.2202496299068094,-0.017278314117928018,17,16,1,-0.9679623999999998,-0.7721518,0.524991942236452,-0.0116461412269723,-0.5,0,-20.254241943359375,6.3,298.0,-0.9707722663879395,-1.1313705444335946,-1.0866105556488037,-0.4872112274169922,-0.636275053024292,-0.8928892612457271,-0.8807666301727295,-1.6577997207641602
1BP3_A_B,1BP3,A,163,R,A,45,L,3.0235816057435683,,H,0.0858956545561867,0.0751745778382755,0.010721076717911199,22,20,2,-0.1343848499999999,0.12610770000000016,-1.9484421172348876,-0.075441423848289,0.0,0,-15.3006591796875,-8.3,298.0,-0.3869302868843079,-0.35844773054122925,-1.1081185340881348,0.7610867619514465,0.701425313949585,-0.4437422752380371,-0.17430126667022705,-0.06604981422424294
1BP3_A_B,1BP3,A,164,K,A,170,E,1.7273797417394183,,H,0.1234078409982252,0.0986683338313079,0.024739507166917307,22,21,1,1.4744466,1.7308586,-0.06747740722196749,0.028520138400338985,0.0,0,12.580459594726562,-0.3999999999999999,298.0,1.803821802139283,0.8280547857284546,1.6533020734786987,1.1797971725463867,1.789251565933228,2.3865721225738525,1.585530400276184,0.5692427158355713
1BP3_A_B,1BP3,A,168,K,A,167,D,2.6052649284296265,0.06775228519782786,H,0.0465510172035705,0.0210637611169719,0.0254872560865986,23,21,2,0.06887999999999983,-0.6150335,-0.07912357469837994,-0.005242345005248089,-0.5,0,-5.490974426269531,-0.3999999999999999,298.0,0.43482792377471924,0.020043253898620605,0.6334500908851625,-0.6498738527297969,0.39787185192108154,0.5685015916824341,-1.1969525814056399,0.3431710004806514
1BP3_A_B,1BP3,A,174,R,A,178,C,1.149772913128874,,H,0.063554336943162,0.0621625356171412,0.0013918013260207987,22,21,1,-0.8424465999999999,-0.6635287999999999,-0.5642121600656131,-0.010124196632291,0.6666666666666666,0,-14.511970520019531,-7.0,298.0,0.03032749891281139,0.08976805210113525,-1.1410996913909912,-1.9435311034321785,-0.25085824728012085,-1.033080779016018,-0.5614695549011233,-1.9296289011836052
1BRS_A_D,1BRS,A,57,R,D,44,W,5.034875937532767,,H,0.1845633369240203,0.180474769164742,0.004088567759278294,17,18,-1,1.7009877999999998,0.5358322999999998,0.1307496679357053,0.0710748271947455,0.0,0,2.4459190368652344,-3.6,298.0,1.8942234516143799,0.5321426391601562,1.3556316494941711,1.9376323819160461,1.42008650302887,2.1301295608282094,2.281063809990883,2.056991010904312
1BRS_A_D,1BRS,D,29,Y,A,36,S,3.468989944238368,,H,0.2503665579996342,0.2650051863914823,-0.014638628391848096,14,13,1,0.6611041,1.2162003000000001,-1.5373918069944832,-0.001367938294296378,0.0,0,-10.254444122314453,-0.5,298.0,1.155639886856079,0.06591039896011364,0.8650305569171906,0.2559492588043213,1.0802016258239746,1.1747898459434507,0.17160660028457653,0.5197046399116516
1BRS_A_D,1BRS,D,35,D,A,101,Y,4.284483280821702,,H,0.0201473758816427,0.0004451769706223,0.0197021989110204,25,26,-1,1.179477966,3.0151265250000003,-0.011405550955405186,-0.0013230265227076043,0.0,0,-17.71544647216797,-2.2,298.0,0.1424960121512413,2.6556299552321434,0.13357879221439362,2.626628950238228,0.17364947497844702,0.10414802283048628,2.852991685271263,0.7467012777924539
1BRS_A_D,1BRS,D,39,D,D,36,A,6.7900142682369005,,H,0.0157086734980167,0.0,0.0157086734980167,27,26,1,-1.15453808,-2.54570055,0.030049485086977468,0.0606936793848869,0.5,0,,-5.3,298.0,-1.7144895792007449,-0.35666021704673767,-2.5143642872571945,-0.9278638809919357,-1.1083677858114243,-0.8008284717798233,-1.139335483312607,-0.674395352602005
1BRS_A_D,1BRS,D,42,T,A,35,A,1.856797887314728,,H,0.1786001533011696,0.1529016527255147,0.025698500575654898,20,22,-2,-2.3753801,-2.4927278999999998,-1.1038461522899383,0.03259862118777371,1.0,0,,-2.5,298.0,-2.9231526851654053,-2.464771032333374,-1.4451734721660612,-1.6924521028995514,-2.5694113075733185,-3.0609968304634094,-1.6678706109523773,-3.179211914539337
1BRS_A_D,1BRS,D,74,E,A,58,E,1.0933720719856777,0.09445126051006758,H,0.2668907257863038,0.3033613552900482,-0.03647062950374441,14,15,-1,-0.4104898,-0.025190900000000127,1.6113048746384493,0.022108255824440592,0.0,0,6.018428802490234,0.0,298.0,-0.005513668060302734,0.2043144702911377,-0.4887762665748596,-0.8426603674888611,-0.3554341495037079,-0.9120948910713196,-0.8730874061584473,-0.010666370391845925
1C1Y_A_B,1C1Y,B,5,R,A,36,I,1.9061753648850552,,L,0.321566279483636,0.2851650914283743,0.03640118805526166,16,16,0,-1.28885374,-1.7926912000000002,-0.3042582116419139,0.007670339220125305,0.0,0,1.2447547912597656,-9.0,298.0,-1.4083718061447144,-0.9582175761461258,-1.7643939405679703,-1.2270898669958115,-0.7831913083791733,-1.4345552921295166,-0.8802682310342791,-1.8547429740428925
1C1Y_A_B,1C1Y,B,13,R,A,29,V,1.4548461832557849,,L,0.2577716409595119,0.2855151507261065,-0.02774350976659462,17,19,-2,-0.3903445999999997,-0.6695522,-1.3533340505915732,-0.15293322416374192,0.0,0,19.508872985839844,-8.7,298.0,0.2850444316864018,-0.25796496868133545,-1.3975925445556638,0.18104994297027588,-0.2689042091369629,-0.54283618927002,-1.0435601472854614,-0.07799196243286133
1C1Y_A_B,1C1Y,B,14,T,A,40,Y,1.4548461832557849,,E,0.0139042195037386,0.03266886589919,-0.018764646395451397,24,25,-1,-0.02760650000000009,0.7097568000000001,-0.627075402842632,-0.029334562451301394,0.0,0,5.976882934570313,0.6000000000000001,298.0,0.1889686584472654,0.01920294761657715,0.014320611953735352,-0.20121872425079346,0.5055694580078125,-0.8363102674484246,0.02534198760986328,0.06327152252197243
1C1Y_A_B,1C1Y,B,15,V,A,41,R,1.1234491717519564,,L,0.0740126550791518,0.0842501163023349,-0.010237461223183086,17,16,1,1.2139675300000001,1.36103804,-1.5928215470654772,-0.002501849301730308,0.0,0,-14.1776123046875,8.7,298.0,1.5268439650535583,1.5305405259132385,1.3444302678108215,1.8103366196155553,0.6852861642837524,1.5584878325462341,0.8108034729957581,0.44501131772994995
1C4Z_ABC_D,1C4Z,A,139,L,D,3,R,1.2164246993766785,0.4669139408787877,H,0.0207546149660926,0.0147606766267954,0.005993938339297199,17,17,0,0.5777872,0.3239765,-2.239163090578629,-0.12436081904481255,-1.0,0,36.50999450683594,8.3,298.0,0.6884920597076416,0.48145204782485984,0.3879641890525818,0.7381410002708435,0.4243957400321961,0.7473256587982178,0.36132365465164196,0.7932033538818359
1C4Z_ABC_D,1C4Z,A,149,Y,A,172,P,1.2878589861117773,,L,0.2099483737245676,0.1970331619832081,0.012915211741359484,17,17,0,-0.19254748,-0.5727738200000001,-2.666712493701171,-0.08604207587046458,0.0,0,-5.1195983886718714,0.30000000000000004,298.0,0.0693957507610321,-0.6629644930362701,-0.023648768663406372,-0.0952600240707398,-0.1287040114402771,-0.04862135648727417,-0.6965227127075194,0.04594585299491877
1C4Z_ABC_D,1C4Z,A,157,M,A,142,S,1.92940134851214,0.41047252261649486,H,0.0079171541829569,0.0088480162845693,-0.0009308621016124001,24,25,-1,-2.374989,-2.4539418,1.0257909240256409,0.0768673613432358,-1.0,0,15.639274597167969,2.7,298.0,-3.3805482983589172,-2.776139974594116,-2.2783749103546143,-1.978870153427124,-1.8830803632736206,-2.3635549545288086,-2.0002450942993164,-2.3390941619873047
1C4Z_ABC_D,1C4Z,D,59,P,D,94,P,1.4091355079446504,0.8498379302178514,H,0.019483672270849,0.0274291921379711,-0.007945519867122101,24,22,2,1.19944507,0.8400510059999999,-0.3010969453430598,0.09534714785116027,0.0,0,25.480973720550537,0.0,298.0,1.3294537514448166,0.9506694823503492,1.2631129994988441,0.9807786792516708,1.0046584531664848,0.7129820436239244,1.8208120018243792,1.5330927148461342
1C4Z_ABC_D,1C4Z,D,60,F,D,56,A,3.012806746310739,,H,0.0380178293349029,0.0255722799051843,0.012445549429718601,22,20,2,0.19086837,-0.00793474999999999,-1.3193649259965847,-0.05994820398890055,0.0,0,,0.9999999999999998,298.0,0.3229668587446214,0.3777369111776353,0.1342242211103439,0.29076726734638214,0.139230415225029,0.06956566870212563,0.08463689684867864,0.1078184992074967
1C4Z_ABC_D,1C4Z,D,93,K,D,89,A,1.1351760237231796,,L,0.3700793268398398,0.4037508972464161,-0.03367157040657631,14,12,2,2.30103277,1.1857484,-0.25624524266784693,-0.034781200676795465,0.0,0,,-5.7,298.0,1.98711085319519,2.3327202200889587,2.5518523454666138,2.3823729753494263,1.9783480167388916,2.5514800548553467,2.3853758573532104,2.2390032410621643
1C4Z_ABC_D,1C4Z,D,97,K,D,28,N,1.3011671118471222,-0.17831042305884584,L,0.2855312774237972,0.3080152546828317,-0.022483977259034504,14,13,1,1.3436144000000003,1.1690048,-1.3263936121190154,-0.1452804618080743,0.0,0,,-0.3999999999999999,298.0,1.438473999500275,1.22174072265625,1.3212041854858398,1.6086890101432805,1.525820791721344,1.2355194687843323,1.4106303453445435,0.9868389368057251
1CBW_FGH_I,1CBW,I,15,K,H,66,S,1.9938671459391348,,L,0.0174323373470069,0.0093546559728361,0.008077681374170802,35,33,2,-2.4587602299999998,-3.3041828,-0.39611098781608334,0.003042012144759909,0.0,0,-27.468517303466797,-3.0999999999999996,295.0,-2.717568606138229,-1.6298823356628416,-3.8053578659892087,-3.325794145464897,-1.4473927021026611,-3.3923815190792084,-1.6939579620957375,-1.6577479243278506
1CHO_EFG_I,1CHO,I,15,L,G,65,V,4.781940745378809,,L,0.0083466420367937,0.0036050305840382,0.0047416114527554995,35,35,0,-0.0016564200000000473,0.03791654,0.22324502949335867,0.01767952237499361,0.0,0,11.686168670654297,-0.40000000000000036,294.0,0.08302168548107147,-0.005118072032928522,-0.018001854419708196,0.2015376091003418,0.08126279711723328,-0.08361244201660156,0.03139936923980713,-0.3037405014038086
1CHO_EFG_I,1CHO,I,17,Y,F,128,L,2.5081987404267805,,L,0.0734639621561867,0.0643779719916967,0.009085990164489993,25,24,1,2.8741699,2.7895996000000003,-0.20085025555247815,0.014020139414361796,0.0,0,-4.652168273925781,-5.1,294.0,2.566317737102509,2.738245904445648,2.9170861840248112,3.3800838589668274,2.943840831518173,2.791130542755126,2.7608231902122498,2.8958322405815125
1DAN_HL_UT,1DAN,U,20,Q,L,72,C,1.3048798931173866,,L,0.0625592758692454,0.0635137952348842,-0.0009545193656387979,24,25,-1,-1.4758688,-1.46924206,-0.1483536530974024,-0.01846338276814552,0.5,0,-7.30975341796875,-6.0,298.0,-0.7034910321235658,-2.141739472746849,-1.6499703601002693,-1.666761964559555,-0.9568664282560349,-2.0252403542399406,-1.1685806512832642,-1.4942998513579369
1DAN_HL_UT,1DAN,U,50,F,U,110,D,1.747820382375819,,L,0.2077553514303964,0.2024769383780544,0.005278413052342001,18,19,-1,2.86597203,2.0246346,-0.17742345437734797,0.01881650540047808,0.0,0,0.2551078796386719,6.3,298.0,3.217593550682068,2.57874608039856,2.034472167491913,3.752937138080597,2.3279807567596436,2.1091703176498413,3.4195417761802673,3.487335681915283
1DAN_HL_UT,1DAN,T,15,K,L,77,E,2.512129950976637,,E,0.0614803207381522,0.0774545914407534,-0.015974270702601198,25,25,0,2.36642086,2.0654161,-0.9732531432773683,-0.003911156759482004,0.0,0,-4.702144622802734,-0.3999999999999999,298.0,2.355661690235138,1.8240170776844025,2.6065924763679504,2.771791845560074,2.191176414489746,2.788750410079956,2.669380307197571,1.7239978313446045
1DAN_HL_UT,1DAN,T,39,D,U,1,E,1.4348348383549392,,L,0.4386364914369818,0.4838264669225566,-0.045189975485574796,14,12,2,-0.45178975,-0.29152859,-0.5865130784487298,-0.5669807369814421,0.0,0,-11.775135040283203,0.0,298.0,-0.24624764919281011,-0.42242656648159027,-0.4638485312461853,-0.3822941929101944,-0.5712114423513414,-0.5152369290590286,-0.44897907972335815,-0.5640734285116197
1DAN_HL_UT,1DAN,T,40,W,H,125,R,1.9648730043637075,0.7436646564351227,L,0.1286560323412982,0.1379385572600363,-0.0092825249187381,18,18,0,1.34071256,1.71090656,-0.15905850836201396,0.0030076273741797,-0.3333333333333333,0,-8.556785583496094,3.6,304.0,1.6833175271749496,0.6371673196554184,1.2585481479763985,1.7412756979465485,1.0030709356069565,1.244245246052742,1.761931598186493,1.3961445018649101
1DAN_HL_UT,1DAN,T,53,D,U,43,L,1.9886060502579328,-0.027548533277431158,L,0.0510043147057082,0.0468876787671629,0.004116635938545304,26,25,1,1.2395848900000002,1.97591367,-0.23191500171868518,-0.021826407524347308,0.5,0,-24.716781616210938,-7.3,298.0,1.1145737990736961,1.1403943821787834,1.748628057539463,0.5662196800112724,0.662322647869587,1.3689811006188393,1.8836253210902212,1.4319346025586128
1DAN_HL_UT,1DAN,T,71,F,T,30,T,1.1494361339573633,,E,0.0068491439729495,0.0153855531977027,-0.0085364092247532,21,20,1,-1.5215252400000001,-2.51064418,0.369936031947536,0.03200348928594249,-1.0,0,7.082832336425783,3.5,310.0,-1.785907804965973,-2.3610643446445465,-1.655883252620697,-1.7785079926252365,-1.0397357642650604,-1.6375484615564349,-1.061526820063591,-0.8520271480083466
1DQJ_AB_C,1DQJ,A,31,N,C,15,H,2.013433278986382,,H,0.0787574929165685,0.0814289551425882,-0.0026714622260197024,23,24,-1,1.7589949,1.2147347000000002,-0.11093001841101169,-0.047067035262791185,0.0,0,-7.521911621093748,-0.2999999999999998,298.0,1.3249630928039553,2.220565438270569,1.2725377082824707,2.707701802253723,1.3500016927719116,1.1834757328033447,1.2079670429229736,2.8047457933425903
1DQJ_AB_C,1DQJ,A,91,S,A,92,N,1.4318879316322246,,L,0.0388893883806874,0.0119546193474188,0.0269347690332686,24,22,2,2.7795157999999995,2.543683,-0.3618730233647939,-0.006242821628920092,0.5,0,-6.022037506103516,2.7,298.0,2.5464956760406494,2.1558418273925786,1.9534149169921875,3.584986686706543,2.695279121398926,2.902067542076111,3.0289647579193115,3.3690762519836426
1DQJ_AB_C,1DQJ,B,33,Y,B,31,S,5.524463545779319,,L,0.0,0.0496682806912594,-0.0496682806912594,18,16,2,-3.5591288,-4.1089780000000005,-1.537181646001656,-0.009279004388315193,1.0,0,0.4009590148925781,-0.5,298.0,-3.0696539878845215,-3.5906418561935434,-3.5268423557281494,-3.1796867847442627,-3.6953420639038086,-4.017838656902313,-3.99434518814087,-3.398677408695221
1DQJ_AB_C,1DQJ,B,53,Y,C,93,N,1.1802777666692967,0.6498730739273596,H,0.1550289958977429,0.1250242550758569,0.030004740821886006,22,21,1,1.8324076,2.5511406,1.1442458280360421,-0.09335061816117288,0.0,0,16.295570373535156,2.2,298.0,2.1331878900527954,2.30124568939209,1.3515187501907349,1.9436265230178833,1.3724659681320193,0.8136084079742434,2.2801839113235474,2.463422179222107
1DQJ_AB_C,1DQJ,B,98,W,A,30,S,4.931524166897857,,H,0.1130582634395317,0.1118516748897034,0.0012065885498282886,21,23,-2,-0.9384945000000005,-1.0343667999999995,-0.31752808013069256,-0.027040447991253713,1.0,0,-0.6361351013183598,-0.09999999999999998,298.0,-0.9337797164916997,-0.7234904766082755,-1.0179662704467773,-0.9559476375579834,-1.0080032348632812,-1.06158447265625,-0.7756075859069824,-1.0315732955932617
1DQJ_AB_C,1DQJ,C,75,L,C,16,G,1.4524066878479487,,H,0.0,0.0,0.0,25,23,2,-0.20924848000000001,-0.14436954000000002,0.6579509515723517,0.04755987808227269,0.0,0,,4.2,298.0,-0.41254474222660065,-0.11101341247558594,-0.15105901658535006,-0.4036560654640198,-0.1297111362218857,0.03041335940361023,-0.1292240917682648,-0.3671927303075791
1DQJ_AB_C,1DQJ,C,96,K,C,100,S,6.1558185724269645,0.7755827208329521,H,0.0,0.0,0.0,20,20,0,0.36437853,0.31151642,-0.38066146277307444,-0.006133724495142823,0.0,0,0.4440841674804705,-3.0999999999999996,298.0,0.4259362444281579,0.26335904002189636,0.28583559393882757,0.39619260281324387,0.2780992761254311,0.45835693925619136,0.47118908166885387,0.3360594585537911
1DQJ_AB_C,1DQJ,C,101,D,B,52,S,1.37655011987778,,L,0.0004920960933011,0.0,0.0004920960933011,20,20,0,1.70765835,0.9379521000000001,0.6629858550928143,0.02951469339768492,0.0,0,-1.2744140625,-2.7,298.0,1.4134487509727478,1.5970593690872192,1.6976880729198456,1.478146493434906,2.2583194971084595,1.9310499727725987,2.268567234277725,1.0169869065284733
1DVF_AB_CD,1DVF,A,30,H,D,54,A,1.6493819136772232,,H,0.2900847586302628,0.2877550895143983,0.0023296691158644633,19,17,2,-2.6591888999999997,-1.0916364,0.3892633340861663,-0.020830345628621516,0.0,0,,-5.0,298.0,-4.340228796005249,-3.6179213523864746,-1.7751071453094478,-1.3292998075485225,-3.8673980236053467,-1.0331099033355708,-3.658656120300293,-1.651790738105774
1DVF_AB_CD,1DVF,A,32,Y,A,92,W,2.030369068345176,0.34072297861885736,L,0.0751064196457171,0.1126349330334666,-0.0375285133877495,20,18,2,2.8178198000000005,0.27889830000000027,0.23254061553585248,-0.04594202544372139,0.0,0,4.5742340087890625,-0.4,298.0,1.181713342666626,3.625592589378357,2.2180784940719604,3.1620116233825684,1.1215676069259646,4.8703839778900155,1.4687134027481084,4.894495725631714
1DVF_AB_CD,1DVF,A,93,S,B,31,G,1.162438598681201,,L,0.2003881898091644,0.2198047314164759,-0.019416541607311516,18,17,1,-0.6003313000000001,0.3956477999999999,0.6920126602306427,0.1791694988266854,0.0,0,,-0.4,298.0,0.7606856822967529,-0.36096763610839844,-0.9300622940063477,-0.4531378746032715,-1.2828729152679443,-1.255475521087647,-0.554840087890625,-0.7259783744812003
1DVF_AB_CD,1DVF,B,32,Y,C,32,Y,1.831470254957875,,L,0.1219763144622466,0.0850816205322439,0.036894693930002706,23,23,0,-1.9768576999999998,-1.6193364000000001,0.26363964886609914,-0.03325574743371229,0.0,0,-6.370433807373047,0.0,298.0,-2.418516993522644,-1.7424989938735966,-2.345696210861206,-2.0329411029815674,-1.9224001169204712,-1.269505500793457,-1.838191270828247,-2.245109438896179
1DVF_AB_CD,1DVF,B,52,W,D,103,Y,4.132997661299389,,L,0.0318788140943579,0.0564902426203385,-0.024611428525980597,23,25,-2,-1.56342378,-1.74012502,-0.011344599170191039,-0.026210077432306494,1.0,0,-3.1234169006347656,0.4,298.0,-1.9131907522678375,-0.6514441668987274,-1.6195071339607234,-1.2945130169391632,-1.5776191055774689,-1.940750926733017,-1.9918739348649979,-1.5184913575649264
1DVF_AB_CD,1DVF,B,58,D,A,53,T,1.600004436106896,,E,0.1158832596206211,0.161144383135259,-0.0452611235146379,19,18,1,0.5017973,0.05883830000000012,-1.1235768331837412,-0.0931417150744423,0.0,0,0.5935440063476562,-2.8,298.0,0.6028379201889038,0.16152834892272971,0.8311095237731934,-0.17586839199066162,0.27435076236724854,0.7380529642105107,0.8394231796264646,0.7429430484771731
1DVF_AB_CD,1DVF,B,99,R,D,59,Q,1.8746446729873085,,E,0.1777802366480308,0.1827175069394109,-0.004937270291380108,19,17,2,0.020541300000000096,0.3524138000000001,-0.011915008695628199,-0.07497259868710279,0.0,0,0.1308212280273473,-1.0,298.0,0.11455321311950684,0.1377809047698979,0.40100288391113326,-0.39095282554626465,0.09152579307556086,0.006358146667480691,-0.1008307933807373,-0.095106720924377
1DVF_AB_CD,1DVF,B,100,D,A,50,Y,2.7895135033299456,0.6877734126771439,H,0.2244964353098937,0.2493216026679388,-0.024825167358045103,19,18,1,1.7337363,1.9052297999999999,-0.7636106503343078,0.12280462674157178,0.0,0,-11.149765014648438,-2.2,298.0,1.579959869384766,1.648565053939819,1.6630330085754403,1.1889662742614742,2.036619901657105,1.9805505275726318,2.032024860382081,1.7401690483093266
1DVF_AB_CD,1DVF,D,55,N,B,30,T,1.8606000619994276,0.9075123795568999,H,0.2570886212066997,0.2697350916846103,-0.01264647047791062,15,15,0,1.34471369,1.72121993,0.5088265734908373,0.192575109411651,0.5,0,-3.6927413940429688,-2.8,298.0,1.6237144619226456,1.4117987602949142,1.440729409456253,1.1189552396535873,1.4863815307617188,1.2379774898290634,1.294570505619049,1.1435814052820206
1DVF_AB_CD,1DVF,D,101,I,D,100,V,2.6815451072324175,,L,0.2077860734712114,0.2019820754402531,0.005803998030958296,20,18,2,-0.0726614000000001,0.1358022000000001,-0.16872527291577166,-0.015587074058213496,0.0,0,3.6625900268554723,0.2999999999999998,298.0,-1.1131865978240967,0.36179423332214355,-0.5127396583557129,-0.08686530590057395,-0.596283555030823,0.561515212059021,0.31174540519714355,0.492730975151062
1DVF_AB_CD,1DVF,D,104,Q,D,105,G,1.6287221438466404,,L,0.0401750771699365,0.052211808809894,-0.012036731639957499,21,21,0,-2.7082015499999996,-2.9487998500000003,-0.15762786714428212,-0.0687118750896683,0.5,0,,-3.1,298.0,-3.012078180909157,-2.755012407898903,-2.5411979854106908,-2.6324537023901935,-2.8055039569735527,-2.4718198850750923,-2.642597496509552,-2.804947890341282
1DVF_AB_CD,1DVF,D,106,R,C,92,N,4.090680615177067,,L,0.0524048754830511,0.0591221870859496,-0.006717311602898499,20,20,0,3.8246767999999998,2.7439005000000005,-0.28888708372437716,-0.0373379954948492,0.6666666666666666,0,35.77294921875001,-1.0,298.0,5.375057399272919,2.630456805229187,4.8602845668792725,2.6006858348846436,5.555400729179382,2.4529454708099365,5.0094276666641235,2.1131551265716557
1E50_A_B,1E50,A,48,M,A,89,T,1.319674451601355,,E,0.1052467264628888,0.0663069695068235,0.0389397569560653,24,23,1,-3.33970066,-3.16539188,-0.5411579186791744,-0.0020311044053146904,0.0,0,-1.060272216796875,2.5999999999999996,298.0,-3.5391629636287685,-3.097313702106476,-2.852930009365082,-3.3354262709617615,-3.516735315322876,-3.201081156730652,-3.791579842567444,-3.3833763003349304
1E50_A_B,1E50,A,51,N,B,29,T,1.9194541813577204,,L,0.0327857272335793,0.0536740296705108,-0.020888302436931495,20,22,-2,1.57626381,1.000189386,0.5353991938251245,-0.031461250851378686,1.0,0,-9.911430358886719,-2.8,298.0,0.8529423326253891,1.9485333114862442,1.9368291646242142,1.3559472858905792,1.356252335011959,1.7624319940805437,1.7236035764217377,1.6735709682106972
1E50_A_B,1E50,A,91,T,B,61,T,1.2778928648364551,,E,0.0032254889546952,0.0031883090881631,3.717986653210001e-05,27,26,1,1.2696490999999996,1.3445727,-1.2942183728329273,-0.022581009087902296,0.0,0,3.40562438964844,0.0,298.0,1.0619040131568906,1.7589038014411922,1.144725203514099,0.90216064453125,1.177850842475891,1.921023428440094,0.8751941919326782,1.3154317736625674
1E50_A_B,1E50,B,32,R,A,97,N,1.7740327276755177,,L,0.3708603920593782,0.3369169625484478,0.033943429510930434,14,15,-1,1.0779874000000003,1.0973498000000002,3.3837043236858824,0.14083569934634343,0.0,0,1.3165969848632812,-1.0,298.0,0.6775307655334473,1.1979008913040161,1.1788926124572754,1.1874881982803345,1.347821831703186,0.8228689432144165,1.1087248325347907,1.1026712656021123
1E50_A_B,1E50,B,99,N,B,60,G,1.4072838710179911,,H,0.0165417340517362,0.0078371192682361,0.008704614783500101,23,22,1,-0.38757458499999997,-0.56162348,-1.1174359480879765,0.0162758412769214,0.5,0,,-3.1,298.0,-0.42296519130468374,-0.1849945411086082,-0.3768725544214249,-0.7106617391109468,-0.1324868649244308,-0.4481749758124352,-0.6022884771227837,-0.2221521064639092
1EFN_A_B,1EFN,A,12,I,A,16,D,1.45037682866163,,L,0.0555805795993664,0.0612218242624,-0.005641244663033597,20,20,0,-1.3094408999999998,-1.5218696,-0.5571789205240512,-0.018291295601344987,-0.5,0,-0.5297470092773438,8.0,298.0,-0.7338960170745854,-0.46898961067199707,-1.6541471481323242,-2.3711085319519043,-0.694724559783936,-1.2101106643676753,-2.049269676208496,-1.2932815551757812
1EMV_A_B,1EMV,A,28,E,A,46,S,1.4160003467957893,0.007266185306894499,H,0.1601145418469645,0.1693976140131145,-0.009283072166150014,18,19,-1,2.6213108,2.0378575000000003,-0.7675817737001036,0.04067554663031339,0.0,0,-0.8970794677734375,-2.7,298.0,1.84805178642273,2.734357476234436,3.0043448209762573,2.81107497215271,1.6491873264312744,3.717705249786377,2.9264469146728516,2.279315710067749
1EMV_A_B,1EMV,A,35,V,A,23,A,1.6638669759109947,,H,0.0,0.0285578221464635,-0.0285578221464635,21,19,2,0.011315369999999991,-0.07214794000000001,-0.9740235426037294,0.04334769489487231,0.0,0,,2.4000000000000004,298.0,-0.032423436641693115,0.02184966206550601,0.0347106605768204,-0.02544157207012171,0.011976853013038607,-0.04298710078001021,0.0549566596746445,0.06788137555122378
1EMV_A_B,1EMV,A,47,G,A,21,C,1.485378031018068,0.9215569905447809,H,0.0169576445325637,0.0520502012048065,-0.0350925566722428,22,20,2,1.097505045,0.85241651,0.4295060186438617,0.05006151407880019,0.0,0,,-2.9,298.0,1.1597669273614883,1.0670061111450195,0.8565862700343133,1.2422326803207397,1.5656490325927732,0.9561751186847687,0.9116075187921524,1.0210164412856102
1EMV_A_B,1EMV,A,48,S,A,51,I,2.1872405284704945,0.8477453956278275,H,0.0031069009059336,0.0,0.0031069009059336,22,22,0,-2.26549296,-4.14414746,-0.1378983050689091,0.017118251310590388,1.0,0,-0.021121978759765514,-5.3,298.0,-0.8911188021302223,-2.178704932332039,-4.293453224003315,-0.9514304697513583,-2.463111788034439,-1.2642209976911545,-2.910691738128662,-3.1712106168270116
1EMV_A_B,1EMV,A,52,Y,B,74,S,4.83463531579262,-0.24101999230793322,H,0.0093400348574383,0.0248848831953956,-0.0155448483379573,25,26,-1,1.8580231699999998,1.6265676,-0.6888544479166782,0.01413175687752849,1.0,1,-2.3257026672363277,-0.5,298.0,1.5278520584106445,2.0795817375183105,2.0590035915374756,1.0457402467727657,2.220314919948578,2.4180627465248112,2.0237993597984314,1.4898300170898435
1EMV_A_B,1EMV,A,53,Y,A,60,D,4.634756162112646,,L,0.2545563732212751,0.2080612656569722,0.04649510756430292,20,18,2,0.2074279,0.33431676,-1.515607200902266,-0.04685189621641461,0.0,0,-9.681453704833983,2.2,298.0,0.1507548689842224,0.23902136087417603,0.044988155364990234,0.042046308517456055,0.18214327096939087,0.7629401087760925,0.0032263994216918945,0.2343030571937561
1EMV_A_B,1EMV,B,54,R,B,77,S,1.665700915381987,-0.2328891551097506,H,0.1870480289010325,0.1746400679178492,0.012407960983183308,18,19,-1,0.39081560000000026,0.4724269000000003,0.4092880242387368,0.04897982258107031,0.0,0,-3.5160293579101562,-3.7,298.0,0.5311741828918457,1.0124013423919678,0.15249848365783691,0.1959826946258545,0.4909160137176509,0.22114896774291992,0.22178053855895952,0.30062222480773926
1EMV_A_B,1EMV,B,72,N,A,25,T,1.1646690240743687,0.7281339910637894,L,0.1338888002686009,0.1525407550806304,-0.018651954812029498,15,17,-2,1.45274991,3.766100926,0.6973267503340634,-0.12596290711235467,0.0,0,22.081905364990234,-2.8,298.0,0.33880479633808136,0.4925978258252145,3.7590824738144875,0.293247252702713,2.706771567463875,3.137791283428669,0.4107837677001953,0.48292070627212524
1EMV_A_B,1EMV,B,75,N,B,78,S,2.334540084521325,-0.5398966240366272,H,0.0021992491175291,0.0016923012451389,0.0005069478723902,25,27,-2,2.3301400599999997,2.93077005,-0.17027342163065667,0.008461769851247997,0.0,0,52.71520233154297,-2.7,298.0,1.814410150051117,2.3461886644363403,2.950778543949127,1.8060011267662048,2.6653817296028137,2.665806069970131,2.678993880748749,1.7135598063468929
1EMV_A_B,1EMV,B,97,K,B,83,Y,1.9596368047844788,,L,0.0781072903036742,0.0910311983628185,-0.012923908059144298,24,24,0,-0.6641314999999999,-1.5776859,0.16397986885836718,0.04419964673167931,0.0,0,6.207546234130859,-2.5999999999999996,298.0,-0.1879570484161377,0.8684350848197937,-0.33728182315826416,-1.0801072120666504,0.7628148198127747,-1.252321720123291,-1.8130156993865967,-2.27361786365509
1EMV_A_B,1EMV,B,98,V,B,92,Q,1.0888522677796106,-0.2776037214008204,L,0.0759630908885788,0.1105903511900693,-0.03462726030149049,21,20,1,0.45795679999999983,1.3688312000000002,-0.8647926186245847,-0.0016141996821455173,-0.5,0,-6.331230163574218,7.7,298.0,0.7573657035827637,0.8771810531616211,0.38166260719299383,1.1234748363494869,0.8674488067626953,0.9421324729919434,-0.8081481456756592,-0.4774627685546875
1F47_A_B,1F47,A,7,D,B,10,V,1.7328822523963323,,L,0.2874781041236428,0.3056657753312101,-0.018187671207567313,12,13,-1,0.49805267999999997,0.16546340000000004,1.8890954835525013,0.2540724504436127,0.0,0,51.68135070800781,-7.7,298.0,0.24695920944213867,0.6168885231018066,0.4664170742034911,0.6127797961235046,0.519893705844879,0.2860901951789856,0.6512114703655243,0.5841814875602722
1FC2_C_D,1FC2,C,27,I,C,6,Q,3.7294546961565307,,H,0.0,0.0002110868559238,-0.0002110868559238,20,22,-2,-0.8510003000000002,-1.2424359999999999,-0.2434863694539694,0.08656844237530248,-1.0,0,2.0419845581054688,8.0,298.0,-1.3226057291030888,-0.12597239017486506,-1.8798509836196897,-0.5408297777175901,-0.6454088687896729,-1.5514241456985474,-0.36190831661224343,-0.37999880313873313
1FC2_C_D,1FC2,C,31,K,C,7,N,1.3786773009217506,,H,0.2838256915519673,0.3256651690953389,-0.041839477543371584,15,17,-2,2.0876319,2.68089766,-0.556246325710335,0.06436710809900059,0.0,0,-6.1787033081054705,-0.3999999999999999,298.0,1.8262048959732056,2.0157582759857178,2.276548743247986,1.504952073097229,2.2835134267807007,2.5962755680084233,2.494846820831299,1.702954888343811
1FCC_A_C,1FCC,C,35,N,C,25,T,2.364048112240645,0.24011103330706618,H,0.1667012477771,0.1635140982216553,0.0031871495554446905,15,17,-2,2.7128793000000004,2.8194557000000007,0.8264779761374644,-0.03946890834814068,0.0,0,5.889049530029297,-2.8,298.0,2.6642709970474243,2.4702049493789673,2.8886877298355103,2.876068353652954,2.9895777702331543,3.0731170177459717,2.828816294670105,1.9122896194458008
1FCC_A_C,1FCC,C,43,W,A,15,M,3.7714940707573352,,L,0.0350600628498857,0.0130476052312154,0.0220124576186703,21,22,-1,0.6104574,0.5479436999999998,-1.0488652610941758,0.04116475131414382,1.0,0,-0.9200172424316406,-2.8,298.0,-0.8288280963897705,1.334291338920593,0.5479199886322021,0.978994607925415,0.4618206024169922,0.817135095596313,0.34202599525451616,1.230302333831787
1FFW_A_B,1FFW,B,56,F,B,57,V,3.64430699947734,,H,0.0931059153040035,0.0997419063180987,-0.006635991014095205,20,18,2,1.8805496000000002,1.4125679399999997,-0.0725008296986393,-0.06734419158554147,0.0,0,14.634002685546875,-1.4000000000000004,298.0,-0.19329786300659135,3.210721254348755,-0.09891343116760254,1.2087137699127197,3.4853426218032837,2.392693817615509,0.8951433897018428,4.143991589546204
1GC1_G_C,1GC1,C,44,L,G,186,D,1.0555473255802814,,L,0.0248770319145999,0.0545432367037799,-0.029666204789179997,23,23,0,-1.79471174,-2.04576557,-0.07186436906553473,-0.006079097412594492,-0.5,0,-6.2268218994140625,7.3,298.0,-1.956057041883469,-1.729073703289032,-2.148532882332802,-2.2326547652482986,-1.6863439977169037,-1.174637883901596,-1.3693942427635195,-2.060999259352684
1GC1_G_C,1GC1,C,46,K,C,35,K,1.4303781258773653,0.32192182259821517,L,0.1200150077896105,0.1132941932443766,0.006720814545233891,24,24,0,2.89430693,3.3263967,0.18437720140107228,0.014089064564909895,0.0,0,-15.662506103515625,0.0,298.0,2.2871874570846558,2.446669042110443,3.6111355423927307,3.764288753271103,2.398425042629242,2.4635425209999084,2.8174744248390198,3.3657331466674805
1GC1_G_C,1GC1,C,59,R,C,61,L,1.1753872476063394,,H,0.2377520192641271,0.2072102717094116,0.030541747554715504,19,19,0,-0.30844040000000006,-0.5452437000000001,0.14485675962065325,0.026706265105846005,0.3333333333333333,0,17.62760925292969,-8.3,298.0,0.03426063060760498,-0.1670832633972168,-1.4138867855072017,0.061261653900146484,0.4841885566711426,0.7417790889739988,-0.745043992996216,-1.4629973769187927
1GCQ_AB_C,1GCQ,C,67,P,B,48,P,1.3158661640535187,,L,0.0626834755213165,0.0591622966054723,0.003521178915844206,17,17,0,0.2768635,0.31371577,-0.6159021025088647,-0.034212108607397096,0.0,0,-12.52006721496582,0.0,298.0,0.28673017770051956,0.1798791065812111,0.2423636391758919,0.31601157039403915,0.28941114991903305,0.31213119626045227,0.3986024856567383,0.18977892398834237
1GUA_A_B,1GUA,A,37,E,A,29,V,1.3002321152144958,,L,0.1277703709492343,0.1105868435214507,0.01718352742778359,17,18,-1,2.2323081,1.5094862000000002,-0.1010212717412301,-0.1653787301072185,0.0,0,2.5055084228515625,-7.7,298.0,3.0347639322280884,1.3751896619796757,3.0156264901161194,1.8456404209136963,1.8362452983856201,2.556911885738373,1.6358498334884644,2.5582348704338074
1GUA_A_B,1GUA,B,4,R,B,2,T,1.0003955007411132,,L,0.3107261602359055,0.2930370638011251,0.017689096434780394,16,14,2,-1.01473383,-0.9960887599999999,-0.8578225152232183,-0.03105824485896938,0.0,0,0.9042434692382812,-3.8,298.0,-1.1609284281730652,-0.16065406799316395,-1.4495361447334287,-0.9745277166366577,-1.4182641506195068,-1.1690657138824463,-0.5729917287826538,-1.2119017243385315
1GUA_A_B,1GUA,B,29,K,B,9,N,1.9983187149889297,-0.3997593057047847,H,0.3121121330176478,0.3529666429175681,-0.04085450989992029,15,15,0,-0.8543879999999999,-1.1832601999999999,0.4968698599636212,-0.0009934737490874812,0.0,0,-14.248764038085938,-0.3999999999999999,298.0,-0.9885016679763794,-1.0967663526535034,-1.5163673162460332,-0.5583662986755376,-0.5742188692092896,-0.40677201747894287,-1.0925946235656743,-0.6015185117721558
1H9D_A_B,1H9D,B,2,R,A,13,D,1.0642126527233364,,L,0.2787046872167735,0.2820308128234574,-0.003326125606683883,18,19,-1,-0.5459784000000001,-1.0014068000000003,0.6617191985296165,0.046678123237593405,0.0,0,14.293251037597656,-1.0,273.0,-1.0579643249511725,-0.9079668521881104,-1.4123014211654663,0.3597397804260256,-0.9388320446014409,0.1826552152633667,0.6416113376617433,-1.2347701787948608
1H9D_A_B,1H9D,B,60,G,B,95,G,1.9023307422654165,,H,0.0021527405753948,0.005355923236757,-0.0032031826613621995,23,24,-1,0.0031465699999999874,0.002094440000000003,0.03533681769309249,-0.0088395576079794,0.0,0,,0.0,273.0,0.004588834941387204,0.0028878450393677035,0.0020160675048829096,0.0033077746629715105,0.0038478076457977017,0.0025224760174751976,0.0032066926360130033,0.0027950629591941972
1H9D_A_B,1H9D,B,66,Q,A,60,Y,1.24916757040642,,L,0.1686759369326345,0.1362205372855057,0.03245539964712879,21,20,1,-1.3786166000000002,-1.4001108999999998,0.6411108352889604,0.041312404302019906,0.0,0,-15.957592010498047,-2.2,273.0,-1.5366796255111694,-1.275362491607666,-1.0881325006484985,-1.5445116758346558,-1.2377810478210447,-1.4627193808555603,-1.4288604259490971,-1.4548847675323486
1H9D_A_B,1H9D,B,94,N,A,16,N,2.110106560275752,,H,0.0161874087816158,0.0064958809368415,0.009691527844774301,23,23,0,3.06008918,3.5237313,0.32118643224614263,-0.009247635630088097,-0.5,0,-26.036666870117188,0.0,273.0,3.3247059881687164,3.5256383270025253,3.3782423213124275,1.4244439229369164,2.458221659064293,3.560167483985424,2.7543410807847977,4.0549517795443535
1IAR_A_B,1IAR,A,5,I,A,8,Q,1.170849396491051,-0.022349319258542954,H,0.2151275201834253,0.2348867618753019,-0.019759241691876622,20,18,2,-0.846781,-1.549792,0.06440593221532549,0.022319757434199866,0.0,0,2.7518234252929688,8.0,298.0,-0.355996370315552,-2.083105206489562,0.4280080795288086,-0.5204007625579832,-1.7846956253051758,-0.10826301574707031,-0.8754475116729736,-1.4743494987487793
1IAR_A_B,1IAR,A,88,R,A,91,W,3.753036463245231,0.7292019564980542,H,0.1020382758915612,0.1260762385309333,-0.024037962639372107,25,23,2,1.8356241399999997,1.8321245000000002,-0.5825455680915077,-0.029054549984782213,0.3333333333333333,0,0.26568603515625,-3.6,298.0,2.410891592502594,1.2029812335968018,1.6367619037628174,2.6066851019859314,1.750116229057312,0.46967649459838845,2.2342309206724167,2.373649775981903
1IAR_A_B,1IAR,A,89,N,B,70,S,1.5580959354804609,,H,0.0017970131409653,0.0224654540822124,-0.0206684409412471,24,23,1,2.76539184,3.54589827,-0.15885415358439947,-0.020744774087450596,1.0,0,28.933143615722656,-2.7,298.0,3.423143148422241,2.1552690118551254,3.4656887874007225,3.4334989339113235,2.243089869618416,3.55419122427702,1.9063821211457253,1.9418726190924644
1JCK_A_B,1JCK,B,20,T,A,52,S,1.488402051798161,,L,0.0940966248242698,0.0922868549198853,0.0018097699043845006,25,24,1,1.9113726,1.5230193,-0.2105675626617005,0.006536180480366305,0.0,0,1.3226356506347656,0.10000000000000009,298.0,2.104281783103943,1.8694504499435425,2.030248284339905,2.2205554842948914,1.7545173168182373,2.004888594150543,1.7432085275650024,1.5638304948806763
1JCK_A_B,1JCK,B,23,N,A,51,G,2.076536854194484,,H,0.0574328820984803,0.052755448430782,0.004677433667698301,24,24,0,-0.21351770599999997,-0.11410362,0.34028691716026405,0.0059043651271003805,0.0,0,,-3.1,298.0,-0.2974900975823403,-0.1195263862609863,-0.1427536606788636,-0.3634888380765915,-0.1976430863142013,-0.126536287367344,-0.182430386543274,-0.2782730460166931
1JCK_A_B,1JCK,B,60,N,A,68,S,1.3286854330602038,,L,0.1337282676026069,0.1455067257077703,-0.011778458105163397,20,18,2,-0.6699096,-0.7176833,0.9455991861242348,0.054340043325081994,0.0,0,48.29779052734375,-2.7,298.0,-0.0495302677154541,-0.12828922271728516,-0.8530664443969727,-0.9944930076599121,-0.8505315780639646,-0.5110270977020264,-1.3841595649719238,-0.5881800651550295
1JRH_LH_I,1JRH,H,32,Y,H,63,P,1.4333097490566602,,H,0.4709752294657779,0.4874267431856776,-0.01645151371989967,11,10,1,-1.7569914,-2.0730186,-0.5321388932554224,-0.030369755494052297,0.0,0,-19.8512077331543,0.30000000000000004,298.0,-2.2040613293647766,-1.5240944921970367,-1.8843051195144653,-1.9463161826133728,-1.1910776495933533,-2.0229289531707764,-1.6868733763694763,-1.596273347735405
1JRH_LH_I,1JRH,H,55,W,H,33,G,2.4213171849672226,,H,0.1288555410614759,0.0929033189647318,0.035952222096744105,18,18,0,-2.6650847100000004,-2.6065911099999997,0.2920420070494433,-0.014359388523878885,0.0,0,,-0.5,298.0,-2.6067514941096306,-2.6836070120334625,-2.4863410592079163,-2.6854150369763374,-2.609422266483307,-2.6532032564282413,-2.7945775911211967,-2.8013596981763844
1JRH_LH_I,1JRH,H,56,D,I,68,S,1.8860993177954763,,H,0.3831689306763632,0.3453053339005966,0.03786359677576662,15,13,2,2.0682110000000002,2.10086022,-1.0041422465025214,0.0682176398151283,0.5,0,5.243934631347656,-2.7,298.0,2.03362038731575,2.34685255587101,1.9461257606744766,2.190042018890381,2.3369871452450752,2.580063208937645,2.108133018016815,1.0038635730743408
1JRH_LH_I,1JRH,H,58,D,I,66,D,1.85464838704982,,L,0.2611307998690024,0.2834050534318668,-0.022274253562864388,11,11,0,-3.1791377,-2.7515063599999996,-1.0552046774647705,-0.13891760257840807,0.0,0,-6.4353790283203125,0.0,298.0,-3.5561959743499756,-3.344760954380035,-2.3669418692588806,-3.320897400379181,-3.1211735606193542,-4.2305794060230255,-2.49889001250267,-2.9936628341674805
1JRH_LH_I,1JRH,H,60,Y,I,74,R,1.2555918089614944,,E,0.0985708103042734,0.0708281236701131,0.02774268663416031,22,20,2,-1.84256058,-1.4179145499999999,0.32273256512598714,-0.06036785824154517,-0.3333333333333333,0,9.489799499511719,3.2,298.0,-1.3940636515617373,-1.7291525006294255,-1.5403752326965332,-1.3926331996917725,-2.2176042795181274,-2.8103252351284027,-1.7613655924797058,-1.8949649333953857
1JRH_LH_I,1JRH,I,41,V,L,93,S,1.6791564619276222,-0.650583555923561,L,0.0431362950611719,0.0799167187804542,-0.0367804237192823,20,19,1,0.45808932999999996,0.7187687000000003,-0.47552101648291756,-0.0117689859022935,0.0,0,-5.9245452880859375,5.0,298.0,0.31086641550064087,-0.0606806278228762,-0.40174782276153564,1.270559549331665,-0.3535471558570865,0.5149470567703245,0.6204185485839844,1.7638988494873051
1JRH_LH_I,1JRH,I,42,K,L,94,T,3.3858166197229025,0.38526928615817724,L,0.1260162342150496,0.09638755274362,0.029628681471429594,20,21,-1,0.07653189999999999,-0.053622999999999976,0.3651943852763909,0.07147202432697092,0.0,0,-5.205101013183597,-3.2,298.0,0.7178875207901001,-0.2283782958984375,0.14705467224121094,-0.04077768325805664,-0.6640501022338867,0.9524440765380859,-1.0740466117858878,0.8021218776702881
1JTD_A_B,1JTD,A,81,P,A,84,E,1.7215440145106427,0.03796234973680423,H,0.0033835508321186,0.0097647351278875,-0.006381184295768899,25,23,2,2.55842663,2.18350509,-0.23257826491564582,0.01516996452674918,-0.5,0,14.21335220336914,1.9,296.0,2.2118320018053055,2.958430491387844,2.2922620102763176,3.011467471718788,2.2570115476846695,2.7393970638513565,2.1438388228416447,2.85317213088274
1JTD_A_B,1JTD,A,85,K,B,246,S,2.1292616879820603,,H,0.1795719497748058,0.1424671292197875,0.03710482055501832,21,20,1,-2.2331892,-1.3818900000000003,0.8671944744937365,0.10503097964402883,0.0,0,11.38531494140625,-3.0999999999999996,296.0,-3.049670934677124,-2.264891743659973,-2.0745639801025386,-2.2637298703193665,-1.6040157675743103,-1.6064862012863155,-2.579636931419373,-2.4225178360939026
1JTD_A_B,1JTD,A,103,M,A,87,L,2.5045925251732184,,H,0.1089109700027798,0.1106301804266229,-0.0017192104238430983,22,20,2,-2.71812876,-2.72641938,-0.6130263946103496,-0.04790717902312,0.0,0,-19.456993103027344,-1.9,296.0,-2.639306902885437,-3.0460622310638428,-3.1605834364891057,-3.1056923866271977,-2.6066739559173584,-2.609705090522766,-2.6354651749134064,-1.9415392875671387
1JTD_A_B,1JTD,B,12,N,B,75,Y,1.3011671118471222,0.48022206661413236,L,0.1304828975766979,0.164043281511689,-0.03356038393499111,24,25,-1,0.08961750000000013,0.18709660000000028,-0.09544970827843438,-0.03584612353490829,0.0,0,-1.9705886840820312,-2.2,298.0,0.6226129531860356,-0.5257275104522705,0.06613564491271928,0.2462775707244873,0.8017911911010742,-0.7885680198669434,-0.22557640075683594,0.519996166229248
1JTD_A_B,1JTD,B,14,D,A,104,S,1.5074296942397836,,L,0.0779828281964354,0.0719467568603665,0.006036071336068899,27,28,-1,-3.48016025,-3.35306636,1.1906129042736526,0.0395845553588805,0.0,0,-1.6474761962890625,-2.7,298.0,-3.6005260050296783,-3.626226097345352,-2.8345707654953003,-4.037484139204026,-3.3890013694763175,-3.1462294161319733,-3.611641615629196,-3.5956031680107117
1JTD_A_B,1JTD,B,35,Y,A,190,V,3.150407363841207,0.03796234973680423,L,0.0081227634618895,0.0058344459974435,0.0022883174644460005,25,24,1,-0.8278498999999999,-0.11429329999999993,-0.7555301995478009,0.02016770778013119,1.0,0,23.759399414062496,-5.5,298.0,-0.4326501488685608,-1.219179272651672,-1.388996183872223,-0.6229939460754395,-0.41778290271759033,-0.23180079460144043,-0.6903582215309143,-1.6190378069877625
1JTD_A_B,1JTD,B,36,F,A,211,A,2.550142241103219,,L,0.0462799908050743,0.0631895284338213,-0.016909537628746994,25,23,2,-0.3571119999999999,-0.5700598000000001,-0.0071850405251500105,0.011798796946309004,0.0,0,,0.9999999999999998,298.0,-0.5015289783477783,-0.47705912590026855,0.07958936691284135,0.6295150518417361,0.5366623401641846,-1.4908841848373413,-0.8973240852355961,-0.7358677387237549
1JTD_A_B,1JTD,B,93,D,B,210,Y,1.988940524524266,0.8240213465552473,H,0.2046227475416903,0.2143140487326718,-0.009691301190981494,22,22,0,-0.8222445999999999,-0.3978476999999998,0.4697875129822677,0.015083259391012294,0.5,0,0.89251708984375,-2.2,298.0,-1.3087148666381836,-0.9369916915893555,-0.9260179996490474,-0.32605123519897505,-0.7603247165679932,-0.2625594139099121,-0.9303531646728511,-1.12694263458252
1JTD_A_B,1JTD,B,170,Y,B,131,S,2.0263542280666793,0.15156033328878646,H,0.4171071919896301,0.4632167987548274,-0.04610960676519732,16,16,0,-1.130934,-0.26763994,-0.7208897105018153,-0.1443123188041237,0.0,0,7.588722229003906,-0.5,298.0,-1.9294880032539368,-1.3835896253585815,-1.0362747311592102,-0.41784846782684326,-0.582228422164917,-1.157882809638977,-1.5038771629333496,-1.036280870437622
1JTD_A_B,1JTD,B,171,F,A,141,P,2.1997293965153855,,H,0.164157376760689,0.1359983645298325,0.02815901223085651,21,21,0,-0.09628387999999999,-0.055654069999999986,-0.19582443038409603,0.034405784292326075,0.0,0,-8.882125854492188,4.4,298.0,-0.14389725029468542,-0.09478628635406489,-0.09086322784423831,-0.11601993441581729,-0.0974195301532745,-0.10887535661458969,-0.06290952861309049,-0.055499754846096
1JTD_A_B,1JTD,B,266,N,B,13,N,2.668825510928575,,L,0.0426600691904958,0.0746428457515345,-0.0319827765610387,24,22,2,-3.0057025299999998,-2.4913155700000003,-0.7720234827938334,0.0218041230741845,-0.5,0,-8.39474105834961,0.0,298.0,-3.2954434975981712,-2.3105519711971283,-3.1208860874176025,-3.3087040409445763,-2.5040062069892883,-3.4285043627023697,-3.2517146840691566,-2.825809523463249
1JTG_A_B,1JTG,A,78,V,B,39,S,1.90988814615532,0.021610792644000815,L,0.0005971861768104,0.0161823376055583,-0.0155851514287479,21,21,0,0.229401756,0.252131444,-0.329418553914152,0.0015416554376553038,0.0,0,-2.7264060974121094,5.0,298.0,0.3213968649506569,0.2352489456534386,0.2634924426674843,0.18014411628246307,0.1723532155156135,0.19984894990921032,0.2026440054178238,0.26008562743663793
1JTG_A_B,1JTG,A,79,E,A,190,V,1.8001979849577399,-0.49270148863095753,L,0.0540326397183503,0.0798069252751905,-0.025774285556840193,21,20,1,1.45607936,1.95356672,-3.6666294843186904,0.0437287939608034,0.5,0,-4.893245697021484,-7.7,298.0,2.1786721646785736,1.3642802834510803,0.9850999712944031,1.8133407831192017,0.9984897673130035,1.4580559730529785,1.589700311422348,1.2609950304031372
1JTG_A_B,1JTG,A,85,E,A,142,P,1.3773733224044429,,H,0.0675225020966519,0.1020259861396374,-0.03450348404298549,21,23,-2,-3.3806214050000003,-2.7780231599999996,0.02110782569892089,0.016897260387019997,0.0,0,-15.092109680175781,-1.9,297.0,-3.7240300476551056,-3.7978393435478206,-3.0441260263323784,-3.639146074652672,-2.965416595339775,-3.110280379652977,-3.974684417247772,-2.789448454976082
1JTG_A_B,1JTG,A,104,M,A,82,P,1.1186526748995211,-0.07375289937941845,H,0.0065755292596665,0.002789364860402,0.0037861643992645,24,24,0,-4.10785264,-4.42494018,1.2515939837379608,-0.063878527697276,0.0,0,-26.48453712463379,3.5,297.0,-4.520285919308662,-3.5958412438631053,-3.782352402806281,-4.440670892596245,-3.9364518225193024,-3.7065758705139156,-4.749578073620796,-4.131063140928745
1JTG_A_B,1JTG,B,49,D,B,48,G,2.372421174597158,,H,0.0581735553346333,0.056456145368746,0.0017174099658873038,26,27,-1,-2.49380971,-2.84518352,0.3400429778192877,2.2467035790951773e-06,1.0,0,,-3.1,298.0,-2.8983666747808456,-2.9957982897758484,-3.299526870250702,-3.2138236612081528,-2.217575579881668,-1.706399604678154,-2.1094832718372345,-1.509502291679382
1JTG_A_B,1JTG,B,53,Y,B,73,E,3.181974885254008,,E,0.0026403894497273,0.0257359351883453,-0.023095545738618,23,25,-2,-2.8336542,-3.143034364,-0.07034273896172771,-0.027353324080035796,0.5,0,1.7283782958984366,2.2,298.0,-1.5424645245075226,-3.417366944253445,-3.065938323736191,-3.960937023162842,-2.098602831363678,-2.1468571200966835,-3.1213044747710224,-3.315763995051384
1JTG_A_B,1JTG,B,112,W,A,77,L,3.009163076795267,0.8644814320462479,L,0.0453858918251032,0.0165449254972913,0.0288409663278119,23,22,1,-2.4303611000000003,-1.7863635600000003,-0.22632684141653414,-0.0022346168238747133,1.0,1,0.5557708740234375,-4.7,298.0,-2.6308955550193787,-2.2737632393836975,-2.85403734445572,-1.8666653633117676,-2.5806078612804413,-2.322330594062805,-2.908308684825897,-2.0062800645828247
1JTG_A_B,1JTG,B,141,G,A,213,E,1.329899843730618,,L,0.1745557373450361,0.1375507937667927,0.03700494357824341,17,18,-1,1.2105773199999998,1.4449169,-0.2679966007704388,0.04385216662789779,0.0,0,,3.1,300.5,0.9301355183124543,0.4676749110221864,1.2329029291868208,1.4401928782463074,0.4438125789165497,2.1490675508975983,0.9012399017810822,2.1195932254195213
1JTG_A_B,1JTG,B,142,F,A,212,G,3.0315079672635883,,L,0.0709922215851227,0.073454044925256,-0.0024618233401333123,25,26,-1,-0.5422931,-0.670891416,0.9097774771077437,0.08041207124319341,0.0,0,,3.1999999999999997,298.0,-0.4490973576903343,-0.5921669974923134,-0.4583091586828232,-0.4841913208365441,-0.6372506842017175,-0.5324771106243134,-0.47124450653791433,-0.7136069014668465
1JTG_A_B,1JTG,B,148,H,B,71,S,2.7466582373819635,0.35792891505037433,E,0.0042958268741632,0.0207645609484681,-0.0164687340743049,22,24,-2,-0.6993376,-1.4266925999999998,-0.16255573284374214,0.009559544313471308,1.0,0,-1.1516532897949219,-2.4000000000000004,298.0,-1.0755299329757695,-0.5004584789276123,-0.4961822032928467,-1.005448937416077,-0.8250936269760132,-0.1823122501373291,-1.2864336967468262,-0.22324037551879883
1JTG_A_B,1JTG,B,160,R,B,31,E,3.0679073281389173,0.8209450452329897,E,0.2593930551085727,0.2141326383551695,0.0452604167534032,15,15,0,-1.0203541999999999,-0.24121389999999998,-0.391584905299599,-0.019390304381321694,0.0,0,-4.234970092773438,-1.0,288.0,-0.23112988471984908,-1.4859811961650848,-1.4597675800323486,-1.3713394403457642,-0.29634904861450195,-1.3950088620185852,-1.003692388534546,-0.9195655584335327
1K8R_A_B,1K8R,A,33,D,B,2,I,1.59620521584467,,L,0.4751157185400533,0.4896203994615395,-0.014504680921486213,10,12,-2,-1.09578,-1.0706788999999999,-1.4397915995092445,0.1737627333489392,0.0,0,0.453460693359375,-8.0,310.0,-1.2689417600631714,-0.8264129161834712,-1.5205355882644653,-1.0192484855651855,-0.8038986921310427,-1.8242921829223633,-0.40362775325775146,-1.0992836952209475
1K8R_A_B,1K8R,A,38,D,A,40,Y,1.7803357543779699,,E,0.0116782940787995,0.0359342848295021,-0.024255990750702602,23,22,1,-0.7942026,-0.3979557,-0.23297212796034505,-0.0253392347950529,0.5,0,4.443992614746095,-2.2,310.0,-0.8479974269866943,-0.6978241205215454,-1.0480093955993652,-1.1205636262893681,0.03602910041809082,-0.9297203421592711,-0.7917783856391909,-0.9537567496299744
1K8R_A_B,1K8R,A,41,R,B,4,R,1.2266533026606015,,L,0.1704816487041001,0.2106673199957112,-0.0401856712916111,21,19,2,-0.18219339999999984,-0.5194597000000001,0.1389729625057464,-0.0247618893442825,0.3333333333333333,0,4.5947418212890625,0.0,310.0,-0.43302202224731445,-1.0062724351882937,-0.6058659553527832,-0.964519739151001,0.7652180194854732,-0.0608677864074707,0.1318747997283931,0.7159057855606079
1K8R_A_B,1K8R,B,11,Q,B,12,T,1.8697107829656783,,L,0.0809156058281957,0.0459525616695176,0.0349630441586781,23,24,-1,-0.8293176999999998,-1.0570521,0.4287563500083652,0.016257985497391797,0.0,0,9.935775756835938,-2.8,310.0,-1.0328851938247685,-0.6008970737457278,-0.9105752706527714,-0.8711594343185425,-0.8248144388198855,-0.5693836212158201,-0.6142796277999878,-1.2105467319488525
1K8R_A_B,1K8R,B,31,K,A,64,Y,2.836937339384543,,H,0.1989895156916716,0.2382626750914371,-0.0392731593997655,19,18,1,0.23051266999999998,-0.13324985999999994,-1.799170194140332,0.10047208036581001,0.0,0,6.247505187988281,-2.5999999999999996,310.0,0.04444015026092529,0.2281399965286256,0.6179242134094238,0.36398841440677643,-0.3414835929870603,0.3426519632339478,-0.05336272716522217,0.6418031454086303
1KTZ_A_B,1KTZ,B,26,I,A,22,H,1.895631703462886,,L,0.1111662841228297,0.1309523658304567,-0.019786081707626996,16,17,-1,0.69771108,0.61445843,-0.20384721706347464,0.02564288914216331,-0.5,0,-5.125236511230469,7.7,298.0,0.5687052309513092,0.7083592712879181,0.4862502813339234,0.804538756608963,0.863189697265625,0.9264956116676333,0.7231990396976471,0.5009505748748779
1KTZ_A_B,1KTZ,B,29,I,A,20,W,1.369625081346294,,L,0.1875491077584223,0.2055426946445466,-0.01799358688612432,18,17,1,0.8159859,0.0802136,-0.1614170798702833,-0.022933019978363195,0.0,0,-7.9076995849609375,5.4,298.0,0.5711220502853394,0.7235506176948547,0.7727172374725342,0.7764971256256104,0.8614755868911743,0.736769676208496,0.6361000537872314,1.4496564865112305
1LFD_A_B,1LFD,A,5,I,B,41,R,1.4483802767436469,0.84846113103873,L,0.3042253835874633,0.3329901341380833,-0.02876475055062,14,14,0,-0.1210131000000001,-0.13115600000000005,-1.400070288922008,0.09043676152235122,0.0,0,-4.422466278076171,9.0,304.0,0.03582870960235596,0.15550124645233154,-0.3437667489051819,0.49669086933135964,-1.365891933441162,0.7594420909881594,0.755665183067322,-1.461575448513031
1LFD_A_B,1LFD,A,39,K,B,24,I,2.0998271003000024,,H,0.0810025322250197,0.041675813204416,0.0393267190206037,20,19,1,2.5919957,1.9784357000000001,0.4532951024945247,0.11316433854073399,0.0,0,0.19455718994140625,-8.4,298.0,2.5774946808815002,2.2751636505126953,1.7836111783981323,3.4030576646327972,2.999876320362091,2.291671872138977,3.8248082250356674,1.580281287431717
1LFD_A_B,1LFD,B,33,D,A,22,L,1.1002917441185578,,L,0.2830742882141155,0.2654272432983898,0.017647044915725718,12,12,0,0.6911372000000002,0.4866975,-0.13926313634283038,0.20878085315466818,0.0,0,-28.428237915039062,-7.3,298.0,0.32500314712524414,1.1715126037597656,1.3818344473838806,1.1451411247253418,-0.17480731010437012,0.9577741622924805,0.3820645809173584,0.34057474136352517
1LFD_A_B,1LFD,B,37,E,B,36,I,1.1965592838418202,,L,0.0702334141780041,0.0681329617124455,0.002100452465558608,18,19,-1,-4.18328252,-2.38057062,0.562387023258481,-0.0192006037063098,0.0,0,-5.093513488769531,-8.0,310.0,-4.604491084814072,-4.939825311303139,-3.479268200695515,-4.369473367929459,-3.4522997513413434,-4.9752005115151405,-4.53975273668766,-3.105947129428387
1MI5_ABC_DE,1MI5,D,90,L,A,66,I,1.2314175678494845,,H,0.0184038583799355,0.0090512775586479,0.009352580821287598,26,25,1,-3.4385273499999998,-4.04675944,-0.14676487430410845,-0.0255258664211587,0.0,0,3.0622482299804688,-0.7000000000000002,298.0,-1.547406166791916,-4.5940957218408585,-3.6499757766723633,-4.063164055347443,-3.7542306184768677,-1.8538036048412323,-3.6096312403678894,-4.435910880565643
1MI5_ABC_DE,1MI5,D,93,G,E,97,A,1.2314175678494845,,H,0.0287723120486904,0.0466852486851091,-0.0179129366364187,27,26,1,0.163455484,0.0931021,0.8548655110621087,-0.03769667912716129,0.0,0,,-2.2,298.0,0.10849627107381819,0.22316952794790268,0.2494914010167122,0.054602906107902485,0.13881933689117432,0.230811208486557,0.2014588043093682,0.10079459846019749
1MI5_ABC_DE,1MI5,D,96,Y,C,4,G,1.2314175678494845,,L,0.0570837402751351,0.0417876785753567,0.015296061699778402,27,27,0,-3.25833597,-3.432599696,-0.7817489523055334,-0.027998075304674602,1.0,0,,-0.9,298.0,-3.750212840735912,-4.02758415043354,-2.193635508418083,-3.084377482533455,-2.608238250017166,-3.3237147703766827,-3.3156272247433662,-3.763296753168106
1MI5_ABC_DE,1MI5,E,95,G,D,30,Y,1.2314175678494845,0.4494311457967245,L,0.0,0.0100517664012429,-0.0100517664012429,23,24,-1,0.8238558999999999,-0.8437844000000001,-0.37036860490149026,0.007832087197415516,-1.0,0,,0.9,298.0,2.50227552652359,-1.0343809127807617,2.4922434687614445,0.07565546035766602,-1.3726470470428467,-0.04113149642944336,1.6664350032806396,2.3023961782455444
1MI5_ABC_DE,1MI5,E,98,Y,D,28,T,1.2314175678494845,0.5873124986178563,L,0.0766602340691891,0.0647981244567345,0.01186210961245461,21,22,-1,-2.1666314000000004,-3.7297449,-1.4035340671028473,0.019451318356793312,1.0,0,-2.2202415466308594,-0.6000000000000001,298.0,-3.7009087800979614,0.12087416648864746,-3.7315796613693237,-1.7252755165100102,-2.3467683792114262,-0.06586217880249023,-2.7030328512191772,-3.180498123168945
1N8Z_AB_C,1N8Z,B,50,R,C,554,D,2.975475032472945,,E,0.0,0.0262316900081624,-0.0262316900081624,24,26,-2,-1.4763433000000001,-0.3019950999999996,0.007228053622753361,0.0820347644977823,0.5,0,45.860260009765625,-1.0,303.0,0.09286928176879927,-0.8991596698760991,-0.9809734821319576,-2.8481748700141907,-2.82329785823822,-0.9822788238525386,-0.3080625534057617,-3.0616703629493713
1NMB_N_LH,1NMB,H,103,Y,N,319,T,2.140619496834345,,H,0.2965468076663982,0.2629894632748094,0.033557344391588806,21,20,1,-0.47846009999999994,0.05954499999999996,0.1492412690539794,0.05791929956031441,0.0,0,-12.987785339355469,-0.6000000000000001,298.0,-1.4383876323699956,-0.5409014225006104,-0.34118723869323686,-1.1402606964111324,0.43486881256103516,-0.37096261978149414,-0.10747241973876953,-0.3233766555786133
1OGA_ABC_DE,1OGA,A,152,V,A,155,Q,1.392984914662296,0.4888492883114545,H,8.804501065769115e-05,0.0446156253311769,-0.044527580320519206,22,24,-2,0.9091948000000001,1.0058101400000001,0.015960328713195082,0.02917307101827979,-0.5,0,-17.827865600585938,7.7,298.0,0.5445890426635742,0.8937104344367981,0.965292692184448,1.2523094415664673,0.678656816482544,0.7343815565109255,1.0281622409820557,1.1764558553695679
1OGA_ABC_DE,1OGA,E,28,D,D,29,S,1.5724963209895868,0.6273575722964763,L,0.0540777978046683,0.0472650627415428,0.006812735063125498,22,22,0,-0.7201937700000001,-0.87947094,-0.12948744594667394,-0.034678882231882396,0.0,0,16.596664428710938,-2.7,298.0,-0.423556923866272,-0.42329937219619757,-1.0930474251508713,-0.4269756078720093,-0.6323980242013932,-0.8670651465654373,-0.9202263504266739,-0.974980503320694
1OGA_ABC_DE,1OGA,E,48,Q,D,95,G,2.1612792666649274,,L,0.0204258613947505,0.0,0.0204258613947505,29,27,2,-0.11466643,-0.11662299500000001,0.018144048106899957,-0.03720764188238718,0.5,0,,-3.1,298.0,-0.0881761685013772,-0.12002989649772641,-0.1044477298855782,-0.1189144253730774,-0.15550193190574652,-0.0865420699119568,-0.1193917691707611,-0.12432734668254859
1OGA_ABC_DE,1OGA,E,49,I,C,6,V,2.1612792666649274,,L,0.0069441891824888,0.0140339480328104,-0.007089758850321599,27,25,2,-0.2811589,-0.16813503,0.26735406446777565,0.009251266700703697,0.0,0,-2.6278305053710938,0.2999999999999998,298.0,-0.5589985847473145,-0.18003616482019427,-0.3184879422187806,-0.3670278489589691,-0.15683133900165552,-0.2866705954074859,-0.328296035528183,-0.05292212963104251
1OGA_ABC_DE,1OGA,E,51,N,D,93,S,1.1147600269960842,,H,0.3230377075651973,0.3229650440428511,7.266352234619466e-05,18,20,-2,1.3106915,1.37006446,0.5691017093863985,-0.009052377850047005,0.0,0,0.23722457885742188,-2.7,298.0,1.2496758699417114,1.5878044962882991,0.8311678767204287,1.1036982536315918,1.434282898902893,1.4567312598228455,1.646822988986969,1.1753478050231934
1OGA_ABC_DE,1OGA,E,94,R,C,5,F,2.1612792666649274,,L,0.0299497773871027,0.0255072983026844,0.004442479084418301,24,24,0,-0.7233710000000002,-0.3727613999999999,-0.017360653536868442,-0.0381015164099239,1.0,0,11.598209381103516,-7.3,298.0,-0.6002335548400879,-1.1408424377441415,-1.0129520893096924,-1.182896375656128,-0.3794717788696289,-0.9963588714599609,0.037546634674072266,-0.5117597579956055
1PPF_E_I,1PPF,I,20,Y,E,129,L,3.16587205876721,,L,0.0859012912718916,0.0637968659696591,0.0221044253022325,28,27,1,3.3270769999999996,2.9656272999999995,-0.4271817124983059,0.012882177033778697,0.0,0,1.3585624694824219,-5.1,294.0,3.184601664543152,4.1031739711761475,4.00693553686142,3.6478383541107178,2.8590710163116455,3.4097381234169006,2.9522472620010385,2.45301353931427
1R0R_E_I,1R0R,I,14,E,E,101,G,2.0604670627429025,,L,0.0593163934483449,0.0495988816462255,0.009717511802119397,28,26,2,-1.266581685,-2.159784296,-0.0123569862299453,0.008022967794418107,0.0,0,,-3.1,294.0,-0.6755245327949524,-1.477768301963806,-0.8829874768853186,-2.3038738146424294,-0.8000562116503717,-0.8951082229614258,-1.2570145130157473,-1.840321287512779
1REW_AB_C,1REW,C,55,Q,A,55,L,2.6573708661204076,,H,0.0109819189892572,0.0113283081778877,-0.00034638918863049914,24,25,-1,0.28162076,0.28083764,-0.20563723915359822,0.04077777722770198,0.5,0,-17.95217514038086,-7.3,298.0,0.2410382181406021,0.17755752056837082,0.4168812483549118,0.48996015638113033,0.3615911900997162,0.23566660284996038,0.14610331505537028,0.1841680631041527
1S1Q_A_B,1S1Q,A,43,N,B,64,E,1.210756199261406,,H,0.3437325086376433,0.3146629836358277,0.029069525001815644,17,15,2,1.0758158,1.0161481,0.04573615143135551,0.058677946337549386,0.0,0,0.757331848144533,0.0,293.0,1.3010330200195312,1.201293110847473,0.8580968379974365,1.3686890602111816,0.885860681533813,0.7839319705963139,1.1397850513458252,1.0678372383117676
1SMF_E_I,1SMF,I,2,T,E,194,G,2.058861248035071,,L,0.0160902835667065,0.0178696525866706,-0.0017793690199640992,23,23,0,-0.06569246000000001,-0.11601155,0.5305356654453938,-0.008337238914002815,1.0,0,,-0.29999999999999993,300.0,-0.056158006191253704,-0.059999004006385886,-0.038219802081585,-0.032500199973583194,-0.06768864393234249,-0.05733913183212282,-0.045366965234279605,-0.1682679951190949
1SMF_E_I,1SMF,I,3,K,E,173,C,5.724672691392866,,L,0.0026915352897693,0.0137544637690766,-0.011062928479307302,31,30,1,-0.27855989999999997,0.2085646,0.30878078764536476,0.000435886064120497,1.0,0,-15.015007019042965,-6.4,300.0,-0.5593041181564331,0.3360811471939087,-0.30902397632598877,0.01589643955230713,-0.553152471780777,-0.8183431401848792,-0.008524715900421143,-0.332109421491623
1SMF_E_I,1SMF,I,8,E,E,22,Y,1.0191501068131246,,L,0.3759272700791768,0.3925439330002626,-0.016616662921085767,13,11,2,-2.377336,-2.262148,1.4269890740289188,-0.05145873916511359,0.0,0,4.895233154296874,-2.2,300.0,-2.630241632461548,-2.5015151500701913,-2.2277055978775024,-3.036035716533661,-1.9945967197418213,-2.510514974594116,-2.735622763633728,-1.382453441619873
1TM1_E_I,1TM1,I,39,T,I,37,I,2.6491821965802167,,L,0.004752785094931,0.0008142361122658,0.0039385489826652,28,27,1,1.5914636,1.2827099,-0.8685836966600112,-0.010388773414303692,1.0,0,-5.036865234375,-5.2,298.0,1.569013595581055,2.030807137489319,0.7237697839736938,0.5965245962142944,1.8582737445831299,2.541669249534607,2.4489598274230957,0.9626895189285276
1TM1_E_I,1TM1,I,40,M,E,154,G,1.0272076276256512,,L,0.06899965967547,0.0430013408968028,0.025998318778667207,34,33,1,-2.07915269,-2.624396155,0.391732657995554,-0.0221088177607677,0.0,0,,2.3,298.0,-2.0826454758644104,-2.26362518966198,-1.980365939438343,-1.978867307305336,-1.8964708894491196,-1.8759781271219254,-2.6008448973298073,-1.9544239491224293
1TM1_E_I,1TM1,I,41,E,E,155,N,2.9880981051157702,,L,0.0207752524446374,0.0246237136805926,-0.0038484612359552008,26,28,-2,-3.84378012,-4.01853451,0.03871867407959251,5.4337899692391556e-05,0.0,0,27.37162399291992,0.0,298.0,-3.8965368568897247,-3.9415281265974045,-4.090687468647957,-3.8001587390899663,-3.4743606820702553,-3.8431758582592015,-3.9243431985378265,-3.7794487848877907
1TM1_E_I,1TM1,I,42,Y,E,62,N,2.5794003172045445,,L,0.197940152308081,0.1811543290222102,0.016785823285870805,23,21,2,0.012612399999999968,-0.08306139999999995,1.2248895516515652,-7.542874555840906e-05,-0.5,0,2.810272216796874,2.2,298.0,0.25596994161605835,0.1376931071281433,0.07040026783943182,-0.11862418055534363,-0.1766704916954041,0.009321212768554688,-0.01632976531982422,-0.060861408710479736
1U7F_B_AC,1U7F,B,65,R,C,63,R,1.8071269636945604,,H,0.3957436651270693,0.4313408385707242,-0.03559717344365487,16,17,-1,0.24519760000000002,1.1481787,0.22192072175678945,0.06611151384580141,0.0,0,-22.256637573242188,0.0,310.0,-0.17677700519561768,-0.1294521093368528,1.2147048711776738,0.024542808532715066,1.1340221166610722,0.5677506923675537,-0.422793507575989,-0.25041723251342773
1U7F_B_AC,1U7F,B,140,D,B,69,H,2.780237853642562,,H,0.0112247316979996,0.0350289532732448,-0.023804221575245203,18,20,-2,0.2101868,-1.1260321000000002,0.5687846309204184,0.0334390669356347,0.5,0,11.029659271240236,-0.2999999999999998,310.0,1.263355374336243,0.589965283870697,-0.0802992582321167,1.7859835624694824,0.4547011852264402,-2.038688063621521,-0.4477362632751465,0.15421271324157715
1UUZ_A_D,1UUZ,A,62,H,A,91,P,1.7740327276755175,,H,0.3566117894337805,0.3490160059522447,0.007595783481535834,22,20,2,-0.7748552,-0.9008243000000002,-3.41437220881005,-0.09604987103012708,0.5,0,-17.740520477294922,-1.6,298.0,-0.700710654258728,-1.298320174217224,0.04095327854156494,-1.1182023286819458,-0.5240532159805298,-1.5560649633407593,-0.7502017021179199,-0.2922430038452153
1VFB_AB_C,1VFB,A,32,Y,C,24,S,1.528133111318533,0.8509648319333666,L,0.03122169155905,0.0365119290050647,-0.005290237446014697,20,22,-2,4.681296570000001,4.74826984,-0.09816207355950712,-0.0659654259514855,-1.0,0,11.055580139160156,-0.5,298.0,4.915171682834625,4.855071246623993,4.916433244943619,4.324465095996857,4.427848160266876,4.842754304409027,4.875249147415161,4.293380796909333
1VFB_AB_C,1VFB,A,92,W,B,31,G,3.0378472845590494,0.3064652561563855,L,0.1290774275765337,0.1201998928727448,0.008877534703788909,17,15,2,3.1958002,2.6271845000000003,-0.15440066649758655,0.0388269890510031,0.0,0,,-0.5,298.0,2.3755481243133545,3.132914423942566,3.5418397188186646,3.5985220074653625,2.647102177143097,3.29002994298935,3.1755579710006714,3.8048887848854074
1VFB_AB_C,1VFB,B,100,D,C,119,D,3.005001188637171,0.9530876824425276,L,0.172918193961587,0.2000831560703803,-0.027164962108793295,22,20,2,-0.6751515000000001,-1.1924426000000001,-0.34056555449321424,-0.08864171270418009,1.0,0,13.16864013671875,0.0,298.0,-0.12197744846344016,0.4419916868209839,-0.5032578706741333,-0.4806278944015503,-0.8862912654876709,0.043908119201659934,-1.7184563875198364,-2.1764994859695435
1VFB_AB_C,1VFB,C,121,Q,C,120,V,2.8769973068420085,0.9169496673026039,H,0.001157761654245,0.0283905511568441,-0.0272327895025991,21,23,-2,0.6266394,0.7858527500000001,-0.06410931965902678,0.075807465591967,1.0,0,9.004951477050781,-7.7,298.0,1.8151231408119202,0.6641381978988647,-0.12734586000442505,-0.1025734543800354,-0.21315807104110718,0.3727353811264038,1.8403900265693665,0.763805031776428
1VFB_AB_C,1VFB,C,124,I,C,27,N,1.2314175678494845,,H,0.0264266604382162,0.02875985085162,-0.0023331904134037997,24,26,-2,1.0599998,1.87362254,0.48627588033967795,0.058582550608336004,-0.5,0,-0.5758476257324219,8.0,298.0,0.47153082489967346,1.2285274863243103,1.277606725692749,1.8006498217582703,0.39782473444938665,1.8674129545688634,0.6682834029197693,0.7681623101234436
1VFB_AB_C,1VFB,C,125,R,C,102,G,1.8368993808269287,,H,0.2593153856253631,0.2344371940809318,0.0248781915444313,12,13,-1,0.8219202000000001,-0.08800430000000015,-0.8583767339716194,0.04428884500863711,0.3333333333333333,0,,-4.1,298.0,1.2048190832138062,1.3910964727401736,0.29017949104309126,0.5461075305938721,1.3082809448242188,0.3648629188537602,0.9243165254592896,0.5456969738006592
1XGQ_AB_C,1XGQ,B,33,V,B,52,S,1.1525789787935092,,L,0.0123210609750353,0.0108483435769194,0.0014727173981159015,20,21,-1,-1.7666271000000002,-1.5530890999999998,-1.4391564028613169,0.011465344587497706,-1.0,0,-1.4273796081542969,5.0,298.0,-1.6339190006256104,-1.9083809852600098,-1.6090173721313477,-1.8317452669143677,-1.7633641958236694,-1.799176812171936,-1.9855304956436157,-1.6018822193145752
1XGR_AB_C,1XGR,B,33,I,C,101,D,2.2602064692392574,,L,0.0,0.0121222857268943,-0.0121222857268943,18,19,-1,-1.0601024999999997,-0.7539863000000002,-1.045207145623802,-0.05377213863916691,-0.5,0,-5.730792999267578,8.0,298.0,-1.3746527433395384,-0.6346178054809579,-1.4462578296661381,-1.3606929779052737,-0.4592018127441406,-0.4784998893737793,-1.9454413652420048,-0.7814559936523438
1XGT_AB_C,1XGT,B,33,L,C,101,D,2.198891059077828,,L,0.0,0.0062270050758301,-0.0062270050758301,19,19,0,-2.5134073000000003,-2.0859720000000004,-1.3104167523640853,-0.060272851951812006,-0.5,0,5.652961730957031,7.3,298.0,-3.219117045402527,-2.000364303588867,-2.834344744682312,-2.9308184385299683,-2.1872377395629883,-1.9460477828979492,-2.8018951416015625,-2.1874337196350098
1XGU_AB_C,1XGU,B,33,F,B,52,S,4.060660828476691,,L,0.0,0.0,0.0,19,20,-1,-3.3834033000000003,-3.6238404000000006,-0.4629016295264153,-0.0017072307397519026,-1.0,0,-7.736400604248047,3.5999999999999996,298.0,-3.4936532974243164,-3.450637698173523,-3.5336214303970337,-3.303081750869751,-3.603895664215088,-3.095411777496338,-3.3741135597229004,-3.2128103971481323
1Z7X_W_X,1Z7X,W,261,W,X,117,V,1.3353555091961204,,L,0.0617758766838476,0.0644887347206276,-0.002712858036780008,23,24,-1,-0.6192531,-2.27925763,-1.0452322702594061,-0.13591624203228891,0.0,0,54.86820602416992,-5.1000000000000005,298.0,-0.573723554611206,-0.1681346297264099,-1.5776361823081966,0.08688023686408997,0.042449951171875,-2.083342730998993,-0.7677755355834959,0.08725854754447937
1Z7X_W_X,1Z7X,W,263,W,W,377,A,2.2114274623341164,,H,0.0740946169041249,0.040299750503095,0.033794866401029904,25,25,0,-2.0510446,-3.0845304000000002,-0.20058948300589274,-0.0424619450239596,1.0,0,,-2.7,298.0,-3.1058046221733093,-1.5228489637374882,-2.4690305590629578,-1.879638910293579,-1.1272465586662292,-2.4208989143371578,-2.522338628768921,-1.3605479001998901
1Z7X_W_X,1Z7X,W,287,E,W,439,S,1.320732873103489,,L,0.1555716344097911,0.1668843246330662,-0.011312690223275107,18,18,0,-1.725342614,-2.02024007,-2.480661657303184,-0.150826817210515,-1.0,0,-8.108413696289062,-2.7,298.0,-1.4025476053357124,-2.4355950728058815,-1.5641457587480543,-1.410055324435234,-2.0705596059560776,-2.0256630405783653,-1.7571541145443916,-1.1370208337903023
1Z7X_W_X,1Z7X,W,320,K,X,88,G,1.320732873103489,,H,0.1068296573880782,0.1194400127983559,-0.01261035541027769,23,23,0,-2.4466984000000003,-1.1217766999999998,-0.7841267163690278,-0.1045219384858311,0.0,0,,-3.5,298.0,-2.8947627544403076,-3.017151355743408,-3.1658384799957275,-0.5799179077148438,-0.8049569129943848,-3.4995354413986206,-2.9892207384109497,-2.6222007274627686
1Z7X_W_X,1Z7X,W,375,W,X,38,R,1.6688123025080832,,L,0.1435766110024238,0.1393031928635703,0.004273418138853513,23,22,1,-0.6600188999999999,0.3634687000000003,-1.1341252936243944,-0.21529104048887127,1.0,0,-0.9159393310546857,3.6,298.0,0.8959827423095703,-0.7054562568664555,-0.5764541625976562,-0.8583594560623171,-1.409834384918213,-1.103119492530823,-1.2244760990142822,-0.2984366416931148
1Z7X_W_X,1Z7X,W,401,E,X,70,N,1.305740004630683,,L,0.17424898909013,0.1684907249343293,0.005758264155800719,19,18,1,0.32421685,0.19565469000000002,-1.5851991538989483,-0.11078212623881434,0.5,0,-0.6143798828125,0.0,298.0,0.6914101243019105,0.07280915975570679,0.7848384529352188,0.5680370032787324,0.10885810852050781,0.15152078866958618,-0.01105499267578125,0.22731590270996094
1Z7X_W_X,1Z7X,W,434,Y,X,10,Q,5.953264042870864,,H,0.0121305440376078,0.0341554692854353,-0.022024925247827502,20,22,-2,1.0588975,0.7941126999999999,0.1497853448301294,-0.09356693628893761,-0.5,0,12.245105743408205,2.2,298.0,0.8831794261932373,0.6693851947784424,1.7945539951324463,0.552801847457886,1.3495038747787476,0.7664508819580078,1.144453167915344,1.3108508586883545
1Z7X_W_X,1Z7X,W,435,D,X,87,N,3.6607903964813246,,H,0.1779571202992242,0.1562012912825681,0.021755829016656097,22,22,0,0.015001700000000007,-0.29796690000000003,-0.6689307071388665,0.052613378797364774,0.5,0,-14.466201782226562,0.0,298.0,-1.0691218376159668,0.9240565299987793,-0.8287651538848877,-0.49086880683898926,0.8593189716339111,-0.40612244606018066,0.646350622177124,0.4851670265197754
1Z7X_W_X,1Z7X,W,437,Y,W,318,W,2.6229603015683534,0.9930255101262047,L,0.0555500433317187,0.0455593919642831,0.009990651367435599,25,24,1,1.70886088,2.75944945,0.6299359202203638,0.1206340434311895,0.0,0,-19.609169006347656,-0.4,298.0,2.9361539185047145,1.0102792680263517,-0.20758485794067388,2.4863638281822205,2.6003142595291138,0.040924072265625,1.581197291612625,3.2232404351234436
2A9K_A_B,2A9K,B,65,E,B,45,K,3.1516228401257504,,H,0.1937186672678024,0.2043591514669276,-0.010640484199125194,20,21,-1,0.6680354499999999,0.6018409499999999,-0.8453134118746518,-0.014836729881656602,0.0,0,-21.661918640136715,0.3999999999999999,310.0,0.487579822540283,0.9886289983987808,0.9025809168815613,1.3282146900892258,0.6740018576383591,0.2622733414173126,0.32554462552070623,0.3754579424858093
2AJF_A_E,2AJF,A,23,Y,A,335,K,1.451750584608139,,H,8.028343182684427e-05,0.0386693637309103,-0.03858908029908346,21,23,-2,-0.09700740000000008,-0.16258003,0.2236216200487109,-0.000335288720557797,0.0,0,3.372814178466797,2.5999999999999996,298.0,-0.6768723726272583,0.252923846244812,-0.3705190420150758,-0.6193968653678894,-0.39138564467430115,-0.04331326484680176,0.6126856505870819,0.45981788635253906
2AK4_ABC_DE,2AK4,A,151,R,A,166,E,1.3667185414670637,,H,0.3436529212274086,0.3628015399317074,-0.019148618704298792,16,16,0,-0.21827260000000015,-0.5291348,-0.6196136501560585,-0.022203248235353884,0.3333333333333333,0,-22.648422241210938,-1.0,298.0,-1.136603832244873,-0.34901225566864014,-0.09161120653152466,0.19095611572265603,-0.6026074886322021,-0.45375263690948486,0.255706787109375,0.44074416160583496
2AK4_ABC_DE,2AK4,A,157,R,A,150,A,1.403360330923035,,H,0.2355437842570769,0.2371303549012206,-0.00158657064414372,21,19,2,1.1135974,0.8008196,0.39430090011899643,-0.01695171440579607,0.0,0,,-6.3,298.0,0.3396736383438111,1.6578316390514372,1.1019904911518097,0.645222157239914,1.011524736881256,1.6491097509860992,1.214355319738388,1.2890712618827818
2AK4_ABC_DE,2AK4,C,4,P,D,96,F,1.0959006384745251,,L,0.026344376511513,0.0142489171077664,0.012095459403746602,22,23,-1,3.27201713,2.52601441,0.2770862813151975,0.0781027256896615,0.0,0,4.623432159423828,-4.4,298.0,3.58475598692894,3.5562095791101456,3.380561038851738,3.446557834744453,3.0813617184758186,2.811629518866539,2.856637015938759,3.4584269225597386
2AK4_ABC_DE,2AK4,C,5,L,E,28,N,1.403360330923035,0.822526318997111,L,0.0062728180578216,0.0043230502237239,0.0019497678340977005,26,25,1,0.22448720000000003,0.11804358000000001,0.017935976909278173,0.033570586517133516,-1.0,0,-3.4722061157226562,7.3,298.0,0.1383188590407372,0.37064654380083084,0.01954624056816101,0.13882197439670568,0.3111139312386512,0.3075672164559365,0.23009435832500458,0.2797882705926896
2AK4_ABC_DE,2AK4,C,6,P,C,8,G,1.403360330923035,,L,0.0653921645792352,0.0544070419587258,0.0109851226205094,25,23,2,-0.0140768,-0.013469204999999998,-0.02587651548438985,0.0045016766775793915,0.0,0,,-1.2000000000000002,298.0,-0.012725524604320512,-0.014779381453991006,-0.0148483961820602,-0.01277678459882739,-0.015985280275344807,-0.010814115405082689,-0.0145981684327125,-0.0160867795348167
2AK4_ABC_DE,2AK4,C,7,Q,E,27,H,1.403360330923035,,L,0.027708024315314,0.033395519731125,-0.005687495415811001,28,27,1,-0.5034363,-0.15088860000000004,0.13976249905808347,-0.05787969074655139,-0.5,0,-5.277519226074219,-0.2999999999999998,298.0,-0.14734673500061035,-0.4182857275009155,-0.5716938972473145,-0.3677052259445188,-0.917826235294342,-0.4810020923614502,-1.2017238736152651,0.07809209823608398
2AK4_ABC_DE,2AK4,D,97,Y,E,93,G,1.403360330923035,,L,0.0313066731172758,0.0552775792556558,-0.023970906138380002,23,22,1,-1.0723820400000001,-0.89009613,-0.8822369632207221,-0.020679202895130394,1.0,1,,-0.9,298.0,-1.046864077448845,-1.3668515682220457,-0.9608086049556732,-1.235975131392479,-0.7988096177577972,-0.9950421303510666,-1.338012382388115,-0.83669313788414
2AK4_ABC_DE,2AK4,D,98,N,A,158,A,1.403360330923035,,H,0.0056771109850107,0.0,0.0056771109850107,24,26,-2,-2.5466992,-2.0924133,0.23313218303465466,-0.035914006268316506,0.5,0,,-5.3,298.0,-2.8071499466896057,-2.0311999917030334,-3.031132161617279,-2.5867971777915955,-2.3412256836891174,-2.291342079639435,-2.196523904800415,-3.0882235169410706
2AW2_A_B,2AW2,B,16,P,B,33,G,2.5744374477294474,,L,0.0153414562122684,0.0101922786017045,0.005149177610563901,30,28,2,-0.0165753,-0.02018006,0.3491523873541678,0.014447092729273692,0.0,0,,-1.2000000000000002,298.0,-0.010566249489784296,-0.010129518806934301,-0.009180568158626598,-0.010767310857772897,-0.017519675195217202,-0.016678601503372192,-0.02244760841131209,-0.035312898457050296
2AW2_A_B,2AW2,B,22,Y,B,7,E,1.8842400174523888,,L,0.1571157833788595,0.1588510458796019,-0.0017352625007423794,25,23,2,-0.10525341999999999,0.04287055000000001,-1.325058050832281,-0.05290579946085261,0.0,0,6.179786682128906,2.2,298.0,-0.144261434674263,-0.08018141984939581,-0.1484737396240235,-0.22515459358692172,-0.1292322278022766,0.02576184272766119,0.011931508779525812,-0.15241719782352442
2AW2_A_B,2AW2,B,35,V,A,4,Q,1.0959006384745251,,E,0.0562196104114576,0.0465140330850187,0.009705577326438904,22,21,1,0.7305570000000001,0.5720269999999998,1.0090837026467896,-0.049825020269176706,-0.5,0,-3.5456695556640625,7.7,298.0,-0.09180879592895552,0.9754161834716797,0.9353742599487305,0.33678150177001953,0.2521383762359619,0.7460601329803462,1.3257635831832886,1.364729523658752
2B42_A_B,2B42,A,357,H,A,362,G,1.6212374728821843,,H,0.115510648295963,0.0989499013141976,0.016560746981765392,25,26,-1,-2.96003281,-3.8908850999999998,-0.8340804763214495,0.08414358649292669,0.5,0,,-2.8000000000000003,295.0,-3.067225471138954,-3.137328304350376,-2.9090594276785855,-2.937946528196335,-2.5978951454162598,-1.4613387659192085,-3.595235571265221,-3.9742321521043777
2BNR_ABC_DE,2BNR,A,66,K,A,72,Q,1.6885781242920541,-0.09624154412630512,H,0.0421557444226159,0.0275845647840652,0.014571179638550702,26,27,-1,-0.3090595999999999,-0.4830723000000001,-0.25277684002040357,0.006283883253776101,-0.5,0,6.1388702392578125,-0.3999999999999999,298.0,-1.1640101671218872,-1.4774460792541504,-0.4155683517456059,0.2085199356079097,-0.20356380939483643,0.13423800468444824,0.004829525947570801,0.4405233860015869
2BNR_ABC_DE,2BNR,A,73,T,A,69,A,1.2844846939463561,,H,0.0,0.0,0.0,25,26,-1,-2.7814531199999997,-2.39397452,-0.06867487699644004,0.018870083202750187,1.0,0,,-2.5,298.0,-3.040098801255226,-2.6050428450107574,-2.974324598908425,-3.2429032847285266,-2.377774655818939,-2.472473129630089,-2.6103725284338,-2.9286368489265446
2BTF_A_P,2BTF,P,59,F,A,354,M,1.5950260239100018,,H,0.1215832612698351,0.1243028291952978,-0.0027195679254626987,20,20,0,1.3643618,2.3048281,-1.5001113138309847,-0.0994805621810314,0.0,0,-17.641510009765625,0.8999999999999999,298.0,1.8910518884658811,1.8218029737472534,1.8465635776519773,1.05179762840271,1.162765741348267,0.4765136241912842,2.1550514698028564,0.5093483924865723
2FTL_E_I,2FTL,I,15,K,E,171,S,10.28976577795631,,L,0.0013087171805378,0.0011513228372002,0.00015739434333760004,34,36,-2,0.6742583,1.06103537,-0.4701708831323934,-0.0493858652327812,0.0,0,-5.706600189208984,-3.0999999999999996,295.0,0.914746105670929,0.6656107306480408,0.23065727949142456,1.1379321515560152,0.6962288022041321,0.4441908001899719,0.6810339987277985,0.6236668825149536
2FTL_E_I,2FTL,I,18,I,E,192,W,4.969061230435361,,E,0.027512529995354,0.031945656322425,-0.004433126327070998,26,26,0,-0.08845386999999999,-0.13105558,-0.3601746116801826,0.02870450078309361,-1.0,-1,-1.5770492553710942,5.4,295.0,-0.06099873781204221,-0.1184994801878929,-0.07957461476325992,-0.0567985773086548,-0.0685866549611092,-0.1339761763811112,-0.05238395929336549,-0.1368127018213272
2FTL_E_I,2FTL,I,34,V,E,130,Y,4.049499266702131,,L,0.2373195519709061,0.2367243799355891,0.0005951720353170042,19,18,1,-0.9299983999999999,-1.0064931000000001,-1.1642197630811124,-0.0063617865419260955,0.0,0,0.6697235107421875,5.5,295.0,-0.4999908208847046,-1.200647383928299,-0.7521463930606842,-1.2184463739395142,-1.1068359613418577,-0.80690136551857,-0.7261291742324829,-1.1288887560367584
2FTL_E_I,2FTL,I,39,R,E,195,G,4.049499266702131,,L,0.4498816282013478,0.4112564385473131,0.03862518965403472,17,16,1,-2.341507145,-2.719591814,0.9447795710134965,-0.017654116570913092,0.0,0,,-4.1,295.0,-2.089275598526001,-2.0435975715518,-2.0243440121412277,-2.567694343626499,-2.452124960720539,-2.672506332397461,-2.2027631923556332,-2.679751835763455
2G2U_A_B,2G2U,B,53,Y,B,47,A,2.3007136524833776,,E,0.0047893208400045,0.0124367861929538,-0.007647465352949301,24,22,2,-3.0808306500000002,-3.76360014,-0.2253761431152409,-0.005939159605422295,1.0,0,,-3.1,298.0,-3.61158350110054,-2.549416244029999,-3.1285290718078613,-3.7534587383270264,-3.0596670508384705,-2.1892198622226715,-2.700201690196991,-3.654567122459412
2G2U_A_B,2G2U,B,148,H,B,128,S,1.1184495656132085,,E,0.0197388438560277,0.0117805633302364,0.0079582805257913,19,20,-1,-0.0425511999999999,0.5298292999999998,0.20047994125948793,0.018876164515560512,0.0,0,-7.2296600341796875,-2.4000000000000004,298.0,-0.4996192455291746,0.500891923904419,-0.8327453136444092,0.6006468534469604,-0.5649840831756592,-0.653322696685791,1.289743423461914,-0.1810195446014402
2GOX_A_B,2GOX,B,31,R,A,101,N,1.8823314008138718,,H,0.1415774204728797,0.1331477998400185,0.008429620632861179,19,20,-1,1.7117456000000002,1.4803636999999998,0.3757313882822225,0.010110343137540223,0.3333333333333333,0,-2.1776885986328134,-1.0,298.0,1.4662890434265137,2.438169240951538,2.2386964559555054,1.1257349252700806,1.6160643100738525,1.5756618976593018,1.7548134326934814,1.4785373210906987
2GOX_A_B,2GOX,B,38,N,A,100,V,1.451005839075164,,H,0.024449111065453,0.0213093529824688,0.003139758082984199,24,22,2,3.320927504,3.5077102,0.0756375260337141,0.017720520339643026,0.5,0,16.89220428466797,-7.7,298.0,4.086955890059471,2.4112410619854927,2.997996248304844,3.4636853635311127,3.6357230097055435,3.352159596979618,3.74443269520998,2.8752253353595734
2J0T_A_D,2J0T,D,2,T,A,77,L,4.387812204059009,,L,0.0024630023526529,0.0,0.0024630023526529,27,27,0,-2.21541808,-2.9404106999999997,-2.8452211163172763,-0.014702219206816108,1.0,0,-5.6009368896484375,-4.5,305.0,-0.5835385918617249,-3.030264854431153,-2.311746656894684,-1.0517451763153076,-3.0906140357255936,-2.4994585514068604,-2.63578724861145,-2.5201908349990845
2J0T_A_D,2J0T,D,66,M,A,75,G,1.6804579784970595,,L,0.23750016652106,0.2295859936066704,0.007914172914389617,22,24,-2,-3.0203001,-3.6931326400000004,-2.003805212542564,0.028704834454432893,0.0,0,,2.3,305.0,-3.629509299993515,-3.0530568957328796,-3.2833555340766907,-2.7103031873703003,-2.855299413204193,-3.0270333886146545,-3.1835384666919713,-2.42030268907547
2J0T_A_D,2J0T,D,68,S,D,99,C,2.1054297391793457,,H,0.063235889109478,0.0620982261384035,0.0011376629710744962,25,23,2,-0.9100175500000001,-0.99406803,-0.3137168168896498,-0.022781611426495207,1.0,0,0.4737510681152344,-3.3,298.0,-1.043508216738701,-0.9626881927251817,-0.9488651305437088,-0.7472951263189316,-0.8687488436698914,-0.8046198263764381,-0.8546554073691368,-1.0497597679495814
2NYY_DC_A,2NYY,A,891,L,C,95,G,2.589209962967786,,L,0.061830612733118,0.041973345214508,0.01985726751861,23,25,-2,2.8853499,2.6646741000000005,-0.21555047745981593,-0.05830445303515874,0.0,0,,4.2,296.0,3.470776379108429,3.1211074590682983,2.871111035346985,2.8982728719711304,2.6522462368011475,2.8314703702926636,2.8524274826049805,2.38538658618927
2NYY_DC_A,2NYY,A,925,F,C,100,F,4.058501760948707,,L,0.0335310182104314,0.0336390511263707,-0.00010803291593930453,24,24,0,1.7608633500000002,1.5793814000000002,-0.2837418432469744,0.0013929996021871949,0.0,0,4.6454925537109375,0.0,296.0,1.8646348714828491,1.9278062134981155,1.9593428671360011,1.6164686977863312,1.6308397650718687,1.7768723964691162,1.5602487325668335,1.7506935149431229
2NYY_DC_A,2NYY,A,1036,H,C,32,Y,7.319427268768097,,H,0.0184862067969828,0.0220811345142916,-0.0035949277173088004,20,20,0,1.26632,1.7186798699999999,0.26146188699156103,0.025438301674184705,0.0,0,-0.7285499572753906,-1.9000000000000001,296.0,1.6904356777668,1.3620351552963257,0.8045271635055542,1.1414496004581451,0.8081629872322083,1.221024990081787,1.354322224855423,1.7486026287078857
2NZ9_DC_A,2NZ9,A,890,N,C,96,N,2.160031290132344,,L,0.0125366585673925,0.0118641909389996,0.0006724676283928997,24,26,-2,0.89344288,1.5313804899999999,0.5806907598175572,-0.07217976163524581,0.0,0,12.1846923828125,0.0,296.0,0.6014711782336236,0.6381985247135162,0.805238775908947,1.2681856155395508,1.2851218432188034,1.2136372700333595,0.669796034693718,0.6658939197659494
2NZ9_DC_A,2NZ9,A,891,L,C,35,S,2.2799642665477884,,L,0.03120665639263,0.0339479442671908,-0.0027412878745607973,24,24,0,-0.6462679000000002,-0.36394799999999994,-0.025266318072027838,0.006469042178415818,-1.0,0,5.115444183349609,4.6,296.0,-0.2677919864654541,-1.0055269002914433,-0.09211277961730957,-0.20217037200927734,-0.5027849674224858,-0.9287552833557129,-0.8802069425582888,-1.2907958030700684
2NZ9_DC_A,2NZ9,A,925,F,C,95,G,3.340438225057939,,L,0.0280036849903291,0.0285500556514787,-0.0005463706611495978,24,25,-1,4.63405554,4.81350605,0.5622701071065658,0.015360903795234304,0.0,0,,3.1999999999999997,296.0,4.1210163831710815,4.522000432014465,4.75527086853981,4.886093586683273,4.547585189342499,5.026846408843994,4.695233523845673,4.51839953660965
2NZ9_DC_A,2NZ9,A,1036,H,C,32,Y,7.419701127593354,,H,0.0209174204098128,0.023264029115884,-0.002346608706071198,20,20,0,-0.55132993,-0.8765349,-1.0076729114131442,0.022723788085838914,0.0,0,1.0690345764160138,-1.9000000000000001,296.0,-0.8502384424209597,-0.6402121782302856,-0.9794157147407532,-0.2681639790534972,-0.38379842042922985,-0.8220540285110474,0.16086262464523315,-0.6276199817657471
2O3B_A_B,2O3B,B,24,E,A,89,R,5.472463386398492,,L,0.0016457274705271,0.0172477272815142,-0.015601999810987102,25,25,0,0.62204455,-0.055376300000000045,0.43660235263171265,0.031176657929204016,0.6666666666666667,0,26.802452087402344,1.0,298.0,0.062427401542663574,0.6732636094093323,0.8345404267311096,0.7594451308250427,0.4265882372856139,0.29860615730285645,0.8195508718490601,1.101935714483261
2PCC_A_B,2PCC,A,197,V,A,193,A,2.101740090652802,,L,0.0154183672442851,0.0325129118075811,-0.017094544563295996,21,20,1,1.5720736400000002,0.8101247,0.08894446244259957,-0.08972518370889371,0.0,0,,2.4000000000000004,298.0,1.024702250957489,2.231679916381836,1.8360488414764404,1.6239575147628784,1.8911590576171875,1.8658639788627625,0.9152316451072693,1.1879457235336304
2PCC_A_B,2PCC,A,290,E,A,32,E,6.199777156615607,,H,0.4055461011046838,0.3819892897967993,0.023556811307884507,14,12,2,-0.05692832999999997,-0.5107304000000001,-0.37718351382949583,0.1699005601374196,0.0,0,-24.574623107910156,0.0,298.0,0.12409818172454812,-0.06714224815368652,-0.9440474510192871,0.8414567410945892,-1.0423536300659182,0.0588742494583131,0.4463573694229126,0.12733060121536244
2WPT_A_B,2WPT,A,27,E,A,31,N,1.7331760686627418,-0.2590991581572307,H,0.1601804561913726,0.1625461874532338,-0.0023657312618611814,18,19,-1,1.9074823,0.5453617,0.059857233905934004,-0.010309674881505082,0.0,0,-2.9225463867187536,0.0,298.0,1.6546247005462646,3.8148460388183594,1.1089558601379395,2.586155414581299,1.9849082231521606,0.452777624130249,1.570631504058838,2.0869613885879517
2WPT_A_B,2WPT,A,34,V,A,50,I,3.80759418473735,,H,0.0,0.0,0.0,23,24,-1,-0.07947461000000003,-0.11906296,-0.3310979354145044,0.030786307150519582,0.0,0,6.9093017578125,-0.2999999999999998,298.0,-0.3604213148355484,-0.2561516910791397,0.3701509684324265,-0.3264961689710617,-0.2106760516762734,0.1589798107743263,0.2257103621959686,-0.2368927747011185
2WPT_A_B,2WPT,A,38,E,A,20,A,4.501153137793563,,H,0.0662632264752852,0.0676851969270965,-0.0014219704518113052,20,21,-1,3.43593378,3.37175432,-0.008474170193424335,0.0376132604218882,0.5,0,,-5.3,298.0,3.1266735047101974,3.575698941946029,3.4197678864002232,2.822321206331253,3.609407529234886,3.3787905871868134,3.804808035492897,3.750001780688763
2WPT_A_B,2WPT,A,47,S,A,22,A,2.4246162835990783,,H,0.0020346754868634,0.0043839347571216,-0.0023492592702581997,22,21,1,-1.71327976,-3.0599057800000002,0.204429267618511,-0.0009492743677927962,1.0,0,,-2.6,298.0,-0.6761806905269623,-1.3772691190242767,-1.3502389639616013,-3.337112918496132,-0.7325440049171448,-2.549459159374237,-2.988960593938827,-0.6944733858108523
2WPT_A_B,2WPT,A,48,D,B,70,S,5.214129786929024,-0.45693659990939217,H,0.1674450840473047,0.1820801151179127,-0.014635031070607984,18,19,-1,2.69742685,2.82620276,0.33558722795744933,0.0312601587504579,0.5,0,6.2014083862304705,-2.7,298.0,2.5908229053020477,2.927398033440113,2.3810399323701863,2.7140234485268593,2.6890373528003693,2.8744462728500366,2.565343052148819,2.837303750216961
2WPT_A_B,2WPT,A,51,Y,A,30,D,5.214129786929024,-0.7758555558295367,H,0.0192425586873389,0.0220018825516157,-0.0027593238642768005,24,24,0,1.4884566500000003,0.9351073,-0.10355637742321466,-0.044328691020666694,-1.0,0,-12.315444946289062,2.2,298.0,1.9429460167884827,0.9990992546081543,2.557451844215393,1.8021865487098694,0.8658339977264404,2.113127291202545,0.885487973690033,0.7415202260017394
2WPT_A_B,2WPT,A,52,Y,A,59,D,5.214129786929024,,L,0.2972600770774331,0.2704077549893888,0.026852322088044334,18,18,0,0.11189342999999996,-0.10195395000000007,-0.3547045523819004,-0.05345440987626557,0.0,0,0.8323898315429688,2.2,298.0,0.03623318672180176,0.33183687925338745,-0.011283040046691895,-0.21667617559432983,0.24710339307785034,0.17409664392471313,-0.1144983172416687,0.44833487272262573
2WPT_A_B,2WPT,B,68,N,B,71,S,1.251038131995906,-0.09516641326410087,H,0.0042335204200204,0.0067159776708063,-0.0024824572507859003,26,26,0,2.6699267,3.6298885000000003,0.24822256858238534,0.018349371306997986,1.0,0,17.576408386230472,-2.7,298.0,3.473975419998169,2.299496054649353,3.2250972986221313,1.9014694690704346,2.2012786865234375,2.314295053482055,3.3050378561019897,2.63876211643219
2WPT_A_B,2WPT,B,79,F,B,90,K,1.1696568149782867,0.6490273030865534,L,0.0202013139275945,0.0281037359913988,-0.007902422063804301,25,24,1,3.7099630500000003,4.90402122,-0.599636195923441,-0.0411869460958611,0.0,0,8.861339569091797,6.699999999999999,298.0,3.6379299461841583,3.590609639883041,3.5685060024261475,3.9350051134824753,3.5776449143886566,4.464632630348206,1.5684387683868408,5.336935877799988
3AAA_AB_C,3AAA,A,258,R,B,138,D,2.2071155180453785,,L,0.384715047603061,0.3990838836731876,-0.014368836070126567,13,13,0,0.3791338000000002,-0.20794219999999997,-0.024332394832150606,0.1939009428611937,0.0,0,-9.021339416503906,-1.0,293.0,-0.17667162418365479,0.7959940433502197,0.02256810665130593,0.20038318634033203,0.38675665855407715,0.44247281551361106,0.8317302465438843,0.5298396348953252
3AAA_AB_C,3AAA,C,7,W,C,10,K,3.330200571862061,,H,0.0246584615996277,0.0310498777239804,-0.006391416124352699,24,25,-1,0.85436264,0.4695349000000002,-0.20478436684405132,-0.006883055732591126,1.0,0,-4.453834533691408,3.0,293.0,1.1807216703891754,0.789414256811142,0.5823020935058594,0.40360134840011586,1.5054240226745605,0.8489972800016403,0.831736370921135,0.6927036419510842
3AAA_AB_C,3AAA,C,43,D,A,246,T,5.036890053552191,,H,0.0186926059791154,0.0028862343364138,0.0158063716427016,25,25,0,-3.0867005,-3.2107317999999996,0.17131603314124344,0.11228038802841261,-1.0,0,-7.362663269042969,-2.8,293.0,-3.0425366163253784,-2.074697494506836,-4.061558485031128,-3.5051260590553284,-2.054040551185608,-2.9756656885147095,-4.129591405391693,-2.8503891229629517
3AAA_AB_C,3AAA,C,77,E,C,66,H,1.9322020968794829,,H,0.1434281793861613,0.1553597392664134,-0.011931559880252102,19,17,2,-0.512033,-1.1516664,-0.20654652532309967,-0.08556562822511321,0.0,0,0.001529693603515625,-0.2999999999999998,293.0,-0.2084459066390989,-0.365598201751709,-0.8558517694473267,-1.738248348236084,-0.29066228866577193,-0.4705741405487054,-0.045918941497802734,-0.1209650039672856
3B4V_AB_C,3B4V,C,49,L,C,190,T,3.5789691628886766,,H,0.0,0.0,0.0,21,23,-2,-0.07027588400000001,-0.04528667500000001,0.10568388655775574,0.0303902679731331,-1.0,0,7.4300804138183585,4.5,298.0,-0.07927670329809189,-0.0639050230383873,-0.05531192570924759,-0.020521707832813305,-0.06847265362739571,-0.08567253500223161,-0.1233273819088936,-0.0657190456986427
3B4V_AB_C,3B4V,C,52,F,C,48,N,3.848450843750125,,H,0.1495558425123634,0.131860748736223,0.017695093776140397,22,21,1,0.7065994,1.0343734999999998,-0.2455452431592121,-0.058476675484887025,0.0,0,-1.5477256774902344,6.3,298.0,0.5193417072296143,0.42872440814971946,0.8965389728546141,0.41794681549072266,0.6611310243606567,0.9227303266525271,0.8385699987411499,0.9678122997283933
3B4V_AB_C,3B4V,C,53,L,C,191,C,3.391638413012278,,H,0.0011521818393364,0.0233015026375402,-0.0221493207982038,21,20,1,0.003160170000000004,0.01672911399999999,0.23830365612327187,0.0066984602907907975,0.0,0,5.994110107421875,1.2999999999999998,298.0,0.057535596191883004,-0.005044542253017398,-0.0382545441389084,0.08859854936599731,-0.0352596715092659,-0.012030005455017104,-0.008856743574142512,-0.0214072465896607
3BK3_A_C,3BK3,C,3,I,A,92,N,1.038188887212829,,L,0.2774921737213252,0.257504467944973,0.01998770577635217,14,14,0,1.8575831,2.1720486,-0.0686752156258168,0.4458780981374846,0.0,0,12.184326171875002,8.0,298.0,2.3945810794830322,1.1206642389297483,2.002631664276123,1.9138802289962769,2.348682999610901,1.5623286962509155,2.3136154413223267,1.2042795419692998
3BK3_A_C,3BK3,C,28,I,A,25,P,1.2609510009474219,,L,0.0474544023519793,0.0489488446263523,-0.001494442274373002,19,18,1,-0.12648441,-0.06861845999999999,-0.4023160159354208,0.018193550388554497,0.0,0,-45.00785064697266,6.1,298.0,-0.10033577680587771,-0.07716275751590729,-0.21735934168100363,-0.17806176096200949,-0.1467672735452652,-0.08530621230602269,-0.0687446668744087,-0.1381376385688782
3BN9_B_CD,3BN9,B,91,D,D,112,V,6.695209993104953,,H,0.1063448382481754,0.1235052405719767,-0.01716040232380131,23,23,0,2.514192396,2.48191472,0.26375888418079113,-0.0536862205419506,0.0,0,-43.23921585083008,-7.7,298.0,2.506531722843647,2.6448109298944473,2.7426252216100697,2.2678072005510335,2.619485765695572,2.480626791715622,2.536920055747032,2.3147313445806503
3BN9_B_CD,3BN9,B,93,T,B,188,Q,1.1320525192864097,,H,0.1726998055723471,0.1496850130957633,0.023014792476583806,21,23,-2,1.8002424099999998,1.79358455,0.19672153153129268,-0.0250402346378073,-0.5,0,6.9508819580078125,2.8,298.0,1.7090092897415161,1.7135352194309232,1.5312932133674622,2.1390784978866577,1.7099216580390926,2.115618139505387,1.8486090451478958,1.6348726898431778
3BN9_B_CD,3BN9,B,141,Y,D,77,N,1.0846522945473152,,H,0.2242429051344949,0.182533087735109,0.041709817399385896,17,17,0,0.45807005,0.51104153,-0.5598319248465553,0.028335153946828895,0.0,0,-10.427825927734375,2.2,298.0,0.45342880487442017,0.3486213684082031,0.5077354609966279,0.5256559252738953,0.2727198898792267,0.6897449791431427,0.46561604738235485,0.4010373055934906
3BN9_B_CD,3BN9,B,169,Q,D,30,S,2.5089841145082503,,H,0.065891662211423,0.0616589738519911,0.004232688359431892,20,20,0,-0.97334813,-1.55661034,-0.009123095187928199,0.056227735966320413,-1.0,0,1.0732192993164062,-2.7,298.0,-1.504345417022705,-1.4964455515146258,-0.6711947619915009,-1.5593048632144928,-1.0706790164113045,-0.5335152447223664,-0.2989624142646789,-0.652337372303009
3BT1_A_U,3BT1,U,55,L,U,125,T,1.0918021206051756,0.9856452747777401,L,0.0021245751258542,0.0362517745375671,-0.034127199411712904,22,21,1,3.0156331,3.42698315,1.5450351638042612,-0.008965694064498292,-1.0,0,40.12715148925781,4.5,293.0,2.999147593975067,2.3510025739669804,3.0724986791610718,3.035188749432564,2.7450687289237976,3.548356682062149,3.0874436497688293,3.286358147859573
3BT1_A_U,3BT1,U,66,L,A,15,N,1.3532036802006713,,L,4.421736579200966e-06,0.0231072730500093,-0.0231028513134301,24,24,0,1.0041474799999999,1.30269806,1.9512823906196708,-0.013397694067222299,-0.5,0,4.136894226074217,7.3,293.0,0.45494702458381653,1.3892402201890945,1.527804583311081,1.2063774317502975,0.7299300283193588,0.8038625419139862,0.8964488506317139,1.0245690494775772
3BT1_A_U,3BT1,U,138,D,U,149,P,1.2736824855139126,0.5866993470197287,L,0.1230044107323424,0.1394318662321685,-0.01642745549982609,20,18,2,0.0780766,-0.16904271999999998,-1.4612836733818815,-0.07811390147820563,0.5,0,-22.122035980224606,-1.9,293.0,0.21416199207305908,-0.3956756889820099,0.1366602778434754,0.4314272105693817,0.10641422867774963,0.13691002130508423,-0.18907293677330023,0.18378731608390808
3BT1_A_U,3BT1,U,139,D,U,50,K,1.0304558913733406,0.6311675639260735,L,0.0929750437889364,0.0984363704626954,-0.005461326673759009,22,22,0,0.045544200000000146,-0.04077920000000024,-1.1708007099350433,-0.23925135645360243,0.0,0,16.731185913085938,0.3999999999999999,293.0,1.1338629722595215,0.37257599830627486,1.4127216339111328,-0.17504119873046875,-1.465214848518372,-0.8487257957458496,0.3366730213165283,-0.4024958610534668
3BT1_A_U,3BT1,U,148,L,A,24,C,1.6337906568727276,,L,0.000497002080822,0.0192630617605534,-0.018766059679731398,21,23,-2,-0.009308959999999991,-0.018696820000000003,2.0226949266871217,0.008160647030768103,0.0,0,11.365798950195312,1.2999999999999998,293.0,-0.015732482075691293,-0.0049005597829819,-0.0085904896259308,-0.0190702378749847,-0.006249919533729498,0.011401355266571003,-0.015590243041515309,-0.01573905348777771
3BT1_A_U,3BT1,U,164,H,U,142,L,1.010716690711439,0.7110530067665946,E,0.0492059037535543,0.0370121742233236,0.0121937295302307,25,27,-2,0.6222965999999999,0.5836255999999995,0.01842130674907827,0.016196721689271693,1.0,0,-44.008094787597656,-7.0,293.0,0.6674721240997314,-0.17956686019897417,0.35810327529907227,1.2840576171875,0.7473087310791011,1.126589298248291,0.6998724937438965,0.274538516998291
3BX1_A_C,3BX1,C,87,Y,A,94,L,1.2982354886678278,,L,0.0,0.0,0.0,31,31,0,0.08149783,0.023965629999999988,0.41767605936826213,-0.0233651686843558,1.0,0,-9.419448852539062,-5.1,298.0,0.37771627306938177,-0.02732798457145691,0.006880581378936823,0.009007513523101807,0.269263505935669,0.02227741479873649,-0.03157567977905279,0.025740966200828608
3C60_CD_AB,3C60,C,40,K,B,50,A,1.5937182868909552,,H,0.354464682658286,0.3525966415407268,0.001868041117559227,13,13,0,1.5131307999999999,1.8633579,0.35412137996798276,0.010041185504181982,0.0,0,,-5.7,298.0,1.9366828203201294,1.6732298135757446,0.9423311352729796,0.9629837274551392,1.5853025317192078,1.5629976689815521,1.8778722882270813,1.5636455714702604
3C60_CD_AB,3C60,C,66,V,C,62,Q,1.2496401340118868,0.8683452699720843,H,0.0012023671996021,0.0,0.0012023671996021,25,27,-2,1.7949318300000001,2.07301613,-0.041878655428744915,0.030799951040390794,-1.0,0,-47.148002624511726,7.7,298.0,1.7349622249603271,2.182908684015274,1.788987010717392,1.1926245689392092,1.9865326881408691,1.883740246295929,1.8115720450878143,1.7781278491020203
3C60_CD_AB,3C60,D,4,Q,B,48,Y,1.16627650370749,,L,0.0840098695479659,0.0482858120666588,0.035724057481307095,25,25,0,0.0049384000000001205,0.6267784999999999,0.6791636562131147,0.06230237115012191,-1.0,0,44.1164436340332,-2.2,298.0,0.009994745254516602,-0.3428717851638796,-0.11604893207550049,0.1495841741561894,-0.021118879318237305,-0.14539694786071777,0.19384884834289529,0.311514735221863
3C60_CD_AB,3C60,D,5,K,B,28,N,1.152342056736818,,L,0.0939086183074119,0.0813911422793234,0.012517476028088503,24,22,2,-1.8336820999999999,-1.5198610000000001,-0.3681371115578672,0.026317521424804202,-0.5,0,2.192646026611328,-0.3999999999999999,298.0,-2.497133493423462,-1.9448919296264644,-2.1307899951934814,-2.765326976776123,-1.200355052947998,-1.6919894218444824,-1.2480261325836182,-1.1909465789794922
3C60_CD_AB,3C60,D,80,R,C,69,H,2.0255479833229444,0.3589455447812595,H,0.2429248395682161,0.2367374154188111,0.006187424149404985,21,19,2,-0.3881498000000001,-0.3190474000000001,0.8303120170167678,0.07392571640765822,-0.16666666666666669,0,7.6851348876953125,-1.2999999999999998,298.0,-0.31180477142333984,-1.1103315353393555,0.48578381538391135,-0.8341318368911743,-0.18509399890899658,-0.7251846790313721,-0.27466762065887407,-0.14976859092712402
3C60_CD_AB,3C60,D,87,T,C,58,Q,1.16627650370749,0.9628761147687216,H,0.1554331134098072,0.1155869748464628,0.0398461385633444,19,21,-2,2.1034702999999997,2.12342295,0.533938025254497,-0.00998293030754388,-0.5,0,15.618087768554688,2.8,298.0,1.7219496369361877,2.472451329231262,2.177809774875641,2.3002928495407104,1.7464261054992676,2.4507539868354797,1.8150137662887573,2.143063962459564
3D3V_ABC_DE,3D3V,C,8,Y,C,7,V,3.4120593176270644,,L,0.1348110391711235,0.1182690819904561,0.016541957180667394,19,20,-1,-1.08605244,-0.33026325000000006,-0.1564643121733138,0.010249518835685811,0.0,0,-6.1533355712890625,-5.5,298.0,-1.30762580037117,-0.3971969783306122,-0.9373837858438492,-0.8590601533651352,-1.2557652592658997,-0.6296204179525375,-1.1084407567977905,-2.1933267414569855
3D3V_ABC_DE,3D3V,E,30,E,C,4,G,2.6714933940266254,,L,0.1528806742461614,0.1539618241814473,-0.0010811499352859077,22,24,-2,-0.3044166600000001,-0.42237899999999984,-0.8641932944786068,-0.046981302872243,0.0,0,,-3.1,298.0,-0.9296806454658508,0.413349509239197,-0.8862090110778809,0.3209635019302368,-0.7339711487293243,0.02335035800933838,-0.8215039968490601,0.1783686876296997
3D3V_ABC_DE,3D3V,E,97,L,A,73,T,2.6159944098140233,,H,0.0022198257633577,0.0,0.0022198257633577,19,21,-2,2.59812285,3.05580757,-1.497619149159832,-0.011142959583589518,-1.0,0,22.67986297607422,4.5,298.0,2.504791244864464,2.681857258081436,2.2698755860328674,2.149105876684189,2.4203399270772934,2.506312608718872,3.0781145095825195,3.174584850668907
3EQS_A_B,3EQS,B,3,F,A,68,V,5.556008252105314,,H,0.0098067976976524,0.004741502495198,0.0050652952024544005,21,23,-2,1.28833219,1.29954013,0.04215974441566295,0.04936235625615709,0.0,0,4.121032714843749,-1.4000000000000004,298.0,0.8683849275112152,1.2042343765497208,1.750150054693222,1.3000516593456266,0.7060800045728683,1.7889570146799092,1.1030616164207458,1.5857378244400024
3EQS_A_B,3EQS,B,6,Y,A,47,Q,3.109162512960843,,H,0.1569479441006949,0.1376091570572362,0.019338787043458705,19,17,2,-0.7366061500000001,-0.38430923,0.2966446844143448,-0.004824355171892614,0.0,0,18.20484161376953,2.2,298.0,-0.36927670985460287,-0.5313677191734314,-0.3205171152949333,-1.0476777628064156,-0.9383704960346225,-1.0436529144644737,-0.5975044816732407,-1.0444820672273634
3EQS_A_B,3EQS,B,7,W,A,33,G,6.407328502678618,,H,0.0400758031384274,0.0502539465385585,-0.010178143400131096,22,20,2,0.09082185000000001,0.08752016,0.5446148535625903,0.0340481975564397,1.0,0,,-0.5,298.0,-0.0018689781427383007,0.030159167945385007,0.1016554608941078,0.11504907906055449,0.027034766972065014,0.0745427608489991,0.258106179535389,0.12189643830060959
3EQS_A_B,3EQS,B,10,L,A,29,L,3.3328684342363175,,H,0.0360467290740557,0.0145427854532101,0.021503943620845598,18,18,0,0.6106305949999999,0.93821188,0.20359340369003423,0.1146660014550232,0.0,0,1.573486328125,0.0,298.0,0.2566039711236954,0.9305130317807196,0.3053870126605034,1.0046956092119217,0.9954309016466141,0.18461499363183978,0.9920731335878372,0.2157255858182907
3EQY_A_C,3EQY,C,3,F,A,74,L,5.658450760459924,,H,0.0079920773502006,0.0039976020877738,0.0039944752624268,21,20,1,0.10677115000000001,0.017139230000000005,1.0211829453128944,-0.04808341981637182,0.0,0,2.5204544067382812,-1.0,298.0,-0.056110545992851285,0.016490958631038596,0.2395715564489365,-0.04547007381916052,0.22239978611469272,0.1029452383518219,0.23577480018138888,0.1385675072669983
3EQY_A_C,3EQY,C,6,Y,A,48,H,2.586204476550158,,H,0.1690209909727489,0.1782434655763216,-0.0092224746035727,19,19,0,0.70745363,1.7190100600000002,-0.0886266702072821,0.04113525492028158,-0.5,0,16.007240295410156,1.9000000000000001,298.0,0.9692001938819887,1.2262759804725647,1.2956158518791199,0.746739000082016,0.14422482252120994,0.05964106321334828,0.6204387545585632,0.5974927246570587
3EQY_A_C,3EQY,C,7,W,A,68,V,6.043720046618101,,H,0.0768818829963771,0.031527763497394,0.0453541194989831,22,21,1,2.9599971099999998,3.26997689,0.22322560540378622,0.037518270996054676,1.0,0,7.0987091064453125,-5.1000000000000005,298.0,3.044465109705925,3.37474599480629,2.4957423210144043,3.235941953957081,3.4148719161748886,2.3661539554595947,3.302592009305954,2.4454638659954067
3F1S_A_B,3F1S,A,33,M,A,224,F,1.2384257759478556,,H,0.0716486190066491,0.074111287133712,-0.002462668127062903,19,20,-1,-1.7142823,-1.6975934000000001,0.40996906593732463,-0.1935324492314153,0.0,0,15.31545639038086,-0.8999999999999999,298.0,-1.4603358507156372,-1.6039559841156006,-0.9852375984191895,-1.9659461975097656,-2.2826157808303833,-2.390694618225097,-1.2053201198577876,-1.820151925086975
3F1S_A_B,3F1S,A,36,D,A,258,T,2.184505250292012,,L,0.285981564456922,0.281454832980037,0.0045267314768850375,15,14,1,-0.99716073,-1.05646949,0.3235156231034648,0.03258432053927349,0.5,0,24.80139923095703,-2.8,298.0,-1.2290523648262024,-0.6721525937318802,-1.1193737983703613,-1.5358838886022568,-0.7340092211961746,-1.1666779667139053,-0.64867702126503,-0.8714587092399597
3F1S_A_B,3F1S,A,202,Y,A,32,S,2.9947799767025427,,H,0.0955201489232203,0.0944789948910479,0.001041154032172406,18,18,0,2.55945484,3.35492932,0.3269242850273583,0.034451371819756105,0.0,1,-8.87948989868164,-0.5,298.0,1.7963502705097198,3.3114713430404668,1.623423457145691,3.6988728642463684,3.336498409509659,1.9836939275264744,3.1402650475502014,1.5850643515586853
3F1S_A_B,3F1S,A,255,D,A,251,L,3.7592836036732393,,H,0.0565517877292396,0.06267619846991,-0.006124410740670404,19,19,0,1.6402915999999998,0.7911949999999999,-0.22543257647651305,-0.0776595404608191,0.0,0,13.797119140624998,-7.3,298.0,2.6371525526046753,1.9366953372955324,1.861653447151184,0.5961155891418459,1.5471885204315186,1.4222310781478882,2.07092821598053,1.0503698587417603
3HFM_HL_Y,3HFM,H,33,Y,H,31,S,6.035074832162014,0.17036148930942865,L,0.0,0.0438600030833968,-0.0438600030833968,20,18,2,-1.7014969999999998,-1.6945437,-1.0548562220455793,-0.05805579532308891,1.0,0,-24.074159622192383,-0.5,298.0,-1.7434020042419434,-1.527099847793579,-2.0489342212677,-1.4670608043670654,-2.124297618865967,-1.6774969100952148,-1.5751111507415776,-1.4485712051391597
3HFM_HL_Y,3HFM,H,53,Y,Y,93,N,3.2503791460482225,0.21121814832220448,H,0.1629610467559561,0.1535257874933053,0.009435259262650791,19,18,1,0.005137200000000064,0.2401323999999998,0.9755625018918124,-0.15317818911177983,-0.5,0,4.1909484863281286,2.2,303.0,-0.2331230640411377,-0.3711369037628174,0.5170855522155757,0.550162792205811,-0.12442541122436479,-0.2614166736602783,0.19542479515075684,-0.23147320747375488
3HFM_HL_Y,3HFM,L,31,N,L,92,N,5.214129786929024,,L,0.0550871839590701,0.0668788239127213,-0.011791639953651206,25,23,2,1.2614420000000002,1.2457633000000001,0.041676030080818105,-0.0304672647644377,0.5,0,14.71405029296875,0.0,298.0,0.9475934505462646,1.3171958923339848,1.3165392875671387,1.3728876113891602,0.9964735507965088,1.3795311450958252,1.2338449954986572,1.527470350265503
3HFM_HL_Y,3HFM,L,32,N,L,91,S,5.10734458138055,,L,0.0,0.0270802937998186,-0.0270802937998186,23,24,-1,1.9581158,1.7135752,0.3650945107079917,-0.049723945302249495,1.0,0,16.836505889892578,-2.7,298.0,1.2161945700645447,2.6660702824592595,1.7888444066047668,2.8481600880622864,1.9873000979423523,2.6253994107246394,1.1378371715545654,1.3951200246810913
3HFM_HL_Y,3HFM,L,50,Y,Y,75,L,4.5575945560558555,0.70445583057791,H,0.0312138825963797,0.0401765757086765,-0.008962693112296798,20,21,-1,-1.0612613999999998,-0.6660732999999999,-1.0358132420086503,-0.08937216647754531,0.0,0,-9.169498443603521,-5.1,298.0,-0.7252528667449951,-1.1894502639770512,-0.19799184799194336,-1.830030918121338,-0.8890080451965332,-0.7150230407714844,-0.7588324546813965,-2.184503078460693
3HFM_HL_Y,3HFM,L,96,Y,Y,16,G,2.7070443630284666,,L,0.0125682384279258,0.0475959410033063,-0.0350277025753805,22,24,-2,-1.44636077,-1.3920566699999999,-0.32622810063262175,-0.034689628395299876,1.0,0,,-0.9,298.0,-2.073224902153015,-1.401332877576351,-1.6543886065483093,-1.15066634118557,-1.3082463294267654,-1.390575721859932,-1.4611313790082932,-1.1313202381134033
3HFM_HL_Y,3HFM,Y,20,Y,Y,63,W,4.573778237875976,0.31918654441973265,H,0.0030767815264946,0.0442032460673061,-0.0411264645408115,26,25,1,1.6143337,1.5646424,-1.8282152778309908,-0.05443236577125121,1.0,0,-5.593231201171875,-0.4,298.0,1.4597373604774475,0.8548892736434937,1.542980670928955,1.583154022693634,1.7742705345153809,2.183058261871338,1.9597157835960388,1.5568631887435913
3HFM_HL_Y,3HFM,Y,96,K,Y,100,S,6.737283264197913,0.2676595665844973,H,0.000295179187775,0.0016533083927418,-0.0013581292049668,21,21,0,1.47106533,1.74179072,-0.7679628014892335,0.007053677016170601,0.0,0,-6.429336547851561,-3.0999999999999996,298.0,1.420813649892807,1.7367253750562666,1.317784994840622,1.2676915526390076,1.5978342294692995,1.494171291589737,1.6437948569655418,1.2897065430879593
3HH2_AB_C,3HH2,C,47,F,C,46,L,1.324714368599027,,H,0.0230601814133685,0.0460827196362362,-0.023022538222867695,19,19,0,-1.3209631800000001,-1.56250086,0.3076300281514998,0.006399614359270889,0.0,0,-14.309577941894531,-1.0,298.0,-1.7357956767082214,-1.3787821531295776,-1.8566933870315552,-0.7878341376781466,-1.9434608519077297,-1.1690047979354858,-1.0781155228614807,-0.6180179119110107
3HH2_AB_C,3HH2,C,52,F,C,191,C,1.2722742268622604,,H,0.0427220893085584,0.0487681028185974,-0.006046013510039,19,21,-2,-0.16986387399999997,-0.12424354000000001,-1.3760051328625331,0.07398546818946433,0.0,0,-12.642810821533203,0.2999999999999998,298.0,-0.2835460901260376,-0.1751122549176217,-0.08128225803375252,-0.09804749488830569,-0.18386374413967144,-0.1615246236324311,-0.2247683852910996,-0.150766208767891
3KBH_A_E,3KBH,A,23,Y,E,18,V,1.811979372612353,,H,0.0616954902601356,0.0433474980350862,0.018347992225049396,21,23,-2,4.82807813,4.4124734,-0.9578138986770419,-0.021347847025737804,0.0,0,-19.723175048828125,-5.5,298.0,4.749140918254852,4.697495639324188,5.0927534103393555,4.413641452789307,4.95453667640686,4.86353600025177,4.9132174253463745,4.940304517745972
3KBH_A_E,3KBH,E,54,S,E,13,G,1.856501867976997,,L,0.0430691731202557,0.0444026408308446,-0.001333467710588905,23,23,0,-0.11889029000000004,-0.14527717,-0.1485475101206895,0.049392179521801194,1.0,0,,-0.4,298.0,-0.0908103287220001,-0.2078159973025322,-0.0836535394191742,-0.11623914539813998,-0.05815935134887701,-0.09885434806346888,-0.2011726796627044,-0.09441682696342468
3KUD_A_B,3KUD,B,30,K,B,33,V,1.9530394314410333,,H,0.1488066223189364,0.1247729027732104,0.024033719545726,19,18,1,0.4482923999999997,-0.9080165999999998,-0.47311321095545317,0.06664353038712778,0.0,0,-12.947120666503906,-8.1,298.0,0.5811841487884521,0.5872366428375244,-0.16264963150024414,0.3965988159179683,0.2174973487854004,0.4839060306549072,-0.15714406967163086,1.6397110223770142
3LB6_A_C,3LB6,A,100,K,C,240,C,5.811821878992469,,H,0.0306167712001664,0.0,0.0306167712001664,25,25,0,-0.21278809600000004,-0.49514539999999996,-0.7256305545554195,3.095801519997776e-06,0.0,0,17.304031372070312,-6.4,298.0,-0.7930558621883392,-0.08443870395421979,0.018169015645980807,-0.0638481006026268,-0.35115744918584824,-0.015578843653202099,-0.3329571187496185,-0.0794374719262124
3LB6_A_C,3LB6,A,101,K,A,97,L,2.544131860901994,,H,0.2596619197293779,0.2223715404524431,0.03729037927693482,17,18,-1,1.7684098,2.0565097999999997,-0.10148571303477438,-0.010381011172136606,0.0,0,12.584228515625,-7.699999999999999,298.0,1.1524852514266968,1.9252506494522095,2.155195951461792,1.776776671409607,2.3484023809432983,1.9009114503860474,1.421898245811462,1.466358423233032
3LB6_A_C,3LB6,A,103,F,C,114,W,5.115015153850582,,H,0.0188474338624505,0.0468090548086123,-0.027961620946161798,21,23,-2,3.6254234,3.40621393,-0.32223671412344423,-0.015550147972413914,-1.0,0,-35.50447082519531,3.6999999999999997,298.0,3.9855945110321045,3.6023789644241333,3.494754672050476,3.220627665519715,3.8333844542503357,3.584183633327484,3.3780502676963806,3.904411554336548
3M62_A_B,3M62,A,55,E,A,147,E,1.051103127064922,,H,0.3029773012806337,0.2598763852430616,0.0431009160375721,18,17,1,-0.37670329999999996,0.05227459999999984,1.5393352008760663,0.04500966988335492,0.0,0,48.11638259887695,0.0,298.0,0.03407430648803733,-0.06177520751953125,0.3427588939666748,-0.906790494918823,-1.0637562274932861,-0.8631104230880738,0.44213128089904785,-0.9371577501296996
3M62_A_B,3M62,A,102,G,A,106,V,1.2643252931128433,,H,0.0003758966254769,0.0010846372511995,-0.0007087406257226001,24,24,0,0.065052285,0.18717985000000004,-0.06482712070413499,-0.009101217333023992,0.0,0,,-4.6000000000000005,298.0,0.09453353285789488,0.0690057426691056,0.07441616058349611,0.041938267648220104,0.0779174938797951,0.03988055139780039,0.07450461387634279,0.0482218563556671
3M62_A_B,3M62,B,45,S,A,54,T,1.278166680183457,0.016682417900765995,H,0.1195207460109406,0.1313683733954977,-0.011847627384557094,19,21,-2,-1.9740472,-1.9059363000000002,-1.120596002799238,0.11656559442336617,0.0,0,17.718402862548828,-0.10000000000000009,298.0,-2.685883402824402,-1.8298071622848513,-1.8547465801239014,-1.4485366344451904,-1.831045150756836,-1.995861291885376,-1.6555137634277344,-2.490985155105591
3M62_A_B,3M62,B,50,Q,B,65,Q,1.0539639378112842,0.28359380160267006,L,0.3320983588134715,0.3209581647281984,0.011140194085273114,16,15,1,2.495059,2.5234455000000002,-0.8970313438576878,0.03216229801074055,0.0,0,1.9152259826660227,0.0,298.0,2.2854183912277226,2.574903964996338,2.5857044458389282,2.6058516502380367,2.3425856828689575,2.4413927793502808,2.703508496284484,2.421107053756714
3M63_A_B,3M63,A,46,D,A,54,T,2.233205556064364,0.31123761067031563,H,0.1199864265871121,0.0929133330757349,0.027073093511377197,19,20,-1,-2.1014175,-2.8720344000000004,-0.4366356893702117,0.04049298343336194,-0.5,0,2.32525634765625,-2.8,298.0,-1.6889712810516357,-0.7902882099151611,-1.652198851108551,-2.7375460863113403,-1.95909583568573,-2.9777474403381348,-2.2697354555130005,-2.735757350921631
3M63_A_B,3M63,A,106,V,A,102,G,1.838115370315378,0.12465081399829436,H,0.0052886281409831,0.0019531938045881,0.0033354343363950004,24,23,1,-0.17929486000000003,-0.41610895,0.3583047040178531,0.016507261282200925,0.0,0,,4.6000000000000005,298.0,-0.4232275038957596,-0.3223494291305542,-0.12162198871374129,-0.0874386802315712,-0.1086155697703361,-0.08065006136894229,-0.1731506288051605,-0.11730504035949711
3M63_A_B,3M63,A,110,I,B,69,V,1.0886046118174872,,L,0.0810352911765057,0.0816051884522897,-0.0005698972757840065,18,19,-1,-0.65045157,-0.6866139,-1.2595033911316662,-0.06637882268212597,0.0,0,8.80706787109375,0.2999999999999998,298.0,-0.30300468206405645,-0.937730461359024,-0.759567528963089,-0.5210703313350677,-0.6223476827144623,-0.534533679485321,-0.7669260799884796,-0.7584324181079865
3MZG_A_B,3MZG,A,167,H,A,17,H,1.6293401853076444,0.282953436295814,H,0.0192828398813426,0.0208517675057265,-0.0015689276243839,24,23,1,-1.3477815000000002,-1.688439,-0.1831604565465046,0.021181237443237494,0.0,0,-1.1345977783203125,0.0,298.0,-1.6000090837478638,-1.2825121879577637,-1.2577236890792844,-1.780800700187683,-1.3967891931533813,-1.3792941570281982,-0.9928892850875854,-1.09223473072052
3MZG_A_B,3MZG,B,188,H,B,70,S,2.09321927209525,,L,0.0923592406197475,0.074022240220494,0.018337000399253497,18,20,-2,2.08618466,2.31831007,-0.11960401204626792,0.18696463099981409,0.5,0,-2.6096153259277344,-2.4000000000000004,298.0,2.424302965402603,1.1106008291244507,2.503877341747284,3.0311951488256454,1.772051624953747,1.449314296245575,2.3273623883724213,2.0707704424858093
3NGB_HL_G,3NGB,H,56,G,G,164,N,1.2656103528731653,,H,0.0235196952854405,0.0118349195701861,0.0116847757152544,21,23,-2,2.658954796,4.289414055,-0.3195566010298003,-0.07101100738462732,-1.0,0,,3.1,303.0,1.1821366921067238,4.259900234639645,1.1011579856276512,1.9240618124604227,4.288932740688324,4.129303768277168,3.0244794860482216,1.3616656288504598
3NGB_HL_G,3NGB,H,72,R,G,328,G,1.6432171953097705,,L,0.148253348082775,0.1376824567054438,0.010570891377331193,23,24,-1,-5.3582977750000005,-5.36758573,-1.7639206739304094,0.014332096480200701,0.3333333333333333,0,,-4.1,303.0,-5.442656837403774,-5.3795908242464066,-5.363867796957493,-5.376938335597515,-5.394845962524414,-5.339714840054512,-5.367898754775525,-5.200869970023632
3NGB_HL_G,3NGB,H,104,Y,G,166,K,1.4235858297640938,,L,0.1796824388097654,0.1670170621551004,0.012665376654664995,17,16,1,-3.42753372,-3.40485348,0.29894300302529686,0.01127712298404987,1.0,0,8.222412109375,2.5999999999999996,303.0,-3.7188651710748677,-3.8353667557239532,-3.47712005674839,-3.5519236326217656,-3.1103582978248596,-3.4181042909622197,-3.418174311518669,-2.8903574943542485
3NGB_HL_G,3NGB,H,105,N,H,60,Y,1.1185738219244732,0.5484261455424753,L,0.0568718554066168,0.0580184190756226,-0.0011465636690057984,23,23,0,0.07369029999999999,0.9791219000000004,0.6140727759196802,0.05210640431707661,1.0,0,-2.725494384765625,-2.2,303.0,-1.0377089977264404,2.8277918100357056,-0.19739031791687012,0.14288091659545898,-0.29217076301574707,1.3942146301269527,-1.4811077117919922,-0.7669882774353027
3NGB_HL_G,3NGB,H,106,W,G,313,G,4.462500819429005,,L,0.0070517695475679,0.02409196874884,-0.0170401992012721,24,22,2,-1.1700491300000002,-1.0465372999999998,-0.3174698988514727,0.007505770339569562,1.0,0,,-0.5,303.0,-0.7036731243133545,-0.6654238700866697,-0.33794701099395774,-0.7266361713409426,-2.0833205282688136,-2.0347468852996826,-1.5441974401474,-1.2644470930099487
3NGB_HL_G,3NGB,L,87,Y,G,165,A,2.022787808114121,,H,0.0542618330255439,0.0798189633226023,-0.025557130297058396,22,21,1,1.7088368999999999,2.64175766,0.35939158385419734,-0.1633139095829409,0.0,0,,-3.1,303.0,1.2053492665290833,2.4243733882904053,1.0252641439437864,2.7723634243011475,0.34774208068847656,2.627128839492798,2.5191922187805176,0.7492790222167967
3NGB_HL_G,3NGB,L,88,E,G,232,I,1.3199500457991684,,H,0.0518623614989659,0.0464900726315161,0.005372288867449802,25,24,1,2.2496809,3.0109956,-0.17566042264994175,0.076644784457023,0.5,0,-2.184600830078125,-8.0,303.0,2.960049629211426,3.954041063785553,0.5455447435379028,3.5703026056289673,0.9934587478637695,1.5650972723960872,3.7053120732307434,0.7036389112472534
3NPS_A_BC,3NPS,A,138,H,A,213,G,1.875091378283826,,L,0.1210427667166262,0.0936819020993546,0.027360864617271594,27,25,2,-1.89740723,-2.52258341,0.5195004744700803,-0.03844955982517681,0.5,0,,-2.8000000000000003,298.0,-2.1004142463207245,-1.640438586473465,-1.9375184178352356,-1.460779219865799,-2.029019862413406,-2.323604643344879,-1.8215977549552917,-1.8658848404884338
3NPS_A_BC,3NPS,A,141,Y,B,103,R,1.7748733050669008,,H,0.1398000577249207,0.1534165833809921,-0.013616525656071382,20,19,1,0.22177773999999995,0.5062919999999999,-1.0481553754319668,-0.08244703182707713,-0.3333333333333333,0,-0.8556671142578125,3.2,298.0,0.7161563038825989,-0.004251420497894287,-0.11271560192108154,0.09944957494735718,0.4861223101615906,0.4164862632751465,0.21096593141555786,-0.03799194097518921
3Q8D_A_E,3Q8D,A,131,R,A,90,Y,3.029624536637012,,H,0.0003846824980602,0.0387354981421229,-0.038350815644062695,22,22,0,-2.722067,-2.8794501000000006,0.3352366943318134,-0.05372066397451922,1.0,0,27.66101837158203,-3.2,298.0,-2.8512459993362427,-3.3104376792907715,-3.3435355424880986,-1.1949186325073242,-2.6417723894119263,-2.9993804693222046,-2.5643067955970764,-2.8709386587142944
3QHY_A_B,3QHY,B,10,N,B,73,Y,2.2542547942896496,0.8008689981434107,L,0.1567681642259961,0.1561934018222868,0.0005747624037092947,25,25,0,-0.5029332000000002,-0.34724900000000014,0.07260109688328342,0.0229417602375801,0.0,0,-7.033226013183594,-2.2,298.0,-0.3574147224426265,-0.8880169391632085,-0.9472970962524414,-0.10858964920043901,-0.33376002311706543,-0.3786733150482178,0.17957544326782182,-1.1892905235290527
3QHY_A_B,3QHY,B,12,D,A,185,T,2.2542547942896496,,H,0.0617661967275125,0.0261611349466656,0.035605061780846894,26,24,2,-1.2857580000000004,-1.0586031,0.30512094892715547,0.0878095897033753,0.0,0,21.05350112915039,-2.8,298.0,-1.697789192199707,-1.7642567157745361,-1.545173168182373,-0.8118364810943604,-2.173597574234009,-0.8127968311309814,-0.35753965377807617,-1.12307596206665
3QHY_A_B,3QHY,B,33,Y,A,212,R,2.9019067270339165,,L,0.0079934116737204,0.0131294228794402,-0.0051360112057198,28,30,-2,-0.5098729,-0.25594169999999994,-0.3646540632238233,0.007243920870487586,0.33333333333333337,0,26.68548583984375,3.2,298.0,-0.6157700419425964,0.20240259170532227,-0.702242374420166,-0.0578688383102417,-0.3485028147697449,-1.0032428503036497,-1.0059826374053955,-0.5477750301361084
3QHY_A_B,3QHY,B,91,D,A,98,Y,1.8885446894993645,,H,0.2072934581069336,0.2170677313082007,-0.009774273201267114,23,24,-1,-1.9935794999999998,-1.4551264,-0.12216836635925021,0.042822451625408986,0.0,0,-5.674827575683594,-2.2,298.0,-2.456662118434906,-2.0403985977172847,-1.9503514766693115,-2.0124378204345703,-2.0634952187538143,-1.5470986366271973,-1.6570237874984741,-2.221167743206024
3QHY_A_B,3QHY,B,166,D,A,73,D,3.4965384775158,,L,0.1017502054372819,0.1008637997213915,0.0008864057158903954,20,22,-2,1.8372857399999998,1.5422207399999999,0.3491342844860462,-0.016446919414799005,0.5,0,-1.6619224548339844,0.0,298.0,1.5018131732940674,1.9833979606628418,1.92214635014534,2.136849343776703,1.5925012230873108,2.005098879337311,2.2597232460975647,1.2967549562454224
3QHY_A_B,3QHY,B,169,F,B,244,S,2.0615439857216784,,H,0.1546399704811133,0.1919790568720057,-0.037339086390892395,21,21,0,0.30115091000000005,0.34309837,-0.375436347072955,0.038068941968702974,0.0,0,1.8942184448242188,3.5999999999999996,298.0,0.12614533305168146,0.3491186052560807,0.28785091638565063,0.5046646147966385,0.1266039907932281,0.43225690722465515,0.3609572947025299,0.2216097861528397
3QHY_A_B,3QHY,B,228,E,A,99,S,3.0115869999005174,,L,0.0212700504463766,0.0306354358968131,-0.009365385450436498,28,28,0,-2.4280702599999997,-2.1588748,0.04454055023514414,-0.013043888859150088,0.0,0,-13.05047607421875,-2.7,298.0,-2.7087611854076385,-2.55442875623703,-2.587867259979248,-2.731105327606201,-2.211249351501465,-1.7071213722229004,-2.8892127871513367,-2.0348169803619385
3QHY_A_B,3QHY,B,264,N,A,206,A,2.6946637029060385,,L,0.03189805950915,0.0547483030703224,-0.0228502435611724,24,24,0,-2.0781903600000002,-1.8937626,0.25033061819300195,0.030707626064159416,0.0,0,,-5.3,298.0,-2.48902302980423,-2.044239819049835,-1.6618953943252563,-1.9867011308670044,-2.3081634044647217,-2.3392332792282104,-1.7807544469833374,-2.015511572360993
3QIB_ABP_CD,3QIB,B,62,Q,C,26,T,1.7631666122988525,,L,0.0629190898286859,0.0678401875663299,-0.004921097737644001,19,21,-2,-0.13728364000000004,-0.7679085999999999,0.5112204188966739,0.0983100308232876,0.0,0,4.778964996337891,-2.8,298.0,-0.1068846583366394,-0.616188704967499,-0.1047513484954834,0.25790250301361084,0.001539617776870783,-0.22442945837974548,-0.1947387456893921,-0.1107182502746582
3QIB_ABP_CD,3QIB,B,67,E,B,74,D,1.82060413958121,0.8625190715930913,H,0.1514804198905843,0.1838257849994563,-0.03234536510887198,19,20,-1,1.52810625,1.9796521799999998,0.1364324121314301,0.034652513514839695,-0.5,0,-9.521240234375,0.0,298.0,1.9175912141799927,1.118853121995926,1.881798192858696,1.7667398899793627,0.9583306312561035,1.8824934214353561,1.2783947139978409,1.4206494092941284
3QIB_ABP_CD,3QIB,P,6,Y,P,10,A,3.1375929327345404,,L,0.0165700803991894,0.0092087153679484,0.007361365031241001,24,26,-2,0.9145991000000002,0.5550306,-0.3891989425717082,-0.010711948827657691,0.0,0,,-3.1,298.0,1.4737662672996517,0.7979172468185425,1.6507666110992427,0.463456392288208,1.0264453887939453,0.6718971729278564,-0.17468976974487305,1.4072350263595577
3QIB_ABP_CD,3QIB,P,8,K,C,92,G,3.1375929327345404,,L,0.0269376678255004,0.031288643673969,-0.0043509758484685974,22,21,1,-0.14436079999999984,0.06184220000000007,-0.09253064897316166,0.04210708021025189,1.0,0,,-3.5,298.0,-0.2881739139556885,-0.11060953140258789,-0.3837461471557617,0.4058151245117192,0.024353981018065962,-0.8032202720642094,0.04954767227172896,-0.04885435104370073
3QIB_ABP_CD,3QIB,P,11,T,D,101,T,3.1375929327345404,,L,0.0607522312655491,0.0765084572527218,-0.015756225987172703,24,23,1,4.31490822,4.49588052,0.3906884887187868,-0.0121412755293768,1.0,0,-10.505626678466797,0.0,298.0,4.4834946393966675,4.391522973775864,4.400823414325714,3.659755915403366,4.571758270263672,4.190320760011673,4.412541151046753,4.409048497676849
3S9D_A_B,3S9D,A,26,R,B,67,A,5.4154953458935795,,L,0.096972571685357,0.0647714966874544,0.032201074997902604,22,24,-2,-0.46439410000000025,-0.43548099999999934,0.37096797430248396,0.02667815967764639,0.6666666666666666,0,,-6.3,298.0,0.8769261837005611,-1.9620966911315918,-0.936063289642334,0.3179903030395508,-0.9112000465393058,-1.270873785018921,-0.3275506496429439,0.49771690368652344
3S9D_A_B,3S9D,A,119,M,A,113,V,2.2883468932934,,H,0.0261272345308443,0.019302548814199,0.006824685716645303,26,27,-1,-0.59962308,-0.8457321800000002,-0.1282225862626426,0.017052567607766217,0.0,0,-1.3648757934570312,-2.3000000000000003,298.0,-0.6808141767978668,-0.914628744125366,-0.7453792691230772,-0.4313189089298249,-0.15595531463623052,-0.09031245112419134,-1.146731361746788,-0.6318452060222626
3S9D_A_B,3S9D,A,123,S,A,117,E,1.0992749306399467,,H,0.0141515833453291,0.0339356167455729,-0.019784033400243796,20,22,-2,-0.7723843699999999,-0.9705707499999999,0.5498008597270599,0.02928146291233011,0.5,0,-1.0151214599609357,2.7,298.0,-0.5939638018608094,-1.035449743270874,-1.0518130362033844,-0.7489410042762756,-0.6328734830021858,-0.7867957353591919,-0.9662508368492124,-0.36298757791519165
3S9D_A_B,3S9D,B,35,M,B,36,S,2.9984279900310615,0.5047645503524103,L,0.0336275119178408,0.0546272944078241,-0.0209997824899833,24,22,2,-0.41846000000000005,-0.15691729999999993,-0.3623916864538731,-0.043978307019925916,-1.0,0,6.730533599853516,2.7,298.0,0.33669817447662354,-0.3827956914901734,-0.2047898769378662,-0.902345597743988,-1.1896095275878906,-0.754842221736908,-0.5455261468887328,0.2955307960510256
3S9D_A_B,3S9D,B,90,I,A,5,R,1.6418900904659794,0.6215919649341703,H,0.1914984637564581,0.1960206788245827,-0.004522215068124613,17,17,0,0.03961060000000005,0.6152243,-1.0594189356054038,-0.0751443335920747,0.0,0,1.6904220581054688,9.0,298.0,0.36779963970184326,0.12305188179016113,-0.05328488349914551,-0.06479299068450928,-0.09829139709472678,0.35990953445434526,-0.11562275886535645,-0.20188355445861816
3SE3_B_A,3SE3,A,55,Y,A,257,G,1.4966495837536624,,L,0.0972658806948419,0.1128952795454551,-0.015629398850613194,19,20,-1,-1.6436790399999999,-1.34702555,0.7512015473031344,-0.031029388710155786,0.0,0,,-0.9,298.0,-1.912926621735096,-1.278949424624443,-1.9018205255270006,-1.9234953299164772,-1.5522124916315077,-2.0643478706479073,-1.1326289921998978,-1.3830518051981926
3SE3_B_A,3SE3,A,223,F,A,222,A,1.4966495837536624,,H,0.0746593152155356,0.0716628381326583,0.0029964770828772996,24,23,1,-0.8396425000000003,-0.6504192,-0.6504998693265871,-0.021063132200073803,0.0,0,,0.9999999999999998,298.0,-1.2228251695632935,-0.3579130172729492,-1.1064262390136719,-1.0459839105606077,-0.19283974170684814,-0.9461852312088013,-0.6955223083496094,-1.1494443416595455
3SE4_B_A,3SE4,A,55,Y,B,89,L,1.3635602050590228,,H,0.014513341574888,0.0032001119874631,0.011313229587424901,19,21,-2,-0.5010948999999996,-0.11618210000000007,1.3438654852738827,0.025887413969253592,1.0,1,-5.393589019775391,-5.1,298.0,-0.557863712310791,-0.6332296133041382,-0.7615237236022949,-0.9176046848297121,-0.5720572471618648,-0.2217273712158203,-0.24382877349853516,-0.1009221076965332
3SE4_B_A,3SE4,A,223,F,B,105,R,1.3635602050590228,,H,0.0153908451903083,0.0111569827857725,0.0042338624045358,24,23,1,-0.04669449999999964,0.0636426000000001,-1.3396087745648209,-0.067397710459604,-0.6666666666666666,0,-6.040988922119141,7.3,298.0,-0.43561530113220215,-1.2711902856826782,0.9197158813476562,0.580634593963623,-0.9730716943740845,0.8395601511001585,0.9436440467834468,-0.9772330522537231
3SE4_B_C,3SE4,B,31,L,C,39,S,2.727120410118045,0.2118100390989157,L,0.1271841515070136,0.1667471603118457,-0.0395630088048321,19,20,-1,0.58607353,0.7885156,-0.8463618437530203,0.0033251021398358893,0.0,0,3.134105682373047,4.6,298.0,0.9247728884220123,0.6606660485267639,0.6646023988723757,0.14883387088775635,1.1119021773338318,0.5729885101318357,0.010487377643585205,0.5943353176116943
3SE4_B_C,3SE4,B,134,K,B,137,F,1.787773345432283,,H,0.0623356140451579,0.0686886083199409,-0.006352994274783003,20,20,0,0.3172793999999999,0.28851529999999936,0.17140606610470144,-0.0505639603141855,0.0,0,-20.866310119628906,-6.699999999999999,298.0,0.1627035140991211,1.201688289642334,-0.17067956924438477,-0.303607702255249,0.25496959686279297,1.0504112243652344,0.3551030158996573,-0.012353420257567915
3SE4_B_C,3SE4,C,69,E,B,34,R,1.3822066234518382,,L,0.1021631586939914,0.0966616968908051,0.005501461803186294,21,21,0,2.9648897,2.7158591000000003,0.20071075244983144,-0.026258335838407004,-0.16666666666666663,0,-13.934608459472656,1.0,298.0,3.5516154170036316,2.6354136466979976,2.7754457592964172,2.5416680574417114,2.386502087116241,2.3568310737609863,3.6964796781539917,3.7751630544662476
3SE4_B_C,3SE4,C,95,I,B,20,H,1.208783474999111,,H,0.1793980401225879,0.1862716730154267,-0.0068736328928387935,18,17,1,0.5276704999999999,0.8453815,0.07299410152622388,-0.010387455974035287,0.0,0,5.161109924316403,7.7,298.0,0.6139717102050779,0.2844967842102051,0.6481516361236568,0.3546459674835205,0.749362468719482,0.34046351909637407,1.0848861932754517,0.1453843116760256
3SE8_HL_G,3SE8,H,47,W,G,310,G,1.4751462856602853,,L,0.0146990350536125,0.012963360339809,0.0017356747138035002,25,24,1,-1.4857671499999998,-0.42701929,-0.2538318820772737,-0.03337464320071071,1.0,0,,-0.5,303.0,-2.043583795428276,-2.2799069583415985,-0.8052121847867966,-1.4501560926437378,-2.0450151786208153,-0.8722930774092674,-0.7050842195749283,-1.6848869025707245
3SE8_HL_G,3SE8,H,58,V,G,324,G,1.2496848072761948,,L,0.0691514343889664,0.0720968676817282,-0.002945433292761798,24,25,-1,-0.8233499799999999,-0.9492729499999999,-3.1763999534945806,-0.035097340710384395,0.0,0,,4.6000000000000005,303.0,-1.0177737548947334,-0.49213236570358276,-0.5031161978840829,-0.8482448160648346,-1.2665137574076653,-0.2642732784152031,-1.2454546764492989,-0.9492910131812097
3SE8_HL_G,3SE8,H,62,R,G,281,G,1.2061688813685716,,H,0.2048563656433664,0.18202893778331,0.0228274278600564,19,17,2,-2.329434635,-2.6922324950000003,1.1609786609783295,-0.09181473235385759,0.6666666666666666,0,,-4.1,303.0,-2.033902756869793,-2.8371682539582253,-2.5329120457172394,-2.2547606006264687,-2.475951887667179,-1.9488191828131676,-2.322309479117393,-2.2296532467007637
3SE8_HL_G,3SE8,H,63,Q,G,162,T,1.1144247533594487,,H,0.3155464557753598,0.3079822598446705,0.007564195930689299,14,15,-1,-0.7153106999999999,-0.3388274,-0.10367875807069382,-0.17446426917606161,0.5,0,-9.676002502441403,-2.8,303.0,-2.095965266227722,-0.8967070579528809,-0.7500724792480469,-0.5594048500061035,0.8993158340454102,-1.923195719718933,-0.07616686820983887,-0.32028865814209073
3SE8_HL_G,3SE8,H,72,R,G,277,N,2.6444616721842755,,L,0.1681826696530746,0.1948445966889384,-0.026661927035863786,23,21,2,-3.48222056,-2.698919,-0.28085398201432293,-0.07329595043672468,0.3333333333333333,0,24.856910705566403,-1.0,303.0,-3.5745145082473755,-3.1782461404800415,-3.1912037134170532,-3.5866661071777344,-3.025127351284027,-4.0941689014434814,-3.4808077216148376,-3.7270276844501495
3SE8_HL_G,3SE8,H,115,F,G,325,G,1.0676040754519076,,L,0.0250973467887035,0.0277864956731751,-0.002689148884471599,23,23,0,-0.684107424,-0.4171633,-1.8234911909455618,0.016704022632700877,0.0,0,,3.1999999999999997,303.0,-0.4253297969698906,-0.9213115498423577,-0.535601317882538,-0.8078977167606354,-0.8915379792451859,-0.3305442333221435,-0.7160657197237016,-0.8445708230137826
3SE8_HL_G,3SE8,L,91,E,H,55,W,1.5134906568562332,0.7611053868475779,H,0.0484626874890426,0.0197309384365628,0.028731749052479803,26,26,0,2.83658202,3.14059596,-1.16850657734044,0.03418118314289209,-0.5,0,6.528720855712891,-2.6,303.0,2.6704750955104823,2.681349933147431,2.8532329350709915,2.8200922906398773,3.1370433270931244,2.5644389241933823,2.951797515153885,3.014224022626877
3SE9_HL_G,3SE9,H,60,N,H,34,L,1.5217611539508715,0.5659996998544158,E,0.0051787029036619,0.0456587531351267,-0.040480050231464795,26,24,2,2.8273738600000002,2.6249993099999998,-0.10901427700100164,0.016057463666138583,1.0,0,25.7025146484375,-7.3,303.0,2.660931378602981,2.906255543231964,3.1279572248458862,2.5386141389608383,2.716895684599877,2.929315894842148,2.853981167078018,2.8850382566452026
3SE9_HL_G,3SE9,H,74,R,H,53,K,2.6792564759020507,,L,0.1485499851746476,0.1525627805765927,-0.004012795401945102,23,23,0,-0.7909184999999996,-0.7800049000000002,-0.12179609297042193,0.03681430146502329,0.3333333333333333,0,8.401435852050781,-0.6000000000000001,303.0,-1.4518158435821533,0.568279504776001,-1.4150686264038081,-1.1677699089050293,-1.1156408786773686,-0.6270020008087154,-0.12785053253173828,-0.9904739856719971
3SEK_B_C,3SEK,C,44,L,C,6,Q,2.6797201853789505,,H,0.2854895267191319,0.2693583689478297,0.016131157771302196,16,16,0,0.7708228000000001,0.5625825,-0.7068383439092727,0.06460569629042828,0.0,0,-7.1286773681640625,7.3,298.0,1.0179153680801392,0.06628680229187012,1.9129571914672852,0.6126017570495605,0.07208800315856934,1.6757344603538513,0.21495580673217773,0.5940437316894527
3SEK_B_C,3SEK,C,47,F,B,30,D,2.22839100374968,,H,0.3300709422824573,0.3596365717387849,-0.02956562945632757,14,15,-1,-0.8493377999999998,-0.1843197000000001,-0.9026380422280125,-0.0112347021951682,0.0,0,20.253921508789062,6.3,298.0,-0.961807370185852,-1.2982913255691528,-1.6099488735198975,-0.984107971191406,-1.1985832452774048,-0.36542022228240967,-0.35604000091552734,-0.020502805709838423
3SF4_A_D,3SF4,D,8,W,A,44,A,3.0724518685925455,,H,0.0474802035351501,0.0489978957176193,-0.0015176921824691936,21,23,-2,-2.7570001299999998,-2.4717339000000003,-0.22276748730055063,0.10008336902917422,0.0,0,,-2.7,298.0,-2.683106690645218,-2.703045427799225,-2.710244059562683,-2.7111443877220154,-2.5914275348186493,-2.394339278340339,-3.131338506937027,-3.1313557624816895
3SGB_E_I,3SGB,I,12,L,E,136,A,2.9315139160221024,,L,0.0250097869308848,0.0444472818908379,-0.019437494959953103,31,31,0,0.017401829999999993,0.08702469000000002,0.1506802507738405,-0.014348129946617091,0.0,0,,1.9999999999999998,294.0,-0.03224959224462509,0.057514168322086404,0.08833979815244669,0.02042621374130249,-0.00638584047555929,-0.0368224456906318,0.034129187464713995,0.014263205230236095
3SGB_E_I,3SGB,I,14,Y,E,13,R,1.9166607329129333,,L,0.1374928185978418,0.1305090702001847,0.006983748397657086,25,23,2,0.2726721999999999,0.7105708,0.23429736832109826,0.003410428205650004,0.0,0,-8.832153320312502,3.2,294.0,0.8998291492462158,0.8099881410598757,-0.13832354545593262,-0.23524653911590576,0.7116781473159794,-0.2964515686035156,0.1857457160949707,0.2441575527191162
3SGB_E_I,3SGB,I,26,G,E,158,G,1.2755502366103055,,L,0.1018269157506817,0.053170697545088,0.0486562182055937,25,27,-2,-0.014521030000000004,-0.020630256,-0.46318053739818654,0.052382221414915095,0.0,0,,0.0,294.0,-0.004564009606838296,-0.022785753011703505,-0.005041390657424899,-0.026617787778377602,-0.004805542528629303,-0.004179783165454795,-0.017784468829631805,-0.030389398336410495
3SZK_AB_C,3SZK,C,41,Y,A,70,V,2.8309533180259474,,H,0.0264787606406442,0.0055647790319776,0.0209139816086666,24,23,1,-1.15257246,-1.9250430299999999,0.007526488286489608,0.018440329251246307,1.0,1,2.4253082275390625,-5.5,283.0,-1.0522417947649956,-1.9179231002926826,-0.7663598582148552,-0.7843553274869919,-0.5773776844143867,-1.573917590081692,-0.9835176020860672,-1.5648871883749962
3SZK_AB_C,3SZK,C,44,F,A,7,K,2.0892398074152148,,H,0.0377711817503261,0.0448872444459947,-0.0071160626956685985,22,23,-1,-0.66204685,-0.7509520000000001,0.2551890064844633,0.028877631646890306,0.0,0,-7.16721725463867,6.699999999999999,283.0,-0.2958363890647888,-0.9009945243597031,-0.9517768621444702,-0.640718013048172,-0.5960400402545929,-0.8644759953022003,-0.9392403662204742,-0.10729217529296875
3SZK_AB_C,3SZK,C,69,S,A,67,T,1.4373601088322667,,H,0.2256191421796244,0.2176264550501174,0.007992687129506987,21,19,2,1.8526114999999999,2.7768692,0.02616600014729087,-2.338686490790942e-05,0.0,0,2.98358154296875,-0.10000000000000009,283.0,2.435909450054169,2.6283563375473022,0.8204258680343628,2.0893274545669556,2.3704992532730103,0.9391371011734011,0.6787928342819214,2.8584450483322144
3SZK_AB_C,3SZK,C,70,T,A,11,K,1.3946948326973583,,H,0.017006828779726,0.0015770261777663,0.0154298026019597,26,25,1,0.10574766999999996,0.9653345,0.10036190351642271,0.02380222578481589,0.0,0,-14.856121063232422,3.2,283.0,0.5975813865661619,0.26761263608932495,-0.043254077434539795,0.48695802688598633,0.8321081399917603,-0.7058411240577698,-0.22564622759819036,-0.36353787779808044
3U82_A_B,3U82,B,45,I,B,92,A,2.594977772908507,,E,0.0,0.0095748015485227,-0.0095748015485227,24,22,2,1.7345601299999998,1.7080136000000001,-0.8041447014427302,-0.03068989216246859,0.0,0,,2.7,298.0,1.9925050735473633,1.802558422088623,0.34538793563842773,1.9635400474071503,2.049640506505966,2.1982211470603943,0.6279228925704956,2.8967053592205043
3UIG_A_P,3UIG,A,61,E,A,50,L,1.7577731492591928,,L,0.0686097793450688,0.0534933301714327,0.015116449173636103,18,20,-2,-3.2348292,-2.6081614,0.6393009491045016,-0.0004164024267173938,0.0,0,-35.328617095947266,-7.3,298.0,-2.6856069564819336,-2.7308569252491,-3.5297454595565796,-4.123528331518173,-3.1877298653125763,-3.418859601020813,-2.9167795181274414,-3.2855294942855835
4B0M_A_BM,4B0M,M,40,L,M,63,F,1.9081297781204276,,E,0.0,0.0017340115703617,-0.0017340115703617,22,22,0,-0.18089464000000002,-0.21754710000000002,-0.026088228369823163,-0.008545079816135781,0.0,0,5.407661437988281,1.0,298.0,-0.23008544743061068,-0.3181771636009216,-0.2144052386283874,0.011420130729675293,-0.017260447144508417,-0.0455945432186127,-0.2950358986854553,-0.3380183726549148
4B0M_A_BM,4B0M,M,99,P,A,9,L,1.9149198716922284,,L,0.0843881765396628,0.0422133537102256,0.04217482282943719,18,17,1,0.20078896000000002,0.23993514999999999,-0.8462464728550824,-0.2628748953915859,0.0,0,19.855510711669922,-5.4,298.0,0.25701826810836786,0.1454935744404792,0.1802796870470047,0.2629759684205055,0.1814435645937919,0.146983414888382,0.1407086476683616,0.291408583521843
4BFI_A_B,4BFI,B,43,N,A,99,N,2.31664788750155,,L,0.0459766345060641,0.0339704785455259,0.012006155960538202,25,26,-1,3.5480962899999997,4.31830535,0.3102929889207737,0.0002663622579675007,0.5,0,-19.212844848632812,0.0,298.0,3.9840419366955757,2.7964181676506996,4.458628609776498,4.153519682586193,3.1868919879198074,2.914620377123356,3.632209151983261,3.258441038429737
4BFI_A_B,4BFI,B,91,L,A,31,L,1.3066250921680522,,E,0.0220585690062599,0.0191742466316161,0.0028843223746438003,24,23,1,-1.95849118,-1.7393200699999998,0.5507341971307227,-0.005383438589730782,0.0,0,12.918121337890627,0.0,298.0,-2.175287500023842,-2.2187611162662506,-1.2291374206542969,-1.8558509051799774,-2.2943331748247147,-1.9873757362365723,-1.7375046610832214,-2.169678643345833
4CPA_A_I,4CPA,I,37,V,A,127,R,2.3244915342611265,,L,0.0,0.0017659339891561,-0.0017659339891561,25,24,1,-0.32402609999999976,-0.29360750000000024,0.723351146408434,0.07510597584292289,-1.0,0,-27.63506317138672,8.7,298.0,-0.607200026512146,-0.054979562759399636,-0.7739245891571045,-0.32393598556518555,0.19716799259185813,-0.47041845321655273,-0.18495893478393555,-0.3739590644836426
4CVW_A_C,4CVW,C,27,R,A,541,N,1.8279050023298664,,L,0.07722204917812,0.0740717211620144,0.0031503280161056108,18,19,-1,-0.8313376799999999,-1.2528601400000001,1.883204515418242,-0.027301410723927694,-0.16666666666666669,0,-7.583686828613281,-1.0,298.0,-0.6977463364601135,-1.3225845992565155,-0.998934805393219,-0.5985320210456848,-0.9091083407402039,-0.479676991701126,-1.2193860709667206,-0.424732118844986
4CVW_A_C,4CVW,C,31,R,A,565,G,2.076536854194484,,L,0.1273695118076618,0.1281364434511284,-0.0007669316434666118,20,18,2,-1.4152031,-1.6720840799999999,0.6577027063203538,-0.0671054723709043,0.0,0,,-4.1,298.0,-1.666265107691288,-1.7325619980692868,-1.4952947199344635,-0.7884554490447044,-0.9846067652106286,-1.64466093480587,-1.6193334385752678,-1.390446439385414
4FTV_ABC_DE,4FTV,A,65,R,A,166,E,3.5060282681686816,,H,0.2470410047081997,0.2252193796468594,0.021821625061340305,20,20,0,0.8876757999999999,2.5544785599999997,-0.4634333408955996,-0.02671025725052681,0.3333333333333333,0,-22.97602081298828,-1.0,298.0,0.7960634529590607,-0.0636821985244751,0.5014832913875581,2.704285681247711,0.6019641160964966,0.09305769205093373,0.6686274111270905,1.7996068596839905
4FZA_A_B,4FZA,A,213,Y,B,48,I,1.270214445054126,,H,0.0232324115191449,0.0223821016647503,0.0008503098543945972,20,18,2,1.4102426000000001,1.3235484999999998,-0.5581403117761665,-0.07507658861056166,1.0,0,-34.523226737976074,-5.8,298.0,1.4614316821098328,1.6518276929855347,1.106504499912262,1.649941205978393,1.1790618896484377,1.3782384395599365,1.7724750638008118,1.08245974779129
4FZA_A_B,4FZA,A,217,R,A,218,Q,1.0274367577011738,,H,0.0252390979432017,0.0702715415094286,-0.045032443566226904,22,23,-1,-1.7787742999999998,-1.5579217,0.0538445491208093,-0.02702038368740456,-0.16666666666666669,0,-2.4315414428710938,-1.0,298.0,-1.4106686115264893,-1.148682832717896,-2.3062944412231445,-1.8906097412109375,-2.013432025909424,-2.0351641178131104,-1.7127299308776855,-1.712611198425293
4G0N_A_B,4G0N,A,37,E,A,41,R,1.8006412824586262,-0.35374444863725935,L,0.1488684616464222,0.1690094407617663,-0.0201409791153441,18,17,1,-0.3215251000000001,-0.8340536999999999,0.006286080450557507,0.002828016403446404,-0.3333333333333333,0,-47.3211669921875,1.0,308.0,0.6571687459945681,-1.3825759887695315,0.06596827507019043,0.06104707717895508,-1.915319561958313,0.12680232524871804,0.2856231927871705,-0.4709130525588989
4G0N_A_B,4G0N,B,15,T,A,40,Y,1.8284227873616987,,E,0.0155576908057652,0.0292421582672858,-0.013684467461520598,24,24,0,-0.17145619999999995,0.44186229999999993,0.3633855849830603,-0.014950717999240998,0.0,0,4.604957580566406,0.6000000000000001,303.0,-0.427337646484375,-0.7283843755722046,-0.5917825698852537,0.13332676887512207,0.4798924922943111,-0.5215528011322021,0.5710264444351194,-0.28683900833129883
4G0N_A_B,4G0N,B,16,V,A,29,V,1.000146590440926,,L,0.0742052585358735,0.079604794306162,-0.0053995357702885105,16,18,-2,2.18895515,1.6837163999999998,-0.09147917211707259,-0.1829522400179904,0.0,0,4.455169677734375,0.0,298.0,2.733329653739929,1.8556001484394073,1.5920048952102666,2.3610642552375793,1.8681092858314514,1.8992829322814941,2.933207929134369,2.2690423130989075
4G0N_A_B,4G0N,B,31,K,A,25,Q,2.200238060095798,,H,0.3160921943466954,0.3356617705128644,-0.019569576166169,15,15,0,2.4451322999999996,2.0978459999999997,0.07515763169423441,0.10345369766755028,0.0,0,-17.91366577148437,-0.3999999999999999,298.0,1.8821058273315425,2.622636795043945,1.8531641960144043,2.0264341831207275,2.8647947311401367,3.15517795085907,2.663802146911621,2.4929418563842773
4HFK_A_BD,4HFK,B,22,R,B,18,W,1.3915088644819469,,H,0.0324824264479058,0.0044087374039823,0.028073689043923496,27,26,1,-0.88462022,-1.08348734,1.077563110048007,0.00016983821086000161,0.3333333333333333,0,-0.1785430908203125,-3.6,298.0,-1.5136760622262952,-1.2773187905550003,-0.9589985460042955,-0.2477333247661591,-0.14765542745590213,-1.439369648694992,-1.232229769229889,-0.2599793076515198
4HFK_A_BD,4HFK,B,45,L,B,43,A,2.524333218946118,,H,0.0352814911243997,0.0060576040655872,0.029223887058812497,27,28,-1,-0.32806381,-0.58171841,0.16645202925015035,0.044916606857273306,0.0,0,,1.9999999999999998,298.0,-0.2565137445926666,-0.05875943601131439,-0.10677717626094821,-0.628313235938549,-0.30560389161109924,-0.3204959481954575,-0.11895579099655151,-0.8290912061929703
4HFK_A_BD,4HFK,B,46,E,B,52,A,1.1880396206308514,,H,0.0686660535261498,0.0390368229976352,0.029629230528514593,24,22,2,0.36305257,1.060838375,-0.1943223279156131,-0.038218605783898796,0.5,0,,-5.3,298.0,0.48684071749448776,0.0647452846169472,0.11001011729240419,1.170336477458477,0.2582387328147889,0.25315199047327036,0.44457483291625977,0.11652229726314552
4HRN_A_D,4HRN,D,17,L,A,80,H,2.5972166665878498,,L,0.0726851286563563,0.1116335453232846,-0.03894841666692829,27,25,2,0.17615134,-0.5810787,0.7157472692265747,0.022189427952326007,0.0,0,-11.98385238647461,7.0,298.0,0.5540176928043365,1.0052245408296585,-0.924201250076294,0.39002847671508795,0.7855793833732605,-0.1244126558303833,-0.7374439239501953,0.46041890978813177
4HRN_A_D,4HRN,D,44,V,A,69,F,2.8106652758248662,,L,0.0,0.0001811533511458,-0.0001811533511458,28,28,0,-1.3610044499999998,-1.4017887,-0.6669864236254587,0.0392209318963615,0.0,0,-35.90707778930664,1.4000000000000004,298.0,-1.3339498639106748,-1.472979485988617,-1.8112857341766357,-0.9468157291412354,-1.343552052974701,-1.2086498141288757,-1.4570211172103882,-1.3137809038162231
4HRN_A_D,4HRN,D,47,F,D,55,V,2.4594608435335474,,L,0.2207436920692921,0.2066171397296808,0.014126552339611298,19,21,-2,0.37327416999999996,-0.1545071,-0.865686164198982,0.003381425475695199,0.0,0,-21.8460693359375,-1.4000000000000004,298.0,0.19344931840896606,1.2743715345859528,0.8999959826469424,-0.2904003858566283,1.219623625278473,-0.02530747652053833,-0.030311822891235574,-0.2552270293235779
4I77_HL_Z,4I77,H,52,W,Z,46,C,2.5700938940363596,,L,0.0315275883267761,0.0115860290324075,0.019941559294368603,23,25,-2,-1.4869166,-1.30338421,-0.2436824961886493,-0.018291914407740195,0.0,0,3.8485260009765625,-3.4,304.0,-1.3391330689191818,-1.4024811685085294,-1.84277331084013,-1.3820473402738573,-0.6431300044059753,-1.9570001140236855,-1.7514577656984331,-1.577309012413025
4I77_HL_Z,4I77,H,54,D,L,32,Y,2.6192848491710157,,H,0.3275967732618883,0.3178570428733979,0.009739730388490409,19,17,2,0.37996162,0.40677931999999994,-0.17742965121832133,-0.04240508715103958,0.5,0,-5.868572235107422,-2.2,304.0,0.2638468816876411,0.3891040980815887,0.7174771800637246,0.40882697701454174,0.15700937807559961,0.3066757842898369,0.3521299809217453,0.4446224346756936
4I77_HL_Z,4I77,H,101,Y,H,53,G,1.6538385300976,,H,0.0710580377739286,0.0684014000326141,0.002656637741314513,25,27,-2,-1.06369249,-1.16458318,-0.3782829872062624,0.1325952738268899,1.0,0,,-0.9,304.0,-1.0865095779299736,-0.9988594800233844,-0.936934232711792,-1.0770166665315628,-1.0936734080314636,-1.0426234975457191,-1.0748031735420227,-1.1991200223565102
4I77_HL_Z,4I77,H,103,Y,Z,41,I,2.19743766725223,,H,0.0016546931879356,0.0103769489902953,-0.0087222558023597,25,23,2,-0.45165963,-0.5702189999999999,-1.0510759621866308,0.011575895088617422,1.0,0,-35.23857498168945,-5.8,304.0,-0.588079571723938,-0.21267437934875488,-0.5249111652374268,-0.5329580307006834,-0.7637940049171449,-0.9030173420906065,0.146811842918396,-0.23465490341186523
4I77_HL_Z,4I77,L,95,N,Z,45,G,1.3801528344884093,,L,0.0361018124748346,0.022368959650144,0.0137328528246906,25,26,-1,-0.07605434999999999,-0.13271102,-0.2413210840655335,-0.007647836067762009,1.0,0,,-3.1,304.0,-0.04002831131219861,-0.19915451109409338,-0.0317950248718262,-0.0688544064760208,-0.1970223262906075,-0.01878473907709119,-0.029041737318038913,-0.023753844201564803
4J2L_A_CD,4J2L,C,17,W,A,31,F,2.2295846882352905,,H,0.0492197345387961,0.0269136391716127,0.0223060953671834,22,21,1,-3.1718657,-3.4156970000000006,0.30823184925169667,-0.03214325733047779,0.0,0,-4.331394195556641,-3.6999999999999997,298.0,-3.8887592554092407,-3.2005238384008408,-3.702911823987961,-3.8749296069145203,-2.6010303497314453,-3.384290337562561,-2.5408782958984375,-2.1815994977951054
4JEU_A_B,4JEU,B,3,R,A,261,V,1.127664041308761,,L,0.152299071260369,0.1482364977065149,0.004062573553854115,17,17,0,-1.0165996599999998,-0.9061968,0.5737906763941292,0.09525929023834781,0.0,0,24.473915100097656,-8.7,298.0,-1.5447404384613037,-1.460278570652008,0.4595509171485901,-1.8730458617210388,-1.240355968475342,0.18644797801971436,-1.4901531338691707,-1.1702216863632202
4JEU_A_B,4JEU,B,7,L,B,206,E,1.1084563032791506,,H,0.0545343831007301,0.0552322055273028,-0.0006978224265727015,17,17,0,-0.46500949999999996,-0.48142841,-0.7348581584508123,0.08011942699503061,-0.5,0,-16.301445007324215,7.3,298.0,-0.5577556639909744,-0.30221247673034674,-0.29562900960445404,-0.6959292441606522,-0.27568967640399944,-0.4708081930875778,-0.5889717936515808,-0.5330802351236343
4JEU_A_B,4JEU,B,215,I,B,97,I,3.2402502019955364,,H,0.0,0.0003054493676713,-0.0003054493676713,24,22,2,0.54041655,0.9101385,-0.1763372619725443,-0.039030494058163084,0.0,0,6.357528686523436,0.0,298.0,0.5703595876693726,1.1937435269355774,0.5703307688236237,0.46463027596473694,0.3810439258813858,0.6310016810894012,0.35308709740638733,0.1591351330280304
4JFF_ABC_DE,4JFF,C,1,E,D,95,G,7.319559526108369,,L,0.0098526983413876,0.0062088930653262,0.0036438052760614003,25,26,-1,-3.54908003,-3.8914095900000003,0.3825077508424318,0.12551399946479197,0.5,0,,-3.1,298.0,-3.6161516755819325,-2.6321984380483623,-3.316472291946411,-3.574222818017006,-4.114470914006233,-4.293709799647331,-3.64592994004488,-3.199484720826149
4JFF_ABC_DE,4JFF,C,4,G,E,100,G,6.515296898776146,,L,0.0422124982366205,0.043224484388705,-0.0010119861520844972,26,24,2,-0.30100490999999996,-0.6673947,-0.16834018719941457,-0.010797963940584798,0.0,0,,0.0,298.0,-0.022253662347793607,-0.37097027897834783,-0.7270546704530716,-0.08484193682670593,0.05478017032146448,-0.9333366677165031,-0.4457263797521591,0.12136414647102362
4JFF_ABC_DE,4JFF,C,7,I,E,50,Y,6.426746198757867,,L,0.0,0.000837890864609,-0.000837890864609,25,25,0,3.00032273,3.10465546,-0.20742993368939644,0.028412075631810196,-1.0,0,-24.176261901855465,5.8,298.0,3.376776337623596,2.804779291152954,3.4130956828594208,3.2871929705142975,3.0120056867599487,2.741729259490967,2.422159433364868,2.944842576980591
4JFF_ABC_DE,4JFF,C,8,L,C,5,I,6.196110354356413,,L,0.0252643910099856,0.0117725498280444,0.0134918411819412,21,22,-1,-2.1902471,-2.07441006,0.3060378057611479,0.029772309859733198,0.0,0,8.069095611572264,-0.7000000000000002,298.0,-2.561272233724594,-1.533718764781952,-2.457274973392486,-2.271728366613388,-1.9716933071613316,-2.4488152861595154,-1.967058151960373,-2.310416281223297
4JFF_ABC_DE,4JFF,C,9,T,E,58,S,6.53152220613874,,L,0.0391572333998921,0.0423335353539969,-0.0031763019541048015,21,21,0,-3.4372257100000003,-2.90479404,-0.3965740669259274,-0.02647640757117281,0.0,0,-3.1580734252929688,0.10000000000000009,298.0,-2.8050920516252518,-3.795627772808075,-3.4628091901540756,-4.010146796703339,-3.7090449035167694,-2.7544642984867096,-4.177728831768036,-2.782892256975174
4JGH_ABC_D,4JGH,D,44,W,C,32,G,2.0482653337407095,,H,0.2965148399924242,0.2626986223787609,0.03381621761366327,20,18,2,-4.0721678400000005,-4.65308064,0.6227961169978182,-0.0679135754737919,0.0,0,,-0.5,298.0,-3.6006758138537407,-4.529516316950321,-4.08021654188633,-4.146596796810627,-3.504295013844967,-4.203070737421513,-3.7821434810757637,-4.730829142034054
4KRO_A_B,4KRO,B,15,R,B,93,Y,1.5832991719387786,,L,0.1386037850132884,0.1440668087081329,-0.005463023694844499,22,20,2,1.2078612999999998,0.5057807000000003,0.08334285087672255,0.1528576461936657,0.3333333333333333,0,-10.49936294555664,-3.2,298.0,1.1741527318954468,1.4503203630447388,1.512489378452301,1.6270819902420044,0.3116599321365354,1.0637810230255127,1.8246723413467407,0.6987320184707642
4KRP_A_B,4KRP,B,105,E,B,107,D,1.6060447352220086,,L,0.167047876670003,0.1730397122255382,-0.005991835555535202,19,20,-1,-1.7149928,-0.8323258999999998,0.08970893493936649,0.0450182520419658,-0.5,0,0.0979690551757817,0.0,298.0,-1.295589804649353,-0.9915218353271484,-2.1594872921705246,-1.123281478881836,-2.015929192304611,-1.8528275787830353,-1.715981125831604,-2.565324276685715
4L3E_ABC_DE,4L3E,A,65,R,A,72,Q,1.3011671118471222,,H,0.1421721801258646,0.1482468133070925,-0.00607463318122789,23,25,-2,-0.7666574000000002,-0.5413649999999999,0.2455086418727619,-0.017794985903971494,-0.16666666666666669,0,16.32217407226563,-1.0,298.0,-2.2218815088272095,-0.5179516077041626,-1.1166603565216064,-0.5821056365966797,-0.5758635997772219,-0.3446218967437744,-0.8158805370330806,0.04170417785644531
4L3E_ABC_DE,4L3E,A,155,Q,A,163,T,1.2584735016202362,,H,0.0402349651735726,0.0217108846512103,0.018524080522362298,25,24,1,0.18536639999999993,0.5352892,-0.30996645837122816,-0.02170842868972328,0.0,0,5.019649505615234,-2.8,298.0,0.6996601819992065,0.29922795295715376,0.1726773977279663,0.46330189704895,0.1615685224533081,-0.4209510087966921,-0.5639870166778564,0.6714334487915041
4L3E_ABC_DE,4L3E,A,166,E,D,27,R,1.2169732743791315,,H,0.3102598156221082,0.3425909962942554,-0.032331180672147186,18,17,1,0.2346144000000001,0.016749900000000206,-0.647629414218166,-0.0391795091245003,0.16666666666666669,0,-28.656740188598633,1.0,298.0,-0.4236527681350708,0.1023097038269043,1.2491118907928467,-0.03384137153625488,0.3305668830871584,0.9448515176773067,0.028168439865112305,-0.3205995559692383
4L3E_ABC_DE,4L3E,D,26,Y,C,8,L,2.7835618283803383,,L,0.0159764802285845,0.0082431480233286,0.0077333322052559,22,21,1,-1.7156099999999999,-3.8716535000000003,1.1024446962156154,0.009583964035454723,1.0,1,4.3613739013671875,-5.1,298.0,-2.134414792060853,-3.6521897315979004,-0.3688825368881228,-0.8491313457489014,-0.17415773868560813,-3.758792757987976,-2.326679706573486,-0.4606313705444336
4MNQ_ABC_DE,4MNQ,C,4,K,D,96,Y,4.933426404666148,,L,0.0182510972037124,0.012032052357827,0.006219044845885398,26,26,0,-2.0227927,-1.0821809,0.14248247470370878,-0.11096131402026538,0.0,-1,6.364585876464844,-2.5999999999999996,298.0,-1.2007899284362793,-1.646581530570984,-1.9944969415664673,-1.3751676082611088,-2.7920703887939453,-1.8974870443344116,-2.752029061317444,-2.5237196683883667
4MNQ_ABC_DE,4MNQ,C,6,L,D,91,A,4.14712203343936,,L,0.0253920310462841,0.0239231621718939,0.0014688688743902008,24,25,-1,-0.22473239999999994,0.17201890000000009,-0.39422993463476774,0.07742901944509309,0.0,0,,1.9999999999999998,298.0,-0.29817628860473655,-0.1222999095916748,-0.5491681098937984,0.16868245601654075,-0.3319135904312134,0.157889842987061,-0.3767033815383911,-0.4461684226989746
4MYW_A_B,4MYW,B,48,I,B,34,T,2.5720617535244585,,E,0.0002069070114443,0.006358737566265,-0.0061518305548207,26,24,2,0.23429349999999993,-0.1229872000000003,-0.1548597957047163,-8.415247626189504e-05,-1.0,0,-40.72512149810791,5.2,298.0,-0.17030251026153564,-0.5703430175781248,0.30392390489578236,0.7573690414428713,0.2381383180618286,1.0747430324554446,0.10369563102722212,0.13712418079376198
4O27_A_B,4O27,A,88,K,B,118,Y,1.024414289084085,,H,0.1598309737434917,0.1629039255379071,-0.0030729517944154128,18,18,0,0.4479124000000001,0.8179075,-0.9083281873034033,0.02616948382113743,-1.0,0,5.7947845458984375,-2.5999999999999996,298.0,-0.14469325542449973,1.0899516344070435,0.7058651447296143,0.5067216157913208,0.8853470087051392,-0.2542973756790159,0.5386416912078857,0.25576329231262207
4O27_A_B,4O27,A,215,Y,A,216,V,1.1947757783935136,,H,0.0878370140862499,0.0918323193316469,-0.003995305245396999,20,21,-1,2.97468508,2.45244055,0.14190029234199653,-0.09055409337215709,0.0,0,11.132553100585938,-5.5,298.0,3.0428478121757507,2.171656906604767,1.7595496773719788,2.8919471502304077,3.7924643456935883,3.189296990633011,3.544733017683029,3.404984623193741
4OFY_A_D,4OFY,A,34,Q,A,43,G,1.1762294551826238,,L,0.012054481648668,0.0031520649096272,0.0089024167390408,25,23,2,-0.9466789400000001,-1.0909800200000002,-0.08788120285685497,-0.03566519104364824,0.5,0,,-3.1,298.0,-1.098673492670059,-0.9910653606057168,-0.4097907543182373,-1.2408245503902435,-0.8348785117268562,-0.4758564829826356,-1.4076285660266876,-1.1147145330905914
4OFY_A_D,4OFY,A,85,Q,A,87,S,1.7324587013154158,0.14209558868467176,L,0.0,0.0009578644168893,-0.0009578644168893,27,25,2,-1.2482338,-1.4649089800000001,-0.19197945626881374,0.014313735000399008,0.0,0,3.554595947265625,-2.7,298.0,-1.1113865971565247,-1.5120771527290344,-1.8187910914421082,-0.9868072867393496,-1.1973052620887754,-1.560167461633682,-0.922813355922699,-0.8765239715576172
4OFY_A_D,4OFY,D,34,Q,A,36,M,2.8692159988027166,0.08407289665825735,E,0.0101308383521464,0.0168023409247569,-0.006671502572610498,24,25,-1,2.0551442499999997,0.8015132999999999,0.383235156121022,-0.03303188112515032,1.0,0,7.195945739746094,-5.4,298.0,3.240173816680908,2.3471215963363647,1.5270177125930786,2.3195700347423553,3.30790776014328,1.2260720729827879,2.455582320690155,0.017708659172058328
4OFY_A_D,4OFY,D,42,L,A,41,G,2.5667118722837503,,L,0.0064291022361753,0.0154529259292368,-0.0090238236930615,29,28,1,2.0649016,1.6535362999999998,-0.28892601492008674,-0.048093282723380315,0.0,0,,4.2,298.0,4.173691213130951,4.123712539672852,2.8358859419822693,2.399121999740601,4.1163365840911865,-0.94393515586853,2.450085163116455,-2.635683596134186
4OFY_A_D,4OFY,D,96,R,D,40,G,3.419674805388326,,L,0.3209612540599458,0.3490366218720657,-0.02807536781211989,14,15,-1,-1.4129408700000001,-1.7640331999999999,-0.055201760588477256,-0.0038323612987860023,0.0,0,,-4.1,298.0,-1.1047441512346265,-1.4620589017868042,-1.8932138085365295,-1.2202189788222313,-1.6750746443867683,-1.3239952772855759,-1.5368621572852135,-1.0873586758971214
4OZG_ABJ_GH,4OZG,G,50,L,G,48,H,1.165761296968809,,L,0.0949437104287705,0.0846963337525759,0.010247376676194603,17,17,0,2.846438025,3.019879,0.5333974434729297,0.032280946574055,-0.5,0,-22.75102996826172,7.0,293.0,2.608264781534672,2.7147629633545876,3.0485518649220467,2.5519768372178078,3.0079410374164586,3.254626326262951,2.576156497001648,3.0092241764068604
4OZG_ABJ_GH,4OZG,H,94,F,J,3,Q,1.4100792703507583,,L,0.0372761480572468,0.0496122382492599,-0.0123360901920131,22,24,-2,0.5133923999999999,-0.21665140000000038,0.2789286711644444,-0.02366276686256441,0.0,0,-31.653114318847656,6.3,293.0,0.6954827308654785,0.7493431568145748,0.3068873882293701,0.9708439111709593,0.26625680923461914,0.37042808532714844,0.48961496353149414,0.2582812309265141
4OZG_ABJ_GH,4OZG,H,95,R,J,9,P,1.7140134858666605,,L,0.004236611106924,0.0306084291344577,-0.026371818027533703,22,24,-2,-2.7257724,-2.23077522,-0.33496926058521104,-0.0723220484504132,1.0,0,-20.390001296997067,-2.9,293.0,-3.200849875807762,-2.3539579659700394,-2.5084902495145798,-2.8709795847535133,-2.33478781580925,-2.8599916100502014,-3.21689347922802,-2.4602290987968445
4OZG_ABJ_GH,4OZG,H,98,D,H,99,T,1.621665603191739,,L,0.0163030124894396,0.0200421715971738,-0.0037391591077342023,20,18,2,-1.2705001,-2.4950088,0.35805948500578155,-0.011174745160810573,1.0,0,46.15635681152344,-2.8,293.0,-1.8038344383239748,-1.5984696149826054,-0.8435659408569336,-1.2106335163116457,-0.6213680505752566,-0.6602180004119873,-1.4915555715560909,-1.934355616569519
4P23_CD_AB,4P23,C,40,K,D,75,E,1.1931987157495938,0.17036148930942865,H,0.3189832174233397,0.3259310754697586,-0.006947858046418898,13,12,1,0.627942,0.39749104999999985,-0.052825177148833224,-0.09048168862241479,0.0,0,1.3753547668457036,-0.3999999999999999,298.0,0.6924271881580353,0.8803130686283112,0.3404642343521118,1.0230188369750979,0.16780316829681396,0.7206095457077026,1.0177508294582367,0.18114906549453735
4P23_CD_AB,4P23,C,66,V,C,59,G,1.16627650370749,,H,0.0,0.0041317962133278,-0.0041317962133278,23,23,0,1.5743089000000001,2.87423532,-0.1561633884403799,-0.026156839135601906,0.0,0,,4.6000000000000005,298.0,0.5003426000475883,3.1040369793772697,3.220505997538566,0.5536664873361588,0.40410143882036215,1.2101323008537292,3.2146506905555725,0.38703492283821106
4P23_CD_AB,4P23,D,2,E,B,97,D,1.16627650370749,,L,0.153829194664903,0.1549516847454785,-0.0011224900805754945,17,16,1,0.6624117999999999,-0.39368859999999994,0.38741934928673194,-0.09546098957456012,0.0,0,2.7758026123046875,0.0,298.0,0.729445219039917,1.054862529039383,0.794004499912262,1.097641944885254,-0.5162009000778198,0.07484149932861328,0.9006878137588501,1.1640119552612305
4P23_CD_AB,4P23,D,5,K,D,8,A,2.2296234426394665,,L,0.0068342981245232,0.0023755751504213,0.0044587229741019,26,25,1,-3.263268,-3.0738892,0.16435795653594454,-0.034133797279002204,0.0,0,,-5.7,298.0,-2.9677774906158447,-2.6015162467956543,-2.9648547172546387,-4.249165296554565,-4.1051424741745,-2.6601028442382812,-3.400797665119171,-3.156788468360901
4P23_CD_AB,4P23,D,7,K,D,4,Q,2.567194198281374,0.6826014437951471,L,0.0734755875739947,0.0975773824758899,-0.024101794901895207,26,26,0,0.5129474000000003,0.43913840000000004,-0.5637462911498532,0.09788300152514928,0.0,0,-33.88816452026367,-0.3999999999999999,298.0,0.9584212303161621,0.6442899703979497,0.6607732772827148,0.646241664886475,0.8349907398223877,-0.01752781867980957,0.029999256134033203,0.3463914394378662
4P23_CD_AB,4P23,D,79,R,C,58,Q,2.0705851792448766,0.9725053785217762,H,0.1433889593805054,0.1438435349416142,-0.0004545755611088109,18,18,0,2.54782654,2.02874794,0.5032707800577562,0.09352396539083963,-0.16666666666666669,0,11.300300598144531,-1.0,298.0,2.2603026628494263,2.4224555492401127,3.1512282490730286,2.712843477725983,2.1655409336090092,2.4658873677253728,2.4163044095039368,2.7880487591028214
4P5T_CD_AB,4P5T,C,61,L,D,81,A,1.0095291007048206,,H,0.0820095062112072,0.0886421919657476,-0.006632685754540402,17,17,0,0.3775342999999999,0.7490704400000001,0.17225808945524967,-0.0011089110468303076,0.0,0,,1.9999999999999998,298.0,0.2689700126647949,0.15763974189758279,0.15572631359100353,0.47877776622772217,0.7829446196556091,0.3645848035812378,0.4751436710357668,0.3364868760108948
4P5T_CD_AB,4P5T,D,4,Q,A,95,S,1.6541005575500751,,L,0.0265865177575723,0.0101041597615297,0.0164823579960426,28,26,2,-0.6911749,-0.40913369999999993,-0.20524257691568282,0.0030867378955466984,1.0,0,21.592575073242184,-2.7,298.0,-0.7451300621032715,-0.795513391494751,-1.1116755008697514,-0.6865940093994141,-0.24009633064270108,-0.9006891250610356,-0.46307301521301225,-0.5866281986236572
4P5T_CD_AB,4P5T,D,7,K,D,8,A,1.5485443304610826,,L,0.024007007705105,0.0,0.024007007705105,26,25,1,0.5049437000000001,1.0995885999999997,-0.2151247642022499,0.0859714485519362,0.0,0,,-5.7,298.0,1.2904869318008423,2.1046116352081303,-0.2112898826599121,-0.2679959535598755,-0.47435760498046875,2.210421919822693,-0.09308600425720215,-0.5192422866821289
4P5T_CD_AB,4P5T,D,78,R,B,94,F,2.073568493729729,,H,0.0480626167196056,0.0518226783911804,-0.003760061671574798,22,23,-1,1.1090758699999999,1.0837845000000002,-0.3544728381124416,0.09687710136482897,0.3333333333333333,0,-9.072319030761719,-7.3,298.0,0.9650815725326536,1.9466243535280228,1.8290280401706696,1.3995061367750168,1.184774398803711,0.2636036276817322,0.8886195570230484,0.39537036418914795
4PWX_AB_CD,4PWX,A,194,F,A,201,E,1.7284574247898898,,H,0.0160185257629684,0.0570712995032612,-0.0410527737402928,18,19,-1,-2.4183043000000004,-0.7699613999999997,-0.4525704084094052,-0.006752265261341428,0.0,0,19.0718994140625,6.3,298.0,-0.3771028518676758,-2.3431966304779053,-3.2179951667785645,-1.444991111755371,-3.714991509914398,-3.99121230840683,-1.2693972587585454,-2.987547814846039
4PWX_AB_CD,4PWX,A,198,Y,C,20,Q,1.7284574247898898,-0.17771794009516576,H,0.106214321299363,0.1058278069149864,0.0003865143843765906,22,22,0,-0.727103,0.11294770000000032,-0.8771062035726054,-0.10502756583708717,0.0,0,6.699104309082031,2.2,298.0,-1.3970456123352046,-1.2458500862121582,-1.1140449047088623,0.9827506542205815,-1.3275237083435059,-1.5974147319793701,-1.303249359130859,1.1855533123016353
4PWX_AB_CD,4PWX,A,205,Q,B,92,D,1.0135035228231954,,H,0.1586378518304384,0.1702475842791927,-0.011609732448754295,17,15,2,-1.392102,-0.4844957000000001,-0.700648055214055,-0.0735948333650534,0.0,0,-39.91508483886719,0.0,298.0,-0.8276503086090092,-1.4661283493041997,-0.5555419921875,-1.3343710899353027,-2.3507711887359615,-1.3048381805419926,-1.947430968284607,-1.350083827972412
4PWX_AB_CD,4PWX,C,16,Y,C,60,D,1.1444566316659752,,H,0.127870786055236,0.1021953990743816,0.025675386980854392,22,22,0,-2.0186360000000003,-1.6473059999999995,0.4205873899113348,-0.02187585796756014,0.0,0,34.99838256835938,2.2,298.0,-2.0095601081848145,-2.387952208518982,-1.4887287616729736,-2.914411783218384,-1.9440925121307369,-1.7630505561828609,-1.6108789443969729,-2.030411720275879
4PWX_AB_CD,4PWX,C,28,R,C,107,N,1.7284574247898898,,H,0.3182612066241613,0.3337609118918395,-0.015499705267678188,17,15,2,-0.40425960000000005,0.23145689999999997,2.332217887580128,0.06720905281007555,0.0,0,-33.419715881347656,-1.0,298.0,-0.11115550994873047,-0.07399177551269576,-0.38204360008239746,-0.5391316413879403,-0.362984418869019,-0.4104404449462895,-0.3171745538711548,-1.0371577739715578
4RS1_A_B,4RS1,A,25,E,B,117,S,1.5019038064968653,,L,0.302611485941984,0.3398346950768933,-0.037223209134909285,20,18,2,1.0454502999999997,0.8553499999999998,-0.8446436649829799,-0.07578950451467492,0.0,0,-15.317367553710938,-2.7,298.0,1.3217831254005432,0.9963991641998291,1.2990252375602722,0.7542887926101685,0.7917418479919434,0.8306543827056885,1.5549424290657043,0.8147674798965454
4RS1_A_B,4RS1,A,28,D,B,147,T,2.5910689357937766,,L,0.0711104725858224,0.0783877357378502,-0.007277263152027799,17,18,-1,3.2130781500000003,3.04963055,-0.3001227360251212,-0.005360533385598304,-0.5,0,13.021377563476564,-2.8,298.0,3.300043076276779,3.3394094705581665,3.172668725252152,3.1015546917915344,3.255388498306274,3.279636651277542,3.2295579314231873,3.026366502046585
4RS1_A_B,4RS1,A,92,D,B,254,R,1.8652904606257341,,H,0.0488856022398117,0.0405566606526799,0.008328941587131801,17,18,-1,-2.01159816,-2.10135975,0.9180605900851656,-0.04466000965771749,-0.16666666666666663,0,-1.9309234619140607,1.0,287.5,-2.0250581800937653,-1.8890490531921387,-1.7658774256706238,-2.5050267577171326,-2.1271074414253235,-1.8560855984687805,-1.403737157583237,-2.5208418965339665
4RS1_A_B,4RS1,A,99,F,B,205,S,3.624700968480194,0.615713967495489,L,0.0611564720017926,0.0646143785234244,-0.003457906521631804,16,17,-1,-1.8235391099999998,-2.2309890599999997,-0.2782571266634406,-0.04871371474621222,0.0,0,-16.211875915527344,3.5999999999999996,298.0,-2.508692190051079,-0.8944476842880252,-2.0599140524864197,-1.7154414951801298,-1.3087523132562637,-1.9703586548566818,-2.959677815437317,-1.1710287034511566
4YEB_A_B,4YEB,B,131,F,B,37,Q,2.4163831684447996,,L,0.01804146003205,0.0159413773170315,0.002100082715018499,23,22,1,0.39246420000000004,0.9601211999999999,-0.47799536123314534,-0.04424387203848559,-0.5,0,0.3128395080566406,6.3,298.0,0.6478462219238286,0.424293994903564,1.3193368911743166,0.3549990653991699,0.04928112030029341,-0.14179658889770508,0.9554648399353027,-0.4697139263153076
4YFD_A_B,4YFD,B,4,W,A,169,R,1.1320943862080435,0.15937440841854456,L,0.0351811283433972,0.0374133197900652,-0.0022321914466680026,23,23,0,2.58186917,2.25355945,-1.121353836403944,-0.04589634568491391,-0.3333333333333333,0,-24.383132934570312,3.6,298.0,1.9358673095703125,1.8711559772491455,1.9613720774650574,2.3104742765426636,2.9557681679725643,3.124287396669388,4.418292462825775,2.077734172344208
4YFD_A_B,4YFD,B,71,K,B,62,F,1.4744243852779593,,L,0.0461024855783216,0.0421219354095514,0.003980550168770199,19,18,1,-0.8948539499999999,-1.56436696,-0.7744996349867309,0.002799539193794498,1.0,0,14.369503021240236,-6.699999999999999,298.0,-1.5876719951629639,0.2569342255592346,-1.370990514755249,-1.294708251953125,-0.970516622066498,-1.274634301662445,0.08679616451263428,-1.0040413737297058
4YH7_A_B,4YH7,A,169,R,B,4,W,1.4376801502421461,,L,0.0411341865257268,0.0635142543542498,-0.022380067828523004,24,22,2,-0.4918895000000001,-0.11483170000000031,0.5667870371169358,0.028361945676781408,-1.0,-1,31.529029846191406,-3.6,298.0,-1.0803277492523193,-1.3712313175201416,-1.1698185205459595,-0.4978337287902832,-0.387714147567749,1.0304827690124512,0.3392152786254883,-0.7978889942169198
4YH7_A_B,4YH7,A,246,Y,B,91,R,1.034133866497952,,E,0.0499602995608007,0.0376069205479438,0.012353379012856894,20,21,-1,2.6216852,1.2003618999999999,0.3114806025568726,-0.04384029818652191,-0.6666666666666666,0,9.905441284179688,3.2,298.0,3.221087098121643,1.2276520729064941,2.500156044960022,2.7206223011016846,3.2178114652633667,1.4631646871566772,2.8063199520111084,3.8166658878326416
4YH7_A_B,4YH7,B,258,D,B,70,E,1.5903631126307443,,H,0.4687075414204418,0.4586884919522176,0.010019049468224184,10,12,-2,0.7194972,0.07537819999999984,0.2862711585499234,0.596194634844312,0.0,0,5.621967315673828,0.0,298.0,-0.12538242340087913,0.4343298673629761,0.573072612285614,1.027482748031616,0.44818496704101607,0.1352778673171997,1.8890782594680786,1.3739327788352966
4ZS6_HL_A,4ZS6,A,156,E,A,159,D,3.0386657301602105,,L,0.0928261369653335,0.04843743472858,0.044388702236753494,19,20,-1,-2.523804,-2.67059915,0.18318011062848094,0.029066041172068513,-0.5,0,-19.817962646484375,0.0,298.0,-2.178555577993393,-2.5578930974006653,-2.651955842971802,-2.7864359021186833,-1.9410779476165771,-2.6121598482131962,-2.7854209542274475,-2.676932454109192
5C6T_HL_A,5C6T,H,99,F,A,193,G,1.4600294695006892,,L,0.0619250988539416,0.0845069064947428,-0.022581807640801192,16,17,-1,-1.9078496,-1.8602346,0.31794048433866656,0.05024197593633434,0.0,0,,3.1999999999999997,298.0,-2.819885730743408,-1.9715730547904968,-2.353967010974884,-2.1881312131881714,-0.05046415328979492,-1.620676875114441,-2.1812483072280884,-2.076850950717926
5C6T_HL_A,5C6T,A,194,E,H,100,F,1.0906715831054934,,L,0.0929939095535083,0.0833447979395894,0.00964911161391889,20,20,0,3.3560136000000003,3.1555683000000005,-0.7313010246080854,-0.05760460059300121,0.0,0,-17.66580200195312,-6.3,298.0,2.968723177909851,3.111150026321411,3.9037542939186096,3.5283841490745544,3.6961507201194763,2.911539852619171,3.5328633785247803,3.1955413222312927
5C6T_HL_A,5C6T,A,199,F,H,32,S,2.758178513868998,-0.8683452699720843,L,0.0066866958734681,0.0159155681023819,-0.0092288722289138,19,19,0,0.4009066,0.13198500000000002,-0.6086726098988133,-0.025170822749099042,-1.0,0,-25.988677978515625,3.5999999999999996,298.0,1.0911939442157745,0.44344580173492454,0.422201931476593,0.5786188244819639,-0.2189086079597472,0.28768545389175415,0.20666170120239258,0.39635312557220465
5F4E_A_B,5F4E,A,139,R,A,137,A,1.4646556504443715,,L,0.0963542679266864,0.105492423020603,-0.009138155093916592,20,21,-1,-0.4876358999999999,-0.8951149000000003,0.16016642026164873,-0.02280260833142339,0.6666666666666666,0,,-6.3,293.0,0.3789374828338623,-0.19643974304199263,-1.049530029296875,-0.9165744781494141,-0.1291794776916504,-0.3398616313934326,-0.8632345199584961,-0.7852027416229248
5F4E_A_B,5F4E,B,26,E,A,130,N,1.4241995776985283,,H,0.106477896579081,0.1497605482029939,-0.0432826516239129,19,17,2,-3.0652268,-3.1947646499999998,1.3002517131918148,-0.0797774582945483,-1.0,0,24.343986511230465,0.0,293.0,-3.776852607727051,-3.18809375166893,-2.9079131186008453,-2.748333156108856,-3.247281312942505,-2.686606705188751,-3.1126888692379,-2.8540466129779816
5F4E_A_B,5F4E,B,43,W,B,58,F,1.0546542005909838,,H,0.0802057593461975,0.0605870747341118,0.019618684612085706,20,18,2,2.1638771,2.1654277,-0.4490785095134093,-0.04428119243648709,0.0,0,10.83908462524414,-3.6999999999999997,293.0,2.7591363191604614,2.0014419555664062,2.064358115196228,2.016200542449951,1.6596814393997192,2.44668972492218,2.5536481142044067,1.8098602294921875
5F4E_A_B,5F4E,B,62,L,B,25,Y,2.9336654109516216,,L,0.0484754270074669,0.0498015087476997,-0.0013260817402328054,23,21,2,0.5203028000000001,0.33669059999999995,-0.5945704347238101,-0.00795474891967149,0.0,0,-2.700145721435547,5.1,293.0,0.28319257497787476,0.4861614704132078,0.2611658275127411,0.8803774714469912,0.8967537879943848,0.7416402399539945,0.23768344521522528,0.37544864416122437
5K39_A_B,5K39,B,148,I,A,134,F,2.1898670998026213,,H,0.0281609799673333,0.026698683728522,0.001462296238811299,24,26,-2,0.77855042,1.07128448,0.8326422935441418,-0.05263960290879441,0.0,0,-2.6128768920898438,1.7000000000000002,318.0,0.8517687767744064,0.7255881428718567,1.1511144340038302,0.8242505788803101,0.8000570237636566,0.3053697943687439,1.1394018232822418,0.4308525323867798
5M2O_A_B,5M2O,A,75,L,A,122,G,1.6808793356196992,,L,0.1663390810623018,0.170293593960521,-0.003954512898219187,22,20,2,-0.002586305000000011,-0.0038611200000000095,0.051408954717610866,-0.007868170437392102,0.0,0,,4.2,308.0,-0.0034035891294478954,-0.0011313483119011064,-0.00511761754751211,-0.0007473751902579984,-0.0023493692278862,-0.0014514103531838018,-0.0031747817993164062,-0.0033149421215056957
5M2O_A_B,5M2O,B,21,V,B,18,S,2.524718411022802,0.04860160977052419,H,0.0,0.0,0.0,28,27,1,0.067654456,0.054986384,0.059826206925125525,-0.002249402414288393,-1.0,0,-10.560287475585938,5.0,308.0,0.08406556397676469,0.07371405512094499,0.03434948623180391,0.08524610102176661,0.048263251781463706,0.09458391368389131,0.0554942712187767,0.0655190870165825
5M2O_A_B,5M2O,B,25,Q,B,61,Q,1.182801156826777,-0.162971634777618,H,0.006772307128998,0.0136086929765737,-0.006836385847575701,25,24,1,1.31046927,0.8193234,0.5959369849761398,0.013439746738266284,0.0,0,-2.448028564453125,0.0,308.0,0.953486829996109,1.4824462234973907,1.0433462113142014,1.5104127526283266,1.5444500744342804,1.1349233388900757,1.3547786027193072,1.4599095880985262
5M2O_A_B,5M2O,B,32,K,A,78,K,1.0988260155473215,,H,0.4926827203930774,0.5085509382189003,-0.015868217825822872,11,11,0,1.2201488,1.20063224,-1.351812940184847,0.1254719451363375,0.0,0,1.3359947204589844,0.0,308.0,1.3124473690986633,0.6682544946670532,0.9619191884994507,0.9552602767944336,1.2083555161952972,1.8040958642959595,0.9541881084442139,1.8966683447360992
5TAR_A_B,5TAR,B,86,E,B,88,W,1.1260183153599006,0.3841487812395772,E,0.0802181766324594,0.1209213076915606,-0.0407031310591012,17,16,1,1.3800349,1.0171911999999999,-0.0817454653918231,0.007880801506064627,0.5,0,20.173023223876953,-2.6,298.0,0.5644280910491943,1.2778453230857847,0.8552042245864868,0.4809331893920896,1.7806832492351532,1.9088183641433716,2.130415976047516,2.041950285434723
5XCO_A_B,5XCO,B,10,S,B,14,V,1.2854344722939772,0.0,H,0.1264738952450308,0.1409561649473188,-0.014482269702287998,12,14,-2,1.21078312,1.2128942999999999,-0.8873413068213273,-0.04864907277463079,0.0,0,9.014381408691406,-5.0,298.0,0.8272667527198792,1.395246371626854,1.1617863774299622,1.5054450929164886,1.52024707198143,1.30520498752594,1.0018017888069153,0.9692664742469788
