complex_id,pdb,hot_chain,hot_resnum,hot_aa,ctl_chain,ctl_resnum,ctl_aa,hot_ddG,ctl_ddG,ss,hot_rsasa,ctl_rsasa,d_rsasa,hot_nbr,ctl_nbr,d_nbr,d_logp,d_logp_unc,d_bfac_z,d_gnm,d_buried_polar,d_unsat_polar,d_chi1_strain,d_hydro,d_T,d_logp_o0,d_logp_o1,d_logp_o2,d_logp_o3,d_logp_o4,d_logp_o5,d_logp_o6,d_logp_o7
1A22_A_B,1A22,A,45,L,A,48,P,1.2239685806665281,0.41047252261649486,H,0.0078746320526072,0.0411661732051074,-0.0332915411525002,19,17,2,-0.79767743,-2.9645105299999996,-1.537741007212235,-0.03834823558711148,0.0,0,-13.981595993041992,5.4,298.0,-1.3659321069717405,-0.008594870567321833,-1.9539223313331604,-0.14768248796463007,-0.9410756230354309,-0.030562728643417303,-0.5967498123645785,-1.336899146437645
1A22_A_B,1A22,A,161,K,A,153,Y,1.7783553349035608,0.34807942940459446,H,0.0484401024687262,0.0157044969044476,0.032735605564278604,25,23,2,0.8250974,0.2477684,-0.022823171591762392,-0.011843376957257706,-1.0,0,8.306121826171875,-2.5999999999999996,298.0,1.003027081489563,0.679821252822876,-0.3257676362991335,1.7315654754638676,1.569670557975769,0.8748294115066528,0.2718605995178218,0.7957720756530757
1A22_A_B,1A22,A,164,T,A,157,K,1.9061753648850552,-0.0523514858914572,H,0.0370104706823938,0.0254298447343707,0.011580625948023098,26,24,2,1.06128103,1.27041725,-0.8920269765089116,-0.019094118952736105,-1.0,0,-6.635742187499999,3.2,298.0,1.3546318411827087,0.9010457992553711,0.7837309837341306,1.1590338349342346,1.088135629892349,1.141556441783905,1.0177277326583862,1.0443851947784422
1A22_A_B,1A22,A,167,R,A,163,E,2.4246162835990783,-0.9096298939368896,H,0.1340808914566766,0.1070444477240689,0.02703644373260769,25,26,-1,1.9236765999999998,1.8571407000000002,0.43907006463712583,0.0222463699360384,0.3333333333333333,0,1.309906005859375,-1.0,298.0,2.1192506551742554,1.4181851148605347,2.5157156586647034,0.8133935928344727,1.830991506576538,2.344722032546997,2.117417871952057,2.2297356128692627
1A22_A_B,1A22,A,171,C,A,25,F,1.0189540212285182,-0.4312531345396917,H,0.1325049166052408,0.1342833389802677,-0.0017784223750269001,21,19,2,3.01999452,3.1407239000000002,0.03320858620865974,-0.004962875062802491,0.0,0,1.0445289611816406,-0.2999999999999998,298.0,2.7397451400756836,3.0874706730246544,3.2194274589419365,2.834029912948608,2.515047311782837,3.708557523787022,3.149323597550392,2.906353771686555
1A22_A_B,1A22,B,11,R,B,174,S,2.115299745535946,0.03384845091440465,L,0.0131872979573719,0.060338991368405,-0.047151693411033105,24,22,2,0.42158059999999997,-1.1417893,-1.4308481091292937,0.005136351399584599,0.6666666666666666,0,5.947372436523441,-3.7,298.0,0.976294994354248,-0.8499166965484619,1.7727394104003906,-1.063706874847412,1.2254778146743774,0.06527590751647949,0.5732548236846924,0.6732258796691892
1A22_A_B,1A22,B,12,E,A,178,C,1.6919638487429767,,L,0.1690911202624688,0.1362761256955667,0.032814994566902095,21,19,2,-1.8399200599999999,-1.4941891999999997,-1.7536937448918861,-0.06095598312160022,0.0,0,3.6881065368652344,-6.0,298.0,-2.183385945856571,-1.2077986001968384,-1.2414528131484985,-2.3455043584108353,-2.4444279596209526,-1.3775168061256413,-1.8505829572677617,-2.0686916708946224
1A22_A_B,1A22,B,60,T,B,30,R,1.4230269375004536,0.5673317649079936,L,0.0217324195363067,0.040346957466585,-0.018614537930278303,22,22,0,0.23597080000000004,0.5957087999999999,-2.199362364658793,-0.042845265173028696,0.33333333333333337,0,-24.724384307861328,3.8,298.0,0.3930611610412602,0.6456196308135986,0.3091474771499634,-0.3455566167831421,0.10310506820678711,1.0096819996833801,-0.6363980770111084,0.4091064929962158
1A22_A_B,1A22,B,62,I,B,123,G,1.607144483940179,,L,0.006143468069833,0.0222649581709797,-0.0161214901011467,25,23,2,-3.9928444199999995,-3.78927295,0.3291732227950134,0.018638403399541592,0.0,0,,4.9,298.0,-4.034533180296421,-3.6129041239619255,-4.287218250334263,-3.9380682334303856,-3.6374724358320236,-3.2660542502999306,-4.3431785851716995,-4.823324434459209
1A22_A_B,1A22,B,63,W,B,61,S,4.681416547066253,-0.18208834128065177,L,0.0217853758949312,0.0267030935523951,-0.004917717657463898,20,21,-1,-0.2273101999999998,-0.3128356000000001,-0.2155433402282051,-0.026578409679190007,1.0,0,-11.697612762451175,-0.09999999999999998,298.0,-0.202470064163208,-0.8127422332763672,0.6374363899230957,-0.22833847999572798,-0.4591867923736572,-0.5156736373901367,-0.6459920406341557,0.4084873199462895
1A22_A_B,1A22,B,65,P,B,83,S,2.964936070743077,0.2258387121583183,L,0.0016721074018139,0.0134475406244215,-0.011775433222607599,22,20,2,1.9306755999999998,2.1583774,-0.6952805753823491,0.0011696523647920787,0.0,0,27.730436325073242,-0.8,298.0,2.138017177581787,1.9712251424789429,1.886036530137062,2.135962188243866,1.2282440960407257,1.2310252189636233,2.3082467913627625,2.546648472547531
1A22_A_B,1A22,B,120,I,A,62,S,2.1534296321485966,0.3971126623944804,L,0.162896623769617,0.1457744761707761,0.017122147598840898,17,17,0,1.9587857,1.3073831,-0.4239605140263849,0.00362921576344849,0.0,0,24.873588562011722,5.3,298.0,2.6105573773384094,1.1489892005920412,1.9020178318023682,2.329663395881653,1.2357118129730225,2.3871535062789917,2.4584262371063232,1.5977680683135986
1A22_A_B,1A22,B,124,W,B,81,C,4.729537319129406,0.0,L,0.0025899575047831,0.015209366119814,-0.0126194086150309,22,22,0,-0.013151000000000024,0.62698134,-0.40466729096381704,-0.0287256955465581,1.0,0,12.621681213378906,-3.4,298.0,-0.6180072948336601,-0.6200205758213998,0.7090254724025726,1.260335922241211,-0.6235498934984207,0.694060206413269,-0.42029841244220745,-0.4867543205618859
1A4Y_A_B,1A4Y,A,263,W,A,291,A,1.170849396491051,,H,0.0099683152668705,0.0369008507996815,-0.026932535532811,26,26,0,-0.4711224999999999,-0.6919072000000002,-0.12002266933439087,-0.0011971338819453947,1.0,0,,-2.7,298.0,-0.968671560287476,-0.5895516872406006,-0.6509132385253902,0.003025054931639737,-0.3602392673492436,-0.060991525650024414,-1.0864243507385254,-0.055210828781127486
1A4Y_A_B,1A4Y,A,318,W,B,40,K,1.5000732434540465,,L,0.0206164068933458,0.0089497545082013,0.011666652385144501,25,26,-1,-0.3037334999999999,-0.44438259999999996,0.38428324602548214,-0.1760704004912807,-1.0,0,26.948375701904297,3.0,298.0,-1.4548259973526,-0.6375377178192143,0.7211047410964966,-1.3964693546295166,0.10941410064697266,-0.15601789951324463,0.4231538772583008,-0.03868842124938965
1A4Y_A_B,1A4Y,A,375,W,B,117,Q,1.0348984717336767,,L,0.0148977266780777,0.0124237492714951,0.0024739774065825997,24,22,2,0.12908989999999987,-0.12455959999999999,-0.23420375483768685,-0.1358282339024957,0.0,0,-4.29755783081055,2.6,298.0,0.5597770214080806,0.2861642837524414,-1.7886018753051758,0.8926362991333012,0.14416146278381348,0.49138760566711426,-0.9774808883666988,1.4246735572814941
1A4Y_A_B,1A4Y,A,434,Y,B,38,P,3.2605541973048746,,H,0.0336793282398424,0.0487711851066485,-0.0150918568668061,21,21,0,-2.421579595,-1.85044709,-1.0652574603145086,-0.09374285737207738,0.0,0,-10.577186584472656,0.30000000000000004,298.0,-1.9648262783885002,-2.4651883989572525,-2.6214834824204445,-2.592874698340893,-2.190470665693283,-2.8718081936240196,-2.210653133690357,-2.4553316310048103
1A4Y_A_B,1A4Y,A,435,D,A,406,N,3.4839828127111745,,H,0.1230589383999891,0.1152845100153886,0.007774428384600504,22,24,-2,-0.37734440000000014,-0.5720988,-0.18212583036538899,0.008514110587709678,0.5,0,9.336570739746092,0.0,298.0,-0.5995752811431876,0.03090381622314453,-0.48621296882629306,-1.1279311180114742,0.4981410503387451,-1.4452955722808838,-0.1463167667388916,0.2575323581695552
1AHW_AB_C,1AHW,C,145,Y,B,59,I,3.8053425216717396,,E,0.0163023752781492,0.0111679040838254,0.005134471194323798,22,22,0,0.6720081,1.4163480999999998,0.7211413473875047,0.0364048341710827,1.0,0,-10.902854919433594,-5.8,298.0,1.4863165616989136,-0.47590625286102295,0.4482322931289673,0.8081686496734619,1.5840882062911992,-0.09498679637908936,0.7456638813018799,0.8744852542877193
1AHW_AB_C,1AHW,C,159,T,B,33,Y,1.1057706448311257,,E,0.0394974398220036,0.0423690718618651,-0.002871632039861502,22,24,-2,3.00828717,3.05791102,0.5087689424562142,0.0614806939792546,-1.0,0,9.21999359130859,0.6000000000000001,298.0,2.2217432856559753,3.1822715401649475,3.772907644510269,3.2163091897964478,3.151895672082901,2.5359975397586823,3.0429414212703705,2.9422298967838287
1AHW_AB_C,1AHW,C,186,T,A,1,D,1.345881678138192,,L,0.5884115707496431,0.6378769007131782,-0.04946532996353503,14,12,2,0.6692483999999999,0.7988767000000003,-1.526749907645982,-0.13718802907129468,0.0,0,-27.15157699584961,2.8,298.0,0.9860494136810303,0.8902179002761841,0.4296165704727173,1.0279284715652464,0.7490154504776001,0.49779391288757324,0.22024714946746826,0.5531190633773804
1AK4_A_D,1AK4,D,85,P,D,95,Q,1.0852303196520656,,L,0.467264625701016,0.4866558360701683,-0.019391210369152312,14,12,2,1.69079924,1.57828612,-2.3734732632598297,-0.1867414334186642,0.0,0,22.017534255981445,1.9,298.0,1.7858907878398893,1.5303343087434769,1.938425987958908,1.5580995380878448,1.5554330497980118,1.8103979527950287,1.6730684936046598,1.674743264913559
1AK4_A_D,1AK4,D,90,P,A,72,G,2.1720377019480512,,L,0.0033900605813945,0.014453876826291,-0.0110638162448965,21,20,1,-0.50430589,-0.51344841,0.16883767447647202,0.11558598325124683,0.0,0,,-1.2000000000000002,298.0,-0.4699804782867432,-0.518045336008072,-0.3236895874142647,-0.29671374708414083,-0.7849459946155548,-0.3038749247789383,-0.7886882796883583,-0.5485084876418114
1AO7_ABC_DE,1AO7,A,65,R,E,96,A,3.130316345563444,,H,0.2714152030950879,0.2572271141810967,0.014188088913991148,19,20,-1,0.2937927,0.5369839999999999,-0.125276170414941,0.056570987522628596,0.3333333333333333,0,,-6.3,298.0,1.2701970338821411,-0.32671475410461426,0.9131784439086914,-0.31815457344055176,0.5182857513427734,1.3467513918876648,-0.6271078586578369,-0.4260940551757817
1AO7_ABC_DE,1AO7,A,66,K,A,155,Q,2.9335391804775357,0.3048959920992254,H,0.0198945610741784,0.0429774222316814,-0.023082861157502996,26,24,2,0.42295820000000006,1.2390743,-0.803667654012847,0.0003585381584891856,0.0,0,-33.88408660888672,-0.3999999999999999,298.0,0.07396221160888694,0.7372040748596191,0.9059638977050786,-0.5628559589385986,0.7541711330413814,0.4273437261581421,0.27134978771209717,0.776526689529419
1AO7_ABC_DE,1AO7,A,166,E,A,72,Q,2.0273056316710423,0.18687245978083727,H,0.205784131794999,0.222726210119998,-0.016942078324999,17,19,-2,0.22353220000000018,-0.1727650999999999,0.7291362899814614,0.010123507557254996,0.0,0,11.676345825195312,0.0,298.0,0.40227341651916504,0.2690920829772949,0.9613097906112669,-0.02064347267150879,0.2632784843444824,-0.31604480743408203,-0.09675741195678667,0.3257482051849361
1AO7_ABC_DE,1AO7,A,167,W,A,150,A,1.3125764094516374,,H,0.0496988022781582,0.0287366956822372,0.020962106595920998,18,18,0,-1.67721827,-0.5617536000000001,-0.2663072492217776,0.011582224954208714,0.0,0,,-2.7,298.0,-1.5598430633544926,-1.550406575202942,-1.5137948989868169,-1.9715825915336609,-2.222267508506775,-1.6636082530021667,-1.8569085597991941,-1.0793355703353882
1AO7_ABC_DE,1AO7,C,5,Y,C,4,G,1.6312197716435202,,L,0.0274530586142813,0.0054250837084468,0.022027974905834496,28,27,1,-2.20844444,-2.3475421,-0.03745139139450848,-0.022837852444012596,1.0,0,,-0.9,298.0,-0.7903653383255007,-2.560251772403717,-2.598725527524948,-2.7719484120607376,-2.004481196403504,-2.195867970585823,-2.493096888065338,-2.2528195977211
1AO7_ABC_DE,1AO7,D,92,T,D,30,Q,1.9457840009431795,,L,0.0667629801208311,0.0778851349232763,-0.011122154802445203,25,27,-2,0.25684530000000017,0.7681735000000001,0.002977245596887168,-0.036174487968948316,-0.5,0,-13.896278381347656,2.8,298.0,0.44995856285095215,0.4482859373092649,0.6004991531372073,0.5720785856246948,-0.06950211524963401,0.4741581678390505,0.2625809907913208,-0.6832970380783085
1AO7_ABC_DE,1AO7,D,95,W,A,158,A,2.2234744601442626,,H,0.158827828180256,0.1261628058697134,0.03266502231054261,22,23,-1,-3.5439990999999997,-3.2802639,-0.28871441227146033,0.042099958888355604,1.0,1,,-2.7,298.0,-3.5969284176826477,-3.388745665550232,-4.250496864318848,-3.7231910824775696,-3.367523193359375,-3.2258179783821106,-3.469501793384552,-3.3297870755195618
1AO7_ABC_DE,1AO7,E,28,E,D,50,Y,2.021243631750095,0.4909193716462022,L,0.211203053689054,0.1890489071888615,0.022154146500192512,23,21,2,2.4496269999999996,2.2989445,0.684927140635602,-0.048926207471765015,0.0,0,-22.524723052978516,-2.2,298.0,2.5561535358428955,1.6487741470336923,3.4141429662704468,2.230224609375,2.8101699352264404,2.5033063888549805,1.8670034408569331,2.567241072654724
1AO7_ABC_DE,1AO7,E,100,P,D,96,G,1.1536409190313672,,L,0.0047702039434808,0.0039807057145073,0.0007894982289735003,24,23,1,0.12938929999999998,0.46723035999999996,-0.06763800875582004,-0.04394450263929642,0.0,0,,-1.2000000000000002,298.0,0.014970481395721436,-0.04966789484024042,0.3175247758626938,0.2563531994819641,-0.1230013370513916,0.10146152973175049,0.1477707028388977,0.3697032183408737
1BD2_ABC_DE,1BD2,A,65,R,E,95,G,2.498113857024653,,H,0.0872865687998944,0.0901539199674667,-0.0028673511675723073,22,24,-2,1.8036879999999997,2.8024766999999997,-0.2941920969677545,0.05842866891272369,0.3333333333333333,0,,-4.1,298.0,1.4339739084243774,0.6421108245849609,1.518894910812378,1.2629419565200806,2.561768412590027,2.0268818140029907,2.365461707115174,2.617471933364868
1BD2_ABC_DE,1BD2,C,5,Y,D,94,G,3.340519887578047,,L,0.0186972200413689,0.0092198097016632,0.009477410339705698,25,25,0,-1.719538265,-1.67135081,-0.8221748775917948,-0.0005010505166312129,1.0,0,,-0.9,298.0,-2.227267414331436,-1.490998402237892,-1.6093513071537018,-1.6692248284816742,-1.8040419965982435,-1.5075820162892344,-1.7410403564572334,-1.7067995518445969
1BD2_ABC_DE,1BD2,C,8,Y,E,48,V,2.7591382979896313,,L,0.1560099559979387,0.19488169207615,-0.03887173607821129,20,22,-2,-0.2186507999999998,-0.08866970000000007,1.1000193340915323,0.004079694737645995,0.0,0,-3.5167694091796875,-5.5,298.0,-0.08432173728942916,-0.6368131637573242,-0.381022691726685,-0.20417714118957475,-0.07793951034545898,-0.19545245170593262,0.10958003997802734,-0.2790606021881099
1BD2_ABC_DE,1BD2,D,93,E,C,7,V,1.3151015588177941,,L,0.0010460071581796,0.0426000023722087,-0.041553995214029096,22,23,-1,-0.8938656,-1.4981463000000002,0.29129720940131043,-0.0424092821347144,1.0,0,-9.251708984375,-7.7,298.0,-1.8133782148361206,-0.45755958557128906,-1.4825021028518681,-0.7359938621520996,0.3666098117828369,-1.9726366996765141,-0.5314922332763672,-0.5239691734313965
1BJ1_HL_VW,1BJ1,H,99,Y,H,33,G,4.438760044581662,,L,0.0,0.0,0.0,26,25,1,-0.7815963000000001,-0.7908740000000001,-0.03943996912644554,-0.003557639934996387,1.0,0,,-0.9,298.0,-0.7967007160186768,-2.034741163253784,-1.6122465133666992,-0.08648872375488281,-0.02586817741394043,0.33298826217651367,-2.132630467414856,0.10291719436645508
1BP3_A_B,1BP3,A,25,F,A,22,Q,1.149772913128874,,H,0.2029713157888814,0.2202496299068094,-0.017278314117928018,17,16,1,-1.1629646,-1.5282395000000002,0.524991942236452,-0.0116461412269723,-0.5,0,-20.254241943359375,6.3,298.0,-1.2015810012817383,-1.2929952144622803,-1.0132129192352295,-0.9000165462493901,-1.2191720008850098,-1.0902094841003418,-0.5647964477539062,-2.0217320919036865
1BP3_A_B,1BP3,A,163,R,A,45,L,3.0235816057435683,,H,0.0858956545561867,0.0751745778382755,0.010721076717911199,22,20,2,-0.33531920000000004,-0.16966360000000003,-1.9484421172348876,-0.075441423848289,0.0,0,-15.3006591796875,-8.3,298.0,-0.4300437569618225,-0.6598524451255798,-1.0599704384803772,0.36896413564682007,0.3046572208404541,-1.1304511427879333,0.2895074486732483,-0.3653653860092163
1BP3_A_B,1BP3,A,164,K,A,170,E,1.7273797417394183,,H,0.1234078409982252,0.0986683338313079,0.024739507166917307,22,21,1,1.3896929000000002,1.5274204,-0.06747740722196749,0.028520138400338985,0.0,0,12.580459594726562,-0.3999999999999999,298.0,1.5667015314102173,1.151598572731018,1.6728252172470093,1.187651872634888,1.4001258611679073,1.773366332054138,1.7258657217025757,0.6394079923629761
1BP3_A_B,1BP3,A,168,K,A,167,D,2.6052649284296265,0.06775228519782786,H,0.0465510172035705,0.0210637611169719,0.0254872560865986,23,21,2,0.0788681,0.6331232999999998,-0.07912357469837994,-0.005242345005248089,-0.5,0,-5.490974426269531,-0.3999999999999999,298.0,0.3263034820556643,-0.18642711639404252,0.23466169834136963,-0.2589350938796997,0.177088260650635,0.33223843574523926,-0.38811004161834717,0.39412546157836914
1BP3_A_B,1BP3,A,174,R,A,178,C,1.149772913128874,,H,0.063554336943162,0.0621625356171412,0.0013918013260207987,22,21,1,-1.44396902,-1.4103148699999997,-0.5642121600656131,-0.010124196632291,0.6666666666666666,0,-14.511970520019531,-7.0,298.0,-0.83756360411644,-0.8883836269378662,-1.3406407982110977,-2.220153257250786,-0.920993447303772,-1.7054760009050365,-1.4097939133644104,-2.2287479266524315
1BRS_A_D,1BRS,A,57,R,D,44,W,5.034875937532767,,H,0.1845633369240203,0.180474769164742,0.004088567759278294,17,18,-1,-0.7640939,-1.7361624,0.1307496679357053,0.0710748271947455,0.0,0,2.4459190368652344,-3.6,298.0,-0.7466154098510738,-2.0933855772018433,-1.096116304397583,-0.8763575553894045,-1.9049226045608525,0.23759186267852783,0.3911132216453552,-0.024059057235717773
1BRS_A_D,1BRS,D,29,Y,A,36,S,3.468989944238368,,H,0.2503665579996342,0.2650051863914823,-0.014638628391848096,14,13,1,-0.49726290000000006,0.3349873000000001,-1.5373918069944832,-0.001367938294296378,0.0,0,-10.254444122314453,-0.5,298.0,-0.009766817092895508,-0.9478053450584412,-0.3515143394470215,-0.687531054019928,-0.14760327339172385,-0.14283430576324463,-0.7208971977233887,-0.9701510071754456
1BRS_A_D,1BRS,D,35,D,A,101,Y,4.284483280821702,,H,0.0201473758816427,0.0004451769706223,0.0197021989110204,25,26,-1,0.67493304,1.4947588,-0.011405550955405186,-0.0013230265227076043,0.0,0,-17.71544647216797,-2.2,298.0,0.07114122807979581,1.1772359609603882,0.1336112022399902,1.3690364211797712,0.38924686610698706,0.006533384323120089,1.2961044907569887,0.956554651260376
1BRS_A_D,1BRS,D,39,D,D,36,A,6.7900142682369005,,H,0.0157086734980167,0.0,0.0157086734980167,27,26,1,-0.10462189999999993,-1.1735509999999998,0.030049485086977468,0.0606936793848869,0.5,0,,-5.3,298.0,-0.4259873628616333,0.7581115067005157,-1.0311266779899597,0.23569762706756592,-0.2782605290412903,-0.2952931523323059,0.20124268531799316,-0.0013588666915893555
1BRS_A_D,1BRS,D,42,T,A,35,A,1.856797887314728,,H,0.1786001533011696,0.1529016527255147,0.025698500575654898,20,22,-2,1.9361074,1.6108473999999997,-1.1038461522899383,0.03259862118777371,1.0,0,,-2.5,298.0,2.140955090522766,1.7448792457580566,1.9546566009521484,2.0629769563674927,1.8507308959960938,1.8756104707717896,1.5408040285110474,2.318245053291321
1BRS_A_D,1BRS,D,74,E,A,58,E,1.0933720719856777,0.09445126051006758,H,0.2668907257863038,0.3033613552900482,-0.03647062950374441,14,15,-1,0.5302135999999997,0.5085730999999998,1.6113048746384493,0.022108255824440592,0.0,0,6.018428802490234,0.0,298.0,1.2111201286315918,0.4463357925415039,0.6758072376251218,1.102325797080994,1.1126935482025144,0.09490704536437944,-0.43421268463134766,0.032733917236328125
1C1Y_A_B,1C1Y,B,5,R,A,36,I,1.9061753648850552,,L,0.321566279483636,0.2851650914283743,0.03640118805526166,16,16,0,-1.5504653,-2.0361373,-0.3042582116419139,0.007670339220125305,0.0,0,1.2447547912597656,-9.0,298.0,-2.0423432588577275,-1.3526269793510437,-2.0814760327339177,-1.444676637649536,-0.8677013516426086,-1.5241044163703918,-1.156010031700134,-1.934784173965454
1C1Y_A_B,1C1Y,B,13,R,A,29,V,1.4548461832557849,,L,0.2577716409595119,0.2855151507261065,-0.02774350976659462,17,19,-2,-1.0218817000000002,-0.7801913999999996,-1.3533340505915732,-0.15293322416374192,0.0,0,19.508872985839844,-8.7,298.0,-0.030749320983887163,-0.7000653743743896,-1.9524402618408203,-0.8931958675384526,-2.166935443878174,-1.3736119270324711,-0.17937088012695312,-0.8786840438842769
1C1Y_A_B,1C1Y,B,14,T,A,40,Y,1.4548461832557849,,E,0.0139042195037386,0.03266886589919,-0.018764646395451397,24,25,-1,-0.2685972000000001,-0.46276470000000014,-0.627075402842632,-0.029334562451301394,0.0,0,5.976882934570313,0.6000000000000001,298.0,0.39056241512298584,-1.0077789425849915,-0.18481040000915505,-0.12088096141815141,-0.7844448089599609,-1.2841049432754517,1.2115910053253176,-0.3689116239547727
1C1Y_A_B,1C1Y,B,15,V,A,41,R,1.1234491717519564,,L,0.0740126550791518,0.0842501163023349,-0.010237461223183086,17,16,1,0.9663831,0.8406403,-1.5928215470654772,-0.002501849301730308,0.0,0,-14.1776123046875,8.7,298.0,0.9496955275535586,1.0788710713386536,1.13433438539505,1.4576538801193242,0.08805978298187256,0.9521744251251223,1.2831737399101257,0.7871025800704956
1C4Z_ABC_D,1C4Z,A,139,L,D,3,R,1.2164246993766785,0.4669139408787877,H,0.0207546149660926,0.0147606766267954,0.005993938339297199,17,17,0,1.6197493,1.6856494,-2.239163090578629,-0.12436081904481255,-1.0,0,36.50999450683594,8.3,298.0,1.15530002117157,1.5924197435379026,1.6663334965705872,2.264665126800537,1.0038858652114868,1.9464297890663147,1.531660556793213,1.797299861907959
1C4Z_ABC_D,1C4Z,A,149,Y,A,172,P,1.2878589861117773,,L,0.2099483737245676,0.1970331619832081,0.012915211741359484,17,17,0,0.40784632000000004,0.5213089,-2.666712493701171,-0.08604207587046458,0.0,0,-5.1195983886718714,0.30000000000000004,298.0,0.5294868648052216,-0.008667826652526855,0.7220481336116791,0.1240239143371582,0.19701555371284485,0.9352466464042664,-0.04795515537261963,0.8115728497505188
1C4Z_ABC_D,1C4Z,A,157,M,A,142,S,1.92940134851214,0.41047252261649486,H,0.0079171541829569,0.0088480162845693,-0.0009308621016124001,24,25,-1,-1.8738777000000002,-2.0603541,1.0257909240256409,0.0768673613432358,-1.0,0,15.639274597167969,2.7,298.0,-2.730377197265625,-2.1470476388931274,-1.563934326171875,-2.0546637773513794,-1.671217679977417,-2.1147900819778442,-0.8998880386352537,-1.8091039657592776
1C4Z_ABC_D,1C4Z,D,59,P,D,94,P,1.4091355079446504,0.8498379302178514,H,0.019483672270849,0.0274291921379711,-0.007945519867122101,24,22,2,0.21316074,0.057661500000000004,-0.3010969453430598,0.09534714785116027,0.0,0,25.480973720550537,0.0,298.0,0.2513094693422318,0.1069919317960739,0.0747922211885452,0.042963378131389604,0.0784945487976074,0.1912719681859016,0.566650427877903,0.39281206578016287
1C4Z_ABC_D,1C4Z,D,60,F,D,56,A,3.012806746310739,,H,0.0380178293349029,0.0255722799051843,0.012445549429718601,22,20,2,0.7059607,0.73766444,-1.3193649259965847,-0.05994820398890055,0.0,0,,0.9999999999999998,298.0,0.24312162399292003,1.4145312905311587,0.40878766775131226,0.9142528772354126,1.0303579568862917,0.08161419630050659,1.16476172208786,0.39025819301605225
1C4Z_ABC_D,1C4Z,D,93,K,D,89,A,1.1351760237231796,,L,0.3700793268398398,0.4037508972464161,-0.03367157040657631,14,12,2,1.6099900999999999,1.2777884,-0.25624524266784693,-0.034781200676795465,0.0,0,,-5.7,298.0,1.3790315389633179,1.950825095176697,1.6603748798370361,2.0056563019752502,1.3460083007812498,1.6428724527359009,1.0631494522094727,1.8320016264915466
1C4Z_ABC_D,1C4Z,D,97,K,D,28,N,1.3011671118471222,-0.17831042305884584,L,0.2855312774237972,0.3080152546828317,-0.022483977259034504,14,13,1,0.4133608000000002,0.3150453999999998,-1.3263936121190154,-0.1452804618080743,0.0,0,,-0.3999999999999999,298.0,0.5188413858413694,-0.22185325622558594,0.4477252960205078,0.4567127227783201,0.6604704856872559,0.5946438312530518,0.7697112560272217,0.0806336402893062
1CBW_FGH_I,1CBW,I,15,K,H,66,S,1.9938671459391348,,L,0.0174323373470069,0.0093546559728361,0.008077681374170802,35,33,2,-0.5046743,-0.5693640000000001,-0.39611098781608334,0.003042012144759909,0.0,0,-27.468517303466797,-3.0999999999999996,295.0,-0.12799179553985573,-0.2976369857788086,-1.4345715045928953,-1.0010271668434143,-0.06821417808532715,-1.0601075887680054,-0.10825192928314209,0.06040596961975098
1CHO_EFG_I,1CHO,I,15,L,G,65,V,4.781940745378809,,L,0.0083466420367937,0.0036050305840382,0.0047416114527554995,35,35,0,-0.05517720999999998,-0.0925147,0.22324502949335867,0.01767952237499361,0.0,0,11.686168670654297,-0.40000000000000036,294.0,0.20862872898578647,-0.0223352313041687,-0.024991512298583984,-0.017948701977729825,-0.038471430540084894,-0.26275244355201727,-0.12976953387260437,-0.15377750992774958
1CHO_EFG_I,1CHO,I,17,Y,F,128,L,2.5081987404267805,,L,0.0734639621561867,0.0643779719916967,0.009085990164489993,25,24,1,1.7699612999999998,0.8192529,-0.20085025555247815,0.014020139414361796,0.0,0,-4.652168273925781,-5.1,294.0,0.08740735054016135,2.7307451963424683,0.9686118364334104,2.755035161972046,1.7526267766952515,1.3985680937767029,1.5638445019721985,2.902852416038513
1DAN_HL_UT,1DAN,U,20,Q,L,72,C,1.3048798931173866,,L,0.0625592758692454,0.0635137952348842,-0.0009545193656387979,24,25,-1,-0.650315445,-0.76396193,-0.1483536530974024,-0.01846338276814552,0.5,0,-7.30975341796875,-6.0,298.0,-0.29393698275089275,-1.0867975652217865,-0.721430703997612,-0.46011465787887584,-0.5881689339876176,-1.0847807228565216,-0.45665144920349127,-0.51064220815897
1DAN_HL_UT,1DAN,U,50,F,U,110,D,1.747820382375819,,L,0.2077553514303964,0.2024769383780544,0.005278413052342001,18,19,-1,3.0182981,2.1444402,-0.17742345437734797,0.01881650540047808,0.0,0,0.2551078796386719,6.3,298.0,3.2247233390808105,3.2254831790924072,2.179570198059082,3.818708300590515,2.368963360786438,2.253801107406616,3.6088699102401733,3.4662680625915527
1DAN_HL_UT,1DAN,T,15,K,L,77,E,2.512129950976637,,E,0.0614803207381522,0.0774545914407534,-0.015974270702601198,25,25,0,2.8699883,2.72962065,-0.9732531432773683,-0.003911156759482004,0.0,0,-4.702144622802734,-0.3999999999999999,298.0,3.084144800901413,2.3729662895202637,3.3842352330684657,3.0623166263103485,2.4504496455192566,3.0949634909629817,2.7381792068481445,2.772649109363556
1DAN_HL_UT,1DAN,T,39,D,U,1,E,1.4348348383549392,,L,0.4386364914369818,0.4838264669225566,-0.045189975485574796,14,12,2,0.06767529999999994,0.2595484,-0.5865130784487298,-0.5669807369814421,0.0,0,-11.775135040283203,0.0,298.0,0.3496082574129105,0.08002340793609619,-0.04901528358459467,0.039867520332336426,0.22437334060668945,-0.22301462292671204,0.047797441482543945,0.07176220417022705
1DAN_HL_UT,1DAN,T,40,W,H,125,R,1.9648730043637075,0.7436646564351227,L,0.1286560323412982,0.1379385572600363,-0.0092825249187381,18,18,0,0.61275689,0.7963433,-0.15905850836201396,0.0030076273741797,-0.3333333333333333,0,-8.556785583496094,3.6,304.0,0.6325095593929291,0.22339694201946259,0.5298573076725006,0.8229583352804186,0.648963488638401,0.6125278621912003,0.7264789938926697,0.7053624540567399
1DAN_HL_UT,1DAN,T,53,D,U,43,L,1.9886060502579328,-0.027548533277431158,L,0.0510043147057082,0.0468876787671629,0.004116635938545304,26,25,1,2.96601941,3.5986348599999998,-0.23191500171868518,-0.021826407524347308,0.5,0,-24.716781616210938,-7.3,298.0,2.5340709611773495,2.720247887074948,3.3529470190405846,2.399581454694271,2.6228835731744766,3.6749611943960185,3.524627313017845,2.8988355472683907
1DAN_HL_UT,1DAN,T,71,F,T,30,T,1.1494361339573633,,E,0.0068491439729495,0.0153855531977027,-0.0085364092247532,21,20,1,-2.06896652,-3.1746168999999997,0.369936031947536,0.03200348928594249,-1.0,0,7.082832336425783,3.5,310.0,-2.4409299045801167,-3.034849673509598,-2.2967957854270935,-2.176581025123596,-2.132516026496887,-1.7985417246818542,-1.340413048863411,-1.331104353070259
1DQJ_AB_C,1DQJ,A,31,N,C,15,H,2.013433278986382,,H,0.0787574929165685,0.0814289551425882,-0.0026714622260197024,23,24,-1,2.4550891000000004,2.9746294,-0.11093001841101169,-0.047067035262791185,0.0,0,-7.521911621093748,-0.2999999999999998,298.0,2.2647733092308044,3.073818266391754,2.9523311853408813,1.9685938358306885,2.7179293632507324,1.8345922231674197,2.906121075153351,1.922554850578308
1DQJ_AB_C,1DQJ,A,91,S,A,92,N,1.4318879316322246,,L,0.0388893883806874,0.0119546193474188,0.0269347690332686,24,22,2,0.3089633000000003,0.8753602999999996,-0.3618730233647939,-0.006242821628920092,0.5,0,-6.022037506103516,2.7,298.0,0.6997122764587402,-0.2621841430664067,0.04619479179382324,0.9481923580169673,0.5777254104614258,-0.008557558059692383,0.20754814147949174,0.26307463645935014
1DQJ_AB_C,1DQJ,B,33,Y,B,31,S,5.524463545779319,,L,0.0,0.0496682806912594,-0.0496682806912594,18,16,2,-1.3963574000000003,-2.0714743,-1.537181646001656,-0.009279004388315193,1.0,0,0.4009590148925781,-0.5,298.0,-1.5467979907989498,-1.715946078300476,-1.9776545763015747,-0.14664816856384277,-0.4329011440277104,-2.0996569395065308,-1.8930735588073728,-1.3581805229187012
1DQJ_AB_C,1DQJ,B,53,Y,C,93,N,1.1802777666692967,0.6498730739273596,H,0.1550289958977429,0.1250242550758569,0.030004740821886006,22,21,1,0.9785501999999999,0.858304,1.1442458280360421,-0.09335061816117288,0.0,0,16.295570373535156,2.2,298.0,0.4841535091400151,1.7018688917160034,1.5834274291992192,-0.32090187072753906,-0.2951558828353886,1.679072022438049,1.6058558225631714,1.3900814056396489
1DQJ_AB_C,1DQJ,B,98,W,A,30,S,4.931524166897857,,H,0.1130582634395317,0.1118516748897034,0.0012065885498282886,21,23,-2,-0.4212112000000001,-0.4087143000000002,-0.31752808013069256,-0.027040447991253713,1.0,0,-0.6361351013183598,-0.09999999999999998,298.0,-0.9651985168457036,0.19581007957458496,-0.3004457950592041,-0.8589341640472412,-0.2371470928192143,-0.18390536308288574,-0.8033576011657715,-0.21651124954223633
1DQJ_AB_C,1DQJ,C,75,L,C,16,G,1.4524066878479487,,H,0.0,0.0,0.0,25,23,2,-0.3855126,-0.528904006,0.6579509515723517,0.04755987808227269,0.0,0,,4.2,298.0,-0.30367663502693176,-0.5596988201141359,-0.5520913898944856,-0.2028468400239944,-0.339556872844696,-0.34246300160884857,-0.5242387875914574,-0.2595283910632134
1DQJ_AB_C,1DQJ,C,96,K,C,100,S,6.1558185724269645,0.7755827208329521,H,0.0,0.0,0.0,20,20,0,0.47313824000000004,0.5540902999999999,-0.38066146277307444,-0.006133724495142823,0.0,0,0.4440841674804705,-3.0999999999999996,298.0,0.4242952167987824,0.545189142227173,0.42689231038093567,0.6074756309390069,0.33787187933921825,0.5714568495750427,0.6381773203611374,0.23374730348587036
1DQJ_AB_C,1DQJ,C,101,D,B,52,S,1.37655011987778,,L,0.0004920960933011,0.0,0.0004920960933011,20,20,0,1.4112661,0.7290888,0.6629858550928143,0.02951469339768492,0.0,0,-1.2744140625,-2.7,298.0,1.6094031035900116,0.8116989135742186,1.8752829730510712,1.7867223024368286,1.185425877571106,1.7399272322654724,1.5701367259025574,0.7115308046340942
1DVF_AB_CD,1DVF,A,30,H,D,54,A,1.6493819136772232,,H,0.2900847586302628,0.2877550895143983,0.0023296691158644633,19,17,2,-2.9065092999999997,-0.9530828,0.3892633340861663,-0.020830345628621516,0.0,0,,-5.0,298.0,-4.763314962387085,-4.243176341056824,-1.5785812139511108,-1.4729506969451904,-4.733383655548096,-0.6134099960327148,-4.262075781822205,-1.5851792097091675
1DVF_AB_CD,1DVF,A,32,Y,A,92,W,2.030369068345176,0.34072297861885736,L,0.0751064196457171,0.1126349330334666,-0.0375285133877495,20,18,2,2.0455453,-0.4892995,0.23254061553585248,-0.04594202544372139,0.0,0,4.5742340087890625,-0.4,298.0,0.6995086669921875,2.876056671142578,1.1635112762451172,1.9273638725280762,0.7743935585021973,4.067338228225708,0.6617803573608398,4.194406270980835
1DVF_AB_CD,1DVF,A,93,S,B,31,G,1.162438598681201,,L,0.2003881898091644,0.2198047314164759,-0.019416541607311516,18,17,1,-1.0206164999999996,2.2012717000000004,0.6920126602306427,0.1791694988266854,0.0,0,,-0.4,298.0,2.0726863145828247,-1.5733380317687984,-1.845386028289795,-1.4172520637512211,-1.5520343780517578,-1.3226070404052734,-1.69315767288208,-0.8338408470153804
1DVF_AB_CD,1DVF,B,32,Y,C,32,Y,1.831470254957875,,L,0.1219763144622466,0.0850816205322439,0.036894693930002706,23,23,0,-2.3410908,-1.7514257,0.26363964886609914,-0.03325574743371229,0.0,0,-6.370433807373047,0.0,298.0,-1.950959324836731,-3.2302727699279785,-2.428626775741577,-1.7464807033538827,-2.017940044403076,-1.6831543445587158,-3.568753242492676,-2.1025383472442627
1DVF_AB_CD,1DVF,B,52,W,D,103,Y,4.132997661299389,,L,0.0318788140943579,0.0564902426203385,-0.024611428525980597,23,25,-2,-0.07222294000000007,-0.12019581000000001,-0.011344599170191039,-0.026210077432306494,1.0,0,-3.1234169006347656,0.4,298.0,-0.6993435025215149,0.18502873182296758,0.15345555543899536,0.3692532181739807,-0.1560158133506775,-0.024712622165679876,-0.6664016842842102,0.2609526515007019
1DVF_AB_CD,1DVF,B,58,D,A,53,T,1.600004436106896,,E,0.1158832596206211,0.161144383135259,-0.0452611235146379,19,18,1,-0.5497702000000002,-0.5361738000000003,-1.1235768331837412,-0.0931417150744423,0.0,0,0.5935440063476562,-2.8,298.0,-0.43041038513183594,-0.5565416812896729,-0.2099618911743164,-0.6930310726165771,-0.6872258186340332,-0.4749584197998047,-0.4337334632873533,-0.9122998714447021
1DVF_AB_CD,1DVF,B,99,R,D,59,Q,1.8746446729873085,,E,0.1777802366480308,0.1827175069394109,-0.004937270291380108,19,17,2,0.11558959999999985,0.03464529999999977,-0.011915008695628199,-0.07497259868710279,0.0,0,0.1308212280273473,-1.0,298.0,0.5001163482666016,0.06747865676879883,0.3833048343658447,-0.33345890045166016,-0.18616008758544966,-0.0362706184387207,0.12029218673706055,0.4094110727310174
1DVF_AB_CD,1DVF,B,100,D,A,50,Y,2.7895135033299456,0.6877734126771439,H,0.2244964353098937,0.2493216026679388,-0.024825167358045103,19,18,1,1.6063838000000001,2.2532776,-0.7636106503343078,0.12280462674157178,0.0,0,-11.149765014648438,-2.2,298.0,1.1679279804229736,1.0689315795898438,1.4547193050384521,1.2822413444519047,1.9334721565246578,1.803743839263916,2.333761692047119,1.806272268295288
1DVF_AB_CD,1DVF,D,55,N,B,30,T,1.8606000619994276,0.9075123795568999,H,0.2570886212066997,0.2697350916846103,-0.01264647047791062,15,15,0,0.5483974000000001,0.19212434,0.5088265734908373,0.192575109411651,0.5,0,-3.6927413940429688,-2.8,298.0,0.36530208587646484,0.9223904609680174,0.3372471332550049,0.806467652320862,0.2774208188056946,0.8595437407493591,0.5294763445854187,0.28933006525039673
1DVF_AB_CD,1DVF,D,101,I,D,100,V,2.6815451072324175,,L,0.2077860734712114,0.2019820754402531,0.005803998030958296,20,18,2,-0.37966640000000007,-0.5541562,-0.16872527291577166,-0.015587074058213496,0.0,0,3.6625900268554723,0.2999999999999998,298.0,-1.1027708053588867,-0.09593093395233154,-1.2464330196380615,0.2602431774139409,-1.147073745727539,0.07063424587249711,0.649451732635498,-0.425451397895813
1DVF_AB_CD,1DVF,D,104,Q,D,105,G,1.6287221438466404,,L,0.0401750771699365,0.052211808809894,-0.012036731639957499,21,21,0,-3.687870844,-4.29099263,-0.15762786714428212,-0.0687118750896683,0.5,0,,-3.1,298.0,-3.3866358846426015,-3.577796518802643,-3.7215309366583824,-3.4408677890896797,-3.5589600056409836,-3.137433387339115,-4.15971352905035,-4.52002739161253
1DVF_AB_CD,1DVF,D,106,R,C,92,N,4.090680615177067,,L,0.0524048754830511,0.0591221870859496,-0.006717311602898499,20,20,0,3.3970498,1.8758350000000001,-0.28888708372437716,-0.0373379954948492,0.6666666666666666,0,35.77294921875001,-1.0,298.0,4.849876284599304,1.9174726009368896,4.800212860107422,2.5132821202278137,5.135181903839111,1.6076812744140625,4.585058689117432,1.767634630203247
1E50_A_B,1E50,A,48,M,A,89,T,1.319674451601355,,E,0.1052467264628888,0.0663069695068235,0.0389397569560653,24,23,1,-3.2025599000000002,-2.871759,-0.5411579186791744,-0.0020311044053146904,0.0,0,-1.060272216796875,2.5999999999999996,298.0,-3.089730679988861,-3.2290414571762085,-3.088387578725815,-2.95967185497284,-3.852025181055069,-3.1464533507823944,-3.063405781984329,-3.191764324903488
1E50_A_B,1E50,A,51,N,B,29,T,1.9194541813577204,,L,0.0327857272335793,0.0536740296705108,-0.020888302436931495,20,22,-2,0.55628544,0.59899755,0.5353991938251245,-0.031461250851378686,1.0,0,-9.911430358886719,-2.8,298.0,0.4277257099747658,0.8355874419212341,0.690735824406147,0.3468068018555641,0.5814773216843605,0.594769522547722,0.47306596487760544,0.5001148506999016
1E50_A_B,1E50,A,91,T,B,61,T,1.2778928648364551,,E,0.0032254889546952,0.0031883090881631,3.717986653210001e-05,27,26,1,2.2617637,2.2651823,-1.2942183728329273,-0.022581009087902296,0.0,0,3.40562438964844,0.0,298.0,2.1692754924297333,2.1327257752418523,1.9754425883293152,2.493846148252487,2.341905504465103,2.457430124282837,2.0750491619110107,2.448432683944702
1E50_A_B,1E50,B,32,R,A,97,N,1.7740327276755177,,L,0.3708603920593782,0.3369169625484478,0.033943429510930434,14,15,-1,0.9361710999999999,0.8952443000000003,3.3837043236858824,0.14083569934634343,0.0,0,1.3165969848632812,-1.0,298.0,0.4441840648651123,1.284999132156372,1.136908292770386,1.3351250886917116,1.1645599603652952,0.2809920310974121,0.8577386140823366,0.9848628044128418
1E50_A_B,1E50,B,99,N,B,60,G,1.4072838710179911,,H,0.0165417340517362,0.0078371192682361,0.008704614783500101,23,22,1,-0.791988795,-1.204025734,-1.1174359480879765,0.0162758412769214,0.5,0,,-3.1,298.0,-0.8234361559152603,-0.4937510117888451,-0.3636368587613106,-1.484889604151249,-0.5728512182831764,-1.1256035715341566,-0.7087555527687073,-0.7629858329892159
1EFN_A_B,1EFN,A,12,I,A,16,D,1.45037682866163,,L,0.0555805795993664,0.0612218242624,-0.005641244663033597,20,20,0,2.1588668999999996,2.4114085,-0.5571789205240512,-0.018291295601344987,-0.5,0,-0.5297470092773438,8.0,298.0,2.4240970611572266,2.7950547337532043,2.1340434551239014,1.9700651168823242,2.044609546661377,2.118396759033203,1.8686364889144897,1.9160307645797725
1EMV_A_B,1EMV,A,28,E,A,46,S,1.4160003467957893,0.007266185306894499,H,0.1601145418469645,0.1693976140131145,-0.009283072166150014,18,19,-1,1.1366128999999998,1.3665901999999996,-0.7675817737001036,0.04067554663031339,0.0,0,-0.8970794677734375,-2.7,298.0,0.8365607261657719,0.5881528854370117,0.5641691684722905,1.7285237312316895,0.3955833911895752,1.2394404411315918,2.379692316055298,1.3607814311981201
1EMV_A_B,1EMV,A,35,V,A,23,A,1.6638669759109947,,H,0.0,0.0285578221464635,-0.0285578221464635,21,19,2,-0.034724759999999966,-0.20605345000000003,-0.9740235426037294,0.04334769489487231,0.0,0,,2.4000000000000004,298.0,-0.2148265987634659,0.005595326423645075,0.12824583053588862,-0.3620195835828781,0.09759207069873807,-0.10168235003948209,0.04590830206871033,0.12338897585868835
1EMV_A_B,1EMV,A,47,G,A,21,C,1.485378031018068,0.9215569905447809,H,0.0169576445325637,0.0520502012048065,-0.0350925566722428,22,20,2,2.02931373,1.4408186299999999,0.4295060186438617,0.05006151407880019,0.0,0,,-2.9,298.0,2.5026353299617767,2.1349835097789764,1.7459315955638885,2.4136176109313965,2.7763619124889374,1.3650397062301636,1.368498980998993,1.9274410605430603
1EMV_A_B,1EMV,A,48,S,A,51,I,2.1872405284704945,0.8477453956278275,H,0.0031069009059336,0.0,0.0031069009059336,22,22,0,-0.42682619999999993,-1.1422847,-0.1378983050689091,0.017118251310590388,1.0,0,-0.021121978759765514,-5.3,298.0,-0.2832303047180176,-0.05629622936248779,-1.2684674859046936,0.596168041229248,-0.9370170831680298,-0.4093248844146731,-0.7884753346443176,-0.26796746253967263
1EMV_A_B,1EMV,A,52,Y,B,74,S,4.83463531579262,-0.24101999230793322,H,0.0093400348574383,0.0248848831953956,-0.0155448483379573,25,26,-1,0.028313400000000044,-0.12309860000000006,-0.6888544479166782,0.01413175687752849,1.0,1,-2.3257026672363277,-0.5,298.0,-0.4251072406768799,-0.025629758834838423,-0.1443190574645996,-0.6283586025238037,0.9364006519317627,1.020097255706787,0.747511625289917,-1.2540860176086426
1EMV_A_B,1EMV,A,53,Y,A,60,D,4.634756162112646,,L,0.2545563732212751,0.2080612656569722,0.04649510756430292,20,18,2,0.30345979999999995,-0.44146470000000004,-1.515607200902266,-0.04685189621641461,0.0,0,-9.681453704833983,2.2,298.0,0.6226537227630615,-0.12499284744262695,-0.3536648750305176,0.22562146186828613,0.770367383956909,0.3397785425186157,0.26217949390411377,0.6857349872589111
1EMV_A_B,1EMV,B,54,R,B,77,S,1.665700915381987,-0.2328891551097506,H,0.1870480289010325,0.1746400679178492,0.012407960983183308,18,19,-1,-0.7743628,-0.890981,0.4092880242387368,0.04897982258107031,0.0,0,-3.5160293579101562,-3.7,298.0,-1.166439294815063,-0.24750018119812012,-0.8094339370727539,-0.8204407691955571,-0.2761249542236328,-1.1245412826538077,-0.7883782386779785,-0.9620447158813477
1EMV_A_B,1EMV,B,72,N,A,25,T,1.1646690240743687,0.7281339910637894,L,0.1338888002686009,0.1525407550806304,-0.018651954812029498,15,17,-2,3.4531563000000003,4.476761649999999,0.6973267503340634,-0.12596290711235467,0.0,0,22.081905364990234,-2.8,298.0,2.614713430404663,3.583069682121277,4.235183298587799,3.01599270105362,3.3943235874176025,3.855063319206238,3.3926860690116882,3.534218490123749
1EMV_A_B,1EMV,B,75,N,B,78,S,2.334540084521325,-0.5398966240366272,H,0.0021992491175291,0.0016923012451389,0.0005069478723902,25,27,-2,3.0862350000000003,3.2911235000000003,-0.17027342163065667,0.008461769851247997,0.0,0,52.71520233154297,-2.7,298.0,2.7433135509490967,3.4989116191864014,3.3826792240142822,2.7952232360839844,3.2086620330810547,3.1833364963531494,3.2058675289154053,2.671884059906006
1EMV_A_B,1EMV,B,97,K,B,83,Y,1.9596368047844788,,L,0.0781072903036742,0.0910311983628185,-0.012923908059144298,24,24,0,0.12424499999999972,-0.6652787,0.16397986885836718,0.04419964673167931,0.0,0,6.207546234130859,-2.5999999999999996,298.0,0.37571966648101807,1.3169199228286743,0.4971383810043335,-0.2373421192169194,1.1674250364303589,-0.04628133773803755,-1.1597816944122314,-0.919837474822998
1EMV_A_B,1EMV,B,98,V,B,92,Q,1.0888522677796106,-0.2776037214008204,L,0.0759630908885788,0.1105903511900693,-0.03462726030149049,21,20,1,-1.7423289,-1.4675179999999999,-0.8647926186245847,-0.0016141996821455173,-0.5,0,-6.331230163574218,7.7,298.0,-1.9219831228256226,-1.2367023229599,-1.5022169947624207,-1.9578040838241577,-1.4355136156082153,-1.7534971237182622,-2.069491446018219,-2.0614210963249207
1F47_A_B,1F47,A,7,D,B,10,V,1.7328822523963323,,L,0.2874781041236428,0.3056657753312101,-0.018187671207567313,12,13,-1,0.91850186,0.49135445999999994,1.8890954835525013,0.2540724504436127,0.0,0,51.68135070800781,-7.7,298.0,0.5478747487068176,1.1465667486190798,0.8472386002540588,1.2897580265998838,0.9113664925098419,0.6855513453483582,1.1524745821952822,0.7671842575073242
1FC2_C_D,1FC2,C,27,I,C,6,Q,3.7294546961565307,,H,0.0,0.0002110868559238,-0.0002110868559238,20,22,-2,-3.14184156,-3.09125218,-0.2434863694539694,0.08656844237530248,-1.0,0,2.0419845581054688,8.0,298.0,-3.608292520046234,-2.8763676434755325,-3.2780524641275406,-3.0570178180933,-3.4358033686876297,-2.9340624511241913,-3.053334146738053,-2.891802117228508
1FC2_C_D,1FC2,C,31,K,C,7,N,1.3786773009217506,,H,0.2838256915519673,0.3256651690953389,-0.041839477543371584,15,17,-2,1.806297,2.370038,-0.556246325710335,0.06436710809900059,0.0,0,-6.1787033081054705,-0.3999999999999999,298.0,2.1300680637359624,1.669803380966186,1.9159606695175178,0.9913613796234131,1.429524064064026,2.3493762016296387,2.047196626663208,1.9170844554901123
1FCC_A_C,1FCC,C,35,N,C,25,T,2.364048112240645,0.24011103330706618,H,0.1667012477771,0.1635140982216553,0.0031871495554446905,15,17,-2,1.7477648000000001,1.7658899,0.8264779761374644,-0.03946890834814068,0.0,0,5.889049530029297,-2.8,298.0,2.743018865585327,2.1958658695220956,1.55790376663208,1.482543706893921,2.351656079292297,2.3922921419143677,1.419541358947754,-0.16070199012756392
1FCC_A_C,1FCC,C,43,W,A,15,M,3.7714940707573352,,L,0.0350600628498857,0.0130476052312154,0.0220124576186703,21,22,-1,2.77334584,2.6375108000000003,-1.0488652610941758,0.04116475131414382,1.0,0,-0.9200172424316406,-2.8,298.0,2.3363295793533325,2.859628066420555,2.9605841636657715,2.94262558221817,2.4973732829093933,2.6527404189109802,2.7274319529533386,3.210054636001587
1FFW_A_B,1FFW,B,56,F,B,57,V,3.64430699947734,,H,0.0931059153040035,0.0997419063180987,-0.006635991014095205,20,18,2,2.13184647,1.7670894599999998,-0.0725008296986393,-0.06734419158554147,0.0,0,14.634002685546875,-1.4000000000000004,298.0,0.9770103096961975,2.5938570499420166,1.904610812664032,2.0599430203437805,3.001072704792023,2.2198102474212646,1.6516385674476624,2.646829515695572
1GC1_G_C,1GC1,C,44,L,G,186,D,1.0555473255802814,,L,0.0248770319145999,0.0545432367037799,-0.029666204789179997,23,23,0,-1.62868076,-1.3497336000000002,-0.07186436906553473,-0.006079097412594492,-0.5,0,-6.2268218994140625,7.3,298.0,-1.3848297595977783,-0.9582310318946841,-2.3191934525966644,-2.372122973203659,-1.5823869705200195,-0.8232449293136594,-1.410495400428772,-2.1789405047893524
1GC1_G_C,1GC1,C,46,K,C,35,K,1.4303781258773653,0.32192182259821517,L,0.1200150077896105,0.1132941932443766,0.006720814545233891,24,24,0,3.15413494,3.1779057999999996,0.18437720140107228,0.014089064564909895,0.0,0,-15.662506103515625,0.0,298.0,3.177729308605194,2.9699817895889282,3.4106026887893677,3.4261001944541927,2.9991616010665894,3.2528148889541626,3.3167222738265996,2.679966986179352
1GC1_G_C,1GC1,C,59,R,C,61,L,1.1753872476063394,,H,0.2377520192641271,0.2072102717094116,0.030541747554715504,19,19,0,-1.3905298,-1.0232922,0.14485675962065325,0.026706265105846005,0.3333333333333333,0,17.62760925292969,-8.3,298.0,-0.9495497941970823,-1.3801029920577998,-2.184375286102295,-1.3557026386260986,0.3833189010620117,-1.1510956287384033,-2.2669425010681152,-2.219789147377014
1GCQ_AB_C,1GCQ,C,67,P,B,48,P,1.3158661640535187,,L,0.0626834755213165,0.0591622966054723,0.003521178915844206,17,17,0,0.05314756999999999,0.05056531,-0.6159021025088647,-0.034212108607397096,0.0,0,-12.52006721496582,0.0,298.0,0.042120635509490995,0.05185564607381821,0.05692477524280551,0.054107114672660786,0.07682241499423981,0.038117505609989194,0.06296578794717789,0.04226664453744891
1GUA_A_B,1GUA,A,37,E,A,29,V,1.3002321152144958,,L,0.1277703709492343,0.1105868435214507,0.01718352742778359,17,18,-1,0.07540049999999976,-0.551043,-0.1010212717412301,-0.1653787301072185,0.0,0,2.5055084228515625,-7.7,298.0,0.5063862800598145,-0.3200249671936035,0.10674667358398393,-0.5607335567474365,0.3557851314544678,0.7552495002746573,-0.05602455139160156,-0.18417954444885254
1GUA_A_B,1GUA,B,4,R,B,2,T,1.0003955007411132,,L,0.3107261602359055,0.2930370638011251,0.017689096434780394,16,14,2,-1.3006115,-1.2701503,-0.8578225152232183,-0.03105824485896938,0.0,0,0.9042434692382812,-3.8,298.0,-1.4849231243133547,-0.45420408248901367,-1.6647250652313232,-1.1056272983551025,-1.7326735854148865,-1.6351205110549927,-0.7004096508026123,-1.6272089481353764
1GUA_A_B,1GUA,B,29,K,B,9,N,1.9983187149889297,-0.3997593057047847,H,0.3121121330176478,0.3529666429175681,-0.04085450989992029,15,15,0,-1.1435285,-1.9427228,0.4968698599636212,-0.0009934737490874812,0.0,0,-14.248764038085938,-0.3999999999999999,298.0,-1.367030143737793,-1.5387370586395264,-1.5955619812011719,-0.7664240598678589,-1.15874433517456,-0.8284140825271604,-0.9889229536056519,-0.9043946266174316
1H9D_A_B,1H9D,B,2,R,A,13,D,1.0642126527233364,,L,0.2787046872167735,0.2820308128234574,-0.003326125606683883,18,19,-1,0.2161883,-0.057249799999999906,0.6617191985296165,0.046678123237593405,0.0,0,14.293251037597656,-1.0,273.0,-0.054872035980224165,0.527034282684326,-0.9993407726287842,1.2902418971061702,0.21881961822509788,0.10070133209228516,1.6103813648223877,-0.9634597301483154
1H9D_A_B,1H9D,B,60,G,B,95,G,1.9023307422654165,,H,0.0021527405753948,0.005355923236757,-0.0032031826613621995,23,24,-1,0.0018634559999999994,0.002655374000000002,0.03533681769309249,-0.0088395576079794,0.0,0,,0.0,273.0,0.0012512505054472906,0.0024822130799293934,0.002207733690738692,0.001121200621127999,0.0011474192142486989,0.0024982690811157088,0.0020284652709960938,0.0021711662411690036
1H9D_A_B,1H9D,B,66,Q,A,60,Y,1.24916757040642,,L,0.1686759369326345,0.1362205372855057,0.03245539964712879,21,20,1,-0.04026439999999987,0.2681981000000002,0.6411108352889604,0.041312404302019906,0.0,0,-15.957592010498047,-2.2,273.0,-0.3713436126708989,-0.10514450073242188,0.5631091594696045,0.13197422027587935,-0.003737926483154297,0.42300319671630815,-0.2408280372619629,-0.7191469669342041
1H9D_A_B,1H9D,B,94,N,A,16,N,2.110106560275752,,H,0.0161874087816158,0.0064958809368415,0.009691527844774301,23,23,0,0.9405836000000001,1.8236446500000003,0.32118643224614263,-0.009247635630088097,-0.5,0,-26.036666870117188,0.0,273.0,1.668132305145264,1.043993979692459,0.8682008385658264,0.07303053140640259,0.5614700019359589,1.3530728965997696,0.44944110512733465,1.507326900959015
1IAR_A_B,1IAR,A,5,I,A,8,Q,1.170849396491051,-0.022349319258542954,H,0.2151275201834253,0.2348867618753019,-0.019759241691876622,20,18,2,-0.0644967000000003,0.34785199999999983,0.06440593221532549,0.022319757434199866,0.0,0,2.7518234252929688,8.0,298.0,-0.3170084953308103,-0.4055186510086055,0.09262466430664018,-0.4621068239212036,0.02549290657043457,-0.2507514953613279,0.48567152023315385,0.3156222105026243
1IAR_A_B,1IAR,A,88,R,A,91,W,3.753036463245231,0.7292019564980542,H,0.1020382758915612,0.1260762385309333,-0.024037962639372107,25,23,2,3.3781461,3.683651,-0.5825455680915077,-0.029054549984782213,0.3333333333333333,0,0.26568603515625,-3.6,298.0,3.633710563182831,3.1579848527908325,3.6659622192382812,3.6564565896987915,2.752881169319153,2.7309266328811646,3.8413126170635223,3.5859321355819698
1IAR_A_B,1IAR,A,89,N,B,70,S,1.5580959354804609,,H,0.0017970131409653,0.0224654540822124,-0.0206684409412471,24,23,1,1.44448754,1.7423498000000002,-0.15885415358439947,-0.020744774087450596,1.0,0,28.933143615722656,-2.7,298.0,1.8434413075447083,0.6448401808738707,2.3028708100318913,1.6820307970046997,1.2225740104913712,2.1969523429870605,0.9431003928184509,0.7200908660888672
1JCK_A_B,1JCK,B,20,T,A,52,S,1.488402051798161,,L,0.0940966248242698,0.0922868549198853,0.0018097699043845006,25,24,1,0.7626713,0.29933260000000006,-0.2105675626617005,0.006536180480366305,0.0,0,1.3226356506347656,0.10000000000000009,298.0,0.6135587692260742,0.40375566482543945,1.4137477874755855,0.9577293395996094,0.4172811508178711,1.1482517719268803,0.4576907157897949,0.689354419708252
1JCK_A_B,1JCK,B,23,N,A,51,G,2.076536854194484,,H,0.0574328820984803,0.052755448430782,0.004677433667698301,24,24,0,0.02960052000000002,0.29478952,0.34028691716026405,0.0059043651271003805,0.0,0,,-3.1,298.0,-0.1220737099647522,0.10701757669448858,0.00214569270610801,0.23376664519309998,0.0213773250579834,0.0921253114938736,-0.1785558015108109,0.0810013115406037
1JCK_A_B,1JCK,B,60,N,A,68,S,1.3286854330602038,,L,0.1337282676026069,0.1455067257077703,-0.011778458105163397,20,18,2,-0.3168719,-0.6250549000000001,0.9455991861242348,0.054340043325081994,0.0,0,48.29779052734375,-2.7,298.0,0.28105366230010986,-0.15927207469940208,-0.4541769027709961,-0.4480884075164795,-0.31793642044067383,-0.3079261779785156,-0.7623589038848879,-0.36627006530761697
1JRH_LH_I,1JRH,H,32,Y,H,63,P,1.4333097490566602,,H,0.4709752294657779,0.4874267431856776,-0.01645151371989967,11,10,1,-1.5405834999999999,-2.1330521,-0.5321388932554224,-0.030369755494052297,0.0,0,-19.8512077331543,0.30000000000000004,298.0,-1.6509349346160889,-1.4315401315689087,-2.171196401119232,-1.7774495482444763,-0.805481433868408,-1.7487444877624512,-1.1956390738487244,-1.5436806380748749
1JRH_LH_I,1JRH,H,55,W,H,33,G,2.4213171849672226,,H,0.1288555410614759,0.0929033189647318,0.035952222096744105,18,18,0,-2.47846349,-2.52274359,0.2920420070494433,-0.014359388523878885,0.0,0,,-0.5,298.0,-2.531944401562214,-2.4124579429626465,-2.8662079125642776,-2.7725934907794,-2.550645798444748,-2.2272554039955144,-2.4120215699076653,-2.054578974843025
1JRH_LH_I,1JRH,H,56,D,I,68,S,1.8860993177954763,,H,0.3831689306763632,0.3453053339005966,0.03786359677576662,15,13,2,1.5016664999999998,1.3459956000000002,-1.0041422465025214,0.0682176398151283,0.5,0,5.243934631347656,-2.7,298.0,1.6114279627799992,1.9927843809127808,1.1547508835792542,1.5730281472206116,1.772910043597221,1.819103181362152,1.402818202972412,0.6865086555480957
1JRH_LH_I,1JRH,H,58,D,I,66,D,1.85464838704982,,L,0.2611307998690024,0.2834050534318668,-0.022274253562864388,11,11,0,-2.5905053,-2.2944416,-1.0552046774647705,-0.13891760257840807,0.0,0,-6.4353790283203125,0.0,298.0,-2.554214835166931,-2.5577878952026367,-2.0722402334213257,-2.864944487810135,-2.7607745230197906,-3.3132188618183136,-2.219427704811096,-2.381433844566345
1JRH_LH_I,1JRH,H,60,Y,I,74,R,1.2555918089614944,,E,0.0985708103042734,0.0708281236701131,0.02774268663416031,22,20,2,-2.1271176,-1.8184651600000001,0.32273256512598714,-0.06036785824154517,-0.3333333333333333,0,9.489799499511719,3.2,298.0,-1.62338986992836,-2.0511967241764073,-1.9845357686281204,-2.1423076391220097,-2.3362740874290466,-2.8694072663784027,-1.6432178616523743,-2.3666125535964966
1JRH_LH_I,1JRH,I,41,V,L,93,S,1.6791564619276222,-0.650583555923561,L,0.0431362950611719,0.0799167187804542,-0.0367804237192823,20,19,1,-0.6383532,-0.13755610000000007,-0.47552101648291756,-0.0117689859022935,0.0,0,-5.9245452880859375,5.0,298.0,-0.555402934551239,-0.8461720943450928,-0.8149557709693909,-0.533275842666626,-1.1282657980918884,-0.6852720379829407,-0.7299122214317322,0.18643236160278343
1JRH_LH_I,1JRH,I,42,K,L,94,T,3.3858166197229025,0.38526928615817724,L,0.1260162342150496,0.09638755274362,0.029628681471429594,20,21,-1,0.9323781000000002,0.4606395999999999,0.3651943852763909,0.07147202432697092,0.0,0,-5.205101013183597,-3.2,298.0,0.8106024265289307,1.2335858345031738,1.1871681213378906,0.4086525440216069,0.3469247817993164,1.5953783988952641,0.4806022644042969,1.3961081504821777
1JTD_A_B,1JTD,A,81,P,A,84,E,1.7215440145106427,0.03796234973680423,H,0.0033835508321186,0.0097647351278875,-0.006381184295768899,25,23,2,1.82065234,1.3347570000000002,-0.23257826491564582,0.01516996452674918,-0.5,0,14.21335220336914,1.9,296.0,1.3904060125350952,1.5987737476825714,2.0111570358276367,2.278442621231079,1.5912683606147766,2.7022756040096283,1.018885612487793,1.9740094840526576
1JTD_A_B,1JTD,A,85,K,B,246,S,2.1292616879820603,,H,0.1795719497748058,0.1424671292197875,0.03710482055501832,21,20,1,-0.3505818999999999,0.3696554000000001,0.8671944744937365,0.10503097964402883,0.0,0,11.38531494140625,-3.0999999999999996,296.0,-1.0630748271942139,-0.3928239345550537,-0.396687269210815,-0.39208197593688965,0.21089768409729004,0.29178285598754927,-0.5328245162963867,-0.5298440456390381
1JTD_A_B,1JTD,A,103,M,A,87,L,2.5045925251732184,,H,0.1089109700027798,0.1106301804266229,-0.0017192104238430983,22,20,2,-2.4918081,-2.68881355,-0.6130263946103496,-0.04790717902312,0.0,0,-19.456993103027344,-1.9,296.0,-2.004762887954712,-2.4791547656059265,-2.6178641319274902,-2.87338650226593,-2.569335103034973,-2.593268632888794,-2.5894343852996826,-2.207260131835937
1JTD_A_B,1JTD,B,12,N,B,75,Y,1.3011671118471222,0.48022206661413236,L,0.1304828975766979,0.164043281511689,-0.03356038393499111,24,25,-1,0.08945720000000001,-0.45142170000000004,-0.09544970827843438,-0.03584612353490829,0.0,0,-1.9705886840820312,-2.2,298.0,-0.10827255249023438,-0.2584135532379155,0.5779328346252441,0.014225482940673828,0.6634831428527832,0.03792619705200195,-0.3700945377349849,0.15887022018432617
1JTD_A_B,1JTD,B,14,D,A,104,S,1.5074296942397836,,L,0.0779828281964354,0.0719467568603665,0.006036071336068899,27,28,-1,-3.43060308,-3.35175847,1.1906129042736526,0.0395845553588805,0.0,0,-1.6474761962890625,-2.7,298.0,-3.596904009580612,-3.2315944731235504,-3.4060833454132085,-3.590310111641884,-3.325831919908523,-2.4629326462745667,-4.183642648160458,-3.647525541484355
1JTD_A_B,1JTD,B,35,Y,A,190,V,3.150407363841207,0.03796234973680423,L,0.0081227634618895,0.0058344459974435,0.0022883174644460005,25,24,1,-1.6275543999999997,-1.9038937,-0.7555301995478009,0.02016770778013119,1.0,0,23.759399414062496,-5.5,298.0,-1.5358188152313232,-1.7213909626007085,-1.0907368659973145,-2.3042004108428955,-2.134284734725952,-2.019862174987793,-1.3822346925735474,-0.8319042921066284
1JTD_A_B,1JTD,B,36,F,A,211,A,2.550142241103219,,L,0.0462799908050743,0.0631895284338213,-0.016909537628746994,25,23,2,-0.5542547999999998,-1.2848642,-0.0071850405251500105,0.011798796946309004,0.0,0,,0.9999999999999998,298.0,0.013613104820251687,-0.5946328639984126,-1.98006808757782,-0.2687646150588989,-0.002875685691833496,-0.28715479373931885,-0.42894363403320335,-0.8852132558822632
1JTD_A_B,1JTD,B,93,D,B,210,Y,1.988940524524266,0.8240213465552473,H,0.2046227475416903,0.2143140487326718,-0.009691301190981494,22,22,0,-1.8828874,-1.7887247,0.4697875129822677,0.015083259391012294,0.5,0,0.89251708984375,-2.2,298.0,-3.2635765075683594,-2.357056021690368,-1.856971263885498,-1.786508560180664,-1.418627142906189,-0.1464766263961792,-1.9230118989944458,-2.31086802482605
1JTD_A_B,1JTD,B,170,Y,B,131,S,2.0263542280666793,0.15156033328878646,H,0.4171071919896301,0.4632167987548274,-0.04610960676519732,16,16,0,-3.0202980000000004,-1.1105663000000001,-0.7208897105018153,-0.1443123188041237,0.0,0,7.588722229003906,-0.5,298.0,-3.7424734830856323,-3.4265451431274414,-2.413336455821991,-1.9142160415649412,-2.3497263193130493,-3.4039852619171143,-3.481827139854431,-3.4302748441696167
1JTD_A_B,1JTD,B,171,F,A,141,P,2.1997293965153855,,H,0.164157376760689,0.1359983645298325,0.02815901223085651,21,21,0,-0.84549586,-0.68171669,-0.19582443038409603,0.034405784292326075,0.0,0,-8.882125854492188,4.4,298.0,-0.7225083261728287,-0.7331630438566208,-0.9903764128684998,-0.7039885744452478,-1.0142339244484901,-1.0245064944028854,-0.8900793343782425,-0.6851111575961113
1JTD_A_B,1JTD,B,266,N,B,13,N,2.668825510928575,,L,0.0426600691904958,0.0746428457515345,-0.0319827765610387,24,22,2,-2.8550436,-3.13738185,-0.7720234827938334,0.0218041230741845,-0.5,0,-8.39474105834961,0.0,298.0,-2.8614900037646294,-3.088502809405327,-2.5529436767101283,-2.3709800243377686,-3.117150068283081,-2.930806428194046,-2.7401753365993504,-3.17830166220665
1JTG_A_B,1JTG,A,78,V,B,39,S,1.90988814615532,0.021610792644000815,L,0.0005971861768104,0.0161823376055583,-0.0155851514287479,21,21,0,1.87508753,2.075990816,-0.329418553914152,0.0015416554376553038,0.0,0,-2.7264060974121094,5.0,298.0,1.6933433413505554,1.5815458819270134,1.9652160629630089,1.9968679323792458,1.8676075637340543,1.8350284174084661,2.006039574742317,2.055050775408745
1JTG_A_B,1JTG,A,79,E,A,190,V,1.8001979849577399,-0.49270148863095753,L,0.0540326397183503,0.0798069252751905,-0.025774285556840193,21,20,1,-0.3979130999999998,-1.4313889999999998,-3.6666294843186904,0.0437287939608034,0.5,0,-4.893245697021484,-7.7,298.0,-1.8272371292114258,0.5149244070053103,-0.13371455669403076,-0.408541798591614,-0.6274030208587646,0.7123903036117556,-0.2607038021087651,-1.1530194282531743
1JTG_A_B,1JTG,A,85,E,A,142,P,1.3773733224044429,,H,0.0675225020966519,0.1020259861396374,-0.03450348404298549,21,23,-2,-2.00078983,-1.73092241,0.02110782569892089,0.016897260387019997,0.0,0,-15.092109680175781,-1.9,297.0,-2.388183183968067,-2.4220292642712593,-1.811168923974037,-2.6015110984444623,-1.5318672060966494,-1.8487565144896507,-1.6763352528214452,-1.7264669910073283
1JTG_A_B,1JTG,A,104,M,A,82,P,1.1186526748995211,-0.07375289937941845,H,0.0065755292596665,0.002789364860402,0.0037861643992645,24,24,0,-4.1164832,-3.820417,1.2515939837379608,-0.063878527697276,0.0,0,-26.48453712463379,3.5,297.0,-4.022699236869812,-4.215330004692078,-3.901676893234253,-3.8712860345840454,-4.460027515888214,-3.951077699661255,-4.714169412851334,-3.795600414276123
1JTG_A_B,1JTG,B,49,D,B,48,G,2.372421174597158,,H,0.0581735553346333,0.056456145368746,0.0017174099658873038,26,27,-1,-0.17167850000000007,0.13255379999999972,0.3400429778192877,2.2467035790951773e-06,1.0,0,,-3.1,298.0,0.30541515350341775,0.07515728473663352,-0.06539344787597656,-0.20806264877319336,0.35333049297332786,-0.5791383981704712,-0.521456241607666,-0.7332810163497929
1JTG_A_B,1JTG,B,53,Y,B,73,E,3.181974885254008,,E,0.0026403894497273,0.0257359351883453,-0.023095545738618,23,25,-2,-0.13371957,-0.35106646,-0.07034273896172771,-0.027353324080035796,0.5,0,1.7283782958984366,2.2,298.0,0.34279221296310425,-0.22703891992568975,-0.29845795035362244,-0.5126906633377075,0.09340530633926392,-0.01819068193435669,-0.33627146482467657,-0.1133044958114624
1JTG_A_B,1JTG,B,112,W,A,77,L,3.009163076795267,0.8644814320462479,L,0.0453858918251032,0.0165449254972913,0.0288409663278119,23,22,1,-3.429738,-3.24522127,-0.22632684141653414,-0.0022346168238747133,1.0,1,0.5557708740234375,-4.7,298.0,-3.3513497114181514,-3.3534444868564606,-3.683935761451721,-3.122002005577087,-3.385436534881592,-3.792232632637025,-3.567931264638901,-3.181570649147034
1JTG_A_B,1JTG,B,141,G,A,213,E,1.329899843730618,,L,0.1745557373450361,0.1375507937667927,0.03700494357824341,17,18,-1,1.3071394299999999,1.64061338,-0.2679966007704388,0.04385216662789779,0.0,0,,3.1,300.5,0.9370250701904297,0.7435553967952727,1.2949502021074293,1.596231147646904,0.6426829099655151,2.0419518053531647,1.1782045364379883,2.022514849901199
1JTG_A_B,1JTG,B,142,F,A,212,G,3.0315079672635883,,L,0.0709922215851227,0.073454044925256,-0.0024618233401333123,25,26,-1,-0.9150600299999999,-0.9249790700000001,0.9097774771077437,0.08041207124319341,0.0,0,,3.1999999999999997,298.0,-0.9379059150815011,-0.8957182392477991,-0.905673272907734,-0.9901011511683465,-0.8778329193592073,-0.8281487077474593,-0.9727029204368592,-0.912397101521492
1JTG_A_B,1JTG,B,148,H,B,71,S,2.7466582373819635,0.35792891505037433,E,0.0042958268741632,0.0207645609484681,-0.0164687340743049,22,24,-2,-1.5912414,-2.2583129000000004,-0.16255573284374214,0.009559544313471308,1.0,0,-1.1516532897949219,-2.4000000000000004,298.0,-1.0451568365097046,-0.7899878025054936,-2.191973567008972,-1.942326545715332,-1.717231035232544,-1.408280611038208,-2.028939962387085,-1.6060341596603394
1JTG_A_B,1JTG,B,160,R,B,31,E,3.0679073281389173,0.8209450452329897,E,0.2593930551085727,0.2141326383551695,0.0452604167534032,15,15,0,0.08368390000000026,0.5907929999999999,-0.391584905299599,-0.019390304381321694,0.0,0,-4.234970092773438,-1.0,288.0,0.967921137809753,-0.718034029006958,-0.5842095613479614,0.43280744552612305,0.9276655912399292,-0.1810698509216313,-0.28531813621520996,0.10970973968505815
1K8R_A_B,1K8R,A,33,D,B,2,I,1.59620521584467,,L,0.4751157185400533,0.4896203994615395,-0.014504680921486213,10,12,-2,-0.3261008000000001,-0.4598161999999999,-1.4397915995092445,0.1737627333489392,0.0,0,0.453460693359375,-8.0,310.0,-0.367814302444458,0.045054197311401145,-0.47674858570098877,-0.46260094642639205,-0.012065768241882324,-0.8214820623397827,0.14181435108184814,-0.6549634933471684
1K8R_A_B,1K8R,A,38,D,A,40,Y,1.7803357543779699,,E,0.0116782940787995,0.0359342848295021,-0.024255990750702602,23,22,1,-0.7133874999999998,-0.3365985,-0.23297212796034505,-0.0253392347950529,0.5,0,4.443992614746095,-2.2,310.0,-0.5197446346282959,-1.1722813844680786,-1.342749297618866,-0.8060672283172607,0.825663685798645,-1.099387943744659,-0.4440009593963625,-1.1485328674316406
1K8R_A_B,1K8R,A,41,R,B,4,R,1.2266533026606015,,L,0.1704816487041001,0.2106673199957112,-0.0401856712916111,21,19,2,-0.6778126000000002,-1.2817787,0.1389729625057464,-0.0247618893442825,0.3333333333333333,0,4.5947418212890625,0.0,310.0,-1.3162381649017334,-1.2829101085662842,-0.9150538444519043,-1.7589787244796753,0.4317197799682615,-0.25218057632446333,-0.3166179656982413,-0.012241244316101296
1K8R_A_B,1K8R,B,11,Q,B,12,T,1.8697107829656783,,L,0.0809156058281957,0.0459525616695176,0.0349630441586781,23,24,-1,-0.06550860000000025,-0.6427971000000001,0.4287563500083652,0.016257985497391797,0.0,0,9.935775756835938,-2.8,310.0,-0.3585605621337886,-0.3752896785736084,0.1660447120666504,-0.367431640625,0.14616155624389693,0.42240357398986816,0.06954479217529297,-0.22694277763366655
1K8R_A_B,1K8R,B,31,K,A,64,Y,2.836937339384543,,H,0.1989895156916716,0.2382626750914371,-0.0392731593997655,19,18,1,-0.11985445000000006,-0.6636294,-1.799170194140332,0.10047208036581001,0.0,0,6.247505187988281,-2.5999999999999996,310.0,-0.3882575035095217,-0.21066540479660034,0.34763652086257935,0.3511921763420105,-0.7962948083877563,0.19499391317367554,-0.776172399520874,0.31873196363449097
1KTZ_A_B,1KTZ,B,26,I,A,22,H,1.895631703462886,,L,0.1111662841228297,0.1309523658304567,-0.019786081707626996,16,17,-1,1.0293922000000002,0.5892610999999999,-0.20384721706347464,0.02564288914216331,-0.5,0,-5.125236511230469,7.7,298.0,0.7141585350036621,0.7181863784790044,1.0346094369888306,1.06983208656311,1.05736517906189,1.1718273162841797,0.9085607528686523,1.5605992078781128
1KTZ_A_B,1KTZ,B,29,I,A,20,W,1.369625081346294,,L,0.1875491077584223,0.2055426946445466,-0.01799358688612432,18,17,1,1.3285420999999997,1.8982133,-0.1614170798702833,-0.022933019978363195,0.0,0,-7.9076995849609375,5.4,298.0,1.1155221462249756,2.1276073455810542,0.2378817796707151,0.5302635431289673,2.2676912546157837,1.4576065540313716,1.716403603553772,1.175360798835754
1LFD_A_B,1LFD,A,5,I,B,41,R,1.4483802767436469,0.84846113103873,L,0.3042253835874633,0.3329901341380833,-0.02876475055062,14,14,0,0.4013553999999999,1.0264223,-1.400070288922008,0.09043676152235122,0.0,0,-4.422466278076171,9.0,304.0,0.15822160243988048,0.5801912546157839,0.1883927583694458,0.9921482801437378,-0.06880354881286643,0.9360673427581787,0.6037541627883916,-0.17913019657134988
1LFD_A_B,1LFD,A,39,K,B,24,I,2.0998271003000024,,H,0.0810025322250197,0.041675813204416,0.0393267190206037,20,19,1,0.5333391999999999,-0.22233350000000018,0.4532951024945247,0.11316433854073399,0.0,0,0.19455718994140625,-8.4,298.0,1.3685554265975952,-0.5855988264083862,-0.2329545021057129,0.2622361183166504,0.4836815595626831,0.5635855197906494,1.5695995688438416,0.8376089334487917
1LFD_A_B,1LFD,B,33,D,A,22,L,1.1002917441185578,,L,0.2830742882141155,0.2654272432983898,0.017647044915725718,12,12,0,1.7679851,1.2371235999999999,-0.13926313634283038,0.20878085315466818,0.0,0,-28.428237915039062,-7.3,298.0,1.7785593271255493,1.9557715058326721,1.7316472530364986,1.8473655581474304,1.4696882367134094,1.9027972221374512,1.7392563223838806,1.7187961339950562
1LFD_A_B,1LFD,B,37,E,B,36,I,1.1965592838418202,,L,0.0702334141780041,0.0681329617124455,0.002100452465558608,18,19,-1,-3.65095008,-3.428715,0.562387023258481,-0.0192006037063098,0.0,0,-5.093513488769531,-8.0,310.0,-3.291755400598049,-3.3889025300741196,-3.6191103607416157,-3.86184684932232,-3.9319530352950096,-3.7593662962317467,-3.787882193922997,-3.5667840093374252
1MI5_ABC_DE,1MI5,D,90,L,A,66,I,1.2314175678494845,,H,0.0184038583799355,0.0090512775586479,0.009352580821287598,26,25,1,-2.1675326399999997,-2.3410837000000004,-0.14676487430410845,-0.0255258664211587,0.0,0,3.0622482299804688,-0.7000000000000002,298.0,-0.43665164709091187,-2.890586733818054,-2.553650379180908,-2.009368181228638,-3.046722412109375,-0.9086107611656187,-2.7401908040046696,-2.7544815540313716
1MI5_ABC_DE,1MI5,D,93,G,E,97,A,1.2314175678494845,,H,0.0287723120486904,0.0466852486851091,-0.0179129366364187,27,26,1,0.44928909000000006,0.67201985,0.8548655110621087,-0.03769667912716129,0.0,0,,-2.2,298.0,0.3996158018708229,0.2889566496014595,0.3093460723757744,0.3975371271371842,0.5901728570461274,0.2805764824151993,0.6552689149975778,0.6728387475013733
1MI5_ABC_DE,1MI5,D,96,Y,C,4,G,1.2314175678494845,,L,0.0570837402751351,0.0417876785753567,0.015296061699778402,27,27,0,-3.6657622,-3.6029325300000004,-0.7817489523055334,-0.027998075304674602,1.0,0,,-0.9,298.0,-4.531013652682304,-4.010871559381485,-2.7817772775888443,-4.051855534315109,-2.743015080690384,-3.4049673974514008,-3.950467124581337,-3.852127566933632
1MI5_ABC_DE,1MI5,E,95,G,D,30,Y,1.2314175678494845,0.4494311457967245,L,0.0,0.0100517664012429,-0.0100517664012429,23,24,-1,1.9713494,0.47525830000000013,-0.37036860490149026,0.007832087197415516,-1.0,0,,0.9,298.0,3.2805968523025513,0.6925065517425533,3.045736610889435,0.7598700523376465,0.7875878810882564,0.8349471092224121,3.0310564041137695,3.3384942412376404
1MI5_ABC_DE,1MI5,E,98,Y,D,28,T,1.2314175678494845,0.5873124986178563,L,0.0766602340691891,0.0647981244567345,0.01186210961245461,21,22,-1,-2.6796029,-3.9781957000000006,-1.4035340671028473,0.019451318356793312,1.0,0,-2.2202415466308594,-0.6000000000000001,298.0,-3.616851329803467,-0.8010635375976565,-3.7376999855041504,-2.737313628196716,-2.6037488579750065,-1.6553954482078557,-3.0205842852592473,-3.264167904853821
1N8Z_AB_C,1N8Z,B,50,R,C,554,D,2.975475032472945,,E,0.0,0.0262316900081624,-0.0262316900081624,24,26,-2,-1.4727987000000002,-0.8344667000000001,0.007228053622753361,0.0820347644977823,0.5,0,45.860260009765625,-1.0,303.0,-1.3697850704193115,-0.48236632347106934,-0.8437209129333496,-2.5084121227264404,-2.2146870493888855,-1.2196714878082275,-0.901409387588501,-2.242336392402649
1NMB_N_LH,1NMB,H,103,Y,N,319,T,2.140619496834345,,H,0.2965468076663982,0.2629894632748094,0.033557344391588806,21,20,1,-1.3508274999999998,-0.6703797000000002,0.1492412690539794,0.05791929956031441,0.0,0,-12.987785339355469,-0.6000000000000001,298.0,-1.7132916450500488,-1.5668936967849736,-1.6455926895141597,-1.5658090114593504,-0.6374285221099854,-1.2513955831527708,-1.123326301574707,-1.3028802871704102
1OGA_ABC_DE,1OGA,A,152,V,A,155,Q,1.392984914662296,0.4888492883114545,H,8.804501065769115e-05,0.0446156253311769,-0.044527580320519206,22,24,-2,1.9280227500000002,2.3081084,0.015960328713195082,0.02917307101827979,-0.5,0,-17.827865600585938,7.7,298.0,1.0755239129066465,2.2028812170028687,2.2941552996635437,2.388216018676758,1.727078229188919,1.5595917105674744,1.9680363535881042,2.2086992859840393
1OGA_ABC_DE,1OGA,E,28,D,D,29,S,1.5724963209895868,0.6273575722964763,L,0.0540777978046683,0.0472650627415428,0.006812735063125498,22,22,0,0.7097367000000001,0.24156440000000012,-0.12948744594667394,-0.034678882231882396,0.0,0,16.596664428710938,-2.7,298.0,1.647200882434845,0.5313347578048706,0.4790407419204712,1.1347944736480713,0.6135060787200929,1.0925630331039424,-0.3441861867904663,0.5236407518386841
1OGA_ABC_DE,1OGA,E,48,Q,D,95,G,2.1612792666649274,,L,0.0204258613947505,0.0,0.0204258613947505,29,27,2,-0.0826227,-0.11280389000000002,0.018144048106899957,-0.03720764188238718,0.5,0,,-3.1,298.0,-0.07488498091697698,-0.1413502395153046,-0.06397817283868791,-0.08144538849592212,-0.07879476249217988,-0.0544992014765739,-0.1143145337700844,-0.0517142787575722
1OGA_ABC_DE,1OGA,E,49,I,C,6,V,2.1612792666649274,,L,0.0069441891824888,0.0140339480328104,-0.007089758850321599,27,25,2,-1.1305643,-1.3206142,0.26735406446777565,0.009251266700703697,0.0,0,-2.6278305053710938,0.2999999999999998,298.0,-0.8636818528175354,-1.4828191995620728,-1.4458837509155273,-1.239317238330841,-1.4479096829891205,-1.2902051210403445,-1.1599975824356077,-0.11469900608062744
1OGA_ABC_DE,1OGA,E,51,N,D,93,S,1.1147600269960842,,H,0.3230377075651973,0.3229650440428511,7.266352234619466e-05,18,20,-2,0.3479555999999999,0.6100699999999999,0.5691017093863985,-0.009052377850047005,0.0,0,0.23722457885742188,-2.7,298.0,0.5290793180465698,0.47059667110443115,-0.036232948303222656,-0.036505937576293945,0.2633328437805178,0.8007397651672363,0.6920442581176758,0.10059046745300293
1OGA_ABC_DE,1OGA,E,94,R,C,5,F,2.1612792666649274,,L,0.0299497773871027,0.0255072983026844,0.004442479084418301,24,24,0,-3.4025446,-3.1318111,-0.017360653536868442,-0.0381015164099239,1.0,0,11.598209381103516,-7.3,298.0,-3.586304783821106,-3.3008041381835938,-3.459475874900818,-3.5470030307769775,-3.5764800906181335,-3.5448612570762634,-2.7688162326812744,-3.4366084337234506
1PPF_E_I,1PPF,I,20,Y,E,129,L,3.16587205876721,,L,0.0859012912718916,0.0637968659696591,0.0221044253022325,28,27,1,3.0046652999999997,2.7757636000000003,-0.4271817124983059,0.012882177033778697,0.0,0,1.3585624694824219,-5.1,294.0,2.353527545928955,3.589108645915985,3.3343494534492493,2.9899580478668213,2.5695033073425293,3.168059229850769,3.0579588413238525,2.974856734275818
1R0R_E_I,1R0R,I,14,E,E,101,G,2.0604670627429025,,L,0.0593163934483449,0.0495988816462255,0.009717511802119397,28,26,2,-1.51574582,-1.583807056,-0.0123569862299453,0.008022967794418107,0.0,0,,-3.1,294.0,-1.2760712206363678,-1.6402270421385765,-1.763372823596001,-2.016895115375519,-1.4727928712964058,-1.4491113871335983,-0.9060949459671974,-1.6014018803834917
1REW_AB_C,1REW,C,55,Q,A,55,L,2.6573708661204076,,H,0.0109819189892572,0.0113283081778877,-0.00034638918863049914,24,25,-1,-0.3866480000000001,-0.4002289400000001,-0.20563723915359822,0.04077777722770198,0.5,0,-17.95217514038086,-7.3,298.0,-0.5316067337989807,-0.49170178174972534,-0.202364921569824,0.22730433940887496,-0.5121862888336182,-0.1317327022552489,-0.7709624767303467,-0.6799342036247256
1S1Q_A_B,1S1Q,A,43,N,B,64,E,1.210756199261406,,H,0.3437325086376433,0.3146629836358277,0.029069525001815644,17,15,2,-0.6849185000000002,-1.1429097999999995,0.04573615143135551,0.058677946337549386,0.0,0,0.757331848144533,0.0,293.0,-1.0063543319702148,-0.7339062690734863,-0.8849902153015137,-0.5698788166046147,-0.35330891609191895,-0.4894533157348633,-0.6379590034484859,-0.8034973144531254
1SMF_E_I,1SMF,I,2,T,E,194,G,2.058861248035071,,L,0.0160902835667065,0.0178696525866706,-0.0017793690199640992,23,23,0,0.19192120999999998,0.15364823,0.5305356654453938,-0.008337238914002815,1.0,0,,-0.29999999999999993,300.0,0.2474829256534577,0.20423900336027148,0.2292566448450089,0.1539562419056893,0.22200238704681402,0.1396939232945442,0.1943989023566246,0.14433963596820829
1SMF_E_I,1SMF,I,3,K,E,173,C,5.724672691392866,,L,0.0026915352897693,0.0137544637690766,-0.011062928479307302,31,30,1,-0.5349153600000001,0.22928966,0.30878078764536476,0.000435886064120497,1.0,0,-15.015007019042965,-6.4,300.0,-0.6110513508319855,-0.04713287949562073,-0.9258408546447752,-0.20395338535308838,-0.7850392535328865,-0.5034775957465172,-0.7523234188556669,-0.45050397515296936
1SMF_E_I,1SMF,I,8,E,E,22,Y,1.0191501068131246,,L,0.3759272700791768,0.3925439330002626,-0.016616662921085767,13,11,2,-1.913884,-1.7284279000000002,1.4269890740289188,-0.05145873916511359,0.0,0,4.895233154296874,-2.2,300.0,-2.19540274143219,-2.031569004058839,-1.4189314842224117,-2.5442339181900024,-1.4383327960968018,-2.425795555114746,-2.135068893432617,-1.1217355728149414
1TM1_E_I,1TM1,I,39,T,I,37,I,2.6491821965802167,,L,0.004752785094931,0.0008142361122658,0.0039385489826652,28,27,1,0.43275090000000005,-0.08600530000000006,-0.8685836966600112,-0.010388773414303692,1.0,0,-5.036865234375,-5.2,298.0,0.09350705146789551,0.528398871421814,-0.34678423404693626,-0.08830463886260986,1.1276886463165283,0.8394930362701416,1.4784243106842045,-0.17041468620300293
1TM1_E_I,1TM1,I,40,M,E,154,G,1.0272076276256512,,L,0.06899965967547,0.0430013408968028,0.025998318778667207,34,33,1,-1.66507616,-1.70309853,0.391732657995554,-0.0221088177607677,0.0,0,,2.3,298.0,-1.4444191232323647,-1.3048534244298935,-1.1426879316568375,-2.0385607406496997,-1.8103525638580322,-2.1060634329915047,-1.6753861457109451,-1.798286721110344
1TM1_E_I,1TM1,I,41,E,E,155,N,2.9880981051157702,,L,0.0207752524446374,0.0246237136805926,-0.0038484612359552008,26,28,-2,-2.7171962,-3.50744179,0.03871867407959251,5.4337899692391556e-05,0.0,0,27.37162399291992,0.0,298.0,-3.3341990560293198,-2.2955960631370544,-2.6587962731719017,-2.6074863225221634,-2.225966602563858,-2.4035957902669907,-3.0908526480197906,-3.1210787892341614
1TM1_E_I,1TM1,I,42,Y,E,62,N,2.5794003172045445,,L,0.197940152308081,0.1811543290222102,0.016785823285870805,23,21,2,-0.33775609999999995,-0.44741897999999997,1.2248895516515652,-7.542874555840906e-05,-0.5,0,2.810272216796874,2.2,298.0,-0.17612570524215698,-0.47250664234161377,-0.17371690273284912,-0.26771706342697144,-0.412985622882843,-0.4909041821956635,-0.3929111659526825,-0.31518203020095825
1U7F_B_AC,1U7F,B,65,R,C,63,R,1.8071269636945604,,H,0.3957436651270693,0.4313408385707242,-0.03559717344365487,16,17,-1,0.9832236000000001,1.7635422,0.22192072175678945,0.06611151384580141,0.0,0,-22.256637573242188,0.0,310.0,0.3908613920211794,0.6148327589035034,1.939997911453247,1.2215807437896729,1.6676784753799438,0.7176223993301389,0.7459803819656372,0.5672354698181152
1U7F_B_AC,1U7F,B,140,D,B,69,H,2.780237853642562,,H,0.0112247316979996,0.0350289532732448,-0.023804221575245203,18,20,-2,-0.9356668000000001,-1.1293028999999999,0.5687846309204184,0.0334390669356347,0.5,0,11.029659271240236,-0.2999999999999998,310.0,0.012152552604675293,-0.8135741949081421,-1.510101199150085,-0.5208458900451656,-0.43623030185699463,-1.6631190776824951,-1.4385370016098022,-1.1150804758071897
1UUZ_A_D,1UUZ,A,62,H,A,91,P,1.7740327276755175,,H,0.3566117894337805,0.3490160059522447,0.007595783481535834,22,20,2,-0.6784172000000002,-1.3713151,-3.41437220881005,-0.09604987103012708,0.5,0,-17.740520477294922,-1.6,298.0,0.2768678665161133,-0.8444254398345943,-0.4043142795562744,-1.1378307342529297,-0.8587946891784664,-1.0507841110229492,-0.5262749195098877,-0.8817789554595947
1VFB_AB_C,1VFB,A,32,Y,C,24,S,1.528133111318533,0.8509648319333666,L,0.03122169155905,0.0365119290050647,-0.005290237446014697,20,22,-2,2.4659706,2.3317979,-0.09816207355950712,-0.0659654259514855,-1.0,0,11.055580139160156,-0.5,298.0,3.1948217153549194,2.6682451963424687,2.5008561611175537,1.250608444213867,2.295002341270447,3.020523190498352,2.614132881164551,2.1835772991180424
1VFB_AB_C,1VFB,A,92,W,B,31,G,3.0378472845590494,0.3064652561563855,L,0.1290774275765337,0.1201998928727448,0.008877534703788909,17,15,2,2.8824252,2.7358057999999996,-0.15440066649758655,0.0388269890510031,0.0,0,,-0.5,298.0,2.4797122478485116,2.9781064987182617,2.8480966091156006,3.3235901594161987,2.508417844772339,2.88444185256958,2.828756332397461,3.208283543586731
1VFB_AB_C,1VFB,B,100,D,C,119,D,3.005001188637171,0.9530876824425276,L,0.172918193961587,0.2000831560703803,-0.027164962108793295,22,20,2,-0.4343999999999999,-1.0685137,-0.34056555449321424,-0.08864171270418009,1.0,0,13.16864013671875,0.0,298.0,-0.15017974376678467,0.2656193971633911,-0.25718986988067627,-0.7574625611305236,-0.7267606258392334,0.12032437324523926,-0.355693221092224,-1.6138570904731755
1VFB_AB_C,1VFB,C,121,Q,C,120,V,2.8769973068420085,0.9169496673026039,H,0.001157761654245,0.0283905511568441,-0.0272327895025991,21,23,-2,0.9449342000000001,1.6485025,-0.06410931965902678,0.075807465591967,1.0,0,9.004951477050781,-7.7,298.0,2.747390627861023,1.5880206823349,-0.5370316505432127,0.34274947643279985,-0.7366071939468386,0.7821700572967529,2.1638675928115854,1.2089145183563232
1VFB_AB_C,1VFB,C,124,I,C,27,N,1.2314175678494845,,H,0.0264266604382162,0.02875985085162,-0.0023331904134037997,24,26,-2,1.7546109699999999,2.62912254,0.48627588033967795,0.058582550608336004,-0.5,0,-0.5758476257324219,8.0,298.0,1.64265638589859,2.8779179453849792,1.8343083262443542,2.1306637823581696,1.279578387737274,1.9970670342445374,1.623002052307129,0.6516947746276855
1VFB_AB_C,1VFB,C,125,R,C,102,G,1.8368993808269287,,H,0.2593153856253631,0.2344371940809318,0.0248781915444313,12,13,-1,0.9352456,0.9933453999999999,-0.8583767339716194,0.04428884500863711,0.3333333333333333,0,,-4.1,298.0,0.601609587669373,0.8795492649078369,0.5671155452728267,1.2984299659729002,1.3050353527069094,1.436853051185608,0.33533358573913574,1.0580401420593262
1XGQ_AB_C,1XGQ,B,33,V,B,52,S,1.1525789787935092,,L,0.0123210609750353,0.0108483435769194,0.0014727173981159015,20,21,-1,-2.7910296999999997,-2.0260344000000003,-1.4391564028613169,0.011465344587497706,-1.0,0,-1.4273796081542969,5.0,298.0,-2.778918385505677,-3.037676453590393,-2.4967095851898193,-3.4592777490615845,-2.752764582633972,-2.19691801071167,-3.0463106632232666,-2.5596632957458496
1XGR_AB_C,1XGR,B,33,I,C,101,D,2.2602064692392574,,L,0.0,0.0121222857268943,-0.0121222857268943,18,19,-1,-1.3547205999999998,-1.0417385000000001,-1.045207145623802,-0.05377213863916691,-0.5,0,-5.730792999267578,8.0,298.0,-2.374496579170227,-0.5755977630615239,-2.145049810409546,-1.2888078689575195,-0.7554409503936772,-1.2489314079284668,-0.8451519012451167,-1.6042888164520264
1XGT_AB_C,1XGT,B,33,L,C,101,D,2.198891059077828,,L,0.0,0.0062270050758301,-0.0062270050758301,19,19,0,-1.6076493999999997,-1.5628494999999996,-1.3104167523640853,-0.060272851951812006,-0.5,0,5.652961730957031,7.3,298.0,-2.145545482635498,-0.9414703845977788,-1.9540557861328125,-1.579697847366333,-1.5064904689788818,-1.83152437210083,-0.8348875045776367,-2.0675220489501958
1XGU_AB_C,1XGU,B,33,F,B,52,S,4.060660828476691,,L,0.0,0.0,0.0,19,20,-1,-2.1263306,-2.8037196,-0.4629016295264153,-0.0017072307397519026,-1.0,0,-7.736400604248047,3.5999999999999996,298.0,-2.3303252458572388,-2.259649872779846,-2.3675023317337036,-1.4981262683868408,-1.5931487083435059,-2.2939707040786743,-2.639317035675049,-2.028605222702027
1Z7X_W_X,1Z7X,W,261,W,X,117,V,1.3353555091961204,,L,0.0617758766838476,0.0644887347206276,-0.002712858036780008,23,24,-1,-2.5500008000000003,-3.4548408999999998,-1.0452322702594061,-0.13591624203228891,0.0,0,54.86820602416992,-5.1000000000000005,298.0,-2.10944402217865,-1.9555760622024536,-3.37201189994812,-2.8498634099960327,-2.3057910203933716,-3.4020987153053284,-2.5447214245796204,-1.8605005741119383
1Z7X_W_X,1Z7X,W,263,W,W,377,A,2.2114274623341164,,H,0.0740946169041249,0.040299750503095,0.033794866401029904,25,25,0,-2.0792908000000003,-3.3277724,-0.20058948300589274,-0.0424619450239596,1.0,0,,-2.7,298.0,-2.5629124641418453,-2.221941232681274,-2.2068831920623784,-0.9916155338287349,-1.5947341918945312,-2.0740342140197754,-2.7504208087921143,-2.231781840324402
1Z7X_W_X,1Z7X,W,287,E,W,439,S,1.320732873103489,,L,0.1555716344097911,0.1668843246330662,-0.011312690223275107,18,18,0,-1.0585328,-1.6531534799999998,-2.480661657303184,-0.150826817210515,-1.0,0,-8.108413696289062,-2.7,298.0,-0.8769071698188784,-1.7052803039550781,-0.8699759542942047,-0.2361409664154053,-0.8258639127016068,-1.6019833236932755,-1.516595870256424,-0.8355148732662199
1Z7X_W_X,1Z7X,W,320,K,X,88,G,1.320732873103489,,H,0.1068296573880782,0.1194400127983559,-0.01261035541027769,23,23,0,-1.7742690999999997,0.45535380000000014,-0.7841267163690278,-0.1045219384858311,0.0,0,,-3.5,298.0,-2.748644113540649,-2.116375088691711,-2.2600947618484497,-0.7852065563201904,0.28380560874938965,-2.104430913925171,-2.657482862472534,-1.8057254552841187
1Z7X_W_X,1Z7X,W,375,W,X,38,R,1.6688123025080832,,L,0.1435766110024238,0.1393031928635703,0.004273418138853513,23,22,1,-1.1093514,-1.0324573,-1.1341252936243944,-0.21529104048887127,1.0,0,-0.9159393310546857,3.6,298.0,0.18110299110412598,-1.2835514545440674,-1.839137077331543,-0.8666508197784424,-1.68224048614502,-1.3682023286819458,-1.107980966567994,-0.9081516265869141
1Z7X_W_X,1Z7X,W,401,E,X,70,N,1.305740004630683,,L,0.17424898909013,0.1684907249343293,0.005758264155800719,19,18,1,-1.02001428,-1.2012985600000001,-1.5851991538989483,-0.11078212623881434,0.5,0,-0.6143798828125,0.0,298.0,-0.5876897573471069,-1.8140493631362915,-0.8466218113899231,-0.33299487829208374,-0.5990488231182098,-1.1498080492019653,-1.313815861940384,-1.51608607172966
1Z7X_W_X,1Z7X,W,434,Y,X,10,Q,5.953264042870864,,H,0.0121305440376078,0.0341554692854353,-0.022024925247827502,20,22,-2,1.123954,0.9501736999999999,0.1497853448301294,-0.09356693628893761,-0.5,0,12.245105743408205,2.2,298.0,1.0309071540832524,0.8721824884414677,1.6151916980743408,0.33049476146698,1.3340994119644165,0.8848048448562622,1.4754860401153564,1.4484676122665405
1Z7X_W_X,1Z7X,W,435,D,X,87,N,3.6607903964813246,,H,0.1779571202992242,0.1562012912825681,0.021755829016656097,22,22,0,-0.09209120000000004,-0.8618056000000003,-0.6689307071388665,0.052613378797364774,0.5,0,-14.466201782226562,0.0,298.0,-0.8013143539428711,-0.2810328006744385,0.20621085166931197,0.18465757369995162,0.4049227237701416,-0.6055870056152348,-0.302609920501709,0.4580252170562744
1Z7X_W_X,1Z7X,W,437,Y,W,318,W,2.6229603015683534,0.9930255101262047,L,0.0555500433317187,0.0455593919642831,0.009990651367435599,25,24,1,0.3570314999999997,-0.1037094999999999,0.6299359202203638,0.1206340434311895,0.0,0,-19.609169006347656,-0.4,298.0,0.979968786239624,0.47376394271850586,0.017769336700439453,0.7400991916656494,0.17038226127624467,-0.8298232555389404,0.19968342781066895,1.1044106483459468
2A9K_A_B,2A9K,B,65,E,B,45,K,3.1516228401257504,,H,0.1937186672678024,0.2043591514669276,-0.010640484199125194,20,21,-1,0.70442914,0.9530011999999999,-0.8453134118746518,-0.014836729881656602,0.0,0,-21.661918640136715,0.3999999999999999,310.0,0.9897321462631223,0.5236104428768158,0.7523800730705261,0.7913686037063599,1.1401266157627106,0.5436002016067505,0.5319402217864988,0.3626742362976074
2AJF_A_E,2AJF,A,23,Y,A,335,K,1.451750584608139,,H,8.028343182684427e-05,0.0386693637309103,-0.03858908029908346,21,23,-2,0.9439165400000001,1.1002036,0.2236216200487109,-0.000335288720557797,0.0,0,3.372814178466797,2.5999999999999996,298.0,0.5881227850914001,1.3849573731422424,0.6280497908592223,0.2125256061553955,0.9670797437429428,0.6059017777442932,1.4697716385126114,1.6949247270822525
2AK4_ABC_DE,2AK4,A,151,R,A,166,E,1.3667185414670637,,H,0.3436529212274086,0.3628015399317074,-0.019148618704298792,16,16,0,-0.030081800000000047,-0.6850235,-0.6196136501560585,-0.022203248235353884,0.3333333333333333,0,-22.648422241210938,-1.0,298.0,-1.2248021364212034,-0.10429227352142334,0.2168912291526791,0.14785778522491455,-0.20283222198486328,-0.14600718021392822,0.3779336214065552,0.694596529006958
2AK4_ABC_DE,2AK4,A,157,R,A,150,A,1.403360330923035,,H,0.2355437842570769,0.2371303549012206,-0.00158657064414372,21,19,2,0.94560218,0.40795819999999994,0.39430090011899643,-0.01695171440579607,0.0,0,,-6.3,298.0,0.436303049325943,1.2952390462160113,0.7778889834880829,0.8527023196220398,0.8479194641113283,1.4297582805156708,0.8031474947929382,1.1218578219413757
2AK4_ABC_DE,2AK4,C,4,P,D,96,F,1.0959006384745251,,L,0.026344376511513,0.0142489171077664,0.012095459403746602,22,23,-1,4.14076874,4.2358633,0.2770862813151975,0.0781027256896615,0.0,0,4.623432159423828,-4.4,298.0,4.371182948350906,4.333412170410156,4.503804534673691,3.1995332837104797,4.571766301989555,3.411310166120529,3.919016808271408,4.816123425960541
2AK4_ABC_DE,2AK4,C,5,L,E,28,N,1.403360330923035,0.822526318997111,L,0.0062728180578216,0.0043230502237239,0.0019497678340977005,26,25,1,-0.44981659000000007,-0.49266616,0.017935976909278173,0.033570586517133516,-1.0,0,-3.4722061157226562,7.3,298.0,-0.08985003829002389,-1.3869165778160095,-0.46307879686355596,-0.20092743635177607,-0.4772900938987732,-0.4589410573244095,-0.47583682835102087,-0.045692235231399536
2AK4_ABC_DE,2AK4,C,6,P,C,8,G,1.403360330923035,,L,0.0653921645792352,0.0544070419587258,0.0109851226205094,25,23,2,-0.02094683,-0.030684859999999994,-0.02587651548438985,0.0045016766775793915,0.0,0,,-1.2000000000000002,298.0,-0.029833413660526192,-0.0158072039484978,-0.029521830379962893,-0.013481728732585907,-0.020642995834350503,-0.0022214278578759072,-0.019642129540443407,-0.0364239439368248
2AK4_ABC_DE,2AK4,C,7,Q,E,27,H,1.403360330923035,,L,0.027708024315314,0.033395519731125,-0.005687495415811001,28,27,1,-1.2641848999999998,-1.8914876999999999,0.13976249905808347,-0.05787969074655139,-0.5,0,-5.277519226074219,-0.2999999999999998,298.0,-1.2854071855545044,-0.7998034954071045,-1.6069107055664062,-1.7020527124404907,-1.248572826385498,-1.4811720848083496,-0.8035988807678225,-1.1859616041183472
2AK4_ABC_DE,2AK4,D,97,Y,E,93,G,1.403360330923035,,L,0.0313066731172758,0.0552775792556558,-0.023970906138380002,23,22,1,-1.14086328,-1.07930536,-0.8822369632207221,-0.020679202895130394,1.0,1,,-0.9,298.0,-1.5503773167729378,-1.0208881497383118,-1.4473719000816347,-1.80118864774704,-0.6144621968269348,-0.5506575703620911,-0.7821699976921082,-1.3597904443740845
2AK4_ABC_DE,2AK4,D,98,N,A,158,A,1.403360330923035,,H,0.0056771109850107,0.0,0.0056771109850107,24,26,-2,-2.343736,-2.8212836599999997,0.23313218303465466,-0.035914006268316506,0.5,0,,-5.3,298.0,-2.192670464515686,-2.635909020900726,-1.8922200798988342,-2.142655670642853,-2.912806928157807,-2.6098327040672302,-1.5989351272583008,-2.764859199523926
2AW2_A_B,2AW2,B,16,P,B,33,G,2.5744374477294474,,L,0.0153414562122684,0.0101922786017045,0.005149177610563901,30,28,2,-0.087674956,-0.138319405,0.3491523873541678,0.014447092729273692,0.0,0,,-1.2000000000000002,298.0,-0.042888879776001004,-0.08517795801162721,-0.04201559722423549,-0.0428234636783599,-0.12443488091230401,-0.0583215951919555,-0.12403299659490591,-0.1817042231559754
2AW2_A_B,2AW2,B,22,Y,B,7,E,1.8842400174523888,,L,0.1571157833788595,0.1588510458796019,-0.0017352625007423794,25,23,2,-0.34259656,-0.16966394999999998,-1.325058050832281,-0.05290579946085261,0.0,0,6.179786682128906,2.2,298.0,-0.2209450900554657,-0.4917930215597153,-0.3015370815992356,-0.41744279861450195,-0.5469497740268707,-0.2535570114850998,-0.16208472847938538,-0.34646303951740276
2AW2_A_B,2AW2,B,35,V,A,4,Q,1.0959006384745251,,E,0.0562196104114576,0.0465140330850187,0.009705577326438904,22,21,1,0.4706210000000004,0.8968726000000002,1.0090837026467896,-0.049825020269176706,-0.5,0,-3.5456695556640625,7.7,298.0,-0.004951000213623047,0.5717399120330806,1.046292781829834,0.10863542556762695,0.09047722816467285,0.3503611087799072,0.540003776550293,1.0624101161956787
2B42_A_B,2B42,A,357,H,A,362,G,1.6212374728821843,,H,0.115510648295963,0.0989499013141976,0.016560746981765392,25,26,-1,-3.877613806,-3.24397733,-0.8340804763214495,0.08414358649292669,0.5,0,,-2.8000000000000003,295.0,-2.9766817539930344,-4.190343603491783,-3.875546090304851,-4.267969340085983,-4.01958055794239,-3.955628603696823,-4.28056426346302,-3.454595886170864
2BNR_ABC_DE,2BNR,A,66,K,A,72,Q,1.6885781242920541,-0.09624154412630512,H,0.0421557444226159,0.0275845647840652,0.014571179638550702,26,27,-1,1.2043845,0.7745352999999999,-0.25277684002040357,0.006283883253776101,-0.5,0,6.1388702392578125,-0.3999999999999999,298.0,0.753456234931946,0.22461068630218484,1.5037270784378052,0.9489656686782837,1.6341986060142517,1.3802520632743835,1.4676393866539001,1.7222270965576174
2BNR_ABC_DE,2BNR,A,73,T,A,69,A,1.2844846939463561,,H,0.0,0.0,0.0,25,26,-1,-1.0983899,-1.0444898999999999,-0.06867487699644004,0.018870083202750187,1.0,0,,-2.5,298.0,-1.3753073066473007,-0.8636321425437927,-1.0568985342979431,-1.4111242890357971,-0.6094335615634918,-0.8312620520591736,-1.5026768445968628,-1.1367851495742798
2BTF_A_P,2BTF,P,59,F,A,354,M,1.5950260239100018,,H,0.1215832612698351,0.1243028291952978,-0.0027195679254626987,20,20,0,0.37654560000000004,1.6136553,-1.5001113138309847,-0.0994805621810314,0.0,0,-17.641510009765625,0.8999999999999999,298.0,0.7314414978027344,0.7059698104858403,1.1005628108978271,0.10340189933776855,0.006629228591918945,-0.19669842720031694,1.1143975257873537,-0.5533387660980225
2FTL_E_I,2FTL,I,15,K,E,171,S,10.28976577795631,,L,0.0013087171805378,0.0011513228372002,0.00015739434333760004,34,36,-2,1.9800854499999998,2.07682682,-0.4701708831323934,-0.0493858652327812,0.0,0,-5.706600189208984,-3.0999999999999996,295.0,1.9645838737487797,2.3171098232269287,0.9041397571563721,2.119808614253998,1.5870841145515442,2.128394603729248,2.915272533893585,1.9042912125587463
2FTL_E_I,2FTL,I,18,I,E,192,W,4.969061230435361,,E,0.027512529995354,0.031945656322425,-0.004433126327070998,26,26,0,-0.002189519999999945,-0.13544029000000002,-0.3601746116801826,0.02870450078309361,-1.0,-1,-1.5770492553710942,5.4,295.0,0.14509600400924683,-0.11138427257537842,0.07120797038078314,0.25064450502395635,0.01115915179252619,-0.25874042510986334,0.17783725261688232,-0.3033363223075867
2FTL_E_I,2FTL,I,34,V,E,130,Y,4.049499266702131,,L,0.2373195519709061,0.2367243799355891,0.0005951720353170042,19,18,1,0.054998400000000114,0.20590710000000012,-1.1642197630811124,-0.0063617865419260955,0.0,0,0.6697235107421875,5.5,295.0,0.6787210106849673,-0.2883252501487732,0.5292502641677856,-0.6599922776222231,-0.24709206819534302,-0.20070064067840576,0.36756086349487305,0.2605651617050171
2FTL_E_I,2FTL,I,39,R,E,195,G,4.049499266702131,,L,0.4498816282013478,0.4112564385473131,0.03862518965403472,17,16,1,-2.0876317,-2.26733707,0.9447795710134965,-0.017654116570913092,0.0,0,,-4.1,295.0,-1.7427133619785309,-2.0192152112722397,-1.9082234501838684,-2.0698136687278748,-2.270260483026504,-2.4572751224040985,-2.15166737139225,-2.0818822383880615
2G2U_A_B,2G2U,B,53,Y,B,47,A,2.3007136524833776,,E,0.0047893208400045,0.0124367861929538,-0.007647465352949301,24,22,2,-0.43561521000000003,-0.38406169999999995,-0.2253761431152409,-0.005939159605422295,1.0,0,,-3.1,298.0,-0.4063728153705597,-0.5943513512611389,-0.6695259511470795,-0.4244841039180756,-0.31009262800216675,-0.19539645314216614,-0.4393913149833679,-0.44530740380287176
2G2U_A_B,2G2U,B,148,H,B,128,S,1.1184495656132085,,E,0.0197388438560277,0.0117805633302364,0.0079582805257913,19,20,-1,0.43455790000000016,0.1778211999999999,0.20047994125948793,0.018876164515560512,0.0,0,-7.2296600341796875,-2.4000000000000004,298.0,0.2149360179901123,0.9738616943359375,-0.7600493431091309,1.8251734972000118,-0.8728532791137691,-0.01757097244262651,1.643457651138306,0.46950864791870117
2GOX_A_B,2GOX,B,31,R,A,101,N,1.8823314008138718,,H,0.1415774204728797,0.1331477998400185,0.008429620632861179,19,20,-1,1.6304961,1.2661731999999999,0.3757313882822225,0.010110343137540223,0.3333333333333333,0,-2.1776885986328134,-1.0,298.0,1.4383045434951782,2.1136238574981694,2.238352656364441,1.91709303855896,1.737008810043335,1.1630303859710693,1.272965431213379,1.1635874509811401
2GOX_A_B,2GOX,B,38,N,A,100,V,1.451005839075164,,H,0.024449111065453,0.0213093529824688,0.003139758082984199,24,22,2,2.1431964,2.29189114,0.0756375260337141,0.017720520339643026,0.5,0,16.89220428466797,-7.7,298.0,2.8241124972701073,1.6954344063997269,1.7044996768236158,2.5046473890542984,2.3332933709025383,1.8918267488479616,2.6936560422182083,1.4981004744768143
2J0T_A_D,2J0T,D,2,T,A,77,L,4.387812204059009,,L,0.0024630023526529,0.0,0.0024630023526529,27,27,0,-1.1097914999999998,-1.8628213000000002,-2.8452211163172763,-0.014702219206816108,1.0,0,-5.6009368896484375,-4.5,305.0,0.6407628059387207,-1.540903091430664,-2.0986737608909607,-0.8679446280002594,-0.7888444662094116,-1.3581755161285405,-1.9640434384346008,-0.9005100727081299
2J0T_A_D,2J0T,D,66,M,A,75,G,1.6804579784970595,,L,0.23750016652106,0.2295859936066704,0.007914172914389617,22,24,-2,-2.9014264300000003,-3.40803494,-2.003805212542564,0.028704834454432893,0.0,0,,2.3,305.0,-3.602901577949524,-2.7797950506210327,-2.9910138845443726,-2.875608265399933,-2.764968991279602,-3.066261410713196,-2.861928701400757,-2.268933415412903
2J0T_A_D,2J0T,D,68,S,D,99,C,2.1054297391793457,,H,0.063235889109478,0.0620982261384035,0.0011376629710744962,25,23,2,-0.6402083700000001,-0.5022112,-0.3137168168896498,-0.022781611426495207,1.0,0,0.4737510681152344,-3.3,298.0,-1.0203354731202126,-0.6515238210558891,-0.7672479078173637,-0.16201698780059814,-0.6890496462583542,-0.26280879974365234,-0.5523171424865724,-1.0163674503564835
2NYY_DC_A,2NYY,A,891,L,C,95,G,2.589209962967786,,L,0.061830612733118,0.041973345214508,0.01985726751861,23,25,-2,2.552658,1.5014645999999998,-0.21555047745981593,-0.05830445303515874,0.0,0,,4.2,296.0,2.933854818344116,1.2562055587768555,2.5619215965270996,3.3687299489974976,1.49713134765625,2.4402251243591304,3.372906804084778,2.990286111831665
2NYY_DC_A,2NYY,A,925,F,C,100,F,4.058501760948707,,L,0.0335310182104314,0.0336390511263707,-0.00010803291593930453,24,24,0,-0.021272100000000016,-0.14225659999999984,-0.2837418432469744,0.0013929996021871949,0.0,0,4.6454925537109375,0.0,296.0,-0.09523558616638161,0.45362997055053733,0.6369121074676514,0.046388745307922585,0.1928248405456543,-0.6236275434494019,-0.2587122917175293,-0.5223565101623535
2NYY_DC_A,2NYY,A,1036,H,C,32,Y,7.319427268768097,,H,0.0184862067969828,0.0220811345142916,-0.0035949277173088004,20,20,0,0.4576112,0.32710132999999997,0.26146188699156103,0.025438301674184705,0.0,0,-0.7285499572753906,-1.9000000000000001,296.0,0.3804425597190857,0.17699694633483887,0.2574441432952881,0.6742655634880066,0.3059208393096924,0.6671948432922363,0.5062371790409088,0.6923872232437134
2NZ9_DC_A,2NZ9,A,890,N,C,96,N,2.160031290132344,,L,0.0125366585673925,0.0118641909389996,0.0006724676283928997,24,26,-2,0.93427506,1.40804208,0.5806907598175572,-0.07217976163524581,0.0,0,12.1846923828125,0.0,296.0,0.6451986730098724,0.5097664296627046,0.9054452925920486,1.563186600804329,1.406967669725418,1.318428248167038,0.5457479804754258,0.5794600695371628
2NZ9_DC_A,2NZ9,A,891,L,C,35,S,2.2799642665477884,,L,0.03120665639263,0.0339479442671908,-0.0027412878745607973,24,24,0,0.34668009999999994,0.9553461000000003,-0.025266318072027838,0.006469042178415818,-1.0,0,5.115444183349609,4.6,296.0,1.4962067604064941,-2.520925760269165,1.9485737085342412,-0.5208429098129272,0.7031526565551758,-0.4049573540687563,0.4664185047149658,1.6058154106140137
2NZ9_DC_A,2NZ9,A,925,F,C,95,G,3.340438225057939,,L,0.0280036849903291,0.0285500556514787,-0.0005463706611495978,24,25,-1,2.2492163000000005,2.5233563,0.5622701071065658,0.015360903795234304,0.0,0,,3.1999999999999997,296.0,1.5355315208435059,2.452387809753418,2.711639642715454,2.714355945587158,2.677367925643921,1.8908123970031738,2.4340586662292476,1.5775752067565918
2NZ9_DC_A,2NZ9,A,1036,H,C,32,Y,7.419701127593354,,H,0.0209174204098128,0.023264029115884,-0.002346608706071198,20,20,0,0.1251065,-0.4330806999999999,-1.0076729114131442,0.022723788085838914,0.0,0,1.0690345764160138,-1.9000000000000001,296.0,-0.22532689571380615,-0.14163392782211304,0.023527145385741965,0.22337067127227794,0.27825528383254994,0.2856830358505247,0.32329338788986206,0.2336820363998413
2O3B_A_B,2O3B,B,24,E,A,89,R,5.472463386398492,,L,0.0016457274705271,0.0172477272815142,-0.015601999810987102,25,25,0,-0.4164762000000001,-1.1212982,0.43660235263171265,0.031176657929204016,0.6666666666666667,0,26.802452087402344,1.0,298.0,-1.222088813781738,0.32616063952445984,-0.9249267578125,0.19876450300216675,-0.43600183725357067,-1.3333724737167356,0.273466020822525,-0.2138119339942932
2PCC_A_B,2PCC,A,197,V,A,193,A,2.101740090652802,,L,0.0154183672442851,0.0325129118075811,-0.017094544563295996,21,20,1,1.36719137,1.78816674,0.08894446244259957,-0.08972518370889371,0.0,0,,2.4000000000000004,298.0,0.9251387715339661,1.670857459306717,1.5452555119991302,1.399912178516388,1.7193191945552826,1.9175361692905426,0.8654618859291079,0.894049346446991
2PCC_A_B,2PCC,A,290,E,A,32,E,6.199777156615607,,H,0.4055461011046838,0.3819892897967993,0.023556811307884507,14,12,2,-0.28994070000000005,-0.5706245000000001,-0.37718351382949583,0.1699005601374196,0.0,0,-24.574623107910156,0.0,298.0,-0.23087704181671143,-0.4982419013977051,-0.7602110505104066,0.1126718521118164,-0.6023523807525637,-0.34821367263793945,0.1353590488433839,-0.12766003608703635
2WPT_A_B,2WPT,A,27,E,A,31,N,1.7331760686627418,-0.2590991581572307,H,0.1601804561913726,0.1625461874532338,-0.0023657312618611814,18,19,-1,2.1535469000000003,1.2651554000000003,0.059857233905934004,-0.010309674881505082,0.0,0,-2.9225463867187536,0.0,298.0,1.8430190086364746,3.590330958366394,2.3888351917266846,2.6032662391662598,1.9608168601989755,0.8887584209442141,1.7871949672698975,2.1661527156829834
2WPT_A_B,2WPT,A,34,V,A,50,I,3.80759418473735,,H,0.0,0.0,0.0,23,24,-1,0.39567443,0.25862319999999994,-0.3310979354145044,0.030786307150519582,0.0,0,6.9093017578125,-0.2999999999999998,298.0,0.4834928512573242,0.25090765953063954,0.455084890127182,0.528252184391022,0.4839687943458555,0.4556514620780946,0.5479589402675629,-0.03992140293121327
2WPT_A_B,2WPT,A,38,E,A,20,A,4.501153137793563,,H,0.0662632264752852,0.0676851969270965,-0.0014219704518113052,20,21,-1,2.7763269,2.23162106,-0.008474170193424335,0.0376132604218882,0.5,0,,-5.3,298.0,2.94223353266716,2.092040061950683,2.640303492546081,2.1414202451705933,2.8992205262184143,3.0808186531066895,3.1467369496822353,3.2678408473730087
2WPT_A_B,2WPT,A,47,S,A,22,A,2.4246162835990783,,H,0.0020346754868634,0.0043839347571216,-0.0023492592702581997,22,21,1,-0.92878734,-1.76737748,0.204429267618511,-0.0009492743677927962,1.0,0,,-2.6,298.0,-0.4918813407421114,-0.8882381319999695,-1.0209076702594755,-1.5484786629676819,-0.652267038822174,-1.0045918226242065,-1.464857578277588,-0.359075903892517
2WPT_A_B,2WPT,A,48,D,B,70,S,5.214129786929024,-0.45693659990939217,H,0.1674450840473047,0.1820801151179127,-0.014635031070607984,18,19,-1,2.3625874,2.2535452,0.33558722795744933,0.0312601587504579,0.5,0,6.2014083862304705,-2.7,298.0,2.206722751259804,2.8730070739984512,1.943947196006775,2.1924679279327393,2.4707896411418915,2.401281461119652,2.2508070915937424,2.5616762191057205
2WPT_A_B,2WPT,A,51,Y,A,30,D,5.214129786929024,-0.7758555558295367,H,0.0192425586873389,0.0220018825516157,-0.0027593238642768005,24,24,0,-0.38431640000000034,-1.0303156999999998,-0.10355637742321466,-0.044328691020666694,-1.0,0,-12.315444946289062,2.2,298.0,0.7438323497772215,-1.0001240968704228,0.9045817852020268,-1.4818130731582642,-0.3841698169708252,-0.2623870372772217,-0.3039791584014897,-1.2904728651046753
2WPT_A_B,2WPT,A,52,Y,A,59,D,5.214129786929024,,L,0.2972600770774331,0.2704077549893888,0.026852322088044334,18,18,0,0.5061563999999998,0.07968510000000006,-0.3547045523819004,-0.05345440987626557,0.0,0,0.8323898315429688,2.2,298.0,0.9186786413192749,0.4497969150543213,-0.1532186269760134,0.6766830682754514,0.4790084362030027,1.0940704345703125,0.288205742835999,0.2960277795791626
2WPT_A_B,2WPT,B,68,N,B,71,S,1.251038131995906,-0.09516641326410087,H,0.0042335204200204,0.0067159776708063,-0.0024824572507859003,26,26,0,3.0878457,3.2039644,0.24822256858238534,0.018349371306997986,1.0,0,17.576408386230472,-2.7,298.0,3.1176530122756962,2.95890074968338,3.5493706464767456,2.764172613620758,3.4117540121078496,2.861398339271546,3.5725859999656677,2.466929912567138
2WPT_A_B,2WPT,B,79,F,B,90,K,1.1696568149782867,0.6490273030865534,L,0.0202013139275945,0.0281037359913988,-0.007902422063804301,25,24,1,1.9642761000000002,2.8022924000000002,-0.599636195923441,-0.0411869460958611,0.0,0,8.861339569091797,6.699999999999999,298.0,1.7071770429611206,2.1013593673706055,1.1775315403938293,2.5373239517211914,1.5019841194152832,2.5130730867385864,0.28600800037384033,3.8897544741630554
3AAA_AB_C,3AAA,A,258,R,B,138,D,2.2071155180453785,,L,0.384715047603061,0.3990838836731876,-0.014368836070126567,13,13,0,1.702462,1.1013317,-0.024332394832150606,0.1939009428611937,0.0,0,-9.021339416503906,-1.0,293.0,1.197618246078491,2.0556334257125854,1.460361242294311,1.49132239818573,1.6296589374542236,1.625171422958374,2.107993602752686,2.0519361495971684
3AAA_AB_C,3AAA,C,7,W,C,10,K,3.330200571862061,,H,0.0246584615996277,0.0310498777239804,-0.006391416124352699,24,25,-1,0.21029229999999988,0.044996500000000106,-0.20478436684405132,-0.006883055732591126,1.0,0,-4.453834533691408,3.0,293.0,0.7790695428848267,0.07902610301971413,-0.7979162931442261,-0.8254317045211794,1.1307082176208498,0.5050672292709353,0.49213242530822754,0.3196839690208435
3AAA_AB_C,3AAA,C,43,D,A,246,T,5.036890053552191,,H,0.0186926059791154,0.0028862343364138,0.0158063716427016,25,25,0,0.42587019999999987,-0.15921680000000027,0.17131603314124344,0.11228038802841261,-1.0,0,-7.362663269042969,-2.8,293.0,-0.2843844890594478,1.060640811920166,0.28305649757385254,1.1346755027770992,0.9366526603698726,0.39284539222717285,-1.048797845840454,0.9322745800018302
3AAA_AB_C,3AAA,C,77,E,C,66,H,1.9322020968794829,,H,0.1434281793861613,0.1553597392664134,-0.011931559880252102,19,17,2,-2.0367463,-1.1385741999999999,-0.20654652532309967,-0.08556562822511321,0.0,0,0.001529693603515625,-0.2999999999999998,293.0,-1.780102014541626,-2.469738006591797,-2.496075987815857,-2.259271740913391,-0.9775213003158572,-2.0350062847137447,-2.2357945442199703,-2.0404610633850098
3B4V_AB_C,3B4V,C,49,L,C,190,T,3.5789691628886766,,H,0.0,0.0,0.0,21,23,-2,0.5484978,0.54625395,0.10568388655775574,0.0303902679731331,-1.0,0,7.4300804138183585,4.5,298.0,0.5956240445375444,0.5278651192784309,0.6434100568294525,0.5446178168058396,0.6543679758906364,0.5620648115873337,0.4125552326440811,0.44747713208198553
3B4V_AB_C,3B4V,C,52,F,C,48,N,3.848450843750125,,H,0.1495558425123634,0.131860748736223,0.017695093776140397,22,21,1,0.4338291000000001,1.0468204,-0.2455452431592121,-0.058476675484887025,0.0,0,-1.5477256774902344,6.3,298.0,-0.044540405273437944,0.3732748031616211,0.23822498321533203,0.4441071748733523,0.38802194595336914,1.151968240737915,0.775031566619873,0.14454412460327148
3B4V_AB_C,3B4V,C,53,L,C,191,C,3.391638413012278,,H,0.0011521818393364,0.0233015026375402,-0.0221493207982038,21,20,1,0.14847721000000003,0.8705978,0.23830365612327187,0.0066984602907907975,0.0,0,5.994110107421875,1.2999999999999998,298.0,0.2429689168930054,-0.0337535813450814,-0.0800653919577598,0.34788438677787786,0.8174323216080667,-0.0273620262742042,-0.042731694877147605,-0.036555200815200806
3BK3_A_C,3BK3,C,3,I,A,92,N,1.038188887212829,,L,0.2774921737213252,0.257504467944973,0.01998770577635217,14,14,0,1.8069982,2.2105071,-0.0686752156258168,0.4458780981374846,0.0,0,12.184326171875002,8.0,298.0,2.720956802368164,1.175537347793579,1.861506700515747,1.550853967666626,1.9615137577056885,1.2504106760025024,2.5398205518722534,1.3953858613967896
3BK3_A_C,3BK3,C,28,I,A,25,P,1.2609510009474219,,L,0.0474544023519793,0.0489488446263523,-0.001494442274373002,19,18,1,-0.13027104,-0.11375613,-0.4023160159354208,0.018193550388554497,0.0,0,-45.00785064697266,6.1,298.0,-0.1800568550825119,-0.0741502791643143,-0.1525674089789391,-0.1317902505397797,-0.1420012786984444,-0.079082801938057,-0.130529135465622,-0.1519902721047402
3BN9_B_CD,3BN9,B,91,D,D,112,V,6.695209993104953,,H,0.1063448382481754,0.1235052405719767,-0.01716040232380131,23,23,0,3.46582557,3.6843710999999995,0.26375888418079113,-0.0536862205419506,0.0,0,-43.23921585083008,-7.7,298.0,3.207014799118042,3.6117735058069225,3.248006284236908,2.719375193119049,4.007135085761547,3.701089709997177,3.5960583835840225,3.6361501216888428
3BN9_B_CD,3BN9,B,93,T,B,188,Q,1.1320525192864097,,H,0.1726998055723471,0.1496850130957633,0.023014792476583806,21,23,-2,2.77013524,3.067442,0.19672153153129268,-0.0250402346378073,-0.5,0,6.9508819580078125,2.8,298.0,2.9546148478984833,2.7008631825447083,2.9162880331277847,2.6538590788841248,2.533395618200302,2.4541963785886765,3.0481105744838715,2.8997546434402466
3BN9_B_CD,3BN9,B,141,Y,D,77,N,1.0846522945473152,,H,0.2242429051344949,0.182533087735109,0.041709817399385896,17,17,0,0.5935516399999999,0.49042806000000005,-0.5598319248465553,0.028335153946828895,0.0,0,-10.427825927734375,2.2,298.0,0.7734759449958801,0.5683143734931946,0.5849405527114868,0.10540270805358909,0.7205216884613037,1.0143015682697296,0.4290686249732971,0.5523875951766968
3BN9_B_CD,3BN9,B,169,Q,D,30,S,2.5089841145082503,,H,0.065891662211423,0.0616589738519911,0.004232688359431892,20,20,0,-1.3900166200000001,-1.6363417,-0.009123095187928199,0.056227735966320413,-1.0,0,1.0732192993164062,-2.7,298.0,-1.608389861881733,-1.5793427750468254,-1.5003615394234657,-1.6121965944766998,-1.3239222466945646,-1.3840724006295204,-1.005699783563614,-1.106148287653923
3BT1_A_U,3BT1,U,55,L,U,125,T,1.0918021206051756,0.9856452747777401,L,0.0021245751258542,0.0362517745375671,-0.034127199411712904,22,21,1,1.8820065300000002,2.3140748,1.5450351638042612,-0.008965694064498292,-1.0,0,40.12715148925781,4.5,293.0,1.3053325414657593,1.452921569347382,1.2700535655021667,2.581761956214905,1.8420071005821228,2.3554039597511296,2.266875445842743,1.9816966652870178
3BT1_A_U,3BT1,U,66,L,A,15,N,1.3532036802006713,,L,4.421736579200966e-06,0.0231072730500093,-0.0231028513134301,24,24,0,0.9319021,1.02357056,1.9512823906196708,-0.013397694067222299,-0.5,0,4.136894226074217,7.3,293.0,0.7448566257953646,1.00218540430069,1.2505498528480528,0.8742964863777161,1.0002145767211914,0.9151969254016876,0.9185279607772827,0.7493890821933746
3BT1_A_U,3BT1,U,138,D,U,149,P,1.2736824855139126,0.5866993470197287,L,0.1230044107323424,0.1394318662321685,-0.01642745549982609,20,18,2,-0.11030430000000002,-0.31459375999999994,-1.4612836733818815,-0.07811390147820563,0.5,0,-22.122035980224606,-1.9,293.0,-0.14084130525588978,-0.7970885038375857,0.06289911270141602,0.24404808878898626,-0.10710108280181885,0.22669917345046997,-0.4827094078063967,0.11165922880172707
3BT1_A_U,3BT1,U,139,D,U,50,K,1.0304558913733406,0.6311675639260735,L,0.0929750437889364,0.0984363704626954,-0.005461326673759009,22,22,0,0.1526622999999998,-0.6031371000000001,-1.1708007099350433,-0.23925135645360243,0.0,0,16.731185913085938,0.3999999999999999,293.0,1.0510756969451904,-0.013445854187011719,1.1595468521118164,-0.06103038787841797,-0.41141819953918457,-1.4194772243499756,0.7111043930053711,0.20494151115417436
3BT1_A_U,3BT1,U,148,L,A,24,C,1.6337906568727276,,L,0.000497002080822,0.0192630617605534,-0.018766059679731398,21,23,-2,-0.18138695,-0.209807855,2.0226949266871217,0.008160647030768103,0.0,0,11.365798950195312,1.2999999999999998,293.0,-0.2978148013353348,-0.15555061399936682,-0.0903173089027405,-0.20831512659788132,-0.3361273705959321,-0.0698805004358291,-0.12687870860099798,-0.1662110760807991
3BT1_A_U,3BT1,U,164,H,U,142,L,1.010716690711439,0.7110530067665946,E,0.0492059037535543,0.0370121742233236,0.0121937295302307,25,27,-2,0.2585398999999997,0.32867999999999986,0.01842130674907827,0.016196721689271693,1.0,0,-44.008094787597656,-7.0,293.0,-0.15166497230529785,-0.36374521255493164,-0.0028295516967773438,0.6532690525054932,-0.20614981651306152,1.7432217597961426,-0.042946815490722656,0.439166784286499
3BX1_A_C,3BX1,C,87,Y,A,94,L,1.2982354886678278,,L,0.0,0.0,0.0,31,31,0,-0.22984956,-0.21339652,0.41767605936826213,-0.0233651686843558,1.0,0,-9.419448852539062,-5.1,298.0,-0.1686292588710785,-0.2700061649084092,-0.1637961342930794,-0.2435653805732727,-0.2216085642576217,-0.2776387929916382,-0.34674903005361557,-0.1468029171228409
3C60_CD_AB,3C60,C,40,K,B,50,A,1.5937182868909552,,H,0.354464682658286,0.3525966415407268,0.001868041117559227,13,13,0,0.62778336,1.0173708399999999,0.35412137996798276,0.010041185504181982,0.0,0,,-5.7,298.0,0.8281052708625793,0.6495262384414673,-0.07030075788497925,0.10350704193115212,0.8260271549224856,1.0453575551509857,0.8671938180923462,0.772850751876831
3C60_CD_AB,3C60,C,66,V,C,62,Q,1.2496401340118868,0.8683452699720843,H,0.0012023671996021,0.0,0.0012023671996021,25,27,-2,2.0333534,2.14515885,-0.041878655428744915,0.030799951040390794,-1.0,0,-47.148002624511726,7.7,298.0,2.4481702446937565,2.12392657995224,2.1120405197143555,1.5434246063232422,1.9254140853881836,1.9317808151245117,2.218841314315796,1.963225543498993
3C60_CD_AB,3C60,D,4,Q,B,48,Y,1.16627650370749,,L,0.0840098695479659,0.0482858120666588,0.035724057481307095,25,25,0,0.7918265,0.748456,0.6791636562131147,0.06230237115012191,-1.0,0,44.1164436340332,-2.2,298.0,1.1067280769348147,0.677100419998169,1.225456953048706,1.1368932723999023,0.6382782459259033,0.8020434379577637,0.2992081642150879,0.44890379905700684
3C60_CD_AB,3C60,D,5,K,B,28,N,1.152342056736818,,L,0.0939086183074119,0.0813911422793234,0.012517476028088503,24,22,2,-0.7497262,-1.1502788999999995,-0.3681371115578672,0.026317521424804202,-0.5,0,2.192646026611328,-0.3999999999999999,298.0,-0.4757356643676758,-1.293839693069458,-0.388671875,-1.0472340583801278,-0.455568790435791,-1.4802021980285645,-0.9508533477783203,0.09429335594177246
3C60_CD_AB,3C60,D,80,R,C,69,H,2.0255479833229444,0.3589455447812595,H,0.2429248395682161,0.2367374154188111,0.006187424149404985,21,19,2,1.0253889000000003,0.9573222999999997,0.8303120170167678,0.07392571640765822,-0.16666666666666669,0,7.6851348876953125,-1.2999999999999998,298.0,2.1359950304031377,-0.1999766826629641,1.923525333404541,-0.013823151588440163,1.0009875297546387,1.2333950996398926,0.9626917839050293,1.1603175401687622
3C60_CD_AB,3C60,D,87,T,C,58,Q,1.16627650370749,0.9628761147687216,H,0.1554331134098072,0.1155869748464628,0.0398461385633444,19,21,-2,1.6797572599999997,1.9189834000000001,0.533938025254497,-0.00998293030754388,-0.5,0,15.618087768554688,2.8,298.0,1.4723615050315857,1.9524825811386113,1.6494078040122986,1.7154651880264282,1.3940666913986206,2.0434017181396484,1.1878788471221924,2.022991955280304
3D3V_ABC_DE,3D3V,C,8,Y,C,7,V,3.4120593176270644,,L,0.1348110391711235,0.1182690819904561,0.016541957180667394,19,20,-1,-2.3223713,-2.4557645,-0.1564643121733138,0.010249518835685811,0.0,0,-6.1533355712890625,-5.5,298.0,-2.361979603767395,-2.396631896495819,-2.0276421904563904,-2.4626389145851135,-1.6644421815872192,-2.6964738368988037,-2.2104674577713013,-2.758694350719452
3D3V_ABC_DE,3D3V,E,30,E,C,4,G,2.6714933940266254,,L,0.1528806742461614,0.1539618241814473,-0.0010811499352859077,22,24,-2,0.5949725000000001,0.6803562000000001,-0.8641932944786068,-0.046981302872243,0.0,0,,-3.1,298.0,-0.0987983942031867,1.333496868610382,-0.030111670494079368,1.250840663909912,0.3348938226699829,0.18665361404418945,0.5373225212097168,1.2454832792282104
3D3V_ABC_DE,3D3V,E,97,L,A,73,T,2.6159944098140233,,H,0.0022198257633577,0.0,0.0022198257633577,19,21,-2,2.8716402999999997,3.14235774,-1.497619149159832,-0.011142959583589518,-1.0,0,22.67986297607422,4.5,298.0,2.648603320121765,3.026923835277558,2.5111652612686157,2.9212115705013275,2.7492768466472626,3.080332785844803,3.1370683312416077,2.898541271686554
3EQS_A_B,3EQS,B,3,F,A,68,V,5.556008252105314,,H,0.0098067976976524,0.004741502495198,0.0050652952024544005,21,23,-2,2.03145144,2.5339942,0.04215974441566295,0.04936235625615709,0.0,0,4.121032714843749,-1.4000000000000004,298.0,1.532073199748993,1.4669359624385834,1.7045446038246155,2.5425290167331696,2.8785708248615265,1.3125386834144592,2.9383529126644135,1.876065731048584
3EQS_A_B,3EQS,B,6,Y,A,47,Q,3.109162512960843,,H,0.1569479441006949,0.1376091570572362,0.019338787043458705,19,17,2,-0.9163555400000001,-0.5756530599999999,0.2966446844143448,-0.004824355171892614,0.0,0,18.20484161376953,2.2,298.0,-0.5444880127906799,-0.5947381258010864,-0.2997705340385437,-1.1252686977386475,-1.0796895027160647,-1.3112854361534119,-1.2974396347999577,-1.0781647562980654
3EQS_A_B,3EQS,B,7,W,A,33,G,6.407328502678618,,H,0.0400758031384274,0.0502539465385585,-0.010178143400131096,22,20,2,0.5184117399999999,0.39242036,0.5446148535625903,0.0340481975564397,1.0,0,,-0.5,298.0,0.1802178025245666,0.6221411228179932,0.4507272690534592,0.3255193680524826,0.8905921578407288,0.1844212412834168,0.9422167688608171,0.5514582842588425
3EQS_A_B,3EQS,B,10,L,A,29,L,3.3328684342363175,,H,0.0360467290740557,0.0145427854532101,0.021503943620845598,18,18,0,0.4781872,0.81933217,0.20359340369003423,0.1146660014550232,0.0,0,1.573486328125,0.0,298.0,0.04202243685722351,0.9331389963626862,0.5328762829303741,0.6544712781906128,0.5856060981750488,0.14662095904350286,0.997488409280777,-0.06672647595405579
3EQY_A_C,3EQY,C,3,F,A,74,L,5.658450760459924,,H,0.0079920773502006,0.0039976020877738,0.0039944752624268,21,20,1,-0.14998847000000004,-0.23336619999999997,1.0211829453128944,-0.04808341981637182,0.0,0,2.5204544067382812,-1.0,298.0,-0.9395485818386078,-0.5090659111738206,0.32880291342735296,-0.6800317764282227,0.21688437461853027,0.16053026914596558,0.300636351108551,-0.07811534404754644
3EQY_A_C,3EQY,C,6,Y,A,48,H,2.586204476550158,,H,0.1690209909727489,0.1782434655763216,-0.0092224746035727,19,19,0,0.49920909999999985,1.5208578,-0.0886266702072821,0.04113525492028158,-0.5,0,16.007240295410156,1.9000000000000001,298.0,0.7401568889617924,0.7994000911712646,0.6568958759307857,0.3823012113571167,0.34474289417266846,0.061835646629333274,0.5170595645904537,0.4912809133529663
3EQY_A_C,3EQY,C,7,W,A,68,V,6.043720046618101,,H,0.0768818829963771,0.031527763497394,0.0453541194989831,22,21,1,2.8393949999999997,2.49166898,0.22322560540378622,0.037518270996054676,1.0,0,7.0987091064453125,-5.1000000000000005,298.0,2.8546075820922847,2.454935997724533,2.5518701374530792,3.029764026403427,2.8540763556957245,2.3710627555847172,2.886108249425888,3.712734192609787
3F1S_A_B,3F1S,A,33,M,A,224,F,1.2384257759478556,,H,0.0716486190066491,0.074111287133712,-0.002462668127062903,19,20,-1,-1.7272311,-1.9049236,0.40996906593732463,-0.1935324492314153,0.0,0,15.31545639038086,-0.8999999999999999,298.0,-2.353275179862976,-1.5537923574447632,-1.3443083763122559,-1.5675835609436035,-1.815116167068482,-1.633666515350341,-1.5017905235290532,-2.048315048217773
3F1S_A_B,3F1S,A,36,D,A,258,T,2.184505250292012,,L,0.285981564456922,0.281454832980037,0.0045267314768850375,15,14,1,-0.8507071,-0.9319073400000001,0.3235156231034648,0.03258432053927349,0.5,0,24.80139923095703,-2.8,298.0,-0.9097954034805297,-0.6554567813873293,-0.9775629639625549,-1.0788458585739136,-0.47059446573257446,-0.8145634531974791,-1.296185910701752,-0.6026522517204285
3F1S_A_B,3F1S,A,202,Y,A,32,S,2.9947799767025427,,H,0.0955201489232203,0.0944789948910479,0.001041154032172406,18,18,0,0.5601497000000001,0.97568515,0.3269242850273583,0.034451371819756105,0.0,1,-8.87948989868164,-0.5,298.0,0.2751199007034303,1.2035623788833618,-0.030681490898132324,1.0847079157829285,0.08837008476257324,0.853531241416931,1.0705708265304565,-0.06398427486419667
3F1S_A_B,3F1S,A,255,D,A,251,L,3.7592836036732393,,H,0.0565517877292396,0.06267619846991,-0.006124410740670404,19,19,0,0.4179036999999999,-0.5168618,-0.22543257647651305,-0.0776595404608191,0.0,0,13.797119140624998,-7.3,298.0,1.8611624240875244,0.6500301361083984,1.1184908151626587,-0.646895170211792,-0.0427463054656978,0.9355576038360596,-0.09513628482818648,-0.43723583221435547
3HFM_HL_Y,3HFM,H,33,Y,H,31,S,6.035074832162014,0.17036148930942865,L,0.0,0.0438600030833968,-0.0438600030833968,20,18,2,-0.7131094999999998,-1.6996656999999997,-1.0548562220455793,-0.05805579532308891,1.0,0,-24.074159622192383,-0.5,298.0,-1.1658086776733398,0.0007281303405757278,-0.7175827026367188,-0.7051727771759033,-1.3125729560852055,-0.6622135639190683,-0.01764369010925293,-1.1246097087860107
3HFM_HL_Y,3HFM,H,53,Y,Y,93,N,3.2503791460482225,0.21121814832220448,H,0.1629610467559561,0.1535257874933053,0.009435259262650791,19,18,1,-1.0301562,-1.7115535999999998,0.9755625018918124,-0.15317818911177983,-0.5,0,4.1909484863281286,2.2,303.0,-2.1754825115203857,-1.992092490196228,-1.522078037261963,-0.4496023654937744,-0.18735980987548784,-1.77548885345459,0.026038408279418945,-0.16518640518188477
3HFM_HL_Y,3HFM,L,31,N,L,92,N,5.214129786929024,,L,0.0550871839590701,0.0668788239127213,-0.011791639953651206,25,23,2,0.3536041000000001,0.24608229999999987,0.041676030080818105,-0.0304672647644377,0.5,0,14.71405029296875,0.0,298.0,-0.09046673774719283,0.1475381851196289,0.7219827175140381,0.8317711353302002,0.22473859786987305,0.2718114852905269,0.33101654052734375,0.39044141769409135
3HFM_HL_Y,3HFM,L,32,N,L,91,S,5.10734458138055,,L,0.0,0.0270802937998186,-0.0270802937998186,23,24,-1,1.8798394199999997,2.0975188,0.3650945107079917,-0.049723945302249495,1.0,0,16.836505889892578,-2.7,298.0,1.854848027229309,2.572698533535003,1.4894205033779144,2.265381246805191,1.8817984461784363,2.1345722377300262,1.2158505320549011,1.6241450607776644
3HFM_HL_Y,3HFM,L,50,Y,Y,75,L,4.5575945560558555,0.70445583057791,H,0.0312138825963797,0.0401765757086765,-0.008962693112296798,20,21,-1,-1.6667168,-1.4240392999999998,-1.0358132420086503,-0.08937216647754531,0.0,0,-9.169498443603521,-5.1,298.0,-1.5202693939208987,-1.8618826866149902,-0.9181838035583496,-2.50293505191803,-0.642424345016479,-2.0501023530960083,-1.3072686195373535,-2.5306681394577026
3HFM_HL_Y,3HFM,L,96,Y,Y,16,G,2.7070443630284666,,L,0.0125682384279258,0.0475959410033063,-0.0350277025753805,22,24,-2,-1.25764468,-1.45281845,-0.32622810063262175,-0.034689628395299876,1.0,0,,-0.9,298.0,-1.513468287885189,-1.4188676923513412,-1.1183910071849823,-0.9452590495347977,-1.2026114612817762,-1.2165608033537867,-1.4208567067980766,-1.225142002105713
3HFM_HL_Y,3HFM,Y,20,Y,Y,63,W,4.573778237875976,0.31918654441973265,H,0.0030767815264946,0.0442032460673061,-0.0411264645408115,26,25,1,1.0168112999999999,0.96506706,-1.8282152778309908,-0.05443236577125121,1.0,0,-5.593231201171875,-0.4,298.0,1.7309170365333557,1.0071997046470642,1.0430233478546143,0.5647114515304565,1.2261407375335693,1.0774545073509216,0.6778003573417666,0.8072435259819031
3HFM_HL_Y,3HFM,Y,96,K,Y,100,S,6.737283264197913,0.2676595665844973,H,0.000295179187775,0.0016533083927418,-0.0013581292049668,21,21,0,1.30144788,1.08985407,-0.7679628014892335,0.007053677016170601,0.0,0,-6.429336547851561,-3.0999999999999996,298.0,1.4738062620162964,1.7424993366003036,1.289590448141098,1.1734710037708282,0.9274019002914429,1.2497067451477053,1.662530817091465,0.8925760686397552
3HH2_AB_C,3HH2,C,47,F,C,46,L,1.324714368599027,,H,0.0230601814133685,0.0460827196362362,-0.023022538222867695,19,19,0,-0.6503584,-1.0218096,0.3076300281514998,0.006399614359270889,0.0,0,-14.309577941894531,-1.0,298.0,-1.3800231218338015,-0.5877656340599058,-1.1138750314712524,-0.09013378620147705,-1.7036365866661072,-0.7100574970245366,-0.20600587129592918,0.5886308550834654
3HH2_AB_C,3HH2,C,52,F,C,191,C,1.2722742268622604,,H,0.0427220893085584,0.0487681028185974,-0.006046013510039,19,21,-2,-0.44566287,-0.26048434000000004,-1.3760051328625331,0.07398546818946433,0.0,0,-12.642810821533203,0.2999999999999998,298.0,-0.8039678558707237,-0.4958784431219101,-0.3701978921890259,-0.44696277379989624,-0.6815008074045181,-0.1963039934635163,-0.34610620141029363,-0.2243850827217102
3KBH_A_E,3KBH,A,23,Y,E,18,V,1.811979372612353,,H,0.0616954902601356,0.0433474980350862,0.018347992225049396,21,23,-2,4.1163728299999995,4.1948897999999994,-0.9578138986770419,-0.021347847025737804,0.0,0,-19.723175048828125,-5.5,298.0,3.712041139602661,4.089069724082947,4.801351457834244,4.398017466068268,3.659208655357361,3.6769830882549286,4.269012987613678,4.3252974450588235
3KBH_A_E,3KBH,E,54,S,E,13,G,1.856501867976997,,L,0.0430691731202557,0.0444026408308446,-0.001333467710588905,23,23,0,-0.40295933,-0.42891631,-0.1485475101206895,0.049392179521801194,1.0,0,,-0.4,298.0,-0.2526034414768219,-0.5138821527361871,-0.2697712406516075,-0.39879752695560466,-0.2972154766321182,-0.41092200577259064,-0.608768917620182,-0.4717137962579727
3KUD_A_B,3KUD,B,30,K,B,33,V,1.9530394314410333,,H,0.1488066223189364,0.1247729027732104,0.024033719545726,19,18,1,0.5611158,-0.36504650000000005,-0.47311321095545317,0.06664353038712778,0.0,0,-12.947120666503906,-8.1,298.0,0.5153849124908447,1.0123791098594663,0.5950876474380493,0.41608762741088867,0.06648790836334229,1.221903681755066,-0.36616039276123047,1.0277568101882937
3LB6_A_C,3LB6,A,100,K,C,240,C,5.811821878992469,,H,0.0306167712001664,0.0,0.0306167712001664,25,25,0,-0.3672101,-0.6834143,-0.7256305545554195,3.095801519997776e-06,0.0,0,17.304031372070312,-6.4,298.0,-0.9599831849336626,-0.1467466875910759,-0.04751509428024292,-0.09160951524972918,-0.674814909696579,-0.13959363847970968,-0.7087167650461197,-0.16870076209306722
3LB6_A_C,3LB6,A,101,K,A,97,L,2.544131860901994,,H,0.2596619197293779,0.2223715404524431,0.03729037927693482,17,18,-1,1.9244153400000001,1.6220037,-0.10148571303477438,-0.010381011172136606,0.0,0,12.584228515625,-7.699999999999999,298.0,1.8644598722457886,2.0218971967697152,1.9860589504241948,1.9733758568763733,2.108028113842011,1.9604912400245667,1.7921491861343384,1.6888600587844846
3LB6_A_C,3LB6,A,103,F,C,114,W,5.115015153850582,,H,0.0188474338624505,0.0468090548086123,-0.027961620946161798,21,23,-2,2.2056381,2.1382785,-0.32223671412344423,-0.015550147972413914,-1.0,0,-35.50447082519531,3.6999999999999997,298.0,3.0006368160247803,1.596285939216613,2.2990505695343018,1.980456590652466,1.4644384384155271,2.317730665206909,2.443020224571228,2.543484449386597
3M62_A_B,3M62,A,55,E,A,147,E,1.051103127064922,,H,0.3029773012806337,0.2598763852430616,0.0431009160375721,18,17,1,-0.5803410000000002,-0.31665849999999995,1.5393352008760663,0.04500966988335492,0.0,0,48.11638259887695,0.0,298.0,-0.18774795532226562,-0.8459254503250122,-0.10176849365234375,-1.0560966730117798,-0.8239325284957886,-0.5667687654495244,-0.1703634262084961,-0.8901275396347046
3M62_A_B,3M62,A,102,G,A,106,V,1.2643252931128433,,H,0.0003758966254769,0.0010846372511995,-0.0007087406257226001,24,24,0,0.33769929,0.22202655000000002,-0.06482712070413499,-0.009101217333023992,0.0,0,,-4.6000000000000005,298.0,0.1795088946819306,0.2729203924536705,0.4543392732739449,0.3257072344422341,0.4702510833740235,0.28627706319093704,0.2616398558020592,0.45095070451498037
3M62_A_B,3M62,B,45,S,A,54,T,1.278166680183457,0.016682417900765995,H,0.1195207460109406,0.1313683733954977,-0.011847627384557094,19,21,-2,-2.0072110000000003,-2.1093667000000003,-1.120596002799238,0.11656559442336617,0.0,0,17.718402862548828,-0.10000000000000009,298.0,-2.0087990760803223,-1.9918599128723145,-2.06213116645813,-1.7703113555908203,-1.8841252326965332,-2.242626428604126,-1.7437067031860356,-2.3541297912597656
3M62_A_B,3M62,B,50,Q,B,65,Q,1.0539639378112842,0.28359380160267006,L,0.3320983588134715,0.3209581647281984,0.011140194085273114,16,15,1,2.6844874,2.8086741,-0.8970313438576878,0.03216229801074055,0.0,0,1.9152259826660227,0.0,298.0,3.1006070375442505,2.813573658466339,2.3845449686050415,2.474540114402771,2.642017960548401,2.656104564666748,2.8138481378555293,2.5906629562377934
3M63_A_B,3M63,A,46,D,A,54,T,2.233205556064364,0.31123761067031563,H,0.1199864265871121,0.0929133330757349,0.027073093511377197,19,20,-1,-1.0788084000000002,-1.496144,-0.4366356893702117,0.04049298343336194,-0.5,0,2.32525634765625,-2.8,298.0,-0.3255969285964966,-0.6126965284347534,-0.45435672998428334,-1.5146219730377197,-1.4133425951004028,-1.4289264678955078,-1.1888421177864075,-1.6920846700668335
3M63_A_B,3M63,A,106,V,A,102,G,1.838115370315378,0.12465081399829436,H,0.0052886281409831,0.0019531938045881,0.0033354343363950004,24,23,1,-1.1726315200000001,-0.87524741,0.3583047040178531,0.016507261282200925,0.0,0,,4.6000000000000005,298.0,-0.8698107749223709,-0.9714048504829407,-1.3311374634504318,-1.4247825890779495,-1.3280229419469833,-1.2786016017198563,-0.7868913412094117,-1.3903997540473938
3M63_A_B,3M63,A,110,I,B,69,V,1.0886046118174872,,L,0.0810352911765057,0.0816051884522897,-0.0005698972757840065,18,19,-1,-0.9498918000000001,-0.74398964,-1.2595033911316662,-0.06637882268212597,0.0,0,8.80706787109375,0.2999999999999998,298.0,-0.7269372940063474,-1.6374105513095856,-1.1773335933685303,-0.9998935461044314,-0.8783499598503113,-0.3070405125617982,-1.1040339469909668,-0.7681346535682678
3MZG_A_B,3MZG,A,167,H,A,17,H,1.6293401853076444,0.282953436295814,H,0.0192828398813426,0.0208517675057265,-0.0015689276243839,24,23,1,-0.3545288000000002,-0.06211639999999985,-0.1831604565465046,0.021181237443237494,0.0,0,-1.1345977783203125,0.0,298.0,-0.5957555770874028,-0.8239865303039551,0.17462372779846147,-1.1564998626708984,-0.6910507678985596,-0.09166002273559526,0.3482952117919922,-0.00019741058349609375
3MZG_A_B,3MZG,B,188,H,B,70,S,2.09321927209525,,L,0.0923592406197475,0.074022240220494,0.018337000399253497,18,20,-2,0.9250930000000002,0.15772889999999995,-0.11960401204626792,0.18696463099981409,0.5,0,-2.6096153259277344,-2.4000000000000004,298.0,0.701818585395813,1.133141756057739,0.7287721633911133,1.535817384719849,1.5354536771774292,-0.08664703369140625,1.6393504142761233,0.21303915977478027
3NGB_HL_G,3NGB,H,56,G,G,164,N,1.2656103528731653,,H,0.0235196952854405,0.0118349195701861,0.0116847757152544,21,23,-2,1.15331648,3.32514998,-0.3195566010298003,-0.07101100738462732,-1.0,0,,3.1,303.0,-0.05250140279531479,2.729220688343048,0.05842095613479609,-0.004855774343013791,3.3027355670928955,3.3158626407384872,-0.001535356044769301,-0.1208143532276153
3NGB_HL_G,3NGB,H,72,R,G,328,G,1.6432171953097705,,L,0.148253348082775,0.1376824567054438,0.010570891377331193,23,24,-1,-4.552178,-4.63050807,-1.7639206739304094,0.014332096480200701,0.3333333333333333,0,,-4.1,303.0,-4.814777545630932,-4.618240423500538,-4.596346512436867,-4.147589907050133,-4.5423504114151,-4.466752618551254,-4.74064613878727,-4.490717738866806
3NGB_HL_G,3NGB,H,104,Y,G,166,K,1.4235858297640938,,L,0.1796824388097654,0.1670170621551004,0.012665376654664995,17,16,1,-2.9845533,-2.1992348,0.29894300302529686,0.01127712298404987,1.0,0,8.222412109375,2.5999999999999996,303.0,-3.184723138809204,-3.8313559889793396,-3.418082892894745,-2.8675737977027893,-3.3392744064331055,-2.666089653968811,-2.74058598279953,-1.8287394046783447
3NGB_HL_G,3NGB,H,105,N,H,60,Y,1.1185738219244732,0.5484261455424753,L,0.0568718554066168,0.0580184190756226,-0.0011465636690057984,23,23,0,1.8230304999999998,1.0937715999999993,0.6140727759196802,0.05210640431707661,1.0,0,-2.725494384765625,-2.2,303.0,0.4275155067443852,3.929971694946289,0.8924713134765625,0.8652410507202148,3.895145356655121,4.3300527930259705,-0.26894974708557173,0.512795209884644
3NGB_HL_G,3NGB,H,106,W,G,313,G,4.462500819429005,,L,0.0070517695475679,0.02409196874884,-0.0170401992012721,24,22,2,-0.19194860000000014,0.8583133000000001,-0.3174698988514727,0.007505770339569562,1.0,0,,-0.5,303.0,0.5802284479141231,0.14356225728988647,0.3842986822128296,0.4740018844604492,-0.260753393173218,-1.7106738090515137,-0.6473561525344849,-0.4988968372344973
3NGB_HL_G,3NGB,L,87,Y,G,165,A,2.022787808114121,,H,0.0542618330255439,0.0798189633226023,-0.025557130297058396,22,21,1,0.5018455999999998,0.5294327999999999,0.35939158385419734,-0.1633139095829409,0.0,0,,-3.1,303.0,0.05525708198547363,0.2865769863128662,0.014168500900268555,0.8093103170394906,0.16517591476440452,1.4060676097869873,1.0066711902618408,0.271537661552429
3NGB_HL_G,3NGB,L,88,E,G,232,I,1.3199500457991684,,H,0.0518623614989659,0.0464900726315161,0.005372288867449802,25,24,1,-0.8996579999999998,-0.5808290999999999,-0.17566042264994175,0.076644784457023,0.5,0,-2.184600830078125,-8.0,303.0,-0.2300434112548828,-1.154467821121216,-1.8952549695968628,0.2593508958816526,-1.6262807846069336,-1.5254555940628052,0.817274808883667,-1.842387616634369
3NPS_A_BC,3NPS,A,138,H,A,213,G,1.875091378283826,,L,0.1210427667166262,0.0936819020993546,0.027360864617271594,27,25,2,-1.9366366,-2.1933914999999997,0.5195004744700803,-0.03844955982517681,0.5,0,,-2.8000000000000003,298.0,-1.5224864482879639,-2.1828359365463257,-1.4768555164337158,-2.16383159160614,-1.5857988595962524,-2.2042807936668396,-2.200503945350647,-2.1564990282058716
3NPS_A_BC,3NPS,A,141,Y,B,103,R,1.7748733050669008,,H,0.1398000577249207,0.1534165833809921,-0.013616525656071382,20,19,1,0.9974943000000003,1.2720449,-1.0481553754319668,-0.08244703182707713,-0.3333333333333333,0,-0.8556671142578125,3.2,298.0,1.3985593318939205,0.16798818111419678,0.590862512588501,1.1514110565185547,1.3498239517211914,1.2488973736763,0.8775914907455444,1.1948207616806035
3Q8D_A_E,3Q8D,A,131,R,A,90,Y,3.029624536637012,,H,0.0003846824980602,0.0387354981421229,-0.038350815644062695,22,22,0,-3.1647294,-3.0991367999999997,0.3352366943318134,-0.05372066397451922,1.0,0,27.66101837158203,-3.2,298.0,-3.1379851698875427,-3.7247891426086426,-3.589404135942459,-2.876600921154022,-3.2294195890426636,-2.617964506149292,-2.3816721439361572,-3.760000765323639
3QHY_A_B,3QHY,B,10,N,B,73,Y,2.2542547942896496,0.8008689981434107,L,0.1567681642259961,0.1561934018222868,0.0005747624037092947,25,25,0,-0.46417259999999994,-0.7324395000000004,0.07260109688328342,0.0229417602375801,0.0,0,-7.033226013183594,-2.2,298.0,-0.6687273979187012,-0.4161069393157959,-0.13628244400024458,-0.6345617771148682,-0.7955639362335205,-0.7696666717529297,0.20985102653503418,-0.5023236274719238
3QHY_A_B,3QHY,B,12,D,A,185,T,2.2542547942896496,,H,0.0617661967275125,0.0261611349466656,0.035605061780846894,26,24,2,-1.7828638999999997,-2.3681416,0.30512094892715547,0.0878095897033753,0.0,0,21.05350112915039,-2.8,298.0,-1.565066814422607,-1.3959250450134277,-3.0677698850631714,-2.230928421020508,-1.544083595275879,-2.5887670516967773,0.080718994140625,-1.9510893821716304
3QHY_A_B,3QHY,B,33,Y,A,212,R,2.9019067270339165,,L,0.0079934116737204,0.0131294228794402,-0.0051360112057198,28,30,-2,1.2168991,0.8430917,-0.3646540632238233,0.007243920870487586,0.33333333333333337,0,26.68548583984375,3.2,298.0,1.5615980625152592,1.9740166664123535,0.7448101043701172,1.280677080154419,0.8992501497268677,1.1285064220428467,1.9145958423614498,0.23173928260803223
3QHY_A_B,3QHY,B,91,D,A,98,Y,1.8885446894993645,,H,0.2072934581069336,0.2170677313082007,-0.009774273201267114,23,24,-1,-1.8801318,-1.6236798000000001,-0.12216836635925021,0.042822451625408986,0.0,0,-5.674827575683594,-2.2,298.0,-2.9523715376853943,-2.480749785900116,-1.0022114515304565,-2.4240211248397823,-0.9107872247695923,-1.780719041824341,-2.0356472730636597,-1.4545472264289856
3QHY_A_B,3QHY,B,166,D,A,73,D,3.4965384775158,,L,0.1017502054372819,0.1008637997213915,0.0008864057158903954,20,22,-2,3.12904265,2.6720412,0.3491342844860462,-0.016446919414799005,0.5,0,-1.6619224548339844,0.0,298.0,2.8728810995817184,2.67639696598053,3.2695980072021484,3.7075741589069366,2.650871843099594,3.628238804638385,3.5033653676509857,2.7234163135290146
3QHY_A_B,3QHY,B,169,F,B,244,S,2.0615439857216784,,H,0.1546399704811133,0.1919790568720057,-0.037339086390892395,21,21,0,1.5756572000000002,1.8309106000000002,-0.375436347072955,0.038068941968702974,0.0,0,1.8942184448242188,3.5999999999999996,298.0,1.6515813469886784,1.7637448906898499,1.6093997955322261,1.7766960263252263,1.464053988456726,1.5625144839286804,1.157114863395691,1.6201512217521667
3QHY_A_B,3QHY,B,228,E,A,99,S,3.0115869999005174,,L,0.0212700504463766,0.0306354358968131,-0.009365385450436498,28,28,0,-2.6819339500000003,-2.57981915,0.04454055023514414,-0.013043888859150088,0.0,0,-13.05047607421875,-2.7,298.0,-2.279504284262657,-1.9453193545341492,-3.275147095322609,-3.105706036090851,-2.7719866037368774,-2.2277975976467133,-2.8923799097537994,-2.957630217075348
3QHY_A_B,3QHY,B,264,N,A,206,A,2.6946637029060385,,L,0.03189805950915,0.0547483030703224,-0.0228502435611724,24,24,0,-1.2527562999999997,-1.6613090000000001,0.25033061819300195,0.030707626064159416,0.0,0,,-5.3,298.0,-1.5076810121536257,-1.7851053476333616,-1.088984727859497,-0.6682229042053223,-1.2584960460662842,-1.4977989196777344,-0.8862917423248295,-1.3294701576232906
3QIB_ABP_CD,3QIB,B,62,Q,C,26,T,1.7631666122988525,,L,0.0629190898286859,0.0678401875663299,-0.004921097737644001,19,21,-2,-0.2958653,-0.44075260000000005,0.5112204188966739,0.0983100308232876,0.0,0,4.778964996337891,-2.8,298.0,-0.6200304627418517,-0.45371198654174805,-0.07638669013977051,0.048816561698913574,0.09197819232940674,-0.6146665811538696,-0.6422789096832275,-0.10064196586608865
3QIB_ABP_CD,3QIB,B,67,E,B,74,D,1.82060413958121,0.8625190715930913,H,0.1514804198905843,0.1838257849994563,-0.03234536510887198,19,20,-1,-0.16801529999999998,0.4278455000000001,0.1364324121314301,0.034652513514839695,-0.5,0,-9.521240234375,0.0,298.0,0.313537120819092,-0.20078480243682884,-0.006298065185547097,0.40013742446899414,-0.8592039346694949,-0.1460694074630733,-0.3369543552398677,-0.508487343788147
3QIB_ABP_CD,3QIB,P,6,Y,P,10,A,3.1375929327345404,,L,0.0165700803991894,0.0092087153679484,0.007361365031241001,24,26,-2,1.9002785500000001,1.8838453999999998,-0.3891989425717082,-0.010711948827657691,0.0,0,,-3.1,298.0,1.98129004240036,1.5320899486541748,2.3156168460845947,2.030173182487488,1.9999511241912842,2.0241684317588806,1.1770825386047368,2.141854166984558
3QIB_ABP_CD,3QIB,P,8,K,C,92,G,3.1375929327345404,,L,0.0269376678255004,0.031288643673969,-0.0043509758484685974,22,21,1,0.6811867,0.055652400000000046,-0.09253064897316166,0.04210708021025189,1.0,0,,-3.5,298.0,0.043728351593017134,0.26416611671447754,0.513349294662476,0.762230396270752,1.8188760280609135,1.114773035049439,0.05663704872131303,0.8757331371307382
3QIB_ABP_CD,3QIB,P,11,T,D,101,T,3.1375929327345404,,L,0.0607522312655491,0.0765084572527218,-0.015756225987172703,24,23,1,2.94374075,2.9407890699999997,0.3906884887187868,-0.0121412755293768,1.0,0,-10.505626678466797,0.0,298.0,2.608858048915863,3.029730975627899,3.074013113975525,2.266455441713333,3.0336949825286865,3.2603231966495514,3.127734005451203,3.149116337299347
3S9D_A_B,3S9D,A,26,R,B,67,A,5.4154953458935795,,L,0.096972571685357,0.0647714966874544,0.032201074997902604,22,24,-2,2.6249905,2.6145513,0.37096797430248396,0.02667815967764639,0.6666666666666666,0,,-6.3,298.0,3.0181996822357178,2.4052035808563237,1.752563238143921,2.9047627449035653,2.4389195442199707,3.243088722229004,2.3793396949768066,2.8578481674194336
3S9D_A_B,3S9D,A,119,M,A,113,V,2.2883468932934,,H,0.0261272345308443,0.019302548814199,0.006824685716645303,26,27,-1,-0.8425898999999999,-0.9408454,-0.1282225862626426,0.017052567607766217,0.0,0,-1.3648757934570312,-2.3000000000000003,298.0,-0.8515877127647398,-1.4693904668092728,-0.4479679465293884,-0.9305955469608305,-0.5503803491592407,0.011742115020751898,-1.2704560905694962,-1.232082545757294
3S9D_A_B,3S9D,A,123,S,A,117,E,1.0992749306399467,,H,0.0141515833453291,0.0339356167455729,-0.019784033400243796,20,22,-2,0.99049626,1.3888857000000001,0.5498008597270599,0.02928146291233011,0.5,0,-1.0151214599609357,2.7,298.0,-0.26282086968421936,1.2318114042282104,0.7395238876342773,1.2441554069519039,0.2191253900527954,1.9033401012420654,1.3770478963851929,1.471786379814148
3S9D_A_B,3S9D,B,35,M,B,36,S,2.9984279900310615,0.5047645503524103,L,0.0336275119178408,0.0546272944078241,-0.0209997824899833,24,22,2,-0.04846679999999992,0.08775909999999998,-0.3623916864538731,-0.043978307019925916,-1.0,0,6.730533599853516,2.7,298.0,0.970648944377899,-0.3557940721511841,0.05612766742706321,-0.9592592120170593,0.25633156299591064,-0.4622531533241272,-0.728097081184387,0.8345601558685303
3S9D_A_B,3S9D,B,90,I,A,5,R,1.6418900904659794,0.6215919649341703,H,0.1914984637564581,0.1960206788245827,-0.004522215068124613,17,17,0,0.9374828000000002,1.1493939,-1.0594189356054038,-0.0751443335920747,0.0,0,1.6904220581054688,9.0,298.0,0.8495299816131592,0.906413197517395,1.0836516618728638,0.9748370647430422,0.823237419128418,1.325281620025635,0.8049194812774658,0.7319941520690918
3SE3_B_A,3SE3,A,55,Y,A,257,G,1.4966495837536624,,L,0.0972658806948419,0.1128952795454551,-0.015629398850613194,19,20,-1,-1.5702981299999998,-1.551712496,0.7512015473031344,-0.031029388710155786,0.0,0,,-0.9,298.0,-1.7118156030774119,-1.5418757423758507,-1.405813381075859,-1.5736177191138268,-1.2649165168404577,-1.8595982715487482,-1.4246326982975006,-1.780114986002445
3SE3_B_A,3SE3,A,223,F,A,222,A,1.4966495837536624,,H,0.0746593152155356,0.0716628381326583,0.0029964770828772996,24,23,1,-0.8353524999999999,-0.4172502,-0.6504998693265871,-0.021063132200073803,0.0,0,,0.9999999999999998,298.0,-1.2865349054336546,0.06897222995758057,-1.467029571533203,-1.149003028869629,-0.3080894947052002,-0.3562829494476316,-0.8228789567947388,-1.3619736433029175
3SE4_B_A,3SE4,A,55,Y,B,89,L,1.3635602050590228,,H,0.014513341574888,0.0032001119874631,0.011313229587424901,19,21,-2,0.8364281000000002,0.25931190000000015,1.3438654852738827,0.025887413969253592,1.0,1,-5.393589019775391,-5.1,298.0,0.6805127859115601,0.9539682865142822,0.35552000999450684,0.7239241600036621,1.1989141702651978,0.5895360708236697,1.0302861928939817,1.1587650775909424
3SE4_B_A,3SE4,A,223,F,B,105,R,1.3635602050590228,,H,0.0153908451903083,0.0111569827857725,0.0042338624045358,24,23,1,-0.2211789999999998,1.2126081000000002,-1.3396087745648209,-0.067397710459604,-0.6666666666666666,0,-6.040988922119141,7.3,298.0,0.43074536323547363,-2.0338224470615387,-0.1130058765411377,0.3296148777008061,-1.0072848796844482,1.468714714050293,0.9045989513397217,-1.7489919662475586
3SE4_B_C,3SE4,B,31,L,C,39,S,2.727120410118045,0.2118100390989157,L,0.1271841515070136,0.1667471603118457,-0.0395630088048321,19,20,-1,-0.26033149999999994,-0.5181076,-0.8463618437530203,0.0033251021398358893,0.0,0,3.134105682373047,4.6,298.0,-0.5529444217681885,0.4834167957305908,-0.3659619092941282,0.12608784437179565,0.4304107427597046,-0.4281129837036133,-1.0610684752464299,-0.7144797444343565
3SE4_B_C,3SE4,B,134,K,B,137,F,1.787773345432283,,H,0.0623356140451579,0.0686886083199409,-0.006352994274783003,20,20,0,-0.46209420000000057,-0.8301761000000005,0.17140606610470144,-0.0505639603141855,0.0,0,-20.866310119628906,-6.699999999999999,298.0,-0.9125528335571294,0.688091516494751,-0.8575422763824463,-0.7081649303436284,-0.9384291172027588,0.1860957145690918,-0.9239487648010258,-0.23030519485473588
3SE4_B_C,3SE4,C,69,E,B,34,R,1.3822066234518382,,L,0.1021631586939914,0.0966616968908051,0.005501461803186294,21,21,0,0.8476994,-0.37790750000000006,0.20071075244983144,-0.026258335838407004,-0.16666666666666663,0,-13.934608459472656,1.0,298.0,1.5745272040367126,0.0969054698944094,1.068785309791565,-0.6620411872863772,0.8989352583885193,0.7049254775047302,1.290875196456909,1.8086814284324646
3SE4_B_C,3SE4,C,95,I,B,20,H,1.208783474999111,,H,0.1793980401225879,0.1862716730154267,-0.0068736328928387935,18,17,1,1.6981862,1.6426886,0.07299410152622388,-0.010387455974035287,0.0,0,5.161109924316403,7.7,298.0,2.1579055786132812,1.7066923379898071,1.4843555688858034,0.8863261938095093,2.0119887590408325,1.6497248411178589,1.445556521415711,2.2429394721984863
3SE8_HL_G,3SE8,H,47,W,G,310,G,1.4751462856602853,,L,0.0146990350536125,0.012963360339809,0.0017356747138035002,25,24,1,-1.21328265,-0.8327236,-0.2538318820772737,-0.03337464320071071,1.0,0,,-0.5,303.0,-1.373267576098442,-1.447499878704548,-1.3087919279932976,-1.0115858986973763,-1.1751350909471512,-1.365919403731823,-0.8373151868581773,-1.1867468655109406
3SE8_HL_G,3SE8,H,58,V,G,324,G,1.2496848072761948,,L,0.0691514343889664,0.0720968676817282,-0.002945433292761798,24,25,-1,-1.3143373,-1.41951064,-3.1763999534945806,-0.035097340710384395,0.0,0,,4.6000000000000005,303.0,-1.6195587515830994,-0.901016391813755,-0.8819433897733688,-1.1133216619491577,-1.852228604257107,-0.8189178630709647,-1.9080135077238083,-1.4196981713175774
3SE8_HL_G,3SE8,H,62,R,G,281,G,1.2061688813685716,,H,0.2048563656433664,0.18202893778331,0.0228274278600564,19,17,2,-2.370875285,-2.3711866500000003,1.1609786609783295,-0.09181473235385759,0.6666666666666666,0,,-4.1,303.0,-2.011364296078682,-3.1345999240875244,-2.299411952495575,-1.8720328360795975,-2.5548376441001888,-2.281626619398594,-2.2917234674096107,-2.5214051455259323
3SE8_HL_G,3SE8,H,63,Q,G,162,T,1.1144247533594487,,H,0.3155464557753598,0.3079822598446705,0.007564195930689299,14,15,-1,0.3566417999999998,-0.7567882999999997,-0.10367875807069382,-0.17446426917606161,0.5,0,-9.676002502441403,-2.8,303.0,0.05885374546051092,0.21567654609680176,0.6624016761779781,1.2171626091003418,0.48989367485046387,0.4993143081665039,-0.7502474784851074,0.46007823944091797
3SE8_HL_G,3SE8,H,72,R,G,277,N,2.6444616721842755,,L,0.1681826696530746,0.1948445966889384,-0.026661927035863786,23,21,2,-2.7026589000000003,-1.7169418000000003,-0.28085398201432293,-0.07329595043672468,0.3333333333333333,0,24.856910705566403,-1.0,303.0,-2.9137223958969116,-2.385280966758728,-2.8614505529403687,-1.628907561302185,-2.8387067317962646,-3.168835997581483,-2.3476645946502686,-3.4767045974731445
3SE8_HL_G,3SE8,H,115,F,G,325,G,1.0676040754519076,,L,0.0250973467887035,0.0277864956731751,-0.002689148884471599,23,23,0,-2.14389059,-1.8236676059999999,-1.8234911909455618,0.016704022632700877,0.0,0,,3.1999999999999997,303.0,-1.8705281838774679,-2.493127942085266,-2.050024077296257,-2.2389535307884216,-2.4728294759988785,-1.8139590471982954,-1.9848401993513103,-2.226862281560898
3SE8_HL_G,3SE8,L,91,E,H,55,W,1.5134906568562332,0.7611053868475779,H,0.0484626874890426,0.0197309384365628,0.028731749052479803,26,26,0,3.6894842,3.4839272000000006,-1.16850657734044,0.03418118314289209,-0.5,0,6.528720855712891,-2.6,303.0,3.607364594936371,3.9941878020763397,3.7450864911079407,3.3767953515052795,3.3636151552200317,3.7341541051864624,3.892405867576599,3.80226492881775
3SE9_HL_G,3SE9,H,60,N,H,34,L,1.5217611539508715,0.5659996998544158,E,0.0051787029036619,0.0456587531351267,-0.040480050231464795,26,24,2,2.69065024,2.47036578,-0.10901427700100164,0.016057463666138583,1.0,0,25.7025146484375,-7.3,303.0,2.5791303366422653,2.5830134600400925,2.8650088608264923,2.3795065730810165,3.113368734717369,2.817113161087036,2.50176864862442,2.6862902492284775
3SE9_HL_G,3SE9,H,74,R,H,53,K,2.6792564759020507,,L,0.1485499851746476,0.1525627805765927,-0.004012795401945102,23,23,0,-1.823299,-1.8868285,-0.12179609297042193,0.03681430146502329,0.3333333333333333,0,8.401435852050781,-0.6000000000000001,303.0,-1.8434596061706547,-1.6835837364196777,-1.9434599876403809,-2.3952703475952157,-1.8496408462524414,-1.520904302597046,-1.3610596656799312,-1.989011526107788
3SEK_B_C,3SEK,C,44,L,C,6,Q,2.6797201853789505,,H,0.2854895267191319,0.2693583689478297,0.016131157771302196,16,16,0,0.13553899999999963,-0.011191800000000196,-0.7068383439092727,0.06460569629042828,0.0,0,-7.1286773681640625,7.3,298.0,0.8284528255462646,-0.9309639930725098,1.3457064628601076,-0.16248512268066406,0.07244420051574663,1.5966267585754395,-0.9037837982177734,-0.7616822719573975
3SEK_B_C,3SEK,C,47,F,B,30,D,2.22839100374968,,H,0.3300709422824573,0.3596365717387849,-0.02956562945632757,14,15,-1,-0.6692986999999999,-0.22807240000000006,-0.9026380422280125,-0.0112347021951682,0.0,0,20.253921508789062,6.3,298.0,-1.107876181602478,-0.8558018207550049,-1.2316696643829346,-0.3639872074127197,-0.8201925754547119,-0.2417341470718386,-0.5617436170578003,-0.17138302326202393
3SF4_A_D,3SF4,D,8,W,A,44,A,3.0724518685925455,,H,0.0474802035351501,0.0489978957176193,-0.0015176921824691936,21,23,-2,-1.3626208000000002,-0.38640533999999993,-0.22276748730055063,0.10008336902917422,0.0,0,,-2.7,298.0,-1.7974522709846497,-1.71065154671669,-1.701141119003296,-1.6734808087348938,0.030446350574493408,-1.7762361764907837,-0.4588856101036072,-1.813565194606781
3SGB_E_I,3SGB,I,12,L,E,136,A,2.9315139160221024,,L,0.0250097869308848,0.0444472818908379,-0.019437494959953103,31,31,0,0.5047880199999999,0.55041947,0.1506802507738405,-0.014348129946617091,0.0,0,,1.9999999999999998,294.0,0.4135302007198334,0.49308621883392334,0.5626272708177567,0.608637347817421,0.2639404684305192,0.35052278637886053,0.6762180030345917,0.66974176466465
3SGB_E_I,3SGB,I,14,Y,E,13,R,1.9166607329129333,,L,0.1374928185978418,0.1305090702001847,0.006983748397657086,25,23,2,-0.5876191,-0.4680217,0.23429736832109826,0.003410428205650004,0.0,0,-8.832153320312502,3.2,294.0,0.10012304782867432,-0.09801101684570312,-0.9446849822998047,-1.1010564565658574,-0.43508648872375466,-1.0278707146644592,-0.22118163108825684,-0.9731844067573548
3SGB_E_I,3SGB,I,26,G,E,158,G,1.2755502366103055,,L,0.1018269157506817,0.053170697545088,0.0486562182055937,25,27,-2,-0.019198586000000017,-0.075176264,-0.46318053739818654,0.052382221414915095,0.0,0,,0.0,294.0,0.03527805954217911,-0.008882775902748108,0.018589928746223394,-0.1145018413662911,0.028609342873096397,0.022808581590652494,-0.0884685441851616,-0.047021433711051885
3SZK_AB_C,3SZK,C,41,Y,A,70,V,2.8309533180259474,,H,0.0264787606406442,0.0055647790319776,0.0209139816086666,24,23,1,-1.3843469000000002,-1.43055088,0.007526488286489608,0.018440329251246307,1.0,1,2.4253082275390625,-5.5,283.0,-1.4825077652931213,-1.4352073222398758,-1.768123872578144,-1.4424445256590843,-0.9233233407139776,-1.2219468802213669,-1.4603224247694016,-1.3408987820148468
3SZK_AB_C,3SZK,C,44,F,A,7,K,2.0892398074152148,,H,0.0377711817503261,0.0448872444459947,-0.0071160626956685985,22,23,-1,-0.11222319999999997,0.02831774999999992,0.2551890064844633,0.028877631646890306,0.0,0,-7.16721725463867,6.699999999999999,283.0,0.7056411504745483,-0.5060252249240875,-0.5480628311634064,-0.4413490295410156,-0.1351463794708252,-0.342878520488739,-0.014345943927764893,0.38438016176223755
3SZK_AB_C,3SZK,C,69,S,A,67,T,1.4373601088322667,,H,0.2256191421796244,0.2176264550501174,0.007992687129506987,21,19,2,2.1793098,3.0793371499999997,0.02616600014729087,-2.338686490790942e-05,0.0,0,2.98358154296875,-0.10000000000000009,283.0,2.6184889376163487,2.9131167829036713,1.5322966277599335,2.1586966514587402,2.487390220165253,1.7313181161880489,1.255088269710541,2.7380812764167786
3SZK_AB_C,3SZK,C,70,T,A,11,K,1.3946948326973583,,H,0.017006828779726,0.0015770261777663,0.0154298026019597,26,25,1,0.02902500000000008,-0.5525681999999996,0.10036190351642271,0.02380222578481589,0.0,0,-14.856121063232422,3.2,283.0,0.29106378555297874,0.7866208553314209,-0.3190659284591675,0.18665504455566406,-0.48727369308471746,-0.4278018474578853,0.48280060291290305,-0.2807977199554441
3U82_A_B,3U82,B,45,I,B,92,A,2.594977772908507,,E,0.0,0.0095748015485227,-0.0095748015485227,24,22,2,2.2765955,2.0774073,-0.8041447014427302,-0.03068989216246859,0.0,0,,2.7,298.0,2.630941748619079,2.40282917022705,1.2576947212219236,2.196908712387085,2.407708525657654,2.661688446998596,1.5084103345870976,3.146582126617432
3UIG_A_P,3UIG,A,61,E,A,50,L,1.7577731492591928,,L,0.0686097793450688,0.0534933301714327,0.015116449173636103,18,20,-2,-3.44786343,-3.4790989199999998,0.6393009491045016,-0.0004164024267173938,0.0,0,-35.328617095947266,-7.3,298.0,-3.578996986150742,-2.764118179678917,-3.7091105729341507,-3.2272426486015315,-2.713468670845032,-3.822387784719467,-4.246795892715454,-3.5207848846912384
4B0M_A_BM,4B0M,M,40,L,M,63,F,1.9081297781204276,,E,0.0,0.0017340115703617,-0.0017340115703617,22,22,0,-0.3089655,-0.5285683,-0.026088228369823163,-0.008545079816135781,0.0,0,5.407661437988281,1.0,298.0,-0.587212860584259,-0.46675819158554055,-0.30655401945114147,0.22285726666450506,0.017807036638259888,-0.06536191701889044,-0.5415804386138916,-0.7449211776256561
4B0M_A_BM,4B0M,M,99,P,A,9,L,1.9149198716922284,,L,0.0843881765396628,0.0422133537102256,0.04217482282943719,18,17,1,0.31490474,0.30955015999999996,-0.8462464728550824,-0.2628748953915859,0.0,0,19.855510711669922,-5.4,298.0,0.37392857670784,0.3869107663631439,0.2017857134342194,0.28939101099967957,0.41053706407547,0.2113941907882691,0.2396756261587143,0.40561503171920776
4BFI_A_B,4BFI,B,43,N,A,99,N,2.31664788750155,,L,0.0459766345060641,0.0339704785455259,0.012006155960538202,25,26,-1,3.176182346,4.1377099500000005,0.3102929889207737,0.0002663622579675007,0.5,0,-19.212844848632812,0.0,298.0,3.8555540293455124,1.997007504105568,4.2807818949222565,3.4854164123535156,2.929992586374283,2.5854445844888687,3.7099752649664883,2.5652876794338226
4BFI_A_B,4BFI,B,91,L,A,31,L,1.3066250921680522,,E,0.0220585690062599,0.0191742466316161,0.0028843223746438003,24,23,1,-2.41344113,-2.2146315000000003,0.5507341971307227,-0.005383438589730782,0.0,0,12.918121337890627,0.0,298.0,-2.2552810609340668,-2.7285315990448,-1.900840312242508,-2.2503746747970577,-2.3245934545993805,-2.605618000030517,-2.1842212080955505,-3.0580697506666183
4CPA_A_I,4CPA,I,37,V,A,127,R,2.3244915342611265,,L,0.0,0.0017659339891561,-0.0017659339891561,25,24,1,-0.08959850000000014,0.04601979999999983,0.723351146408434,0.07510597584292289,-1.0,0,-27.63506317138672,8.7,298.0,0.05638086795806929,-0.08694565296173118,-0.053157091140747736,-0.17651832103729248,-0.044503808021546076,0.5896315574645996,-0.6235266923904417,-0.37814784049987793
4CVW_A_C,4CVW,C,27,R,A,541,N,1.8279050023298664,,L,0.07722204917812,0.0740717211620144,0.0031503280161056108,18,19,-1,0.14847659999999996,0.35879050000000023,1.883204515418242,-0.027301410723927694,-0.16666666666666669,0,-7.583686828613281,-1.0,298.0,0.08289474248886097,-0.7685728073120115,0.5834079980850224,0.6668289899826048,0.48235464096069314,0.35365241765975963,-0.16105079650878884,-0.05170238018035889
4CVW_A_C,4CVW,C,31,R,A,565,G,2.076536854194484,,L,0.1273695118076618,0.1281364434511284,-0.0007669316434666118,20,18,2,-2.10507658,-2.97555322,0.6577027063203538,-0.0671054723709043,0.0,0,,-4.1,298.0,-2.8783415108919144,-2.0429319292306896,-2.53125,-1.3260404467582703,-1.2435079962015152,-2.9045983850955963,-2.3890451565384865,-1.5248978212475777
4FTV_ABC_DE,4FTV,A,65,R,A,166,E,3.5060282681686816,,H,0.2470410047081997,0.2252193796468594,0.021821625061340305,20,20,0,-0.03342889999999965,0.039700999999999986,-0.4634333408955996,-0.02671025725052681,0.3333333333333333,0,-22.97602081298828,-1.0,298.0,0.9480657577514648,-0.9730874300003052,0.6092261075973506,0.09755992889404297,-0.32276463508605957,-0.7831320762634277,0.4964731931686406,-0.33977174758911133
4FZA_A_B,4FZA,A,213,Y,B,48,I,1.270214445054126,,H,0.0232324115191449,0.0223821016647503,0.0008503098543945972,20,18,2,1.01410176,0.6234777,-0.5581403117761665,-0.07507658861056166,1.0,0,-34.523226737976074,-5.8,298.0,1.094053715467453,1.3295238614082334,0.5676912665367126,1.1860018968582153,1.2958478927612305,0.7512288689613342,1.026155412197113,0.8623119592666626
4FZA_A_B,4FZA,A,217,R,A,218,Q,1.0274367577011738,,H,0.0252390979432017,0.0702715415094286,-0.045032443566226904,22,23,-1,-1.9590660000000004,-1.3574245999999999,0.0538445491208093,-0.02702038368740456,-0.16666666666666669,0,-2.4315414428710938,-1.0,298.0,-1.3313031196594238,-1.2899057865142822,-2.54665470123291,-1.482398509979248,-2.4608346223831177,-2.3359827995300297,-1.6638386249542236,-2.5616087913513184
4G0N_A_B,4G0N,A,37,E,A,41,R,1.8006412824586262,-0.35374444863725935,L,0.1488684616464222,0.1690094407617663,-0.0201409791153441,18,17,1,-1.2933369000000001,-1.4049456,0.006286080450557507,0.002828016403446404,-0.3333333333333333,0,-47.3211669921875,1.0,308.0,-0.16997838020324707,-1.8254637718200684,-0.3254518508911133,-1.20886206626892,-2.7365004420280457,-0.2700474262237549,-1.3127559423446655,-2.497636556625366
4G0N_A_B,4G0N,B,15,T,A,40,Y,1.8284227873616987,,E,0.0155576908057652,0.0292421582672858,-0.013684467461520598,24,24,0,0.1509478999999998,-0.09389169999999991,0.3633855849830603,-0.014950717999240998,0.0,0,4.604957580566406,0.6000000000000001,303.0,0.5289691686630249,-0.27557265758514415,0.21021544933319092,-0.006766796112060547,-0.5096464157104494,-0.2963436841964723,1.141460657119751,0.4152674674987791
4G0N_A_B,4G0N,B,16,V,A,29,V,1.000146590440926,,L,0.0742052585358735,0.079604794306162,-0.0053995357702885105,16,18,-2,1.4314624500000002,1.0897951000000001,-0.09147917211707259,-0.1829522400179904,0.0,0,4.455169677734375,0.0,298.0,1.6606661677360535,1.3772422671318059,1.2278056740760803,1.0841890573501587,1.4513433575630188,1.5512081384658813,2.008532166481018,1.0907132625579834
4G0N_A_B,4G0N,B,31,K,A,25,Q,2.200238060095798,,H,0.3160921943466954,0.3356617705128644,-0.019569576166169,15,15,0,1.8181311999999998,1.4500552,0.07515763169423441,0.10345369766755028,0.0,0,-17.91366577148437,-0.3999999999999999,298.0,1.21121072769165,1.7766613960266113,1.4766054153442383,1.563453197479248,1.9797320365905762,2.9289612770080566,1.6237096786499023,1.9847140312194824
4HFK_A_BD,4HFK,B,22,R,B,18,W,1.3915088644819469,,H,0.0324824264479058,0.0044087374039823,0.028073689043923496,27,26,1,1.4899201999999998,-0.09337280000000003,1.077563110048007,0.00016983821086000161,0.3333333333333333,0,-0.1785430908203125,-3.6,298.0,0.5045928955078129,0.8255395889282231,0.7605900764465328,3.277721732854843,2.5527410805225372,0.13275384902954102,0.5876319408416748,3.2777905464172368
4HFK_A_BD,4HFK,B,45,L,B,43,A,2.524333218946118,,H,0.0352814911243997,0.0060576040655872,0.029223887058812497,27,28,-1,-1.0468604400000001,-0.8971616000000001,0.16645202925015035,0.044916606857273306,0.0,0,,1.9999999999999998,298.0,-0.6727946400642395,-0.4621052742004395,-1.4629968702793121,-1.885673239827156,-0.11040320992469793,-1.343078374862671,-0.8146283626556396,-1.6232033669948578
4HFK_A_BD,4HFK,B,46,E,B,52,A,1.1880396206308514,,H,0.0686660535261498,0.0390368229976352,0.029629230528514593,24,22,2,2.0866858,1.9954340999999998,-0.1943223279156131,-0.038218605783898796,0.5,0,,-5.3,298.0,2.20065701007843,2.0788938999176025,1.4761123657226558,2.5979268550872807,2.1217687129974365,2.2585015892982483,1.522468090057373,2.437157154083252
4HRN_A_D,4HRN,D,17,L,A,80,H,2.5972166665878498,,L,0.0726851286563563,0.1116335453232846,-0.03894841666692829,27,25,2,0.6467073,0.2167717,0.7157472692265747,0.022189427952326007,0.0,0,-11.98385238647461,7.0,298.0,1.7188868522644043,0.617795541882515,-0.3940228223800659,0.6988396644592285,1.1104872822761536,0.637432873249054,0.1411765217781067,0.6430625319480896
4HRN_A_D,4HRN,D,44,V,A,69,F,2.8106652758248662,,L,0.0,0.0001811533511458,-0.0001811533511458,28,28,0,0.47141330000000004,0.32606840000000004,-0.6669864236254587,0.0392209318963615,0.0,0,-35.90707778930664,1.4000000000000004,298.0,0.963781476020813,0.9277308583259583,0.1341496706008911,0.7767242193222046,0.634344220161438,0.1517426967620843,-0.33893477916717507,0.5217674374580381
4HRN_A_D,4HRN,D,47,F,D,55,V,2.4594608435335474,,L,0.2207436920692921,0.2066171397296808,0.014126552339611298,19,21,-2,0.5771598,1.0215432000000002,-0.865686164198982,0.003381425475695199,0.0,0,-21.8460693359375,-1.4000000000000004,298.0,-0.4809145927429199,2.958324044942856,2.2022314071655273,-1.0485116839408875,0.7126171588897705,0.3779035806655886,0.9729697704315186,-1.077341914176941
4I77_HL_Z,4I77,H,52,W,Z,46,C,2.5700938940363596,,L,0.0315275883267761,0.0115860290324075,0.019941559294368603,23,25,-2,-0.93309536,-0.982651404,-0.2436824961886493,-0.018291914407740195,0.0,0,3.8485260009765625,-3.4,304.0,-0.9921256527304649,-0.9287257045507431,-1.0826984196901321,-0.9756643250584603,-0.6112558022141457,-0.8314511477947237,-1.1263647601008415,-0.9164758622646332
4I77_HL_Z,4I77,H,54,D,L,32,Y,2.6192848491710157,,H,0.3275967732618883,0.3178570428733979,0.009739730388490409,19,17,2,0.72473751,0.81124327,-0.17742965121832133,-0.04240508715103958,0.5,0,-5.868572235107422,-2.2,304.0,0.6402795538306236,0.6150856688618661,1.3536026775836945,0.8692917302250862,0.45090171694755565,0.5913027375936509,0.4896147474646569,0.7878214716911316
4I77_HL_Z,4I77,H,101,Y,H,53,G,1.6538385300976,,H,0.0710580377739286,0.0684014000326141,0.002656637741314513,25,27,-2,-1.04665389,-0.63403984,-0.3782829872062624,0.1325952738268899,1.0,0,,-0.9,304.0,-1.3447907194495203,-1.4826099276542664,-0.7860307842493057,-0.5431315898895264,-1.5180880203843117,-1.0380087047815323,-0.8239505961537361,-0.8366206884384155
4I77_HL_Z,4I77,H,103,Y,Z,41,I,2.19743766725223,,H,0.0016546931879356,0.0103769489902953,-0.0087222558023597,25,23,2,0.5454671,0.09363469999999996,-1.0510759621866308,0.011575895088617422,1.0,0,-35.23857498168945,-5.8,304.0,0.516493856906891,0.8199024796485901,0.5737823247909544,0.714116096496582,-0.30038738250732444,-0.13149380683898904,0.7589954137802124,1.4123291373252869
4I77_HL_Z,4I77,L,95,N,Z,45,G,1.3801528344884093,,L,0.0361018124748346,0.022368959650144,0.0137328528246906,25,26,-1,-0.39194876,-0.60200529,-0.2413210840655335,-0.007647836067762009,1.0,0,,-3.1,304.0,-0.3486033380031586,-0.4623722359538079,-0.2957099601626396,-0.5128502696752548,-0.607430212199688,-0.304614506661892,-0.292341947555542,-0.31166746467351925
4J2L_A_CD,4J2L,C,17,W,A,31,F,2.2295846882352905,,H,0.0492197345387961,0.0269136391716127,0.0223060953671834,22,21,1,-4.0120049,-4.5210695,0.30823184925169667,-0.03214325733047779,0.0,0,-4.331394195556641,-3.6999999999999997,298.0,-3.869303822517395,-3.7021678686141968,-4.5412540435791025,-3.9075570106506348,-3.8329076766967773,-4.146943926811218,-4.435690820217133,-3.6602153182029724
4JEU_A_B,4JEU,B,3,R,A,261,V,1.127664041308761,,L,0.152299071260369,0.1482364977065149,0.004062573553854115,17,17,0,-0.92207803,-1.2698759,0.5737906763941292,0.09525929023834781,0.0,0,24.473915100097656,-8.7,298.0,-1.7958434224128723,-1.0877364873886108,-0.06437760591506958,-1.0281600952148438,-1.8748339414596558,0.16348791122436546,-0.892890453338623,-0.7962698936462402
4JEU_A_B,4JEU,B,7,L,B,206,E,1.1084563032791506,,H,0.0545343831007301,0.0552322055273028,-0.0006978224265727015,17,17,0,-0.5054942200000001,-0.13059185,-0.7348581584508123,0.08011942699503061,-0.5,0,-16.301445007324215,7.3,298.0,-0.2303173691034317,-0.9183810949325562,-0.1564539074897766,-0.5702782273292542,-0.34147387742996216,-0.659836545586586,-0.9713002741336823,-0.1959122568368912
4JEU_A_B,4JEU,B,215,I,B,97,I,3.2402502019955364,,H,0.0,0.0003054493676713,-0.0003054493676713,24,22,2,0.27638787,0.4938876,-0.1763372619725443,-0.039030494058163084,0.0,0,6.357528686523436,0.0,298.0,0.2902715206146241,0.5986194610595703,0.24935744702816007,0.15879780054092413,0.27097752690315247,0.19345170259475708,0.2082934975624084,0.2413338273763657
4JFF_ABC_DE,4JFF,C,1,E,D,95,G,7.319559526108369,,L,0.0098526983413876,0.0062088930653262,0.0036438052760614003,25,26,-1,-3.0015495,-3.8373057399999997,0.3825077508424318,0.12551399946479197,0.5,0,,-3.1,298.0,-3.4670483767986298,-2.772161602973938,-2.946896553039551,-3.3796752095222473,-2.9909681677818303,-3.365610182285309,-2.47146475315094,-2.6185708045959473
4JFF_ABC_DE,4JFF,C,4,G,E,100,G,6.515296898776146,,L,0.0422124982366205,0.043224484388705,-0.0010119861520844972,26,24,2,1.44246242,1.9226560600000002,-0.16834018719941457,-0.010797963940584798,0.0,0,,0.0,298.0,1.8194591552019124,1.5976309180259707,0.2883641719818115,2.1761078238487244,1.850328803062439,0.6088333129882812,1.0483976900577545,2.1505778878927235
4JFF_ABC_DE,4JFF,C,7,I,E,50,Y,6.426746198757867,,L,0.0,0.000837890864609,-0.000837890864609,25,25,0,1.6277773999999998,2.3190016,-0.20742993368939644,0.028412075631810196,-1.0,0,-24.176261901855465,5.8,298.0,1.9885296821594238,2.240252494812012,1.111114740371704,0.8228391408920288,2.5660558938980103,1.2327831983566284,0.3281511068344116,2.732493281364441
4JFF_ABC_DE,4JFF,C,8,L,C,5,I,6.196110354356413,,L,0.0252643910099856,0.0117725498280444,0.0134918411819412,21,22,-1,-1.3441003500000002,-1.4875535999999998,0.3060378057611479,0.029772309859733198,0.0,0,8.069095611572264,-0.7000000000000002,298.0,-2.04342919588089,-1.3035038709640503,-1.2467027902603152,-1.5107200145721436,-0.8357455134391785,-1.532661616802216,-1.3302639722824092,-0.9497753381729126
4JFF_ABC_DE,4JFF,C,9,T,E,58,S,6.53152220613874,,L,0.0391572333998921,0.0423335353539969,-0.0031763019541048015,21,21,0,-2.3542368700000003,-2.65053064,-0.3965740669259274,-0.02647640757117281,0.0,0,-3.1580734252929688,0.10000000000000009,298.0,-2.9965068995952606,-2.0194636583328247,-1.9151580035686488,-1.612712427973747,-2.530464991927147,-2.6695841550827026,-2.3240288794040684,-2.7659753859043117
4JGH_ABC_D,4JGH,D,44,W,C,32,G,2.0482653337407095,,H,0.2965148399924242,0.2626986223787609,0.03381621761366327,20,18,2,-3.6633489100000003,-3.95142143,0.6227961169978182,-0.0679135754737919,0.0,0,,-0.5,298.0,-3.349693179130554,-3.9157136380672455,-3.9450549334287643,-3.741151638329029,-3.2600037902593613,-3.581766948103905,-3.7151891738176346,-3.7982208654284477
4KRO_A_B,4KRO,B,15,R,B,93,Y,1.5832991719387786,,L,0.1386037850132884,0.1440668087081329,-0.005463023694844499,22,20,2,0.1786451,0.03975200000000001,0.08334285087672255,0.1528576461936657,0.3333333333333333,0,-10.49936294555664,-3.2,298.0,-0.17991030216217085,0.22343528270721458,0.7333470582962034,0.6794884204864504,-0.35395371913909934,-0.3318202495574947,0.6498926877975468,0.008682847023010032
4KRP_A_B,4KRP,B,105,E,B,107,D,1.6060447352220086,,L,0.167047876670003,0.1730397122255382,-0.005991835555535202,19,20,-1,-1.0116446000000001,-0.6555935000000002,0.08970893493936649,0.0450182520419658,-0.5,0,0.0979690551757817,0.0,298.0,-0.24037742614746094,-0.7369582653045654,-1.3711254596710205,0.062238454818725586,-1.4050350785255434,-1.2425376176834109,-1.0112667083740234,-2.1480936408042908
4L3E_ABC_DE,4L3E,A,65,R,A,72,Q,1.3011671118471222,,H,0.1421721801258646,0.1482468133070925,-0.00607463318122789,23,25,-2,0.2392533000000001,0.37768599999999974,0.2455086418727619,-0.017794985903971494,-0.16666666666666669,0,16.32217407226563,-1.0,298.0,-0.57802414894104,0.2581775188446045,-0.11411666870117188,1.0598561763763428,0.04421210289001465,0.6364858150482182,-0.3997824192047119,1.0072171688079834
4L3E_ABC_DE,4L3E,A,155,Q,A,163,T,1.2584735016202362,,H,0.0402349651735726,0.0217108846512103,0.018524080522362298,25,24,1,-0.1850353,0.04300680000000012,-0.30996645837122816,-0.02170842868972328,0.0,0,5.019649505615234,-2.8,298.0,-0.2758271694183354,0.3178668022155764,-0.02726221084594682,-0.14263439178466797,-0.20779705047607422,-0.7155989408493042,-0.6115517616271973,0.18252229690551758
4L3E_ABC_DE,4L3E,A,166,E,D,27,R,1.2169732743791315,,H,0.3102598156221082,0.3425909962942554,-0.032331180672147186,18,17,1,0.39486909999999975,0.03852929999999999,-0.647629414218166,-0.0391795091245003,0.16666666666666669,0,-28.656740188598633,1.0,298.0,-0.1717441082000728,0.5369820594787598,0.9663681983947754,0.13186407089233398,0.6385318040847776,0.87039589881897,0.2114508152008061,-0.024895668029785156
4L3E_ABC_DE,4L3E,D,26,Y,C,8,L,2.7835618283803383,,L,0.0159764802285845,0.0082431480233286,0.0077333322052559,22,21,1,-1.382728,-3.7061331,1.1024446962156154,0.009583964035454723,1.0,1,4.3613739013671875,-5.1,298.0,-1.6913617849349976,-3.2419017553329468,-0.7111253142356873,-0.10544455051422097,0.16349971294403076,-3.6890658140182495,-1.5443096160888672,-0.24211513996124268
4MNQ_ABC_DE,4MNQ,C,4,K,D,96,Y,4.933426404666148,,L,0.0182510972037124,0.012032052357827,0.006219044845885398,26,26,0,-1.9872008,-1.764431,0.14248247470370878,-0.11096131402026538,0.0,-1,6.364585876464844,-2.5999999999999996,298.0,-2.2931759357452393,-1.6451680660247798,-1.2300962209701538,-2.1131047010421753,-2.469031810760498,-1.9575059413909912,-2.6107577085494995,-1.578766107559204
4MNQ_ABC_DE,4MNQ,C,6,L,D,91,A,4.14712203343936,,L,0.0253920310462841,0.0239231621718939,0.0014688688743902008,24,25,-1,-1.387712,-1.4507097000000002,-0.39422993463476774,0.07742901944509309,0.0,0,,1.9999999999999998,298.0,-1.5163425207138066,-1.5590107440948486,-0.8933925628662109,-1.6561261415481567,-1.2817087769508362,-1.4156080484390259,-1.104723870754242,-1.6747833490371704
4MYW_A_B,4MYW,B,48,I,B,34,T,2.5720617535244585,,E,0.0002069070114443,0.006358737566265,-0.0061518305548207,26,24,2,0.5184436000000001,0.0030810999999997257,-0.1548597957047163,-8.415247626189504e-05,-1.0,0,-40.72512149810791,5.2,298.0,0.9149274826049805,0.0182802677154541,0.5235061645507812,0.48320555686950684,-0.08408796787261963,1.1424129009246826,0.5975363254547119,0.5517691373825071
4O27_A_B,4O27,A,88,K,B,118,Y,1.024414289084085,,H,0.1598309737434917,0.1629039255379071,-0.0030729517944154128,18,18,0,-1.648245,-1.7682601999999998,-0.9083281873034033,0.02616948382113743,-1.0,0,5.7947845458984375,-2.5999999999999996,298.0,-1.9191516935825348,-1.7274143993854527,-1.5881458520889284,-1.5428383946418762,-1.6253774464130402,-2.0567667484283447,-1.3074917793273926,-1.4187739193439486
4O27_A_B,4O27,A,215,Y,A,216,V,1.1947757783935136,,H,0.0878370140862499,0.0918323193316469,-0.003995305245396999,20,21,-1,1.7379585,1.12910165,0.14190029234199653,-0.09055409337215709,0.0,0,11.132553100585938,-5.5,298.0,1.0421087741851807,0.9159430265426636,1.206359326839447,1.84876549243927,1.9421558380126953,2.5021109580993652,1.9243470430374146,2.521878182888031
4OFY_A_D,4OFY,A,34,Q,A,43,G,1.1762294551826238,,L,0.012054481648668,0.0031520649096272,0.0089024167390408,25,23,2,-1.9481775899999998,-2.51886059,-0.08788120285685497,-0.03566519104364824,0.5,0,,-3.1,298.0,-2.501922808587551,-2.533488824963569,-0.8941032141447067,-2.1869340091943736,-1.3091206178069115,-0.9240928068757057,-2.697027556598187,-2.5387305691838264
4OFY_A_D,4OFY,A,85,Q,A,87,S,1.7324587013154158,0.14209558868467176,L,0.0,0.0009578644168893,-0.0009578644168893,27,25,2,-0.8438135000000002,-0.7396353,-0.19197945626881374,0.014313735000399008,0.0,0,3.554595947265625,-2.7,298.0,-0.918606758117676,-1.370105504989624,-0.8730556964874268,-0.7912811040878296,-0.8509465456008909,-0.8008593320846555,-0.7209494113922119,-0.4247041940689087
4OFY_A_D,4OFY,D,34,Q,A,36,M,2.8692159988027166,0.08407289665825735,E,0.0101308383521464,0.0168023409247569,-0.006671502572610498,24,25,-1,0.6682972999999999,-1.9853599999999996,0.383235156121022,-0.03303188112515032,1.0,0,7.195945739746094,-5.4,298.0,1.4771771430969238,0.7988625168800353,-1.1336323022842407,0.8748377561569212,1.5557886362075801,0.0017948150634765625,1.4345719814300542,0.33698010444641113
4OFY_A_D,4OFY,D,42,L,A,41,G,2.5667118722837503,,L,0.0064291022361753,0.0154529259292368,-0.0090238236930615,29,28,1,1.5287349000000003,0.2999516,-0.28892601492008674,-0.048093282723380315,0.0,0,,4.2,298.0,3.372918486595154,3.3162031173706055,2.584397554397583,2.5774554014205937,3.1195802688598633,-0.2871274948120126,0.9984649419784546,-3.452010691165924
4OFY_A_D,4OFY,D,96,R,D,40,G,3.419674805388326,,L,0.3209612540599458,0.3490366218720657,-0.02807536781211989,14,15,-1,-1.9021732799999997,-2.41169522,-0.055201760588477256,-0.0038323612987860023,0.0,0,,-4.1,298.0,-1.3407730162143707,-1.731994241476059,-2.1376310586929326,-2.3936138153076176,-2.10835137963295,-2.122281849384308,-2.016710340976715,-1.3660317361354828
4OZG_ABJ_GH,4OZG,G,50,L,G,48,H,1.165761296968809,,L,0.0949437104287705,0.0846963337525759,0.010247376676194603,17,17,0,2.016729,2.4510859,0.5333974434729297,0.032280946574055,-0.5,0,-22.75102996826172,7.0,293.0,1.9808838963508606,1.503566443920135,2.297550737857819,1.6106923818588257,2.4148626923561096,2.718686521053314,1.9028087854385376,1.7047789096832275
4OZG_ABJ_GH,4OZG,H,94,F,J,3,Q,1.4100792703507583,,L,0.0372761480572468,0.0496122382492599,-0.0123360901920131,22,24,-2,-1.8387391000000002,-2.3133795999999998,0.2789286711644444,-0.02366276686256441,0.0,0,-31.653114318847656,6.3,293.0,-1.4100749492645264,-2.3187893629074092,-2.2158542871475224,-1.2617493867874146,-1.630831718444824,-2.3038601875305176,-1.8174433708190918,-1.7513092756271358
4OZG_ABJ_GH,4OZG,H,95,R,J,9,P,1.7140134858666605,,L,0.004236611106924,0.0306084291344577,-0.026371818027533703,22,24,-2,-2.3086729999999998,-2.0794541000000004,-0.33496926058521104,-0.0723220484504132,1.0,0,-20.390001296997067,-2.9,293.0,-2.4153898954391484,-2.108496367931366,-1.8716382980346682,-2.1737310588359833,-2.541993796825409,-3.0129862427711482,-2.265631079673767,-2.0795164704322815
4OZG_ABJ_GH,4OZG,H,98,D,H,99,T,1.621665603191739,,L,0.0163030124894396,0.0200421715971738,-0.0037391591077342023,20,18,2,0.7999399,-0.6216157999999998,0.35805948500578155,-0.011174745160810573,1.0,0,46.15635681152344,-2.8,293.0,0.5101523399353027,1.105294942855835,1.526998221874237,1.3494519591331482,1.5140138864517212,-0.17645740509033203,0.7431042194366455,-0.17303919792175293
4P23_CD_AB,4P23,C,40,K,D,75,E,1.1931987157495938,0.17036148930942865,H,0.3189832174233397,0.3259310754697586,-0.006947858046418898,13,12,1,0.7354779499999999,0.45430040000000005,-0.052825177148833224,-0.09048168862241479,0.0,0,1.3753547668457036,-0.3999999999999999,298.0,0.6344256401062012,0.9738278985023499,0.2902526259422302,1.4190283417701723,0.4380016326904297,0.6328346133232117,1.337197124958038,0.15825629234313976
4P23_CD_AB,4P23,C,66,V,C,59,G,1.16627650370749,,H,0.0,0.0041317962133278,-0.0041317962133278,23,23,0,3.4856562500000003,3.3529891000000003,-0.1561633884403799,-0.026156839135601906,0.0,0,,4.6000000000000005,298.0,3.2848260402679443,3.431947022676468,3.7637765407562256,3.861050099134445,2.865123927593231,4.104400932788849,3.399443209171295,3.1746831834316254
4P23_CD_AB,4P23,D,2,E,B,97,D,1.16627650370749,,L,0.153829194664903,0.1549516847454785,-0.0011224900805754945,17,16,1,1.4976422999999999,0.8117065000000001,0.38741934928673194,-0.09546098957456012,0.0,0,2.7758026123046875,0.0,298.0,1.1815226078033445,1.4178412556648254,2.0207003355026245,1.5030319690704346,0.19586181640625044,1.9398565292358398,1.7862485647201538,1.936075210571289
4P23_CD_AB,4P23,D,5,K,D,8,A,2.2296234426394665,,L,0.0068342981245232,0.0023755751504213,0.0044587229741019,26,25,1,-1.7842205999999998,-1.7763855000000004,0.16435795653594454,-0.034133797279002204,0.0,0,,-5.7,298.0,-1.0036900043487553,-1.9451763629913335,-1.4480041265487673,-2.61301326751709,-2.481233835220337,-1.5889298915863037,-1.7040562629699707,-1.489662885665893
4P23_CD_AB,4P23,D,7,K,D,4,Q,2.567194198281374,0.6826014437951471,L,0.0734755875739947,0.0975773824758899,-0.024101794901895207,26,26,0,1.1529117000000002,1.9286758000000002,-0.5637462911498532,0.09788300152514928,0.0,0,-33.88816452026367,-0.3999999999999999,298.0,0.9794986248016355,2.040545701980591,1.990792036056519,0.7603050470352177,0.04230308532714844,-0.13034343719482422,1.739638328552246,1.800554752349853
4P23_CD_AB,4P23,D,79,R,C,58,Q,2.0705851792448766,0.9725053785217762,H,0.1433889593805054,0.1438435349416142,-0.0004545755611088109,18,18,0,1.1751580999999998,1.8706667,0.5032707800577562,0.09352396539083963,-0.16666666666666669,0,11.300300598144531,-1.0,298.0,1.1747409105300903,0.3327710628509526,1.6192450523376465,1.0937800407409668,0.4270491600036621,1.1590181589126585,1.7653765082359314,1.8292824029922485
4P5T_CD_AB,4P5T,C,61,L,D,81,A,1.0095291007048206,,H,0.0820095062112072,0.0886421919657476,-0.006632685754540402,17,17,0,-0.8228588000000001,0.709634,0.17225808945524967,-0.0011089110468303076,0.0,0,,1.9999999999999998,298.0,-0.911881685256958,-0.9736442565917969,-1.1571871638298035,-0.34189558029174805,-0.531761646270752,-0.48449617624282837,-1.2139875888824463,-0.9680166244506837
4P5T_CD_AB,4P5T,D,4,Q,A,95,S,1.6541005575500751,,L,0.0265865177575723,0.0101041597615297,0.0164823579960426,28,26,2,-1.2089843999999998,-0.2943753,-0.20524257691568282,0.0030867378955466984,1.0,0,21.592575073242184,-2.7,298.0,-1.6429626941680904,-1.3489816188812256,-1.6280653476715088,-1.4438776969909668,-0.3679230213165283,-1.589775681495667,-1.5958850383758545,-0.054405450820923296
4P5T_CD_AB,4P5T,D,7,K,D,8,A,1.5485443304610826,,L,0.024007007705105,0.0,0.024007007705105,26,25,1,2.0584895999999997,2.359231,-0.2151247642022499,0.0859714485519362,0.0,0,,-5.7,298.0,2.405531167984009,2.926618456840515,1.7135931253433228,1.848184943199158,1.3058960437774658,3.5428168773651123,1.8527919054031372,0.8724844455718994
4P5T_CD_AB,4P5T,D,78,R,B,94,F,2.073568493729729,,H,0.0480626167196056,0.0518226783911804,-0.003760061671574798,22,23,-1,-0.4869333,-0.5505404,-0.3544728381124416,0.09687710136482897,0.3333333333333333,0,-9.072319030761719,-7.3,298.0,-0.3265923261642456,-0.2344064712524414,-0.47123849391937256,0.07597959041595437,-0.8731707930564879,-0.6869080662727356,-0.5377427339553833,-0.8413860201835633
4PWX_AB_CD,4PWX,A,194,F,A,201,E,1.7284574247898898,,H,0.0160185257629684,0.0570712995032612,-0.0410527737402928,18,19,-1,-1.7365274,-0.08993789999999979,-0.4525704084094052,-0.006752265261341428,0.0,0,19.0718994140625,6.3,298.0,-0.30592060089111284,-0.8735072612762449,-3.154706120491028,-1.226582527160645,-2.0091806650161743,-3.543889880180359,-0.8435125350952148,-1.9349201321601868
4PWX_AB_CD,4PWX,A,198,Y,C,20,Q,1.7284574247898898,-0.17771794009516576,H,0.106214321299363,0.1058278069149864,0.0003865143843765906,22,22,0,-0.6756616000000002,-0.5186088,-0.8771062035726054,-0.10502756583708717,0.0,0,6.699104309082031,2.2,298.0,-0.945366621017456,-0.46726036071777344,-2.0788254737854004,0.10327363014221191,-0.8624594211578365,-1.0339732170104976,-0.8607950210571289,0.7401132583618164
4PWX_AB_CD,4PWX,A,205,Q,B,92,D,1.0135035228231954,,H,0.1586378518304384,0.1702475842791927,-0.011609732448754295,17,15,2,-0.4385108999999998,0.46347340000000026,-0.700648055214055,-0.0735948333650534,0.0,0,-39.91508483886719,0.0,298.0,-0.25053930282592773,-0.7153031826019283,0.001939535140991211,-0.539050817489624,-0.837338924407959,-0.2720468044281006,-0.946552038192749,0.05080175399780318
4PWX_AB_CD,4PWX,C,16,Y,C,60,D,1.1444566316659752,,H,0.127870786055236,0.1021953990743816,0.025675386980854392,22,22,0,-2.8429704,-2.0381387999999996,0.4205873899113348,-0.02187585796756014,0.0,0,34.99838256835938,2.2,298.0,-2.4690511226654053,-2.9192432165145874,-2.22235369682312,-3.946380138397217,-2.8477439880371094,-2.3617732524871826,-3.3583256006240854,-2.6188902854919434
4PWX_AB_CD,4PWX,C,28,R,C,107,N,1.7284574247898898,,H,0.3182612066241613,0.3337609118918395,-0.015499705267678188,17,15,2,0.08886550000000026,0.43175669999999977,2.332217887580128,0.06720905281007555,0.0,0,-33.419715881347656,-1.0,298.0,0.5143418312072758,0.15789568424224876,-0.1747581958770752,0.2346247434616091,-0.4397095441818235,0.43201279640197754,0.27892041206359885,-0.29240310192108154
4RS1_A_B,4RS1,A,25,E,B,117,S,1.5019038064968653,,L,0.302611485941984,0.3398346950768933,-0.037223209134909285,20,18,2,0.8827855,0.5417179999999999,-0.8446436649829799,-0.07578950451467492,0.0,0,-15.317367553710938,-2.7,298.0,0.9589653015136721,1.3999115228652956,1.0779460668563843,0.5049149990081783,0.6704866886138916,0.7322918176651005,1.4140206575393677,0.30374431610107466
4RS1_A_B,4RS1,A,28,D,B,147,T,2.5910689357937766,,L,0.0711104725858224,0.0783877357378502,-0.007277263152027799,17,18,-1,1.91299307,1.8141866999999998,-0.3001227360251212,-0.005360533385598304,-0.5,0,13.021377563476564,-2.8,298.0,2.2086296677589417,1.9524614214897156,1.7963082790374756,1.5337379872798917,2.1939539909362793,2.069542527198792,1.7415669560432439,1.8077445328235626
4RS1_A_B,4RS1,A,92,D,B,254,R,1.8652904606257341,,H,0.0488856022398117,0.0405566606526799,0.008328941587131801,17,18,-1,-2.01945605,-2.03926103,0.9180605900851656,-0.04466000965771749,-0.16666666666666663,0,-1.9309234619140607,1.0,287.5,-2.03671932220459,-2.3023253679275513,-1.5310938656330104,-3.023509114980697,-2.333841621875763,-1.2037203311920166,-1.042599618434906,-2.6818400025367737
4RS1_A_B,4RS1,A,99,F,B,205,S,3.624700968480194,0.615713967495489,L,0.0611564720017926,0.0646143785234244,-0.003457906521631804,16,17,-1,-1.94500452,-1.83484398,-0.2782571266634406,-0.04871371474621222,0.0,0,-16.211875915527344,3.5999999999999996,298.0,-2.2256088256835938,-1.6361292004585266,-1.8520836532115936,-1.5742678195238113,-1.7677166163921356,-2.1909293234348297,-2.311789393424988,-2.0015110075473785
4YEB_A_B,4YEB,B,131,F,B,37,Q,2.4163831684447996,,L,0.01804146003205,0.0159413773170315,0.002100082715018499,23,22,1,0.6023847999999998,0.5614018000000001,-0.47799536123314534,-0.04424387203848559,-0.5,0,0.3128395080566406,6.3,298.0,0.932706356048584,0.5062777996063237,0.9466185569763184,0.23052692413330078,0.4418191909790039,-0.41583776473999023,1.247688770294189,0.9292778968811035
4YFD_A_B,4YFD,B,4,W,A,169,R,1.1320943862080435,0.15937440841854456,L,0.0351811283433972,0.0374133197900652,-0.0022321914466680026,23,23,0,0.16836289999999998,0.042716999999999894,-1.121353836403944,-0.04589634568491391,-0.3333333333333333,0,-24.383132934570312,3.6,298.0,0.05684518814086892,-0.6237648725509644,-0.7411463260650635,1.3430068492889404,-0.12282156944274902,0.056589603424072044,1.9029819965362549,-0.5247887372970581
4YFD_A_B,4YFD,B,71,K,B,62,F,1.4744243852779593,,L,0.0461024855783216,0.0421219354095514,0.003980550168770199,19,18,1,-1.7810383399999998,-1.7719618,-0.7744996349867309,0.002799539193794498,1.0,0,14.369503021240236,-6.699999999999999,298.0,-1.9495497643947601,-1.0968860387802124,-2.0789918303489685,-2.1685169339179993,-1.5470921695232396,-2.097870111465454,-1.759147316217422,-1.5502523779869075
4YH7_A_B,4YH7,A,169,R,B,4,W,1.4376801502421461,,L,0.0411341865257268,0.0635142543542498,-0.022380067828523004,24,22,2,-0.3466982999999999,-1.2896686000000002,0.5667870371169358,0.028361945676781408,-1.0,-1,31.529029846191406,-3.6,298.0,-1.608609318733215,-0.16546034812927246,-0.9674320220947266,-1.2309230566024778,-0.0026607513427734375,1.5796912908554077,0.5414395332336421,-0.9196324348449707
4YH7_A_B,4YH7,A,246,Y,B,91,R,1.034133866497952,,E,0.0499602995608007,0.0376069205479438,0.012353379012856894,20,21,-1,2.3552478,2.29107355,0.3114806025568726,-0.04384029818652191,-0.6666666666666666,0,9.905441284179688,3.2,298.0,2.2700101733207703,2.122685432434082,2.3317503333091736,2.807552754878998,2.2038257122039795,2.2604552507400517,2.5066718459129333,2.3390287160873413
4YH7_A_B,4YH7,B,258,D,B,70,E,1.5903631126307443,,H,0.4687075414204418,0.4586884919522176,0.010019049468224184,10,12,-2,1.067064,0.1251815999999999,0.2862711585499234,0.596194634844312,0.0,0,5.621967315673828,0.0,298.0,0.056206583976745605,0.7089619636535645,1.0562329292297359,1.3987599611282353,0.461162805557251,0.21791911125183083,2.4267725944519043,2.210495412349701
4ZS6_HL_A,4ZS6,A,156,E,A,159,D,3.0386657301602105,,L,0.0928261369653335,0.04843743472858,0.044388702236753494,19,20,-1,-2.4221589,-3.19702785,0.18318011062848094,0.029066041172068513,-0.5,0,-19.817962646484375,0.0,298.0,-2.3186264634132385,-2.607020288705826,-2.825779557228089,-2.046653389930725,-1.714966237545013,-2.3578860759735107,-2.846262276172638,-2.6600767970085144
5C6T_HL_A,5C6T,H,99,F,A,193,G,1.4600294695006892,,L,0.0619250988539416,0.0845069064947428,-0.022581807640801192,16,17,-1,-2.55933958,-3.4704572999999996,0.31794048433866656,0.05024197593633434,0.0,0,,3.1999999999999997,298.0,-3.4005541503429413,-1.887556254863739,-3.474417001008988,-3.384839862585067,-1.5333413481712341,-1.8487657606601715,-2.2110003232955933,-2.7342422902584076
5C6T_HL_A,5C6T,A,194,E,H,100,F,1.0906715831054934,,L,0.0929939095535083,0.0833447979395894,0.00964911161391889,20,20,0,3.3936687,2.7394974,-0.7313010246080854,-0.05760460059300121,0.0,0,-17.66580200195312,-6.3,298.0,3.8941816091537476,2.661763548851013,2.815543234348297,2.82254421710968,4.046487033367157,2.888718992471695,4.198913156986237,3.821197032928467
5C6T_HL_A,5C6T,A,199,F,H,32,S,2.758178513868998,-0.8683452699720843,L,0.0066866958734681,0.0159155681023819,-0.0092288722289138,19,19,0,0.0674319000000001,-0.5887779000000002,-0.6086726098988133,-0.025170822749099042,-1.0,0,-25.988677978515625,3.5999999999999996,298.0,1.3077603876590729,0.7196686267852781,-0.23904919624328613,0.0737680196762085,-1.0569196939468384,0.05925321578979492,-0.42710512876510653,0.10207986831665039
5F4E_A_B,5F4E,A,139,R,A,137,A,1.4646556504443715,,L,0.0963542679266864,0.105492423020603,-0.009138155093916592,20,21,-1,0.002663599999999988,-0.5403905,0.16016642026164873,-0.02280260833142339,0.6666666666666666,0,,-6.3,293.0,1.0385175943374638,-0.08708369731903054,-0.6012518405914307,-0.7090703248977661,0.70136559009552,0.4590628147125244,0.16064214706420854,-0.940873384475708
5F4E_A_B,5F4E,B,26,E,A,130,N,1.4241995776985283,,H,0.106477896579081,0.1497605482029939,-0.0432826516239129,19,17,2,-2.51724054,-3.1701598000000004,1.3002517131918148,-0.0797774582945483,-1.0,0,24.343986511230465,0.0,293.0,-3.6186055541038513,-3.589551031589508,-1.6288247108459468,-1.3929871916770935,-3.725058391690254,-1.9527254104614258,-1.8310917615890503,-2.399080514907837
5F4E_A_B,5F4E,B,43,W,B,58,F,1.0546542005909838,,H,0.0802057593461975,0.0605870747341118,0.019618684612085706,20,18,2,1.484276,1.24894665,-0.4490785095134093,-0.04428119243648709,0.0,0,10.83908462524414,-3.6999999999999997,293.0,2.362566888332367,1.3804060220718384,1.2715681195259099,0.9460387229919434,1.636487603187561,0.3260810375213623,2.9247283339500427,1.0263295173645017
5F4E_A_B,5F4E,B,62,L,B,25,Y,2.9336654109516216,,L,0.0484754270074669,0.0498015087476997,-0.0013260817402328054,23,21,2,-0.9525264999999999,-0.09255745999999998,-0.5945704347238101,-0.00795474891967149,0.0,0,-2.700145721435547,5.1,293.0,-0.6994569301605225,-1.1288602352142334,-1.0972896218299866,-1.4792202413082123,-1.0068289637565613,-1.3719311356544495,-0.31335121393203735,-0.523272693157196
5K39_A_B,5K39,B,148,I,A,134,F,2.1898670998026213,,H,0.0281609799673333,0.026698683728522,0.001462296238811299,24,26,-2,0.5409879,0.5849149,0.8326422935441418,-0.05263960290879441,0.0,0,-2.6128768920898438,1.7000000000000002,318.0,0.6567467004060745,0.4248279333114624,0.7561609447002411,0.3177560567855835,0.6345979571342466,0.5789692997932434,0.5158952474594116,0.4429485499858857
5M2O_A_B,5M2O,A,75,L,A,122,G,1.6808793356196992,,L,0.1663390810623018,0.170293593960521,-0.003954512898219187,22,20,2,-0.17313015999999998,-0.14626474,0.051408954717610866,-0.007868170437392102,0.0,0,,4.2,308.0,-0.20748082548379898,-0.1465963497757912,-0.2323561757802964,-0.1589062735438347,-0.1052111983299255,-0.12204340845346451,-0.2667696699500084,-0.14567743241786948
5M2O_A_B,5M2O,B,21,V,B,18,S,2.524718411022802,0.04860160977052419,H,0.0,0.0,0.0,28,27,1,-0.012321680000000002,0.23547140000000003,0.059826206925125525,-0.002249402414288393,-1.0,0,-10.560287475585938,5.0,308.0,-0.03336881101131442,0.11967718601226801,0.20620621740818032,-0.11021730303764349,-0.09589968621730807,0.001384586095809881,0.022273138165473993,-0.20862901210784918
5M2O_A_B,5M2O,B,25,Q,B,61,Q,1.182801156826777,-0.162971634777618,H,0.006772307128998,0.0136086929765737,-0.006836385847575701,25,24,1,1.38680673,1.8153102,0.5959369849761398,0.013439746738266284,0.0,0,-2.448028564453125,0.0,308.0,1.2325806021690369,0.5569088459014897,1.6151175349950788,0.7172364592552186,1.3361042737960815,2.5679181814193726,1.5838854312896733,1.4847019910812378
5M2O_A_B,5M2O,B,32,K,A,78,K,1.0988260155473215,,H,0.4926827203930774,0.5085509382189003,-0.015868217825822872,11,11,0,1.3715901000000001,1.5882559600000001,-1.351812940184847,0.1254719451363375,0.0,0,1.3359947204589844,0.0,308.0,1.0854982137680054,1.0327467918395996,0.8549627065658569,1.6025454998016357,1.4021266996860506,1.9590408205986023,0.9085223078727722,2.127280116081238
5TAR_A_B,5TAR,B,86,E,B,88,W,1.1260183153599006,0.3841487812395772,E,0.0802181766324594,0.1209213076915606,-0.0407031310591012,17,16,1,2.4425516000000003,1.9709124,-0.0817454653918231,0.007880801506064627,0.5,0,20.173023223876953,-2.6,298.0,2.5055922269821167,3.218137562274933,2.2784759998321538,1.870980262756348,2.8033262491226196,2.0875847339630127,2.4214351177215576,2.354882359504699
5XCO_A_B,5XCO,B,10,S,B,14,V,1.2854344722939772,0.0,H,0.1264738952450308,0.1409561649473188,-0.014482269702287998,12,14,-2,0.9703991299999999,0.8121238199999999,-0.8873413068213273,-0.04864907277463079,0.0,0,9.014381408691406,-5.0,298.0,0.641358554363251,1.0853422284126282,1.1500107049942017,0.7015364766120911,0.7271305918693542,1.2464149594306944,1.310651659965515,0.9007476568222046
