complex_id,pdb,hot_chain,hot_resnum,hot_aa,ctl_chain,ctl_resnum,ctl_aa,hot_ddG,ctl_ddG,ss,hot_rsasa,ctl_rsasa,d_rsasa,hot_nbr,ctl_nbr,d_nbr,d_logp,d_logp_unc,d_bfac_z,d_gnm,d_buried_polar,d_unsat_polar,d_chi1_strain,d_hydro,d_T,d_logp_o0,d_logp_o1,d_logp_o2,d_logp_o3,d_logp_o4,d_logp_o5,d_logp_o6,d_logp_o7
1A22_A_B,1A22,A,161,K,A,157,K,1.7783553349035608,-0.0523514858914572,H,0.0484401024687262,0.0254298447343707,0.023010257734355503,25,24,1,0.02809980000000012,-0.0589192999999999,-0.6805304859086688,0.01597011827383979,-1.0,0,2.9253692626953125,0.0,298.0,0.42982494831085205,-0.5018640756607056,-0.5423506498336796,0.42237937450408936,0.2549256086349485,0.5091854333877563,-0.3487085103988652,0.0014046430587761893
1A22_A_B,1A22,A,167,R,A,163,E,2.4246162835990783,-0.9096298939368896,H,0.1340808914566766,0.1070444477240689,0.02703644373260769,25,26,-1,1.9236765999999998,1.8571407000000002,0.43907006463712583,0.0222463699360384,0.3333333333333333,0,1.309906005859375,-1.0,298.0,2.1192506551742554,1.4181851148605347,2.5157156586647034,0.8133935928344727,1.830991506576538,2.344722032546997,2.117417871952057,2.2297356128692627
1A22_A_B,1A22,A,171,C,B,173,N,1.0189540212285182,0.28691290191377616,H,0.1325049166052408,0.1102001059023597,0.02230481070288111,21,21,0,-0.22251581000000004,-0.69379993,-0.9870867084903456,-0.011480543740858884,-0.5,0,-0.00542449951171875,6.0,298.0,-0.502828285098076,0.165167011320591,0.1161690577864647,-0.6250659227371216,-0.6306305229663849,0.18238110095262533,0.12545771896839142,-0.6107766777276993
1A22_A_B,1A22,B,11,R,B,123,G,2.115299745535946,,L,0.0131872979573719,0.0222649581709797,-0.009077660213607801,24,23,1,-1.9927817200000002,-2.93162755,0.2570769660446861,0.032433540970230684,0.6666666666666666,0,,-4.1,298.0,-1.6078952923417091,-2.9095120951533318,-1.0817824974656105,-3.254547916352749,-1.4553453177213669,-2.436054088175297,-1.3581693917512894,-1.8389470502734186
1A22_A_B,1A22,B,12,E,B,126,V,1.6919638487429767,-0.669832352809876,L,0.1690911202624688,0.2022587986621273,-0.03316767839965848,21,20,1,0.6403618,0.4890481000000002,0.37692840464929644,-0.008692098837942502,0.0,0,4.628578186035156,-7.7,298.0,0.36538195610046387,0.7259752750396729,1.4251224994659428,0.01886534690856978,0.5558793544769287,0.635572910308837,0.3368163108825679,1.0592796802520756
1A22_A_B,1A22,B,60,T,B,61,S,1.4230269375004536,-0.18208834128065177,L,0.0217324195363067,0.0267030935523951,-0.004970674016088399,22,21,1,1.2832005000000002,1.4628249999999998,-0.19592760622367067,-0.01645873959256669,1.0,0,-15.547969818115238,0.10000000000000009,298.0,1.4054906368255617,1.3907063007354736,1.3443540334701538,1.433979868888855,1.200742244720459,1.6325944066047668,0.3546149730682373,1.503122329711914
1A22_A_B,1A22,B,63,W,B,83,S,4.681416547066253,0.2258387121583183,L,0.0217853758949312,0.0134475406244215,0.008337835270509701,20,20,0,-0.5044512999999999,-0.06821559999999982,-0.4667837819781758,-0.01264543726426512,1.0,0,2.1191444396972656,-0.09999999999999998,298.0,-0.5172269344329834,-0.9648458957672119,-0.08364295959472656,-0.5509836673736577,-1.1728777885437012,-0.9622867107391355,-0.2415082454681401,0.45776462554931685
1A22_A_B,1A22,B,65,P,B,81,C,2.964936070743077,0.0,L,0.0016721074018139,0.015209366119814,-0.013537258718000099,22,22,0,0.3057491,0.6859234000000001,-0.6942909527659045,-0.022823857045891405,0.0,0,30.254575729370117,-4.1,298.0,-0.09518181532621381,-0.37733758240938187,1.040005698800087,1.8231250643730164,-0.2532432526350021,0.6859219074249268,-0.31222708523273474,-0.06507086008787161
1A22_A_B,1A22,B,120,I,A,62,S,2.1534296321485966,0.3971126623944804,L,0.162896623769617,0.1457744761707761,0.017122147598840898,17,17,0,1.9587857,1.3073831,-0.4239605140263849,0.00362921576344849,0.0,0,24.873588562011722,5.3,298.0,2.6105573773384094,1.1489892005920412,1.9020178318023682,2.329663395881653,1.2357118129730225,2.3871535062789917,2.4584262371063232,1.5977680683135986
1A22_A_B,1A22,B,124,W,B,30,R,4.729537319129406,0.5673317649079936,L,0.0025899575047831,0.040346957466585,-0.0377569999618019,22,22,0,0.8416868999999999,0.98769914,-2.1578512302654134,-0.04505168413126151,0.33333333333333337,0,-12.8956298828125,3.6,298.0,0.9175190925598147,1.1355591416358948,1.2409290969371796,0.11628174781799316,0.4739912748336792,1.0628641843795776,0.8046786189079285,0.9816718697547913
1A4Y_A_B,1A4Y,A,263,W,A,291,A,1.170849396491051,,H,0.0099683152668705,0.0369008507996815,-0.026932535532811,26,26,0,-0.4711224999999999,-0.6919072000000002,-0.12002266933439087,-0.0011971338819453947,1.0,0,,-2.7,298.0,-0.968671560287476,-0.5895516872406006,-0.6509132385253902,0.003025054931639737,-0.3602392673492436,-0.060991525650024414,-1.0864243507385254,-0.055210828781127486
1A4Y_A_B,1A4Y,A,318,W,B,40,K,1.5000732434540465,,L,0.0206164068933458,0.0089497545082013,0.011666652385144501,25,26,-1,-0.3037334999999999,-0.44438259999999996,0.38428324602548214,-0.1760704004912807,-1.0,0,26.948375701904297,3.0,298.0,-1.4548259973526,-0.6375377178192143,0.7211047410964966,-1.3964693546295166,0.10941410064697266,-0.15601789951324463,0.4231538772583008,-0.03868842124938965
1A4Y_A_B,1A4Y,A,375,W,B,88,P,1.0348984717336767,,L,0.0148977266780777,0.0414127424129043,-0.026515015734826605,24,24,0,-1.6877574,-1.8301012999999997,-0.3019690653841497,-0.15147490263350388,1.0,0,-8.431877136230472,0.7000000000000001,298.0,-1.5498720407485966,-1.1055974960327148,-2.1353085041046143,-1.7169472575187683,-1.9349404573440552,-1.5393561124801636,-2.3754354715347286,-1.1446044445037842
1A4Y_A_B,1A4Y,A,434,Y,B,38,P,3.2605541973048746,,H,0.0336793282398424,0.0487711851066485,-0.0150918568668061,21,21,0,-2.421579595,-1.85044709,-1.0652574603145086,-0.09374285737207738,0.0,0,-10.577186584472656,0.30000000000000004,298.0,-1.9648262783885002,-2.4651883989572525,-2.6214834824204445,-2.592874698340893,-2.190470665693283,-2.8718081936240196,-2.210653133690357,-2.4553316310048103
1A4Y_A_B,1A4Y,A,435,D,A,93,N,3.4839828127111745,,H,0.1230589383999891,0.1554823612991195,-0.03242342289913039,22,23,-1,-1.4036172,-2.2460177,0.2631073701830309,-0.003413175693933318,0.5,0,-0.7242660522460973,0.0,298.0,-2.1403985023498526,-1.2269828319549563,-1.6560287475585933,-1.8361691236495967,-0.7179281711578367,-1.7934331893920898,-1.3045690059661865,-0.5534260272979743
1AHW_AB_C,1AHW,C,145,Y,B,59,I,3.8053425216717396,,E,0.0163023752781492,0.0111679040838254,0.005134471194323798,22,22,0,0.6720081,1.4163480999999998,0.7211413473875047,0.0364048341710827,1.0,0,-10.902854919433594,-5.8,298.0,1.4863165616989136,-0.47590625286102295,0.4482322931289673,0.8081686496734619,1.5840882062911992,-0.09498679637908936,0.7456638813018799,0.8744852542877193
1AHW_AB_C,1AHW,C,159,T,C,143,T,1.1057706448311257,,E,0.0394974398220036,0.0299017702756606,0.009595669546343,22,21,1,3.02316277,3.68221952,0.40892281595904356,0.0392537798510513,0.0,0,9.37616729736328,0.0,298.0,3.565194547176361,2.915959656238556,2.806234985589981,3.2761090993881226,2.5812317430973053,2.713945060968399,2.862461179494858,3.46416774392128
1AK4_A_D,1AK4,D,90,P,A,72,G,2.1720377019480512,,L,0.0033900605813945,0.014453876826291,-0.0110638162448965,21,20,1,-0.50430589,-0.51344841,0.16883767447647202,0.11558598325124683,0.0,0,,-1.2000000000000002,298.0,-0.4699804782867432,-0.518045336008072,-0.3236895874142647,-0.29671374708414083,-0.7849459946155548,-0.3038749247789383,-0.7886882796883583,-0.5485084876418114
1AO7_ABC_DE,1AO7,A,65,R,E,96,A,3.130316345563444,,H,0.2714152030950879,0.2572271141810967,0.014188088913991148,19,20,-1,0.2937927,0.5369839999999999,-0.125276170414941,0.056570987522628596,0.3333333333333333,0,,-6.3,298.0,1.2701970338821411,-0.32671475410461426,0.9131784439086914,-0.31815457344055176,0.5182857513427734,1.3467513918876648,-0.6271078586578369,-0.4260940551757817
1AO7_ABC_DE,1AO7,A,167,W,A,150,A,1.3125764094516374,,H,0.0496988022781582,0.0287366956822372,0.020962106595920998,18,18,0,-1.67721827,-0.5617536000000001,-0.2663072492217776,0.011582224954208714,0.0,0,,-2.7,298.0,-1.5598430633544926,-1.550406575202942,-1.5137948989868169,-1.9715825915336609,-2.222267508506775,-1.6636082530021667,-1.8569085597991941,-1.0793355703353882
1AO7_ABC_DE,1AO7,C,5,Y,C,4,G,1.6312197716435202,,L,0.0274530586142813,0.0054250837084468,0.022027974905834496,28,27,1,-2.20844444,-2.3475421,-0.03745139139450848,-0.022837852444012596,1.0,0,,-0.9,298.0,-0.7903653383255007,-2.560251772403717,-2.598725527524948,-2.7719484120607376,-2.004481196403504,-2.195867970585823,-2.493096888065338,-2.2528195977211
1AO7_ABC_DE,1AO7,C,8,Y,D,50,Y,3.166114657147678,0.4909193716462022,L,0.1509777403648269,0.1890489071888615,-0.03807116682403461,20,21,-1,1.1487792999999997,1.7476437000000002,-0.16153620800656188,-0.024222994423630323,0.0,0,-24.48409652709961,0.0,298.0,-0.1220188140869145,1.4785108566284184,0.531092643737793,2.2670514583587646,2.088358640670776,1.5094561576843262,0.21726775169372514,1.2205181121826172
1AO7_ABC_DE,1AO7,D,92,T,C,6,P,1.9457840009431795,,L,0.0667629801208311,0.0226206383989785,0.04414234172185259,25,25,0,-1.1462108299999998,-0.8852597,0.24646287559975233,-0.005691972997276806,0.0,0,-21.713088989257812,0.9000000000000001,298.0,-0.9957659542560577,-1.000983715057373,-1.1373506486415863,-0.6644408702850342,-1.5923439115285876,-1.0479616522789001,-0.927438497543335,-1.8034010529518132
1AO7_ABC_DE,1AO7,D,95,W,A,158,A,2.2234744601442626,,H,0.158827828180256,0.1261628058697134,0.03266502231054261,22,23,-1,-3.5439990999999997,-3.2802639,-0.28871441227146033,0.042099958888355604,1.0,1,,-2.7,298.0,-3.5969284176826477,-3.388745665550232,-4.250496864318848,-3.7231910824775696,-3.367523193359375,-3.2258179783821106,-3.469501793384552,-3.3297870755195618
1AO7_ABC_DE,1AO7,E,100,P,D,96,G,1.1536409190313672,,L,0.0047702039434808,0.0039807057145073,0.0007894982289735003,24,23,1,0.12938929999999998,0.46723035999999996,-0.06763800875582004,-0.04394450263929642,0.0,0,,-1.2000000000000002,298.0,0.014970481395721436,-0.04966789484024042,0.3175247758626938,0.2563531994819641,-0.1230013370513916,0.10146152973175049,0.1477707028388977,0.3697032183408737
1BD2_ABC_DE,1BD2,A,65,R,A,155,Q,2.498113857024653,,H,0.0872865687998944,0.0772353685953371,0.010051200204557298,22,23,-1,1.0000130999999999,1.1143314999999998,-0.7249251033949466,0.0647387891467433,0.3333333333333333,0,-14.8856201171875,-1.0,298.0,1.1822930574417114,0.8510434627532963,2.175719976425171,0.9202035665512085,0.9098690748214722,0.4408203363418579,0.9365526437759399,0.5836031436920166
1BD2_ABC_DE,1BD2,C,5,Y,D,94,G,3.340519887578047,,L,0.0186972200413689,0.0092198097016632,0.009477410339705698,25,25,0,-1.719538265,-1.67135081,-0.8221748775917948,-0.0005010505166312129,1.0,0,,-0.9,298.0,-2.227267414331436,-1.490998402237892,-1.6093513071537018,-1.6692248284816742,-1.8040419965982435,-1.5075820162892344,-1.7410403564572334,-1.7067995518445969
1BD2_ABC_DE,1BD2,D,93,E,C,7,V,1.3151015588177941,,L,0.0010460071581796,0.0426000023722087,-0.041553995214029096,22,23,-1,-0.8938656,-1.4981463000000002,0.29129720940131043,-0.0424092821347144,1.0,0,-9.251708984375,-7.7,298.0,-1.8133782148361206,-0.45755958557128906,-1.4825021028518681,-0.7359938621520996,0.3666098117828369,-1.9726366996765141,-0.5314922332763672,-0.5239691734313965
1BJ1_HL_VW,1BJ1,H,99,Y,H,33,G,4.438760044581662,,L,0.0,0.0,0.0,26,25,1,-0.7815963000000001,-0.7908740000000001,-0.03943996912644554,-0.003557639934996387,1.0,0,,-0.9,298.0,-0.7967007160186768,-2.034741163253784,-1.6122465133666992,-0.08648872375488281,-0.02586817741394043,0.33298826217651367,-2.132630467414856,0.10291719436645508
1BP3_A_B,1BP3,A,25,F,A,22,Q,1.149772913128874,,H,0.2029713157888814,0.2202496299068094,-0.017278314117928018,17,16,1,-1.1629646,-1.5282395000000002,0.524991942236452,-0.0116461412269723,-0.5,0,-20.254241943359375,6.3,298.0,-1.2015810012817383,-1.2929952144622803,-1.0132129192352295,-0.9000165462493901,-1.2191720008850098,-1.0902094841003418,-0.5647964477539062,-2.0217320919036865
1BP3_A_B,1BP3,A,163,R,A,178,C,3.0235816057435683,,H,0.0858956545561867,0.0621625356171412,0.0237331189390455,22,21,1,-0.9376282199999999,-0.86288127,-1.0877804175799277,-0.006163311361662593,0.0,0,-18.23438262939453,-7.0,298.0,-0.5580033957958221,-0.8671592473983765,-1.6569881588220596,-0.5824068635702133,-0.3717128038406372,-1.844857171177864,0.08698856830596924,-1.7068876847624779
1BP3_A_B,1BP3,A,164,K,A,170,E,1.7273797417394183,,H,0.1234078409982252,0.0986683338313079,0.024739507166917307,22,21,1,1.3896929000000002,1.5274204,-0.06747740722196749,0.028520138400338985,0.0,0,12.580459594726562,-0.3999999999999999,298.0,1.5667015314102173,1.151598572731018,1.6728252172470093,1.187651872634888,1.4001258611679073,1.773366332054138,1.7258657217025757,0.6394079923629761
1BP3_A_B,1BP3,A,174,R,A,167,D,1.149772913128874,0.06775228519782786,H,0.063554336943162,0.0210637611169719,0.04249057582619009,22,21,1,0.07676670000000008,0.3841220000000001,0.24007703721901563,-0.016487183239241504,0.16666666666666663,0,-9.724746704101562,-1.0,298.0,0.5178532600402832,0.4282578229904179,0.21172857284545898,-0.5637308359146118,0.026143193244934304,-0.14299285411834672,-0.4127112627029419,0.549586296081543
1BRS_A_D,1BRS,A,57,R,D,44,W,5.034875937532767,,H,0.1845633369240203,0.180474769164742,0.004088567759278294,17,18,-1,-0.7640939,-1.7361624,0.1307496679357053,0.0710748271947455,0.0,0,2.4459190368652344,-3.6,298.0,-0.7466154098510738,-2.0933855772018433,-1.096116304397583,-0.8763575553894045,-1.9049226045608525,0.23759186267852783,0.3911132216453552,-0.024059057235717773
1BRS_A_D,1BRS,D,29,Y,A,36,S,3.468989944238368,,H,0.2503665579996342,0.2650051863914823,-0.014638628391848096,14,13,1,-0.49726290000000006,0.3349873000000001,-1.5373918069944832,-0.001367938294296378,0.0,0,-10.254444122314453,-0.5,298.0,-0.009766817092895508,-0.9478053450584412,-0.3515143394470215,-0.687531054019928,-0.14760327339172385,-0.14283430576324463,-0.7208971977233887,-0.9701510071754456
1BRS_A_D,1BRS,D,35,D,A,101,Y,4.284483280821702,,H,0.0201473758816427,0.0004451769706223,0.0197021989110204,25,26,-1,0.67493304,1.4947588,-0.011405550955405186,-0.0013230265227076043,0.0,0,-17.71544647216797,-2.2,298.0,0.07114122807979581,1.1772359609603882,0.1336112022399902,1.3690364211797712,0.38924686610698706,0.006533384323120089,1.2961044907569887,0.956554651260376
1BRS_A_D,1BRS,D,39,D,D,36,A,6.7900142682369005,,H,0.0157086734980167,0.0,0.0157086734980167,27,26,1,-0.10462189999999993,-1.1735509999999998,0.030049485086977468,0.0606936793848869,0.5,0,,-5.3,298.0,-0.4259873628616333,0.7581115067005157,-1.0311266779899597,0.23569762706756592,-0.2782605290412903,-0.2952931523323059,0.20124268531799316,-0.0013588666915893555
1BRS_A_D,1BRS,D,42,T,D,34,L,1.856797887314728,,H,0.1786001533011696,0.1437009341045686,0.034899219196600995,20,19,1,-1.23078564,-1.6107774700000002,0.46709963868843496,0.0417773880197618,1.0,0,1.6031227111816406,-4.5,298.0,-1.1554142385721207,-1.5082695037126541,-1.2966270595788956,-0.982074961066246,-1.287704385817051,-1.081184208393097,-1.5838772803544998,-0.9511333256959915
1BRS_A_D,1BRS,D,74,E,A,58,E,1.0933720719856777,0.09445126051006758,H,0.2668907257863038,0.3033613552900482,-0.03647062950374441,14,15,-1,0.5302135999999997,0.5085730999999998,1.6113048746384493,0.022108255824440592,0.0,0,6.018428802490234,0.0,298.0,1.2111201286315918,0.4463357925415039,0.6758072376251218,1.102325797080994,1.1126935482025144,0.09490704536437944,-0.43421268463134766,0.032733917236328125
1C1Y_A_B,1C1Y,B,13,R,A,36,I,1.4548461832557849,,L,0.2577716409595119,0.2851650914283743,-0.027393450468862435,17,16,1,-2.7254219,-2.1476632999999996,0.07939599280978382,-0.002521396575399598,0.0,0,17.693126678466797,-9.0,298.0,-2.38315498828888,-2.19649475812912,-3.5507076382637024,-2.3406080007553105,-3.6989253163337708,-2.8417080044746403,-2.448283314704895,-2.343491554260254
1C1Y_A_B,1C1Y,B,14,T,A,40,Y,1.4548461832557849,,E,0.0139042195037386,0.03266886589919,-0.018764646395451397,24,25,-1,-0.2685972000000001,-0.46276470000000014,-0.627075402842632,-0.029334562451301394,0.0,0,5.976882934570313,0.6000000000000001,298.0,0.39056241512298584,-1.0077789425849915,-0.18481040000915505,-0.12088096141815141,-0.7844448089599609,-1.2841049432754517,1.2115910053253176,-0.3689116239547727
1C1Y_A_B,1C1Y,B,15,V,A,41,R,1.1234491717519564,,L,0.0740126550791518,0.0842501163023349,-0.010237461223183086,17,16,1,0.9663831,0.8406403,-1.5928215470654772,-0.002501849301730308,0.0,0,-14.1776123046875,8.7,298.0,0.9496955275535586,1.0788710713386536,1.13433438539505,1.4576538801193242,0.08805978298187256,0.9521744251251223,1.2831737399101257,0.7871025800704956
1C4Z_ABC_D,1C4Z,A,139,L,D,3,R,1.2164246993766785,0.4669139408787877,H,0.0207546149660926,0.0147606766267954,0.005993938339297199,17,17,0,1.6197493,1.6856494,-2.239163090578629,-0.12436081904481255,-1.0,0,36.50999450683594,8.3,298.0,1.15530002117157,1.5924197435379026,1.6663334965705872,2.264665126800537,1.0038858652114868,1.9464297890663147,1.531660556793213,1.797299861907959
1C4Z_ABC_D,1C4Z,A,149,Y,A,172,P,1.2878589861117773,,L,0.2099483737245676,0.1970331619832081,0.012915211741359484,17,17,0,0.40784632000000004,0.5213089,-2.666712493701171,-0.08604207587046458,0.0,0,-5.1195983886718714,0.30000000000000004,298.0,0.5294868648052216,-0.008667826652526855,0.7220481336116791,0.1240239143371582,0.19701555371284485,0.9352466464042664,-0.04795515537261963,0.8115728497505188
1C4Z_ABC_D,1C4Z,A,157,M,A,198,Y,1.92940134851214,,H,0.0079171541829569,0.0061580960276932,0.0017590581552637003,24,24,0,-2.0617339,-1.9648714,0.9596447334282872,0.08772917816490228,0.0,0,5.247581481933594,3.2,298.0,-2.981734275817871,-2.691384434700012,-0.69093918800354,-2.4603679776191707,-1.618602991104126,-2.4024810791015625,-1.5627543926239014,-2.0856077671051025
1C4Z_ABC_D,1C4Z,D,59,P,A,142,S,1.4091355079446504,0.41047252261649486,H,0.019483672270849,0.0088480162845693,0.0106356559862797,24,25,-1,1.4664306599999999,1.31721355,0.43269293807181053,0.1298223300032334,-1.0,0,47.55931806564331,-0.8,298.0,1.2450390011072159,1.3579606413841248,1.3508607149124146,1.3178781196475027,1.4200949370861053,1.5520918443799019,1.8224071040749552,1.6651125177741048
1C4Z_ABC_D,1C4Z,D,60,F,D,94,P,3.012806746310739,0.8498379302178514,H,0.0380178293349029,0.0274291921379711,0.010588637196931799,22,22,0,-0.27293182000000005,-0.46065731,-0.340928417656124,0.010105353747019263,0.0,0,-23.176591873168945,4.4,298.0,-0.39761584997177124,-0.2379798442125321,-0.27961115539073955,-0.49143481254577637,-0.5274213254451753,-0.3572185039520264,0.061533570289611816,0.0462934672832489
1C4Z_ABC_D,1C4Z,D,93,K,A,174,M,1.1351760237231796,-0.5729903651663474,L,0.3700793268398398,0.3254845767145921,0.04459475012524772,14,13,1,2.995425,2.5708550999999997,-0.8849490352027021,-0.04578421090017898,0.0,0,2.8150978088378906,-5.8,298.0,2.831440806388855,3.1895252466201782,3.062229871749878,3.3242445588111877,2.4402177333831787,3.2661415338516235,2.6474251747131348,3.2021724581718445
1C4Z_ABC_D,1C4Z,D,97,K,D,28,N,1.3011671118471222,-0.17831042305884584,L,0.2855312774237972,0.3080152546828317,-0.022483977259034504,14,13,1,0.4133608000000002,0.3150453999999998,-1.3263936121190154,-0.1452804618080743,0.0,0,,-0.3999999999999999,298.0,0.5188413858413694,-0.22185325622558594,0.4477252960205078,0.4567127227783201,0.6604704856872559,0.5946438312530518,0.7697112560272217,0.0806336402893062
1CHO_EFG_I,1CHO,I,15,L,G,65,V,4.781940745378809,,L,0.0083466420367937,0.0036050305840382,0.0047416114527554995,35,35,0,-0.05517720999999998,-0.0925147,0.22324502949335867,0.01767952237499361,0.0,0,11.686168670654297,-0.40000000000000036,294.0,0.20862872898578647,-0.0223352313041687,-0.024991512298583984,-0.017948701977729825,-0.038471430540084894,-0.26275244355201727,-0.12976953387260437,-0.15377750992774958
1CHO_EFG_I,1CHO,I,17,Y,F,128,L,2.5081987404267805,,L,0.0734639621561867,0.0643779719916967,0.009085990164489993,25,24,1,1.7699612999999998,0.8192529,-0.20085025555247815,0.014020139414361796,0.0,0,-4.652168273925781,-5.1,294.0,0.08740735054016135,2.7307451963424683,0.9686118364334104,2.755035161972046,1.7526267766952515,1.3985680937767029,1.5638445019721985,2.902852416038513
1DAN_HL_UT,1DAN,U,20,Q,L,72,C,1.3048798931173866,,L,0.0625592758692454,0.0635137952348842,-0.0009545193656387979,24,25,-1,-0.650315445,-0.76396193,-0.1483536530974024,-0.01846338276814552,0.5,0,-7.30975341796875,-6.0,298.0,-0.29393698275089275,-1.0867975652217865,-0.721430703997612,-0.46011465787887584,-0.5881689339876176,-1.0847807228565216,-0.45665144920349127,-0.51064220815897
1DAN_HL_UT,1DAN,U,50,F,U,110,D,1.747820382375819,,L,0.2077553514303964,0.2024769383780544,0.005278413052342001,18,19,-1,3.0182981,2.1444402,-0.17742345437734797,0.01881650540047808,0.0,0,0.2551078796386719,6.3,298.0,3.2247233390808105,3.2254831790924072,2.179570198059082,3.818708300590515,2.368963360786438,2.253801107406616,3.6088699102401733,3.4662680625915527
1DAN_HL_UT,1DAN,T,15,K,L,77,E,2.512129950976637,,E,0.0614803207381522,0.0774545914407534,-0.015974270702601198,25,25,0,2.8699883,2.72962065,-0.9732531432773683,-0.003911156759482004,0.0,0,-4.702144622802734,-0.3999999999999999,298.0,3.084144800901413,2.3729662895202637,3.3842352330684657,3.0623166263103485,2.4504496455192566,3.0949634909629817,2.7381792068481445,2.772649109363556
1DAN_HL_UT,1DAN,T,40,W,H,125,R,1.9648730043637075,0.7436646564351227,L,0.1286560323412982,0.1379385572600363,-0.0092825249187381,18,18,0,0.61275689,0.7963433,-0.15905850836201396,0.0030076273741797,-0.3333333333333333,0,-8.556785583496094,3.6,304.0,0.6325095593929291,0.22339694201946259,0.5298573076725006,0.8229583352804186,0.648963488638401,0.6125278621912003,0.7264789938926697,0.7053624540567399
1DAN_HL_UT,1DAN,T,53,D,U,43,L,1.9886060502579328,-0.027548533277431158,L,0.0510043147057082,0.0468876787671629,0.004116635938545304,26,25,1,2.96601941,3.5986348599999998,-0.23191500171868518,-0.021826407524347308,0.5,0,-24.716781616210938,-7.3,298.0,2.5340709611773495,2.720247887074948,3.3529470190405846,2.399581454694271,2.6228835731744766,3.6749611943960185,3.524627313017845,2.8988355472683907
1DAN_HL_UT,1DAN,T,71,F,T,30,T,1.1494361339573633,,E,0.0068491439729495,0.0153855531977027,-0.0085364092247532,21,20,1,-2.06896652,-3.1746168999999997,0.369936031947536,0.03200348928594249,-1.0,0,7.082832336425783,3.5,310.0,-2.4409299045801167,-3.034849673509598,-2.2967957854270935,-2.176581025123596,-2.132516026496887,-1.7985417246818542,-1.340413048863411,-1.331104353070259
1DQJ_AB_C,1DQJ,A,31,N,C,15,H,2.013433278986382,,H,0.0787574929165685,0.0814289551425882,-0.0026714622260197024,23,24,-1,2.4550891000000004,2.9746294,-0.11093001841101169,-0.047067035262791185,0.0,0,-7.521911621093748,-0.2999999999999998,298.0,2.2647733092308044,3.073818266391754,2.9523311853408813,1.9685938358306885,2.7179293632507324,1.8345922231674197,2.906121075153351,1.922554850578308
1DQJ_AB_C,1DQJ,B,53,Y,A,30,S,1.1802777666692967,,H,0.1550289958977429,0.1118516748897034,0.043177321008039504,22,23,-1,1.4241134999999998,1.1074595,0.754211479895778,-0.03715734315180122,0.0,0,23.102405548095703,-0.5,298.0,0.9106423854827881,1.96310555934906,1.6375412940979004,0.8139698505401611,1.553207159042358,1.7609139680862425,1.5161560773849487,1.237372875213623
1DQJ_AB_C,1DQJ,B,98,W,C,93,N,4.931524166897857,0.6498730739273596,H,0.1130582634395317,0.1250242550758569,-0.01196599163632521,21,21,0,-0.8667745,-0.6578698000000003,0.0725062680095716,-0.08323372300062537,1.0,0,-7.442970275878906,2.6,298.0,-1.3916873931884766,-0.06542658805847168,-0.3545596599578853,-1.9938058853149414,-2.085510134696961,-0.2657473087310791,-0.7136578559875488,-0.0638027191162105
1DQJ_AB_C,1DQJ,C,96,K,C,100,S,6.1558185724269645,0.7755827208329521,H,0.0,0.0,0.0,20,20,0,0.47313824000000004,0.5540902999999999,-0.38066146277307444,-0.006133724495142823,0.0,0,0.4440841674804705,-3.0999999999999996,298.0,0.4242952167987824,0.545189142227173,0.42689231038093567,0.6074756309390069,0.33787187933921825,0.5714568495750427,0.6381773203611374,0.23374730348587036
1DQJ_AB_C,1DQJ,C,101,D,B,52,S,1.37655011987778,,L,0.0004920960933011,0.0,0.0004920960933011,20,20,0,1.4112661,0.7290888,0.6629858550928143,0.02951469339768492,0.0,0,-1.2744140625,-2.7,298.0,1.6094031035900116,0.8116989135742186,1.8752829730510712,1.7867223024368286,1.185425877571106,1.7399272322654724,1.5701367259025574,0.7115308046340942
1DVF_AB_CD,1DVF,A,32,Y,C,92,N,2.030369068345176,,L,0.0751064196457171,0.0591221870859496,0.015984232559767497,20,20,0,2.3253,-0.0966929999999997,-0.18350954193172336,0.010893752539317014,0.0,0,10.742965698242188,2.2,298.0,3.7019660472869873,0.18616533279418945,4.077509641647339,-0.013859033584594727,3.7346413135528564,1.9052948951721191,3.449347496032715,1.5613343715667725
1DVF_AB_CD,1DVF,A,93,S,D,100,V,1.162438598681201,,L,0.2003881898091644,0.2019820754402531,-0.0015938856310886984,18,18,0,-3.1441228999999997,-0.679859,0.5047321041102186,0.15855314191683179,0.0,0,-7.9299468994140625,-5.0,298.0,-0.6572340726852417,-3.547054409980774,-4.127195596694946,-3.021224975585937,-4.025808334350586,-3.4846062660217285,-3.141472578048706,-3.148384213447571
1DVF_AB_CD,1DVF,B,32,Y,C,32,Y,1.831470254957875,,L,0.1219763144622466,0.0850816205322439,0.036894693930002706,23,23,0,-2.3410908,-1.7514257,0.26363964886609914,-0.03325574743371229,0.0,0,-6.370433807373047,0.0,298.0,-1.950959324836731,-3.2302727699279785,-2.428626775741577,-1.7464807033538827,-2.017940044403076,-1.6831543445587158,-3.568753242492676,-2.1025383472442627
1DVF_AB_CD,1DVF,B,99,R,A,53,T,1.8746446729873085,,E,0.1777802366480308,0.161144383135259,0.016635853512771803,19,18,1,-0.2832897999999999,-0.2557853000000003,0.0543748976284748,-0.0822079766916696,0.0,0,18.710182189941406,-3.8,298.0,0.04715085029602051,-0.48593783378601074,0.16324186325073242,-0.46426892280578613,-0.6817529201507568,-0.24094319343566895,-0.6702642440795896,0.06645262241363503
1DVF_AB_CD,1DVF,B,100,D,A,50,Y,2.7895135033299456,0.6877734126771439,H,0.2244964353098937,0.2493216026679388,-0.024825167358045103,19,18,1,1.6063838000000001,2.2532776,-0.7636106503343078,0.12280462674157178,0.0,0,-11.149765014648438,-2.2,298.0,1.1679279804229736,1.0689315795898438,1.4547193050384521,1.2822413444519047,1.9334721565246578,1.803743839263916,2.333761692047119,1.806272268295288
1DVF_AB_CD,1DVF,D,55,N,B,30,T,1.8606000619994276,0.9075123795568999,H,0.2570886212066997,0.2697350916846103,-0.01264647047791062,15,15,0,0.5483974000000001,0.19212434,0.5088265734908373,0.192575109411651,0.5,0,-3.6927413940429688,-2.8,298.0,0.36530208587646484,0.9223904609680174,0.3372471332550049,0.806467652320862,0.2774208188056946,0.8595437407493591,0.5294763445854187,0.28933006525039673
1DVF_AB_CD,1DVF,D,106,R,D,105,G,4.090680615177067,,L,0.0524048754830511,0.052211808809894,0.00019306667315710513,20,21,-1,-0.9792613439999999,-1.34680143,0.49838707510157754,-0.041017062447149005,0.6666666666666666,0,,-4.1,298.0,-0.965203270316124,-0.7379494309425354,-0.9875011667609215,-0.8614381030201912,-0.6289687603712083,-1.5219517722725868,-1.058918736875057,-1.072158806025982
1E50_A_B,1E50,A,48,M,A,89,T,1.319674451601355,,E,0.1052467264628888,0.0663069695068235,0.0389397569560653,24,23,1,-3.2025599000000002,-2.871759,-0.5411579186791744,-0.0020311044053146904,0.0,0,-1.060272216796875,2.5999999999999996,298.0,-3.089730679988861,-3.2290414571762085,-3.088387578725815,-2.95967185497284,-3.852025181055069,-3.1464533507823944,-3.063405781984329,-3.191764324903488
1E50_A_B,1E50,A,91,T,B,61,T,1.2778928648364551,,E,0.0032254889546952,0.0031883090881631,3.717986653210001e-05,27,26,1,2.2617637,2.2651823,-1.2942183728329273,-0.022581009087902296,0.0,0,3.40562438964844,0.0,298.0,2.1692754924297333,2.1327257752418523,1.9754425883293152,2.493846148252487,2.341905504465103,2.457430124282837,2.0750491619110107,2.448432683944702
1E50_A_B,1E50,B,32,R,A,97,N,1.7740327276755177,,L,0.3708603920593782,0.3369169625484478,0.033943429510930434,14,15,-1,0.9361710999999999,0.8952443000000003,3.3837043236858824,0.14083569934634343,0.0,0,1.3165969848632812,-1.0,298.0,0.4441840648651123,1.284999132156372,1.136908292770386,1.3351250886917116,1.1645599603652952,0.2809920310974121,0.8577386140823366,0.9848628044128418
1E50_A_B,1E50,B,99,N,B,60,G,1.4072838710179911,,H,0.0165417340517362,0.0078371192682361,0.008704614783500101,23,22,1,-0.791988795,-1.204025734,-1.1174359480879765,0.0162758412769214,0.5,0,,-3.1,298.0,-0.8234361559152603,-0.4937510117888451,-0.3636368587613106,-1.484889604151249,-0.5728512182831764,-1.1256035715341566,-0.7087555527687073,-0.7629858329892159
1EFN_A_B,1EFN,A,12,I,A,16,D,1.45037682866163,,L,0.0555805795993664,0.0612218242624,-0.005641244663033597,20,20,0,2.1588668999999996,2.4114085,-0.5571789205240512,-0.018291295601344987,-0.5,0,-0.5297470092773438,8.0,298.0,2.4240970611572266,2.7950547337532043,2.1340434551239014,1.9700651168823242,2.044609546661377,2.118396759033203,1.8686364889144897,1.9160307645797725
1EMV_A_B,1EMV,A,28,E,A,46,S,1.4160003467957893,0.007266185306894499,H,0.1601145418469645,0.1693976140131145,-0.009283072166150014,18,19,-1,1.1366128999999998,1.3665901999999996,-0.7675817737001036,0.04067554663031339,0.0,0,-0.8970794677734375,-2.7,298.0,0.8365607261657719,0.5881528854370117,0.5641691684722905,1.7285237312316895,0.3955833911895752,1.2394404411315918,2.379692316055298,1.3607814311981201
1EMV_A_B,1EMV,A,35,V,A,51,I,1.6638669759109947,0.8477453956278275,H,0.0,0.0,0.0,21,22,-1,0.58031794,0.75558178,-0.8361020710828975,0.048434964615655496,0.0,0,5.140373229980469,-0.2999999999999998,298.0,0.17848160862922674,0.7684001624584198,0.6483829617500305,0.8423646688461304,0.4551817625761032,0.523301899433136,0.478608787059784,0.7478214800357819
1EMV_A_B,1EMV,A,52,Y,B,74,S,4.83463531579262,-0.24101999230793322,H,0.0093400348574383,0.0248848831953956,-0.0155448483379573,25,26,-1,0.028313400000000044,-0.12309860000000006,-0.6888544479166782,0.01413175687752849,1.0,1,-2.3257026672363277,-0.5,298.0,-0.4251072406768799,-0.025629758834838423,-0.1443190574645996,-0.6283586025238037,0.9364006519317627,1.020097255706787,0.747511625289917,-1.2540860176086426
1EMV_A_B,1EMV,B,54,R,B,77,S,1.665700915381987,-0.2328891551097506,H,0.1870480289010325,0.1746400679178492,0.012407960983183308,18,19,-1,-0.7743628,-0.890981,0.4092880242387368,0.04897982258107031,0.0,0,-3.5160293579101562,-3.7,298.0,-1.166439294815063,-0.24750018119812012,-0.8094339370727539,-0.8204407691955571,-0.2761249542236328,-1.1245412826538077,-0.7883782386779785,-0.9620447158813477
1EMV_A_B,1EMV,B,97,K,B,83,Y,1.9596368047844788,,L,0.0781072903036742,0.0910311983628185,-0.012923908059144298,24,24,0,0.12424499999999972,-0.6652787,0.16397986885836718,0.04419964673167931,0.0,0,6.207546234130859,-2.5999999999999996,298.0,0.37571966648101807,1.3169199228286743,0.4971383810043335,-0.2373421192169194,1.1674250364303589,-0.04628133773803755,-1.1597816944122314,-0.919837474822998
1EMV_A_B,1EMV,B,98,V,B,92,Q,1.0888522677796106,-0.2776037214008204,L,0.0759630908885788,0.1105903511900693,-0.03462726030149049,21,20,1,-1.7423289,-1.4675179999999999,-0.8647926186245847,-0.0016141996821455173,-0.5,0,-6.331230163574218,7.7,298.0,-1.9219831228256226,-1.2367023229599,-1.5022169947624207,-1.9578040838241577,-1.4355136156082153,-1.7534971237182622,-2.069491446018219,-2.0614210963249207
1F47_A_B,1F47,A,7,D,B,10,V,1.7328822523963323,,L,0.2874781041236428,0.3056657753312101,-0.018187671207567313,12,13,-1,0.91850186,0.49135445999999994,1.8890954835525013,0.2540724504436127,0.0,0,51.68135070800781,-7.7,298.0,0.5478747487068176,1.1465667486190798,0.8472386002540588,1.2897580265998838,0.9113664925098419,0.6855513453483582,1.1524745821952822,0.7671842575073242
1FC2_C_D,1FC2,C,27,I,D,74,Q,3.7294546961565307,,H,0.0,0.0118932024254101,-0.0118932024254101,20,19,1,0.10009429999999986,0.37781189999999976,0.35048319659430477,0.08203565757871467,-1.0,0,-42.005990505218506,8.0,298.0,-0.8947818279266357,0.7913007736206055,0.2183535099029541,-0.487135648727417,-0.07120060920715288,0.4851465225219731,0.4238224029541007,0.3352501392364502
1FCC_A_C,1FCC,C,35,N,C,23,A,2.364048112240645,,H,0.1667012477771,0.1507262544480477,0.015974993329052306,15,16,-1,-0.13257589999999997,0.19492390000000004,0.802314348490234,-0.04653156804009348,0.0,0,,-5.3,298.0,0.811173677444458,0.564258337020874,-0.03378486633300781,-1.2048988342285156,0.1566985845565796,0.15934574604034446,-0.8741052150726321,-0.6392955780029301
1FCC_A_C,1FCC,C,43,W,A,15,M,3.7714940707573352,,L,0.0350600628498857,0.0130476052312154,0.0220124576186703,21,22,-1,2.77334584,2.6375108000000003,-1.0488652610941758,0.04116475131414382,1.0,0,-0.9200172424316406,-2.8,298.0,2.3363295793533325,2.859628066420555,2.9605841636657715,2.94262558221817,2.4973732829093933,2.6527404189109802,2.7274319529533386,3.210054636001587
1FFW_A_B,1FFW,B,56,F,A,95,I,3.64430699947734,,H,0.0931059153040035,0.1155608764708189,-0.022454961166815404,20,19,1,0.16900921000000002,0.2194233000000001,-0.04794357963921092,0.0138261912965979,0.0,0,10.303665161132812,-1.7000000000000002,298.0,0.1088441014289856,0.14309024810791016,0.15254509449005127,-0.26890432834625244,-0.022688329219818115,0.5705819129943848,0.2582497000694275,0.41035571694374084
1GC1_G_C,1GC1,C,44,L,G,186,D,1.0555473255802814,,L,0.0248770319145999,0.0545432367037799,-0.029666204789179997,23,23,0,-1.62868076,-1.3497336000000002,-0.07186436906553473,-0.006079097412594492,-0.5,0,-6.2268218994140625,7.3,298.0,-1.3848297595977783,-0.9582310318946841,-2.3191934525966644,-2.372122973203659,-1.5823869705200195,-0.8232449293136594,-1.410495400428772,-2.1789405047893524
1GC1_G_C,1GC1,C,46,K,C,35,K,1.4303781258773653,0.32192182259821517,L,0.1200150077896105,0.1132941932443766,0.006720814545233891,24,24,0,3.15413494,3.1779057999999996,0.18437720140107228,0.014089064564909895,0.0,0,-15.662506103515625,0.0,298.0,3.177729308605194,2.9699817895889282,3.4106026887893677,3.4261001944541927,2.9991616010665894,3.2528148889541626,3.3167222738265996,2.679966986179352
1GC1_G_C,1GC1,C,59,R,C,61,L,1.1753872476063394,,H,0.2377520192641271,0.2072102717094116,0.030541747554715504,19,19,0,-1.3905298,-1.0232922,0.14485675962065325,0.026706265105846005,0.3333333333333333,0,17.62760925292969,-8.3,298.0,-0.9495497941970823,-1.3801029920577998,-2.184375286102295,-1.3557026386260986,0.3833189010620117,-1.1510956287384033,-2.2669425010681152,-2.219789147377014
1GCQ_AB_C,1GCQ,C,67,P,B,48,P,1.3158661640535187,,L,0.0626834755213165,0.0591622966054723,0.003521178915844206,17,17,0,0.05314756999999999,0.05056531,-0.6159021025088647,-0.034212108607397096,0.0,0,-12.52006721496582,0.0,298.0,0.042120635509490995,0.05185564607381821,0.05692477524280551,0.054107114672660786,0.07682241499423981,0.038117505609989194,0.06296578794717789,0.04226664453744891
1GUA_A_B,1GUA,A,37,E,A,29,V,1.3002321152144958,,L,0.1277703709492343,0.1105868435214507,0.01718352742778359,17,18,-1,0.07540049999999976,-0.551043,-0.1010212717412301,-0.1653787301072185,0.0,0,2.5055084228515625,-7.7,298.0,0.5063862800598145,-0.3200249671936035,0.10674667358398393,-0.5607335567474365,0.3557851314544678,0.7552495002746573,-0.05602455139160156,-0.18417954444885254
1GUA_A_B,1GUA,B,4,R,A,36,I,1.0003955007411132,,L,0.3107261602359055,0.3363190692506083,-0.02559290901470279,16,15,1,-1.4183805,-1.3301581,-0.2520710591960166,-0.00909510604612368,0.0,0,2.719013214111328,-9.0,298.0,-1.570003092288971,-0.7698783874511719,-1.5531104803085327,-1.9310616254806519,-1.4844008684158327,-1.4140280485153198,-0.5445265173912047,-2.0800345540046696
1GUA_A_B,1GUA,B,29,K,B,9,N,1.9983187149889297,-0.3997593057047847,H,0.3121121330176478,0.3529666429175681,-0.04085450989992029,15,15,0,-1.1435285,-1.9427228,0.4968698599636212,-0.0009934737490874812,0.0,0,-14.248764038085938,-0.3999999999999999,298.0,-1.367030143737793,-1.5387370586395264,-1.5955619812011719,-0.7664240598678589,-1.15874433517456,-0.8284140825271604,-0.9889229536056519,-0.9043946266174316
1H9D_A_B,1H9D,B,2,R,A,13,D,1.0642126527233364,,L,0.2787046872167735,0.2820308128234574,-0.003326125606683883,18,19,-1,0.2161883,-0.057249799999999906,0.6617191985296165,0.046678123237593405,0.0,0,14.293251037597656,-1.0,273.0,-0.054872035980224165,0.527034282684326,-0.9993407726287842,1.2902418971061702,0.21881961822509788,0.10070133209228516,1.6103813648223877,-0.9634597301483154
1H9D_A_B,1H9D,B,60,G,B,95,G,1.9023307422654165,,H,0.0021527405753948,0.005355923236757,-0.0032031826613621995,23,24,-1,0.0018634559999999994,0.002655374000000002,0.03533681769309249,-0.0088395576079794,0.0,0,,0.0,273.0,0.0012512505054472906,0.0024822130799293934,0.002207733690738692,0.001121200621127999,0.0011474192142486989,0.0024982690811157088,0.0020284652709960938,0.0021711662411690036
1H9D_A_B,1H9D,B,66,Q,A,60,Y,1.24916757040642,,L,0.1686759369326345,0.1362205372855057,0.03245539964712879,21,20,1,-0.04026439999999987,0.2681981000000002,0.6411108352889604,0.041312404302019906,0.0,0,-15.957592010498047,-2.2,273.0,-0.3713436126708989,-0.10514450073242188,0.5631091594696045,0.13197422027587935,-0.003737926483154297,0.42300319671630815,-0.2408280372619629,-0.7191469669342041
1H9D_A_B,1H9D,B,94,N,A,16,N,2.110106560275752,,H,0.0161874087816158,0.0064958809368415,0.009691527844774301,23,23,0,0.9405836000000001,1.8236446500000003,0.32118643224614263,-0.009247635630088097,-0.5,0,-26.036666870117188,0.0,273.0,1.668132305145264,1.043993979692459,0.8682008385658264,0.07303053140640259,0.5614700019359589,1.3530728965997696,0.44944110512733465,1.507326900959015
1IAR_A_B,1IAR,A,5,I,B,127,H,1.170849396491051,,H,0.2151275201834253,0.1841777304238963,0.030949789759529,20,21,-1,2.0019946999999996,1.5433863,0.014491334748447798,0.02459277122057249,-0.5,0,-10.894916534423828,7.7,298.0,1.5040054321289062,2.39829957485199,2.344908237457275,2.1731042861938477,1.3943114280700684,2.166902542114258,2.43433141708374,1.60009229183197
1IAR_A_B,1IAR,A,89,N,B,70,S,1.5580959354804609,,H,0.0017970131409653,0.0224654540822124,-0.0206684409412471,24,23,1,1.44448754,1.7423498000000002,-0.15885415358439947,-0.020744774087450596,1.0,0,28.933143615722656,-2.7,298.0,1.8434413075447083,0.6448401808738707,2.3028708100318913,1.6820307970046997,1.2225740104913712,2.1969523429870605,0.9431003928184509,0.7200908660888672
1JCK_A_B,1JCK,B,20,T,A,52,S,1.488402051798161,,L,0.0940966248242698,0.0922868549198853,0.0018097699043845006,25,24,1,0.7626713,0.29933260000000006,-0.2105675626617005,0.006536180480366305,0.0,0,1.3226356506347656,0.10000000000000009,298.0,0.6135587692260742,0.40375566482543945,1.4137477874755855,0.9577293395996094,0.4172811508178711,1.1482517719268803,0.4576907157897949,0.689354419708252
1JCK_A_B,1JCK,B,23,N,A,51,G,2.076536854194484,,H,0.0574328820984803,0.052755448430782,0.004677433667698301,24,24,0,0.02960052000000002,0.29478952,0.34028691716026405,0.0059043651271003805,0.0,0,,-3.1,298.0,-0.1220737099647522,0.10701757669448858,0.00214569270610801,0.23376664519309998,0.0213773250579834,0.0921253114938736,-0.1785558015108109,0.0810013115406037
1JRH_LH_I,1JRH,H,32,Y,H,63,P,1.4333097490566602,,H,0.4709752294657779,0.4874267431856776,-0.01645151371989967,11,10,1,-1.5405834999999999,-2.1330521,-0.5321388932554224,-0.030369755494052297,0.0,0,-19.8512077331543,0.30000000000000004,298.0,-1.6509349346160889,-1.4315401315689087,-2.171196401119232,-1.7774495482444763,-0.805481433868408,-1.7487444877624512,-1.1956390738487244,-1.5436806380748749
1JRH_LH_I,1JRH,H,55,W,H,33,G,2.4213171849672226,,H,0.1288555410614759,0.0929033189647318,0.035952222096744105,18,18,0,-2.47846349,-2.52274359,0.2920420070494433,-0.014359388523878885,0.0,0,,-0.5,298.0,-2.531944401562214,-2.4124579429626465,-2.8662079125642776,-2.7725934907794,-2.550645798444748,-2.2272554039955144,-2.4120215699076653,-2.054578974843025
1JRH_LH_I,1JRH,H,58,D,I,66,D,1.85464838704982,,L,0.2611307998690024,0.2834050534318668,-0.022274253562864388,11,11,0,-2.5905053,-2.2944416,-1.0552046774647705,-0.13891760257840807,0.0,0,-6.4353790283203125,0.0,298.0,-2.554214835166931,-2.5577878952026367,-2.0722402334213257,-2.864944487810135,-2.7607745230197906,-3.3132188618183136,-2.219427704811096,-2.381433844566345
1JRH_LH_I,1JRH,I,39,Y,I,74,R,3.527122628171493,,E,0.0304395534883113,0.0708281236701131,-0.040388570181801794,20,20,0,-1.584988,-1.64615266,-0.10857537956196939,-0.09790062849250789,0.6666666666666667,0,8.394187927246094,3.2,298.0,-1.4048838913440704,-1.4308625757694244,-1.8771446496248245,-0.947486162185669,-1.600379288196564,-2.3840976655483246,-1.5087582468986513,-1.5262907743453977
1JRH_LH_I,1JRH,I,41,V,L,93,S,1.6791564619276222,-0.650583555923561,L,0.0431362950611719,0.0799167187804542,-0.0367804237192823,20,19,1,-0.6383532,-0.13755610000000007,-0.47552101648291756,-0.0117689859022935,0.0,0,-5.9245452880859375,5.0,298.0,-0.555402934551239,-0.8461720943450928,-0.8149557709693909,-0.533275842666626,-1.1282657980918884,-0.6852720379829407,-0.7299122214317322,0.18643236160278343
1JRH_LH_I,1JRH,I,42,K,L,94,T,3.3858166197229025,0.38526928615817724,L,0.1260162342150496,0.09638755274362,0.029628681471429594,20,21,-1,0.9323781000000002,0.4606395999999999,0.3651943852763909,0.07147202432697092,0.0,0,-5.205101013183597,-3.2,298.0,0.8106024265289307,1.2335858345031738,1.1871681213378906,0.4086525440216069,0.3469247817993164,1.5953783988952641,0.4806022644042969,1.3961081504821777
1JTD_A_B,1JTD,A,103,M,A,141,P,2.5045925251732184,,H,0.1089109700027798,0.1359983645298325,-0.027087394527052694,22,21,1,-3.52748752,-3.5258789499999996,0.1092415846863985,-0.030657260193180325,0.0,0,-13.7203369140625,3.5,296.0,-3.376442328095436,-3.253766044974327,-3.992522180080414,-3.887151561677456,-3.7218996062874794,-3.4763272255659103,-3.141252353787422,-3.3705400750041004
1JTD_A_B,1JTD,B,12,N,B,75,Y,1.3011671118471222,0.48022206661413236,L,0.1304828975766979,0.164043281511689,-0.03356038393499111,24,25,-1,0.08945720000000001,-0.45142170000000004,-0.09544970827843438,-0.03584612353490829,0.0,0,-1.9705886840820312,-2.2,298.0,-0.10827255249023438,-0.2584135532379155,0.5779328346252441,0.014225482940673828,0.6634831428527832,0.03792619705200195,-0.3700945377349849,0.15887022018432617
1JTD_A_B,1JTD,B,14,D,A,104,S,1.5074296942397836,,L,0.0779828281964354,0.0719467568603665,0.006036071336068899,27,28,-1,-3.43060308,-3.35175847,1.1906129042736526,0.0395845553588805,0.0,0,-1.6474761962890625,-2.7,298.0,-3.596904009580612,-3.2315944731235504,-3.4060833454132085,-3.590310111641884,-3.325831919908523,-2.4629326462745667,-4.183642648160458,-3.647525541484355
1JTD_A_B,1JTD,B,35,Y,A,190,V,3.150407363841207,0.03796234973680423,L,0.0081227634618895,0.0058344459974435,0.0022883174644460005,25,24,1,-1.6275543999999997,-1.9038937,-0.7555301995478009,0.02016770778013119,1.0,0,23.759399414062496,-5.5,298.0,-1.5358188152313232,-1.7213909626007085,-1.0907368659973145,-2.3042004108428955,-2.134284734725952,-2.019862174987793,-1.3822346925735474,-0.8319042921066284
1JTD_A_B,1JTD,B,93,D,B,210,Y,1.988940524524266,0.8240213465552473,H,0.2046227475416903,0.2143140487326718,-0.009691301190981494,22,22,0,-1.8828874,-1.7887247,0.4697875129822677,0.015083259391012294,0.5,0,0.89251708984375,-2.2,298.0,-3.2635765075683594,-2.357056021690368,-1.856971263885498,-1.786508560180664,-1.418627142906189,-0.1464766263961792,-1.9230118989944458,-2.31086802482605
1JTD_A_B,1JTD,B,170,Y,B,131,S,2.0263542280666793,0.15156033328878646,H,0.4171071919896301,0.4632167987548274,-0.04610960676519732,16,16,0,-3.0202980000000004,-1.1105663000000001,-0.7208897105018153,-0.1443123188041237,0.0,0,7.588722229003906,-0.5,298.0,-3.7424734830856323,-3.4265451431274414,-2.413336455821991,-1.9142160415649412,-2.3497263193130493,-3.4039852619171143,-3.481827139854431,-3.4302748441696167
1JTD_A_B,1JTD,B,171,F,B,246,S,2.1997293965153855,,H,0.164157376760689,0.1424671292197875,0.021690247540901514,21,20,1,1.4204634600000001,1.73901376,-0.23052005018187904,0.039360833579259596,0.0,0,7.74505615234375,3.5999999999999996,298.0,1.1320061683654785,1.6472154259681702,0.892622709274292,1.731565535068512,1.6504926681518555,1.4560011625289917,1.5479340553283691,1.305868685245514
1JTD_A_B,1JTD,B,266,N,A,211,A,2.668825510928575,,L,0.0426600691904958,0.0631895284338213,-0.02052945924332549,24,23,1,-1.4387427000000002,-2.173292,0.09385459185976464,0.007291293404258409,0.0,0,,-5.3,298.0,-1.0864510536193845,-1.3204960823059078,-1.8500777482986448,-1.139487862586975,-1.4585312604904175,-1.5414559841156006,-1.460626602172852,-1.6528164148330688
1JTG_A_B,1JTG,A,78,V,B,39,S,1.90988814615532,0.021610792644000815,L,0.0005971861768104,0.0161823376055583,-0.0155851514287479,21,21,0,1.87508753,2.075990816,-0.329418553914152,0.0015416554376553038,0.0,0,-2.7264060974121094,5.0,298.0,1.6933433413505554,1.5815458819270134,1.9652160629630089,1.9968679323792458,1.8676075637340543,1.8350284174084661,2.006039574742317,2.055050775408745
1JTG_A_B,1JTG,A,79,E,A,190,V,1.8001979849577399,-0.49270148863095753,L,0.0540326397183503,0.0798069252751905,-0.025774285556840193,21,20,1,-0.3979130999999998,-1.4313889999999998,-3.6666294843186904,0.0437287939608034,0.5,0,-4.893245697021484,-7.7,298.0,-1.8272371292114258,0.5149244070053103,-0.13371455669403076,-0.408541798591614,-0.6274030208587646,0.7123903036117556,-0.2607038021087651,-1.1530194282531743
1JTG_A_B,1JTG,A,104,M,A,82,P,1.1186526748995211,-0.07375289937941845,H,0.0065755292596665,0.002789364860402,0.0037861643992645,24,24,0,-4.1164832,-3.820417,1.2515939837379608,-0.063878527697276,0.0,0,-26.48453712463379,3.5,297.0,-4.022699236869812,-4.215330004692078,-3.901676893234253,-3.8712860345840454,-4.460027515888214,-3.951077699661255,-4.714169412851334,-3.795600414276123
1JTG_A_B,1JTG,B,49,D,B,48,G,2.372421174597158,,H,0.0581735553346333,0.056456145368746,0.0017174099658873038,26,27,-1,-0.17167850000000007,0.13255379999999972,0.3400429778192877,2.2467035790951773e-06,1.0,0,,-3.1,298.0,0.30541515350341775,0.07515728473663352,-0.06539344787597656,-0.20806264877319336,0.35333049297332786,-0.5791383981704712,-0.521456241607666,-0.7332810163497929
1JTG_A_B,1JTG,B,53,Y,B,71,S,3.181974885254008,0.35792891505037433,E,0.0026403894497273,0.0207645609484681,-0.0181241714987408,23,24,-1,0.7835882299999999,1.2026409999999998,-0.1542827389178676,-0.03603673390050968,1.0,0,3.4736061096191397,-0.5,298.0,1.281715989112854,1.3039941787719727,0.4601784944534302,0.24147599935531616,1.0237525701522827,0.6813238859176636,0.5204139947891235,0.7558513283729553
1JTG_A_B,1JTG,B,112,W,A,77,L,3.009163076795267,0.8644814320462479,L,0.0453858918251032,0.0165449254972913,0.0288409663278119,23,22,1,-3.429738,-3.24522127,-0.22632684141653414,-0.0022346168238747133,1.0,1,0.5557708740234375,-4.7,298.0,-3.3513497114181514,-3.3534444868564606,-3.683935761451721,-3.122002005577087,-3.385436534881592,-3.792232632637025,-3.567931264638901,-3.181570649147034
1JTG_A_B,1JTG,B,141,G,A,213,E,1.329899843730618,,L,0.1745557373450361,0.1375507937667927,0.03700494357824341,17,18,-1,1.3071394299999999,1.64061338,-0.2679966007704388,0.04385216662789779,0.0,0,,3.1,300.5,0.9370250701904297,0.7435553967952727,1.2949502021074293,1.596231147646904,0.6426829099655151,2.0419518053531647,1.1782045364379883,2.022514849901199
1JTG_A_B,1JTG,B,142,F,A,212,G,3.0315079672635883,,L,0.0709922215851227,0.073454044925256,-0.0024618233401333123,25,26,-1,-0.9150600299999999,-0.9249790700000001,0.9097774771077437,0.08041207124319341,0.0,0,,3.1999999999999997,298.0,-0.9379059150815011,-0.8957182392477991,-0.905673272907734,-0.9901011511683465,-0.8778329193592073,-0.8281487077474593,-0.9727029204368592,-0.912397101521492
1JTG_A_B,1JTG,B,148,H,B,128,S,2.7466582373819635,,E,0.0042958268741632,0.0412004722553947,-0.0369046453812315,22,21,1,0.5497894000000003,-0.4966660000000003,-0.07887048250810658,0.014584778793630515,1.0,0,-22.85320281982422,-2.4000000000000004,298.0,0.5671234130859379,1.3903319835662837,-0.18326735496520996,1.102442741394043,-0.1200113296508789,0.9783263206481934,0.2702932357788086,0.39307546615600586
1JTG_A_B,1JTG,B,160,R,B,31,E,3.0679073281389173,0.8209450452329897,E,0.2593930551085727,0.2141326383551695,0.0452604167534032,15,15,0,0.08368390000000026,0.5907929999999999,-0.391584905299599,-0.019390304381321694,0.0,0,-4.234970092773438,-1.0,288.0,0.967921137809753,-0.718034029006958,-0.5842095613479614,0.43280744552612305,0.9276655912399292,-0.1810698509216313,-0.28531813621520996,0.10970973968505815
1K8R_A_B,1K8R,A,38,D,A,40,Y,1.7803357543779699,,E,0.0116782940787995,0.0359342848295021,-0.024255990750702602,23,22,1,-0.7133874999999998,-0.3365985,-0.23297212796034505,-0.0253392347950529,0.5,0,4.443992614746095,-2.2,310.0,-0.5197446346282959,-1.1722813844680786,-1.342749297618866,-0.8060672283172607,0.825663685798645,-1.099387943744659,-0.4440009593963625,-1.1485328674316406
1K8R_A_B,1K8R,B,11,Q,B,12,T,1.8697107829656783,,L,0.0809156058281957,0.0459525616695176,0.0349630441586781,23,24,-1,-0.06550860000000025,-0.6427971000000001,0.4287563500083652,0.016257985497391797,0.0,0,9.935775756835938,-2.8,310.0,-0.3585605621337886,-0.3752896785736084,0.1660447120666504,-0.367431640625,0.14616155624389693,0.42240357398986816,0.06954479217529297,-0.22694277763366655
1K8R_A_B,1K8R,B,31,K,A,64,Y,2.836937339384543,,H,0.1989895156916716,0.2382626750914371,-0.0392731593997655,19,18,1,-0.11985445000000006,-0.6636294,-1.799170194140332,0.10047208036581001,0.0,0,6.247505187988281,-2.5999999999999996,310.0,-0.3882575035095217,-0.21066540479660034,0.34763652086257935,0.3511921763420105,-0.7962948083877563,0.19499391317367554,-0.776172399520874,0.31873196363449097
1KTZ_A_B,1KTZ,B,26,I,A,22,H,1.895631703462886,,L,0.1111662841228297,0.1309523658304567,-0.019786081707626996,16,17,-1,1.0293922000000002,0.5892610999999999,-0.20384721706347464,0.02564288914216331,-0.5,0,-5.125236511230469,7.7,298.0,0.7141585350036621,0.7181863784790044,1.0346094369888306,1.06983208656311,1.05736517906189,1.1718273162841797,0.9085607528686523,1.5605992078781128
1KTZ_A_B,1KTZ,B,29,I,A,20,W,1.369625081346294,,L,0.1875491077584223,0.2055426946445466,-0.01799358688612432,18,17,1,1.3285420999999997,1.8982133,-0.1614170798702833,-0.022933019978363195,0.0,0,-7.9076995849609375,5.4,298.0,1.1155221462249756,2.1276073455810542,0.2378817796707151,0.5302635431289673,2.2676912546157837,1.4576065540313716,1.716403603553772,1.175360798835754
1LFD_A_B,1LFD,A,5,I,B,41,R,1.4483802767436469,0.84846113103873,L,0.3042253835874633,0.3329901341380833,-0.02876475055062,14,14,0,0.4013553999999999,1.0264223,-1.400070288922008,0.09043676152235122,0.0,0,-4.422466278076171,9.0,304.0,0.15822160243988048,0.5801912546157839,0.1883927583694458,0.9921482801437378,-0.06880354881286643,0.9360673427581787,0.6037541627883916,-0.17913019657134988
1LFD_A_B,1LFD,A,39,K,B,24,I,2.0998271003000024,,H,0.0810025322250197,0.041675813204416,0.0393267190206037,20,19,1,0.5333391999999999,-0.22233350000000018,0.4532951024945247,0.11316433854073399,0.0,0,0.19455718994140625,-8.4,298.0,1.3685554265975952,-0.5855988264083862,-0.2329545021057129,0.2622361183166504,0.4836815595626831,0.5635855197906494,1.5695995688438416,0.8376089334487917
1LFD_A_B,1LFD,B,33,D,A,22,L,1.1002917441185578,,L,0.2830742882141155,0.2654272432983898,0.017647044915725718,12,12,0,1.7679851,1.2371235999999999,-0.13926313634283038,0.20878085315466818,0.0,0,-28.428237915039062,-7.3,298.0,1.7785593271255493,1.9557715058326721,1.7316472530364986,1.8473655581474304,1.4696882367134094,1.9027972221374512,1.7392563223838806,1.7187961339950562
1LFD_A_B,1LFD,B,37,E,B,36,I,1.1965592838418202,,L,0.0702334141780041,0.0681329617124455,0.002100452465558608,18,19,-1,-3.65095008,-3.428715,0.562387023258481,-0.0192006037063098,0.0,0,-5.093513488769531,-8.0,310.0,-3.291755400598049,-3.3889025300741196,-3.6191103607416157,-3.86184684932232,-3.9319530352950096,-3.7593662962317467,-3.787882193922997,-3.5667840093374252
1MI5_ABC_DE,1MI5,D,90,L,A,66,I,1.2314175678494845,,H,0.0184038583799355,0.0090512775586479,0.009352580821287598,26,25,1,-2.1675326399999997,-2.3410837000000004,-0.14676487430410845,-0.0255258664211587,0.0,0,3.0622482299804688,-0.7000000000000002,298.0,-0.43665164709091187,-2.890586733818054,-2.553650379180908,-2.009368181228638,-3.046722412109375,-0.9086107611656187,-2.7401908040046696,-2.7544815540313716
1MI5_ABC_DE,1MI5,D,93,G,E,97,A,1.2314175678494845,,H,0.0287723120486904,0.0466852486851091,-0.0179129366364187,27,26,1,0.44928909000000006,0.67201985,0.8548655110621087,-0.03769667912716129,0.0,0,,-2.2,298.0,0.3996158018708229,0.2889566496014595,0.3093460723757744,0.3975371271371842,0.5901728570461274,0.2805764824151993,0.6552689149975778,0.6728387475013733
1MI5_ABC_DE,1MI5,D,96,Y,C,4,G,1.2314175678494845,,L,0.0570837402751351,0.0417876785753567,0.015296061699778402,27,27,0,-3.6657622,-3.6029325300000004,-0.7817489523055334,-0.027998075304674602,1.0,0,,-0.9,298.0,-4.531013652682304,-4.010871559381485,-2.7817772775888443,-4.051855534315109,-2.743015080690384,-3.4049673974514008,-3.950467124581337,-3.852127566933632
1MI5_ABC_DE,1MI5,E,95,G,D,30,Y,1.2314175678494845,0.4494311457967245,L,0.0,0.0100517664012429,-0.0100517664012429,23,24,-1,1.9713494,0.47525830000000013,-0.37036860490149026,0.007832087197415516,-1.0,0,,0.9,298.0,3.2805968523025513,0.6925065517425533,3.045736610889435,0.7598700523376465,0.7875878810882564,0.8349471092224121,3.0310564041137695,3.3384942412376404
1MI5_ABC_DE,1MI5,E,98,Y,D,28,T,1.2314175678494845,0.5873124986178563,L,0.0766602340691891,0.0647981244567345,0.01186210961245461,21,22,-1,-2.6796029,-3.9781957000000006,-1.4035340671028473,0.019451318356793312,1.0,0,-2.2202415466308594,-0.6000000000000001,298.0,-3.616851329803467,-0.8010635375976565,-3.7376999855041504,-2.737313628196716,-2.6037488579750065,-1.6553954482078557,-3.0205842852592473,-3.264167904853821
1NMB_N_LH,1NMB,H,103,Y,N,319,T,2.140619496834345,,H,0.2965468076663982,0.2629894632748094,0.033557344391588806,21,20,1,-1.3508274999999998,-0.6703797000000002,0.1492412690539794,0.05791929956031441,0.0,0,-12.987785339355469,-0.6000000000000001,298.0,-1.7132916450500488,-1.5668936967849736,-1.6455926895141597,-1.5658090114593504,-0.6374285221099854,-1.2513955831527708,-1.123326301574707,-1.3028802871704102
1OGA_ABC_DE,1OGA,E,28,D,D,29,S,1.5724963209895868,0.6273575722964763,L,0.0540777978046683,0.0472650627415428,0.006812735063125498,22,22,0,0.7097367000000001,0.24156440000000012,-0.12948744594667394,-0.034678882231882396,0.0,0,16.596664428710938,-2.7,298.0,1.647200882434845,0.5313347578048706,0.4790407419204712,1.1347944736480713,0.6135060787200929,1.0925630331039424,-0.3441861867904663,0.5236407518386841
1OGA_ABC_DE,1OGA,E,49,I,D,95,G,2.1612792666649274,,L,0.0069441891824888,0.0,0.0069441891824888,27,27,0,-1.73903327,-1.7866803100000002,0.25605192471622273,-0.0030252230417286974,0.0,0,,4.9,298.0,-1.6136615425348282,-1.7873540073633194,-1.952787883579731,-1.9227827563881874,-1.7200556844472885,-1.759318418800831,-1.7553702667355535,-1.4009344354271889
1OGA_ABC_DE,1OGA,E,51,N,A,65,R,1.1147600269960842,-0.36531119155674324,H,0.3230377075651973,0.3462857444630378,-0.023248036897840496,18,18,0,1.3881224,1.5066633,-0.5652221347694856,-0.008534770177871798,0.0,0,-18.568058013916016,1.0,298.0,1.1676087379455566,1.3816661834716797,1.4086602926254272,1.189266562461853,1.4508428573608398,1.6320147514343262,1.8511500358581543,1.023771047592163
1OGA_ABC_DE,1OGA,E,94,R,C,5,F,2.1612792666649274,,L,0.0299497773871027,0.0255072983026844,0.004442479084418301,24,24,0,-3.4025446,-3.1318111,-0.017360653536868442,-0.0381015164099239,1.0,0,11.598209381103516,-7.3,298.0,-3.586304783821106,-3.3008041381835938,-3.459475874900818,-3.5470030307769775,-3.5764800906181335,-3.5448612570762634,-2.7688162326812744,-3.4366084337234506
1PPF_E_I,1PPF,I,20,Y,E,129,L,3.16587205876721,,L,0.0859012912718916,0.0637968659696591,0.0221044253022325,28,27,1,3.0046652999999997,2.7757636000000003,-0.4271817124983059,0.012882177033778697,0.0,0,1.3585624694824219,-5.1,294.0,2.353527545928955,3.589108645915985,3.3343494534492493,2.9899580478668213,2.5695033073425293,3.168059229850769,3.0579588413238525,2.974856734275818
1R0R_E_I,1R0R,I,14,E,I,11,C,2.0604670627429025,,L,0.0593163934483449,0.0170057898428808,0.0423106036054641,28,29,-1,-1.30785018,-0.8636448,0.6549202701871252,0.0147795479795301,0.0,0,-4.5011444091796875,-6.0,294.0,-1.2008412778377533,-1.0137497186660767,-1.6512500345706942,-1.962413728237152,-1.3420810848474503,-1.3712409287691116,-0.8234714269638062,-1.0977540016174319
1REW_AB_C,1REW,C,55,Q,A,55,L,2.6573708661204076,,H,0.0109819189892572,0.0113283081778877,-0.00034638918863049914,24,25,-1,-0.3866480000000001,-0.4002289400000001,-0.20563723915359822,0.04077777722770198,0.5,0,-17.95217514038086,-7.3,298.0,-0.5316067337989807,-0.49170178174972534,-0.202364921569824,0.22730433940887496,-0.5121862888336182,-0.1317327022552489,-0.7709624767303467,-0.6799342036247256
1SMF_E_I,1SMF,I,2,T,E,194,G,2.058861248035071,,L,0.0160902835667065,0.0178696525866706,-0.0017793690199640992,23,23,0,0.19192120999999998,0.15364823,0.5305356654453938,-0.008337238914002815,1.0,0,,-0.29999999999999993,300.0,0.2474829256534577,0.20423900336027148,0.2292566448450089,0.1539562419056893,0.22200238704681402,0.1396939232945442,0.1943989023566246,0.14433963596820829
1SMF_E_I,1SMF,I,3,K,E,173,C,5.724672691392866,,L,0.0026915352897693,0.0137544637690766,-0.011062928479307302,31,30,1,-0.5349153600000001,0.22928966,0.30878078764536476,0.000435886064120497,1.0,0,-15.015007019042965,-6.4,300.0,-0.6110513508319855,-0.04713287949562073,-0.9258408546447752,-0.20395338535308838,-0.7850392535328865,-0.5034775957465172,-0.7523234188556669,-0.45050397515296936
1TM1_E_I,1TM1,I,39,T,I,37,I,2.6491821965802167,,L,0.004752785094931,0.0008142361122658,0.0039385489826652,28,27,1,0.43275090000000005,-0.08600530000000006,-0.8685836966600112,-0.010388773414303692,1.0,0,-5.036865234375,-5.2,298.0,0.09350705146789551,0.528398871421814,-0.34678423404693626,-0.08830463886260986,1.1276886463165283,0.8394930362701416,1.4784243106842045,-0.17041468620300293
1TM1_E_I,1TM1,I,40,M,E,154,G,1.0272076276256512,,L,0.06899965967547,0.0430013408968028,0.025998318778667207,34,33,1,-1.66507616,-1.70309853,0.391732657995554,-0.0221088177607677,0.0,0,,2.3,298.0,-1.4444191232323647,-1.3048534244298935,-1.1426879316568375,-2.0385607406496997,-1.8103525638580322,-2.1060634329915047,-1.6753861457109451,-1.798286721110344
1TM1_E_I,1TM1,I,41,E,E,102,G,2.9880981051157702,,L,0.0207752524446374,0.0116690856037318,0.009106166840905601,26,26,0,-2.78555856,-3.592607246,-0.6506931826088626,0.002376204538113713,0.5,0,,-3.1,298.0,-3.393807277083397,-2.3707046434283257,-2.7021898180246353,-2.703724592924118,-2.2865752950310707,-2.4491372630000114,-3.1711200028657913,-3.20721148699522
1U7F_B_AC,1U7F,B,65,R,C,63,R,1.8071269636945604,,H,0.3957436651270693,0.4313408385707242,-0.03559717344365487,16,17,-1,0.9832236000000001,1.7635422,0.22192072175678945,0.06611151384580141,0.0,0,-22.256637573242188,0.0,310.0,0.3908613920211794,0.6148327589035034,1.939997911453247,1.2215807437896729,1.6676784753799438,0.7176223993301389,0.7459803819656372,0.5672354698181152
1VFB_AB_C,1VFB,C,124,I,C,120,V,1.2314175678494845,0.9169496673026039,H,0.0264266604382162,0.0283905511568441,-0.0019638907186278996,24,23,1,2.03764997,2.37345914,0.3694558050672617,0.04888829584392851,0.0,0,7.861667633056641,0.2999999999999998,298.0,3.5993934273719788,2.7467164397239685,0.5522300601005554,1.3683767616748805,0.6278528571128845,1.4177375435829163,3.3628253936767587,2.6260679960250854
1VFB_AB_C,1VFB,C,125,R,C,102,G,1.8368993808269287,,H,0.2593153856253631,0.2344371940809318,0.0248781915444313,12,13,-1,0.9352456,0.9933453999999999,-0.8583767339716194,0.04428884500863711,0.3333333333333333,0,,-4.1,298.0,0.601609587669373,0.8795492649078369,0.5671155452728267,1.2984299659729002,1.3050353527069094,1.436853051185608,0.33533358573913574,1.0580401420593262
1XGQ_AB_C,1XGQ,B,33,V,B,52,S,1.1525789787935092,,L,0.0123210609750353,0.0108483435769194,0.0014727173981159015,20,21,-1,-2.7910296999999997,-2.0260344000000003,-1.4391564028613169,0.011465344587497706,-1.0,0,-1.4273796081542969,5.0,298.0,-2.778918385505677,-3.037676453590393,-2.4967095851898193,-3.4592777490615845,-2.752764582633972,-2.19691801071167,-3.0463106632232666,-2.5596632957458496
1XGR_AB_C,1XGR,B,33,I,C,101,D,2.2602064692392574,,L,0.0,0.0121222857268943,-0.0121222857268943,18,19,-1,-1.3547205999999998,-1.0417385000000001,-1.045207145623802,-0.05377213863916691,-0.5,0,-5.730792999267578,8.0,298.0,-2.374496579170227,-0.5755977630615239,-2.145049810409546,-1.2888078689575195,-0.7554409503936772,-1.2489314079284668,-0.8451519012451167,-1.6042888164520264
1XGT_AB_C,1XGT,B,33,L,C,101,D,2.198891059077828,,L,0.0,0.0062270050758301,-0.0062270050758301,19,19,0,-1.6076493999999997,-1.5628494999999996,-1.3104167523640853,-0.060272851951812006,-0.5,0,5.652961730957031,7.3,298.0,-2.145545482635498,-0.9414703845977788,-1.9540557861328125,-1.579697847366333,-1.5064904689788818,-1.83152437210083,-0.8348875045776367,-2.0675220489501958
1XGU_AB_C,1XGU,B,33,F,B,52,S,4.060660828476691,,L,0.0,0.0,0.0,19,20,-1,-2.1263306,-2.8037196,-0.4629016295264153,-0.0017072307397519026,-1.0,0,-7.736400604248047,3.5999999999999996,298.0,-2.3303252458572388,-2.259649872779846,-2.3675023317337036,-1.4981262683868408,-1.5931487083435059,-2.2939707040786743,-2.639317035675049,-2.028605222702027
1Z7X_W_X,1Z7X,W,261,W,X,117,V,1.3353555091961204,,L,0.0617758766838476,0.0644887347206276,-0.002712858036780008,23,24,-1,-2.5500008000000003,-3.4548408999999998,-1.0452322702594061,-0.13591624203228891,0.0,0,54.86820602416992,-5.1000000000000005,298.0,-2.10944402217865,-1.9555760622024536,-3.37201189994812,-2.8498634099960327,-2.3057910203933716,-3.4020987153053284,-2.5447214245796204,-1.8605005741119383
1Z7X_W_X,1Z7X,W,263,W,W,377,A,2.2114274623341164,,H,0.0740946169041249,0.040299750503095,0.033794866401029904,25,25,0,-2.0792908000000003,-3.3277724,-0.20058948300589274,-0.0424619450239596,1.0,0,,-2.7,298.0,-2.5629124641418453,-2.221941232681274,-2.2068831920623784,-0.9916155338287349,-1.5947341918945312,-2.0740342140197754,-2.7504208087921143,-2.231781840324402
1Z7X_W_X,1Z7X,W,287,E,W,439,S,1.320732873103489,,L,0.1555716344097911,0.1668843246330662,-0.011312690223275107,18,18,0,-1.0585328,-1.6531534799999998,-2.480661657303184,-0.150826817210515,-1.0,0,-8.108413696289062,-2.7,298.0,-0.8769071698188784,-1.7052803039550781,-0.8699759542942047,-0.2361409664154053,-0.8258639127016068,-1.6019833236932755,-1.516595870256424,-0.8355148732662199
1Z7X_W_X,1Z7X,W,320,K,X,88,G,1.320732873103489,,H,0.1068296573880782,0.1194400127983559,-0.01261035541027769,23,23,0,-1.7742690999999997,0.45535380000000014,-0.7841267163690278,-0.1045219384858311,0.0,0,,-3.5,298.0,-2.748644113540649,-2.116375088691711,-2.2600947618484497,-0.7852065563201904,0.28380560874938965,-2.104430913925171,-2.657482862472534,-1.8057254552841187
1Z7X_W_X,1Z7X,W,375,W,X,38,R,1.6688123025080832,,L,0.1435766110024238,0.1393031928635703,0.004273418138853513,23,22,1,-1.1093514,-1.0324573,-1.1341252936243944,-0.21529104048887127,1.0,0,-0.9159393310546857,3.6,298.0,0.18110299110412598,-1.2835514545440674,-1.839137077331543,-0.8666508197784424,-1.68224048614502,-1.3682023286819458,-1.107980966567994,-0.9081516265869141
1Z7X_W_X,1Z7X,W,401,E,X,70,N,1.305740004630683,,L,0.17424898909013,0.1684907249343293,0.005758264155800719,19,18,1,-1.02001428,-1.2012985600000001,-1.5851991538989483,-0.11078212623881434,0.5,0,-0.6143798828125,0.0,298.0,-0.5876897573471069,-1.8140493631362915,-0.8466218113899231,-0.33299487829208374,-0.5990488231182098,-1.1498080492019653,-1.313815861940384,-1.51608607172966
1Z7X_W_X,1Z7X,W,435,D,X,87,N,3.6607903964813246,,H,0.1779571202992242,0.1562012912825681,0.021755829016656097,22,22,0,-0.09209120000000004,-0.8618056000000003,-0.6689307071388665,0.052613378797364774,0.5,0,-14.466201782226562,0.0,298.0,-0.8013143539428711,-0.2810328006744385,0.20621085166931197,0.18465757369995162,0.4049227237701416,-0.6055870056152348,-0.302609920501709,0.4580252170562744
1Z7X_W_X,1Z7X,W,437,Y,W,318,W,2.6229603015683534,0.9930255101262047,L,0.0555500433317187,0.0455593919642831,0.009990651367435599,25,24,1,0.3570314999999997,-0.1037094999999999,0.6299359202203638,0.1206340434311895,0.0,0,-19.609169006347656,-0.4,298.0,0.979968786239624,0.47376394271850586,0.017769336700439453,0.7400991916656494,0.17038226127624467,-0.8298232555389404,0.19968342781066895,1.1044106483459468
2A9K_A_B,2A9K,B,65,E,B,45,K,3.1516228401257504,,H,0.1937186672678024,0.2043591514669276,-0.010640484199125194,20,21,-1,0.70442914,0.9530011999999999,-0.8453134118746518,-0.014836729881656602,0.0,0,-21.661918640136715,0.3999999999999999,310.0,0.9897321462631223,0.5236104428768158,0.7523800730705261,0.7913686037063599,1.1401266157627106,0.5436002016067505,0.5319402217864988,0.3626742362976074
2AK4_ABC_DE,2AK4,A,151,R,A,166,E,1.3667185414670637,,H,0.3436529212274086,0.3628015399317074,-0.019148618704298792,16,16,0,-0.030081800000000047,-0.6850235,-0.6196136501560585,-0.022203248235353884,0.3333333333333333,0,-22.648422241210938,-1.0,298.0,-1.2248021364212034,-0.10429227352142334,0.2168912291526791,0.14785778522491455,-0.20283222198486328,-0.14600718021392822,0.3779336214065552,0.694596529006958
2AK4_ABC_DE,2AK4,A,157,R,A,62,R,1.403360330923035,,H,0.2355437842570769,0.2201189184498751,0.015424865807201787,21,20,1,2.07166918,0.9765641,0.2922708604550571,-0.07119485391848812,-0.3333333333333333,0,-9.560516357421877,0.0,298.0,1.3304288685321808,2.812313511967659,1.499972075223923,2.500489056110382,2.1169828176498413,2.5533386170864105,2.3999050855636597,1.3599212765693665
2AK4_ABC_DE,2AK4,C,4,P,D,96,F,1.0959006384745251,,L,0.026344376511513,0.0142489171077664,0.012095459403746602,22,23,-1,4.14076874,4.2358633,0.2770862813151975,0.0781027256896615,0.0,0,4.623432159423828,-4.4,298.0,4.371182948350906,4.333412170410156,4.503804534673691,3.1995332837104797,4.571766301989555,3.411310166120529,3.919016808271408,4.816123425960541
2AK4_ABC_DE,2AK4,C,5,L,E,28,N,1.403360330923035,0.822526318997111,L,0.0062728180578216,0.0043230502237239,0.0019497678340977005,26,25,1,-0.44981659000000007,-0.49266616,0.017935976909278173,0.033570586517133516,-1.0,0,-3.4722061157226562,7.3,298.0,-0.08985003829002389,-1.3869165778160095,-0.46307879686355596,-0.20092743635177607,-0.4772900938987732,-0.4589410573244095,-0.47583682835102087,-0.045692235231399536
2AK4_ABC_DE,2AK4,C,7,Q,E,27,H,1.403360330923035,,L,0.027708024315314,0.033395519731125,-0.005687495415811001,28,27,1,-1.2641848999999998,-1.8914876999999999,0.13976249905808347,-0.05787969074655139,-0.5,0,-5.277519226074219,-0.2999999999999998,298.0,-1.2854071855545044,-0.7998034954071045,-1.6069107055664062,-1.7020527124404907,-1.248572826385498,-1.4811720848083496,-0.8035988807678225,-1.1859616041183472
2AK4_ABC_DE,2AK4,D,97,Y,C,8,G,1.403360330923035,,L,0.0313066731172758,0.0544070419587258,-0.023100368841450003,23,23,0,-1.41308298,-1.53395361,0.11223304363033337,0.022535542895282396,1.0,1,,-0.9,298.0,-1.5906815454363823,-1.0726480409502983,-1.793848738074303,-1.8205853924155238,-1.0843771696090698,-0.9949191138148309,-1.219259925186634,-1.7283438220620155
2AW2_A_B,2AW2,B,22,Y,B,17,K,1.8842400174523888,,L,0.1571157833788595,0.1869456992860688,-0.029829915907209292,25,25,0,-0.04594722000000001,0.1294902,-0.38983356575153405,-0.013960864529591693,0.0,0,-3.7716064453125,2.5999999999999996,298.0,0.0486178994178772,-0.20422342419624334,-0.05595174431800842,-0.17163187265396118,-0.35313540697097784,0.14954975247383123,0.11137974262237554,0.10781705379486084
2AW2_A_B,2AW2,B,35,V,A,4,Q,1.0959006384745251,,E,0.0562196104114576,0.0465140330850187,0.009705577326438904,22,21,1,0.4706210000000004,0.8968726000000002,1.0090837026467896,-0.049825020269176706,-0.5,0,-3.5456695556640625,7.7,298.0,-0.004951000213623047,0.5717399120330806,1.046292781829834,0.10863542556762695,0.09047722816467285,0.3503611087799072,0.540003776550293,1.0624101161956787
2B42_A_B,2B42,A,357,H,A,362,G,1.6212374728821843,,H,0.115510648295963,0.0989499013141976,0.016560746981765392,25,26,-1,-3.877613806,-3.24397733,-0.8340804763214495,0.08414358649292669,0.5,0,,-2.8000000000000003,295.0,-2.9766817539930344,-4.190343603491783,-3.875546090304851,-4.267969340085983,-4.01958055794239,-3.955628603696823,-4.28056426346302,-3.454595886170864
2BNR_ABC_DE,2BNR,A,66,K,A,72,Q,1.6885781242920541,-0.09624154412630512,H,0.0421557444226159,0.0275845647840652,0.014571179638550702,26,27,-1,1.2043845,0.7745352999999999,-0.25277684002040357,0.006283883253776101,-0.5,0,6.1388702392578125,-0.3999999999999999,298.0,0.753456234931946,0.22461068630218484,1.5037270784378052,0.9489656686782837,1.6341986060142517,1.3802520632743835,1.4676393866539001,1.7222270965576174
2BNR_ABC_DE,2BNR,A,73,T,A,69,A,1.2844846939463561,,H,0.0,0.0,0.0,25,26,-1,-1.0983899,-1.0444898999999999,-0.06867487699644004,0.018870083202750187,1.0,0,,-2.5,298.0,-1.3753073066473007,-0.8636321425437927,-1.0568985342979431,-1.4111242890357971,-0.6094335615634918,-0.8312620520591736,-1.5026768445968628,-1.1367851495742798
2BTF_A_P,2BTF,P,59,F,A,354,M,1.5950260239100018,,H,0.1215832612698351,0.1243028291952978,-0.0027195679254626987,20,20,0,0.37654560000000004,1.6136553,-1.5001113138309847,-0.0994805621810314,0.0,0,-17.641510009765625,0.8999999999999999,298.0,0.7314414978027344,0.7059698104858403,1.1005628108978271,0.10340189933776855,0.006629228591918945,-0.19669842720031694,1.1143975257873537,-0.5533387660980225
2FTL_E_I,2FTL,I,18,I,E,192,W,4.969061230435361,,E,0.027512529995354,0.031945656322425,-0.004433126327070998,26,26,0,-0.002189519999999945,-0.13544029000000002,-0.3601746116801826,0.02870450078309361,-1.0,-1,-1.5770492553710942,5.4,295.0,0.14509600400924683,-0.11138427257537842,0.07120797038078314,0.25064450502395635,0.01115915179252619,-0.25874042510986334,0.17783725261688232,-0.3033363223075867
2FTL_E_I,2FTL,I,34,V,E,130,Y,4.049499266702131,,L,0.2373195519709061,0.2367243799355891,0.0005951720353170042,19,18,1,0.054998400000000114,0.20590710000000012,-1.1642197630811124,-0.0063617865419260955,0.0,0,0.6697235107421875,5.5,295.0,0.6787210106849673,-0.2883252501487732,0.5292502641677856,-0.6599922776222231,-0.24709206819534302,-0.20070064067840576,0.36756086349487305,0.2605651617050171
2FTL_E_I,2FTL,I,39,R,E,195,G,4.049499266702131,,L,0.4498816282013478,0.4112564385473131,0.03862518965403472,17,16,1,-2.0876317,-2.26733707,0.9447795710134965,-0.017654116570913092,0.0,0,,-4.1,295.0,-1.7427133619785309,-2.0192152112722397,-1.9082234501838684,-2.0698136687278748,-2.270260483026504,-2.4572751224040985,-2.15166737139225,-2.0818822383880615
2G2U_A_B,2G2U,B,53,Y,B,71,S,2.3007136524833776,-0.511977982938513,E,0.0047893208400045,0.0177339362692808,-0.012944615429276302,24,24,0,0.24910923000000007,0.6732482000000001,-0.1418428342571218,-0.03849828067634431,1.0,0,7.698730468749998,-0.5,298.0,0.0036402344703674316,-0.1918267011642456,0.4604316949844358,0.7787206768989563,0.030797898769378662,0.6574906706809998,0.17649954557418823,0.07712012529373169
2G2U_A_B,2G2U,B,148,H,B,128,S,1.1184495656132085,,E,0.0197388438560277,0.0117805633302364,0.0079582805257913,19,20,-1,0.43455790000000016,0.1778211999999999,0.20047994125948793,0.018876164515560512,0.0,0,-7.2296600341796875,-2.4000000000000004,298.0,0.2149360179901123,0.9738616943359375,-0.7600493431091309,1.8251734972000118,-0.8728532791137691,-0.01757097244262651,1.643457651138306,0.46950864791870117
2GOX_A_B,2GOX,B,31,R,A,101,N,1.8823314008138718,,H,0.1415774204728797,0.1331477998400185,0.008429620632861179,19,20,-1,1.6304961,1.2661731999999999,0.3757313882822225,0.010110343137540223,0.3333333333333333,0,-2.1776885986328134,-1.0,298.0,1.4383045434951782,2.1136238574981694,2.238352656364441,1.91709303855896,1.737008810043335,1.1630303859710693,1.272965431213379,1.1635874509811401
2GOX_A_B,2GOX,B,38,N,A,102,L,1.451005839075164,,H,0.024449111065453,0.0044474912271611,0.0200016198382919,24,25,-1,2.5045071,2.04502014,0.45113065216020437,-0.028218024215503984,0.5,0,17.532398223876953,-7.3,298.0,3.06580837816,2.1730566769838338,2.54027958214283,3.013561382889748,3.27634447067976,1.9731402397155766,1.9873698502779007,2.0064969807863235
2J0T_A_D,2J0T,D,2,T,A,77,L,4.387812204059009,,L,0.0024630023526529,0.0,0.0024630023526529,27,27,0,-1.1097914999999998,-1.8628213000000002,-2.8452211163172763,-0.014702219206816108,1.0,0,-5.6009368896484375,-4.5,305.0,0.6407628059387207,-1.540903091430664,-2.0986737608909607,-0.8679446280002594,-0.7888444662094116,-1.3581755161285405,-1.9640434384346008,-0.9005100727081299
2J0T_A_D,2J0T,D,66,M,A,82,Q,1.6804579784970595,,L,0.23750016652106,0.2698577480701079,-0.03235758154904786,22,21,1,-0.33679700000000024,-0.3888297999999999,-1.4822984141724644,0.03641967903900631,0.0,0,-9.447711944580078,5.4,305.0,-0.6051735877990723,-0.26339006423950195,-0.6603267192840576,0.04261493682861328,-0.4605715274810791,-0.16045093536376953,-0.4172077178955078,-0.16987109184265137
2J0T_A_D,2J0T,D,68,S,D,69,V,2.1054297391793457,,H,0.063235889109478,0.0583549362335929,0.0048809528758851015,25,24,1,2.7189997,2.4529517,-0.17648022267663488,-0.0089210667963764,1.0,0,-1.7636032104492188,-5.0,298.0,2.772798538208008,2.640482783317566,2.660653591156006,2.957344114780426,2.767043888568878,2.6131850481033325,2.7576622366905212,2.58282732963562
2NYY_DC_A,2NYY,A,891,L,A,926,N,2.589209962967786,0.09934819078872777,L,0.061830612733118,0.034612812387766,0.027217800345351997,23,24,-1,0.06989080000000003,0.23266980000000004,-0.06382740850136437,0.0014553228196264034,-0.5,0,-0.24197769165039062,7.3,296.0,1.4032323360443115,-2.0918692350387573,-0.8904684782028198,1.8030747175216675,0.21199226379394576,-0.6119778156280522,0.2592672109603882,0.47587585449218706
2NYY_DC_A,2NYY,A,925,F,C,100,F,4.058501760948707,,L,0.0335310182104314,0.0336390511263707,-0.00010803291593930453,24,24,0,-0.021272100000000016,-0.14225659999999984,-0.2837418432469744,0.0013929996021871949,0.0,0,4.6454925537109375,0.0,296.0,-0.09523558616638161,0.45362997055053733,0.6369121074676514,0.046388745307922585,0.1928248405456543,-0.6236275434494019,-0.2587122917175293,-0.5223565101623535
2NYY_DC_A,2NYY,A,1036,H,C,32,Y,7.319427268768097,,H,0.0184862067969828,0.0220811345142916,-0.0035949277173088004,20,20,0,0.4576112,0.32710132999999997,0.26146188699156103,0.025438301674184705,0.0,0,-0.7285499572753906,-1.9000000000000001,296.0,0.3804425597190857,0.17699694633483887,0.2574441432952881,0.6742655634880066,0.3059208393096924,0.6671948432922363,0.5062371790409088,0.6923872232437134
2NZ9_DC_A,2NZ9,A,890,N,C,100,F,2.160031290132344,,L,0.0125366585673925,0.0146279569664085,-0.002091298399015999,24,24,0,1.40869726,1.06165528,0.9119069629288437,-0.08128641423514071,0.5,0,12.233470916748047,-6.3,296.0,1.5160956680774689,1.5162895023822782,1.4530232697725296,1.2295311242341995,1.1426919996738434,1.3241548240184784,1.475168690085411,1.6126228421926498
2NZ9_DC_A,2NZ9,A,891,L,C,35,S,2.2799642665477884,,L,0.03120665639263,0.0339479442671908,-0.0027412878745607973,24,24,0,0.34668009999999994,0.9553461000000003,-0.025266318072027838,0.006469042178415818,-1.0,0,5.115444183349609,4.6,296.0,1.4962067604064941,-2.520925760269165,1.9485737085342412,-0.5208429098129272,0.7031526565551758,-0.4049573540687563,0.4664185047149658,1.6058154106140137
2NZ9_DC_A,2NZ9,A,925,F,C,95,G,3.340438225057939,,L,0.0280036849903291,0.0285500556514787,-0.0005463706611495978,24,25,-1,2.2492163000000005,2.5233563,0.5622701071065658,0.015360903795234304,0.0,0,,3.1999999999999997,296.0,1.5355315208435059,2.452387809753418,2.711639642715454,2.714355945587158,2.677367925643921,1.8908123970031738,2.4340586662292476,1.5775752067565918
2NZ9_DC_A,2NZ9,A,1036,H,C,32,Y,7.419701127593354,,H,0.0209174204098128,0.023264029115884,-0.002346608706071198,20,20,0,0.1251065,-0.4330806999999999,-1.0076729114131442,0.022723788085838914,0.0,0,1.0690345764160138,-1.9000000000000001,296.0,-0.22532689571380615,-0.14163392782211304,0.023527145385741965,0.22337067127227794,0.27825528383254994,0.2856830358505247,0.32329338788986206,0.2336820363998413
2O3B_A_B,2O3B,B,24,E,A,89,R,5.472463386398492,,L,0.0016457274705271,0.0172477272815142,-0.015601999810987102,25,25,0,-0.4164762000000001,-1.1212982,0.43660235263171265,0.031176657929204016,0.6666666666666667,0,26.802452087402344,1.0,298.0,-1.222088813781738,0.32616063952445984,-0.9249267578125,0.19876450300216675,-0.43600183725357067,-1.3333724737167356,0.273466020822525,-0.2138119339942932
2PCC_A_B,2PCC,A,197,V,A,193,A,2.101740090652802,,L,0.0154183672442851,0.0325129118075811,-0.017094544563295996,21,20,1,1.36719137,1.78816674,0.08894446244259957,-0.08972518370889371,0.0,0,,2.4000000000000004,298.0,0.9251387715339661,1.670857459306717,1.5452555119991302,1.399912178516388,1.7193191945552826,1.9175361692905426,0.8654618859291079,0.894049346446991
2WPT_A_B,2WPT,A,27,E,A,31,N,1.7331760686627418,-0.2590991581572307,H,0.1601804561913726,0.1625461874532338,-0.0023657312618611814,18,19,-1,2.1535469000000003,1.2651554000000003,0.059857233905934004,-0.010309674881505082,0.0,0,-2.9225463867187536,0.0,298.0,1.8430190086364746,3.590330958366394,2.3888351917266846,2.6032662391662598,1.9608168601989755,0.8887584209442141,1.7871949672698975,2.1661527156829834
2WPT_A_B,2WPT,A,34,V,A,50,I,3.80759418473735,,H,0.0,0.0,0.0,23,24,-1,0.39567443,0.25862319999999994,-0.3310979354145044,0.030786307150519582,0.0,0,6.9093017578125,-0.2999999999999998,298.0,0.4834928512573242,0.25090765953063954,0.455084890127182,0.528252184391022,0.4839687943458555,0.4556514620780946,0.5479589402675629,-0.03992140293121327
2WPT_A_B,2WPT,A,38,E,A,20,A,4.501153137793563,,H,0.0662632264752852,0.0676851969270965,-0.0014219704518113052,20,21,-1,2.7763269,2.23162106,-0.008474170193424335,0.0376132604218882,0.5,0,,-5.3,298.0,2.94223353266716,2.092040061950683,2.640303492546081,2.1414202451705933,2.8992205262184143,3.0808186531066895,3.1467369496822353,3.2678408473730087
2WPT_A_B,2WPT,A,47,S,A,22,A,2.4246162835990783,,H,0.0020346754868634,0.0043839347571216,-0.0023492592702581997,22,21,1,-0.92878734,-1.76737748,0.204429267618511,-0.0009492743677927962,1.0,0,,-2.6,298.0,-0.4918813407421114,-0.8882381319999695,-1.0209076702594755,-1.5484786629676819,-0.652267038822174,-1.0045918226242065,-1.464857578277588,-0.359075903892517
2WPT_A_B,2WPT,A,48,D,B,70,S,5.214129786929024,-0.45693659990939217,H,0.1674450840473047,0.1820801151179127,-0.014635031070607984,18,19,-1,2.3625874,2.2535452,0.33558722795744933,0.0312601587504579,0.5,0,6.2014083862304705,-2.7,298.0,2.206722751259804,2.8730070739984512,1.943947196006775,2.1924679279327393,2.4707896411418915,2.401281461119652,2.2508070915937424,2.5616762191057205
2WPT_A_B,2WPT,A,51,Y,A,30,D,5.214129786929024,-0.7758555558295367,H,0.0192425586873389,0.0220018825516157,-0.0027593238642768005,24,24,0,-0.38431640000000034,-1.0303156999999998,-0.10355637742321466,-0.044328691020666694,-1.0,0,-12.315444946289062,2.2,298.0,0.7438323497772215,-1.0001240968704228,0.9045817852020268,-1.4818130731582642,-0.3841698169708252,-0.2623870372772217,-0.3039791584014897,-1.2904728651046753
2WPT_A_B,2WPT,A,52,Y,A,59,D,5.214129786929024,,L,0.2972600770774331,0.2704077549893888,0.026852322088044334,18,18,0,0.5061563999999998,0.07968510000000006,-0.3547045523819004,-0.05345440987626557,0.0,0,0.8323898315429688,2.2,298.0,0.9186786413192749,0.4497969150543213,-0.1532186269760134,0.6766830682754514,0.4790084362030027,1.0940704345703125,0.288205742835999,0.2960277795791626
2WPT_A_B,2WPT,B,68,N,B,71,S,1.251038131995906,-0.09516641326410087,H,0.0042335204200204,0.0067159776708063,-0.0024824572507859003,26,26,0,3.0878457,3.2039644,0.24822256858238534,0.018349371306997986,1.0,0,17.576408386230472,-2.7,298.0,3.1176530122756962,2.95890074968338,3.5493706464767456,2.764172613620758,3.4117540121078496,2.861398339271546,3.5725859999656677,2.466929912567138
2WPT_A_B,2WPT,B,79,F,B,90,K,1.1696568149782867,0.6490273030865534,L,0.0202013139275945,0.0281037359913988,-0.007902422063804301,25,24,1,1.9642761000000002,2.8022924000000002,-0.599636195923441,-0.0411869460958611,0.0,0,8.861339569091797,6.699999999999999,298.0,1.7071770429611206,2.1013593673706055,1.1775315403938293,2.5373239517211914,1.5019841194152832,2.5130730867385864,0.28600800037384033,3.8897544741630554
3AAA_AB_C,3AAA,A,258,R,B,138,D,2.2071155180453785,,L,0.384715047603061,0.3990838836731876,-0.014368836070126567,13,13,0,1.702462,1.1013317,-0.024332394832150606,0.1939009428611937,0.0,0,-9.021339416503906,-1.0,293.0,1.197618246078491,2.0556334257125854,1.460361242294311,1.49132239818573,1.6296589374542236,1.625171422958374,2.107993602752686,2.0519361495971684
3AAA_AB_C,3AAA,C,7,W,C,10,K,3.330200571862061,,H,0.0246584615996277,0.0310498777239804,-0.006391416124352699,24,25,-1,0.21029229999999988,0.044996500000000106,-0.20478436684405132,-0.006883055732591126,1.0,0,-4.453834533691408,3.0,293.0,0.7790695428848267,0.07902610301971413,-0.7979162931442261,-0.8254317045211794,1.1307082176208498,0.5050672292709353,0.49213242530822754,0.3196839690208435
3AAA_AB_C,3AAA,C,43,D,A,246,T,5.036890053552191,,H,0.0186926059791154,0.0028862343364138,0.0158063716427016,25,25,0,0.42587019999999987,-0.15921680000000027,0.17131603314124344,0.11228038802841261,-1.0,0,-7.362663269042969,-2.8,293.0,-0.2843844890594478,1.060640811920166,0.28305649757385254,1.1346755027770992,0.9366526603698726,0.39284539222717285,-1.048797845840454,0.9322745800018302
3B4V_AB_C,3B4V,C,49,L,B,59,T,3.5789691628886766,,H,0.0,0.0278712509134406,-0.0278712509134406,21,22,-1,1.3144783999999998,1.64060915,0.5125995213613249,0.06725386001265779,-1.0,0,5.514854431152342,4.5,298.0,1.4351362138986588,1.1672887280583382,1.1085297763347626,1.4737713187932968,1.04922866076231,1.4936843365430832,1.6058895736932752,1.1822997033596039
3B4V_AB_C,3B4V,C,52,F,C,48,N,3.848450843750125,,H,0.1495558425123634,0.131860748736223,0.017695093776140397,22,21,1,0.4338291000000001,1.0468204,-0.2455452431592121,-0.058476675484887025,0.0,0,-1.5477256774902344,6.3,298.0,-0.044540405273437944,0.3732748031616211,0.23822498321533203,0.4441071748733523,0.38802194595336914,1.151968240737915,0.775031566619873,0.14454412460327148
3B4V_AB_C,3B4V,C,53,L,C,191,C,3.391638413012278,,H,0.0011521818393364,0.0233015026375402,-0.0221493207982038,21,20,1,0.14847721000000003,0.8705978,0.23830365612327187,0.0066984602907907975,0.0,0,5.994110107421875,1.2999999999999998,298.0,0.2429689168930054,-0.0337535813450814,-0.0800653919577598,0.34788438677787786,0.8174323216080667,-0.0273620262742042,-0.042731694877147605,-0.036555200815200806
3BK3_A_C,3BK3,C,3,I,A,92,N,1.038188887212829,,L,0.2774921737213252,0.257504467944973,0.01998770577635217,14,14,0,1.8069982,2.2105071,-0.0686752156258168,0.4458780981374846,0.0,0,12.184326171875002,8.0,298.0,2.720956802368164,1.175537347793579,1.861506700515747,1.550853967666626,1.9615137577056885,1.2504106760025024,2.5398205518722534,1.3953858613967896
3BK3_A_C,3BK3,C,28,I,A,25,P,1.2609510009474219,,L,0.0474544023519793,0.0489488446263523,-0.001494442274373002,19,18,1,-0.13027104,-0.11375613,-0.4023160159354208,0.018193550388554497,0.0,0,-45.00785064697266,6.1,298.0,-0.1800568550825119,-0.0741502791643143,-0.1525674089789391,-0.1317902505397797,-0.1420012786984444,-0.079082801938057,-0.130529135465622,-0.1519902721047402
3BN9_B_CD,3BN9,B,91,D,D,112,V,6.695209993104953,,H,0.1063448382481754,0.1235052405719767,-0.01716040232380131,23,23,0,3.46582557,3.6843710999999995,0.26375888418079113,-0.0536862205419506,0.0,0,-43.23921585083008,-7.7,298.0,3.207014799118042,3.6117735058069225,3.248006284236908,2.719375193119049,4.007135085761547,3.701089709997177,3.5960583835840225,3.6361501216888428
3BN9_B_CD,3BN9,B,141,Y,D,77,N,1.0846522945473152,,H,0.2242429051344949,0.182533087735109,0.041709817399385896,17,17,0,0.5935516399999999,0.49042806000000005,-0.5598319248465553,0.028335153946828895,0.0,0,-10.427825927734375,2.2,298.0,0.7734759449958801,0.5683143734931946,0.5849405527114868,0.10540270805358909,0.7205216884613037,1.0143015682697296,0.4290686249732971,0.5523875951766968
3BN9_B_CD,3BN9,B,169,Q,D,30,S,2.5089841145082503,,H,0.065891662211423,0.0616589738519911,0.004232688359431892,20,20,0,-1.3900166200000001,-1.6363417,-0.009123095187928199,0.056227735966320413,-1.0,0,1.0732192993164062,-2.7,298.0,-1.608389861881733,-1.5793427750468254,-1.5003615394234657,-1.6121965944766998,-1.3239222466945646,-1.3840724006295204,-1.005699783563614,-1.106148287653923
3BT1_A_U,3BT1,U,55,L,A,24,C,1.0918021206051756,,L,0.0021245751258542,0.0192630617605534,-0.0171384866346992,22,23,-1,-0.7838285899999999,-1.0090751550000001,1.5440224312802582,-0.0516553434196339,0.0,0,23.03124237060547,1.2999999999999998,293.0,-1.0022649317979813,-0.7547585219144821,-0.7319117486476899,-0.7174006327986717,-0.680639535188675,-0.916669338941574,-0.7677787989377977,-0.69920501857996
3BT1_A_U,3BT1,U,66,L,A,15,N,1.3532036802006713,,L,4.421736579200966e-06,0.0231072730500093,-0.0231028513134301,24,24,0,0.9319021,1.02357056,1.9512823906196708,-0.013397694067222299,-0.5,0,4.136894226074217,7.3,293.0,0.7448566257953646,1.00218540430069,1.2505498528480528,0.8742964863777161,1.0002145767211914,0.9151969254016876,0.9185279607772827,0.7493890821933746
3BT1_A_U,3BT1,U,139,D,U,50,K,1.0304558913733406,0.6311675639260735,L,0.0929750437889364,0.0984363704626954,-0.005461326673759009,22,22,0,0.1526622999999998,-0.6031371000000001,-1.1708007099350433,-0.23925135645360243,0.0,0,16.731185913085938,0.3999999999999999,293.0,1.0510756969451904,-0.013445854187011719,1.1595468521118164,-0.06103038787841797,-0.41141819953918457,-1.4194772243499756,0.7111043930053711,0.20494151115417436
3BT1_A_U,3BT1,U,148,L,U,125,T,1.6337906568727276,0.9856452747777401,L,0.000497002080822,0.0362517745375671,-0.035754772456745104,21,21,0,2.4844481700000003,3.1133421,2.0237076592111247,0.050850296385903715,-1.0,0,28.461708068847656,4.5,293.0,2.0097826719284058,2.0521294772624974,1.911648005247116,3.090847462415695,2.1865192651748657,3.2021927982568745,2.9077755361795425,2.5146906077861786
3BT1_A_U,3BT1,U,164,H,U,25,R,1.010716690711439,0.999454237930254,E,0.0492059037535543,0.0718653550880064,-0.022659451334452102,25,24,1,-0.21262170000000014,0.2962118,-1.6122723444829827,-0.018686653375540596,0.33333333333333337,0,4.802928924560547,1.2999999999999998,293.0,0.38161301612854004,0.11731052398681685,-0.02058696746826172,-0.4483525753021238,-1.312174677848816,0.8711328506469727,-0.354114294052124,-0.9358007907867432
3BX1_A_C,3BX1,C,87,Y,A,94,L,1.2982354886678278,,L,0.0,0.0,0.0,31,31,0,-0.22984956,-0.21339652,0.41767605936826213,-0.0233651686843558,1.0,0,-9.419448852539062,-5.1,298.0,-0.1686292588710785,-0.2700061649084092,-0.1637961342930794,-0.2435653805732727,-0.2216085642576217,-0.2776387929916382,-0.34674903005361557,-0.1468029171228409
3C60_CD_AB,3C60,C,40,K,B,50,A,1.5937182868909552,,H,0.354464682658286,0.3525966415407268,0.001868041117559227,13,13,0,0.62778336,1.0173708399999999,0.35412137996798276,0.010041185504181982,0.0,0,,-5.7,298.0,0.8281052708625793,0.6495262384414673,-0.07030075788497925,0.10350704193115212,0.8260271549224856,1.0453575551509857,0.8671938180923462,0.772850751876831
3C60_CD_AB,3C60,C,66,V,B,95,W,1.2496401340118868,,H,0.0012023671996021,0.0113200530991849,-0.0101176858995828,25,25,0,2.2356824,1.63447905,-0.2510211460331986,-0.029560406020389313,-1.0,-1,-2.8293914794921866,5.1000000000000005,298.0,1.7443729043006897,2.907257258892059,1.7017221450805664,1.8453166484832764,3.087714195251465,2.7532103061676025,1.8802225589752197,1.9656407237052917
3C60_CD_AB,3C60,D,4,Q,B,48,Y,1.16627650370749,,L,0.0840098695479659,0.0482858120666588,0.035724057481307095,25,25,0,0.7918265,0.748456,0.6791636562131147,0.06230237115012191,-1.0,0,44.1164436340332,-2.2,298.0,1.1067280769348147,0.677100419998169,1.225456953048706,1.1368932723999023,0.6382782459259033,0.8020434379577637,0.2992081642150879,0.44890379905700684
3D3V_ABC_DE,3D3V,C,8,Y,C,7,V,3.4120593176270644,,L,0.1348110391711235,0.1182690819904561,0.016541957180667394,19,20,-1,-2.3223713,-2.4557645,-0.1564643121733138,0.010249518835685811,0.0,0,-6.1533355712890625,-5.5,298.0,-2.361979603767395,-2.396631896495819,-2.0276421904563904,-2.4626389145851135,-1.6644421815872192,-2.6964738368988037,-2.2104674577713013,-2.758694350719452
3D3V_ABC_DE,3D3V,E,97,L,A,69,A,2.6159944098140233,,H,0.0022198257633577,0.0072104230189525,-0.0049905972555948,19,20,-1,0.7050530000000002,1.53771844,-2.4138278490968106,-0.0571576994390125,0.0,0,,1.9999999999999998,298.0,0.5466634035110474,0.9256101250648501,0.2867606878280641,0.3380316197872162,1.494035094976425,0.728641539812088,0.19966959953308105,1.121012032032013
3EQS_A_B,3EQS,B,3,F,A,36,I,5.556008252105314,,H,0.0098067976976524,0.0031752260170364,0.006631571680616,21,21,0,0.29089484,0.2746507000000001,0.18753363035928305,0.040137210164260695,0.0,0,-0.4804840087890634,-1.7000000000000002,298.0,0.3950608968734742,-0.02455657720565796,0.7027786374092102,0.4668724834918976,0.44913914799690247,0.17808979749679565,0.2969076633453369,-0.1371333003044129
3EQS_A_B,3EQS,B,6,Y,A,48,H,3.109162512960843,,H,0.1569479441006949,0.1076896838480679,0.049258260252627,19,18,1,0.8177302999999998,1.6824219,0.03656752084604453,0.03009752935932969,-0.5,0,17.453205108642578,1.9000000000000001,298.0,1.2848867177963252,1.432578444480896,1.9261478185653687,0.7651205062866211,0.3129518032073977,0.1874477863311763,0.029147386550902876,0.6035616397857668
3EQS_A_B,3EQS,B,7,W,A,68,V,6.407328502678618,,H,0.0400758031384274,0.004741502495198,0.0353343006432294,22,23,-1,2.24034368,2.7773432,0.30444060267051765,0.04370058321146039,1.0,0,8.156997680664062,-5.1000000000000005,298.0,1.7523736655712128,1.5590274930000305,2.002790853381157,2.6725314408540726,2.9294708371162415,1.700089931488037,2.962033286690712,2.3444312661886215
3EQS_A_B,3EQS,B,10,L,A,29,L,3.3328684342363175,,H,0.0360467290740557,0.0145427854532101,0.021503943620845598,18,18,0,0.4781872,0.81933217,0.20359340369003423,0.1146660014550232,0.0,0,1.573486328125,0.0,298.0,0.04202243685722351,0.9331389963626862,0.5328762829303741,0.6544712781906128,0.5856060981750488,0.14662095904350286,0.997488409280777,-0.06672647595405579
3EQY_A_C,3EQY,C,3,F,A,74,L,5.658450760459924,,H,0.0079920773502006,0.0039976020877738,0.0039944752624268,21,20,1,-0.14998847000000004,-0.23336619999999997,1.0211829453128944,-0.04808341981637182,0.0,0,2.5204544067382812,-1.0,298.0,-0.9395485818386078,-0.5090659111738206,0.32880291342735296,-0.6800317764282227,0.21688437461853027,0.16053026914596558,0.300636351108551,-0.07811534404754644
3EQY_A_C,3EQY,C,6,Y,A,48,H,2.586204476550158,,H,0.1690209909727489,0.1782434655763216,-0.0092224746035727,19,19,0,0.49920909999999985,1.5208578,-0.0886266702072821,0.04113525492028158,-0.5,0,16.007240295410156,1.9000000000000001,298.0,0.7401568889617924,0.7994000911712646,0.6568958759307857,0.3823012113571167,0.34474289417266846,0.061835646629333274,0.5170595645904537,0.4912809133529663
3EQY_A_C,3EQY,C,7,W,A,68,V,6.043720046618101,,H,0.0768818829963771,0.031527763497394,0.0453541194989831,22,21,1,2.8393949999999997,2.49166898,0.22322560540378622,0.037518270996054676,1.0,0,7.0987091064453125,-5.1000000000000005,298.0,2.8546075820922847,2.454935997724533,2.5518701374530792,3.029764026403427,2.8540763556957245,2.3710627555847172,2.886108249425888,3.712734192609787
3F1S_A_B,3F1S,A,33,M,A,224,F,1.2384257759478556,,H,0.0716486190066491,0.074111287133712,-0.002462668127062903,19,20,-1,-1.7272311,-1.9049236,0.40996906593732463,-0.1935324492314153,0.0,0,15.31545639038086,-0.8999999999999999,298.0,-2.353275179862976,-1.5537923574447632,-1.3443083763122559,-1.5675835609436035,-1.815116167068482,-1.633666515350341,-1.5017905235290532,-2.048315048217773
3F1S_A_B,3F1S,A,36,D,A,258,T,2.184505250292012,,L,0.285981564456922,0.281454832980037,0.0045267314768850375,15,14,1,-0.8507071,-0.9319073400000001,0.3235156231034648,0.03258432053927349,0.5,0,24.80139923095703,-2.8,298.0,-0.9097954034805297,-0.6554567813873293,-0.9775629639625549,-1.0788458585739136,-0.47059446573257446,-0.8145634531974791,-1.296185910701752,-0.6026522517204285
3F1S_A_B,3F1S,A,202,Y,A,32,S,2.9947799767025427,,H,0.0955201489232203,0.0944789948910479,0.001041154032172406,18,18,0,0.5601497000000001,0.97568515,0.3269242850273583,0.034451371819756105,0.0,1,-8.87948989868164,-0.5,298.0,0.2751199007034303,1.2035623788833618,-0.030681490898132324,1.0847079157829285,0.08837008476257324,0.853531241416931,1.0705708265304565,-0.06398427486419667
3F1S_A_B,3F1S,A,255,D,A,251,L,3.7592836036732393,,H,0.0565517877292396,0.06267619846991,-0.006124410740670404,19,19,0,0.4179036999999999,-0.5168618,-0.22543257647651305,-0.0776595404608191,0.0,0,13.797119140624998,-7.3,298.0,1.8611624240875244,0.6500301361083984,1.1184908151626587,-0.646895170211792,-0.0427463054656978,0.9355576038360596,-0.09513628482818648,-0.43723583221435547
3HFM_HL_Y,3HFM,H,53,Y,Y,93,N,3.2503791460482225,0.21121814832220448,H,0.1629610467559561,0.1535257874933053,0.009435259262650791,19,18,1,-1.0301562,-1.7115535999999998,0.9755625018918124,-0.15317818911177983,-0.5,0,4.1909484863281286,2.2,303.0,-2.1754825115203857,-1.992092490196228,-1.522078037261963,-0.4496023654937744,-0.18735980987548784,-1.77548885345459,0.026038408279418945,-0.16518640518188477
3HFM_HL_Y,3HFM,L,31,N,Y,16,G,5.214129786929024,,L,0.0550871839590701,0.0475959410033063,0.007491242955763797,25,24,1,-2.1499388799999997,-2.27292185,0.3886641007536973,-0.04431297941907039,0.5,0,,-3.1,298.0,-2.509623073041439,-2.3044389337301254,-2.2182370126247406,-1.9641731530427933,-2.034445658326149,-1.9772579297423367,-2.186996214091778,-2.0043393373489384
3HFM_HL_Y,3HFM,L,32,N,L,91,S,5.10734458138055,,L,0.0,0.0270802937998186,-0.0270802937998186,23,24,-1,1.8798394199999997,2.0975188,0.3650945107079917,-0.049723945302249495,1.0,0,16.836505889892578,-2.7,298.0,1.854848027229309,2.572698533535003,1.4894205033779144,2.265381246805191,1.8817984461784363,2.1345722377300262,1.2158505320549011,1.6241450607776644
3HFM_HL_Y,3HFM,L,50,Y,Y,75,L,4.5575945560558555,0.70445583057791,H,0.0312138825963797,0.0401765757086765,-0.008962693112296798,20,21,-1,-1.6667168,-1.4240392999999998,-1.0358132420086503,-0.08937216647754531,0.0,0,-9.169498443603521,-5.1,298.0,-1.5202693939208987,-1.8618826866149902,-0.9181838035583496,-2.50293505191803,-0.642424345016479,-2.0501023530960083,-1.3072686195373535,-2.5306681394577026
3HFM_HL_Y,3HFM,Y,20,Y,Y,63,W,4.573778237875976,0.31918654441973265,H,0.0030767815264946,0.0442032460673061,-0.0411264645408115,26,25,1,1.0168112999999999,0.96506706,-1.8282152778309908,-0.05443236577125121,1.0,0,-5.593231201171875,-0.4,298.0,1.7309170365333557,1.0071997046470642,1.0430233478546143,0.5647114515304565,1.2261407375335693,1.0774545073509216,0.6778003573417666,0.8072435259819031
3HFM_HL_Y,3HFM,Y,96,K,Y,100,S,6.737283264197913,0.2676595665844973,H,0.000295179187775,0.0016533083927418,-0.0013581292049668,21,21,0,1.30144788,1.08985407,-0.7679628014892335,0.007053677016170601,0.0,0,-6.429336547851561,-3.0999999999999996,298.0,1.4738062620162964,1.7424993366003036,1.289590448141098,1.1734710037708282,0.9274019002914429,1.2497067451477053,1.662530817091465,0.8925760686397552
3HH2_AB_C,3HH2,C,47,F,C,46,L,1.324714368599027,,H,0.0230601814133685,0.0460827196362362,-0.023022538222867695,19,19,0,-0.6503584,-1.0218096,0.3076300281514998,0.006399614359270889,0.0,0,-14.309577941894531,-1.0,298.0,-1.3800231218338015,-0.5877656340599058,-1.1138750314712524,-0.09013378620147705,-1.7036365866661072,-0.7100574970245366,-0.20600587129592918,0.5886308550834654
3HH2_AB_C,3HH2,C,52,F,A,31,W,1.2722742268622604,,H,0.0427220893085584,0.0551834511414876,-0.012461361832929202,19,18,1,1.0332740299999998,1.0247173,0.05762211109105764,-0.07980218588883259,-1.0,-1,2.05474853515625,3.6999999999999997,298.0,0.9000284671783447,1.454439103603363,0.8601458072662354,1.0016709566116333,0.7587777376174927,1.3974533379077911,0.9390954375267027,0.9545823931694031
3KBH_A_E,3KBH,A,23,Y,A,15,N,1.811979372612353,,H,0.0616954902601356,0.0410951227808016,0.020600367479333997,21,20,1,0.57236333,0.5672244000000001,0.4426607372757071,0.0103113904768527,-0.5,0,-4.586181640625,2.2,298.0,-0.2650417387485504,0.7021616697311401,1.173971563577652,0.4621923565864565,-0.022972553968429565,1.471853107213974,-0.042129069566726685,1.0988708436489105
3KBH_A_E,3KBH,E,54,S,E,13,G,1.856501867976997,,L,0.0430691731202557,0.0444026408308446,-0.001333467710588905,23,23,0,-0.40295933,-0.42891631,-0.1485475101206895,0.049392179521801194,1.0,0,,-0.4,298.0,-0.2526034414768219,-0.5138821527361871,-0.2697712406516075,-0.39879752695560466,-0.2972154766321182,-0.41092200577259064,-0.608768917620182,-0.4717137962579727
3KUD_A_B,3KUD,B,30,K,B,33,V,1.9530394314410333,,H,0.1488066223189364,0.1247729027732104,0.024033719545726,19,18,1,0.5611158,-0.36504650000000005,-0.47311321095545317,0.06664353038712778,0.0,0,-12.947120666503906,-8.1,298.0,0.5153849124908447,1.0123791098594663,0.5950876474380493,0.41608762741088867,0.06648790836334229,1.221903681755066,-0.36616039276123047,1.0277568101882937
3LB6_A_C,3LB6,A,100,K,C,240,C,5.811821878992469,,H,0.0306167712001664,0.0,0.0306167712001664,25,25,0,-0.3672101,-0.6834143,-0.7256305545554195,3.095801519997776e-06,0.0,0,17.304031372070312,-6.4,298.0,-0.9599831849336626,-0.1467466875910759,-0.04751509428024292,-0.09160951524972918,-0.674814909696579,-0.13959363847970968,-0.7087167650461197,-0.16870076209306722
3LB6_A_C,3LB6,A,101,K,A,97,L,2.544131860901994,,H,0.2596619197293779,0.2223715404524431,0.03729037927693482,17,18,-1,1.9244153400000001,1.6220037,-0.10148571303477438,-0.010381011172136606,0.0,0,12.584228515625,-7.699999999999999,298.0,1.8644598722457886,2.0218971967697152,1.9860589504241948,1.9733758568763733,2.108028113842011,1.9604912400245667,1.7921491861343384,1.6888600587844846
3M62_A_B,3M62,A,50,L,A,54,T,2.827996665486802,0.016682417900765995,H,0.1069939846377668,0.1313683733954977,-0.024374388757730903,20,21,-1,0.09679480000000007,-0.7252770000000002,-0.3596684604756629,0.042484410349356794,0.0,0,14.124225616455078,4.5,298.0,0.25364923477172807,-0.48009347915649414,-0.5975639820098881,1.2736668586730957,1.2195045948028564,0.742760419845581,-0.47038269042968794,-1.1671810150146489
3M62_A_B,3M62,A,55,E,A,147,E,1.051103127064922,,H,0.3029773012806337,0.2598763852430616,0.0431009160375721,18,17,1,-0.5803410000000002,-0.31665849999999995,1.5393352008760663,0.04500966988335492,0.0,0,48.11638259887695,0.0,298.0,-0.18774795532226562,-0.8459254503250122,-0.10176849365234375,-1.0560966730117798,-0.8239325284957886,-0.5667687654495244,-0.1703634262084961,-0.8901275396347046
3M62_A_B,3M62,A,102,G,A,106,V,1.2643252931128433,,H,0.0003758966254769,0.0010846372511995,-0.0007087406257226001,24,24,0,0.33769929,0.22202655000000002,-0.06482712070413499,-0.009101217333023992,0.0,0,,-4.6000000000000005,298.0,0.1795088946819306,0.2729203924536705,0.4543392732739449,0.3257072344422341,0.4702510833740235,0.28627706319093704,0.2616398558020592,0.45095070451498037
3M62_A_B,3M62,B,50,Q,B,65,Q,1.0539639378112842,0.28359380160267006,L,0.3320983588134715,0.3209581647281984,0.011140194085273114,16,15,1,2.6844874,2.8086741,-0.8970313438576878,0.03216229801074055,0.0,0,1.9152259826660227,0.0,298.0,3.1006070375442505,2.813573658466339,2.3845449686050415,2.474540114402771,2.642017960548401,2.656104564666748,2.8138481378555293,2.5906629562377934
3M63_A_B,3M63,A,46,D,A,54,T,2.233205556064364,0.31123761067031563,H,0.1199864265871121,0.0929133330757349,0.027073093511377197,19,20,-1,-1.0788084000000002,-1.496144,-0.4366356893702117,0.04049298343336194,-0.5,0,2.32525634765625,-2.8,298.0,-0.3255969285964966,-0.6126965284347534,-0.45435672998428334,-1.5146219730377197,-1.4133425951004028,-1.4289264678955078,-1.1888421177864075,-1.6920846700668335
3M63_A_B,3M63,A,106,V,A,102,G,1.838115370315378,0.12465081399829436,H,0.0052886281409831,0.0019531938045881,0.0033354343363950004,24,23,1,-1.1726315200000001,-0.87524741,0.3583047040178531,0.016507261282200925,0.0,0,,4.6000000000000005,298.0,-0.8698107749223709,-0.9714048504829407,-1.3311374634504318,-1.4247825890779495,-1.3280229419469833,-1.2786016017198563,-0.7868913412094117,-1.3903997540473938
3M63_A_B,3M63,A,110,I,B,69,V,1.0886046118174872,,L,0.0810352911765057,0.0816051884522897,-0.0005698972757840065,18,19,-1,-0.9498918000000001,-0.74398964,-1.2595033911316662,-0.06637882268212597,0.0,0,8.80706787109375,0.2999999999999998,298.0,-0.7269372940063474,-1.6374105513095856,-1.1773335933685303,-0.9998935461044314,-0.8783499598503113,-0.3070405125617982,-1.1040339469909668,-0.7681346535682678
3MZG_A_B,3MZG,A,167,H,A,17,H,1.6293401853076444,0.282953436295814,H,0.0192828398813426,0.0208517675057265,-0.0015689276243839,24,23,1,-0.3545288000000002,-0.06211639999999985,-0.1831604565465046,0.021181237443237494,0.0,0,-1.1345977783203125,0.0,298.0,-0.5957555770874028,-0.8239865303039551,0.17462372779846147,-1.1564998626708984,-0.6910507678985596,-0.09166002273559526,0.3482952117919922,-0.00019741058349609375
3MZG_A_B,3MZG,B,188,H,B,96,D,2.09321927209525,,L,0.0923592406197475,0.069923280022198,0.0224359605975495,18,19,-1,-1.43143106,-1.7066534,-0.5006912135422112,0.20309224808486667,-0.5,0,9.49041748046875,0.2999999999999998,298.0,-1.645404189825058,-1.6910993456840517,-1.6582458019256592,-0.46993929147720337,-1.0586110949516296,-2.0025718808174133,-1.013512998819351,-1.9120632112026215
3NGB_HL_G,3NGB,H,58,V,H,60,Y,1.3584279749994033,0.5484261455424753,L,0.0792621738812965,0.0580184190756226,0.0212437548056739,24,23,1,3.5230349,3.7637047999999993,0.2232008748618164,-0.013031027889956276,0.0,0,3.5055694580078143,5.5,303.0,3.1646790504455566,4.469472765922546,4.502987742424011,3.8622926473617554,2.7388898134231567,4.144625604152679,2.285764932632446,3.015566349029541
3NGB_HL_G,3NGB,H,72,R,G,328,G,1.6432171953097705,,L,0.148253348082775,0.1376824567054438,0.010570891377331193,23,24,-1,-4.552178,-4.63050807,-1.7639206739304094,0.014332096480200701,0.3333333333333333,0,,-4.1,303.0,-4.814777545630932,-4.618240423500538,-4.596346512436867,-4.147589907050133,-4.5423504114151,-4.466752618551254,-4.74064613878727,-4.490717738866806
3NGB_HL_G,3NGB,H,104,Y,G,166,K,1.4235858297640938,,L,0.1796824388097654,0.1670170621551004,0.012665376654664995,17,16,1,-2.9845533,-2.1992348,0.29894300302529686,0.01127712298404987,1.0,0,8.222412109375,2.5999999999999996,303.0,-3.184723138809204,-3.8313559889793396,-3.418082892894745,-2.8675737977027893,-3.3392744064331055,-2.666089653968811,-2.74058598279953,-1.8287394046783447
3NGB_HL_G,3NGB,H,105,N,G,313,G,1.1185738219244732,,L,0.0568718554066168,0.02409196874884,0.0327798866577768,23,22,1,-1.4635159000000002,-1.6553048000000001,-0.22361682878440658,-0.022543598061593118,1.0,0,,-3.1,303.0,-1.852614402770996,-0.1390228271484375,-2.4859375953674316,-1.858370304107666,0.3884655833244324,-0.0404241681098938,-3.282644510269165,-2.437579751014709
3NGB_HL_G,3NGB,L,87,Y,G,165,A,2.022787808114121,,H,0.0542618330255439,0.0798189633226023,-0.025557130297058396,22,21,1,0.5018455999999998,0.5294327999999999,0.35939158385419734,-0.1633139095829409,0.0,0,,-3.1,303.0,0.05525708198547363,0.2865769863128662,0.014168500900268555,0.8093103170394906,0.16517591476440452,1.4060676097869873,1.0066711902618408,0.271537661552429
3NGB_HL_G,3NGB,L,88,E,G,232,I,1.3199500457991684,,H,0.0518623614989659,0.0464900726315161,0.005372288867449802,25,24,1,-0.8996579999999998,-0.5808290999999999,-0.17566042264994175,0.076644784457023,0.5,0,-2.184600830078125,-8.0,303.0,-0.2300434112548828,-1.154467821121216,-1.8952549695968628,0.2593508958816526,-1.6262807846069336,-1.5254555940628052,0.817274808883667,-1.842387616634369
3NPS_A_BC,3NPS,A,141,Y,B,103,R,1.7748733050669008,,H,0.1398000577249207,0.1534165833809921,-0.013616525656071382,20,19,1,0.9974943000000003,1.2720449,-1.0481553754319668,-0.08244703182707713,-0.3333333333333333,0,-0.8556671142578125,3.2,298.0,1.3985593318939205,0.16798818111419678,0.590862512588501,1.1514110565185547,1.3498239517211914,1.2488973736763,0.8775914907455444,1.1948207616806035
3Q8D_A_E,3Q8D,A,131,R,A,90,Y,3.029624536637012,,H,0.0003846824980602,0.0387354981421229,-0.038350815644062695,22,22,0,-3.1647294,-3.0991367999999997,0.3352366943318134,-0.05372066397451922,1.0,0,27.66101837158203,-3.2,298.0,-3.1379851698875427,-3.7247891426086426,-3.589404135942459,-2.876600921154022,-3.2294195890426636,-2.617964506149292,-2.3816721439361572,-3.760000765323639
3QHY_A_B,3QHY,B,10,N,B,73,Y,2.2542547942896496,0.8008689981434107,L,0.1567681642259961,0.1561934018222868,0.0005747624037092947,25,25,0,-0.46417259999999994,-0.7324395000000004,0.07260109688328342,0.0229417602375801,0.0,0,-7.033226013183594,-2.2,298.0,-0.6687273979187012,-0.4161069393157959,-0.13628244400024458,-0.6345617771148682,-0.7955639362335205,-0.7696666717529297,0.20985102653503418,-0.5023236274719238
3QHY_A_B,3QHY,B,91,D,A,98,Y,1.8885446894993645,,H,0.2072934581069336,0.2170677313082007,-0.009774273201267114,23,24,-1,-1.8801318,-1.6236798000000001,-0.12216836635925021,0.042822451625408986,0.0,0,-5.674827575683594,-2.2,298.0,-2.9523715376853943,-2.480749785900116,-1.0022114515304565,-2.4240211248397823,-0.9107872247695923,-1.780719041824341,-2.0356472730636597,-1.4545472264289856
3QHY_A_B,3QHY,B,166,D,B,14,G,3.4965384775158,,L,0.1017502054372819,0.097337961953318,0.004412243483963907,20,20,0,0.059715329999999955,-0.6764331,0.5199791093165611,0.005921140538935388,0.5,0,,-3.1,298.0,0.12682895362377172,-0.7640517055988312,0.15394401550292977,0.2727311849594116,0.138879120349884,0.24322087317705157,0.1034286618232727,0.2027415186166763
3QHY_A_B,3QHY,B,169,F,B,244,S,2.0615439857216784,,H,0.1546399704811133,0.1919790568720057,-0.037339086390892395,21,21,0,1.5756572000000002,1.8309106000000002,-0.375436347072955,0.038068941968702974,0.0,0,1.8942184448242188,3.5999999999999996,298.0,1.6515813469886784,1.7637448906898499,1.6093997955322261,1.7766960263252263,1.464053988456726,1.5625144839286804,1.157114863395691,1.6201512217521667
3QHY_A_B,3QHY,B,228,E,A,99,S,3.0115869999005174,,L,0.0212700504463766,0.0306354358968131,-0.009365385450436498,28,28,0,-2.6819339500000003,-2.57981915,0.04454055023514414,-0.013043888859150088,0.0,0,-13.05047607421875,-2.7,298.0,-2.279504284262657,-1.9453193545341492,-3.275147095322609,-3.105706036090851,-2.7719866037368774,-2.2277975976467133,-2.8923799097537994,-2.957630217075348
3QHY_A_B,3QHY,B,264,N,A,206,A,2.6946637029060385,,L,0.03189805950915,0.0547483030703224,-0.0228502435611724,24,24,0,-1.2527562999999997,-1.6613090000000001,0.25033061819300195,0.030707626064159416,0.0,0,,-5.3,298.0,-1.5076810121536257,-1.7851053476333616,-1.088984727859497,-0.6682229042053223,-1.2584960460662842,-1.4977989196777344,-0.8862917423248295,-1.3294701576232906
3QIB_ABP_CD,3QIB,B,62,Q,C,93,G,1.7631666122988525,,L,0.0629190898286859,0.0153843822716541,0.04753470755703179,19,18,1,-1.4919879600000001,-1.33319629,-0.05318321547623761,0.05305549156061079,0.0,0,,-3.1,298.0,-1.506928339600563,-1.6894033774733543,-1.1119798049330711,-1.5883174315094948,-1.3519636765122414,-1.5951194241642952,-1.5854203328490257,-1.5067711770534515
3QIB_ABP_CD,3QIB,B,67,E,B,74,D,1.82060413958121,0.8625190715930913,H,0.1514804198905843,0.1838257849994563,-0.03234536510887198,19,20,-1,-0.16801529999999998,0.4278455000000001,0.1364324121314301,0.034652513514839695,-0.5,0,-9.521240234375,0.0,298.0,0.313537120819092,-0.20078480243682884,-0.006298065185547097,0.40013742446899414,-0.8592039346694949,-0.1460694074630733,-0.3369543552398677,-0.508487343788147
3QIB_ABP_CD,3QIB,P,6,Y,D,96,N,3.1375929327345404,,L,0.0165700803991894,0.0075503494539351,0.009019730945254302,24,24,0,1.14621095,0.9383586,-0.14938571559912828,0.037067900316197916,-1.0,0,2.046062469482422,2.2,298.0,1.360806167125702,1.556281566619873,1.4413127899169922,1.0068038702011106,1.5875749588012695,0.8707708716392517,0.5623819828033447,0.783754825592041
3QIB_ABP_CD,3QIB,P,8,K,C,92,G,3.1375929327345404,,L,0.0269376678255004,0.031288643673969,-0.0043509758484685974,22,21,1,0.6811867,0.055652400000000046,-0.09253064897316166,0.04210708021025189,1.0,0,,-3.5,298.0,0.043728351593017134,0.26416611671447754,0.513349294662476,0.762230396270752,1.8188760280609135,1.114773035049439,0.05663704872131303,0.8757331371307382
3QIB_ABP_CD,3QIB,P,11,T,D,101,T,3.1375929327345404,,L,0.0607522312655491,0.0765084572527218,-0.015756225987172703,24,23,1,2.94374075,2.9407890699999997,0.3906884887187868,-0.0121412755293768,1.0,0,-10.505626678466797,0.0,298.0,2.608858048915863,3.029730975627899,3.074013113975525,2.266455441713333,3.0336949825286865,3.2603231966495514,3.127734005451203,3.149116337299347
3S9D_A_B,3S9D,A,119,M,A,113,V,2.2883468932934,,H,0.0261272345308443,0.019302548814199,0.006824685716645303,26,27,-1,-0.8425898999999999,-0.9408454,-0.1282225862626426,0.017052567607766217,0.0,0,-1.3648757934570312,-2.3000000000000003,298.0,-0.8515877127647398,-1.4693904668092728,-0.4479679465293884,-0.9305955469608305,-0.5503803491592407,0.011742115020751898,-1.2704560905694962,-1.232082545757294
3S9D_A_B,3S9D,B,35,M,B,67,A,2.9984279900310615,,L,0.0336275119178408,0.0647714966874544,-0.031143984769613595,24,24,0,3.497608,3.2272745,-0.04880081885259768,-0.008356502718546516,0.0,0,,0.09999999999999987,298.0,3.92317134141922,3.768060564994812,3.1173133850097656,3.2138868570327768,3.5164425373077393,3.7025742530822754,2.638147711753845,4.101267695426941
3S9D_A_B,3S9D,B,87,W,B,36,S,1.0477479528047113,0.5047645503524103,L,0.0267034746581519,0.0546272944078241,-0.027923819749672202,22,22,0,-1.6361948000000002,-2.2453942,0.10292410508520577,-0.031144441648887716,0.0,1,7.911930084228516,-0.09999999999999998,298.0,-0.3276435136795046,-2.2899651527404785,-2.5196820497512817,-1.650175154209137,-1.0013891458511353,-3.4301474690437317,-1.2614505290985107,-0.6091047525405884
3S9D_A_B,3S9D,B,90,I,A,5,R,1.6418900904659794,0.6215919649341703,H,0.1914984637564581,0.1960206788245827,-0.004522215068124613,17,17,0,0.9374828000000002,1.1493939,-1.0594189356054038,-0.0751443335920747,0.0,0,1.6904220581054688,9.0,298.0,0.8495299816131592,0.906413197517395,1.0836516618728638,0.9748370647430422,0.823237419128418,1.325281620025635,0.8049194812774658,0.7319941520690918
3SE3_B_A,3SE3,A,55,Y,A,257,G,1.4966495837536624,,L,0.0972658806948419,0.1128952795454551,-0.015629398850613194,19,20,-1,-1.5702981299999998,-1.551712496,0.7512015473031344,-0.031029388710155786,0.0,0,,-0.9,298.0,-1.7118156030774119,-1.5418757423758507,-1.405813381075859,-1.5736177191138268,-1.2649165168404577,-1.8595982715487482,-1.4246326982975006,-1.780114986002445
3SE3_B_A,3SE3,A,223,F,A,222,A,1.4966495837536624,,H,0.0746593152155356,0.0716628381326583,0.0029964770828772996,24,23,1,-0.8353524999999999,-0.4172502,-0.6504998693265871,-0.021063132200073803,0.0,0,,0.9999999999999998,298.0,-1.2865349054336546,0.06897222995758057,-1.467029571533203,-1.149003028869629,-0.3080894947052002,-0.3562829494476316,-0.8228789567947388,-1.3619736433029175
3SE4_B_A,3SE4,A,223,F,B,105,R,1.3635602050590228,,H,0.0153908451903083,0.0111569827857725,0.0042338624045358,24,23,1,-0.2211789999999998,1.2126081000000002,-1.3396087745648209,-0.067397710459604,-0.6666666666666666,0,-6.040988922119141,7.3,298.0,0.43074536323547363,-2.0338224470615387,-0.1130058765411377,0.3296148777008061,-1.0072848796844482,1.468714714050293,0.9045989513397217,-1.7489919662475586
3SE4_B_C,3SE4,B,31,L,C,39,S,2.727120410118045,0.2118100390989157,L,0.1271841515070136,0.1667471603118457,-0.0395630088048321,19,20,-1,-0.26033149999999994,-0.5181076,-0.8463618437530203,0.0033251021398358893,0.0,0,3.134105682373047,4.6,298.0,-0.5529444217681885,0.4834167957305908,-0.3659619092941282,0.12608784437179565,0.4304107427597046,-0.4281129837036133,-1.0610684752464299,-0.7144797444343565
3SE4_B_C,3SE4,B,134,K,B,137,F,1.787773345432283,,H,0.0623356140451579,0.0686886083199409,-0.006352994274783003,20,20,0,-0.46209420000000057,-0.8301761000000005,0.17140606610470144,-0.0505639603141855,0.0,0,-20.866310119628906,-6.699999999999999,298.0,-0.9125528335571294,0.688091516494751,-0.8575422763824463,-0.7081649303436284,-0.9384291172027588,0.1860957145690918,-0.9239487648010258,-0.23030519485473588
3SE4_B_C,3SE4,C,69,E,B,34,R,1.3822066234518382,,L,0.1021631586939914,0.0966616968908051,0.005501461803186294,21,21,0,0.8476994,-0.37790750000000006,0.20071075244983144,-0.026258335838407004,-0.16666666666666663,0,-13.934608459472656,1.0,298.0,1.5745272040367126,0.0969054698944094,1.068785309791565,-0.6620411872863772,0.8989352583885193,0.7049254775047302,1.290875196456909,1.8086814284324646
3SE4_B_C,3SE4,C,95,I,B,20,H,1.208783474999111,,H,0.1793980401225879,0.1862716730154267,-0.0068736328928387935,18,17,1,1.6981862,1.6426886,0.07299410152622388,-0.010387455974035287,0.0,0,5.161109924316403,7.7,298.0,2.1579055786132812,1.7066923379898071,1.4843555688858034,0.8863261938095093,2.0119887590408325,1.6497248411178589,1.445556521415711,2.2429394721984863
3SE8_HL_G,3SE8,H,47,W,G,310,G,1.4751462856602853,,L,0.0146990350536125,0.012963360339809,0.0017356747138035002,25,24,1,-1.21328265,-0.8327236,-0.2538318820772737,-0.03337464320071071,1.0,0,,-0.5,303.0,-1.373267576098442,-1.447499878704548,-1.3087919279932976,-1.0115858986973763,-1.1751350909471512,-1.365919403731823,-0.8373151868581773,-1.1867468655109406
3SE8_HL_G,3SE8,H,58,V,G,324,G,1.2496848072761948,,L,0.0691514343889664,0.0720968676817282,-0.002945433292761798,24,25,-1,-1.3143373,-1.41951064,-3.1763999534945806,-0.035097340710384395,0.0,0,,4.6000000000000005,303.0,-1.6195587515830994,-0.901016391813755,-0.8819433897733688,-1.1133216619491577,-1.852228604257107,-0.8189178630709647,-1.9080135077238083,-1.4196981713175774
3SE8_HL_G,3SE8,H,63,Q,G,162,T,1.1144247533594487,,H,0.3155464557753598,0.3079822598446705,0.007564195930689299,14,15,-1,0.3566417999999998,-0.7567882999999997,-0.10367875807069382,-0.17446426917606161,0.5,0,-9.676002502441403,-2.8,303.0,0.05885374546051092,0.21567654609680176,0.6624016761779781,1.2171626091003418,0.48989367485046387,0.4993143081665039,-0.7502474784851074,0.46007823944091797
3SE8_HL_G,3SE8,H,115,F,G,325,G,1.0676040754519076,,L,0.0250973467887035,0.0277864956731751,-0.002689148884471599,23,23,0,-2.14389059,-1.8236676059999999,-1.8234911909455618,0.016704022632700877,0.0,0,,3.1999999999999997,303.0,-1.8705281838774679,-2.493127942085266,-2.050024077296257,-2.2389535307884216,-2.4728294759988785,-1.8139590471982954,-1.9848401993513103,-2.226862281560898
3SE8_HL_G,3SE8,L,91,E,H,55,W,1.5134906568562332,0.7611053868475779,H,0.0484626874890426,0.0197309384365628,0.028731749052479803,26,26,0,3.6894842,3.4839272000000006,-1.16850657734044,0.03418118314289209,-0.5,0,6.528720855712891,-2.6,303.0,3.607364594936371,3.9941878020763397,3.7450864911079407,3.3767953515052795,3.3636151552200317,3.7341541051864624,3.892405867576599,3.80226492881775
3SE9_HL_G,3SE9,H,74,R,H,53,K,2.6792564759020507,,L,0.1485499851746476,0.1525627805765927,-0.004012795401945102,23,23,0,-1.823299,-1.8868285,-0.12179609297042193,0.03681430146502329,0.3333333333333333,0,8.401435852050781,-0.6000000000000001,303.0,-1.8434596061706547,-1.6835837364196777,-1.9434599876403809,-2.3952703475952157,-1.8496408462524414,-1.520904302597046,-1.3610596656799312,-1.989011526107788
3SEK_B_C,3SEK,C,44,L,C,6,Q,2.6797201853789505,,H,0.2854895267191319,0.2693583689478297,0.016131157771302196,16,16,0,0.13553899999999963,-0.011191800000000196,-0.7068383439092727,0.06460569629042828,0.0,0,-7.1286773681640625,7.3,298.0,0.8284528255462646,-0.9309639930725098,1.3457064628601076,-0.16248512268066406,0.07244420051574663,1.5966267585754395,-0.9037837982177734,-0.7616822719573975
3SEK_B_C,3SEK,C,47,F,B,30,D,2.22839100374968,,H,0.3300709422824573,0.3596365717387849,-0.02956562945632757,14,15,-1,-0.6692986999999999,-0.22807240000000006,-0.9026380422280125,-0.0112347021951682,0.0,0,20.253921508789062,6.3,298.0,-1.107876181602478,-0.8558018207550049,-1.2316696643829346,-0.3639872074127197,-0.8201925754547119,-0.2417341470718386,-0.5617436170578003,-0.17138302326202393
3SF4_A_D,3SF4,D,8,W,A,81,G,3.0724518685925455,,H,0.0474802035351501,0.04539166313064,0.002088540404510106,21,22,-1,-1.77733403,-0.5898321,-0.11194823163928846,0.07658706746936261,0.0,0,,-0.5,298.0,-2.151235044002533,-1.9462766349315643,-2.1254291012883186,-1.9802917540073395,-0.482074573636055,-2.4265942946076393,-0.7870304137468338,-2.3197403997182846
3SGB_E_I,3SGB,I,12,L,E,136,A,2.9315139160221024,,L,0.0250097869308848,0.0444472818908379,-0.019437494959953103,31,31,0,0.5047880199999999,0.55041947,0.1506802507738405,-0.014348129946617091,0.0,0,,1.9999999999999998,294.0,0.4135302007198334,0.49308621883392334,0.5626272708177567,0.608637347817421,0.2639404684305192,0.35052278637886053,0.6762180030345917,0.66974176466465
3SZK_AB_C,3SZK,C,41,Y,A,70,V,2.8309533180259474,,H,0.0264787606406442,0.0055647790319776,0.0209139816086666,24,23,1,-1.3843469000000002,-1.43055088,0.007526488286489608,0.018440329251246307,1.0,1,2.4253082275390625,-5.5,283.0,-1.4825077652931213,-1.4352073222398758,-1.768123872578144,-1.4424445256590843,-0.9233233407139776,-1.2219468802213669,-1.4603224247694016,-1.3408987820148468
3SZK_AB_C,3SZK,C,44,F,A,7,K,2.0892398074152148,,H,0.0377711817503261,0.0448872444459947,-0.0071160626956685985,22,23,-1,-0.11222319999999997,0.02831774999999992,0.2551890064844633,0.028877631646890306,0.0,0,-7.16721725463867,6.699999999999999,283.0,0.7056411504745483,-0.5060252249240875,-0.5480628311634064,-0.4413490295410156,-0.1351463794708252,-0.342878520488739,-0.014345943927764893,0.38438016176223755
3SZK_AB_C,3SZK,C,70,T,A,11,K,1.3946948326973583,,H,0.017006828779726,0.0015770261777663,0.0154298026019597,26,25,1,0.02902500000000008,-0.5525681999999996,0.10036190351642271,0.02380222578481589,0.0,0,-14.856121063232422,3.2,283.0,0.29106378555297874,0.7866208553314209,-0.3190659284591675,0.18665504455566406,-0.48727369308471746,-0.4278018474578853,0.48280060291290305,-0.2807977199554441
3U82_A_B,3U82,B,45,I,B,31,T,2.594977772908507,,E,0.0,0.019027168142048,-0.019027168142048,24,24,0,0.5037575000000001,-0.028824799999999984,-1.1541255409870224,-0.005649721427480298,0.0,0,-3.882911682128907,5.2,298.0,0.6053456068038943,-0.4842793941497804,-0.16087758541107156,0.7021262645721436,0.8579282760620117,1.1387971639633179,0.1665747165679936,1.2044439315795898
4B0M_A_BM,4B0M,M,40,L,M,63,F,1.9081297781204276,,E,0.0,0.0017340115703617,-0.0017340115703617,22,22,0,-0.3089655,-0.5285683,-0.026088228369823163,-0.008545079816135781,0.0,0,5.407661437988281,1.0,298.0,-0.587212860584259,-0.46675819158554055,-0.30655401945114147,0.22285726666450506,0.017807036638259888,-0.06536191701889044,-0.5415804386138916,-0.7449211776256561
4B0M_A_BM,4B0M,M,99,P,A,9,L,1.9149198716922284,,L,0.0843881765396628,0.0422133537102256,0.04217482282943719,18,17,1,0.31490474,0.30955015999999996,-0.8462464728550824,-0.2628748953915859,0.0,0,19.855510711669922,-5.4,298.0,0.37392857670784,0.3869107663631439,0.2017857134342194,0.28939101099967957,0.41053706407547,0.2113941907882691,0.2396756261587143,0.40561503171920776
4BFI_A_B,4BFI,B,43,N,A,99,N,2.31664788750155,,L,0.0459766345060641,0.0339704785455259,0.012006155960538202,25,26,-1,3.176182346,4.1377099500000005,0.3102929889207737,0.0002663622579675007,0.5,0,-19.212844848632812,0.0,298.0,3.8555540293455124,1.997007504105568,4.2807818949222565,3.4854164123535156,2.929992586374283,2.5854445844888687,3.7099752649664883,2.5652876794338226
4BFI_A_B,4BFI,B,91,L,A,31,L,1.3066250921680522,,E,0.0220585690062599,0.0191742466316161,0.0028843223746438003,24,23,1,-2.41344113,-2.2146315000000003,0.5507341971307227,-0.005383438589730782,0.0,0,12.918121337890627,0.0,298.0,-2.2552810609340668,-2.7285315990448,-1.900840312242508,-2.2503746747970577,-2.3245934545993805,-2.605618000030517,-2.1842212080955505,-3.0580697506666183
4CPA_A_I,4CPA,I,37,V,A,127,R,2.3244915342611265,,L,0.0,0.0017659339891561,-0.0017659339891561,25,24,1,-0.08959850000000014,0.04601979999999983,0.723351146408434,0.07510597584292289,-1.0,0,-27.63506317138672,8.7,298.0,0.05638086795806929,-0.08694565296173118,-0.053157091140747736,-0.17651832103729248,-0.044503808021546076,0.5896315574645996,-0.6235266923904417,-0.37814784049987793
4CVW_A_C,4CVW,C,27,R,A,541,N,1.8279050023298664,,L,0.07722204917812,0.0740717211620144,0.0031503280161056108,18,19,-1,0.14847659999999996,0.35879050000000023,1.883204515418242,-0.027301410723927694,-0.16666666666666669,0,-7.583686828613281,-1.0,298.0,0.08289474248886097,-0.7685728073120115,0.5834079980850224,0.6668289899826048,0.48235464096069314,0.35365241765975963,-0.16105079650878884,-0.05170238018035889
4CVW_A_C,4CVW,C,31,R,A,687,R,2.076536854194484,,L,0.1273695118076618,0.1262477323695389,0.0011217794381228885,20,21,-1,-0.6581705000000002,-1.4669450000000002,1.8388608025365603,0.0019377930951803846,-0.3333333333333333,0,-7.084781646728516,0.0,298.0,-1.7258268594741821,-0.7749946117401119,-0.7302373647689824,-0.13416409492492676,0.1856621503829956,-1.747015118598938,-0.4311509132385254,0.09236192703247093
4FTV_ABC_DE,4FTV,A,65,R,A,166,E,3.5060282681686816,,H,0.2470410047081997,0.2252193796468594,0.021821625061340305,20,20,0,-0.03342889999999965,0.039700999999999986,-0.4634333408955996,-0.02671025725052681,0.3333333333333333,0,-22.97602081298828,-1.0,298.0,0.9480657577514648,-0.9730874300003052,0.6092261075973506,0.09755992889404297,-0.32276463508605957,-0.7831320762634277,0.4964731931686406,-0.33977174758911133
4FZA_A_B,4FZA,A,213,Y,A,214,V,1.270214445054126,,H,0.0232324115191449,0.0648149874211296,-0.04158257590198469,20,19,1,0.99407256,0.8283849000000001,0.06887658481273917,-0.07978305272853498,1.0,0,3.5593566894531232,-5.5,298.0,1.488119453191757,1.0849791169166565,1.1832104325294495,0.7018643617630005,0.8863638639450073,0.9682163596153259,0.628861129283905,1.0109659433364868
4FZA_A_B,4FZA,A,217,R,A,218,Q,1.0274367577011738,,H,0.0252390979432017,0.0702715415094286,-0.045032443566226904,22,23,-1,-1.9590660000000004,-1.3574245999999999,0.0538445491208093,-0.02702038368740456,-0.16666666666666669,0,-2.4315414428710938,-1.0,298.0,-1.3313031196594238,-1.2899057865142822,-2.54665470123291,-1.482398509979248,-2.4608346223831177,-2.3359827995300297,-1.6638386249542236,-2.5616087913513184
4G0N_A_B,4G0N,A,37,E,A,41,R,1.8006412824586262,-0.35374444863725935,L,0.1488684616464222,0.1690094407617663,-0.0201409791153441,18,17,1,-1.2933369000000001,-1.4049456,0.006286080450557507,0.002828016403446404,-0.3333333333333333,0,-47.3211669921875,1.0,308.0,-0.16997838020324707,-1.8254637718200684,-0.3254518508911133,-1.20886206626892,-2.7365004420280457,-0.2700474262237549,-1.3127559423446655,-2.497636556625366
4G0N_A_B,4G0N,B,15,T,A,40,Y,1.8284227873616987,,E,0.0155576908057652,0.0292421582672858,-0.013684467461520598,24,24,0,0.1509478999999998,-0.09389169999999991,0.3633855849830603,-0.014950717999240998,0.0,0,4.604957580566406,0.6000000000000001,303.0,0.5289691686630249,-0.27557265758514415,0.21021544933319092,-0.006766796112060547,-0.5096464157104494,-0.2963436841964723,1.141460657119751,0.4152674674987791
4G0N_A_B,4G0N,B,31,K,A,25,Q,2.200238060095798,,H,0.3160921943466954,0.3356617705128644,-0.019569576166169,15,15,0,1.8181311999999998,1.4500552,0.07515763169423441,0.10345369766755028,0.0,0,-17.91366577148437,-0.3999999999999999,298.0,1.21121072769165,1.7766613960266113,1.4766054153442383,1.563453197479248,1.9797320365905762,2.9289612770080566,1.6237096786499023,1.9847140312194824
4HFK_A_BD,4HFK,B,22,R,B,18,W,1.3915088644819469,,H,0.0324824264479058,0.0044087374039823,0.028073689043923496,27,26,1,1.4899201999999998,-0.09337280000000003,1.077563110048007,0.00016983821086000161,0.3333333333333333,0,-0.1785430908203125,-3.6,298.0,0.5045928955078129,0.8255395889282231,0.7605900764465328,3.277721732854843,2.5527410805225372,0.13275384902954102,0.5876319408416748,3.2777905464172368
4HFK_A_BD,4HFK,B,45,L,B,43,A,2.524333218946118,,H,0.0352814911243997,0.0060576040655872,0.029223887058812497,27,28,-1,-1.0468604400000001,-0.8971616000000001,0.16645202925015035,0.044916606857273306,0.0,0,,1.9999999999999998,298.0,-0.6727946400642395,-0.4621052742004395,-1.4629968702793121,-1.885673239827156,-0.11040320992469793,-1.343078374862671,-0.8146283626556396,-1.6232033669948578
4HFK_A_BD,4HFK,B,46,E,B,38,D,1.1880396206308514,,H,0.0686660535261498,0.0365296419475758,0.032136411578574,24,23,1,2.9002895,3.8744140999999996,-0.44988355846660416,0.026025687515086104,0.5,0,-0.7176513671875,0.0,298.0,2.985382914543152,2.804629325866699,2.681477785110474,4.4416422843933105,2.551641225814819,2.867122709751129,2.6035759449005127,2.266845703125
4HRN_A_D,4HRN,D,44,V,A,69,F,2.8106652758248662,,L,0.0,0.0001811533511458,-0.0001811533511458,28,28,0,0.47141330000000004,0.32606840000000004,-0.6669864236254587,0.0392209318963615,0.0,0,-35.90707778930664,1.4000000000000004,298.0,0.963781476020813,0.9277308583259583,0.1341496706008911,0.7767242193222046,0.634344220161438,0.1517426967620843,-0.33893477916717507,0.5217674374580381
4HRN_A_D,4HRN,D,47,F,D,13,E,2.4594608435335474,,L,0.2207436920692921,0.2382029995917731,-0.01745930752248101,19,20,-1,1.4953895,1.2426815999999998,0.12349916255947346,-0.0057824138563269956,0.0,0,-11.33660125732422,6.3,298.0,1.2771185636520386,2.6320272386074066,2.0717396736145024,0.5321905612945557,2.3689299821853633,1.323419094085693,1.2100145816802979,0.5476763248443604
4I77_HL_Z,4I77,H,52,W,H,33,S,2.5700938940363596,,L,0.0315275883267761,0.0051584548169955,0.026369133509780603,23,24,-1,1.3965047,1.5718425000000003,0.2893110723740204,0.0027177932466612986,-1.0,0,-1.1977005004882812,-0.09999999999999998,304.0,1.1881812810897827,1.3333481550216675,1.4737714529037476,0.9728035926818848,2.0186352729797363,1.5017496943473811,1.048579454421997,1.634971022605896
4I77_HL_Z,4I77,H,54,D,H,30,S,2.6192848491710157,,H,0.3275967732618883,0.3449110336949361,-0.01731426043304779,19,18,1,1.5790033700000001,1.42178297,0.34204292857489343,-0.0491201724648494,0.5,0,8.809112548828125,-2.7,304.0,1.5154565796256065,1.291870839893818,1.1411539614200592,1.3940524533390999,1.7554853260517123,1.5939193814992905,1.8503096327185629,2.089778780937195
4I77_HL_Z,4I77,L,95,N,Z,45,G,1.3801528344884093,,L,0.0361018124748346,0.022368959650144,0.0137328528246906,25,26,-1,-0.39194876,-0.60200529,-0.2413210840655335,-0.007647836067762009,1.0,0,,-3.1,304.0,-0.3486033380031586,-0.4623722359538079,-0.2957099601626396,-0.5128502696752548,-0.607430212199688,-0.304614506661892,-0.292341947555542,-0.31166746467351925
4J2L_A_CD,4J2L,C,17,W,A,31,F,2.2295846882352905,,H,0.0492197345387961,0.0269136391716127,0.0223060953671834,22,21,1,-4.0120049,-4.5210695,0.30823184925169667,-0.03214325733047779,0.0,0,-4.331394195556641,-3.6999999999999997,298.0,-3.869303822517395,-3.7021678686141968,-4.5412540435791025,-3.9075570106506348,-3.8329076766967773,-4.146943926811218,-4.435690820217133,-3.6602153182029724
4JEU_A_B,4JEU,B,3,R,A,261,V,1.127664041308761,,L,0.152299071260369,0.1482364977065149,0.004062573553854115,17,17,0,-0.92207803,-1.2698759,0.5737906763941292,0.09525929023834781,0.0,0,24.473915100097656,-8.7,298.0,-1.7958434224128723,-1.0877364873886108,-0.06437760591506958,-1.0281600952148438,-1.8748339414596558,0.16348791122436546,-0.892890453338623,-0.7962698936462402
4JEU_A_B,4JEU,B,7,L,B,206,E,1.1084563032791506,,H,0.0545343831007301,0.0552322055273028,-0.0006978224265727015,17,17,0,-0.5054942200000001,-0.13059185,-0.7348581584508123,0.08011942699503061,-0.5,0,-16.301445007324215,7.3,298.0,-0.2303173691034317,-0.9183810949325562,-0.1564539074897766,-0.5702782273292542,-0.34147387742996216,-0.659836545586586,-0.9713002741336823,-0.1959122568368912
4JEU_A_B,4JEU,B,215,I,B,101,Q,3.2402502019955364,,H,0.0,0.0122753822176008,-0.0122753822176008,24,25,-1,1.73615363,1.9024005,-0.26260079370868405,-0.0376440741275601,-0.5,0,8.2034912109375,8.0,298.0,1.7398553490638733,1.4777594804763794,1.6422875970602036,1.7874472737312317,1.6983202397823334,1.0747444629669187,2.3060002624988556,2.162815108895302
4JFF_ABC_DE,4JFF,C,1,E,D,95,G,7.319559526108369,,L,0.0098526983413876,0.0062088930653262,0.0036438052760614003,25,26,-1,-3.0015495,-3.8373057399999997,0.3825077508424318,0.12551399946479197,0.5,0,,-3.1,298.0,-3.4670483767986298,-2.772161602973938,-2.946896553039551,-3.3796752095222473,-2.9909681677818303,-3.365610182285309,-2.47146475315094,-2.6185708045959473
4JFF_ABC_DE,4JFF,C,4,G,E,99,L,6.515296898776146,,L,0.0422124982366205,0.0272892941667416,0.014923204069878904,26,27,-1,-0.09120916000000001,-0.3464653,-0.11093385608072015,0.019999767173827288,0.0,0,,-4.2,298.0,0.10035930573940272,-0.09139230847358704,-0.5775178223848343,0.01790979504585269,0.03994336724281311,-0.30523695051670074,0.021567970514297485,0.0646935105323791
4JFF_ABC_DE,4JFF,C,7,I,E,50,Y,6.426746198757867,,L,0.0,0.000837890864609,-0.000837890864609,25,25,0,1.6277773999999998,2.3190016,-0.20742993368939644,0.028412075631810196,-1.0,0,-24.176261901855465,5.8,298.0,1.9885296821594238,2.240252494812012,1.111114740371704,0.8228391408920288,2.5660558938980103,1.2327831983566284,0.3281511068344116,2.732493281364441
4JFF_ABC_DE,4JFF,C,8,L,C,5,I,6.196110354356413,,L,0.0252643910099856,0.0117725498280444,0.0134918411819412,21,22,-1,-1.3441003500000002,-1.4875535999999998,0.3060378057611479,0.029772309859733198,0.0,0,8.069095611572264,-0.7000000000000002,298.0,-2.04342919588089,-1.3035038709640503,-1.2467027902603152,-1.5107200145721436,-0.8357455134391785,-1.532661616802216,-1.3302639722824092,-0.9497753381729126
4JFF_ABC_DE,4JFF,C,9,T,E,58,S,6.53152220613874,,L,0.0391572333998921,0.0423335353539969,-0.0031763019541048015,21,21,0,-2.3542368700000003,-2.65053064,-0.3965740669259274,-0.02647640757117281,0.0,0,-3.1580734252929688,0.10000000000000009,298.0,-2.9965068995952606,-2.0194636583328247,-1.9151580035686488,-1.612712427973747,-2.530464991927147,-2.6695841550827026,-2.3240288794040684,-2.7659753859043117
4KRO_A_B,4KRO,B,15,R,B,2,V,1.5832991719387786,,L,0.1386037850132884,0.1225107743212896,0.01609301069199881,22,21,1,-0.5907362999999999,-0.94190926,-0.31210324464871464,0.12567773461918097,0.3333333333333333,0,-5.709796905517578,-8.7,298.0,-0.7322744131088261,-0.39218735694885254,-0.22283083200454712,0.393188953399658,-1.584932386875153,-1.1372266411781307,-0.29998528957366943,-0.7496408224105835
4KRP_A_B,4KRP,B,105,E,B,107,D,1.6060447352220086,,L,0.167047876670003,0.1730397122255382,-0.005991835555535202,19,20,-1,-1.0116446000000001,-0.6555935000000002,0.08970893493936649,0.0450182520419658,-0.5,0,0.0979690551757817,0.0,298.0,-0.24037742614746094,-0.7369582653045654,-1.3711254596710205,0.062238454818725586,-1.4050350785255434,-1.2425376176834109,-1.0112667083740234,-2.1480936408042908
4L3E_ABC_DE,4L3E,A,65,R,A,158,A,1.3011671118471222,,H,0.1421721801258646,0.1303410498624664,0.011831130263398215,23,22,1,-2.7313910499999996,-2.1394261300000004,-0.2926322573672091,0.010612620046495491,0.3333333333333333,0,,-6.3,298.0,-3.641605466604233,-2.0230954587459564,-4.06813657283783,-2.1250529289245605,-1.9928168058395386,-2.7138432562351227,-3.2295572757720947,-2.0570221841335297
4L3E_ABC_DE,4L3E,A,155,Q,A,163,T,1.2584735016202362,,H,0.0402349651735726,0.0217108846512103,0.018524080522362298,25,24,1,-0.1850353,0.04300680000000012,-0.30996645837122816,-0.02170842868972328,0.0,0,5.019649505615234,-2.8,298.0,-0.2758271694183354,0.3178668022155764,-0.02726221084594682,-0.14263439178466797,-0.20779705047607422,-0.7155989408493042,-0.6115517616271973,0.18252229690551758
4L3E_ABC_DE,4L3E,A,166,E,D,27,R,1.2169732743791315,,H,0.3102598156221082,0.3425909962942554,-0.032331180672147186,18,17,1,0.39486909999999975,0.03852929999999999,-0.647629414218166,-0.0391795091245003,0.16666666666666669,0,-28.656740188598633,1.0,298.0,-0.1717441082000728,0.5369820594787598,0.9663681983947754,0.13186407089233398,0.6385318040847776,0.87039589881897,0.2114508152008061,-0.024895668029785156
4L3E_ABC_DE,4L3E,D,26,Y,C,8,L,2.7835618283803383,,L,0.0159764802285845,0.0082431480233286,0.0077333322052559,22,21,1,-1.382728,-3.7061331,1.1024446962156154,0.009583964035454723,1.0,1,4.3613739013671875,-5.1,298.0,-1.6913617849349976,-3.2419017553329468,-0.7111253142356873,-0.10544455051422097,0.16349971294403076,-3.6890658140182495,-1.5443096160888672,-0.24211513996124268
4MNQ_ABC_DE,4MNQ,C,4,K,D,96,Y,4.933426404666148,,L,0.0182510972037124,0.012032052357827,0.006219044845885398,26,26,0,-1.9872008,-1.764431,0.14248247470370878,-0.11096131402026538,0.0,-1,6.364585876464844,-2.5999999999999996,298.0,-2.2931759357452393,-1.6451680660247798,-1.2300962209701538,-2.1131047010421753,-2.469031810760498,-1.9575059413909912,-2.6107577085494995,-1.578766107559204
4MNQ_ABC_DE,4MNQ,C,6,L,D,91,A,4.14712203343936,,L,0.0253920310462841,0.0239231621718939,0.0014688688743902008,24,25,-1,-1.387712,-1.4507097000000002,-0.39422993463476774,0.07742901944509309,0.0,0,,1.9999999999999998,298.0,-1.5163425207138066,-1.5590107440948486,-0.8933925628662109,-1.6561261415481567,-1.2817087769508362,-1.4156080484390259,-1.104723870754242,-1.6747833490371704
4O27_A_B,4O27,A,88,K,B,118,Y,1.024414289084085,,H,0.1598309737434917,0.1629039255379071,-0.0030729517944154128,18,18,0,-1.648245,-1.7682601999999998,-0.9083281873034033,0.02616948382113743,-1.0,0,5.7947845458984375,-2.5999999999999996,298.0,-1.9191516935825348,-1.7274143993854527,-1.5881458520889284,-1.5428383946418762,-1.6253774464130402,-2.0567667484283447,-1.3074917793273926,-1.4187739193439486
4O27_A_B,4O27,A,215,Y,A,216,V,1.1947757783935136,,H,0.0878370140862499,0.0918323193316469,-0.003995305245396999,20,21,-1,1.7379585,1.12910165,0.14190029234199653,-0.09055409337215709,0.0,0,11.132553100585938,-5.5,298.0,1.0421087741851807,0.9159430265426636,1.206359326839447,1.84876549243927,1.9421558380126953,2.5021109580993652,1.9243470430374146,2.521878182888031
4OFY_A_D,4OFY,A,34,Q,A,87,S,1.1762294551826238,0.14209558868467176,L,0.012054481648668,0.0009578644168893,0.0110966172317787,25,25,0,-0.7852892999999999,-1.3244164000000003,-0.3576338062658777,0.026805053769589582,-0.5,0,9.773895263671875,-2.7,298.0,-1.4092288017272951,-1.5467944145202632,0.41981595754623413,-1.1902834177017207,-0.06088423728942849,0.4757106304168699,-1.6519968509674077,-1.3186534643173218
4OFY_A_D,4OFY,D,34,Q,A,36,M,2.8692159988027166,0.08407289665825735,E,0.0101308383521464,0.0168023409247569,-0.006671502572610498,24,25,-1,0.6682972999999999,-1.9853599999999996,0.383235156121022,-0.03303188112515032,1.0,0,7.195945739746094,-5.4,298.0,1.4771771430969238,0.7988625168800353,-1.1336323022842407,0.8748377561569212,1.5557886362075801,0.0017948150634765625,1.4345719814300542,0.33698010444641113
4OFY_A_D,4OFY,D,42,L,A,41,G,2.5667118722837503,,L,0.0064291022361753,0.0154529259292368,-0.0090238236930615,29,28,1,1.5287349000000003,0.2999516,-0.28892601492008674,-0.048093282723380315,0.0,0,,4.2,298.0,3.372918486595154,3.3162031173706055,2.584397554397583,2.5774554014205937,3.1195802688598633,-0.2871274948120126,0.9984649419784546,-3.452010691165924
4OFY_A_D,4OFY,D,96,R,D,40,G,3.419674805388326,,L,0.3209612540599458,0.3490366218720657,-0.02807536781211989,14,15,-1,-1.9021732799999997,-2.41169522,-0.055201760588477256,-0.0038323612987860023,0.0,0,,-4.1,298.0,-1.3407730162143707,-1.731994241476059,-2.1376310586929326,-2.3936138153076176,-2.10835137963295,-2.122281849384308,-2.016710340976715,-1.3660317361354828
4OZG_ABJ_GH,4OZG,G,50,L,G,48,H,1.165761296968809,,L,0.0949437104287705,0.0846963337525759,0.010247376676194603,17,17,0,2.016729,2.4510859,0.5333974434729297,0.032280946574055,-0.5,0,-22.75102996826172,7.0,293.0,1.9808838963508606,1.503566443920135,2.297550737857819,1.6106923818588257,2.4148626923561096,2.718686521053314,1.9028087854385376,1.7047789096832275
4P23_CD_AB,4P23,C,40,K,D,75,E,1.1931987157495938,0.17036148930942865,H,0.3189832174233397,0.3259310754697586,-0.006947858046418898,13,12,1,0.7354779499999999,0.45430040000000005,-0.052825177148833224,-0.09048168862241479,0.0,0,1.3753547668457036,-0.3999999999999999,298.0,0.6344256401062012,0.9738278985023499,0.2902526259422302,1.4190283417701723,0.4380016326904297,0.6328346133232117,1.337197124958038,0.15825629234313976
4P23_CD_AB,4P23,C,66,V,C,59,G,1.16627650370749,,H,0.0,0.0041317962133278,-0.0041317962133278,23,23,0,3.4856562500000003,3.3529891000000003,-0.1561633884403799,-0.026156839135601906,0.0,0,,4.6000000000000005,298.0,3.2848260402679443,3.431947022676468,3.7637765407562256,3.861050099134445,2.865123927593231,4.104400932788849,3.399443209171295,3.1746831834316254
4P23_CD_AB,4P23,D,2,E,B,97,D,1.16627650370749,,L,0.153829194664903,0.1549516847454785,-0.0011224900805754945,17,16,1,1.4976422999999999,0.8117065000000001,0.38741934928673194,-0.09546098957456012,0.0,0,2.7758026123046875,0.0,298.0,1.1815226078033445,1.4178412556648254,2.0207003355026245,1.5030319690704346,0.19586181640625044,1.9398565292358398,1.7862485647201538,1.936075210571289
4P23_CD_AB,4P23,D,5,K,D,8,A,2.2296234426394665,,L,0.0068342981245232,0.0023755751504213,0.0044587229741019,26,25,1,-1.7842205999999998,-1.7763855000000004,0.16435795653594454,-0.034133797279002204,0.0,0,,-5.7,298.0,-1.0036900043487553,-1.9451763629913335,-1.4480041265487673,-2.61301326751709,-2.481233835220337,-1.5889298915863037,-1.7040562629699707,-1.489662885665893
4P23_CD_AB,4P23,D,7,K,D,4,Q,2.567194198281374,0.6826014437951471,L,0.0734755875739947,0.0975773824758899,-0.024101794901895207,26,26,0,1.1529117000000002,1.9286758000000002,-0.5637462911498532,0.09788300152514928,0.0,0,-33.88816452026367,-0.3999999999999999,298.0,0.9794986248016355,2.040545701980591,1.990792036056519,0.7603050470352177,0.04230308532714844,-0.13034343719482422,1.739638328552246,1.800554752349853
4P23_CD_AB,4P23,D,79,R,C,58,Q,2.0705851792448766,0.9725053785217762,H,0.1433889593805054,0.1438435349416142,-0.0004545755611088109,18,18,0,1.1751580999999998,1.8706667,0.5032707800577562,0.09352396539083963,-0.16666666666666669,0,11.300300598144531,-1.0,298.0,1.1747409105300903,0.3327710628509526,1.6192450523376465,1.0937800407409668,0.4270491600036621,1.1590181589126585,1.7653765082359314,1.8292824029922485
4P5T_CD_AB,4P5T,C,61,L,D,81,A,1.0095291007048206,,H,0.0820095062112072,0.0886421919657476,-0.006632685754540402,17,17,0,-0.8228588000000001,0.709634,0.17225808945524967,-0.0011089110468303076,0.0,0,,1.9999999999999998,298.0,-0.911881685256958,-0.9736442565917969,-1.1571871638298035,-0.34189558029174805,-0.531761646270752,-0.48449617624282837,-1.2139875888824463,-0.9680166244506837
4P5T_CD_AB,4P5T,D,7,K,A,95,S,1.5485443304610826,,L,0.024007007705105,0.0101041597615297,0.013902847943575299,26,26,0,0.5001469000000001,0.617569,-0.8262709557571768,0.11942344268304511,0.0,0,-1.2727890014648438,-3.0999999999999996,298.0,0.18904495239257857,0.6162439584732056,0.21003592014312744,0.8669189214706423,0.5727958679199219,0.7548967599868774,0.005476593971252441,0.7857608795166016
4P5T_CD_AB,4P5T,D,78,R,B,94,F,2.073568493729729,,H,0.0480626167196056,0.0518226783911804,-0.003760061671574798,22,23,-1,-0.4869333,-0.5505404,-0.3544728381124416,0.09687710136482897,0.3333333333333333,0,-9.072319030761719,-7.3,298.0,-0.3265923261642456,-0.2344064712524414,-0.47123849391937256,0.07597959041595437,-0.8731707930564879,-0.6869080662727356,-0.5377427339553833,-0.8413860201835633
4PWX_AB_CD,4PWX,A,194,F,A,201,E,1.7284574247898898,,H,0.0160185257629684,0.0570712995032612,-0.0410527737402928,18,19,-1,-1.7365274,-0.08993789999999979,-0.4525704084094052,-0.006752265261341428,0.0,0,19.0718994140625,6.3,298.0,-0.30592060089111284,-0.8735072612762449,-3.154706120491028,-1.226582527160645,-2.0091806650161743,-3.543889880180359,-0.8435125350952148,-1.9349201321601868
4PWX_AB_CD,4PWX,A,198,Y,C,20,Q,1.7284574247898898,-0.17771794009516576,H,0.106214321299363,0.1058278069149864,0.0003865143843765906,22,22,0,-0.6756616000000002,-0.5186088,-0.8771062035726054,-0.10502756583708717,0.0,0,6.699104309082031,2.2,298.0,-0.945366621017456,-0.46726036071777344,-2.0788254737854004,0.10327363014221191,-0.8624594211578365,-1.0339732170104976,-0.8607950210571289,0.7401132583618164
4PWX_AB_CD,4PWX,C,16,Y,C,60,D,1.1444566316659752,,H,0.127870786055236,0.1021953990743816,0.025675386980854392,22,22,0,-2.8429704,-2.0381387999999996,0.4205873899113348,-0.02187585796756014,0.0,0,34.99838256835938,2.2,298.0,-2.4690511226654053,-2.9192432165145874,-2.22235369682312,-3.946380138397217,-2.8477439880371094,-2.3617732524871826,-3.3583256006240854,-2.6188902854919434
4PWX_AB_CD,4PWX,C,28,R,A,202,R,1.7284574247898898,,H,0.3182612066241613,0.2797803130391488,0.0384808935850125,17,17,0,0.10125159999999989,0.25514020000000004,2.7845121884092716,0.11619020450652495,0.0,0,2.4101600646972656,0.0,298.0,0.9205679893493652,-0.11682891845703103,-0.3650789260864258,-0.36237633228302,0.43317937850952104,-0.22465276718139648,0.3151577711105349,0.21004438400268555
4RS1_A_B,4RS1,A,28,D,B,147,T,2.5910689357937766,,L,0.0711104725858224,0.0783877357378502,-0.007277263152027799,17,18,-1,1.91299307,1.8141866999999998,-0.3001227360251212,-0.005360533385598304,-0.5,0,13.021377563476564,-2.8,298.0,2.2086296677589417,1.9524614214897156,1.7963082790374756,1.5337379872798917,2.1939539909362793,2.069542527198792,1.7415669560432439,1.8077445328235626
4RS1_A_B,4RS1,A,92,D,B,254,R,1.8652904606257341,,H,0.0488856022398117,0.0405566606526799,0.008328941587131801,17,18,-1,-2.01945605,-2.03926103,0.9180605900851656,-0.04466000965771749,-0.16666666666666663,0,-1.9309234619140607,1.0,287.5,-2.03671932220459,-2.3023253679275513,-1.5310938656330104,-3.023509114980697,-2.333841621875763,-1.2037203311920166,-1.042599618434906,-2.6818400025367737
4RS1_A_B,4RS1,A,99,F,B,205,S,3.624700968480194,0.615713967495489,L,0.0611564720017926,0.0646143785234244,-0.003457906521631804,16,17,-1,-1.94500452,-1.83484398,-0.2782571266634406,-0.04871371474621222,0.0,0,-16.211875915527344,3.5999999999999996,298.0,-2.2256088256835938,-1.6361292004585266,-1.8520836532115936,-1.5742678195238113,-1.7677166163921356,-2.1909293234348297,-2.311789393424988,-2.0015110075473785
4YEB_A_B,4YEB,B,131,F,B,37,Q,2.4163831684447996,,L,0.01804146003205,0.0159413773170315,0.002100082715018499,23,22,1,0.6023847999999998,0.5614018000000001,-0.47799536123314534,-0.04424387203848559,-0.5,0,0.3128395080566406,6.3,298.0,0.932706356048584,0.5062777996063237,0.9466185569763184,0.23052692413330078,0.4418191909790039,-0.41583776473999023,1.247688770294189,0.9292778968811035
4YFD_A_B,4YFD,B,4,W,A,169,R,1.1320943862080435,0.15937440841854456,L,0.0351811283433972,0.0374133197900652,-0.0022321914466680026,23,23,0,0.16836289999999998,0.042716999999999894,-1.121353836403944,-0.04589634568491391,-0.3333333333333333,0,-24.383132934570312,3.6,298.0,0.05684518814086892,-0.6237648725509644,-0.7411463260650635,1.3430068492889404,-0.12282156944274902,0.056589603424072044,1.9029819965362549,-0.5247887372970581
4YFD_A_B,4YFD,B,71,K,B,62,F,1.4744243852779593,,L,0.0461024855783216,0.0421219354095514,0.003980550168770199,19,18,1,-1.7810383399999998,-1.7719618,-0.7744996349867309,0.002799539193794498,1.0,0,14.369503021240236,-6.699999999999999,298.0,-1.9495497643947601,-1.0968860387802124,-2.0789918303489685,-2.1685169339179993,-1.5470921695232396,-2.097870111465454,-1.759147316217422,-1.5502523779869075
4YH7_A_B,4YH7,A,246,Y,B,91,R,1.034133866497952,,E,0.0499602995608007,0.0376069205479438,0.012353379012856894,20,21,-1,2.3552478,2.29107355,0.3114806025568726,-0.04384029818652191,-0.6666666666666666,0,9.905441284179688,3.2,298.0,2.2700101733207703,2.122685432434082,2.3317503333091736,2.807552754878998,2.2038257122039795,2.2604552507400517,2.5066718459129333,2.3390287160873413
4ZS6_HL_A,4ZS6,A,156,E,A,159,D,3.0386657301602105,,L,0.0928261369653335,0.04843743472858,0.044388702236753494,19,20,-1,-2.4221589,-3.19702785,0.18318011062848094,0.029066041172068513,-0.5,0,-19.817962646484375,0.0,298.0,-2.3186264634132385,-2.607020288705826,-2.825779557228089,-2.046653389930725,-1.714966237545013,-2.3578860759735107,-2.846262276172638,-2.6600767970085144
5C6T_HL_A,5C6T,H,99,F,A,193,G,1.4600294695006892,,L,0.0619250988539416,0.0845069064947428,-0.022581807640801192,16,17,-1,-2.55933958,-3.4704572999999996,0.31794048433866656,0.05024197593633434,0.0,0,,3.1999999999999997,298.0,-3.4005541503429413,-1.887556254863739,-3.474417001008988,-3.384839862585067,-1.5333413481712341,-1.8487657606601715,-2.2110003232955933,-2.7342422902584076
5C6T_HL_A,5C6T,A,194,E,H,100,F,1.0906715831054934,,L,0.0929939095535083,0.0833447979395894,0.00964911161391889,20,20,0,3.3936687,2.7394974,-0.7313010246080854,-0.05760460059300121,0.0,0,-17.66580200195312,-6.3,298.0,3.8941816091537476,2.661763548851013,2.815543234348297,2.82254421710968,4.046487033367157,2.888718992471695,4.198913156986237,3.821197032928467
5C6T_HL_A,5C6T,A,199,F,H,32,S,2.758178513868998,-0.8683452699720843,L,0.0066866958734681,0.0159155681023819,-0.0092288722289138,19,19,0,0.0674319000000001,-0.5887779000000002,-0.6086726098988133,-0.025170822749099042,-1.0,0,-25.988677978515625,3.5999999999999996,298.0,1.3077603876590729,0.7196686267852781,-0.23904919624328613,0.0737680196762085,-1.0569196939468384,0.05925321578979492,-0.42710512876510653,0.10207986831665039
5F4E_A_B,5F4E,A,139,R,A,137,A,1.4646556504443715,,L,0.0963542679266864,0.105492423020603,-0.009138155093916592,20,21,-1,0.002663599999999988,-0.5403905,0.16016642026164873,-0.02280260833142339,0.6666666666666666,0,,-6.3,293.0,1.0385175943374638,-0.08708369731903054,-0.6012518405914307,-0.7090703248977661,0.70136559009552,0.4590628147125244,0.16064214706420854,-0.940873384475708
5F4E_A_B,5F4E,B,26,E,B,58,F,1.4241995776985283,,H,0.106477896579081,0.0605870747341118,0.0458908218449692,19,18,1,-0.6883168,-1.8544930000000002,0.1848248726485488,0.03347308384531039,0.0,0,23.063007354736325,-6.3,293.0,-1.2514917850494385,-1.829583764076233,-0.2519981861114493,-0.13743877410888672,-1.6364378929138184,-0.5126171112060547,1.192258596420288,-1.0792269706726074
5F4E_A_B,5F4E,B,43,W,B,68,R,1.0546542005909838,,H,0.0802057593461975,0.0432995942389553,0.036906165107242206,20,21,-1,0.2901710999999999,0.1975758099999999,0.37106130179825536,-0.010544915545091987,0.0,0,12.404144287109375,3.6,293.0,-0.3164709210395813,0.9546974897384644,0.8204072117805481,-0.4390539526939392,0.9582118988037109,-0.2671473026275635,0.14809000492095947,0.46263372898101784
5F4E_A_B,5F4E,B,62,L,A,120,V,2.9336654109516216,,L,0.0484754270074669,0.0716163639394781,-0.023140936932011198,23,24,-1,0.9350630999999998,1.3811575999999999,-0.013155276339110178,0.028697956573182692,0.0,0,7.534290313720703,-0.40000000000000036,293.0,1.11808180809021,0.9582874774932861,0.7500717639923096,0.4732787609100342,0.5804499387741089,0.7120243310928349,1.7097169160842896,1.1785939931869507
5K39_A_B,5K39,B,148,I,A,97,W,2.1898670998026213,,H,0.0281609799673333,0.0437764956505262,-0.015615515683192902,24,23,1,2.4114237000000003,3.2447421,0.20589631769293204,-0.02980109212811552,-1.0,0,0.3748893737792969,5.4,318.0,1.0952072292566302,1.0572768449783325,3.3420515954494476,3.320114016532898,3.1324103474617004,3.313169538974762,0.5466238260269165,3.4845370948314667
5M2O_A_B,5M2O,B,21,V,B,18,S,2.524718411022802,0.04860160977052419,H,0.0,0.0,0.0,28,27,1,-0.012321680000000002,0.23547140000000003,0.059826206925125525,-0.002249402414288393,-1.0,0,-10.560287475585938,5.0,308.0,-0.03336881101131442,0.11967718601226801,0.20620621740818032,-0.11021730303764349,-0.09589968621730807,0.001384586095809881,0.022273138165473993,-0.20862901210784918
5M2O_A_B,5M2O,B,25,Q,B,61,Q,1.182801156826777,-0.162971634777618,H,0.006772307128998,0.0136086929765737,-0.006836385847575701,25,24,1,1.38680673,1.8153102,0.5959369849761398,0.013439746738266284,0.0,0,-2.448028564453125,0.0,308.0,1.2325806021690369,0.5569088459014897,1.6151175349950788,0.7172364592552186,1.3361042737960815,2.5679181814193726,1.5838854312896733,1.4847019910812378
5M2O_A_B,5M2O,B,32,K,A,78,K,1.0988260155473215,,H,0.4926827203930774,0.5085509382189003,-0.015868217825822872,11,11,0,1.3715901000000001,1.5882559600000001,-1.351812940184847,0.1254719451363375,0.0,0,1.3359947204589844,0.0,308.0,1.0854982137680054,1.0327467918395996,0.8549627065658569,1.6025454998016357,1.4021266996860506,1.9590408205986023,0.9085223078727722,2.127280116081238
5TAR_A_B,5TAR,B,86,E,B,88,W,1.1260183153599006,0.3841487812395772,E,0.0802181766324594,0.1209213076915606,-0.0407031310591012,17,16,1,2.4425516000000003,1.9709124,-0.0817454653918231,0.007880801506064627,0.5,0,20.173023223876953,-2.6,298.0,2.5055922269821167,3.218137562274933,2.2784759998321538,1.870980262756348,2.8033262491226196,2.0875847339630127,2.4214351177215576,2.354882359504699
