complex_id,pdb,m1,m2,wt1,wt2,chain1,chain2,resnum1,resnum2,cross_interface,dist_cb,contact,seqsep,ddG_ab,ddG_a,ddG_b,g,C_complex,C12,C21,C_monomer,C_lev
1A22_A_B,1A22,EB79A,KB80A,E,K,B,B,79,80,0,5.519,1,1,-0.34460618383050434,-0.2022038231646117,0.07942093320535644,-0.2218232938712491,0.18035805225372314,0.20605874061584473,0.15465736389160156,0.2409461811184883,-0.06058812886476517
1A22_A_B,1A22,KA157A,EA163A,K,E,A,A,157,163,0,11.118,0,6,-0.7694180673977543,-0.0523514858914572,-0.9096298939368896,0.19256331243059255,0.06995931640267372,0.03825569152832031,0.10166294127702713,0.08071877434849739,-0.01075945794582367
1A22_A_B,1A22,KA161A,FA165A,K,F,A,A,161,165,0,6.069,1,4,3.779135295134903,1.7783553349035608,1.023996105948494,0.976783854282848,0.22205160558223724,0.30190321803092957,0.14219999313354492,0.4668339788913727,-0.24478237330913544
1A22_A_B,1A22,RA64A,DA160A,R,D,A,A,64,160,0,13.648,0,96,3.3212625477793134,1.7211611409364727,0.9739337312795182,0.6261676755633225,0.017263174057006836,0.0009922683238983154,0.033534079790115356,-0.006163865327835083,0.02342703938484192
1A22_A_B,1A22,RB172A,NB173A,R,N,B,B,172,173,0,4.71,1,1,0.9021937208864889,0.2739594842214708,0.28691290191377616,0.3413213347512418,0.3670912981033325,0.36802592873573303,0.366156667470932,0.2756328172981739,0.09145848080515862
1A22_A_B,1A22,SB57A,SB61A,S,S,B,B,57,61,0,9.316,0,4,-0.5693348802700618,-0.12259695408649729,-0.18208834128065177,-0.2646495849029128,0.08150005526840687,0.1159997433423996,0.04700036719441414,0.060433197766542435,0.021066857501864433
1A22_A_B,1A22,YA42A,QA46A,Y,Q,A,A,42,46,0,6.141,1,4,0.2896699405123241,0.19925437429429038,0.10796839609752822,-0.01755282987949451,0.6599888801574707,0.6251657605171204,0.694811999797821,1.0982933640480042,-0.43830448389053345
1A4Y_A_B,1A4Y,KB40G,DA435A,K,D,B,A,40,435,1,8.233,0,-1,4.105673483649873,3.2353509608465565,3.4839828127111745,-2.6136602899078576,0.7148678302764893,0.807574987411499,0.6221606731414795,0.0,0.7148678302764893
1A4Y_A_B,1A4Y,KB40G,YA434F,K,Y,B,A,40,434,1,5.509,1,-1,6.66243240445849,3.2353509608465565,0.5576080282988388,2.8694734153130943,0.4163070823997259,0.7865260243415833,0.046088140457868576,0.0,0.4163070823997259
1A4Y_A_B,1A4Y,KB40G,YA437A,K,Y,B,A,40,437,1,15.734,0,-1,6.451214256136286,3.2353509608465565,0.8359379137057956,2.3799253815839334,0.02500649355351925,0.031572263687849045,0.018440723419189453,0.0,0.02500649355351925
1A4Y_A_B,1A4Y,RB5A,DA435A,R,D,B,A,5,435,1,14.23,0,-1,6.770400800556018,2.3082479357007815,3.4839828127111745,0.9781700521440624,0.023654937744140625,0.00419008731842041,0.04311978816986084,0.0,0.023654937744140625
1A4Y_A_B,1A4Y,RB5A,YA434A,R,Y,B,A,5,434,1,14.844,0,-1,6.97666338294868,2.3082479357007815,3.2605541973048746,1.407861249943024,0.039935856126248837,0.013406610116362572,0.0664651021361351,0.0,0.039935856126248837
1A4Y_A_B,1A4Y,YA434A,DA435A,Y,D,A,A,434,435,0,4.61,1,1,6.817801025295113,3.2605541973048746,3.4839828127111745,0.07326401527906379,0.1701778769493103,0.06719517707824707,0.27316057682037354,0.09601194690912962,0.07416593004018068
1A4Y_A_B,1A4Y,YA434A,YA437A,Y,Y,A,A,434,437,0,11.044,0,3,6.642356357368911,3.2605541973048746,0.8359379137057956,2.5458642463582404,0.029233264736831188,0.010626649484038353,0.04783987998962402,0.2060428038239479,-0.17680953908711672
1AO7_ABC_DE,1AO7,AE96M,GE97S,A,G,E,E,96,97,0,4.784,1,1,-1.04437366063929,-0.31034220308592564,-0.32635114702171863,-0.40768031053164566,0.06553298234939575,0.018866300582885742,0.11219966411590576,0.049672793596982956,0.015860188752412796
1AO7_ABC_DE,1AO7,DD26A,EA58A,D,E,D,A,26,58,1,5.726,1,-1,0.7492604153646765,0.9785620045877949,-0.48731205832082625,0.25801046909770786,-1.1749857068061829,-1.4458513259887695,-0.9041200876235962,0.0,-1.1749857068061829
1AO7_ABC_DE,1AO7,DD93A,QA72A,D,Q,D,A,93,72,1,11.981,0,-1,1.0603678894180963,0.779277221981459,0.18687245978083727,0.09421820765580008,0.031580761075019836,0.026377111673355103,0.03678441047668457,0.0,0.031580761075019836
1AO7_ABC_DE,1AO7,DD93N,RA65A,D,R,D,A,93,65,1,6.552,1,-1,3.0829689686030575,2.458419788464143,3.130316345563444,-2.5057671654245297,1.9196040034294128,2.0932204723358154,1.7459875345230103,0.0,1.9196040034294128
1AO7_ABC_DE,1AO7,EE28A,YC8A,E,Y,E,C,28,8,1,9.667,0,-1,3.4239042173755747,2.021243631750095,3.166114657147678,-1.7634540715221982,0.9602371752262115,1.01542067527771,0.9050536751747131,0.0,0.9602371752262115
1AO7_ABC_DE,1AO7,GD28I,SD94A,G,S,D,D,28,94,0,13.635,0,66,-0.3829239893390637,-0.2794589356494454,-0.23748840024933013,0.13402334655971185,-0.00845425482839346,0.0,-0.01690850965678692,-0.09744076803326607,0.08898651320487261
1AO7_ABC_DE,1AO7,GD28I,SD94T,G,S,D,D,28,94,0,13.635,0,66,-0.8992154077881789,-0.2794589356494454,-0.49326588229251156,-0.12649058984622186,-0.002110123634338379,0.0,-0.004220247268676758,-0.017657590098679066,0.015547466464340687
1AO7_ABC_DE,1AO7,GD28L,SD94A,G,S,D,D,28,94,0,13.635,0,66,-0.508375180518655,-0.4666320143451124,-0.23748840024933013,0.1957452340757875,-0.004585129674524069,0.0,-0.009170259349048138,-0.07854952104389668,0.0739643913693726
1AO7_ABC_DE,1AO7,GD28L,SD94T,G,S,D,D,28,94,0,13.635,0,66,-1.0281483532766973,-0.4666320143451124,-0.49326588229251156,-0.06825045663907336,-0.0017132589127868414,0.0,-0.003426517825573683,-0.03729231283068657,0.03557905391789973
1AO7_ABC_DE,1AO7,GD28M,SD94A,G,S,D,D,28,94,0,13.635,0,66,-0.8042626273322236,-0.5184409187140231,-0.23748840024933013,-0.048333308368870426,-0.005982671398669481,0.0,-0.011965342797338963,-0.07614961266517639,0.07016694126650691
1AO7_ABC_DE,1AO7,GD28M,SD94T,G,S,D,D,28,94,0,13.635,0,66,-1.746484194398086,-0.5184409187140231,-0.49326588229251156,-0.7347773933915513,-0.0017215694533661008,0.0,-0.0034431389067322016,-0.02522040158510208,0.02349883213173598
1AO7_ABC_DE,1AO7,GE98A,RE99Q,G,R,E,E,98,99,0,5.596,1,1,-1.5628145793533128,-1.0905414464885976,0.41047252261649486,-0.8827456554812101,0.1055864728987217,0.10639910399913788,0.10477384179830551,0.10828078538179398,-0.002694312483072281
1AO7_ABC_DE,1AO7,KD66A,EA166A,K,E,D,A,66,166,1,6.551,1,-1,3.032404760864835,1.2109931919914318,2.0273056316710423,-0.20589406279763933,1.1303892731666565,1.1963860988616943,1.0643924474716187,0.0,1.1303892731666565
1AO7_ABC_DE,1AO7,KD66A,TA163A,K,T,D,A,66,163,1,8.112,0,-1,0.9776632700102931,1.2109931919914318,0.5290010735192735,-0.7623309955004123,0.5502678751945496,0.6124112010002136,0.4881245493888855,0.0,0.5502678751945496
1AO7_ABC_DE,1AO7,KD97P,RE99P,K,R,D,E,97,99,0,17.162,0,-1,-1.220747249027025,-0.2676595665844974,-1.9408160388912583,0.9877283564487307,-0.02796986699104309,-0.058690011501312256,0.0027502775192260742,-0.04308124352246523,0.015111376531422138
1AO7_ABC_DE,1AO7,ND52A,EA166A,N,E,D,A,52,166,1,8.377,0,-1,3.1417486457383963,0.3547604625372952,2.0273056316710423,0.7596825515300587,0.3023359477519989,0.35094016790390015,0.25373172760009766,0.0,0.3023359477519989
1AO7_ABC_DE,1AO7,PE100A,QA155A,P,Q,E,A,100,155,1,7.807,1,-1,0.9299442277923445,1.1536409190313672,0.3048959920992254,-0.5285926833382482,0.23391969874501228,0.36379313468933105,0.10404626280069351,0.0,0.23391969874501228
1AO7_ABC_DE,1AO7,PE100A,YC5A,P,Y,E,C,100,5,1,7.005,1,-1,2.4049684780656815,1.1536409190313672,1.6312197716435202,-0.3798922126092059,0.4889579340815544,0.7763674855232239,0.20154838263988495,0.0,0.4889579340815544
1AO7_ABC_DE,1AO7,QD30L,LC1A,Q,L,D,C,30,1,1,8.497,0,-1,2.892131164968628,1.6847022496062274,0.7006971264075582,0.5067317889548425,-0.39370404183864594,-0.5252429842948914,-0.2621650993824005,0.0,-0.39370404183864594
1AO7_ABC_DE,1AO7,QD30V,LC1A,Q,L,D,C,30,1,1,8.497,0,-1,0.7233875301811326,-0.09207651839526876,0.7006971264075582,0.1147669221688431,0.07758259773254395,0.06711041927337646,0.08805477619171143,0.0,0.07758259773254395
1AO7_ABC_DE,1AO7,QD30V,YA159A,Q,Y,D,A,30,159,1,7.219,1,-1,3.3287845955584237,-0.09207651839526876,3.243882046074349,0.17697906787934325,0.09420216083526611,-0.0727086067199707,0.26111292839050293,0.0,0.09420216083526611
1AO7_ABC_DE,1AO7,RD27A,RA170A,R,R,D,A,27,170,1,8.889,0,-1,1.1859768375522781,0.49024140680065426,-0.0766187036254107,0.7723541343770346,-0.2247573360800743,-0.2809051275253296,-0.16860954463481903,0.0,-0.2247573360800743
1AO7_ABC_DE,1AO7,RE92A,YC5A,R,Y,E,C,92,5,1,10.66,0,-1,1.7189912785588553,0.43605757251099786,1.6312197716435202,-0.3482860655956628,0.07541686296463013,0.07834970951080322,0.07248401641845703,0.0,0.07541686296463013
1AO7_ABC_DE,1AO7,RE92A,YC5F,R,Y,E,C,92,5,1,10.66,0,-1,0.6057086513133112,0.43605757251099786,0.14551482888433429,0.024136249917979052,0.012171013280749321,-0.029636025428771973,0.053978051990270615,0.0,0.012171013280749321
1AO7_ABC_DE,1AO7,RE99A,YC5A,R,Y,E,C,99,5,1,8.686,0,-1,1.8850988815228786,0.0646663653808644,1.6312197716435202,0.18921274449849412,0.11442667245864868,0.18779903650283813,0.04105430841445923,0.0,0.11442667245864868
1AO7_ABC_DE,1AO7,SD31A,YC5A,S,Y,D,C,31,5,1,8.634,0,-1,1.7087257151864093,0.9823096514440827,1.6312197716435202,-0.9048037079011936,0.01681417226791382,0.31794312596321106,-0.2843147814273834,0.0,0.01681417226791382
1AO7_ABC_DE,1AO7,SD31A,YC5F,S,Y,D,C,31,5,1,8.634,0,-1,-0.04052757499608246,0.9823096514440827,0.14551482888433429,-1.1683520553244993,0.6550055742263794,0.6310980916023254,0.6789130568504333,0.0,0.6550055742263794
1AO7_ABC_DE,1AO7,SD94A,YC5A,S,Y,D,C,94,5,1,5.175,1,-1,1.8601784267571226,-0.23748840024933013,1.6312197716435202,0.46644705536293274,-0.29398781061172485,-0.2673135995864868,-0.3206620216369629,0.0,-0.29398781061172485
1AO7_ABC_DE,1AO7,TD91A,YC5A,T,Y,D,C,91,5,1,10.342,0,-1,3.029624536637012,0.9571858764649585,1.6312197716435202,0.4412188885285333,0.09259067289531231,0.14362716674804688,0.041554179042577744,0.0,0.09259067289531231
1AO7_ABC_DE,1AO7,TD92A,RA65A,T,R,D,A,92,65,1,7.831,1,-1,2.4223858226842667,1.9457840009431795,3.130316345563444,-2.653714523822357,0.005223538144491613,0.006737470626831055,0.003709605662152171,0.0,0.005223538144491613
1AO7_ABC_DE,1AO7,WD95A,AA69G,W,A,D,A,95,69,1,4.989,1,-1,2.9041574650945177,2.2234744601442626,1.3952354914325944,-0.7145524864823394,-0.13839590549468994,0.1294930875301361,-0.406284898519516,0.0,-0.13839590549468994
1AO7_ABC_DE,1AO7,YD50A,QA155A,Y,Q,D,A,50,155,1,7.208,1,-1,0.08197276813517004,0.4909193716462022,0.3048959920992254,-0.7138425956102576,0.5271611213684082,1.0080207586288452,0.04630148410797119,0.0,0.5271611213684082
1B2S_A_D,1B2S,AA27K,AD43T,A,A,A,D,27,43,1,5.444,1,-1,-5.721361790446216,-3.8645639031314882,-0.34282218915737106,-1.5139756981573567,-0.982149213552475,-1.0435847043991089,-0.9207137227058411,0.0,-0.982149213552475
1B2U_A_D,1B2U,AA27K,AD36D,A,A,A,D,27,36,1,14.764,0,-1,-9.544921435413158,-5.043768297619596,-4.166381834124313,-0.3347713036692497,0.040786425583064556,0.05969369411468506,0.021879157051444054,0.0,0.040786425583064556
1B3S_A_D,1B3S,AA102H,FD30Y,A,F,A,D,102,30,1,5.808,1,-1,-5.547216347860813,-5.67935898507035,0.5958268803987293,-0.46368424318919177,0.012239702977240086,-0.0179723110049963,0.04245171695947647,0.0,0.012239702977240086
1B41_A_B,1B41,TB8V,TB9I,T,T,B,B,8,9,0,5.051,1,1,0.3945096511867593,1.1359167200959177,0.02467801542805695,-0.7660850843372153,-0.18786272406578064,0.17873615026474,-0.5544615983963013,0.3417730927467346,-0.5296358168125153
1B41_A_B,1B41,TB8V,TB9N,T,T,B,B,8,9,0,5.051,1,1,2.4267125217978744,1.1359167200959177,3.609355045858526,-2.318559244156569,0.35088667273521423,0.616244912147522,0.0855284333229065,0.33550380170345306,0.01538287103176117
1BJ1_HL_VW,1BJ1,HH101Y,SH105T,H,S,H,H,101,105,0,12.169,0,4,-1.3434841579694434,-1.5835951912765098,-0.3903964755269158,0.6305075088339822,-0.007562722486909479,-0.014242172241210938,-0.0008832727326080203,-0.024647525511682034,0.017084803024772555
1BJ1_HL_VW,1BJ1,TH28D,NH31H,T,N,H,H,28,31,0,4.415,1,3,-0.6929006020458824,-0.22003498621748713,-0.7626501460435201,0.2897845302151248,0.22341404855251312,0.34570252895355225,0.101125568151474,0.3643113672733307,-0.14089731872081757
1BP3_A_B,1BP3,KA164A,EA170A,K,E,A,A,164,170,0,11.335,0,6,5.4055405144637385,1.7273797417394183,1.8309927631990854,1.8471680095252347,0.12830081582069397,0.11565321683883667,0.14094841480255127,0.15274205803871155,-0.024441242218017578
1BP3_A_B,1BP3,KA168A,FA172A,K,F,A,A,168,172,0,6.282,1,4,5.3524733883668665,2.6052649284296265,1.9270738799818448,0.8201345799553952,0.3843097034841776,0.8177650570869446,-0.0491456501185894,0.6759627759456635,-0.29165307246148586
1BP3_A_B,1BP3,RA64A,DA167A,R,D,A,A,64,167,0,14.974,0,103,0.3784546347449089,0.35403110435420193,0.06775228519782786,-0.04332875480712087,0.0033587911166250706,0.009030480869114399,-0.002312898635864258,0.02540979767218232,-0.02205100655555725
1BRS_A_D,1BRS,EA71A,DD35A,E,D,A,D,71,35,1,8.851,0,-1,6.437348289378995,2.3466676742019272,4.284483280821702,-0.19380266564463433,-0.034207590855658054,0.024598678573966026,-0.09301386028528214,0.0,-0.034207590855658054
1BRS_A_D,1BRS,EA71A,DD39A,E,D,A,D,71,39,1,8.452,0,-1,7.1821057620623,2.3466676742019272,6.7900142682369005,-1.9545761803765274,-0.8243384957313538,-1.099813461303711,-0.5488635301589966,0.0,-0.8243384957313538
1BRS_A_D,1BRS,EA71F,DD35A,E,D,A,D,71,35,1,8.851,0,-1,6.407328502678618,2.2341787472000707,4.284483280821702,-0.111333525343154,-0.0507171330973506,-0.018871625885367393,-0.0825626403093338,0.0,-0.0507171330973506
1BRS_A_D,1BRS,EA71F,DD39A,E,D,A,D,71,39,1,8.452,0,-1,7.4683845812186735,2.2341787472000707,6.7900142682369005,-1.5558084342182976,-0.6940283179283142,-1.2897545099258423,-0.09830212593078613,0.0,-0.6940283179283142
1BRS_A_D,1BRS,EA71Q,DD39A,E,D,A,D,71,39,1,8.452,0,-1,7.2040993067995975,1.4514525540669718,6.7900142682369005,-1.0373675155042745,-0.8177779912948608,-1.0649927854537964,-0.5705631971359253,0.0,-0.8177779912948608
1BRS_A_D,1BRS,EA71Q,ED74A,E,E,A,D,71,74,1,15.62,0,-1,3.5254313625006617,1.4514525540669718,1.0933720719856777,0.9806067364480124,0.004722138401120901,0.009439985267817974,4.291534423828125e-06,0.0,0.004722138401120901
1BRS_A_D,1BRS,EA71W,DD35A,E,D,A,D,71,35,1,8.851,0,-1,5.709936612792674,1.656512726558611,4.284483280821702,-0.23105939458763824,-0.06652988493442535,0.07194304466247559,-0.2050028145313263,0.0,-0.06652988493442535
1BRS_A_D,1BRS,EA71W,DD39A,E,D,A,D,71,39,1,8.452,0,-1,6.662254721802919,1.656512726558611,6.7900142682369005,-1.7842722729925926,-0.4440143499523401,-0.9331862926483154,0.04515759274363518,0.0,-0.4440143499523401
1BRS_A_D,1BRS,EA71W,ED74A,E,E,A,D,71,74,1,15.62,0,-1,3.548065455351035,1.656512726558611,1.0933720719856777,0.7981806568067462,0.0014529327163472772,0.002895613433793187,1.0251998901367188e-05,0.0,0.0014529327163472772
1BRS_A_D,1BRS,HA100A,DD39A,H,D,A,D,100,39,1,7.131,1,-1,8.98731340711432,6.197501555050769,6.7900142682369005,-4.00020241617335,0.9431975781917572,1.0403766632080078,0.8460184931755066,0.0,0.9431975781917572
1BRS_A_D,1BRS,HA100A,ED74A,H,E,A,D,100,74,1,18.527,0,-1,7.559670559415436,6.197501555050769,1.0933720719856777,0.26879693237898983,0.009403804782778025,0.015030582435429096,0.003777027130126953,0.0,0.009403804782778025
1BRS_A_D,1BRS,HA100A,ED78A,H,E,A,D,100,78,1,20.125,0,-1,6.742099806347868,6.197501555050769,0.4765438412212638,0.06805441007583546,0.005060982657596469,0.008104801177978516,0.0020171641372144222,0.0,0.005060982657596469
1BRS_A_D,1BRS,HA100A,TD42A,H,T,A,D,100,42,1,13.451,0,-1,8.131983752783807,6.197501555050769,1.856797887314728,0.07768431041831003,0.010876973392441869,0.006676832679659128,0.01507711410522461,0.0,0.010876973392441869
1BRS_A_D,1BRS,HA100A,WD38F,H,W,A,D,100,38,1,11.013,0,-1,7.638746070528103,6.197501555050769,1.6418900904659794,-0.20064557498864555,-0.021963775157928467,-0.03436481952667236,-0.00956273078918457,0.0,-0.021963775157928467
1BRS_A_D,1BRS,HA100A,YD29A,H,Y,A,D,100,29,1,5.015,1,-1,6.304078750453941,6.197501555050769,3.468989944238368,-3.3624127488351956,-0.05305439233779907,-0.2057533860206604,0.09964460134506226,0.0,-0.05305439233779907
1BRS_A_D,1BRS,HA100A,YD29F,H,Y,A,D,100,29,1,5.015,1,-1,5.547216347860813,6.197501555050769,-0.13214263720953792,-0.5181425699804182,-0.02384507656097412,-0.06458446383476257,0.01689431071281433,0.0,-0.02384507656097412
1BRS_A_D,1BRS,HA100Q,RA57A,H,R,A,A,100,57,0,12.898,0,43,9.304810402106092,4.548553362532657,5.034875937532767,-0.2786188979593325,0.04869173001497984,0.026090344414114952,0.07129311561584473,0.11599613353610039,-0.06730440352112055
1BRS_A_D,1BRS,HA100Q,RA57K,H,R,A,A,100,57,0,12.898,0,43,6.909087003491876,4.548553362532657,2.4870093768109793,-0.12647573585176097,0.030337482690811157,0.051039040088653564,0.00963592529296875,0.018627146841026843,0.011710335849784315
1BRS_A_D,1BRS,KA25A,DD35A,K,D,A,D,25,35,1,14.468,0,-1,9.544921435413158,5.378539601288845,4.284483280821702,-0.11810144669738865,0.002875598205719143,0.0010506311664357781,0.004700565245002508,0.0,0.002875598205719143
1BRS_A_D,1BRS,KA25A,DD39A,K,D,A,D,25,39,1,9.806,0,-1,8.274336757978858,5.378539601288845,6.7900142682369005,-3.8942171115468875,0.5241635143756866,0.8217619061470032,0.22656512260437012,0.0,0.5241635143756866
1BRS_A_D,1BRS,KA25A,ED74A,K,E,A,D,25,74,1,13.491,0,-1,6.693014838871312,5.378539601288845,1.0933720719856777,0.22110316559678878,0.10368189215660095,0.19183212518692017,0.015531659126281738,0.0,0.10368189215660095
1BRS_A_D,1BRS,KA25A,ED78A,K,E,A,D,25,78,1,9.372,0,-1,5.510682238498383,5.378539601288845,0.4765438412212638,-0.34440120401172625,0.39355015754699707,0.44321149587631226,0.3438888192176819,0.0,0.39355015754699707
1BRS_A_D,1BRS,KA25A,TD42A,K,T,A,D,25,42,1,5.845,1,-1,5.721361790446216,5.378539601288845,1.856797887314728,-1.5139756981573573,0.21290238946676254,0.2090778350830078,0.21672694385051727,0.0,0.21290238946676254
1BRS_A_D,1BRS,KA25A,WD38F,K,W,A,D,25,38,1,10.879,0,-1,5.110880034704349,5.378539601288845,1.6418900904659794,-1.9095496570504762,-0.001102915033698082,0.031348150223493576,-0.03355398029088974,0.0,-0.001102915033698082
1BRS_A_D,1BRS,KA25A,YD29A,K,Y,A,D,25,29,1,18.456,0,-1,8.620726637955492,5.378539601288845,3.468989944238368,-0.22680290757172106,0.03913746774196625,0.04936162754893303,0.028913307934999466,0.0,0.03913746774196625
1BRS_A_D,1BRS,RA57A,DD35A,R,D,A,D,57,35,1,4.965,1,-1,6.331627283731373,5.034875937532767,4.284483280821702,-2.9877319346230964,0.9858788847923279,0.8213421106338501,1.1504156589508057,0.0,0.9858788847923279
1BRS_A_D,1BRS,RA57A,DD39A,R,D,A,D,57,39,1,10.123,0,-1,11.356246999874307,5.034875937532767,6.7900142682369005,-0.46864320589536135,0.03440767526626587,0.02695012092590332,0.04186522960662842,0.0,0.03440767526626587
1BRS_A_D,1BRS,RA57A,ED74A,R,E,A,D,57,74,1,9.549,0,-1,4.968067078672351,5.034875937532767,1.0933720719856777,-1.1601809308460942,1.570788323879242,1.7241617441177368,1.417414903640747,0.0,1.570788323879242
1BRS_A_D,1BRS,RA57A,ED78A,R,E,A,D,57,78,1,14.118,0,-1,5.199136918456218,5.034875937532767,0.4765438412212638,-0.31228286029781327,0.07040008902549744,0.18367785215377808,-0.0428776741027832,0.0,0.07040008902549744
1BRS_A_D,1BRS,RA57A,TD42A,R,T,A,D,57,42,1,12.381,0,-1,6.817801025295113,5.034875937532767,1.856797887314728,-0.07387279955238246,0.039902448654174805,0.03083038330078125,0.04897451400756836,0.0,0.039902448654174805
1BRS_A_D,1BRS,RA57A,WD38F,R,W,A,D,57,38,1,6.382,1,-1,6.27518586546908,5.034875937532767,1.6418900904659794,-0.4015801625296669,0.014008492231369019,0.22085124254226685,-0.1928342580795288,0.0,0.014008492231369019
1BRS_A_D,1BRS,RA57A,YD29A,R,Y,A,D,57,29,1,17.57,0,-1,8.118968137142236,5.034875937532767,3.468989944238368,-0.3848977446288995,0.008827964426018298,0.014177322387695312,0.003478606464341283,0.0,0.008827964426018298
1BRS_A_D,1BRS,RA81Q,DD35A,R,D,A,D,81,35,1,13.787,0,-1,9.601362853675452,5.417599030780119,4.284483280821702,-0.1007194579263686,-0.013427719473838806,-0.023131072521209717,-0.0037243664264678955,0.0,-0.013427719473838806
1BRS_A_D,1BRS,RA81Q,DD39A,R,D,A,D,81,39,1,7.888,1,-1,6.43622138766348,5.417599030780119,6.7900142682369005,-5.77139191135354,0.8300119638442993,0.9537012577056885,0.7063226699829102,0.0,0.8300119638442993
1BRS_A_D,1BRS,RA81Q,ED74A,R,E,A,D,81,74,1,19.195,0,-1,6.718065744351864,5.417599030780119,1.0933720719856777,0.20709464158606727,-0.0032559235114604235,-0.00659702206030488,8.51750373840332e-05,0.0,-0.0032559235114604235
1BRS_A_D,1BRS,RA81Q,ED78A,R,E,A,D,81,78,1,17.585,0,-1,5.761463590627909,5.417599030780119,0.4765438412212638,-0.1326792813734735,0.006661713123321533,0.013253569602966309,6.985664367675781e-05,0.0,0.006661713123321533
1BRS_A_D,1BRS,RA81Q,TD42A,R,T,A,D,81,42,1,10.302,0,-1,6.104824376159652,5.417599030780119,1.856797887314728,-1.1695725419351952,-0.005597963929176331,0.02874535322189331,-0.03994128108024597,0.0,-0.005597963929176331
1BRS_A_D,1BRS,RA81Q,WD38F,R,W,A,D,81,38,1,12.878,0,-1,6.755407932083212,5.417599030780119,1.6418900904659794,-0.30408118916288607,0.010305941104888916,0.015217423439025879,0.005394458770751953,0.0,0.010305941104888916
1BRS_A_D,1BRS,RA81Q,YD29A,R,Y,A,D,81,29,1,9.544,0,-1,8.289329626451664,5.417599030780119,3.468989944238368,-0.5972593485668227,0.08028349746018648,0.13282625377178192,0.02774074114859104,0.0,0.08028349746018648
1BRS_A_D,1BRS,RA85A,DD39A,R,D,A,D,85,39,1,8.048,0,-1,7.1821057620623,5.755832485828323,6.7900142682369005,-5.363740992002923,-0.07936309278011322,-0.17666348814964294,0.017937302589416504,0.0,-0.07936309278011322
1BRS_A_D,1BRS,RA85A,ED74A,R,E,A,D,85,74,1,18.633,0,-1,6.863376328180741,5.755832485828323,1.0933720719856777,0.01417177036674011,0.0029069464071653783,0.004737591836601496,0.001076300977729261,0.0,0.0029069464071653783
1BRS_A_D,1BRS,RA85A,ED78A,R,E,A,D,85,78,1,18.766,0,-1,6.1242420722389,5.755832485828323,0.4765438412212638,-0.10813425481068706,-0.0022278029937297106,-0.005379001144319773,0.0009233951568603516,0.0,-0.0022278029937297106
1BRS_A_D,1BRS,RA85A,TD42A,R,T,A,D,85,42,1,12.895,0,-1,7.017055399589403,5.755832485828323,1.856797887314728,-0.5955749735536477,0.007541887152910931,0.015178823843598366,-9.504953777650371e-05,0.0,0.007541887152910931
1BRS_A_D,1BRS,RA85A,WD38F,R,W,A,D,85,38,1,11.74,0,-1,7.0378360115126,5.755832485828323,1.6418900904659794,-0.35988656478170244,0.006753738874976989,0.013606230728328228,-9.875297837425023e-05,0.0,0.006753738874976989
1BRS_A_D,1BRS,RA85A,YD29A,R,Y,A,D,85,29,1,11.411,0,-1,8.049218593144598,5.755832485828323,3.468989944238368,-1.1756038369220931,0.01578831672668457,0.01737236976623535,0.014204263687133789,0.0,0.01578831672668457
1C1Y_A_B,1C1Y,RB5A,NB10D,R,N,B,B,5,10,0,16.391,0,5,2.751294651230055,1.9061753648850552,1.4756267951789817,-0.630507508833982,0.004168001643847674,0.009567578323185444,-0.0012315750354900956,0.029861120972782373,-0.0256931193289347
1CHO_EFG_I,1CHO,AI12D,GI29A,A,G,I,I,12,29,0,13.742,0,17,-0.8537351958773138,0.0,-0.9188043689568575,0.06506917307954363,-0.0015155375003814697,-0.0004323124885559082,-0.0025987625122070312,-0.018925293697975576,0.017409756197594106
1CHO_EFG_I,1CHO,AI12D,LI15A,A,L,I,I,12,15,0,9.916,0,3,4.760981093254648,0.0,4.781940745378809,-0.020959652124161288,-0.07714611291885376,-0.061072349548339844,-0.09321987628936768,-0.21243420243263245,0.1352880895137787
1CHO_EFG_I,1CHO,AI12R,LI15R,A,L,I,I,12,15,0,9.916,0,3,4.873577543678891,0.46205857371703296,3.9510554446019666,0.4604635253598919,-0.04538269340991974,-0.04859963059425354,-0.04216575622558594,0.40891191363334656,-0.4542946070432663
1CHO_EFG_I,1CHO,AI12T,LI15M,A,L,I,I,12,15,0,9.916,0,3,0.9106777226449408,0.9556412764985467,0.34747486676310496,-0.3924384206167108,-0.024622827768325806,0.008865535259246826,-0.05811119079589844,-0.032995328307151794,0.008372500538825989
1CHO_EFG_I,1CHO,AI12V,TI14S,A,T,I,I,12,14,0,8.292,0,2,3.5600490199502883,0.9254861409166031,2.3179579116176505,0.3166049674160347,0.08968748897314072,0.051434993743896484,0.12793998420238495,0.10543303564190865,-0.01574554666876793
1CHO_EFG_I,1CHO,LI15M,GI29D,L,G,I,I,15,29,0,8.286,0,14,3.3724270267985847,0.34747486676310496,3.065860754812228,-0.04090859477674824,0.025812093168497086,0.03295453265309334,0.018669653683900833,0.019831568002700806,0.00598052516579628
1CHO_EFG_I,1CHO,LI15M,YI17Q,L,Y,I,I,15,17,0,7.761,1,2,3.4708235791385684,0.34747486676310496,3.110824308665834,0.012524403709629706,-0.035048714838922024,-0.015778621658682823,-0.054318808019161224,-0.0935605950653553,0.05851188022643328
1CHO_EFG_I,1CHO,NI25S,GI29A,N,G,I,I,25,29,0,15.241,0,4,-0.8489658807520366,0.0,-0.9188043689568575,0.06983848820482086,0.00829741358757019,-0.001858532428741455,0.018453359603881836,-0.013818025588989258,0.022115439176559448
1CHO_EFG_I,1CHO,TI14K,LI15R,T,L,I,I,14,15,0,5.478,1,1,7.300271342935883,4.035772150543818,3.9510554446019666,-0.6865562522099018,-0.00393981859087944,-0.038461826741695404,0.030582189559936523,0.09240171313285828,-0.09634153172373772
1CHO_EFG_I,1CHO,TI14P,LI15K,T,L,I,I,14,15,0,5.478,1,1,8.250076728041162,4.174522117833598,4.312711357912088,-0.23715674770452377,-0.38600681722164154,-0.5023100972175598,-0.26970353722572327,-0.3445858806371689,-0.041420936584472656
1CHO_EFG_I,1CHO,TI14R,LI15R,T,L,I,I,14,15,0,5.478,1,1,7.114012046183229,3.830238319439082,3.9510554446019666,-0.6672817178578199,0.0979301817715168,0.07481453567743301,0.12104582786560059,0.20866960287094116,-0.11073942109942436
1DAN_HL_UT,1DAN,DT39A,DT53A,D,D,T,T,39,53,0,19.824,0,14,4.011521173827554,1.4348348383549392,1.9886060502579328,0.5880802852146823,0.0021139979362487793,0.000152587890625,0.004075407981872559,0.06231202409253456,-0.06019802615628578
1DAN_HL_UT,1DAN,DT39A,FU50A,D,F,T,U,39,50,0,26.984,0,-1,3.299610968994221,1.4348348383549392,1.747820382375819,0.11695574826346267,0.007013225578702986,0.012928009033203125,0.0010984421242028475,0.0318034291267395,-0.024790203548036516
1DAN_HL_UT,1DAN,DT39A,KT15A,D,K,T,T,39,15,0,24.072,0,24,4.155288966529317,1.4348348383549392,2.512129950976637,0.20832417719774066,0.00684693455696106,0.010621964931488037,0.003071904182434082,0.030665361788123846,-0.023818427231162786
1DAN_HL_UT,1DAN,DT39A,TT55A,D,T,T,T,39,55,0,19.142,0,16,4.324796987189313,1.4348348383549392,2.31259987195663,0.5773622768777433,0.0006157159805297852,0.0009589195251464844,0.00027251243591308594,0.024065762758255005,-0.02345004677772522
1DAN_HL_UT,1DAN,DT39A,WT40A,D,W,T,T,39,40,0,5.531,1,1,1.5672016996382037,1.4348348383549392,1.9648730043637075,-1.832506143080443,0.2406124472618103,0.2458939552307129,0.23533093929290771,0.283985260874033,-0.04337281361222267
1DAN_HL_UT,1DAN,DT56A,ET57A,D,E,T,T,56,57,0,5.314,1,1,0.30442369602082286,0.24193595516053304,0.0,0.062487740860289825,-0.21353784203529358,-0.29724302887916565,-0.1298326551914215,-0.30490194261074066,0.09136410057544708
1DAN_HL_UT,1DAN,KT36A,DT39A,K,D,T,T,36,39,0,11.452,0,3,1.5707268894178303,0.32142543809907564,1.4348348383549392,-0.18553338703618438,-0.016084715723991394,-0.06040382385253906,0.028234392404556274,0.16741745173931122,-0.1835021674633026
1DAN_HL_UT,1DAN,KT41A,KT43A,K,K,T,T,41,43,0,6.598,1,2,1.1353456480159705,0.5630638037872604,0.6858375100532809,-0.11355566582457077,-0.6893286108970642,-0.7381412982940674,-0.640515923500061,-0.6980257034301758,0.008697092533111572
1DAN_HL_UT,1DAN,KT63A,QT64A,K,Q,T,T,63,64,0,5.653,1,1,-0.20602229564852487,-0.07035068776340038,0.0,-0.1356716078851245,0.14541766792535782,0.17270827293395996,0.11812706291675568,0.15534624457359314,-0.009928576648235321
1DAN_HL_UT,1DAN,NU17A,QU20A,N,Q,U,U,17,20,0,9.749,0,3,0.41430545944622627,0.0,1.3048798931173866,-0.8905744336711603,0.07370893098413944,0.08980631828308105,0.05761154368519783,0.08449883759021759,-0.010789906606078148
1DAN_HL_UT,1DAN,SU101A,RU102A,S,R,U,U,101,102,0,5.574,1,1,0.6382796176573915,-0.002891071679367852,0.4603980674844341,0.18077262185232523,0.28051047027111053,0.09007763862609863,0.47094330191612244,0.278499573469162,0.0020108968019485474
1DAN_HL_UT,1DAN,TT55A,FU50A,T,F,T,U,55,50,0,11.382,0,-1,4.497237018365891,2.31259987195663,1.747820382375819,0.43681676403344216,0.005927324295043945,0.014782428741455078,-0.0029277801513671875,0.04117348184809089,-0.03524615755304694
1DAN_HL_UT,1DAN,TT55A,KT15A,T,K,T,T,55,15,0,5.287,1,40,3.1762395756321506,2.31259987195663,2.512129950976637,-1.6484902473011163,0.143642857670784,0.016126155853271484,0.2711595594882965,0.23508600890636444,-0.09144315123558044
1DAN_HL_UT,1DAN,TU103A,VU104A,T,V,U,U,103,104,0,4.995,1,1,-0.1489624056090758,0.10979331795099505,0.10979331795099505,-0.36854904151106593,-0.0914912223815918,-0.1152644157409668,-0.0677180290222168,-0.09972680732607841,0.008235584944486618
1DQJ_AB_C,1DQJ,DB32A,KC97A,D,K,B,C,32,97,1,9.266,0,-1,1.1223831288487656,2.013433278986382,3.5197048730292497,-4.410755023166866,0.344996802508831,0.5196060538291931,0.17038755118846893,0.0,0.344996802508831
1DQJ_AB_C,1DQJ,NA32A,KC96A,N,K,A,C,32,96,1,7.957,1,-1,5.801846689701175,4.090680615177067,6.1558185724269645,-4.444652497902857,0.8615692257881165,0.3720893859863281,1.3510490655899048,0.0,0.8615692257881165
1DQJ_AB_C,1DQJ,SA91A,RC21A,S,R,A,C,91,21,1,8.439,0,-1,3.170730901652743,1.4318879316322246,1.2137706108917683,0.52507235912875,0.0094807343557477,0.002364039421081543,0.016597429290413857,0.0,0.0094807343557477
1DQJ_AB_C,1DQJ,SA91A,YC20A,S,Y,A,C,91,20,1,8.486,0,-1,3.573091151207573,1.4318879316322246,3.285707505848643,-1.1445042862732948,0.03883796418085694,0.06900278478860855,0.008673143573105335,0.0,0.03883796418085694
1DQJ_AB_C,1DQJ,WB98A,KC97A,W,K,B,C,98,97,1,7.13,1,-1,6.660084571719795,4.931524166897857,3.5197048730292497,-1.7911444682073112,-0.037141576409339905,-0.1974669247865677,0.12318377196788788,0.0,-0.037141576409339905
1DQJ_AB_C,1DQJ,WB98A,SC100A,W,S,B,C,98,100,1,7.194,1,-1,5.362244360043127,4.931524166897857,0.7755827208329521,-0.34486252768768166,0.2372484877705574,0.1800176054239273,0.2944793701171875,0.0,0.2372484877705574
1DQJ_AB_C,1DQJ,WB98A,YC20A,W,Y,B,C,98,20,1,14.5,0,-1,5.112096024192797,4.931524166897857,3.285707505848643,-3.1051356485537025,-0.02605152130126953,-0.007525205612182617,-0.044577836990356445,0.0,-0.02605152130126953
1DQJ_AB_C,1DQJ,YA96A,RC21A,Y,R,A,C,96,21,1,10.511,0,-1,3.485198802199624,1.135050706471035,1.2137706108917683,1.136377484836821,0.02549391146749258,0.01979804039001465,0.031189782544970512,0.0,0.02549391146749258
1DQJ_AB_C,1DQJ,YA96A,SC100A,Y,S,A,C,96,100,1,9.96,0,-1,0.9134470129182014,1.135050706471035,0.7755827208329521,-0.9971864143857856,-0.09094848235690733,-0.18203675746917725,0.00013979275536257774,0.0,-0.09094848235690733
1DQJ_AB_C,1DQJ,YB53A,DC101A,Y,D,B,C,53,101,1,5.71,1,-1,2.7271204101180455,1.1802777666692967,1.37655011987778,0.1702925235709687,-0.2807897552847862,-0.21575601398944855,-0.3458234965801239,0.0,-0.2807897552847862
1DQJ_AB_C,1DQJ,YB53A,LC75A,Y,L,B,C,53,75,1,5.942,1,-1,1.2168614957621837,1.1802777666692967,1.4524066878479487,-1.4158229587550617,-0.09716702997684479,0.09021663665771484,-0.2845506966114044,0.0,-0.09716702997684479
1DQJ_AB_C,1DQJ,YB53A,WC62A,Y,W,B,C,53,62,1,7.16,1,-1,1.2863077431217957,1.1802777666692967,0.7580783920815788,-0.6520484156290798,0.09878228604793549,-0.04110908508300781,0.23867365717887878,0.0,0.09878228604793549
1DQJ_AB_C,1DQJ,YB53A,WC63A,Y,W,B,C,53,63,1,9.497,0,-1,2.199231787897815,1.1802777666692967,1.3462688547932393,-0.3273148335647209,0.4617757052183151,0.6693311333656311,0.25422027707099915,0.0,0.4617757052183151
1DVF_AB_CD,1DVF,DB100A,DD52A,D,D,B,D,100,52,1,7.181,1,-1,4.319722416428132,2.7895135033299456,1.682289638940582,-0.15208072584239596,0.09810809791088104,-0.09806942939758301,0.2942856252193451,0.0,0.09810809791088104
1DVF_AB_CD,1DVF,DB100A,HD33A,D,H,B,D,100,33,1,7.68,1,-1,4.148118142459425,2.7895135033299456,1.8606000619994276,-0.5019954228699484,0.9154901504516602,0.9154901504516602,nan,0.0,0.9154901504516602
1DVF_AB_CD,1DVF,DB100A,ND55A,D,N,B,D,100,55,1,9.105,0,-1,4.090680615177067,2.7895135033299456,1.8606000619994276,-0.5594329501523059,0.07313817739486694,0.018926620483398438,0.12734973430633545,0.0,0.07313817739486694
1DVF_AB_CD,1DVF,DB54A,YC49A,D,Y,B,C,54,49,1,8.969,0,-1,4.492870671693566,4.281255215961087,1.8606000619994276,-1.648984606266949,0.2850758284330368,0.4005371034145355,0.16961455345153809,0.0,0.2850758284330368
1DVF_AB_CD,1DVF,DB58A,QD104A,D,Q,B,D,58,104,1,7.532,1,-1,1.4641721503708138,1.600004436106896,1.6287221438466404,-1.7645544295827225,0.3594605103135109,0.49151864647865295,0.22740237414836884,0.0,0.3594605103135109
1DVF_AB_CD,1DVF,EB98A,YD102A,E,Y,B,D,98,102,1,7.508,1,-1,4.6332957750031,4.186647935324034,4.73943360805781,-4.292785768378744,0.25855700112879276,0.053098876029253006,0.4640151262283325,0.0,0.25855700112879276
1DVF_AB_CD,1DVF,NB56A,HD33A,N,H,B,D,56,33,1,20.228,0,-1,2.5259988037402232,1.162438598681201,1.8606000619994276,-0.4970398569404053,-0.0001702110021142289,0.00040308633469976485,-0.0007435083389282227,0.0,-0.0001702110021142289
1DVF_AB_CD,1DVF,NB56A,ND55A,N,N,B,D,56,55,1,26.411,0,-1,2.301092371316299,1.162438598681201,1.8606000619994276,-0.7219462893643294,5.221366882324219e-05,9.679794311523438e-05,7.62939453125e-06,0.0,5.221366882324219e-05
1DVF_AB_CD,1DVF,NB56A,QD104A,N,Q,B,D,56,104,1,4.015,1,-1,1.4868640711273706,1.162438598681201,1.6287221438466404,-1.3042966714004707,-0.17115633934736252,0.14939551055431366,-0.4917081892490387,0.0,-0.17115633934736252
1DVF_AB_CD,1DVF,WB52A,QD104A,W,Q,B,D,52,104,1,4.493,1,-1,4.162862140715162,4.132997661299389,1.6287221438466404,-1.5988576644308676,0.28955838084220886,0.691400945186615,-0.11228418350219727,0.0,0.28955838084220886
1DVF_AB_CD,1DVF,YA32A,RD106A,Y,R,A,D,32,106,1,9.383,0,-1,4.650587125268884,2.030369068345176,4.090680615177067,-1.4704625582533595,0.3520776107907295,0.22049228847026825,0.4836629331111908,0.0,0.3520776107907295
1DVF_AB_CD,1DVF,YA49A,HD33A,Y,H,A,D,49,33,1,14.044,0,-1,2.6250444673417137,1.6785897843182649,1.8606000619994276,-0.9141453789759788,0.010743767023086548,0.010743767023086548,nan,0.0,0.010743767023086548
1DVF_AB_CD,1DVF,YA49A,ND55A,Y,N,A,D,49,55,1,9.274,0,-1,2.030369068345176,1.6785897843182649,1.8606000619994276,-1.5088207779725165,-0.005867771804332733,-0.25748080015182495,0.24574525654315948,0.0,-0.005867771804332733
1EMV_A_B,1EMV,FB86A,LA31A,F,L,B,A,86,31,1,8.732,0,-1,6.6769664230166805,3.878943232562238,3.417747739994964,-0.6197245495405213,0.4481918513774872,0.6947613954544067,0.20162230730056763,0.0,0.4481918513774872
1EMV_A_B,1EMV,FB86A,VA32A,F,V,B,A,86,32,1,8.343,0,-1,4.663743636827501,3.878943232562238,2.578295355007741,-1.793494950742478,-0.11626098304986954,-0.13795728981494904,-0.09456467628479004,0.0,-0.11626098304986954
1EMV_A_B,1EMV,FB86A,VA35A,F,V,B,A,86,35,1,6.879,1,-1,4.066582057709202,3.878943232562238,1.6638669759109947,-1.4762281507640305,0.32302725315093994,0.43895554542541504,0.20709896087646484,0.0,0.32302725315093994
1EMV_A_B,1EMV,FB86A,YA52A,F,Y,B,A,86,52,1,4.803,1,-1,8.719600606678263,3.878943232562238,4.83463531579262,0.00602205832340541,-0.415553480386734,-0.40466928482055664,-0.4264376759529114,0.0,-0.415553480386734
1EMV_A_B,1EMV,FB86A,YA53A,F,Y,B,A,86,53,1,8.448,0,-1,8.259527782465936,3.878943232562238,4.634756162112646,-0.2541716122089479,0.06291557708755136,-0.011244106106460094,0.1370752602815628,0.0,0.06291557708755136
1FSS_A_B,1FSS,TB8V,TB9I,T,T,B,B,8,9,0,5.15,1,1,0.4416474399929968,-0.08440731799884349,-0.23216209955764905,0.7582168575494894,-0.11073046922683716,0.07381433248519897,-0.2952752709388733,0.3259929120540619,-0.43672338128089905
1FSS_A_B,1FSS,TB8V,TB9N,T,T,B,B,8,9,0,5.15,1,1,0.3577762488967556,-0.08440731799884349,1.250897846276562,-0.808714279380963,0.44316817820072174,0.4136168956756592,0.4727194607257843,0.48590967059135437,-0.04274149239063263
1GC1_G_C,1GC1,QC40A,DC63A,Q,D,C,C,40,63,0,15.679,0,23,-0.4990232226347746,-0.41047252261649486,-0.31918654441973265,0.2306358444014529,0.022298872470855713,0.0239449143409729,0.020652830600738525,0.030303359031677246,-0.008004486560821533
1GUA_A_B,1GUA,RB4A,EA37A,R,E,B,A,4,37,1,7.205,1,-1,1.3002321152144958,1.0003955007411132,1.3002321152144958,-1.0003955007411132,0.8783362805843353,0.8555991053581238,0.9010734558105469,0.0,0.8783362805843353
1GUA_A_B,1GUA,VB14A,EA37A,V,E,B,A,14,37,1,4.004,1,-1,1.699912782492394,0.10031157164428099,1.3002321152144958,0.29936909563361724,0.16047465428709984,0.0822645053267479,0.23868480324745178,0.0,0.16047465428709984
1JTG_A_B,1JTG,DB49A,KA208A,D,K,B,A,49,208,1,9.361,0,-1,1.5999350324533972,2.372421174597158,1.221576282922821,-1.994062425066582,0.1951051652431488,0.047533392906188965,0.34267693758010864,0.0,0.1951051652431488
1JTG_A_B,1JTG,DB49A,RA217A,D,R,B,A,49,217,1,8.692,0,-1,1.0987315332485244,2.372421174597158,1.3019842685944663,-2.5756739099431,0.2366495542228222,0.3933432102203369,0.07995589822530746,0.0,0.2366495542228222
1JTG_A_B,1JTG,DB49A,SA105A,D,S,B,A,49,105,1,4.225,1,-1,0.35792891505037433,2.372421174597158,0.5626583129987092,-2.577150572545493,0.1723308116197586,-0.14639997482299805,0.49106159806251526,0.0,0.1723308116197586
1JTG_A_B,1JTG,EA143A,DB49A,E,D,A,B,143,49,1,15.025,0,-1,1.504330063965883,-0.07254948620099334,2.372421174597158,-0.7955416244302818,0.0022516846656799316,-0.00038489699363708496,0.004888266324996948,0.0,0.0022516846656799316
1JTG_A_B,1JTG,EA143A,FB142A,E,F,A,B,143,142,1,9.221,0,-1,2.5798893981581292,-0.07254948620099334,3.0315079672635883,-0.37906908290446584,0.051682472229003906,0.04085034132003784,0.06251460313796997,0.0,0.051682472229003906
1JTG_A_B,1JTG,EA143A,KB74A,E,K,A,B,143,74,1,18.154,0,-1,4.060109353992288,-0.07254948620099334,3.689935452679194,0.44272338751408746,0.009806227870285511,0.004349231719970703,0.015263224020600319,0.0,0.009806227870285511
1JTG_A_B,1JTG,EA143A,RB160A,E,R,A,B,143,160,1,12.857,0,-1,2.317888069468538,-0.07254948620099334,3.0679073281389173,-0.6774697724693861,0.030483984854072332,0.01312630157917738,0.047841668128967285,0.0,0.030483984854072332
1JTG_A_B,1JTG,EA143A,WB112A,E,W,A,B,143,112,1,19.012,0,-1,2.7939660556805497,-0.07254948620099334,3.009163076795267,-0.14264753491372417,-8.435547351837158e-05,-0.0004920363426208496,0.00032332539558410645,0.0,-8.435547351837158e-05
1JTG_A_B,1JTG,EA143A,WB150A,E,W,A,B,143,150,1,20.618,0,-1,4.107811176228505,-0.07254948620099334,4.341386347737017,-0.1610256853075187,0.0009441971778869629,2.47955322265625e-05,0.0018635988235473633,0.0,0.0009441971778869629
1JTG_A_B,1JTG,EA143A,WB162A,E,W,A,B,143,162,1,7.198,1,-1,2.076536854194484,-0.07254948620099334,2.262141807571538,-0.11305546717606063,0.17054778337478638,0.3118431568145752,0.02925240993499756,0.0,0.17054778337478638
1JTG_A_B,1JTG,EA79A,EB73M,E,E,A,B,79,73,1,6.988,1,-1,1.8416592008938732,1.8001979849577399,0.5060889127856257,-0.46462769684949234,-0.4283198304474354,-0.7332463264465332,-0.12339333444833755,0.0,-0.4283198304474354
1JTG_A_B,1JTG,EA79A,SB113A,E,S,A,B,79,113,1,13.15,0,-1,1.8637203603060122,1.8001979849577399,-0.48217769229745133,0.5457000676457237,0.013437479734420776,0.025278866291046143,0.0015960931777954102,0.0,0.013437479734420776
1JTG_A_B,1JTG,EA79A,YA80A,E,Y,A,A,79,80,0,4.88,1,1,1.02655000771043,1.8001979849577399,-0.131194564470658,-0.6424534127766519,0.07996819168329239,-0.2224387675523758,0.38237515091896057,0.07832054235041142,0.0016476493328809738
1JTG_A_B,1JTG,EA79K,DB49A,E,D,A,B,79,49,1,11.272,0,-1,5.6379104352808636,3.2392872898667413,2.372421174597158,0.02620197081696407,-0.013999545946717262,-0.027692485600709915,-0.0003066062927246094,0.0,-0.013999545946717262
1JTG_A_B,1JTG,EA79K,FB142A,E,F,A,B,79,142,1,6.66,1,-1,4.552680115628798,3.2392872898667413,3.0315079672635883,-1.7181151415015319,0.28607383370399475,0.3443818688392639,0.22776579856872559,0.0,0.28607383370399475
1JTG_A_B,1JTG,EA85A,SB113A,E,S,A,B,85,113,1,6.362,1,-1,4.563546231005463,1.3773733224044429,-0.48217769229745133,3.6683506008984716,0.2080361619591713,0.25893592834472656,0.15713639557361603,0.0,0.2080361619591713
1JTG_A_B,1JTG,EA85A,SB71A,E,S,A,B,85,71,1,5.746,1,-1,5.017105873549546,1.3773733224044429,0.35792891505037433,3.281803636094729,0.26515550911426544,0.4454163610935211,0.08489465713500977,0.0,0.26515550911426544
1JTG_A_B,1JTG,EA85A,YB50A,E,Y,A,B,85,50,1,12.122,0,-1,3.9653270605600524,1.3773733224044429,-2.0795965773651073,4.6675503155207165,0.005614131689071655,-0.0025047659873962402,0.01373302936553955,0.0,0.005614131689071655
1JTG_A_B,1JTG,EA85G,EA143G,E,E,A,A,85,143,0,18.974,0,58,-0.6097268969107852,-0.912231023429752,-0.17036148930942868,0.47286561582839554,0.0017233729595318437,0.002241540001705289,0.0012052059173583984,0.016375684645026922,-0.014652311685495079
1JTG_A_B,1JTG,EA85V,EA143G,E,E,A,A,85,143,0,18.974,0,58,-0.7418695341203233,-0.6721199901226859,-0.17036148930942868,0.10061194531179124,0.0006419698584068101,-9.443760063732043e-05,0.0013783773174509406,0.011142118368297815,-0.010500148509891005
1JTG_A_B,1JTG,EB73A,YB50A,E,Y,B,B,73,50,0,8.767,0,23,-1.4957028422685605,0.4348314133007072,-2.0795965773651073,0.14906232179583956,0.17520324885845184,0.2999473512172699,0.05045914649963379,0.1232941634953022,0.05190908536314964
1JTG_A_B,1JTG,EB73M,FB142A,E,F,B,B,73,142,0,11.479,0,69,2.540050837653488,0.5060889127856257,3.0315079672635883,-0.9975460423957263,0.018111021723598242,0.04868593066930771,-0.012463887222111225,-0.12728744745254517,0.1453984691761434
1JTG_A_B,1JTG,EB73M,KB74A,E,K,B,B,73,74,0,4.704,1,1,4.306977403083519,0.5060889127856257,3.689935452679194,0.11095303761869957,0.7588834166526794,0.5308676958084106,0.9868991374969482,0.5261310935020447,0.23275232315063477
1JTG_A_B,1JTG,FB142A,EA79A,F,E,B,A,142,79,1,6.66,1,-1,2.7466582373819635,3.0315079672635883,1.8001979849577399,-2.085047714839365,0.2662884593009949,0.42669302225112915,0.1058838963508606,0.0,0.2662884593009949
1JTG_A_B,1JTG,FB142A,KA208A,F,K,B,A,142,208,1,18.066,0,-1,3.3936272143959667,3.0315079672635883,1.221576282922821,-0.8594570357904425,3.0120214432827197e-05,1.1920928955078125e-06,5.904833597014658e-05,0.0,3.0120214432827197e-05
1JTG_A_B,1JTG,FB142A,RA217A,F,R,B,A,142,217,1,12.797,0,-1,3.3936272143959667,3.0315079672635883,1.3019842685944663,-0.9398650214620878,0.018056440399959683,0.0038722516037523746,0.03224062919616699,0.0,0.018056440399959683
1JTG_A_B,1JTG,FB142A,SA105A,F,S,B,A,142,105,1,12.124,0,-1,2.8418778888080953,3.0315079672635883,0.5626583129987092,-0.7522883914542021,0.005471428390592337,0.02183401584625244,-0.010891159065067768,0.0,0.005471428390592337
1JTG_A_B,1JTG,FB142A,YA80A,F,Y,B,A,142,80,1,8.263,0,-1,0.6940553375553525,3.0315079672635883,-0.131194564470658,-2.2062580652375776,0.7448602616786957,0.9127920269966125,0.5769284963607788,0.0,0.7448602616786957
1JTG_A_B,1JTG,FB142A,YB143A,F,Y,B,B,142,143,0,5.534,1,1,2.8418778888080953,3.0315079672635883,0.6365729886511866,-0.8262030671066796,-0.2206747606396675,-0.2879396378993988,-0.15340988337993622,-0.06806455552577972,-0.1526102051138878
1JTG_A_B,1JTG,GA212S,DB49A,G,D,A,B,212,49,1,8.497,0,-1,2.634037202399781,-0.2676595665844973,2.372421174597158,0.5292755943871201,0.005278393626213074,0.021482914686203003,-0.010926127433776855,0.0,0.005278393626213074
1JTG_A_B,1JTG,GA212S,FB142A,G,F,A,B,212,142,1,7.385,1,-1,3.680208092560573,-0.2676595665844973,3.0315079672635883,0.9163596918814818,0.18688276410102844,0.3442372679710388,0.029528260231018066,0.0,0.18688276410102844
1JTG_A_B,1JTG,KA208A,DB49A,K,D,A,B,208,49,1,9.361,0,-1,1.5533254058053452,1.221576282922821,2.372421174597158,-2.040672051714634,0.1951051652431488,0.34267693758010864,0.047533392906188965,0.0,0.1951051652431488
1JTG_A_B,1JTG,KA208A,SA105A,K,S,A,A,208,105,0,8.341,0,103,1.9787121271273034,1.221576282922821,0.5626583129987092,0.19447753120577327,0.2071986421942711,0.3239138126373291,0.09048347175121307,0.18030071631073952,0.02689792588353157
1JTG_A_B,1JTG,KB74A,EA79A,K,E,B,A,74,79,1,8.768,0,-1,1.5761424108162536,3.689935452679194,1.8001979849577399,-3.91399102682068,0.6676816940307617,0.8019378185272217,0.5334255695343018,0.0,0.6676816940307617
1JTG_A_B,1JTG,KB74A,FB142A,K,F,B,B,74,142,0,10.404,0,68,4.850197377538327,3.689935452679194,3.0315079672635883,-1.8712460424044548,0.10624122619628906,0.0622672438621521,0.15021520853042603,-0.07518084347248077,0.18142206966876984
1JTG_A_B,1JTG,KB74A,KA208A,K,K,B,A,74,208,1,21.693,0,-1,6.545154594101179,3.689935452679194,1.221576282922821,1.6336428584991642,0.0004134178161621094,0.00014162063598632812,0.0006852149963378906,0.0,0.0004134178161621094
1JTG_A_B,1JTG,KB74A,RA217A,K,R,B,A,74,217,1,18.051,0,-1,6.617303866341544,3.689935452679194,1.3019842685944663,1.6253841450678839,-0.0027815382491098717,-0.00016591549501754344,-0.0053971610032022,0.0,-0.0027815382491098717
1JTG_A_B,1JTG,KB74A,SA105A,K,S,B,A,74,105,1,13.838,0,-1,3.1772068070880377,3.689935452679194,0.5626583129987092,-1.0753869585898652,0.004072928335517645,0.0017058849334716797,0.00643997173756361,0.0,0.004072928335517645
1JTG_A_B,1JTG,KB74A,YA80A,K,Y,B,A,74,80,1,8.819,0,-1,3.320848575953437,3.689935452679194,-0.131194564470658,-0.2378923122550987,0.35439662635326385,0.35864439606666565,0.35014885663986206,0.0,0.35439662635326385
1JTG_A_B,1JTG,KB74A,YB143A,K,Y,B,B,74,143,0,9.278,0,69,3.0572746369625956,3.689935452679194,0.6365729886511866,-1.2692338043677849,0.14129408448934555,0.1535464972257614,0.1290416717529297,-0.035853760316967964,0.17714784480631351
1JTG_A_B,1JTG,MA104A,FB36A,M,F,A,B,104,36,1,9.869,0,-1,3.629696002159344,1.1186526748995211,3.1999860259464405,-0.6889426986866178,0.4338257908821106,0.5088201761245728,0.35883140563964844,0.0,0.4338257908821106
1JTG_A_B,1JTG,MA104A,YB50A,M,Y,A,B,104,50,1,6.51,1,-1,0.35792891505037433,1.1186526748995211,-2.0795965773651073,1.3188728175159605,-0.015254229307174683,-0.04752069711685181,0.01701223850250244,0.0,-0.015254229307174683
1JTG_A_B,1JTG,MA104A,YB53A,M,Y,A,B,104,53,1,10.315,0,-1,3.6076586063595797,1.1186526748995211,3.181974885254008,-0.6929689537939496,0.03831289615482092,0.06030731275677681,0.01631847955286503,0.0,0.03831289615482092
1JTG_A_B,1JTG,NA75A,DB49A,N,D,A,B,75,49,1,23.239,0,-1,1.5761424108162536,-0.9611954443455963,2.372421174597158,0.16491668056469155,0.0019261837005615234,6.151199340820312e-05,0.0037908554077148438,0.0,0.0019261837005615234
1JTG_A_B,1JTG,NA75A,FB142A,N,F,A,B,75,142,1,19.887,0,-1,2.292577094144682,-0.9611954443455963,3.0315079672635883,0.22226457122668997,0.019420397467911243,0.008539104834198952,0.030301690101623535,0.0,0.019420397467911243
1JTG_A_B,1JTG,NA75A,HB148A,N,H,A,B,75,148,1,8.406,0,-1,2.102050379720839,-0.9611954443455963,2.7466582373819635,0.31658758668447184,0.04971442557871342,0.04267748072743416,0.056751370429992676,0.0,0.04971442557871342
1JTG_A_B,1JTG,NA75A,KB74A,N,K,A,B,75,74,1,21.011,0,-1,3.510260285889553,-0.9611954443455963,3.689935452679194,0.7815202775559555,0.013446033000946045,7.05718994140625e-05,0.026821494102478027,0.0,0.013446033000946045
1JTG_A_B,1JTG,NA75A,RB160A,N,R,A,B,75,160,1,6.084,1,-1,1.5761424108162536,-0.9611954443455963,3.0679073281389173,-0.5305694729770676,0.5574341863393784,0.27145662903785706,0.8434117436408997,0.0,0.5574341863393784
1JTG_A_B,1JTG,NA75A,WB112A,N,W,A,B,75,112,1,13.504,0,-1,2.7939660556805497,-0.9611954443455963,3.009163076795267,0.745998423230879,0.01638166606426239,0.029802978038787842,0.0029603540897369385,0.0,0.01638166606426239
1JTG_A_B,1JTG,NA75A,WB150A,N,W,A,B,75,150,1,8.297,0,-1,4.347520045395972,-0.9611954443455963,4.341386347737017,0.9673291420045507,0.007603597827255726,-0.0019698143005371094,0.01717700995504856,0.0,0.007603597827255726
1JTG_A_B,1JTG,NA75A,WB162A,N,W,A,B,75,162,1,12.666,0,-1,2.102050379720839,-0.9611954443455963,2.262141807571538,0.8011040164948975,0.10433946922421455,0.14534437656402588,0.06333456188440323,0.0,0.10433946922421455
1JTG_A_B,1JTG,PA82A,HB41A,P,H,A,B,82,41,1,6.645,1,-1,2.6517576802756433,-0.07375289937941845,3.440295512055627,-0.7147849324005655,-0.07423035055398941,-0.1284594088792801,-0.02000129222869873,0.0,-0.07423035055398941
1JTG_A_B,1JTG,PA82A,YB50A,P,Y,A,B,82,50,1,6.624,1,-1,-0.6468707746532965,-0.07375289937941845,-2.0795965773651073,1.5064787020912291,0.06677784025669098,0.15847459435462952,-0.02491891384124756,0.0,0.06677784025669098
1JTG_A_B,1JTG,PA82A,YB53A,P,Y,A,B,82,53,1,5.959,1,-1,2.387912857102458,-0.07375289937941845,3.181974885254008,-0.7203091287721319,0.5093697160482407,0.15214434266090393,0.8665950894355774,0.0,0.5093697160482407
1JTG_A_B,1JTG,QA74A,DB49A,Q,D,A,B,74,49,1,22.829,0,-1,2.197399404201481,0.5072993828575623,2.372421174597158,-0.6823211532532394,0.000663328159134835,0.0004820823669433594,0.0008445739513263106,0.0,0.000663328159134835
1JTG_A_B,1JTG,QA74A,FB142A,Q,F,A,B,74,142,1,20.093,0,-1,2.817874085651731,0.5072993828575623,3.0315079672635883,-0.7209332644694197,0.0019353946554474533,0.0022071998100727797,0.0016635895008221269,0.0,0.0019353946554474533
1JTG_A_B,1JTG,QA74A,HB148A,Q,H,A,B,74,148,1,7.073,1,-1,3.1999860259464405,0.5072993828575623,2.7466582373819635,-0.05397159429308518,0.002043668180704117,0.0511963851749897,-0.04710904881358147,0.0,0.002043668180704117
1JTG_A_B,1JTG,QA74A,KB74A,Q,K,A,B,74,74,1,18.477,0,-1,4.107811176228505,0.5072993828575623,3.689935452679194,-0.08942365930825158,0.0011797745828516781,0.0013577142963185906,0.0010018348693847656,0.0,0.0011797745828516781
1JTG_A_B,1JTG,QA74A,RB160A,Q,R,A,B,74,160,1,8.227,0,-1,3.7492675226556123,0.5072993828575623,3.0679073281389173,0.17406081165913267,0.001149699091911316,0.019503802061080933,-0.0172044038772583,0.0,0.001149699091911316
1JTG_A_B,1JTG,QA74A,WB112A,Q,W,A,B,74,112,1,9.575,0,-1,3.536152351869297,0.5072993828575623,3.009163076795267,0.019689892216467886,-0.19717258214950562,-0.05469059944152832,-0.3396545648574829,0.0,-0.19717258214950562
1JTG_A_B,1JTG,QA74A,WB150A,Q,W,A,B,74,150,1,4.342,1,-1,3.8219559643615724,0.5072993828575623,4.341386347737017,-1.0267297662330068,0.1325353980064392,0.3819972276687622,-0.11692643165588379,0.0,0.1325353980064392
1JTG_A_B,1JTG,QA74A,WB162A,Q,W,A,B,74,162,1,14.288,0,-1,2.8899857655009074,0.5072993828575623,2.262141807571538,0.12054457507180727,0.007132768630981445,-0.000988006591796875,0.015253543853759766,0.0,0.007132768630981445
1JTG_A_B,1JTG,RA217A,DB49A,R,D,A,B,217,49,1,8.692,0,-1,1.1111845123390378,1.3019842685944663,2.372421174597158,-2.5632209308525864,0.2366495542228222,0.07995589822530746,0.3933432102203369,0.0,0.2366495542228222
1JTG_A_B,1JTG,RA217A,KA208A,R,K,A,A,217,208,0,12.509,0,9,2.728851951330664,1.3019842685944663,1.221576282922821,0.20529139981337696,0.022440433502197266,0.0355372428894043,0.009343624114990234,0.017402162309736013,0.005038271192461252
1JTG_A_B,1JTG,RA217A,SA105A,R,S,A,A,217,105,0,12.525,0,112,1.8488662736868755,1.3019842685944663,0.5626583129987092,-0.015776307906299913,0.004550814628601074,0.003431081771850586,0.0056705474853515625,0.012783895246684551,-0.008233080618083477
1JTG_A_B,1JTG,RA217A,SA209A,R,S,A,A,217,209,0,7.7,1,8,0.7392626920260184,1.3019842685944663,1.2385277715858618,-1.8012493481543097,0.12281765043735504,0.18414095044136047,0.06149435043334961,0.19015079736709595,-0.0673331469297409
1JTG_A_B,1JTG,SA105A,DB49A,S,D,A,B,105,49,1,4.225,1,-1,1.384011849299553,0.5626583129987092,2.372421174597158,-1.5510676382963142,0.1723308116197586,0.49106159806251526,-0.14639997482299805,0.0,0.1723308116197586
1JTG_A_B,1JTG,SA209A,DB49A,S,D,A,B,209,49,1,5.761,1,-1,1.6403708275071187,1.2385277715858618,2.372421174597158,-1.9705781186759013,0.03458316624164581,0.03722313046455383,0.03194320201873779,0.0,0.03458316624164581
1JTG_A_B,1JTG,SA209A,KA208A,S,K,A,A,209,208,0,5.99,1,1,2.0927855945417777,1.2385277715858618,1.221576282922821,-0.36731845996690504,-0.06599517725408077,-0.03514258190989494,-0.0968477725982666,-0.0526763740926981,-0.013318803161382675
1JTG_A_B,1JTG,SA209A,SA105A,S,S,A,A,209,105,0,7.47,1,104,1.1522181812687793,1.2385277715858618,0.5626583129987092,-0.6489679033157917,0.0710870623588562,0.037935495376586914,0.10423862934112549,0.06488693505525589,0.006200127303600311
1JTG_A_B,1JTG,SB71A,SB113A,S,S,B,B,71,113,0,4.121,1,42,0.45586387375014265,0.35792891505037433,-0.48217769229745133,0.5801126509972196,0.8643687069416046,0.6195470690727234,1.1091903448104858,0.8870394229888916,-0.022670716047286987
1JTG_A_B,1JTG,VA190A,FB142A,V,F,A,B,190,142,1,15.38,0,-1,2.197399404201481,-0.49270148863095753,3.0315079672635883,-0.3414070744311499,0.008704960346221924,0.00683438777923584,0.010575532913208008,0.0,0.008704960346221924
1JTG_A_B,1JTG,VA190A,YB50A,V,Y,A,B,190,50,1,5.402,1,-1,-0.8851341101344,-0.49270148863095753,-2.0795965773651073,1.687163955861665,0.22261351346969604,0.3628273606300354,0.08239966630935669,0.0,0.22261351346969604
1JTG_A_B,1JTG,VA78A,FB142A,V,F,A,B,78,142,1,10.471,0,-1,4.514654351390021,1.90988814615532,3.0315079672635883,-0.42674176202888736,0.017604597378522158,0.020956849679350853,0.014252345077693462,0.0,0.017604597378522158
1JTG_A_B,1JTG,VA78A,RB160A,V,R,A,B,78,160,1,8.417,0,-1,4.347520045395972,1.90988814615532,3.0679073281389173,-0.6302754288982659,0.047439783811569214,0.1230958104133606,-0.028216242790222168,0.0,0.047439783811569214
1JTG_A_B,1JTG,VA78A,WB162A,V,W,A,B,78,162,1,7.434,1,-1,4.227522189876108,1.90988814615532,2.262141807571538,0.05549223614925003,0.0670563355088234,0.13441498577594757,-0.00030231475830078125,0.0,0.0670563355088234
1JTG_A_B,1JTG,YB143A,EA79A,Y,E,B,A,143,79,1,5.635,1,-1,1.8637203603060122,0.6365729886511866,1.8001979849577399,-0.5730506133029143,-1.0633639097213745,-1.0637134313583374,-1.0630143880844116,0.0,-1.0633639097213745
1JTG_A_B,1JTG,YB143A,KA208A,Y,K,B,A,143,208,1,22.556,0,-1,2.555516136149338,0.6365729886511866,1.221576282922821,0.6973668645753304,-0.00015905925101833418,-0.00019693374633789062,-0.00012118475569877774,0.0,-0.00015905925101833418
1JTG_A_B,1JTG,YB143A,RA217A,Y,R,B,A,143,217,1,18.156,0,-1,2.26883369093658,0.6365729886511866,1.3019842685944663,0.33027643369092696,-0.00038737457362003624,0.0006997108575887978,-0.0014744600048288703,0.0,-0.00038737457362003624
1JTG_A_B,1JTG,YB143A,SA105A,Y,S,B,A,143,105,1,15.522,0,-1,1.7911632887269544,0.6365729886511866,0.5626583129987092,0.5919319870770586,-0.0002557039260864258,-0.0026415586471557617,0.00213015079498291,0.0,-0.0002557039260864258
1JTG_A_B,1JTG,YB143A,YA80A,Y,Y,B,A,143,80,1,9.72,0,-1,1.0749616531442368,0.6365729886511866,-0.131194564470658,0.5695832289637082,0.1113312616944313,0.030149221420288086,0.19251330196857452,0.0,0.1113312616944313
1KNE_A_P,1KNE,AA3F,TP2F,A,T,A,P,3,2,1,5.457,1,-1,0.8032665183121591,-0.11497660419589939,0.09624154412630512,0.8220015783817534,0.07383549213409424,0.1271226406097412,0.020548343658447266,0.0,0.07383549213409424
1KNE_A_P,1KNE,AA3F,TP2I,A,T,A,P,3,2,1,5.457,1,-1,0.5894792263820106,-0.11497660419589939,0.2739594842214708,0.43049634635643913,0.47320571541786194,0.5272446274757385,0.41916680335998535,0.0,0.47320571541786194
1KNE_A_P,1KNE,AA3F,TP2K,A,T,A,P,3,2,1,5.457,1,-1,-0.03590109308323285,-0.11497660419589939,-0.31423097849018977,0.3933064896028563,0.28262539207935333,0.2724273204803467,0.29282346367836,0.0,0.28262539207935333
1KNE_A_P,1KNE,AA3F,TP2L,A,T,A,P,3,2,1,5.457,1,-1,0.39279399569566426,-0.11497660419589939,0.20420994022383337,0.3035606596677302,0.29243770986795425,0.4360417425632477,0.14883367717266083,0.0,0.29243770986795425
1KNE_A_P,1KNE,AA3K,TP2F,A,T,A,P,3,2,1,5.457,1,-1,1.4686185870806105,0.8945524965089212,0.09624154412630512,0.4778245464453842,0.1407969705760479,0.12145151942968369,0.1601424217224121,0.0,0.1407969705760479
1KNE_A_P,1KNE,AA3K,TP2I,A,T,A,P,3,2,1,5.457,1,-1,1.3974086559734271,0.8945524965089212,0.2739594842214708,0.22889667524303509,0.13920940086245537,0.05100717395544052,0.22741162776947021,0.0,0.13920940086245537
1KNE_A_P,1KNE,AA3K,TP2K,A,T,A,P,3,2,1,5.457,1,-1,1.5990083270868312,0.8945524965089212,-0.31423097849018977,1.0186868090680998,-0.26108238101005554,-0.48750048875808716,-0.034664273262023926,0.0,-0.26108238101005554
1KNE_A_P,1KNE,AA3K,TP2L,A,T,A,P,3,2,1,5.457,1,-1,1.8336324823458516,0.8945524965089212,0.20420994022383337,0.734870045613097,-0.05506038386374712,-0.13911671936511993,0.028995951637625694,0.0,-0.05506038386374712
1KNE_A_P,1KNE,AA3L,TP2F,A,T,A,P,3,2,1,5.457,1,-1,0.2516101649629279,0.0,0.09624154412630512,0.15536862083662276,0.12067977711558342,0.1512235850095749,0.09013596922159195,0.0,0.12067977711558342
1KNE_A_P,1KNE,AA3L,TP2I,A,T,A,P,3,2,1,5.457,1,-1,0.06586633878599066,0.0,0.2739594842214708,-0.20809314543548016,0.16884934902191162,0.15167808532714844,0.1860206127166748,0.0,0.16884934902191162
1KNE_A_P,1KNE,AA3L,TP2K,A,T,A,P,3,2,1,5.457,1,-1,-0.15886235765356702,0.0,-0.31423097849018977,0.15536862083662276,0.2275773584842682,0.2016700804233551,0.2534846365451813,0.0,0.2275773584842682
1KNE_A_P,1KNE,AA3L,TP2L,A,T,A,P,3,2,1,5.457,1,-1,0.2516101649629279,0.0,0.20420994022383337,0.0474002247390945,0.054519522935152054,0.10194394737482071,0.0070950984954833984,0.0,0.054519522935152054
1KNE_A_P,1KNE,AA3T,TP2F,A,T,A,P,3,2,1,5.457,1,-1,0.7850439521497569,-0.3766240717020902,0.09624154412630512,1.065426479725542,-0.5556984841823578,-0.5983020663261414,-0.5130949020385742,0.0,-0.5556984841823578
1KNE_A_P,1KNE,AA3T,TP2I,A,T,A,P,3,2,1,5.457,1,-1,0.602214914496367,-0.3766240717020902,0.2739594842214708,0.7048795019769865,0.0056330058723688126,-0.03653206676244736,0.04779807850718498,0.0,0.0056330058723688126
1KNE_A_P,1KNE,AA3T,TP2K,A,T,A,P,3,2,1,5.457,1,-1,-0.31423097849018977,-0.3766240717020902,-0.31423097849018977,0.3766240717020902,0.28178441524505615,0.27891549468040466,0.28465333580970764,0.0,0.28178441524505615
1KNE_A_P,1KNE,AA3T,TP2L,A,T,A,P,3,2,1,5.457,1,-1,0.5631554850050929,-0.3766240717020902,0.20420994022383337,0.7355696164833498,-0.16376175731420517,-0.10217313468456268,-0.22535037994384766,0.0,-0.16376175731420517
1KNE_A_P,1KNE,DA40F,TP2F,D,T,A,P,40,2,1,4.898,1,-1,-0.15886235765356702,-0.6167351050091564,0.09624154412630512,0.3616312032292842,1.2672725319862366,1.068307638168335,1.4662374258041382,0.0,1.2672725319862366
1KNE_A_P,1KNE,DA40F,TP2I,D,T,A,P,40,2,1,4.898,1,-1,0.20420994022383337,-0.6167351050091564,0.2739594842214708,0.5469855610115191,1.168746531009674,1.159433364868164,1.178059697151184,0.0,1.168746531009674
1KNE_A_P,1KNE,DA40F,TP2K,D,T,A,P,40,2,1,4.898,1,-1,-0.2062625823926615,-0.6167351050091564,-0.31423097849018977,0.7247035011066847,0.28939085081219673,0.0695333257317543,0.5092483758926392,0.0,0.28939085081219673
1KNE_A_P,1KNE,DA40F,TP2L,D,T,A,P,40,2,1,4.898,1,-1,0.29549591842059547,-0.6167351050091564,0.20420994022383337,0.7080210832059186,1.1135498881340027,0.9479519128799438,1.2791478633880615,0.0,1.1135498881340027
1KNE_A_P,1KNE,DA40I,TP2F,D,T,A,P,40,2,1,4.898,1,-1,1.0949045294544606,0.46054628089349203,0.09624154412630512,0.5381167044346634,1.0892091691493988,0.9202254414558411,1.2581928968429565,0.0,1.0892091691493988
1KNE_A_P,1KNE,DA40I,TP2I,D,T,A,P,40,2,1,4.898,1,-1,0.6146824628403283,0.46054628089349203,0.2739594842214708,-0.1198233022746345,0.8859360218048096,0.9017869830131531,0.8700850605964661,0.0,0.8859360218048096
1KNE_A_P,1KNE,DA40I,TP2K,D,T,A,P,40,2,1,4.898,1,-1,0.5894792263820106,0.46054628089349203,-0.31423097849018977,0.4431639239787083,0.23068484291434288,0.0917821153998375,0.36958757042884827,0.0,0.23068484291434288
1KNE_A_P,1KNE,DA40I,TP2L,D,T,A,P,40,2,1,4.898,1,-1,0.5764636107404375,0.46054628089349203,0.20420994022383337,-0.0882926103768879,1.0333029627799988,1.0025526285171509,1.0640532970428467,0.0,1.0333029627799988
1KNE_A_P,1KNE,DA40K,TP2F,D,T,A,P,40,2,1,4.898,1,-1,-0.03590109308323285,-0.3766240717020902,0.09624154412630512,0.24448143449255225,0.4273996353149414,0.14905190467834473,0.7057473659515381,0.0,0.4273996353149414
1KNE_A_P,1KNE,DA40K,TP2I,D,T,A,P,40,2,1,4.898,1,-1,0.0,-0.3766240717020902,0.2739594842214708,0.10266458748061941,0.6782934367656708,0.6096689105033875,0.7469179630279541,0.0,0.6782934367656708
1KNE_A_P,1KNE,DA40K,TP2K,D,T,A,P,40,2,1,4.898,1,-1,0.33635257743337127,-0.3766240717020902,-0.31423097849018977,1.0272076276256512,-0.34031377267092466,-0.6970822811126709,0.01645473577082157,0.0,-0.34031377267092466
1KNE_A_P,1KNE,DA40K,TP2L,D,T,A,P,40,2,1,4.898,1,-1,-0.31423097849018977,-0.3766240717020902,0.20420994022383337,-0.14181684701193292,0.48193706572055817,0.26934459805488586,0.6945295333862305,0.0,0.48193706572055817
1KNE_A_P,1KNE,DA40T,TP2F,D,T,A,P,40,2,1,4.898,1,-1,1.2400627823055714,0.49172119826999405,0.09624154412630512,0.6521000399092722,0.5069906562566757,0.32533279061317444,0.688648521900177,0.0,0.5069906562566757
1KNE_A_P,1KNE,DA40T,TP2I,D,T,A,P,40,2,1,4.898,1,-1,0.8868113840189805,0.49172119826999405,0.2739594842214708,0.12113070152751565,0.21086869575083256,0.017493773251771927,0.4042436182498932,0.0,0.21086869575083256
1KNE_A_P,1KNE,DA40T,TP2K,D,T,A,P,40,2,1,4.898,1,-1,0.7267490529602871,0.49172119826999405,-0.31423097849018977,0.5492588331804829,-0.11968027800321579,-0.41972675919532776,0.18036620318889618,0.0,-0.11968027800321579
1KNE_A_P,1KNE,DA40T,TP2L,D,T,A,P,40,2,1,4.898,1,-1,0.2516101649629279,0.49172119826999405,0.20420994022383337,-0.44432097353089955,0.48997147381305695,0.36579248309135437,0.6141504645347595,0.0,0.48997147381305695
1KNE_A_P,1KNE,KA24A,AA3K,K,A,A,A,24,3,0,4.845,1,21,-0.25778956022789684,-1.2673186609327174,0.8945524965089212,0.11497660419589939,0.7478794157505035,0.6220141053199768,0.8737447261810303,0.7931945621967316,-0.04531514644622803
1LFD_A_B,1LFD,DA38A,DB33A,D,D,A,B,38,33,1,7.854,1,-1,0.20023299326982136,-0.44044487110475394,1.1002917441185578,-0.4596138797439825,-0.0644318163394928,-0.020869433879852295,-0.1079941987991333,0.0,-0.0644318163394928
1LFD_A_B,1LFD,DA45K,DA81K,D,D,A,A,45,81,0,21.623,0,36,-0.6523673363073467,-0.7038720690476165,-1.023807238553542,1.0753119712938117,0.003957072738558054,2.0265579223632812e-05,0.007893879897892475,0.012376080267131329,-0.008419007528573275
1LFD_A_B,1LFD,HA40A,DB33A,H,D,A,B,40,33,1,10.613,0,-1,2.2005684004094896,1.498028617055799,1.1002917441185578,-0.3977519607648672,0.041163697838783264,0.060140211135149,0.022187184542417526,0.0,0.041163697838783264
1LFD_A_B,1LFD,HA40A,SB39A,H,S,A,B,40,39,1,12.854,0,-1,0.5009008805724137,1.498028617055799,-0.7506585713677694,-0.246469165115616,0.0213793171569705,0.021219899877905846,0.021538734436035156,0.0,0.0213793171569705
1LFD_A_B,1LFD,HA40A,VB29A,H,V,A,B,40,29,1,12.787,0,-1,1.996030968103708,1.498028617055799,0.4967249199414675,0.0012774311064415178,0.06783753633499146,0.03926360607147217,0.09641146659851074,0.0,0.06783753633499146
1LFD_A_B,1LFD,KA19A,QB25A,K,Q,A,B,19,25,1,12.334,0,-1,2.5001460778316225,1.64755509075393,0.9002347674794081,-0.047643780401715685,0.06051008030772209,0.10938867181539536,0.011631488800048828,0.0,0.06051008030772209
1LFD_A_B,1LFD,KA35A,EB63A,K,E,A,B,35,63,1,16.591,0,-1,0.2971276266437531,0.29948933195754657,0.2971276266437531,-0.29948933195754657,0.03854191303253174,0.06811892986297607,0.008964896202087402,0.0,0.03854191303253174
1LFD_A_B,1LFD,KA35A,SB39A,K,S,A,B,35,39,1,17.706,0,-1,-0.09962879945165706,0.29948933195754657,-0.7506585713677694,0.35154043995856576,0.03545156214386225,0.053992412984371185,0.01691071130335331,0.0,0.03545156214386225
1LFD_A_B,1LFD,KA39A,DB38A,K,D,A,B,39,38,1,8.47,0,-1,6.095763958899038,2.0998271003000024,3.3114853574091185,0.6844515011899173,1.334628313779831,0.940830409526825,1.728426218032837,0.0,1.334628313779831
1LFD_A_B,1LFD,MA17K,DA45K,M,D,A,A,17,45,0,20.687,0,28,-0.6253507497645163,-0.660851407671591,-0.7038720690476165,0.7393727269546911,0.009072909830138087,0.012018859386444092,0.006126960273832083,0.009893298149108887,-0.0008203883189707994
1LFD_A_B,1LFD,MA17K,DA81K,M,D,A,A,17,81,0,10.275,0,64,-0.6537162832254759,-0.660851407671591,-1.023807238553542,1.030942362999657,-0.11412555910646915,-0.26128220558166504,0.03303108736872673,-0.05934897670522332,-0.05477658240124583
1LFD_A_B,1LFD,NA14A,EB37A,N,E,A,B,14,37,1,17.766,0,-1,1.996030968103708,0.948520151299886,1.1965592838418202,-0.14904846703799812,0.009200334548950195,0.01516789197921753,0.0032327771186828613,0.0,0.009200334548950195
1LFD_A_B,1LFD,NA14A,RB41A,N,R,A,B,14,41,1,10.568,0,-1,1.5474599685263724,0.948520151299886,0.84846113103873,-0.24952131381224363,0.0492701381444931,0.05115947127342224,0.047380805015563965,0.0,0.0492701381444931
1LFD_A_B,1LFD,NA16A,QB25A,N,Q,A,B,16,25,1,7.862,1,-1,0.3016465062781233,0.49923171043543596,0.9002347674794081,-1.0978199716367207,0.03746433276683092,0.02528228797018528,0.04964637756347656,0.0,0.03746433276683092
1LFD_A_B,1LFD,NA16A,RB41A,N,R,A,B,16,41,1,8.061,0,-1,1.0984018914793223,0.49923171043543596,0.84846113103873,-0.2492909499948437,0.03749339561909437,0.04663348197937012,0.028353309258818626,0.0,0.03749339561909437
1LFD_A_B,1LFD,NA16A,SB39A,N,S,A,B,16,39,1,7.334,1,-1,0.0,0.49923171043543596,-0.7506585713677694,0.2514268609323334,0.07569465041160583,0.08889645338058472,0.06249284744262695,0.0,0.07569465041160583
1LFD_A_B,1LFD,NA16A,YB40F,N,Y,A,B,16,40,1,5.521,1,-1,2.3001368447062487,0.49923171043543596,2.1480839064049784,-0.3471787721341657,-0.31208696961402893,-0.3761163353919983,-0.24805760383605957,0.0,-0.31208696961402893
1LFD_A_B,1LFD,RA7A,EB37A,R,E,A,B,7,37,1,7.959,1,-1,2.096944948816684,1.8995338349467907,1.1965592838418202,-0.9991481699719269,0.39255329966545105,0.44885116815567017,0.33625543117523193,0.0,0.39255329966545105
1LFD_A_B,1LFD,SA20A,DB38A,S,D,A,B,20,38,1,6.358,1,-1,3.296173394198395,0.9487061885289146,3.3114853574091185,-0.9640181517396385,-0.06989681720733643,-0.04689741134643555,-0.0928962230682373,0.0,-0.06989681720733643
1LFD_A_B,1LFD,SA20A,EB37A,S,E,A,B,20,37,1,4.462,1,-1,2.2961924220504835,0.9487061885289146,1.1965592838418202,0.1509269496797485,-0.021011243108659983,0.012272278778254986,-0.05429476499557495,0.0,-0.021011243108659983
1LFD_A_B,1LFD,SA20A,YB40F,S,Y,A,B,20,40,1,12.48,0,-1,1.7983783438929917,0.9487061885289146,2.1480839064049784,-1.2984117510409012,0.0018347082659602165,0.011091863736510277,-0.007422447204589844,0.0,0.0018347082659602165
1LFD_A_B,1LFD,YA18A,DB38A,Y,D,A,B,18,38,1,7.012,1,-1,4.895476855212448,3.5961907468308287,3.3114853574091185,-2.0121992490274994,-0.02555641531944275,-0.048547327518463135,-0.0025655031204223633,0.0,-0.02555641531944275
1LFD_A_B,1LFD,YA18A,EB37A,Y,E,A,B,18,37,1,8.65,0,-1,3.5961907468308287,3.5961907468308287,1.1965592838418202,-1.1965592838418202,0.3507315218448639,0.41792359948158264,0.28353944420814514,0.0,0.3507315218448639
1LFD_A_B,1LFD,YA18A,SB39A,Y,S,A,B,18,39,1,5.43,1,-1,4.095255610245838,3.5961907468308287,-0.7506585713677694,1.2497234347827784,-0.48259304463863373,-0.44417110085487366,-0.5210149884223938,0.0,-0.48259304463863373
1LFD_A_B,1LFD,YA18F,EB37A,Y,E,A,B,18,37,1,8.65,0,-1,1.2967128201611964,1.3482348655564473,1.1965592838418202,-1.2480813292370712,0.34219544380903244,0.4519445300102234,0.2324463576078415,0.0,0.34219544380903244
1LFD_A_B,1LFD,YA18F,RB41A,Y,R,A,B,18,41,1,10.13,0,-1,1.7983783438929917,1.3482348655564473,0.84846113103873,-0.39831765270218566,-0.013624719926156104,-0.0027533371467143297,-0.024496102705597878,0.0,-0.013624719926156104
1LFD_A_B,1LFD,YA18F,SB39A,Y,S,A,B,18,39,1,5.43,1,-1,0.8004551296451752,1.3482348655564473,-0.7506585713677694,0.2028788354564972,-0.1621146872639656,-0.09958429634571075,-0.22464507818222046,0.0,-0.1621146872639656
1LFD_A_B,1LFD,YA18F,YB40F,Y,Y,A,B,18,40,1,9.196,0,-1,2.6005222331053393,1.3482348655564473,2.1480839064049784,-0.8957965388560865,0.00912273908033967,0.007640868425369263,0.010604609735310078,0.0,0.00912273908033967
1MAH_A_F,1MAH,YA121Q,WA276R,Y,W,A,A,121,276,0,8.816,0,155,9.706737696365975,3.004269978784438,8.80932527748668,-2.1068575599051425,0.457949161529541,0.4053250551223755,0.5105732679367065,0.5839927792549133,-0.12604361772537231
1MAH_A_F,1MAH,YA69N,WA276R,Y,W,A,A,69,276,0,7.884,1,207,11.629598673007559,5.217715588027742,8.80932527748668,-2.3974421925068636,-0.339325986802578,-0.5169322490692139,-0.16171972453594208,-0.7310247421264648,0.39169875532388687
1MAH_A_F,1MAH,YA69N,YA121Q,Y,Y,A,A,69,121,0,5.791,1,52,6.6442916740792075,5.217715588027742,3.004269978784438,-1.5776938927329724,0.21664607524871826,0.16099655628204346,0.27229559421539307,0.255644328892231,-0.038998253643512726
1MHP_HL_A,1MHP,KH64E,SL27Q,K,S,H,L,64,27,0,26.894,0,-1,-0.8568461383162226,-0.07761464959305185,-0.6661125825794838,-0.11311890614368691,0.0014059146196814254,0.0023763179779052734,0.00043551126145757735,0.002254919148981571,-0.0008490045293001458
1MHP_HL_A,1MHP,LH60D,KH64E,L,K,H,H,60,64,0,7.16,1,4,-0.1418004545281517,-0.061319901256303794,-0.07761464959305185,-0.002865903678796064,-0.06073109433054924,-0.12189539521932602,0.00043320655822753906,-0.03066905215382576,-0.03006204217672348
1MHP_HL_A,1MHP,LH60D,KH64Q,L,K,H,H,60,64,0,7.16,1,4,0.0429893307727933,-0.061319901256303794,-0.07761464959305185,0.18192388162214895,-0.06675112247467041,-0.24534206092357635,0.11183981597423553,-0.054214298725128174,-0.012536823749542236
1MHP_HL_A,1MHP,TH50V,KH64E,T,K,H,H,50,64,0,12.364,0,14,-0.18051965622628652,-0.13159884764181595,-0.07761464959305185,0.028693841008581286,0.012511655688285828,0.009633034467697144,0.015390276908874512,0.0007229149341583252,0.011788740754127502
1MHP_HL_A,1MHP,TH50V,SH35A,T,S,H,H,50,35,0,4.126,1,15,2.0758397538517137,-0.13159884764181595,1.5726845857099137,0.6347540157836158,0.7639001980423927,1.3380513191223145,0.189749076962471,0.5822704434394836,0.1816297546029091
1MHP_HL_A,1MHP,TH50V,SL27Q,T,S,H,L,50,27,0,22.969,0,-1,-0.6946837144063079,-0.13159884764181595,-0.6661125825794838,0.10302771581499182,-0.000555872917175293,-0.001092076301574707,-1.9669532775878906e-05,-6.762146949768066e-05,-0.0004882514476776123
1MLC_AB_E,1MLC,NA32G,NA92A,N,N,A,A,32,92,0,4.197,1,60,-0.6866529077585438,-0.8773864634952826,-1.2533529152821514,1.44408647101889,-0.13894788455218077,-0.2539663314819336,-0.02392943762242794,0.12391992378979921,-0.26286780834198
1MLC_AB_E,1MLC,SB57V,TB58D,S,T,B,B,57,58,0,5.719,1,1,-0.9877283564487306,-0.4941805476225437,-0.5596822394310026,0.06613443060481572,0.084845338948071,0.02057630755007267,0.14911437034606934,0.15108236204832792,-0.06623702310025692
1PPF_E_I,1PPF,AI15D,GI32A,A,G,I,I,15,32,0,13.295,0,17,1.1429496965597674,1.1224480190248014,0.25402352490407754,-0.23352184736911152,0.008758692245464772,0.000981187797151506,0.016536196693778038,-0.010014367289841175,0.018773059535305947
1PPF_E_I,1PPF,AI15R,LI18R,A,L,I,I,15,18,0,9.953,0,3,7.226199453218611,-0.2605152118635223,7.08493089541558,0.4017837696665536,0.0036051571369171143,0.001843869686126709,0.0053664445877075195,0.3534661680459976,-0.3498610109090805
1PPF_E_I,1PPF,AI15T,LI18M,A,L,I,I,15,18,0,9.953,0,3,-1.47207468518941,0.9494842128494403,1.2248408548450698,-3.6463997528839203,0.014387130737304688,0.05387270450592041,-0.025098443031311035,-0.05518563464283943,0.06957276538014412
1PPF_E_I,1PPF,AI15V,TI17S,A,T,I,I,15,17,0,7.576,1,2,1.7412455634959279,0.19754706623575713,1.5096488420732999,0.034049655186870975,0.14086423441767693,0.16134989261627197,0.12037857621908188,0.12283698841929436,0.01802724599838257
1PPF_E_I,1PPF,LI18I,GI32D,L,G,I,I,18,32,0,7.953,1,14,2.4882070800743734,-0.7227219001353856,2.4624655659959833,0.7484634142137758,0.06656673550605774,0.025762200355529785,0.1073712706565857,-0.018661856651306152,0.08522859215736389
1PPF_E_I,1PPF,LI18M,GI32D,L,G,I,I,18,32,0,7.953,1,14,3.9306762301004228,1.2248408548450698,2.4624655659959833,0.24336980925936968,0.04817056655883789,0.008247971534729004,0.08809316158294678,0.04593038558959961,0.0022401809692382812
1PPF_E_I,1PPF,LI18M,YI20Q,L,Y,I,I,18,20,0,7.87,1,2,5.7586439401127825,1.2248408548450698,4.631946567444701,-0.09814348217698843,-0.02405056357383728,-0.017060458660125732,-0.031040668487548828,-0.08743181079626083,0.06338124722242355
1R0R_E_I,1R0R,AI10D,GI27A,A,G,I,I,10,27,0,12.581,0,17,5.821645299495964,5.155944654098455,1.2963612350909357,-0.6306605896934268,-0.011545717716217041,-0.023091435432434082,0.0,-0.028578661382198334,0.017032943665981293
1R0R_E_I,1R0R,AI10D,LI13A,A,L,I,I,10,13,0,9.736,0,3,5.4538037923711205,5.155944654098455,0.4143214866503805,-0.1164623483777153,-0.05223461985588074,-0.1776745319366455,0.07320529222488403,-0.17223912477493286,0.12000450491905212
1R0R_E_I,1R0R,AI10R,LI13R,A,L,I,I,10,13,0,9.736,0,3,7.630763205917769,5.4538037923711205,2.8947096694799694,-0.7177502559333209,0.07456988096237183,0.03924041986465454,0.10989934206008911,0.39212867617607117,-0.31755879521369934
1R0R_E_I,1R0R,AI10T,LI13M,A,L,I,I,10,13,0,9.736,0,3,0.2551469855034292,1.2505414140902216,-0.5091021893067559,-0.4862922392800365,-0.005573764443397522,0.017528563737869263,-0.028676092624664307,-0.03923556208610535,0.033661797642707825
1R0R_E_I,1R0R,AI10V,TI12S,A,T,I,I,10,12,0,8.379,0,2,0.09345740435615642,-0.956641141171406,0.84712621864302,0.20297232688454248,0.08451449871063232,0.055439770221710205,0.11358922719955444,0.11999460309743881,-0.03548010438680649
1R0R_E_I,1R0R,LI13I,GI27D,L,G,I,I,13,27,0,7.611,1,14,5.22992824288328,3.2089108854280166,2.848062431872061,-0.8270450744167976,-0.06672009686008096,-0.11852870136499405,-0.014911492355167866,0.02489568805322051,-0.09161578491330147
1R0R_E_I,1R0R,LI13M,GI27D,L,G,I,I,13,27,0,7.611,1,14,2.360078039984507,-0.5091021893067559,2.848062431872061,0.021117797419202056,0.16379429399967194,0.22127404808998108,0.10631453990936279,0.07607008889317513,0.08772420510649681
1R0R_E_I,1R0R,LI13M,YI15Q,L,Y,I,I,13,15,0,7.401,1,2,3.5896487987029695,-0.5091021893067559,4.440734974870159,-0.3419839868604333,-0.05529622733592987,-0.12618601322174072,0.015593558549880981,-0.09351018071174622,0.038213953375816345
1R0R_E_I,1R0R,NI23S,GI27A,N,G,I,I,23,27,0,15.079,0,4,1.2363487034089133,-0.06509913288105984,1.2963612350909357,0.005086601199037588,0.003835901152342558,-0.010843832977116108,0.018515635281801224,-0.008431895752437413,0.01226779690477997
1R0R_E_I,1R0R,TI12K,LI13R,T,L,I,I,12,13,0,5.518,1,1,5.186593709670785,1.9070086290962416,2.8947096694799694,0.38487541109457357,-0.06399647332727909,-0.06700968742370605,-0.06098325923085213,0.07937529077753425,-0.14337176410481334
1R0R_E_I,1R0R,TI12R,LI13R,T,L,I,I,12,13,0,5.518,1,1,6.406061997547128,3.2989715484811986,2.8947096694799694,0.2123807795859598,-0.023243252653628588,-0.035269785672426224,-0.011216719634830952,0.14245104789733887,-0.16569430055096745
1TM1_E_I,1TM1,RI48A,RI46A,R,R,I,I,48,46,0,6.347,1,2,5.0496607509407925,3.009432987100379,3.416404349124842,-1.3761765852844285,-0.6457112580537796,-0.8284586668014526,-0.46296384930610657,-0.17544109001755714,-0.47027016803622246
1TM1_E_I,1TM1,TI39A,EI41A,T,E,I,I,39,41,0,5.314,1,2,3.3888776309825976,2.6491821965802167,2.9880981051157702,-2.2484026707133893,-0.047992282547056675,-0.0855768546462059,-0.010407710447907448,0.10518166981637478,-0.15317395236343145
1TM1_E_I,1TM1,TI39D,EI41A,T,E,I,I,39,41,0,5.314,1,2,0.7538333081482372,2.0981337125223076,2.9880981051157702,-4.33239850948984,0.6401826441287994,0.5114046931266785,0.7689605951309204,0.1766333021223545,0.46354934200644493
1VFB_AB_C,1VFB,DB100A,SC24A,D,S,B,C,100,24,1,5.509,1,-1,3.369755032292189,3.005001188637171,0.8509648319333666,-0.4862109882783484,0.4711582064628601,0.6099335551261902,0.33238285779953003,0.0,0.4711582064628601
1VFB_AB_C,1VFB,DB54A,TC118A,D,T,B,C,54,118,1,4.91,1,-1,1.2546435514765695,0.8151111678878983,0.7650955177474081,-0.32556313415873694,-0.08446659659966826,0.010945518501102924,-0.17987871170043945,0.0,-0.08446659659966826
1VFB_AB_C,1VFB,WA92A,IC124A,W,I,A,C,92,124,1,10.729,0,-1,3.8503326598133105,3.0378472845590494,1.2314175678494845,-0.4189321925952234,0.17575207073241472,0.024807358160614967,0.3266967833042145,0.0,0.17575207073241472
1VFB_AB_C,1VFB,WA92A,LC129A,W,L,A,C,92,129,1,12.937,0,-1,3.307361939080289,3.0378472845590494,0.17154467985848262,0.09796997466275684,5.571823567152023e-05,0.009306907653808594,-0.009195471182465553,0.0,5.571823567152023e-05
1VFB_AB_C,1VFB,WA92A,QC121A,W,Q,A,C,92,121,1,7.827,1,-1,3.5189356483094825,3.0378472845590494,2.8769973068420085,-2.3959089430915754,0.29543881118297577,0.42123302817344666,0.16964459419250488,0.0,0.29543881118297577
1VFB_AB_C,1VFB,WA92A,RC125A,W,R,A,C,92,125,1,7.988,1,-1,3.3932887252911237,3.0378472845590494,1.8368993808269287,-1.4814579400948544,0.449779212474823,0.16418206691741943,0.7353763580322266,0.0,0.449779212474823
1VFB_AB_C,1VFB,WB52A,DC119A,W,D,B,C,52,119,1,6.186,1,-1,2.2473719034434234,0.6406272020348954,0.9530876824425276,0.6536570189660005,0.4697541892528534,0.7929331660270691,0.1465752124786377,0.0,0.4697541892528534
1VFB_AB_C,1VFB,YA32A,IC124A,Y,I,A,C,32,124,1,10.688,0,-1,2.905715014581753,1.528133111318533,1.2314175678494845,0.1461643354137354,0.16535532474517822,0.30335235595703125,0.027358293533325195,0.0,0.16535532474517822
1VFB_AB_C,1VFB,YA32A,QC121A,Y,Q,A,C,32,121,1,7.467,1,-1,1.586040562980398,1.528133111318533,2.8769973068420085,-2.8190898551801435,0.7779457122087479,1.2028164863586426,0.35307493805885315,0.0,0.7779457122087479
1VFB_AB_C,1VFB,YA50A,DC119A,Y,D,A,C,50,119,1,15.701,0,-1,1.2314175678494845,0.4560859009006706,0.9530876824425276,-0.17775601549371367,0.010758568998426199,0.01054084300994873,0.010976294986903667,0.0,0.010758568998426199
1VFB_AB_C,1VFB,YA50A,DC18A,Y,D,A,C,50,18,1,8.571,0,-1,1.2659236386791108,0.4560859009006706,0.3401304956551773,0.469707242123263,0.19089842215180397,-0.08501323312520981,0.46681007742881775,0.0,0.19089842215180397
1VFB_AB_C,1VFB,YB101F,DC119A,Y,D,B,C,101,119,1,9.403,0,-1,2.7365203959411013,1.2695641227114627,0.9530876824425276,0.513868590787111,0.16855237632989883,0.09543867409229279,0.24166607856750488,0.0,0.16855237632989883
1VFB_AB_C,1VFB,YB101F,VC120A,Y,V,B,C,101,120,1,8.887,0,-1,2.5384771330178033,1.2695641227114627,0.9169496673026039,0.3519633430037368,-0.5599923431873322,-0.8737886548042297,-0.24619603157043457,0.0,-0.5599923431873322
1VFB_AB_C,1VFB,YB32A,KC116A,Y,K,B,C,32,116,1,8.194,0,-1,1.586040562980398,0.7916791346099094,0.7134502090749723,0.08091121929551637,0.15992416441440582,0.17994996905326843,0.1398983597755432,0.0,0.15992416441440582
1Z7X_W_X,1Z7X,YW434A,DW435A,Y,D,W,W,434,435,0,4.41,1,1,7.167999192819583,5.953264042870864,3.6607903964813246,-2.4460552465326053,0.19895855337381363,0.19004638493061066,0.2078707218170166,0.16159913688898087,0.037359416484832764
1Z7X_W_X,1Z7X,YW434A,YW437A,Y,Y,W,W,434,437,0,11.319,0,3,7.237748736817221,5.953264042870864,2.6229603015683534,-1.3384756076219961,0.05250796116888523,0.019916582852602005,0.08509933948516846,0.18055959045886993,-0.1280516292899847
2C5D_A_C,2C5D,DC61G,GC101R,D,G,C,C,61,101,0,39.826,0,40,-0.560837725988435,-0.5035557303347588,-0.018222566162402202,-0.039059429491274,1.5944242477416992e-06,0.0,3.1888484954833984e-06,-1.3713325643038843e-05,1.5307749890780542e-05
2C5D_A_C,2C5D,DC61G,VC66A,D,V,C,C,61,66,0,17.316,0,5,-1.0399043060451352,-0.5035557303347588,-0.5990565780883257,0.06270800237794927,0.03224816359579563,0.002899169921875,0.06159715726971626,0.041077421978116035,-0.008829258382320404
2C5D_A_C,2C5D,GC6S,DC61G,G,D,C,C,6,61,0,20.082,0,55,-0.5293070340906882,0.09892720257432983,-0.5035557303347588,-0.12467850633025934,-0.009739032946527004,-0.01670859567821026,-0.00276947021484375,-0.048173122107982635,0.03843408916145563
2C5D_A_C,2C5D,GC6S,GC101R,G,G,C,C,6,101,0,20.917,0,95,0.034844559934469256,0.09892720257432983,-0.018222566162402202,-0.04586007647745838,-0.007699294830672443,-0.012602257542312145,-0.0027963321190327406,-0.011861284263432026,0.004161989432759583
2C5D_A_C,2C5D,GC6S,VC66A,G,V,C,C,6,66,0,7.281,1,60,-0.8466165985783483,0.09892720257432983,-0.5990565780883257,-0.3464872230643524,-0.02921145036816597,-0.055552102625370026,-0.002870798110961914,-0.02047004085034132,-0.00874140951782465
2C5D_A_C,2C5D,VC66A,GC101R,V,G,C,C,66,101,0,23.633,0,35,-0.6559916909792961,-0.5990565780883257,-0.018222566162402202,-0.03871254672856822,0.0026778578758239746,0.003737330436706543,0.0016183853149414062,0.0010752439266070724,0.0016026139492169023
2DVW_A_B,2DVW,RA39A,KA114A,R,K,A,A,39,114,0,20.302,0,75,2.3615384118009866,0.9102163528144899,0.03419054349330935,1.4171315154931874,-0.00324944662861526,-0.006518205162137747,1.9311904907226562e-05,0.003226788714528084,-0.006476235343143344
2G2U_A_B,2G2U,DA79A,EB73M,D,E,A,B,79,73,1,6.479,1,-1,-2.1534887015417596,-1.5479375140516198,-3.0040988553962054,2.3985476679060653,-0.5708389431238174,-0.7591262459754944,-0.3825516402721405,0.0,-0.5708389431238174
2G2U_A_B,2G2U,EB73A,YB143A,E,Y,B,B,73,143,0,10.467,0,70,-1.83468152898476,-1.978551018165521,-1.846408380955983,1.990277870136744,0.22969070076942444,0.30028730630874634,0.15909409523010254,0.48422375321388245,-0.254533052444458
2G2U_A_B,2G2U,EB73A,YB50A,E,Y,B,B,73,50,0,8.125,0,23,-2.451416633993916,-1.978551018165521,-2.074792562291826,1.601926946463431,0.21165107190608978,0.21745984256267548,0.2058423012495041,0.10515359789133072,0.10649747401475906
2G2U_A_B,2G2U,EB73M,FB142A,E,F,B,B,73,142,0,11.734,0,69,0.32300209717069245,-3.0040988553962054,0.2757037761241289,3.051397176442769,-0.004469960927963257,0.011949419975280762,-0.020889341831207275,-0.09891138598322868,0.09444142505526543
2G2U_A_B,2G2U,EB73M,KB74A,E,K,B,B,73,74,0,4.644,1,1,0.47445241319694703,-3.0040988553962054,-0.21723788679384545,3.695789155386998,0.8060279488563538,0.6083589792251587,1.0036969184875488,0.6097292006015778,0.196298748254776
2G2U_A_B,2G2U,EB73M,SB130K,E,S,B,B,73,130,0,8.267,0,57,-2.80816659417347,-3.0040988553962054,-1.4687806302264566,1.664712891449192,-0.3962125778198242,-0.4460252523422241,-0.3463999032974243,-0.6007662117481232,0.20455363392829895
2G2U_A_B,2G2U,WB112A,YB143A,W,Y,B,B,112,143,0,11.867,0,31,-0.4094253310566072,0.9583052199192759,-1.846408380955983,0.4786778299801,0.03375618113204837,0.05711297318339348,0.010399389080703259,0.4432744234800339,-0.4095182423479855
2G2U_A_B,2G2U,WB150A,YB143A,W,Y,B,B,150,143,0,16.476,0,7,0.9886804252595904,1.7844222340342624,-1.846408380955983,1.050666572181311,0.0022743642330169678,0.0033599138259887695,0.001188814640045166,0.004729056265205145,-0.002454692032188177
2G2U_A_B,2G2U,YB50A,YB143A,Y,Y,B,B,50,143,0,14.01,0,93,-2.074792562291826,-2.074792562291826,-1.846408380955983,1.846408380955983,0.011800507782027125,0.019031047821044922,0.004569967743009329,0.08620306849479675,-0.07440256071276963
2J0T_A_D,2J0T,TD2L,VD4S,T,V,D,D,2,4,0,8.033,0,2,3.468989944238368,2.6809526242687376,0.9819805674273895,-0.19394324745775904,0.2705397382378578,0.17016048729419708,0.37091898918151855,0.005922377109527588,0.26461736112833023
2J0T_A_D,2J0T,TD2S,VD4A,T,V,D,D,2,4,0,8.033,0,2,1.2496401340118868,1.5937182868909552,0.0,-0.3440781528790684,-0.007488775998353958,-0.057196952402591705,0.04221940040588379,-0.04821780417114496,0.040729028172791004
2KSO_A_B,2KSO,RA43E,HB20E,R,H,A,B,43,20,1,9.226,0,-1,0.45435827607416246,-0.6620826875794228,-0.15536862083662284,1.271809584490208,0.10700786113739014,0.06786489486694336,0.14615082740783691,0.0,0.10700786113739014
2O3B_A_B,2O3B,QB74A,WB76A,Q,W,B,B,74,76,0,5.493,1,2,5.753032165484792,3.2315167178441873,4.071879459156426,-1.5503640115158208,0.5279093384742737,0.6530091762542725,0.4028095006942749,0.23636456206440926,0.2915447764098644
2OOB_A_B,2OOB,AA9E,GA13S,A,G,A,A,9,13,0,6.424,1,4,3.1019705813240463,3.1019705813240463,0.23525854681350647,-0.23525854681350647,-0.10577327013015747,-0.2343050241470337,0.02275848388671875,0.198136106133461,-0.30390937626361847
2PCC_A_B,2PCC,AB86G,DA34A,A,D,B,A,86,34,1,16.361,0,-1,-0.09775802811201646,1.9010033960030586,-0.8966462641802349,-1.1021151599348402,-0.004653483629226685,0.001604914665222168,-0.010911881923675537,0.0,-0.004653483629226685
2PCC_A_B,2PCC,AB86G,VA197A,A,V,B,A,86,197,1,4.695,1,-1,2.101740090652802,1.9010033960030586,2.101740090652802,-1.9010033960030586,0.06650849804282188,0.20432814955711365,-0.07131115347146988,0.0,0.06650849804282188
2PCC_A_B,2PCC,KB77A,EA290A,K,E,B,A,77,290,1,9.807,0,-1,1.1016838289018176,0.3035331218652746,6.199777156615607,-5.401626449579064,1.9267451167106628,1.4273992776870728,2.426090955734253,0.0,1.9267451167106628
2PCC_A_B,2PCC,KB77A,VA197A,K,V,B,A,77,197,1,9.665,0,-1,2.7997238713154573,0.3035331218652746,2.101740090652802,0.3944506587973806,0.06443583965301514,0.04369854927062988,0.08517313003540039,0.0,0.06443583965301514
2PCC_A_B,2PCC,KB92A,DA34A,K,D,B,A,92,34,1,7.586,1,-1,0.20292117655348332,0.9014670708537889,-0.8966462641802349,0.1981003698799293,1.0105808079242706,0.910602867603302,1.1105587482452393,0.0,1.0105808079242706
2PCC_A_B,2PCC,KB92A,VA197A,K,V,B,A,92,197,1,17.121,0,-1,1.5008300316372991,0.9014670708537889,2.101740090652802,-1.5023771298692918,0.02938210964202881,-0.00033164024353027344,0.05909585952758789,0.0,0.02938210964202881
2WPT_A_B,2WPT,DA30A,FB79A,D,F,A,B,30,79,1,8.624,0,-1,-0.16461205897475006,-0.7758555558295367,1.1696568149782867,-0.5584133181235,0.11057638376951218,-0.011497199535369873,0.23264996707439423,0.0,0.11057638376951218
2WPT_A_B,2WPT,FB79A,DA30A,F,D,B,A,79,30,1,8.624,0,-1,-0.132142637209538,1.1696568149782867,-0.7758555558295367,-0.525943896358288,0.11057638376951218,0.23264996707439423,-0.011497199535369873,0.0,0.11057638376951218
2WPT_A_B,2WPT,FB79A,NA31A,F,N,B,A,79,31,1,8.473,0,-1,1.3515964310311084,1.1696568149782867,-0.2590991581572307,0.44103877421005244,-0.11076395586133003,-0.09765062481164932,-0.12387728691101074,0.0,-0.11076395586133003
2WPT_A_B,2WPT,FB79A,VA34A,F,V,B,A,79,34,1,6.527,1,-1,3.111358909814396,1.1696568149782867,3.80759418473735,-1.8658920899012406,-0.28209683299064636,-0.1847565770149231,-0.37943708896636963,0.0,-0.28209683299064636
2WPT_A_B,2WPT,NA31V,RA35T,N,R,A,A,31,35,0,6.455,1,4,-2.587134126148931,-0.8966462641802346,-1.037830094912971,-0.6526577670557254,0.036644743755459785,0.12965671718120575,-0.05636722967028618,-0.19660060852766037,0.23324535228312016
2WPT_A_B,2WPT,SB77A,NA31A,S,N,B,A,77,31,1,9.445,0,-1,-0.4370589327370404,-0.08613284906320835,-0.2590991581572307,-0.09182692551660132,0.049282405991107225,0.01065261010080576,0.08791220188140869,0.0,0.049282405991107225
3AAA_AB_C,3AAA,KA248A,RA258A,K,R,A,A,248,258,0,12.96,0,10,4.714681136262445,2.4452810315624727,2.2071155180453785,0.062284586654593355,-0.017148762941360474,-0.017148762941360474,nan,0.016444414854049683,-0.033593177795410156
3BP8_A_C,3BP8,FA115A,AC51F,F,A,A,C,115,51,1,4.694,1,-1,-0.7742053745755474,0.7086698179862987,0.6152186210234452,-2.098093813585291,3.362289309501648,3.5367374420166016,3.1878411769866943,0.0,3.362289309501648
3HFM_HL_Y,3HFM,DH32A,KY97A,D,K,H,Y,32,97,1,10.29,0,-1,4.5924391159903255,1.8982264311356383,5.861405002999886,-3.167192318145199,0.4493896961212158,0.5047476291656494,0.3940317630767822,0.0,0.4493896961212158
3HFM_HL_Y,3HFM,DH32A,KY97M,D,K,H,Y,32,97,1,10.29,0,-1,1.1234491717519564,1.8982264311356383,0.9469714822775264,-1.7217487416612083,0.37522901594638824,0.3791283965110779,0.3713296353816986,0.0,0.37522901594638824
3HFM_HL_Y,3HFM,DH32N,KY97A,D,K,H,Y,32,97,1,10.29,0,-1,4.891549613320478,0.17036148930942865,5.861405002999886,-1.140216878988836,0.1775117665529251,0.18561068177223206,0.16941285133361816,0.0,0.1775117665529251
3HFM_HL_Y,3HFM,DH32N,KY97M,D,K,H,Y,32,97,1,10.29,0,-1,0.3025041265189667,0.17036148930942865,0.9469714822775264,-0.8148288450679884,0.18736336380243301,0.1790187656879425,0.19570796191692352,0.0,0.18736336380243301
3HFM_HL_Y,3HFM,NL31A,KY96A,N,K,L,Y,31,96,1,9.261,0,-1,7.4683845812186735,5.214129786929024,6.737283264197913,-4.483028469908263,0.08946493268013,0.13083767890930176,0.04809218645095825,0.0,0.08946493268013
3HFM_HL_Y,3HFM,WH98A,KY96A,W,K,H,Y,98,96,1,10.058,0,-1,7.730032048724865,5.510682238498383,6.737283264197913,-4.517933453971431,-0.05318570137023926,-0.006062984466552734,-0.10030841827392578,0.0,-0.05318570137023926
3HFM_HL_Y,3HFM,WH98F,YY20A,W,Y,H,Y,98,20,1,14.72,0,-1,6.229018079619772,3.245561328832068,4.573778237875976,-1.5903214870882718,-0.008638044353574514,-0.006311655044555664,-0.010964433662593365,0.0,-0.008638044353574514
3HFM_HL_Y,3HFM,YH33A,KY97A,Y,K,H,Y,33,97,1,7.598,1,-1,7.228273547911608,6.035074832162014,5.861405002999886,-4.668206287250292,0.05123206973075867,-0.22286289930343628,0.3253270387649536,0.0,0.05123206973075867
3HFM_HL_Y,3HFM,YH50A,RY21A,Y,R,H,Y,50,21,1,12.714,0,-1,7.9412501970470695,7.31955952610837,0.8618017042457655,-0.24011103330706618,0.03386431932449341,0.005756884813308716,0.0619717538356781,0.0,0.03386431932449341
3HFM_HL_Y,3HFM,YL50A,KY96A,Y,K,L,Y,50,96,1,7.976,1,-1,7.730032048724865,4.5575945560558555,6.737283264197913,-3.564845771528904,-0.28382208943367004,-0.5226112604141235,-0.04503291845321655,0.0,-0.28382208943367004
3HFM_HL_Y,3HFM,YL50A,KY97A,Y,K,L,Y,50,97,1,11.425,0,-1,7.31955952610837,4.5575945560558555,5.861405002999886,-3.0994400329473715,0.13262081146240234,0.08667027950286865,0.17857134342193604,0.0,0.13262081146240234
3HFM_HL_Y,3HFM,YL50A,RY21A,Y,R,L,Y,50,21,1,13.64,0,-1,6.366471843665842,4.5575945560558555,0.8618017042457655,0.9470755833642208,0.06522034108638763,0.10996130108833313,0.02047938108444214,0.0,0.06522034108638763
3HFM_HL_Y,3HFM,YL50F,RY21A,Y,R,L,Y,50,21,1,13.64,0,-1,4.330791648484134,2.3548667396014413,0.8618017042457655,1.1141232046369267,-0.017684072256088257,-0.0225791335105896,-0.012789011001586914,0.0,-0.017684072256088257
3HFM_HL_Y,3HFM,YL50F,YY20A,Y,Y,L,Y,50,20,1,10.782,0,-1,6.223658887633845,2.3548667396014413,4.573778237875976,-0.704986089843572,-0.004259467124938965,-0.009433150291442871,0.0009142160415649414,0.0,-0.004259467124938965
3HFM_HL_Y,3HFM,YL96A,RY21A,Y,R,L,Y,96,21,1,10.221,0,-1,5.756744946755058,2.7070443630284666,0.8618017042457655,2.1878988794808256,0.1264970488846302,0.10536197572946548,0.14763212203979492,0.0,0.1264970488846302
3HFM_HL_Y,3HFM,YL96F,RY21A,Y,R,L,Y,96,21,1,10.221,0,-1,4.18196659337383,1.4017790571589135,0.8618017042457655,1.9183858319691511,-0.02608780493028462,-0.0055262246169149876,-0.04664938524365425,0.0,-0.02608780493028462
3KUD_A_B,3KUD,KB30A,NB16R,K,N,B,B,30,16,0,11.628,0,14,0.7662427961291146,1.9530394314410333,-0.7977190616059049,-0.3890775737060139,0.17033299803733826,0.20273283123970032,0.1379331648349762,0.06350758671760559,0.10682541131973267
3KUD_A_B,3KUD,KB30A,TA35A,K,T,B,A,30,35,1,11.378,0,-1,3.039298746439407,1.9530394314410333,1.9904531349834464,-0.904193819985073,0.28715962171554565,0.4016258716583252,0.1726933717727661,0.0,0.28715962171554565
3KUD_A_B,3KUD,TA35A,NB16R,T,N,A,B,35,16,1,10.115,0,-1,1.4886946341701892,1.9904531349834464,-0.7977190616059049,0.29596056079264765,0.0018627345561981201,-0.006197035312652588,0.009922504425048828,0.0,0.0018627345561981201
3MZG_A_B,3MZG,HA167A,HB188A,H,H,A,B,167,188,1,6.354,1,-1,3.3287350339671655,1.6293401853076444,2.09321927209525,-0.39382442343572865,0.808899998664856,0.9290735721588135,0.6887264251708984,0.0,0.808899998664856
3QIB_ABP_CD,3QIB,KA67A,EB64A,K,E,A,B,67,64,0,24.805,0,-1,1.50637316109102,0.5658411434531176,1.2122689863728227,-0.27173696873492026,0.00286565232090652,0.005715926643460989,1.537799835205078e-05,0.03436640836298466,-0.03150075604207814
3QIB_ABP_CD,3QIB,YP6F,TP11S,Y,T,P,P,6,11,0,16.192,0,5,1.2164246993766787,0.10796839609752833,1.0752408686439425,0.03321543463520782,0.0005935669178143144,-0.0013353347312659025,0.0025224685668945312,0.0007019917393336073,-0.00010842482151929289
3S9D_A_B,3S9D,DB91A,FA20A,D,F,B,A,91,20,1,15.888,0,-1,2.383759624586303,1.3373225873989423,0.7129766491354615,0.33346038805189926,0.014118027640506625,0.0311276912689209,-0.002891635987907648,0.0,0.014118027640506625
3S9D_A_B,3S9D,DB91A,LA124A,D,L,B,A,91,124,1,18.183,0,-1,3.0200729316176336,1.3373225873989423,1.3635602050590228,0.31919013915966854,0.00943860411643982,0.012797415256500244,0.0060797929763793945,0.0,0.00943860411643982
3S9D_A_B,3S9D,DB91A,LA19A,D,L,B,A,91,19,1,12.912,0,-1,2.943057202313102,1.3373225873989423,1.0166214957567639,0.5891131191573957,0.013442039489746094,0.007908821105957031,0.018975257873535156,0.0,0.013442039489746094
3S9D_A_B,3S9D,DB91A,RA115A,D,R,B,A,91,115,1,15.699,0,-1,3.6706564875411947,1.3373225873989423,2.178553575342405,0.1547803247998476,0.009595036506652832,0.01056206226348877,0.008628010749816895,0.0,0.009595036506652832
3S9D_A_B,3S9D,DB91A,SA123A,D,S,B,A,91,123,1,13.506,0,-1,2.677742932547718,1.3373225873989423,1.0992749306399467,0.24114541450882898,0.01671276497654617,0.02652275562286377,0.006902774330228567,0.0,0.01671276497654617
3S9D_A_B,3S9D,EB66A,AA116G,E,A,B,A,66,116,1,8.737,0,-1,5.039011752586835,2.411308157863734,2.076536854194484,0.5511667405286169,-0.012834171764552593,-0.009572505950927734,-0.016095837578177452,0.0,-0.012834171764552593
3S9D_A_B,3S9D,EB66A,LA124A,E,L,B,A,66,124,1,10.11,0,-1,3.768100441568522,2.411308157863734,1.3635602050590228,-0.006767921354234652,0.05137774348258972,0.10512876510620117,-0.0023732781410217285,0.0,0.05137774348258972
3S9D_A_B,3S9D,EB66A,LA23A,E,L,B,A,66,23,1,13.617,0,-1,6.055446898589324,2.411308157863734,3.8083122357924606,-0.16417349506687096,0.05166363716125488,0.11277884244918823,-0.009451568126678467,0.0,0.05166363716125488
3S9D_A_B,3S9D,EB66A,LA8A,E,L,B,A,66,8,1,12.476,0,-1,4.090680615177067,2.411308157863734,1.3635602050590228,0.31581225225431053,0.04981246031820774,0.043860483914613724,0.05576443672180176,0.0,0.04981246031820774
3S9D_A_B,3S9D,EB66A,MA119A,E,M,B,A,66,119,1,9.033,0,-1,4.97873739749481,2.411308157863734,2.2883468932934,0.27908234633767615,0.03679115418344736,0.015952562913298607,0.057629745453596115,0.0,0.03679115418344736
3S9D_A_B,3S9D,EB66A,RA115A,E,R,B,A,66,115,1,13.606,0,-1,4.656521758630186,2.411308157863734,2.178553575342405,0.06666002542404703,0.063303142786026,0.04757416248321533,0.07903212308883667,0.0,0.063303142786026
3S9D_A_B,3S9D,EB66A,RA120A,E,R,B,A,66,120,1,6.538,1,-1,3.630830614990246,2.411308157863734,3.086632247917872,-1.86710979079136,1.0184074938297272,1.0713143348693848,0.9655006527900696,0.0,1.0184074938297272
3S9D_A_B,3S9D,EB66A,SA123A,E,S,B,A,66,123,1,9.216,0,-1,3.5421137804014275,2.411308157863734,1.0992749306399467,0.03153069189774671,0.04240598529577255,0.08057813346385956,0.004233837127685547,0.0,0.04240598529577255
3S9D_A_B,3S9D,HB65A,LA124A,H,L,B,A,65,124,1,5.321,1,-1,2.9381016363835584,0.638619781895647,1.3635602050590228,0.9359216494288884,-0.056879572570323944,-0.2383834570646286,0.12462431192398071,0.0,-0.056879572570323944
3S9D_A_B,3S9D,HB65A,LA19A,H,L,B,A,65,19,1,15.653,0,-1,3.0551237924330605,0.638619781895647,1.0166214957567639,1.3998825147806495,0.019765928387641907,0.014324158430099487,0.025207698345184326,0.0,0.019765928387641907
3S9D_A_B,3S9D,HB65A,LA8A,H,L,B,A,65,8,1,10.216,0,-1,4.014979396229823,0.638619781895647,1.3635602050590228,2.0127994092751527,0.06345754116773605,0.059056900441646576,0.06785818189382553,0.0,0.06345754116773605
3S9D_A_B,3S9D,HB65A,RA120A,H,R,B,A,65,120,1,5.504,1,-1,3.844617906920394,0.638619781895647,3.086632247917872,0.11936587710687485,0.1354623232036829,0.21866726875305176,0.05225737765431404,0.0,0.1354623232036829
3S9D_A_B,3S9D,HB65A,RA5A,H,R,B,A,65,5,1,13.533,0,-1,2.213398135276874,0.638619781895647,0.6215919649341703,0.9531863884470564,0.06030416488647461,0.055904924869537354,0.06470340490341187,0.0,0.06030416488647461
3S9D_A_B,3S9D,HB65A,SA123A,H,S,B,A,65,123,1,4.913,1,-1,1.1351760237231796,0.638619781895647,1.0992749306399467,-0.6027186888124142,0.2808634787797928,0.3771139085292816,0.18461304903030396,0.0,0.2808634787797928
3S9D_A_B,3S9D,IB34A,AA116G,I,A,B,A,34,116,1,8.892,0,-1,4.47202333075201,1.8517170380938288,2.076536854194484,0.5437694384636971,-0.005378365516662598,-0.0021764039993286133,-0.008580327033996582,0.0,-0.005378365516662598
3S9D_A_B,3S9D,IB34A,LA124A,I,L,B,A,34,124,1,13.324,0,-1,3.5597923073222577,1.8517170380938288,1.3635602050590228,0.34451506416940614,0.01626888127066195,0.025490904226899147,0.007046858314424753,0.0,0.01626888127066195
3S9D_A_B,3S9D,IB34A,MA119A,I,M,B,A,34,119,1,11.429,0,-1,4.233155082104222,1.8517170380938288,2.2883468932934,0.09309115071699336,0.1132984571158886,0.14446473121643066,0.08213218301534653,0.0,0.1132984571158886
3S9D_A_B,3S9D,IB34A,RA115A,I,R,B,A,34,115,1,14.131,0,-1,4.269275219640775,1.8517170380938288,2.178553575342405,0.23900460620454167,0.008553723455406725,0.002117832424119115,0.014989614486694336,0.0,0.008553723455406725
3S9D_A_B,3S9D,IB34A,RA120A,I,R,B,A,34,120,1,8.85,0,-1,4.999518009418007,1.8517170380938288,3.086632247917872,0.0611687234063063,0.06449082493782043,0.09899729490280151,0.029984354972839355,0.0,0.06449082493782043
3S9D_A_B,3S9D,IB34A,SA123A,I,S,B,A,34,123,1,13.024,0,-1,3.005450295525002,1.8517170380938288,1.0992749306399467,0.05445832679122642,0.016408300027251244,0.019177626818418503,0.013638973236083984,0.0,0.016408300027251244
3S9D_A_B,3S9D,IB90A,FA20A,I,F,B,A,90,20,1,18.485,0,-1,2.8150127591259944,1.6418900904659794,0.7129766491354615,0.46014601952455336,0.01158316945657134,0.014511704444885254,0.008654634468257427,0.0,0.01158316945657134
3S9D_A_B,3S9D,IB90A,LA124A,I,L,B,A,90,124,1,15.346,0,-1,3.3452472588295996,1.6418900904659794,1.3635602050590228,0.3397969633045974,0.016377508640289307,0.016218364238739014,0.0165366530418396,0.0,0.016377508640289307
3S9D_A_B,3S9D,IB90A,LA19A,I,L,B,A,90,19,1,14.251,0,-1,3.0343431805098637,1.6418900904659794,1.0166214957567639,0.37583159428712043,0.016380220651626587,0.00909048318862915,0.023669958114624023,0.0,0.016380220651626587
3S9D_A_B,3S9D,IB90A,LA23A,I,L,B,A,90,23,1,20.674,0,-1,5.447091598522861,1.6418900904659794,3.8083122357924606,-0.0031107277355792995,0.016863653901964426,0.019344747066497803,0.01438256073743105,0.0,0.016863653901964426
3S9D_A_B,3S9D,IB90A,LA8A,I,L,B,A,90,8,1,6.324,1,-1,3.7387990110877736,1.6418900904659794,1.3635602050590228,0.7333487155627711,0.12482643127441406,0.3369143605232239,-0.08726149797439575,0.0,0.12482643127441406
3S9D_A_B,3S9D,IB90A,MA119A,I,M,B,A,90,119,1,9.375,0,-1,4.033528146191603,1.6418900904659794,2.2883468932934,0.1032911624322237,0.054665207862854004,0.05686616897583008,0.05246424674987793,0.0,0.054665207862854004
3S9D_A_B,3S9D,IB90A,RA115A,I,R,B,A,90,115,1,13.68,0,-1,3.523891214239025,1.6418900904659794,2.178553575342405,-0.29655245156935917,0.0013438861351460218,-0.004170576576143503,0.006858348846435547,0.0,0.0013438861351460218
3S9D_A_B,3S9D,IB90A,RA120A,I,R,B,A,90,120,1,13.029,0,-1,4.906271851914867,1.6418900904659794,3.086632247917872,0.17774951353101542,0.04956052266061306,0.06972098350524902,0.029400061815977097,0.0,0.04956052266061306
3S9D_A_B,3S9D,IB90A,SA123A,I,S,B,A,90,123,1,10.094,0,-1,3.2553497611582625,1.6418900904659794,1.0992749306399467,0.5141847400523363,0.0783766619861126,0.1089043840765953,0.04784893989562988,0.0,0.0783766619861126
3S9D_A_B,3S9D,MB35V,AA116G,M,A,B,A,35,116,1,4.122,1,-1,5.297923941914543,2.373966334264109,2.076536854194484,0.8474207534559497,0.31090572476387024,-0.5627976059913635,1.184609055519104,0.0,0.31090572476387024
3S9D_A_B,3S9D,MB35V,LA124A,M,L,B,A,35,124,1,13.557,0,-1,4.53117292449394,2.373966334264109,1.3635602050590228,0.793646385170808,0.0022771198564441875,0.00031153360032476485,0.00424270611256361,0.0,0.0022771198564441875
3S9D_A_B,3S9D,MB35V,LA19A,M,L,B,A,35,19,1,6.423,1,-1,4.314785628912531,2.373966334264109,1.0166214957567639,0.9241977988916577,-1.927508294582367,-1.3247779607772827,-2.530238628387451,0.0,-1.927508294582367
3S9D_A_B,3S9D,MB35V,LA23A,M,L,B,A,35,23,1,8.13,0,-1,7.110753546794701,2.373966334264109,3.8083122357924606,0.9284749767381313,0.4867493808269501,0.2947370409965515,0.6787617206573486,0.0,0.4867493808269501
3S9D_A_B,3S9D,MB35V,LA8A,M,L,B,A,35,8,1,13.966,0,-1,4.425451918846317,2.373966334264109,1.3635602050590228,0.6879253795231852,3.139674663543701e-05,0.0047563910484313965,-0.0046935975551605225,0.0,3.139674663543701e-05
3S9D_A_B,3S9D,MB35V,MA119A,M,M,B,A,35,119,1,8.609,0,-1,5.454240820236091,2.373966334264109,2.2883468932934,0.791927592678582,0.10099698230624199,0.10528039932250977,0.09671356528997421,0.0,0.10099698230624199
3S9D_A_B,3S9D,MB35V,RA115A,M,R,B,A,35,115,1,9.158,0,-1,3.7034340761876576,2.373966334264109,2.178553575342405,-0.8490858334188562,0.06013204716145992,0.061463117599487305,0.05880097672343254,0.0,0.06013204716145992
3S9D_A_B,3S9D,MB35V,RA120A,M,R,B,A,35,120,1,7.519,1,-1,6.063967717146876,2.373966334264109,3.086632247917872,0.6033691349648951,0.0314707076177001,-0.026451746001839638,0.08939316123723984,0.0,0.0314707076177001
3S9D_A_B,3S9D,MB35V,SA123A,M,S,B,A,35,123,1,12.583,0,-1,4.078716841149154,2.373966334264109,1.0992749306399467,0.6054755762450981,0.0009877026022877544,0.0014432072639465332,0.0005321979406289756,0.0,0.0009877026022877544
3S9D_A_B,3S9D,RA120A,EB66A,R,E,A,B,120,66,1,6.538,1,-1,3.6008604993513216,3.086632247917872,2.411308157863734,-1.8970799064302843,1.0184074938297272,0.9655006527900696,1.0713143348693848,0.0,1.0184074938297272
3S9D_A_B,3S9D,TB33A,AA116G,T,A,B,A,33,116,1,11.817,0,-1,4.349444739327658,1.6660643315779893,2.076536854194484,0.6068435535551844,-0.009073575492948294,-0.004495859146118164,-0.013651291839778423,0.0,-0.009073575492948294
3S9D_A_B,3S9D,TB33A,FA20A,T,F,B,A,33,20,1,9.265,0,-1,3.0200729316176336,1.6660643315779893,0.7129766491354615,0.6410319509041827,-0.05968209356069565,0.032599806785583496,-0.1519639939069748,0.0,-0.05968209356069565
3S9D_A_B,3S9D,TB33A,LA124A,T,L,B,A,33,124,1,18.659,0,-1,3.310907977656843,1.6660643315779893,1.3635602050590228,0.2812834410198308,0.0044852017890661955,0.0031668185256421566,0.005803585052490234,0.0,0.0044852017890661955
3S9D_A_B,3S9D,TB33A,LA19A,T,L,B,A,33,19,1,9.424,0,-1,3.3932887252911232,1.6660643315779893,1.0166214957567639,0.7106028979563701,0.005348851904273033,-0.022291719913482666,0.03298942372202873,0.0,0.005348851904273033
3S9D_A_B,3S9D,TB33A,LA23A,T,L,B,A,33,23,1,6.933,1,-1,5.95870029117202,1.6660643315779893,3.8083122357924606,0.48432372380157007,0.4922794699668884,0.878477156162262,0.10608178377151489,0.0,0.4922794699668884
3S9D_A_B,3S9D,TB33A,LA8A,T,L,B,A,33,8,1,20.12,0,-1,3.5769583403358967,1.6660643315779893,1.3635602050590228,0.5473338036988846,0.0025748908519744873,0.00564265251159668,-0.0004928708076477051,0.0,0.0025748908519744873
3S9D_A_B,3S9D,TB33A,MA119A,T,M,B,A,33,119,1,15.679,0,-1,4.461986028208747,1.6660643315779893,2.2883468932934,0.5075748033373575,0.016725704073905945,0.004489392042160034,0.028962016105651855,0.0,0.016725704073905945
3S9D_A_B,3S9D,TB33A,RA115A,T,R,B,A,33,115,1,16.684,0,-1,4.046430326975479,1.6660643315779893,2.178553575342405,0.20181242005508437,0.002716612769290805,-0.00035452842712402344,0.005787753965705633,0.0,0.002716612769290805
3S9D_A_B,3S9D,TB33A,RA120A,T,R,B,A,33,120,1,13.824,0,-1,5.26624865554097,1.6660643315779893,3.086632247917872,0.5135520760451087,0.006730028660967946,0.009470701217651367,0.003989356104284525,0.0,0.006730028660967946
3S9D_A_B,3S9D,TB33A,SA123A,T,S,B,A,33,123,1,18.182,0,-1,3.0618917137872947,1.6660643315779893,1.0992749306399467,0.2965524515693587,0.004916006349958479,0.006022512912750244,0.0038094997871667147,0.0,0.004916006349958479
3S9D_A_B,3S9D,WB87A,LA124A,W,L,B,A,87,124,1,13.069,0,-1,2.943057202313102,1.0477479528047113,1.3635602050590228,0.5317490444493678,0.030234375968575478,0.048137981444597244,0.012330770492553711,0.0,0.030234375968575478
3S9D_A_B,3S9D,WB87A,LA8A,W,L,B,A,87,8,1,6.928,1,-1,3.0751998395226394,1.0477479528047113,1.3635602050590228,0.6638916816589053,-0.01891465112566948,0.02707672119140625,-0.06490602344274521,0.0,-0.01891465112566948
3S9D_A_B,3S9D,WB87A,MA119A,W,M,B,A,87,119,1,6.575,1,-1,3.844617906920394,1.0477479528047113,2.2883468932934,0.5085230608222826,0.40468238294124603,0.44685572385787964,0.3625090420246124,0.0,0.40468238294124603
3S9D_A_B,3S9D,WB87A,RA5A,W,R,B,A,87,5,1,10.948,0,-1,2.3398738711286353,1.0477479528047113,0.6215919649341703,0.6705339533897536,0.04629822541028261,0.0675821304321289,0.025014320388436317,0.0,0.04629822541028261
3S9D_A_B,3S9D,WB87A,SA123A,W,S,B,A,87,123,1,8.56,0,-1,2.75034639374513,1.0477479528047113,1.0992749306399467,0.6033235103004717,-0.024446193128824234,0.04965105652809143,-0.0985434427857399,0.0,-0.024446193128824234
3SE4_B_C,3SE4,KB134A,EC69A,K,E,B,C,134,69,1,6.079,1,-1,1.901418819852294,1.787773345432283,1.3822066234518382,-1.2685611490318272,0.8616511821746826,1.4986138343811035,0.22468852996826172,0.0,0.8616511821746826
3SE4_B_C,3SE4,KB134R,EC69A,K,E,B,C,134,69,1,6.079,1,-1,1.4008530418446534,-0.9360896484716519,1.3822066234518382,0.9547360668644669,0.09683363139629364,0.3001779019832611,-0.10651063919067383,0.0,0.09683363139629364
3SGB_E_I,3SGB,AI9D,GI26A,A,G,I,I,9,26,0,13.481,0,17,1.066076048500484,0.46977324178293234,1.2755502366103055,-0.6792474298927538,-0.0005847295105922967,-0.00057897565420717,-0.0005904833669774234,-0.016799449920654297,0.016214720410062
3SGB_E_I,3SGB,AI9D,LI12A,A,L,I,I,9,12,0,9.415,0,3,2.5833424664644173,0.46977324178293234,2.9315139160221024,-0.8179446913406174,0.007089048624038696,0.024535417556762695,-0.010357320308685303,-0.1237044557929039,0.1307935044169426
3SGB_E_I,3SGB,AI9R,LI12R,A,L,I,I,9,12,0,9.415,0,3,5.077154845832633,2.0074223412912264,3.3202737558910536,-0.25054125134964655,0.010374963283538818,-0.03263866901397705,0.05338859558105469,0.3016268014907837,-0.2912518382072449
3SGB_E_I,3SGB,AI9T,LI12M,A,L,I,I,9,12,0,9.415,0,3,0.46977324178293234,0.32648227207346525,0.4469991997700188,-0.3037082300605517,0.06149160861968994,0.06425118446350098,0.058732032775878906,-0.022291401866823435,0.08378301048651338
3SGB_E_I,3SGB,AI9V,TI11S,A,T,I,I,9,11,0,8.039,0,2,1.5854002653603883,-0.7121266479439918,2.4678310371055963,-0.17030412380121618,0.14770489931106567,0.16873197257518768,0.12667782604694366,0.07149754092097282,0.07620735839009285
3SGB_E_I,3SGB,LI12I,GI26D,L,G,I,I,12,26,0,7.241,1,14,5.764382235831141,4.419124852316536,1.6024595169648859,-0.25720213345028076,0.03683924674987793,0.02596104145050049,0.04771745204925537,-0.0009708963334560394,0.03781014308333397
3SGB_E_I,3SGB,LI12M,GI26D,L,G,I,I,12,26,0,7.241,1,14,2.2436094623831533,0.4469991997700188,1.6024595169648859,0.19415074564824875,0.08108830451965332,0.05077719688415527,0.11139941215515137,0.1041392832994461,-0.023050978779792786
3SGB_E_I,3SGB,LI12M,YI14Q,L,Y,I,I,12,14,0,7.597,1,2,3.7241248046994024,0.4469991997700188,3.235557049949202,0.04156855498018164,-0.08480900526046753,-0.09682261943817139,-0.07279539108276367,-0.11440116539597511,0.029592160135507584
3SGB_E_I,3SGB,NI22S,GI26A,N,G,I,I,22,26,0,14.864,0,4,1.3116712486312136,0.009710548058064919,1.2755502366103055,0.0264104639628433,0.018268827814608812,0.02733450010418892,0.009203155525028706,-0.013770043849945068,0.03203887166455388
3SGB_E_I,3SGB,TI11K,LI12R,T,L,I,I,11,12,0,5.563,1,1,5.233699127772063,2.0074223412912264,3.3202737558910536,-0.09399696941021718,-0.006941944360733032,-0.017653346061706543,0.0037694573402404785,0.06936556845903397,-0.076307512819767
3SGB_E_I,3SGB,TI11P,LI12K,T,L,I,I,11,12,0,5.563,1,1,6.23267607705662,3.1379577292886216,3.1379577292886216,-0.0432393815206229,-0.29252076148986816,-0.2562989592552185,-0.3287425637245178,-0.36382998526096344,0.07130922377109528
3SGB_E_I,3SGB,TI11R,LI12R,T,L,I,I,11,12,0,5.563,1,1,5.475098705861474,1.9453995358331229,3.3202737558910536,0.20942541413729776,0.11164474487304688,0.08700835704803467,0.13628113269805908,0.199676051735878,-0.08803130686283112
4B0M_A_BM,4B0M,PM98S,PM99A,P,P,M,M,98,99,0,5.569,1,1,2.0716224137674266,0.7577357056164624,1.9149198716922284,-0.6010331635412642,0.04945267364382744,-0.07664289325475693,0.1755482405424118,0.0374748557806015,0.011977817863225937
4B0M_A_BM,4B0M,YM9G,YM37A,Y,Y,M,M,9,37,0,9.599,0,28,2.2037650509769646,0.6289866975957373,1.652199796262295,-0.07742144288106778,-0.018083970993757248,0.07700029760599136,-0.11316823959350586,0.03697698190808296,-0.05506095290184021
4G0N_A_B,4G0N,FB8W,NB18R,F,N,B,B,8,18,0,16.945,0,10,-0.28751125804616073,0.6031833311844664,-0.6979837806626557,-0.19271080856797151,0.061707548797130585,0.08240719884634018,0.04100789874792099,0.04437740705907345,0.017330141738057137
4G0N_A_B,4G0N,KB31A,DA33A,K,D,B,A,31,33,1,7.556,1,-1,2.7002900481886476,2.200238060095798,0.8945077562521605,-0.3944557681593107,1.0651400089263916,1.057542085647583,1.0727379322052002,0.0,1.0651400089263916
4G0N_A_B,4G0N,KB31A,EA31A,K,E,B,A,31,31,1,9.152,0,-1,2.1002735371425247,2.200238060095798,0.9445346681885247,-1.0444991911417978,0.8178331553936005,0.9268637895584106,0.7088025212287903,0.0,0.8178331553936005
4G0N_A_B,4G0N,KB31A,EA37A,K,E,B,A,31,37,1,14.338,0,-1,3.4996384026533907,2.200238060095798,1.8006412824586262,-0.5012409399010334,0.05833849310874939,0.02254939079284668,0.0941275954246521,0.0,0.05833849310874939
4G0N_A_B,4G0N,NB11A,RA41A,N,R,B,A,11,41,1,5.028,1,-1,-0.5998165205147215,0.4358299542775585,-0.35374444863725935,-0.6819020261550206,0.05412612855434418,0.313285231590271,-0.20503297448158264,0.0,0.05412612855434418
4G0N_A_B,4G0N,NB11A,VA45A,N,V,B,A,11,45,1,17.726,0,-1,0.0,0.4358299542775585,-0.3003154681268879,-0.13551448615067058,0.053806247189641,0.07361845672130585,0.03399403765797615,0.0,0.053806247189641
4G0N_A_B,4G0N,NB18R,AB32K,N,A,B,B,18,32,0,10.663,0,14,-1.2788177925885793,-0.6979837806626557,-1.1084563032791503,0.5276222913532267,-0.13792143762111664,-0.13792143762111664,nan,-0.057847172021865845,-0.0800742655992508
4G0N_A_B,4G0N,QB13A,RA41A,Q,R,B,A,13,41,1,5.305,1,-1,1.3001630326360971,2.2423477746300424,-0.35374444863725935,-0.5884402933566859,-0.4308333545923233,-0.4242830276489258,-0.4373836815357208,0.0,-0.4308333545923233
4G0N_A_B,4G0N,QB13A,SA39A,Q,S,B,A,13,39,1,5.04,1,-1,2.1002735371425247,2.2423477746300424,0.30032117756763216,-0.44239541505514984,0.12100008130073547,0.02155125141143799,0.22044891119003296,0.0,0.12100008130073547
4G0N_A_B,4G0N,QB13A,VA45A,Q,V,B,A,13,45,1,20.193,0,-1,1.6027014011306406,2.2423477746300424,-0.3003154681268879,-0.33933090537251387,0.00755302095785737,0.012263734824955463,0.0028423070907592773,0.0,0.00755302095785737
4G0N_A_B,4G0N,RB14A,SA39A,R,S,B,A,14,39,1,4.828,1,-1,2.300547049079437,2.001382836560122,0.30032117756763216,-0.00115696504831736,-0.08842905377969146,0.012929041869938374,-0.1897871494293213,0.0,-0.08842905377969146
4G0N_A_B,4G0N,RB14A,VA45A,R,V,B,A,14,45,1,24.941,0,-1,1.8006412824586262,2.001382836560122,-0.3003154681268879,0.09957391402539206,0.0025453884930612958,0.0050910948775708675,-3.178914482759865e-07,0.0,0.0025453884930612958
4G0N_A_B,4G0N,RB6A,DA33A,R,D,B,A,6,33,1,16.591,0,-1,2.599892262202571,2.0383180020945937,0.8945077562521605,-0.3329334961441833,0.007058560848236084,0.013115286827087402,0.0010018348693847656,0.0,0.007058560848236084
4G0N_A_B,4G0N,RB6A,DA38A,R,D,B,A,6,38,1,11.177,0,-1,4.598803700961347,2.0383180020945937,2.9170490380241185,-0.35656333915736527,0.03767601680010557,0.05470430850982666,0.020647725090384483,0.0,0.03767601680010557
4G0N_A_B,4G0N,RB6A,EA31A,R,E,B,A,6,31,1,21.848,0,-1,2.200238060095798,2.0383180020945937,0.9445346681885247,-0.7826146101873206,0.016072288155555725,0.031871944665908813,0.0002726316452026367,0.0,0.016072288155555725
4G0N_A_B,4G0N,RB6A,EA37A,R,E,B,A,6,37,1,7.489,1,-1,2.4004628237782297,2.0383180020945937,1.8006412824586262,-1.4384964607749902,0.5597031712532043,0.7566711902618408,0.36273515224456787,0.0,0.5597031712532043
4G0N_A_B,4G0N,RB6A,IA36A,R,I,B,A,6,36,1,8.866,0,-1,4.398664486053784,2.0383180020945937,1.8006412824586262,0.5597052015005641,0.056094974279403687,0.08485698699951172,0.027332961559295654,0.0,0.056094974279403687
4G0N_A_B,4G0N,RB6A,NB11D,R,N,B,B,6,11,0,16.511,0,5,3.419674805388326,2.0383180020945937,1.8081599202626608,-0.4268031169689286,0.020017355680465698,0.042748093605041504,-0.0027133822441101074,0.029592171931653866,-0.009574816251188167
4G0N_A_B,4G0N,TA35A,AB32K,T,A,A,B,35,32,1,10.87,0,-1,2.577644242602619,2.662174818925342,-1.1084563032791503,1.0239257269564275,-0.16643811762332916,-0.019539982080459595,-0.31333625316619873,0.0,-0.16643811762332916
4G0N_A_B,4G0N,TA35A,NB18R,T,N,A,B,35,18,1,10.019,0,-1,2.098886173453027,2.662174818925342,-0.6979837806626557,0.1346951351903405,-0.022051503183320165,-0.038171231746673584,-0.005931774619966745,0.0,-0.022051503183320165
4G0N_A_B,4G0N,TB15A,DA38A,T,D,B,A,15,38,1,4.931,1,-1,3.099975609947526,1.8284227873616987,2.9170490380241185,-1.6454962154382913,2.464021682739258,2.6938462257385254,2.2341971397399902,0.0,2.464021682739258
4G0N_A_B,4G0N,TB15A,EA31A,T,E,B,A,15,31,1,15.996,0,-1,1.6027014011306406,1.8284227873616987,0.9445346681885247,-1.1702560544195828,0.00870409607887268,0.015424966812133789,0.0019832253456115723,0.0,0.00870409607887268
4G0N_A_B,4G0N,TB15A,EA37A,T,E,B,A,15,37,1,6.626,1,-1,2.8999818678613005,1.8284227873616987,1.8006412824586262,-0.7290822019590244,-0.015380763914436102,-0.03555774688720703,0.004796219058334827,0.0,-0.015380763914436102
4G0N_A_B,4G0N,TB15A,IA21A,T,I,B,A,15,21,1,11.843,0,-1,2.200238060095798,1.8284227873616987,0.9000619594182708,-0.5282466866841717,0.0587608627974987,0.04166305065155029,0.07585867494344711,0.0,0.0587608627974987
4G0N_A_B,4G0N,TB15A,IA36A,T,I,B,A,15,36,1,8.195,0,-1,3.099975609947526,1.8284227873616987,1.8006412824586262,-0.529088459872799,0.05855745356529951,0.026778778061270714,0.09033612906932831,0.0,0.05855745356529951
4G0N_A_B,4G0N,TB15A,SA39A,T,S,B,A,15,39,1,7.139,1,-1,2.001382836560122,1.8284227873616987,0.30032117756763216,-0.12736112836920882,0.022183712106198072,0.00783101748675108,0.036536406725645065,0.0,0.022183712106198072
4G0N_A_B,4G0N,TB15A,VA45A,T,V,B,A,15,45,1,25.875,0,-1,1.1002131044808692,1.8284227873616987,-0.3003154681268879,-0.4278942147539416,5.5462121963500977e-05,0.00011140108108520508,-4.76837158203125e-07,0.0,5.5462121963500977e-05
4G0N_A_B,4G0N,VB16A,EA37A,V,E,B,A,16,37,1,4.164,1,-1,2.800038898927321,1.000146590440926,1.8006412824586262,-0.0007489739722312816,0.12377048842608929,0.03285808488726616,0.21468289196491241,0.0,0.12377048842608929
4G0N_A_B,4G0N,VB16A,IA21A,V,I,B,A,16,21,1,15.62,0,-1,1.6027014011306406,1.000146590440926,0.9000619594182708,-0.2975071487285561,0.012933433055877686,0.027379989624023438,-0.0015131235122680664,0.0,0.012933433055877686
4G0N_A_B,4G0N,VB16A,IA36A,V,I,B,A,16,36,1,3.958,1,-1,2.7002900481886476,1.000146590440926,1.8006412824586262,-0.10049782471090452,0.01795939728617668,0.10617240518331528,-0.07025361061096191,0.0,0.01795939728617668
4G0N_A_B,4G0N,VB35A,HA27A,V,H,B,A,35,27,1,6.643,1,-1,0.19892317285375047,-0.003624018212049912,-0.3003154681268879,0.5028626591926884,0.22368993610143661,0.17191822826862335,0.2754616439342499,0.0,0.22368993610143661
4G0N_A_B,4G0N,VB35A,IA21A,V,I,B,A,35,21,1,4.917,1,-1,0.30032117756763216,-0.003624018212049912,0.9000619594182708,-0.5961167636385888,0.30027419328689575,-0.029968738555908203,0.6305171251296997,0.0,0.30027419328689575
4G2V_A_B,4G2V,RA198E,NA260R,R,N,A,A,198,260,0,23.194,0,62,2.283432452866342,2.2360322281272476,0.22188846714466404,-0.17448824240556948,0.0003758413458854193,0.0008060932159423828,-5.441052417154424e-05,0.00019732542568817735,0.00017851592019724194
4J2L_A_CD,4J2L,SA34D,LA118E,S,L,A,A,34,118,0,9.911,0,84,0.696695577690451,-0.970056943009498,-0.6308421721222334,2.2975946928221824,0.35812655091285706,0.35966625809669495,0.35658684372901917,0.4036424160003662,-0.045515865087509155
4J2L_A_CD,4J2L,VA23A,LA118E,V,L,A,A,23,118,0,16.222,0,95,0.4366507814542212,0.08985037343840753,-0.6308421721222334,0.9776425801380471,-0.0024542808532714844,0.00044608116149902344,-0.005354642868041992,-0.0013256271777208894,-0.001128653675550595
4J2L_A_CD,4J2L,VA23A,SA34D,V,S,A,A,23,34,0,13.584,0,11,2.265668132874329,0.08985037343840753,-0.970056943009498,3.1458747024454197,0.014355897903442383,0.028965115547180176,-0.00025331974029541016,9.910017251968384e-05,0.014256797730922699
4NKQ_C_AB,4NKQ,DC99K,DB87R,D,D,C,B,99,87,1,8.091,0,-1,0.8148712825244094,-0.3313970115038283,0.20269732976465285,0.943570964263585,-1.7335811853408813,-1.4455420970916748,-2.021620273590088,0.0,-1.7335811853408813
4NKQ_C_AB,4NKQ,DC99K,KB90D,D,K,C,B,99,90,1,9.456,0,-1,-0.501758500813257,-0.3313970115038283,-0.19925437429429038,0.028892884984861644,1.6110373735427856,1.901597261428833,1.3204774856567383,0.0,1.6110373735427856
4NKQ_C_AB,4NKQ,DC99K,RB80D,D,R,C,B,99,80,1,8.794,0,-1,0.17637358838773526,-0.3313970115038283,-0.07735153122609024,0.5851221311176539,1.6091963052749634,1.7172374725341797,1.501155138015747,0.0,1.6091963052749634
4NKQ_C_AB,4NKQ,RB80D,KB90D,R,K,B,B,80,90,0,8.975,0,10,1.3131308858750363,-0.07735153122609024,-0.19925437429429038,1.589736791395417,-0.04820095980539918,-0.010945153422653675,-0.08545676618814468,-0.11362292617559433,0.06542196637019515
4OFY_A_D,4OFY,QA34A,FA40A,Q,F,A,A,34,40,0,10.609,0,6,4.1388524187520925,1.1762294551826238,4.602392067465458,-1.6397691038959894,0.09912965819239616,0.1264350861310959,0.07182423025369644,0.08073022961616516,0.018399428576231003
4RA0_A_C,4RA0,AC66V,RC101G,A,R,C,C,66,101,0,23.56,0,35,0.9530876824425278,0.9307383631839847,0.24737721861396067,-0.22502789935541756,-0.00027538836002349854,-0.0005703866481781006,1.9609928131103516e-05,-0.0010571122111286968,0.0007817238511051983
4RS1_A_B,4RS1,DA28K,DA92K,D,D,A,A,28,92,0,11.847,0,64,4.121055820517382,3.6178149993486723,3.4769722401334437,-2.973731418964734,0.02823128318414092,0.04514443874359131,0.011318127624690533,0.05598077178001404,-0.027749488595873117
4RS1_A_B,4RS1,EA25K,DA28K,E,D,A,A,25,28,0,7.353,1,3,4.121055820517382,2.1391792366850817,3.6178149993486723,-1.6359384155163719,0.02529214695096016,-0.04939832538366318,0.0999826192855835,-0.34555619210004807,0.3708483390510082
4RS1_A_B,4RS1,EA25K,DA92K,E,D,A,A,25,92,0,11.248,0,67,4.121055820517382,2.1391792366850817,3.4769722401334437,-1.4950956563011433,-0.032903969287872314,-0.0612560510635376,-0.004551887512207031,0.030724545940756798,-0.06362851522862911
4RS1_A_B,4RS1,LA95A,FA99A,L,F,A,A,95,99,0,11.418,0,4,4.121055820517382,2.3645274215932384,3.624700968480194,-1.8681725695560503,-0.046426097862422466,-0.021151145920157433,-0.0717010498046875,0.1489403396844864,-0.19536643754690886
4WND_A_B,4WND,RA201E,NA263R,R,N,A,A,201,263,0,22.547,0,62,3.8556527604867745,2.7945966819467185,-0.020780611923196808,1.0818366904632528,-7.885297054599505e-05,-0.0001148382798419334,-4.28676612500567e-05,-0.0008448203589068726,0.0007659673883608775
5E9D_AB_CDE,5E9D,GD27E,AE98Y,G,A,D,E,27,98,0,23.728,0,-1,-1.3098758963395323,-0.4791424187803485,-0.8994033737230375,0.06866989616385377,0.010449985973536968,0.01634248159825802,0.004557490348815918,0.015927915112115443,-0.0054779291385784745
5E9D_AB_CDE,5E9D,GD27E,TD90Q,G,T,D,D,27,90,0,10.42,0,63,-1.5499869296465985,-0.4791424187803485,-0.5736732635769858,-0.4971712472892641,0.012123743654228747,0.0035343964118510485,0.020713090896606445,0.014093279838562012,-0.001969536184333265
5E9D_AB_CDE,5E9D,GD27E,VE49D,G,V,D,E,27,49,0,21.56,0,-1,-1.2019075002420039,-0.4791424187803485,-0.4324894328442497,-0.2902756486174056,0.002247333526611328,-0.0009304285049438477,0.005425095558166504,0.001870957959908992,0.0003763755667023361
5E9D_AB_CDE,5E9D,TD90Q,AE98Y,T,A,D,E,90,98,0,16.701,0,-1,-1.2716570442396413,-0.5736732635769858,-0.8994033737230375,0.20141959306038193,-0.0010239282855764031,-0.0021949608344584703,0.00014710426330566406,0.0023415684700012207,-0.003365496755577624
5M2O_A_B,5M2O,EA80A,HA117A,E,H,A,A,80,117,0,13.575,0,37,2.6137045872654743,0.723015933444505,0.912257311452981,0.9784313423679883,0.07210756279528141,0.04630867764353752,0.0979064479470253,0.1668734960258007,-0.0947659332305193
5M2O_A_B,5M2O,EA80A,NA120A,E,N,A,A,80,120,0,10.758,0,40,1.2510429511799448,0.723015933444505,0.46478601729245855,0.06324100044298125,0.10482964292168617,0.07350198179483414,0.1361573040485382,0.19137641042470932,-0.08654676750302315
5M2O_A_B,5M2O,HA117A,NA120A,H,N,A,A,117,120,0,8.258,0,3,2.4163887500164747,0.912257311452981,0.46478601729245855,1.0393454212710351,-0.007290482521057129,-0.01203012466430664,-0.002550840377807617,0.06079137325286865,-0.06808185577392578
5M2O_A_B,5M2O,NA71A,EA80A,N,E,A,A,71,80,0,18.981,0,9,1.062993983696377,0.1599705800619219,0.723015933444505,0.18000747018995022,0.0009565055370330811,-0.007751524448394775,0.009664535522460938,0.04165807366371155,-0.04070156812667847
5M2O_A_B,5M2O,NA71A,HA117A,N,H,A,A,71,117,0,9.855,0,46,2.362498618296549,0.1599705800619219,0.912257311452981,1.290270726781646,-0.027515694499015808,0.011334538459777832,-0.06636592745780945,-0.018918663263320923,-0.008597031235694885
5M2O_A_B,5M2O,NA71A,NA120A,N,N,A,A,71,120,0,15.17,0,49,2.5408564870049766,0.1599705800619219,0.46478601729245855,1.916099889650596,0.01920013129711151,0.013500839471817017,0.024899423122406006,0.09016543626785278,-0.07096530497074127
5M2O_A_B,5M2O,VB21A,QB25A,V,Q,B,B,21,25,0,6.198,1,4,3.427392027948948,2.524718411022802,1.182801156826777,-0.2801275399006311,0.7614230811595917,0.5853702425956726,0.9374759197235107,1.259949952363968,-0.4985268712043762
5UFE_A_B,5UFE,GA12D,QB25R,G,Q,A,B,12,25,1,28.351,0,-1,-0.9746677223022001,-1.2209154599847816,0.2922917110351523,-0.04604397335257082,-0.00020174469682388008,-0.00039979390567168593,-3.6954879760742188e-06,0.0,-0.00020174469682388008
5XCO_A_B,5XCO,DA13C,DB12A,D,D,A,B,13,12,1,18.693,0,-1,2.7961301830353436,0.8108793070376218,2.7961301830353436,-0.8108793070376219,0.001393735408782959,0.0022498369216918945,0.0005376338958740234,0.0,0.001393735408782959
5XCO_A_B,5XCO,DA13C,IB9A,D,I,A,B,13,9,1,16.469,0,-1,2.7961301830353436,0.8108793070376218,2.7961301830353436,-0.8108793070376219,-0.00040608644485473633,-0.0023540854454040527,0.00154191255569458,0.0,-0.00040608644485473633
5XCO_A_B,5XCO,DA13C,LB7A,D,L,A,B,13,7,1,10.629,0,-1,2.7961301830353436,0.8108793070376218,2.746752705465016,-0.7615018294672944,-0.013771116733551025,-0.046299517154693604,0.018757283687591553,0.0,-0.013771116733551025
5XCO_A_B,5XCO,DA13C,PB13A,D,P,A,B,13,13,1,23.656,0,-1,1.7468009564665108,0.8108793070376218,0.6348509163704162,0.30107073305847276,-0.002805252792313695,-0.00561050558462739,0.0,0.0,-0.002805252792313695
5XCO_A_B,5XCO,DA13C,PB6A,D,P,A,B,13,6,1,9.871,0,-1,2.408883644045934,0.8108793070376218,1.078538873622119,0.5194654633861928,0.006278363638557494,0.015606498345732689,-0.0030497710686177015,0.0,0.006278363638557494
5XCO_A_B,5XCO,DA13C,SB10A,D,S,A,B,13,10,1,19.74,0,-1,2.4632508511760625,0.8108793070376218,1.2854344722939772,0.36693707184446334,-0.00042423413833603263,-0.002528286073356867,0.0016798177966848016,0.0,-0.00042423413833603263
5XCO_A_B,5XCO,DA13C,VB14A,D,V,A,B,13,14,1,19.197,0,-1,0.8595796128099737,0.8108793070376218,0.0,0.04870030577235196,-0.001086413860321045,-0.002204716205596924,3.1888484954833984e-05,0.0,-0.001086413860321045
5XCO_A_B,5XCO,DA13C,YB11A,D,Y,A,B,13,11,1,22.439,0,-1,2.7961301830353436,0.8108793070376218,1.899483918855109,0.08576695714261273,-0.002288545947521925,-0.005920580588281155,0.0013434886932373047,0.0,-0.002288545947521925
5XCO_A_B,5XCO,DA13C,YB8A,D,Y,A,B,13,8,1,12.922,0,-1,2.617819759976498,0.8108793070376218,1.3635602050590228,0.4433802478798534,0.02444949746131897,0.045017361640930176,0.0038816332817077637,0.0,0.02444949746131897
5XCO_A_B,5XCO,DA13G,DB12A,D,D,A,B,13,12,1,18.693,0,-1,2.7961301830353436,1.1099898043677754,2.7961301830353436,-1.1099898043677754,0.00014976660895626992,-0.0002763668599072844,0.0005759000778198242,0.0,0.00014976660895626992
5XCO_A_B,5XCO,DA13G,IB9A,D,I,A,B,13,9,1,16.469,0,-1,2.7961301830353436,1.1099898043677754,2.7961301830353436,-1.1099898043677754,-0.0004868507385253906,-0.0069062113761901855,0.005932509899139404,0.0,-0.0004868507385253906
5XCO_A_B,5XCO,DA13G,LB7A,D,L,A,B,13,7,1,10.629,0,-1,2.7961301830353436,1.1099898043677754,2.746752705465016,-1.0606123267974479,0.007914751768112183,-0.07324403524398804,0.0890735387802124,0.0,0.007914751768112183
5XCO_A_B,5XCO,DA13G,PB13A,D,P,A,B,13,13,1,23.656,0,-1,2.121372385999773,1.1099898043677754,0.6348509163704162,0.37653166526158144,-0.0013227065792307258,-0.0026454131584614515,0.0,0.0,-0.0013227065792307258
5XCO_A_B,5XCO,DA13G,PB6A,D,P,A,B,13,6,1,9.871,0,-1,2.452769397503601,1.1099898043677754,1.078538873622119,0.26424071951370665,0.03965346794575453,0.013621902093291283,0.06568503379821777,0.0,0.03965346794575453
5XCO_A_B,5XCO,DA13G,SB10A,D,S,A,B,13,10,1,19.74,0,-1,2.7901785080857358,1.1099898043677754,1.2854344722939772,0.39475423142398314,0.0018532872200012207,0.0005620718002319336,0.003144502639770508,0.0,0.0018532872200012207
5XCO_A_B,5XCO,DA13G,VB14A,D,V,A,B,13,14,1,19.197,0,-1,1.3222280850228731,1.1099898043677754,0.0,0.21223828065509776,0.0003014504909515381,-0.0021554231643676758,0.002758324146270752,0.0,0.0003014504909515381
5XCO_A_B,5XCO,DA13G,YB11A,D,Y,A,B,13,11,1,22.439,0,-1,2.7961301830353436,1.1099898043677754,1.899483918855109,-0.21334354018754076,0.0008118663681671023,-0.003147499868646264,0.004771232604980469,0.0,0.0008118663681671023
5XCO_A_B,5XCO,DA13G,YB8A,D,Y,A,B,13,8,1,12.922,0,-1,2.7402806555497623,1.1099898043677754,1.3635602050590228,0.26673064612296415,0.022461533546447754,0.05112093687057495,-0.006197869777679443,0.0,0.022461533546447754
