complex_id,chain,resnum,icode,masked_negent
1A22_A_B,A,18,,-2.82344
1A22_A_B,A,21,,-2.80453
1A22_A_B,A,22,,-2.82928
1A22_A_B,A,25,,-2.77232
1A22_A_B,A,41,,-2.78402
1A22_A_B,A,42,,-2.83988
1A22_A_B,A,45,,-2.81484
1A22_A_B,A,46,,-2.86018
1A22_A_B,A,48,,-2.7165
1A22_A_B,A,51,,-2.86657
1A22_A_B,A,52,,-2.80329
1A22_A_B,A,56,,-2.73201
1A22_A_B,A,62,,-2.83183
1A22_A_B,A,63,,-2.83108
1A22_A_B,A,64,,-2.8114
1A22_A_B,A,65,,-2.84186
1A22_A_B,A,68,,-2.83363
1A22_A_B,A,153,,-2.81209
1A22_A_B,A,156,,-2.83647
1A22_A_B,A,157,,-2.82709
1A22_A_B,A,160,,-2.69898
1A22_A_B,A,161,,-2.84441
1A22_A_B,A,163,,-2.79347
1A22_A_B,A,164,,-2.77601
1A22_A_B,A,167,,-2.69375
1A22_A_B,A,168,,-2.82021
1A22_A_B,A,171,,-2.79039
1A22_A_B,A,178,,-2.88611
1A22_A_B,A,179,,-2.88692
1A22_A_B,B,11,,-1.56409
1A22_A_B,B,12,,-1.70794
1A22_A_B,B,30,,-2.80284
1A22_A_B,B,33,,-2.80667
1A22_A_B,B,34,,-2.62356
1A22_A_B,B,35,,-2.91201
1A22_A_B,B,57,,-2.57516
1A22_A_B,B,60,,-0.91693
1A22_A_B,B,61,,-2.19112
1A22_A_B,B,62,,-1.52434
1A22_A_B,B,63,,-0.51721
1A22_A_B,B,64,,-1.1814
1A22_A_B,B,65,,-2.68042
1A22_A_B,B,67,,-2.24735
1A22_A_B,B,79,,-2.61146
1A22_A_B,B,80,,-2.14062
1A22_A_B,B,81,,-1.51553
1A22_A_B,B,83,,-2.71448
1A22_A_B,B,85,,-2.24935
1A22_A_B,B,86,,-2.11895
1A22_A_B,B,119,,-2.17761
1A22_A_B,B,120,,-2.14865
1A22_A_B,B,121,,-2.63611
1A22_A_B,B,122,,-2.15254
1A22_A_B,B,123,,-2.17137
1A22_A_B,B,124,,-0.73724
1A22_A_B,B,126,,-2.34213
1A22_A_B,B,172,,-2.63621
1A22_A_B,B,173,,-2.78242
1A22_A_B,B,174,,-2.54161
1A22_A_B,B,175,,-2.69339
1A4Y_A_B,A,10,,-2.3379
1A4Y_A_B,A,11,,-2.38008
1A4Y_A_B,A,36,,-2.54793
1A4Y_A_B,A,63,,-2.21615
1A4Y_A_B,A,64,,-2.40424
1A4Y_A_B,A,93,,-2.50493
1A4Y_A_B,A,150,,-2.46562
1A4Y_A_B,A,178,,-2.71216
1A4Y_A_B,A,235,,-2.7334
1A4Y_A_B,A,261,,-2.68722
1A4Y_A_B,A,263,,-2.67724
1A4Y_A_B,A,264,,-2.38477
1A4Y_A_B,A,289,,-2.66802
1A4Y_A_B,A,291,,-2.58671
1A4Y_A_B,A,318,,-2.73338
1A4Y_A_B,A,320,,-2.52378
1A4Y_A_B,A,344,,-2.20156
1A4Y_A_B,A,346,,-1.75599
1A4Y_A_B,A,349,,-2.53355
1A4Y_A_B,A,375,,-2.57036
1A4Y_A_B,A,378,,-2.41647
1A4Y_A_B,A,401,,-2.40928
1A4Y_A_B,A,406,,-2.71277
1A4Y_A_B,A,432,,-2.80238
1A4Y_A_B,A,434,,-2.62516
1A4Y_A_B,A,435,,-2.16624
1A4Y_A_B,A,437,,-2.66406
1A4Y_A_B,A,438,,-2.2181
1A4Y_A_B,A,440,,-2.49714
1A4Y_A_B,A,443,,-2.59763
1A4Y_A_B,A,459,,-2.76688
1A4Y_A_B,A,460,,-2.71397
1A4Y_A_B,B,5,,-2.91499
1A4Y_A_B,B,8,,-2.90228
1A4Y_A_B,B,12,,-2.89845
1A4Y_A_B,B,24,,-2.88575
1A4Y_A_B,B,31,,-2.79599
1A4Y_A_B,B,32,,-2.76999
1A4Y_A_B,B,35,,-2.89284
1A4Y_A_B,B,37,,-2.76788
1A4Y_A_B,B,38,,-2.83463
1A4Y_A_B,B,40,,-2.70544
1A4Y_A_B,B,41,,-2.57693
1A4Y_A_B,B,67,,-2.72311
1A4Y_A_B,B,68,,-2.79649
1A4Y_A_B,B,82,,-2.87919
1A4Y_A_B,B,84,,-2.91144
1A4Y_A_B,B,85,,-2.91281
1A4Y_A_B,B,86,,-2.91783
1A4Y_A_B,B,87,,-2.85795
1A4Y_A_B,B,88,,-2.90547
1A4Y_A_B,B,89,,-2.87911
1A4Y_A_B,B,91,,-2.84455
1A4Y_A_B,B,93,,-2.83836
1A4Y_A_B,B,95,,-2.58113
1A4Y_A_B,B,106,,-2.78844
1A4Y_A_B,B,108,,-2.79012
1A4Y_A_B,B,114,,-2.92867
1A4Y_A_B,B,117,,-2.93099
1A4Y_A_B,B,121,,-2.90507
1ACB_E_I,E,37,,-2.55242
1ACB_E_I,E,39,,-1.98429
1ACB_E_I,E,55,,-0.05709
1ACB_E_I,E,56,,-0.05186
1ACB_E_I,E,97,,-2.14693
1ACB_E_I,E,141,,-2.65313
1ACB_E_I,E,144,,-2.39791
1ACB_E_I,E,145,,-1.69728
1ACB_E_I,E,147,,-2.62091
1ACB_E_I,E,168,,-1.55641
1ACB_E_I,E,171,,-2.4645
1ACB_E_I,E,186,,-1.58369
1ACB_E_I,E,187,,-0.01491
1ACB_E_I,E,188,,-2.31062
1ACB_E_I,E,189,,-0.3981
1ACB_E_I,E,191,,-0.3266
1ACB_E_I,E,209,,-1.45366
1ACB_E_I,E,211,,-1.44511
1ACB_E_I,E,212,,-0.66681
1ACB_E_I,E,214,,-2.43662
1ACB_E_I,I,33,,-1.48722
1ACB_E_I,I,34,,-1.53912
1ACB_E_I,I,35,,-2.75414
1ACB_E_I,I,36,,-1.46536
1ACB_E_I,I,37,,-0.96649
1ACB_E_I,I,38,,-2.36618
1ACB_E_I,I,39,,-0.29267
1ACB_E_I,I,40,,-1.12697
1ACB_E_I,I,41,,-1.82212
1ACB_E_I,I,42,,-2.40057
1ACB_E_I,I,48,,-1.80507
1ACB_E_I,I,61,,-2.37829
1AHW_AB_C,A,1,,-2.52666
1AHW_AB_C,A,27,,-2.22222
1AHW_AB_C,A,30,,-2.51791
1AHW_AB_C,A,32,,-1.93605
1AHW_AB_C,A,50,,-2.71745
1AHW_AB_C,A,92,,-2.80074
1AHW_AB_C,A,93,,-2.67837
1AHW_AB_C,A,94,,-2.73973
1AHW_AB_C,A,96,,-2.74939
1AHW_AB_C,B,31,,-1.90495
1AHW_AB_C,B,32,,-1.46649
1AHW_AB_C,B,33,,-1.93358
1AHW_AB_C,B,52,,-2.27092
1AHW_AB_C,B,54,,-2.47145
1AHW_AB_C,B,55,,-2.0049
1AHW_AB_C,B,57,,-2.46301
1AHW_AB_C,B,58,,-2.56244
1AHW_AB_C,B,59,,-2.48788
1AHW_AB_C,B,65,,-1.70559
1AHW_AB_C,B,100,,-2.63564
1AHW_AB_C,B,101,,-2.64559
1AHW_AB_C,B,102,,-2.6592
1AHW_AB_C,C,138,,-2.65916
1AHW_AB_C,C,141,,-2.4947
1AHW_AB_C,C,143,,-2.49389
1AHW_AB_C,C,145,,-1.87107
1AHW_AB_C,C,153,,-2.16279
1AHW_AB_C,C,154,,-1.10887
1AHW_AB_C,C,155,,-2.47874
1AHW_AB_C,C,156,,-2.24268
1AHW_AB_C,C,157,,-2.28403
1AHW_AB_C,C,158,,-2.38994
1AHW_AB_C,C,159,,-2.31964
1AHW_AB_C,C,160,,-2.46879
1AHW_AB_C,C,167,,-2.10848
1AHW_AB_C,C,179,,-2.14472
1AHW_AB_C,C,181,,-2.18079
1AHW_AB_C,C,183,,-2.70436
1AHW_AB_C,C,186,,-2.53669
1AHW_AB_C,C,187,,-2.69758
1AHW_AB_C,C,189,,-2.34365
1AHW_AB_C,C,190,,-2.2681
1AHW_AB_C,C,192,,-2.79789
1AHW_AB_C,C,193,,-2.43891
1AK4_A_D,A,55,,-0.20584
1AK4_A_D,A,57,,-0.94022
1AK4_A_D,A,60,,-0.32387
1AK4_A_D,A,63,,-0.1075
1AK4_A_D,A,69,,-2.20197
1AK4_A_D,A,71,,-1.29112
1AK4_A_D,A,72,,-0.60181
1AK4_A_D,A,73,,-1.81504
1AK4_A_D,A,101,,-0.50218
1AK4_A_D,A,102,,-0.34394
1AK4_A_D,A,103,,-2.17582
1AK4_A_D,A,121,,-1.84545
1AK4_A_D,A,122,,-0.40961
1AK4_A_D,A,126,,-1.0856
1AK4_A_D,A,148,,-2.40027
1AK4_A_D,A,149,,-2.36188
1AK4_A_D,D,85,,-2.70452
1AK4_A_D,D,86,,-2.64486
1AK4_A_D,D,87,,-2.78363
1AK4_A_D,D,88,,-2.84714
1AK4_A_D,D,89,,-2.79996
1AK4_A_D,D,90,,-2.88106
1AK4_A_D,D,91,,-2.77872
1AK4_A_D,D,92,,-2.8144
1AK4_A_D,D,93,,-2.83347
1AK4_A_D,D,95,,-2.85786
1AO7_ABC_DE,A,58,,-1.88329
1AO7_ABC_DE,A,65,,-2.33807
1AO7_ABC_DE,A,66,,-1.58629
1AO7_ABC_DE,A,69,,-2.53196
1AO7_ABC_DE,A,72,,-2.42553
1AO7_ABC_DE,A,149,,-2.29176
1AO7_ABC_DE,A,150,,-2.11134
1AO7_ABC_DE,A,151,,-2.3155
1AO7_ABC_DE,A,154,,-2.38944
1AO7_ABC_DE,A,155,,-2.61512
1AO7_ABC_DE,A,158,,-2.81463
1AO7_ABC_DE,A,163,,-1.88154
1AO7_ABC_DE,A,166,,-2.37489
1AO7_ABC_DE,A,167,,-1.31905
1AO7_ABC_DE,A,170,,-2.42673
1AO7_ABC_DE,D,1,,-2.44981
1AO7_ABC_DE,D,26,,-2.63856
1AO7_ABC_DE,D,27,,-2.49155
1AO7_ABC_DE,D,28,,-2.47718
1AO7_ABC_DE,D,30,,-1.5098
1AO7_ABC_DE,D,31,,-1.93757
1AO7_ABC_DE,D,50,,-2.53704
1AO7_ABC_DE,D,51,,-2.58482
1AO7_ABC_DE,D,52,,-2.48138
1AO7_ABC_DE,D,66,,-2.26351
1AO7_ABC_DE,D,92,,-2.7123
1AO7_ABC_DE,D,93,,-2.68705
1AO7_ABC_DE,D,94,,-2.77102
1AO7_ABC_DE,D,95,,-2.67809
1AO7_ABC_DE,D,96,,-2.81033
1AO7_ABC_DE,E,28,,-1.68496
1AO7_ABC_DE,E,95,,-2.26825
1AO7_ABC_DE,E,96,,-2.60835
1AO7_ABC_DE,E,97,,-2.5598
1AO7_ABC_DE,E,98,,-2.70111
1AO7_ABC_DE,E,99,,-2.74424
1AO7_ABC_DE,E,100,,-2.53796
1B2S_A_D,A,27,,-2.82474
1B2S_A_D,A,37,,-2.88078
1B2S_A_D,A,38,,-2.87378
1B2S_A_D,A,56,,-2.85607
1B2S_A_D,A,59,,-2.85608
1B2S_A_D,A,60,,-2.87629
1B2S_A_D,A,73,,-2.91437
1B2S_A_D,A,82,,-2.84846
1B2S_A_D,A,83,,-2.8311
1B2S_A_D,A,84,,-2.84557
1B2S_A_D,A,85,,-2.72411
1B2S_A_D,A,102,,-2.30609
1B2S_A_D,A,103,,-0.86372
1B2S_A_D,A,104,,-2.25491
1B2S_A_D,D,30,,-1.54122
1B2S_A_D,D,32,,-0.0807
1B2S_A_D,D,34,,-0.28535
1B2S_A_D,D,35,,-1.44117
1B2S_A_D,D,36,,-0.87577
1B2S_A_D,D,37,,-0.302
1B2S_A_D,D,39,,-0.55355
1B2S_A_D,D,40,,-0.10917
1B2S_A_D,D,43,,-0.90939
1B2S_A_D,D,44,,-2.08407
1B2S_A_D,D,45,,-2.53121
1B2S_A_D,D,47,,-2.21291
1B2S_A_D,D,74,,-1.21626
1B2S_A_D,D,77,,-1.64112
1B2U_A_D,A,27,,-2.80176
1B2U_A_D,A,37,,-2.81972
1B2U_A_D,A,38,,-2.86791
1B2U_A_D,A,55,,-2.86752
1B2U_A_D,A,56,,-2.85803
1B2U_A_D,A,59,,-2.85359
1B2U_A_D,A,60,,-2.87598
1B2U_A_D,A,62,,-2.89201
1B2U_A_D,A,73,,-2.9186
1B2U_A_D,A,82,,-2.8696
1B2U_A_D,A,83,,-2.84123
1B2U_A_D,A,84,,-2.86269
1B2U_A_D,A,85,,-2.75854
1B2U_A_D,A,102,,-2.47765
1B2U_A_D,A,103,,-0.92065
1B2U_A_D,A,104,,-2.37724
1B2U_A_D,D,30,,-1.55272
1B2U_A_D,D,32,,-0.08974
1B2U_A_D,D,34,,-0.27543
1B2U_A_D,D,35,,-1.81481
1B2U_A_D,D,36,,-0.79029
1B2U_A_D,D,37,,-0.33134
1B2U_A_D,D,39,,-0.22338
1B2U_A_D,D,40,,-0.07397
1B2U_A_D,D,43,,-0.96216
1B2U_A_D,D,44,,-2.16568
1B2U_A_D,D,45,,-2.45098
1B2U_A_D,D,47,,-2.18823
1B2U_A_D,D,74,,-1.15345
1B2U_A_D,D,77,,-1.38072
1B3S_A_D,A,27,,-2.8216
1B3S_A_D,A,37,,-2.83385
1B3S_A_D,A,38,,-2.87094
1B3S_A_D,A,56,,-2.86029
1B3S_A_D,A,59,,-2.84991
1B3S_A_D,A,60,,-2.87402
1B3S_A_D,A,82,,-2.86222
1B3S_A_D,A,83,,-2.83438
1B3S_A_D,A,85,,-2.76975
1B3S_A_D,A,102,,-2.49496
1B3S_A_D,A,103,,-0.72009
1B3S_A_D,A,104,,-2.3032
1B3S_A_D,D,30,,-1.53245
1B3S_A_D,D,32,,-0.07
1B3S_A_D,D,34,,-0.21625
1B3S_A_D,D,35,,-1.39635
1B3S_A_D,D,36,,-0.78627
1B3S_A_D,D,37,,-0.2862
1B3S_A_D,D,39,,-0.17419
1B3S_A_D,D,40,,-0.05743
1B3S_A_D,D,43,,-0.95304
1B3S_A_D,D,44,,-2.1264
1B3S_A_D,D,45,,-2.57743
1B3S_A_D,D,46,,-2.14335
1B3S_A_D,D,47,,-2.21061
1B3S_A_D,D,74,,-1.10698
1B3S_A_D,D,77,,-1.36266
1B41_A_B,A,68,,-2.80599
1B41_A_B,A,69,,-2.79493
1B41_A_B,A,71,,-2.7259
1B41_A_B,A,72,,-2.85377
1B41_A_B,A,73,,-2.67658
1B41_A_B,A,74,,-2.73214
1B41_A_B,A,80,,-2.86102
1B41_A_B,A,88,,-2.25238
1B41_A_B,A,269,,-1.91504
1B41_A_B,A,272,,-2.32429
1B41_A_B,A,273,,-2.01654
1B41_A_B,A,276,,-2.80301
1B41_A_B,A,277,,-2.71788
1B41_A_B,A,279,,-2.81277
1B41_A_B,A,281,,-2.8442
1B41_A_B,A,282,,-2.78873
1B41_A_B,A,283,,-2.77072
1B41_A_B,A,331,,-2.83078
1B41_A_B,A,332,,-2.83485
1B41_A_B,A,339,,-2.74676
1B41_A_B,B,4,,-2.12736
1B41_A_B,B,6,,-2.73112
1B41_A_B,B,7,,-2.78689
1B41_A_B,B,8,,-2.69985
1B41_A_B,B,9,,-2.74615
1B41_A_B,B,10,,-2.55734
1B41_A_B,B,11,,-2.76081
1B41_A_B,B,12,,-2.79693
1B41_A_B,B,27,,-2.85247
1B41_A_B,B,29,,-2.83817
1B41_A_B,B,30,,-2.59769
1B41_A_B,B,31,,-2.61757
1B41_A_B,B,32,,-2.85643
1B41_A_B,B,33,,-2.87571
1B41_A_B,B,34,,-2.75409
1B41_A_B,B,35,,-2.68325
1B41_A_B,B,37,,-2.85411
1B41_A_B,B,47,,-2.69104
1B41_A_B,B,48,,-2.84429
1B41_A_B,B,61,,-2.87285
1BD2_ABC_DE,A,58,,-1.88595
1BD2_ABC_DE,A,59,,-1.59314
1BD2_ABC_DE,A,62,,-2.51638
1BD2_ABC_DE,A,65,,-2.33893
1BD2_ABC_DE,A,66,,-1.64301
1BD2_ABC_DE,A,68,,-2.46334
1BD2_ABC_DE,A,69,,-2.53625
1BD2_ABC_DE,A,72,,-2.43123
1BD2_ABC_DE,A,150,,-2.13224
1BD2_ABC_DE,A,155,,-2.61933
1BD2_ABC_DE,A,158,,-2.81469
1BD2_ABC_DE,A,161,,-1.51585
1BD2_ABC_DE,A,162,,-2.41496
1BD2_ABC_DE,A,163,,-1.86824
1BD2_ABC_DE,A,166,,-2.37844
1BD2_ABC_DE,A,167,,-1.27192
1BD2_ABC_DE,D,1,,-2.72291
1BD2_ABC_DE,D,27,,-2.46755
1BD2_ABC_DE,D,28,,-2.45812
1BD2_ABC_DE,D,30,,-2.49948
1BD2_ABC_DE,D,31,,-2.27856
1BD2_ABC_DE,D,50,,-2.69523
1BD2_ABC_DE,D,51,,-2.48934
1BD2_ABC_DE,D,52,,-2.61464
1BD2_ABC_DE,D,67,,-2.30468
1BD2_ABC_DE,D,93,,-2.72618
1BD2_ABC_DE,D,94,,-2.7728
1BD2_ABC_DE,D,95,,-2.77341
1BD2_ABC_DE,D,96,,-2.71795
1BD2_ABC_DE,D,97,,-2.82013
1BD2_ABC_DE,E,46,,-1.62635
1BD2_ABC_DE,E,48,,-2.64081
1BD2_ABC_DE,E,52,,-2.72448
1BD2_ABC_DE,E,54,,-2.48332
1BD2_ABC_DE,E,93,,-2.79823
1BD2_ABC_DE,E,95,,-2.7459
1BD2_ABC_DE,E,96,,-2.84222
1BD2_ABC_DE,E,97,,-2.84911
1BD2_ABC_DE,E,99,,-2.82166
1BJ1_HL_VW,H,31,,-1.43089
1BJ1_HL_VW,H,32,,-0.92559
1BJ1_HL_VW,H,33,,-1.54161
1BJ1_HL_VW,H,50,,-1.85038
1BJ1_HL_VW,H,52,,-1.78124
1BJ1_HL_VW,H,54,,-2.08612
1BJ1_HL_VW,H,55,,-1.66813
1BJ1_HL_VW,H,59,,-2.28639
1BJ1_HL_VW,H,99,,-2.684
1BJ1_HL_VW,H,100,,-2.5115
1BJ1_HL_VW,H,101,,-2.71384
1BJ1_HL_VW,H,102,,-2.76725
1BJ1_HL_VW,H,103,,-2.74727
1BJ1_HL_VW,H,104,,-2.6076
1BJ1_HL_VW,H,106,,-2.66131
1BJ1_HL_VW,H,108,,-2.80787
1BJ1_HL_VW,L,92,,-2.68796
1BJ1_HL_VW,L,94,,-2.5867
1BJ1_HL_VW,L,96,,-2.75421
1BJ1_HL_VW,V,4,,-2.85503
1BJ1_HL_VW,V,8,,-2.72741
1BJ1_HL_VW,W,32,,-2.67083
1BJ1_HL_VW,W,35,,-1.46504
1BJ1_HL_VW,W,66,,-2.36041
1BJ1_HL_VW,W,68,,-2.01432
1BJ1_HL_VW,W,69,,-2.55574
1BJ1_HL_VW,W,70,,-2.4571
1BJ1_HL_VW,W,71,,-2.73314
1BJ1_HL_VW,W,73,,-2.34309
1BJ1_HL_VW,W,74,,-2.6553
1BJ1_HL_VW,W,75,,-2.44757
1BJ1_HL_VW,W,76,,-2.83485
1BJ1_HL_VW,W,77,,-2.795
1BJ1_HL_VW,W,78,,-2.46253
1BJ1_HL_VW,W,79,,-2.50704
1BJ1_HL_VW,W,80,,-2.6954
1BP3_A_B,A,18,,-2.84185
1BP3_A_B,A,21,,-2.78993
1BP3_A_B,A,22,,-2.82227
1BP3_A_B,A,25,,-2.76368
1BP3_A_B,A,39,,-2.70469
1BP3_A_B,A,41,,-2.7395
1BP3_A_B,A,42,,-2.82483
1BP3_A_B,A,45,,-2.81513
1BP3_A_B,A,47,,-2.84501
1BP3_A_B,A,48,,-2.68095
1BP3_A_B,A,51,,-2.86643
1BP3_A_B,A,52,,-2.80787
1BP3_A_B,A,61,,-2.81871
1BP3_A_B,A,62,,-2.82579
1BP3_A_B,A,63,,-2.8281
1BP3_A_B,A,64,,-2.80198
1BP3_A_B,A,65,,-2.83258
1BP3_A_B,A,67,,-2.80437
1BP3_A_B,A,68,,-2.83612
1BP3_A_B,A,160,,-2.81837
1BP3_A_B,A,163,,-2.84386
1BP3_A_B,A,164,,-2.80372
1BP3_A_B,A,167,,-2.71494
1BP3_A_B,A,168,,-2.85958
1BP3_A_B,A,170,,-2.8344
1BP3_A_B,A,171,,-2.78633
1BP3_A_B,A,174,,-2.7058
1BP3_A_B,A,175,,-2.83124
1BP3_A_B,A,178,,-2.71486
1BP3_A_B,A,179,,-2.88636
1BP3_A_B,A,184,,-2.87305
1BP3_A_B,A,185,,-2.86896
1BP3_A_B,A,186,,-2.89174
1BP3_A_B,B,16,,-2.13545
1BP3_A_B,B,17,,-1.60623
1BP3_A_B,B,39,,-2.73919
1BP3_A_B,B,40,,-2.61681
1BP3_A_B,B,41,,-2.57385
1BP3_A_B,B,42,,-2.62866
1BP3_A_B,B,62,,-2.67897
1BP3_A_B,B,65,,-1.91255
1BP3_A_B,B,66,,-2.43394
1BP3_A_B,B,67,,-2.133
1BP3_A_B,B,68,,-1.9844
1BP3_A_B,B,70,,-2.25467
1BP3_A_B,B,72,,-2.65808
1BP3_A_B,B,85,,-2.71933
1BP3_A_B,B,87,,-2.81362
1BP3_A_B,B,89,,-1.93072
1BP3_A_B,B,91,,-2.63201
1BP3_A_B,B,92,,-1.95092
1BP3_A_B,B,127,,-2.57021
1BP3_A_B,B,128,,-2.82896
1BP3_A_B,B,129,,-2.67336
1BP3_A_B,B,130,,-2.52479
1BP3_A_B,B,131,,-2.70664
1BP3_A_B,B,132,,-1.59568
1BP3_A_B,B,134,,-1.32314
1BP3_A_B,B,156,,-1.38385
1BP3_A_B,B,180,,-2.64831
1BP3_A_B,B,181,,-2.62912
1BRS_A_D,A,25,,-2.80767
1BRS_A_D,A,35,,-2.76289
1BRS_A_D,A,36,,-2.88
1BRS_A_D,A,54,,-2.86029
1BRS_A_D,A,57,,-2.85981
1BRS_A_D,A,58,,-2.88202
1BRS_A_D,A,80,,-2.87468
1BRS_A_D,A,81,,-2.84953
1BRS_A_D,A,82,,-2.87222
1BRS_A_D,A,83,,-2.78
1BRS_A_D,A,100,,-2.51122
1BRS_A_D,A,101,,-0.93023
1BRS_A_D,A,102,,-2.38834
1BRS_A_D,D,29,,-1.79823
1BRS_A_D,D,31,,-0.17948
1BRS_A_D,D,33,,-0.26879
1BRS_A_D,D,34,,-1.03833
1BRS_A_D,D,35,,-0.50516
1BRS_A_D,D,36,,-0.27956
1BRS_A_D,D,38,,-0.27179
1BRS_A_D,D,39,,-0.0656
1BRS_A_D,D,42,,-1.24373
1BRS_A_D,D,43,,-1.73912
1BRS_A_D,D,44,,-2.62333
1BRS_A_D,D,45,,-2.24328
1BRS_A_D,D,46,,-2.18389
1BRS_A_D,D,71,,-1.3994
1BRS_A_D,D,74,,-1.72332
1C1Y_A_B,A,21,,-1.3673
1C1Y_A_B,A,25,,-1.79136
1C1Y_A_B,A,27,,-2.56115
1C1Y_A_B,A,29,,-1.81228
1C1Y_A_B,A,33,,-0.76725
1C1Y_A_B,A,36,,-0.50426
1C1Y_A_B,A,37,,-0.1014
1C1Y_A_B,A,38,,-0.06358
1C1Y_A_B,A,39,,-1.47344
1C1Y_A_B,A,40,,-0.34106
1C1Y_A_B,A,41,,-1.12471
1C1Y_A_B,A,54,,-1.06024
1C1Y_A_B,A,56,,-0.21733
1C1Y_A_B,B,3,,-2.83932
1C1Y_A_B,B,5,,-0.60043
1C1Y_A_B,B,10,,-1.27825
1C1Y_A_B,B,11,,-1.76224
1C1Y_A_B,B,12,,-2.1794
1C1Y_A_B,B,13,,-2.47965
1C1Y_A_B,B,14,,-1.09291
1C1Y_A_B,B,15,,-2.03851
1C1Y_A_B,B,17,,-2.56979
1C1Y_A_B,B,30,,-2.64403
1C1Y_A_B,B,33,,-2.70071
1C1Y_A_B,B,34,,-1.21264
1C1Y_A_B,B,35,,-1.32892
1C1Y_A_B,B,36,,-2.2285
1C4Z_ABC_D,A,138,,-2.56723
1C4Z_ABC_D,A,139,,-1.05361
1C4Z_ABC_D,A,141,,-1.01402
1C4Z_ABC_D,A,142,,-1.01013
1C4Z_ABC_D,A,145,,-2.2422
1C4Z_ABC_D,A,149,,-0.65283
1C4Z_ABC_D,A,155,,-0.95593
1C4Z_ABC_D,A,156,,-1.99064
1C4Z_ABC_D,A,157,,-0.68975
1C4Z_ABC_D,A,158,,-2.43755
1C4Z_ABC_D,A,159,,-1.49511
1C4Z_ABC_D,A,160,,-1.38705
1C4Z_ABC_D,A,164,,-2.20223
1C4Z_ABC_D,A,166,,-1.71713
1C4Z_ABC_D,A,172,,-2.36177
1C4Z_ABC_D,A,174,,-2.15421
1C4Z_ABC_D,A,182,,-1.96953
1C4Z_ABC_D,A,198,,-0.48871
1C4Z_ABC_D,D,1,,-0.6363
1C4Z_ABC_D,D,2,,-1.6937
1C4Z_ABC_D,D,3,,-0.50039
1C4Z_ABC_D,D,6,,-1.56898
1C4Z_ABC_D,D,28,,-1.09528
1C4Z_ABC_D,D,30,,-2.00498
1C4Z_ABC_D,D,56,,-2.3623
1C4Z_ABC_D,D,57,,-1.20355
1C4Z_ABC_D,D,59,,-0.02357
1C4Z_ABC_D,D,60,,-1.82514
1C4Z_ABC_D,D,61,,-2.14749
1C4Z_ABC_D,D,62,,-1.06014
1C4Z_ABC_D,D,89,,-2.20528
1C4Z_ABC_D,D,92,,-0.06393
1C4Z_ABC_D,D,93,,-2.09596
1C4Z_ABC_D,D,94,,-0.82707
1C4Z_ABC_D,D,95,,-2.14567
1C4Z_ABC_D,D,97,,-2.0145
1CBW_FGH_I,G,24,,-2.63797
1CBW_FGH_I,G,26,,-2.10884
1CBW_FGH_I,G,42,,-0.16348
1CBW_FGH_I,G,43,,-0.05942
1CBW_FGH_I,G,81,,-2.60791
1CBW_FGH_I,G,82,,-2.59085
1CBW_FGH_I,G,84,,-2.23582
1CBW_FGH_I,G,131,,-2.70381
1CBW_FGH_I,H,2,,-2.51407
1CBW_FGH_I,H,3,,-2.23497
1CBW_FGH_I,H,42,,-1.6114
1CBW_FGH_I,H,43,,-0.05746
1CBW_FGH_I,H,44,,-2.26021
1CBW_FGH_I,H,45,,-0.38337
1CBW_FGH_I,H,47,,-0.28857
1CBW_FGH_I,H,66,,-0.3414
1CBW_FGH_I,H,67,,-1.52994
1CBW_FGH_I,H,68,,-0.85234
1CBW_FGH_I,H,70,,-2.41885
1CBW_FGH_I,I,11,,-2.64738
1CBW_FGH_I,I,12,,-0.53339
1CBW_FGH_I,I,13,,-2.23821
1CBW_FGH_I,I,14,,-0.00854
1CBW_FGH_I,I,15,,-1.86954
1CBW_FGH_I,I,16,,-2.20296
1CBW_FGH_I,I,17,,-2.60626
1CBW_FGH_I,I,18,,-2.22923
1CBW_FGH_I,I,19,,-2.49641
1CBW_FGH_I,I,37,,-0.80965
1CBW_FGH_I,I,38,,-0.05839
1CBW_FGH_I,I,39,,-2.11076
1CHO_EFG_I,F,24,,-2.63797
1CHO_EFG_I,F,25,,-0.45192
1CHO_EFG_I,F,26,,-2.10884
1CHO_EFG_I,F,42,,-0.16348
1CHO_EFG_I,F,43,,-0.05942
1CHO_EFG_I,F,44,,-2.71805
1CHO_EFG_I,F,84,,-2.23582
1CHO_EFG_I,F,128,,-2.62464
1CHO_EFG_I,F,131,,-2.70381
1CHO_EFG_I,G,3,,-2.23497
1CHO_EFG_I,G,24,,-1.21576
1CHO_EFG_I,G,27,,-2.48684
1CHO_EFG_I,G,42,,-1.6114
1CHO_EFG_I,G,43,,-0.05746
1CHO_EFG_I,G,44,,-2.26021
1CHO_EFG_I,G,45,,-0.38337
1CHO_EFG_I,G,47,,-0.28857
1CHO_EFG_I,G,65,,-1.39041
1CHO_EFG_I,G,66,,-0.3414
1CHO_EFG_I,G,67,,-1.52994
1CHO_EFG_I,G,68,,-0.85234
1CHO_EFG_I,G,70,,-2.41885
1CHO_EFG_I,I,11,,-2.81644
1CHO_EFG_I,I,12,,-2.76396
1CHO_EFG_I,I,13,,-0.03074
1CHO_EFG_I,I,14,,-1.67095
1CHO_EFG_I,I,15,,-2.68955
1CHO_EFG_I,I,16,,-1.33399
1CHO_EFG_I,I,17,,-1.87765
1CHO_EFG_I,I,18,,-2.23185
1CHO_EFG_I,I,29,,-2.71947
1CHO_EFG_I,I,33,,-2.67225
1CHO_EFG_I,I,36,,-2.04676
1CHO_EFG_I,I,52,,-2.32657
1CSE_E_I,E,61,,-1.14913
1CSE_E_I,E,63,,-0.00195
1CSE_E_I,E,95,,-0.16002
1CSE_E_I,E,98,,-1.60035
1CSE_E_I,E,99,,-0.05625
1CSE_E_I,E,100,,-0.80189
1CSE_E_I,E,101,,-0.03448
1CSE_E_I,E,103,,-2.27973
1CSE_E_I,E,106,,-0.9169
1CSE_E_I,E,125,,-0.1126
1CSE_E_I,E,126,,-0.07446
1CSE_E_I,E,127,,-1.27364
1CSE_E_I,E,128,,-1.74221
1CSE_E_I,E,129,,-1.58902
1CSE_E_I,E,153,,-0.0159
1CSE_E_I,E,154,,-0.00857
1CSE_E_I,E,188,,-0.41714
1CSE_E_I,E,216,,-1.76115
1CSE_E_I,E,217,,-0.72585
1CSE_E_I,E,220,,-0.0021
1CSE_E_I,I,28,,-2.35333
1CSE_E_I,I,30,,-1.72989
1CSE_E_I,I,33,,-1.50182
1CSE_E_I,I,34,,-1.52408
1CSE_E_I,I,35,,-2.7588
1CSE_E_I,I,36,,-1.46734
1CSE_E_I,I,37,,-0.91126
1CSE_E_I,I,38,,-2.3542
1CSE_E_I,I,39,,-0.30897
1CSE_E_I,I,40,,-1.1032
1CSE_E_I,I,41,,-1.87862
1CSE_E_I,I,46,,-1.17591
1CSO_E_I,E,11,,-2.03213
1CSO_E_I,E,12,,-1.9963
1CSO_E_I,E,13,,-1.38659
1CSO_E_I,E,14,,-0.00701
1CSO_E_I,E,33,,-0.01922
1CSO_E_I,E,118,,-0.16768
1CSO_E_I,E,119,,-0.72987
1CSO_E_I,E,120,,-0.05254
1CSO_E_I,E,121,,-1.65885
1CSO_E_I,E,122,,-2.14472
1CSO_E_I,E,136,,-0.39534
1CSO_E_I,E,138,,-0.97995
1CSO_E_I,E,139,,-0.01539
1CSO_E_I,E,141,,-0.00884
1CSO_E_I,E,157,,-0.24198
1CSO_E_I,E,158,,-0.03858
1CSO_E_I,E,159,,-0.13688
1CSO_E_I,I,5,,-2.51825
1CSO_E_I,I,8,,-2.7732
1CSO_E_I,I,9,,-2.81332
1CSO_E_I,I,10,,-2.76175
1CSO_E_I,I,11,,-0.03542
1CSO_E_I,I,12,,-1.80065
1CSO_E_I,I,13,,-2.6912
1CSO_E_I,I,14,,-1.47273
1CSO_E_I,I,15,,-1.96416
1CSO_E_I,I,16,,-2.25245
1CSO_E_I,I,27,,-2.74909
1CSO_E_I,I,31,,-2.69156
1CT0_E_I,E,11,,-2.03213
1CT0_E_I,E,12,,-1.9963
1CT0_E_I,E,13,,-1.38659
1CT0_E_I,E,14,,-0.00701
1CT0_E_I,E,33,,-0.01922
1CT0_E_I,E,118,,-0.16768
1CT0_E_I,E,119,,-0.72987
1CT0_E_I,E,120,,-0.05254
1CT0_E_I,E,121,,-1.65885
1CT0_E_I,E,122,,-2.14472
1CT0_E_I,E,136,,-0.39534
1CT0_E_I,E,138,,-0.97995
1CT0_E_I,E,139,,-0.01539
1CT0_E_I,E,141,,-0.00884
1CT0_E_I,E,157,,-0.24198
1CT0_E_I,E,158,,-0.03858
1CT0_E_I,E,159,,-0.13688
1CT0_E_I,I,8,,-2.77701
1CT0_E_I,I,9,,-2.81408
1CT0_E_I,I,10,,-2.74866
1CT0_E_I,I,11,,-0.03242
1CT0_E_I,I,12,,-1.67045
1CT0_E_I,I,13,,-2.6912
1CT0_E_I,I,14,,-1.68887
1CT0_E_I,I,15,,-1.96355
1CT0_E_I,I,16,,-2.3235
1CT0_E_I,I,27,,-2.74494
1CT0_E_I,I,31,,-2.69753
1CT2_E_I,E,11,,-2.03213
1CT2_E_I,E,12,,-1.9963
1CT2_E_I,E,13,,-1.38659
1CT2_E_I,E,14,,-0.00701
1CT2_E_I,E,33,,-0.01922
1CT2_E_I,E,118,,-0.16768
1CT2_E_I,E,119,,-0.72987
1CT2_E_I,E,120,,-0.05254
1CT2_E_I,E,121,,-1.65885
1CT2_E_I,E,122,,-2.14472
1CT2_E_I,E,136,,-0.39534
1CT2_E_I,E,138,,-0.97995
1CT2_E_I,E,139,,-0.01539
1CT2_E_I,E,141,,-0.00884
1CT2_E_I,E,157,,-0.24198
1CT2_E_I,E,158,,-0.03858
1CT2_E_I,E,159,,-0.13688
1CT2_E_I,I,5,,-2.51708
1CT2_E_I,I,8,,-2.76793
1CT2_E_I,I,9,,-2.80763
1CT2_E_I,I,10,,-2.74042
1CT2_E_I,I,11,,-0.03285
1CT2_E_I,I,12,,-1.65976
1CT2_E_I,I,13,,-2.6912
1CT2_E_I,I,14,,-1.64322
1CT2_E_I,I,15,,-1.96975
1CT2_E_I,I,16,,-2.28141
1CT2_E_I,I,27,,-2.73687
1CT2_E_I,I,31,,-2.69286
1CT4_E_I,E,11,,-2.03213
1CT4_E_I,E,12,,-1.9963
1CT4_E_I,E,13,,-1.38659
1CT4_E_I,E,14,,-0.00701
1CT4_E_I,E,33,,-0.01922
1CT4_E_I,E,118,,-0.16768
1CT4_E_I,E,119,,-0.72987
1CT4_E_I,E,120,,-0.05254
1CT4_E_I,E,121,,-1.65885
1CT4_E_I,E,122,,-2.14472
1CT4_E_I,E,136,,-0.39534
1CT4_E_I,E,138,,-0.97995
1CT4_E_I,E,139,,-0.01539
1CT4_E_I,E,141,,-0.00884
1CT4_E_I,E,157,,-0.24198
1CT4_E_I,E,158,,-0.03858
1CT4_E_I,E,159,,-0.13688
1CT4_E_I,I,5,,-2.52525
1CT4_E_I,I,8,,-2.77098
1CT4_E_I,I,9,,-2.81037
1CT4_E_I,I,10,,-2.76035
1CT4_E_I,I,11,,-0.03676
1CT4_E_I,I,12,,-1.80624
1CT4_E_I,I,13,,-2.6912
1CT4_E_I,I,14,,-1.53795
1CT4_E_I,I,15,,-2.02182
1CT4_E_I,I,16,,-2.27934
1CT4_E_I,I,27,,-2.74791
1CT4_E_I,I,31,,-2.6923
1CZ8_HL_VW,H,31,,-1.5627
1CZ8_HL_VW,H,32,,-0.84312
1CZ8_HL_VW,H,33,,-1.91081
1CZ8_HL_VW,H,50,,-1.94802
1CZ8_HL_VW,H,52,,-2.00587
1CZ8_HL_VW,H,54,,-2.33885
1CZ8_HL_VW,H,55,,-1.87891
1CZ8_HL_VW,H,59,,-2.31426
1CZ8_HL_VW,H,100,,-2.70092
1CZ8_HL_VW,H,101,,-2.73799
1CZ8_HL_VW,H,102,,-2.79772
1CZ8_HL_VW,H,103,,-2.76318
1CZ8_HL_VW,H,104,,-2.65079
1CZ8_HL_VW,H,106,,-2.70142
1CZ8_HL_VW,H,108,,-2.81668
1CZ8_HL_VW,L,92,,-2.67891
1CZ8_HL_VW,L,94,,-2.58185
1CZ8_HL_VW,L,96,,-2.75427
1CZ8_HL_VW,V,4,,-2.85503
1CZ8_HL_VW,V,8,,-2.72741
1CZ8_HL_VW,W,32,,-2.67083
1CZ8_HL_VW,W,35,,-1.46504
1CZ8_HL_VW,W,66,,-2.36041
1CZ8_HL_VW,W,68,,-2.01432
1CZ8_HL_VW,W,69,,-2.55574
1CZ8_HL_VW,W,70,,-2.4571
1CZ8_HL_VW,W,73,,-2.34309
1CZ8_HL_VW,W,74,,-2.6553
1CZ8_HL_VW,W,75,,-2.44757
1CZ8_HL_VW,W,76,,-2.83485
1CZ8_HL_VW,W,77,,-2.795
1CZ8_HL_VW,W,78,,-2.46253
1CZ8_HL_VW,W,79,,-2.50704
1CZ8_HL_VW,W,80,,-2.6954
1DAN_HL_UT,H,123,,-2.438
1DAN_HL_UT,H,124,,-2.39159
1DAN_HL_UT,H,125,,-2.40046
1DAN_HL_UT,H,126,,-2.64124
1DAN_HL_UT,H,154,,-1.86471
1DAN_HL_UT,H,155,,-2.57195
1DAN_HL_UT,H,156,,-2.63177
1DAN_HL_UT,H,157,,-2.45811
1DAN_HL_UT,H,227,,-1.26501
1DAN_HL_UT,L,13,,-2.8724
1DAN_HL_UT,L,18,,-2.53089
1DAN_HL_UT,L,31,,-2.71534
1DAN_HL_UT,L,35,,-2.90549
1DAN_HL_UT,L,36,,-2.85438
1DAN_HL_UT,L,39,,-2.76953
1DAN_HL_UT,L,40,,-2.89954
1DAN_HL_UT,L,43,,-2.90422
1DAN_HL_UT,L,60,,-2.30116
1DAN_HL_UT,L,62,,-2.54166
1DAN_HL_UT,L,64,,-2.62414
1DAN_HL_UT,L,65,,-2.66729
1DAN_HL_UT,L,69,,-2.57508
1DAN_HL_UT,L,70,,-0.01212
1DAN_HL_UT,L,71,,-2.38509
1DAN_HL_UT,L,72,,-0.02046
1DAN_HL_UT,L,74,,-2.15329
1DAN_HL_UT,L,77,,-2.22264
1DAN_HL_UT,L,78,,-0.08345
1DAN_HL_UT,L,79,,-2.59521
1DAN_HL_UT,L,82,,-0.99403
1DAN_HL_UT,L,85,,-2.69663
1DAN_HL_UT,L,88,,-2.76278
1DAN_HL_UT,L,90,,-2.50832
1DAN_HL_UT,L,92,,-2.63041
1DAN_HL_UT,L,93,,-2.69653
1DAN_HL_UT,L,94,,-1.53328
1DAN_HL_UT,T,12,,-2.62409
1DAN_HL_UT,T,13,,-0.42737
1DAN_HL_UT,T,15,,-1.65019
1DAN_HL_UT,T,17,,-1.64256
1DAN_HL_UT,T,19,,-1.93643
1DAN_HL_UT,T,30,,-2.18886
1DAN_HL_UT,T,32,,-1.30626
1DAN_HL_UT,T,36,,-1.95806
1DAN_HL_UT,T,37,,-2.78609
1DAN_HL_UT,T,38,,-2.37901
1DAN_HL_UT,T,39,,-2.35183
1DAN_HL_UT,T,40,,-2.7847
1DAN_HL_UT,T,41,,-2.5562
1DAN_HL_UT,T,42,,-2.29694
1DAN_HL_UT,T,43,,-2.51595
1DAN_HL_UT,T,45,,-2.43233
1DAN_HL_UT,T,46,,-0.68835
1DAN_HL_UT,T,51,,-2.55404
1DAN_HL_UT,T,53,,-0.47774
1DAN_HL_UT,T,56,,-2.40084
1DAN_HL_UT,T,69,,-1.04224
1DAN_HL_UT,T,71,,-2.03542
1DAN_HL_UT,U,1,,-1.85031
1DAN_HL_UT,U,2,,-2.85144
1DAN_HL_UT,U,4,,-2.84811
1DAN_HL_UT,U,6,,-2.78902
1DAN_HL_UT,U,19,,-2.22314
1DAN_HL_UT,U,20,,-1.74321
1DAN_HL_UT,U,38,,-2.50186
1DAN_HL_UT,U,40,,-0.87654
1DAN_HL_UT,U,41,,-2.28008
1DAN_HL_UT,U,43,,-2.76656
1DAN_HL_UT,U,45,,-2.62967
1DAN_HL_UT,U,48,,-2.34674
1DAN_HL_UT,U,50,,-2.75907
1DAN_HL_UT,U,68,,-2.38354
1DAN_HL_UT,U,69,,-2.08564
1DAN_HL_UT,U,71,,-2.31223
1DAN_HL_UT,U,92,,-0.22646
1DAN_HL_UT,U,109,,-2.69854
1DAN_HL_UT,U,110,,-2.58985
1DAN_HL_UT,U,112,,-2.76415
1DAN_HL_UT,U,113,,-2.61775
1DAN_HL_UT,U,114,,-2.57785
1DAN_HL_UT,U,115,,-2.46928
1DQJ_AB_C,A,30,,-2.46093
1DQJ_AB_C,A,31,,-2.36667
1DQJ_AB_C,A,32,,-1.86559
1DQJ_AB_C,A,50,,-2.60744
1DQJ_AB_C,A,53,,-1.8509
1DQJ_AB_C,A,91,,-2.69171
1DQJ_AB_C,A,92,,-2.56392
1DQJ_AB_C,A,93,,-2.69283
1DQJ_AB_C,A,94,,-2.64763
1DQJ_AB_C,A,96,,-2.68363
1DQJ_AB_C,B,30,,-1.40496
1DQJ_AB_C,B,31,,-1.49932
1DQJ_AB_C,B,32,,-1.85261
1DQJ_AB_C,B,33,,-1.9276
1DQJ_AB_C,B,50,,-2.33222
1DQJ_AB_C,B,52,,-2.03294
1DQJ_AB_C,B,53,,-2.08743
1DQJ_AB_C,B,54,,-1.53333
1DQJ_AB_C,B,56,,-1.94413
1DQJ_AB_C,B,58,,-2.17528
1DQJ_AB_C,B,98,,-2.38613
1DQJ_AB_C,C,14,,-2.13873
1DQJ_AB_C,C,15,,-1.94182
1DQJ_AB_C,C,16,,-0.36599
1DQJ_AB_C,C,18,,-1.43683
1DQJ_AB_C,C,19,,-1.87794
1DQJ_AB_C,C,20,,-0.93553
1DQJ_AB_C,C,21,,-1.72186
1DQJ_AB_C,C,62,,-1.62273
1DQJ_AB_C,C,63,,-0.05532
1DQJ_AB_C,C,73,,-2.58899
1DQJ_AB_C,C,75,,-2.28786
1DQJ_AB_C,C,77,,-2.01374
1DQJ_AB_C,C,89,,-2.03181
1DQJ_AB_C,C,93,,-2.48135
1DQJ_AB_C,C,96,,-0.9989
1DQJ_AB_C,C,97,,-1.73609
1DQJ_AB_C,C,100,,-1.65719
1DQJ_AB_C,C,101,,-1.82751
1DQJ_AB_C,C,102,,-1.5617
1DQJ_AB_C,C,103,,-2.54332
1DVF_AB_CD,A,30,,-2.38828
1DVF_AB_CD,A,32,,-2.25405
1DVF_AB_CD,A,49,,-2.64616
1DVF_AB_CD,A,50,,-2.35031
1DVF_AB_CD,A,53,,-2.36723
1DVF_AB_CD,A,92,,-2.67893
1DVF_AB_CD,A,93,,-2.60743
1DVF_AB_CD,B,30,,-1.2205
1DVF_AB_CD,B,31,,-1.47435
1DVF_AB_CD,B,32,,-1.66463
1DVF_AB_CD,B,52,,-1.75182
1DVF_AB_CD,B,53,,-2.64629
1DVF_AB_CD,B,54,,-1.7654
1DVF_AB_CD,B,56,,-1.98078
1DVF_AB_CD,B,58,,-2.13451
1DVF_AB_CD,B,99,,-2.63888
1DVF_AB_CD,B,100,,-2.49322
1DVF_AB_CD,B,101,,-2.31646
1DVF_AB_CD,C,32,,-1.44816
1DVF_AB_CD,C,49,,-2.45978
1DVF_AB_CD,C,53,,-2.27347
1DVF_AB_CD,C,92,,-2.56668
1DVF_AB_CD,C,93,,-2.68757
1DVF_AB_CD,C,94,,-2.67005
1DVF_AB_CD,D,31,,-1.7644
1DVF_AB_CD,D,33,,-2.4788
1DVF_AB_CD,D,52,,-2.14148
1DVF_AB_CD,D,54,,-2.61186
1DVF_AB_CD,D,55,,-2.03026
1DVF_AB_CD,D,57,,-2.61288
1DVF_AB_CD,D,59,,-2.5714
1DVF_AB_CD,D,100,,-2.79622
1DVF_AB_CD,D,101,,-2.87289
1DVF_AB_CD,D,102,,-2.86547
1DVF_AB_CD,D,103,,-2.89122
1DVF_AB_CD,D,104,,-2.80131
1DVF_AB_CD,D,105,,-2.85786
1DVF_AB_CD,D,106,,-2.83667
1E50_A_B,A,8,,-2.82848
1E50_A_B,A,9,,-2.84002
1E50_A_B,A,10,,-2.79052
1E50_A_B,A,11,,-2.85254
1E50_A_B,A,48,,-2.70593
1E50_A_B,A,50,,-2.77677
1E50_A_B,A,51,,-2.81284
1E50_A_B,A,52,,-2.67082
1E50_A_B,A,55,,-2.77427
1E50_A_B,A,56,,-2.83716
1E50_A_B,A,89,,-2.80442
1E50_A_B,A,91,,-2.85397
1E50_A_B,A,93,,-2.80005
1E50_A_B,A,95,,-2.77769
1E50_A_B,A,96,,-2.7706
1E50_A_B,A,97,,-2.77025
1E50_A_B,A,98,,-2.67479
1E50_A_B,A,99,,-2.79483
1E50_A_B,A,100,,-2.82362
1E50_A_B,A,101,,-2.81267
1E50_A_B,A,103,,-2.84515
1E50_A_B,A,105,,-2.6146
1E50_A_B,B,1,,-0.54727
1E50_A_B,B,2,,-2.884
1E50_A_B,B,4,,-2.86304
1E50_A_B,B,10,,-2.86354
1E50_A_B,B,16,,-2.78762
1E50_A_B,B,27,,-2.85407
1E50_A_B,B,29,,-2.83094
1E50_A_B,B,32,,-2.89096
1E50_A_B,B,53,,-2.90228
1E50_A_B,B,55,,-2.88525
1E50_A_B,B,57,,-2.90843
1E50_A_B,B,58,,-2.90592
1E50_A_B,B,59,,-2.85162
1E50_A_B,B,60,,-2.88813
1E50_A_B,B,61,,-2.85716
1E50_A_B,B,62,,-2.8537
1E50_A_B,B,63,,-2.86507
1E50_A_B,B,64,,-2.91053
1E50_A_B,B,66,,-2.87957
1E50_A_B,B,70,,-2.87494
1E50_A_B,B,72,,-2.89621
1E50_A_B,B,95,,-2.85441
1E50_A_B,B,96,,-2.85116
1E50_A_B,B,97,,-2.91692
1E50_A_B,B,98,,-2.80389
1E50_A_B,B,99,,-2.75677
1E50_A_B,B,100,,-2.63144
1E50_A_B,B,126,,-2.86869
1E96_A_B,A,21,,-0.54659
1E96_A_B,A,24,,-1.24159
1E96_A_B,A,25,,-2.09366
1E96_A_B,A,26,,-1.5106
1E96_A_B,A,27,,-2.59017
1E96_A_B,A,28,,-0.17814
1E96_A_B,A,29,,-1.0021
1E96_A_B,A,30,,-2.11719
1E96_A_B,A,31,,-1.60705
1E96_A_B,A,33,,-2.11237
1E96_A_B,A,40,,-0.79497
1E96_A_B,A,41,,-2.40106
1E96_A_B,A,160,,-1.38413
1E96_A_B,A,162,,-0.45879
1E96_A_B,B,35,,-1.77736
1E96_A_B,B,36,,-1.4218
1E96_A_B,B,65,,-2.20663
1E96_A_B,B,66,,-0.87354
1E96_A_B,B,68,,-2.50909
1E96_A_B,B,101,,-1.08047
1E96_A_B,B,103,,-2.45459
1E96_A_B,B,105,,-2.57458
1E96_A_B,B,106,,-1.01651
1E96_A_B,B,107,,-0.54901
1E96_A_B,B,110,,-1.00031
1E96_A_B,B,111,,-0.99462
1EAW_A_B,A,23,,-2.72777
1EAW_A_B,A,25,,-1.35439
1EAW_A_B,A,26,,-2.28559
1EAW_A_B,A,42,,-0.04367
1EAW_A_B,A,47,,-2.74881
1EAW_A_B,A,48,,-2.72194
1EAW_A_B,A,49,,-2.30161
1EAW_A_B,A,50,,-2.49514
1EAW_A_B,A,52,,-2.23742
1EAW_A_B,A,91,,-2.53744
1EAW_A_B,A,92,,-2.68057
1EAW_A_B,A,94,,-2.57144
1EAW_A_B,A,138,,-2.30453
1EAW_A_B,A,141,,-2.39506
1EAW_A_B,A,145,,-2.49129
1EAW_A_B,A,186,,-0.77903
1EAW_A_B,A,188,,-1.81163
1EAW_A_B,A,189,,-0.56251
1EAW_A_B,A,191,,-0.14712
1EAW_A_B,A,212,,-1.00254
1EAW_A_B,A,213,,-0.02889
1EAW_A_B,B,11,,-2.65499
1EAW_A_B,B,12,,-0.53211
1EAW_A_B,B,13,,-2.23614
1EAW_A_B,B,14,,-0.00912
1EAW_A_B,B,15,,-1.93207
1EAW_A_B,B,16,,-2.20581
1EAW_A_B,B,17,,-2.59128
1EAW_A_B,B,18,,-2.14028
1EAW_A_B,B,19,,-2.4975
1EAW_A_B,B,20,,-0.88169
1EAW_A_B,B,34,,-2.60997
1EAW_A_B,B,37,,-0.81994
1EAW_A_B,B,38,,-0.05561
1EAW_A_B,B,39,,-2.12632
1EAW_A_B,B,40,,-0.75152
1EAW_A_B,B,44,,-2.22726
1EAW_A_B,B,46,,-2.75097
1EFN_A_B,A,7,,-0.91991
1EFN_A_B,A,8,,-0.89327
1EFN_A_B,A,9,,-1.14877
1EFN_A_B,A,10,,-2.23499
1EFN_A_B,A,12,,-2.29344
1EFN_A_B,A,13,,-2.42255
1EFN_A_B,A,15,,-1.99543
1EFN_A_B,A,16,,-1.1118
1EFN_A_B,A,34,,-1.3737
1EFN_A_B,A,35,,-0.04579
1EFN_A_B,A,50,,-0.03502
1EFN_A_B,A,52,,-0.8614
1EFN_A_B,A,53,,-0.4106
1EFN_A_B,B,1,,-0.84577
1EFN_A_B,B,2,,-2.90865
1EFN_A_B,B,4,,-2.87531
1EFN_A_B,B,5,,-2.90131
1EFN_A_B,B,7,,-2.88708
1EFN_A_B,B,12,,-2.79874
1EFN_A_B,B,16,,-2.81977
1EFN_A_B,B,20,,-2.80365
1EFN_A_B,B,48,,-2.91594
1EMV_A_B,A,21,,-2.80741
1EMV_A_B,A,22,,-2.81313
1EMV_A_B,A,23,,-2.87922
1EMV_A_B,A,25,,-2.74715
1EMV_A_B,A,27,,-2.74497
1EMV_A_B,A,28,,-2.83581
1EMV_A_B,A,31,,-2.5841
1EMV_A_B,A,32,,-2.71447
1EMV_A_B,A,35,,-2.69613
1EMV_A_B,A,36,,-2.63098
1EMV_A_B,A,39,,-2.88516
1EMV_A_B,A,45,,-2.8771
1EMV_A_B,A,46,,-2.83795
1EMV_A_B,A,47,,-2.76451
1EMV_A_B,A,48,,-2.90988
1EMV_A_B,A,49,,-2.92105
1EMV_A_B,A,51,,-2.89132
1EMV_A_B,A,52,,-2.89492
1EMV_A_B,A,53,,-2.90167
1EMV_A_B,A,60,,-2.8403
1EMV_A_B,B,54,,-0.30096
1EMV_A_B,B,72,,-2.08108
1EMV_A_B,B,73,,-2.38622
1EMV_A_B,B,74,,-2.70375
1EMV_A_B,B,75,,-1.64119
1EMV_A_B,B,77,,-2.1935
1EMV_A_B,B,78,,-1.74895
1EMV_A_B,B,81,,-1.91953
1EMV_A_B,B,83,,-2.22192
1EMV_A_B,B,86,,-2.52609
1EMV_A_B,B,88,,-2.39121
1EMV_A_B,B,89,,-2.55624
1EMV_A_B,B,92,,-2.6031
1EMV_A_B,B,95,,-2.09311
1EMV_A_B,B,97,,-2.62294
1EMV_A_B,B,98,,-2.42597
1F47_A_B,A,3,,-2.88819
1F47_A_B,A,4,,-2.89413
1F47_A_B,A,5,,-2.89476
1F47_A_B,A,6,,-2.86975
1F47_A_B,A,7,,-2.89757
1F47_A_B,A,8,,-2.87325
1F47_A_B,A,11,,-2.8664
1F47_A_B,A,12,,-2.8346
1F47_A_B,A,15,,-2.87679
1F47_A_B,B,10,,-1.38397
1F47_A_B,B,12,,-1.48142
1F47_A_B,B,41,,-1.82185
1F47_A_B,B,42,,-0.48466
1F47_A_B,B,44,,-0.35538
1F47_A_B,B,62,,-0.16533
1F47_A_B,B,64,,-1.85057
1F47_A_B,B,65,,-0.72827
1F47_A_B,B,66,,-2.14004
1F47_A_B,B,67,,-0.12336
1F47_A_B,B,68,,-0.16594
1F47_A_B,B,83,,-1.28274
1F47_A_B,B,85,,-0.12986
1F47_A_B,B,87,,-2.31151
1F47_A_B,B,121,,-1.35905
1F5R_A_I,A,22,,-2.5162
1F5R_A_I,A,23,,-1.4274
1F5R_A_I,A,24,,-2.00858
1F5R_A_I,A,40,,-0.06229
1F5R_A_I,A,43,,-2.4606
1F5R_A_I,A,78,,-2.49534
1F5R_A_I,A,79,,-2.68701
1F5R_A_I,A,81,,-1.84917
1F5R_A_I,A,125,,-2.08307
1F5R_A_I,A,165,,-0.89052
1F5R_A_I,A,166,,-0.00505
1F5R_A_I,A,167,,-1.86074
1F5R_A_I,A,168,,-0.44183
1F5R_A_I,A,170,,-0.11108
1F5R_A_I,A,185,,-0.13133
1F5R_A_I,A,186,,-1.06338
1F5R_A_I,A,187,,-0.11549
1F5R_A_I,A,189,,-1.54598
1F5R_A_I,I,11,,-2.64695
1F5R_A_I,I,13,,-2.2352
1F5R_A_I,I,14,,-0.00926
1F5R_A_I,I,15,,-1.89982
1F5R_A_I,I,16,,-2.18952
1F5R_A_I,I,17,,-2.59854
1F5R_A_I,I,18,,-2.19026
1F5R_A_I,I,19,,-2.49398
1F5R_A_I,I,34,,-2.61991
1F5R_A_I,I,37,,-0.81024
1F5R_A_I,I,38,,-0.06225
1F5R_A_I,I,39,,-2.11688
1FC2_C_D,C,1,,-0.13292
1FC2_C_D,C,5,,-2.67004
1FC2_C_D,C,6,,-2.6341
1FC2_C_D,C,7,,-2.52136
1FC2_C_D,C,9,,-2.07608
1FC2_C_D,C,10,,-2.67816
1FC2_C_D,C,13,,-2.72252
1FC2_C_D,C,24,,-2.59319
1FC2_C_D,C,27,,-2.34651
1FC2_C_D,C,28,,-2.56887
1FC2_C_D,C,31,,-2.70156
1FC2_C_D,D,14,,-0.51341
1FC2_C_D,D,15,,-2.23406
1FC2_C_D,D,16,,-1.65031
1FC2_C_D,D,17,,-2.70848
1FC2_C_D,D,72,,-2.06583
1FC2_C_D,D,73,,-2.4396
1FC2_C_D,D,74,,-2.40225
1FC2_C_D,D,77,,-2.64162
1FC2_C_D,D,78,,-2.45329
1FC2_C_D,D,196,,-2.36053
1FC2_C_D,D,197,,-2.51763
1FC2_C_D,D,198,,-2.39236
1FC2_C_D,D,199,,-2.56995
1FCC_A_C,A,15,,-2.23406
1FCC_A_C,A,16,,-1.65031
1FCC_A_C,A,17,,-2.70848
1FCC_A_C,A,74,,-2.40225
1FCC_A_C,A,143,,-2.38111
1FCC_A_C,A,145,,-2.31082
1FCC_A_C,A,148,,-0.94893
1FCC_A_C,A,150,,-2.4205
1FCC_A_C,A,196,,-2.36053
1FCC_A_C,A,197,,-2.51763
1FCC_A_C,A,199,,-2.56995
1FCC_A_C,A,201,,-2.2957
1FCC_A_C,C,23,,-2.39714
1FCC_A_C,C,24,,-2.33551
1FCC_A_C,C,25,,-2.30115
1FCC_A_C,C,27,,-2.51328
1FCC_A_C,C,28,,-2.41807
1FCC_A_C,C,31,,-2.52145
1FCC_A_C,C,32,,-2.13072
1FCC_A_C,C,35,,-2.32869
1FCC_A_C,C,40,,-2.40168
1FCC_A_C,C,41,,-2.54086
1FCC_A_C,C,42,,-2.1861
1FCC_A_C,C,43,,-2.05258
1FCC_A_C,C,44,,-2.22834
1FCC_A_C,C,45,,-1.66595
1FFW_A_B,A,89,,-1.62613
1FFW_A_B,A,91,,-0.70273
1FFW_A_B,A,94,,-0.79963
1FFW_A_B,A,95,,-1.94757
1FFW_A_B,A,98,,-1.78179
1FFW_A_B,A,99,,-2.00584
1FFW_A_B,A,102,,-1.1581
1FFW_A_B,A,103,,-1.76052
1FFW_A_B,A,104,,-1.2868
1FFW_A_B,A,105,,-0.28731
1FFW_A_B,A,121,,-2.64786
1FFW_A_B,A,124,,-2.47604
1FFW_A_B,A,125,,-2.33227
1FFW_A_B,B,10,,-2.72707
1FFW_A_B,B,20,,-2.8461
1FFW_A_B,B,23,,-2.85739
1FFW_A_B,B,24,,-2.83135
1FFW_A_B,B,45,,-2.78274
1FFW_A_B,B,49,,-2.776
1FFW_A_B,B,52,,-2.74488
1FFW_A_B,B,53,,-2.79751
1FFW_A_B,B,55,,-2.59604
1FFW_A_B,B,56,,-2.6418
1FFW_A_B,B,57,,-2.42975
1FFW_A_B,B,59,,-2.76179
1FR2_A_B,A,21,,-2.819
1FR2_A_B,A,22,,-2.81315
1FR2_A_B,A,23,,-2.87859
1FR2_A_B,A,25,,-2.76997
1FR2_A_B,A,27,,-2.6967
1FR2_A_B,A,28,,-2.80971
1FR2_A_B,A,31,,-2.59467
1FR2_A_B,A,32,,-2.7657
1FR2_A_B,A,35,,-2.64076
1FR2_A_B,A,36,,-2.72665
1FR2_A_B,A,39,,-2.88516
1FR2_A_B,A,45,,-2.8994
1FR2_A_B,A,46,,-2.82283
1FR2_A_B,A,47,,-2.76919
1FR2_A_B,A,48,,-2.91344
1FR2_A_B,A,49,,-2.91896
1FR2_A_B,A,51,,-2.89608
1FR2_A_B,A,52,,-2.89482
1FR2_A_B,A,53,,-2.90568
1FR2_A_B,A,60,,-2.83686
1FR2_A_B,B,53,,-0.2667
1FR2_A_B,B,71,,-2.06096
1FR2_A_B,B,72,,-2.36187
1FR2_A_B,B,73,,-2.69604
1FR2_A_B,B,74,,-1.71341
1FR2_A_B,B,76,,-2.1868
1FR2_A_B,B,77,,-1.77239
1FR2_A_B,B,80,,-1.9472
1FR2_A_B,B,82,,-2.24111
1FR2_A_B,B,85,,-2.61867
1FR2_A_B,B,87,,-2.38907
1FR2_A_B,B,88,,-2.54483
1FR2_A_B,B,91,,-2.57381
1FR2_A_B,B,94,,-2.01452
1FR2_A_B,B,96,,-2.64586
1FR2_A_B,B,97,,-2.46922
1FSS_A_B,A,67,,-2.811
1FSS_A_B,A,68,,-2.84702
1FSS_A_B,A,70,,-2.85817
1FSS_A_B,A,71,,-2.88839
1FSS_A_B,A,72,,-2.85985
1FSS_A_B,A,73,,-2.87039
1FSS_A_B,A,79,,-2.8977
1FSS_A_B,A,82,,-2.86501
1FSS_A_B,A,83,,-2.85515
1FSS_A_B,A,87,,-2.15663
1FSS_A_B,A,269,,-2.16172
1FSS_A_B,A,272,,-1.97316
1FSS_A_B,A,273,,-2.09535
1FSS_A_B,A,276,,-2.60936
1FSS_A_B,A,277,,-2.38531
1FSS_A_B,A,279,,-2.84965
1FSS_A_B,A,282,,-2.76752
1FSS_A_B,A,283,,-2.80533
1FSS_A_B,A,331,,-2.86507
1FSS_A_B,A,332,,-2.87597
1FSS_A_B,A,338,,-2.84732
1FSS_A_B,A,339,,-2.82228
1FSS_A_B,A,355,,-2.58999
1FSS_A_B,B,4,,-2.12736
1FSS_A_B,B,6,,-2.73112
1FSS_A_B,B,7,,-2.78689
1FSS_A_B,B,8,,-2.69985
1FSS_A_B,B,9,,-2.74615
1FSS_A_B,B,10,,-2.55734
1FSS_A_B,B,11,,-2.76081
1FSS_A_B,B,12,,-2.79693
1FSS_A_B,B,27,,-2.85247
1FSS_A_B,B,29,,-2.83817
1FSS_A_B,B,30,,-2.59769
1FSS_A_B,B,31,,-2.61757
1FSS_A_B,B,32,,-2.85643
1FSS_A_B,B,33,,-2.87571
1FSS_A_B,B,34,,-2.75409
1FSS_A_B,B,35,,-2.68325
1FSS_A_B,B,37,,-2.85411
1FSS_A_B,B,47,,-2.69104
1FSS_A_B,B,61,,-2.87285
1FY8_E_I,E,22,,-2.50499
1FY8_E_I,E,23,,-1.36341
1FY8_E_I,E,24,,-2.00994
1FY8_E_I,E,40,,-0.06569
1FY8_E_I,E,43,,-2.45832
1FY8_E_I,E,78,,-2.48775
1FY8_E_I,E,79,,-2.6855
1FY8_E_I,E,81,,-1.80819
1FY8_E_I,E,124,,-1.46257
1FY8_E_I,E,147,,-2.69055
1FY8_E_I,E,164,,-0.90804
1FY8_E_I,E,165,,-0.00568
1FY8_E_I,E,166,,-1.64599
1FY8_E_I,E,167,,-0.4366
1FY8_E_I,E,169,,-0.12806
1FY8_E_I,E,185,,-1.03726
1FY8_E_I,E,186,,-0.11455
1FY8_E_I,E,188,,-1.60149
1FY8_E_I,I,11,,-2.65499
1FY8_E_I,I,12,,-0.53211
1FY8_E_I,I,13,,-2.23614
1FY8_E_I,I,14,,-0.00912
1FY8_E_I,I,15,,-1.93207
1FY8_E_I,I,16,,-2.20581
1FY8_E_I,I,17,,-2.59128
1FY8_E_I,I,18,,-2.14028
1FY8_E_I,I,19,,-2.4975
1FY8_E_I,I,34,,-2.60997
1FY8_E_I,I,37,,-0.81994
1FY8_E_I,I,38,,-0.05561
1FY8_E_I,I,39,,-2.12632
1GC1_G_C,C,25,,-2.68098
1GC1_G_C,C,27,,-2.73773
1GC1_G_C,C,29,,-2.63644
1GC1_G_C,C,32,,-2.58946
1GC1_G_C,C,33,,-2.33688
1GC1_G_C,C,34,,-2.64545
1GC1_G_C,C,35,,-2.65652
1GC1_G_C,C,40,,-2.67684
1GC1_G_C,C,41,,-2.79512
1GC1_G_C,C,42,,-2.8132
1GC1_G_C,C,43,,-2.80808
1GC1_G_C,C,44,,-2.81376
1GC1_G_C,C,45,,-2.83886
1GC1_G_C,C,46,,-2.82639
1GC1_G_C,C,48,,-2.55261
1GC1_G_C,C,52,,-2.63225
1GC1_G_C,C,59,,-2.79101
1GC1_G_C,C,60,,-2.43743
1GC1_G_C,C,61,,-2.62951
1GC1_G_C,C,63,,-2.56593
1GC1_G_C,C,64,,-2.34923
1GC1_G_C,G,34,,-2.85733
1GC1_G_C,G,36,,-2.83291
1GC1_G_C,G,126,,-2.84627
1GC1_G_C,G,127,,-2.89907
1GC1_G_C,G,128,,-2.53543
1GC1_G_C,G,130,,-2.84335
1GC1_G_C,G,183,,-2.63703
1GC1_G_C,G,184,,-2.807
1GC1_G_C,G,185,,-2.84815
1GC1_G_C,G,186,,-2.89746
1GC1_G_C,G,188,,-2.89602
1GC1_G_C,G,189,,-2.61721
1GC1_G_C,G,230,,-2.87262
1GC1_G_C,G,231,,-2.88823
1GC1_G_C,G,232,,-2.78575
1GC1_G_C,G,235,,-2.90344
1GC1_G_C,G,260,,-2.88623
1GC1_G_C,G,262,,-2.8886
1GC1_G_C,G,263,,-2.88499
1GC1_G_C,G,264,,-2.90146
1GC1_G_C,G,274,,-2.8563
1GC1_G_C,G,277,,-2.90075
1GC1_G_C,G,278,,-2.89849
1GC1_G_C,G,279,,-2.90179
1GCQ_AB_C,A,8,,-1.04768
1GCQ_AB_C,A,10,,-1.00475
1GCQ_AB_C,A,11,,-2.32015
1GCQ_AB_C,A,13,,-2.50558
1GCQ_AB_C,A,14,,-2.5154
1GCQ_AB_C,A,35,,-1.74014
1GCQ_AB_C,A,36,,-0.05614
1GCQ_AB_C,A,49,,-0.04554
1GCQ_AB_C,A,51,,-1.41856
1GCQ_AB_C,A,52,,-0.80798
1GCQ_AB_C,B,4,,-2.17969
1GCQ_AB_C,B,6,,-1.68028
1GCQ_AB_C,B,7,,-1.05919
1GCQ_AB_C,B,21,,-1.86291
1GCQ_AB_C,B,22,,-0.41306
1GCQ_AB_C,B,48,,-0.04696
1GCQ_AB_C,B,49,,-1.38477
1GCQ_AB_C,B,50,,-1.49188
1GCQ_AB_C,B,51,,-0.8048
1GCQ_AB_C,B,53,,-2.24935
1GCQ_AB_C,B,54,,-2.50532
1GCQ_AB_C,B,57,,-2.83428
1GCQ_AB_C,C,2,,-2.84358
1GCQ_AB_C,C,3,,-2.78779
1GCQ_AB_C,C,4,,-2.76927
1GCQ_AB_C,C,5,,-2.77858
1GCQ_AB_C,C,6,,-2.22416
1GCQ_AB_C,C,7,,-2.33216
1GCQ_AB_C,C,16,,-2.63275
1GCQ_AB_C,C,17,,-2.61971
1GCQ_AB_C,C,18,,-2.66455
1GCQ_AB_C,C,20,,-2.70271
1GCQ_AB_C,C,21,,-2.61878
1GCQ_AB_C,C,22,,-2.70555
1GCQ_AB_C,C,38,,-1.90177
1GCQ_AB_C,C,40,,-2.85348
1GCQ_AB_C,C,42,,-2.85908
1GCQ_AB_C,C,43,,-2.73999
1GCQ_AB_C,C,44,,-2.55772
1GCQ_AB_C,C,45,,-1.39449
1GCQ_AB_C,C,46,,-0.88429
1GCQ_AB_C,C,47,,-2.49252
1GCQ_AB_C,C,62,,-2.60883
1GCQ_AB_C,C,65,,-1.44482
1GCQ_AB_C,C,67,,-2.67365
1GCQ_AB_C,C,68,,-2.30984
1GCQ_AB_C,C,69,,-2.85204
1GL0_E_I,E,31,,-2.45071
1GL0_E_I,E,33,,-2.53803
1GL0_E_I,E,35,,-2.5291
1GL0_E_I,E,37,,-1.99569
1GL0_E_I,E,53,,-0.05665
1GL0_E_I,E,54,,-0.05374
1GL0_E_I,E,92,,-2.47587
1GL0_E_I,E,93,,-2.41094
1GL0_E_I,E,95,,-2.18527
1GL0_E_I,E,142,,-2.57875
1GL0_E_I,E,167,,-2.41628
1GL0_E_I,E,168,,-1.49379
1GL0_E_I,E,169,,-1.80263
1GL0_E_I,E,170,,-2.30272
1GL0_E_I,E,171,,-2.42011
1GL0_E_I,E,186,,-1.61325
1GL0_E_I,E,187,,-0.01663
1GL0_E_I,E,188,,-2.29449
1GL0_E_I,E,189,,-0.37042
1GL0_E_I,E,191,,-0.28977
1GL0_E_I,E,209,,-1.4542
1GL0_E_I,E,211,,-1.48784
1GL0_E_I,E,212,,-0.72625
1GL0_E_I,E,213,,-2.45717
1GL0_E_I,E,214,,-2.39223
1GL0_E_I,I,7,,-1.45884
1GL0_E_I,I,10,,-2.36759
1GL0_E_I,I,13,,-0.03574
1GL0_E_I,I,14,,-2.06074
1GL0_E_I,I,16,,-2.2869
1GL0_E_I,I,18,,-2.25628
1GL0_E_I,I,19,,-2.48583
1GL0_E_I,I,20,,-2.31347
1GL0_E_I,I,22,,-2.66288
1GL0_E_I,I,23,,-2.21319
1GL0_E_I,I,24,,-2.26612
1GL0_E_I,I,25,,-0.01527
1GL0_E_I,I,26,,-0.28934
1GL0_E_I,I,27,,-2.46387
1GL0_E_I,I,28,,-2.26084
1GL0_E_I,I,29,,-2.41543
1GL0_E_I,I,30,,-0.05972
1GL0_E_I,I,31,,-2.77333
1GL1_A_I,A,36,,-2.55144
1GL1_A_I,A,38,,-1.99642
1GL1_A_I,A,54,,-0.05777
1GL1_A_I,A,55,,-0.05767
1GL1_A_I,A,94,,-2.45887
1GL1_A_I,A,95,,-1.4144
1GL1_A_I,A,96,,-2.12076
1GL1_A_I,A,166,,-1.56847
1GL1_A_I,A,169,,-2.4499
1GL1_A_I,A,184,,-1.59053
1GL1_A_I,A,185,,-0.01564
1GL1_A_I,A,186,,-2.31036
1GL1_A_I,A,187,,-0.39861
1GL1_A_I,A,189,,-0.3069
1GL1_A_I,A,209,,-1.43608
1GL1_A_I,A,210,,-0.63159
1GL1_A_I,A,211,,-2.43809
1GL1_A_I,A,212,,-2.42831
1GL1_A_I,A,213,,-2.56147
1GL1_A_I,I,1,,-2.25021
1GL1_A_I,I,8,,-2.4863
1GL1_A_I,I,12,,-1.25577
1GL1_A_I,I,14,,-0.65366
1GL1_A_I,I,15,,-2.31639
1GL1_A_I,I,17,,-1.90398
1GL1_A_I,I,25,,-2.73449
1GL1_A_I,I,26,,-2.75362
1GL1_A_I,I,27,,-0.01778
1GL1_A_I,I,28,,-0.81622
1GL1_A_I,I,29,,-2.49989
1GL1_A_I,I,30,,-2.24473
1GL1_A_I,I,31,,-2.67969
1GL1_A_I,I,32,,-0.03947
1GL1_A_I,I,33,,-2.58977
1GRN_A_B,A,11,,-0.15702
1GRN_A_B,A,12,,-0.34516
1GRN_A_B,A,13,,-1.21486
1GRN_A_B,A,32,,-0.28238
1GRN_A_B,A,33,,-1.96416
1GRN_A_B,A,34,,-0.25241
1GRN_A_B,A,36,,-0.96559
1GRN_A_B,A,37,,-0.06054
1GRN_A_B,A,61,,-0.12101
1GRN_A_B,A,62,,-0.22864
1GRN_A_B,A,63,,-0.83874
1GRN_A_B,A,64,,-0.73567
1GRN_A_B,A,66,,-1.01107
1GRN_A_B,A,67,,-0.85397
1GRN_A_B,A,70,,-0.57767
1GRN_A_B,A,88,,-2.26821
1GRN_A_B,A,91,,-2.34743
1GRN_A_B,A,92,,-0.93658
1GRN_A_B,A,95,,-2.20912
1GRN_A_B,A,96,,-0.64701
1GRN_A_B,A,132,,-2.48393
1GRN_A_B,B,42,,-1.33128
1GRN_A_B,B,43,,-0.01745
1GRN_A_B,B,46,,-0.02483
1GRN_A_B,B,47,,-1.86215
1GRN_A_B,B,48,,-1.57032
1GRN_A_B,B,49,,-0.88149
1GRN_A_B,B,50,,-1.54427
1GRN_A_B,B,51,,-2.04314
1GRN_A_B,B,52,,-1.22624
1GRN_A_B,B,73,,-2.25271
1GRN_A_B,B,74,,-0.78587
1GRN_A_B,B,80,,-1.58907
1GRN_A_B,B,83,,-0.01478
1GRN_A_B,B,87,,-0.09932
1GRN_A_B,B,150,,-1.47069
1GRN_A_B,B,155,,-0.07757
1GRN_A_B,B,158,,-1.15775
1GRN_A_B,B,159,,-0.35084
1GRN_A_B,B,162,,-0.06946
1GRN_A_B,B,166,,-1.11334
1GRN_A_B,B,168,,-2.31507
1GRN_A_B,B,170,,-2.21677
1GRN_A_B,B,171,,-2.58112
1GRN_A_B,B,173,,-2.07446
1GRN_A_B,B,174,,-2.20919
1GRN_A_B,B,177,,-2.2424
1GRN_A_B,B,181,,-1.26782
1GUA_A_B,A,21,,-1.24547
1GUA_A_B,A,25,,-1.94464
1GUA_A_B,A,27,,-2.65039
1GUA_A_B,A,29,,-1.63798
1GUA_A_B,A,31,,-2.48937
1GUA_A_B,A,33,,-0.81738
1GUA_A_B,A,36,,-0.51825
1GUA_A_B,A,37,,-0.10218
1GUA_A_B,A,38,,-0.0599
1GUA_A_B,A,39,,-1.45022
1GUA_A_B,A,40,,-0.32839
1GUA_A_B,A,41,,-1.08844
1GUA_A_B,A,52,,-2.57201
1GUA_A_B,B,2,,-2.83907
1GUA_A_B,B,4,,-0.62807
1GUA_A_B,B,9,,-1.26865
1GUA_A_B,B,10,,-1.75941
1GUA_A_B,B,11,,-2.18481
1GUA_A_B,B,12,,-2.47115
1GUA_A_B,B,13,,-1.11196
1GUA_A_B,B,14,,-2.02323
1GUA_A_B,B,16,,-2.51359
1GUA_A_B,B,29,,-2.66387
1GUA_A_B,B,32,,-2.70822
1GUA_A_B,B,33,,-1.24089
1GUA_A_B,B,34,,-1.42209
1GUA_A_B,B,35,,-2.24743
1H9D_A_B,A,13,,-2.84468
1H9D_A_B,A,14,,-2.86769
1H9D_A_B,A,15,,-2.73233
1H9D_A_B,A,16,,-2.85359
1H9D_A_B,A,42,,-2.5196
1H9D_A_B,A,53,,-2.70101
1H9D_A_B,A,54,,-2.60618
1H9D_A_B,A,55,,-2.77002
1H9D_A_B,A,56,,-2.72302
1H9D_A_B,A,57,,-2.67783
1H9D_A_B,A,60,,-2.817
1H9D_A_B,A,61,,-2.84585
1H9D_A_B,A,94,,-2.79486
1H9D_A_B,A,96,,-2.83814
1H9D_A_B,A,98,,-2.78188
1H9D_A_B,A,100,,-2.7444
1H9D_A_B,A,102,,-2.74582
1H9D_A_B,A,103,,-2.68084
1H9D_A_B,A,104,,-2.79024
1H9D_A_B,A,105,,-2.81285
1H9D_A_B,A,106,,-2.82005
1H9D_A_B,A,108,,-2.849
1H9D_A_B,A,110,,-2.72027
1H9D_A_B,B,1,,-0.5963
1H9D_A_B,B,2,,-2.87516
1H9D_A_B,B,4,,-2.86519
1H9D_A_B,B,16,,-2.78941
1H9D_A_B,B,27,,-2.85247
1H9D_A_B,B,29,,-2.84944
1H9D_A_B,B,32,,-2.89017
1H9D_A_B,B,55,,-2.8854
1H9D_A_B,B,57,,-2.90772
1H9D_A_B,B,58,,-2.90461
1H9D_A_B,B,59,,-2.5562
1H9D_A_B,B,60,,-2.88214
1H9D_A_B,B,61,,-2.8349
1H9D_A_B,B,62,,-2.84424
1H9D_A_B,B,63,,-2.8865
1H9D_A_B,B,64,,-2.92012
1H9D_A_B,B,66,,-2.90345
1H9D_A_B,B,69,,-2.88967
1H9D_A_B,B,90,,-2.84092
1H9D_A_B,B,91,,-2.88457
1H9D_A_B,B,92,,-2.90794
1H9D_A_B,B,93,,-2.80037
1H9D_A_B,B,94,,-2.80525
1H9D_A_B,B,95,,-2.72376
1H9D_A_B,B,121,,-2.87067
1HE8_A_B,A,78,,-2.7522
1HE8_A_B,A,80,,-2.6594
1HE8_A_B,A,85,,-2.70204
1HE8_A_B,A,86,,-2.84631
1HE8_A_B,A,87,,-2.83881
1HE8_A_B,A,88,,-2.6962
1HE8_A_B,A,89,,-2.77505
1HE8_A_B,A,91,,-2.83624
1HE8_A_B,A,108,,-2.70163
1HE8_A_B,A,111,,-2.73769
1HE8_A_B,A,112,,-2.78697
1HE8_A_B,A,114,,-2.81195
1HE8_A_B,A,115,,-2.87791
1HE8_A_B,A,159,,-2.56179
1HE8_A_B,A,603,,-1.35848
1HE8_A_B,A,604,,-1.88896
1HE8_A_B,A,607,,-2.06769
1HE8_A_B,B,21,,-1.38266
1HE8_A_B,B,25,,-2.29771
1HE8_A_B,B,29,,-1.74155
1HE8_A_B,B,31,,-2.42422
1HE8_A_B,B,33,,-0.94899
1HE8_A_B,B,36,,-0.79374
1HE8_A_B,B,37,,-0.22394
1HE8_A_B,B,38,,-0.13057
1HE8_A_B,B,39,,-1.69204
1HE8_A_B,B,40,,-0.44534
1HE8_A_B,B,41,,-0.74112
1HE8_A_B,B,64,,-0.63687
1HE8_A_B,B,67,,-1.22918
1HE8_A_B,B,70,,-1.51985
1HE8_A_B,B,73,,-0.80721
1IAR_A_B,A,5,,-2.83172
1IAR_A_B,A,6,,-2.86485
1IAR_A_B,A,8,,-2.70023
1IAR_A_B,A,9,,-2.72638
1IAR_A_B,A,12,,-2.67037
1IAR_A_B,A,53,,-2.84833
1IAR_A_B,A,56,,-2.60008
1IAR_A_B,A,57,,-2.84131
1IAR_A_B,A,78,,-2.86609
1IAR_A_B,A,81,,-2.85542
1IAR_A_B,A,82,,-2.83148
1IAR_A_B,A,85,,-2.81564
1IAR_A_B,A,88,,-2.86279
1IAR_A_B,A,89,,-2.8892
1IAR_A_B,A,91,,-2.86833
1IAR_A_B,A,92,,-2.88126
1IAR_A_B,B,39,,-2.62332
1IAR_A_B,B,41,,-2.57961
1IAR_A_B,B,42,,-2.50639
1IAR_A_B,B,43,,-2.6773
1IAR_A_B,B,66,,-2.75377
1IAR_A_B,B,67,,-2.7008
1IAR_A_B,B,69,,-2.88911
1IAR_A_B,B,70,,-2.82043
1IAR_A_B,B,71,,-2.8417
1IAR_A_B,B,72,,-2.81328
1IAR_A_B,B,93,,-2.63708
1IAR_A_B,B,121,,-2.77394
1IAR_A_B,B,123,,-2.78021
1IAR_A_B,B,126,,-2.85766
1IAR_A_B,B,127,,-2.76929
1IAR_A_B,B,173,,-2.89425
1IAR_A_B,B,174,,-2.86688
1JCK_A_B,A,26,,-2.15774
1JCK_A_B,A,28,,-1.90056
1JCK_A_B,A,48,,-2.51053
1JCK_A_B,A,49,,-2.52127
1JCK_A_B,A,50,,-2.29624
1JCK_A_B,A,51,,-2.30172
1JCK_A_B,A,52,,-2.65947
1JCK_A_B,A,53,,-2.78897
1JCK_A_B,A,55,,-1.88628
1JCK_A_B,A,63,,-1.93059
1JCK_A_B,A,67,,-2.17466
1JCK_A_B,A,68,,-2.22659
1JCK_A_B,A,69,,-2.55537
1JCK_A_B,B,18,,-2.81336
1JCK_A_B,B,19,,-2.80531
1JCK_A_B,B,20,,-2.82317
1JCK_A_B,B,23,,-2.78635
1JCK_A_B,B,26,,-2.79802
1JCK_A_B,B,58,,-2.61631
1JCK_A_B,B,60,,-2.7698
1JCK_A_B,B,90,,-2.78273
1JCK_A_B,B,91,,-2.82659
1JCK_A_B,B,102,,-2.79139
1JCK_A_B,B,103,,-2.74662
1JCK_A_B,B,104,,-2.81676
1JCK_A_B,B,106,,-2.77478
1JCK_A_B,B,176,,-2.79899
1JCK_A_B,B,177,,-2.76623
1JCK_A_B,B,210,,-2.81882
1JRH_LH_I,H,32,,-1.72468
1JRH_LH_I,H,33,,-2.15565
1JRH_LH_I,H,54,,-2.54154
1JRH_LH_I,H,55,,-2.76814
1JRH_LH_I,H,56,,-2.27656
1JRH_LH_I,H,58,,-2.4787
1JRH_LH_I,H,60,,-2.58199
1JRH_LH_I,H,63,,-1.89084
1JRH_LH_I,H,104,,-2.77085
1JRH_LH_I,H,105,,-2.89136
1JRH_LH_I,H,107,,-2.79826
1JRH_LH_I,I,37,,-2.59172
1JRH_LH_I,I,39,,-2.61202
1JRH_LH_I,I,40,,-2.84448
1JRH_LH_I,I,41,,-2.7394
1JRH_LH_I,I,42,,-2.7362
1JRH_LH_I,I,43,,-2.42085
1JRH_LH_I,I,44,,-2.6734
1JRH_LH_I,I,45,,-2.59644
1JRH_LH_I,I,46,,-2.51926
1JRH_LH_I,I,66,,-2.65881
1JRH_LH_I,I,68,,-2.77864
1JRH_LH_I,I,72,,-2.61574
1JRH_LH_I,I,74,,-0.3842
1JRH_LH_I,I,88,,-2.51034
1JRH_LH_I,L,27,,-2.47252
1JRH_LH_I,L,28,,-2.50392
1JRH_LH_I,L,30,,-2.66902
1JRH_LH_I,L,32,,-2.01738
1JRH_LH_I,L,92,,-2.63678
1JRH_LH_I,L,93,,-2.64685
1JRH_LH_I,L,94,,-2.60799
1JTD_A_B,A,72,,-2.25566
1JTD_A_B,A,73,,-2.37052
1JTD_A_B,A,74,,-2.33562
1JTD_A_B,A,76,,-0.28738
1JTD_A_B,A,77,,-0.74325
1JTD_A_B,A,78,,-2.42439
1JTD_A_B,A,79,,-1.45777
1JTD_A_B,A,81,,-0.20328
1JTD_A_B,A,84,,-2.14193
1JTD_A_B,A,85,,-2.38517
1JTD_A_B,A,87,,-1.05599
1JTD_A_B,A,88,,-2.54197
1JTD_A_B,A,103,,-2.59587
1JTD_A_B,A,104,,-0.02094
1JTD_A_B,A,141,,-0.98296
1JTD_A_B,A,189,,-2.5115
1JTD_A_B,A,190,,-2.37114
1JTD_A_B,A,193,,-2.55914
1JTD_A_B,A,211,,-1.80117
1JTD_A_B,A,212,,-0.20508
1JTD_A_B,A,217,,-0.38444
1JTD_A_B,A,244,,-2.74995
1JTD_A_B,A,245,,-2.25233
1JTD_A_B,B,11,,-2.45913
1JTD_A_B,B,12,,-2.37558
1JTD_A_B,B,13,,-2.61929
1JTD_A_B,B,14,,-2.7774
1JTD_A_B,B,15,,-2.52293
1JTD_A_B,B,19,,-1.67302
1JTD_A_B,B,35,,-2.72476
1JTD_A_B,B,36,,-2.66837
1JTD_A_B,B,53,,-2.50199
1JTD_A_B,B,74,,-2.66978
1JTD_A_B,B,75,,-2.6005
1JTD_A_B,B,92,,-2.53403
1JTD_A_B,B,93,,-2.42849
1JTD_A_B,B,114,,-2.4287
1JTD_A_B,B,131,,-2.37134
1JTD_A_B,B,132,,-2.42866
1JTD_A_B,B,153,,-2.63787
1JTD_A_B,B,168,,-2.20384
1JTD_A_B,B,170,,-2.30228
1JTD_A_B,B,171,,-2.17451
1JTD_A_B,B,191,,-2.6019
1JTD_A_B,B,192,,-2.41092
1JTD_A_B,B,209,,-2.39579
1JTD_A_B,B,210,,-2.4074
1JTD_A_B,B,230,,-2.67584
1JTD_A_B,B,231,,-2.63455
1JTD_A_B,B,246,,-2.32845
1JTD_A_B,B,248,,-2.56342
1JTD_A_B,B,266,,-2.40292
1JTG_A_B,A,74,,-2.3733
1JTG_A_B,A,75,,-2.34093
1JTG_A_B,A,77,,-0.29968
1JTG_A_B,A,78,,-0.71281
1JTG_A_B,A,79,,-2.43137
1JTG_A_B,A,80,,-1.4923
1JTG_A_B,A,81,,-0.72787
1JTG_A_B,A,82,,-0.22842
1JTG_A_B,A,83,,-0.91077
1JTG_A_B,A,85,,-2.13132
1JTG_A_B,A,86,,-2.40773
1JTG_A_B,A,87,,-1.49417
1JTG_A_B,A,89,,-2.56102
1JTG_A_B,A,104,,-2.57664
1JTG_A_B,A,105,,-0.0245
1JTG_A_B,A,142,,-1.0376
1JTG_A_B,A,143,,-1.96477
1JTG_A_B,A,145,,-0.74561
1JTG_A_B,A,189,,-1.71404
1JTG_A_B,A,190,,-2.30826
1JTG_A_B,A,211,,-1.88968
1JTG_A_B,A,212,,-0.24686
1JTG_A_B,A,213,,-2.16043
1JTG_A_B,A,214,,-2.38666
1JTG_A_B,A,244,,-2.7637
1JTG_A_B,B,31,,-2.64562
1JTG_A_B,B,35,,-2.72431
1JTG_A_B,B,36,,-2.60574
1JTG_A_B,B,37,,-2.59989
1JTG_A_B,B,39,,-2.77334
1JTG_A_B,B,46,,-2.76701
1JTG_A_B,B,48,,-2.27278
1JTG_A_B,B,49,,-2.3752
1JTG_A_B,B,50,,-2.69844
1JTG_A_B,B,51,,-2.72528
1JTG_A_B,B,53,,-2.68049
1JTG_A_B,B,55,,-2.66737
1JTG_A_B,B,71,,-2.6638
1JTG_A_B,B,73,,-2.67394
1JTG_A_B,B,74,,-2.82851
1JTG_A_B,B,112,,-2.6609
1JTG_A_B,B,113,,-2.63951
1JTG_A_B,B,115,,-2.71171
1JTG_A_B,B,126,,-2.75454
1JTG_A_B,B,128,,-2.77113
1JTG_A_B,B,141,,-2.58782
1JTG_A_B,B,142,,-2.71457
1JTG_A_B,B,143,,-2.80597
1JTG_A_B,B,144,,-2.68897
1JTG_A_B,B,148,,-2.59464
1JTG_A_B,B,150,,-2.65819
1JTG_A_B,B,160,,-2.56618
1JTG_A_B,B,162,,-2.71354
1JTG_A_B,B,163,,-2.37543
1K8R_A_B,A,5,,-0.82438
1K8R_A_B,A,25,,-2.31273
1K8R_A_B,A,33,,-0.78379
1K8R_A_B,A,36,,-0.62449
1K8R_A_B,A,37,,-0.10532
1K8R_A_B,A,38,,-0.05895
1K8R_A_B,A,39,,-1.60735
1K8R_A_B,A,40,,-0.39117
1K8R_A_B,A,41,,-0.6585
1K8R_A_B,A,54,,-0.59805
1K8R_A_B,A,64,,-0.57466
1K8R_A_B,A,70,,-1.42321
1K8R_A_B,B,2,,-2.87982
1K8R_A_B,B,4,,-2.87203
1K8R_A_B,B,10,,-2.88009
1K8R_A_B,B,11,,-2.85409
1K8R_A_B,B,12,,-2.88256
1K8R_A_B,B,13,,-2.68636
1K8R_A_B,B,14,,-2.67686
1K8R_A_B,B,16,,-2.80814
1K8R_A_B,B,31,,-2.84284
1K8R_A_B,B,33,,-2.21847
1K8R_A_B,B,77,,-2.78316
1K8R_A_B,B,79,,-2.62044
1K8R_A_B,B,82,,-2.87106
1KAC_A_B,A,13,,-2.5111
1KAC_A_B,A,15,,-2.78171
1KAC_A_B,A,16,,-2.71444
1KAC_A_B,A,23,,-2.77613
1KAC_A_B,A,24,,-2.77381
1KAC_A_B,A,27,,-2.6967
1KAC_A_B,A,48,,-2.79945
1KAC_A_B,A,49,,-2.67229
1KAC_A_B,A,53,,-2.79184
1KAC_A_B,A,85,,-2.78368
1KAC_A_B,A,87,,-2.80818
1KAC_A_B,A,92,,-2.81395
1KAC_A_B,A,94,,-2.80289
1KAC_A_B,A,95,,-2.80848
1KAC_A_B,A,96,,-2.76996
1KAC_A_B,A,98,,-2.71684
1KAC_A_B,B,30,,-2.69087
1KAC_A_B,B,31,,-2.65349
1KAC_A_B,B,32,,-2.52451
1KAC_A_B,B,34,,-1.37766
1KAC_A_B,B,36,,-1.66191
1KAC_A_B,B,50,,-2.71326
1KAC_A_B,B,53,,-2.47317
1KAC_A_B,B,55,,-2.1747
1KAC_A_B,B,56,,-2.03995
1KAC_A_B,B,60,,-2.08907
1KAC_A_B,B,61,,-2.30759
1KAC_A_B,B,62,,-2.69559
1KAC_A_B,B,63,,-0.93645
1KAC_A_B,B,101,,-2.26856
1KAC_A_B,B,103,,-1.60333
1KAC_A_B,B,105,,-2.41495
1KAC_A_B,B,106,,-2.55093
1KAC_A_B,B,108,,-2.76407
1KBH_A_B,A,1,,-0.32523
1KBH_A_B,A,3,,-0.01539
1KBH_A_B,A,9,,-0.00463
1KBH_A_B,A,13,,-0.00389
1KBH_A_B,A,22,,-0.00499
1KBH_A_B,A,23,,-0.00527
1KBH_A_B,A,24,,-0.00325
1KBH_A_B,A,48,,-0.00417
1KBH_A_B,A,50,,-0.00494
1KBH_A_B,A,107,,-0.00333
1KBH_A_B,A,122,,-0.00553
1KBH_A_B,A,133,,-0.00454
1KBH_A_B,A,140,,-0.00392
1KBH_A_B,A,141,,-0.00541
1KBH_A_B,A,142,,-0.00387
1KBH_A_B,A,150,,-0.00339
1KBH_A_B,A,153,,-0.00371
1KBH_A_B,A,154,,-0.00327
1KBH_A_B,A,173,,-0.00341
1KBH_A_B,A,175,,-0.00504
1KBH_A_B,A,180,,-0.00448
1KBH_A_B,A,189,,-0.0037
1KBH_A_B,A,194,,-0.00258
1KBH_A_B,A,202,,-0.00381
1KBH_A_B,A,206,,-0.00266
1KBH_A_B,A,208,,-0.00317
1KBH_A_B,A,238,,-0.00414
1KBH_A_B,A,279,,-0.00416
1KBH_A_B,A,283,,-0.00348
1KBH_A_B,A,298,,-0.00445
1KBH_A_B,A,300,,-0.00263
1KBH_A_B,A,305,,-0.00427
1KBH_A_B,A,320,,-0.00752
1KBH_A_B,A,321,,-0.00435
1KBH_A_B,A,325,,-0.00503
1KBH_A_B,A,335,,-0.00248
1KBH_A_B,A,367,,-0.00752
1KBH_A_B,A,368,,-0.00425
1KBH_A_B,A,386,,-0.00312
1KBH_A_B,A,390,,-0.00353
1KBH_A_B,A,393,,-0.00364
1KBH_A_B,A,396,,-0.00285
1KBH_A_B,A,407,,-0.00592
1KBH_A_B,A,420,,-0.004
1KBH_A_B,A,426,,-0.00395
1KBH_A_B,A,486,,-0.0041
1KBH_A_B,A,508,,-0.00735
1KBH_A_B,A,509,,-0.00425
1KBH_A_B,A,513,,-0.00493
1KBH_A_B,A,518,,-0.00345
1KBH_A_B,A,520,,-0.00394
1KBH_A_B,A,535,,-0.00264
1KBH_A_B,A,537,,-0.00283
1KBH_A_B,A,549,,-0.00322
1KBH_A_B,A,561,,-0.00386
1KBH_A_B,A,586,,-0.00441
1KBH_A_B,A,610,,-0.00355
1KBH_A_B,A,612,,-0.00355
1KBH_A_B,A,620,,-0.00292
1KBH_A_B,A,627,,-0.00378
1KBH_A_B,A,640,,-0.00196
1KBH_A_B,A,641,,-0.00452
1KBH_A_B,A,645,,-0.00478
1KBH_A_B,A,646,,-0.00263
1KBH_A_B,A,676,,-0.00284
1KBH_A_B,A,678,,-0.00292
1KBH_A_B,A,685,,-0.00287
1KBH_A_B,A,686,,-0.00488
1KBH_A_B,A,721,,-0.00374
1KBH_A_B,A,722,,-0.00343
1KBH_A_B,A,732,,-0.00302
1KBH_A_B,A,746,,-0.00421
1KBH_A_B,A,747,,-0.00377
1KBH_A_B,A,770,,-0.00304
1KBH_A_B,A,773,,-0.00341
1KBH_A_B,A,775,,-0.00413
1KBH_A_B,A,776,,-0.00333
1KBH_A_B,A,827,,-0.00513
1KBH_A_B,A,842,,-0.0055
1KBH_A_B,A,847,,-0.00428
1KBH_A_B,A,864,,-0.00358
1KBH_A_B,A,872,,-0.00264
1KBH_A_B,A,896,,-0.00486
1KBH_A_B,A,921,,-0.00657
1KBH_A_B,A,931,,-0.01165
1KBH_A_B,A,936,,-0.02467
1KBH_A_B,A,937,,-0.02403
1KIP_AB_C,A,32,,-2.25405
1KIP_AB_C,A,49,,-2.64616
1KIP_AB_C,A,50,,-2.35031
1KIP_AB_C,A,53,,-2.36723
1KIP_AB_C,A,92,,-2.67893
1KIP_AB_C,A,93,,-2.60743
1KIP_AB_C,B,31,,-1.70681
1KIP_AB_C,B,52,,-2.01869
1KIP_AB_C,B,53,,-2.72319
1KIP_AB_C,B,54,,-1.88752
1KIP_AB_C,B,99,,-2.66903
1KIP_AB_C,B,100,,-2.57858
1KIP_AB_C,B,101,,-2.36186
1KIP_AB_C,B,102,,-2.7211
1KIP_AB_C,C,18,,-1.43683
1KIP_AB_C,C,19,,-1.87794
1KIP_AB_C,C,22,,-0.23206
1KIP_AB_C,C,24,,-1.2826
1KIP_AB_C,C,102,,-1.5617
1KIP_AB_C,C,116,,-1.81585
1KIP_AB_C,C,117,,-0.72792
1KIP_AB_C,C,118,,-1.96141
1KIP_AB_C,C,119,,-1.39343
1KIP_AB_C,C,120,,-1.44414
1KIP_AB_C,C,121,,-1.82361
1KIP_AB_C,C,124,,-2.03348
1KIP_AB_C,C,125,,-2.35808
1KIQ_AB_C,A,32,,-2.25405
1KIQ_AB_C,A,49,,-2.64616
1KIQ_AB_C,A,50,,-2.35031
1KIQ_AB_C,A,53,,-2.36723
1KIQ_AB_C,A,92,,-2.67893
1KIQ_AB_C,A,93,,-2.60743
1KIQ_AB_C,B,30,,-1.24035
1KIQ_AB_C,B,31,,-1.4613
1KIQ_AB_C,B,32,,-1.77543
1KIQ_AB_C,B,52,,-1.74223
1KIQ_AB_C,B,53,,-2.64682
1KIQ_AB_C,B,54,,-1.76625
1KIQ_AB_C,B,99,,-2.63794
1KIQ_AB_C,B,100,,-2.57649
1KIQ_AB_C,B,101,,-2.31646
1KIQ_AB_C,B,102,,-2.79587
1KIQ_AB_C,C,18,,-1.43683
1KIQ_AB_C,C,19,,-1.87794
1KIQ_AB_C,C,22,,-0.23206
1KIQ_AB_C,C,24,,-1.2826
1KIQ_AB_C,C,27,,-1.14664
1KIQ_AB_C,C,102,,-1.5617
1KIQ_AB_C,C,116,,-1.81585
1KIQ_AB_C,C,117,,-0.72792
1KIQ_AB_C,C,118,,-1.96141
1KIQ_AB_C,C,119,,-1.39343
1KIQ_AB_C,C,120,,-1.44414
1KIQ_AB_C,C,121,,-1.82361
1KIQ_AB_C,C,124,,-2.03348
1KIQ_AB_C,C,125,,-2.35808
1KIR_AB_C,A,30,,-2.34579
1KIR_AB_C,A,32,,-2.22315
1KIR_AB_C,A,49,,-2.4231
1KIR_AB_C,A,50,,-2.35031
1KIR_AB_C,A,53,,-2.44203
1KIR_AB_C,A,92,,-2.66754
1KIR_AB_C,A,93,,-2.5909
1KIR_AB_C,B,30,,-1.2205
1KIR_AB_C,B,31,,-1.47435
1KIR_AB_C,B,32,,-1.66463
1KIR_AB_C,B,52,,-1.75182
1KIR_AB_C,B,53,,-2.64629
1KIR_AB_C,B,54,,-1.7654
1KIR_AB_C,B,99,,-2.63888
1KIR_AB_C,B,100,,-2.49322
1KIR_AB_C,B,101,,-2.31646
1KIR_AB_C,B,102,,-2.69373
1KIR_AB_C,C,19,,-1.87794
1KIR_AB_C,C,22,,-0.23206
1KIR_AB_C,C,24,,-1.2826
1KIR_AB_C,C,27,,-1.14664
1KIR_AB_C,C,102,,-1.5617
1KIR_AB_C,C,103,,-2.54332
1KIR_AB_C,C,116,,-1.81585
1KIR_AB_C,C,117,,-0.72792
1KIR_AB_C,C,118,,-1.96141
1KIR_AB_C,C,119,,-1.39343
1KIR_AB_C,C,120,,-1.44414
1KIR_AB_C,C,121,,-1.82361
1KIR_AB_C,C,124,,-2.03348
1KIR_AB_C,C,125,,-2.35808
1KIR_AB_C,C,126,,-1.53223
1KIR_AB_C,C,129,,-2.63919
1KNE_A_P,A,1,,-1.17859
1KNE_A_P,A,2,,-0.8315
1KNE_A_P,A,3,,-1.06885
1KNE_A_P,A,4,,-0.52793
1KNE_A_P,A,23,,-0.02985
1KNE_A_P,A,26,,-0.8471
1KNE_A_P,A,30,,-1.88136
1KNE_A_P,A,32,,-0.67925
1KNE_A_P,A,34,,-0.1289
1KNE_A_P,A,38,,-1.64184
1KNE_A_P,A,40,,-2.52616
1KNE_A_P,A,41,,-0.96778
1KTZ_A_B,A,13,,-2.26195
1KTZ_A_B,A,19,,-1.91383
1KTZ_A_B,A,20,,-0.1807
1KTZ_A_B,A,22,,-2.09263
1KTZ_A_B,A,61,,-2.01955
1KTZ_A_B,A,62,,-1.77915
1KTZ_A_B,A,63,,-1.75191
1KTZ_A_B,A,64,,-2.31138
1KTZ_A_B,B,3,,-2.11182
1KTZ_A_B,B,6,,-2.77657
1KTZ_A_B,B,8,,-2.72016
1KTZ_A_B,B,25,,-2.60633
1KTZ_A_B,B,26,,-2.81707
1KTZ_A_B,B,27,,-2.8674
1KTZ_A_B,B,28,,-2.64584
1KTZ_A_B,B,29,,-2.79938
1KTZ_A_B,B,31,,-2.73854
1KTZ_A_B,B,94,,-2.12047
1KTZ_A_B,B,95,,-2.47808
1LFD_A_B,A,5,,-1.19203
1LFD_A_B,A,14,,-2.62271
1LFD_A_B,A,15,,-2.65205
1LFD_A_B,A,16,,-2.48911
1LFD_A_B,A,17,,-2.71081
1LFD_A_B,A,18,,-0.87102
1LFD_A_B,A,19,,-0.16695
1LFD_A_B,A,20,,-0.23156
1LFD_A_B,A,22,,-1.32977
1LFD_A_B,A,38,,-2.21756
1LFD_A_B,A,39,,-0.66345
1LFD_A_B,A,41,,-2.62114
1LFD_A_B,B,24,,-1.42874
1LFD_A_B,B,25,,-2.15146
1LFD_A_B,B,31,,-2.38101
1LFD_A_B,B,33,,-0.82123
1LFD_A_B,B,36,,-0.60769
1LFD_A_B,B,37,,-0.10769
1LFD_A_B,B,38,,-0.07034
1LFD_A_B,B,39,,-1.64786
1LFD_A_B,B,40,,-0.3931
1LFD_A_B,B,41,,-0.69711
1LFD_A_B,B,64,,-0.58325
1LFD_A_B,B,67,,-1.18479
1LP9_ABC_EF,A,65,,-2.33893
1LP9_ABC_EF,A,66,,-1.64301
1LP9_ABC_EF,A,68,,-2.46334
1LP9_ABC_EF,A,69,,-2.53625
1LP9_ABC_EF,A,72,,-2.43123
1LP9_ABC_EF,A,146,,-1.7765
1LP9_ABC_EF,A,150,,-2.13224
1LP9_ABC_EF,A,151,,-2.31343
1LP9_ABC_EF,A,154,,-2.39184
1LP9_ABC_EF,A,155,,-2.61933
1LP9_ABC_EF,A,158,,-2.81469
1LP9_ABC_EF,A,162,,-2.41496
1LP9_ABC_EF,A,163,,-1.86824
1LP9_ABC_EF,A,166,,-2.37844
1LP9_ABC_EF,A,167,,-1.27192
1LP9_ABC_EF,E,28,,-1.73665
1LP9_ABC_EF,E,29,,-2.21333
1LP9_ABC_EF,E,30,,-2.55329
1LP9_ABC_EF,E,32,,-2.15918
1LP9_ABC_EF,E,51,,-2.61289
1LP9_ABC_EF,E,52,,-2.67581
1LP9_ABC_EF,E,93,,-2.50977
1LP9_ABC_EF,E,95,,-2.78709
1LP9_ABC_EF,E,96,,-2.72194
1LP9_ABC_EF,E,97,,-2.73202
1LP9_ABC_EF,E,99,,-2.76265
1LP9_ABC_EF,E,100,,-2.82001
1LP9_ABC_EF,F,30,,-1.69224
1LP9_ABC_EF,F,31,,-2.24631
1LP9_ABC_EF,F,50,,-2.45423
1LP9_ABC_EF,F,51,,-2.57374
1LP9_ABC_EF,F,56,,-2.1715
1LP9_ABC_EF,F,96,,-2.38406
1LP9_ABC_EF,F,97,,-2.82379
1LP9_ABC_EF,F,99,,-2.85229
1M9E_A_D,A,55,,-0.21047
1M9E_A_D,A,57,,-0.94657
1M9E_A_D,A,60,,-0.32936
1M9E_A_D,A,63,,-0.11466
1M9E_A_D,A,72,,-0.63053
1M9E_A_D,A,101,,-0.51088
1M9E_A_D,A,102,,-0.35133
1M9E_A_D,A,103,,-2.18621
1M9E_A_D,A,111,,-0.1042
1M9E_A_D,A,121,,-1.84371
1M9E_A_D,A,122,,-0.41345
1M9E_A_D,A,126,,-1.088
1M9E_A_D,D,75,,-2.68285
1M9E_A_D,D,76,,-2.8017
1M9E_A_D,D,77,,-2.81005
1M9E_A_D,D,78,,-2.76852
1M9E_A_D,D,79,,-2.87648
1M9E_A_D,D,80,,-2.72624
1M9E_A_D,D,81,,-2.82173
1M9E_A_D,D,82,,-2.83101
1MAH_A_F,A,69,,-2.8092
1MAH_A_F,A,70,,-2.80236
1MAH_A_F,A,72,,-2.75359
1MAH_A_F,A,73,,-2.86937
1MAH_A_F,A,74,,-2.7194
1MAH_A_F,A,75,,-2.76382
1MAH_A_F,A,81,,-2.87088
1MAH_A_F,A,84,,-2.82994
1MAH_A_F,A,85,,-2.79185
1MAH_A_F,A,89,,-2.22813
1MAH_A_F,A,269,,-2.34312
1MAH_A_F,A,272,,-1.79682
1MAH_A_F,A,273,,-2.5136
1MAH_A_F,A,276,,-2.79889
1MAH_A_F,A,277,,-2.69542
1MAH_A_F,A,279,,-2.80701
1MAH_A_F,A,282,,-2.78696
1MAH_A_F,A,283,,-2.80298
1MAH_A_F,A,331,,-2.7823
1MAH_A_F,A,332,,-2.80342
1MAH_A_F,F,4,,-2.12736
1MAH_A_F,F,6,,-2.73112
1MAH_A_F,F,7,,-2.78689
1MAH_A_F,F,8,,-2.69985
1MAH_A_F,F,9,,-2.74615
1MAH_A_F,F,10,,-2.55734
1MAH_A_F,F,11,,-2.76081
1MAH_A_F,F,12,,-2.79693
1MAH_A_F,F,24,,-2.42937
1MAH_A_F,F,27,,-2.85247
1MAH_A_F,F,29,,-2.83817
1MAH_A_F,F,30,,-2.59769
1MAH_A_F,F,31,,-2.61757
1MAH_A_F,F,32,,-2.85643
1MAH_A_F,F,33,,-2.87571
1MAH_A_F,F,34,,-2.75409
1MAH_A_F,F,35,,-2.68325
1MAH_A_F,F,37,,-2.85411
1MAH_A_F,F,47,,-2.69104
1MAH_A_F,F,48,,-2.84429
1MAH_A_F,F,61,,-2.87285
1MHP_HL_A,A,13,,-1.22758
1MHP_HL_A,A,14,,-0.04988
1MHP_HL_A,A,16,,-1.77877
1MHP_HL_A,A,48,,-2.42657
1MHP_HL_A,A,74,,-2.29446
1MHP_HL_A,A,75,,-2.30699
1MHP_HL_A,A,76,,-1.65364
1MHP_HL_A,A,77,,-0.87923
1MHP_HL_A,A,78,,-2.43157
1MHP_HL_A,A,79,,-2.57357
1MHP_HL_A,A,115,,-2.1804
1MHP_HL_A,A,117,,-2.34302
1MHP_HL_A,A,119,,-2.53016
1MHP_HL_A,A,120,,-2.77646
1MHP_HL_A,H,30,,-1.31787
1MHP_HL_A,H,31,,-1.50328
1MHP_HL_A,H,33,,-2.08297
1MHP_HL_A,H,52,,-2.21027
1MHP_HL_A,H,53,,-1.96684
1MHP_HL_A,H,54,,-1.7428
1MHP_HL_A,H,56,,-1.97123
1MHP_HL_A,H,58,,-1.025
1MHP_HL_A,H,100,,-2.72575
1MHP_HL_A,H,101,,-1.98453
1MHP_HL_A,L,29,,-2.34557
1MHP_HL_A,L,30,,-1.85722
1MHP_HL_A,L,48,,-2.63028
1MHP_HL_A,L,66,,-0.83121
1MHP_HL_A,L,89,,-2.60433
1MHP_HL_A,L,90,,-2.68969
1MHP_HL_A,L,92,,-2.55595
1MHP_HL_A,L,94,,-2.78196
1MI5_ABC_DE,A,62,,-1.93339
1MI5_ABC_DE,A,65,,-2.32494
1MI5_ABC_DE,A,66,,-2.6194
1MI5_ABC_DE,A,69,,-2.79432
1MI5_ABC_DE,A,72,,-2.58856
1MI5_ABC_DE,A,75,,-2.52459
1MI5_ABC_DE,A,76,,-2.62484
1MI5_ABC_DE,A,79,,-2.50018
1MI5_ABC_DE,A,80,,-2.54906
1MI5_ABC_DE,A,146,,-0.85218
1MI5_ABC_DE,A,150,,-2.30075
1MI5_ABC_DE,A,151,,-2.37687
1MI5_ABC_DE,A,154,,-2.37088
1MI5_ABC_DE,A,155,,-2.49773
1MI5_ABC_DE,A,158,,-2.66833
1MI5_ABC_DE,A,159,,-1.47891
1MI5_ABC_DE,A,163,,-1.92395
1MI5_ABC_DE,D,26,,-2.29967
1MI5_ABC_DE,D,27,,-1.98394
1MI5_ABC_DE,D,28,,-2.37044
1MI5_ABC_DE,D,30,,-2.28681
1MI5_ABC_DE,D,47,,-2.58353
1MI5_ABC_DE,D,49,,-2.42314
1MI5_ABC_DE,D,50,,-2.48291
1MI5_ABC_DE,D,51,,-2.45513
1MI5_ABC_DE,D,53,,-2.75605
1MI5_ABC_DE,D,90,,-2.72049
1MI5_ABC_DE,D,92,,-2.83595
1MI5_ABC_DE,D,93,,-2.87519
1MI5_ABC_DE,D,94,,-2.81658
1MI5_ABC_DE,D,95,,-2.81831
1MI5_ABC_DE,D,96,,-2.72184
1MI5_ABC_DE,E,28,,-2.58003
1MI5_ABC_DE,E,48,,-2.59005
1MI5_ABC_DE,E,49,,-2.58318
1MI5_ABC_DE,E,50,,-2.42352
1MI5_ABC_DE,E,53,,-2.71882
1MI5_ABC_DE,E,94,,-2.43767
1MI5_ABC_DE,E,95,,-2.5082
1MI5_ABC_DE,E,96,,-2.77824
1MI5_ABC_DE,E,97,,-2.85611
1MI5_ABC_DE,E,98,,-2.76713
1MLC_AB_E,A,32,,-1.94467
1MLC_AB_E,A,50,,-2.48662
1MLC_AB_E,A,91,,-2.58322
1MLC_AB_E,A,92,,-2.56395
1MLC_AB_E,A,93,,-2.6666
1MLC_AB_E,A,94,,-2.66492
1MLC_AB_E,B,30,,-1.30646
1MLC_AB_E,B,31,,-0.99865
1MLC_AB_E,B,32,,-0.85548
1MLC_AB_E,B,33,,-1.79564
1MLC_AB_E,B,50,,-2.52223
1MLC_AB_E,B,52,,-1.78327
1MLC_AB_E,B,55,,-1.37429
1MLC_AB_E,B,56,,-1.67536
1MLC_AB_E,B,57,,-2.18927
1MLC_AB_E,B,59,,-2.40027
1MLC_AB_E,B,99,,-2.1652
1MLC_AB_E,B,100,,-2.35727
1MLC_AB_E,B,101,,-2.471
1MLC_AB_E,E,41,,-2.22868
1MLC_AB_E,E,43,,-2.27257
1MLC_AB_E,E,45,,-2.53694
1MLC_AB_E,E,46,,-0.30967
1MLC_AB_E,E,47,,-2.21278
1MLC_AB_E,E,48,,-0.4922
1MLC_AB_E,E,49,,-0.62621
1MLC_AB_E,E,53,,-1.00915
1MLC_AB_E,E,65,,-2.20521
1MLC_AB_E,E,66,,-0.71587
1MLC_AB_E,E,67,,-1.34417
1MLC_AB_E,E,68,,-1.55664
1MLC_AB_E,E,70,,-0.50271
1MLC_AB_E,E,79,,-1.73644
1MLC_AB_E,E,81,,-2.12484
1MLC_AB_E,E,84,,-1.84535
1MQ8_A_B,A,29,,-2.42088
1MQ8_A_B,A,30,,-2.674
1MQ8_A_B,A,33,,-2.16153
1MQ8_A_B,A,34,,-2.61709
1MQ8_A_B,A,35,,-2.36554
1MQ8_A_B,A,36,,-2.70098
1MQ8_A_B,A,38,,-2.50652
1MQ8_A_B,A,39,,-2.76852
1MQ8_A_B,A,59,,-1.95108
1MQ8_A_B,A,62,,-2.67372
1MQ8_A_B,A,64,,-2.61944
1MQ8_A_B,A,66,,-1.56
1MQ8_A_B,A,68,,-2.68297
1MQ8_A_B,A,73,,-2.7365
1MQ8_A_B,B,11,,-2.36991
1MQ8_A_B,B,12,,-0.10724
1MQ8_A_B,B,14,,-2.64662
1MQ8_A_B,B,15,,-2.59614
1MQ8_A_B,B,46,,-2.11154
1MQ8_A_B,B,75,,-1.52127
1MQ8_A_B,B,76,,-2.2378
1MQ8_A_B,B,78,,-1.20413
1MQ8_A_B,B,112,,-1.87853
1MQ8_A_B,B,113,,-1.21232
1MQ8_A_B,B,114,,-2.34734
1MQ8_A_B,B,115,,-0.59809
1MQ8_A_B,B,116,,-2.47253
1MQ8_A_B,B,134,,-2.40087
1MQ8_A_B,B,135,,-2.60986
1MQ8_A_B,B,141,,-2.03124
1N8O_ABC_E,B,24,,-2.63797
1N8O_ABC_E,B,26,,-2.10884
1N8O_ABC_E,B,42,,-0.16348
1N8O_ABC_E,B,43,,-0.05942
1N8O_ABC_E,B,81,,-2.60791
1N8O_ABC_E,B,82,,-2.59085
1N8O_ABC_E,B,83,,-1.59971
1N8O_ABC_E,B,84,,-2.23582
1N8O_ABC_E,C,2,,-2.51407
1N8O_ABC_E,C,23,,-2.35098
1N8O_ABC_E,C,24,,-1.21576
1N8O_ABC_E,C,27,,-2.48684
1N8O_ABC_E,C,29,,-1.52514
1N8O_ABC_E,C,42,,-1.6114
1N8O_ABC_E,C,43,,-0.05746
1N8O_ABC_E,C,44,,-2.26021
1N8O_ABC_E,C,45,,-0.38337
1N8O_ABC_E,C,47,,-0.28857
1N8O_ABC_E,C,66,,-0.3414
1N8O_ABC_E,C,67,,-1.52994
1N8O_ABC_E,C,68,,-0.85234
1N8O_ABC_E,C,69,,-2.33696
1N8O_ABC_E,C,70,,-2.41885
1N8O_ABC_E,C,76,,-2.59824
1N8O_ABC_E,E,45,,-2.87249
1N8O_ABC_E,E,48,,-2.82453
1N8O_ABC_E,E,50,,-2.87735
1N8O_ABC_E,E,52,,-2.86634
1N8O_ABC_E,E,74,,-2.85218
1N8O_ABC_E,E,75,,-2.90233
1N8O_ABC_E,E,76,,-2.87866
1N8O_ABC_E,E,77,,-2.92024
1N8O_ABC_E,E,78,,-2.88412
1N8O_ABC_E,E,79,,-2.8706
1N8O_ABC_E,E,80,,-2.8307
1N8O_ABC_E,E,81,,-2.86662
1N8O_ABC_E,E,82,,-2.69868
1N8O_ABC_E,E,83,,-2.81408
1N8O_ABC_E,E,84,,-2.63173
1N8O_ABC_E,E,94,,-2.92079
1N8Z_AB_C,A,28,,-2.44123
1N8Z_AB_C,A,30,,-2.62531
1N8Z_AB_C,A,31,,-2.60425
1N8Z_AB_C,A,32,,-2.02388
1N8Z_AB_C,A,50,,-2.37817
1N8Z_AB_C,A,53,,-2.17698
1N8Z_AB_C,A,91,,-2.68104
1N8Z_AB_C,A,92,,-2.76332
1N8Z_AB_C,A,94,,-2.65049
1N8Z_AB_C,B,33,,-2.12326
1N8Z_AB_C,B,50,,-2.13402
1N8Z_AB_C,B,57,,-2.21875
1N8Z_AB_C,B,59,,-1.63232
1N8Z_AB_C,B,99,,-2.51779
1N8Z_AB_C,B,101,,-2.69824
1N8Z_AB_C,B,103,,-2.80844
1N8Z_AB_C,B,105,,-2.78024
1N8Z_AB_C,C,541,,-0.28372
1N8Z_AB_C,C,542,,-1.63106
1N8Z_AB_C,C,544,,-2.14374
1N8Z_AB_C,C,545,,-1.52942
1N8Z_AB_C,C,553,,-1.66243
1N8Z_AB_C,C,554,,-1.51009
1N8Z_AB_C,C,555,,-0.16553
1N8Z_AB_C,C,556,,-0.20955
1N8Z_AB_C,C,557,,-2.11339
1N8Z_AB_C,C,563,,-0.73078
1N8Z_AB_C,C,565,,-2.4156
1N8Z_AB_C,C,567,,-2.62337
1N8Z_AB_C,C,572,,-2.59071
1N8Z_AB_C,C,574,,-2.61086
1N8Z_AB_C,C,576,,-2.15698
1N8Z_AB_C,C,577,,-2.28954
1N8Z_AB_C,C,579,,-2.63387
1NCA_N_LH,H,31,,-1.21771
1NCA_N_LH,H,32,,-0.77602
1NCA_N_LH,H,52,,-1.58771
1NCA_N_LH,H,54,,-2.11947
1NCA_N_LH,H,57,,-2.19476
1NCA_N_LH,H,62,,-2.07743
1NCA_N_LH,H,100,,-2.65544
1NCA_N_LH,H,101,,-2.74676
1NCA_N_LH,H,102,,-2.76574
1NCA_N_LH,H,103,,-2.59396
1NCA_N_LH,H,106,,-2.07331
1NCA_N_LH,L,49,,-2.6189
1NCA_N_LH,L,50,,-2.59961
1NCA_N_LH,L,52,,-2.22528
1NCA_N_LH,L,53,,-2.27154
1NCA_N_LH,L,55,,-2.47804
1NCA_N_LH,L,56,,-2.37628
1NCA_N_LH,L,91,,-2.80327
1NCA_N_LH,L,92,,-2.70279
1NCA_N_LH,L,93,,-2.72791
1NCA_N_LH,L,94,,-2.59187
1NCA_N_LH,N,69,,-2.85031
1NCA_N_LH,N,247,,-2.91112
1NCA_N_LH,N,249,,-2.90199
1NCA_N_LH,N,250,,-2.88992
1NCA_N_LH,N,263,,-2.90695
1NCA_N_LH,N,264,,-2.92394
1NCA_N_LH,N,265,,-2.88061
1NCA_N_LH,N,267,,-2.92345
1NCA_N_LH,N,286,,-2.92114
1NCA_N_LH,N,287,,-2.90835
1NCA_N_LH,N,288,,-2.92011
1NCA_N_LH,N,289,,-2.89612
1NCA_N_LH,N,290,,-2.68807
1NCA_N_LH,N,292,,-2.89588
1NCA_N_LH,N,318,,-2.92125
1NCA_N_LH,N,319,,-2.89186
1NCA_N_LH,N,320,,-2.89798
1NCA_N_LH,N,322,,-2.85303
1NCA_N_LH,N,352,,-2.92099
1NCA_N_LH,N,353,,-2.89766
1NCA_N_LH,N,354,,-2.91144
1NCA_N_LH,N,355,,-2.83463
1NCA_N_LH,N,356,,-2.90733
1NCA_N_LH,N,384,,-2.92571
1NMB_N_LH,H,52,,-1.665
1NMB_N_LH,H,54,,-1.79949
1NMB_N_LH,H,55,,-1.33618
1NMB_N_LH,H,57,,-2.23952
1NMB_N_LH,H,58,,-2.4841
1NMB_N_LH,H,59,,-2.37848
1NMB_N_LH,H,103,,-2.76741
1NMB_N_LH,H,105,,-2.74927
1NMB_N_LH,H,106,,-2.65954
1NMB_N_LH,L,27,,-2.43593
1NMB_N_LH,L,30,,-2.40258
1NMB_N_LH,L,32,,-2.01743
1NMB_N_LH,L,92,,-2.58267
1NMB_N_LH,L,93,,-2.74787
1NMB_N_LH,L,94,,-2.7621
1NMB_N_LH,N,248,,-2.89623
1NMB_N_LH,N,249,,-2.88728
1NMB_N_LH,N,250,,-2.86884
1NMB_N_LH,N,251,,-2.87559
1NMB_N_LH,N,252,,-2.9086
1NMB_N_LH,N,260,,-2.89346
1NMB_N_LH,N,261,,-2.90784
1NMB_N_LH,N,262,,-2.89797
1NMB_N_LH,N,263,,-2.91061
1NMB_N_LH,N,285,,-2.92019
1NMB_N_LH,N,286,,-2.91439
1NMB_N_LH,N,287,,-2.91863
1NMB_N_LH,N,288,,-2.89249
1NMB_N_LH,N,289,,-2.68119
1NMB_N_LH,N,318,,-2.88165
1NMB_N_LH,N,319,,-2.88929
1NMB_N_LH,N,321,,-2.82729
1NMB_N_LH,N,352,,-2.89914
1OGA_ABC_DE,A,65,,-2.34252
1OGA_ABC_DE,A,66,,-1.64095
1OGA_ABC_DE,A,69,,-2.5338
1OGA_ABC_DE,A,72,,-2.43664
1OGA_ABC_DE,A,73,,-2.5804
1OGA_ABC_DE,A,75,,-2.54185
1OGA_ABC_DE,A,76,,-2.57618
1OGA_ABC_DE,A,149,,-2.30068
1OGA_ABC_DE,A,150,,-2.12488
1OGA_ABC_DE,A,151,,-2.3073
1OGA_ABC_DE,A,152,,-2.68357
1OGA_ABC_DE,A,154,,-2.39531
1OGA_ABC_DE,A,155,,-2.62344
1OGA_ABC_DE,A,158,,-2.81369
1OGA_ABC_DE,D,29,,-2.59146
1OGA_ABC_DE,D,49,,-2.75828
1OGA_ABC_DE,D,68,,-2.65157
1OGA_ABC_DE,D,93,,-2.84034
1OGA_ABC_DE,D,94,,-2.70205
1OGA_ABC_DE,D,95,,-2.8167
1OGA_ABC_DE,E,28,,-2.00105
1OGA_ABC_DE,E,48,,-2.40057
1OGA_ABC_DE,E,49,,-2.64674
1OGA_ABC_DE,E,50,,-2.56273
1OGA_ABC_DE,E,51,,-2.59389
1OGA_ABC_DE,E,52,,-2.62698
1OGA_ABC_DE,E,54,,-2.64151
1OGA_ABC_DE,E,93,,-2.74718
1OGA_ABC_DE,E,94,,-2.65783
1OGA_ABC_DE,E,95,,-2.78932
1OGA_ABC_DE,E,96,,-2.81633
1OGA_ABC_DE,E,97,,-2.83852
1OHZ_A_B,A,32,,-2.73989
1OHZ_A_B,A,33,,-1.5347
1OHZ_A_B,A,35,,-2.59774
1OHZ_A_B,A,37,,-2.78316
1OHZ_A_B,A,63,,-2.67585
1OHZ_A_B,A,66,,-2.83652
1OHZ_A_B,A,68,,-2.74076
1OHZ_A_B,A,70,,-2.77967
1OHZ_A_B,A,73,,-1.30093
1OHZ_A_B,A,75,,-2.72606
1OHZ_A_B,A,77,,-2.61624
1OHZ_A_B,A,79,,-2.50779
1OHZ_A_B,A,81,,-2.81769
1OHZ_A_B,A,82,,-2.84913
1OHZ_A_B,A,83,,-2.8026
1OHZ_A_B,A,85,,-2.71735
1OHZ_A_B,A,87,,-2.58229
1OHZ_A_B,A,116,,-2.77756
1OHZ_A_B,A,118,,-2.71343
1OHZ_A_B,A,119,,-2.44999
1OHZ_A_B,A,123,,-2.79409
1OHZ_A_B,A,125,,-2.45541
1OHZ_A_B,A,127,,-2.71625
1OHZ_A_B,B,18,,-2.18118
1OHZ_A_B,B,21,,-1.4581
1OHZ_A_B,B,22,,-1.92028
1OHZ_A_B,B,23,,-1.66531
1OHZ_A_B,B,24,,-2.1988
1OHZ_A_B,B,44,,-0.95993
1OHZ_A_B,B,45,,-1.98013
1OHZ_A_B,B,46,,-2.36344
1OHZ_A_B,B,48,,-1.62366
1OHZ_A_B,B,49,,-0.84469
1OHZ_A_B,B,50,,-2.25486
1OHZ_A_B,B,52,,-1.13493
1OHZ_A_B,B,53,,-2.11347
1OHZ_A_B,B,56,,-1.91782
1P69_A_B,A,13,,-2.6866
1P69_A_B,A,15,,-2.78171
1P69_A_B,A,16,,-2.76519
1P69_A_B,A,23,,-2.75371
1P69_A_B,A,24,,-2.75684
1P69_A_B,A,27,,-2.70363
1P69_A_B,A,48,,-2.80594
1P69_A_B,A,49,,-2.67815
1P69_A_B,A,53,,-2.78177
1P69_A_B,A,85,,-2.79052
1P69_A_B,A,87,,-2.80629
1P69_A_B,A,92,,-2.81224
1P69_A_B,A,94,,-2.79761
1P69_A_B,A,95,,-2.80615
1P69_A_B,A,96,,-2.7711
1P69_A_B,A,98,,-2.71738
1P69_A_B,B,30,,-2.69087
1P69_A_B,B,31,,-2.65349
1P69_A_B,B,32,,-2.52451
1P69_A_B,B,34,,-1.37766
1P69_A_B,B,36,,-1.66191
1P69_A_B,B,50,,-2.71326
1P69_A_B,B,53,,-2.47317
1P69_A_B,B,55,,-2.1747
1P69_A_B,B,56,,-2.03995
1P69_A_B,B,60,,-2.08907
1P69_A_B,B,61,,-2.30759
1P69_A_B,B,62,,-2.69559
1P69_A_B,B,63,,-0.93645
1P69_A_B,B,101,,-2.26856
1P69_A_B,B,103,,-1.60333
1P69_A_B,B,105,,-2.41495
1P69_A_B,B,106,,-2.55093
1P69_A_B,B,108,,-2.76407
1P6A_A_B,A,13,,-2.5137
1P6A_A_B,A,15,,-2.78195
1P6A_A_B,A,16,,-2.72572
1P6A_A_B,A,23,,-2.77221
1P6A_A_B,A,24,,-2.77198
1P6A_A_B,A,27,,-2.71838
1P6A_A_B,A,48,,-2.80276
1P6A_A_B,A,49,,-2.69501
1P6A_A_B,A,85,,-2.80088
1P6A_A_B,A,87,,-2.80818
1P6A_A_B,A,92,,-2.81779
1P6A_A_B,A,94,,-2.79812
1P6A_A_B,A,95,,-2.80777
1P6A_A_B,A,96,,-2.77364
1P6A_A_B,A,98,,-2.73132
1P6A_A_B,B,30,,-2.69087
1P6A_A_B,B,31,,-2.65349
1P6A_A_B,B,32,,-2.52451
1P6A_A_B,B,34,,-1.37766
1P6A_A_B,B,36,,-1.66191
1P6A_A_B,B,50,,-2.71326
1P6A_A_B,B,53,,-2.47317
1P6A_A_B,B,55,,-2.1747
1P6A_A_B,B,56,,-2.03995
1P6A_A_B,B,60,,-2.08907
1P6A_A_B,B,61,,-2.30759
1P6A_A_B,B,62,,-2.69559
1P6A_A_B,B,63,,-0.93645
1P6A_A_B,B,101,,-2.26856
1P6A_A_B,B,103,,-1.60333
1P6A_A_B,B,105,,-2.41495
1P6A_A_B,B,106,,-2.55093
1P6A_A_B,B,108,,-2.76407
1PPF_E_I,E,20,,-2.57092
1PPF_E_I,E,22,,-2.28657
1PPF_E_I,E,24,,-0.1922
1PPF_E_I,E,25,,-1.83756
1PPF_E_I,E,41,,-0.57886
1PPF_E_I,E,85,,-2.27731
1PPF_E_I,E,129,,-1.75998
1PPF_E_I,E,133,,-2.33598
1PPF_E_I,E,136,,-2.52417
1PPF_E_I,E,170,,-2.43275
1PPF_E_I,E,171,,-0.17457
1PPF_E_I,E,173,,-0.67184
1PPF_E_I,E,188,,-0.78106
1PPF_E_I,E,189,,-1.24281
1PPF_E_I,E,190,,-2.04591
1PPF_E_I,E,191,,-2.62344
1PPF_E_I,E,192,,-2.50919
1PPF_E_I,E,193,,-2.34394
1PPF_E_I,I,14,,-2.81688
1PPF_E_I,I,15,,-2.78231
1PPF_E_I,I,16,,-0.02971
1PPF_E_I,I,17,,-1.62223
1PPF_E_I,I,18,,-2.685
1PPF_E_I,I,19,,-1.28263
1PPF_E_I,I,20,,-1.87365
1PPF_E_I,I,21,,-2.24865
1PPF_E_I,I,29,,-1.89328
1PPF_E_I,I,30,,-0.53628
1PPF_E_I,I,32,,-2.70094
1PPF_E_I,I,36,,-2.66855
1QAB_ABCD_E,A,20,,-2.34242
1QAB_ABCD_E,A,21,,-2.42867
1QAB_ABCD_E,A,81,,-2.31131
1QAB_ABCD_E,A,82,,-1.93778
1QAB_ABCD_E,A,83,,-1.35986
1QAB_ABCD_E,A,84,,-2.51897
1QAB_ABCD_E,C,90,,-2.51285
1QAB_ABCD_E,C,91,,-2.55401
1QAB_ABCD_E,C,94,,-2.56556
1QAB_ABCD_E,D,11,,-2.40253
1QAB_ABCD_E,D,12,,-2.44079
1QAB_ABCD_E,D,67,,-2.28085
1QAB_ABCD_E,D,71,,-2.39053
1QAB_ABCD_E,D,72,,-2.2951
1QAB_ABCD_E,D,73,,-1.92951
1QAB_ABCD_E,D,74,,-1.31325
1QAB_ABCD_E,D,75,,-2.50999
1QAB_ABCD_E,D,76,,-2.50055
1QAB_ABCD_E,D,77,,-2.61795
1QAB_ABCD_E,D,105,,-1.58895
1QAB_ABCD_E,E,32,,-2.865
1QAB_ABCD_E,E,60,,-2.82756
1QAB_ABCD_E,E,61,,-2.77527
1QAB_ABCD_E,E,62,,-2.61385
1QAB_ABCD_E,E,63,,-2.57156
1QAB_ABCD_E,E,64,,-2.78298
1QAB_ABCD_E,E,86,,-2.62639
1QAB_ABCD_E,E,88,,-2.42888
1QAB_ABCD_E,E,92,,-2.72493
1QAB_ABCD_E,E,93,,-2.80196
1QAB_ABCD_E,E,95,,-2.42534
1QAB_ABCD_E,E,96,,-2.76149
1QAB_ABCD_E,E,176,,-2.84699
1QAB_ABCD_E,E,179,,-2.38065
1QAB_ABCD_E,E,180,,-2.90246
1QSE_ABC_DE,A,58,,-1.88329
1QSE_ABC_DE,A,65,,-2.33807
1QSE_ABC_DE,A,66,,-1.58629
1QSE_ABC_DE,A,68,,-2.46051
1QSE_ABC_DE,A,69,,-2.53196
1QSE_ABC_DE,A,72,,-2.42553
1QSE_ABC_DE,A,73,,-2.56326
1QSE_ABC_DE,A,150,,-2.11134
1QSE_ABC_DE,A,151,,-2.3155
1QSE_ABC_DE,A,154,,-2.38944
1QSE_ABC_DE,A,155,,-2.61512
1QSE_ABC_DE,A,158,,-2.81463
1QSE_ABC_DE,A,163,,-1.88154
1QSE_ABC_DE,A,166,,-2.37489
1QSE_ABC_DE,A,167,,-1.31905
1QSE_ABC_DE,A,170,,-2.42673
1QSE_ABC_DE,D,26,,-2.62288
1QSE_ABC_DE,D,27,,-2.51099
1QSE_ABC_DE,D,28,,-2.48215
1QSE_ABC_DE,D,30,,-1.73199
1QSE_ABC_DE,D,31,,-1.73411
1QSE_ABC_DE,D,50,,-2.54193
1QSE_ABC_DE,D,51,,-2.61262
1QSE_ABC_DE,D,52,,-2.48491
1QSE_ABC_DE,D,66,,-2.26002
1QSE_ABC_DE,D,92,,-2.72725
1QSE_ABC_DE,D,93,,-2.79769
1QSE_ABC_DE,D,94,,-2.79902
1QSE_ABC_DE,D,95,,-2.68089
1QSE_ABC_DE,D,96,,-2.8355
1QSE_ABC_DE,E,28,,-1.83486
1QSE_ABC_DE,E,94,,-2.44491
1QSE_ABC_DE,E,95,,-2.43968
1QSE_ABC_DE,E,96,,-2.6673
1QSE_ABC_DE,E,97,,-2.68461
1QSE_ABC_DE,E,98,,-2.81424
1QSE_ABC_DE,E,99,,-2.78509
1QSE_ABC_DE,E,100,,-2.78632
1R0R_E_I,E,63,,-0.00195
1R0R_E_I,E,95,,-0.16002
1R0R_E_I,E,96,,-1.24727
1R0R_E_I,E,98,,-1.60035
1R0R_E_I,E,99,,-0.05625
1R0R_E_I,E,100,,-0.80189
1R0R_E_I,E,101,,-0.03448
1R0R_E_I,E,102,,-1.02766
1R0R_E_I,E,103,,-2.27973
1R0R_E_I,E,125,,-0.1126
1R0R_E_I,E,126,,-0.07446
1R0R_E_I,E,127,,-1.27364
1R0R_E_I,E,151,,-0.26897
1R0R_E_I,E,153,,-0.0159
1R0R_E_I,E,154,,-0.00857
1R0R_E_I,E,188,,-0.41714
1R0R_E_I,E,208,,-1.82654
1R0R_E_I,E,216,,-1.76115
1R0R_E_I,E,217,,-0.72585
1R0R_E_I,E,220,,-0.0021
1R0R_E_I,I,5,,-2.52303
1R0R_E_I,I,6,,-2.57576
1R0R_E_I,I,8,,-2.76915
1R0R_E_I,I,9,,-2.81125
1R0R_E_I,I,10,,-2.7567
1R0R_E_I,I,11,,-0.0256
1R0R_E_I,I,12,,-1.64262
1R0R_E_I,I,13,,-2.6912
1R0R_E_I,I,14,,-1.30838
1R0R_E_I,I,15,,-1.91039
1R0R_E_I,I,16,,-2.22698
1R0R_E_I,I,27,,-2.72547
1R0R_E_I,I,30,,-0.09966
1REW_AB_C,A,4,,-2.07456
1REW_AB_C,A,37,,-1.89625
1REW_AB_C,A,38,,-1.89384
1REW_AB_C,A,39,,-0.49798
1REW_AB_C,A,40,,-1.44056
1REW_AB_C,A,41,,-2.42798
1REW_AB_C,A,42,,-2.38762
1REW_AB_C,A,43,,-2.37831
1REW_AB_C,A,45,,-1.35561
1REW_AB_C,A,46,,-0.97187
1REW_AB_C,A,48,,-0.34302
1REW_AB_C,A,51,,-1.48694
1REW_AB_C,A,52,,-1.16358
1REW_AB_C,A,55,,-1.04035
1REW_AB_C,A,58,,-2.39493
1REW_AB_C,A,59,,-2.49281
1REW_AB_C,B,13,,-2.20073
1REW_AB_C,B,14,,-1.73865
1REW_AB_C,B,15,,-0.61247
1REW_AB_C,B,16,,-0.68224
1REW_AB_C,B,17,,-0.15878
1REW_AB_C,B,20,,-0.20837
1REW_AB_C,B,90,,-0.91966
1REW_AB_C,B,92,,-1.89013
1REW_AB_C,C,11,,-2.74384
1REW_AB_C,C,12,,-2.79389
1REW_AB_C,C,14,,-2.81357
1REW_AB_C,C,15,,-2.82902
1REW_AB_C,C,29,,-2.047
1REW_AB_C,C,31,,-2.76586
1REW_AB_C,C,46,,-0.08001
1REW_AB_C,C,48,,-2.71982
1REW_AB_C,C,50,,-1.88646
1REW_AB_C,C,51,,-2.54902
1REW_AB_C,C,53,,-2.85681
1REW_AB_C,C,54,,-2.93056
1REW_AB_C,C,55,,-2.86173
1REW_AB_C,C,57,,-2.85451
1REW_AB_C,C,58,,-2.87031
1REW_AB_C,C,59,,-2.84774
1REW_AB_C,C,60,,-2.76741
1REW_AB_C,C,61,,-2.84589
1REW_AB_C,C,62,,-2.72172
1REW_AB_C,C,63,,-2.69342
1REW_AB_C,C,66,,-2.86366
1REW_AB_C,C,68,,-2.68741
1S0W_A_C,A,74,,-2.35992
1S0W_A_C,A,75,,-2.32908
1S0W_A_C,A,77,,-0.2895
1S0W_A_C,A,78,,-0.76242
1S0W_A_C,A,79,,-2.42896
1S0W_A_C,A,80,,-1.46037
1S0W_A_C,A,81,,-0.7477
1S0W_A_C,A,82,,-0.207
1S0W_A_C,A,83,,-0.94394
1S0W_A_C,A,85,,-2.14023
1S0W_A_C,A,86,,-2.39592
1S0W_A_C,A,87,,-1.55586
1S0W_A_C,A,89,,-2.54216
1S0W_A_C,A,104,,-2.60319
1S0W_A_C,A,105,,-0.02181
1S0W_A_C,A,142,,-0.97429
1S0W_A_C,A,143,,-1.89015
1S0W_A_C,A,190,,-2.53056
1S0W_A_C,A,191,,-2.38591
1S0W_A_C,A,212,,-1.80656
1S0W_A_C,A,214,,-2.16861
1S0W_A_C,A,218,,-0.405
1S0W_A_C,A,245,,-2.75732
1S0W_A_C,C,31,,-2.62549
1S0W_A_C,C,35,,-2.71383
1S0W_A_C,C,36,,-2.57822
1S0W_A_C,C,37,,-2.60025
1S0W_A_C,C,39,,-2.75802
1S0W_A_C,C,46,,-2.76749
1S0W_A_C,C,48,,-1.89309
1S0W_A_C,C,49,,-2.22276
1S0W_A_C,C,50,,-2.54308
1S0W_A_C,C,53,,-2.65792
1S0W_A_C,C,55,,-2.64337
1S0W_A_C,C,71,,-2.67569
1S0W_A_C,C,73,,-2.66968
1S0W_A_C,C,74,,-2.704
1S0W_A_C,C,112,,-2.64564
1S0W_A_C,C,113,,-2.62432
1S0W_A_C,C,115,,-2.70191
1S0W_A_C,C,126,,-2.76275
1S0W_A_C,C,128,,-2.78147
1S0W_A_C,C,142,,-2.71457
1S0W_A_C,C,143,,-2.62721
1S0W_A_C,C,144,,-2.76749
1S0W_A_C,C,148,,-2.58154
1S0W_A_C,C,150,,-2.65386
1S0W_A_C,C,160,,-2.57247
1S0W_A_C,C,162,,-2.70981
1S0W_A_C,C,163,,-2.44426
1S1Q_A_B,A,40,,-0.71157
1S1Q_A_B,A,41,,-1.37562
1S1Q_A_B,A,43,,-0.86963
1S1Q_A_B,A,44,,-0.18206
1S1Q_A_B,A,45,,-0.16535
1S1Q_A_B,A,86,,-0.76444
1S1Q_A_B,A,88,,-1.33552
1S1Q_A_B,A,89,,-0.17889
1S1Q_A_B,A,90,,-0.31242
1S1Q_A_B,A,91,,-1.57777
1S1Q_A_B,A,94,,-2.03826
1S1Q_A_B,A,95,,-0.46619
1S1Q_A_B,A,103,,-2.34846
1S1Q_A_B,A,104,,-1.7639
1S1Q_A_B,B,8,,-1.46858
1S1Q_A_B,B,42,,-0.44959
1S1Q_A_B,B,44,,-0.39123
1S1Q_A_B,B,45,,-0.74926
1S1Q_A_B,B,46,,-1.91666
1S1Q_A_B,B,47,,-0.06685
1S1Q_A_B,B,49,,-1.55396
1S1Q_A_B,B,60,,-2.09233
1S1Q_A_B,B,62,,-2.38667
1S1Q_A_B,B,63,,-2.1892
1S1Q_A_B,B,64,,-1.40446
1S1Q_A_B,B,65,,-1.89842
1S1Q_A_B,B,66,,-1.20337
1S1Q_A_B,B,68,,-0.19317
1S1Q_A_B,B,70,,-0.97637
1SBB_A_B,A,45,,-1.8475
1SBB_A_B,A,48,,-2.51053
1SBB_A_B,A,49,,-2.52127
1SBB_A_B,A,50,,-2.29624
1SBB_A_B,A,51,,-2.30172
1SBB_A_B,A,52,,-2.65947
1SBB_A_B,A,53,,-2.78897
1SBB_A_B,A,54,,-2.01263
1SBB_A_B,A,55,,-1.88628
1SBB_A_B,A,63,,-1.93059
1SBB_A_B,A,64,,-1.81525
1SBB_A_B,A,67,,-2.17466
1SBB_A_B,A,68,,-2.22659
1SBB_A_B,B,18,,-2.71748
1SBB_A_B,B,19,,-2.71146
1SBB_A_B,B,20,,-2.74806
1SBB_A_B,B,22,,-2.66489
1SBB_A_B,B,23,,-2.75486
1SBB_A_B,B,26,,-2.75217
1SBB_A_B,B,58,,-2.73846
1SBB_A_B,B,60,,-2.69571
1SBB_A_B,B,90,,-2.85977
1SBB_A_B,B,91,,-2.85159
1SBB_A_B,B,177,,-2.80887
1SBB_A_B,B,178,,-2.78045
1SBB_A_B,B,210,,-2.673
1SBN_E_I,E,62,,-1.81501
1SBN_E_I,E,64,,-0.00217
1SBN_E_I,E,99,,-1.65232
1SBN_E_I,E,100,,-0.19926
1SBN_E_I,E,101,,-1.26034
1SBN_E_I,E,102,,-0.05992
1SBN_E_I,E,104,,-1.99607
1SBN_E_I,E,126,,-0.28469
1SBN_E_I,E,127,,-0.14363
1SBN_E_I,E,128,,-1.31131
1SBN_E_I,E,129,,-2.16825
1SBN_E_I,E,130,,-1.97807
1SBN_E_I,E,152,,-0.26723
1SBN_E_I,E,154,,-0.01444
1SBN_E_I,E,155,,-0.00843
1SBN_E_I,E,156,,-2.01758
1SBN_E_I,E,166,,-2.55314
1SBN_E_I,E,189,,-0.22998
1SBN_E_I,E,217,,-1.89102
1SBN_E_I,E,218,,-0.911
1SBN_E_I,E,221,,-0.00209
1SBN_E_I,I,28,,-2.30705
1SBN_E_I,I,30,,-1.71365
1SBN_E_I,I,33,,-1.4459
1SBN_E_I,I,34,,-1.52223
1SBN_E_I,I,35,,-2.80004
1SBN_E_I,I,36,,-1.30551
1SBN_E_I,I,37,,-0.84399
1SBN_E_I,I,38,,-2.3542
1SBN_E_I,I,39,,-0.30222
1SBN_E_I,I,40,,-1.14584
1SBN_E_I,I,41,,-1.99017
1SBN_E_I,I,42,,-2.45087
1SBN_E_I,I,46,,-1.17044
1SBN_E_I,I,61,,-2.50126
1SGD_E_I,E,11,,-1.99425
1SGD_E_I,E,12,,-1.97307
1SGD_E_I,E,13,,-1.36659
1SGD_E_I,E,14,,-0.00706
1SGD_E_I,E,33,,-0.01869
1SGD_E_I,E,118,,-0.1657
1SGD_E_I,E,119,,-0.69664
1SGD_E_I,E,120,,-0.04871
1SGD_E_I,E,121,,-1.55596
1SGD_E_I,E,136,,-0.37151
1SGD_E_I,E,138,,-0.99357
1SGD_E_I,E,139,,-0.01415
1SGD_E_I,E,141,,-0.0084
1SGD_E_I,E,157,,-0.25712
1SGD_E_I,E,158,,-0.04061
1SGD_E_I,E,159,,-0.13384
1SGD_E_I,I,8,,-2.7919
1SGD_E_I,I,9,,-2.81474
1SGD_E_I,I,10,,-2.75068
1SGD_E_I,I,11,,-0.03456
1SGD_E_I,I,12,,-1.87669
1SGD_E_I,I,13,,-2.6912
1SGD_E_I,I,14,,-1.64519
1SGD_E_I,I,15,,-2.05597
1SGD_E_I,I,16,,-2.30306
1SGD_E_I,I,27,,-2.7956
1SGD_E_I,I,31,,-2.70566
1SGE_E_I,E,11,,-1.99425
1SGE_E_I,E,12,,-1.97307
1SGE_E_I,E,13,,-1.36659
1SGE_E_I,E,14,,-0.00706
1SGE_E_I,E,33,,-0.01869
1SGE_E_I,E,118,,-0.1657
1SGE_E_I,E,119,,-0.69664
1SGE_E_I,E,120,,-0.04871
1SGE_E_I,E,121,,-1.55596
1SGE_E_I,E,136,,-0.37151
1SGE_E_I,E,138,,-0.99357
1SGE_E_I,E,139,,-0.01415
1SGE_E_I,E,141,,-0.0084
1SGE_E_I,E,157,,-0.25712
1SGE_E_I,E,158,,-0.04061
1SGE_E_I,E,159,,-0.13384
1SGE_E_I,I,8,,-2.78868
1SGE_E_I,I,9,,-2.81698
1SGE_E_I,I,10,,-2.76277
1SGE_E_I,I,11,,-0.02777
1SGE_E_I,I,12,,-1.78127
1SGE_E_I,I,13,,-2.6912
1SGE_E_I,I,14,,-1.6611
1SGE_E_I,I,15,,-2.01051
1SGE_E_I,I,16,,-2.34337
1SGE_E_I,I,27,,-2.79723
1SGE_E_I,I,31,,-2.69117
1SGN_E_I,E,11,,-1.99425
1SGN_E_I,E,12,,-1.97307
1SGN_E_I,E,13,,-1.36659
1SGN_E_I,E,14,,-0.00706
1SGN_E_I,E,33,,-0.01869
1SGN_E_I,E,118,,-0.1657
1SGN_E_I,E,119,,-0.69664
1SGN_E_I,E,120,,-0.04871
1SGN_E_I,E,121,,-1.55596
1SGN_E_I,E,122,,-2.12309
1SGN_E_I,E,136,,-0.37151
1SGN_E_I,E,138,,-0.99357
1SGN_E_I,E,139,,-0.01415
1SGN_E_I,E,141,,-0.0084
1SGN_E_I,E,157,,-0.25712
1SGN_E_I,E,158,,-0.04061
1SGN_E_I,E,159,,-0.13384
1SGN_E_I,I,8,,-2.7726
1SGN_E_I,I,9,,-2.80601
1SGN_E_I,I,10,,-2.73356
1SGN_E_I,I,11,,-0.03029
1SGN_E_I,I,12,,-1.73671
1SGN_E_I,I,13,,-2.6912
1SGN_E_I,I,14,,-1.61458
1SGN_E_I,I,15,,-2.06633
1SGN_E_I,I,16,,-2.30682
1SGN_E_I,I,27,,-2.74973
1SGN_E_I,I,31,,-2.6978
1SGP_E_I,E,11,,-2.03213
1SGP_E_I,E,12,,-1.9963
1SGP_E_I,E,13,,-1.38659
1SGP_E_I,E,14,,-0.00701
1SGP_E_I,E,33,,-0.01922
1SGP_E_I,E,118,,-0.16768
1SGP_E_I,E,119,,-0.72987
1SGP_E_I,E,120,,-0.05254
1SGP_E_I,E,121,,-1.65885
1SGP_E_I,E,122,,-2.14472
1SGP_E_I,E,138,,-0.97995
1SGP_E_I,E,139,,-0.01539
1SGP_E_I,E,141,,-0.00884
1SGP_E_I,E,157,,-0.24198
1SGP_E_I,E,158,,-0.03858
1SGP_E_I,E,159,,-0.13688
1SGP_E_I,E,160,,-0.20464
1SGP_E_I,I,5,,-2.5298
1SGP_E_I,I,8,,-2.77934
1SGP_E_I,I,9,,-2.81502
1SGP_E_I,I,10,,-2.76542
1SGP_E_I,I,11,,-0.02556
1SGP_E_I,I,12,,-1.77654
1SGP_E_I,I,13,,-2.6912
1SGP_E_I,I,14,,-1.6801
1SGP_E_I,I,15,,-2.01311
1SGP_E_I,I,16,,-2.33078
1SGP_E_I,I,27,,-2.77203
1SGP_E_I,I,31,,-2.69427
1SGQ_E_I,E,11,,-2.03213
1SGQ_E_I,E,12,,-1.9963
1SGQ_E_I,E,13,,-1.38659
1SGQ_E_I,E,14,,-0.00701
1SGQ_E_I,E,33,,-0.01922
1SGQ_E_I,E,118,,-0.16768
1SGQ_E_I,E,119,,-0.72987
1SGQ_E_I,E,120,,-0.05254
1SGQ_E_I,E,121,,-1.65885
1SGQ_E_I,E,138,,-0.97995
1SGQ_E_I,E,139,,-0.01539
1SGQ_E_I,E,141,,-0.00884
1SGQ_E_I,E,157,,-0.24198
1SGQ_E_I,E,158,,-0.03858
1SGQ_E_I,E,159,,-0.13688
1SGQ_E_I,I,8,,-2.77021
1SGQ_E_I,I,9,,-2.80658
1SGQ_E_I,I,10,,-2.75618
1SGQ_E_I,I,11,,-0.05723
1SGQ_E_I,I,12,,-2.16167
1SGQ_E_I,I,13,,-2.6912
1SGQ_E_I,I,14,,-1.89614
1SGQ_E_I,I,15,,-2.13376
1SGQ_E_I,I,16,,-2.35135
1SGQ_E_I,I,27,,-2.76535
1SGQ_E_I,I,31,,-2.70516
1SGY_E_I,E,11,,-1.99425
1SGY_E_I,E,12,,-1.97307
1SGY_E_I,E,13,,-1.36659
1SGY_E_I,E,14,,-0.00706
1SGY_E_I,E,33,,-0.01869
1SGY_E_I,E,118,,-0.1657
1SGY_E_I,E,119,,-0.69664
1SGY_E_I,E,120,,-0.04871
1SGY_E_I,E,121,,-1.55596
1SGY_E_I,E,136,,-0.37151
1SGY_E_I,E,138,,-0.99357
1SGY_E_I,E,139,,-0.01415
1SGY_E_I,E,141,,-0.0084
1SGY_E_I,E,157,,-0.25712
1SGY_E_I,E,158,,-0.04061
1SGY_E_I,E,159,,-0.13384
1SGY_E_I,E,160,,-0.16237
1SGY_E_I,I,8,,-2.77766
1SGY_E_I,I,9,,-2.80914
1SGY_E_I,I,10,,-2.75551
1SGY_E_I,I,11,,-0.03429
1SGY_E_I,I,12,,-2.02828
1SGY_E_I,I,13,,-2.6912
1SGY_E_I,I,14,,-1.60833
1SGY_E_I,I,15,,-1.97559
1SGY_E_I,I,16,,-2.22298
1SGY_E_I,I,27,,-2.77599
1SGY_E_I,I,31,,-2.69735
1SIB_E_I,E,62,,-1.81501
1SIB_E_I,E,63,,-0.21773
1SIB_E_I,E,64,,-0.00217
1SIB_E_I,E,96,,-0.30293
1SIB_E_I,E,99,,-1.65232
1SIB_E_I,E,100,,-0.19926
1SIB_E_I,E,101,,-1.26034
1SIB_E_I,E,102,,-0.05992
1SIB_E_I,E,104,,-1.99607
1SIB_E_I,E,126,,-0.28469
1SIB_E_I,E,127,,-0.14363
1SIB_E_I,E,128,,-1.31131
1SIB_E_I,E,129,,-2.16825
1SIB_E_I,E,152,,-0.26723
1SIB_E_I,E,154,,-0.01444
1SIB_E_I,E,155,,-0.00843
1SIB_E_I,E,156,,-2.01758
1SIB_E_I,E,189,,-0.22998
1SIB_E_I,E,217,,-1.89102
1SIB_E_I,E,218,,-0.911
1SIB_E_I,E,221,,-0.00209
1SIB_E_I,I,28,,-2.50011
1SIB_E_I,I,30,,-1.77893
1SIB_E_I,I,33,,-1.49292
1SIB_E_I,I,34,,-1.57395
1SIB_E_I,I,35,,-2.75206
1SIB_E_I,I,36,,-1.56511
1SIB_E_I,I,37,,-1.10769
1SIB_E_I,I,38,,-2.43415
1SIB_E_I,I,39,,-0.41673
1SIB_E_I,I,40,,-1.18828
1SIB_E_I,I,41,,-1.97954
1SIB_E_I,I,42,,-2.37865
1SIB_E_I,I,44,,-0.23232
1SIB_E_I,I,61,,-2.46957
1SMF_E_I,E,22,,-1.78628
1SMF_E_I,E,23,,-1.22209
1SMF_E_I,E,24,,-2.10619
1SMF_E_I,E,40,,-0.01679
1SMF_E_I,E,81,,-1.92889
1SMF_E_I,E,131,,-2.1248
1SMF_E_I,E,172,,-0.58607
1SMF_E_I,E,173,,-0.00298
1SMF_E_I,E,174,,-1.35276
1SMF_E_I,E,175,,-0.20361
1SMF_E_I,E,177,,-0.0436
1SMF_E_I,E,192,,-0.09183
1SMF_E_I,E,193,,-0.98872
1SMF_E_I,E,194,,-0.0597
1SMF_E_I,E,196,,-1.46783
1TM1_E_I,E,62,,-1.79802
1TM1_E_I,E,64,,-0.00207
1TM1_E_I,E,96,,-0.29185
1TM1_E_I,E,99,,-1.65196
1TM1_E_I,E,100,,-0.19659
1TM1_E_I,E,101,,-1.20758
1TM1_E_I,E,102,,-0.06011
1TM1_E_I,E,103,,-1.90273
1TM1_E_I,E,104,,-1.98147
1TM1_E_I,E,107,,-0.87368
1TM1_E_I,E,126,,-0.27548
1TM1_E_I,E,127,,-0.14779
1TM1_E_I,E,128,,-1.23847
1TM1_E_I,E,129,,-2.14073
1TM1_E_I,E,130,,-1.95197
1TM1_E_I,E,154,,-0.01454
1TM1_E_I,E,155,,-0.00824
1TM1_E_I,E,156,,-1.99135
1TM1_E_I,E,189,,-0.24545
1TM1_E_I,E,217,,-1.9185
1TM1_E_I,E,218,,-0.87379
1TM1_E_I,E,221,,-0.00209
1TM1_E_I,I,30,,-2.27264
1TM1_E_I,I,32,,-1.63402
1TM1_E_I,I,35,,-1.08021
1TM1_E_I,I,36,,-1.44157
1TM1_E_I,I,37,,-2.17632
1TM1_E_I,I,38,,-1.60101
1TM1_E_I,I,39,,-1.10971
1TM1_E_I,I,40,,-2.22421
1TM1_E_I,I,41,,-0.26723
1TM1_E_I,I,42,,-0.69509
1TM1_E_I,I,43,,-1.21486
1TM1_E_I,I,59,,-2.31043
1TM1_E_I,I,62,,-2.28179
1TM3_E_I,E,64,,-0.00207
1TM3_E_I,E,96,,-0.29185
1TM3_E_I,E,99,,-1.65196
1TM3_E_I,E,100,,-0.19659
1TM3_E_I,E,101,,-1.20758
1TM3_E_I,E,102,,-0.06011
1TM3_E_I,E,103,,-1.90273
1TM3_E_I,E,104,,-1.98147
1TM3_E_I,E,107,,-0.87368
1TM3_E_I,E,126,,-0.27548
1TM3_E_I,E,127,,-0.14779
1TM3_E_I,E,128,,-1.23847
1TM3_E_I,E,129,,-2.14073
1TM3_E_I,E,130,,-1.95197
1TM3_E_I,E,154,,-0.01454
1TM3_E_I,E,155,,-0.00824
1TM3_E_I,E,156,,-1.99135
1TM3_E_I,E,189,,-0.24545
1TM3_E_I,E,217,,-1.9185
1TM3_E_I,E,218,,-0.87379
1TM3_E_I,E,221,,-0.00209
1TM3_E_I,I,30,,-2.32603
1TM3_E_I,I,32,,-1.65511
1TM3_E_I,I,35,,-1.09295
1TM3_E_I,I,36,,-1.47366
1TM3_E_I,I,37,,-2.37441
1TM3_E_I,I,38,,-1.59946
1TM3_E_I,I,39,,-1.69668
1TM3_E_I,I,40,,-2.17901
1TM3_E_I,I,41,,-0.33752
1TM3_E_I,I,42,,-0.67395
1TM3_E_I,I,59,,-2.36258
1TM3_E_I,I,62,,-2.30679
1TM4_E_I,E,64,,-0.00207
1TM4_E_I,E,96,,-0.29185
1TM4_E_I,E,99,,-1.65196
1TM4_E_I,E,100,,-0.19659
1TM4_E_I,E,101,,-1.20758
1TM4_E_I,E,102,,-0.06011
1TM4_E_I,E,103,,-1.90273
1TM4_E_I,E,104,,-1.98147
1TM4_E_I,E,107,,-0.87368
1TM4_E_I,E,126,,-0.27548
1TM4_E_I,E,127,,-0.14779
1TM4_E_I,E,128,,-1.23847
1TM4_E_I,E,129,,-2.14073
1TM4_E_I,E,130,,-1.95197
1TM4_E_I,E,155,,-0.00824
1TM4_E_I,E,156,,-1.99135
1TM4_E_I,E,189,,-0.24545
1TM4_E_I,E,217,,-1.9185
1TM4_E_I,E,218,,-0.87379
1TM4_E_I,E,221,,-0.00209
1TM4_E_I,I,30,,-2.36775
1TM4_E_I,I,32,,-1.6896
1TM4_E_I,I,35,,-1.12822
1TM4_E_I,I,36,,-1.48214
1TM4_E_I,I,37,,-2.4555
1TM4_E_I,I,38,,-1.57074
1TM4_E_I,I,39,,-2.06133
1TM4_E_I,I,40,,-2.17901
1TM4_E_I,I,41,,-0.51191
1TM4_E_I,I,42,,-0.74613
1TM4_E_I,I,59,,-2.37171
1TM4_E_I,I,62,,-2.32385
1TM5_E_I,E,64,,-0.00207
1TM5_E_I,E,96,,-0.29185
1TM5_E_I,E,99,,-1.65196
1TM5_E_I,E,100,,-0.19659
1TM5_E_I,E,101,,-1.20758
1TM5_E_I,E,102,,-0.06011
1TM5_E_I,E,103,,-1.90273
1TM5_E_I,E,104,,-1.98147
1TM5_E_I,E,107,,-0.87368
1TM5_E_I,E,126,,-0.27548
1TM5_E_I,E,127,,-0.14779
1TM5_E_I,E,128,,-1.23847
1TM5_E_I,E,129,,-2.14073
1TM5_E_I,E,130,,-1.95197
1TM5_E_I,E,154,,-0.01454
1TM5_E_I,E,155,,-0.00824
1TM5_E_I,E,156,,-1.99135
1TM5_E_I,E,189,,-0.24545
1TM5_E_I,E,217,,-1.9185
1TM5_E_I,E,218,,-0.87379
1TM5_E_I,E,221,,-0.00209
1TM5_E_I,I,30,,-2.34184
1TM5_E_I,I,32,,-1.6933
1TM5_E_I,I,35,,-1.12871
1TM5_E_I,I,36,,-1.48146
1TM5_E_I,I,37,,-2.33231
1TM5_E_I,I,38,,-1.64717
1TM5_E_I,I,39,,-1.73638
1TM5_E_I,I,40,,-2.17901
1TM5_E_I,I,41,,-0.38781
1TM5_E_I,I,42,,-0.65659
1TM5_E_I,I,59,,-2.3512
1TM5_E_I,I,62,,-2.28038
1TM7_E_I,E,64,,-0.00207
1TM7_E_I,E,96,,-0.29185
1TM7_E_I,E,99,,-1.65196
1TM7_E_I,E,100,,-0.19659
1TM7_E_I,E,101,,-1.20758
1TM7_E_I,E,102,,-0.06011
1TM7_E_I,E,103,,-1.90273
1TM7_E_I,E,104,,-1.98147
1TM7_E_I,E,107,,-0.87368
1TM7_E_I,E,126,,-0.27548
1TM7_E_I,E,127,,-0.14779
1TM7_E_I,E,128,,-1.23847
1TM7_E_I,E,129,,-2.14073
1TM7_E_I,E,152,,-0.25553
1TM7_E_I,E,154,,-0.01454
1TM7_E_I,E,155,,-0.00824
1TM7_E_I,E,156,,-1.99135
1TM7_E_I,E,166,,-2.56042
1TM7_E_I,E,189,,-0.24545
1TM7_E_I,E,217,,-1.9185
1TM7_E_I,E,218,,-0.87379
1TM7_E_I,E,221,,-0.00209
1TM7_E_I,I,30,,-2.29439
1TM7_E_I,I,32,,-1.69522
1TM7_E_I,I,35,,-1.13181
1TM7_E_I,I,36,,-1.61379
1TM7_E_I,I,37,,-2.18451
1TM7_E_I,I,38,,-1.86127
1TM7_E_I,I,39,,-1.89874
1TM7_E_I,I,40,,-2.22421
1TM7_E_I,I,41,,-0.56786
1TM7_E_I,I,42,,-0.77924
1TM7_E_I,I,48,,-1.01894
1TM7_E_I,I,59,,-2.42178
1TM7_E_I,I,62,,-2.31663
1TMG_E_I,E,64,,-0.00207
1TMG_E_I,E,96,,-0.29185
1TMG_E_I,E,99,,-1.65196
1TMG_E_I,E,100,,-0.19659
1TMG_E_I,E,101,,-1.20758
1TMG_E_I,E,102,,-0.06011
1TMG_E_I,E,103,,-1.90273
1TMG_E_I,E,104,,-1.98147
1TMG_E_I,E,107,,-0.87368
1TMG_E_I,E,126,,-0.27548
1TMG_E_I,E,127,,-0.14779
1TMG_E_I,E,128,,-1.23847
1TMG_E_I,E,129,,-2.14073
1TMG_E_I,E,152,,-0.25553
1TMG_E_I,E,154,,-0.01454
1TMG_E_I,E,155,,-0.00824
1TMG_E_I,E,156,,-1.99135
1TMG_E_I,E,166,,-2.56042
1TMG_E_I,E,189,,-0.24545
1TMG_E_I,E,217,,-1.9185
1TMG_E_I,E,218,,-0.87379
1TMG_E_I,E,221,,-0.00209
1TMG_E_I,I,30,,-2.28135
1TMG_E_I,I,32,,-1.69021
1TMG_E_I,I,35,,-1.13417
1TMG_E_I,I,36,,-1.55952
1TMG_E_I,I,37,,-2.14146
1TMG_E_I,I,38,,-2.0111
1TMG_E_I,I,39,,-1.8916
1TMG_E_I,I,40,,-2.22421
1TMG_E_I,I,41,,-0.45512
1TMG_E_I,I,42,,-0.76604
1TMG_E_I,I,48,,-0.88671
1TMG_E_I,I,59,,-2.42413
1TMG_E_I,I,62,,-2.31789
1TO1_E_I,E,64,,-0.00207
1TO1_E_I,E,96,,-0.29185
1TO1_E_I,E,99,,-1.65196
1TO1_E_I,E,100,,-0.19659
1TO1_E_I,E,101,,-1.20758
1TO1_E_I,E,102,,-0.06011
1TO1_E_I,E,103,,-1.90273
1TO1_E_I,E,104,,-1.98147
1TO1_E_I,E,107,,-0.87368
1TO1_E_I,E,126,,-0.27548
1TO1_E_I,E,127,,-0.14779
1TO1_E_I,E,128,,-1.23847
1TO1_E_I,E,129,,-2.14073
1TO1_E_I,E,130,,-1.95197
1TO1_E_I,E,154,,-0.01454
1TO1_E_I,E,155,,-0.00824
1TO1_E_I,E,156,,-1.99135
1TO1_E_I,E,189,,-0.24545
1TO1_E_I,E,217,,-1.9185
1TO1_E_I,E,218,,-0.87379
1TO1_E_I,E,221,,-0.00209
1TO1_E_I,I,30,,-2.37535
1TO1_E_I,I,32,,-1.72815
1TO1_E_I,I,35,,-1.09538
1TO1_E_I,I,36,,-1.46533
1TO1_E_I,I,37,,-2.34577
1TO1_E_I,I,38,,-1.91012
1TO1_E_I,I,39,,-1.95537
1TO1_E_I,I,40,,-2.56647
1TO1_E_I,I,41,,-0.52141
1TO1_E_I,I,42,,-0.65622
1TO1_E_I,I,59,,-2.26074
1TO1_E_I,I,62,,-2.26333
1U7F_B_AC,A,2,,-2.88218
1U7F_B_AC,A,11,,-2.72949
1U7F_B_AC,A,14,,-2.83251
1U7F_B_AC,A,20,,-2.81913
1U7F_B_AC,A,133,,-2.92125
1U7F_B_AC,A,137,,-2.9062
1U7F_B_AC,A,140,,-2.85346
1U7F_B_AC,A,146,,-2.84585
1U7F_B_AC,A,163,,-2.88849
1U7F_B_AC,A,170,,-2.91579
1U7F_B_AC,A,172,,-2.90985
1U7F_B_AC,A,174,,-2.90054
1U7F_B_AC,A,177,,-2.88252
1U7F_B_AC,A,178,,-2.86655
1U7F_B_AC,A,181,,-2.89565
1U7F_B_AC,A,184,,-2.84746
1U7F_B_AC,A,185,,-2.87829
1U7F_B_AC,A,188,,-2.8901
1U7F_B_AC,A,189,,-2.86258
1U7F_B_AC,A,190,,-2.89005
1U7F_B_AC,A,193,,-2.88378
1U7F_B_AC,A,194,,-2.86474
1U7F_B_AC,A,195,,-2.89725
1U7F_B_AC,A,196,,-2.87622
1U7F_B_AC,A,197,,-2.86947
1U7F_B_AC,A,198,,-2.90428
1U7F_B_AC,B,3,,-2.90064
1U7F_B_AC,B,4,,-2.88817
1U7F_B_AC,B,8,,-2.89445
1U7F_B_AC,B,16,,-2.89916
1U7F_B_AC,B,19,,-2.86756
1U7F_B_AC,B,24,,-2.85468
1U7F_B_AC,B,25,,-2.88681
1U7F_B_AC,B,27,,-2.88097
1U7F_B_AC,B,39,,-2.88065
1U7F_B_AC,B,40,,-2.92048
1U7F_B_AC,B,41,,-2.91152
1U7F_B_AC,B,42,,-2.91188
1U7F_B_AC,B,43,,-2.83997
1U7F_B_AC,B,44,,-2.90525
1U7F_B_AC,B,48,,-2.8872
1U7F_B_AC,B,52,,-2.83244
1U7F_B_AC,B,53,,-2.93135
1U7F_B_AC,B,55,,-2.90239
1U7F_B_AC,B,57,,-2.84893
1U7F_B_AC,B,58,,-2.79847
1U7F_B_AC,B,64,,-2.82089
1U7F_B_AC,B,65,,-2.83484
1U7F_B_AC,B,68,,-2.80474
1U7F_B_AC,B,69,,-2.80405
1U7F_B_AC,B,72,,-2.84587
1U7F_B_AC,B,91,,-2.84552
1U7F_B_AC,B,92,,-2.79834
1U7F_B_AC,B,138,,-2.8614
1U7F_B_AC,B,139,,-2.85022
1U7F_B_AC,B,140,,-2.81157
1U7F_B_AC,B,143,,-2.8692
1U7F_B_AC,B,149,,-2.84695
1U7F_B_AC,B,153,,-2.89573
1U7F_B_AC,B,154,,-2.90018
1U7F_B_AC,B,160,,-2.90484
1U7F_B_AC,B,161,,-2.86182
1U7F_B_AC,B,162,,-2.90306
1U7F_B_AC,B,166,,-2.88865
1U7F_B_AC,B,173,,-2.87941
1U7F_B_AC,B,175,,-2.78731
1U7F_B_AC,B,177,,-2.81583
1U7F_B_AC,B,180,,-2.85686
1U7F_B_AC,B,181,,-2.85814
1U7F_B_AC,B,184,,-2.83181
1U7F_B_AC,B,187,,-2.87408
1U7F_B_AC,B,188,,-2.78609
1U7F_B_AC,B,192,,-2.856
1U7F_B_AC,B,193,,-2.89313
1U7F_B_AC,C,17,,-2.89773
1U7F_B_AC,C,30,,-2.87931
1U7F_B_AC,C,31,,-2.90044
1U7F_B_AC,C,32,,-2.88848
1U7F_B_AC,C,33,,-2.836
1U7F_B_AC,C,34,,-2.81649
1U7F_B_AC,C,35,,-2.88823
1U7F_B_AC,C,36,,-2.89087
1U7F_B_AC,C,39,,-2.90216
1U7F_B_AC,C,43,,-2.91709
1U7F_B_AC,C,44,,-2.92308
1U7F_B_AC,C,46,,-2.90013
1U7F_B_AC,C,48,,-2.88044
1U7F_B_AC,C,49,,-2.88618
1U7F_B_AC,C,50,,-2.89597
1U7F_B_AC,C,55,,-2.88614
1U7F_B_AC,C,58,,-2.89431
1U7F_B_AC,C,59,,-2.89408
1U7F_B_AC,C,60,,-2.61949
1U7F_B_AC,C,63,,-2.88584
1U7F_B_AC,C,81,,-2.84882
1UUZ_A_D,A,2,,-2.7325
1UUZ_A_D,A,5,,-2.81143
1UUZ_A_D,A,7,,-2.70857
1UUZ_A_D,A,38,,-2.84492
1UUZ_A_D,A,39,,-2.90005
1UUZ_A_D,A,40,,-2.85886
1UUZ_A_D,A,41,,-2.88247
1UUZ_A_D,A,42,,-2.86579
1UUZ_A_D,A,61,,-2.87436
1UUZ_A_D,A,62,,-2.78194
1UUZ_A_D,A,63,,-2.86434
1UUZ_A_D,A,64,,-2.90261
1UUZ_A_D,A,65,,-2.84444
1UUZ_A_D,A,66,,-2.86006
1UUZ_A_D,A,68,,-2.90262
1UUZ_A_D,A,89,,-2.79479
1UUZ_A_D,A,91,,-2.84577
1UUZ_A_D,A,95,,-2.84869
1UUZ_A_D,A,125,,-2.7334
1UUZ_A_D,A,126,,-2.47377
1UUZ_A_D,A,127,,-2.71826
1UUZ_A_D,D,2,,-0.8127
1UUZ_A_D,D,4,,-1.83287
1UUZ_A_D,D,5,,-1.60884
1UUZ_A_D,D,33,,-2.1145
1UUZ_A_D,D,34,,-1.95348
1UUZ_A_D,D,35,,-0.15747
1UUZ_A_D,D,36,,-0.03939
1UUZ_A_D,D,37,,-1.72366
1UUZ_A_D,D,39,,-0.81697
1UUZ_A_D,D,41,,-2.22868
1UUZ_A_D,D,42,,-1.01452
1UUZ_A_D,D,43,,-2.27257
1UUZ_A_D,D,44,,-1.45523
1UUZ_A_D,D,45,,-2.53694
1UUZ_A_D,D,52,,-0.26455
1UUZ_A_D,D,84,,-1.84535
1UUZ_A_D,D,109,,-2.55186
1UUZ_A_D,D,110,,-2.43346
1UUZ_A_D,D,114,,-1.83057
1UUZ_A_D,D,122,,-2.48098
1UUZ_A_D,D,123,,-0.97408
1VFB_AB_C,A,30,,-2.38828
1VFB_AB_C,A,32,,-2.25405
1VFB_AB_C,A,49,,-2.64616
1VFB_AB_C,A,50,,-2.35031
1VFB_AB_C,A,53,,-2.36723
1VFB_AB_C,A,92,,-2.67893
1VFB_AB_C,A,93,,-2.60743
1VFB_AB_C,B,31,,-1.47435
1VFB_AB_C,B,32,,-1.66463
1VFB_AB_C,B,52,,-1.75182
1VFB_AB_C,B,53,,-2.64629
1VFB_AB_C,B,54,,-1.7654
1VFB_AB_C,B,99,,-2.63888
1VFB_AB_C,B,100,,-2.49322
1VFB_AB_C,B,101,,-2.31646
1VFB_AB_C,B,102,,-2.69373
1VFB_AB_C,C,18,,-1.43683
1VFB_AB_C,C,19,,-1.87794
1VFB_AB_C,C,22,,-0.23206
1VFB_AB_C,C,24,,-1.2826
1VFB_AB_C,C,27,,-1.14664
1VFB_AB_C,C,102,,-1.5617
1VFB_AB_C,C,103,,-2.54332
1VFB_AB_C,C,116,,-1.81585
1VFB_AB_C,C,117,,-0.72792
1VFB_AB_C,C,118,,-1.96141
1VFB_AB_C,C,119,,-1.39343
1VFB_AB_C,C,120,,-1.44414
1VFB_AB_C,C,121,,-1.82361
1VFB_AB_C,C,124,,-2.03348
1VFB_AB_C,C,125,,-2.35808
1VFB_AB_C,C,126,,-1.53223
1VFB_AB_C,C,129,,-2.63919
1WQJ_I_B,B,1,,-2.4464
1WQJ_I_B,B,2,,-2.0157
1WQJ_I_B,B,3,,-2.58255
1WQJ_I_B,B,4,,-0.0691
1WQJ_I_B,B,26,,-1.49449
1WQJ_I_B,B,29,,-0.23032
1WQJ_I_B,B,30,,-0.00356
1WQJ_I_B,B,45,,-0.04658
1WQJ_I_B,B,46,,-0.85883
1WQJ_I_B,B,47,,-0.15824
1WQJ_I_B,B,50,,-1.91302
1WQJ_I_B,B,56,,-2.03188
1WQJ_I_B,B,57,,-0.00174
1WQJ_I_B,B,59,,-1.73058
1WQJ_I_B,B,64,,-2.57169
1WQJ_I_B,B,65,,-1.90592
1WQJ_I_B,B,66,,-0.20152
1WQJ_I_B,B,67,,-0.47768
1WQJ_I_B,B,70,,-0.36812
1WQJ_I_B,B,71,,-0.46553
1WQJ_I_B,I,1,,-2.41536
1WQJ_I_B,I,2,,-1.67969
1WQJ_I_B,I,4,,-0.17964
1WQJ_I_B,I,8,,-1.40789
1WQJ_I_B,I,11,,-0.27909
1WQJ_I_B,I,12,,-0.18897
1WQJ_I_B,I,14,,-1.20307
1WQJ_I_B,I,15,,-1.51017
1WQJ_I_B,I,16,,-0.19662
1WQJ_I_B,I,18,,-0.74107
1WQJ_I_B,I,19,,-0.446
1WQJ_I_B,I,21,,-0.0182
1WQJ_I_B,I,22,,-0.26838
1WQJ_I_B,I,23,,-0.13594
1WQJ_I_B,I,24,,-0.90493
1WQJ_I_B,I,53,,-0.44259
1X1W_A_D,A,25,,-2.80767
1X1W_A_D,A,35,,-2.76289
1X1W_A_D,A,36,,-2.88
1X1W_A_D,A,54,,-2.86029
1X1W_A_D,A,57,,-2.85981
1X1W_A_D,A,58,,-2.88202
1X1W_A_D,A,60,,-2.89283
1X1W_A_D,A,71,,-2.92123
1X1W_A_D,A,80,,-2.87468
1X1W_A_D,A,81,,-2.84953
1X1W_A_D,A,82,,-2.87222
1X1W_A_D,A,83,,-2.78
1X1W_A_D,A,100,,-2.51122
1X1W_A_D,A,101,,-0.93023
1X1W_A_D,A,102,,-2.38834
1X1W_A_D,D,30,,-1.8443
1X1W_A_D,D,32,,-0.1804
1X1W_A_D,D,34,,-0.30977
1X1W_A_D,D,35,,-1.47968
1X1W_A_D,D,36,,-0.83064
1X1W_A_D,D,37,,-0.3054
1X1W_A_D,D,39,,-0.29625
1X1W_A_D,D,40,,-0.07296
1X1W_A_D,D,43,,-1.22907
1X1W_A_D,D,44,,-2.04616
1X1W_A_D,D,45,,-2.65399
1X1W_A_D,D,47,,-2.27718
1X1W_A_D,D,74,,-1.16958
1X1W_A_D,D,77,,-1.0459
1X1X_A_D,A,27,,-2.80176
1X1X_A_D,A,37,,-2.74756
1X1X_A_D,A,38,,-2.87093
1X1X_A_D,A,55,,-2.86645
1X1X_A_D,A,56,,-2.85663
1X1X_A_D,A,59,,-2.85487
1X1X_A_D,A,60,,-2.87775
1X1X_A_D,A,73,,-2.91907
1X1X_A_D,A,82,,-2.87141
1X1X_A_D,A,83,,-2.84509
1X1X_A_D,A,84,,-2.86461
1X1X_A_D,A,85,,-2.76833
1X1X_A_D,A,102,,-2.49496
1X1X_A_D,A,103,,-0.89978
1X1X_A_D,A,104,,-2.35877
1X1X_A_D,D,29,,-1.81449
1X1X_A_D,D,31,,-0.18102
1X1X_A_D,D,33,,-0.31106
1X1X_A_D,D,34,,-1.52886
1X1X_A_D,D,35,,-0.62272
1X1X_A_D,D,36,,-0.32345
1X1X_A_D,D,38,,-0.25015
1X1X_A_D,D,39,,-0.06953
1X1X_A_D,D,42,,-1.16547
1X1X_A_D,D,43,,-2.05247
1X1X_A_D,D,44,,-2.57331
1X1X_A_D,D,46,,-2.3367
1X1X_A_D,D,47,,-2.45266
1X1X_A_D,D,73,,-1.25358
1X1X_A_D,D,76,,-1.37479
1XD3_A_B,A,7,,-0.51635
1XD3_A_B,A,8,,-0.48563
1XD3_A_B,A,9,,-0.01906
1XD3_A_B,A,10,,-0.36086
1XD3_A_B,A,11,,-0.09775
1XD3_A_B,A,13,,-0.61776
1XD3_A_B,A,32,,-0.08798
1XD3_A_B,A,33,,-0.58921
1XD3_A_B,A,34,,-1.40457
1XD3_A_B,A,35,,-0.8367
1XD3_A_B,A,36,,-1.93083
1XD3_A_B,A,40,,-0.27646
1XD3_A_B,A,43,,-0.79219
1XD3_A_B,A,54,,-0.48781
1XD3_A_B,A,155,,-0.17203
1XD3_A_B,A,156,,-0.51
1XD3_A_B,A,159,,-0.28476
1XD3_A_B,A,167,,-1.09001
1XD3_A_B,A,212,,-1.16718
1XD3_A_B,A,219,,-1.57734
1XD3_A_B,A,220,,-1.91491
1XD3_A_B,A,221,,-0.23748
1XD3_A_B,A,222,,-1.45479
1XD3_A_B,A,223,,-1.35347
1XD3_A_B,B,7,,-0.82356
1XD3_A_B,B,8,,-0.66359
1XD3_A_B,B,9,,-2.37178
1XD3_A_B,B,11,,-1.20926
1XD3_A_B,B,34,,-0.95463
1XD3_A_B,B,36,,-1.24597
1XD3_A_B,B,39,,-1.82256
1XD3_A_B,B,42,,-0.4976
1XD3_A_B,B,44,,-0.29564
1XD3_A_B,B,47,,-0.03336
1XD3_A_B,B,49,,-1.63775
1XD3_A_B,B,68,,-0.1943
1XD3_A_B,B,70,,-0.86864
1XD3_A_B,B,71,,-1.57326
1XD3_A_B,B,72,,-0.63325
1XD3_A_B,B,73,,-0.40255
1XD3_A_B,B,74,,-0.29343
1XD3_A_B,B,75,,-0.07942
1XGP_AB_C,A,29,,-2.63637
1XGP_AB_C,A,31,,-2.46816
1XGP_AB_C,A,32,,-2.38079
1XGP_AB_C,A,33,,-1.84138
1XGP_AB_C,A,51,,-2.62048
1XGP_AB_C,A,54,,-1.8591
1XGP_AB_C,A,92,,-2.69532
1XGP_AB_C,A,93,,-2.56221
1XGP_AB_C,A,94,,-2.69839
1XGP_AB_C,A,95,,-2.64749
1XGP_AB_C,A,97,,-2.68565
1XGP_AB_C,B,30,,-1.46764
1XGP_AB_C,B,31,,-1.54445
1XGP_AB_C,B,32,,-1.93602
1XGP_AB_C,B,50,,-2.41612
1XGP_AB_C,B,52,,-2.05216
1XGP_AB_C,B,53,,-2.10583
1XGP_AB_C,B,54,,-1.55572
1XGP_AB_C,B,56,,-1.99226
1XGP_AB_C,B,58,,-2.2108
1XGP_AB_C,B,98,,-2.31127
1XGP_AB_C,C,15,,-1.94182
1XGP_AB_C,C,16,,-0.36599
1XGP_AB_C,C,18,,-1.43683
1XGP_AB_C,C,19,,-1.87794
1XGP_AB_C,C,20,,-0.93553
1XGP_AB_C,C,21,,-1.72186
1XGP_AB_C,C,73,,-2.58899
1XGP_AB_C,C,75,,-2.28786
1XGP_AB_C,C,89,,-2.03181
1XGP_AB_C,C,93,,-2.48135
1XGP_AB_C,C,96,,-0.9989
1XGP_AB_C,C,97,,-1.73609
1XGP_AB_C,C,100,,-1.65719
1XGP_AB_C,C,101,,-1.82751
1XGP_AB_C,C,102,,-1.5617
1XGQ_AB_C,A,31,,-2.46816
1XGQ_AB_C,A,32,,-2.38079
1XGQ_AB_C,A,33,,-1.84138
1XGQ_AB_C,A,51,,-2.62048
1XGQ_AB_C,A,54,,-1.8591
1XGQ_AB_C,A,92,,-2.69532
1XGQ_AB_C,A,93,,-2.56221
1XGQ_AB_C,A,94,,-2.69839
1XGQ_AB_C,A,95,,-2.64749
1XGQ_AB_C,A,97,,-2.68565
1XGQ_AB_C,B,30,,-1.46586
1XGQ_AB_C,B,31,,-1.59527
1XGQ_AB_C,B,32,,-2.10542
1XGQ_AB_C,B,33,,-1.9276
1XGQ_AB_C,B,50,,-2.50279
1XGQ_AB_C,B,52,,-2.18722
1XGQ_AB_C,B,53,,-2.17166
1XGQ_AB_C,B,54,,-1.60579
1XGQ_AB_C,B,56,,-2.04473
1XGQ_AB_C,B,58,,-2.25169
1XGQ_AB_C,B,98,,-2.39221
1XGQ_AB_C,C,15,,-1.94182
1XGQ_AB_C,C,16,,-0.36599
1XGQ_AB_C,C,18,,-1.43683
1XGQ_AB_C,C,19,,-1.87794
1XGQ_AB_C,C,20,,-0.93553
1XGQ_AB_C,C,21,,-1.72186
1XGQ_AB_C,C,63,,-0.05532
1XGQ_AB_C,C,73,,-2.58899
1XGQ_AB_C,C,75,,-2.28786
1XGQ_AB_C,C,77,,-2.01374
1XGQ_AB_C,C,89,,-2.03181
1XGQ_AB_C,C,93,,-2.48135
1XGQ_AB_C,C,96,,-0.9989
1XGQ_AB_C,C,97,,-1.73609
1XGQ_AB_C,C,100,,-1.65719
1XGQ_AB_C,C,101,,-1.82751
1XGQ_AB_C,C,102,,-1.5617
1XGQ_AB_C,C,103,,-2.54332
1XGR_AB_C,A,31,,-2.46816
1XGR_AB_C,A,32,,-2.38079
1XGR_AB_C,A,33,,-1.84138
1XGR_AB_C,A,51,,-2.62048
1XGR_AB_C,A,54,,-1.8591
1XGR_AB_C,A,92,,-2.69532
1XGR_AB_C,A,93,,-2.56221
1XGR_AB_C,A,94,,-2.69839
1XGR_AB_C,A,95,,-2.64749
1XGR_AB_C,A,97,,-2.68565
1XGR_AB_C,B,30,,-1.45034
1XGR_AB_C,B,31,,-1.58666
1XGR_AB_C,B,32,,-2.05724
1XGR_AB_C,B,33,,-1.90847
1XGR_AB_C,B,50,,-2.5094
1XGR_AB_C,B,52,,-2.20661
1XGR_AB_C,B,53,,-2.17888
1XGR_AB_C,B,54,,-1.62436
1XGR_AB_C,B,56,,-2.032
1XGR_AB_C,B,58,,-2.26144
1XGR_AB_C,B,98,,-2.42636
1XGR_AB_C,C,15,,-1.94182
1XGR_AB_C,C,16,,-0.36599
1XGR_AB_C,C,18,,-1.43683
1XGR_AB_C,C,19,,-1.87794
1XGR_AB_C,C,20,,-0.93553
1XGR_AB_C,C,21,,-1.72186
1XGR_AB_C,C,62,,-1.62273
1XGR_AB_C,C,63,,-0.05532
1XGR_AB_C,C,73,,-2.58899
1XGR_AB_C,C,75,,-2.28786
1XGR_AB_C,C,89,,-2.03181
1XGR_AB_C,C,93,,-2.48135
1XGR_AB_C,C,96,,-0.9989
1XGR_AB_C,C,97,,-1.73609
1XGR_AB_C,C,100,,-1.65719
1XGR_AB_C,C,101,,-1.82751
1XGR_AB_C,C,102,,-1.5617
1XGT_AB_C,A,31,,-2.46816
1XGT_AB_C,A,32,,-2.38079
1XGT_AB_C,A,33,,-1.84138
1XGT_AB_C,A,51,,-2.62048
1XGT_AB_C,A,54,,-1.8591
1XGT_AB_C,A,92,,-2.69532
1XGT_AB_C,A,93,,-2.56221
1XGT_AB_C,A,94,,-2.69839
1XGT_AB_C,A,95,,-2.64749
1XGT_AB_C,A,97,,-2.68565
1XGT_AB_C,B,30,,-1.42047
1XGT_AB_C,B,31,,-1.55709
1XGT_AB_C,B,32,,-1.9722
1XGT_AB_C,B,33,,-1.9276
1XGT_AB_C,B,50,,-2.48485
1XGT_AB_C,B,52,,-2.14909
1XGT_AB_C,B,53,,-2.14795
1XGT_AB_C,B,54,,-1.58025
1XGT_AB_C,B,56,,-2.00835
1XGT_AB_C,B,58,,-2.21548
1XGT_AB_C,B,98,,-2.41476
1XGT_AB_C,B,101,,-2.63167
1XGT_AB_C,C,15,,-1.94182
1XGT_AB_C,C,16,,-0.36599
1XGT_AB_C,C,18,,-1.43683
1XGT_AB_C,C,19,,-1.87794
1XGT_AB_C,C,20,,-0.93553
1XGT_AB_C,C,21,,-1.72186
1XGT_AB_C,C,62,,-1.62273
1XGT_AB_C,C,63,,-0.05532
1XGT_AB_C,C,73,,-2.58899
1XGT_AB_C,C,75,,-2.28786
1XGT_AB_C,C,77,,-2.01374
1XGT_AB_C,C,89,,-2.03181
1XGT_AB_C,C,93,,-2.48135
1XGT_AB_C,C,96,,-0.9989
1XGT_AB_C,C,97,,-1.73609
1XGT_AB_C,C,100,,-1.65719
1XGT_AB_C,C,101,,-1.82751
1XGT_AB_C,C,102,,-1.5617
1XGU_AB_C,A,30,,-2.46093
1XGU_AB_C,A,31,,-2.36667
1XGU_AB_C,A,32,,-1.86559
1XGU_AB_C,A,50,,-2.60744
1XGU_AB_C,A,53,,-1.8509
1XGU_AB_C,A,91,,-2.69171
1XGU_AB_C,A,92,,-2.56392
1XGU_AB_C,A,93,,-2.69283
1XGU_AB_C,A,94,,-2.64763
1XGU_AB_C,A,96,,-2.68363
1XGU_AB_C,B,30,,-1.47272
1XGU_AB_C,B,31,,-1.53637
1XGU_AB_C,B,32,,-1.92961
1XGU_AB_C,B,33,,-1.9276
1XGU_AB_C,B,50,,-2.44689
1XGU_AB_C,B,52,,-2.16422
1XGU_AB_C,B,53,,-2.17573
1XGU_AB_C,B,54,,-1.6111
1XGU_AB_C,B,56,,-1.98525
1XGU_AB_C,B,58,,-2.22131
1XGU_AB_C,B,98,,-2.42271
1XGU_AB_C,C,14,,-2.13873
1XGU_AB_C,C,15,,-1.94182
1XGU_AB_C,C,16,,-0.36599
1XGU_AB_C,C,18,,-1.43683
1XGU_AB_C,C,19,,-1.87794
1XGU_AB_C,C,20,,-0.93553
1XGU_AB_C,C,21,,-1.72186
1XGU_AB_C,C,62,,-1.62273
1XGU_AB_C,C,63,,-0.05532
1XGU_AB_C,C,73,,-2.58899
1XGU_AB_C,C,75,,-2.28786
1XGU_AB_C,C,77,,-2.01374
1XGU_AB_C,C,89,,-2.03181
1XGU_AB_C,C,93,,-2.48135
1XGU_AB_C,C,96,,-0.9989
1XGU_AB_C,C,97,,-1.73609
1XGU_AB_C,C,100,,-1.65719
1XGU_AB_C,C,101,,-1.82751
1XGU_AB_C,C,102,,-1.5617
1XGU_AB_C,C,103,,-2.54332
1XXM_A_C,A,74,,-2.36277
1XXM_A_C,A,75,,-2.32623
1XXM_A_C,A,77,,-0.36661
1XXM_A_C,A,78,,-0.80338
1XXM_A_C,A,79,,-2.48939
1XXM_A_C,A,80,,-1.33008
1XXM_A_C,A,81,,-0.78226
1XXM_A_C,A,82,,-0.16017
1XXM_A_C,A,83,,-1.10382
1XXM_A_C,A,85,,-2.15532
1XXM_A_C,A,86,,-2.41604
1XXM_A_C,A,87,,-1.509
1XXM_A_C,A,89,,-2.53736
1XXM_A_C,A,104,,-2.60166
1XXM_A_C,A,105,,-0.0244
1XXM_A_C,A,142,,-0.98816
1XXM_A_C,A,143,,-1.89657
1XXM_A_C,A,190,,-2.541
1XXM_A_C,A,191,,-2.37359
1XXM_A_C,A,212,,-1.79183
1XXM_A_C,A,214,,-2.11357
1XXM_A_C,A,245,,-2.74366
1XXM_A_C,C,35,,-2.72491
1XXM_A_C,C,36,,-2.58269
1XXM_A_C,C,37,,-2.5893
1XXM_A_C,C,39,,-2.76934
1XXM_A_C,C,43,,-2.75077
1XXM_A_C,C,46,,-2.80774
1XXM_A_C,C,48,,-2.29605
1XXM_A_C,C,49,,-2.39761
1XXM_A_C,C,50,,-2.56859
1XXM_A_C,C,53,,-2.77592
1XXM_A_C,C,55,,-2.64476
1XXM_A_C,C,71,,-2.67768
1XXM_A_C,C,73,,-2.70359
1XXM_A_C,C,112,,-2.66416
1XXM_A_C,C,113,,-2.65467
1XXM_A_C,C,115,,-2.71183
1XXM_A_C,C,126,,-2.76178
1XXM_A_C,C,128,,-2.77399
1XXM_A_C,C,142,,-2.79879
1XXM_A_C,C,143,,-2.59033
1XXM_A_C,C,144,,-2.82468
1XXM_A_C,C,148,,-2.61459
1XXM_A_C,C,150,,-2.67006
1XXM_A_C,C,160,,-2.60353
1XXM_A_C,C,162,,-2.7386
1XXM_A_C,C,163,,-2.46794
1Y1K_E_I,E,64,,-0.00207
1Y1K_E_I,E,96,,-0.29185
1Y1K_E_I,E,99,,-1.65196
1Y1K_E_I,E,100,,-0.19659
1Y1K_E_I,E,101,,-1.20758
1Y1K_E_I,E,102,,-0.06011
1Y1K_E_I,E,103,,-1.90273
1Y1K_E_I,E,104,,-1.98147
1Y1K_E_I,E,107,,-0.87368
1Y1K_E_I,E,126,,-0.27548
1Y1K_E_I,E,127,,-0.14779
1Y1K_E_I,E,128,,-1.23847
1Y1K_E_I,E,129,,-2.14073
1Y1K_E_I,E,130,,-1.95197
1Y1K_E_I,E,154,,-0.01454
1Y1K_E_I,E,155,,-0.00824
1Y1K_E_I,E,156,,-1.99135
1Y1K_E_I,E,189,,-0.24545
1Y1K_E_I,E,217,,-1.9185
1Y1K_E_I,E,218,,-0.87379
1Y1K_E_I,E,221,,-0.00209
1Y1K_E_I,I,30,,-2.32054
1Y1K_E_I,I,32,,-1.7238
1Y1K_E_I,I,35,,-1.00093
1Y1K_E_I,I,36,,-1.54519
1Y1K_E_I,I,37,,-2.35013
1Y1K_E_I,I,38,,-1.96364
1Y1K_E_I,I,39,,-1.10971
1Y1K_E_I,I,40,,-2.72314
1Y1K_E_I,I,41,,-0.43029
1Y1K_E_I,I,42,,-0.83606
1Y1K_E_I,I,59,,-2.29009
1Y1K_E_I,I,62,,-2.29272
1Y33_E_I,E,62,,-1.79802
1Y33_E_I,E,64,,-0.00207
1Y33_E_I,E,96,,-0.29185
1Y33_E_I,E,99,,-1.65196
1Y33_E_I,E,100,,-0.19659
1Y33_E_I,E,101,,-1.20758
1Y33_E_I,E,102,,-0.06011
1Y33_E_I,E,103,,-1.90273
1Y33_E_I,E,104,,-1.98147
1Y33_E_I,E,107,,-0.87368
1Y33_E_I,E,126,,-0.27548
1Y33_E_I,E,127,,-0.14779
1Y33_E_I,E,128,,-1.23847
1Y33_E_I,E,129,,-2.14073
1Y33_E_I,E,130,,-1.95197
1Y33_E_I,E,154,,-0.01454
1Y33_E_I,E,155,,-0.00824
1Y33_E_I,E,156,,-1.99135
1Y33_E_I,E,189,,-0.24545
1Y33_E_I,E,217,,-1.9185
1Y33_E_I,E,218,,-0.87379
1Y33_E_I,E,221,,-0.00209
1Y33_E_I,I,32,,-1.66605
1Y33_E_I,I,35,,-1.03101
1Y33_E_I,I,36,,-1.55598
1Y33_E_I,I,37,,-2.4555
1Y33_E_I,I,38,,-1.9212
1Y33_E_I,I,39,,-1.10971
1Y33_E_I,I,40,,-2.73611
1Y33_E_I,I,41,,-0.68938
1Y33_E_I,I,42,,-0.89742
1Y33_E_I,I,43,,-1.30467
1Y33_E_I,I,59,,-2.28873
1Y33_E_I,I,62,,-2.29791
1Y34_E_I,E,64,,-0.00207
1Y34_E_I,E,96,,-0.29185
1Y34_E_I,E,99,,-1.65196
1Y34_E_I,E,100,,-0.19659
1Y34_E_I,E,101,,-1.20758
1Y34_E_I,E,102,,-0.06011
1Y34_E_I,E,103,,-1.90273
1Y34_E_I,E,104,,-1.98147
1Y34_E_I,E,107,,-0.87368
1Y34_E_I,E,126,,-0.27548
1Y34_E_I,E,127,,-0.14779
1Y34_E_I,E,128,,-1.23847
1Y34_E_I,E,129,,-2.14073
1Y34_E_I,E,130,,-1.95197
1Y34_E_I,E,154,,-0.01454
1Y34_E_I,E,155,,-0.00824
1Y34_E_I,E,156,,-1.99135
1Y34_E_I,E,189,,-0.24545
1Y34_E_I,E,218,,-0.87379
1Y34_E_I,E,221,,-0.00209
1Y34_E_I,I,30,,-2.26979
1Y34_E_I,I,32,,-1.66895
1Y34_E_I,I,35,,-0.9901
1Y34_E_I,I,36,,-1.41396
1Y34_E_I,I,37,,-2.04409
1Y34_E_I,I,38,,-1.64898
1Y34_E_I,I,39,,-1.48096
1Y34_E_I,I,40,,-2.38869
1Y34_E_I,I,41,,-0.26723
1Y34_E_I,I,42,,-0.67811
1Y34_E_I,I,59,,-2.29455
1Y34_E_I,I,62,,-2.26775
1Y3B_E_I,E,64,,-0.00207
1Y3B_E_I,E,96,,-0.29185
1Y3B_E_I,E,99,,-1.65196
1Y3B_E_I,E,100,,-0.19659
1Y3B_E_I,E,101,,-1.20758
1Y3B_E_I,E,102,,-0.06011
1Y3B_E_I,E,103,,-1.90273
1Y3B_E_I,E,104,,-1.98147
1Y3B_E_I,E,107,,-0.87368
1Y3B_E_I,E,126,,-0.27548
1Y3B_E_I,E,127,,-0.14779
1Y3B_E_I,E,128,,-1.23847
1Y3B_E_I,E,129,,-2.14073
1Y3B_E_I,E,130,,-1.95197
1Y3B_E_I,E,154,,-0.01454
1Y3B_E_I,E,155,,-0.00824
1Y3B_E_I,E,156,,-1.99135
1Y3B_E_I,E,189,,-0.24545
1Y3B_E_I,E,217,,-1.9185
1Y3B_E_I,E,218,,-0.87379
1Y3B_E_I,E,221,,-0.00209
1Y3B_E_I,I,30,,-2.29364
1Y3B_E_I,I,32,,-1.72274
1Y3B_E_I,I,35,,-1.11066
1Y3B_E_I,I,36,,-1.40292
1Y3B_E_I,I,37,,-2.13719
1Y3B_E_I,I,38,,-1.5439
1Y3B_E_I,I,39,,-1.58693
1Y3B_E_I,I,40,,-2.16037
1Y3B_E_I,I,41,,-0.29557
1Y3B_E_I,I,42,,-0.71285
1Y3B_E_I,I,59,,-2.32867
1Y3B_E_I,I,62,,-2.27251
1Y3C_E_I,E,64,,-0.00207
1Y3C_E_I,E,96,,-0.29185
1Y3C_E_I,E,99,,-1.65196
1Y3C_E_I,E,100,,-0.19659
1Y3C_E_I,E,101,,-1.20758
1Y3C_E_I,E,102,,-0.06011
1Y3C_E_I,E,103,,-1.90273
1Y3C_E_I,E,104,,-1.98147
1Y3C_E_I,E,107,,-0.87368
1Y3C_E_I,E,126,,-0.27548
1Y3C_E_I,E,127,,-0.14779
1Y3C_E_I,E,128,,-1.23847
1Y3C_E_I,E,129,,-2.14073
1Y3C_E_I,E,154,,-0.01454
1Y3C_E_I,E,155,,-0.00824
1Y3C_E_I,E,156,,-1.99135
1Y3C_E_I,E,189,,-0.24545
1Y3C_E_I,E,217,,-1.9185
1Y3C_E_I,E,218,,-0.87379
1Y3C_E_I,E,221,,-0.00209
1Y3C_E_I,I,30,,-2.32238
1Y3C_E_I,I,32,,-1.63716
1Y3C_E_I,I,35,,-1.05388
1Y3C_E_I,I,36,,-1.43889
1Y3C_E_I,I,37,,-2.21545
1Y3C_E_I,I,38,,-1.63481
1Y3C_E_I,I,39,,-1.22516
1Y3C_E_I,I,40,,-2.23901
1Y3C_E_I,I,41,,-0.54172
1Y3C_E_I,I,42,,-0.71459
1Y3C_E_I,I,59,,-2.2972
1Y3C_E_I,I,62,,-2.19976
1Y3D_E_I,E,62,,-1.79802
1Y3D_E_I,E,64,,-0.00207
1Y3D_E_I,E,96,,-0.29185
1Y3D_E_I,E,99,,-1.65196
1Y3D_E_I,E,100,,-0.19659
1Y3D_E_I,E,101,,-1.20758
1Y3D_E_I,E,102,,-0.06011
1Y3D_E_I,E,103,,-1.90273
1Y3D_E_I,E,104,,-1.98147
1Y3D_E_I,E,107,,-0.87368
1Y3D_E_I,E,126,,-0.27548
1Y3D_E_I,E,127,,-0.14779
1Y3D_E_I,E,128,,-1.23847
1Y3D_E_I,E,129,,-2.14073
1Y3D_E_I,E,130,,-1.95197
1Y3D_E_I,E,154,,-0.01454
1Y3D_E_I,E,155,,-0.00824
1Y3D_E_I,E,156,,-1.99135
1Y3D_E_I,E,189,,-0.24545
1Y3D_E_I,E,217,,-1.9185
1Y3D_E_I,E,218,,-0.87379
1Y3D_E_I,E,221,,-0.00209
1Y3D_E_I,I,30,,-2.11771
1Y3D_E_I,I,32,,-1.8466
1Y3D_E_I,I,35,,-1.07032
1Y3D_E_I,I,36,,-1.53217
1Y3D_E_I,I,37,,-2.2174
1Y3D_E_I,I,38,,-1.82459
1Y3D_E_I,I,39,,-1.56789
1Y3D_E_I,I,40,,-2.53582
1Y3D_E_I,I,41,,-0.706
1Y3D_E_I,I,42,,-0.86355
1Y3D_E_I,I,43,,-1.29777
1Y3D_E_I,I,59,,-2.38729
1Y3D_E_I,I,62,,-2.30613
1Y48_E_I,E,62,,-1.79802
1Y48_E_I,E,64,,-0.00207
1Y48_E_I,E,96,,-0.29185
1Y48_E_I,E,99,,-1.65196
1Y48_E_I,E,100,,-0.19659
1Y48_E_I,E,101,,-1.20758
1Y48_E_I,E,102,,-0.06011
1Y48_E_I,E,103,,-1.90273
1Y48_E_I,E,104,,-1.98147
1Y48_E_I,E,107,,-0.87368
1Y48_E_I,E,126,,-0.27548
1Y48_E_I,E,127,,-0.14779
1Y48_E_I,E,128,,-1.23847
1Y48_E_I,E,129,,-2.14073
1Y48_E_I,E,154,,-0.01454
1Y48_E_I,E,155,,-0.00824
1Y48_E_I,E,156,,-1.99135
1Y48_E_I,E,189,,-0.24545
1Y48_E_I,E,217,,-1.9185
1Y48_E_I,E,218,,-0.87379
1Y48_E_I,E,221,,-0.00209
1Y48_E_I,I,30,,-2.3125
1Y48_E_I,I,32,,-1.69023
1Y48_E_I,I,33,,-0.98521
1Y48_E_I,I,35,,-1.05247
1Y48_E_I,I,36,,-1.4569
1Y48_E_I,I,37,,-2.26065
1Y48_E_I,I,38,,-1.64676
1Y48_E_I,I,39,,-1.53634
1Y48_E_I,I,40,,-2.41921
1Y48_E_I,I,41,,-0.56117
1Y48_E_I,I,42,,-0.6683
1Y48_E_I,I,43,,-1.21065
1Y48_E_I,I,59,,-2.34953
1Y48_E_I,I,62,,-2.29851
1Y4A_E_I,E,64,,-0.00217
1Y4A_E_I,E,96,,-0.2933
1Y4A_E_I,E,99,,-1.66758
1Y4A_E_I,E,100,,-0.21044
1Y4A_E_I,E,101,,-1.23826
1Y4A_E_I,E,102,,-0.06161
1Y4A_E_I,E,103,,-1.9208
1Y4A_E_I,E,104,,-2.02755
1Y4A_E_I,E,107,,-0.88038
1Y4A_E_I,E,126,,-0.29332
1Y4A_E_I,E,127,,-0.15239
1Y4A_E_I,E,128,,-1.29496
1Y4A_E_I,E,129,,-2.15768
1Y4A_E_I,E,130,,-1.96233
1Y4A_E_I,E,152,,-0.26603
1Y4A_E_I,E,154,,-0.01586
1Y4A_E_I,E,155,,-0.00841
1Y4A_E_I,E,156,,-2.0075
1Y4A_E_I,E,158,,-2.54197
1Y4A_E_I,E,159,,-2.38206
1Y4A_E_I,E,166,,-2.57715
1Y4A_E_I,E,189,,-0.23277
1Y4A_E_I,E,217,,-1.9212
1Y4A_E_I,E,218,,-0.90943
1Y4A_E_I,E,221,,-0.00214
1Y4A_E_I,I,3,,-2.17332
1Y4A_E_I,I,29,,-2.31234
1Y4A_E_I,I,31,,-1.72512
1Y4A_E_I,I,33,,-2.19805
1Y4A_E_I,I,34,,-1.0833
1Y4A_E_I,I,35,,-1.45619
1Y4A_E_I,I,36,,-2.28568
1Y4A_E_I,I,37,,-1.66228
1Y4A_E_I,I,38,,-2.06769
1Y4A_E_I,I,39,,-2.16037
1Y4A_E_I,I,40,,-0.36102
1Y4A_E_I,I,41,,-0.84218
1Y4A_E_I,I,42,,-1.64896
1Y4A_E_I,I,49,,-1.96269
1Y4A_E_I,I,58,,-2.38382
1Y4A_E_I,I,61,,-2.33249
1YCS_A_B,A,72,,-1.37999
1YCS_A_B,A,82,,-2.71919
1YCS_A_B,A,83,,-1.32415
1YCS_A_B,A,85,,-2.7696
1YCS_A_B,A,86,,-2.52926
1YCS_A_B,A,87,,-2.73964
1YCS_A_B,A,143,,-1.98861
1YCS_A_B,A,145,,-0.6134
1YCS_A_B,A,146,,-0.0074
1YCS_A_B,A,147,,-1.56292
1YCS_A_B,A,151,,-0.94905
1YCS_A_B,A,152,,-0.05232
1YCS_A_B,A,153,,-0.4641
1YCS_A_B,A,177,,-0.69459
1YCS_A_B,A,184,,-0.05376
1YCS_A_B,B,96,,-2.26124
1YCS_A_B,B,98,,-2.67589
1YCS_A_B,B,99,,-2.50889
1YCS_A_B,B,101,,-2.50077
1YCS_A_B,B,146,,-2.35158
1YCS_A_B,B,147,,-2.75971
1YCS_A_B,B,149,,-1.40877
1YCS_A_B,B,166,,-2.5829
1YCS_A_B,B,167,,-2.13745
1YCS_A_B,B,168,,-2.19219
1YCS_A_B,B,169,,-1.6376
1YCS_A_B,B,171,,-1.58621
1YCS_A_B,B,172,,-0.50044
1YCS_A_B,B,185,,-0.27136
1YCS_A_B,B,187,,-2.3238
1YCS_A_B,B,188,,-0.77436
1YQV_HL_Y,H,31,,-1.07478
1YQV_HL_Y,H,33,,-1.96244
1YQV_HL_Y,H,50,,-2.64861
1YQV_HL_Y,H,52,,-2.11559
1YQV_HL_Y,H,55,,-1.50844
1YQV_HL_Y,H,56,,-1.97892
1YQV_HL_Y,H,57,,-2.29723
1YQV_HL_Y,H,59,,-2.44937
1YQV_HL_Y,H,99,,-2.64661
1YQV_HL_Y,H,100,,-2.71494
1YQV_HL_Y,H,101,,-2.47513
1YQV_HL_Y,L,31,,-2.35783
1YQV_HL_Y,L,32,,-2.00698
1YQV_HL_Y,L,91,,-2.68447
1YQV_HL_Y,L,92,,-2.4788
1YQV_HL_Y,L,93,,-2.50018
1YQV_HL_Y,Y,41,,-2.22868
1YQV_HL_Y,Y,43,,-2.27257
1YQV_HL_Y,Y,44,,-1.45523
1YQV_HL_Y,Y,45,,-2.53694
1YQV_HL_Y,Y,46,,-0.30967
1YQV_HL_Y,Y,47,,-2.21278
1YQV_HL_Y,Y,48,,-0.4922
1YQV_HL_Y,Y,49,,-0.62621
1YQV_HL_Y,Y,53,,-1.00915
1YQV_HL_Y,Y,66,,-0.71587
1YQV_HL_Y,Y,67,,-1.34417
1YQV_HL_Y,Y,68,,-1.55664
1YQV_HL_Y,Y,69,,-1.1425
1YQV_HL_Y,Y,70,,-0.50271
1YQV_HL_Y,Y,81,,-2.12484
1YQV_HL_Y,Y,84,,-1.84535
1YY9_CD_A,A,348,,-2.44274
1YY9_CD_A,A,352,,-2.6196
1YY9_CD_A,A,383,,-2.66632
1YY9_CD_A,A,408,,-2.80186
1YY9_CD_A,A,410,,-2.83168
1YY9_CD_A,A,411,,-1.5054
1YY9_CD_A,A,416,,-2.01335
1YY9_CD_A,A,417,,-1.98419
1YY9_CD_A,A,437,,-2.30956
1YY9_CD_A,A,439,,-2.44455
1YY9_CD_A,A,440,,-2.23425
1YY9_CD_A,A,442,,-2.4826
1YY9_CD_A,A,464,,-2.40402
1YY9_CD_A,A,465,,-1.77074
1YY9_CD_A,A,466,,-2.39539
1YY9_CD_A,A,467,,-1.72009
1YY9_CD_A,A,468,,-0.36118
1YY9_CD_A,A,470,,-0.9886
1YY9_CD_A,A,471,,-2.05012
1YY9_CD_A,A,472,,-2.07049
1YY9_CD_A,C,27,,-2.23926
1YY9_CD_A,C,32,,-2.16213
1YY9_CD_A,C,50,,-2.59507
1YY9_CD_A,C,91,,-2.66413
1YY9_CD_A,C,92,,-2.72539
1YY9_CD_A,C,93,,-2.7538
1YY9_CD_A,C,94,,-2.69141
1YY9_CD_A,D,31,,-1.41579
1YY9_CD_A,D,52,,-2.27971
1YY9_CD_A,D,53,,-2.4066
1YY9_CD_A,D,54,,-1.96843
1YY9_CD_A,D,55,,-1.64451
1YY9_CD_A,D,56,,-2.04008
1YY9_CD_A,D,58,,-1.69336
1YY9_CD_A,D,100,,-2.74327
1YY9_CD_A,D,101,,-2.65275
1YY9_CD_A,D,102,,-2.68079
1YY9_CD_A,D,103,,-2.58743
1YY9_CD_A,D,104,,-2.5839
1Z7X_W_X,W,10,,-2.3379
1Z7X_W_X,W,11,,-2.38008
1Z7X_W_X,W,35,,-2.76227
1Z7X_W_X,W,36,,-2.54793
1Z7X_W_X,W,63,,-2.21615
1Z7X_W_X,W,93,,-2.50493
1Z7X_W_X,W,261,,-2.68722
1Z7X_W_X,W,263,,-2.67724
1Z7X_W_X,W,264,,-2.38477
1Z7X_W_X,W,287,,-2.42893
1Z7X_W_X,W,291,,-2.58671
1Z7X_W_X,W,292,,-2.63916
1Z7X_W_X,W,318,,-2.73338
1Z7X_W_X,W,320,,-2.52378
1Z7X_W_X,W,321,,-2.24036
1Z7X_W_X,W,375,,-2.57036
1Z7X_W_X,W,377,,-2.74151
1Z7X_W_X,W,401,,-2.40928
1Z7X_W_X,W,405,,-1.87131
1Z7X_W_X,W,406,,-2.71277
1Z7X_W_X,W,408,,-2.714
1Z7X_W_X,W,409,,-1.08179
1Z7X_W_X,W,410,,-2.12086
1Z7X_W_X,W,430,,-2.4043
1Z7X_W_X,W,432,,-2.80238
1Z7X_W_X,W,434,,-2.62516
1Z7X_W_X,W,435,,-2.16624
1Z7X_W_X,W,436,,-1.4192
1Z7X_W_X,W,437,,-2.66406
1Z7X_W_X,W,438,,-2.2181
1Z7X_W_X,W,439,,-1.80748
1Z7X_W_X,W,440,,-2.49714
1Z7X_W_X,W,443,,-2.59763
1Z7X_W_X,W,447,,-2.36785
1Z7X_W_X,W,457,,-2.58919
1Z7X_W_X,W,459,,-2.76688
1Z7X_W_X,W,460,,-2.71397
1Z7X_W_X,X,1,,-0.86276
1Z7X_W_X,X,3,,-2.89552
1Z7X_W_X,X,6,,-2.82692
1Z7X_W_X,X,10,,-2.85629
1Z7X_W_X,X,23,,-2.63446
1Z7X_W_X,X,30,,-2.83065
1Z7X_W_X,X,31,,-2.94581
1Z7X_W_X,X,36,,-2.84868
1Z7X_W_X,X,37,,-2.93914
1Z7X_W_X,X,38,,-2.92447
1Z7X_W_X,X,40,,-2.90557
1Z7X_W_X,X,41,,-2.93169
1Z7X_W_X,X,42,,-2.79942
1Z7X_W_X,X,65,,-2.90283
1Z7X_W_X,X,66,,-2.8938
1Z7X_W_X,X,68,,-2.90724
1Z7X_W_X,X,70,,-2.90028
1Z7X_W_X,X,85,,-2.95385
1Z7X_W_X,X,86,,-2.84507
1Z7X_W_X,X,87,,-2.85602
1Z7X_W_X,X,88,,-2.85737
1Z7X_W_X,X,89,,-2.80577
1Z7X_W_X,X,90,,-2.92783
1Z7X_W_X,X,108,,-2.79345
1Z7X_W_X,X,110,,-2.81304
1Z7X_W_X,X,117,,-2.91235
1Z7X_W_X,X,118,,-2.87012
2A9K_A_B,A,9,,-0.00428
2A9K_A_B,A,10,,-2.20905
2A9K_A_B,A,11,,-0.91587
2A9K_A_B,A,12,,-0.8619
2A9K_A_B,A,34,,-0.55827
2A9K_A_B,A,59,,-0.04345
2A9K_A_B,A,60,,-1.09053
2A9K_A_B,A,61,,-1.08887
2A9K_A_B,A,62,,-1.0054
2A9K_A_B,A,63,,-0.77181
2A9K_A_B,A,64,,-1.5929
2A9K_A_B,A,67,,-0.23271
2A9K_A_B,A,85,,-1.16887
2A9K_A_B,A,87,,-2.26963
2A9K_A_B,A,90,,-2.4782
2A9K_A_B,A,91,,-2.12913
2A9K_A_B,A,94,,-2.41421
2A9K_A_B,A,95,,-1.22779
2A9K_A_B,A,98,,-1.13457
2A9K_A_B,B,45,,-2.33662
2A9K_A_B,B,48,,-2.50539
2A9K_A_B,B,49,,-2.08726
2A9K_A_B,B,50,,-2.75823
2A9K_A_B,B,51,,-2.74562
2A9K_A_B,B,52,,-2.73347
2A9K_A_B,B,53,,-2.76605
2A9K_A_B,B,54,,-2.46538
2A9K_A_B,B,55,,-2.49968
2A9K_A_B,B,56,,-2.34967
2A9K_A_B,B,57,,-2.07838
2A9K_A_B,B,58,,-2.42482
2A9K_A_B,B,61,,-2.55282
2A9K_A_B,B,65,,-2.68327
2A9K_A_B,B,176,,-1.78432
2A9K_A_B,B,203,,-2.66946
2A9K_A_B,B,204,,-2.76003
2A9K_A_B,B,206,,-2.60559
2ABZ_B_E,B,69,,-0.03146
2ABZ_B_E,B,125,,-0.02408
2ABZ_B_E,B,150,,-2.48472
2ABZ_B_E,B,151,,-0.30694
2ABZ_B_E,B,158,,-0.73187
2ABZ_B_E,B,159,,-1.82042
2ABZ_B_E,B,160,,-1.30518
2ABZ_B_E,B,194,,-0.24123
2ABZ_B_E,B,195,,-0.96461
2ABZ_B_E,B,235,,-2.11305
2ABZ_B_E,B,240,,-1.297
2ABZ_B_E,B,241,,-1.92543
2ABZ_B_E,B,242,,-1.46656
2ABZ_B_E,B,243,,-0.82945
2ABZ_B_E,B,244,,-0.12227
2ABZ_B_E,B,245,,-1.40167
2ABZ_B_E,B,266,,-0.02205
2ABZ_B_E,B,275,,-0.14223
2ABZ_B_E,E,5,,-2.90688
2ABZ_B_E,E,7,,-2.88127
2ABZ_B_E,E,9,,-2.88884
2ABZ_B_E,E,10,,-2.85797
2ABZ_B_E,E,12,,-2.87939
2ABZ_B_E,E,30,,-2.83778
2ABZ_B_E,E,32,,-2.87178
2ABZ_B_E,E,33,,-2.78053
2ABZ_B_E,E,35,,-2.88335
2ABZ_B_E,E,36,,-2.7282
2ABZ_B_E,E,37,,-2.79096
2ABZ_B_E,E,39,,-2.78415
2ABZ_B_E,E,57,,-2.88343
2ABZ_B_E,E,58,,-2.89819
2ABZ_B_E,E,59,,-2.86516
2ABZ_B_E,E,60,,-2.88369
2AJF_A_E,A,1,,-0.57529
2AJF_A_E,A,6,,-2.49438
2AJF_A_E,A,9,,-2.65526
2AJF_A_E,A,12,,-2.38786
2AJF_A_E,A,13,,-2.53206
2AJF_A_E,A,16,,-2.4699
2AJF_A_E,A,19,,-2.59553
2AJF_A_E,A,20,,-2.5758
2AJF_A_E,A,23,,-2.40573
2AJF_A_E,A,24,,-2.62086
2AJF_A_E,A,27,,-2.14573
2AJF_A_E,A,61,,-2.48939
2AJF_A_E,A,64,,-2.43627
2AJF_A_E,A,65,,-2.27726
2AJF_A_E,A,307,,-2.38288
2AJF_A_E,A,308,,-2.46123
2AJF_A_E,A,311,,-2.09524
2AJF_A_E,A,312,,-1.46306
2AJF_A_E,A,335,,-2.52919
2AJF_A_E,A,336,,-2.14406
2AJF_A_E,A,337,,-0.27333
2AJF_A_E,E,98,,-2.82819
2AJF_A_E,E,108,,-2.87009
2AJF_A_E,E,112,,-2.90756
2AJF_A_E,E,114,,-2.89021
2AJF_A_E,E,115,,-2.88886
2AJF_A_E,E,134,,-2.88307
2AJF_A_E,E,135,,-2.80704
2AJF_A_E,E,144,,-2.78551
2AJF_A_E,E,145,,-2.84679
2AJF_A_E,E,147,,-2.84031
2AJF_A_E,E,151,,-2.89941
2AJF_A_E,E,154,,-2.91189
2AJF_A_E,E,156,,-2.90001
2AJF_A_E,E,158,,-2.89067
2AJF_A_E,E,159,,-2.88233
2AJF_A_E,E,160,,-2.88271
2AJF_A_E,E,161,,-2.88659
2AJF_A_E,E,163,,-2.90059
2AK4_ABC_DE,A,62,,-2.01524
2AK4_ABC_DE,A,65,,-2.27293
2AK4_ABC_DE,A,69,,-2.79502
2AK4_ABC_DE,A,150,,-2.09621
2AK4_ABC_DE,A,151,,-2.30497
2AK4_ABC_DE,A,154,,-2.45648
2AK4_ABC_DE,A,155,,-2.45421
2AK4_ABC_DE,A,157,,-0.86264
2AK4_ABC_DE,A,158,,-2.69399
2AK4_ABC_DE,A,161,,-1.48582
2AK4_ABC_DE,A,162,,-2.4643
2AK4_ABC_DE,A,163,,-1.40249
2AK4_ABC_DE,A,166,,-2.21308
2AK4_ABC_DE,C,4,,-2.89338
2AK4_ABC_DE,C,5,,-2.85813
2AK4_ABC_DE,C,6,,-2.88173
2AK4_ABC_DE,C,7,,-2.86913
2AK4_ABC_DE,C,8,,-2.84718
2AK4_ABC_DE,C,9,,-2.90234
2AK4_ABC_DE,D,29,,-2.52426
2AK4_ABC_DE,D,30,,-2.46328
2AK4_ABC_DE,D,51,,-2.70783
2AK4_ABC_DE,D,53,,-2.66574
2AK4_ABC_DE,D,96,,-2.82141
2AK4_ABC_DE,D,97,,-2.83432
2AK4_ABC_DE,D,98,,-2.84937
2AK4_ABC_DE,D,99,,-2.69396
2AK4_ABC_DE,E,25,,-2.40778
2AK4_ABC_DE,E,26,,-1.88369
2AK4_ABC_DE,E,27,,-0.69408
2AK4_ABC_DE,E,28,,-1.66647
2AK4_ABC_DE,E,29,,-2.30637
2AK4_ABC_DE,E,49,,-2.70521
2AK4_ABC_DE,E,92,,-1.21696
2AK4_ABC_DE,E,93,,-2.80926
2AK4_ABC_DE,E,94,,-2.84274
2AK4_ABC_DE,E,97,,-2.80435
2AW2_A_B,A,2,,-2.70214
2AW2_A_B,A,4,,-2.50518
2AW2_A_B,A,5,,-2.7292
2AW2_A_B,A,6,,-2.74243
2AW2_A_B,A,8,,-2.32846
2AW2_A_B,A,9,,-2.43114
2AW2_A_B,A,41,,-2.55029
2AW2_A_B,A,43,,-2.40702
2AW2_A_B,A,44,,-2.31806
2AW2_A_B,A,46,,-2.63057
2AW2_A_B,A,79,,-2.23934
2AW2_A_B,A,81,,-2.41572
2AW2_A_B,A,85,,-2.71607
2AW2_A_B,A,88,,-1.95673
2AW2_A_B,A,89,,-1.95006
2AW2_A_B,A,90,,-2.76081
2AW2_A_B,A,91,,-2.55687
2AW2_A_B,A,92,,-2.68698
2AW2_A_B,A,94,,-2.72919
2AW2_A_B,A,95,,-2.61745
2AW2_A_B,B,4,,-2.24288
2AW2_A_B,B,5,,-2.2976
2AW2_A_B,B,6,,-2.36071
2AW2_A_B,B,7,,-0.63391
2AW2_A_B,B,13,,-1.11202
2AW2_A_B,B,14,,-0.00736
2AW2_A_B,B,16,,-0.56875
2AW2_A_B,B,17,,-1.36474
2AW2_A_B,B,19,,-2.0384
2AW2_A_B,B,22,,-2.34339
2AW2_A_B,B,25,,-1.5303
2AW2_A_B,B,26,,-2.21996
2AW2_A_B,B,29,,-1.31147
2AW2_A_B,B,30,,-2.40741
2AW2_A_B,B,31,,-2.3941
2AW2_A_B,B,32,,-1.9579
2AW2_A_B,B,33,,-1.99798
2AW2_A_B,B,34,,-0.08095
2AW2_A_B,B,35,,-1.54023
2AW2_A_B,B,36,,-0.00864
2AW2_A_B,B,38,,-0.67572
2AW2_A_B,B,48,,-1.53533
2B0U_AB_C,A,25,,-0.11751
2B0U_AB_C,A,28,,-0.23711
2B0U_AB_C,A,93,,-0.38067
2B0U_AB_C,A,95,,-1.20936
2B0U_AB_C,A,96,,-2.49466
2B0U_AB_C,A,103,,-1.84391
2B0U_AB_C,A,105,,-1.15561
2B0U_AB_C,B,1,,-2.41193
2B0U_AB_C,B,2,,-2.76004
2B0U_AB_C,B,8,,-2.57781
2B0U_AB_C,B,10,,-2.36876
2B0U_AB_C,B,27,,-1.44479
2B0U_AB_C,B,28,,-0.23711
2B0U_AB_C,B,30,,-0.6491
2B0U_AB_C,B,31,,-1.89224
2B0U_AB_C,B,32,,-0.02632
2B0U_AB_C,B,34,,-0.44058
2B0U_AB_C,B,36,,-2.65191
2B0U_AB_C,B,47,,-2.46209
2B0U_AB_C,B,48,,-2.75268
2B0U_AB_C,B,50,,-2.738
2B0U_AB_C,B,51,,-2.80466
2B0U_AB_C,B,52,,-2.81444
2B0U_AB_C,B,53,,-2.78416
2B0U_AB_C,B,58,,-1.27875
2B0U_AB_C,B,61,,-1.95068
2B0U_AB_C,B,65,,-2.02329
2B0U_AB_C,B,87,,-1.65473
2B0U_AB_C,B,89,,-1.20535
2B0U_AB_C,B,92,,-0.29575
2B0U_AB_C,B,94,,-1.13705
2B0U_AB_C,B,96,,-2.49466
2B0U_AB_C,B,97,,-2.03702
2B0U_AB_C,B,98,,-1.94347
2B0U_AB_C,B,99,,-1.66339
2B0U_AB_C,B,100,,-0.75545
2B0U_AB_C,B,101,,-0.83308
2B0U_AB_C,B,102,,-1.75355
2B0U_AB_C,C,14,,-2.38683
2B0U_AB_C,C,15,,-2.77335
2B0U_AB_C,C,16,,-2.81284
2B0U_AB_C,C,17,,-2.87015
2B0U_AB_C,C,44,,-2.90153
2B0U_AB_C,C,47,,-2.84598
2B0U_AB_C,C,48,,-2.92755
2B0U_AB_C,C,50,,-2.93485
2B0U_AB_C,C,51,,-2.94349
2B0U_AB_C,C,52,,-2.8456
2B0U_AB_C,C,53,,-2.93368
2B0U_AB_C,C,104,,-0.88678
2B0U_AB_C,C,122,,-2.63713
2B0U_AB_C,C,124,,-2.19135
2B0U_AB_C,C,125,,-2.61033
2B0U_AB_C,C,150,,-2.30509
2B0U_AB_C,C,152,,-0.85858
2B0U_AB_C,C,153,,-2.41303
2B0U_AB_C,C,158,,-1.86128
2B0U_AB_C,C,160,,-2.42045
2B0U_AB_C,C,187,,-2.01545
2B0U_AB_C,C,190,,-1.24343
2B0U_AB_C,C,191,,-2.18422
2B0U_AB_C,C,194,,-1.90255
2B0U_AB_C,C,195,,-0.01353
2B0U_AB_C,C,200,,-2.50812
2B0U_AB_C,C,202,,-2.5384
2B0U_AB_C,C,203,,-1.52991
2B0Z_A_B,A,120,,-0.29862
2B0Z_A_B,A,193,,-2.84614
2B0Z_A_B,A,194,,-2.27892
2B0Z_A_B,A,197,,-2.44062
2B0Z_A_B,A,199,,-1.20453
2B0Z_A_B,A,200,,-0.38959
2B0Z_A_B,A,201,,-1.96248
2B0Z_A_B,A,204,,-2.42227
2B0Z_A_B,A,205,,-2.48846
2B0Z_A_B,A,208,,-2.0822
2B0Z_A_B,A,209,,-2.61523
2B0Z_A_B,A,227,,-1.1614
2B0Z_A_B,A,229,,-1.86262
2B0Z_A_B,A,255,,-1.03089
2B0Z_A_B,B,59,,-2.16313
2B0Z_A_B,B,75,,-2.05953
2B0Z_A_B,B,77,,-1.87199
2B0Z_A_B,B,78,,-1.75949
2B0Z_A_B,B,81,,-1.65051
2B0Z_A_B,B,82,,-1.01845
2B0Z_A_B,B,84,,-1.65322
2B0Z_A_B,B,86,,-2.49265
2B0Z_A_B,B,88,,-2.14906
2B10_A_B,A,31,,-2.67866
2B10_A_B,A,32,,-2.65955
2B10_A_B,A,34,,-2.74724
2B10_A_B,A,35,,-2.75317
2B10_A_B,A,38,,-2.61843
2B10_A_B,A,39,,-2.61225
2B10_A_B,A,120,,-0.29862
2B10_A_B,A,193,,-2.84614
2B10_A_B,A,194,,-2.27892
2B10_A_B,A,195,,-1.85789
2B10_A_B,A,196,,-2.45419
2B10_A_B,A,197,,-2.44062
2B10_A_B,A,199,,-1.20453
2B10_A_B,A,227,,-1.1614
2B10_A_B,A,229,,-1.86262
2B10_A_B,A,290,,-2.51467
2B10_A_B,B,14,,-1.94364
2B10_A_B,B,17,,-2.22961
2B10_A_B,B,18,,-2.3431
2B10_A_B,B,21,,-2.1078
2B10_A_B,B,32,,-1.67888
2B10_A_B,B,33,,-2.2384
2B10_A_B,B,75,,-2.05944
2B10_A_B,B,77,,-1.88237
2B10_A_B,B,78,,-1.75989
2B10_A_B,B,86,,-2.53247
2B10_A_B,B,87,,-1.03305
2B10_A_B,B,88,,-2.39089
2B10_A_B,B,91,,-1.85874
2B10_A_B,B,92,,-1.76288
2B10_A_B,B,95,,-1.25899
2B11_A_B,A,31,,-2.67866
2B11_A_B,A,32,,-2.65955
2B11_A_B,A,34,,-2.74724
2B11_A_B,A,38,,-2.61843
2B11_A_B,A,39,,-2.61225
2B11_A_B,A,120,,-0.29862
2B11_A_B,A,193,,-2.84614
2B11_A_B,A,194,,-2.27892
2B11_A_B,A,195,,-1.85789
2B11_A_B,A,196,,-2.45419
2B11_A_B,A,197,,-2.44062
2B11_A_B,A,199,,-1.20453
2B11_A_B,A,229,,-1.86262
2B11_A_B,A,290,,-2.51467
2B11_A_B,B,14,,-1.86048
2B11_A_B,B,17,,-2.29886
2B11_A_B,B,18,,-2.24452
2B11_A_B,B,21,,-2.07395
2B11_A_B,B,22,,-0.01239
2B11_A_B,B,33,,-2.22198
2B11_A_B,B,75,,-2.07785
2B11_A_B,B,77,,-1.80368
2B11_A_B,B,78,,-1.76475
2B11_A_B,B,86,,-2.55112
2B11_A_B,B,87,,-1.03305
2B11_A_B,B,88,,-2.15371
2B11_A_B,B,91,,-1.73961
2B11_A_B,B,92,,-1.69277
2B11_A_B,B,95,,-1.23245
2B12_A_B,A,193,,-2.84614
2B12_A_B,A,194,,-2.27892
2B12_A_B,A,195,,-1.85789
2B12_A_B,A,197,,-2.44062
2B12_A_B,A,199,,-1.20453
2B12_A_B,A,201,,-1.96248
2B12_A_B,A,204,,-2.42227
2B12_A_B,A,205,,-2.48846
2B12_A_B,A,208,,-2.0822
2B12_A_B,A,227,,-1.1614
2B12_A_B,A,229,,-1.86262
2B12_A_B,A,255,,-1.03089
2B12_A_B,B,56,,-2.41493
2B12_A_B,B,75,,-2.06779
2B12_A_B,B,77,,-1.82552
2B12_A_B,B,78,,-1.75556
2B12_A_B,B,81,,-1.69459
2B12_A_B,B,82,,-1.02647
2B12_A_B,B,84,,-1.71226
2B12_A_B,B,86,,-2.53236
2B12_A_B,B,88,,-2.21513
2B2X_HL_A,A,12,,-0.72979
2B2X_HL_A,A,13,,-0.04754
2B2X_HL_A,A,15,,-1.28611
2B2X_HL_A,A,16,,-1.10451
2B2X_HL_A,A,47,,-2.38323
2B2X_HL_A,A,73,,-2.15899
2B2X_HL_A,A,74,,-2.03666
2B2X_HL_A,A,75,,-1.44281
2B2X_HL_A,A,76,,-0.7323
2B2X_HL_A,A,77,,-2.43078
2B2X_HL_A,A,78,,-2.44608
2B2X_HL_A,A,114,,-1.22321
2B2X_HL_A,A,116,,-2.28229
2B2X_HL_A,A,118,,-2.50992
2B2X_HL_A,A,119,,-2.79347
2B2X_HL_A,A,143,,-2.50269
2B2X_HL_A,A,146,,-2.73182
2B2X_HL_A,A,147,,-2.65247
2B2X_HL_A,H,30,,-1.30936
2B2X_HL_A,H,31,,-1.54136
2B2X_HL_A,H,33,,-2.0675
2B2X_HL_A,H,52,,-2.25368
2B2X_HL_A,H,53,,-2.17234
2B2X_HL_A,H,54,,-1.88197
2B2X_HL_A,H,56,,-2.07237
2B2X_HL_A,H,58,,-1.49991
2B2X_HL_A,H,99,,-2.58905
2B2X_HL_A,H,100,,-2.41589
2B2X_HL_A,H,101,,-2.23795
2B2X_HL_A,L,28,,-1.87868
2B2X_HL_A,L,30,,-2.46395
2B2X_HL_A,L,31,,-1.92996
2B2X_HL_A,L,48,,-2.54573
2B2X_HL_A,L,49,,-2.50203
2B2X_HL_A,L,52,,-2.02266
2B2X_HL_A,L,90,,-2.67545
2B2X_HL_A,L,91,,-2.71763
2B2X_HL_A,L,93,,-2.61154
2B2X_HL_A,L,95,,-2.78377
2B42_A_B,A,156,,-2.43519
2B42_A_B,A,157,,-2.50279
2B42_A_B,A,158,,-2.48971
2B42_A_B,A,172,,-2.51439
2B42_A_B,A,173,,-2.40412
2B42_A_B,A,174,,-2.54607
2B42_A_B,A,176,,-2.3333
2B42_A_B,A,177,,-2.39357
2B42_A_B,A,179,,-2.50307
2B42_A_B,A,273,,-2.50985
2B42_A_B,A,274,,-2.54353
2B42_A_B,A,275,,-2.66379
2B42_A_B,A,276,,-2.45572
2B42_A_B,A,277,,-2.57317
2B42_A_B,A,278,,-2.07634
2B42_A_B,A,282,,-2.32691
2B42_A_B,A,284,,-1.2283
2B42_A_B,A,290,,-1.05592
2B42_A_B,A,294,,-2.47108
2B42_A_B,A,296,,-2.44312
2B42_A_B,A,298,,-2.47948
2B42_A_B,A,303,,-2.48515
2B42_A_B,A,354,,-2.46542
2B42_A_B,A,356,,-2.56815
2B42_A_B,A,357,,-2.43587
2B42_A_B,A,358,,-2.58821
2B42_A_B,A,359,,-2.53337
2B42_A_B,A,360,,-2.56203
2B42_A_B,A,362,,-2.48963
2B42_A_B,A,363,,-2.54713
2B42_A_B,B,8,,-2.84386
2B42_A_B,B,9,,-2.79871
2B42_A_B,B,10,,-2.7017
2B42_A_B,B,11,,-2.82425
2B42_A_B,B,12,,-2.61017
2B42_A_B,B,31,,-2.70129
2B42_A_B,B,33,,-2.76128
2B42_A_B,B,34,,-2.79502
2B42_A_B,B,36,,-2.78025
2B42_A_B,B,64,,-2.51369
2B42_A_B,B,68,,-2.51416
2B42_A_B,B,77,,-2.7711
2B42_A_B,B,79,,-2.86903
2B42_A_B,B,87,,-2.81523
2B42_A_B,B,111,,-2.73799
2B42_A_B,B,112,,-2.8351
2B42_A_B,B,113,,-2.80332
2B42_A_B,B,115,,-2.78638
2B42_A_B,B,116,,-2.82602
2B42_A_B,B,117,,-2.77049
2B42_A_B,B,119,,-2.82488
2B42_A_B,B,120,,-2.73093
2B42_A_B,B,121,,-2.77251
2B42_A_B,B,126,,-2.69659
2B42_A_B,B,128,,-2.75679
2B42_A_B,B,171,,-2.71733
2B42_A_B,B,173,,-2.68989
2B42_A_B,B,174,,-2.74333
2BDN_HL_A,A,27,,-1.92943
2BDN_HL_A,A,29,,-2.0739
2BDN_HL_A,A,30,,-2.03386
2BDN_HL_A,A,31,,-2.67342
2BDN_HL_A,A,34,,-2.04587
2BDN_HL_A,A,35,,-2.34155
2BDN_HL_A,A,36,,-1.91765
2BDN_HL_A,A,52,,-0.31495
2BDN_HL_A,A,53,,-2.14199
2BDN_HL_A,A,58,,-1.77813
2BDN_HL_A,A,61,,-1.32365
2BDN_HL_A,A,62,,-2.18781
2BDN_HL_A,A,65,,-1.39638
2BDN_HL_A,A,66,,-2.45329
2BDN_HL_A,H,1,,-2.17851
2BDN_HL_A,H,2,,-2.27982
2BDN_HL_A,H,31,,-1.83518
2BDN_HL_A,H,33,,-2.36675
2BDN_HL_A,H,52,,-1.98666
2BDN_HL_A,H,98,,-1.40483
2BDN_HL_A,H,100,,-2.66581
2BDN_HL_A,H,101,,-2.59413
2BDN_HL_A,H,103,,-2.8105
2BDN_HL_A,H,105,,-2.45996
2BDN_HL_A,H,106,,-2.15743
2BDN_HL_A,L,30,,-2.66466
2BDN_HL_A,L,32,,-1.93598
2BDN_HL_A,L,50,,-2.50833
2BDN_HL_A,L,55,,-2.29292
2BDN_HL_A,L,92,,-2.66871
2BNQ_ABC_DE,A,62,,-2.51215
2BNQ_ABC_DE,A,65,,-2.34252
2BNQ_ABC_DE,A,66,,-1.64095
2BNQ_ABC_DE,A,68,,-2.45945
2BNQ_ABC_DE,A,69,,-2.5338
2BNQ_ABC_DE,A,72,,-2.43664
2BNQ_ABC_DE,A,73,,-2.5804
2BNQ_ABC_DE,A,75,,-2.54185
2BNQ_ABC_DE,A,76,,-2.57618
2BNQ_ABC_DE,A,146,,-1.75231
2BNQ_ABC_DE,A,150,,-2.12488
2BNQ_ABC_DE,A,151,,-2.3073
2BNQ_ABC_DE,A,154,,-2.39531
2BNQ_ABC_DE,A,155,,-2.62344
2BNQ_ABC_DE,A,163,,-1.86841
2BNQ_ABC_DE,D,30,,-2.60236
2BNQ_ABC_DE,D,50,,-2.61167
2BNQ_ABC_DE,D,51,,-2.45415
2BNQ_ABC_DE,D,52,,-2.30674
2BNQ_ABC_DE,D,53,,-2.58401
2BNQ_ABC_DE,D,93,,-2.82109
2BNQ_ABC_DE,D,94,,-2.54046
2BNQ_ABC_DE,D,95,,-2.66107
2BNQ_ABC_DE,D,96,,-2.54161
2BNQ_ABC_DE,D,97,,-2.69572
2BNQ_ABC_DE,D,98,,-2.77459
2BNQ_ABC_DE,D,99,,-2.81147
2BNQ_ABC_DE,E,26,,-2.03499
2BNQ_ABC_DE,E,28,,-1.68335
2BNQ_ABC_DE,E,48,,-2.6367
2BNQ_ABC_DE,E,49,,-2.53979
2BNQ_ABC_DE,E,50,,-2.52634
2BNQ_ABC_DE,E,51,,-2.49338
2BNQ_ABC_DE,E,52,,-2.70986
2BNQ_ABC_DE,E,54,,-2.38737
2BNQ_ABC_DE,E,69,,-2.58415
2BNQ_ABC_DE,E,93,,-2.80757
2BNQ_ABC_DE,E,94,,-2.56893
2BNQ_ABC_DE,E,95,,-2.77796
2BNQ_ABC_DE,E,96,,-2.88347
2BNQ_ABC_DE,E,97,,-2.79313
2BNR_ABC_DE,A,43,,-2.23405
2BNR_ABC_DE,A,62,,-2.51215
2BNR_ABC_DE,A,65,,-2.34252
2BNR_ABC_DE,A,66,,-1.64095
2BNR_ABC_DE,A,68,,-2.45945
2BNR_ABC_DE,A,69,,-2.5338
2BNR_ABC_DE,A,72,,-2.43664
2BNR_ABC_DE,A,73,,-2.5804
2BNR_ABC_DE,A,75,,-2.54185
2BNR_ABC_DE,A,76,,-2.57618
2BNR_ABC_DE,A,146,,-1.75231
2BNR_ABC_DE,A,150,,-2.12488
2BNR_ABC_DE,A,151,,-2.3073
2BNR_ABC_DE,A,154,,-2.39531
2BNR_ABC_DE,A,155,,-2.62344
2BNR_ABC_DE,A,163,,-1.86841
2BNR_ABC_DE,D,30,,-2.60236
2BNR_ABC_DE,D,50,,-2.61167
2BNR_ABC_DE,D,51,,-2.45415
2BNR_ABC_DE,D,52,,-2.30674
2BNR_ABC_DE,D,53,,-2.58401
2BNR_ABC_DE,D,93,,-2.82109
2BNR_ABC_DE,D,94,,-2.54046
2BNR_ABC_DE,D,95,,-2.66107
2BNR_ABC_DE,D,96,,-2.54161
2BNR_ABC_DE,D,97,,-2.69572
2BNR_ABC_DE,D,99,,-2.81147
2BNR_ABC_DE,E,26,,-2.03499
2BNR_ABC_DE,E,28,,-1.68335
2BNR_ABC_DE,E,46,,-1.48564
2BNR_ABC_DE,E,48,,-2.6367
2BNR_ABC_DE,E,49,,-2.53979
2BNR_ABC_DE,E,50,,-2.52634
2BNR_ABC_DE,E,51,,-2.49338
2BNR_ABC_DE,E,52,,-2.70986
2BNR_ABC_DE,E,54,,-2.38737
2BNR_ABC_DE,E,69,,-2.58415
2BNR_ABC_DE,E,93,,-2.80757
2BNR_ABC_DE,E,94,,-2.56893
2BNR_ABC_DE,E,95,,-2.77796
2BNR_ABC_DE,E,96,,-2.88347
2BTF_A_P,A,112,,-1.72955
2BTF_A_P,A,165,,-1.77635
2BTF_A_P,A,166,,-0.83864
2BTF_A_P,A,168,,-0.43626
2BTF_A_P,A,170,,-1.46168
2BTF_A_P,A,171,,-1.54016
2BTF_A_P,A,172,,-2.18272
2BTF_A_P,A,283,,-2.09493
2BTF_A_P,A,285,,-1.29653
2BTF_A_P,A,286,,-2.40012
2BTF_A_P,A,287,,-0.49439
2BTF_A_P,A,289,,-0.59738
2BTF_A_P,A,354,,-1.43359
2BTF_A_P,A,363,,-0.23556
2BTF_A_P,A,370,,-0.5118
2BTF_A_P,A,371,,-0.95684
2BTF_A_P,A,372,,-0.43105
2BTF_A_P,A,374,,-1.7705
2BTF_A_P,P,59,,-2.71071
2BTF_A_P,P,60,,-2.67665
2BTF_A_P,P,61,,-2.44777
2BTF_A_P,P,69,,-2.18815
2BTF_A_P,P,71,,-2.3506
2BTF_A_P,P,72,,-2.30103
2BTF_A_P,P,73,,-2.35805
2BTF_A_P,P,74,,-2.6684
2BTF_A_P,P,82,,-2.86776
2BTF_A_P,P,84,,-2.7789
2BTF_A_P,P,86,,-2.88939
2BTF_A_P,P,88,,-2.85142
2BTF_A_P,P,90,,-2.69024
2BTF_A_P,P,97,,-2.87953
2BTF_A_P,P,99,,-2.76363
2BTF_A_P,P,119,,-2.60369
2BTF_A_P,P,120,,-2.76376
2BTF_A_P,P,121,,-2.45043
2BTF_A_P,P,122,,-2.74064
2BTF_A_P,P,124,,-2.74271
2BTF_A_P,P,125,,-2.5543
2BTF_A_P,P,128,,-2.70961
2BTF_A_P,P,129,,-2.33491
2C0L_A_B,A,77,,-2.72788
2C0L_A_B,A,80,,-2.71931
2C0L_A_B,A,81,,-2.46417
2C0L_A_B,A,152,,-2.1475
2C0L_A_B,A,179,,-0.82723
2C0L_A_B,A,180,,-0.75372
2C0L_A_B,A,183,,-0.44401
2C0L_A_B,A,187,,-0.36687
2C0L_A_B,A,210,,-1.75794
2C0L_A_B,A,213,,-1.47425
2C0L_A_B,A,214,,-0.02498
2C0L_A_B,A,217,,-1.41396
2C0L_A_B,A,220,,-2.54454
2C0L_A_B,A,221,,-2.01373
2C0L_A_B,A,223,,-1.51762
2C0L_A_B,A,225,,-2.34053
2C0L_A_B,A,255,,-2.38275
2C0L_A_B,A,259,,-2.11641
2C0L_A_B,A,261,,-2.43711
2C0L_A_B,A,262,,-2.75735
2C0L_A_B,A,265,,-2.67613
2C0L_A_B,A,266,,-2.42356
2C0L_A_B,A,268,,-2.215
2C0L_A_B,A,270,,-2.77794
2C0L_A_B,A,273,,-1.94527
2C0L_A_B,A,277,,-2.72312
2C0L_A_B,B,5,,-2.41185
2C0L_A_B,B,7,,-2.37064
2C0L_A_B,B,10,,-1.91423
2C0L_A_B,B,13,,-2.27979
2C0L_A_B,B,14,,-2.51875
2C0L_A_B,B,17,,-1.84359
2C0L_A_B,B,80,,-2.43897
2C0L_A_B,B,84,,-2.15752
2C0L_A_B,B,86,,-1.48439
2C0L_A_B,B,115,,-2.35867
2C0L_A_B,B,116,,-2.40109
2C0L_A_B,B,117,,-2.59324
2C0L_A_B,B,118,,-2.1675
2C0L_A_B,B,119,,-2.14743
2C0L_A_B,B,120,,-2.55791
2C0L_A_B,B,121,,-2.05915
2C0L_A_B,B,122,,-2.04861
2C5D_AB_CD,A,21,,-2.57953
2C5D_AB_CD,A,22,,-2.28173
2C5D_AB_CD,A,24,,-2.39739
2C5D_AB_CD,A,26,,-2.73257
2C5D_AB_CD,A,28,,-2.63011
2C5D_AB_CD,A,29,,-2.39207
2C5D_AB_CD,A,30,,-2.71025
2C5D_AB_CD,A,31,,-2.45857
2C5D_AB_CD,A,32,,-2.56766
2C5D_AB_CD,A,33,,-2.59526
2C5D_AB_CD,A,34,,-2.31314
2C5D_AB_CD,A,35,,-2.66907
2C5D_AB_CD,A,36,,-2.79266
2C5D_AB_CD,A,87,,-2.71993
2C5D_AB_CD,A,88,,-2.64076
2C5D_AB_CD,A,90,,-2.41627
2C5D_AB_CD,A,92,,-2.69071
2C5D_AB_CD,A,120,,-2.54464
2C5D_AB_CD,A,121,,-2.60041
2C5D_AB_CD,A,122,,-2.21341
2C5D_AB_CD,A,124,,-2.40515
2C5D_AB_CD,A,125,,-2.68415
2C5D_AB_CD,A,126,,-2.531
2C5D_AB_CD,A,136,,-2.79474
2C5D_AB_CD,A,137,,-2.79606
2C5D_AB_CD,A,138,,-2.81898
2C5D_AB_CD,A,177,,-2.81977
2C5D_AB_CD,A,179,,-2.80093
2C5D_AB_CD,A,180,,-2.78409
2C5D_AB_CD,A,182,,-2.59641
2C5D_AB_CD,A,183,,-2.78149
2C5D_AB_CD,A,187,,-2.57901
2C5D_AB_CD,A,190,,-2.73081
2C5D_AB_CD,A,367,,-2.68615
2C5D_AB_CD,B,21,,-2.57953
2C5D_AB_CD,B,22,,-2.28173
2C5D_AB_CD,B,24,,-2.39739
2C5D_AB_CD,B,26,,-2.73257
2C5D_AB_CD,B,28,,-2.63011
2C5D_AB_CD,B,29,,-2.39207
2C5D_AB_CD,B,30,,-2.71025
2C5D_AB_CD,B,31,,-2.45857
2C5D_AB_CD,B,32,,-2.56766
2C5D_AB_CD,B,33,,-2.59526
2C5D_AB_CD,B,34,,-2.31314
2C5D_AB_CD,B,35,,-2.66907
2C5D_AB_CD,B,36,,-2.79266
2C5D_AB_CD,B,87,,-2.71993
2C5D_AB_CD,B,88,,-2.64076
2C5D_AB_CD,B,90,,-2.41627
2C5D_AB_CD,B,92,,-2.69071
2C5D_AB_CD,B,120,,-2.54464
2C5D_AB_CD,B,121,,-2.60041
2C5D_AB_CD,B,122,,-2.21341
2C5D_AB_CD,B,124,,-2.40515
2C5D_AB_CD,B,125,,-2.68415
2C5D_AB_CD,B,126,,-2.531
2C5D_AB_CD,B,136,,-2.79474
2C5D_AB_CD,B,137,,-2.79606
2C5D_AB_CD,B,138,,-2.81898
2C5D_AB_CD,B,177,,-2.81977
2C5D_AB_CD,B,179,,-2.80093
2C5D_AB_CD,B,180,,-2.78409
2C5D_AB_CD,B,182,,-2.59641
2C5D_AB_CD,B,183,,-2.78149
2C5D_AB_CD,B,187,,-2.57901
2C5D_AB_CD,B,190,,-2.73081
2C5D_AB_CD,B,367,,-2.68615
2C5D_AB_CD,C,13,,-1.92576
2C5D_AB_CD,C,14,,-2.61134
2C5D_AB_CD,C,22,,-2.58881
2C5D_AB_CD,C,30,,-2.54515
2C5D_AB_CD,C,33,,-2.59858
2C5D_AB_CD,C,44,,-2.58188
2C5D_AB_CD,C,45,,-2.57671
2C5D_AB_CD,C,46,,-2.53113
2C5D_AB_CD,C,47,,-2.48604
2C5D_AB_CD,C,48,,-2.57023
2C5D_AB_CD,C,49,,-2.79372
2C5D_AB_CD,C,50,,-2.81479
2C5D_AB_CD,C,51,,-2.7669
2C5D_AB_CD,C,52,,-2.73366
2C5D_AB_CD,C,53,,-2.722
2C5D_AB_CD,C,54,,-2.62616
2C5D_AB_CD,C,55,,-2.71502
2C5D_AB_CD,C,56,,-2.63855
2C5D_AB_CD,C,57,,-2.71994
2C5D_AB_CD,C,58,,-2.56373
2C5D_AB_CD,C,59,,-2.73854
2C5D_AB_CD,C,63,,-2.7485
2C5D_AB_CD,C,64,,-2.63975
2C5D_AB_CD,C,66,,-2.38518
2C5D_AB_CD,C,68,,-2.38639
2C5D_AB_CD,C,70,,-2.33477
2C5D_AB_CD,C,105,,-1.68346
2C5D_AB_CD,C,144,,-0.62948
2C5D_AB_CD,C,173,,-2.06371
2C5D_AB_CD,C,178,,-2.11939
2C5D_AB_CD,C,179,,-0.29788
2C5D_AB_CD,C,180,,-2.34245
2C5D_AB_CD,C,181,,-2.08486
2C5D_AB_CD,C,182,,-1.55094
2C5D_AB_CD,C,183,,-0.80454
2C5D_AB_CD,C,184,,-1.02301
2C5D_AB_CD,C,185,,-2.31797
2C5D_AB_CD,D,14,,-2.61134
2C5D_AB_CD,D,22,,-2.58881
2C5D_AB_CD,D,30,,-2.54515
2C5D_AB_CD,D,33,,-2.59858
2C5D_AB_CD,D,44,,-2.58188
2C5D_AB_CD,D,45,,-2.57671
2C5D_AB_CD,D,46,,-2.53113
2C5D_AB_CD,D,47,,-2.48604
2C5D_AB_CD,D,48,,-2.57023
2C5D_AB_CD,D,49,,-2.79372
2C5D_AB_CD,D,50,,-2.81479
2C5D_AB_CD,D,51,,-2.7669
2C5D_AB_CD,D,52,,-2.73366
2C5D_AB_CD,D,53,,-2.722
2C5D_AB_CD,D,54,,-2.62616
2C5D_AB_CD,D,55,,-2.71502
2C5D_AB_CD,D,56,,-2.63855
2C5D_AB_CD,D,57,,-2.71994
2C5D_AB_CD,D,58,,-2.56373
2C5D_AB_CD,D,59,,-2.73854
2C5D_AB_CD,D,63,,-2.7485
2C5D_AB_CD,D,64,,-2.63975
2C5D_AB_CD,D,66,,-2.38518
2C5D_AB_CD,D,68,,-2.38639
2C5D_AB_CD,D,70,,-2.33477
2C5D_AB_CD,D,105,,-1.68346
2C5D_AB_CD,D,144,,-0.62948
2C5D_AB_CD,D,173,,-2.06371
2C5D_AB_CD,D,178,,-2.11939
2C5D_AB_CD,D,179,,-0.29788
2C5D_AB_CD,D,180,,-2.34245
2C5D_AB_CD,D,181,,-2.08486
2C5D_AB_CD,D,182,,-1.55094
2C5D_AB_CD,D,183,,-0.80454
2C5D_AB_CD,D,184,,-1.02301
2C5D_AB_CD,D,185,,-2.31797
2C5D_A_C,A,21,,-2.57953
2C5D_A_C,A,22,,-2.28173
2C5D_A_C,A,24,,-2.39739
2C5D_A_C,A,26,,-2.73257
2C5D_A_C,A,28,,-2.63011
2C5D_A_C,A,29,,-2.39207
2C5D_A_C,A,30,,-2.71025
2C5D_A_C,A,31,,-2.45857
2C5D_A_C,A,32,,-2.56766
2C5D_A_C,A,33,,-2.59526
2C5D_A_C,A,34,,-2.31314
2C5D_A_C,A,35,,-2.66907
2C5D_A_C,A,36,,-2.79266
2C5D_A_C,A,136,,-2.79474
2C5D_A_C,A,137,,-2.79606
2C5D_A_C,A,138,,-2.81898
2C5D_A_C,A,177,,-2.81977
2C5D_A_C,A,179,,-2.80093
2C5D_A_C,A,180,,-2.78409
2C5D_A_C,A,182,,-2.59641
2C5D_A_C,A,183,,-2.78149
2C5D_A_C,A,187,,-2.57901
2C5D_A_C,A,190,,-2.73081
2C5D_A_C,A,367,,-2.68615
2C5D_A_C,C,22,,-2.58881
2C5D_A_C,C,30,,-2.54515
2C5D_A_C,C,33,,-2.59858
2C5D_A_C,C,44,,-2.58188
2C5D_A_C,C,45,,-2.57671
2C5D_A_C,C,46,,-2.53113
2C5D_A_C,C,47,,-2.48604
2C5D_A_C,C,48,,-2.57023
2C5D_A_C,C,49,,-2.79372
2C5D_A_C,C,50,,-2.81479
2C5D_A_C,C,51,,-2.7669
2C5D_A_C,C,52,,-2.73366
2C5D_A_C,C,53,,-2.722
2C5D_A_C,C,54,,-2.62616
2C5D_A_C,C,55,,-2.71502
2C5D_A_C,C,56,,-2.63855
2C5D_A_C,C,57,,-2.71994
2C5D_A_C,C,58,,-2.56373
2C5D_A_C,C,59,,-2.73854
2C5D_A_C,C,63,,-2.7485
2C5D_A_C,C,64,,-2.63975
2C5D_A_C,C,66,,-2.38518
2C5D_A_C,C,68,,-2.38639
2C5D_A_C,C,70,,-2.33477
2CCL_A_B,A,32,,-2.72633
2CCL_A_B,A,33,,-1.47676
2CCL_A_B,A,35,,-2.57876
2CCL_A_B,A,37,,-2.78051
2CCL_A_B,A,66,,-2.84027
2CCL_A_B,A,68,,-2.74988
2CCL_A_B,A,70,,-2.78449
2CCL_A_B,A,73,,-1.27038
2CCL_A_B,A,75,,-2.72601
2CCL_A_B,A,77,,-2.60483
2CCL_A_B,A,79,,-2.49707
2CCL_A_B,A,81,,-2.80277
2CCL_A_B,A,82,,-2.85463
2CCL_A_B,A,83,,-2.80668
2CCL_A_B,A,84,,-2.79287
2CCL_A_B,A,85,,-2.71864
2CCL_A_B,A,116,,-2.77019
2CCL_A_B,A,118,,-2.721
2CCL_A_B,A,119,,-2.50908
2CCL_A_B,A,123,,-2.80131
2CCL_A_B,A,125,,-2.42546
2CCL_A_B,A,127,,-2.69196
2CCL_A_B,B,13,,-1.11832
2CCL_A_B,B,14,,-2.06675
2CCL_A_B,B,15,,-2.15619
2CCL_A_B,B,17,,-1.82406
2CCL_A_B,B,18,,-1.80308
2CCL_A_B,B,19,,-1.79352
2CCL_A_B,B,21,,-2.2356
2CCL_A_B,B,22,,-1.48695
2CCL_A_B,B,25,,-1.78974
2CCL_A_B,B,27,,-2.32763
2CCL_A_B,B,58,,-1.55365
2CCL_A_B,B,59,,-1.65536
2CCL_A_B,B,60,,-1.8878
2CCL_A_B,B,61,,-2.53471
2DSQ_I_G,G,4,,-2.52517
2DSQ_I_G,G,7,,-1.85104
2DSQ_I_G,G,8,,-2.42037
2DSQ_I_G,G,11,,-2.27254
2DSQ_I_G,G,14,,-2.79894
2DSQ_I_G,G,15,,-2.59172
2DSQ_I_G,G,20,,-2.05717
2DSQ_I_G,G,22,,-0.94477
2DSQ_I_G,G,24,,-1.82325
2DSQ_I_G,G,25,,-0.02038
2DSQ_I_G,G,27,,-2.55258
2DSQ_I_G,G,34,,-1.23888
2DSQ_I_G,G,36,,-0.01714
2DSQ_I_G,G,38,,-2.70732
2DSQ_I_G,G,40,,-2.42067
2DSQ_I_G,G,41,,-2.69888
2DSQ_I_G,I,3,,-2.35259
2DSQ_I_G,I,5,,-0.03246
2DSQ_I_G,I,6,,-0.04404
2DSQ_I_G,I,7,,-0.53522
2DSQ_I_G,I,8,,-1.34452
2DSQ_I_G,I,10,,-0.51095
2DSQ_I_G,I,11,,-0.7444
2DSQ_I_G,I,14,,-0.3154
2DSQ_I_G,I,24,,-2.58817
2DSQ_I_G,I,25,,-1.6174
2DSQ_I_G,I,29,,-1.64818
2DSQ_I_G,I,30,,-1.00438
2DSQ_I_G,I,33,,-0.0271
2DSQ_I_G,I,34,,-2.35076
2DVW_A_B,A,1,,-0.53282
2DVW_A_B,A,2,,-2.81169
2DVW_A_B,A,3,,-2.9109
2DVW_A_B,A,13,,-2.05498
2DVW_A_B,A,36,,-2.763
2DVW_A_B,A,37,,-2.76871
2DVW_A_B,A,39,,-1.95399
2DVW_A_B,A,44,,-2.40072
2DVW_A_B,A,47,,-2.76478
2DVW_A_B,A,69,,-2.63622
2DVW_A_B,A,70,,-2.68451
2DVW_A_B,A,72,,-2.70966
2DVW_A_B,A,80,,-2.83524
2DVW_A_B,A,81,,-2.69776
2DVW_A_B,A,83,,-1.7746
2DVW_A_B,A,102,,-2.61205
2DVW_A_B,A,103,,-2.71927
2DVW_A_B,A,110,,-2.71941
2DVW_A_B,A,113,,-2.81683
2DVW_A_B,A,114,,-2.75886
2DVW_A_B,A,136,,-2.69321
2DVW_A_B,A,143,,-2.72246
2DVW_A_B,A,146,,-2.7496
2DVW_A_B,A,147,,-2.70885
2DVW_A_B,A,168,,-2.58435
2DVW_A_B,A,169,,-2.58109
2DVW_A_B,A,176,,-2.58151
2DVW_A_B,A,179,,-2.6582
2DVW_A_B,A,180,,-2.64262
2DVW_A_B,A,182,,-1.95133
2DVW_A_B,B,2,,-2.63366
2DVW_A_B,B,3,,-2.19638
2DVW_A_B,B,4,,-1.98429
2DVW_A_B,B,7,,-2.51549
2DVW_A_B,B,21,,-2.41869
2DVW_A_B,B,22,,-2.03727
2DVW_A_B,B,23,,-1.41105
2DVW_A_B,B,24,,-2.24325
2DVW_A_B,B,26,,-2.12407
2DVW_A_B,B,27,,-2.6338
2DVW_A_B,B,30,,-2.32075
2DVW_A_B,B,31,,-2.31242
2DVW_A_B,B,32,,-2.06036
2DVW_A_B,B,54,,-1.80494
2DVW_A_B,B,55,,-2.02212
2DVW_A_B,B,56,,-1.61455
2DVW_A_B,B,57,,-2.27534
2DVW_A_B,B,58,,-2.25416
2DVW_A_B,B,60,,-2.33398
2DVW_A_B,B,61,,-2.45668
2DVW_A_B,B,62,,-1.96444
2DVW_A_B,B,65,,-1.92937
2E7L_EQ_AD,A,27,,-2.06115
2E7L_EQ_AD,A,28,,-2.12522
2E7L_EQ_AD,A,29,,-2.58304
2E7L_EQ_AD,A,31,,-2.11108
2E7L_EQ_AD,A,48,,-2.49243
2E7L_EQ_AD,A,50,,-2.62817
2E7L_EQ_AD,A,51,,-2.58273
2E7L_EQ_AD,A,52,,-2.49522
2E7L_EQ_AD,A,68,,-2.63574
2E7L_EQ_AD,A,95,,-2.56349
2E7L_EQ_AD,A,96,,-2.48079
2E7L_EQ_AD,A,97,,-2.76938
2E7L_EQ_AD,D,28,,-2.00638
2E7L_EQ_AD,D,30,,-1.85684
2E7L_EQ_AD,D,31,,-1.99481
2E7L_EQ_AD,D,50,,-2.41474
2E7L_EQ_AD,D,51,,-2.34592
2E7L_EQ_AD,D,52,,-2.05352
2E7L_EQ_AD,D,54,,-2.5916
2E7L_EQ_AD,D,56,,-2.21925
2E7L_EQ_AD,D,95,,-2.68212
2E7L_EQ_AD,D,96,,-2.58186
2E7L_EQ_AD,D,97,,-2.61497
2E7L_EQ_AD,E,62,,-2.87515
2E7L_EQ_AD,E,65,,-2.81391
2E7L_EQ_AD,E,66,,-2.88968
2E7L_EQ_AD,E,69,,-2.64271
2E7L_EQ_AD,E,72,,-2.83251
2E7L_EQ_AD,E,76,,-2.59342
2E7L_EQ_AD,E,79,,-2.87878
2E7L_EQ_AD,E,80,,-2.89566
2E7L_EQ_AD,E,146,,-2.84956
2E7L_EQ_AD,E,150,,-2.8428
2E7L_EQ_AD,E,151,,-2.86636
2E7L_EQ_AD,E,154,,-2.7309
2E7L_EQ_AD,E,155,,-2.75535
2E7L_EQ_AD,E,157,,-2.79756
2E7L_EQ_AD,E,158,,-2.7756
2E7L_EQ_AD,E,163,,-2.93183
2E7L_EQ_AD,E,166,,-2.78754
2FTL_E_I,E,22,,-1.80633
2FTL_E_I,E,23,,-1.24689
2FTL_E_I,E,24,,-2.09098
2FTL_E_I,E,40,,-0.01899
2FTL_E_I,E,43,,-2.22723
2FTL_E_I,E,78,,-2.15625
2FTL_E_I,E,79,,-2.07405
2FTL_E_I,E,81,,-1.87215
2FTL_E_I,E,130,,-2.13184
2FTL_E_I,E,171,,-0.6072
2FTL_E_I,E,173,,-1.36513
2FTL_E_I,E,174,,-0.2163
2FTL_E_I,E,176,,-0.04501
2FTL_E_I,E,192,,-0.99133
2FTL_E_I,E,193,,-0.06738
2FTL_E_I,E,195,,-1.4531
2FTL_E_I,I,11,,-2.62994
2FTL_E_I,I,13,,-2.23647
2FTL_E_I,I,14,,-0.00948
2FTL_E_I,I,15,,-1.86491
2FTL_E_I,I,16,,-2.20146
2FTL_E_I,I,17,,-2.61296
2FTL_E_I,I,18,,-2.25923
2FTL_E_I,I,19,,-2.49208
2FTL_E_I,I,34,,-2.62308
2FTL_E_I,I,37,,-0.80997
2FTL_E_I,I,38,,-0.05745
2FTL_E_I,I,39,,-2.12356
2G2U_A_B,A,74,,-2.22096
2G2U_A_B,A,75,,-2.07308
2G2U_A_B,A,77,,-0.33497
2G2U_A_B,A,78,,-0.85827
2G2U_A_B,A,79,,-2.29307
2G2U_A_B,A,80,,-1.12474
2G2U_A_B,A,81,,-0.90263
2G2U_A_B,A,82,,-0.18255
2G2U_A_B,A,83,,-1.0478
2G2U_A_B,A,85,,-2.09191
2G2U_A_B,A,86,,-2.2787
2G2U_A_B,A,87,,-1.48751
2G2U_A_B,A,89,,-2.40072
2G2U_A_B,A,104,,-2.57093
2G2U_A_B,A,105,,-0.02512
2G2U_A_B,A,142,,-0.96228
2G2U_A_B,A,143,,-1.85887
2G2U_A_B,A,145,,-0.83695
2G2U_A_B,A,190,,-2.30398
2G2U_A_B,A,191,,-2.50514
2G2U_A_B,A,212,,-1.46046
2G2U_A_B,A,213,,-0.26401
2G2U_A_B,A,214,,-2.11675
2G2U_A_B,A,245,,-2.61643
2G2U_A_B,B,31,,-2.64562
2G2U_A_B,B,35,,-2.72431
2G2U_A_B,B,36,,-2.60574
2G2U_A_B,B,37,,-2.59989
2G2U_A_B,B,39,,-2.77334
2G2U_A_B,B,43,,-2.75892
2G2U_A_B,B,46,,-2.76701
2G2U_A_B,B,47,,-2.71645
2G2U_A_B,B,48,,-2.27278
2G2U_A_B,B,49,,-2.3752
2G2U_A_B,B,50,,-2.69844
2G2U_A_B,B,51,,-2.72528
2G2U_A_B,B,53,,-2.68049
2G2U_A_B,B,55,,-2.66737
2G2U_A_B,B,71,,-2.6638
2G2U_A_B,B,73,,-2.67394
2G2U_A_B,B,74,,-2.82851
2G2U_A_B,B,112,,-2.6609
2G2U_A_B,B,113,,-2.63951
2G2U_A_B,B,115,,-2.71171
2G2U_A_B,B,128,,-2.77113
2G2U_A_B,B,142,,-2.71457
2G2U_A_B,B,143,,-2.80597
2G2U_A_B,B,144,,-2.68897
2G2U_A_B,B,148,,-2.59464
2G2U_A_B,B,150,,-2.65819
2G2U_A_B,B,160,,-2.56618
2G2U_A_B,B,162,,-2.71354
2G2U_A_B,B,163,,-2.37543
2G2W_A_B,A,45,,-0.00986
2G2W_A_B,A,74,,-2.23404
2G2W_A_B,A,75,,-2.04727
2G2W_A_B,A,77,,-0.44498
2G2W_A_B,A,78,,-1.02122
2G2W_A_B,A,79,,-2.29307
2G2W_A_B,A,80,,-1.41563
2G2W_A_B,A,81,,-0.85642
2G2W_A_B,A,82,,-0.19271
2G2W_A_B,A,83,,-0.95877
2G2W_A_B,A,85,,-2.10651
2G2W_A_B,A,86,,-2.20722
2G2W_A_B,A,87,,-1.54011
2G2W_A_B,A,104,,-2.58169
2G2W_A_B,A,105,,-0.02515
2G2W_A_B,A,107,,-0.1508
2G2W_A_B,A,142,,-0.95296
2G2W_A_B,A,143,,-1.71996
2G2W_A_B,A,145,,-0.76324
2G2W_A_B,A,191,,-2.51609
2G2W_A_B,A,194,,-2.46081
2G2W_A_B,A,212,,-1.44867
2G2W_A_B,A,218,,-0.44392
2G2W_A_B,A,245,,-2.61388
2G2W_A_B,B,35,,-2.72253
2G2W_A_B,B,36,,-2.61139
2G2W_A_B,B,37,,-2.59192
2G2W_A_B,B,39,,-2.76788
2G2W_A_B,B,46,,-2.68902
2G2W_A_B,B,47,,-2.6809
2G2W_A_B,B,48,,-2.02683
2G2W_A_B,B,49,,-2.69331
2G2W_A_B,B,50,,-2.65377
2G2W_A_B,B,51,,-2.68189
2G2W_A_B,B,53,,-2.6566
2G2W_A_B,B,55,,-2.66721
2G2W_A_B,B,71,,-2.67489
2G2W_A_B,B,73,,-2.67529
2G2W_A_B,B,112,,-2.65008
2G2W_A_B,B,113,,-2.62511
2G2W_A_B,B,128,,-2.77551
2G2W_A_B,B,145,,-2.71818
2G2W_A_B,B,147,,-2.57161
2G2W_A_B,B,149,,-2.66139
2G2W_A_B,B,159,,-2.56333
2G2W_A_B,B,161,,-2.71826
2G2W_A_B,B,162,,-2.43545
2GOX_A_B,A,36,,-2.09725
2GOX_A_B,A,39,,-0.257
2GOX_A_B,A,42,,-1.86593
2GOX_A_B,A,45,,-1.92563
2GOX_A_B,A,49,,-2.59519
2GOX_A_B,A,52,,-0.49518
2GOX_A_B,A,53,,-2.32294
2GOX_A_B,A,56,,-1.06118
2GOX_A_B,A,60,,-2.35831
2GOX_A_B,A,100,,-2.06096
2GOX_A_B,A,101,,-1.97716
2GOX_A_B,A,102,,-2.33271
2GOX_A_B,A,103,,-1.19752
2GOX_A_B,A,104,,-2.38701
2GOX_A_B,A,105,,-0.85605
2GOX_A_B,A,107,,-1.88445
2GOX_A_B,A,108,,-2.1426
2GOX_A_B,A,166,,-2.59364
2GOX_A_B,A,167,,-1.90214
2GOX_A_B,A,170,,-2.25582
2GOX_A_B,B,6,,-2.41868
2GOX_A_B,B,7,,-2.32848
2GOX_A_B,B,10,,-2.71043
2GOX_A_B,B,27,,-2.68738
2GOX_A_B,B,30,,-1.20335
2GOX_A_B,B,31,,-2.63699
2GOX_A_B,B,34,,-2.40884
2GOX_A_B,B,35,,-2.63814
2GOX_A_B,B,38,,-2.52685
2GOX_A_B,B,39,,-2.46521
2GOX_A_B,B,42,,-2.53496
2GOX_A_B,B,48,,-2.63838
2GOX_A_B,B,52,,-2.70587
2GOX_A_B,B,56,,-2.66958
2GOX_A_B,B,59,,-2.55545
2GOX_A_B,B,63,,-2.63442
2GOX_A_B,B,65,,-2.65717
2GYK_A_B,A,21,,-2.81002
2GYK_A_B,A,22,,-2.80688
2GYK_A_B,A,23,,-2.8781
2GYK_A_B,A,25,,-2.7574
2GYK_A_B,A,27,,-2.73599
2GYK_A_B,A,28,,-2.83407
2GYK_A_B,A,31,,-2.5834
2GYK_A_B,A,32,,-2.71694
2GYK_A_B,A,35,,-2.69494
2GYK_A_B,A,36,,-2.63747
2GYK_A_B,A,39,,-2.88814
2GYK_A_B,A,45,,-2.90253
2GYK_A_B,A,46,,-2.83889
2GYK_A_B,A,47,,-2.84944
2GYK_A_B,A,48,,-2.92057
2GYK_A_B,A,49,,-2.92105
2GYK_A_B,A,51,,-2.91396
2GYK_A_B,A,52,,-2.91331
2GYK_A_B,A,53,,-2.90829
2GYK_A_B,A,60,,-2.84555
2GYK_A_B,B,51,,-0.24592
2GYK_A_B,B,69,,-2.0655
2GYK_A_B,B,70,,-2.35984
2GYK_A_B,B,71,,-2.68713
2GYK_A_B,B,72,,-1.88752
2GYK_A_B,B,74,,-2.18121
2GYK_A_B,B,75,,-1.80707
2GYK_A_B,B,78,,-1.95249
2GYK_A_B,B,80,,-2.27363
2GYK_A_B,B,83,,-2.619
2GYK_A_B,B,85,,-2.38585
2GYK_A_B,B,86,,-2.53698
2GYK_A_B,B,89,,-2.57391
2GYK_A_B,B,92,,-2.00685
2GYK_A_B,B,94,,-2.62982
2GYK_A_B,B,95,,-2.37416
2HLE_A_B,A,19,,-2.72591
2HLE_A_B,A,20,,-2.7848
2HLE_A_B,A,21,,-2.70901
2HLE_A_B,A,35,,-2.72309
2HLE_A_B,A,36,,-2.78506
2HLE_A_B,A,37,,-2.02114
2HLE_A_B,A,38,,-2.71944
2HLE_A_B,A,39,,-2.7557
2HLE_A_B,A,40,,-2.81043
2HLE_A_B,A,42,,-2.83801
2HLE_A_B,A,44,,-2.80158
2HLE_A_B,A,46,,-2.82994
2HLE_A_B,A,48,,-2.37329
2HLE_A_B,A,51,,-2.5702
2HLE_A_B,A,53,,-2.56365
2HLE_A_B,A,85,,-2.18848
2HLE_A_B,A,87,,-2.46187
2HLE_A_B,A,139,,-2.80202
2HLE_A_B,A,141,,-2.82609
2HLE_A_B,A,143,,-2.65787
2HLE_A_B,A,144,,-2.61454
2HLE_A_B,A,147,,-2.7907
2HLE_A_B,A,149,,-2.81775
2HLE_A_B,A,151,,-2.80912
2HLE_A_B,A,176,,-0.17146
2HLE_A_B,A,178,,-2.21358
2HLE_A_B,A,180,,-2.08683
2HLE_A_B,B,30,,-0.85812
2HLE_A_B,B,65,,-1.17271
2HLE_A_B,B,66,,-1.31205
2HLE_A_B,B,74,,-1.6738
2HLE_A_B,B,75,,-0.30776
2HLE_A_B,B,76,,-1.31318
2HLE_A_B,B,77,,-0.46382
2HLE_A_B,B,78,,-0.67722
2HLE_A_B,B,79,,-0.20103
2HLE_A_B,B,81,,-0.44035
2HLE_A_B,B,83,,-0.04134
2HLE_A_B,B,84,,-0.31554
2HLE_A_B,B,85,,-0.59898
2HLE_A_B,B,86,,-0.71376
2HLE_A_B,B,87,,-0.1175
2HLE_A_B,B,88,,-0.08311
2HLE_A_B,B,89,,-1.64696
2HLE_A_B,B,90,,-0.37985
2HLE_A_B,B,91,,-0.07827
2HLE_A_B,B,93,,-0.22036
2HLE_A_B,B,95,,-1.72027
2HRK_A_B,A,105,,-2.40555
2HRK_A_B,A,106,,-2.22501
2HRK_A_B,A,107,,-2.31768
2HRK_A_B,A,108,,-2.55227
2HRK_A_B,A,114,,-2.15767
2HRK_A_B,A,140,,-2.87498
2HRK_A_B,A,143,,-2.30414
2HRK_A_B,A,144,,-1.31826
2HRK_A_B,A,147,,-1.09794
2HRK_A_B,A,151,,-2.67029
2HRK_A_B,A,154,,-2.33865
2HRK_A_B,A,155,,-2.50932
2HRK_A_B,B,52,,-2.37501
2HRK_A_B,B,53,,-2.32937
2HRK_A_B,B,55,,-2.65918
2HRK_A_B,B,59,,-1.52143
2HRK_A_B,B,60,,-1.11455
2HRK_A_B,B,61,,-2.62453
2HRK_A_B,B,96,,-1.8959
2HRK_A_B,B,97,,-1.32571
2HRK_A_B,B,100,,-2.53376
2HRK_A_B,B,104,,-2.65167
2HRK_A_B,B,107,,-2.45231
2HRK_A_B,B,108,,-2.78691
2HRK_A_B,B,121,,-2.83371
2I26_N_L,L,46,,-0.30967
2I26_N_L,L,47,,-2.21278
2I26_N_L,L,48,,-0.4922
2I26_N_L,L,52,,-0.26455
2I26_N_L,L,59,,-0.20693
2I26_N_L,L,61,,-1.8515
2I26_N_L,L,62,,-1.62273
2I26_N_L,L,63,,-0.05532
2I26_N_L,L,73,,-2.58899
2I26_N_L,L,75,,-2.28786
2I26_N_L,L,101,,-1.82751
2I26_N_L,L,103,,-2.54332
2I26_N_L,L,107,,-1.4383
2I26_N_L,L,109,,-2.55186
2I26_N_L,L,112,,-2.10382
2I26_N_L,N,27,,-2.48173
2I26_N_L,N,29,,-2.58491
2I26_N_L,N,31,,-2.60162
2I26_N_L,N,34,,-2.56357
2I26_N_L,N,85,,-2.81424
2I26_N_L,N,87,,-2.83836
2I26_N_L,N,88,,-2.78802
2I26_N_L,N,89,,-2.84869
2I26_N_L,N,90,,-2.26255
2I26_N_L,N,91,,-2.70014
2I26_N_L,N,92,,-2.76146
2I26_N_L,N,96,,-2.8637
2I26_N_L,N,99,,-2.85649
2J0T_A_D,A,67,,-1.45203
2J0T_A_D,A,68,,-2.72449
2J0T_A_D,A,69,,-1.60731
2J0T_A_D,A,75,,-1.36124
2J0T_A_D,A,76,,-1.51678
2J0T_A_D,A,77,,-0.71219
2J0T_A_D,A,78,,-0.12875
2J0T_A_D,A,79,,-0.01438
2J0T_A_D,A,80,,-0.71239
2J0T_A_D,A,81,,-0.35175
2J0T_A_D,A,82,,-1.65718
2J0T_A_D,A,106,,-2.63676
2J0T_A_D,A,118,,-0.0108
2J0T_A_D,A,123,,-2.15867
2J0T_A_D,A,124,,-0.05946
2J0T_A_D,A,126,,-2.42623
2J0T_A_D,A,134,,-1.08407
2J0T_A_D,A,135,,-2.3455
2J0T_A_D,A,136,,-1.53713
2J0T_A_D,D,1,,-1.05463
2J0T_A_D,D,2,,-2.66236
2J0T_A_D,D,3,,-0.1928
2J0T_A_D,D,4,,-2.52007
2J0T_A_D,D,5,,-2.67031
2J0T_A_D,D,35,,-2.68635
2J0T_A_D,D,64,,-2.11247
2J0T_A_D,D,66,,-2.38116
2J0T_A_D,D,67,,-2.30981
2J0T_A_D,D,68,,-1.91128
2J0T_A_D,D,69,,-2.66398
2J0T_A_D,D,70,,-0.13795
2J0T_A_D,D,75,,-2.69773
2J0T_A_D,D,98,,-2.50288
2J0T_A_D,D,99,,-0.03451
2J12_A_B,A,8,,-2.79323
2J12_A_B,A,10,,-2.80838
2J12_A_B,A,11,,-2.80672
2J12_A_B,A,17,,-2.81099
2J12_A_B,A,18,,-2.81538
2J12_A_B,A,19,,-2.76768
2J12_A_B,A,22,,-2.72374
2J12_A_B,A,43,,-2.64798
2J12_A_B,A,44,,-2.4859
2J12_A_B,A,48,,-2.81454
2J12_A_B,A,49,,-2.83502
2J12_A_B,A,82,,-2.85329
2J12_A_B,A,83,,-2.81959
2J12_A_B,A,88,,-2.83624
2J12_A_B,A,91,,-2.84675
2J12_A_B,A,92,,-2.80735
2J12_A_B,A,94,,-2.8515
2J12_A_B,A,168,,-2.78817
2J12_A_B,A,170,,-2.74666
2J12_A_B,B,32,,-2.70199
2J12_A_B,B,33,,-2.66769
2J12_A_B,B,34,,-2.53266
2J12_A_B,B,36,,-1.47218
2J12_A_B,B,38,,-1.64484
2J12_A_B,B,40,,-2.39019
2J12_A_B,B,48,,-2.59699
2J12_A_B,B,49,,-2.66835
2J12_A_B,B,51,,-2.52963
2J12_A_B,B,52,,-2.7297
2J12_A_B,B,55,,-2.49851
2J12_A_B,B,57,,-2.18659
2J12_A_B,B,62,,-2.15153
2J12_A_B,B,64,,-2.68371
2J12_A_B,B,65,,-0.87221
2J12_A_B,B,103,,-2.37375
2J12_A_B,B,105,,-1.96187
2J12_A_B,B,107,,-2.52355
2J12_A_B,B,108,,-2.54817
2J12_A_B,B,110,,-2.68778
2J1K_C_T,C,10,,-2.83965
2J1K_C_T,C,12,,-2.85446
2J1K_C_T,C,13,,-2.82589
2J1K_C_T,C,16,,-2.85383
2J1K_C_T,C,19,,-2.76656
2J1K_C_T,C,20,,-2.85672
2J1K_C_T,C,21,,-2.83981
2J1K_C_T,C,24,,-2.6799
2J1K_C_T,C,45,,-2.82872
2J1K_C_T,C,46,,-2.85015
2J1K_C_T,C,49,,-2.87523
2J1K_C_T,C,78,,-2.76805
2J1K_C_T,C,79,,-2.84257
2J1K_C_T,C,80,,-2.80664
2J1K_C_T,C,81,,-2.85583
2J1K_C_T,C,91,,-2.84247
2J1K_C_T,C,92,,-2.86204
2J1K_C_T,C,93,,-2.86933
2J1K_C_T,C,94,,-2.86196
2J1K_C_T,T,32,,-2.69839
2J1K_C_T,T,33,,-2.66662
2J1K_C_T,T,34,,-2.53102
2J1K_C_T,T,36,,-1.53673
2J1K_C_T,T,38,,-1.68606
2J1K_C_T,T,48,,-2.59864
2J1K_C_T,T,51,,-2.54295
2J1K_C_T,T,52,,-2.734
2J1K_C_T,T,55,,-2.55185
2J1K_C_T,T,57,,-2.20577
2J1K_C_T,T,58,,-2.07865
2J1K_C_T,T,62,,-2.16085
2J1K_C_T,T,65,,-0.87889
2J1K_C_T,T,103,,-2.3659
2J1K_C_T,T,105,,-1.94388
2J1K_C_T,T,107,,-2.53085
2J1K_C_T,T,108,,-2.52477
2J8U_ABC_EF,A,62,,-2.24786
2J8U_ABC_EF,A,65,,-2.24261
2J8U_ABC_EF,A,66,,-1.64301
2J8U_ABC_EF,A,68,,-2.45426
2J8U_ABC_EF,A,69,,-2.60608
2J8U_ABC_EF,A,72,,-2.4889
2J8U_ABC_EF,A,76,,-2.65831
2J8U_ABC_EF,A,146,,-1.81069
2J8U_ABC_EF,A,150,,-2.11865
2J8U_ABC_EF,A,151,,-2.3197
2J8U_ABC_EF,A,154,,-2.38707
2J8U_ABC_EF,A,155,,-2.62306
2J8U_ABC_EF,A,158,,-2.80868
2J8U_ABC_EF,A,162,,-2.42862
2J8U_ABC_EF,A,163,,-2.01708
2J8U_ABC_EF,A,166,,-2.40297
2J8U_ABC_EF,E,29,,-2.21333
2J8U_ABC_EF,E,30,,-2.55329
2J8U_ABC_EF,E,32,,-2.15918
2J8U_ABC_EF,E,51,,-2.61289
2J8U_ABC_EF,E,52,,-2.67581
2J8U_ABC_EF,E,93,,-2.50977
2J8U_ABC_EF,E,95,,-2.78709
2J8U_ABC_EF,E,96,,-2.72194
2J8U_ABC_EF,E,97,,-2.73202
2J8U_ABC_EF,E,98,,-2.81826
2J8U_ABC_EF,E,99,,-2.76265
2J8U_ABC_EF,E,100,,-2.82001
2J8U_ABC_EF,F,30,,-1.69224
2J8U_ABC_EF,F,31,,-2.24631
2J8U_ABC_EF,F,50,,-2.45423
2J8U_ABC_EF,F,51,,-2.57374
2J8U_ABC_EF,F,56,,-2.1715
2J8U_ABC_EF,F,96,,-2.38406
2J8U_ABC_EF,F,97,,-2.82379
2J8U_ABC_EF,F,99,,-2.85229
2JCC_ABC_EF,A,65,,-2.34272
2JCC_ABC_EF,A,66,,-1.68419
2JCC_ABC_EF,A,68,,-2.45735
2JCC_ABC_EF,A,69,,-2.5401
2JCC_ABC_EF,A,72,,-2.43046
2JCC_ABC_EF,A,76,,-2.58201
2JCC_ABC_EF,A,146,,-1.90328
2JCC_ABC_EF,A,150,,-2.14832
2JCC_ABC_EF,A,151,,-2.2296
2JCC_ABC_EF,A,154,,-2.41136
2JCC_ABC_EF,A,155,,-2.6601
2JCC_ABC_EF,A,158,,-2.79688
2JCC_ABC_EF,A,162,,-2.49301
2JCC_ABC_EF,A,163,,-2.41621
2JCC_ABC_EF,A,166,,-2.42241
2JCC_ABC_EF,E,28,,-1.73665
2JCC_ABC_EF,E,29,,-2.21333
2JCC_ABC_EF,E,30,,-2.55329
2JCC_ABC_EF,E,32,,-2.15918
2JCC_ABC_EF,E,51,,-2.61289
2JCC_ABC_EF,E,52,,-2.67581
2JCC_ABC_EF,E,93,,-2.50977
2JCC_ABC_EF,E,95,,-2.78709
2JCC_ABC_EF,E,96,,-2.72194
2JCC_ABC_EF,E,97,,-2.73202
2JCC_ABC_EF,E,99,,-2.76265
2JCC_ABC_EF,E,100,,-2.82001
2JCC_ABC_EF,F,30,,-1.69224
2JCC_ABC_EF,F,31,,-2.24631
2JCC_ABC_EF,F,50,,-2.45423
2JCC_ABC_EF,F,51,,-2.57374
2JCC_ABC_EF,F,56,,-2.1715
2JCC_ABC_EF,F,96,,-2.38406
2JCC_ABC_EF,F,97,,-2.82379
2JCC_ABC_EF,F,99,,-2.85229
2JEL_LH_P,H,31,,-1.49693
2JEL_LH_P,H,33,,-2.08213
2JEL_LH_P,H,50,,-2.48885
2JEL_LH_P,H,52,,-1.97562
2JEL_LH_P,H,54,,-1.99813
2JEL_LH_P,H,55,,-1.75123
2JEL_LH_P,H,57,,-2.30354
2JEL_LH_P,H,99,,-2.7028
2JEL_LH_P,H,100,,-2.76695
2JEL_LH_P,H,101,,-2.59387
2JEL_LH_P,H,104,,-2.5425
2JEL_LH_P,L,31,,-2.60293
2JEL_LH_P,L,32,,-2.6644
2JEL_LH_P,L,33,,-2.4491
2JEL_LH_P,L,37,,-2.54807
2JEL_LH_P,L,99,,-2.70035
2JEL_LH_P,L,101,,-2.83073
2JEL_LH_P,P,1,,-0.01044
2JEL_LH_P,P,2,,-1.94759
2JEL_LH_P,P,3,,-1.99251
2JEL_LH_P,P,4,,-2.08444
2JEL_LH_P,P,34,,-2.28189
2JEL_LH_P,P,36,,-2.21275
2JEL_LH_P,P,41,,-1.90852
2JEL_LH_P,P,64,,-2.36381
2JEL_LH_P,P,66,,-2.22463
2JEL_LH_P,P,67,,-0.02379
2JEL_LH_P,P,68,,-1.6874
2JEL_LH_P,P,70,,-0.52819
2JEL_LH_P,P,71,,-1.92588
2JEL_LH_P,P,72,,-1.92408
2JEL_LH_P,P,75,,-1.21135
2KSO_A_B,A,7,,-2.69268
2KSO_A_B,A,8,,-2.67094
2KSO_A_B,A,10,,-2.16266
2KSO_A_B,A,44,,-2.51676
2KSO_A_B,A,45,,-2.46789
2KSO_A_B,A,46,,-2.70807
2KSO_A_B,A,47,,-0.5715
2KSO_A_B,A,49,,-1.98032
2KSO_A_B,A,50,,-1.85161
2KSO_A_B,A,53,,-2.65565
2KSO_A_B,B,19,,-2.16858
2KSO_A_B,B,20,,-2.19954
2KSO_A_B,B,21,,-2.56581
2KSO_A_B,B,22,,-1.05158
2KSO_A_B,B,23,,-1.5145
2KSO_A_B,B,24,,-0.99022
2KSO_A_B,B,25,,-1.85302
2KSO_A_B,B,28,,-2.36655
2KSO_A_B,B,35,,-2.2213
2KSO_A_B,B,36,,-0.90804
2KSO_A_B,B,38,,-2.52462
2KSO_A_B,B,39,,-2.40054
2NOJ_A_B,A,29,,-0.36874
2NOJ_A_B,A,30,,-2.30391
2NOJ_A_B,A,39,,-2.60934
2NOJ_A_B,A,40,,-1.89811
2NOJ_A_B,A,42,,-0.51284
2NOJ_A_B,A,43,,-2.37809
2NOJ_A_B,A,46,,-1.11337
2NOJ_A_B,A,90,,-2.0444
2NOJ_A_B,A,91,,-1.98834
2NOJ_A_B,A,92,,-2.35409
2NOJ_A_B,A,93,,-1.15765
2NOJ_A_B,A,94,,-2.43212
2NOJ_A_B,A,95,,-0.87222
2NOJ_A_B,A,96,,-0.35363
2NOJ_A_B,A,97,,-1.9856
2NOJ_A_B,A,98,,-2.1667
2NOJ_A_B,A,156,,-2.61999
2NOJ_A_B,A,157,,-1.8961
2NOJ_A_B,A,160,,-2.31041
2NOJ_A_B,A,161,,-2.67621
2NOJ_A_B,B,20,,-2.82461
2NOJ_A_B,B,23,,-1.76284
2NOJ_A_B,B,24,,-2.72042
2NOJ_A_B,B,27,,-2.74491
2NOJ_A_B,B,28,,-2.64283
2NOJ_A_B,B,31,,-2.43024
2NOJ_A_B,B,32,,-2.66632
2NOJ_A_B,B,34,,-2.64455
2NOJ_A_B,B,36,,-2.87827
2NOJ_A_B,B,45,,-2.63726
2NOJ_A_B,B,52,,-2.46707
2NOJ_A_B,B,56,,-2.71246
2NOJ_A_B,B,57,,-2.68636
2NOJ_A_B,B,58,,-2.79152
2NU0_E_I,E,11,,-1.99425
2NU0_E_I,E,12,,-1.97307
2NU0_E_I,E,13,,-1.36659
2NU0_E_I,E,14,,-0.00706
2NU0_E_I,E,33,,-0.01869
2NU0_E_I,E,118,,-0.1657
2NU0_E_I,E,119,,-0.69664
2NU0_E_I,E,120,,-0.04871
2NU0_E_I,E,121,,-1.55596
2NU0_E_I,E,122,,-2.12309
2NU0_E_I,E,136,,-0.37151
2NU0_E_I,E,138,,-0.99357
2NU0_E_I,E,139,,-0.01415
2NU0_E_I,E,141,,-0.0084
2NU0_E_I,E,157,,-0.25712
2NU0_E_I,E,158,,-0.04061
2NU0_E_I,E,159,,-0.13384
2NU0_E_I,E,160,,-0.16237
2NU0_E_I,I,8,,-2.77892
2NU0_E_I,I,9,,-2.80777
2NU0_E_I,I,10,,-2.77126
2NU0_E_I,I,11,,-0.02342
2NU0_E_I,I,12,,-1.77789
2NU0_E_I,I,13,,-2.6912
2NU0_E_I,I,14,,-1.57031
2NU0_E_I,I,15,,-2.05534
2NU0_E_I,I,16,,-2.22506
2NU0_E_I,I,27,,-2.79202
2NU0_E_I,I,31,,-2.69268
2NU1_E_I,E,11,,-1.99425
2NU1_E_I,E,12,,-1.97307
2NU1_E_I,E,13,,-1.36659
2NU1_E_I,E,14,,-0.00706
2NU1_E_I,E,33,,-0.01869
2NU1_E_I,E,118,,-0.1657
2NU1_E_I,E,119,,-0.69664
2NU1_E_I,E,120,,-0.04871
2NU1_E_I,E,121,,-1.55596
2NU1_E_I,E,122,,-2.12309
2NU1_E_I,E,136,,-0.37151
2NU1_E_I,E,138,,-0.99357
2NU1_E_I,E,139,,-0.01415
2NU1_E_I,E,141,,-0.0084
2NU1_E_I,E,157,,-0.25712
2NU1_E_I,E,158,,-0.04061
2NU1_E_I,E,159,,-0.13384
2NU1_E_I,I,5,,-2.5293
2NU1_E_I,I,8,,-2.7709
2NU1_E_I,I,9,,-2.80112
2NU1_E_I,I,10,,-2.7489
2NU1_E_I,I,11,,-0.03107
2NU1_E_I,I,12,,-1.85994
2NU1_E_I,I,13,,-2.6912
2NU1_E_I,I,14,,-1.64946
2NU1_E_I,I,15,,-1.89115
2NU1_E_I,I,16,,-2.31689
2NU1_E_I,I,27,,-2.76217
2NU1_E_I,I,31,,-2.68824
2NU2_E_I,E,11,,-1.99425
2NU2_E_I,E,12,,-1.97307
2NU2_E_I,E,13,,-1.36659
2NU2_E_I,E,14,,-0.00706
2NU2_E_I,E,33,,-0.01869
2NU2_E_I,E,118,,-0.1657
2NU2_E_I,E,119,,-0.69664
2NU2_E_I,E,120,,-0.04871
2NU2_E_I,E,121,,-1.55596
2NU2_E_I,E,122,,-2.12309
2NU2_E_I,E,136,,-0.37151
2NU2_E_I,E,138,,-0.99357
2NU2_E_I,E,139,,-0.01415
2NU2_E_I,E,141,,-0.0084
2NU2_E_I,E,157,,-0.25712
2NU2_E_I,E,158,,-0.04061
2NU2_E_I,E,159,,-0.13384
2NU2_E_I,E,160,,-0.16237
2NU2_E_I,I,8,,-2.77259
2NU2_E_I,I,9,,-2.80773
2NU2_E_I,I,10,,-2.75055
2NU2_E_I,I,11,,-0.02175
2NU2_E_I,I,12,,-1.62329
2NU2_E_I,I,13,,-2.6912
2NU2_E_I,I,14,,-1.51529
2NU2_E_I,I,15,,-1.83761
2NU2_E_I,I,16,,-2.32706
2NU2_E_I,I,27,,-2.75143
2NU2_E_I,I,31,,-2.68148
2NU4_E_I,E,11,,-1.99425
2NU4_E_I,E,12,,-1.97307
2NU4_E_I,E,13,,-1.36659
2NU4_E_I,E,14,,-0.00706
2NU4_E_I,E,33,,-0.01869
2NU4_E_I,E,118,,-0.1657
2NU4_E_I,E,119,,-0.69664
2NU4_E_I,E,120,,-0.04871
2NU4_E_I,E,121,,-1.55596
2NU4_E_I,E,122,,-2.12309
2NU4_E_I,E,136,,-0.37151
2NU4_E_I,E,138,,-0.99357
2NU4_E_I,E,139,,-0.01415
2NU4_E_I,E,141,,-0.0084
2NU4_E_I,E,157,,-0.25712
2NU4_E_I,E,158,,-0.04061
2NU4_E_I,E,159,,-0.13384
2NU4_E_I,E,160,,-0.16237
2NU4_E_I,I,8,,-2.77372
2NU4_E_I,I,9,,-2.81566
2NU4_E_I,I,10,,-2.7249
2NU4_E_I,I,11,,-0.02312
2NU4_E_I,I,12,,-1.67828
2NU4_E_I,I,13,,-2.6912
2NU4_E_I,I,14,,-1.60985
2NU4_E_I,I,15,,-1.86771
2NU4_E_I,I,16,,-2.36031
2NU4_E_I,I,27,,-2.74937
2NU4_E_I,I,31,,-2.68903
2NY7_HL_G,G,92,,-2.92567
2NY7_HL_G,G,115,,-2.87754
2NY7_HL_G,G,116,,-2.53657
2NY7_HL_G,G,171,,-2.88788
2NY7_HL_G,G,172,,-2.86863
2NY7_HL_G,G,173,,-2.88335
2NY7_HL_G,G,174,,-2.91887
2NY7_HL_G,G,175,,-2.91166
2NY7_HL_G,G,176,,-2.8929
2NY7_HL_G,G,177,,-2.67632
2NY7_HL_G,G,178,,-2.93535
2NY7_HL_G,G,179,,-2.92395
2NY7_HL_G,G,192,,-2.22522
2NY7_HL_G,G,215,,-2.85216
2NY7_HL_G,G,217,,-2.78743
2NY7_HL_G,G,228,,-2.79972
2NY7_HL_G,G,229,,-2.87709
2NY7_HL_G,G,230,,-2.89079
2NY7_HL_G,G,253,,-2.94493
2NY7_HL_G,G,270,,-2.91205
2NY7_HL_G,G,271,,-2.9372
2NY7_HL_G,G,272,,-2.93572
2NY7_HL_G,G,273,,-2.91844
2NY7_HL_G,H,28,,-1.06393
2NY7_HL_G,H,30,,-1.41451
2NY7_HL_G,H,31,,-1.60856
2NY7_HL_G,H,32,,-1.09887
2NY7_HL_G,H,50,,-2.36117
2NY7_HL_G,H,52,,-2.0011
2NY7_HL_G,H,54,,-2.33958
2NY7_HL_G,H,55,,-1.7979
2NY7_HL_G,H,57,,-2.43664
2NY7_HL_G,H,58,,-2.55196
2NY7_HL_G,H,74,,-2.05299
2NY7_HL_G,H,75,,-1.25665
2NY7_HL_G,H,102,,-2.84702
2NY7_HL_G,H,104,,-2.67289
2NY7_HL_G,H,108,,-2.74821
2NY7_HL_G,H,112,,-2.81051
2NYY_DC_A,C,28,,-2.23657
2NYY_DC_A,C,30,,-2.59876
2NYY_DC_A,C,31,,-2.42559
2NYY_DC_A,C,32,,-2.5407
2NYY_DC_A,C,33,,-2.50056
2NYY_DC_A,C,34,,-2.59592
2NYY_DC_A,C,71,,-1.6219
2NYY_DC_A,C,95,,-2.80884
2NYY_DC_A,C,96,,-2.77104
2NYY_DC_A,C,97,,-2.76197
2NYY_DC_A,C,98,,-2.79819
2NYY_DC_A,C,100,,-2.82302
2NYY_DC_A,D,30,,-1.65952
2NYY_DC_A,D,32,,-1.50681
2NYY_DC_A,D,52,,-2.38383
2NYY_DC_A,D,53,,-2.06243
2NYY_DC_A,D,55,,-1.79781
2NYY_DC_A,D,56,,-2.39132
2NYY_DC_A,D,57,,-2.3676
2NYY_DC_A,D,58,,-1.96422
2NYY_DC_A,D,100,,-2.62655
2NYY_DC_A,D,101,,-2.29282
2NZ9_DC_A,C,28,,-2.23657
2NZ9_DC_A,C,30,,-2.59876
2NZ9_DC_A,C,31,,-2.42559
2NZ9_DC_A,C,32,,-2.5407
2NZ9_DC_A,C,33,,-2.50056
2NZ9_DC_A,C,34,,-2.59592
2NZ9_DC_A,C,35,,-2.66515
2NZ9_DC_A,C,71,,-1.6219
2NZ9_DC_A,C,95,,-2.80884
2NZ9_DC_A,C,96,,-2.77104
2NZ9_DC_A,C,97,,-2.76197
2NZ9_DC_A,C,98,,-2.79819
2NZ9_DC_A,C,100,,-2.82302
2NZ9_DC_A,D,30,,-1.28549
2NZ9_DC_A,D,32,,-1.26848
2NZ9_DC_A,D,52,,-2.1892
2NZ9_DC_A,D,53,,-2.01171
2NZ9_DC_A,D,55,,-1.61334
2NZ9_DC_A,D,56,,-2.36943
2NZ9_DC_A,D,57,,-2.18396
2NZ9_DC_A,D,58,,-1.96146
2NZ9_DC_A,D,100,,-2.60888
2NZ9_DC_A,D,101,,-2.21571
2O3B_A_B,A,59,,-2.3088
2O3B_A_B,A,60,,-0.14953
2O3B_A_B,A,61,,-2.5033
2O3B_A_B,A,62,,-1.02233
2O3B_A_B,A,63,,-1.1438
2O3B_A_B,A,64,,-0.15918
2O3B_A_B,A,65,,-2.12421
2O3B_A_B,A,66,,-2.42317
2O3B_A_B,A,68,,-2.12158
2O3B_A_B,A,78,,-2.21675
2O3B_A_B,A,79,,-2.3143
2O3B_A_B,A,80,,-2.07899
2O3B_A_B,A,83,,-2.0682
2O3B_A_B,A,84,,-1.69757
2O3B_A_B,A,88,,-0.01024
2O3B_A_B,A,89,,-0.31075
2O3B_A_B,A,91,,-0.0469
2O3B_A_B,A,122,,-0.03222
2O3B_A_B,A,123,,-2.12669
2O3B_A_B,A,130,,-0.02169
2O3B_A_B,B,22,,-2.85144
2O3B_A_B,B,23,,-2.82493
2O3B_A_B,B,24,,-2.83126
2O3B_A_B,B,25,,-2.71421
2O3B_A_B,B,26,,-2.72609
2O3B_A_B,B,27,,-2.85653
2O3B_A_B,B,69,,-2.85412
2O3B_A_B,B,74,,-2.77163
2O3B_A_B,B,75,,-2.80824
2O3B_A_B,B,76,,-2.82662
2O3B_A_B,B,80,,-2.83837
2O3B_A_B,B,81,,-2.89543
2O3B_A_B,B,110,,-2.88704
2O3B_A_B,B,111,,-2.81847
2O3B_A_B,B,133,,-2.81714
2O3B_A_B,B,134,,-2.82638
2O3B_A_B,B,135,,-2.79304
2OI9_AQ_BC,A,65,,-2.85646
2OI9_AQ_BC,A,66,,-2.89659
2OI9_AQ_BC,A,69,,-2.72025
2OI9_AQ_BC,A,72,,-2.84898
2OI9_AQ_BC,A,75,,-2.8953
2OI9_AQ_BC,A,76,,-2.63404
2OI9_AQ_BC,A,79,,-2.86418
2OI9_AQ_BC,A,80,,-2.88685
2OI9_AQ_BC,A,146,,-2.85681
2OI9_AQ_BC,A,150,,-2.84802
2OI9_AQ_BC,A,151,,-2.86586
2OI9_AQ_BC,A,154,,-2.77952
2OI9_AQ_BC,A,155,,-2.75836
2OI9_AQ_BC,A,157,,-2.82447
2OI9_AQ_BC,A,158,,-2.82283
2OI9_AQ_BC,A,163,,-2.93063
2OI9_AQ_BC,B,28,,-2.03477
2OI9_AQ_BC,B,29,,-2.56041
2OI9_AQ_BC,B,31,,-2.15548
2OI9_AQ_BC,B,48,,-2.40004
2OI9_AQ_BC,B,50,,-2.66945
2OI9_AQ_BC,B,51,,-2.54263
2OI9_AQ_BC,B,52,,-2.46326
2OI9_AQ_BC,B,95,,-2.68294
2OI9_AQ_BC,B,96,,-2.5121
2OI9_AQ_BC,B,97,,-2.61647
2OI9_AQ_BC,C,28,,-2.01164
2OI9_AQ_BC,C,30,,-1.88043
2OI9_AQ_BC,C,31,,-1.98204
2OI9_AQ_BC,C,50,,-2.41766
2OI9_AQ_BC,C,51,,-2.35107
2OI9_AQ_BC,C,52,,-2.05937
2OI9_AQ_BC,C,53,,-2.1755
2OI9_AQ_BC,C,54,,-2.59505
2OI9_AQ_BC,C,95,,-2.68129
2OI9_AQ_BC,C,96,,-2.58934
2OI9_AQ_BC,C,97,,-2.60036
2OOB_A_B,A,5,,-1.98937
2OOB_A_B,A,6,,-2.29751
2OOB_A_B,A,8,,-1.54461
2OOB_A_B,A,9,,-2.51284
2OOB_A_B,A,10,,-2.49401
2OOB_A_B,A,12,,-2.14219
2OOB_A_B,A,13,,-2.20619
2OOB_A_B,A,18,,-2.00445
2OOB_A_B,A,22,,-2.42785
2OOB_A_B,B,6,,-0.25699
2OOB_A_B,B,8,,-1.46858
2OOB_A_B,B,44,,-0.39123
2OOB_A_B,B,46,,-1.91666
2OOB_A_B,B,47,,-0.06685
2OOB_A_B,B,49,,-1.55396
2OOB_A_B,B,68,,-0.19317
2OOB_A_B,B,70,,-0.97637
2P5E_ABC_DE,A,19,,-1.7563
2P5E_ABC_DE,A,62,,-2.51215
2P5E_ABC_DE,A,65,,-2.34252
2P5E_ABC_DE,A,66,,-1.64095
2P5E_ABC_DE,A,68,,-2.45945
2P5E_ABC_DE,A,69,,-2.5338
2P5E_ABC_DE,A,72,,-2.43664
2P5E_ABC_DE,A,73,,-2.5804
2P5E_ABC_DE,A,75,,-2.54185
2P5E_ABC_DE,A,76,,-2.57618
2P5E_ABC_DE,A,150,,-2.12488
2P5E_ABC_DE,A,151,,-2.3073
2P5E_ABC_DE,A,154,,-2.39531
2P5E_ABC_DE,A,155,,-2.62344
2P5E_ABC_DE,A,158,,-2.81369
2P5E_ABC_DE,A,163,,-1.86841
2P5E_ABC_DE,D,32,,-2.68723
2P5E_ABC_DE,D,54,,-2.56722
2P5E_ABC_DE,D,55,,-2.57862
2P5E_ABC_DE,D,95,,-2.83834
2P5E_ABC_DE,D,96,,-2.73868
2P5E_ABC_DE,D,97,,-2.77951
2P5E_ABC_DE,D,99,,-2.74999
2P5E_ABC_DE,D,100,,-2.83783
2P5E_ABC_DE,D,101,,-2.81265
2P5E_ABC_DE,E,26,,-2.12255
2P5E_ABC_DE,E,28,,-1.64491
2P5E_ABC_DE,E,48,,-2.52535
2P5E_ABC_DE,E,49,,-2.5824
2P5E_ABC_DE,E,50,,-2.34773
2P5E_ABC_DE,E,51,,-2.42551
2P5E_ABC_DE,E,52,,-2.65968
2P5E_ABC_DE,E,54,,-2.49867
2P5E_ABC_DE,E,69,,-2.58375
2P5E_ABC_DE,E,93,,-2.84904
2P5E_ABC_DE,E,94,,-2.59657
2P5E_ABC_DE,E,95,,-2.78774
2P5E_ABC_DE,E,96,,-2.88774
2P5E_ABC_DE,E,97,,-2.78763
2PCB_A_B,A,31,,-2.67509
2PCB_A_B,A,32,,-2.66678
2PCB_A_B,A,34,,-2.76516
2PCB_A_B,A,35,,-2.77023
2PCB_A_B,A,38,,-2.62714
2PCB_A_B,A,39,,-2.64325
2PCB_A_B,A,40,,-1.92183
2PCB_A_B,A,120,,-0.30331
2PCB_A_B,A,193,,-2.84086
2PCB_A_B,A,194,,-2.28627
2PCB_A_B,A,195,,-1.88395
2PCB_A_B,A,196,,-2.46636
2PCB_A_B,A,290,,-2.51578
2PCB_A_B,B,5,,-1.92716
2PCB_A_B,B,8,,-2.00921
2PCB_A_B,B,9,,-1.86205
2PCB_A_B,B,12,,-2.32428
2PCB_A_B,B,13,,-1.86003
2PCB_A_B,B,16,,-2.16513
2PCB_A_B,B,72,,-1.9134
2PCB_A_B,B,83,,-2.43404
2PCB_A_B,B,86,,-1.74173
2PCB_A_B,B,87,,-1.77079
2PCB_A_B,B,89,,-1.85562
2PCB_A_B,B,90,,-1.20859
2PCC_A_B,A,31,,-2.67509
2PCC_A_B,A,32,,-2.66678
2PCC_A_B,A,34,,-2.76516
2PCC_A_B,A,38,,-2.62714
2PCC_A_B,A,39,,-2.64325
2PCC_A_B,A,120,,-0.30331
2PCC_A_B,A,193,,-2.84086
2PCC_A_B,A,194,,-2.28627
2PCC_A_B,A,195,,-1.88395
2PCC_A_B,A,196,,-2.46636
2PCC_A_B,A,197,,-2.44661
2PCC_A_B,A,199,,-1.21081
2PCC_A_B,A,229,,-1.86126
2PCC_A_B,A,290,,-2.51578
2PCC_A_B,B,10,,-2.07847
2PCC_A_B,B,14,,-1.86814
2PCC_A_B,B,17,,-2.25325
2PCC_A_B,B,18,,-2.16853
2PCC_A_B,B,21,,-2.02114
2PCC_A_B,B,22,,-0.01117
2PCC_A_B,B,33,,-2.1475
2PCC_A_B,B,75,,-2.07519
2PCC_A_B,B,77,,-1.79317
2PCC_A_B,B,78,,-1.76333
2PCC_A_B,B,86,,-2.47975
2PCC_A_B,B,87,,-1.03305
2PCC_A_B,B,88,,-2.01334
2PCC_A_B,B,91,,-1.64361
2PCC_A_B,B,92,,-1.68432
2PYE_ABC_DE,A,62,,-2.51215
2PYE_ABC_DE,A,65,,-2.34252
2PYE_ABC_DE,A,66,,-1.64095
2PYE_ABC_DE,A,68,,-2.45945
2PYE_ABC_DE,A,69,,-2.5338
2PYE_ABC_DE,A,72,,-2.43664
2PYE_ABC_DE,A,73,,-2.5804
2PYE_ABC_DE,A,75,,-2.54185
2PYE_ABC_DE,A,76,,-2.57618
2PYE_ABC_DE,A,150,,-2.12488
2PYE_ABC_DE,A,151,,-2.3073
2PYE_ABC_DE,A,154,,-2.39531
2PYE_ABC_DE,A,155,,-2.62344
2PYE_ABC_DE,A,163,,-1.86841
2PYE_ABC_DE,D,32,,-2.62018
2PYE_ABC_DE,D,52,,-2.62602
2PYE_ABC_DE,D,54,,-2.31025
2PYE_ABC_DE,D,55,,-2.60935
2PYE_ABC_DE,D,95,,-2.83479
2PYE_ABC_DE,D,96,,-2.73426
2PYE_ABC_DE,D,97,,-2.77471
2PYE_ABC_DE,D,99,,-2.72738
2PYE_ABC_DE,D,100,,-2.82483
2PYE_ABC_DE,D,101,,-2.81064
2PYE_ABC_DE,E,27,,-2.09025
2PYE_ABC_DE,E,29,,-1.73049
2PYE_ABC_DE,E,49,,-2.62789
2PYE_ABC_DE,E,50,,-2.62961
2PYE_ABC_DE,E,51,,-2.6292
2PYE_ABC_DE,E,53,,-2.71554
2PYE_ABC_DE,E,55,,-2.38874
2PYE_ABC_DE,E,70,,-2.5793
2PYE_ABC_DE,E,94,,-2.84903
2PYE_ABC_DE,E,95,,-2.60737
2PYE_ABC_DE,E,96,,-2.78821
2PYE_ABC_DE,E,97,,-2.8836
2QJ9_AB_C,A,5,,-2.09729
2QJ9_AB_C,A,38,,-1.91672
2QJ9_AB_C,A,39,,-1.9174
2QJ9_AB_C,A,40,,-0.51105
2QJ9_AB_C,A,41,,-1.45261
2QJ9_AB_C,A,42,,-2.42934
2QJ9_AB_C,A,43,,-2.35792
2QJ9_AB_C,A,44,,-2.3749
2QJ9_AB_C,A,46,,-1.37451
2QJ9_AB_C,A,47,,-0.9705
2QJ9_AB_C,A,49,,-0.32335
2QJ9_AB_C,A,52,,-1.50381
2QJ9_AB_C,A,56,,-1.04158
2QJ9_AB_C,A,59,,-2.39856
2QJ9_AB_C,A,60,,-2.49648
2QJ9_AB_C,A,62,,-1.83167
2QJ9_AB_C,B,15,,-0.61247
2QJ9_AB_C,B,16,,-0.68224
2QJ9_AB_C,B,17,,-0.15878
2QJ9_AB_C,B,20,,-0.20837
2QJ9_AB_C,B,82,,-0.48405
2QJ9_AB_C,B,90,,-0.91966
2QJ9_AB_C,B,92,,-1.89013
2QJ9_AB_C,C,12,,-2.80507
2QJ9_AB_C,C,14,,-2.81942
2QJ9_AB_C,C,15,,-2.8358
2QJ9_AB_C,C,24,,-2.77744
2QJ9_AB_C,C,29,,-1.87601
2QJ9_AB_C,C,31,,-2.72623
2QJ9_AB_C,C,46,,-0.06608
2QJ9_AB_C,C,48,,-2.69946
2QJ9_AB_C,C,49,,-2.81061
2QJ9_AB_C,C,50,,-2.41856
2QJ9_AB_C,C,51,,-2.6599
2QJ9_AB_C,C,53,,-2.88586
2QJ9_AB_C,C,54,,-2.92137
2QJ9_AB_C,C,55,,-2.77413
2QJ9_AB_C,C,57,,-2.78169
2QJ9_AB_C,C,59,,-2.71542
2QJ9_AB_C,C,60,,-2.85415
2QJ9_AB_C,C,61,,-2.83601
2QJ9_AB_C,C,62,,-2.63996
2QJ9_AB_C,C,63,,-2.23696
2QJ9_AB_C,C,66,,-2.80714
2QJ9_AB_C,C,68,,-2.5604
2QJA_AB_C,A,5,,-2.09729
2QJA_AB_C,A,38,,-1.91672
2QJA_AB_C,A,39,,-1.9174
2QJA_AB_C,A,40,,-0.51105
2QJA_AB_C,A,41,,-1.45261
2QJA_AB_C,A,42,,-2.42934
2QJA_AB_C,A,43,,-2.35792
2QJA_AB_C,A,44,,-2.3749
2QJA_AB_C,A,49,,-0.32335
2QJA_AB_C,A,52,,-1.50381
2QJA_AB_C,A,53,,-1.16693
2QJA_AB_C,A,56,,-1.04158
2QJA_AB_C,A,59,,-2.39856
2QJA_AB_C,A,60,,-2.49648
2QJA_AB_C,A,62,,-1.83167
2QJA_AB_C,B,16,,-0.61523
2QJA_AB_C,B,17,,-0.69256
2QJA_AB_C,B,18,,-0.15734
2QJA_AB_C,B,21,,-0.20924
2QJA_AB_C,B,93,,-1.88902
2QJA_AB_C,C,12,,-2.78012
2QJA_AB_C,C,14,,-2.79374
2QJA_AB_C,C,15,,-2.81509
2QJA_AB_C,C,24,,-2.76036
2QJA_AB_C,C,29,,-1.74368
2QJA_AB_C,C,31,,-2.74135
2QJA_AB_C,C,33,,-2.65498
2QJA_AB_C,C,46,,-0.08019
2QJA_AB_C,C,47,,-2.66567
2QJA_AB_C,C,48,,-2.54851
2QJA_AB_C,C,50,,-2.75114
2QJA_AB_C,C,51,,-2.78783
2QJA_AB_C,C,53,,-2.86992
2QJA_AB_C,C,54,,-2.89726
2QJA_AB_C,C,55,,-2.72428
2QJA_AB_C,C,57,,-2.74115
2QJA_AB_C,C,59,,-2.69327
2QJA_AB_C,C,60,,-2.82822
2QJA_AB_C,C,61,,-2.80318
2QJA_AB_C,C,62,,-2.57377
2QJA_AB_C,C,63,,-2.14433
2QJA_AB_C,C,66,,-2.78069
2QJA_AB_C,C,68,,-2.53521
2QJB_AB_C,A,4,,-2.07456
2QJB_AB_C,A,37,,-1.89625
2QJB_AB_C,A,38,,-1.89384
2QJB_AB_C,A,39,,-0.49798
2QJB_AB_C,A,40,,-1.44056
2QJB_AB_C,A,41,,-2.42798
2QJB_AB_C,A,42,,-2.38762
2QJB_AB_C,A,43,,-2.37831
2QJB_AB_C,A,46,,-0.97187
2QJB_AB_C,A,48,,-0.34302
2QJB_AB_C,A,51,,-1.48694
2QJB_AB_C,A,55,,-1.04035
2QJB_AB_C,A,58,,-2.39493
2QJB_AB_C,A,59,,-2.49281
2QJB_AB_C,A,61,,-1.79954
2QJB_AB_C,B,15,,-1.75432
2QJB_AB_C,B,16,,-0.61523
2QJB_AB_C,B,17,,-0.69256
2QJB_AB_C,B,18,,-0.15734
2QJB_AB_C,B,21,,-0.20924
2QJB_AB_C,B,91,,-0.91967
2QJB_AB_C,B,93,,-1.88902
2QJB_AB_C,C,12,,-2.80743
2QJB_AB_C,C,14,,-2.7423
2QJB_AB_C,C,15,,-2.81961
2QJB_AB_C,C,24,,-2.78901
2QJB_AB_C,C,31,,-2.74229
2QJB_AB_C,C,46,,-0.06478
2QJB_AB_C,C,47,,-2.63748
2QJB_AB_C,C,48,,-2.57163
2QJB_AB_C,C,50,,-2.63949
2QJB_AB_C,C,51,,-2.79063
2QJB_AB_C,C,53,,-2.88015
2QJB_AB_C,C,54,,-2.90541
2QJB_AB_C,C,55,,-2.72031
2QJB_AB_C,C,57,,-2.75466
2QJB_AB_C,C,58,,-2.84161
2QJB_AB_C,C,59,,-2.70854
2QJB_AB_C,C,60,,-2.8473
2QJB_AB_C,C,61,,-2.81749
2QJB_AB_C,C,62,,-2.60984
2QJB_AB_C,C,63,,-2.20009
2QJB_AB_C,C,66,,-2.77399
2QJB_AB_C,C,68,,-2.52118
2REX_A_B,A,62,,-1.1649
2REX_A_B,A,64,,-2.72719
2REX_A_B,A,65,,-2.38472
2REX_A_B,A,66,,-2.61587
2REX_A_B,A,67,,-2.50223
2REX_A_B,A,68,,-2.45997
2REX_A_B,A,69,,-2.6009
2REX_A_B,A,70,,-2.65015
2REX_A_B,A,71,,-2.2715
2REX_A_B,A,76,,-2.4997
2REX_A_B,A,77,,-2.38651
2REX_A_B,A,78,,-2.68937
2REX_A_B,A,93,,-1.8082
2REX_A_B,A,94,,-0.35935
2REX_A_B,A,95,,-1.97891
2REX_A_B,B,34,,-2.0103
2REX_A_B,B,35,,-1.35932
2REX_A_B,B,36,,-2.21324
2REX_A_B,B,37,,-2.52772
2REX_A_B,B,51,,-0.56338
2REX_A_B,B,58,,-2.47366
2REX_A_B,B,59,,-1.2116
2REX_A_B,B,61,,-2.67109
2REX_A_B,B,62,,-1.54696
2REX_A_B,B,65,,-1.67081
2REX_A_B,B,97,,-2.24663
2SGP_E_I,E,11,,-1.99425
2SGP_E_I,E,12,,-1.97307
2SGP_E_I,E,13,,-1.36659
2SGP_E_I,E,14,,-0.00706
2SGP_E_I,E,33,,-0.01869
2SGP_E_I,E,118,,-0.1657
2SGP_E_I,E,119,,-0.69664
2SGP_E_I,E,120,,-0.04871
2SGP_E_I,E,121,,-1.55596
2SGP_E_I,E,122,,-2.12309
2SGP_E_I,E,138,,-0.99357
2SGP_E_I,E,139,,-0.01415
2SGP_E_I,E,141,,-0.0084
2SGP_E_I,E,157,,-0.25712
2SGP_E_I,E,158,,-0.04061
2SGP_E_I,E,159,,-0.13384
2SGP_E_I,E,160,,-0.16237
2SGP_E_I,I,8,,-2.79886
2SGP_E_I,I,9,,-2.82054
2SGP_E_I,I,10,,-2.76659
2SGP_E_I,I,11,,-0.04663
2SGP_E_I,I,12,,-2.02745
2SGP_E_I,I,13,,-2.6912
2SGP_E_I,I,14,,-1.63577
2SGP_E_I,I,15,,-2.06883
2SGP_E_I,I,16,,-2.32949
2SGP_E_I,I,27,,-2.79261
2SGP_E_I,I,31,,-2.70083
2SGQ_E_I,E,11,,-1.99425
2SGQ_E_I,E,12,,-1.97307
2SGQ_E_I,E,13,,-1.36659
2SGQ_E_I,E,14,,-0.00706
2SGQ_E_I,E,33,,-0.01869
2SGQ_E_I,E,118,,-0.1657
2SGQ_E_I,E,119,,-0.69664
2SGQ_E_I,E,120,,-0.04871
2SGQ_E_I,E,121,,-1.55596
2SGQ_E_I,E,122,,-2.12309
2SGQ_E_I,E,136,,-0.37151
2SGQ_E_I,E,138,,-0.99357
2SGQ_E_I,E,139,,-0.01415
2SGQ_E_I,E,141,,-0.0084
2SGQ_E_I,E,157,,-0.25712
2SGQ_E_I,E,158,,-0.04061
2SGQ_E_I,E,159,,-0.13384
2SGQ_E_I,E,160,,-0.16237
2SGQ_E_I,I,5,,-2.5124
2SGQ_E_I,I,8,,-2.76955
2SGQ_E_I,I,9,,-2.80648
2SGQ_E_I,I,10,,-2.73646
2SGQ_E_I,I,11,,-0.02638
2SGQ_E_I,I,12,,-1.65357
2SGQ_E_I,I,13,,-2.6912
2SGQ_E_I,I,14,,-1.47042
2SGQ_E_I,I,15,,-1.87422
2SGQ_E_I,I,16,,-2.29711
2SGQ_E_I,I,27,,-2.73719
2SGQ_E_I,I,31,,-2.68463
2SIC_E_I,E,64,,-0.00217
2SIC_E_I,E,96,,-0.30293
2SIC_E_I,E,99,,-1.65232
2SIC_E_I,E,100,,-0.19926
2SIC_E_I,E,101,,-1.26034
2SIC_E_I,E,102,,-0.05992
2SIC_E_I,E,103,,-1.92183
2SIC_E_I,E,104,,-1.99607
2SIC_E_I,E,126,,-0.28469
2SIC_E_I,E,127,,-0.14363
2SIC_E_I,E,128,,-1.31131
2SIC_E_I,E,129,,-2.16825
2SIC_E_I,E,130,,-1.97807
2SIC_E_I,E,154,,-0.01444
2SIC_E_I,E,155,,-0.00843
2SIC_E_I,E,156,,-2.01758
2SIC_E_I,E,189,,-0.22998
2SIC_E_I,E,218,,-0.911
2SIC_E_I,E,221,,-0.00209
2SIC_E_I,I,59,,-2.08978
2SIC_E_I,I,61,,-2.30502
2SIC_E_I,I,62,,-2.32003
2SIC_E_I,I,63,,-2.2702
2SIC_E_I,I,64,,-2.43105
2SIC_E_I,I,65,,-0.06079
2SIC_E_I,I,66,,-1.54021
2SIC_E_I,I,67,,-2.25817
2SIC_E_I,I,68,,-2.2954
2SIC_E_I,I,69,,-1.13551
2SIC_E_I,I,92,,-1.51924
2SIC_E_I,I,95,,-0.02501
2SIC_E_I,I,96,,-1.95179
2UWE_ABC_EF,A,65,,-2.34082
2UWE_ABC_EF,A,66,,-1.63669
2UWE_ABC_EF,A,68,,-2.4646
2UWE_ABC_EF,A,69,,-2.53665
2UWE_ABC_EF,A,72,,-2.43313
2UWE_ABC_EF,A,76,,-2.58511
2UWE_ABC_EF,A,146,,-1.86839
2UWE_ABC_EF,A,149,,-2.31067
2UWE_ABC_EF,A,150,,-2.13246
2UWE_ABC_EF,A,151,,-2.29408
2UWE_ABC_EF,A,154,,-2.40281
2UWE_ABC_EF,A,155,,-2.63877
2UWE_ABC_EF,A,158,,-2.80889
2UWE_ABC_EF,A,162,,-2.44066
2UWE_ABC_EF,A,163,,-1.86824
2UWE_ABC_EF,A,166,,-2.28974
2UWE_ABC_EF,A,167,,-1.61595
2UWE_ABC_EF,E,29,,-2.21333
2UWE_ABC_EF,E,30,,-2.55329
2UWE_ABC_EF,E,32,,-2.15918
2UWE_ABC_EF,E,49,,-2.55352
2UWE_ABC_EF,E,51,,-2.61289
2UWE_ABC_EF,E,52,,-2.67581
2UWE_ABC_EF,E,93,,-2.50977
2UWE_ABC_EF,E,95,,-2.78709
2UWE_ABC_EF,E,96,,-2.72194
2UWE_ABC_EF,E,97,,-2.73202
2UWE_ABC_EF,E,98,,-2.81826
2UWE_ABC_EF,E,99,,-2.76265
2UWE_ABC_EF,E,100,,-2.82001
2UWE_ABC_EF,F,30,,-1.69224
2UWE_ABC_EF,F,31,,-2.24631
2UWE_ABC_EF,F,50,,-2.45423
2UWE_ABC_EF,F,51,,-2.57374
2UWE_ABC_EF,F,56,,-2.1715
2UWE_ABC_EF,F,96,,-2.38406
2UWE_ABC_EF,F,97,,-2.82379
2UWE_ABC_EF,F,99,,-2.85229
2VIR_AB_C,A,96,,-2.47171
2VIR_AB_C,B,30,,-1.72683
2VIR_AB_C,B,31,,-1.67542
2VIR_AB_C,B,52,,-2.32878
2VIR_AB_C,B,53,,-2.51115
2VIR_AB_C,B,54,,-1.96439
2VIR_AB_C,B,56,,-2.14254
2VIR_AB_C,B,58,,-2.09056
2VIR_AB_C,B,100,,-2.80069
2VIR_AB_C,B,101,,-2.7407
2VIR_AB_C,B,102,,-2.75924
2VIR_AB_C,B,103,,-2.72507
2VIR_AB_C,B,105,,-2.57335
2VIR_AB_C,B,107,,-2.74632
2VIR_AB_C,C,87,,-2.87158
2VIR_AB_C,C,88,,-2.86555
2VIR_AB_C,C,89,,-2.91134
2VIR_AB_C,C,90,,-2.89038
2VIR_AB_C,C,91,,-2.84503
2VIR_AB_C,C,92,,-2.85218
2VIR_AB_C,C,93,,-2.87331
2VIR_AB_C,C,94,,-2.8839
2VIR_AB_C,C,95,,-2.87135
2VIR_AB_C,C,103,,-2.85984
2VIR_AB_C,C,111,,-2.90805
2VIR_AB_C,C,113,,-2.89173
2VIR_AB_C,C,114,,-2.84986
2VIR_AB_C,C,115,,-2.80293
2VIR_AB_C,C,116,,-2.76383
2VIR_AB_C,C,117,,-2.88279
2VIR_AB_C,C,148,,-2.8976
2VIR_AB_C,C,151,,-2.91554
2VIR_AB_C,C,152,,-2.84162
2VIR_AB_C,C,184,,-2.84364
2VIS_AB_C,A,96,,-2.47171
2VIS_AB_C,B,30,,-1.72683
2VIS_AB_C,B,31,,-1.67542
2VIS_AB_C,B,52,,-2.32878
2VIS_AB_C,B,53,,-2.51115
2VIS_AB_C,B,54,,-1.96439
2VIS_AB_C,B,56,,-2.14254
2VIS_AB_C,B,58,,-2.09056
2VIS_AB_C,B,100,,-2.80069
2VIS_AB_C,B,101,,-2.7407
2VIS_AB_C,B,102,,-2.75924
2VIS_AB_C,B,103,,-2.72507
2VIS_AB_C,B,105,,-2.57335
2VIS_AB_C,B,107,,-2.74632
2VIS_AB_C,C,87,,-2.82032
2VIS_AB_C,C,88,,-2.85536
2VIS_AB_C,C,89,,-2.90839
2VIS_AB_C,C,90,,-2.8733
2VIS_AB_C,C,91,,-2.83936
2VIS_AB_C,C,92,,-2.85543
2VIS_AB_C,C,93,,-2.85104
2VIS_AB_C,C,94,,-2.88213
2VIS_AB_C,C,95,,-2.87748
2VIS_AB_C,C,103,,-2.86144
2VIS_AB_C,C,113,,-2.89176
2VIS_AB_C,C,114,,-2.86237
2VIS_AB_C,C,115,,-2.81392
2VIS_AB_C,C,116,,-2.76277
2VIS_AB_C,C,117,,-2.88096
2VIS_AB_C,C,148,,-2.89359
2VIS_AB_C,C,151,,-2.91218
2VIS_AB_C,C,152,,-2.83163
2VIS_AB_C,C,184,,-2.85313
2VLN_A_B,A,18,,-2.78008
2VLN_A_B,A,19,,-2.79785
2VLN_A_B,A,20,,-2.87175
2VLN_A_B,A,22,,-2.77586
2VLN_A_B,A,24,,-2.7191
2VLN_A_B,A,25,,-2.8252
2VLN_A_B,A,28,,-2.58657
2VLN_A_B,A,29,,-2.70477
2VLN_A_B,A,32,,-2.69725
2VLN_A_B,A,33,,-2.63176
2VLN_A_B,A,36,,-2.88958
2VLN_A_B,A,42,,-2.87783
2VLN_A_B,A,43,,-2.83034
2VLN_A_B,A,44,,-2.76565
2VLN_A_B,A,45,,-2.91025
2VLN_A_B,A,46,,-2.92142
2VLN_A_B,A,48,,-2.89206
2VLN_A_B,A,49,,-2.89524
2VLN_A_B,A,50,,-2.90647
2VLN_A_B,A,57,,-2.83949
2VLN_A_B,B,54,,-0.30687
2VLN_A_B,B,72,,-2.2597
2VLN_A_B,B,73,,-2.34838
2VLN_A_B,B,74,,-2.45969
2VLN_A_B,B,75,,-1.67322
2VLN_A_B,B,77,,-2.24907
2VLN_A_B,B,78,,-2.13736
2VLN_A_B,B,81,,-1.96068
2VLN_A_B,B,83,,-2.29994
2VLN_A_B,B,86,,-2.62037
2VLN_A_B,B,88,,-2.42279
2VLN_A_B,B,89,,-2.48326
2VLN_A_B,B,92,,-2.58407
2VLN_A_B,B,95,,-2.04108
2VLN_A_B,B,97,,-2.6494
2VLN_A_B,B,98,,-2.32435
2VLO_A_B,A,20,,-2.71353
2VLO_A_B,A,21,,-2.77589
2VLO_A_B,A,22,,-2.86848
2VLO_A_B,A,24,,-2.80444
2VLO_A_B,A,26,,-2.75796
2VLO_A_B,A,27,,-2.83049
2VLO_A_B,A,30,,-2.61387
2VLO_A_B,A,31,,-2.69687
2VLO_A_B,A,34,,-2.71127
2VLO_A_B,A,38,,-2.88877
2VLO_A_B,A,44,,-2.88846
2VLO_A_B,A,45,,-2.829
2VLO_A_B,A,46,,-2.8041
2VLO_A_B,A,47,,-2.915
2VLO_A_B,A,48,,-2.9255
2VLO_A_B,A,50,,-2.90278
2VLO_A_B,A,51,,-2.89393
2VLO_A_B,A,52,,-2.90698
2VLO_A_B,A,59,,-2.8673
2VLO_A_B,B,70,,-1.98562
2VLO_A_B,B,71,,-2.36505
2VLO_A_B,B,72,,-2.69376
2VLO_A_B,B,73,,-1.77124
2VLO_A_B,B,75,,-2.21898
2VLO_A_B,B,76,,-1.84956
2VLO_A_B,B,79,,-1.91002
2VLO_A_B,B,81,,-2.2499
2VLO_A_B,B,82,,-2.31652
2VLO_A_B,B,84,,-2.60942
2VLO_A_B,B,86,,-2.39774
2VLO_A_B,B,87,,-2.61505
2VLO_A_B,B,90,,-2.62709
2VLO_A_B,B,93,,-2.22295
2VLO_A_B,B,95,,-2.61486
2VLO_A_B,B,96,,-2.21197
2VLP_A_B,A,20,,-2.80493
2VLP_A_B,A,21,,-2.80907
2VLP_A_B,A,22,,-2.87446
2VLP_A_B,A,24,,-2.77186
2VLP_A_B,A,26,,-2.74298
2VLP_A_B,A,27,,-2.83269
2VLP_A_B,A,30,,-2.58818
2VLP_A_B,A,31,,-2.71129
2VLP_A_B,A,34,,-2.68631
2VLP_A_B,A,35,,-2.62522
2VLP_A_B,A,38,,-2.88381
2VLP_A_B,A,44,,-2.88252
2VLP_A_B,A,46,,-2.76706
2VLP_A_B,A,47,,-2.91154
2VLP_A_B,A,48,,-2.92262
2VLP_A_B,A,50,,-2.8941
2VLP_A_B,A,51,,-2.89718
2VLP_A_B,A,52,,-2.90838
2VLP_A_B,A,59,,-2.84145
2VLP_A_B,B,72,,-2.00685
2VLP_A_B,B,73,,-2.37268
2VLP_A_B,B,74,,-2.6993
2VLP_A_B,B,75,,-1.73862
2VLP_A_B,B,77,,-2.21713
2VLP_A_B,B,78,,-1.7679
2VLP_A_B,B,81,,-1.91369
2VLP_A_B,B,83,,-2.21149
2VLP_A_B,B,84,,-2.29622
2VLP_A_B,B,86,,-2.61059
2VLP_A_B,B,88,,-2.40525
2VLP_A_B,B,89,,-2.51546
2VLP_A_B,B,92,,-2.58558
2VLP_A_B,B,95,,-2.05635
2VLP_A_B,B,97,,-2.64095
2VLP_A_B,B,98,,-2.31573
2VLQ_A_B,A,23,,-2.80327
2VLQ_A_B,A,24,,-2.80319
2VLQ_A_B,A,25,,-2.87061
2VLQ_A_B,A,27,,-2.76929
2VLQ_A_B,A,29,,-2.75807
2VLQ_A_B,A,30,,-2.83172
2VLQ_A_B,A,33,,-2.54131
2VLQ_A_B,A,34,,-2.71046
2VLQ_A_B,A,38,,-2.62294
2VLQ_A_B,A,41,,-2.86375
2VLQ_A_B,A,47,,-2.8618
2VLQ_A_B,A,48,,-2.83316
2VLQ_A_B,A,49,,-2.73576
2VLQ_A_B,A,50,,-2.90247
2VLQ_A_B,A,51,,-2.92076
2VLQ_A_B,A,53,,-2.88694
2VLQ_A_B,A,54,,-2.89309
2VLQ_A_B,A,55,,-2.91038
2VLQ_A_B,A,62,,-2.82791
2VLQ_A_B,B,54,,-0.31568
2VLQ_A_B,B,72,,-2.05385
2VLQ_A_B,B,73,,-2.40332
2VLQ_A_B,B,74,,-2.70566
2VLQ_A_B,B,75,,-1.68786
2VLQ_A_B,B,77,,-2.18436
2VLQ_A_B,B,78,,-1.67411
2VLQ_A_B,B,81,,-1.84454
2VLQ_A_B,B,83,,-2.18498
2VLQ_A_B,B,86,,-2.60808
2VLQ_A_B,B,88,,-2.56067
2VLQ_A_B,B,89,,-2.70354
2VLQ_A_B,B,92,,-2.58029
2VLQ_A_B,B,95,,-2.00343
2VLQ_A_B,B,97,,-2.61904
2VLQ_A_B,B,98,,-2.21259
2VLR_ABC_DE,A,65,,-2.34252
2VLR_ABC_DE,A,69,,-2.5338
2VLR_ABC_DE,A,72,,-2.43664
2VLR_ABC_DE,A,73,,-2.5804
2VLR_ABC_DE,A,75,,-2.54185
2VLR_ABC_DE,A,76,,-2.57618
2VLR_ABC_DE,A,149,,-2.30068
2VLR_ABC_DE,A,150,,-2.12488
2VLR_ABC_DE,A,151,,-2.3073
2VLR_ABC_DE,A,152,,-2.68357
2VLR_ABC_DE,A,154,,-2.39531
2VLR_ABC_DE,A,155,,-2.62344
2VLR_ABC_DE,A,158,,-2.81369
2VLR_ABC_DE,D,29,,-2.59146
2VLR_ABC_DE,D,49,,-2.75828
2VLR_ABC_DE,D,68,,-2.65157
2VLR_ABC_DE,D,91,,-2.75171
2VLR_ABC_DE,D,92,,-2.76532
2VLR_ABC_DE,D,93,,-2.84034
2VLR_ABC_DE,D,94,,-2.70205
2VLR_ABC_DE,D,95,,-2.8167
2VLR_ABC_DE,E,28,,-1.98879
2VLR_ABC_DE,E,48,,-2.39883
2VLR_ABC_DE,E,49,,-2.66552
2VLR_ABC_DE,E,50,,-2.5704
2VLR_ABC_DE,E,51,,-2.59637
2VLR_ABC_DE,E,52,,-2.62801
2VLR_ABC_DE,E,54,,-2.64297
2VLR_ABC_DE,E,93,,-2.75649
2VLR_ABC_DE,E,94,,-2.6165
2VLR_ABC_DE,E,95,,-2.78932
2VLR_ABC_DE,E,96,,-2.82426
2VLR_ABC_DE,E,97,,-2.84625
2VN5_A_B,A,35,,-1.48273
2VN5_A_B,A,37,,-2.5053
2VN5_A_B,A,39,,-2.37376
2VN5_A_B,A,66,,-2.70403
2VN5_A_B,A,68,,-2.51017
2VN5_A_B,A,73,,-2.60009
2VN5_A_B,A,75,,-2.64878
2VN5_A_B,A,77,,-2.46803
2VN5_A_B,A,79,,-2.54455
2VN5_A_B,A,81,,-2.60901
2VN5_A_B,A,83,,-2.43379
2VN5_A_B,A,115,,-2.463
2VN5_A_B,A,116,,-2.22035
2VN5_A_B,A,118,,-2.59119
2VN5_A_B,A,119,,-2.62864
2VN5_A_B,A,124,,-2.44086
2VN5_A_B,A,125,,-2.37878
2VN5_A_B,A,127,,-2.50462
2VN5_A_B,B,13,,-0.83841
2VN5_A_B,B,14,,-1.96437
2VN5_A_B,B,15,,-2.10623
2VN5_A_B,B,17,,-1.54181
2VN5_A_B,B,18,,-2.1032
2VN5_A_B,B,21,,-1.51741
2VN5_A_B,B,22,,-2.48845
2VN5_A_B,B,25,,-2.56654
2VN5_A_B,B,49,,-0.92345
2VN5_A_B,B,52,,-1.60701
2VN5_A_B,B,53,,-1.853
2VN5_A_B,B,55,,-2.57226
2VN5_A_B,B,56,,-2.51675
2WPT_A_B,A,20,,-2.85137
2WPT_A_B,A,21,,-2.64609
2WPT_A_B,A,22,,-2.75119
2WPT_A_B,A,23,,-2.90604
2WPT_A_B,A,24,,-2.84885
2WPT_A_B,A,26,,-2.87184
2WPT_A_B,A,27,,-2.82821
2WPT_A_B,A,30,,-2.45193
2WPT_A_B,A,31,,-2.69821
2WPT_A_B,A,34,,-2.7655
2WPT_A_B,A,35,,-2.63975
2WPT_A_B,A,38,,-2.86866
2WPT_A_B,A,44,,-2.89103
2WPT_A_B,A,46,,-2.80673
2WPT_A_B,A,47,,-2.91171
2WPT_A_B,A,48,,-2.83489
2WPT_A_B,A,50,,-2.893
2WPT_A_B,A,51,,-2.8889
2WPT_A_B,A,52,,-2.89539
2WPT_A_B,A,59,,-2.82886
2WPT_A_B,B,47,,-1.56956
2WPT_A_B,B,65,,-2.35783
2WPT_A_B,B,66,,-2.48083
2WPT_A_B,B,67,,-2.67029
2WPT_A_B,B,68,,-2.61497
2WPT_A_B,B,70,,-2.81455
2WPT_A_B,B,71,,-2.58365
2WPT_A_B,B,74,,-2.85149
2WPT_A_B,B,76,,-2.41119
2WPT_A_B,B,79,,-2.58813
2WPT_A_B,B,81,,-2.81041
2WPT_A_B,B,82,,-2.78679
2WPT_A_B,B,85,,-2.84078
2WPT_A_B,B,88,,-2.47695
2WPT_A_B,B,90,,-2.57379
2WPT_A_B,B,91,,-2.77862
3AAA_AB_C,A,245,,-2.6605
3AAA_AB_C,A,246,,-2.76588
3AAA_AB_C,A,248,,-2.61317
3AAA_AB_C,A,249,,-2.81373
3AAA_AB_C,A,252,,-2.59009
3AAA_AB_C,A,256,,-2.79126
3AAA_AB_C,A,257,,-2.84841
3AAA_AB_C,A,258,,-2.83161
3AAA_AB_C,B,108,,-2.88521
3AAA_AB_C,B,109,,-2.87967
3AAA_AB_C,B,112,,-2.88198
3AAA_AB_C,B,137,,-2.81549
3AAA_AB_C,B,138,,-2.82483
3AAA_AB_C,B,139,,-2.83381
3AAA_AB_C,B,140,,-2.87819
3AAA_AB_C,B,141,,-2.89401
3AAA_AB_C,B,142,,-2.89403
3AAA_AB_C,B,143,,-2.88011
3AAA_AB_C,C,4,,-2.52286
3AAA_AB_C,C,6,,-2.58875
3AAA_AB_C,C,7,,-2.68976
3AAA_AB_C,C,10,,-2.7755
3AAA_AB_C,C,11,,-2.76484
3AAA_AB_C,C,13,,-2.41466
3AAA_AB_C,C,15,,-2.29328
3AAA_AB_C,C,16,,-2.29125
3AAA_AB_C,C,35,,-2.75664
3AAA_AB_C,C,43,,-2.78103
3AAA_AB_C,C,44,,-2.75825
3AAA_AB_C,C,46,,-2.08149
3AAA_AB_C,C,65,,-2.62513
3AAA_AB_C,C,66,,-2.57122
3AAA_AB_C,C,68,,-2.63401
3AAA_AB_C,C,76,,-2.79944
3AAA_AB_C,C,77,,-2.61284
3AAA_AB_C,C,98,,-2.66389
3B4V_AB_C,A,23,,-0.75738
3B4V_AB_C,A,24,,-0.10461
3B4V_AB_C,A,26,,-1.60084
3B4V_AB_C,A,27,,-0.22788
3B4V_AB_C,A,28,,-0.57695
3B4V_AB_C,A,86,,-0.48185
3B4V_AB_C,A,88,,-1.16568
3B4V_AB_C,A,89,,-2.46822
3B4V_AB_C,A,96,,-1.74163
3B4V_AB_C,A,98,,-1.42241
3B4V_AB_C,B,1,,-2.33371
3B4V_AB_C,B,2,,-2.76693
3B4V_AB_C,B,14,,-2.2497
3B4V_AB_C,B,26,,-1.46748
3B4V_AB_C,B,27,,-0.26452
3B4V_AB_C,B,29,,-0.69052
3B4V_AB_C,B,30,,-1.83881
3B4V_AB_C,B,35,,-2.65159
3B4V_AB_C,B,50,,-2.77385
3B4V_AB_C,B,51,,-2.89096
3B4V_AB_C,B,53,,-2.57056
3B4V_AB_C,B,54,,-2.08516
3B4V_AB_C,B,56,,-1.82954
3B4V_AB_C,B,59,,-2.22046
3B4V_AB_C,B,85,,-1.7057
3B4V_AB_C,B,87,,-1.24106
3B4V_AB_C,B,88,,-0.84657
3B4V_AB_C,B,90,,-0.35427
3B4V_AB_C,B,92,,-1.28863
3B4V_AB_C,B,95,,-2.06141
3B4V_AB_C,B,96,,-1.95223
3B4V_AB_C,B,97,,-1.71782
3B4V_AB_C,B,98,,-0.78983
3B4V_AB_C,B,99,,-0.85573
3B4V_AB_C,B,100,,-1.75364
3B4V_AB_C,C,6,,-2.79908
3B4V_AB_C,C,8,,-2.72372
3B4V_AB_C,C,16,,-2.77379
3B4V_AB_C,C,17,,-2.73296
3B4V_AB_C,C,18,,-2.74171
3B4V_AB_C,C,19,,-2.49371
3B4V_AB_C,C,20,,-2.59534
3B4V_AB_C,C,42,,-2.71264
3B4V_AB_C,C,45,,-2.87825
3B4V_AB_C,C,46,,-2.88253
3B4V_AB_C,C,48,,-2.87962
3B4V_AB_C,C,49,,-2.91476
3B4V_AB_C,C,50,,-2.89656
3B4V_AB_C,C,52,,-2.84191
3B4V_AB_C,C,53,,-2.85546
3B4V_AB_C,C,54,,-2.88548
3B4V_AB_C,C,55,,-2.91303
3B4V_AB_C,C,57,,-2.8439
3B4V_AB_C,C,100,,-0.18259
3B4V_AB_C,C,101,,-1.27982
3B4V_AB_C,C,117,,-2.33614
3B4V_AB_C,C,118,,-2.4186
3B4V_AB_C,C,119,,-2.29132
3B4V_AB_C,C,120,,-2.4401
3B4V_AB_C,C,145,,-2.00443
3B4V_AB_C,C,147,,-0.31826
3B4V_AB_C,C,148,,-2.48733
3B4V_AB_C,C,151,,-2.49383
3B4V_AB_C,C,153,,-0.65849
3B4V_AB_C,C,155,,-1.32764
3B4V_AB_C,C,183,,-1.50202
3B4V_AB_C,C,186,,-0.84374
3B4V_AB_C,C,187,,-2.19796
3B4V_AB_C,C,190,,-1.41022
3B4V_AB_C,C,191,,-0.01248
3B4V_AB_C,C,196,,-2.55247
3B4V_AB_C,C,198,,-2.53157
3B4V_AB_C,C,199,,-1.48786
3BDY_HL_V,H,34,,-2.07363
3BDY_HL_V,H,53,,-2.21445
3BDY_HL_V,H,104,,-2.80956
3BDY_HL_V,H,106,,-2.78714
3BDY_HL_V,L,32,,-2.53205
3BDY_HL_V,L,33,,-1.92631
3BDY_HL_V,L,34,,-2.34914
3BDY_HL_V,L,35,,-2.59353
3BDY_HL_V,L,54,,-2.68619
3BDY_HL_V,L,57,,-2.17706
3BDY_HL_V,L,95,,-2.58107
3BDY_HL_V,L,96,,-2.72574
3BDY_HL_V,L,97,,-2.60394
3BDY_HL_V,L,98,,-2.60502
3BDY_HL_V,V,32,,-2.65488
3BDY_HL_V,V,35,,-1.55067
3BDY_HL_V,V,66,,-2.35629
3BDY_HL_V,V,68,,-2.01691
3BDY_HL_V,V,70,,-2.42698
3BDY_HL_V,V,71,,-2.72973
3BDY_HL_V,V,73,,-2.36278
3BDY_HL_V,V,74,,-2.66479
3BDY_HL_V,V,75,,-2.43942
3BDY_HL_V,V,76,,-2.83945
3BDY_HL_V,V,77,,-2.80542
3BDY_HL_V,V,78,,-2.48681
3BDY_HL_V,V,79,,-2.48092
3BDY_HL_V,V,80,,-2.69434
3BE1_HL_A,A,543,,-0.28172
3BE1_HL_A,A,544,,-1.63014
3BE1_HL_A,A,546,,-2.13064
3BE1_HL_A,A,547,,-1.51564
3BE1_HL_A,A,555,,-1.66052
3BE1_HL_A,A,556,,-1.56984
3BE1_HL_A,A,557,,-0.15124
3BE1_HL_A,A,558,,-0.20628
3BE1_HL_A,A,559,,-2.10204
3BE1_HL_A,A,565,,-0.75923
3BE1_HL_A,A,567,,-2.41129
3BE1_HL_A,A,569,,-2.61366
3BE1_HL_A,A,574,,-2.59457
3BE1_HL_A,A,576,,-2.61401
3BE1_HL_A,A,578,,-2.14918
3BE1_HL_A,A,579,,-2.28226
3BE1_HL_A,A,581,,-2.62023
3BE1_HL_A,H,33,,-2.05436
3BE1_HL_A,H,50,,-2.04206
3BE1_HL_A,H,57,,-2.25508
3BE1_HL_A,H,59,,-1.78936
3BE1_HL_A,H,101,,-2.75576
3BE1_HL_A,H,102,,-2.52529
3BE1_HL_A,H,103,,-2.8725
3BE1_HL_A,H,105,,-2.81228
3BE1_HL_A,L,35,,-2.59795
3BE1_HL_A,L,36,,-2.39129
3BE1_HL_A,L,54,,-2.6857
3BE1_HL_A,L,57,,-2.17935
3BE1_HL_A,L,95,,-2.57248
3BE1_HL_A,L,96,,-2.72443
3BE1_HL_A,L,98,,-2.60084
3BK3_A_C,A,18,,-0.18902
3BK3_A_C,A,21,,-0.21783
3BK3_A_C,A,23,,-0.74096
3BK3_A_C,A,24,,-1.62492
3BK3_A_C,A,25,,-0.03005
3BK3_A_C,A,78,,-0.74526
3BK3_A_C,A,80,,-0.26184
3BK3_A_C,A,88,,-1.18431
3BK3_A_C,A,89,,-0.7639
3BK3_A_C,A,90,,-0.62191
3BK3_A_C,A,91,,-1.25587
3BK3_A_C,A,92,,-2.16715
3BK3_A_C,A,93,,-1.91782
3BK3_A_C,A,96,,-0.45518
3BK3_A_C,C,1,,-1.38703
3BK3_A_C,C,2,,-2.89669
3BK3_A_C,C,3,,-2.88416
3BK3_A_C,C,4,,-2.87842
3BK3_A_C,C,5,,-2.80955
3BK3_A_C,C,6,,-2.80654
3BK3_A_C,C,7,,-2.81262
3BK3_A_C,C,8,,-2.73334
3BK3_A_C,C,19,,-2.50974
3BK3_A_C,C,21,,-2.81609
3BK3_A_C,C,22,,-2.58777
3BK3_A_C,C,28,,-2.27631
3BK3_A_C,C,37,,-2.47939
3BK3_A_C,C,39,,-0.06143
3BK3_A_C,C,41,,-2.74319
3BN9_B_CD,B,26,,-2.20968
3BN9_B_CD,B,42,,-0.0418
3BN9_B_CD,B,45,,-2.52992
3BN9_B_CD,B,46,,-2.14197
3BN9_B_CD,B,47,,-2.74561
3BN9_B_CD,B,48,,-2.71524
3BN9_B_CD,B,90,,-2.03531
3BN9_B_CD,B,91,,-2.51647
3BN9_B_CD,B,92,,-2.66728
3BN9_B_CD,B,93,,-2.2045
3BN9_B_CD,B,94,,-2.52654
3BN9_B_CD,B,141,,-2.40868
3BN9_B_CD,B,142,,-1.34712
3BN9_B_CD,B,167,,-1.93484
3BN9_B_CD,B,168,,-2.48591
3BN9_B_CD,B,169,,-2.77174
3BN9_B_CD,B,186,,-0.77146
3BN9_B_CD,B,187,,-0.00333
3BN9_B_CD,B,188,,-1.83106
3BN9_B_CD,B,191,,-0.16191
3BN9_B_CD,B,212,,-1.01494
3BN9_B_CD,B,213,,-0.02852
3BN9_B_CD,B,214,,-2.17854
3BN9_B_CD,B,215,,-1.82167
3BN9_B_CD,B,218,,-2.54147
3BN9_B_CD,C,30,,-2.49679
3BN9_B_CD,C,32,,-1.82867
3BN9_B_CD,C,92,,-2.6954
3BN9_B_CD,C,93,,-2.65822
3BN9_B_CD,D,28,,-0.91534
3BN9_B_CD,D,30,,-1.16813
3BN9_B_CD,D,31,,-1.37116
3BN9_B_CD,D,33,,-1.6439
3BN9_B_CD,D,50,,-2.00921
3BN9_B_CD,D,52,,-1.95352
3BN9_B_CD,D,54,,-1.50423
3BN9_B_CD,D,57,,-2.22746
3BN9_B_CD,D,59,,-1.66124
3BN9_B_CD,D,77,,-0.99438
3BN9_B_CD,D,103,,-2.79071
3BN9_B_CD,D,105,,-2.8502
3BN9_B_CD,D,106,,-2.85994
3BN9_B_CD,D,107,,-2.72881
3BN9_B_CD,D,108,,-2.86793
3BN9_B_CD,D,109,,-2.8739
3BN9_B_CD,D,110,,-2.82398
3BN9_B_CD,D,111,,-2.7953
3BN9_B_CD,D,112,,-2.82107
3BP8_A_C,A,47,,-2.52139
3BP8_A_C,A,48,,-1.59091
3BP8_A_C,A,112,,-2.18132
3BP8_A_C,A,115,,-2.16033
3BP8_A_C,A,116,,-2.62624
3BP8_A_C,A,119,,-2.448
3BP8_A_C,A,122,,-2.23576
3BP8_A_C,A,123,,-2.29973
3BP8_A_C,A,124,,-2.45765
3BP8_A_C,A,125,,-1.47566
3BP8_A_C,A,164,,-1.59613
3BP8_A_C,A,165,,-1.41889
3BP8_A_C,A,166,,-2.01722
3BP8_A_C,A,167,,-1.54655
3BP8_A_C,A,380,,-2.588
3BP8_A_C,A,381,,-2.68653
3BP8_A_C,C,21,,-0.09161
3BP8_A_C,C,22,,-1.03474
3BP8_A_C,C,23,,-0.14859
3BP8_A_C,C,24,,-0.02053
3BP8_A_C,C,26,,-0.02981
3BP8_A_C,C,28,,-2.06964
3BP8_A_C,C,46,,-2.14089
3BP8_A_C,C,48,,-0.58492
3BP8_A_C,C,49,,-1.26746
3BP8_A_C,C,50,,-2.44476
3BP8_A_C,C,51,,-1.95826
3BP8_A_C,C,52,,-0.6062
3BP8_A_C,C,53,,-2.02924
3BP8_A_C,C,54,,-2.28139
3BP8_A_C,C,56,,-0.22133
3BP8_A_C,C,58,,-0.75058
3BT1_A_U,A,3,,-2.78347
3BT1_A_U,A,12,,-0.54169
3BT1_A_U,A,13,,-2.70188
3BT1_A_U,A,14,,-2.7972
3BT1_A_U,A,15,,-2.8253
3BT1_A_U,A,16,,-2.73868
3BT1_A_U,A,17,,-2.81926
3BT1_A_U,A,18,,-2.52725
3BT1_A_U,A,19,,-2.35746
3BT1_A_U,A,20,,-2.60034
3BT1_A_U,A,21,,-2.81454
3BT1_A_U,A,23,,-2.72993
3BT1_A_U,A,24,,-0.07441
3BT1_A_U,A,25,,-2.64851
3BT1_A_U,A,26,,-0.04709
3BT1_A_U,A,28,,-2.5649
3BT1_A_U,A,31,,-2.48959
3BT1_A_U,A,32,,-0.08356
3BT1_A_U,A,33,,-2.65494
3BT1_A_U,A,39,,-2.77966
3BT1_A_U,A,54,,-2.14641
3BT1_A_U,A,79,,-2.86812
3BT1_A_U,A,80,,-2.86552
3BT1_A_U,A,91,,-2.73076
3BT1_A_U,U,8,,-2.57322
3BT1_A_U,U,9,,-2.77096
3BT1_A_U,U,10,,-2.62778
3BT1_A_U,U,11,,-2.64023
3BT1_A_U,U,25,,-2.59495
3BT1_A_U,U,27,,-2.40478
3BT1_A_U,U,29,,-2.38056
3BT1_A_U,U,31,,-2.78396
3BT1_A_U,U,33,,-2.78289
3BT1_A_U,U,36,,-2.49041
3BT1_A_U,U,38,,-2.51908
3BT1_A_U,U,40,,-2.70589
3BT1_A_U,U,42,,-2.53654
3BT1_A_U,U,50,,-2.85509
3BT1_A_U,U,53,,-2.80665
3BT1_A_U,U,55,,-2.66246
3BT1_A_U,U,62,,-2.63986
3BT1_A_U,U,64,,-2.71283
3BT1_A_U,U,66,,-2.56885
3BT1_A_U,U,68,,-2.45975
3BT1_A_U,U,99,,-2.69737
3BT1_A_U,U,123,,-2.35259
3BT1_A_U,U,125,,-2.55791
3BT1_A_U,U,137,,-2.78169
3BT1_A_U,U,138,,-2.71769
3BT1_A_U,U,139,,-2.73499
3BT1_A_U,U,142,,-2.37959
3BT1_A_U,U,148,,-2.73894
3BT1_A_U,U,149,,-2.66486
3BT1_A_U,U,164,,-2.63019
3BT1_A_U,U,166,,-2.41571
3BT1_A_U,U,252,,-2.79188
3BT1_A_U,U,253,,-2.76274
3BT1_A_U,U,255,,-2.68698
3BTD_E_I,E,22,,-1.80633
3BTD_E_I,E,23,,-1.24689
3BTD_E_I,E,24,,-2.09098
3BTD_E_I,E,40,,-0.01899
3BTD_E_I,E,43,,-2.22723
3BTD_E_I,E,78,,-2.15625
3BTD_E_I,E,79,,-2.07405
3BTD_E_I,E,81,,-1.87215
3BTD_E_I,E,131,,-2.13184
3BTD_E_I,E,155,,-2.00734
3BTD_E_I,E,173,,-0.00313
3BTD_E_I,E,174,,-1.36513
3BTD_E_I,E,175,,-0.2163
3BTD_E_I,E,177,,-0.04501
3BTD_E_I,E,193,,-0.99133
3BTD_E_I,E,194,,-0.06738
3BTD_E_I,E,196,,-1.4531
3BTD_E_I,I,9,,-2.62429
3BTD_E_I,I,11,,-2.48443
3BTD_E_I,I,12,,-0.01374
3BTD_E_I,I,13,,-1.88883
3BTD_E_I,I,14,,-2.44662
3BTD_E_I,I,15,,-2.72659
3BTD_E_I,I,16,,-2.49637
3BTD_E_I,I,17,,-2.55862
3BTD_E_I,I,32,,-2.68043
3BTD_E_I,I,35,,-1.16976
3BTD_E_I,I,36,,-0.08828
3BTD_E_I,I,37,,-2.19285
3BTE_E_I,E,22,,-1.86626
3BTE_E_I,E,23,,-1.13497
3BTE_E_I,E,24,,-2.02788
3BTE_E_I,E,40,,-0.0186
3BTE_E_I,E,43,,-2.2546
3BTE_E_I,E,78,,-2.17815
3BTE_E_I,E,79,,-2.07982
3BTE_E_I,E,81,,-1.79526
3BTE_E_I,E,131,,-2.08621
3BTE_E_I,E,155,,-2.05652
3BTE_E_I,E,172,,-0.62667
3BTE_E_I,E,173,,-0.00335
3BTE_E_I,E,174,,-1.3356
3BTE_E_I,E,175,,-0.24934
3BTE_E_I,E,177,,-0.04075
3BTE_E_I,E,192,,-0.07917
3BTE_E_I,E,193,,-0.94756
3BTE_E_I,E,194,,-0.05754
3BTE_E_I,E,196,,-1.43387
3BTE_E_I,I,9,,-2.61176
3BTE_E_I,I,11,,-2.3475
3BTE_E_I,I,12,,-0.01026
3BTE_E_I,I,13,,-1.88883
3BTE_E_I,I,14,,-2.22265
3BTE_E_I,I,15,,-2.71109
3BTE_E_I,I,16,,-2.40951
3BTE_E_I,I,17,,-2.5409
3BTE_E_I,I,32,,-2.65427
3BTE_E_I,I,35,,-1.04212
3BTE_E_I,I,36,,-0.08517
3BTE_E_I,I,37,,-2.17738
3BTF_E_I,E,22,,-1.78628
3BTF_E_I,E,23,,-1.22209
3BTF_E_I,E,24,,-2.10619
3BTF_E_I,E,40,,-0.01679
3BTF_E_I,E,43,,-2.21481
3BTF_E_I,E,78,,-2.14638
3BTF_E_I,E,79,,-2.07607
3BTF_E_I,E,81,,-1.92889
3BTF_E_I,E,131,,-2.1248
3BTF_E_I,E,155,,-1.98743
3BTF_E_I,E,172,,-0.58607
3BTF_E_I,E,173,,-0.00298
3BTF_E_I,E,174,,-1.35276
3BTF_E_I,E,175,,-0.20361
3BTF_E_I,E,177,,-0.0436
3BTF_E_I,E,192,,-0.09183
3BTF_E_I,E,193,,-0.98872
3BTF_E_I,E,194,,-0.0597
3BTF_E_I,E,196,,-1.46783
3BTF_E_I,I,9,,-2.63208
3BTF_E_I,I,11,,-2.32402
3BTF_E_I,I,12,,-0.01151
3BTF_E_I,I,13,,-1.88883
3BTF_E_I,I,14,,-2.34558
3BTF_E_I,I,15,,-2.66491
3BTF_E_I,I,16,,-2.4919
3BTF_E_I,I,17,,-2.43869
3BTF_E_I,I,32,,-2.6404
3BTF_E_I,I,35,,-0.75552
3BTF_E_I,I,36,,-0.07345
3BTF_E_I,I,37,,-2.19197
3BTG_E_I,E,22,,-1.85606
3BTG_E_I,E,23,,-1.18234
3BTG_E_I,E,24,,-2.05293
3BTG_E_I,E,40,,-0.0181
3BTG_E_I,E,43,,-2.24063
3BTG_E_I,E,78,,-2.177
3BTG_E_I,E,79,,-2.09395
3BTG_E_I,E,81,,-1.82727
3BTG_E_I,E,131,,-2.1546
3BTG_E_I,E,155,,-2.05343
3BTG_E_I,E,174,,-1.36815
3BTG_E_I,E,175,,-0.2229
3BTG_E_I,E,177,,-0.04358
3BTG_E_I,E,193,,-0.96765
3BTG_E_I,E,194,,-0.06427
3BTG_E_I,I,9,,-2.63611
3BTG_E_I,I,11,,-2.5035
3BTG_E_I,I,12,,-0.02734
3BTG_E_I,I,13,,-1.88883
3BTG_E_I,I,14,,-2.46597
3BTG_E_I,I,15,,-2.62599
3BTG_E_I,I,16,,-2.60626
3BTG_E_I,I,17,,-2.52709
3BTG_E_I,I,32,,-2.66715
3BTG_E_I,I,35,,-1.07956
3BTG_E_I,I,36,,-0.0844
3BTG_E_I,I,37,,-2.14167
3BTH_E_I,E,22,,-1.9009
3BTH_E_I,E,23,,-1.16772
3BTH_E_I,E,24,,-2.06554
3BTH_E_I,E,40,,-0.01732
3BTH_E_I,E,43,,-2.25773
3BTH_E_I,E,78,,-2.21334
3BTH_E_I,E,79,,-2.12283
3BTH_E_I,E,81,,-1.79398
3BTH_E_I,E,129,,-2.42828
3BTH_E_I,E,153,,-2.14411
3BTH_E_I,E,170,,-0.73301
3BTH_E_I,E,171,,-0.00353
3BTH_E_I,E,172,,-1.04955
3BTH_E_I,E,173,,-0.20865
3BTH_E_I,E,175,,-0.0467
3BTH_E_I,E,190,,-0.05474
3BTH_E_I,E,191,,-0.78058
3BTH_E_I,E,192,,-0.14203
3BTH_E_I,E,194,,-1.05423
3BTH_E_I,I,9,,-2.63561
3BTH_E_I,I,11,,-2.38884
3BTH_E_I,I,12,,-0.01076
3BTH_E_I,I,13,,-1.88883
3BTH_E_I,I,14,,-2.3901
3BTH_E_I,I,15,,-2.68362
3BTH_E_I,I,16,,-2.40241
3BTH_E_I,I,17,,-2.50437
3BTH_E_I,I,32,,-2.65551
3BTH_E_I,I,35,,-0.80825
3BTH_E_I,I,36,,-0.07475
3BTH_E_I,I,37,,-2.15529
3BTM_E_I,E,22,,-1.80633
3BTM_E_I,E,23,,-1.24689
3BTM_E_I,E,24,,-2.09098
3BTM_E_I,E,40,,-0.01899
3BTM_E_I,E,43,,-2.22723
3BTM_E_I,E,78,,-2.15625
3BTM_E_I,E,79,,-2.07405
3BTM_E_I,E,81,,-1.87215
3BTM_E_I,E,131,,-2.13184
3BTM_E_I,E,155,,-2.00734
3BTM_E_I,E,173,,-0.00313
3BTM_E_I,E,174,,-1.36513
3BTM_E_I,E,175,,-0.2163
3BTM_E_I,E,177,,-0.04501
3BTM_E_I,E,192,,-0.09109
3BTM_E_I,E,193,,-0.99133
3BTM_E_I,E,194,,-0.06738
3BTM_E_I,E,196,,-1.4531
3BTM_E_I,I,9,,-2.62002
3BTM_E_I,I,11,,-2.25141
3BTM_E_I,I,12,,-0.01246
3BTM_E_I,I,13,,-1.88883
3BTM_E_I,I,14,,-2.3163
3BTM_E_I,I,15,,-2.66666
3BTM_E_I,I,16,,-2.47096
3BTM_E_I,I,17,,-2.46181
3BTM_E_I,I,32,,-2.64499
3BTM_E_I,I,35,,-0.82967
3BTM_E_I,I,36,,-0.07563
3BTM_E_I,I,37,,-2.18406
3BTQ_E_I,E,22,,-1.80633
3BTQ_E_I,E,23,,-1.24689
3BTQ_E_I,E,24,,-2.09098
3BTQ_E_I,E,40,,-0.01899
3BTQ_E_I,E,43,,-2.22723
3BTQ_E_I,E,78,,-2.15625
3BTQ_E_I,E,79,,-2.07405
3BTQ_E_I,E,81,,-1.87215
3BTQ_E_I,E,131,,-2.13184
3BTQ_E_I,E,155,,-2.00734
3BTQ_E_I,E,172,,-0.6072
3BTQ_E_I,E,173,,-0.00313
3BTQ_E_I,E,174,,-1.36513
3BTQ_E_I,E,175,,-0.2163
3BTQ_E_I,E,177,,-0.04501
3BTQ_E_I,E,192,,-0.09109
3BTQ_E_I,E,193,,-0.99133
3BTQ_E_I,E,194,,-0.06738
3BTQ_E_I,I,9,,-2.6231
3BTQ_E_I,I,11,,-2.35291
3BTQ_E_I,I,12,,-0.00817
3BTQ_E_I,I,13,,-1.88883
3BTQ_E_I,I,14,,-2.28908
3BTQ_E_I,I,15,,-2.66405
3BTQ_E_I,I,16,,-2.40819
3BTQ_E_I,I,17,,-2.50849
3BTQ_E_I,I,32,,-2.63428
3BTQ_E_I,I,35,,-0.89513
3BTQ_E_I,I,36,,-0.06962
3BTQ_E_I,I,37,,-2.15074
3BTT_E_I,E,22,,-1.80633
3BTT_E_I,E,23,,-1.24689
3BTT_E_I,E,24,,-2.09098
3BTT_E_I,E,40,,-0.01899
3BTT_E_I,E,43,,-2.22723
3BTT_E_I,E,78,,-2.15625
3BTT_E_I,E,79,,-2.07405
3BTT_E_I,E,81,,-1.87215
3BTT_E_I,E,131,,-2.13184
3BTT_E_I,E,155,,-2.00734
3BTT_E_I,E,173,,-0.00313
3BTT_E_I,E,174,,-1.36513
3BTT_E_I,E,175,,-0.2163
3BTT_E_I,E,177,,-0.04501
3BTT_E_I,E,193,,-0.99133
3BTT_E_I,E,194,,-0.06738
3BTT_E_I,E,196,,-1.4531
3BTT_E_I,I,9,,-2.62583
3BTT_E_I,I,11,,-2.31495
3BTT_E_I,I,12,,-0.00894
3BTT_E_I,I,13,,-1.88883
3BTT_E_I,I,14,,-2.39553
3BTT_E_I,I,15,,-2.67578
3BTT_E_I,I,16,,-2.45755
3BTT_E_I,I,17,,-2.49332
3BTT_E_I,I,32,,-2.64385
3BTT_E_I,I,35,,-0.97544
3BTT_E_I,I,36,,-0.07448
3BTT_E_I,I,37,,-2.1538
3BTW_E_I,E,22,,-1.83909
3BTW_E_I,E,23,,-1.1668
3BTW_E_I,E,24,,-2.02643
3BTW_E_I,E,40,,-0.0181
3BTW_E_I,E,43,,-2.22738
3BTW_E_I,E,78,,-2.16027
3BTW_E_I,E,79,,-2.07298
3BTW_E_I,E,81,,-1.82389
3BTW_E_I,E,130,,-2.11456
3BTW_E_I,E,154,,-2.03732
3BTW_E_I,E,171,,-0.62308
3BTW_E_I,E,172,,-0.00392
3BTW_E_I,E,173,,-1.55799
3BTW_E_I,E,174,,-0.24878
3BTW_E_I,E,176,,-0.0403
3BTW_E_I,E,191,,-0.06424
3BTW_E_I,E,192,,-0.97725
3BTW_E_I,E,193,,-0.09335
3BTW_E_I,E,195,,-1.8279
3BTW_E_I,I,9,,-2.63978
3BTW_E_I,I,11,,-2.32848
3BTW_E_I,I,12,,-0.01933
3BTW_E_I,I,13,,-1.88883
3BTW_E_I,I,14,,-2.27423
3BTW_E_I,I,15,,-2.65606
3BTW_E_I,I,16,,-2.55619
3BTW_E_I,I,17,,-2.40952
3BTW_E_I,I,32,,-2.6656
3BTW_E_I,I,35,,-0.72303
3BTW_E_I,I,36,,-0.08596
3BTW_E_I,I,37,,-2.16739
3BX1_A_C,A,52,,-1.19311
3BX1_A_C,A,60,,-1.24783
3BX1_A_C,A,62,,-0.00205
3BX1_A_C,A,94,,-0.17536
3BX1_A_C,A,97,,-1.74054
3BX1_A_C,A,98,,-0.05246
3BX1_A_C,A,99,,-1.14926
3BX1_A_C,A,100,,-0.01478
3BX1_A_C,A,101,,-1.3426
3BX1_A_C,A,102,,-2.30827
3BX1_A_C,A,105,,-0.88048
3BX1_A_C,A,124,,-0.13029
3BX1_A_C,A,125,,-0.19022
3BX1_A_C,A,126,,-1.583
3BX1_A_C,A,127,,-1.40694
3BX1_A_C,A,128,,-1.90049
3BX1_A_C,A,129,,-2.28608
3BX1_A_C,A,130,,-0.85715
3BX1_A_C,A,132,,-1.66119
3BX1_A_C,A,152,,-0.02208
3BX1_A_C,A,153,,-0.01536
3BX1_A_C,A,154,,-1.84824
3BX1_A_C,A,215,,-0.00246
3BX1_A_C,C,35,,-2.66071
3BX1_A_C,C,37,,-2.8099
3BX1_A_C,C,42,,-2.82313
3BX1_A_C,C,45,,-2.9082
3BX1_A_C,C,55,,-2.82124
3BX1_A_C,C,58,,-2.6882
3BX1_A_C,C,61,,-2.59871
3BX1_A_C,C,85,,-2.75515
3BX1_A_C,C,86,,-2.64374
3BX1_A_C,C,87,,-2.56243
3BX1_A_C,C,88,,-2.62201
3BX1_A_C,C,89,,-2.65787
3BX1_A_C,C,90,,-2.73934
3BX1_A_C,C,91,,-2.72111
3BX1_A_C,C,92,,-2.8306
3BX1_A_C,C,93,,-2.75247
3BX1_A_C,C,94,,-2.88647
3BX1_A_C,C,181,,-2.69705
3C60_CD_AB,A,27,,-2.13418
3C60_CD_AB,A,28,,-2.44082
3C60_CD_AB,A,29,,-2.59624
3C60_CD_AB,A,50,,-2.72082
3C60_CD_AB,A,51,,-2.54631
3C60_CD_AB,A,93,,-2.81308
3C60_CD_AB,A,94,,-2.76777
3C60_CD_AB,A,95,,-2.72797
3C60_CD_AB,B,26,,-2.15138
3C60_CD_AB,B,28,,-2.18827
3C60_CD_AB,B,48,,-2.45268
3C60_CD_AB,B,50,,-2.33178
3C60_CD_AB,B,53,,-2.79676
3C60_CD_AB,B,54,,-2.18383
3C60_CD_AB,B,94,,-2.82046
3C60_CD_AB,B,95,,-2.82424
3C60_CD_AB,B,97,,-2.79115
3C60_CD_AB,C,40,,-2.38366
3C60_CD_AB,C,58,,-2.79969
3C60_CD_AB,C,61,,-2.69607
3C60_CD_AB,C,62,,-2.67438
3C60_CD_AB,C,65,,-2.62378
3C60_CD_AB,C,66,,-2.82191
3C60_CD_AB,C,69,,-2.52786
3C60_CD_AB,D,2,,-2.78292
3C60_CD_AB,D,4,,-2.53432
3C60_CD_AB,D,5,,-2.4744
3C60_CD_AB,D,7,,-2.61243
3C60_CD_AB,D,10,,-2.74195
3C60_CD_AB,D,79,,-2.46037
3C60_CD_AB,D,80,,-2.57446
3C60_CD_AB,D,87,,-2.62583
3C60_CD_AB,D,91,,-2.79837
3D3V_ABC_DE,A,58,,-1.88595
3D3V_ABC_DE,A,65,,-2.33893
3D3V_ABC_DE,A,66,,-1.64301
3D3V_ABC_DE,A,68,,-2.46334
3D3V_ABC_DE,A,69,,-2.53625
3D3V_ABC_DE,A,72,,-2.43123
3D3V_ABC_DE,A,73,,-2.57687
3D3V_ABC_DE,A,150,,-2.13224
3D3V_ABC_DE,A,151,,-2.31343
3D3V_ABC_DE,A,154,,-2.39184
3D3V_ABC_DE,A,155,,-2.61933
3D3V_ABC_DE,A,158,,-2.81469
3D3V_ABC_DE,A,162,,-2.41496
3D3V_ABC_DE,A,163,,-1.86824
3D3V_ABC_DE,A,166,,-2.37844
3D3V_ABC_DE,A,167,,-1.27192
3D3V_ABC_DE,A,170,,-2.43343
3D3V_ABC_DE,D,26,,-2.62288
3D3V_ABC_DE,D,27,,-2.51099
3D3V_ABC_DE,D,28,,-2.48215
3D3V_ABC_DE,D,30,,-1.73199
3D3V_ABC_DE,D,50,,-2.54193
3D3V_ABC_DE,D,51,,-2.61262
3D3V_ABC_DE,D,52,,-2.48491
3D3V_ABC_DE,D,66,,-2.26002
3D3V_ABC_DE,D,92,,-2.72725
3D3V_ABC_DE,D,93,,-2.79769
3D3V_ABC_DE,D,94,,-2.79902
3D3V_ABC_DE,D,95,,-2.68089
3D3V_ABC_DE,D,96,,-2.8355
3D3V_ABC_DE,E,30,,-1.82839
3D3V_ABC_DE,E,97,,-2.45053
3D3V_ABC_DE,E,98,,-2.68209
3D3V_ABC_DE,E,99,,-2.6799
3D3V_ABC_DE,E,100,,-2.81744
3D3V_ABC_DE,E,101,,-2.78666
3D3V_ABC_DE,E,102,,-2.78938
3D5R_A_C,A,36,,-2.09725
3D5R_A_C,A,39,,-0.257
3D5R_A_C,A,42,,-1.86593
3D5R_A_C,A,45,,-1.92563
3D5R_A_C,A,49,,-2.59519
3D5R_A_C,A,52,,-0.49518
3D5R_A_C,A,53,,-2.32294
3D5R_A_C,A,56,,-1.06118
3D5R_A_C,A,60,,-2.35831
3D5R_A_C,A,100,,-2.06096
3D5R_A_C,A,101,,-1.97716
3D5R_A_C,A,102,,-2.33271
3D5R_A_C,A,103,,-1.19752
3D5R_A_C,A,104,,-2.38701
3D5R_A_C,A,105,,-0.85605
3D5R_A_C,A,107,,-1.88445
3D5R_A_C,A,108,,-2.1426
3D5R_A_C,A,166,,-2.59364
3D5R_A_C,A,167,,-1.90214
3D5R_A_C,A,170,,-2.25582
3D5R_A_C,A,171,,-2.63697
3D5R_A_C,C,6,,-2.42314
3D5R_A_C,C,7,,-2.32795
3D5R_A_C,C,10,,-2.72753
3D5R_A_C,C,27,,-2.70741
3D5R_A_C,C,30,,-1.28027
3D5R_A_C,C,31,,-2.63871
3D5R_A_C,C,34,,-2.55649
3D5R_A_C,C,35,,-2.55687
3D5R_A_C,C,38,,-2.52685
3D5R_A_C,C,39,,-2.55847
3D5R_A_C,C,42,,-2.48652
3D5R_A_C,C,52,,-2.70687
3D5R_A_C,C,56,,-2.66663
3D5R_A_C,C,59,,-2.63013
3D5R_A_C,C,63,,-2.60203
3D5R_A_C,C,65,,-2.68565
3D5S_A_C,A,39,,-0.257
3D5S_A_C,A,45,,-1.92563
3D5S_A_C,A,49,,-2.59519
3D5S_A_C,A,52,,-0.49518
3D5S_A_C,A,53,,-2.32294
3D5S_A_C,A,56,,-1.06118
3D5S_A_C,A,60,,-2.35831
3D5S_A_C,A,100,,-2.06096
3D5S_A_C,A,101,,-1.97716
3D5S_A_C,A,102,,-2.33271
3D5S_A_C,A,103,,-1.19752
3D5S_A_C,A,104,,-2.38701
3D5S_A_C,A,105,,-0.85605
3D5S_A_C,A,106,,-0.28959
3D5S_A_C,A,107,,-1.88445
3D5S_A_C,A,108,,-2.1426
3D5S_A_C,A,166,,-2.59364
3D5S_A_C,A,167,,-1.90214
3D5S_A_C,A,170,,-2.25582
3D5S_A_C,C,6,,-2.41361
3D5S_A_C,C,7,,-2.38208
3D5S_A_C,C,10,,-2.6926
3D5S_A_C,C,27,,-2.68383
3D5S_A_C,C,30,,-1.46745
3D5S_A_C,C,31,,-2.63699
3D5S_A_C,C,34,,-2.53865
3D5S_A_C,C,35,,-2.65973
3D5S_A_C,C,38,,-2.44893
3D5S_A_C,C,39,,-2.43226
3D5S_A_C,C,42,,-2.59856
3D5S_A_C,C,52,,-2.71085
3D5S_A_C,C,56,,-2.6651
3D5S_A_C,C,59,,-2.50715
3D5S_A_C,C,63,,-2.65411
3D5S_A_C,C,65,,-2.64903
3EG5_A_B,A,36,,-0.9092
3EG5_A_B,A,37,,-0.06582
3EG5_A_B,A,61,,-0.12493
3EG5_A_B,A,62,,-0.28511
3EG5_A_B,A,63,,-0.84065
3EG5_A_B,A,64,,-0.7306
3EG5_A_B,A,65,,-0.60924
3EG5_A_B,A,66,,-1.02898
3EG5_A_B,A,67,,-0.89039
3EG5_A_B,A,69,,-0.69923
3EG5_A_B,A,70,,-0.55139
3EG5_A_B,A,73,,-0.66838
3EG5_A_B,A,95,,-2.22953
3EG5_A_B,A,96,,-0.71033
3EG5_A_B,A,99,,-0.89804
3EG5_A_B,A,100,,-0.06782
3EG5_A_B,A,103,,-2.19679
3EG5_A_B,A,104,,-1.38385
3EG5_A_B,B,12,,-1.82374
3EG5_A_B,B,13,,-2.04829
3EG5_A_B,B,14,,-1.5074
3EG5_A_B,B,18,,-1.60789
3EG5_A_B,B,21,,-2.06631
3EG5_A_B,B,22,,-0.42132
3EG5_A_B,B,25,,-0.9555
3EG5_A_B,B,29,,-2.45474
3EG5_A_B,B,33,,-1.21647
3EG5_A_B,B,36,,-2.14162
3EG5_A_B,B,40,,-2.54867
3EG5_A_B,B,42,,-2.58453
3EG5_A_B,B,67,,-0.20795
3EG5_A_B,B,69,,-0.31328
3EG5_A_B,B,70,,-0.54694
3EG5_A_B,B,73,,-1.70014
3EG5_A_B,B,74,,-1.06514
3EG5_A_B,B,75,,-0.05133
3EG5_A_B,B,112,,-1.19659
3EG5_A_B,B,115,,-0.29016
3EQS_A_B,A,26,,-2.33808
3EQS_A_B,A,29,,-2.77756
3EQS_A_B,A,30,,-2.77668
3EQS_A_B,A,33,,-2.65247
3EQS_A_B,A,36,,-0.85776
3EQS_A_B,A,37,,-1.89885
3EQS_A_B,A,47,,-1.8771
3EQS_A_B,A,48,,-1.59131
3EQS_A_B,A,68,,-2.52484
3EQS_A_B,A,69,,-2.67033
3EQS_A_B,A,71,,-2.77879
3EQS_A_B,A,74,,-1.85841
3EQS_A_B,A,75,,-2.8885
3EQS_A_B,B,1,,-1.20712
3EQS_A_B,B,2,,-2.9104
3EQS_A_B,B,3,,-2.89202
3EQS_A_B,B,4,,-2.90867
3EQS_A_B,B,6,,-2.89262
3EQS_A_B,B,7,,-2.87316
3EQS_A_B,B,8,,-2.90362
3EQS_A_B,B,9,,-2.91986
3EQS_A_B,B,10,,-2.90342
3EQS_A_B,B,11,,-2.90747
3EQY_A_C,A,25,,-2.38612
3EQY_A_C,A,29,,-2.75727
3EQY_A_C,A,33,,-2.52249
3EQY_A_C,A,36,,-0.78371
3EQY_A_C,A,37,,-1.78808
3EQY_A_C,A,47,,-1.48389
3EQY_A_C,A,48,,-1.57778
3EQY_A_C,A,68,,-2.46775
3EQY_A_C,A,69,,-2.68504
3EQY_A_C,A,71,,-2.73738
3EQY_A_C,A,74,,-1.53405
3EQY_A_C,A,75,,-2.77011
3EQY_A_C,A,78,,-1.23679
3EQY_A_C,C,1,,-1.42569
3EQY_A_C,C,2,,-2.91001
3EQY_A_C,C,3,,-2.89145
3EQY_A_C,C,4,,-2.9157
3EQY_A_C,C,6,,-2.89871
3EQY_A_C,C,7,,-2.87639
3EQY_A_C,C,10,,-2.90328
3EQY_A_C,C,11,,-2.90785
3EQY_A_C,C,12,,-2.89339
3F1S_A_B,A,29,,-2.13738
3F1S_A_B,A,32,,-2.36149
3F1S_A_B,A,33,,-2.35766
3F1S_A_B,A,36,,-2.46219
3F1S_A_B,A,198,,-1.66876
3F1S_A_B,A,200,,-1.60029
3F1S_A_B,A,201,,-2.52629
3F1S_A_B,A,202,,-2.52733
3F1S_A_B,A,203,,-2.37618
3F1S_A_B,A,204,,-2.46536
3F1S_A_B,A,223,,-2.30812
3F1S_A_B,A,224,,-1.49912
3F1S_A_B,A,246,,-2.49933
3F1S_A_B,A,247,,-2.57002
3F1S_A_B,A,249,,-2.58472
3F1S_A_B,A,251,,-2.7864
3F1S_A_B,A,252,,-2.67953
3F1S_A_B,A,255,,-2.23752
3F1S_A_B,A,256,,-2.54319
3F1S_A_B,A,258,,-1.92948
3F1S_A_B,A,295,,-2.40553
3F1S_A_B,A,299,,-2.46533
3F1S_A_B,B,2,,-2.53722
3F1S_A_B,B,3,,-0.40119
3F1S_A_B,B,5,,-2.73234
3F1S_A_B,B,15,,-0.03731
3F1S_A_B,B,16,,-2.65134
3F1S_A_B,B,17,,-1.33248
3F1S_A_B,B,18,,-2.60095
3F1S_A_B,B,116,,-1.51688
3F1S_A_B,B,117,,-2.44685
3F1S_A_B,B,121,,-2.80664
3F1S_A_B,B,122,,-1.56379
3F1S_A_B,B,124,,-2.57234
3F1S_A_B,B,149,,-2.60657
3F1S_A_B,B,150,,-2.68095
3F1S_A_B,B,151,,-2.67535
3F1S_A_B,B,155,,-2.70433
3F1S_A_B,B,156,,-2.80888
3F1S_A_B,B,194,,-2.35087
3F1S_A_B,B,195,,-2.47996
3F1S_A_B,B,196,,-2.5569
3F1S_A_B,B,248,,-2.7186
3F1S_A_B,B,250,,-2.40286
3F1S_A_B,B,251,,-2.61603
3F1S_A_B,B,255,,-2.48247
3G6D_LH_A,A,2,,-2.85743
3G6D_LH_A,A,3,,-2.85876
3G6D_LH_A,A,8,,-2.86994
3G6D_LH_A,A,11,,-2.8807
3G6D_LH_A,A,12,,-2.85151
3G6D_LH_A,A,15,,-2.87305
3G6D_LH_A,A,16,,-2.84644
3G6D_LH_A,A,18,,-2.90723
3G6D_LH_A,A,19,,-2.87015
3G6D_LH_A,A,20,,-2.88074
3G6D_LH_A,A,21,,-2.89326
3G6D_LH_A,A,22,,-2.89031
3G6D_LH_A,A,94,,-2.90031
3G6D_LH_A,A,97,,-2.91088
3G6D_LH_A,A,98,,-2.85551
3G6D_LH_A,A,101,,-2.88057
3G6D_LH_A,A,102,,-2.88264
3G6D_LH_A,A,104,,-2.89959
3G6D_LH_A,A,105,,-2.84673
3G6D_LH_A,A,106,,-2.89982
3G6D_LH_A,H,28,,-1.26374
3G6D_LH_A,H,31,,-1.25894
3G6D_LH_A,H,32,,-1.54637
3G6D_LH_A,H,53,,-2.23547
3G6D_LH_A,H,100,,-2.62882
3G6D_LH_A,H,101,,-2.70504
3G6D_LH_A,H,102,,-2.8393
3G6D_LH_A,H,103,,-2.83553
3G6D_LH_A,H,104,,-2.7739
3G6D_LH_A,H,105,,-2.73694
3G6D_LH_A,H,106,,-2.85197
3G6D_LH_A,L,26,,-2.72927
3G6D_LH_A,L,28,,-2.35968
3G6D_LH_A,L,29,,-2.72065
3G6D_LH_A,L,30,,-2.60168
3G6D_LH_A,L,31,,-2.13417
3G6D_LH_A,L,49,,-2.7275
3G6D_LH_A,L,50,,-2.64685
3G6D_LH_A,L,52,,-2.40115
3G6D_LH_A,L,90,,-2.8124
3G6D_LH_A,L,91,,-2.71417
3G6D_LH_A,L,92,,-2.74971
3H9S_ABC_DE,A,58,,-1.88595
3H9S_ABC_DE,A,65,,-2.33893
3H9S_ABC_DE,A,66,,-1.64301
3H9S_ABC_DE,A,69,,-2.53625
3H9S_ABC_DE,A,72,,-2.43123
3H9S_ABC_DE,A,73,,-2.57687
3H9S_ABC_DE,A,151,,-2.31343
3H9S_ABC_DE,A,154,,-2.39184
3H9S_ABC_DE,A,155,,-2.61933
3H9S_ABC_DE,A,158,,-2.81469
3H9S_ABC_DE,A,163,,-1.86824
3H9S_ABC_DE,A,166,,-2.37844
3H9S_ABC_DE,A,167,,-1.27192
3H9S_ABC_DE,A,170,,-2.43343
3H9S_ABC_DE,D,26,,-2.62288
3H9S_ABC_DE,D,27,,-2.51099
3H9S_ABC_DE,D,28,,-2.48215
3H9S_ABC_DE,D,30,,-1.73199
3H9S_ABC_DE,D,50,,-2.54193
3H9S_ABC_DE,D,51,,-2.61262
3H9S_ABC_DE,D,52,,-2.48491
3H9S_ABC_DE,D,55,,-2.56882
3H9S_ABC_DE,D,66,,-2.26002
3H9S_ABC_DE,D,92,,-2.72725
3H9S_ABC_DE,D,93,,-2.79769
3H9S_ABC_DE,D,94,,-2.79902
3H9S_ABC_DE,D,95,,-2.68089
3H9S_ABC_DE,D,96,,-2.8355
3H9S_ABC_DE,E,30,,-1.82987
3H9S_ABC_DE,E,97,,-2.44296
3H9S_ABC_DE,E,98,,-2.67767
3H9S_ABC_DE,E,99,,-2.68568
3H9S_ABC_DE,E,100,,-2.81631
3H9S_ABC_DE,E,101,,-2.78534
3H9S_ABC_DE,E,102,,-2.78833
3HFM_HL_Y,H,30,,-1.40502
3HFM_HL_Y,H,31,,-1.47902
3HFM_HL_Y,H,32,,-2.05031
3HFM_HL_Y,H,33,,-1.89321
3HFM_HL_Y,H,50,,-2.36939
3HFM_HL_Y,H,52,,-2.05391
3HFM_HL_Y,H,53,,-2.15006
3HFM_HL_Y,H,54,,-1.58938
3HFM_HL_Y,H,56,,-2.02644
3HFM_HL_Y,H,58,,-2.17717
3HFM_HL_Y,H,98,,-2.50259
3HFM_HL_Y,L,30,,-2.47588
3HFM_HL_Y,L,31,,-2.46277
3HFM_HL_Y,L,32,,-1.92801
3HFM_HL_Y,L,50,,-2.65443
3HFM_HL_Y,L,53,,-1.84247
3HFM_HL_Y,L,91,,-2.68628
3HFM_HL_Y,L,92,,-2.5609
3HFM_HL_Y,L,94,,-2.6531
3HFM_HL_Y,L,96,,-2.67541
3HFM_HL_Y,Y,14,,-2.13873
3HFM_HL_Y,Y,15,,-1.94182
3HFM_HL_Y,Y,16,,-0.36599
3HFM_HL_Y,Y,19,,-1.87794
3HFM_HL_Y,Y,20,,-0.93553
3HFM_HL_Y,Y,21,,-1.72186
3HFM_HL_Y,Y,63,,-0.05532
3HFM_HL_Y,Y,73,,-2.58899
3HFM_HL_Y,Y,75,,-2.28786
3HFM_HL_Y,Y,89,,-2.03181
3HFM_HL_Y,Y,93,,-2.48135
3HFM_HL_Y,Y,96,,-0.9989
3HFM_HL_Y,Y,97,,-1.73609
3HFM_HL_Y,Y,100,,-1.65719
3HFM_HL_Y,Y,101,,-1.82751
3HFM_HL_Y,Y,102,,-1.5617
3HFM_HL_Y,Y,103,,-2.54332
3HFM_HL_Y,Y,107,,-1.4383
3HG1_ABC_DE,A,62,,-2.51215
3HG1_ABC_DE,A,65,,-2.34252
3HG1_ABC_DE,A,66,,-1.64095
3HG1_ABC_DE,A,68,,-2.45945
3HG1_ABC_DE,A,69,,-2.5338
3HG1_ABC_DE,A,72,,-2.43664
3HG1_ABC_DE,A,73,,-2.5804
3HG1_ABC_DE,A,75,,-2.54185
3HG1_ABC_DE,A,76,,-2.57618
3HG1_ABC_DE,A,154,,-2.39531
3HG1_ABC_DE,A,155,,-2.62344
3HG1_ABC_DE,A,158,,-2.81369
3HG1_ABC_DE,A,162,,-2.40851
3HG1_ABC_DE,A,163,,-1.86841
3HG1_ABC_DE,A,166,,-2.3733
3HG1_ABC_DE,A,167,,-1.29577
3HG1_ABC_DE,C,1,,-1.81526
3HG1_ABC_DE,C,4,,-2.87688
3HG1_ABC_DE,C,5,,-2.88049
3HG1_ABC_DE,C,7,,-2.88143
3HG1_ABC_DE,C,8,,-2.87378
3HG1_ABC_DE,C,9,,-2.88116
3HG1_ABC_DE,D,26,,-2.62825
3HG1_ABC_DE,D,27,,-2.49516
3HG1_ABC_DE,D,28,,-2.48365
3HG1_ABC_DE,D,30,,-2.17762
3HG1_ABC_DE,D,50,,-2.61508
3HG1_ABC_DE,D,51,,-2.57791
3HG1_ABC_DE,D,66,,-2.23949
3HG1_ABC_DE,D,91,,-2.496
3HG1_ABC_DE,D,93,,-2.66683
3HG1_ABC_DE,D,94,,-2.6492
3HG1_ABC_DE,D,95,,-2.77219
3HG1_ABC_DE,E,30,,-2.66836
3HG1_ABC_DE,E,49,,-1.7525
3HG1_ABC_DE,E,51,,-2.6605
3HG1_ABC_DE,E,52,,-2.66962
3HG1_ABC_DE,E,55,,-2.7291
3HG1_ABC_DE,E,59,,-2.32234
3HG1_ABC_DE,E,95,,-2.80176
3HG1_ABC_DE,E,96,,-2.81256
3HG1_ABC_DE,E,97,,-2.82414
3HG1_ABC_DE,E,98,,-2.74023
3HG1_ABC_DE,E,99,,-2.85748
3HG1_ABC_DE,E,100,,-2.76959
3HH2_AB_C,A,28,,-0.24556
3HH2_AB_C,A,29,,-0.99376
3HH2_AB_C,A,31,,-0.52642
3HH2_AB_C,A,86,,-0.74042
3HH2_AB_C,A,88,,-1.34511
3HH2_AB_C,A,89,,-2.1211
3HH2_AB_C,A,98,,-1.91939
3HH2_AB_C,B,1,,-1.97176
3HH2_AB_C,B,2,,-2.79249
3HH2_AB_C,B,3,,-2.81015
3HH2_AB_C,B,4,,-2.81871
3HH2_AB_C,B,12,,-2.69265
3HH2_AB_C,B,14,,-2.63226
3HH2_AB_C,B,30,,-1.56172
3HH2_AB_C,B,31,,-0.52642
3HH2_AB_C,B,33,,-1.09094
3HH2_AB_C,B,34,,-1.16825
3HH2_AB_C,B,35,,-0.04476
3HH2_AB_C,B,36,,-1.72612
3HH2_AB_C,B,38,,-0.7244
3HH2_AB_C,B,39,,-2.55349
3HH2_AB_C,B,49,,-2.82168
3HH2_AB_C,B,50,,-2.16781
3HH2_AB_C,B,51,,-2.73748
3HH2_AB_C,B,52,,-2.59086
3HH2_AB_C,B,56,,-2.63876
3HH2_AB_C,B,59,,-2.70508
3HH2_AB_C,B,63,,-2.63551
3HH2_AB_C,B,82,,-1.33692
3HH2_AB_C,B,83,,-1.86831
3HH2_AB_C,B,85,,-0.95731
3HH2_AB_C,B,87,,-1.80669
3HH2_AB_C,B,89,,-2.1211
3HH2_AB_C,B,90,,-2.43186
3HH2_AB_C,B,91,,-2.2504
3HH2_AB_C,B,92,,-1.96101
3HH2_AB_C,B,93,,-1.39236
3HH2_AB_C,B,94,,-2.18552
3HH2_AB_C,B,95,,-1.73519
3HH2_AB_C,C,5,,-2.86834
3HH2_AB_C,C,6,,-2.56724
3HH2_AB_C,C,15,,-2.80237
3HH2_AB_C,C,16,,-2.83179
3HH2_AB_C,C,17,,-2.84695
3HH2_AB_C,C,18,,-2.66996
3HH2_AB_C,C,19,,-2.52528
3HH2_AB_C,C,31,,-2.73824
3HH2_AB_C,C,33,,-2.87968
3HH2_AB_C,C,43,,-2.89809
3HH2_AB_C,C,44,,-2.90491
3HH2_AB_C,C,46,,-2.89266
3HH2_AB_C,C,47,,-2.86548
3HH2_AB_C,C,48,,-2.93123
3HH2_AB_C,C,49,,-2.91598
3HH2_AB_C,C,51,,-2.95029
3HH2_AB_C,C,52,,-2.85906
3HH2_AB_C,C,53,,-2.9407
3HH2_AB_C,C,105,,-0.93408
3HH2_AB_C,C,106,,-0.11233
3HH2_AB_C,C,124,,-2.342
3HH2_AB_C,C,125,,-2.18471
3HH2_AB_C,C,126,,-2.64228
3HH2_AB_C,C,151,,-2.42468
3HH2_AB_C,C,152,,-1.96132
3HH2_AB_C,C,153,,-1.0931
3HH2_AB_C,C,154,,-2.42112
3HH2_AB_C,C,159,,-1.76723
3HH2_AB_C,C,161,,-2.59119
3HH2_AB_C,C,162,,-2.50442
3HH2_AB_C,C,164,,-2.11251
3HH2_AB_C,C,186,,-1.46669
3HH2_AB_C,C,187,,-2.25897
3HH2_AB_C,C,190,,-1.979
3HH2_AB_C,C,191,,-0.03241
3HH2_AB_C,C,196,,-2.53967
3HH2_AB_C,C,198,,-2.5173
3HH2_AB_C,C,199,,-1.58603
3HH2_AB_C,C,234,,-1.81436
3HH2_AB_C,C,259,,-1.69579
3IDX_HL_G,G,135,,-2.4262
3IDX_HL_G,G,137,,-2.84041
3IDX_HL_G,G,190,,-2.74292
3IDX_HL_G,G,191,,-2.84733
3IDX_HL_G,G,192,,-2.86813
3IDX_HL_G,G,193,,-2.90301
3IDX_HL_G,G,194,,-2.91255
3IDX_HL_G,G,195,,-2.9198
3IDX_HL_G,G,196,,-2.59857
3IDX_HL_G,G,197,,-2.93827
3IDX_HL_G,G,198,,-2.9026
3IDX_HL_G,G,209,,-2.88736
3IDX_HL_G,G,233,,-2.77376
3IDX_HL_G,G,235,,-2.79862
3IDX_HL_G,G,239,,-2.84048
3IDX_HL_G,G,240,,-2.8654
3IDX_HL_G,G,286,,-2.91159
3IDX_HL_G,G,287,,-2.9244
3IDX_HL_G,G,288,,-2.92518
3IDX_HL_G,H,30,,-1.54178
3IDX_HL_G,H,31,,-1.69185
3IDX_HL_G,H,32,,-1.95829
3IDX_HL_G,H,33,,-2.17235
3IDX_HL_G,H,52,,-2.34629
3IDX_HL_G,H,53,,-2.57065
3IDX_HL_G,H,56,,-2.09823
3IDX_HL_G,H,57,,-2.63568
3IDX_HL_G,H,101,,-2.88045
3IDX_HL_G,H,102,,-2.84375
3IDX_HL_G,H,107,,-2.81158
3IDX_HL_G,H,108,,-2.83929
3IDX_HL_G,H,109,,-2.86341
3IDX_HL_G,H,113,,-2.75408
3KBH_A_E,A,12,,-2.39889
3KBH_A_E,A,15,,-2.48136
3KBH_A_E,A,16,,-2.44752
3KBH_A_E,A,19,,-2.61113
3KBH_A_E,A,23,,-2.42507
3KBH_A_E,A,301,,-1.84936
3KBH_A_E,A,302,,-1.36556
3KBH_A_E,A,304,,-2.08095
3KBH_A_E,A,305,,-2.3729
3KBH_A_E,A,306,,-2.44369
3KBH_A_E,A,310,,-1.45541
3KBH_A_E,A,332,,-2.54016
3KBH_A_E,A,333,,-2.07269
3KBH_A_E,A,334,,-0.27676
3KBH_A_E,A,362,,-1.64002
3KBH_A_E,A,365,,-2.13143
3KBH_A_E,A,366,,-2.06205
3KBH_A_E,A,372,,-0.56399
3KBH_A_E,E,13,,-2.79043
3KBH_A_E,E,14,,-2.85335
3KBH_A_E,E,15,,-2.87739
3KBH_A_E,E,16,,-2.83206
3KBH_A_E,E,17,,-2.82693
3KBH_A_E,E,18,,-2.86
3KBH_A_E,E,19,,-2.8334
3KBH_A_E,E,22,,-2.87527
3KBH_A_E,E,53,,-2.83733
3KBH_A_E,E,54,,-2.87605
3KBH_A_E,E,55,,-2.80707
3KBH_A_E,E,56,,-2.87269
3KBH_A_E,E,58,,-2.88254
3KBH_A_E,E,59,,-2.91839
3KBH_A_E,E,93,,-2.88119
3KBH_A_E,E,94,,-2.80122
3KBH_A_E,E,96,,-2.85138
3KUD_A_B,A,21,,-1.3028
3KUD_A_B,A,24,,-1.42729
3KUD_A_B,A,25,,-2.33103
3KUD_A_B,A,31,,-2.36927
3KUD_A_B,A,33,,-0.7722
3KUD_A_B,A,36,,-0.6089
3KUD_A_B,A,37,,-0.10133
3KUD_A_B,A,38,,-0.05895
3KUD_A_B,A,39,,-1.59987
3KUD_A_B,A,40,,-0.38797
3KUD_A_B,A,41,,-0.65317
3KUD_A_B,B,9,,-1.46084
3KUD_A_B,B,10,,-1.64343
3KUD_A_B,B,11,,-2.31568
3KUD_A_B,B,12,,-2.38081
3KUD_A_B,B,13,,-1.615
3KUD_A_B,B,14,,-2.15455
3KUD_A_B,B,16,,-2.56398
3KUD_A_B,B,29,,-2.71492
3KUD_A_B,B,30,,-1.74066
3KUD_A_B,B,33,,-1.64735
3KUD_A_B,B,34,,-1.61777
3KUD_A_B,B,35,,-2.1577
3L5X_A_HL,A,5,,-2.87499
3L5X_A_HL,A,8,,-2.85241
3L5X_A_HL,A,9,,-2.83373
3L5X_A_HL,A,91,,-2.83091
3L5X_A_HL,A,94,,-2.88404
3L5X_A_HL,A,95,,-2.86505
3L5X_A_HL,A,97,,-2.88929
3L5X_A_HL,A,98,,-2.8102
3L5X_A_HL,A,99,,-2.89789
3L5X_A_HL,A,100,,-2.89748
3L5X_A_HL,H,32,,-1.75152
3L5X_A_HL,H,54,,-2.54984
3L5X_A_HL,H,55,,-2.68632
3L5X_A_HL,H,56,,-2.06601
3L5X_A_HL,H,58,,-2.34492
3L5X_A_HL,H,60,,-2.38092
3L5X_A_HL,H,103,,-2.70201
3L5X_A_HL,H,104,,-2.80445
3L5X_A_HL,H,105,,-2.6209
3L5X_A_HL,L,31,,-2.47048
3L5X_A_HL,L,32,,-1.94398
3L5X_A_HL,L,92,,-2.76777
3LB6_A_C,A,7,,-2.8706
3LB6_A_C,A,10,,-2.84471
3LB6_A_C,A,11,,-2.84803
3LB6_A_C,A,14,,-2.86155
3LB6_A_C,A,29,,-2.8946
3LB6_A_C,A,83,,-2.87066
3LB6_A_C,A,84,,-2.87527
3LB6_A_C,A,85,,-2.89172
3LB6_A_C,A,86,,-2.8317
3LB6_A_C,A,87,,-2.89202
3LB6_A_C,A,97,,-2.84136
3LB6_A_C,A,100,,-2.89635
3LB6_A_C,A,101,,-2.88777
3LB6_A_C,A,103,,-2.88647
3LB6_A_C,A,104,,-2.8379
3LB6_A_C,A,106,,-2.88859
3LB6_A_C,A,108,,-2.89714
3LB6_A_C,C,47,,-2.30595
3LB6_A_C,C,48,,-2.68657
3LB6_A_C,C,49,,-2.36852
3LB6_A_C,C,50,,-2.22442
3LB6_A_C,C,51,,-2.32981
3LB6_A_C,C,52,,-2.22056
3LB6_A_C,C,55,,-2.53947
3LB6_A_C,C,114,,-2.36859
3LB6_A_C,C,162,,-2.82501
3LB6_A_C,C,163,,-2.84599
3LB6_A_C,C,182,,-2.68771
3LB6_A_C,C,208,,-2.79668
3LB6_A_C,C,210,,-2.09691
3LB6_A_C,C,212,,-2.78734
3LB6_A_C,C,238,,-2.78485
3LB6_A_C,C,239,,-2.77282
3LB6_A_C,C,240,,-2.81593
3LB6_A_C,C,242,,-2.85068
3LNZ_A_B,A,27,,-2.34198
3LNZ_A_B,A,30,,-2.77469
3LNZ_A_B,A,34,,-2.65532
3LNZ_A_B,A,37,,-0.84344
3LNZ_A_B,A,38,,-1.89039
3LNZ_A_B,A,48,,-1.86416
3LNZ_A_B,A,49,,-1.64736
3LNZ_A_B,A,69,,-2.51702
3LNZ_A_B,A,70,,-2.69063
3LNZ_A_B,A,72,,-2.77601
3LNZ_A_B,A,75,,-1.84344
3LNZ_A_B,A,76,,-2.88011
3LNZ_A_B,B,1,,-1.26024
3LNZ_A_B,B,2,,-2.89318
3LNZ_A_B,B,3,,-2.87983
3LNZ_A_B,B,4,,-2.90069
3LNZ_A_B,B,6,,-2.88067
3LNZ_A_B,B,7,,-2.85619
3LNZ_A_B,B,9,,-2.90791
3LNZ_A_B,B,10,,-2.90324
3LNZ_A_B,B,11,,-2.89493
3LZF_AB_HL,A,118,,-2.81442
3LZF_AB_HL,A,120,,-2.87043
3LZF_AB_HL,A,121,,-2.90013
3LZF_AB_HL,A,122,,-2.90036
3LZF_AB_HL,A,124,,-2.9205
3LZF_AB_HL,A,125,,-2.91634
3LZF_AB_HL,A,154,,-2.80216
3LZF_AB_HL,A,155,,-2.77067
3LZF_AB_HL,A,156,,-2.83446
3LZF_AB_HL,A,157,,-2.83554
3LZF_AB_HL,A,159,,-2.86936
3LZF_AB_HL,A,160,,-2.78803
3LZF_AB_HL,A,162,,-2.48644
3LZF_AB_HL,A,163,,-2.76153
3LZF_AB_HL,A,164,,-2.11332
3LZF_AB_HL,A,166,,-1.8325
3LZF_AB_HL,A,168,,-2.25077
3LZF_AB_HL,A,194,,-2.91918
3LZF_AB_HL,A,243,,-2.5036
3LZF_AB_HL,A,245,,-2.85124
3LZF_AB_HL,H,30,,-1.68902
3LZF_AB_HL,H,31,,-1.6605
3LZF_AB_HL,H,32,,-1.96313
3LZF_AB_HL,H,55,,-2.64319
3LZF_AB_HL,H,56,,-2.43691
3LZF_AB_HL,H,60,,-2.34827
3LZF_AB_HL,H,104,,-2.7684
3LZF_AB_HL,H,106,,-2.87341
3LZF_AB_HL,H,107,,-2.82988
3LZF_AB_HL,H,108,,-2.86355
3LZF_AB_HL,H,109,,-2.84968
3LZF_AB_HL,H,110,,-2.83694
3LZF_AB_HL,L,25,,-2.08835
3LZF_AB_HL,L,29,,-2.07125
3LZF_AB_HL,L,30,,-2.19481
3LZF_AB_HL,L,31,,-2.15992
3LZF_AB_HL,L,32,,-1.96417
3LZF_AB_HL,L,66,,-2.53492
3LZF_AB_HL,L,91,,-2.7101
3LZF_AB_HL,L,93,,-2.61645
3LZF_AB_HL,L,96,,-2.79984
3M62_A_B,A,32,,-2.70568
3M62_A_B,A,46,,-2.78929
3M62_A_B,A,47,,-2.83198
3M62_A_B,A,50,,-2.73703
3M62_A_B,A,54,,-2.86572
3M62_A_B,A,55,,-2.8779
3M62_A_B,A,98,,-2.64958
3M62_A_B,A,99,,-2.7952
3M62_A_B,A,102,,-2.84835
3M62_A_B,A,103,,-2.81498
3M62_A_B,A,106,,-2.85121
3M62_A_B,A,109,,-2.87774
3M62_A_B,A,110,,-2.75849
3M62_A_B,A,112,,-2.73763
3M62_A_B,A,113,,-2.8667
3M62_A_B,A,115,,-2.73614
3M62_A_B,A,147,,-2.56458
3M62_A_B,A,148,,-2.4721
3M62_A_B,A,149,,-2.526
3M62_A_B,B,7,,-2.50057
3M62_A_B,B,9,,-1.12712
3M62_A_B,B,41,,-1.23004
3M62_A_B,B,43,,-1.78327
3M62_A_B,B,45,,-2.23538
3M62_A_B,B,46,,-1.18798
3M62_A_B,B,47,,-1.57143
3M62_A_B,B,48,,-1.98291
3M62_A_B,B,50,,-2.11514
3M62_A_B,B,65,,-2.45079
3M62_A_B,B,67,,-1.81228
3M62_A_B,B,69,,-1.97572
3M63_A_B,A,32,,-2.71126
3M63_A_B,A,46,,-2.79629
3M63_A_B,A,50,,-2.73971
3M63_A_B,A,54,,-2.86593
3M63_A_B,A,55,,-2.87855
3M63_A_B,A,98,,-2.64652
3M63_A_B,A,99,,-2.79483
3M63_A_B,A,102,,-2.8451
3M63_A_B,A,103,,-2.82222
3M63_A_B,A,106,,-2.84626
3M63_A_B,A,109,,-2.87767
3M63_A_B,A,110,,-2.75463
3M63_A_B,A,112,,-2.73625
3M63_A_B,A,113,,-2.86815
3M63_A_B,A,147,,-2.56371
3M63_A_B,B,6,,-0.20267
3M63_A_B,B,7,,-2.61366
3M63_A_B,B,8,,-2.33336
3M63_A_B,B,41,,-0.7142
3M63_A_B,B,43,,-0.40605
3M63_A_B,B,45,,-1.81192
3M63_A_B,B,46,,-0.07905
3M63_A_B,B,47,,-0.90341
3M63_A_B,B,48,,-1.37192
3M63_A_B,B,65,,-1.17297
3M63_A_B,B,67,,-0.60888
3M63_A_B,B,69,,-0.56268
3M63_A_B,B,70,,-2.14647
3MZG_A_B,A,14,,-2.83945
3MZG_A_B,A,17,,-2.84908
3MZG_A_B,A,18,,-2.8613
3MZG_A_B,A,38,,-2.48017
3MZG_A_B,A,39,,-2.7583
3MZG_A_B,A,42,,-2.66475
3MZG_A_B,A,43,,-2.811
3MZG_A_B,A,54,,-2.78665
3MZG_A_B,A,55,,-2.53399
3MZG_A_B,A,56,,-2.63874
3MZG_A_B,A,57,,-2.73198
3MZG_A_B,A,160,,-2.84803
3MZG_A_B,A,163,,-2.79974
3MZG_A_B,A,164,,-2.78703
3MZG_A_B,A,167,,-2.76443
3MZG_A_B,A,168,,-2.8561
3MZG_A_B,A,170,,-2.80998
3MZG_A_B,A,171,,-2.80398
3MZG_A_B,A,174,,-2.80386
3MZG_A_B,A,175,,-2.86584
3MZG_A_B,A,178,,-2.75371
3MZG_A_B,A,184,,-2.89562
3MZG_A_B,A,186,,-2.84665
3MZG_A_B,B,17,,-1.97948
3MZG_A_B,B,18,,-1.15541
3MZG_A_B,B,43,,-2.81729
3MZG_A_B,B,44,,-2.52067
3MZG_A_B,B,66,,-2.71647
3MZG_A_B,B,69,,-1.49725
3MZG_A_B,B,70,,-2.70705
3MZG_A_B,B,71,,-2.18401
3MZG_A_B,B,72,,-1.61385
3MZG_A_B,B,73,,-2.20587
3MZG_A_B,B,74,,-2.31441
3MZG_A_B,B,76,,-2.66006
3MZG_A_B,B,94,,-2.75954
3MZG_A_B,B,96,,-1.1701
3MZG_A_B,B,98,,-2.78071
3MZG_A_B,B,99,,-1.93602
3MZG_A_B,B,134,,-2.62864
3MZG_A_B,B,135,,-2.85698
3MZG_A_B,B,136,,-2.72885
3MZG_A_B,B,137,,-2.76295
3MZG_A_B,B,138,,-2.71896
3MZG_A_B,B,139,,-1.3242
3MZG_A_B,B,141,,-1.37479
3MZG_A_B,B,187,,-2.67854
3MZG_A_B,B,188,,-2.71733
3MZW_A_B,A,363,,-0.85745
3MZW_A_B,A,364,,-1.50721
3MZW_A_B,A,367,,-2.03183
3MZW_A_B,A,370,,-1.62732
3MZW_A_B,A,386,,-2.12806
3MZW_A_B,A,387,,-2.39395
3MZW_A_B,A,388,,-1.51541
3MZW_A_B,A,389,,-2.42857
3MZW_A_B,A,390,,-0.87453
3MZW_A_B,A,392,,-0.69404
3MZW_A_B,A,393,,-1.74626
3MZW_A_B,A,395,,-1.88958
3MZW_A_B,A,396,,-1.57835
3MZW_A_B,A,418,,-2.27095
3MZW_A_B,A,420,,-1.92666
3MZW_A_B,A,421,,-2.19958
3MZW_A_B,A,425,,-2.10567
3MZW_A_B,A,476,,-2.60205
3MZW_A_B,A,477,,-0.59503
3MZW_A_B,A,478,,-2.45555
3MZW_A_B,A,492,,-0.52609
3MZW_A_B,A,493,,-0.69227
3MZW_A_B,A,494,,-0.58529
3MZW_A_B,A,495,,-2.45434
3MZW_A_B,A,496,,-1.64056
3MZW_A_B,A,506,,-0.69294
3MZW_A_B,A,507,,-2.25388
3MZW_A_B,A,508,,-2.31182
3MZW_A_B,B,1,,-1.05114
3MZW_A_B,B,4,,-2.58563
3MZW_A_B,B,5,,-2.76008
3MZW_A_B,B,8,,-2.40031
3MZW_A_B,B,9,,-2.64966
3MZW_A_B,B,12,,-2.78465
3MZW_A_B,B,13,,-2.46229
3MZW_A_B,B,19,,-2.62478
3MZW_A_B,B,22,,-2.54888
3MZW_A_B,B,23,,-2.68592
3MZW_A_B,B,26,,-2.39888
3MZW_A_B,B,27,,-2.66008
3MZW_A_B,B,30,,-2.74597
3MZW_A_B,B,31,,-2.76538
3MZW_A_B,B,33,,-2.81218
3N06_A_B,A,17,,-2.83132
3N06_A_B,A,18,,-2.85126
3N06_A_B,A,38,,-2.51652
3N06_A_B,A,39,,-2.76042
3N06_A_B,A,42,,-2.66869
3N06_A_B,A,43,,-2.80661
3N06_A_B,A,54,,-2.7853
3N06_A_B,A,55,,-2.55819
3N06_A_B,A,56,,-2.64655
3N06_A_B,A,57,,-2.73556
3N06_A_B,A,60,,-2.77704
3N06_A_B,A,160,,-2.84561
3N06_A_B,A,163,,-2.80518
3N06_A_B,A,164,,-2.78343
3N06_A_B,A,167,,-2.77514
3N06_A_B,A,168,,-2.86626
3N06_A_B,A,170,,-2.81417
3N06_A_B,A,171,,-2.81665
3N06_A_B,A,174,,-2.81364
3N06_A_B,A,175,,-2.86591
3N06_A_B,A,178,,-2.76891
3N06_A_B,A,184,,-2.89812
3N06_A_B,A,186,,-2.84553
3N06_A_B,B,17,,-1.97948
3N06_A_B,B,18,,-1.15541
3N06_A_B,B,43,,-2.81729
3N06_A_B,B,44,,-2.52067
3N06_A_B,B,66,,-2.71647
3N06_A_B,B,69,,-1.49725
3N06_A_B,B,70,,-2.70705
3N06_A_B,B,71,,-2.18401
3N06_A_B,B,72,,-1.61385
3N06_A_B,B,73,,-2.20587
3N06_A_B,B,74,,-2.31441
3N06_A_B,B,76,,-2.66006
3N06_A_B,B,94,,-2.75954
3N06_A_B,B,96,,-1.1701
3N06_A_B,B,98,,-2.78071
3N06_A_B,B,99,,-1.93602
3N06_A_B,B,134,,-2.62864
3N06_A_B,B,135,,-2.85698
3N06_A_B,B,136,,-2.72885
3N06_A_B,B,137,,-2.76295
3N06_A_B,B,138,,-2.71896
3N06_A_B,B,139,,-1.3242
3N06_A_B,B,141,,-1.37479
3N06_A_B,B,187,,-2.67854
3N06_A_B,B,188,,-2.71733
3N0P_A_B,A,14,,-2.81752
3N0P_A_B,A,17,,-2.84908
3N0P_A_B,A,18,,-2.8549
3N0P_A_B,A,38,,-2.4678
3N0P_A_B,A,39,,-2.75507
3N0P_A_B,A,42,,-2.65635
3N0P_A_B,A,43,,-2.80349
3N0P_A_B,A,54,,-2.78663
3N0P_A_B,A,55,,-2.54513
3N0P_A_B,A,56,,-2.64407
3N0P_A_B,A,57,,-2.73082
3N0P_A_B,A,160,,-2.84685
3N0P_A_B,A,163,,-2.80144
3N0P_A_B,A,164,,-2.78954
3N0P_A_B,A,167,,-2.7625
3N0P_A_B,A,168,,-2.8554
3N0P_A_B,A,171,,-2.80364
3N0P_A_B,A,174,,-2.80498
3N0P_A_B,A,175,,-2.86773
3N0P_A_B,A,178,,-2.7601
3N0P_A_B,A,184,,-2.89783
3N0P_A_B,A,185,,-2.90338
3N0P_A_B,A,186,,-2.84698
3N0P_A_B,B,17,,-1.97948
3N0P_A_B,B,18,,-1.15541
3N0P_A_B,B,43,,-2.81729
3N0P_A_B,B,44,,-2.52067
3N0P_A_B,B,66,,-2.71647
3N0P_A_B,B,69,,-1.49725
3N0P_A_B,B,70,,-2.70705
3N0P_A_B,B,71,,-2.18401
3N0P_A_B,B,72,,-1.61385
3N0P_A_B,B,73,,-2.20587
3N0P_A_B,B,74,,-2.31441
3N0P_A_B,B,76,,-2.66006
3N0P_A_B,B,94,,-2.75954
3N0P_A_B,B,96,,-1.1701
3N0P_A_B,B,98,,-2.78071
3N0P_A_B,B,99,,-1.93602
3N0P_A_B,B,134,,-2.62864
3N0P_A_B,B,135,,-2.85698
3N0P_A_B,B,136,,-2.72885
3N0P_A_B,B,137,,-2.76295
3N0P_A_B,B,138,,-2.71896
3N0P_A_B,B,139,,-1.3242
3N0P_A_B,B,141,,-1.37479
3N0P_A_B,B,187,,-2.67854
3N0P_A_B,B,188,,-2.71733
3N4I_A_B,A,74,,-2.23112
3N4I_A_B,A,75,,-2.08267
3N4I_A_B,A,77,,-0.36945
3N4I_A_B,A,78,,-0.92131
3N4I_A_B,A,79,,-2.29307
3N4I_A_B,A,80,,-1.44594
3N4I_A_B,A,81,,-0.83088
3N4I_A_B,A,82,,-0.18345
3N4I_A_B,A,83,,-1.03689
3N4I_A_B,A,85,,-2.08361
3N4I_A_B,A,86,,-2.27548
3N4I_A_B,A,87,,-1.51814
3N4I_A_B,A,89,,-2.40724
3N4I_A_B,A,104,,-2.56875
3N4I_A_B,A,105,,-0.02575
3N4I_A_B,A,142,,-0.96558
3N4I_A_B,A,143,,-1.8885
3N4I_A_B,A,145,,-0.8334
3N4I_A_B,A,146,,-1.86386
3N4I_A_B,A,190,,-2.30971
3N4I_A_B,A,191,,-2.51245
3N4I_A_B,A,212,,-1.45475
3N4I_A_B,A,213,,-0.26671
3N4I_A_B,A,214,,-2.1182
3N4I_A_B,A,245,,-2.61154
3N4I_A_B,B,31,,-2.64562
3N4I_A_B,B,35,,-2.72431
3N4I_A_B,B,36,,-2.60574
3N4I_A_B,B,37,,-2.59989
3N4I_A_B,B,39,,-2.77334
3N4I_A_B,B,43,,-2.75892
3N4I_A_B,B,46,,-2.76701
3N4I_A_B,B,47,,-2.71645
3N4I_A_B,B,48,,-2.27278
3N4I_A_B,B,49,,-2.3752
3N4I_A_B,B,50,,-2.69844
3N4I_A_B,B,51,,-2.72528
3N4I_A_B,B,53,,-2.68049
3N4I_A_B,B,55,,-2.66737
3N4I_A_B,B,71,,-2.6638
3N4I_A_B,B,73,,-2.67394
3N4I_A_B,B,74,,-2.82851
3N4I_A_B,B,112,,-2.6609
3N4I_A_B,B,113,,-2.63951
3N4I_A_B,B,115,,-2.71171
3N4I_A_B,B,126,,-2.75454
3N4I_A_B,B,128,,-2.77113
3N4I_A_B,B,142,,-2.71457
3N4I_A_B,B,143,,-2.80597
3N4I_A_B,B,144,,-2.68897
3N4I_A_B,B,148,,-2.59464
3N4I_A_B,B,150,,-2.65819
3N4I_A_B,B,160,,-2.56618
3N4I_A_B,B,162,,-2.71354
3N4I_A_B,B,163,,-2.37543
3N85_A_LH,A,358,,-1.51565
3N85_A_LH,A,361,,-2.0712
3N85_A_LH,A,364,,-1.66807
3N85_A_LH,A,380,,-2.19295
3N85_A_LH,A,381,,-2.38961
3N85_A_LH,A,382,,-1.56204
3N85_A_LH,A,383,,-2.44732
3N85_A_LH,A,384,,-0.89294
3N85_A_LH,A,386,,-0.65864
3N85_A_LH,A,387,,-1.59963
3N85_A_LH,A,389,,-1.90253
3N85_A_LH,A,412,,-2.27577
3N85_A_LH,A,414,,-1.98307
3N85_A_LH,A,415,,-2.19579
3N85_A_LH,A,435,,-1.98395
3N85_A_LH,A,436,,-2.3371
3N85_A_LH,A,462,,-2.66372
3N85_A_LH,A,466,,-2.63903
3N85_A_LH,A,468,,-2.53161
3N85_A_LH,A,470,,-2.62532
3N85_A_LH,A,471,,-0.58742
3N85_A_LH,A,472,,-2.54108
3N85_A_LH,A,486,,-0.59382
3N85_A_LH,A,487,,-0.70865
3N85_A_LH,A,489,,-2.41507
3N85_A_LH,A,490,,-1.53278
3N85_A_LH,H,26,,-0.18741
3N85_A_LH,H,27,,-0.95455
3N85_A_LH,H,28,,-1.39602
3N85_A_LH,H,30,,-1.29981
3N85_A_LH,H,31,,-1.43502
3N85_A_LH,H,32,,-1.3234
3N85_A_LH,H,33,,-2.20254
3N85_A_LH,H,52,,-1.91979
3N85_A_LH,H,54,,-1.97332
3N85_A_LH,H,55,,-1.51639
3N85_A_LH,H,56,,-1.39568
3N85_A_LH,H,57,,-1.9157
3N85_A_LH,H,59,,-1.93817
3N85_A_LH,H,98,,-1.69054
3N85_A_LH,H,99,,-2.50945
3N85_A_LH,H,100,,-2.59851
3N85_A_LH,H,101,,-2.50662
3N85_A_LH,H,102,,-2.07657
3N85_A_LH,L,32,,-2.11162
3N85_A_LH,L,92,,-2.69377
3N85_A_LH,L,93,,-2.55748
3N85_A_LH,L,94,,-2.5961
3N85_A_LH,L,95,,-2.63624
3NCB_A_B,A,14,,-2.82329
3NCB_A_B,A,17,,-2.83739
3NCB_A_B,A,38,,-2.46134
3NCB_A_B,A,39,,-2.7565
3NCB_A_B,A,42,,-2.68955
3NCB_A_B,A,43,,-2.81677
3NCB_A_B,A,54,,-2.78693
3NCB_A_B,A,55,,-2.53636
3NCB_A_B,A,56,,-2.64512
3NCB_A_B,A,57,,-2.73191
3NCB_A_B,A,60,,-2.77221
3NCB_A_B,A,160,,-2.85308
3NCB_A_B,A,163,,-2.81316
3NCB_A_B,A,164,,-2.77153
3NCB_A_B,A,167,,-2.76443
3NCB_A_B,A,168,,-2.83544
3NCB_A_B,A,170,,-2.82323
3NCB_A_B,A,171,,-2.79258
3NCB_A_B,A,174,,-2.78043
3NCB_A_B,A,175,,-2.85344
3NCB_A_B,A,178,,-2.73512
3NCB_A_B,A,184,,-2.89547
3NCB_A_B,A,185,,-2.90601
3NCB_A_B,A,186,,-2.82291
3NCB_A_B,B,17,,-1.97948
3NCB_A_B,B,18,,-1.15541
3NCB_A_B,B,43,,-2.81729
3NCB_A_B,B,44,,-2.52067
3NCB_A_B,B,66,,-2.71647
3NCB_A_B,B,69,,-1.49725
3NCB_A_B,B,70,,-2.70705
3NCB_A_B,B,71,,-2.18401
3NCB_A_B,B,72,,-1.61385
3NCB_A_B,B,73,,-2.20587
3NCB_A_B,B,74,,-2.31441
3NCB_A_B,B,94,,-2.75954
3NCB_A_B,B,96,,-1.1701
3NCB_A_B,B,98,,-2.78071
3NCB_A_B,B,99,,-1.93602
3NCB_A_B,B,134,,-2.62864
3NCB_A_B,B,135,,-2.85698
3NCB_A_B,B,136,,-2.72885
3NCB_A_B,B,137,,-2.76295
3NCB_A_B,B,138,,-2.71896
3NCB_A_B,B,139,,-1.3242
3NCB_A_B,B,141,,-1.37479
3NCB_A_B,B,187,,-2.67854
3NCB_A_B,B,188,,-2.71733
3NCC_A_B,A,14,,-2.83945
3NCC_A_B,A,17,,-2.84908
3NCC_A_B,A,38,,-2.48017
3NCC_A_B,A,39,,-2.7583
3NCC_A_B,A,42,,-2.66475
3NCC_A_B,A,43,,-2.811
3NCC_A_B,A,54,,-2.78665
3NCC_A_B,A,55,,-2.53399
3NCC_A_B,A,56,,-2.63874
3NCC_A_B,A,57,,-2.73198
3NCC_A_B,A,160,,-2.84803
3NCC_A_B,A,163,,-2.79974
3NCC_A_B,A,164,,-2.78703
3NCC_A_B,A,167,,-2.76443
3NCC_A_B,A,168,,-2.8561
3NCC_A_B,A,171,,-2.80398
3NCC_A_B,A,174,,-2.80386
3NCC_A_B,A,175,,-2.86584
3NCC_A_B,A,178,,-2.75371
3NCC_A_B,A,184,,-2.89562
3NCC_A_B,A,185,,-2.90253
3NCC_A_B,A,186,,-2.84665
3NCC_A_B,B,17,,-1.99774
3NCC_A_B,B,18,,-1.18279
3NCC_A_B,B,43,,-2.81712
3NCC_A_B,B,44,,-2.52288
3NCC_A_B,B,66,,-2.71957
3NCC_A_B,B,69,,-1.50127
3NCC_A_B,B,70,,-2.71543
3NCC_A_B,B,71,,-2.2169
3NCC_A_B,B,72,,-1.69384
3NCC_A_B,B,73,,-2.225
3NCC_A_B,B,74,,-2.29288
3NCC_A_B,B,76,,-2.65969
3NCC_A_B,B,94,,-2.75833
3NCC_A_B,B,96,,-1.19599
3NCC_A_B,B,98,,-2.7875
3NCC_A_B,B,99,,-1.95222
3NCC_A_B,B,134,,-2.63093
3NCC_A_B,B,135,,-2.85664
3NCC_A_B,B,136,,-2.72385
3NCC_A_B,B,137,,-2.75556
3NCC_A_B,B,138,,-2.7001
3NCC_A_B,B,139,,-1.4048
3NCC_A_B,B,141,,-1.43462
3NCC_A_B,B,187,,-2.69059
3NCC_A_B,B,188,,-2.71733
3NGB_HL_G,G,54,,-2.79293
3NGB_HL_G,G,81,,-2.72918
3NGB_HL_G,G,82,,-2.83006
3NGB_HL_G,G,160,,-2.70668
3NGB_HL_G,G,162,,-2.84445
3NGB_HL_G,G,163,,-2.87089
3NGB_HL_G,G,164,,-2.83919
3NGB_HL_G,G,165,,-2.50007
3NGB_HL_G,G,166,,-2.62694
3NGB_HL_G,G,167,,-2.81967
3NGB_HL_G,G,226,,-2.87902
3NGB_HL_G,G,227,,-2.84499
3NGB_HL_G,G,228,,-2.87124
3NGB_HL_G,G,229,,-2.87117
3NGB_HL_G,G,232,,-2.89971
3NGB_HL_G,G,285,,-2.90898
3NGB_HL_G,G,310,,-2.89777
3NGB_HL_G,G,312,,-2.91073
3NGB_HL_G,G,313,,-2.89403
3NGB_HL_G,G,314,,-2.89818
3NGB_HL_G,G,315,,-2.88882
3NGB_HL_G,G,316,,-2.86066
3NGB_HL_G,G,318,,-2.87958
3NGB_HL_G,G,320,,-2.87067
3NGB_HL_G,G,322,,-2.8237
3NGB_HL_G,G,324,,-2.83479
3NGB_HL_G,G,327,,-2.91559
3NGB_HL_G,G,328,,-2.92823
3NGB_HL_G,G,329,,-2.92959
3NGB_HL_G,H,30,,-2.15125
3NGB_HL_G,H,47,,-1.37183
3NGB_HL_G,H,50,,-2.70938
3NGB_HL_G,H,52,,-2.48838
3NGB_HL_G,H,54,,-2.57585
3NGB_HL_G,H,55,,-2.11884
3NGB_HL_G,H,56,,-2.33696
3NGB_HL_G,H,57,,-2.63718
3NGB_HL_G,H,58,,-2.62929
3NGB_HL_G,H,59,,-2.57459
3NGB_HL_G,H,60,,-1.2565
3NGB_HL_G,H,61,,-1.98718
3NGB_HL_G,H,62,,-2.31778
3NGB_HL_G,H,63,,-1.98272
3NGB_HL_G,H,65,,-2.02081
3NGB_HL_G,H,72,,-2.31777
3NGB_HL_G,H,74,,-2.52348
3NGB_HL_G,H,75,,-1.83775
3NGB_HL_G,H,103,,-2.87419
3NGB_HL_G,H,104,,-2.84816
3NGB_HL_G,H,105,,-2.69422
3NGB_HL_G,H,106,,-2.83561
3NGB_HL_G,L,1,,-2.46465
3NGB_HL_G,L,25,,-2.0282
3NGB_HL_G,L,26,,-2.11753
3NGB_HL_G,L,87,,-2.47728
3NGB_HL_G,L,88,,-2.52165
3NGB_HL_G,L,89,,-2.80191
3NPS_A_BC,A,26,,-2.20968
3NPS_A_BC,A,42,,-0.0418
3NPS_A_BC,A,47,,-2.74561
3NPS_A_BC,A,48,,-2.71524
3NPS_A_BC,A,49,,-2.29852
3NPS_A_BC,A,91,,-2.51647
3NPS_A_BC,A,92,,-2.66728
3NPS_A_BC,A,93,,-2.2045
3NPS_A_BC,A,94,,-2.52654
3NPS_A_BC,A,138,,-2.27511
3NPS_A_BC,A,141,,-2.40868
3NPS_A_BC,A,142,,-1.34712
3NPS_A_BC,A,143,,-0.89162
3NPS_A_BC,A,144,,-2.36059
3NPS_A_BC,A,168,,-2.48591
3NPS_A_BC,A,169,,-2.77174
3NPS_A_BC,A,186,,-0.77146
3NPS_A_BC,A,187,,-0.00333
3NPS_A_BC,A,188,,-1.83106
3NPS_A_BC,A,191,,-0.16191
3NPS_A_BC,A,212,,-1.01494
3NPS_A_BC,A,213,,-0.02852
3NPS_A_BC,A,215,,-1.82167
3NPS_A_BC,A,216,,-0.0068
3NPS_A_BC,B,31,,-2.0333
3NPS_A_BC,B,53,,-2.12953
3NPS_A_BC,B,54,,-1.32813
3NPS_A_BC,B,100,,-2.84071
3NPS_A_BC,B,101,,-2.53509
3NPS_A_BC,B,102,,-2.73592
3NPS_A_BC,B,103,,-2.86662
3NPS_A_BC,B,104,,-2.80439
3NPS_A_BC,B,105,,-2.59149
3NPS_A_BC,B,106,,-2.65841
3NPS_A_BC,B,113,,-2.65292
3NPS_A_BC,B,114,,-2.02929
3NPS_A_BC,C,29,,-2.05885
3NPS_A_BC,C,30,,-2.35473
3NPS_A_BC,C,31,,-1.66433
3NPS_A_BC,C,49,,-2.51667
3NPS_A_BC,C,50,,-2.20859
3NPS_A_BC,C,51,,-1.9481
3NPS_A_BC,C,55,,-2.17018
3NPS_A_BC,C,65,,-2.43838
3NPS_A_BC,C,90,,-2.633
3NVN_B_A,A,86,,-2.86876
3NVN_B_A,A,111,,-2.90116
3NVN_B_A,A,112,,-2.87774
3NVN_B_A,A,114,,-2.76772
3NVN_B_A,A,118,,-2.85961
3NVN_B_A,A,128,,-2.86348
3NVN_B_A,A,129,,-2.84846
3NVN_B_A,A,131,,-2.85612
3NVN_B_A,A,133,,-2.82004
3NVN_B_A,A,134,,-2.86278
3NVN_B_A,A,183,,-2.71992
3NVN_B_A,A,185,,-2.31842
3NVN_B_A,A,186,,-2.65021
3NVN_B_A,A,187,,-2.76108
3NVN_B_A,A,188,,-2.75765
3NVN_B_A,A,189,,-2.35799
3NVN_B_A,A,191,,-2.75902
3NVN_B_A,A,192,,-2.71975
3NVN_B_A,A,193,,-2.69094
3NVN_B_A,A,279,,-2.75082
3NVN_B_A,A,282,,-2.61619
3NVN_B_A,A,286,,-2.53582
3NVN_B_A,A,289,,-2.52876
3NVN_B_A,A,290,,-2.49098
3NVN_B_A,B,95,,-2.53419
3NVN_B_A,B,115,,-2.686
3NVN_B_A,B,116,,-2.77227
3NVN_B_A,B,157,,-2.75868
3NVN_B_A,B,161,,-2.79866
3NVN_B_A,B,163,,-2.76055
3NVN_B_A,B,164,,-2.72182
3NVN_B_A,B,167,,-2.64911
3NVN_B_A,B,177,,-2.78074
3NVN_B_A,B,178,,-2.69391
3NVN_B_A,B,180,,-2.79484
3NVN_B_A,B,181,,-2.51796
3NVN_B_A,B,182,,-2.72771
3NVN_B_A,B,183,,-2.75857
3NVN_B_A,B,184,,-2.78376
3NVN_B_A,B,186,,-2.81642
3NVN_B_A,B,236,,-2.48087
3NVN_B_A,B,314,,-2.88624
3NVQ_B_A,A,149,,-2.71414
3NVQ_B_A,A,151,,-2.76666
3NVQ_B_A,A,152,,-2.75695
3NVQ_B_A,A,153,,-2.77938
3NVQ_B_A,A,154,,-2.76664
3NVQ_B_A,A,157,,-2.26648
3NVQ_B_A,A,159,,-2.45431
3NVQ_B_A,A,168,,-2.75037
3NVQ_B_A,A,171,,-2.49959
3NVQ_B_A,A,172,,-2.62212
3NVQ_B_A,A,225,,-2.47233
3NVQ_B_A,A,227,,-0.5491
3NVQ_B_A,A,228,,-2.58638
3NVQ_B_A,A,229,,-2.61823
3NVQ_B_A,A,230,,-2.69594
3NVQ_B_A,A,231,,-1.92221
3NVQ_B_A,A,233,,-2.63372
3NVQ_B_A,A,234,,-2.61259
3NVQ_B_A,A,235,,-2.16992
3NVQ_B_A,A,327,,-2.68672
3NVQ_B_A,A,330,,-2.64938
3NVQ_B_A,A,331,,-2.65204
3NVQ_B_A,A,334,,-2.67985
3NVQ_B_A,A,337,,-2.41429
3NVQ_B_A,A,338,,-2.52488
3NVQ_B_A,B,97,,-2.52202
3NVQ_B_A,B,117,,-2.69143
3NVQ_B_A,B,118,,-2.7743
3NVQ_B_A,B,161,,-2.73036
3NVQ_B_A,B,163,,-2.7989
3NVQ_B_A,B,164,,-2.80167
3NVQ_B_A,B,165,,-2.76366
3NVQ_B_A,B,166,,-2.72399
3NVQ_B_A,B,167,,-2.8197
3NVQ_B_A,B,169,,-2.6395
3NVQ_B_A,B,174,,-2.51838
3NVQ_B_A,B,179,,-2.77541
3NVQ_B_A,B,180,,-2.69292
3NVQ_B_A,B,182,,-2.79513
3NVQ_B_A,B,183,,-2.51135
3NVQ_B_A,B,184,,-2.73483
3NVQ_B_A,B,185,,-2.75747
3NVQ_B_A,B,186,,-2.78337
3NVQ_B_A,B,188,,-2.8139
3NVQ_B_A,B,190,,-2.71983
3NVQ_B_A,B,238,,-2.48438
3NVQ_B_A,B,316,,-2.88864
3NVQ_B_A,B,319,,-2.87565
3PWP_ABC_DE,A,58,,-1.88595
3PWP_ABC_DE,A,65,,-2.33893
3PWP_ABC_DE,A,66,,-1.64301
3PWP_ABC_DE,A,68,,-2.46334
3PWP_ABC_DE,A,69,,-2.53625
3PWP_ABC_DE,A,72,,-2.43123
3PWP_ABC_DE,A,146,,-1.7765
3PWP_ABC_DE,A,150,,-2.13224
3PWP_ABC_DE,A,151,,-2.31343
3PWP_ABC_DE,A,154,,-2.39184
3PWP_ABC_DE,A,155,,-2.61933
3PWP_ABC_DE,A,158,,-2.81469
3PWP_ABC_DE,A,162,,-2.41496
3PWP_ABC_DE,A,163,,-1.86824
3PWP_ABC_DE,A,166,,-2.37844
3PWP_ABC_DE,A,167,,-1.27192
3PWP_ABC_DE,A,170,,-2.43343
3PWP_ABC_DE,D,2,,-2.63282
3PWP_ABC_DE,D,26,,-2.62288
3PWP_ABC_DE,D,27,,-2.51099
3PWP_ABC_DE,D,28,,-2.48215
3PWP_ABC_DE,D,30,,-1.73199
3PWP_ABC_DE,D,31,,-1.73411
3PWP_ABC_DE,D,50,,-2.54193
3PWP_ABC_DE,D,51,,-2.61262
3PWP_ABC_DE,D,52,,-2.48491
3PWP_ABC_DE,D,66,,-2.26002
3PWP_ABC_DE,D,92,,-2.72725
3PWP_ABC_DE,D,93,,-2.79769
3PWP_ABC_DE,D,94,,-2.79902
3PWP_ABC_DE,D,95,,-2.68089
3PWP_ABC_DE,D,96,,-2.8355
3PWP_ABC_DE,E,30,,-1.82987
3PWP_ABC_DE,E,97,,-2.44296
3PWP_ABC_DE,E,98,,-2.67767
3PWP_ABC_DE,E,99,,-2.68568
3PWP_ABC_DE,E,100,,-2.81631
3PWP_ABC_DE,E,101,,-2.78534
3PWP_ABC_DE,E,102,,-2.78833
3Q3J_A_B,A,61,,-2.84205
3Q3J_A_B,A,63,,-2.46817
3Q3J_A_B,A,64,,-2.57303
3Q3J_A_B,A,66,,-2.83277
3Q3J_A_B,A,67,,-2.75863
3Q3J_A_B,A,68,,-2.64142
3Q3J_A_B,A,69,,-2.68297
3Q3J_A_B,A,76,,-2.69512
3Q3J_A_B,A,77,,-2.01206
3Q3J_A_B,A,88,,-2.19795
3Q3J_A_B,A,89,,-0.2601
3Q3J_A_B,A,90,,-2.11318
3Q3J_A_B,A,92,,-2.64313
3Q3J_A_B,B,34,,-2.03125
3Q3J_A_B,B,35,,-0.73722
3Q3J_A_B,B,36,,-1.14404
3Q3J_A_B,B,37,,-2.28699
3Q3J_A_B,B,52,,-0.41718
3Q3J_A_B,B,59,,-2.05295
3Q3J_A_B,B,60,,-1.02075
3Q3J_A_B,B,62,,-2.34079
3Q3J_A_B,B,63,,-1.48483
3Q3J_A_B,B,65,,-1.64486
3Q3J_A_B,B,66,,-1.13853
3Q3J_A_B,B,100,,-2.18139
3Q8D_A_E,A,90,,-0.06245
3Q8D_A_E,A,127,,-0.98765
3Q8D_A_E,A,131,,-0.18618
3Q8D_A_E,A,205,,-0.80794
3Q8D_A_E,A,209,,-0.19864
3Q8D_A_E,A,224,,-0.23346
3Q8D_A_E,A,227,,-1.53872
3QDG_ABC_DE,A,58,,-1.88595
3QDG_ABC_DE,A,62,,-2.51638
3QDG_ABC_DE,A,65,,-2.33893
3QDG_ABC_DE,A,66,,-1.64301
3QDG_ABC_DE,A,69,,-2.53625
3QDG_ABC_DE,A,72,,-2.43123
3QDG_ABC_DE,A,73,,-2.57687
3QDG_ABC_DE,A,76,,-2.57312
3QDG_ABC_DE,A,150,,-2.13224
3QDG_ABC_DE,A,154,,-2.39184
3QDG_ABC_DE,A,155,,-2.61933
3QDG_ABC_DE,A,158,,-2.81469
3QDG_ABC_DE,A,163,,-1.86824
3QDG_ABC_DE,A,166,,-2.37844
3QDG_ABC_DE,A,167,,-1.27192
3QDG_ABC_DE,A,170,,-2.43343
3QDG_ABC_DE,C,1,,-1.81526
3QDG_ABC_DE,C,4,,-2.87688
3QDG_ABC_DE,C,5,,-2.88049
3QDG_ABC_DE,C,7,,-2.88143
3QDG_ABC_DE,C,8,,-2.87378
3QDG_ABC_DE,C,9,,-2.88116
3QDG_ABC_DE,D,1,,-2.38239
3QDG_ABC_DE,D,25,,-2.26643
3QDG_ABC_DE,D,26,,-2.63433
3QDG_ABC_DE,D,27,,-2.4907
3QDG_ABC_DE,D,28,,-2.46365
3QDG_ABC_DE,D,30,,-2.03118
3QDG_ABC_DE,D,50,,-2.66632
3QDG_ABC_DE,D,51,,-2.57856
3QDG_ABC_DE,D,52,,-2.51289
3QDG_ABC_DE,D,66,,-2.26136
3QDG_ABC_DE,D,92,,-2.79814
3QDG_ABC_DE,D,93,,-2.83934
3QDG_ABC_DE,D,94,,-2.62826
3QDG_ABC_DE,D,96,,-2.84263
3QDG_ABC_DE,E,30,,-2.14792
3QDG_ABC_DE,E,48,,-1.01791
3QDG_ABC_DE,E,50,,-2.39664
3QDG_ABC_DE,E,51,,-2.59937
3QDG_ABC_DE,E,52,,-2.49281
3QDG_ABC_DE,E,54,,-2.62475
3QDG_ABC_DE,E,95,,-2.54275
3QDG_ABC_DE,E,96,,-2.73199
3QDG_ABC_DE,E,97,,-2.69241
3QDG_ABC_DE,E,98,,-2.76674
3QDG_ABC_DE,E,99,,-2.77696
3QDJ_ABC_DE,A,58,,-1.88595
3QDJ_ABC_DE,A,62,,-2.51638
3QDJ_ABC_DE,A,65,,-2.33893
3QDJ_ABC_DE,A,66,,-1.64301
3QDJ_ABC_DE,A,69,,-2.53625
3QDJ_ABC_DE,A,72,,-2.43123
3QDJ_ABC_DE,A,73,,-2.57687
3QDJ_ABC_DE,A,76,,-2.57312
3QDJ_ABC_DE,A,150,,-2.13224
3QDJ_ABC_DE,A,154,,-2.39184
3QDJ_ABC_DE,A,155,,-2.61933
3QDJ_ABC_DE,A,158,,-2.81469
3QDJ_ABC_DE,A,163,,-1.86824
3QDJ_ABC_DE,A,166,,-2.37844
3QDJ_ABC_DE,A,167,,-1.27192
3QDJ_ABC_DE,A,170,,-2.43343
3QDJ_ABC_DE,D,1,,-2.38239
3QDJ_ABC_DE,D,25,,-2.26643
3QDJ_ABC_DE,D,26,,-2.63433
3QDJ_ABC_DE,D,27,,-2.4907
3QDJ_ABC_DE,D,28,,-2.46365
3QDJ_ABC_DE,D,30,,-2.03118
3QDJ_ABC_DE,D,31,,-1.97535
3QDJ_ABC_DE,D,48,,-2.56466
3QDJ_ABC_DE,D,50,,-2.66632
3QDJ_ABC_DE,D,51,,-2.57856
3QDJ_ABC_DE,D,52,,-2.51289
3QDJ_ABC_DE,D,66,,-2.26136
3QDJ_ABC_DE,D,92,,-2.79814
3QDJ_ABC_DE,D,93,,-2.83934
3QDJ_ABC_DE,D,94,,-2.62826
3QDJ_ABC_DE,D,96,,-2.84263
3QDJ_ABC_DE,E,30,,-2.14792
3QDJ_ABC_DE,E,48,,-1.01791
3QDJ_ABC_DE,E,50,,-2.39664
3QDJ_ABC_DE,E,51,,-2.59937
3QDJ_ABC_DE,E,52,,-2.49281
3QDJ_ABC_DE,E,54,,-2.62475
3QDJ_ABC_DE,E,95,,-2.54275
3QDJ_ABC_DE,E,96,,-2.73199
3QDJ_ABC_DE,E,97,,-2.69241
3QDJ_ABC_DE,E,98,,-2.76674
3QDJ_ABC_DE,E,99,,-2.77696
3QFJ_ABC_DE,A,58,,-1.88595
3QFJ_ABC_DE,A,65,,-2.33893
3QFJ_ABC_DE,A,66,,-1.64301
3QFJ_ABC_DE,A,68,,-2.46334
3QFJ_ABC_DE,A,69,,-2.53625
3QFJ_ABC_DE,A,72,,-2.43123
3QFJ_ABC_DE,A,146,,-1.7765
3QFJ_ABC_DE,A,150,,-2.13224
3QFJ_ABC_DE,A,151,,-2.31343
3QFJ_ABC_DE,A,154,,-2.39184
3QFJ_ABC_DE,A,155,,-2.61933
3QFJ_ABC_DE,A,158,,-2.81469
3QFJ_ABC_DE,A,162,,-2.41496
3QFJ_ABC_DE,A,163,,-1.86824
3QFJ_ABC_DE,A,166,,-2.37844
3QFJ_ABC_DE,A,167,,-1.27192
3QFJ_ABC_DE,A,170,,-2.43343
3QFJ_ABC_DE,D,2,,-2.63282
3QFJ_ABC_DE,D,26,,-2.62288
3QFJ_ABC_DE,D,27,,-2.51099
3QFJ_ABC_DE,D,28,,-2.48215
3QFJ_ABC_DE,D,30,,-1.73199
3QFJ_ABC_DE,D,31,,-1.73411
3QFJ_ABC_DE,D,50,,-2.54193
3QFJ_ABC_DE,D,51,,-2.61262
3QFJ_ABC_DE,D,52,,-2.48491
3QFJ_ABC_DE,D,66,,-2.26002
3QFJ_ABC_DE,D,92,,-2.72725
3QFJ_ABC_DE,D,93,,-2.79769
3QFJ_ABC_DE,D,94,,-2.79902
3QFJ_ABC_DE,D,95,,-2.68089
3QFJ_ABC_DE,D,96,,-2.8355
3QFJ_ABC_DE,E,30,,-1.82987
3QFJ_ABC_DE,E,97,,-2.44296
3QFJ_ABC_DE,E,98,,-2.67767
3QFJ_ABC_DE,E,99,,-2.68568
3QFJ_ABC_DE,E,100,,-2.81631
3QFJ_ABC_DE,E,101,,-2.78534
3QFJ_ABC_DE,E,102,,-2.78833
3QHY_A_B,A,67,,-2.04023
3QHY_A_B,A,68,,-1.92746
3QHY_A_B,A,69,,-2.12885
3QHY_A_B,A,71,,-0.29613
3QHY_A_B,A,72,,-1.0117
3QHY_A_B,A,73,,-2.24028
3QHY_A_B,A,74,,-0.75274
3QHY_A_B,A,76,,-0.23869
3QHY_A_B,A,79,,-2.06116
3QHY_A_B,A,80,,-2.05115
3QHY_A_B,A,82,,-1.19201
3QHY_A_B,A,98,,-1.89675
3QHY_A_B,A,99,,-0.01333
3QHY_A_B,A,184,,-2.04678
3QHY_A_B,A,185,,-0.53667
3QHY_A_B,A,188,,-2.35835
3QHY_A_B,A,206,,-1.13873
3QHY_A_B,A,212,,-1.19386
3QHY_A_B,A,241,,-2.51833
3QHY_A_B,B,9,,-2.49065
3QHY_A_B,B,10,,-2.41978
3QHY_A_B,B,11,,-2.64859
3QHY_A_B,B,12,,-2.77629
3QHY_A_B,B,13,,-2.54959
3QHY_A_B,B,14,,-2.05226
3QHY_A_B,B,33,,-2.72415
3QHY_A_B,B,34,,-2.67688
3QHY_A_B,B,49,,-2.12801
3QHY_A_B,B,51,,-2.50509
3QHY_A_B,B,72,,-2.66919
3QHY_A_B,B,73,,-2.6089
3QHY_A_B,B,91,,-2.43103
3QHY_A_B,B,112,,-2.42531
3QHY_A_B,B,130,,-2.42817
3QHY_A_B,B,151,,-2.64247
3QHY_A_B,B,166,,-2.20191
3QHY_A_B,B,168,,-2.299
3QHY_A_B,B,169,,-2.17618
3QHY_A_B,B,189,,-2.60352
3QHY_A_B,B,190,,-2.42309
3QHY_A_B,B,207,,-2.39365
3QHY_A_B,B,208,,-2.40663
3QHY_A_B,B,228,,-2.67258
3QHY_A_B,B,229,,-2.63402
3QHY_A_B,B,244,,-2.31791
3QHY_A_B,B,246,,-2.55595
3QHY_A_B,B,264,,-2.40249
3QIB_ABP_CD,A,55,,-2.91488
3QIB_ABP_CD,A,57,,-2.71101
3QIB_ABP_CD,A,58,,-2.82544
3QIB_ABP_CD,A,61,,-2.66277
3QIB_ABP_CD,A,64,,-2.71442
3QIB_ABP_CD,A,65,,-2.73195
3QIB_ABP_CD,A,67,,-2.66726
3QIB_ABP_CD,A,68,,-2.78217
3QIB_ABP_CD,B,62,,-2.53592
3QIB_ABP_CD,B,64,,-2.7273
3QIB_ABP_CD,B,65,,-2.64787
3QIB_ABP_CD,B,67,,-2.50942
3QIB_ABP_CD,B,68,,-2.78298
3QIB_ABP_CD,B,71,,-2.6164
3QIB_ABP_CD,B,72,,-2.30979
3QIB_ABP_CD,B,74,,-2.64058
3QIB_ABP_CD,B,75,,-2.80722
3QIB_ABP_CD,B,78,,-2.74775
3QIB_ABP_CD,B,79,,-2.85814
3QIB_ABP_CD,C,26,,-2.39707
3QIB_ABP_CD,C,28,,-2.44412
3QIB_ABP_CD,C,46,,-2.47592
3QIB_ABP_CD,C,48,,-2.67755
3QIB_ABP_CD,C,49,,-2.4991
3QIB_ABP_CD,C,52,,-2.71568
3QIB_ABP_CD,C,63,,-2.74066
3QIB_ABP_CD,C,64,,-2.07411
3QIB_ABP_CD,C,89,,-2.81387
3QIB_ABP_CD,C,90,,-2.8694
3QIB_ABP_CD,C,91,,-2.65282
3QIB_ABP_CD,C,92,,-2.67116
3QIB_ABP_CD,C,93,,-2.79174
3QIB_ABP_CD,C,94,,-2.77835
3QIB_ABP_CD,C,95,,-2.86375
3QIB_ABP_CD,D,29,,-2.58949
3QIB_ABP_CD,D,49,,-2.83223
3QIB_ABP_CD,D,50,,-2.64178
3QIB_ABP_CD,D,52,,-2.59564
3QIB_ABP_CD,D,54,,-2.74851
3QIB_ABP_CD,D,55,,-2.78532
3QIB_ABP_CD,D,95,,-2.78664
3QIB_ABP_CD,D,96,,-2.8332
3QIB_ABP_CD,D,97,,-2.80628
3QIB_ABP_CD,D,98,,-2.90352
3QIB_ABP_CD,D,99,,-2.7508
3QIB_ABP_CD,D,101,,-2.86325
3QIB_ABP_CD,P,3,,-2.83348
3QIB_ABP_CD,P,5,,-2.86139
3QIB_ABP_CD,P,6,,-2.77551
3QIB_ABP_CD,P,8,,-2.88669
3QIB_ABP_CD,P,9,,-2.76865
3QIB_ABP_CD,P,10,,-2.8498
3QIB_ABP_CD,P,11,,-2.83322
3R9A_AC_B,A,299,,-1.5168
3R9A_AC_B,A,300,,-1.57986
3R9A_AC_B,A,301,,-0.44702
3R9A_AC_B,A,322,,-0.05841
3R9A_AC_B,A,323,,-1.65886
3R9A_AC_B,A,325,,-2.40353
3R9A_AC_B,A,376,,-2.26366
3R9A_AC_B,A,379,,-1.2175
3R9A_AC_B,A,380,,-2.34868
3R9A_AC_B,A,381,,-2.64006
3R9A_AC_B,A,383,,-2.52732
3R9A_AC_B,A,384,,-2.64861
3R9A_AC_B,A,385,,-2.68904
3R9A_AC_B,A,386,,-2.70895
3R9A_AC_B,A,387,,-2.56564
3R9A_AC_B,B,87,,-2.74914
3R9A_AC_B,B,90,,-2.76861
3R9A_AC_B,B,91,,-2.54918
3R9A_AC_B,B,93,,-1.90014
3R9A_AC_B,B,151,,-2.12115
3R9A_AC_B,B,178,,-1.04605
3R9A_AC_B,B,179,,-1.23856
3R9A_AC_B,B,182,,-0.92204
3R9A_AC_B,B,185,,-0.77889
3R9A_AC_B,B,186,,-0.6623
3R9A_AC_B,B,209,,-2.62063
3R9A_AC_B,B,212,,-2.28069
3R9A_AC_B,B,213,,-0.05321
3R9A_AC_B,B,216,,-1.4543
3R9A_AC_B,B,219,,-2.58671
3R9A_AC_B,B,220,,-2.13705
3R9A_AC_B,B,222,,-1.52353
3R9A_AC_B,B,224,,-2.21457
3R9A_AC_B,B,252,,-2.32877
3R9A_AC_B,B,255,,-2.68031
3R9A_AC_B,B,256,,-2.29821
3R9A_AC_B,B,258,,-2.48569
3R9A_AC_B,B,259,,-2.78229
3R9A_AC_B,B,262,,-2.67137
3R9A_AC_B,B,263,,-2.45165
3R9A_AC_B,B,265,,-2.43872
3R9A_AC_B,B,270,,-2.06526
3RF3_A_C,A,7,,-2.78031
3RF3_A_C,A,10,,-2.66145
3RF3_A_C,A,11,,-2.72769
3RF3_A_C,A,14,,-2.67242
3RF3_A_C,A,15,,-1.91023
3RF3_A_C,A,18,,-2.39494
3RF3_A_C,A,19,,-2.18335
3RF3_A_C,A,22,,-2.38305
3RF3_A_C,A,36,,-2.80525
3RF3_A_C,A,37,,-2.6792
3RF3_A_C,A,39,,-2.51456
3RF3_A_C,A,42,,-2.56068
3RF3_A_C,A,45,,-2.56761
3RF3_A_C,A,46,,-1.62073
3RF3_A_C,A,49,,-1.52945
3RF3_A_C,A,52,,-2.15465
3RF3_A_C,A,53,,-1.31379
3RF3_A_C,A,55,,-2.63578
3RF3_A_C,A,56,,-2.41299
3RF3_A_C,A,57,,-1.78505
3RF3_A_C,A,59,,-2.70061
3RF3_A_C,A,107,,-1.20208
3RF3_A_C,A,111,,-1.5099
3RF3_A_C,A,114,,-1.31539
3RF3_A_C,A,118,,-1.63288
3RF3_A_C,A,122,,-1.05806
3RF3_A_C,A,125,,-1.8905
3RF3_A_C,C,2,,-2.84325
3RF3_A_C,C,3,,-2.84741
3RF3_A_C,C,5,,-2.8333
3RF3_A_C,C,6,,-2.76443
3RF3_A_C,C,8,,-2.82761
3RF3_A_C,C,9,,-2.81603
3RF3_A_C,C,10,,-2.84245
3RF3_A_C,C,11,,-2.83805
3RF3_A_C,C,12,,-2.81978
3RF3_A_C,C,13,,-2.84439
3RF3_A_C,C,15,,-2.85989
3RF3_A_C,C,16,,-2.76908
3RF3_A_C,C,17,,-2.81609
3RF3_A_C,C,19,,-2.83836
3RF3_A_C,C,20,,-2.81933
3RF3_A_C,C,21,,-2.8422
3RF3_A_C,C,22,,-2.81075
3RF3_A_C,C,23,,-2.84373
3S9D_A_B,A,5,,-2.90386
3S9D_A_B,A,8,,-2.85404
3S9D_A_B,A,9,,-2.88301
3S9D_A_B,A,12,,-2.8895
3S9D_A_B,A,15,,-2.9105
3S9D_A_B,A,18,,-2.91064
3S9D_A_B,A,19,,-2.89951
3S9D_A_B,A,20,,-2.87147
3S9D_A_B,A,23,,-2.88282
3S9D_A_B,A,26,,-2.73779
3S9D_A_B,A,27,,-2.88247
3S9D_A_B,A,28,,-2.88539
3S9D_A_B,A,113,,-2.84451
3S9D_A_B,A,116,,-2.76836
3S9D_A_B,A,117,,-2.89762
3S9D_A_B,A,119,,-2.83234
3S9D_A_B,A,120,,-2.74904
3S9D_A_B,A,123,,-2.87143
3S9D_A_B,A,124,,-2.85309
3S9D_A_B,A,127,,-2.88005
3S9D_A_B,B,33,,-2.4197
3S9D_A_B,B,35,,-2.80225
3S9D_A_B,B,36,,-2.65697
3S9D_A_B,B,37,,-2.77856
3S9D_A_B,B,38,,-2.81682
3S9D_A_B,B,39,,-2.79572
3S9D_A_B,B,41,,-2.83104
3S9D_A_B,B,65,,-2.73906
3S9D_A_B,B,66,,-2.75161
3S9D_A_B,B,67,,-2.3927
3S9D_A_B,B,69,,-2.13563
3S9D_A_B,B,71,,-2.39339
3S9D_A_B,B,83,,-2.67645
3S9D_A_B,B,85,,-2.75255
3S9D_A_B,B,87,,-2.45945
3S9D_A_B,B,89,,-2.82767
3S9D_A_B,B,90,,-2.69215
3S9D_A_B,B,166,,-2.35376
3S9D_A_B,B,167,,-2.84903
3SE3_B_A,A,53,,-2.5715
3SE3_B_A,A,55,,-2.76616
3SE3_B_A,A,81,,-2.72293
3SE3_B_A,A,116,,-2.8396
3SE3_B_A,A,117,,-2.82776
3SE3_B_A,A,119,,-2.79452
3SE3_B_A,A,120,,-2.6887
3SE3_B_A,A,140,,-2.72268
3SE3_B_A,A,142,,-2.6055
3SE3_B_A,A,165,,-2.71662
3SE3_B_A,A,166,,-2.63644
3SE3_B_A,A,167,,-2.68563
3SE3_B_A,A,221,,-2.72539
3SE3_B_A,A,222,,-2.85713
3SE3_B_A,A,223,,-2.77041
3SE3_B_A,A,226,,-2.77234
3SE3_B_A,A,230,,-2.83499
3SE3_B_A,A,255,,-2.80988
3SE3_B_A,A,257,,-2.58011
3SE3_B_A,A,258,,-2.76699
3SE3_B_A,B,43,,-2.85638
3SE3_B_A,B,44,,-2.81638
3SE3_B_A,B,47,,-2.88367
3SE3_B_A,B,48,,-2.83486
3SE3_B_A,B,50,,-2.883
3SE3_B_A,B,51,,-2.8745
3SE3_B_A,B,52,,-2.90031
3SE3_B_A,B,54,,-2.89559
3SE3_B_A,B,56,,-2.8847
3SE3_B_A,B,65,,-2.81145
3SE3_B_A,B,68,,-2.83283
3SE3_B_A,B,71,,-2.8683
3SE3_B_A,B,72,,-2.84823
3SE3_B_A,B,75,,-2.85513
3SE3_B_A,B,76,,-2.85946
3SE3_B_A,B,78,,-2.90285
3SE3_B_A,B,82,,-2.874
3SE3_B_A,B,88,,-2.88776
3SE3_B_A,B,89,,-2.77973
3SE3_B_A,B,92,,-2.86398
3SE3_B_A,B,93,,-2.86755
3SE3_B_A,B,96,,-2.80666
3SE3_B_A,B,99,,-2.87054
3SE3_B_C,B,2,,-2.87876
3SE3_B_C,B,5,,-2.89936
3SE3_B_C,B,8,,-2.86611
3SE3_B_C,B,9,,-2.89154
3SE3_B_C,B,12,,-2.89103
3SE3_B_C,B,15,,-2.91151
3SE3_B_C,B,18,,-2.91359
3SE3_B_C,B,19,,-2.8783
3SE3_B_C,B,20,,-2.86887
3SE3_B_C,B,23,,-2.86917
3SE3_B_C,B,26,,-2.7413
3SE3_B_C,B,27,,-2.8779
3SE3_B_C,B,28,,-2.88368
3SE3_B_C,B,114,,-2.80761
3SE3_B_C,B,117,,-2.76519
3SE3_B_C,B,118,,-2.89402
3SE3_B_C,B,120,,-2.83434
3SE3_B_C,B,121,,-2.79416
3SE3_B_C,B,124,,-2.88765
3SE3_B_C,B,125,,-2.86869
3SE3_B_C,B,128,,-2.88789
3SE3_B_C,C,34,,-2.58085
3SE3_B_C,C,36,,-2.82202
3SE3_B_C,C,37,,-2.68576
3SE3_B_C,C,38,,-2.75515
3SE3_B_C,C,39,,-2.80456
3SE3_B_C,C,42,,-2.76774
3SE3_B_C,C,66,,-2.83121
3SE3_B_C,C,67,,-2.89552
3SE3_B_C,C,68,,-2.83332
3SE3_B_C,C,70,,-2.69172
3SE3_B_C,C,72,,-2.50466
3SE3_B_C,C,86,,-2.63596
3SE3_B_C,C,88,,-2.71876
3SE3_B_C,C,90,,-2.39974
3SE3_B_C,C,93,,-2.65013
3SE3_B_C,C,122,,-2.46665
3SE3_B_C,C,167,,-2.82111
3SE3_B_C,C,169,,-2.68899
3SE4_B_A,A,52,,-2.6804
3SE4_B_A,A,53,,-2.5715
3SE4_B_A,A,55,,-2.76616
3SE4_B_A,A,79,,-2.68819
3SE4_B_A,A,81,,-2.72293
3SE4_B_A,A,116,,-2.8396
3SE4_B_A,A,117,,-2.82776
3SE4_B_A,A,119,,-2.79452
3SE4_B_A,A,120,,-2.6887
3SE4_B_A,A,122,,-2.76203
3SE4_B_A,A,140,,-2.72268
3SE4_B_A,A,142,,-2.6055
3SE4_B_A,A,165,,-2.71662
3SE4_B_A,A,166,,-2.63644
3SE4_B_A,A,167,,-2.68563
3SE4_B_A,A,168,,-2.60884
3SE4_B_A,A,221,,-2.72539
3SE4_B_A,A,222,,-2.85713
3SE4_B_A,A,223,,-2.77041
3SE4_B_A,A,224,,-2.77474
3SE4_B_A,A,226,,-2.77234
3SE4_B_A,A,227,,-2.85497
3SE4_B_A,A,255,,-2.80988
3SE4_B_A,A,256,,-2.6628
3SE4_B_A,A,257,,-2.58011
3SE4_B_A,A,258,,-2.76699
3SE4_B_A,A,281,,-2.73811
3SE4_B_A,B,51,,-2.84594
3SE4_B_A,B,54,,-2.82211
3SE4_B_A,B,55,,-2.87113
3SE4_B_A,B,58,,-2.86527
3SE4_B_A,B,59,,-2.87586
3SE4_B_A,B,61,,-2.88104
3SE4_B_A,B,62,,-2.8506
3SE4_B_A,B,65,,-2.85848
3SE4_B_A,B,79,,-2.73007
3SE4_B_A,B,80,,-2.87821
3SE4_B_A,B,82,,-2.81805
3SE4_B_A,B,83,,-2.78837
3SE4_B_A,B,86,,-2.76415
3SE4_B_A,B,87,,-2.80609
3SE4_B_A,B,89,,-2.54354
3SE4_B_A,B,90,,-2.80797
3SE4_B_A,B,93,,-2.86027
3SE4_B_A,B,96,,-2.81589
3SE4_B_A,B,98,,-2.83958
3SE4_B_A,B,101,,-2.85033
3SE4_B_A,B,102,,-2.81455
3SE4_B_A,B,105,,-2.85816
3SE4_B_A,B,106,,-2.82986
3SE4_B_A,B,109,,-2.84026
3SE4_B_A,B,112,,-2.86257
3SE4_B_C,B,13,,-2.88504
3SE4_B_C,B,17,,-2.84689
3SE4_B_C,B,20,,-2.76776
3SE4_B_C,B,23,,-2.81065
3SE4_B_C,B,26,,-2.83549
3SE4_B_C,B,27,,-2.87018
3SE4_B_C,B,28,,-2.85969
3SE4_B_C,B,31,,-2.86606
3SE4_B_C,B,34,,-2.84448
3SE4_B_C,B,35,,-2.87813
3SE4_B_C,B,36,,-2.90349
3SE4_B_C,B,41,,-2.80175
3SE4_B_C,B,127,,-2.85666
3SE4_B_C,B,130,,-2.80301
3SE4_B_C,B,131,,-2.90009
3SE4_B_C,B,133,,-2.85062
3SE4_B_C,B,134,,-2.88574
3SE4_B_C,B,137,,-2.88876
3SE4_B_C,B,138,,-2.87996
3SE4_B_C,C,36,,-2.66747
3SE4_B_C,C,38,,-2.83922
3SE4_B_C,C,39,,-2.6825
3SE4_B_C,C,40,,-2.74602
3SE4_B_C,C,41,,-2.8004
3SE4_B_C,C,42,,-2.78156
3SE4_B_C,C,44,,-2.83235
3SE4_B_C,C,68,,-2.81346
3SE4_B_C,C,69,,-2.89655
3SE4_B_C,C,72,,-2.7177
3SE4_B_C,C,74,,-2.48915
3SE4_B_C,C,88,,-2.65997
3SE4_B_C,C,89,,-2.70488
3SE4_B_C,C,90,,-2.75972
3SE4_B_C,C,92,,-2.42938
3SE4_B_C,C,94,,-2.77858
3SE4_B_C,C,95,,-2.65425
3SE4_B_C,C,96,,-2.59285
3SE4_B_C,C,173,,-2.84254
3SE4_B_C,C,175,,-2.71005
3SE8_HL_G,G,54,,-2.79811
3SE8_HL_G,G,80,,-2.87736
3SE8_HL_G,G,81,,-2.6689
3SE8_HL_G,G,82,,-2.83676
3SE8_HL_G,G,83,,-2.87562
3SE8_HL_G,G,160,,-2.7151
3SE8_HL_G,G,162,,-2.85817
3SE8_HL_G,G,163,,-2.86513
3SE8_HL_G,G,164,,-2.83578
3SE8_HL_G,G,165,,-2.51115
3SE8_HL_G,G,166,,-2.6316
3SE8_HL_G,G,167,,-2.80987
3SE8_HL_G,G,225,,-2.88725
3SE8_HL_G,G,226,,-2.86506
3SE8_HL_G,G,227,,-2.87855
3SE8_HL_G,G,228,,-2.88178
3SE8_HL_G,G,230,,-2.504
3SE8_HL_G,G,231,,-2.90512
3SE8_HL_G,G,277,,-2.92589
3SE8_HL_G,G,279,,-2.78823
3SE8_HL_G,G,281,,-2.92173
3SE8_HL_G,G,283,,-2.92109
3SE8_HL_G,G,307,,-2.90209
3SE8_HL_G,G,309,,-2.90608
3SE8_HL_G,G,310,,-2.89005
3SE8_HL_G,G,311,,-2.89604
3SE8_HL_G,G,312,,-2.88642
3SE8_HL_G,G,313,,-2.86153
3SE8_HL_G,G,314,,-2.61782
3SE8_HL_G,G,315,,-2.88017
3SE8_HL_G,G,319,,-2.82385
3SE8_HL_G,G,321,,-2.82703
3SE8_HL_G,G,324,,-2.92167
3SE8_HL_G,G,325,,-2.9253
3SE8_HL_G,H,30,,-2.1971
3SE8_HL_G,H,47,,-0.71069
3SE8_HL_G,H,50,,-2.32051
3SE8_HL_G,H,52,,-1.76446
3SE8_HL_G,H,54,,-2.40557
3SE8_HL_G,H,55,,-2.13269
3SE8_HL_G,H,56,,-2.25211
3SE8_HL_G,H,57,,-2.48123
3SE8_HL_G,H,58,,-2.35893
3SE8_HL_G,H,59,,-2.5081
3SE8_HL_G,H,60,,-1.8015
3SE8_HL_G,H,62,,-2.13663
3SE8_HL_G,H,63,,-2.20499
3SE8_HL_G,H,65,,-1.84033
3SE8_HL_G,H,72,,-2.05751
3SE8_HL_G,H,76,,-2.2483
3SE8_HL_G,H,78,,-2.23403
3SE8_HL_G,H,81,,-2.38416
3SE8_HL_G,H,110,,-2.8718
3SE8_HL_G,H,111,,-2.82528
3SE8_HL_G,H,114,,-2.86329
3SE8_HL_G,H,115,,-2.87301
3SE8_HL_G,L,1,,-2.53975
3SE8_HL_G,L,30,,-2.65027
3SE8_HL_G,L,90,,-2.42353
3SE8_HL_G,L,91,,-2.66466
3SE8_HL_G,L,92,,-2.76476
3SE9_HL_G,G,81,,-2.73044
3SE9_HL_G,G,159,,-2.90154
3SE9_HL_G,G,160,,-2.75961
3SE9_HL_G,G,162,,-2.86298
3SE9_HL_G,G,163,,-2.87068
3SE9_HL_G,G,164,,-2.83787
3SE9_HL_G,G,165,,-2.53165
3SE9_HL_G,G,166,,-2.65224
3SE9_HL_G,G,167,,-2.82392
3SE9_HL_G,G,226,,-2.88177
3SE9_HL_G,G,227,,-2.85554
3SE9_HL_G,G,228,,-2.87166
3SE9_HL_G,G,229,,-2.8792
3SE9_HL_G,G,232,,-2.89921
3SE9_HL_G,G,281,,-2.91611
3SE9_HL_G,G,283,,-2.92494
3SE9_HL_G,G,307,,-2.893
3SE9_HL_G,G,309,,-2.89278
3SE9_HL_G,G,310,,-2.86415
3SE9_HL_G,G,311,,-2.89486
3SE9_HL_G,G,313,,-2.85308
3SE9_HL_G,G,314,,-2.62777
3SE9_HL_G,G,321,,-2.8109
3SE9_HL_G,G,325,,-2.92639
3SE9_HL_G,G,328,,-2.83778
3SE9_HL_G,H,34,,-2.49391
3SE9_HL_G,H,51,,-2.78057
3SE9_HL_G,H,53,,-2.29365
3SE9_HL_G,H,55,,-2.56977
3SE9_HL_G,H,56,,-2.43519
3SE9_HL_G,H,57,,-2.42527
3SE9_HL_G,H,58,,-2.5851
3SE9_HL_G,H,59,,-2.63842
3SE9_HL_G,H,60,,-2.63279
3SE9_HL_G,H,61,,-2.48238
3SE9_HL_G,H,62,,-1.01985
3SE9_HL_G,H,64,,-2.00153
3SE9_HL_G,H,67,,-2.0081
3SE9_HL_G,H,74,,-2.55132
3SE9_HL_G,H,76,,-2.49319
3SE9_HL_G,H,77,,-1.96107
3SE9_HL_G,H,104,,-2.82397
3SE9_HL_G,H,105,,-2.82801
3SE9_HL_G,H,106,,-2.77902
3SE9_HL_G,H,107,,-2.81003
3SE9_HL_G,H,109,,-2.87036
3SE9_HL_G,H,110,,-2.83628
3SE9_HL_G,L,1,,-2.40918
3SE9_HL_G,L,3,,-2.50993
3SE9_HL_G,L,89,,-2.38482
3SE9_HL_G,L,90,,-2.51805
3SE9_HL_G,L,91,,-2.73507
3SEK_B_C,B,1,,-1.97176
3SEK_B_C,B,2,,-2.79249
3SEK_B_C,B,3,,-2.81015
3SEK_B_C,B,4,,-2.81871
3SEK_B_C,B,14,,-2.63226
3SEK_B_C,B,30,,-1.56172
3SEK_B_C,B,31,,-0.52642
3SEK_B_C,B,33,,-1.09094
3SEK_B_C,B,34,,-1.16825
3SEK_B_C,B,36,,-1.72612
3SEK_B_C,B,38,,-0.7244
3SEK_B_C,B,39,,-2.55349
3SEK_B_C,B,49,,-2.82168
3SEK_B_C,B,50,,-2.16781
3SEK_B_C,B,51,,-2.73748
3SEK_B_C,B,52,,-2.59086
3SEK_B_C,B,53,,-2.76746
3SEK_B_C,B,54,,-2.47563
3SEK_B_C,B,56,,-2.63876
3SEK_B_C,B,59,,-2.70508
3SEK_B_C,B,60,,-2.18564
3SEK_B_C,B,63,,-2.63551
3SEK_B_C,B,80,,-2.09199
3SEK_B_C,B,83,,-1.86831
3SEK_B_C,B,85,,-0.95731
3SEK_B_C,B,87,,-1.80669
3SEK_B_C,B,90,,-2.43186
3SEK_B_C,B,91,,-2.2504
3SEK_B_C,B,92,,-1.96101
3SEK_B_C,B,93,,-1.39236
3SEK_B_C,B,94,,-2.18552
3SEK_B_C,B,95,,-1.73519
3SEK_B_C,B,104,,-1.34571
3SEK_B_C,C,5,,-2.82962
3SEK_B_C,C,6,,-2.73386
3SEK_B_C,C,11,,-2.81165
3SEK_B_C,C,12,,-2.80692
3SEK_B_C,C,13,,-2.72894
3SEK_B_C,C,14,,-2.84267
3SEK_B_C,C,15,,-2.83055
3SEK_B_C,C,29,,-2.83257
3SEK_B_C,C,38,,-2.89431
3SEK_B_C,C,39,,-2.92233
3SEK_B_C,C,40,,-2.89503
3SEK_B_C,C,42,,-2.90495
3SEK_B_C,C,43,,-2.86392
3SEK_B_C,C,44,,-2.88802
3SEK_B_C,C,47,,-2.83606
3SEK_B_C,C,95,,-0.19575
3SEK_B_C,C,96,,-1.24164
3SEK_B_C,C,112,,-2.36533
3SEK_B_C,C,113,,-2.41706
3SEK_B_C,C,114,,-2.28749
3SEK_B_C,C,115,,-2.44978
3SEK_B_C,C,140,,-1.95096
3SEK_B_C,C,142,,-0.2812
3SEK_B_C,C,143,,-2.49505
3SEK_B_C,C,148,,-0.62973
3SEK_B_C,C,150,,-1.33667
3SEK_B_C,C,151,,-2.13124
3SEK_B_C,C,153,,-2.57418
3SEK_B_C,C,178,,-1.44022
3SEK_B_C,C,181,,-0.79727
3SEK_B_C,C,182,,-2.1816
3SEK_B_C,C,185,,-1.39284
3SEK_B_C,C,186,,-0.01212
3SEK_B_C,C,191,,-2.54599
3SEK_B_C,C,193,,-2.53221
3SEK_B_C,C,194,,-1.50967
3SF4_A_D,A,6,,-2.49243
3SF4_A_D,A,9,,-2.53678
3SF4_A_D,A,10,,-2.39401
3SF4_A_D,A,13,,-1.83892
3SF4_A_D,A,17,,-1.7651
3SF4_A_D,A,43,,-1.48062
3SF4_A_D,A,44,,-2.68963
3SF4_A_D,A,47,,-1.67381
3SF4_A_D,A,48,,-2.19116
3SF4_A_D,A,51,,-0.28308
3SF4_A_D,A,54,,-1.00619
3SF4_A_D,A,55,,-1.62985
3SF4_A_D,A,57,,-1.05128
3SF4_A_D,A,59,,-1.10408
3SF4_A_D,A,81,,-1.43291
3SF4_A_D,A,84,,-0.74363
3SF4_A_D,A,88,,-0.12136
3SF4_A_D,A,91,,-0.57328
3SF4_A_D,A,94,,-1.62388
3SF4_A_D,A,95,,-2.33724
3SF4_A_D,A,109,,-1.59552
3SF4_A_D,A,124,,-1.43423
3SF4_A_D,A,127,,-1.60939
3SF4_A_D,A,128,,-0.48793
3SF4_A_D,A,131,,-0.39146
3SF4_A_D,A,134,,-2.46419
3SF4_A_D,A,138,,-2.64202
3SF4_A_D,A,177,,-1.43673
3SF4_A_D,A,180,,-0.88433
3SF4_A_D,A,181,,-0.56152
3SF4_A_D,A,184,,-0.6481
3SF4_A_D,A,187,,-2.2966
3SF4_A_D,A,188,,-2.20444
3SF4_A_D,A,216,,-1.89785
3SF4_A_D,A,217,,-2.15547
3SF4_A_D,A,220,,-2.0561
3SF4_A_D,A,221,,-0.61257
3SF4_A_D,A,224,,-0.66043
3SF4_A_D,A,227,,-2.57766
3SF4_A_D,A,228,,-2.40827
3SF4_A_D,A,257,,-1.81267
3SF4_A_D,A,260,,-1.86982
3SF4_A_D,A,261,,-1.19897
3SF4_A_D,A,264,,-1.07144
3SF4_A_D,A,267,,-2.69455
3SF4_A_D,A,268,,-2.39439
3SF4_A_D,A,297,,-1.21112
3SF4_A_D,A,300,,-1.93686
3SF4_A_D,A,301,,-1.13828
3SF4_A_D,A,304,,-1.55907
3SF4_A_D,A,307,,-2.56228
3SF4_A_D,A,308,,-2.49907
3SF4_A_D,A,333,,-2.54305
3SF4_A_D,D,1,,-0.82952
3SF4_A_D,D,3,,-2.87147
3SF4_A_D,D,4,,-2.87564
3SF4_A_D,D,5,,-2.83876
3SF4_A_D,D,7,,-2.88768
3SF4_A_D,D,8,,-2.3514
3SF4_A_D,D,9,,-2.86067
3SF4_A_D,D,11,,-2.89098
3SF4_A_D,D,12,,-2.88714
3SF4_A_D,D,13,,-2.86168
3SF4_A_D,D,14,,-2.7738
3SF4_A_D,D,15,,-2.87216
3SF4_A_D,D,16,,-2.8678
3SF4_A_D,D,17,,-2.70803
3SF4_A_D,D,18,,-2.66871
3SF4_A_D,D,19,,-2.90052
3SF4_A_D,D,20,,-2.86859
3SF4_A_D,D,21,,-2.82996
3SF4_A_D,D,22,,-2.86267
3SF4_A_D,D,23,,-2.91486
3SF4_A_D,D,24,,-2.88298
3SF4_A_D,D,25,,-2.85386
3SF4_A_D,D,26,,-2.81766
3SF4_A_D,D,27,,-2.88731
3SF4_A_D,D,28,,-2.78543
3SF4_A_D,D,29,,-2.85216
3SF4_A_D,D,30,,-2.89171
3SF4_A_D,D,31,,-2.84065
3SF4_A_D,D,35,,-2.85909
3SF4_A_D,D,37,,-2.91061
3SF4_A_D,D,38,,-2.91786
3SF4_A_D,D,39,,-2.86092
3SF4_A_D,D,40,,-2.87048
3SF4_A_D,D,41,,-2.8703
3SF4_A_D,D,42,,-2.62757
3SF4_A_D,D,43,,-2.90508
3SF4_A_D,D,44,,-2.90432
3SF4_A_D,D,45,,-2.8928
3SGB_E_I,E,11,,-2.03213
3SGB_E_I,E,12,,-1.9963
3SGB_E_I,E,13,,-1.38659
3SGB_E_I,E,14,,-0.00701
3SGB_E_I,E,33,,-0.01922
3SGB_E_I,E,118,,-0.16768
3SGB_E_I,E,119,,-0.72987
3SGB_E_I,E,120,,-0.05254
3SGB_E_I,E,121,,-1.65885
3SGB_E_I,E,122,,-2.14472
3SGB_E_I,E,136,,-0.39534
3SGB_E_I,E,138,,-0.97995
3SGB_E_I,E,139,,-0.01539
3SGB_E_I,E,141,,-0.00884
3SGB_E_I,E,157,,-0.24198
3SGB_E_I,E,158,,-0.03858
3SGB_E_I,E,159,,-0.13688
3SGB_E_I,E,160,,-0.20464
3SGB_E_I,I,4,,-2.58
3SGB_E_I,I,7,,-2.74916
3SGB_E_I,I,8,,-2.81149
3SGB_E_I,I,9,,-2.7219
3SGB_E_I,I,10,,-0.03193
3SGB_E_I,I,11,,-1.6445
3SGB_E_I,I,12,,-2.66617
3SGB_E_I,I,13,,-1.26451
3SGB_E_I,I,14,,-1.88334
3SGB_E_I,I,15,,-2.17448
3SGB_E_I,I,26,,-2.72431
3SGB_E_I,I,30,,-2.68697
3SZK_AB_C,A,4,,-1.87947
3SZK_AB_C,A,5,,-1.83715
3SZK_AB_C,A,7,,-1.33571
3SZK_AB_C,A,8,,-1.35627
3SZK_AB_C,A,9,,-1.63066
3SZK_AB_C,A,11,,-1.61243
3SZK_AB_C,A,12,,-1.61464
3SZK_AB_C,A,15,,-1.45137
3SZK_AB_C,A,18,,-2.42106
3SZK_AB_C,A,19,,-1.89138
3SZK_AB_C,A,67,,-2.30012
3SZK_AB_C,A,70,,-0.62301
3SZK_AB_C,A,71,,-2.19399
3SZK_AB_C,A,74,,-0.48865
3SZK_AB_C,C,40,,-2.83945
3SZK_AB_C,C,41,,-2.85599
3SZK_AB_C,C,43,,-2.85482
3SZK_AB_C,C,44,,-2.86359
3SZK_AB_C,C,66,,-2.87302
3SZK_AB_C,C,67,,-2.88013
3SZK_AB_C,C,69,,-2.87243
3SZK_AB_C,C,70,,-2.85444
3SZK_AB_C,C,93,,-2.8334
3SZK_AB_C,C,94,,-2.74407
3SZK_AB_C,C,95,,-2.80235
3SZK_AB_C,C,96,,-2.81707
3SZK_AB_C,C,119,,-2.57376
3TGK_E_I,E,21,,-2.49938
3TGK_E_I,E,22,,-1.3556
3TGK_E_I,E,23,,-1.99136
3TGK_E_I,E,39,,-0.09324
3TGK_E_I,E,42,,-2.43261
3TGK_E_I,E,77,,-2.4865
3TGK_E_I,E,78,,-2.68126
3TGK_E_I,E,80,,-1.8451
3TGK_E_I,E,121,,-0.12525
3TGK_E_I,E,122,,-2.0989
3TGK_E_I,E,149,,-2.72119
3TGK_E_I,E,166,,-0.98465
3TGK_E_I,E,167,,-0.00525
3TGK_E_I,E,168,,-2.1463
3TGK_E_I,E,169,,-0.56721
3TGK_E_I,E,171,,-0.23148
3TGK_E_I,E,186,,-0.13943
3TGK_E_I,E,187,,-1.08339
3TGK_E_I,E,188,,-0.1339
3TGK_E_I,E,190,,-1.58103
3TGK_E_I,I,11,,-2.65499
3TGK_E_I,I,13,,-2.23614
3TGK_E_I,I,14,,-0.00912
3TGK_E_I,I,15,,-1.93207
3TGK_E_I,I,16,,-2.20581
3TGK_E_I,I,17,,-2.59128
3TGK_E_I,I,18,,-2.14028
3TGK_E_I,I,19,,-2.4975
3TGK_E_I,I,34,,-2.60997
3TGK_E_I,I,37,,-0.81994
3TGK_E_I,I,38,,-0.05561
3TGK_E_I,I,39,,-2.12632
3U82_A_B,A,1,,-0.90438
3U82_A_B,A,3,,-2.87639
3U82_A_B,A,5,,-2.87073
3U82_A_B,A,14,,-2.9078
3U82_A_B,A,16,,-2.886
3U82_A_B,A,110,,-2.91253
3U82_A_B,A,176,,-2.89574
3U82_A_B,A,178,,-2.83702
3U82_A_B,A,193,,-2.90675
3U82_A_B,A,194,,-2.91044
3U82_A_B,A,196,,-2.90816
3U82_A_B,A,198,,-2.91718
3U82_A_B,A,199,,-2.90695
3U82_A_B,A,200,,-2.88784
3U82_A_B,A,201,,-2.91757
3U82_A_B,A,208,,-2.91614
3U82_A_B,A,209,,-2.89746
3U82_A_B,A,212,,-2.90514
3U82_A_B,B,24,,-2.2019
3U82_A_B,B,26,,-2.31905
3U82_A_B,B,28,,-2.16484
3U82_A_B,B,29,,-0.14779
3U82_A_B,B,31,,-0.55291
3U82_A_B,B,33,,-2.10175
3U82_A_B,B,38,,-2.30097
3U82_A_B,B,40,,-1.96322
3U82_A_B,B,41,,-2.26725
3U82_A_B,B,42,,-1.25318
3U82_A_B,B,45,,-1.0894
3U82_A_B,B,47,,-1.50353
3U82_A_B,B,50,,-1.61683
3U82_A_B,B,53,,-2.49949
3U82_A_B,B,55,,-2.36832
3U82_A_B,B,90,,-2.30744
3U82_A_B,B,92,,-0.64354
3U82_A_B,B,94,,-1.56074
3U82_A_B,B,95,,-0.09027
3U82_A_B,B,96,,-2.3097
3U82_A_B,B,98,,-1.19074
3UIG_A_P,A,47,,-1.32257
3UIG_A_P,A,50,,-1.59233
3UIG_A_P,A,58,,-0.60355
3UIG_A_P,A,59,,-1.20234
3UIG_A_P,A,60,,-0.10184
3UIG_A_P,A,61,,-0.68571
3UIG_A_P,A,62,,-0.4409
3UIG_A_P,A,72,,-0.08472
3UIG_A_P,A,76,,-0.10713
3UIH_A_P,A,47,,-1.32174
3UIH_A_P,A,50,,-1.59574
3UIH_A_P,A,58,,-0.58925
3UIH_A_P,A,59,,-1.20915
3UIH_A_P,A,60,,-0.10054
3UIH_A_P,A,61,,-0.69031
3UIH_A_P,A,62,,-0.44488
3UIH_A_P,A,72,,-0.08299
3UIH_A_P,A,76,,-0.10409
3UII_A_P,A,47,,-1.32257
3UII_A_P,A,50,,-1.59233
3UII_A_P,A,58,,-0.60355
3UII_A_P,A,59,,-1.20234
3UII_A_P,A,60,,-0.10184
3UII_A_P,A,61,,-0.68571
3UII_A_P,A,62,,-0.4409
3UII_A_P,A,72,,-0.08472
3UII_A_P,A,76,,-0.10713
3W2D_A_HL,A,42,,-2.47703
3W2D_A_HL,A,43,,-2.70547
3W2D_A_HL,A,44,,-2.6736
3W2D_A_HL,A,45,,-2.71677
3W2D_A_HL,A,46,,-2.64349
3W2D_A_HL,A,65,,-2.76941
3W2D_A_HL,A,67,,-2.65319
3W2D_A_HL,A,68,,-2.49054
3W2D_A_HL,A,71,,-2.55956
3W2D_A_HL,A,72,,-2.51546
3W2D_A_HL,A,74,,-2.76742
3W2D_A_HL,A,76,,-2.79004
3W2D_A_HL,A,94,,-2.70033
3W2D_A_HL,H,51,,-2.59554
3W2D_A_HL,H,53,,-2.36224
3W2D_A_HL,H,54,,-2.37653
3W2D_A_HL,H,57,,-2.16822
3W2D_A_HL,H,58,,-2.62028
3W2D_A_HL,H,59,,-1.84667
3W2D_A_HL,H,62,,-1.8945
3W2D_A_HL,H,104,,-2.48286
3W2D_A_HL,H,106,,-2.73697
3W2D_A_HL,L,1,,-2.38779
3W2D_A_HL,L,92,,-2.70705
3W2D_A_HL,L,93,,-2.56582
3W2D_A_HL,L,94,,-2.24132
3W2D_A_HL,L,95,,-2.35745
3WWN_A_B,A,9,,-2.52931
3WWN_A_B,A,10,,-2.49286
3WWN_A_B,A,38,,-0.96637
3WWN_A_B,A,39,,-2.29181
3WWN_A_B,A,42,,-1.89558
3WWN_A_B,A,43,,-1.65318
3WWN_A_B,A,44,,-2.04337
3WWN_A_B,A,46,,-1.93091
3WWN_A_B,A,47,,-2.20281
3WWN_A_B,A,52,,-2.46726
3WWN_A_B,A,54,,-1.87842
3WWN_A_B,A,56,,-2.5357
3WWN_A_B,A,62,,-2.40681
3WWN_A_B,A,81,,-2.11715
3WWN_A_B,A,199,,-2.346
3WWN_A_B,A,200,,-2.5014
3WWN_A_B,A,201,,-1.45402
3WWN_A_B,A,202,,-2.04669
3WWN_A_B,A,221,,-2.48786
3WWN_A_B,A,225,,-0.57179
3WWN_A_B,B,7,,-2.51855
3WWN_A_B,B,8,,-0.06445
3WWN_A_B,B,9,,-1.48916
3WWN_A_B,B,10,,-2.20922
3WWN_A_B,B,13,,-1.54767
3WWN_A_B,B,14,,-2.0923
3WWN_A_B,B,15,,-2.25282
3WWN_A_B,B,21,,-1.95748
3WWN_A_B,B,23,,-1.67335
3WWN_A_B,B,24,,-2.4764
3WWN_A_B,B,26,,-1.98123
3WWN_A_B,B,27,,-2.34051
3WWN_A_B,B,28,,-0.01947
3WWN_A_B,B,29,,-1.72844
3WWN_A_B,B,30,,-2.18636
3WWN_A_B,B,31,,-2.21635
3WWN_A_B,B,47,,-2.31939
3WWN_A_B,B,51,,-2.31489
3WWN_A_B,B,52,,-2.08436
3WWN_A_B,B,53,,-2.24155
4B0M_A_BM,A,2,,-2.38939
4B0M_A_BM,A,3,,-2.49835
4B0M_A_BM,A,4,,-0.39797
4B0M_A_BM,A,5,,-1.12146
4B0M_A_BM,A,7,,-2.37514
4B0M_A_BM,A,8,,-1.64377
4B0M_A_BM,A,9,,-0.99691
4B0M_A_BM,A,10,,-2.06924
4B0M_A_BM,A,17,,-1.84275
4B0M_A_BM,A,22,,-1.46455
4B0M_A_BM,A,25,,-1.82056
4B0M_A_BM,A,27,,-2.04424
4B0M_A_BM,A,28,,-2.43808
4B0M_A_BM,A,31,,-2.56627
4B0M_A_BM,A,32,,-0.15245
4B0M_A_BM,A,33,,-2.60781
4B0M_A_BM,A,47,,-2.54844
4B0M_A_BM,A,102,,-2.37562
4B0M_A_BM,A,103,,-2.43805
4B0M_A_BM,A,105,,-2.22365
4B0M_A_BM,B,127,,-1.74668
4B0M_A_BM,M,28,,-1.87815
4B0M_A_BM,M,37,,-2.13736
4B0M_A_BM,M,38,,-0.3458
4B0M_A_BM,M,40,,-0.57491
4B0M_A_BM,M,42,,-0.96966
4B0M_A_BM,M,44,,-1.88034
4B0M_A_BM,M,59,,-1.42164
4B0M_A_BM,M,60,,-0.02409
4B0M_A_BM,M,62,,-0.97727
4B0M_A_BM,M,63,,-0.69753
4B0M_A_BM,M,64,,-0.48234
4B0M_A_BM,M,69,,-2.14424
4B0M_A_BM,M,70,,-2.38349
4B0M_A_BM,M,71,,-2.1018
4B0M_A_BM,M,72,,-2.32666
4B0M_A_BM,M,74,,-0.8932
4B0M_A_BM,M,95,,-2.05834
4B0M_A_BM,M,97,,-0.68898
4B0M_A_BM,M,99,,-1.94683
4B0M_A_BM,M,100,,-2.51572
4B0M_A_BM,M,110,,-1.73526
4B0M_A_BM,M,112,,-1.48769
4BFI_A_B,A,1,,-2.16933
4BFI_A_B,A,3,,-2.75938
4BFI_A_B,A,4,,-2.65871
4BFI_A_B,A,30,,-2.20405
4BFI_A_B,A,31,,-2.11054
4BFI_A_B,A,33,,-2.14877
4BFI_A_B,A,35,,-1.07055
4BFI_A_B,A,43,,-2.70073
4BFI_A_B,A,45,,-2.57031
4BFI_A_B,A,47,,-1.5691
4BFI_A_B,A,49,,-1.42758
4BFI_A_B,A,51,,-2.44713
4BFI_A_B,A,54,,-2.55816
4BFI_A_B,A,56,,-2.63835
4BFI_A_B,A,92,,-1.88739
4BFI_A_B,A,94,,-1.39768
4BFI_A_B,A,96,,-2.37133
4BFI_A_B,A,97,,-2.3226
4BFI_A_B,A,98,,-0.62864
4BFI_A_B,A,99,,-0.42754
4BFI_A_B,A,101,,-2.55642
4BFI_A_B,B,29,,-1.76487
4BFI_A_B,B,30,,-1.7409
4BFI_A_B,B,32,,-0.60196
4BFI_A_B,B,34,,-0.62749
4BFI_A_B,B,40,,-2.65367
4BFI_A_B,B,41,,-2.75847
4BFI_A_B,B,42,,-1.82112
4BFI_A_B,B,43,,-1.41187
4BFI_A_B,B,46,,-0.86584
4BFI_A_B,B,50,,-2.51237
4BFI_A_B,B,51,,-1.77567
4BFI_A_B,B,54,,-2.71615
4BFI_A_B,B,56,,-2.51546
4BFI_A_B,B,91,,-2.01614
4BFI_A_B,B,93,,-1.84136
4BFI_A_B,B,94,,-2.0674
4BFI_A_B,B,95,,-1.38353
4BFI_A_B,B,96,,-0.78864
4BFI_A_B,B,98,,-1.0055
4BFI_A_B,B,99,,-2.24829
4CPA_A_I,A,71,,-0.03638
4CPA_A_I,A,125,,-0.77461
4CPA_A_I,A,127,,-0.03409
4CPA_A_I,A,163,,-1.87013
4CPA_A_I,A,164,,-1.23696
4CPA_A_I,A,197,,-0.76248
4CPA_A_I,A,198,,-0.24981
4CPA_A_I,A,199,,-0.94926
4CPA_A_I,A,239,,-2.10606
4CPA_A_I,A,245,,-1.89263
4CPA_A_I,A,246,,-1.45957
4CPA_A_I,A,247,,-0.86589
4CPA_A_I,A,248,,-0.13513
4CPA_A_I,A,279,,-0.12627
4CPA_A_I,A,308,,-2.71769
4CPA_A_I,I,14,,-2.29058
4CPA_A_I,I,21,,-2.8733
4CPA_A_I,I,22,,-2.90685
4CPA_A_I,I,24,,-2.87907
4CPA_A_I,I,26,,-2.89686
4CPA_A_I,I,27,,-2.71101
4CPA_A_I,I,28,,-2.85347
4CPA_A_I,I,29,,-2.64952
4CPA_A_I,I,35,,-2.92673
4CPA_A_I,I,36,,-2.86876
4CPA_A_I,I,37,,-2.9155
4CVW_A_C,A,427,,-1.45776
4CVW_A_C,A,428,,-1.07994
4CVW_A_C,A,429,,-1.10342
4CVW_A_C,A,463,,-0.00684
4CVW_A_C,A,464,,-0.15902
4CVW_A_C,A,502,,-0.13547
4CVW_A_C,A,503,,-1.63152
4CVW_A_C,A,504,,-0.60008
4CVW_A_C,A,505,,-0.14284
4CVW_A_C,A,508,,-2.38052
4CVW_A_C,A,531,,-0.15702
4CVW_A_C,A,541,,-1.54578
4CVW_A_C,A,543,,-2.27987
4CVW_A_C,A,544,,-2.51815
4CVW_A_C,A,545,,-2.4106
4CVW_A_C,A,548,,-2.67844
4CVW_A_C,A,562,,-2.81152
4CVW_A_C,A,563,,-2.86383
4CVW_A_C,A,564,,-2.77165
4CVW_A_C,A,565,,-2.75973
4CVW_A_C,A,569,,-2.7717
4CVW_A_C,A,572,,-2.79278
4CVW_A_C,A,610,,-0.82276
4CVW_A_C,A,611,,-2.09694
4CVW_A_C,A,632,,-0.0135
4CVW_A_C,A,687,,-0.53193
4CVW_A_C,A,688,,-0.73242
4CVW_A_C,A,716,,-2.68685
4CVW_A_C,A,717,,-2.07758
4CVW_A_C,A,719,,-2.09195
4CVW_A_C,A,720,,-2.69727
4CVW_A_C,C,5,,-2.81054
4CVW_A_C,C,9,,-2.78667
4CVW_A_C,C,10,,-2.7721
4CVW_A_C,C,11,,-2.82453
4CVW_A_C,C,14,,-2.82542
4CVW_A_C,C,15,,-2.81096
4CVW_A_C,C,18,,-2.68301
4CVW_A_C,C,21,,-2.768
4CVW_A_C,C,26,,-2.7884
4CVW_A_C,C,27,,-2.78968
4CVW_A_C,C,28,,-2.77205
4CVW_A_C,C,29,,-2.74324
4CVW_A_C,C,30,,-2.82068
4CVW_A_C,C,31,,-2.85298
4CVW_A_C,C,33,,-2.76334
4CVW_A_C,C,34,,-2.7474
4CVW_A_C,C,35,,-2.22723
4CVW_A_C,C,37,,-2.7289
4CVW_A_C,C,38,,-2.64843
4CVW_A_C,C,41,,-2.56342
4CVW_A_C,C,42,,-2.54468
4CVW_A_C,C,45,,-2.57175
4CVW_A_C,C,70,,-2.66799
4CVW_A_C,C,71,,-2.66251
4CVW_A_C,C,77,,-2.70245
4CVW_A_C,C,78,,-2.76616
4E6K_AB_G,A,74,,-2.70664
4E6K_AB_G,A,76,,-2.58638
4E6K_AB_G,A,78,,-2.26874
4E6K_AB_G,A,79,,-2.22856
4E6K_AB_G,A,81,,-2.27147
4E6K_AB_G,A,85,,-1.52312
4E6K_AB_G,A,89,,-2.6455
4E6K_AB_G,B,68,,-2.4162
4E6K_AB_G,B,70,,-2.3144
4E6K_AB_G,B,72,,-2.61406
4E6K_AB_G,B,73,,-2.02403
4E6K_AB_G,G,1,,-0.03548
4E6K_AB_G,G,2,,-0.32934
4E6K_AB_G,G,5,,-1.2934
4E6K_AB_G,G,6,,-0.00308
4E6K_AB_G,G,8,,-1.2987
4E6K_AB_G,G,10,,-1.22987
4E6K_AB_G,G,37,,-1.70762
4E6K_AB_G,G,38,,-0.03268
4E6K_AB_G,G,40,,-1.55617
4E6K_AB_G,G,43,,-2.44205
4E6K_AB_G,G,44,,-2.39289
4EKD_A_B,A,41,,-2.60908
4EKD_A_B,A,42,,-1.61986
4EKD_A_B,A,45,,-2.65634
4EKD_A_B,A,49,,-2.74905
4EKD_A_B,A,56,,-2.31657
4EKD_A_B,A,81,,-2.67981
4EKD_A_B,A,83,,-2.42788
4EKD_A_B,A,148,,-2.24874
4EKD_A_B,A,149,,-1.70255
4EKD_A_B,A,150,,-0.34087
4EKD_A_B,A,151,,-1.19145
4EKD_A_B,A,152,,-0.10155
4EKD_A_B,A,153,,-1.01877
4EKD_A_B,A,154,,-1.96697
4EKD_A_B,A,156,,-1.90739
4EKD_A_B,A,173,,-0.05075
4EKD_A_B,A,175,,-1.34957
4EKD_A_B,A,176,,-0.59461
4EKD_A_B,A,178,,-0.97235
4EKD_A_B,A,179,,-0.15218
4EKD_A_B,A,182,,-0.55676
4EKD_A_B,A,204,,-2.18689
4EKD_A_B,A,205,,-0.44777
4EKD_A_B,A,206,,-1.19295
4EKD_A_B,A,207,,-2.44705
4EKD_A_B,B,36,,-0.2782
4EKD_A_B,B,37,,-0.55244
4EKD_A_B,B,38,,-0.67946
4EKD_A_B,B,40,,-0.02192
4EKD_A_B,B,41,,-0.14249
4EKD_A_B,B,77,,-1.8881
4EKD_A_B,B,79,,-0.97025
4EKD_A_B,B,81,,-0.2186
4EKD_A_B,B,82,,-0.89968
4EKD_A_B,B,83,,-0.07696
4EKD_A_B,B,84,,-1.98989
4EKD_A_B,B,85,,-2.44906
4EKD_A_B,B,107,,-1.54241
4EKD_A_B,B,108,,-1.79812
4EKD_A_B,B,110,,-1.67205
4EKD_A_B,B,111,,-2.65377
4EKD_A_B,B,112,,-0.15965
4EKD_A_B,B,114,,-1.14022
4EKD_A_B,B,115,,-2.26358
4EKD_A_B,B,116,,-0.27108
4EKD_A_B,B,120,,-0.68022
4EKD_A_B,B,123,,-1.22051
4FTV_ABC_DE,A,58,,-1.88595
4FTV_ABC_DE,A,59,,-1.59314
4FTV_ABC_DE,A,65,,-2.33893
4FTV_ABC_DE,A,66,,-1.64301
4FTV_ABC_DE,A,68,,-2.46334
4FTV_ABC_DE,A,69,,-2.53625
4FTV_ABC_DE,A,72,,-2.43123
4FTV_ABC_DE,A,149,,-2.299
4FTV_ABC_DE,A,150,,-2.13224
4FTV_ABC_DE,A,151,,-2.31343
4FTV_ABC_DE,A,154,,-2.39184
4FTV_ABC_DE,A,155,,-2.61933
4FTV_ABC_DE,A,158,,-2.81469
4FTV_ABC_DE,A,162,,-2.41496
4FTV_ABC_DE,A,163,,-1.86824
4FTV_ABC_DE,A,166,,-2.37844
4FTV_ABC_DE,A,167,,-1.27192
4FTV_ABC_DE,D,2,,-2.63282
4FTV_ABC_DE,D,26,,-2.62288
4FTV_ABC_DE,D,27,,-2.51099
4FTV_ABC_DE,D,28,,-2.48215
4FTV_ABC_DE,D,30,,-1.73199
4FTV_ABC_DE,D,31,,-1.73411
4FTV_ABC_DE,D,50,,-2.54193
4FTV_ABC_DE,D,51,,-2.61262
4FTV_ABC_DE,D,52,,-2.48491
4FTV_ABC_DE,D,66,,-2.26002
4FTV_ABC_DE,D,92,,-2.72725
4FTV_ABC_DE,D,93,,-2.79769
4FTV_ABC_DE,D,94,,-2.79902
4FTV_ABC_DE,D,95,,-2.68089
4FTV_ABC_DE,D,96,,-2.8355
4FTV_ABC_DE,E,30,,-1.87675
4FTV_ABC_DE,E,97,,-2.80897
4FTV_ABC_DE,E,98,,-2.81972
4FTV_ABC_DE,E,99,,-2.83057
4FTV_ABC_DE,E,100,,-2.84341
4FTV_ABC_DE,E,101,,-2.79641
4FTV_ABC_DE,E,102,,-2.7945
4FZA_A_B,A,82,,-0.69784
4FZA_A_B,A,83,,-0.81761
4FZA_A_B,A,86,,-0.48911
4FZA_A_B,A,90,,-1.03714
4FZA_A_B,A,131,,-0.19334
4FZA_A_B,A,135,,-2.14488
4FZA_A_B,A,166,,-2.26238
4FZA_A_B,A,168,,-0.24172
4FZA_A_B,A,169,,-0.79578
4FZA_A_B,A,172,,-0.46257
4FZA_A_B,A,179,,-0.72134
4FZA_A_B,A,212,,-0.4263
4FZA_A_B,A,213,,-0.41441
4FZA_A_B,A,214,,-0.25716
4FZA_A_B,A,217,,-0.01524
4FZA_A_B,A,218,,-0.05833
4FZA_A_B,A,221,,-0.09018
4FZA_A_B,A,257,,-0.85192
4FZA_A_B,A,258,,-0.84615
4FZA_A_B,A,259,,-0.73721
4FZA_A_B,B,1,,-0.11668
4FZA_A_B,B,41,,-0.98247
4FZA_A_B,B,42,,-1.2005
4FZA_A_B,B,45,,-1.83295
4FZA_A_B,B,47,,-1.84756
4FZA_A_B,B,48,,-1.72644
4FZA_A_B,B,49,,-2.25814
4FZA_A_B,B,52,,-1.95309
4FZA_A_B,B,55,,-0.97923
4FZA_A_B,B,56,,-2.44268
4FZA_A_B,B,59,,-1.92641
4FZA_A_B,B,60,,-2.4971
4FZA_A_B,B,62,,-1.82993
4FZA_A_B,B,72,,-1.47493
4FZA_A_B,B,74,,-1.92027
4FZA_A_B,B,76,,-1.86451
4FZA_A_B,B,77,,-2.43533
4FZA_A_B,B,79,,-0.78334
4FZA_A_B,B,118,,-0.64238
4FZA_A_B,B,122,,-2.32643
4FZA_A_B,B,123,,-1.90989
4G0N_A_B,A,21,,-1.15694
4G0N_A_B,A,24,,-1.51332
4G0N_A_B,A,25,,-1.93132
4G0N_A_B,A,29,,-1.4284
4G0N_A_B,A,31,,-2.30269
4G0N_A_B,A,33,,-0.69687
4G0N_A_B,A,36,,-0.52934
4G0N_A_B,A,37,,-0.1267
4G0N_A_B,A,38,,-0.07215
4G0N_A_B,A,39,,-1.71734
4G0N_A_B,A,40,,-0.4688
4G0N_A_B,A,41,,-0.81225
4G0N_A_B,A,56,,-0.41075
4G0N_A_B,B,4,,-2.84704
4G0N_A_B,B,11,,-1.25801
4G0N_A_B,B,12,,-1.68606
4G0N_A_B,B,13,,-2.19189
4G0N_A_B,B,14,,-2.4805
4G0N_A_B,B,15,,-1.08954
4G0N_A_B,B,16,,-2.04883
4G0N_A_B,B,18,,-2.61464
4G0N_A_B,B,31,,-2.64097
4G0N_A_B,B,35,,-1.18967
4G0N_A_B,B,36,,-1.33555
4G0N_A_B,B,37,,-2.22965
4G2V_A_B,A,6,,-2.44806
4G2V_A_B,A,10,,-2.37957
4G2V_A_B,A,13,,-1.82453
4G2V_A_B,A,41,,-2.36243
4G2V_A_B,A,44,,-2.67186
4G2V_A_B,A,47,,-1.54193
4G2V_A_B,A,48,,-2.14241
4G2V_A_B,A,51,,-0.20248
4G2V_A_B,A,54,,-0.94676
4G2V_A_B,A,55,,-1.50845
4G2V_A_B,A,81,,-1.36606
4G2V_A_B,A,84,,-0.6571
4G2V_A_B,A,88,,-0.10217
4G2V_A_B,A,91,,-0.5894
4G2V_A_B,A,94,,-1.5238
4G2V_A_B,A,109,,-1.54433
4G2V_A_B,A,124,,-1.40827
4G2V_A_B,A,127,,-1.96608
4G2V_A_B,A,128,,-0.6111
4G2V_A_B,A,131,,-0.29114
4G2V_A_B,A,134,,-2.23555
4G2V_A_B,A,138,,-2.5641
4G2V_A_B,A,173,,-1.33043
4G2V_A_B,A,176,,-0.64936
4G2V_A_B,A,177,,-0.48587
4G2V_A_B,A,180,,-0.53872
4G2V_A_B,A,183,,-2.39533
4G2V_A_B,A,184,,-2.22219
4G2V_A_B,A,212,,-1.83354
4G2V_A_B,A,213,,-2.00617
4G2V_A_B,A,216,,-1.96913
4G2V_A_B,A,217,,-0.57983
4G2V_A_B,A,220,,-0.66915
4G2V_A_B,A,253,,-1.74682
4G2V_A_B,B,1,,-0.86871
4G2V_A_B,B,2,,-2.83039
4G2V_A_B,B,3,,-2.83813
4G2V_A_B,B,4,,-2.84237
4G2V_A_B,B,5,,-2.85391
4G2V_A_B,B,6,,-2.69093
4G2V_A_B,B,7,,-2.85434
4G2V_A_B,B,8,,-2.78314
4G2V_A_B,B,9,,-2.83069
4G2V_A_B,B,10,,-2.8315
4G2V_A_B,B,11,,-2.84408
4G2V_A_B,B,12,,-2.8148
4G2V_A_B,B,13,,-2.8252
4G2V_A_B,B,14,,-2.86171
4G2V_A_B,B,15,,-2.85641
4GNK_A_B,A,24,,-0.31681
4GNK_A_B,A,103,,-2.70195
4GNK_A_B,A,168,,-1.39836
4GNK_A_B,A,170,,-0.95675
4GNK_A_B,A,172,,-0.98617
4GNK_A_B,A,173,,-2.02883
4GNK_A_B,A,174,,-0.27007
4GNK_A_B,A,176,,-2.66255
4GNK_A_B,A,185,,-0.70755
4GNK_A_B,A,192,,-0.04152
4GNK_A_B,A,193,,-0.37974
4GNK_A_B,A,194,,-1.30111
4GNK_A_B,A,195,,-0.52125
4GNK_A_B,A,196,,-0.02281
4GNK_A_B,A,197,,-0.952
4GNK_A_B,A,198,,-0.14554
4GNK_A_B,A,200,,-0.75518
4GNK_A_B,A,201,,-0.51253
4GNK_A_B,A,202,,-0.81892
4GNK_A_B,A,204,,-0.94208
4GNK_A_B,A,223,,-2.25112
4GNK_A_B,A,224,,-0.37283
4GNK_A_B,A,228,,-2.51596
4GNK_A_B,A,232,,-2.49565
4GNK_A_B,A,233,,-0.57934
4GNK_A_B,A,236,,-2.67104
4GNK_A_B,A,237,,-0.46976
4GNK_A_B,A,239,,-2.25534
4GNK_A_B,A,240,,-1.49161
4GNK_A_B,A,243,,-2.13851
4GNK_A_B,A,244,,-0.7416
4GNK_A_B,A,245,,-1.88765
4GNK_A_B,A,246,,-1.04422
4GNK_A_B,B,1,,-0.55328
4GNK_A_B,B,2,,-2.732
4GNK_A_B,B,247,,-0.31149
4GNK_A_B,B,248,,-0.41791
4GNK_A_B,B,250,,-0.20617
4GNK_A_B,B,251,,-0.07755
4GNK_A_B,B,252,,-1.69468
4GNK_A_B,B,253,,-1.15358
4GNK_A_B,B,591,,-1.0946
4GNK_A_B,B,595,,-0.90002
4GNK_A_B,B,597,,-0.59841
4GNK_A_B,B,598,,-0.9065
4GNK_A_B,B,607,,-2.10104
4GNK_A_B,B,609,,-0.29286
4GNK_A_B,B,610,,-0.54281
4GNK_A_B,B,612,,-1.18839
4GNK_A_B,B,613,,-0.20749
4GNK_A_B,B,734,,-2.66062
4GNK_A_B,B,735,,-0.71929
4GNK_A_B,B,736,,-0.72451
4GNK_A_B,B,737,,-0.96422
4GNK_A_B,B,740,,-1.6234
4GNK_A_B,B,743,,-0.95171
4GNK_A_B,B,744,,-1.90416
4GNK_A_B,B,746,,-0.74454
4GNK_A_B,B,747,,-1.23458
4GNK_A_B,B,748,,-1.9167
4GNK_A_B,B,749,,-1.29279
4GNK_A_B,B,750,,-0.21317
4GNK_A_B,B,751,,-2.0315
4GNK_A_B,B,753,,-1.37169
4GNK_A_B,B,754,,-2.55386
4GNK_A_B,B,757,,-2.50264
4GU0_A_E,A,74,,-2.91286
4GU0_A_E,A,76,,-2.91043
4GU0_A_E,A,175,,-2.91666
4GU0_A_E,A,176,,-2.93133
4GU0_A_E,A,177,,-2.90532
4GU0_A_E,A,178,,-2.88959
4GU0_A_E,A,181,,-2.92355
4GU0_A_E,A,199,,-2.91296
4GU0_A_E,A,201,,-2.70706
4GU0_A_E,A,202,,-2.92656
4GU0_A_E,A,203,,-2.94058
4GU0_A_E,A,204,,-2.86623
4GU0_A_E,A,205,,-2.92581
4GU0_A_E,A,211,,-2.90032
4GU0_A_E,A,213,,-2.91704
4GU0_A_E,A,364,,-0.46833
4GU0_A_E,A,366,,-0.58194
4GU0_A_E,A,389,,-2.64701
4GU0_A_E,A,391,,-2.85738
4GU0_A_E,A,406,,-2.68691
4GU0_A_E,A,410,,-2.70582
4GU0_A_E,A,413,,-1.91094
4GU0_A_E,A,414,,-2.55158
4GU0_A_E,A,417,,-2.66713
4GU0_A_E,A,418,,-2.37448
4GU0_A_E,A,421,,-2.50359
4GU0_A_E,A,465,,-1.52641
4GU0_A_E,A,468,,-0.95089
4GU0_A_E,A,469,,-1.87243
4GU0_A_E,A,471,,-1.06534
4GU0_A_E,A,472,,-2.48048
4GU0_A_E,A,485,,-0.8662
4GU0_A_E,A,486,,-2.1445
4GU0_A_E,A,488,,-1.971
4GU0_A_E,A,489,,-1.76371
4GU0_A_E,A,493,,-2.15745
4GU0_A_E,A,498,,-1.01025
4GU0_A_E,A,606,,-2.11122
4GU0_A_E,A,622,,-2.4077
4GU0_A_E,A,624,,-2.87569
4GU0_A_E,A,693,,-0.53072
4GU0_A_E,A,728,,-1.71924
4GU0_A_E,A,729,,-1.76095
4GU0_A_E,A,730,,-1.29698
4GU0_A_E,E,1,,-0.97394
4GU0_A_E,E,2,,-2.72492
4GU0_A_E,E,3,,-2.64196
4GU0_A_E,E,4,,-2.59677
4GU0_A_E,E,5,,-2.55362
4GU0_A_E,E,6,,-2.68511
4GU0_A_E,E,7,,-2.74254
4GU0_A_E,E,8,,-2.67404
4GU0_A_E,E,9,,-2.74357
4GU0_A_E,E,10,,-2.61978
4GU0_A_E,E,11,,-2.66188
4GU0_A_E,E,12,,-2.64381
4GU0_A_E,E,13,,-2.57239
4GU0_A_E,E,14,,-2.69948
4GU0_A_E,E,15,,-2.72327
4GU0_A_E,E,17,,-2.61281
4GU0_A_E,E,18,,-2.7687
4GU0_A_E,E,19,,-2.54061
4GU0_A_E,E,20,,-2.33979
4GU0_A_E,E,22,,-2.44888
4GU0_A_E,E,23,,-2.69004
4GU0_A_E,E,24,,-2.59587
4GU0_A_E,E,25,,-2.6021
4GU0_A_E,E,26,,-2.42289
4GXU_ABCDEF_MN,A,132,,-2.87677
4GXU_ABCDEF_MN,A,134,,-2.90487
4GXU_ABCDEF_MN,A,144,,-2.84094
4GXU_ABCDEF_MN,A,152,,-2.90552
4GXU_ABCDEF_MN,A,155,,-2.86585
4GXU_ABCDEF_MN,A,157,,-2.7638
4GXU_ABCDEF_MN,A,158,,-2.82833
4GXU_ABCDEF_MN,A,185,,-2.90341
4GXU_ABCDEF_MN,A,186,,-2.89724
4GXU_ABCDEF_MN,A,188,,-2.87113
4GXU_ABCDEF_MN,A,189,,-2.84735
4GXU_ABCDEF_MN,A,191,,-2.88619
4GXU_ABCDEF_MN,A,192,,-2.92389
4GXU_ABCDEF_MN,A,193,,-2.91731
4GXU_ABCDEF_MN,A,195,,-2.91308
4GXU_ABCDEF_MN,A,218,,-2.88386
4GXU_ABCDEF_MN,A,221,,-2.86075
4GXU_ABCDEF_MN,A,224,,-2.91345
4GXU_ABCDEF_MN,A,225,,-2.91392
4GXU_ABCDEF_MN,A,226,,-2.93995
4GXU_ABCDEF_MN,E,164,,-2.47819
4GXU_ABCDEF_MN,E,166,,-2.14557
4GXU_ABCDEF_MN,M,28,,-1.17696
4GXU_ABCDEF_MN,M,31,,-1.57831
4GXU_ABCDEF_MN,M,32,,-1.26792
4GXU_ABCDEF_MN,M,53,,-2.24337
4GXU_ABCDEF_MN,M,100,,-2.58787
4GXU_ABCDEF_MN,M,101,,-2.77578
4GXU_ABCDEF_MN,M,102,,-2.86004
4GXU_ABCDEF_MN,M,103,,-2.88835
4GXU_ABCDEF_MN,M,104,,-2.88199
4GXU_ABCDEF_MN,M,105,,-2.86638
4GXU_ABCDEF_MN,M,106,,-2.81873
4GXU_ABCDEF_MN,M,107,,-2.73886
4GXU_ABCDEF_MN,M,108,,-2.77366
4GXU_ABCDEF_MN,N,31,,-1.76047
4GXU_ABCDEF_MN,N,50,,-2.32156
4GXU_ABCDEF_MN,N,51,,-2.44619
4GXU_ABCDEF_MN,N,52,,-2.2301
4GXU_ABCDEF_MN,N,53,,-1.88644
4GXU_ABCDEF_MN,N,54,,-1.9135
4HFK_A_BD,A,29,,-2.8483
4HFK_A_BD,A,33,,-2.83046
4HFK_A_BD,A,36,,-2.68371
4HFK_A_BD,A,37,,-2.1639
4HFK_A_BD,A,38,,-2.81794
4HFK_A_BD,A,40,,-2.71775
4HFK_A_BD,A,41,,-0.44518
4HFK_A_BD,A,65,,-2.78782
4HFK_A_BD,A,67,,-2.57665
4HFK_A_BD,A,77,,-2.39868
4HFK_A_BD,A,78,,-2.65755
4HFK_A_BD,A,80,,-2.56064
4HFK_A_BD,A,119,,-2.70622
4HFK_A_BD,A,120,,-2.60671
4HFK_A_BD,A,121,,-2.36776
4HFK_A_BD,A,122,,-2.61181
4HFK_A_BD,A,148,,-2.89315
4HFK_A_BD,B,6,,-2.51029
4HFK_A_BD,B,18,,-2.80784
4HFK_A_BD,B,22,,-2.89069
4HFK_A_BD,B,38,,-2.73364
4HFK_A_BD,B,42,,-2.78916
4HFK_A_BD,B,43,,-2.82164
4HFK_A_BD,B,45,,-2.81339
4HFK_A_BD,B,46,,-2.81744
4HFK_A_BD,B,47,,-2.86153
4HFK_A_BD,B,48,,-2.8572
4HFK_A_BD,B,49,,-2.86532
4HFK_A_BD,B,50,,-2.85059
4HFK_A_BD,B,51,,-2.77493
4HFK_A_BD,B,52,,-2.85153
4HFK_A_BD,B,56,,-2.86252
4HFK_A_BD,B,59,,-2.81603
4HFK_A_BD,D,69,,-2.9066
4HFK_A_BD,D,70,,-2.88789
4HFK_A_BD,D,71,,-2.83996
4HFK_A_BD,D,72,,-2.8872
4HFK_A_BD,D,73,,-2.89595
4HFK_A_BD,D,80,,-2.87786
4HRN_A_D,A,34,,-2.72249
4HRN_A_D,A,36,,-2.81777
4HRN_A_D,A,44,,-2.81909
4HRN_A_D,A,45,,-2.65401
4HRN_A_D,A,65,,-1.8608
4HRN_A_D,A,66,,-2.27888
4HRN_A_D,A,67,,-2.61083
4HRN_A_D,A,69,,-2.66866
4HRN_A_D,A,74,,-2.79088
4HRN_A_D,A,77,,-2.62461
4HRN_A_D,A,78,,-2.56143
4HRN_A_D,A,79,,-0.97266
4HRN_A_D,A,80,,-1.74863
4HRN_A_D,A,100,,-2.65292
4HRN_A_D,A,107,,-2.32201
4HRN_A_D,A,110,,-2.31268
4HRN_A_D,A,111,,-2.78889
4HRN_A_D,A,112,,-1.42563
4HRN_A_D,A,113,,-1.54962
4HRN_A_D,D,4,,-2.25207
4HRN_A_D,D,13,,-2.34989
4HRN_A_D,D,16,,-2.75308
4HRN_A_D,D,17,,-2.6836
4HRN_A_D,D,18,,-2.69303
4HRN_A_D,D,25,,-2.59428
4HRN_A_D,D,26,,-2.62681
4HRN_A_D,D,27,,-1.79291
4HRN_A_D,D,28,,-1.58426
4HRN_A_D,D,41,,-2.46535
4HRN_A_D,D,42,,-2.41804
4HRN_A_D,D,43,,-0.88115
4HRN_A_D,D,44,,-2.70824
4HRN_A_D,D,47,,-2.56453
4HRN_A_D,D,55,,-1.96839
4HSA_AB_C,A,4,,-2.90852
4HSA_AB_C,A,6,,-2.91932
4HSA_AB_C,A,47,,-2.54713
4HSA_AB_C,A,58,,-2.00793
4HSA_AB_C,A,59,,-2.02962
4HSA_AB_C,A,61,,-1.55574
4HSA_AB_C,A,63,,-1.03491
4HSA_AB_C,A,66,,-2.45795
4HSA_AB_C,A,67,,-1.71655
4HSA_AB_C,A,68,,-1.96401
4HSA_AB_C,A,87,,-2.06648
4HSA_AB_C,A,89,,-2.42731
4HSA_AB_C,A,99,,-0.31862
4HSA_AB_C,A,100,,-2.52016
4HSA_AB_C,A,101,,-2.76121
4HSA_AB_C,A,102,,-2.78773
4HSA_AB_C,A,103,,-2.65171
4HSA_AB_C,A,104,,-2.74858
4HSA_AB_C,B,8,,-2.77841
4HSA_AB_C,B,9,,-2.90201
4HSA_AB_C,B,10,,-2.83483
4HSA_AB_C,B,14,,-2.89176
4HSA_AB_C,B,17,,-2.8954
4HSA_AB_C,B,19,,-2.82636
4HSA_AB_C,B,20,,-2.88659
4HSA_AB_C,B,21,,-2.86988
4HSA_AB_C,B,22,,-2.86381
4HSA_AB_C,B,23,,-2.83461
4HSA_AB_C,B,24,,-2.86487
4HSA_AB_C,B,26,,-2.7929
4HSA_AB_C,B,28,,-2.63936
4HSA_AB_C,B,35,,-1.4926
4HSA_AB_C,B,37,,-2.14477
4HSA_AB_C,B,39,,-2.37046
4HSA_AB_C,B,41,,-2.2346
4HSA_AB_C,B,42,,-2.13434
4HSA_AB_C,B,44,,-0.85682
4HSA_AB_C,B,45,,-0.25534
4HSA_AB_C,B,47,,-2.74535
4HSA_AB_C,B,48,,-1.12368
4HSA_AB_C,B,49,,-2.3217
4HSA_AB_C,B,83,,-1.28825
4HSA_AB_C,B,85,,-2.62243
4HSA_AB_C,B,86,,-2.55944
4HSA_AB_C,B,92,,-1.27011
4HSA_AB_C,C,24,,-2.77563
4HSA_AB_C,C,25,,-2.86708
4HSA_AB_C,C,26,,-2.83866
4HSA_AB_C,C,30,,-2.89167
4HSA_AB_C,C,31,,-2.88641
4HSA_AB_C,C,32,,-2.8538
4HSA_AB_C,C,33,,-2.84812
4HSA_AB_C,C,85,,-2.59119
4HSA_AB_C,C,87,,-2.40232
4HSA_AB_C,C,88,,-2.54623
4HSA_AB_C,C,89,,-2.33955
4HSA_AB_C,C,90,,-2.34419
4HSA_AB_C,C,91,,-2.5034
4HSA_AB_C,C,92,,-2.20277
4HSA_AB_C,C,120,,-2.56218
4HSA_AB_C,C,122,,-0.73354
4HSA_AB_C,C,123,,-1.91913
4HSA_AB_C,C,124,,-2.62786
4HSA_AB_C,C,126,,-2.46538
4HSA_AB_C,C,137,,-2.87352
4HSA_AB_C,C,138,,-2.87501
4HSA_AB_C,C,143,,-2.87374
4HSA_AB_C,C,145,,-2.92865
4HSA_AB_C,C,147,,-2.78429
4HSA_AB_C,C,154,,-2.82479
4HSA_AB_C,C,162,,-2.52556
4HSA_AB_C,C,163,,-2.6582
4HSA_AB_C,C,166,,-2.85156
4HSA_AB_C,C,175,,-1.51041
4HSA_AB_C,C,199,,-2.70738
4HSA_AB_C,C,201,,-2.74908
4HSA_AB_C,C,203,,-2.6486
4HSA_AB_C,C,215,,-2.84304
4HSA_AB_C,C,217,,-2.80709
4HSA_AB_C,C,250,,-2.79221
4HSA_AB_C,C,254,,-2.32704
4HSA_AB_C,C,256,,-2.80067
4HSA_AB_C,C,257,,-2.75519
4HSA_AB_C,C,259,,-2.83695
4HSA_AB_C,C,260,,-2.75951
4HSA_AB_C,C,261,,-2.77335
4HSA_AB_C,C,262,,-2.73117
4HSA_AB_C,C,263,,-2.83498
4HSA_AB_C,C,264,,-2.88584
4HSA_AB_C,C,265,,-2.82724
4HSA_AB_C,C,266,,-2.82264
4HSA_AB_C,C,267,,-2.83492
4I77_HL_Z,H,30,,-1.3999
4I77_HL_Z,H,31,,-1.52046
4I77_HL_Z,H,33,,-2.39586
4I77_HL_Z,H,52,,-2.34879
4I77_HL_Z,H,53,,-2.52487
4I77_HL_Z,H,54,,-1.77837
4I77_HL_Z,H,56,,-2.04365
4I77_HL_Z,H,99,,-2.80093
4I77_HL_Z,H,100,,-2.77338
4I77_HL_Z,H,101,,-2.73797
4I77_HL_Z,H,103,,-2.64274
4I77_HL_Z,L,31,,-2.64412
4I77_HL_Z,L,32,,-2.48701
4I77_HL_Z,L,34,,-2.6718
4I77_HL_Z,L,36,,-2.31366
4I77_HL_Z,L,53,,-2.50337
4I77_HL_Z,L,56,,-2.25547
4I77_HL_Z,L,57,,-2.2382
4I77_HL_Z,L,95,,-2.75343
4I77_HL_Z,L,96,,-2.72159
4I77_HL_Z,Z,2,,-2.8672
4I77_HL_Z,Z,19,,-2.90077
4I77_HL_Z,Z,21,,-2.91038
4I77_HL_Z,Z,41,,-2.88838
4I77_HL_Z,Z,42,,-2.88414
4I77_HL_Z,Z,43,,-2.89738
4I77_HL_Z,Z,44,,-2.90717
4I77_HL_Z,Z,45,,-2.88551
4I77_HL_Z,Z,46,,-2.90685
4I77_HL_Z,Z,47,,-2.89433
4I77_HL_Z,Z,48,,-2.86344
4I77_HL_Z,Z,50,,-2.90248
4I77_HL_Z,Z,51,,-2.86743
4I77_HL_Z,Z,53,,-2.8596
4I77_HL_Z,Z,54,,-2.88014
4I77_HL_Z,Z,55,,-2.85182
4I77_HL_Z,Z,57,,-2.89918
4I77_HL_Z,Z,58,,-2.89063
4I77_HL_Z,Z,61,,-2.8906
4I77_HL_Z,Z,63,,-2.89218
4I77_HL_Z,Z,65,,-2.88197
4I77_HL_Z,Z,66,,-2.89525
4J2L_A_CD,A,5,,-2.8716
4J2L_A_CD,A,6,,-2.72626
4J2L_A_CD,A,7,,-1.80945
4J2L_A_CD,A,11,,-0.98649
4J2L_A_CD,A,12,,-1.58262
4J2L_A_CD,A,13,,-0.9324
4J2L_A_CD,A,14,,-2.31388
4J2L_A_CD,A,15,,-0.92034
4J2L_A_CD,A,16,,-1.54848
4J2L_A_CD,A,20,,-2.62479
4J2L_A_CD,A,31,,-2.29462
4J2L_A_CD,A,34,,-0.7515
4J2L_A_CD,A,41,,-0.50781
4J2L_A_CD,A,64,,-1.6051
4J2L_A_CD,A,66,,-2.68425
4J2L_A_CD,A,73,,-2.38093
4J2L_A_CD,A,74,,-2.50336
4J2L_A_CD,A,75,,-1.42457
4J2L_A_CD,A,77,,-1.66331
4J2L_A_CD,A,81,,-1.19863
4J2L_A_CD,A,83,,-0.4049
4J2L_A_CD,A,90,,-0.52439
4J2L_A_CD,A,116,,-1.87637
4J2L_A_CD,A,117,,-2.22197
4J2L_A_CD,A,118,,-2.6757
4J2L_A_CD,A,119,,-2.73336
4J2L_A_CD,A,120,,-1.70621
4J2L_A_CD,C,12,,-2.86163
4J2L_A_CD,C,13,,-2.87097
4J2L_A_CD,C,14,,-2.8643
4J2L_A_CD,C,15,,-2.86134
4J2L_A_CD,C,17,,-2.85646
4J2L_A_CD,C,18,,-2.84786
4J2L_A_CD,C,19,,-2.86572
4J2L_A_CD,C,20,,-2.85406
4J2L_A_CD,C,21,,-2.85366
4J2L_A_CD,C,22,,-2.86566
4J2L_A_CD,C,23,,-2.86026
4J2L_A_CD,C,24,,-2.84521
4J2L_A_CD,D,1,,-0.74171
4J2L_A_CD,D,3,,-2.8717
4J2L_A_CD,D,5,,-2.90986
4J2L_A_CD,D,7,,-2.88711
4J2L_A_CD,D,10,,-2.85229
4J2L_A_CD,D,12,,-2.86163
4JEU_A_B,A,15,,-2.45971
4JEU_A_B,A,24,,-2.52751
4JEU_A_B,A,26,,-1.78609
4JEU_A_B,A,36,,-2.41965
4JEU_A_B,A,37,,-2.80811
4JEU_A_B,A,40,,-2.01049
4JEU_A_B,A,44,,-2.29167
4JEU_A_B,A,45,,-2.56048
4JEU_A_B,A,46,,-2.2459
4JEU_A_B,A,49,,-1.941
4JEU_A_B,A,50,,-1.97932
4JEU_A_B,A,54,,-2.00115
4JEU_A_B,A,55,,-1.70881
4JEU_A_B,A,56,,-1.48526
4JEU_A_B,A,57,,-1.62955
4JEU_A_B,A,58,,-2.76191
4JEU_A_B,A,61,,-2.71808
4JEU_A_B,A,62,,-2.81444
4JEU_A_B,A,64,,-2.54316
4JEU_A_B,A,65,,-2.23462
4JEU_A_B,A,66,,-1.5422
4JEU_A_B,A,68,,-1.55644
4JEU_A_B,A,69,,-1.92688
4JEU_A_B,A,108,,-1.63571
4JEU_A_B,A,110,,-2.54562
4JEU_A_B,A,113,,-2.32435
4JEU_A_B,A,117,,-2.3989
4JEU_A_B,A,122,,-2.767
4JEU_A_B,A,125,,-1.36808
4JEU_A_B,A,127,,-2.35894
4JEU_A_B,A,128,,-1.52111
4JEU_A_B,A,129,,-2.21046
4JEU_A_B,A,130,,-1.94282
4JEU_A_B,A,131,,-2.27916
4JEU_A_B,A,259,,-2.17394
4JEU_A_B,A,261,,-2.3675
4JEU_A_B,A,268,,-2.65796
4JEU_A_B,A,269,,-2.57437
4JEU_A_B,A,270,,-2.49385
4JEU_A_B,A,273,,-2.54984
4JEU_A_B,A,275,,-1.9729
4JEU_A_B,A,276,,-2.16136
4JEU_A_B,A,277,,-2.38196
4JEU_A_B,A,278,,-2.79101
4JEU_A_B,A,311,,-2.39929
4JEU_A_B,A,312,,-2.5093
4JEU_A_B,A,313,,-2.39491
4JEU_A_B,A,324,,-2.43807
4JEU_A_B,A,327,,-0.64699
4JEU_A_B,A,328,,-1.09259
4JEU_A_B,A,329,,-1.44939
4JEU_A_B,A,330,,-1.63248
4JEU_A_B,B,1,,-0.62387
4JEU_A_B,B,2,,-2.28803
4JEU_A_B,B,3,,-2.60485
4JEU_A_B,B,4,,-2.60162
4JEU_A_B,B,6,,-2.31609
4JEU_A_B,B,7,,-2.70376
4JEU_A_B,B,8,,-2.66484
4JEU_A_B,B,10,,-2.77562
4JEU_A_B,B,11,,-2.56583
4JEU_A_B,B,16,,-0.63789
4JEU_A_B,B,19,,-0.6583
4JEU_A_B,B,20,,-1.82889
4JEU_A_B,B,23,,-1.15998
4JEU_A_B,B,93,,-1.66109
4JEU_A_B,B,96,,-0.39461
4JEU_A_B,B,97,,-0.64554
4JEU_A_B,B,100,,-2.02839
4JEU_A_B,B,101,,-0.63731
4JEU_A_B,B,104,,-2.1207
4JEU_A_B,B,108,,-0.99719
4JEU_A_B,B,114,,-1.9617
4JEU_A_B,B,117,,-1.26454
4JEU_A_B,B,121,,-2.05036
4JEU_A_B,B,124,,-1.22072
4JEU_A_B,B,125,,-1.12798
4JEU_A_B,B,148,,-1.08398
4JEU_A_B,B,191,,-0.84362
4JEU_A_B,B,195,,-0.41002
4JEU_A_B,B,198,,-0.10204
4JEU_A_B,B,199,,-0.87035
4JEU_A_B,B,202,,-0.32446
4JEU_A_B,B,203,,-1.90415
4JEU_A_B,B,205,,-0.97544
4JEU_A_B,B,206,,-1.1993
4JEU_A_B,B,207,,-1.53292
4JEU_A_B,B,210,,-1.03139
4JEU_A_B,B,211,,-1.86223
4JEU_A_B,B,213,,-0.2747
4JEU_A_B,B,214,,-1.8797
4JEU_A_B,B,215,,-0.30627
4JEU_A_B,B,216,,-0.55167
4JEU_A_B,B,218,,-1.2237
4JEU_A_B,B,219,,-0.90979
4JEU_A_B,B,220,,-1.24842
4JEU_A_B,B,222,,-0.54138
4JEU_A_B,B,224,,-2.60883
4JEU_A_B,B,225,,-2.13509
4JFD_ABC_DE,A,44,,-1.93362
4JFD_ABC_DE,A,58,,-1.88052
4JFD_ABC_DE,A,62,,-2.51215
4JFD_ABC_DE,A,65,,-2.34252
4JFD_ABC_DE,A,66,,-1.64095
4JFD_ABC_DE,A,68,,-2.45945
4JFD_ABC_DE,A,69,,-2.5338
4JFD_ABC_DE,A,72,,-2.43664
4JFD_ABC_DE,A,73,,-2.5804
4JFD_ABC_DE,A,75,,-2.54185
4JFD_ABC_DE,A,76,,-2.57618
4JFD_ABC_DE,A,154,,-2.39531
4JFD_ABC_DE,A,155,,-2.62344
4JFD_ABC_DE,A,158,,-2.81369
4JFD_ABC_DE,A,163,,-1.86841
4JFD_ABC_DE,A,166,,-2.3733
4JFD_ABC_DE,A,167,,-1.29577
4JFD_ABC_DE,A,170,,-2.42614
4JFD_ABC_DE,C,1,,-1.58042
4JFD_ABC_DE,C,4,,-2.87688
4JFD_ABC_DE,C,5,,-2.83787
4JFD_ABC_DE,C,7,,-2.88006
4JFD_ABC_DE,C,8,,-2.87131
4JFD_ABC_DE,C,9,,-2.87966
4JFD_ABC_DE,D,27,,-2.46175
4JFD_ABC_DE,D,28,,-1.93848
4JFD_ABC_DE,D,29,,-2.48621
4JFD_ABC_DE,D,31,,-1.55348
4JFD_ABC_DE,D,51,,-2.5906
4JFD_ABC_DE,D,52,,-2.60668
4JFD_ABC_DE,D,67,,-2.30619
4JFD_ABC_DE,D,92,,-2.21187
4JFD_ABC_DE,D,93,,-2.81039
4JFD_ABC_DE,D,94,,-2.80389
4JFD_ABC_DE,D,95,,-2.74985
4JFD_ABC_DE,D,96,,-2.71112
4JFD_ABC_DE,E,31,,-2.71228
4JFD_ABC_DE,E,50,,-2.3738
4JFD_ABC_DE,E,53,,-2.67296
4JFD_ABC_DE,E,54,,-2.5145
4JFD_ABC_DE,E,55,,-2.60868
4JFD_ABC_DE,E,57,,-2.78343
4JFD_ABC_DE,E,58,,-2.64968
4JFD_ABC_DE,E,59,,-2.29514
4JFD_ABC_DE,E,96,,-2.86607
4JFD_ABC_DE,E,97,,-2.8611
4JFD_ABC_DE,E,98,,-2.85849
4JFD_ABC_DE,E,99,,-2.79708
4JFD_ABC_DE,E,100,,-2.85951
4JFD_ABC_DE,E,101,,-2.70364
4JFE_ABC_DE,A,44,,-1.93362
4JFE_ABC_DE,A,58,,-1.88052
4JFE_ABC_DE,A,61,,-2.03748
4JFE_ABC_DE,A,62,,-2.51215
4JFE_ABC_DE,A,65,,-2.34252
4JFE_ABC_DE,A,66,,-1.64095
4JFE_ABC_DE,A,68,,-2.45945
4JFE_ABC_DE,A,69,,-2.5338
4JFE_ABC_DE,A,72,,-2.43664
4JFE_ABC_DE,A,73,,-2.5804
4JFE_ABC_DE,A,75,,-2.54185
4JFE_ABC_DE,A,76,,-2.57618
4JFE_ABC_DE,A,146,,-1.75231
4JFE_ABC_DE,A,150,,-2.12488
4JFE_ABC_DE,A,154,,-2.39531
4JFE_ABC_DE,A,155,,-2.62344
4JFE_ABC_DE,A,157,,-1.10832
4JFE_ABC_DE,A,158,,-2.81369
4JFE_ABC_DE,A,163,,-1.86841
4JFE_ABC_DE,A,166,,-2.3733
4JFE_ABC_DE,A,167,,-1.29577
4JFE_ABC_DE,A,170,,-2.42614
4JFE_ABC_DE,C,1,,-2.00238
4JFE_ABC_DE,C,4,,-2.84767
4JFE_ABC_DE,C,5,,-2.82583
4JFE_ABC_DE,C,7,,-2.88143
4JFE_ABC_DE,C,8,,-2.81413
4JFE_ABC_DE,C,9,,-2.83626
4JFE_ABC_DE,D,3,,-2.63305
4JFE_ABC_DE,D,27,,-2.46138
4JFE_ABC_DE,D,28,,-1.93292
4JFE_ABC_DE,D,29,,-2.48318
4JFE_ABC_DE,D,31,,-1.54786
4JFE_ABC_DE,D,32,,-2.09633
4JFE_ABC_DE,D,51,,-2.59333
4JFE_ABC_DE,D,52,,-2.60708
4JFE_ABC_DE,D,67,,-2.30887
4JFE_ABC_DE,D,93,,-2.81067
4JFE_ABC_DE,D,94,,-2.79942
4JFE_ABC_DE,D,95,,-2.74257
4JFE_ABC_DE,D,96,,-2.72518
4JFE_ABC_DE,E,31,,-2.71228
4JFE_ABC_DE,E,50,,-2.3738
4JFE_ABC_DE,E,53,,-2.67296
4JFE_ABC_DE,E,54,,-2.5145
4JFE_ABC_DE,E,55,,-2.60868
4JFE_ABC_DE,E,57,,-2.78343
4JFE_ABC_DE,E,58,,-2.64968
4JFE_ABC_DE,E,59,,-2.29514
4JFE_ABC_DE,E,96,,-2.86607
4JFE_ABC_DE,E,97,,-2.8611
4JFE_ABC_DE,E,98,,-2.85849
4JFE_ABC_DE,E,99,,-2.79708
4JFE_ABC_DE,E,100,,-2.85951
4JFE_ABC_DE,E,101,,-2.70364
4JFF_ABC_DE,A,44,,-1.93362
4JFF_ABC_DE,A,58,,-1.88052
4JFF_ABC_DE,A,62,,-2.51215
4JFF_ABC_DE,A,65,,-2.34252
4JFF_ABC_DE,A,66,,-1.64095
4JFF_ABC_DE,A,68,,-2.45945
4JFF_ABC_DE,A,69,,-2.5338
4JFF_ABC_DE,A,72,,-2.43664
4JFF_ABC_DE,A,73,,-2.5804
4JFF_ABC_DE,A,75,,-2.54185
4JFF_ABC_DE,A,76,,-2.57618
4JFF_ABC_DE,A,150,,-2.12488
4JFF_ABC_DE,A,154,,-2.39531
4JFF_ABC_DE,A,155,,-2.62344
4JFF_ABC_DE,A,157,,-1.10832
4JFF_ABC_DE,A,158,,-2.81369
4JFF_ABC_DE,A,163,,-1.86841
4JFF_ABC_DE,A,166,,-2.3733
4JFF_ABC_DE,A,167,,-1.29577
4JFF_ABC_DE,A,170,,-2.42614
4JFF_ABC_DE,C,1,,-1.81526
4JFF_ABC_DE,C,4,,-2.87688
4JFF_ABC_DE,C,5,,-2.88049
4JFF_ABC_DE,C,7,,-2.88143
4JFF_ABC_DE,C,8,,-2.87378
4JFF_ABC_DE,C,9,,-2.88116
4JFF_ABC_DE,D,27,,-2.4659
4JFF_ABC_DE,D,28,,-1.94786
4JFF_ABC_DE,D,29,,-2.49076
4JFF_ABC_DE,D,31,,-1.58981
4JFF_ABC_DE,D,51,,-2.59451
4JFF_ABC_DE,D,52,,-2.60795
4JFF_ABC_DE,D,67,,-2.31299
4JFF_ABC_DE,D,92,,-2.22924
4JFF_ABC_DE,D,93,,-2.81059
4JFF_ABC_DE,D,94,,-2.79888
4JFF_ABC_DE,D,95,,-2.74522
4JFF_ABC_DE,D,96,,-2.71455
4JFF_ABC_DE,E,31,,-2.71228
4JFF_ABC_DE,E,50,,-2.3738
4JFF_ABC_DE,E,53,,-2.67296
4JFF_ABC_DE,E,54,,-2.5145
4JFF_ABC_DE,E,55,,-2.60868
4JFF_ABC_DE,E,57,,-2.78343
4JFF_ABC_DE,E,58,,-2.64968
4JFF_ABC_DE,E,59,,-2.29514
4JFF_ABC_DE,E,96,,-2.86607
4JFF_ABC_DE,E,97,,-2.8611
4JFF_ABC_DE,E,98,,-2.85849
4JFF_ABC_DE,E,99,,-2.79708
4JFF_ABC_DE,E,100,,-2.85951
4JFF_ABC_DE,E,101,,-2.70364
4JGH_ABC_D,A,147,,-1.26091
4JGH_ABC_D,A,149,,-2.00459
4JGH_ABC_D,A,150,,-2.61722
4JGH_ABC_D,A,151,,-2.69348
4JGH_ABC_D,C,25,,-0.53931
4JGH_ABC_D,C,28,,-1.81034
4JGH_ABC_D,C,29,,-0.6335
4JGH_ABC_D,C,31,,-1.75017
4JGH_ABC_D,C,32,,-2.53945
4JGH_ABC_D,C,33,,-2.43453
4JGH_ABC_D,C,34,,-2.02137
4JGH_ABC_D,C,35,,-1.27554
4JGH_ABC_D,C,36,,-0.60838
4JGH_ABC_D,C,45,,-2.40317
4JGH_ABC_D,C,47,,-1.27835
4JGH_ABC_D,C,48,,-2.13467
4JGH_ABC_D,C,89,,-1.7969
4JGH_ABC_D,C,92,,-1.24869
4JGH_ABC_D,C,93,,-0.83651
4JGH_ABC_D,C,95,,-1.61555
4JGH_ABC_D,D,9,,-2.56951
4JGH_ABC_D,D,26,,-2.82003
4JGH_ABC_D,D,28,,-2.8182
4JGH_ABC_D,D,29,,-2.52229
4JGH_ABC_D,D,31,,-2.37691
4JGH_ABC_D,D,32,,-2.69801
4JGH_ABC_D,D,33,,-2.64508
4JGH_ABC_D,D,35,,-2.05137
4JGH_ABC_D,D,36,,-2.84698
4JGH_ABC_D,D,37,,-2.78285
4JGH_ABC_D,D,39,,-2.75223
4JGH_ABC_D,D,40,,-2.80164
4JGH_ABC_D,D,43,,-2.8716
4JGH_ABC_D,D,44,,-2.85123
4JGH_ABC_D,D,46,,-2.7216
4JGH_ABC_D,D,97,,-2.84371
4JGH_ABC_D,D,100,,-2.821
4JGH_ABC_D,D,104,,-2.79534
4JGH_ABC_D,D,107,,-2.76716
4JGH_ABC_D,D,108,,-2.8817
4JPK_HL_A,A,25,,-2.8945
4JPK_HL_A,A,27,,-2.89083
4JPK_HL_A,A,28,,-2.85266
4JPK_HL_A,A,29,,-2.89271
4JPK_HL_A,A,30,,-2.87544
4JPK_HL_A,A,31,,-2.87376
4JPK_HL_A,A,32,,-2.56296
4JPK_HL_A,A,37,,-2.85458
4JPK_HL_A,A,39,,-2.80754
4JPK_HL_A,A,42,,-2.86452
4JPK_HL_A,A,43,,-2.88945
4JPK_HL_A,A,44,,-2.8887
4JPK_HL_A,A,46,,-2.84892
4JPK_HL_A,A,79,,-2.88504
4JPK_HL_A,A,81,,-2.8583
4JPK_HL_A,A,82,,-2.87992
4JPK_HL_A,A,83,,-2.85789
4JPK_HL_A,A,84,,-2.86349
4JPK_HL_A,A,85,,-2.80052
4JPK_HL_A,A,138,,-2.86016
4JPK_HL_A,A,139,,-2.84828
4JPK_HL_A,A,140,,-2.85937
4JPK_HL_A,A,141,,-2.89202
4JPK_HL_A,A,144,,-2.88134
4JPK_HL_A,H,31,,-1.17497
4JPK_HL_A,H,33,,-1.95116
4JPK_HL_A,H,50,,-2.4993
4JPK_HL_A,H,52,,-1.76497
4JPK_HL_A,H,54,,-1.9792
4JPK_HL_A,H,55,,-1.67214
4JPK_HL_A,H,56,,-1.92545
4JPK_HL_A,H,57,,-2.03737
4JPK_HL_A,H,58,,-2.50015
4JPK_HL_A,H,59,,-2.2328
4JPK_HL_A,H,60,,-0.55912
4JPK_HL_A,H,61,,-1.29543
4JPK_HL_A,H,62,,-1.94762
4JPK_HL_A,H,63,,-2.20322
4JPK_HL_A,H,65,,-1.87821
4JPK_HL_A,H,72,,-1.90496
4JPK_HL_A,H,103,,-2.69773
4JPK_HL_A,H,105,,-2.44508
4JPK_HL_A,H,106,,-2.69133
4JPK_HL_A,L,1,,-2.47476
4JPK_HL_A,L,27,,-2.13833
4JPK_HL_A,L,28,,-2.50946
4JPK_HL_A,L,29,,-1.85696
4JPK_HL_A,L,91,,-2.47932
4JPK_HL_A,L,92,,-2.7184
4JPK_HL_A,L,93,,-2.70448
4K71_A_BC,A,31,,-2.67058
4K71_A_BC,A,79,,-2.67333
4K71_A_BC,A,80,,-2.6338
4K71_A_BC,A,81,,-2.8091
4K71_A_BC,A,83,,-2.27641
4K71_A_BC,A,84,,-2.60954
4K71_A_BC,A,87,,-2.33256
4K71_A_BC,A,107,,-2.57991
4K71_A_BC,A,109,,-2.76084
4K71_A_BC,A,415,,-2.61039
4K71_A_BC,A,417,,-2.42573
4K71_A_BC,A,419,,-2.45251
4K71_A_BC,A,420,,-2.1861
4K71_A_BC,A,423,,-2.60763
4K71_A_BC,A,461,,-2.73169
4K71_A_BC,A,465,,-2.82471
4K71_A_BC,A,466,,-2.63792
4K71_A_BC,A,467,,-2.36094
4K71_A_BC,A,495,,-2.62901
4K71_A_BC,A,496,,-2.67334
4K71_A_BC,A,498,,-2.68471
4K71_A_BC,A,499,,-2.76358
4K71_A_BC,A,501,,-2.6725
4K71_A_BC,A,502,,-2.75677
4K71_A_BC,A,503,,-2.53736
4K71_A_BC,A,504,,-2.75723
4K71_A_BC,A,505,,-2.81137
4K71_A_BC,A,506,,-2.71053
4K71_A_BC,A,507,,-2.46789
4K71_A_BC,A,508,,-2.76721
4K71_A_BC,A,510,,-2.44763
4K71_A_BC,A,521,,-2.7366
4K71_A_BC,A,522,,-1.76963
4K71_A_BC,A,525,,-2.57771
4K71_A_BC,A,526,,-2.15502
4K71_A_BC,A,529,,-2.68329
4K71_A_BC,A,571,,-2.27076
4K71_A_BC,B,38,,-1.41531
4K71_A_BC,B,40,,-2.34993
4K71_A_BC,B,42,,-2.32995
4K71_A_BC,B,43,,-0.93058
4K71_A_BC,B,45,,-2.42998
4K71_A_BC,B,46,,-1.98709
4K71_A_BC,B,48,,-2.14076
4K71_A_BC,B,49,,-2.43415
4K71_A_BC,B,51,,-2.4022
4K71_A_BC,B,52,,-2.65286
4K71_A_BC,B,53,,-2.24126
4K71_A_BC,B,54,,-2.4985
4K71_A_BC,B,55,,-2.45533
4K71_A_BC,B,57,,-1.4782
4K71_A_BC,B,58,,-2.44245
4K71_A_BC,B,59,,-2.5034
4K71_A_BC,B,61,,-2.68802
4K71_A_BC,B,62,,-2.32822
4K71_A_BC,B,65,,-2.66694
4K71_A_BC,B,145,,-2.65251
4K71_A_BC,B,146,,-2.61978
4K71_A_BC,B,148,,-2.06167
4K71_A_BC,B,149,,-2.80284
4K71_A_BC,B,152,,-2.43933
4K71_A_BC,B,153,,-2.47796
4K71_A_BC,B,157,,-2.49199
4K71_A_BC,B,161,,-2.65007
4K71_A_BC,B,168,,-2.41961
4K71_A_BC,B,169,,-2.20569
4K71_A_BC,B,172,,-1.67352
4K71_A_BC,B,226,,-2.01833
4K71_A_BC,B,227,,-0.69654
4K71_A_BC,C,12,,-1.82546
4K71_A_BC,C,20,,-2.09128
4K71_A_BC,C,22,,-2.22669
4K71_A_BC,C,50,,-2.72898
4K71_A_BC,C,67,,-2.42663
4K71_A_BC,C,69,,-1.43704
4KRL_A_B,A,11,,-2.6028
4KRL_A_B,A,19,,-2.30204
4KRL_A_B,A,40,,-2.46639
4KRL_A_B,A,42,,-1.92359
4KRL_A_B,A,43,,-2.28231
4KRL_A_B,A,44,,-1.89477
4KRL_A_B,A,47,,-2.49493
4KRL_A_B,A,49,,-2.24441
4KRL_A_B,A,51,,-2.82578
4KRL_A_B,A,78,,-2.48563
4KRL_A_B,A,103,,-2.69358
4KRL_A_B,A,112,,-2.13575
4KRL_A_B,A,114,,-1.72823
4KRL_A_B,A,135,,-2.36477
4KRL_A_B,A,162,,-2.3895
4KRL_A_B,B,1,,-2.44149
4KRL_A_B,B,30,,-1.94957
4KRL_A_B,B,31,,-2.30983
4KRL_A_B,B,39,,-1.10802
4KRL_A_B,B,100,,-2.84694
4KRL_A_B,B,101,,-2.13417
4KRL_A_B,B,105,,-2.78114
4KRL_A_B,B,108,,-2.84719
4KRL_A_B,B,109,,-2.76215
4KRL_A_B,B,110,,-2.33222
4KRL_A_B,B,111,,-2.7934
4KRL_A_B,B,112,,-2.8497
4KRL_A_B,B,113,,-2.70458
4KRL_A_B,B,114,,-1.73264
4KRL_A_B,B,116,,-2.09162
4KRO_A_B,A,258,,-1.03747
4KRO_A_B,A,260,,-1.89
4KRO_A_B,A,272,,-2.6642
4KRO_A_B,A,276,,-0.55868
4KRO_A_B,A,341,,-0.91251
4KRO_A_B,A,342,,-0.24878
4KRO_A_B,A,366,,-1.50199
4KRO_A_B,A,367,,-1.52756
4KRO_A_B,A,369,,-1.19101
4KRO_A_B,A,371,,-0.95207
4KRO_A_B,A,396,,-1.43177
4KRO_A_B,A,397,,-1.28095
4KRO_A_B,A,399,,-2.38625
4KRO_A_B,A,421,,-2.55188
4KRO_A_B,A,423,,-1.54157
4KRO_A_B,A,424,,-2.55808
4KRO_A_B,A,425,,-2.55708
4KRO_A_B,A,426,,-2.61419
4KRO_A_B,B,1,,-1.47934
4KRO_A_B,B,2,,-2.78129
4KRO_A_B,B,15,,-0.94191
4KRO_A_B,B,88,,-2.83455
4KRO_A_B,B,90,,-2.83602
4KRO_A_B,B,91,,-2.826
4KRO_A_B,B,92,,-2.79643
4KRO_A_B,B,93,,-2.80683
4KRO_A_B,B,94,,-2.81803
4KRO_A_B,B,96,,-2.74661
4KRO_A_B,B,103,,-2.73632
4KRO_A_B,B,104,,-2.70544
4KRO_A_B,B,106,,-2.86765
4KRO_A_B,B,107,,-2.58875
4KRP_A_B,A,214,,-0.87962
4KRP_A_B,A,215,,-0.07918
4KRP_A_B,A,228,,-2.64817
4KRP_A_B,A,232,,-0.5503
4KRP_A_B,A,297,,-0.95283
4KRP_A_B,A,298,,-0.23262
4KRP_A_B,A,300,,-0.58445
4KRP_A_B,A,322,,-1.60374
4KRP_A_B,A,323,,-1.54444
4KRP_A_B,A,325,,-1.14805
4KRP_A_B,A,327,,-0.88541
4KRP_A_B,A,352,,-1.51967
4KRP_A_B,A,353,,-1.25082
4KRP_A_B,A,355,,-2.32974
4KRP_A_B,A,376,,-2.48024
4KRP_A_B,A,377,,-2.53668
4KRP_A_B,A,379,,-1.54287
4KRP_A_B,A,380,,-2.53494
4KRP_A_B,A,381,,-2.52091
4KRP_A_B,A,382,,-2.57717
4KRP_A_B,B,1,,-1.48226
4KRP_A_B,B,2,,-2.85432
4KRP_A_B,B,19,,-1.01424
4KRP_A_B,B,92,,-2.85422
4KRP_A_B,B,94,,-2.83022
4KRP_A_B,B,95,,-2.83974
4KRP_A_B,B,98,,-2.77739
4KRP_A_B,B,99,,-2.83575
4KRP_A_B,B,100,,-2.80314
4KRP_A_B,B,103,,-2.84021
4KRP_A_B,B,105,,-2.6902
4KRP_A_B,B,107,,-2.88813
4KRP_A_B,B,108,,-2.70435
4L0P_A_B,A,12,,-2.87608
4L0P_A_B,A,13,,-2.76607
4L0P_A_B,A,16,,-2.83909
4L0P_A_B,A,23,,-2.74423
4L0P_A_B,A,24,,-2.7991
4L0P_A_B,A,27,,-2.71642
4L0P_A_B,A,28,,-2.79396
4L0P_A_B,A,29,,-1.96111
4L0P_A_B,A,30,,-2.80925
4L0P_A_B,A,31,,-2.80114
4L0P_A_B,A,32,,-2.79464
4L0P_A_B,A,36,,-2.64217
4L0P_A_B,A,38,,-2.88874
4L0P_A_B,A,40,,-2.71274
4L0P_A_B,A,43,,-2.5817
4L0P_A_B,A,45,,-2.48967
4L0P_A_B,A,48,,-2.69591
4L0P_A_B,A,76,,-2.6242
4L0P_A_B,A,78,,-2.40791
4L0P_A_B,A,83,,-2.2866
4L0P_A_B,A,84,,-2.67201
4L0P_A_B,A,85,,-2.16384
4L0P_A_B,A,126,,-2.86007
4L0P_A_B,A,131,,-2.8398
4L0P_A_B,A,134,,-2.79258
4L0P_A_B,A,135,,-2.84794
4L0P_A_B,A,136,,-2.82283
4L0P_A_B,A,163,,-0.18339
4L0P_A_B,A,165,,-1.7094
4L0P_A_B,B,1,,-2.01646
4L0P_A_B,B,2,,-2.72892
4L0P_A_B,B,3,,-2.74426
4L0P_A_B,B,31,,-1.72145
4L0P_A_B,B,71,,-2.20826
4L0P_A_B,B,72,,-2.00683
4L0P_A_B,B,73,,-0.31746
4L0P_A_B,B,74,,-0.73207
4L0P_A_B,B,75,,-1.08657
4L0P_A_B,B,78,,-1.71436
4L0P_A_B,B,82,,-2.4731
4L0P_A_B,B,83,,-2.625
4L0P_A_B,B,86,,-1.98052
4L0P_A_B,B,87,,-0.74312
4L0P_A_B,B,89,,-0.62845
4L0P_A_B,B,91,,-0.0536
4L0P_A_B,B,93,,-0.67792
4L0P_A_B,B,94,,-2.23931
4L0P_A_B,B,95,,-0.45518
4L0P_A_B,B,96,,-0.46149
4L0P_A_B,B,97,,-0.35162
4L0P_A_B,B,98,,-1.16009
4L0P_A_B,B,99,,-1.58016
4L0P_A_B,B,100,,-1.84439
4L0P_A_B,B,101,,-0.05101
4L0P_A_B,B,102,,-1.72329
4L0P_A_B,B,103,,-0.62078
4L3E_ABC_DE,A,58,,-1.88595
4L3E_ABC_DE,A,62,,-2.51638
4L3E_ABC_DE,A,65,,-2.33893
4L3E_ABC_DE,A,66,,-1.64301
4L3E_ABC_DE,A,69,,-2.53625
4L3E_ABC_DE,A,72,,-2.43123
4L3E_ABC_DE,A,73,,-2.57687
4L3E_ABC_DE,A,76,,-2.57312
4L3E_ABC_DE,A,146,,-1.7765
4L3E_ABC_DE,A,149,,-2.299
4L3E_ABC_DE,A,150,,-2.13224
4L3E_ABC_DE,A,154,,-2.39184
4L3E_ABC_DE,A,155,,-2.61933
4L3E_ABC_DE,A,158,,-2.81469
4L3E_ABC_DE,A,163,,-1.86824
4L3E_ABC_DE,A,166,,-2.37844
4L3E_ABC_DE,A,167,,-1.27192
4L3E_ABC_DE,A,170,,-2.43343
4L3E_ABC_DE,C,1,,-1.81526
4L3E_ABC_DE,C,4,,-2.87688
4L3E_ABC_DE,C,5,,-2.88049
4L3E_ABC_DE,C,6,,-2.89883
4L3E_ABC_DE,C,7,,-2.88143
4L3E_ABC_DE,C,8,,-2.87378
4L3E_ABC_DE,C,9,,-2.88116
4L3E_ABC_DE,D,1,,-2.31492
4L3E_ABC_DE,D,25,,-2.14238
4L3E_ABC_DE,D,26,,-2.63433
4L3E_ABC_DE,D,27,,-1.82174
4L3E_ABC_DE,D,28,,-2.31738
4L3E_ABC_DE,D,30,,-1.48714
4L3E_ABC_DE,D,48,,-2.63574
4L3E_ABC_DE,D,50,,-2.6534
4L3E_ABC_DE,D,51,,-2.54622
4L3E_ABC_DE,D,66,,-2.26335
4L3E_ABC_DE,D,93,,-2.82451
4L3E_ABC_DE,D,94,,-2.61185
4L3E_ABC_DE,D,96,,-2.83354
4L3E_ABC_DE,E,30,,-2.28168
4L3E_ABC_DE,E,48,,-1.13428
4L3E_ABC_DE,E,50,,-2.37066
4L3E_ABC_DE,E,51,,-2.60468
4L3E_ABC_DE,E,52,,-2.50234
4L3E_ABC_DE,E,54,,-2.63049
4L3E_ABC_DE,E,95,,-2.54275
4L3E_ABC_DE,E,96,,-2.78659
4L3E_ABC_DE,E,97,,-2.74688
4L3E_ABC_DE,E,98,,-2.7765
4L3E_ABC_DE,E,99,,-2.79437
4LRX_AB_CD,A,8,,-2.24868
4LRX_AB_CD,A,9,,-2.39277
4LRX_AB_CD,A,31,,-2.63969
4LRX_AB_CD,A,32,,-2.5645
4LRX_AB_CD,A,78,,-0.05699
4LRX_AB_CD,A,79,,-1.05232
4LRX_AB_CD,A,82,,-1.92885
4LRX_AB_CD,A,83,,-1.77891
4LRX_AB_CD,A,84,,-1.96533
4LRX_AB_CD,A,85,,-2.16647
4LRX_AB_CD,A,87,,-2.32577
4LRX_AB_CD,A,88,,-1.90478
4LRX_AB_CD,A,107,,-1.31167
4LRX_AB_CD,A,111,,-1.73674
4LRX_AB_CD,A,114,,-2.0999
4LRX_AB_CD,A,115,,-1.59148
4LRX_AB_CD,A,118,,-2.20832
4LRX_AB_CD,A,119,,-2.37636
4LRX_AB_CD,A,122,,-2.31519
4LRX_AB_CD,A,142,,-2.70955
4LRX_AB_CD,A,143,,-2.52344
4LRX_AB_CD,A,196,,-0.89398
4LRX_AB_CD,A,198,,-1.32809
4LRX_AB_CD,A,199,,-2.56928
4LRX_AB_CD,A,201,,-2.49318
4LRX_AB_CD,A,203,,-2.58162
4LRX_AB_CD,A,219,,-0.81058
4LRX_AB_CD,A,221,,-0.91605
4LRX_AB_CD,A,261,,-2.83392
4LRX_AB_CD,A,262,,-2.80205
4LRX_AB_CD,C,10,,-2.20322
4LRX_AB_CD,C,11,,-0.82187
4LRX_AB_CD,C,13,,-2.22501
4LRX_AB_CD,C,14,,-2.46454
4LRX_AB_CD,C,15,,-2.72279
4LRX_AB_CD,C,16,,-2.2254
4LRX_AB_CD,C,17,,-1.79625
4LRX_AB_CD,C,20,,-2.70922
4LRX_AB_CD,C,22,,-2.67924
4LRX_AB_CD,C,25,,-2.69466
4LRX_AB_CD,C,27,,-2.73692
4LRX_AB_CD,C,28,,-2.68869
4LRX_AB_CD,C,31,,-2.00053
4LRX_AB_CD,C,34,,-1.93046
4LRX_AB_CD,C,35,,-2.69801
4LRX_AB_CD,C,38,,-2.49832
4LRX_AB_CD,C,69,,-2.11794
4LRX_AB_CD,C,70,,-2.16405
4LRX_AB_CD,C,96,,-2.77615
4LRX_AB_CD,C,100,,-2.14704
4LRX_AB_CD,C,101,,-2.79643
4LRX_AB_CD,C,112,,-2.47292
4LRX_AB_CD,C,143,,-2.39581
4LRX_AB_CD,C,145,,-2.47138
4LRX_AB_CD,C,146,,-1.8272
4MNQ_ABC_DE,A,62,,-2.51215
4MNQ_ABC_DE,A,65,,-2.34252
4MNQ_ABC_DE,A,66,,-1.64095
4MNQ_ABC_DE,A,69,,-2.5338
4MNQ_ABC_DE,A,72,,-2.43664
4MNQ_ABC_DE,A,75,,-2.54185
4MNQ_ABC_DE,A,76,,-2.57618
4MNQ_ABC_DE,A,146,,-1.75231
4MNQ_ABC_DE,A,149,,-2.30068
4MNQ_ABC_DE,A,150,,-2.12488
4MNQ_ABC_DE,A,151,,-2.3073
4MNQ_ABC_DE,A,152,,-2.68357
4MNQ_ABC_DE,A,154,,-2.39531
4MNQ_ABC_DE,A,155,,-2.62344
4MNQ_ABC_DE,A,157,,-1.10832
4MNQ_ABC_DE,A,158,,-2.81369
4MNQ_ABC_DE,A,162,,-2.40851
4MNQ_ABC_DE,A,163,,-1.86841
4MNQ_ABC_DE,A,166,,-2.3733
4MNQ_ABC_DE,A,167,,-1.29577
4MNQ_ABC_DE,D,26,,-2.22012
4MNQ_ABC_DE,D,27,,-2.40085
4MNQ_ABC_DE,D,28,,-2.53292
4MNQ_ABC_DE,D,47,,-2.54565
4MNQ_ABC_DE,D,49,,-2.62468
4MNQ_ABC_DE,D,50,,-2.62104
4MNQ_ABC_DE,D,52,,-2.76126
4MNQ_ABC_DE,D,54,,-2.79906
4MNQ_ABC_DE,D,65,,-2.221
4MNQ_ABC_DE,D,67,,-1.67376
4MNQ_ABC_DE,D,91,,-2.69755
4MNQ_ABC_DE,D,92,,-2.80183
4MNQ_ABC_DE,D,93,,-2.83045
4MNQ_ABC_DE,D,94,,-2.7742
4MNQ_ABC_DE,D,96,,-2.78697
4MNQ_ABC_DE,E,29,,-1.99113
4MNQ_ABC_DE,E,49,,-2.73368
4MNQ_ABC_DE,E,50,,-2.65824
4MNQ_ABC_DE,E,53,,-2.68857
4MNQ_ABC_DE,E,55,,-2.69283
4MNQ_ABC_DE,E,94,,-2.63519
4MNQ_ABC_DE,E,95,,-2.87559
4MNQ_ABC_DE,E,96,,-2.56688
4MNQ_ABC_DE,E,97,,-2.8148
4MNQ_ABC_DE,E,98,,-2.67338
4MYW_A_B,A,1,,-0.4727
4MYW_A_B,A,3,,-2.87481
4MYW_A_B,A,5,,-2.89563
4MYW_A_B,A,14,,-2.8627
4MYW_A_B,A,16,,-2.82762
4MYW_A_B,A,17,,-2.89142
4MYW_A_B,A,110,,-2.90866
4MYW_A_B,A,176,,-2.89036
4MYW_A_B,A,178,,-2.87395
4MYW_A_B,A,193,,-2.9105
4MYW_A_B,A,194,,-2.89152
4MYW_A_B,A,195,,-2.90724
4MYW_A_B,A,196,,-2.91273
4MYW_A_B,A,198,,-2.91334
4MYW_A_B,A,199,,-2.87951
4MYW_A_B,A,200,,-2.89815
4MYW_A_B,A,201,,-2.92244
4MYW_A_B,A,205,,-2.89994
4MYW_A_B,A,208,,-2.91642
4MYW_A_B,A,209,,-2.89733
4MYW_A_B,A,212,,-2.87941
4MYW_A_B,B,27,,-2.14615
4MYW_A_B,B,29,,-2.21269
4MYW_A_B,B,31,,-1.86238
4MYW_A_B,B,32,,-0.08126
4MYW_A_B,B,34,,-0.53985
4MYW_A_B,B,36,,-2.06935
4MYW_A_B,B,41,,-2.27624
4MYW_A_B,B,42,,-2.54806
4MYW_A_B,B,43,,-1.90852
4MYW_A_B,B,44,,-2.28909
4MYW_A_B,B,45,,-1.15937
4MYW_A_B,B,48,,-1.10431
4MYW_A_B,B,50,,-1.48687
4MYW_A_B,B,53,,-1.65951
4MYW_A_B,B,54,,-0.15243
4MYW_A_B,B,56,,-2.48454
4MYW_A_B,B,58,,-2.38506
4MYW_A_B,B,93,,-2.339
4MYW_A_B,B,95,,-0.57626
4MYW_A_B,B,96,,-0.63122
4MYW_A_B,B,97,,-1.41669
4MYW_A_B,B,98,,-0.08011
4MYW_A_B,B,99,,-2.30734
4MYW_A_B,B,101,,-1.18394
4N8V_G_ABC,A,72,,-2.69379
4N8V_G_ABC,A,75,,-2.71952
4N8V_G_ABC,A,76,,-2.84775
4N8V_G_ABC,A,79,,-2.80464
4N8V_G_ABC,A,80,,-2.79131
4N8V_G_ABC,A,82,,-2.86788
4N8V_G_ABC,A,83,,-2.75386
4N8V_G_ABC,A,84,,-2.78746
4N8V_G_ABC,A,142,,-2.02337
4N8V_G_ABC,A,145,,-2.1834
4N8V_G_ABC,A,146,,-1.09848
4N8V_G_ABC,A,149,,-2.20665
4N8V_G_ABC,A,150,,-2.1567
4N8V_G_ABC,A,151,,-2.15685
4N8V_G_ABC,G,38,,-2.76054
4N8V_G_ABC,G,39,,-2.79314
4N8V_G_ABC,G,60,,-2.46034
4N8V_G_ABC,G,61,,-2.59748
4N8V_G_ABC,G,62,,-2.64384
4N8V_G_ABC,G,94,,-2.6126
4N8V_G_ABC,G,95,,-2.20827
4N8V_G_ABC,G,96,,-2.6007
4N8V_G_ABC,G,122,,-2.74214
4N8V_G_ABC,G,123,,-2.69734
4N8V_G_ABC,G,125,,-2.44487
4N8V_G_ABC,G,171,,-2.24577
4N8V_G_ABC,G,173,,-2.60201
4N8V_G_ABC,G,174,,-1.95297
4NKQ_C_AB,A,340,,-2.74773
4NKQ_C_AB,A,341,,-2.23184
4NKQ_C_AB,A,342,,-2.75825
4NKQ_C_AB,A,343,,-2.28937
4NKQ_C_AB,A,394,,-2.23699
4NKQ_C_AB,A,395,,-2.74324
4NKQ_C_AB,A,396,,-2.51716
4NKQ_C_AB,A,397,,-1.83504
4NKQ_C_AB,B,75,,-2.73563
4NKQ_C_AB,B,77,,-2.83904
4NKQ_C_AB,B,78,,-2.90163
4NKQ_C_AB,B,79,,-2.88681
4NKQ_C_AB,B,80,,-2.88573
4NKQ_C_AB,B,89,,-2.86111
4NKQ_C_AB,B,90,,-2.70676
4NKQ_C_AB,B,125,,-2.54573
4NKQ_C_AB,B,126,,-2.70217
4NKQ_C_AB,B,177,,-2.78433
4NKQ_C_AB,B,178,,-2.75448
4NKQ_C_AB,C,1,,-1.30607
4NKQ_C_AB,C,3,,-2.8795
4NKQ_C_AB,C,4,,-2.77138
4NKQ_C_AB,C,7,,-2.79951
4NKQ_C_AB,C,8,,-2.7445
4NKQ_C_AB,C,10,,-2.80443
4NKQ_C_AB,C,11,,-2.74739
4NKQ_C_AB,C,12,,-2.77751
4NKQ_C_AB,C,15,,-2.77808
4NKQ_C_AB,C,33,,-2.87247
4NKQ_C_AB,C,35,,-2.8423
4NKQ_C_AB,C,37,,-2.84684
4NKQ_C_AB,C,99,,-2.84935
4NKQ_C_AB,C,102,,-2.74916
4NKQ_C_AB,C,103,,-2.84787
4NKQ_C_AB,C,104,,-2.86169
4NKQ_C_AB,C,105,,-2.85085
4NM8_ABCDEF_HL,A,13,,-2.89533
4NM8_ABCDEF_HL,A,317,,-2.88289
4NM8_ABCDEF_HL,A,318,,-2.9329
4NM8_ABCDEF_HL,B,15,,-2.63676
4NM8_ABCDEF_HL,B,16,,-2.59592
4NM8_ABCDEF_HL,B,18,,-1.6162
4NM8_ABCDEF_HL,B,19,,-2.49072
4NM8_ABCDEF_HL,B,20,,-2.63812
4NM8_ABCDEF_HL,B,25,,-2.72181
4NM8_ABCDEF_HL,B,27,,-2.54616
4NM8_ABCDEF_HL,B,32,,-2.67825
4NM8_ABCDEF_HL,B,33,,-2.81385
4NM8_ABCDEF_HL,B,34,,-2.67808
4NM8_ABCDEF_HL,B,38,,-2.81004
4NM8_ABCDEF_HL,H,28,,-1.44394
4NM8_ABCDEF_HL,H,30,,-1.35578
4NM8_ABCDEF_HL,H,31,,-1.58642
4NM8_ABCDEF_HL,H,32,,-1.88507
4NM8_ABCDEF_HL,H,55,,-1.7713
4NM8_ABCDEF_HL,H,57,,-2.33197
4NM8_ABCDEF_HL,H,74,,-1.95282
4NM8_ABCDEF_HL,H,100,,-2.54303
4NM8_ABCDEF_HL,H,101,,-2.60113
4NM8_ABCDEF_HL,H,102,,-2.41169
4NM8_ABCDEF_HL,H,103,,-2.58462
4NM8_ABCDEF_HL,H,105,,-2.63816
4NM8_ABCDEF_HL,L,33,,-2.36784
4NM8_ABCDEF_HL,L,34,,-2.38841
4NM8_ABCDEF_HL,L,36,,-2.39662
4NM8_ABCDEF_HL,L,56,,-2.61746
4NZW_A_B,A,73,,-0.75449
4NZW_A_B,A,74,,-0.84477
4NZW_A_B,A,77,,-0.73843
4NZW_A_B,A,122,,-0.20213
4NZW_A_B,A,155,,-0.72045
4NZW_A_B,A,156,,-2.51888
4NZW_A_B,A,157,,-2.25638
4NZW_A_B,A,158,,-1.66688
4NZW_A_B,A,159,,-0.22621
4NZW_A_B,A,160,,-0.71908
4NZW_A_B,A,163,,-0.54147
4NZW_A_B,A,202,,-2.28339
4NZW_A_B,A,203,,-0.44236
4NZW_A_B,A,204,,-0.45372
4NZW_A_B,A,205,,-0.27521
4NZW_A_B,A,208,,-0.01899
4NZW_A_B,A,209,,-0.06405
4NZW_A_B,A,248,,-0.84809
4NZW_A_B,A,249,,-1.22231
4NZW_A_B,A,250,,-1.07655
4NZW_A_B,B,2,,-2.74647
4NZW_A_B,B,3,,-2.70658
4NZW_A_B,B,4,,-2.62539
4NZW_A_B,B,43,,-1.03799
4NZW_A_B,B,44,,-1.30214
4NZW_A_B,B,45,,-2.54172
4NZW_A_B,B,48,,-1.52107
4NZW_A_B,B,49,,-1.78079
4NZW_A_B,B,51,,-2.14078
4NZW_A_B,B,54,,-1.96549
4NZW_A_B,B,57,,-1.03275
4NZW_A_B,B,58,,-2.43186
4NZW_A_B,B,61,,-1.97801
4NZW_A_B,B,62,,-2.52319
4NZW_A_B,B,64,,-2.1946
4NZW_A_B,B,71,,-0.7272
4NZW_A_B,B,74,,-1.00556
4NZW_A_B,B,75,,-0.85733
4NZW_A_B,B,76,,-1.79593
4NZW_A_B,B,78,,-1.87653
4NZW_A_B,B,81,,-0.80374
4NZW_A_B,B,124,,-2.3139
4O27_A_B,A,47,,-0.75312
4O27_A_B,A,84,,-0.83306
4O27_A_B,A,85,,-0.80849
4O27_A_B,A,88,,-0.47702
4O27_A_B,A,92,,-0.65547
4O27_A_B,A,99,,-0.60391
4O27_A_B,A,133,,-0.198
4O27_A_B,A,137,,-2.07975
4O27_A_B,A,168,,-2.26576
4O27_A_B,A,170,,-0.23763
4O27_A_B,A,171,,-0.75266
4O27_A_B,A,174,,-0.47967
4O27_A_B,A,181,,-0.69547
4O27_A_B,A,214,,-0.44363
4O27_A_B,A,215,,-0.41199
4O27_A_B,A,216,,-0.23617
4O27_A_B,A,220,,-0.05499
4O27_A_B,A,223,,-0.0888
4O27_A_B,A,259,,-0.89513
4O27_A_B,A,261,,-0.78187
4O27_A_B,B,1,,-0.10143
4O27_A_B,B,2,,-2.23222
4O27_A_B,B,41,,-0.98472
4O27_A_B,B,42,,-1.37319
4O27_A_B,B,45,,-1.86727
4O27_A_B,B,47,,-1.8721
4O27_A_B,B,48,,-1.64385
4O27_A_B,B,49,,-2.15953
4O27_A_B,B,52,,-1.83033
4O27_A_B,B,55,,-0.95794
4O27_A_B,B,59,,-1.97246
4O27_A_B,B,60,,-2.58124
4O27_A_B,B,62,,-1.41167
4O27_A_B,B,72,,-1.46212
4O27_A_B,B,74,,-1.72384
4O27_A_B,B,76,,-1.91201
4O27_A_B,B,77,,-2.36479
4O27_A_B,B,79,,-0.76589
4O27_A_B,B,118,,-0.60419
4O27_A_B,B,123,,-1.95598
4O27_A_B,B,155,,-2.40818
4O27_A_B,B,156,,-2.4908
4OFY_A_D,A,32,,-2.52962
4OFY_A_D,A,34,,-0.4761
4OFY_A_D,A,36,,-1.69
4OFY_A_D,A,38,,-2.0579
4OFY_A_D,A,39,,-1.82784
4OFY_A_D,A,40,,-2.21784
4OFY_A_D,A,41,,-2.23764
4OFY_A_D,A,43,,-0.66829
4OFY_A_D,A,44,,-2.05953
4OFY_A_D,A,51,,-2.59718
4OFY_A_D,A,52,,-2.60075
4OFY_A_D,A,85,,-1.10435
4OFY_A_D,A,87,,-2.27993
4OFY_A_D,A,88,,-2.50963
4OFY_A_D,A,90,,-2.71226
4OFY_A_D,A,94,,-2.53593
4OFY_A_D,A,96,,-1.55212
4OFY_A_D,D,32,,-2.70796
4OFY_A_D,D,34,,-2.55113
4OFY_A_D,D,39,,-2.68369
4OFY_A_D,D,40,,-2.69365
4OFY_A_D,D,41,,-2.72322
4OFY_A_D,D,42,,-2.17916
4OFY_A_D,D,43,,-1.81099
4OFY_A_D,D,45,,-2.60566
4OFY_A_D,D,52,,-2.80809
4OFY_A_D,D,53,,-2.82154
4OFY_A_D,D,54,,-2.807
4OFY_A_D,D,58,,-2.11737
4OFY_A_D,D,86,,-2.39455
4OFY_A_D,D,88,,-2.53834
4OFY_A_D,D,94,,-2.59087
4OFY_A_D,D,96,,-2.34545
4OZG_ABJ_GH,A,40,,-2.28256
4OZG_ABJ_GH,A,55,,-2.54223
4OZG_ABJ_GH,A,57,,-2.75248
4OZG_ABJ_GH,A,58,,-2.82301
4OZG_ABJ_GH,A,60,,-2.46662
4OZG_ABJ_GH,A,61,,-2.45983
4OZG_ABJ_GH,A,64,,-2.58874
4OZG_ABJ_GH,A,65,,-2.83018
4OZG_ABJ_GH,A,67,,-2.13995
4OZG_ABJ_GH,B,58,,-2.79528
4OZG_ABJ_GH,B,62,,-2.50754
4OZG_ABJ_GH,B,64,,-2.66636
4OZG_ABJ_GH,B,65,,-2.7582
4OZG_ABJ_GH,B,67,,-2.52408
4OZG_ABJ_GH,B,68,,-2.6174
4OZG_ABJ_GH,B,71,,-2.75516
4OZG_ABJ_GH,B,74,,-2.57252
4OZG_ABJ_GH,B,75,,-2.68814
4OZG_ABJ_GH,B,79,,-2.68407
4OZG_ABJ_GH,G,28,,-2.32111
4OZG_ABJ_GH,G,29,,-2.48689
4OZG_ABJ_GH,G,31,,-2.09792
4OZG_ABJ_GH,G,48,,-2.32912
4OZG_ABJ_GH,G,50,,-2.27896
4OZG_ABJ_GH,G,91,,-2.7157
4OZG_ABJ_GH,G,92,,-2.80529
4OZG_ABJ_GH,G,93,,-2.75944
4OZG_ABJ_GH,H,26,,-1.63444
4OZG_ABJ_GH,H,28,,-2.35138
4OZG_ABJ_GH,H,46,,-1.88897
4OZG_ABJ_GH,H,48,,-2.56582
4OZG_ABJ_GH,H,50,,-2.27299
4OZG_ABJ_GH,H,53,,-2.67509
4OZG_ABJ_GH,H,54,,-2.31576
4OZG_ABJ_GH,H,94,,-2.52383
4OZG_ABJ_GH,H,95,,-2.72578
4OZG_ABJ_GH,H,96,,-2.72545
4OZG_ABJ_GH,H,97,,-2.84383
4OZG_ABJ_GH,H,98,,-2.86275
4OZG_ABJ_GH,H,99,,-2.8636
4OZG_ABJ_GH,H,101,,-1.66558
4OZG_ABJ_GH,J,3,,-2.78572
4OZG_ABJ_GH,J,6,,-2.59384
4OZG_ABJ_GH,J,8,,-2.53744
4OZG_ABJ_GH,J,9,,-2.86055
4P23_CD_AB,A,27,,-2.49915
4P23_CD_AB,A,92,,-2.77671
4P23_CD_AB,A,93,,-2.79663
4P23_CD_AB,A,94,,-2.69073
4P23_CD_AB,A,95,,-2.68976
4P23_CD_AB,B,26,,-2.17605
4P23_CD_AB,B,28,,-2.15845
4P23_CD_AB,B,46,,-0.85538
4P23_CD_AB,B,48,,-2.44485
4P23_CD_AB,B,50,,-2.3557
4P23_CD_AB,B,53,,-2.82018
4P23_CD_AB,B,54,,-2.30494
4P23_CD_AB,B,94,,-2.81565
4P23_CD_AB,B,95,,-2.82715
4P23_CD_AB,B,96,,-2.8392
4P23_CD_AB,B,97,,-2.79235
4P23_CD_AB,C,40,,-2.37306
4P23_CD_AB,C,56,,-2.80823
4P23_CD_AB,C,58,,-2.81065
4P23_CD_AB,C,59,,-2.82065
4P23_CD_AB,C,61,,-2.68349
4P23_CD_AB,C,62,,-2.65193
4P23_CD_AB,C,65,,-2.62785
4P23_CD_AB,C,66,,-2.8192
4P23_CD_AB,C,68,,-2.06669
4P23_CD_AB,C,69,,-2.54015
4P23_CD_AB,D,2,,-2.80472
4P23_CD_AB,D,4,,-2.47842
4P23_CD_AB,D,5,,-2.56544
4P23_CD_AB,D,7,,-2.58295
4P23_CD_AB,D,8,,-2.65681
4P23_CD_AB,D,10,,-2.73722
4P23_CD_AB,D,75,,-2.43843
4P23_CD_AB,D,79,,-2.55612
4P5T_CD_AB,A,26,,-2.28281
4P5T_CD_AB,A,27,,-2.53166
4P5T_CD_AB,A,28,,-2.57728
4P5T_CD_AB,A,30,,-2.61207
4P5T_CD_AB,A,50,,-2.73359
4P5T_CD_AB,A,51,,-2.59391
4P5T_CD_AB,A,52,,-2.62318
4P5T_CD_AB,A,93,,-2.72578
4P5T_CD_AB,A,94,,-2.67312
4P5T_CD_AB,A,95,,-2.65611
4P5T_CD_AB,A,98,,-2.84352
4P5T_CD_AB,B,28,,-2.19082
4P5T_CD_AB,B,46,,-0.8452
4P5T_CD_AB,B,48,,-2.44845
4P5T_CD_AB,B,53,,-2.7976
4P5T_CD_AB,B,54,,-2.1845
4P5T_CD_AB,B,93,,-2.80236
4P5T_CD_AB,B,94,,-2.81982
4P5T_CD_AB,B,95,,-2.82517
4P5T_CD_AB,B,96,,-2.848
4P5T_CD_AB,B,97,,-2.79172
4P5T_CD_AB,C,40,,-2.37306
4P5T_CD_AB,C,56,,-2.80823
4P5T_CD_AB,C,58,,-2.81065
4P5T_CD_AB,C,61,,-2.68349
4P5T_CD_AB,C,62,,-2.65193
4P5T_CD_AB,C,65,,-2.62785
4P5T_CD_AB,C,66,,-2.8192
4P5T_CD_AB,C,69,,-2.54015
4P5T_CD_AB,D,2,,-2.76397
4P5T_CD_AB,D,4,,-2.55011
4P5T_CD_AB,D,5,,-2.54437
4P5T_CD_AB,D,7,,-2.63398
4P5T_CD_AB,D,8,,-2.7554
4P5T_CD_AB,D,10,,-2.65229
4P5T_CD_AB,D,74,,-2.45191
4P5T_CD_AB,D,77,,-2.46187
4P5T_CD_AB,D,78,,-2.56792
4P5T_CD_AB,D,81,,-2.65015
4P5T_CD_AB,D,84,,-2.11675
4P5T_CD_AB,D,85,,-2.62752
4P5T_CD_AB,D,89,,-2.80047
4PWX_AB_CD,A,194,,-1.66114
4PWX_AB_CD,A,198,,-1.1154
4PWX_AB_CD,A,201,,-0.74613
4PWX_AB_CD,A,202,,-0.16127
4PWX_AB_CD,A,205,,-2.39613
4PWX_AB_CD,A,208,,-2.65199
4PWX_AB_CD,A,243,,-2.26859
4PWX_AB_CD,A,246,,-2.35079
4PWX_AB_CD,A,247,,-2.56759
4PWX_AB_CD,A,251,,-1.24941
4PWX_AB_CD,B,63,,-1.91021
4PWX_AB_CD,B,65,,-1.87748
4PWX_AB_CD,B,68,,-2.29581
4PWX_AB_CD,B,69,,-2.40253
4PWX_AB_CD,B,71,,-2.38461
4PWX_AB_CD,B,91,,-2.38052
4PWX_AB_CD,B,92,,-2.31908
4PWX_AB_CD,B,95,,-2.62433
4PWX_AB_CD,B,269,,-2.23278
4PWX_AB_CD,C,5,,-2.14347
4PWX_AB_CD,C,16,,-0.76656
4PWX_AB_CD,C,20,,-0.25036
4PWX_AB_CD,C,21,,-1.94675
4PWX_AB_CD,C,24,,-1.9032
4PWX_AB_CD,C,27,,-2.09863
4PWX_AB_CD,C,28,,-1.35545
4PWX_AB_CD,C,31,,-2.29328
4PWX_AB_CD,C,56,,-2.73663
4PWX_AB_CD,C,57,,-1.43318
4PWX_AB_CD,C,60,,-1.95914
4PWX_AB_CD,C,96,,-2.76654
4PWX_AB_CD,C,97,,-2.82409
4PWX_AB_CD,C,100,,-2.61676
4PWX_AB_CD,C,103,,-2.6854
4PWX_AB_CD,C,104,,-2.63251
4PWX_AB_CD,C,107,,-2.69133
4RA0_A_C,A,19,,-2.57846
4RA0_A_C,A,20,,-2.2681
4RA0_A_C,A,22,,-2.41542
4RA0_A_C,A,24,,-2.73928
4RA0_A_C,A,25,,-1.461
4RA0_A_C,A,26,,-2.65398
4RA0_A_C,A,27,,-2.42546
4RA0_A_C,A,28,,-2.71067
4RA0_A_C,A,29,,-2.46096
4RA0_A_C,A,30,,-2.58622
4RA0_A_C,A,31,,-2.57516
4RA0_A_C,A,32,,-2.34074
4RA0_A_C,A,33,,-2.6814
4RA0_A_C,A,34,,-2.79885
4RA0_A_C,A,134,,-2.79826
4RA0_A_C,A,135,,-2.80023
4RA0_A_C,A,136,,-2.8252
4RA0_A_C,A,173,,-2.84731
4RA0_A_C,A,174,,-2.78195
4RA0_A_C,A,175,,-2.82816
4RA0_A_C,A,176,,-2.82307
4RA0_A_C,A,177,,-2.80826
4RA0_A_C,A,178,,-2.78779
4RA0_A_C,A,180,,-2.60237
4RA0_A_C,A,181,,-2.7922
4RA0_A_C,A,185,,-2.55745
4RA0_A_C,A,188,,-2.73312
4RA0_A_C,A,373,,-2.67991
4RA0_A_C,C,22,,-2.63247
4RA0_A_C,C,24,,-2.56957
4RA0_A_C,C,30,,-2.54698
4RA0_A_C,C,33,,-2.5909
4RA0_A_C,C,44,,-2.56199
4RA0_A_C,C,45,,-2.55599
4RA0_A_C,C,46,,-2.48694
4RA0_A_C,C,47,,-2.40753
4RA0_A_C,C,48,,-2.47806
4RA0_A_C,C,49,,-2.78669
4RA0_A_C,C,50,,-2.80851
4RA0_A_C,C,51,,-2.72276
4RA0_A_C,C,52,,-2.70181
4RA0_A_C,C,53,,-2.72151
4RA0_A_C,C,54,,-2.62542
4RA0_A_C,C,55,,-2.72111
4RA0_A_C,C,56,,-2.65841
4RA0_A_C,C,57,,-2.5354
4RA0_A_C,C,59,,-2.64422
4RA0_A_C,C,63,,-2.78163
4RA0_A_C,C,64,,-2.6493
4RA0_A_C,C,66,,-2.28815
4RA0_A_C,C,68,,-2.4962
4RA0_A_C,C,70,,-2.37834
4RS1_A_B,A,1,,-1.49625
4RS1_A_B,A,3,,-2.88186
4RS1_A_B,A,7,,-2.79799
4RS1_A_B,A,10,,-2.82521
4RS1_A_B,A,21,,-2.76536
4RS1_A_B,A,24,,-2.84996
4RS1_A_B,A,25,,-2.76999
4RS1_A_B,A,26,,-2.88623
4RS1_A_B,A,28,,-2.85925
4RS1_A_B,A,29,,-2.88738
4RS1_A_B,A,30,,-2.85489
4RS1_A_B,A,31,,-2.85252
4RS1_A_B,A,77,,-2.88126
4RS1_A_B,A,78,,-2.86812
4RS1_A_B,A,79,,-2.89609
4RS1_A_B,A,80,,-2.87057
4RS1_A_B,A,81,,-2.8095
4RS1_A_B,A,82,,-2.86467
4RS1_A_B,A,84,,-2.87227
4RS1_A_B,A,85,,-2.78361
4RS1_A_B,A,92,,-2.86813
4RS1_A_B,A,95,,-2.76441
4RS1_A_B,A,96,,-2.84534
4RS1_A_B,A,99,,-2.79447
4RS1_A_B,A,100,,-2.90231
4RS1_A_B,B,33,,-2.82427
4RS1_A_B,B,34,,-2.72612
4RS1_A_B,B,35,,-2.49539
4RS1_A_B,B,36,,-2.78659
4RS1_A_B,B,37,,-2.83871
4RS1_A_B,B,38,,-2.48528
4RS1_A_B,B,39,,-2.69034
4RS1_A_B,B,47,,-2.57932
4RS1_A_B,B,48,,-2.51753
4RS1_A_B,B,117,,-2.8523
4RS1_A_B,B,118,,-2.84101
4RS1_A_B,B,147,,-2.53328
4RS1_A_B,B,148,,-2.79112
4RS1_A_B,B,149,,-2.55061
4RS1_A_B,B,171,,-2.60601
4RS1_A_B,B,173,,-2.50276
4RS1_A_B,B,174,,-2.70777
4RS1_A_B,B,203,,-2.74528
4RS1_A_B,B,205,,-2.83538
4RS1_A_B,B,207,,-2.52583
4RS1_A_B,B,253,,-2.7536
4RS1_A_B,B,254,,-2.7339
4RS1_A_B,B,255,,-2.76739
4U6H_AB_E,A,30,,-1.46787
4U6H_AB_E,A,31,,-1.18802
4U6H_AB_E,A,33,,-1.80117
4U6H_AB_E,A,50,,-2.42066
4U6H_AB_E,A,52,,-1.70001
4U6H_AB_E,A,54,,-2.16137
4U6H_AB_E,A,55,,-1.62481
4U6H_AB_E,A,56,,-2.15117
4U6H_AB_E,A,57,,-2.37041
4U6H_AB_E,A,59,,-2.39031
4U6H_AB_E,A,74,,-1.95468
4U6H_AB_E,A,101,,-2.62595
4U6H_AB_E,A,102,,-2.57108
4U6H_AB_E,A,103,,-2.74584
4U6H_AB_E,A,104,,-2.73738
4U6H_AB_E,B,33,,-2.41797
4U6H_AB_E,B,35,,-2.74823
4U6H_AB_E,B,99,,-2.72285
4U6H_AB_E,E,19,,-2.7187
4U6H_AB_E,E,21,,-2.67925
4U6H_AB_E,E,23,,-2.74799
4U6H_AB_E,E,25,,-2.74114
4U6H_AB_E,E,26,,-2.71451
4U6H_AB_E,E,27,,-2.75757
4U6H_AB_E,E,29,,-2.74098
4U6H_AB_E,E,30,,-2.65558
4U6H_AB_E,E,52,,-2.80488
4U6H_AB_E,E,53,,-2.69372
4U6H_AB_E,E,54,,-2.76381
4U6H_AB_E,E,55,,-2.68438
4U6H_AB_E,E,56,,-2.50074
4U6H_AB_E,E,116,,-2.73866
4U6H_AB_E,E,119,,-2.58835
4U6H_AB_E,E,121,,-2.7853
4U6H_AB_E,E,147,,-2.78715
4UYP_A_D,A,32,,-2.61316
4UYP_A_D,A,33,,-2.19236
4UYP_A_D,A,35,,-2.38842
4UYP_A_D,A,37,,-2.61504
4UYP_A_D,A,63,,-2.80741
4UYP_A_D,A,65,,-2.61303
4UYP_A_D,A,72,,-2.4761
4UYP_A_D,A,74,,-2.64344
4UYP_A_D,A,76,,-2.74223
4UYP_A_D,A,78,,-2.61538
4UYP_A_D,A,79,,-2.74288
4UYP_A_D,A,81,,-2.71331
4UYP_A_D,A,118,,-2.69518
4UYP_A_D,A,120,,-2.6993
4UYP_A_D,A,122,,-2.7413
4UYP_A_D,A,125,,-2.42043
4UYP_A_D,A,126,,-2.67734
4UYP_A_D,A,128,,-2.71685
4UYP_A_D,D,22,,-1.03269
4UYP_A_D,D,25,,-1.45003
4UYP_A_D,D,26,,-0.87728
4UYP_A_D,D,27,,-1.39996
4UYP_A_D,D,28,,-1.51457
4UYP_A_D,D,50,,-2.21266
4UYP_A_D,D,51,,-1.26557
4UYP_A_D,D,52,,-2.10266
4UYP_A_D,D,54,,-0.59567
4UYP_A_D,D,55,,-1.9214
4UYP_A_D,D,56,,-1.67358
4UYP_A_D,D,58,,-0.95985
4UYP_A_D,D,59,,-1.93418
4UYP_A_D,D,62,,-0.75224
4UYP_A_D,D,64,,-1.13546
4UYP_A_D,D,69,,-0.50242
4UYQ_A_B,A,32,,-2.62177
4UYQ_A_B,A,33,,-2.18177
4UYQ_A_B,A,35,,-2.38362
4UYQ_A_B,A,37,,-2.61868
4UYQ_A_B,A,63,,-2.80824
4UYQ_A_B,A,65,,-2.61994
4UYQ_A_B,A,72,,-2.4915
4UYQ_A_B,A,74,,-2.65916
4UYQ_A_B,A,76,,-2.74566
4UYQ_A_B,A,78,,-2.61137
4UYQ_A_B,A,79,,-2.74188
4UYQ_A_B,A,81,,-2.70288
4UYQ_A_B,A,117,,-2.65392
4UYQ_A_B,A,118,,-2.70644
4UYQ_A_B,A,120,,-2.71597
4UYQ_A_B,A,122,,-2.73448
4UYQ_A_B,A,125,,-2.3929
4UYQ_A_B,A,126,,-2.66696
4UYQ_A_B,A,128,,-2.72298
4UYQ_A_B,B,13,,-0.99712
4UYQ_A_B,B,14,,-2.1503
4UYQ_A_B,B,15,,-1.14722
4UYQ_A_B,B,16,,-2.25944
4UYQ_A_B,B,19,,-1.75705
4UYQ_A_B,B,20,,-1.80062
4UYQ_A_B,B,22,,-0.9826
4UYQ_A_B,B,23,,-1.89465
4UYQ_A_B,B,26,,-0.8109
4UYQ_A_B,B,28,,-1.6073
4UYQ_A_B,B,33,,-0.85591
4UYQ_A_B,B,58,,-0.98244
4UYQ_A_B,B,60,,-0.63336
4UYQ_A_B,B,61,,-1.39624
4UYQ_A_B,B,62,,-0.73545
4UYQ_A_B,B,63,,-1.14235
4UYQ_A_B,B,64,,-1.10772
4UYQ_A_B,B,66,,-2.22496
4WND_A_B,A,6,,-2.47687
4WND_A_B,A,10,,-2.365
4WND_A_B,A,13,,-1.92549
4WND_A_B,A,38,,-0.5211
4WND_A_B,A,40,,-2.50244
4WND_A_B,A,41,,-2.35256
4WND_A_B,A,44,,-2.68791
4WND_A_B,A,47,,-1.62499
4WND_A_B,A,48,,-2.1831
4WND_A_B,A,51,,-0.26959
4WND_A_B,A,54,,-1.01238
4WND_A_B,A,55,,-1.82702
4WND_A_B,A,81,,-1.40681
4WND_A_B,A,84,,-0.7262
4WND_A_B,A,88,,-0.12777
4WND_A_B,A,91,,-0.593
4WND_A_B,A,94,,-1.72595
4WND_A_B,A,109,,-1.62945
4WND_A_B,A,124,,-1.575
4WND_A_B,A,127,,-1.71015
4WND_A_B,A,128,,-0.54165
4WND_A_B,A,131,,-0.38639
4WND_A_B,A,134,,-2.39928
4WND_A_B,A,138,,-2.66074
4WND_A_B,A,176,,-1.41381
4WND_A_B,A,179,,-0.87939
4WND_A_B,A,180,,-0.5475
4WND_A_B,A,183,,-0.63043
4WND_A_B,A,186,,-2.19059
4WND_A_B,A,215,,-1.92985
4WND_A_B,A,216,,-2.0666
4WND_A_B,A,219,,-2.07798
4WND_A_B,A,220,,-0.64517
4WND_A_B,A,223,,-0.68828
4WND_A_B,A,226,,-2.60089
4WND_A_B,A,227,,-2.41254
4WND_A_B,A,253,,-1.70505
4WND_A_B,A,256,,-1.75406
4WND_A_B,A,259,,-1.80872
4WND_A_B,A,263,,-1.19864
4WND_A_B,A,266,,-2.6494
4WND_A_B,A,267,,-2.34612
4WND_A_B,A,296,,-1.43227
4WND_A_B,A,299,,-1.39028
4WND_A_B,A,303,,-1.41598
4WND_A_B,B,1,,-1.39786
4WND_A_B,B,2,,-2.90695
4WND_A_B,B,3,,-2.90418
4WND_A_B,B,4,,-2.87658
4WND_A_B,B,5,,-2.90636
4WND_A_B,B,7,,-2.85758
4WND_A_B,B,8,,-2.87016
4WND_A_B,B,9,,-2.89364
4WND_A_B,B,10,,-2.82735
4WND_A_B,B,11,,-2.78344
4WND_A_B,B,12,,-2.79078
4WND_A_B,B,13,,-2.84993
4WND_A_B,B,14,,-2.82679
4WND_A_B,B,15,,-2.78107
4WND_A_B,B,16,,-2.7601
4WND_A_B,B,17,,-2.81078
4WND_A_B,B,18,,-2.88431
4WND_A_B,B,19,,-2.55576
4WND_A_B,B,20,,-2.04911
4WND_A_B,B,21,,-2.67616
4WND_A_B,B,23,,-2.86059
4WND_A_B,B,25,,-2.66056
4X4M_AB_E,A,7,,-2.5906
4X4M_AB_E,A,8,,-2.62734
4X4M_AB_E,A,9,,-2.18238
4X4M_AB_E,A,10,,-1.00654
4X4M_AB_E,A,37,,-1.53415
4X4M_AB_E,A,39,,-2.59567
4X4M_AB_E,A,41,,-2.59435
4X4M_AB_E,A,66,,-2.62403
4X4M_AB_E,A,68,,-2.74663
4X4M_AB_E,A,69,,-1.67395
4X4M_AB_E,A,70,,-1.94543
4X4M_AB_E,A,71,,-1.30352
4X4M_AB_E,A,99,,-2.01937
4X4M_AB_E,B,3,,-2.7279
4X4M_AB_E,B,4,,-2.71239
4X4M_AB_E,B,5,,-2.61359
4X4M_AB_E,B,6,,-2.59051
4X4M_AB_E,B,7,,-2.35609
4X4M_AB_E,B,9,,-2.2446
4X4M_AB_E,B,35,,-1.53202
4X4M_AB_E,B,97,,-1.98789
4X4M_AB_E,B,98,,-1.48805
4X4M_AB_E,B,99,,-2.42978
4X4M_AB_E,B,100,,-2.71697
4X4M_AB_E,B,101,,-1.76649
4X4M_AB_E,E,82,,-2.27086
4X4M_AB_E,E,83,,-2.01179
4X4M_AB_E,E,84,,-0.38199
4X4M_AB_E,E,107,,-1.87336
4X4M_AB_E,E,110,,-2.70936
4X4M_AB_E,E,111,,-2.23239
4X4M_AB_E,E,113,,-2.48849
4X4M_AB_E,E,114,,-2.52385
4X4M_AB_E,E,116,,-2.43047
4X4M_AB_E,E,122,,-2.38151
4X4M_AB_E,E,123,,-2.74431
4X4M_AB_E,E,124,,-1.54774
4X4M_AB_E,E,125,,-2.59543
4X4M_AB_E,E,126,,-2.72183
4X4M_AB_E,E,128,,-2.63679
4X4M_AB_E,E,129,,-2.68214
4X4M_AB_E,E,152,,-2.65056
4X4M_AB_E,E,153,,-2.77573
4X4M_AB_E,E,156,,-2.68121
4Y61_A_B,A,55,,-2.38671
4Y61_A_B,A,110,,-2.58928
4Y61_A_B,A,113,,-2.57988
4Y61_A_B,A,114,,-1.8701
4Y61_A_B,A,115,,-2.03276
4Y61_A_B,A,116,,-2.33088
4Y61_A_B,A,118,,-2.36173
4Y61_A_B,A,179,,-2.61126
4Y61_A_B,A,182,,-1.86054
4Y61_A_B,A,204,,-2.38367
4Y61_A_B,A,205,,-0.77476
4Y61_A_B,A,206,,-2.59864
4Y61_A_B,A,209,,-2.64144
4Y61_A_B,A,211,,-2.74763
4Y61_A_B,A,243,,-0.0584
4Y61_A_B,A,244,,-2.53114
4Y61_A_B,A,246,,-2.38819
4Y61_A_B,A,259,,-2.2918
4Y61_A_B,A,260,,-2.76736
4Y61_A_B,A,262,,-2.47208
4Y61_A_B,A,264,,-2.74603
4Y61_A_B,A,285,,-2.22977
4Y61_A_B,A,286,,-0.37433
4Y61_A_B,A,287,,-2.3592
4Y61_A_B,B,10,,-2.76243
4Y61_A_B,B,11,,-2.45103
4Y61_A_B,B,86,,-2.74785
4Y61_A_B,B,109,,-1.93948
4Y61_A_B,B,110,,-2.44846
4Y61_A_B,B,112,,-2.50588
4Y61_A_B,B,115,,-2.40106
4Y61_A_B,B,133,,-2.21974
4Y61_A_B,B,134,,-2.38386
4Y61_A_B,B,136,,-2.69474
4Y61_A_B,B,138,,-2.12627
4Y61_A_B,B,139,,-1.98421
4Y61_A_B,B,156,,-2.4487
4Y61_A_B,B,157,,-2.57741
4Y61_A_B,B,161,,-2.09762
4Y61_A_B,B,181,,-2.64431
4Y61_A_B,B,182,,-2.73081
4Y61_A_B,B,187,,-2.13562
4Y61_A_B,B,216,,-2.43586
4Y61_A_B,B,217,,-2.30153
4Y61_A_B,B,219,,-2.53354
4Y61_A_B,B,220,,-2.64503
4Y61_A_B,B,222,,-1.75279
4YEB_A_B,A,46,,-2.76541
4YEB_A_B,A,47,,-2.73327
4YEB_A_B,A,64,,-2.20035
4YEB_A_B,A,65,,-2.44384
4YEB_A_B,A,68,,-2.62102
4YEB_A_B,A,74,,-2.80095
4YEB_A_B,A,93,,-2.58955
4YEB_A_B,A,95,,-2.43175
4YEB_A_B,A,117,,-2.82397
4YEB_A_B,A,118,,-2.39509
4YEB_A_B,A,119,,-2.52555
4YEB_A_B,A,120,,-2.26066
4YEB_A_B,A,121,,-2.80877
4YEB_A_B,A,148,,-2.54977
4YEB_A_B,A,151,,-2.55976
4YEB_A_B,A,175,,-1.99988
4YEB_A_B,A,177,,-2.5338
4YEB_A_B,B,7,,-2.4859
4YEB_A_B,B,9,,-2.56634
4YEB_A_B,B,12,,-2.48093
4YEB_A_B,B,14,,-1.92972
4YEB_A_B,B,16,,-1.32644
4YEB_A_B,B,17,,-1.9476
4YEB_A_B,B,18,,-1.42826
4YEB_A_B,B,35,,-1.56847
4YEB_A_B,B,37,,-1.2411
4YEB_A_B,B,38,,-2.22413
4YEB_A_B,B,60,,-1.55461
4YEB_A_B,B,62,,-1.90553
4YEB_A_B,B,81,,-1.32897
4YEB_A_B,B,83,,-1.49409
4YEB_A_B,B,84,,-2.43734
4YEB_A_B,B,103,,-2.61892
4YEB_A_B,B,105,,-2.01022
4YEB_A_B,B,107,,-2.18261
4YEB_A_B,B,108,,-2.47941
4YEB_A_B,B,131,,-2.2857
4YEB_A_B,B,150,,-2.27388
4YEB_A_B,B,152,,-1.91223
4YEB_A_B,B,154,,-1.79363
4YEB_A_B,B,174,,-2.27801
4YEB_A_B,B,297,,-2.52195
4YEB_A_B,B,299,,-2.04336
4YEB_A_B,B,301,,-2.43685
4YFD_A_B,A,110,,-2.58516
4YFD_A_B,A,122,,-2.42866
4YFD_A_B,A,124,,-2.45188
4YFD_A_B,A,126,,-2.55136
4YFD_A_B,A,128,,-2.49422
4YFD_A_B,A,156,,-2.38791
4YFD_A_B,A,158,,-2.53189
4YFD_A_B,A,160,,-2.7429
4YFD_A_B,A,161,,-2.74322
4YFD_A_B,A,163,,-2.74064
4YFD_A_B,A,167,,-2.64959
4YFD_A_B,A,169,,-2.64875
4YFD_A_B,A,171,,-2.59447
4YFD_A_B,A,173,,-2.24661
4YFD_A_B,A,175,,-2.63466
4YFD_A_B,A,209,,-2.64868
4YFD_A_B,A,211,,-2.75244
4YFD_A_B,A,213,,-2.48368
4YFD_A_B,A,243,,-0.05173
4YFD_A_B,A,244,,-2.53657
4YFD_A_B,A,246,,-2.37846
4YFD_A_B,A,248,,-1.97077
4YFD_A_B,A,255,,-2.42088
4YFD_A_B,A,259,,-2.1836
4YFD_A_B,A,260,,-2.75103
4YFD_A_B,A,261,,-2.67581
4YFD_A_B,A,262,,-2.36582
4YFD_A_B,A,263,,-2.58846
4YFD_A_B,A,264,,-2.71046
4YFD_A_B,A,285,,-2.21503
4YFD_A_B,A,286,,-0.35687
4YFD_A_B,A,287,,-2.34228
4YFD_A_B,A,289,,-0.34438
4YFD_A_B,A,290,,-2.34786
4YFD_A_B,A,292,,-2.33486
4YFD_A_B,B,1,,-1.53826
4YFD_A_B,B,2,,-2.83702
4YFD_A_B,B,3,,-2.77579
4YFD_A_B,B,4,,-2.87378
4YFD_A_B,B,5,,-2.82484
4YFD_A_B,B,6,,-2.84084
4YFD_A_B,B,8,,-2.84542
4YFD_A_B,B,9,,-2.85844
4YFD_A_B,B,28,,-2.71229
4YFD_A_B,B,29,,-2.69072
4YFD_A_B,B,30,,-2.78958
4YFD_A_B,B,32,,-2.78708
4YFD_A_B,B,39,,-2.79234
4YFD_A_B,B,42,,-2.35825
4YFD_A_B,B,44,,-2.51336
4YFD_A_B,B,46,,-2.68468
4YFD_A_B,B,48,,-2.64688
4YFD_A_B,B,55,,-2.79568
4YFD_A_B,B,56,,-2.82033
4YFD_A_B,B,57,,-2.81223
4YFD_A_B,B,59,,-2.74976
4YFD_A_B,B,61,,-2.68785
4YFD_A_B,B,62,,-2.78974
4YFD_A_B,B,63,,-2.68879
4YFD_A_B,B,71,,-2.54856
4YFD_A_B,B,92,,-2.4306
4YFD_A_B,B,94,,-2.61465
4YFD_A_B,B,96,,-2.42148
4YFD_A_B,B,101,,-2.66211
4YH7_A_B,A,68,,-2.62712
4YH7_A_B,A,71,,-2.22155
4YH7_A_B,A,97,,-2.53576
4YH7_A_B,A,98,,-2.63723
4YH7_A_B,A,99,,-2.61083
4YH7_A_B,A,109,,-2.36564
4YH7_A_B,A,110,,-2.56805
4YH7_A_B,A,124,,-2.4261
4YH7_A_B,A,126,,-2.54957
4YH7_A_B,A,158,,-2.50537
4YH7_A_B,A,160,,-2.7269
4YH7_A_B,A,161,,-2.7321
4YH7_A_B,A,162,,-2.75907
4YH7_A_B,A,163,,-2.72385
4YH7_A_B,A,166,,-2.70818
4YH7_A_B,A,169,,-2.6427
4YH7_A_B,A,171,,-2.5805
4YH7_A_B,A,173,,-2.23929
4YH7_A_B,A,213,,-2.49277
4YH7_A_B,A,242,,-2.35033
4YH7_A_B,A,243,,-0.04698
4YH7_A_B,A,244,,-2.5256
4YH7_A_B,A,246,,-2.35018
4YH7_A_B,A,259,,-2.1111
4YH7_A_B,A,260,,-2.7226
4YH7_A_B,A,264,,-2.68709
4YH7_A_B,A,285,,-2.20424
4YH7_A_B,A,286,,-0.36061
4YH7_A_B,A,287,,-2.28854
4YH7_A_B,A,289,,-0.35096
4YH7_A_B,A,290,,-2.31693
4YH7_A_B,B,1,,-1.55551
4YH7_A_B,B,2,,-2.80562
4YH7_A_B,B,3,,-2.8006
4YH7_A_B,B,4,,-2.85385
4YH7_A_B,B,5,,-2.8384
4YH7_A_B,B,6,,-2.84151
4YH7_A_B,B,8,,-2.83225
4YH7_A_B,B,10,,-2.6239
4YH7_A_B,B,28,,-2.63784
4YH7_A_B,B,29,,-2.79027
4YH7_A_B,B,31,,-2.833
4YH7_A_B,B,34,,-2.78558
4YH7_A_B,B,38,,-2.72301
4YH7_A_B,B,43,,-2.54144
4YH7_A_B,B,44,,-2.14721
4YH7_A_B,B,45,,-2.67589
4YH7_A_B,B,47,,-1.87183
4YH7_A_B,B,55,,-2.82388
4YH7_A_B,B,58,,-2.44879
4YH7_A_B,B,60,,-2.77852
4YH7_A_B,B,68,,-2.57121
4YH7_A_B,B,70,,-2.44129
4YH7_A_B,B,91,,-2.49211
4YH7_A_B,B,93,,-2.46351
4YH7_A_B,B,98,,-2.35717
4YH7_A_B,B,243,,-2.73827
4YH7_A_B,B,246,,-2.66538
4YH7_A_B,B,255,,-2.49536
4YH7_A_B,B,257,,-2.79068
4YH7_A_B,B,258,,-2.81229
4YH7_A_B,B,262,,-2.67429
4ZS6_HL_A,A,115,,-2.84004
4ZS6_HL_A,A,147,,-2.8269
4ZS6_HL_A,A,148,,-2.80153
4ZS6_HL_A,A,149,,-2.84659
4ZS6_HL_A,A,151,,-2.79639
4ZS6_HL_A,A,152,,-2.86279
4ZS6_HL_A,A,155,,-2.86438
4ZS6_HL_A,A,156,,-2.87886
4ZS6_HL_A,A,157,,-2.89579
4ZS6_HL_A,A,159,,-2.8958
4ZS6_HL_A,A,160,,-2.90494
4ZS6_HL_A,A,161,,-2.88156
4ZS6_HL_A,A,162,,-2.86457
4ZS6_HL_A,H,32,,-1.62592
4ZS6_HL_A,H,49,,-2.28709
4ZS6_HL_A,H,56,,-2.15279
4ZS6_HL_A,H,58,,-2.03696
4ZS6_HL_A,H,102,,-2.72798
4ZS6_HL_A,H,103,,-2.52498
4ZS6_HL_A,H,105,,-2.56997
4ZS6_HL_A,L,30,,-2.42877
4ZS6_HL_A,L,32,,-2.04112
4ZS6_HL_A,L,92,,-2.75243
4ZS6_HL_A,L,93,,-2.68293
4ZS6_HL_A,L,94,,-2.69219
4ZS6_HL_A,L,95,,-2.73998
5C6T_HL_A,A,182,,-2.8805
5C6T_HL_A,A,184,,-2.8696
5C6T_HL_A,A,185,,-2.87197
5C6T_HL_A,A,187,,-2.82142
5C6T_HL_A,A,188,,-2.83006
5C6T_HL_A,A,193,,-2.87944
5C6T_HL_A,A,194,,-2.91656
5C6T_HL_A,A,195,,-2.9039
5C6T_HL_A,A,196,,-2.90893
5C6T_HL_A,A,197,,-2.83424
5C6T_HL_A,A,199,,-2.89454
5C6T_HL_A,A,200,,-2.89977
5C6T_HL_A,A,201,,-2.89666
5C6T_HL_A,A,203,,-2.84551
5C6T_HL_A,H,1,,-2.68004
5C6T_HL_A,H,31,,-2.64346
5C6T_HL_A,H,32,,-2.21695
5C6T_HL_A,H,34,,-2.51668
5C6T_HL_A,H,55,,-2.50123
5C6T_HL_A,H,96,,-2.77225
5C6T_HL_A,H,97,,-2.80101
5C6T_HL_A,H,98,,-2.62903
5C6T_HL_A,H,99,,-2.79429
5C6T_HL_A,H,100,,-2.80513
5C6T_HL_A,H,104,,-2.48352
5C6T_HL_A,L,48,,-2.65235
5C6T_HL_A,L,54,,-2.15874
5CXB_A_B,A,101,,-0.50462
5CXB_A_B,A,102,,-0.21704
5CXB_A_B,A,140,,-1.63792
5CXB_A_B,A,170,,-2.26036
5CXB_A_B,A,185,,-2.42349
5CXB_A_B,A,187,,-2.13682
5CXB_A_B,A,214,,-2.54094
5CXB_A_B,A,215,,-2.15726
5CXB_A_B,A,216,,-2.43277
5CXB_A_B,A,234,,-2.47039
5CXB_A_B,A,254,,-2.73656
5CXB_A_B,A,255,,-2.64553
5CXB_A_B,A,259,,-2.70471
5CXB_A_B,A,261,,-2.60239
5CXB_A_B,A,276,,-2.0889
5CXB_A_B,A,277,,-2.29395
5CXB_A_B,A,278,,-2.45719
5CXB_A_B,A,297,,-2.60721
5CXB_A_B,A,298,,-0.00941
5CXB_A_B,A,299,,-2.16942
5CXB_A_B,A,320,,-1.01415
5CXB_A_B,A,322,,-2.27482
5CXB_A_B,A,342,,-2.57317
5CXB_A_B,A,344,,-2.2158
5CXB_A_B,A,366,,-2.04975
5CXB_A_B,A,367,,-2.34632
5CXB_A_B,A,368,,-2.6151
5CXB_A_B,A,387,,-2.71621
5CXB_A_B,A,434,,-2.54699
5CXB_A_B,A,435,,-2.63233
5CXB_A_B,A,437,,-2.53106
5CXB_A_B,A,440,,-1.95714
5CXB_A_B,B,8,,-2.32515
5CXB_A_B,B,11,,-2.49495
5CXB_A_B,B,12,,-2.71836
5CXB_A_B,B,13,,-2.35861
5CXB_A_B,B,14,,-2.10564
5CXB_A_B,B,15,,-2.49355
5CXB_A_B,B,16,,-2.33616
5CXB_A_B,B,18,,-2.54499
5CXB_A_B,B,34,,-2.38047
5CXB_A_B,B,49,,-1.49638
5CXB_A_B,B,51,,-2.61368
5CXB_A_B,B,52,,-1.94553
5CXB_A_B,B,53,,-2.0475
5CXB_A_B,B,54,,-2.33792
5CXB_A_B,B,56,,-2.11742
5CXB_A_B,B,97,,-2.69276
5CXB_A_B,B,98,,-2.77384
5CXB_A_B,B,99,,-2.72297
5CXB_A_B,B,100,,-2.75564
5CXB_A_B,B,101,,-2.71577
5CXB_A_B,B,102,,-2.75628
5CXB_A_B,B,105,,-2.69749
5CXB_A_B,B,335,,-2.30472
5CXB_A_B,B,336,,-2.21674
5CXB_A_B,B,338,,-1.66377
5CXB_A_B,B,352,,-2.63876
5CYK_A_B,A,100,,-0.60561
5CYK_A_B,A,101,,-0.13854
5CYK_A_B,A,138,,-1.66012
5CYK_A_B,A,168,,-2.18153
5CYK_A_B,A,183,,-2.21293
5CYK_A_B,A,185,,-2.1156
5CYK_A_B,A,212,,-2.53861
5CYK_A_B,A,213,,-2.12081
5CYK_A_B,A,214,,-2.36095
5CYK_A_B,A,232,,-2.41081
5CYK_A_B,A,252,,-2.67132
5CYK_A_B,A,253,,-2.57546
5CYK_A_B,A,256,,-2.56105
5CYK_A_B,A,257,,-2.60605
5CYK_A_B,A,272,,-1.95211
5CYK_A_B,A,273,,-2.21532
5CYK_A_B,A,274,,-2.38706
5CYK_A_B,A,293,,-2.3669
5CYK_A_B,A,295,,-2.18183
5CYK_A_B,A,315,,-1.79386
5CYK_A_B,A,316,,-1.11079
5CYK_A_B,A,318,,-2.05222
5CYK_A_B,A,335,,-2.49454
5CYK_A_B,A,337,,-1.6312
5CYK_A_B,A,355,,-1.92905
5CYK_A_B,A,356,,-2.22836
5CYK_A_B,A,357,,-2.55604
5CYK_A_B,A,376,,-2.67982
5CYK_A_B,A,395,,-2.47664
5CYK_A_B,A,423,,-2.54534
5CYK_A_B,A,424,,-2.62633
5CYK_A_B,A,426,,-2.56121
5CYK_A_B,A,429,,-2.05174
5CYK_A_B,B,5,,-2.47354
5CYK_A_B,B,6,,-2.22638
5CYK_A_B,B,9,,-2.56814
5CYK_A_B,B,10,,-2.74087
5CYK_A_B,B,11,,-2.3651
5CYK_A_B,B,12,,-2.12594
5CYK_A_B,B,13,,-2.46402
5CYK_A_B,B,14,,-2.34779
5CYK_A_B,B,16,,-2.55659
5CYK_A_B,B,32,,-2.44293
5CYK_A_B,B,47,,-1.7828
5CYK_A_B,B,49,,-2.63852
5CYK_A_B,B,50,,-1.80711
5CYK_A_B,B,51,,-1.80876
5CYK_A_B,B,52,,-2.3586
5CYK_A_B,B,54,,-2.13356
5CYK_A_B,B,95,,-2.71757
5CYK_A_B,B,96,,-2.7872
5CYK_A_B,B,97,,-2.74566
5CYK_A_B,B,98,,-2.77053
5CYK_A_B,B,99,,-2.73343
5CYK_A_B,B,100,,-2.77331
5CYK_A_B,B,103,,-2.71439
5CYK_A_B,B,333,,-2.29569
5CYK_A_B,B,334,,-2.21382
5CYK_A_B,B,336,,-1.73234
5CYK_A_B,B,350,,-2.65724
5E6P_A_B,A,465,,-2.57527
5E6P_A_B,A,468,,-2.67691
5E6P_A_B,A,469,,-2.72548
5E6P_A_B,A,488,,-2.80992
5E6P_A_B,A,491,,-2.51734
5E6P_A_B,A,492,,-2.55648
5E6P_A_B,A,494,,-2.46437
5E6P_A_B,A,495,,-2.75025
5E6P_A_B,A,496,,-2.64431
5E6P_A_B,A,498,,-2.3673
5E6P_A_B,A,500,,-2.76354
5E6P_A_B,A,501,,-2.86918
5E6P_A_B,A,502,,-2.79744
5E6P_A_B,A,503,,-2.81999
5E6P_A_B,A,504,,-2.85128
5E6P_A_B,B,12,,-1.60249
5E6P_A_B,B,13,,-0.46234
5E6P_A_B,B,15,,-0.29672
5E6P_A_B,B,16,,-2.51126
5E6P_A_B,B,17,,-1.21005
5E6P_A_B,B,18,,-2.01937
5E6P_A_B,B,19,,-2.34845
5E6P_A_B,B,20,,-2.46492
5E6P_A_B,B,22,,-0.33717
5E6P_A_B,B,24,,-2.42987
5E6P_A_B,B,26,,-1.9227
5E6P_A_B,B,39,,-2.16287
5E6P_A_B,B,40,,-0.58958
5E6P_A_B,B,42,,-2.11047
5E6P_A_B,B,56,,-0.68408
5E6P_A_B,B,60,,-0.65325
5E6P_A_B,B,74,,-2.47973
5E6P_A_B,B,75,,-2.29995
5E9D_AB_CDE,A,7,,-0.50954
5E9D_AB_CDE,A,62,,-2.53598
5E9D_AB_CDE,A,63,,-2.32848
5E9D_AB_CDE,A,65,,-2.34716
5E9D_AB_CDE,A,66,,-1.79885
5E9D_AB_CDE,A,69,,-2.642
5E9D_AB_CDE,A,70,,-2.38865
5E9D_AB_CDE,A,72,,-2.51563
5E9D_AB_CDE,A,73,,-2.57917
5E9D_AB_CDE,A,76,,-2.69917
5E9D_AB_CDE,A,77,,-2.61711
5E9D_AB_CDE,A,80,,-2.66889
5E9D_AB_CDE,A,97,,-1.71543
5E9D_AB_CDE,A,99,,-2.219
5E9D_AB_CDE,A,143,,-0.99084
5E9D_AB_CDE,A,146,,-2.05618
5E9D_AB_CDE,A,147,,-0.50532
5E9D_AB_CDE,A,150,,-2.26183
5E9D_AB_CDE,A,152,,-2.59992
5E9D_AB_CDE,A,154,,-2.46327
5E9D_AB_CDE,A,155,,-2.72358
5E9D_AB_CDE,A,156,,-2.45515
5E9D_AB_CDE,A,157,,-1.18022
5E9D_AB_CDE,A,158,,-2.79838
5E9D_AB_CDE,A,159,,-2.04354
5E9D_AB_CDE,A,163,,-1.74944
5E9D_AB_CDE,A,166,,-2.50704
5E9D_AB_CDE,A,167,,-1.05281
5E9D_AB_CDE,C,1,,-1.81526
5E9D_AB_CDE,C,2,,-2.86717
5E9D_AB_CDE,C,3,,-2.89591
5E9D_AB_CDE,C,5,,-2.88049
5E9D_AB_CDE,C,6,,-2.89883
5E9D_AB_CDE,C,7,,-2.88143
5E9D_AB_CDE,C,8,,-2.87378
5E9D_AB_CDE,C,9,,-2.88116
5E9D_AB_CDE,C,10,,-2.89414
5E9D_AB_CDE,D,49,,-2.56906
5E9D_AB_CDE,D,50,,-2.58873
5E9D_AB_CDE,D,54,,-2.6067
5E9D_AB_CDE,D,65,,-2.30894
5E9D_AB_CDE,D,92,,-2.69381
5E9D_AB_CDE,D,94,,-2.61774
5E9D_AB_CDE,E,96,,-2.62516
5E9D_AB_CDE,E,97,,-2.68656
5E9D_AB_CDE,E,98,,-2.48616
5E9D_AB_CDE,E,99,,-2.10878
5E9D_AB_CDE,E,101,,-2.68295
5F4E_A_B,A,48,,-2.82147
5F4E_A_B,A,50,,-2.8669
5F4E_A_B,A,54,,-2.86623
5F4E_A_B,A,113,,-2.90601
5F4E_A_B,A,120,,-2.91021
5F4E_A_B,A,127,,-2.89393
5F4E_A_B,A,129,,-2.91113
5F4E_A_B,A,130,,-2.89081
5F4E_A_B,A,132,,-2.907
5F4E_A_B,A,134,,-2.93181
5F4E_A_B,A,135,,-2.92247
5F4E_A_B,A,136,,-2.81818
5F4E_A_B,A,137,,-2.92388
5F4E_A_B,A,139,,-2.91524
5F4E_A_B,A,141,,-2.92727
5F4E_A_B,A,142,,-2.89263
5F4E_A_B,A,218,,-2.83655
5F4E_A_B,A,219,,-2.6774
5F4E_A_B,A,220,,-2.84336
5F4E_A_B,B,25,,-1.67753
5F4E_A_B,B,26,,-2.59819
5F4E_A_B,B,39,,-2.44544
5F4E_A_B,B,43,,-2.57733
5F4E_A_B,B,46,,-2.62865
5F4E_A_B,B,47,,-2.66598
5F4E_A_B,B,48,,-2.59985
5F4E_A_B,B,58,,-2.37837
5F4E_A_B,B,59,,-2.47825
5F4E_A_B,B,60,,-0.08937
5F4E_A_B,B,61,,-2.42325
5F4E_A_B,B,62,,-2.63598
5F4E_A_B,B,64,,-1.00013
5F4E_A_B,B,65,,-2.10965
5F4E_A_B,B,68,,-2.36322
5F4E_A_B,B,121,,-2.33346
5F4E_A_B,B,123,,-2.53781
5F4E_A_B,B,139,,-2.55819
5F4E_A_B,B,148,,-0.00964
5K39_A_B,A,35,,-2.0187
5K39_A_B,A,74,,-2.88787
5K39_A_B,A,76,,-2.88246
5K39_A_B,A,78,,-2.86522
5K39_A_B,A,80,,-2.79526
5K39_A_B,A,89,,-2.3779
5K39_A_B,A,91,,-2.47463
5K39_A_B,A,93,,-2.34263
5K39_A_B,A,95,,-2.87674
5K39_A_B,A,96,,-2.72171
5K39_A_B,A,97,,-2.73331
5K39_A_B,A,133,,-2.72168
5K39_A_B,A,134,,-2.16369
5K39_A_B,A,136,,-2.58901
5K39_A_B,A,137,,-2.78043
5K39_A_B,A,143,,-2.53228
5K39_A_B,A,145,,-2.80401
5K39_A_B,A,148,,-2.62255
5K39_A_B,A,149,,-2.55144
5K39_A_B,A,150,,-2.65995
5K39_A_B,A,151,,-2.63926
5K39_A_B,B,12,,-2.58172
5K39_A_B,B,14,,-2.80547
5K39_A_B,B,16,,-2.75359
5K39_A_B,B,108,,-2.03482
5K39_A_B,B,111,,-1.78827
5K39_A_B,B,112,,-2.30927
5K39_A_B,B,115,,-2.17058
5K39_A_B,B,118,,-1.66734
5K39_A_B,B,119,,-1.6299
5K39_A_B,B,121,,-2.2581
5K39_A_B,B,136,,-0.66455
5K39_A_B,B,137,,-1.31266
5K39_A_B,B,138,,-2.53013
5K39_A_B,B,140,,-1.20312
5K39_A_B,B,141,,-2.22008
5K39_A_B,B,142,,-2.44737
5K39_A_B,B,144,,-1.9011
5K39_A_B,B,145,,-2.40845
5K39_A_B,B,148,,-1.95792
5K39_A_B,B,149,,-2.42638
5K39_A_B,B,151,,-1.41816
5M2O_A_B,A,34,,-2.17681
5M2O_A_B,A,36,,-2.61185
5M2O_A_B,A,62,,-2.71921
5M2O_A_B,A,63,,-2.38946
5M2O_A_B,A,64,,-2.29966
5M2O_A_B,A,67,,-2.68725
5M2O_A_B,A,69,,-2.77199
5M2O_A_B,A,71,,-2.74762
5M2O_A_B,A,73,,-2.77711
5M2O_A_B,A,75,,-2.67968
5M2O_A_B,A,77,,-2.77783
5M2O_A_B,A,78,,-2.52459
5M2O_A_B,A,79,,-2.44092
5M2O_A_B,A,80,,-2.20051
5M2O_A_B,A,81,,-2.76205
5M2O_A_B,A,113,,-2.6149
5M2O_A_B,A,117,,-2.1922
5M2O_A_B,A,119,,-2.65261
5M2O_A_B,A,120,,-2.65713
5M2O_A_B,A,121,,-2.03648
5M2O_A_B,A,122,,-2.59896
5M2O_A_B,B,10,,-0.34207
5M2O_A_B,B,12,,-0.18451
5M2O_A_B,B,16,,-1.60784
5M2O_A_B,B,17,,-1.68204
5M2O_A_B,B,18,,-2.2915
5M2O_A_B,B,21,,-1.03398
5M2O_A_B,B,22,,-2.04513
5M2O_A_B,B,24,,-0.68919
5M2O_A_B,B,25,,-1.77379
5M2O_A_B,B,28,,-1.40974
5M2O_A_B,B,29,,-1.32802
5M2O_A_B,B,32,,-2.64036
5M2O_A_B,B,33,,-1.20523
5M2O_A_B,B,58,,-2.16803
5M2O_A_B,B,61,,-1.20283
5M2O_A_B,B,62,,-2.06757
5M2O_A_B,B,64,,-1.51073
5M2O_A_B,B,65,,-1.67107
5M2O_A_B,B,67,,-2.04759
5TAR_A_B,A,181,,-1.77078
5TAR_A_B,A,182,,-2.17823
5TAR_A_B,A,183,,-1.65197
5TAR_A_B,A,184,,-2.55518
5TAR_A_B,B,85,,-2.62066
5TAR_A_B,B,86,,-2.87014
5TAR_A_B,B,88,,-2.76885
5TAR_A_B,B,107,,-2.89146
5TAR_A_B,B,108,,-2.88123
5TAR_A_B,B,109,,-2.90701
5TAR_A_B,B,110,,-2.87174
5TAR_A_B,B,111,,-2.81989
5TAR_A_B,B,114,,-2.88768
5TAR_A_B,B,115,,-2.8548
5TAR_A_B,B,116,,-2.72083
5UFE_A_B,A,5,,-0.8138
5UFE_A_B,A,36,,-0.59701
5UFE_A_B,A,37,,-0.09703
5UFE_A_B,A,38,,-0.05231
5UFE_A_B,A,39,,-1.617
5UFE_A_B,A,41,,-0.66769
5UFE_A_B,A,54,,-0.56144
5UFE_A_B,A,56,,-0.53605
5UFE_A_B,A,63,,-1.03575
5UFE_A_B,A,64,,-0.58541
5UFE_A_B,A,66,,-0.80499
5UFE_A_B,A,67,,-1.15714
5UFE_A_B,A,70,,-1.43348
5UFE_A_B,A,71,,-0.53434
5UFE_A_B,A,74,,-2.03089
5UFE_A_B,B,19,,-2.61398
5UFE_A_B,B,21,,-2.3887
5UFE_A_B,B,22,,-2.80066
5UFE_A_B,B,23,,-2.50299
5UFE_A_B,B,24,,-2.50805
5UFE_A_B,B,26,,-2.67536
5UFE_A_B,B,28,,-2.867
5UFE_A_B,B,30,,-2.84143
5UFE_A_B,B,36,,-2.76765
5UFE_A_B,B,37,,-2.76188
5UFE_A_B,B,38,,-2.80373
5UFE_A_B,B,40,,-2.52284
5UFQ_A_C,A,3,,-2.67842
5UFQ_A_C,A,5,,-0.80646
5UFQ_A_C,A,37,,-0.21481
5UFQ_A_C,A,38,,-0.09015
5UFQ_A_C,A,39,,-1.7003
5UFQ_A_C,A,41,,-0.73128
5UFQ_A_C,A,54,,-0.62837
5UFQ_A_C,A,56,,-0.57236
5UFQ_A_C,A,63,,-1.14001
5UFQ_A_C,A,64,,-0.64743
5UFQ_A_C,A,66,,-1.05779
5UFQ_A_C,A,67,,-1.21336
5UFQ_A_C,A,70,,-1.55674
5UFQ_A_C,A,71,,-0.58292
5UFQ_A_C,A,74,,-2.05961
5UFQ_A_C,C,19,,-2.62141
5UFQ_A_C,C,21,,-2.50061
5UFQ_A_C,C,22,,-2.66847
5UFQ_A_C,C,23,,-2.49595
5UFQ_A_C,C,24,,-2.38054
5UFQ_A_C,C,25,,-2.47235
5UFQ_A_C,C,26,,-2.82865
5UFQ_A_C,C,28,,-2.82012
5UFQ_A_C,C,30,,-2.78138
5UFQ_A_C,C,36,,-2.84813
5UFQ_A_C,C,37,,-2.8775
5UFQ_A_C,C,38,,-2.87134
5UFQ_A_C,C,40,,-2.83246
5UFQ_A_C,C,55,,-2.58235
5XCO_A_B,A,10,,-0.82022
5XCO_A_B,A,62,,-0.50468
5XCO_A_B,A,63,,-1.21578
5XCO_A_B,A,65,,-0.64232
5XCO_A_B,A,69,,-0.10069
5XCO_A_B,A,70,,-0.21596
5XCO_A_B,A,73,,-1.6255
5XCO_A_B,A,74,,-0.80533
5XCO_A_B,A,96,,-2.80436
5XCO_A_B,A,97,,-1.20481
5XCO_A_B,A,100,,-0.85807
5XCO_A_B,A,103,,-0.17027
5XCO_A_B,A,104,,-1.19655
5XCO_A_B,B,1,,-1.208
5XCO_A_B,B,3,,-2.60345
5XCO_A_B,B,4,,-2.68823
5XCO_A_B,B,6,,-2.70463
5XCO_A_B,B,7,,-2.7401
5XCO_A_B,B,8,,-2.81255
5XCO_A_B,B,9,,-2.74348
5XCO_A_B,B,10,,-2.81964
5XCO_A_B,B,11,,-2.80285
5XCO_A_B,B,12,,-2.77378
5XCO_A_B,B,14,,-2.66225
